Order#,Demand Type,Ship Date,Item#,Approved Plant 1,Approved Plant 2,Approved Plant 3,Grade,Spec,Shipping Warehouse Code,Sum of Ordered Pallets,Order Date
10005901,Order,2024-06-29 00:00:00,310086,ID002,"","",102,9999A,ID010,20,2024-06-17 00:00:00
10005902,Order,2024-06-29 00:00:00,310086,ID002,"","",102,9999A,ID010,20,2024-06-17 00:00:00
10005903,Order,2024-06-29 00:00:00,310086,ID002,"","",102,9999A,ID010,20,2024-06-17 00:00:00
10005904,Order,2024-06-29 00:00:00,310086,ID002,"","",102,9999A,ID010,20,2024-06-17 00:00:00
10005905,Order,2024-06-29 00:00:00,310086,ID002,"","",102,9999A,ID010,20,2024-06-17 00:00:00
10005977,Order,2024-06-19 00:00:00,310002,WA001,"","",102,9999A,WA001,0.019958269073754874,2024-06-18 00:00:00
10005988,Order,2024-06-28 00:00:00,310023,WA002,"","",102,9999A,WA017,0.1799872992833167,2024-06-18 00:00:00
10005988,Order,2024-06-29 00:00:00,310023,WA002,"","",102,9999A,WA017,1.819831261906922,2024-06-18 00:00:00
10006086,Order,2024-06-29 00:00:00,310015,"","","",102,9999A,WA001,14.999909280595118,2024-06-21 00:00:00
10006118,Order,2024-07-01 00:00:00,310015,"","","",102,9999A,WA001,14.999909280595118,2024-06-24 00:00:00
10006146,Order,2024-07-03 00:00:00,310015,"","","",102,9999A,WA001,14.999909280595118,2024-06-25 00:00:00
10006147,Order,2024-07-03 00:00:00,310015,"","","",102,9999A,WA001,14.999909280595118,2024-06-25 00:00:00
10006190,Order,2024-06-28 00:00:00,310726,WA003,WA002,"",101,9999A,WA007,13.219994556835706,2024-06-26 00:00:00
10006225,Order,2024-07-05 00:00:00,310015,"","","",102,9999A,WA001,14.999909280595118,2024-06-27 00:00:00
10006307,Order,2024-08-01 00:00:00,310015,"","","",102,9999A,WA001,14.999909280595118,2024-06-28 00:00:00
10006445,Order,2024-07-10 00:00:00,310015,"","","",102,9999A,WA001,14.999909280595118,2024-07-03 00:00:00
10006483,Order,2024-07-11 00:00:00,310018,WA001,"","",102,9999A,WA001,14.999909280595118,2024-07-05 00:00:00
10006578,Order,2024-07-16 00:00:00,310015,"","","",102,9999A,WA001,14.999909280595118,2024-07-09 00:00:00
10006641,Order,2024-07-20 00:00:00,310015,WA001,"","",102,"",WA001,16,2024-07-10 00:00:00
10006644,Order,2024-08-08 00:00:00,310015,WA001,"","",102,9999A,WA001,5.000090719404881,2024-07-10 00:00:00
10006652,Order,2024-07-25 00:00:00,310015,WA001,"","",102,9999A,WA001,14.999909280595118,2024-07-10 00:00:00
10006806,Order,2024-07-12 00:00:00,310015,"","","",102,9999A,ID010,0.019958269073754874,2024-07-12 00:00:00
10006806,Order,2024-07-16 00:00:00,310015,"","","",102,9999A,ID010,14.979951011521363,2024-07-12 00:00:00
10006911,Order,2024-07-17 00:00:00,310724,WA002,"","",101,9999A,WA007,0.12011249206205207,2024-07-16 00:00:00
10007107,Order,2024-07-31 00:00:00,310015,"","","",102,9999A,WA001,14.999909280595118,2024-07-23 00:00:00
10007108,Order,2024-07-31 00:00:00,310015,"","","",102,9999A,WA001,14.999909280595118,2024-07-23 00:00:00
10007109,Order,2024-07-31 00:00:00,310015,"","","",102,9999A,WA001,14.999909280595118,2024-07-23 00:00:00
10007130,Order,2024-07-31 00:00:00,310015,"","","",102,9999A,WA001,14.999909280595118,2024-07-24 00:00:00
10007138,Order,2024-07-31 00:00:00,310015,"","","",102,9999A,WA001,14.999909280595118,2024-07-24 00:00:00
10007233,Order,2024-07-26 00:00:00,310015,"","","",102,9999A,WA001,14.999909280595118,2024-07-09 00:00:00
10007246,Order,2024-08-02 00:00:00,310015,"","","",102,9999A,WA001,14.999909280595118,2024-07-26 00:00:00
10007291,Order,2024-08-06 00:00:00,310015,"","","",102,9999A,WA001,14.999909280595118,2024-07-29 00:00:00
10007292,Order,2024-08-06 00:00:00,310015,"","","",102,9999A,WA001,14.999909280595118,2024-07-29 00:00:00
10007293,Order,2024-08-06 00:00:00,310015,"","","",102,9999A,WA001,14.999909280595118,2024-07-29 00:00:00
10007322,Order,2024-08-06 00:00:00,310015,"","","",102,9999A,WA001,14.999909280595118,2024-07-30 00:00:00
10007324,Order,2024-08-06 00:00:00,310015,"","","",102,9999A,WA001,14.999909280595118,2024-07-30 00:00:00
10007325,Order,2024-08-06 00:00:00,310015,"","","",102,9999A,WA001,14.999909280595118,2024-07-30 00:00:00
10007379,Order,2024-08-08 00:00:00,310015,"","","",102,9999A,WA001,14.999909280595118,2024-07-31 00:00:00
10007380,Order,2024-08-08 00:00:00,310015,"","","",102,9999A,WA001,14.999909280595118,2024-07-31 00:00:00
10007381,Order,2024-08-08 00:00:00,310015,"","","",102,9999A,WA001,14.999909280595118,2024-07-31 00:00:00
10007475,Order,2024-08-09 00:00:00,310015,"","","",102,9999A,WA001,14.999909280595118,2024-08-02 00:00:00
10007577,Order,2024-08-16 00:00:00,310015,"","","",102,9999A,WA001,14.999909280595118,2024-08-06 00:00:00
10007579,Order,2024-08-16 00:00:00,310015,"","","",102,9999A,WA001,14.999909280595118,2024-08-06 00:00:00
10007580,Order,2024-08-15 00:00:00,310015,"","","",102,9999A,WA001,0.03991653814750975,2024-08-06 00:00:00
10007580,Order,2024-08-16 00:00:00,310015,"","","",102,9999A,WA001,14.959992742447609,2024-08-06 00:00:00
10007581,Order,2024-08-16 00:00:00,310015,"","","",102,9999A,WA001,14.999909280595118,2024-08-06 00:00:00
10007582,Order,2024-08-16 00:00:00,310015,"","","",102,9999A,WA001,14.999909280595118,2024-08-06 00:00:00
10007624,Order,2024-08-17 00:00:00,310015,"","","",102,9999A,WA001,14.999909280595118,2024-08-07 00:00:00
10007749,Order,2024-08-13 00:00:00,310724,WA002,"","",101,9999A,WA007,0.03991653814750975,2024-08-12 00:00:00
10007750,Order,2024-08-13 00:00:00,310015,ID002,"","",101,9999E,ID010,0.019958269073754874,2024-08-12 00:00:00
10007754,Order,2024-08-12 00:00:00,310015,ID002,"","",102,9999A,ID010,0.1001542229882972,2024-08-12 00:00:00
10007757,Order,2024-08-13 00:00:00,310018,WA001,"","",102,9999A,WA001,0.019958269073754874,2024-08-12 00:00:00
10007782,Order,2024-08-24 00:00:00,310015,"","","",102,9999A,WA001,14.999909280595118,2024-08-13 00:00:00
10007783,Order,2024-08-24 00:00:00,310015,"","","",102,9999A,WA001,14.999909280595118,2024-08-13 00:00:00
10007808,Order,2024-08-14 00:00:00,310018,WA001,"","",102,9999A,WA001,0.019958269073754874,2024-08-13 00:00:00
10007846,Order,2024-08-24 00:00:00,310015,"","","",102,9999A,WA001,14.999909280595118,2024-08-14 00:00:00
10007850,Order,2024-08-24 00:00:00,310015,"","","",102,9999A,WA001,14.999909280595118,2024-08-14 00:00:00
10007852,Order,2024-08-24 00:00:00,310015,"","","",102,9999A,WA001,14.999909280595118,2024-08-14 00:00:00
10007854,Order,2024-08-24 00:00:00,310015,"","","",102,9999A,WA001,14.999909280595118,2024-08-14 00:00:00
10007855,Order,2024-08-24 00:00:00,310015,"","","",102,9999A,WA001,14.999909280595118,2024-08-14 00:00:00
10007941,Order,2024-08-27 00:00:00,310015,"","","",102,9999A,WA001,14.999909280595118,2024-08-15 00:00:00
10007997,Order,2024-08-27 00:00:00,310015,"","","",102,9999A,WA001,14.999909280595118,2024-08-16 00:00:00
10007998,Order,2024-08-27 00:00:00,310015,"","","",102,9999A,WA001,14.999909280595118,2024-08-16 00:00:00
10007999,Order,2024-08-27 00:00:00,310015,"","","",102,9999A,WA001,14.999909280595118,2024-08-16 00:00:00
10008000,Order,2024-08-27 00:00:00,310015,"","","",102,9999A,WA001,14.999909280595118,2024-08-16 00:00:00
10008001,Order,2024-08-27 00:00:00,310015,"","","",102,9999A,WA001,14.999909280595118,2024-08-16 00:00:00
10008127,Order,2024-08-30 00:00:00,310015,"","","",102,9999A,WA001,14.999909280595118,2024-08-20 00:00:00
10008128,Order,2024-08-30 00:00:00,310015,"","","",102,9999A,WA001,14.999909280595118,2024-08-20 00:00:00
10008129,Order,2024-08-30 00:00:00,310015,"","","",102,9999A,WA001,14.999909280595118,2024-08-20 00:00:00
10008131,Order,2024-08-31 00:00:00,310015,"","","",102,9999A,WA001,14.999909280595118,2024-08-20 00:00:00
10008132,Order,2024-08-31 00:00:00,310015,"","","",102,9999A,WA001,14.999909280595118,2024-08-20 00:00:00
10008148,Order,2024-09-04 00:00:00,310015,WA001,"","",102,9999E,WA001,14.999909280595118,2024-08-20 00:00:00
10008178,Order,2024-09-01 00:00:00,310015,"","","",102,9999A,WA001,14.999909280595118,2024-08-21 00:00:00
10008179,Order,2024-09-01 00:00:00,310015,"","","",102,9999A,WA001,14.999909280595118,2024-08-21 00:00:00
10008180,Order,2024-09-01 00:00:00,310015,"","","",102,9999A,WA001,14.999909280595118,2024-08-21 00:00:00
10008182,Order,2024-09-01 00:00:00,310015,"","","",102,9999A,WA001,14.999909280595118,2024-08-21 00:00:00
10008183,Order,2024-09-01 00:00:00,310015,"","","",102,9999A,WA001,14.999909280595118,2024-08-21 00:00:00
10008185,Order,2024-08-31 00:00:00,310015,"","","",102,9999A,WA001,14.999909280595118,2024-08-21 00:00:00
10008208,Order,2024-09-04 00:00:00,310018,WA001,"","",102,9999A,WA001,14.999909280595118,2024-08-22 00:00:00
10008209,Order,2024-09-19 00:00:00,310018,WA001,"","",102,9999A,WA001,14.999909280595118,2024-08-22 00:00:00
10008215,Order,2024-09-03 00:00:00,310015,"","","",102,9999A,WA001,14.999909280595118,2024-08-22 00:00:00
10008216,Order,2024-09-03 00:00:00,310015,"","","",102,9999A,WA001,14.999909280595118,2024-08-22 00:00:00
10008217,Order,2024-09-03 00:00:00,310015,"","","",102,9999A,WA001,14.999909280595118,2024-08-22 00:00:00
10008307,Order,2024-09-06 00:00:00,310015,"","","",102,9999A,WA001,14.999909280595118,2024-08-26 00:00:00
10008308,Order,2024-09-06 00:00:00,310015,"","","",102,9999A,WA001,14.999909280595118,2024-08-26 00:00:00
10008313,Order,2024-09-06 00:00:00,310015,"","","",102,9999A,WA001,14.999909280595118,2024-08-26 00:00:00
10008316,Order,2024-09-06 00:00:00,310015,"","","",102,9999A,WA001,14.999909280595118,2024-08-26 00:00:00
10008317,Order,2024-09-06 00:00:00,310015,"","","",102,9999A,WA001,14.999909280595118,2024-08-26 00:00:00
10008319,Order,2024-09-06 00:00:00,310015,"","","",102,9999A,WA001,14.999909280595118,2024-08-26 00:00:00
10008321,Order,2024-09-06 00:00:00,310015,"","","",102,9999A,WA001,14.999909280595118,2024-08-26 00:00:00
10008351,Order,2024-09-13 00:00:00,310086,ID002,"","",102,9999A,ID010,20,2024-08-26 00:00:00
10008352,Order,2024-09-13 00:00:00,310086,ID002,"","",102,9999A,ID010,20,2024-08-26 00:00:00
10008353,Order,2024-09-13 00:00:00,310086,ID002,"","",102,9999A,ID010,20,2024-08-26 00:00:00
10008354,Order,2024-09-13 00:00:00,310086,ID002,"","",102,9999A,ID010,20,2024-08-26 00:00:00
10008355,Order,2024-09-13 00:00:00,310086,ID002,"","",102,9999A,ID010,20,2024-08-26 00:00:00
10008356,Order,2024-09-13 00:00:00,310086,ID002,"","",102,9999A,ID010,20,2024-08-26 00:00:00
10008357,Order,2024-09-13 00:00:00,310086,ID002,"","",102,9999A,ID010,20,2024-08-26 00:00:00
10008358,Order,2024-09-13 00:00:00,310086,ID002,"","",102,9999A,ID010,20,2024-08-26 00:00:00
10008411,Order,2024-09-07 00:00:00,310015,"","","",102,9999A,WA001,14.999909280595118,2024-08-27 00:00:00
10008413,Order,2024-09-07 00:00:00,310015,"","","",102,9999A,WA001,14.999909280595118,2024-08-27 00:00:00
10008414,Order,2024-09-07 00:00:00,310015,"","","",102,9999A,WA001,14.999909280595118,2024-08-27 00:00:00
10008415,Order,2024-09-07 00:00:00,310015,"","","",102,9999A,WA001,14.999909280595118,2024-08-27 00:00:00
10008416,Order,2024-09-07 00:00:00,310015,"","","",102,9999A,WA001,14.999909280595118,2024-08-27 00:00:00
10008419,Order,2024-09-06 00:00:00,310015,"","","",102,9999A,WA001,0.019958269073754874,2024-08-27 00:00:00
10008419,Order,2024-09-07 00:00:00,310015,"","","",102,9999A,WA001,14.979951011521363,2024-08-27 00:00:00
10008420,Order,2024-09-07 00:00:00,310015,"","","",102,9999A,WA001,14.999909280595118,2024-08-27 00:00:00
10008424,Order,2024-09-13 00:00:00,310015,WA001,"","",102,"",WA001,14.999909280595118,2024-08-27 00:00:00
10008425,Order,2024-09-13 00:00:00,310015,WA001,"","",102,"",WA001,14.999909280595118,2024-08-27 00:00:00
10008426,Order,2024-09-13 00:00:00,310015,WA001,"","",102,"",WA001,14.999909280595118,2024-08-27 00:00:00
10008427,Order,2024-09-13 00:00:00,310015,WA001,"","",102,"",WA001,14.999909280595118,2024-08-27 00:00:00
10008428,Order,2024-09-13 00:00:00,310015,WA001,"","",102,"",WA001,14.999909280595118,2024-08-27 00:00:00
10008430,Order,2024-09-13 00:00:00,310015,WA001,"","",102,"",WA001,14.999909280595118,2024-08-27 00:00:00
10008432,Order,2024-09-13 00:00:00,310015,WA001,"","",102,"",WA001,14.999909280595118,2024-08-27 00:00:00
10008433,Order,2024-09-13 00:00:00,310015,WA001,"","",102,"",WA001,14.999909280595118,2024-08-27 00:00:00
10008436,Order,2024-09-13 00:00:00,310015,WA001,"","",102,"",WA001,14.999909280595118,2024-08-27 00:00:00
10008437,Order,2024-09-13 00:00:00,310015,WA001,"","",102,"",WA001,14.999909280595118,2024-08-27 00:00:00
10008961,Order,2024-09-23 00:00:00,310015,"","","",102,9999A,ID010,14.999909280595118,2024-09-13 00:00:00
10008962,Order,2024-09-23 00:00:00,310015,"","","",102,9999A,ID010,14.999909280595118,2024-09-13 00:00:00
10008964,Order,2024-09-23 00:00:00,310015,"","","",102,9999A,ID010,14.999909280595118,2024-09-13 00:00:00
10008965,Order,2024-09-23 00:00:00,310015,"","","",102,9999A,ID010,14.999909280595118,2024-09-13 00:00:00
10008966,Order,2024-09-22 00:00:00,310015,"","","",102,9999A,ID010,0.019958269073754874,2024-09-13 00:00:00
10008966,Order,2024-09-23 00:00:00,310015,"","","",102,9999A,ID010,14.979951011521363,2024-09-13 00:00:00
10008968,Order,2024-09-17 00:00:00,310086,ID002,"","",102,9999A,ID002,19,2024-09-13 00:00:00
10008969,Order,2024-09-17 00:00:00,310086,ID002,"","",102,9999A,ID002,19,2024-09-13 00:00:00
10008971,Order,2024-09-17 00:00:00,310086,ID002,"","",102,9999A,ID002,19,2024-09-13 00:00:00
10008972,Order,2024-09-17 00:00:00,310086,ID002,"","",102,9999A,ID002,19,2024-09-13 00:00:00
10008973,Order,2024-09-17 00:00:00,310086,ID002,"","",102,9999A,ID002,19,2024-09-13 00:00:00
10008978,Order,2024-09-24 00:00:00,310015,"","","",102,9999A,ID010,14.999909280595118,2024-09-13 00:00:00
10009010,Order,2024-09-19 00:00:00,310015,"","","",102,9999A,ID010,0.019958269073754874,2024-09-16 00:00:00
10009010,Order,2024-09-20 00:00:00,310015,"","","",102,9999A,ID010,14.979951011521363,2024-09-16 00:00:00
10009012,Order,2024-09-20 00:00:00,310015,"","","",102,9999A,ID010,14.999909280595118,2024-09-16 00:00:00
10009013,Order,2024-09-16 00:00:00,310015,"","","",102,9999A,ID010,2.9999092805951193,2024-09-16 00:00:00
10009013,Order,2024-09-17 00:00:00,310015,"","","",102,9999A,ID010,12,2024-09-16 00:00:00
10009061,Order,2024-10-22 00:00:00,310726,WA002,"","",102,9999A,WA014,0.7199491971332668,2024-09-17 00:00:00
10009061,Order,2024-10-23 00:00:00,310726,WA002,"","",102,9999A,WA014,14.279960083461852,2024-09-17 00:00:00
10009064,Order,2024-09-28 00:00:00,310015,"","","",102,9999A,ID010,14.999909280595118,2024-09-18 00:00:00
10009117,Order,2024-09-29 00:00:00,310015,"","","",102,9999A,ID010,14.999909280595118,2024-09-18 00:00:00
10009118,Order,2024-09-29 00:00:00,310015,"","","",102,9999A,ID010,14.999909280595118,2024-09-18 00:00:00
10009119,Order,2024-09-29 00:00:00,310015,"","","",102,9999A,ID010,14.999909280595118,2024-09-19 00:00:00
10009131,Order,2024-09-30 00:00:00,310015,"","","",102,9999A,WA001,14.999909280595118,2024-09-19 00:00:00
10009132,Order,2024-09-30 00:00:00,310015,"","","",102,9999A,WA001,14.999909280595118,2024-09-19 00:00:00
10009133,Order,2024-09-29 00:00:00,310015,"","","",102,9999A,WA001,0.019958269073754874,2024-09-19 00:00:00
10009133,Order,2024-09-30 00:00:00,310015,"","","",102,9999A,WA001,14.979951011521363,2024-09-19 00:00:00
10009134,Order,2024-09-30 00:00:00,310015,"","","",102,9999A,WA001,14.999909280595118,2024-09-19 00:00:00
10009135,Order,2024-09-30 00:00:00,310015,"","","",102,9999A,ID010,14.999909280595118,2024-09-19 00:00:00
10009136,Order,2024-09-30 00:00:00,310015,"","","",102,9999A,ID010,14.999909280595118,2024-09-19 00:00:00
10009137,Order,2024-09-30 00:00:00,310015,"","","",102,9999A,ID010,14.999909280595118,2024-09-19 00:00:00
10009138,Order,2024-09-30 00:00:00,310015,"","","",102,9999A,ID010,14.999909280595118,2024-09-19 00:00:00
10009139,Order,2024-09-29 00:00:00,310015,"","","",102,9999A,ID010,0.03991653814750975,2024-09-19 00:00:00
10009139,Order,2024-09-30 00:00:00,310015,"","","",102,9999A,ID010,14.959992742447609,2024-09-19 00:00:00
10009194,Order,2024-10-01 00:00:00,310015,"","","",102,9999A,ID010,14.999909280595118,2024-09-20 00:00:00
10009195,Order,2024-10-01 00:00:00,310015,"","","",102,9999A,ID010,14.999909280595118,2024-09-20 00:00:00
10009196,Order,2024-10-01 00:00:00,310015,"","","",102,9999A,ID010,14.999909280595118,2024-09-20 00:00:00
10009252,Order,2024-09-26 00:00:00,310015,WA001,"","",101,9999A,WA017,2.0001814388097614,2024-09-23 00:00:00
10009252,Order,2024-09-26 00:00:00,310018,WA001,"","",102,9999A,WA017,2.9999092805951193,2024-09-23 00:00:00
10009252,Order,2024-09-26 00:00:00,310023,WA002,"","",101,9999A,WA017,4,2024-09-23 00:00:00
10009252,Order,2024-09-26 00:00:00,310086,ID002,"","",101,"",WA017,2,2024-09-23 00:00:00
10009252,Order,2024-09-26 00:00:00,310726,WA002,"","",101,9999A,WA017,5.999818561190239,2024-09-23 00:00:00
10009318,Order,2024-10-04 00:00:00,310015,"","","",102,9999A,ID010,14.999909280595118,2024-09-24 00:00:00
10009319,Order,2024-10-04 00:00:00,310015,"","","",102,9999A,ID010,14.999909280595118,2024-09-24 00:00:00
10009320,Order,2024-10-04 00:00:00,310015,"","","",102,9999A,ID010,14.999909280595118,2024-09-24 00:00:00
10009321,Order,2024-10-04 00:00:00,310015,"","","",102,9999A,ID010,14.999909280595118,2024-09-24 00:00:00
10009322,Order,2024-10-04 00:00:00,310015,"","","",102,9999A,ID010,14.999909280595118,2024-09-24 00:00:00
10009359,Order,2024-10-04 00:00:00,310015,"","","",102,9999A,ID010,0.019958269073754874,2024-09-25 00:00:00
10009359,Order,2024-10-05 00:00:00,310015,"","","",102,9999A,ID010,14.979951011521363,2024-09-25 00:00:00
10009360,Order,2024-10-05 00:00:00,310015,"","","",102,9999A,ID010,14.999909280595118,2024-09-25 00:00:00
10009361,Order,2024-10-05 00:00:00,310015,"","","",102,9999A,ID010,14.999909280595118,2024-09-25 00:00:00
10009362,Order,2024-10-05 00:00:00,310015,"","","",102,9999A,ID010,14.999909280595118,2024-09-25 00:00:00
10009363,Order,2024-10-05 00:00:00,310015,"","","",102,9999A,ID010,14.999909280595118,2024-09-25 00:00:00
10009465,Order,2024-10-07 00:00:00,310015,"","","",102,9999A,ID010,14.999909280595118,2024-09-27 00:00:00
10009551,Order,2024-10-01 00:00:00,310724,WA002,"","",102,9999A,WA007,0.03991653814750975,2024-09-30 00:00:00
10009707,Order,2024-10-12 00:00:00,310015,"","","",102,9999A,ID010,14.999909280595118,2024-10-02 00:00:00
10009708,Order,2024-10-12 00:00:00,310015,"","","",102,9999A,ID010,14.999909280595118,2024-10-02 00:00:00
10009709,Order,2024-10-13 00:00:00,310015,"","","",102,9999A,ID010,14.999909280595118,2024-10-03 00:00:00
10009728,Order,2024-10-14 00:00:00,310015,"","","",102,9999A,ID010,14.999909280595118,2024-10-04 00:00:00
10009729,Order,2024-10-14 00:00:00,310015,"","","",102,9999A,WA001,14.999909280595118,2024-10-04 00:00:00
10009730,Order,2024-10-14 00:00:00,310015,"","","",102,9999A,WA001,14.999909280595118,2024-10-04 00:00:00
10009731,Order,2024-10-14 00:00:00,310015,"","","",102,9999A,WA001,14.999909280595118,2024-10-04 00:00:00
10009732,Order,2024-10-14 00:00:00,310015,"","","",102,9999A,WA001,14.999909280595118,2024-10-04 00:00:00
10009746,Order,2024-10-05 00:00:00,310015,"","","",102,9999A,ID010,2.9999092805951193,2024-10-04 00:00:00
10009759,Order,2024-10-31 00:00:00,310015,ID002,"","",101,"",ID010,1.1198403338474099,2024-10-07 00:00:00
10009759,Order,2024-11-01 00:00:00,310015,ID002,"","",101,"",ID010,8.879978227342828,2024-10-07 00:00:00
10009759,Order,2024-11-01 00:00:00,310086,ID002,"","",101,"",ID010,5,2024-10-07 00:00:00
10009760,Order,2024-10-30 00:00:00,310015,ID002,"","",101,"",ID010,0.1001542229882972,2024-10-07 00:00:00
10009760,Order,2024-10-31 00:00:00,310015,ID002,"","",101,"",ID010,13.819831261906922,2024-10-07 00:00:00
10009761,Order,2024-11-01 00:00:00,310015,ID002,"","",101,"",ID010,13.91998548489522,2024-10-07 00:00:00
10009834,Order,2024-10-17 00:00:00,310015,WA001,"","",102,9999A,WA001,14.999909280595118,2024-10-08 00:00:00
10009951,Order,2024-10-16 00:00:00,310015,"","","",102,9999A,WA001,14.999909280595118,2024-10-14 00:00:00
10009953,Order,2024-10-16 00:00:00,310015,"","","",102,9999A,WA001,14.999909280595118,2024-10-14 00:00:00
10010211,Order,2024-10-22 00:00:00,310015,"","","",102,9999A,WA010,14.999909280595118,2024-10-21 00:00:00
10010215,Order,2024-10-21 00:00:00,310015,"","","",102,9999A,WA010,0.019958269073754874,2024-10-21 00:00:00
10010215,Order,2024-10-22 00:00:00,310015,"","","",102,9999A,WA010,14.979951011521363,2024-10-21 00:00:00
10010223,Order,2024-10-29 00:00:00,310015,"","","",102,9999A,WA001,14.999909280595118,2024-10-21 00:00:00
10010224,Order,2024-10-29 00:00:00,310015,"","","",102,9999A,WA001,14.999909280595118,2024-10-21 00:00:00
10010225,Order,2024-10-29 00:00:00,310015,"","","",102,9999A,WA001,14.999909280595118,2024-10-21 00:00:00
10010291,Order,2024-11-03 00:00:00,310015,"","","",102,9999A,WA010,14.999909280595118,2024-10-22 00:00:00
10010292,Order,2024-11-03 00:00:00,310015,"","","",102,9999A,WA010,14.999909280595118,2024-10-22 00:00:00
10010294,Order,2024-11-03 00:00:00,310015,"","","",102,9999A,WA010,14.999909280595118,2024-10-22 00:00:00
10010295,Order,2024-11-03 00:00:00,310015,"","","",102,9999A,WA010,14.999909280595118,2024-10-22 00:00:00
10010296,Order,2024-11-03 00:00:00,310015,"","","",102,9999A,WA010,14.999909280595118,2024-10-22 00:00:00
10010297,Order,2024-11-03 00:00:00,310015,"","","",102,9999A,WA010,14.999909280595118,2024-10-22 00:00:00
10010298,Order,2024-11-03 00:00:00,310015,"","","",102,9999A,WA010,14.999909280595118,2024-10-22 00:00:00
10010300,Order,2024-11-02 00:00:00,310015,"","","",102,9999A,WA010,0.019958269073754874,2024-10-22 00:00:00
10010300,Order,2024-11-03 00:00:00,310015,"","","",102,9999A,WA010,14.979951011521363,2024-10-22 00:00:00
10010329,Order,2024-11-04 00:00:00,310015,"","","",102,9999A,WA010,14.999909280595118,2024-10-23 00:00:00
10010330,Order,2024-11-04 00:00:00,310015,"","","",102,9999A,WA010,14.999909280595118,2024-10-23 00:00:00
10010331,Order,2024-11-04 00:00:00,310015,"","","",102,9999A,WA010,14.999909280595118,2024-10-23 00:00:00
10010332,Order,2024-11-04 00:00:00,310015,"","","",102,9999A,WA010,14.999909280595118,2024-10-23 00:00:00
10010333,Order,2024-11-04 00:00:00,310015,"","","",102,9999A,WA010,14.999909280595118,2024-10-23 00:00:00
10010334,Order,2024-11-04 00:00:00,310015,"","","",102,9999A,WA010,14.999909280595118,2024-10-23 00:00:00
10010335,Order,2024-11-03 00:00:00,310015,"","","",102,9999A,WA010,0.019958269073754874,2024-10-23 00:00:00
10010335,Order,2024-11-04 00:00:00,310015,"","","",102,9999A,WA010,14.979951011521363,2024-10-23 00:00:00
10010336,Order,2024-11-04 00:00:00,310015,"","","",102,9999A,WA010,14.999909280595118,2024-10-23 00:00:00
10010393,Order,2024-11-04 00:00:00,310015,"","","",102,9999A,WA010,14.999909280595118,2024-10-24 00:00:00
10010394,Order,2024-11-04 00:00:00,310015,"","","",102,9999A,WA010,14.999909280595118,2024-10-24 00:00:00
10010395,Order,2024-11-04 00:00:00,310015,"","","",102,9999A,WA010,14.999909280595118,2024-10-24 00:00:00
10010396,Order,2024-11-04 00:00:00,310015,"","","",102,9999A,WA010,14.999909280595118,2024-10-24 00:00:00
10010397,Order,2024-11-04 00:00:00,310015,"","","",102,9999A,WA010,14.999909280595118,2024-10-24 00:00:00
10010410,Order,2024-12-20 00:00:00,310015,WA001,ID002,"",102,3130A,WA001,10.020139707883516,2024-10-24 00:00:00
10010486,Order,2024-10-29 00:00:00,310015,"","","",102,9999A,WA001,14.999909280595118,2024-10-28 00:00:00
10010487,Order,2024-11-09 00:00:00,310015,"","","",102,9999A,WA001,14.999909280595118,2024-10-28 00:00:00
10010488,Order,2024-11-09 00:00:00,310015,"","","",102,9999A,WA001,14.999909280595118,2024-10-28 00:00:00
10010489,Order,2024-11-09 00:00:00,310015,"","","",102,9999A,WA001,14.999909280595118,2024-10-28 00:00:00
10010490,Order,2024-11-09 00:00:00,310015,"","","",102,9999A,WA001,14.999909280595118,2024-10-28 00:00:00
10010491,Order,2024-11-09 00:00:00,310015,"","","",102,9999A,WA010,14.999909280595118,2024-10-28 00:00:00
10010492,Order,2024-11-09 00:00:00,310015,"","","",102,9999A,WA010,14.999909280595118,2024-10-28 00:00:00
10010493,Order,2024-11-09 00:00:00,310015,"","","",102,9999A,WA010,14.999909280595118,2024-10-28 00:00:00
10010494,Order,2024-11-09 00:00:00,310015,"","","",102,9999A,WA010,14.999909280595118,2024-10-28 00:00:00
10010495,Order,2024-11-09 00:00:00,310015,"","","",102,9999A,WA010,14.999909280595118,2024-10-28 00:00:00
10010534,Order,2024-11-10 00:00:00,310015,"","","",102,9999A,WA001,14.999909280595118,2024-10-29 00:00:00
10010535,Order,2024-11-10 00:00:00,310015,"","","",102,9999A,WA001,14.999909280595118,2024-10-29 00:00:00
10010536,Order,2024-11-10 00:00:00,310015,"","","",102,9999A,WA001,14.999909280595118,2024-10-29 00:00:00
10010537,Order,2024-11-09 00:00:00,310015,"","","",102,9999A,WA010,0.05987480722126462,2024-10-29 00:00:00
10010537,Order,2024-11-10 00:00:00,310015,"","","",102,9999A,WA010,14.940034473373855,2024-10-29 00:00:00
10010538,Order,2024-11-09 00:00:00,310015,"","","",102,9999A,WA010,0.019958269073754874,2024-10-29 00:00:00
10010538,Order,2024-11-10 00:00:00,310015,"","","",102,9999A,WA010,14.979951011521363,2024-10-29 00:00:00
10010539,Order,2024-11-10 00:00:00,310015,"","","",102,9999A,WA010,14.999909280595118,2024-10-29 00:00:00
10010540,Order,2024-11-10 00:00:00,310015,"","","",102,9999A,WA010,14.999909280595118,2024-10-29 00:00:00
10010557,Order,2024-11-11 00:00:00,310015,"","","",102,9999A,WA010,14.999909280595118,2024-10-30 00:00:00
10010558,Order,2024-11-11 00:00:00,310015,"","","",102,9999A,WA010,14.999909280595118,2024-10-30 00:00:00
10010559,Order,2024-11-11 00:00:00,310015,"","","",102,9999A,WA001,14.999909280595118,2024-10-30 00:00:00
10010560,Order,2024-10-31 00:00:00,310015,"","","",102,9999A,WA001,14.999909280595118,2024-10-30 00:00:00
10010561,Order,2024-11-11 00:00:00,310015,"","","",102,9999A,WA001,14.999909280595118,2024-10-30 00:00:00
10010562,Order,2024-11-11 00:00:00,310015,"","","",102,9999A,WA001,14.999909280595118,2024-10-30 00:00:00
10010585,Order,2024-11-12 00:00:00,310015,"","","",102,9999A,WA010,14.999909280595118,2024-10-31 00:00:00
10010586,Order,2024-11-12 00:00:00,310015,"","","",102,9999A,WA010,14.999909280595118,2024-10-31 00:00:00
10010587,Order,2024-11-12 00:00:00,310015,"","","",102,9999A,WA010,14.999909280595118,2024-10-31 00:00:00
10010588,Order,2024-11-12 00:00:00,310015,"","","",102,9999A,WA010,14.999909280595118,2024-10-31 00:00:00
10010589,Order,2024-11-12 00:00:00,310015,"","","",102,9999A,WA010,14.999909280595118,2024-10-31 00:00:00
10010605,Order,2024-11-02 00:00:00,310015,ID002,"","",102,9999A,ID010,0.0798330762950195,2024-11-01 00:00:00
10010633,Order,2024-11-15 00:00:00,310015,"","","",102,9999A,WA010,14.999909280595118,2024-11-04 00:00:00
10010634,Order,2024-11-15 00:00:00,310015,"","","",102,9999A,WA010,14.999909280595118,2024-11-04 00:00:00
10010635,Order,2024-11-15 00:00:00,310015,"","","",102,9999A,WA010,14.999909280595118,2024-11-04 00:00:00
10010636,Order,2024-11-15 00:00:00,310015,"","","",102,9999A,WA010,14.999909280595118,2024-11-04 00:00:00
10010637,Order,2024-11-15 00:00:00,310015,"","","",102,9999A,WA010,14.999909280595118,2024-11-04 00:00:00
10010650,Order,2024-11-12 00:00:00,310724,WA003,"","",101,"",WA007,0.019958269073754874,2024-11-04 00:00:00
10010650,Order,2024-11-13 00:00:00,310724,WA003,"","",101,"",WA007,0.9801324503311258,2024-11-04 00:00:00
10010650,Order,2024-11-12 00:00:00,310726,WA003,"","",101,"",WA007,0.14007076113580694,2024-11-04 00:00:00
10010650,Order,2024-11-13 00:00:00,310726,WA003,"","",101,"",WA007,11.980041730926246,2024-11-04 00:00:00
10010657,Order,2024-11-15 00:00:00,310724,WA003,"","",101,"",WA007,1.2199945568357071,2024-11-04 00:00:00
10010657,Order,2024-11-15 00:00:00,310726,WA003,"","",101,"",WA007,1.4598566633402885,2024-11-04 00:00:00
10010657,Order,2024-11-16 00:00:00,310726,WA003,"","",101,"",WA007,10.11993105325229,2024-11-04 00:00:00
10010657,Order,2024-11-15 00:00:00,310726,WA003,"","",102,"",WA007,1.2000362877619524,2024-11-04 00:00:00
10010804,Order,2024-11-14 00:00:00,310015,WA001,"","",101,3117A,WA001,0.019958269073754874,2024-11-07 00:00:00
10010862,Order,2024-11-12 00:00:00,310015,"","","",102,9999A,WA010,14.999909280595118,2024-11-11 00:00:00
10010863,Order,2024-11-12 00:00:00,310015,"","","",102,9999A,WA010,14.999909280595118,2024-11-11 00:00:00
10010864,Order,2024-11-12 00:00:00,310015,"","","",102,9999A,WA010,14.999909280595118,2024-11-11 00:00:00
10010865,Order,2024-11-12 00:00:00,310015,"","","",102,9999A,WA010,14.999909280595118,2024-11-11 00:00:00
10010866,Order,2024-11-12 00:00:00,310015,"","","",102,9999A,WA010,14.999909280595118,2024-11-11 00:00:00
10010964,Order,2024-11-14 00:00:00,310015,"","","",102,9999A,WA010,14.999909280595118,2024-11-13 00:00:00
10010965,Order,2024-11-14 00:00:00,310015,"","","",102,9999A,WA010,14.999909280595118,2024-11-13 00:00:00
10010966,Order,2024-11-14 00:00:00,310015,"","","",102,9999A,WA010,14.999909280595118,2024-11-13 00:00:00
10010967,Order,2024-11-14 00:00:00,310015,"","","",102,9999A,WA010,14.999909280595118,2024-11-13 00:00:00
10010968,Order,2024-11-14 00:00:00,310015,"","","",102,9999A,WA010,14.999909280595118,2024-11-13 00:00:00
10011014,Order,2024-11-15 00:00:00,310015,"","","",102,9999A,WA010,14.999909280595118,2024-11-14 00:00:00
10011015,Order,2024-11-16 00:00:00,310015,"","","",102,9999A,WA001,14.999909280595118,2024-11-14 00:00:00
10011016,Order,2024-11-16 00:00:00,310015,"","","",102,9999A,WA001,14.999909280595118,2024-11-14 00:00:00
10011017,Order,2024-11-16 00:00:00,310015,"","","",102,9999A,WA001,14.999909280595118,2024-11-14 00:00:00
10011018,Order,2024-11-16 00:00:00,310015,"","","",102,9999A,WA001,14.999909280595118,2024-11-14 00:00:00
10011087,Order,2024-11-19 00:00:00,310015,"","","",102,9999A,WA001,14.999909280595118,2024-11-18 00:00:00
10011088,Order,2024-11-19 00:00:00,310015,"","","",102,9999A,WA001,14.999909280595118,2024-11-18 00:00:00
10011089,Order,2024-11-19 00:00:00,310015,"","","",102,9999A,WA001,14.999909280595118,2024-11-18 00:00:00
10011090,Order,2024-11-19 00:00:00,310015,"","","",102,9999A,WA001,14.999909280595118,2024-11-18 00:00:00
10011173,Order,2024-11-21 00:00:00,310015,WA001,"","",102,9999A,WA001,13.999818561190239,2024-11-20 00:00:00
10011223,Order,2024-11-22 00:00:00,310015,"","","",102,9999A,WA001,14.999909280595118,2024-11-21 00:00:00
10011313,Order,2024-12-03 00:00:00,310015,"","","",102,9999A,WA001,14.999909280595118,2024-11-25 00:00:00
10011317,Order,2024-12-03 00:00:00,310015,"","","",102,9999A,WA001,14.999909280595118,2024-11-25 00:00:00
10011318,Order,2024-12-03 00:00:00,310015,"","","",102,9999A,WA001,14.999909280595118,2024-11-25 00:00:00
10011364,Order,2024-11-27 00:00:00,310015,"","","",102,9999A,WA001,14.999909280595118,2024-11-26 00:00:00
10011366,Order,2024-11-27 00:00:00,310015,"","","",102,9999A,WA001,14.999909280595118,2024-11-26 00:00:00
10011527,Order,2024-12-03 00:00:00,310015,WA003,"","",102,9999A,WA010,0.1001542229882972,2024-12-03 00:00:00
10011527,Order,2024-12-05 00:00:00,310015,WA003,"","",102,9999A,WA010,14.900117935226344,2024-12-03 00:00:00
10011528,Order,2024-12-03 00:00:00,310015,WA003,"","",102,9999A,WA010,0.0798330762950195,2024-12-03 00:00:00
10011528,Order,2024-12-05 00:00:00,310015,WA003,"","",102,9999A,WA010,15.120021772657172,2024-12-03 00:00:00
10011529,Order,2024-12-03 00:00:00,310015,WA002,"","",102,9999A,WA010,0.19994556835707158,2024-12-03 00:00:00
10011529,Order,2024-12-05 00:00:00,310015,WA002,"","",102,9999A,WA010,14.999909280595118,2024-12-03 00:00:00
10011559,Order,2024-12-04 00:00:00,310015,"","","",102,9999A,WA001,0.19994556835707158,2024-12-04 00:00:00
10011559,Order,2024-12-06 00:00:00,310015,"","","",102,9999A,WA001,14.999909280595118,2024-12-04 00:00:00
10011560,Order,2024-12-04 00:00:00,310015,"","","",102,9999A,WA001,0.19994556835707158,2024-12-04 00:00:00
10011560,Order,2024-12-06 00:00:00,310015,"","","",102,9999A,WA001,14.999909280595118,2024-12-04 00:00:00
10011562,Order,2024-12-04 00:00:00,310015,"","","",102,9999A,WA001,0.19994556835707158,2024-12-04 00:00:00
10011562,Order,2024-12-06 00:00:00,310015,"","","",102,9999A,WA001,14.999909280595118,2024-12-04 00:00:00
10011563,Order,2024-12-04 00:00:00,310015,"","","",102,9999A,WA001,0.19994556835707158,2024-12-04 00:00:00
10011563,Order,2024-12-06 00:00:00,310015,"","","",102,9999A,WA001,14.999909280595118,2024-12-04 00:00:00
10011565,Order,2024-12-04 00:00:00,310015,"","","",102,9999A,WA001,0.19994556835707158,2024-12-04 00:00:00
10011565,Order,2024-12-06 00:00:00,310015,"","","",102,9999A,WA001,14.999909280595118,2024-12-04 00:00:00
10011623,Order,2024-12-06 00:00:00,310015,"","","",102,9999A,WA001,0.19994556835707158,2024-12-06 00:00:00
10011623,Order,2024-12-07 00:00:00,310015,"","","",102,9999A,WA001,14.999909280595118,2024-12-06 00:00:00
10011624,Order,2024-12-06 00:00:00,310015,"","","",102,9999A,WA001,0.19994556835707158,2024-12-06 00:00:00
10011624,Order,2024-12-07 00:00:00,310015,"","","",102,9999A,WA001,14.999909280595118,2024-12-06 00:00:00
10011625,Order,2024-12-06 00:00:00,310015,"","","",102,9999A,WA001,0.19994556835707158,2024-12-06 00:00:00
10011625,Order,2024-12-07 00:00:00,310015,"","","",102,9999A,WA001,14.999909280595118,2024-12-06 00:00:00
10011676,Order,2024-12-10 00:00:00,310015,"","","",102,9999A,WA001,14.999909280595118,2024-12-06 00:00:00
10011736,Order,2024-12-10 00:00:00,310015,WA002,"","",102,9999A,WA010,0.03991653814750975,2024-12-10 00:00:00
10011736,Order,2024-12-11 00:00:00,310015,WA002,"","",102,9999A,WA010,15.15993831080468,2024-12-10 00:00:00
10011737,Order,2024-12-11 00:00:00,310015,WA003,"","",102,9999A,WA010,15.19985484895219,2024-12-10 00:00:00
10011815,Order,2024-12-19 00:00:00,310015,WA003,"","",102,9999A,WA010,0.1799872992833167,2024-12-12 00:00:00
10011815,Order,2024-12-20 00:00:00,310015,WA003,"","",102,9999A,WA010,15.019867549668875,2024-12-12 00:00:00
10011817,Order,2024-12-19 00:00:00,310015,WA003,"","",102,9999A,WA010,0.1799872992833167,2024-12-12 00:00:00
10011817,Order,2024-12-20 00:00:00,310015,WA003,"","",102,9999A,WA010,15.019867549668875,2024-12-12 00:00:00
10011818,Order,2024-12-19 00:00:00,310015,WA003,"","",102,9999A,WA010,0.1799872992833167,2024-12-12 00:00:00
10011818,Order,2024-12-20 00:00:00,310015,WA003,"","",102,9999A,WA010,15.019867549668875,2024-12-12 00:00:00
10011819,Order,2024-12-20 00:00:00,310015,WA003,"","",102,9999A,WA010,15.19985484895219,2024-12-12 00:00:00
10011820,Order,2024-12-20 00:00:00,310015,WA003,"","",102,9999A,WA010,15.19985484895219,2024-12-12 00:00:00
10011865,Order,2024-12-20 00:00:00,310015,WA003,"","",102,9999A,WA010,0.19994556835707158,2024-12-13 00:00:00
10011865,Order,2024-12-21 00:00:00,310015,WA003,"","",102,9999A,WA010,14.999909280595118,2024-12-13 00:00:00
10011866,Order,2024-12-20 00:00:00,310015,WA003,"","",102,9999A,WA010,0.19994556835707158,2024-12-13 00:00:00
10011866,Order,2024-12-21 00:00:00,310015,WA003,"","",102,9999A,WA010,14.999909280595118,2024-12-13 00:00:00
10011867,Order,2024-12-20 00:00:00,310015,WA003,"","",102,9999A,WA010,0.19994556835707158,2024-12-13 00:00:00
10011867,Order,2024-12-21 00:00:00,310015,WA003,"","",102,9999A,WA010,14.999909280595118,2024-12-13 00:00:00
10011868,Order,2024-12-20 00:00:00,310015,WA003,"","",102,9999A,WA001,0.19994556835707158,2024-12-13 00:00:00
10011868,Order,2024-12-21 00:00:00,310015,WA003,"","",102,9999A,WA001,14.999909280595118,2024-12-13 00:00:00
10011869,Order,2024-12-20 00:00:00,310015,WA003,"","",102,9999A,WA001,0.19994556835707158,2024-12-13 00:00:00
10011869,Order,2024-12-21 00:00:00,310015,WA003,"","",102,9999A,WA001,14.999909280595118,2024-12-13 00:00:00
10011996,Order,2024-12-18 00:00:00,310015,WA001,"","",102,9999A,WA001,14.999909280595118,2024-12-17 00:00:00
10012023,Order,2024-12-18 00:00:00,310015,WA003,"","",102,9999A,WA001,0.19994556835707158,2024-12-18 00:00:00
10012023,Order,2024-12-19 00:00:00,310015,WA003,"","",102,9999A,WA001,14.999909280595118,2024-12-18 00:00:00
10012024,Order,2024-12-18 00:00:00,310015,WA003,"","",102,9999A,WA001,0.19994556835707158,2024-12-18 00:00:00
10012024,Order,2024-12-19 00:00:00,310015,WA003,"","",102,9999A,WA001,14.999909280595118,2024-12-18 00:00:00
10012112,Order,2024-12-20 00:00:00,310015,WA003,"","",102,9999A,WA001,0.19994556835707158,2024-12-20 00:00:00
10012112,Order,2024-12-21 00:00:00,310015,WA003,"","",102,9999A,WA001,14.999909280595118,2024-12-20 00:00:00
10012113,Order,2024-12-20 00:00:00,310015,WA003,"","",102,9999A,WA001,0.19994556835707158,2024-12-20 00:00:00
10012113,Order,2024-12-21 00:00:00,310015,WA003,"","",102,9999A,WA001,14.999909280595118,2024-12-20 00:00:00
10012118,Order,2024-12-20 00:00:00,310015,WA003,"","",102,9999A,WA010,0.019958269073754874,2024-12-20 00:00:00
10012118,Order,2024-12-21 00:00:00,310015,WA003,"","",102,9999A,WA010,14.979951011521363,2024-12-20 00:00:00
10012119,Order,2024-12-21 00:00:00,310015,WA003,"","",102,9999A,WA010,14.999909280595118,2024-12-20 00:00:00
10012121,Order,2024-12-21 00:00:00,310015,WA003,"","",102,9999A,WA010,14.999909280595118,2024-12-20 00:00:00
10012135,Order,2025-01-14 00:00:00,310724,WA003,"","",101,"",WA007,1.0000907194048807,2024-12-20 00:00:00
10012135,Order,2025-01-14 00:00:00,310726,WA003,"","",101,"",WA007,12.719949197133268,2024-12-20 00:00:00
10012135,Order,2025-01-14 00:00:00,310726,WA003,"","",102,"",WA007,0.8001451510478091,2024-12-20 00:00:00
10012161,Order,2024-12-25 00:00:00,310015,WA003,"","",102,9999A,WA001,14.999909280595118,2024-12-23 00:00:00
10012162,Order,2024-12-25 00:00:00,310015,WA003,"","",102,9999A,WA001,14.999909280595118,2024-12-23 00:00:00
10012163,Order,2024-12-25 00:00:00,310015,WA003,"","",102,9999A,WA001,14.999909280595118,2024-12-23 00:00:00
10012200,Order,2024-12-27 00:00:00,310015,WA003,"","",102,9999A,WA010,14.999909280595118,2024-12-26 00:00:00
10012201,Order,2024-12-27 00:00:00,310015,WA003,"","",102,9999A,WA010,14.999909280595118,2024-12-26 00:00:00
10012202,Order,2024-12-26 00:00:00,310015,WA003,"","",102,9999A,WA010,0.019958269073754874,2024-12-26 00:00:00
10012202,Order,2024-12-27 00:00:00,310015,WA003,"","",102,9999A,WA010,14.979951011521363,2024-12-26 00:00:00
10012217,Order,2024-12-28 00:00:00,310015,WA003,"","",102,9999A,WA010,14.999909280595118,2024-12-27 00:00:00
10012245,Order,2024-12-31 00:00:00,310015,WA003,"","",102,9999A,WA001,14.999909280595118,2024-12-30 00:00:00
10012277,Order,2025-01-01 00:00:00,310015,WA003,"","",102,9999A,WA001,14.999909280595118,2024-12-31 00:00:00
10012278,Order,2025-01-01 00:00:00,310015,WA003,"","",102,9999A,WA001,14.999909280595118,2024-12-31 00:00:00
10012280,Order,2025-01-01 00:00:00,310015,WA003,"","",102,9999A,WA001,14.999909280595118,2024-12-31 00:00:00
10012281,Order,2025-01-01 00:00:00,310015,WA003,"","",102,9999A,WA001,14.999909280595118,2024-12-31 00:00:00
10012282,Order,2025-01-01 00:00:00,310015,WA003,"","",102,9999A,WA001,14.999909280595118,2024-12-31 00:00:00
10012320,Order,2025-01-02 00:00:00,310015,WA003,"","",102,9999A,WA010,0.32005806041912366,2025-01-02 00:00:00
10012320,Order,2025-01-03 00:00:00,310015,WA003,"","",102,9999A,WA010,14.959992742447609,2025-01-02 00:00:00
10012321,Order,2025-01-03 00:00:00,310015,WA003,"","",102,9999A,WA001,14.999909280595118,2025-01-02 00:00:00
10012323,Order,2025-01-03 00:00:00,310015,WA003,"","",102,9999A,WA001,14.999909280595118,2025-01-02 00:00:00
10012324,Order,2025-01-02 00:00:00,310015,WA003,"","",102,9999A,WA001,0.019958269073754874,2025-01-02 00:00:00
10012324,Order,2025-01-03 00:00:00,310015,WA003,"","",102,9999A,WA001,14.979951011521363,2025-01-02 00:00:00
10012325,Order,2025-01-03 00:00:00,310015,WA003,"","",102,9999A,WA001,14.999909280595118,2025-01-02 00:00:00
10012326,Order,2025-01-03 00:00:00,310015,WA003,"","",102,9999A,WA001,14.999909280595118,2025-01-02 00:00:00
10012354,Order,2025-01-04 00:00:00,310015,WA003,"","",102,9999A,WA001,14.999909280595118,2025-01-03 00:00:00
10012400,Order,2025-01-07 00:00:00,310724,WA002,"","",101,9999E,WA007,0.03991653814750975,2025-01-06 00:00:00
10012400,Order,2025-01-07 00:00:00,310726,WA002,"","",101,9999E,WA007,0.019958269073754874,2025-01-06 00:00:00
10012409,Order,2025-01-07 00:00:00,310015,WA003,"","",102,9999A,WA001,14.999909280595118,2025-01-06 00:00:00
10012410,Order,2025-01-07 00:00:00,310015,WA003,"","",102,9999A,WA001,14.999909280595118,2025-01-06 00:00:00
10012412,Order,2025-01-07 00:00:00,310015,WA003,"","",102,9999A,WA001,14.999909280595118,2025-01-06 00:00:00
10012414,Order,2025-01-07 00:00:00,310015,WA003,"","",102,9999A,WA001,14.999909280595118,2025-01-06 00:00:00
10012415,Order,2025-01-07 00:00:00,310015,WA003,"","",102,9999A,WA001,14.999909280595118,2025-01-06 00:00:00
10012436,Order,2025-01-07 00:00:00,310015,WA001,"","",101,9999A,WA001,0.019958269073754874,2025-01-06 00:00:00
10012448,Order,2025-01-08 00:00:00,310015,WA003,"","",102,9999A,WA001,14.999909280595118,2025-01-07 00:00:00
10012449,Order,2025-01-08 00:00:00,310015,WA003,"","",102,9999A,WA001,14.999909280595118,2025-01-07 00:00:00
10012450,Order,2025-01-08 00:00:00,310015,WA003,"","",102,9999A,WA001,14.999909280595118,2025-01-07 00:00:00
10012452,Order,2025-01-08 00:00:00,310015,WA003,"","",102,9999A,WA001,14.999909280595118,2025-01-07 00:00:00
10012501,Order,2025-01-09 00:00:00,310015,WA003,"","",102,9999A,WA001,14.999909280595118,2025-01-08 00:00:00
10012502,Order,2025-01-09 00:00:00,310015,WA003,"","",102,9999A,WA001,14.999909280595118,2025-01-08 00:00:00
10012503,Order,2025-01-09 00:00:00,310015,WA003,"","",102,9999A,WA001,14.999909280595118,2025-01-08 00:00:00
10012504,Order,2025-01-09 00:00:00,310015,WA003,"","",102,9999A,WA001,14.999909280595118,2025-01-08 00:00:00
10012505,Order,2025-01-09 00:00:00,310015,WA003,"","",102,9999A,WA001,14.999909280595118,2025-01-08 00:00:00
10012535,Order,2025-01-10 00:00:00,310015,WA003,"","",102,9999A,WA001,14.999909280595118,2025-01-09 00:00:00
10012536,Order,2025-01-10 00:00:00,310015,WA003,"","",102,9999A,WA001,14.999909280595118,2025-01-09 00:00:00
10012537,Order,2025-01-10 00:00:00,310015,WA003,"","",102,9999A,WA001,14.999909280595118,2025-01-09 00:00:00
10012538,Order,2025-01-10 00:00:00,310015,WA003,"","",102,9999A,WA001,14.999909280595118,2025-01-09 00:00:00
10012539,Order,2025-01-10 00:00:00,310015,WA003,"","",102,9999A,WA001,14.999909280595118,2025-01-09 00:00:00
10012552,Order,2025-01-11 00:00:00,310015,WA003,"","",102,9999A,WA010,15.19985484895219,2025-01-10 00:00:00
10012553,Order,2025-01-31 00:00:00,310015,"","","",101,"",WA010,0.0798330762950195,2025-01-10 00:00:00
10012553,Order,2025-02-01 00:00:00,310015,"","","",101,"",WA010,14.920076204300099,2025-01-10 00:00:00
10012565,Order,2025-01-11 00:00:00,310015,WA003,"","",102,9999A,WA001,14.999909280595118,2025-01-10 00:00:00
10012566,Order,2025-01-11 00:00:00,310015,WA003,"","",102,9999A,WA001,14.999909280595118,2025-01-10 00:00:00
10012567,Order,2025-01-11 00:00:00,310015,WA003,"","",102,9999A,WA001,14.999909280595118,2025-01-10 00:00:00
10012568,Order,2025-01-11 00:00:00,310015,WA003,"","",102,9999A,WA001,14.999909280595118,2025-01-10 00:00:00
10012620,Order,2025-01-14 00:00:00,310015,WA003,"","",102,9999A,WA001,14.999909280595118,2025-01-13 00:00:00
10012622,Order,2025-01-14 00:00:00,310015,WA003,"","",102,9999A,WA001,14.999909280595118,2025-01-13 00:00:00
10012623,Order,2025-01-14 00:00:00,310015,WA003,"","",102,9999A,WA001,14.999909280595118,2025-01-13 00:00:00
10012624,Order,2025-01-14 00:00:00,310015,WA003,"","",102,9999A,WA001,14.999909280595118,2025-01-13 00:00:00
10012804,Order,2025-01-21 00:00:00,310015,WA003,"","",102,9999A,WA010,0.05987480722126462,2025-01-21 00:00:00
10012804,Order,2025-01-22 00:00:00,310015,WA003,"","",102,9999A,WA010,15.539871178445068,2025-01-21 00:00:00
10012805,Order,2025-01-21 00:00:00,310015,WA003,"","",102,9999A,WA010,0.32005806041912366,2025-01-21 00:00:00
10012805,Order,2025-01-22 00:00:00,310015,WA003,"","",102,9999A,WA010,15.280050802866732,2025-01-21 00:00:00
10012806,Order,2025-01-21 00:00:00,310015,WA003,"","",102,9999A,WA010,0.5998367050712148,2025-01-21 00:00:00
10012806,Order,2025-01-22 00:00:00,310015,WA003,"","",102,9999A,WA010,14.999909280595118,2025-01-21 00:00:00
10013085,Order,2025-01-31 00:00:00,310015,WA002,"","",102,9999A,WA010,15.679941939580877,2025-01-30 00:00:00
10013086,Order,2025-01-30 00:00:00,310015,WA002,"","",102,9999A,WA010,0.680032658985757,2025-01-30 00:00:00
10013086,Order,2025-01-31 00:00:00,310015,WA002,"","",102,9999A,WA010,14.999909280595118,2025-01-30 00:00:00
10013106,Order,2025-02-14 00:00:00,310015,"","","",101,"",ID002,0.4597659439354078,2025-01-30 00:00:00
10013262,Order,2025-02-08 00:00:00,310015,WA001,"","",102,9999A,WA001,14.999909280595118,2025-02-07 00:00:00
10013463,Order,2025-03-01 00:00:00,310015,"","","",101,"",WA010,4,2025-02-14 00:00:00
10014167,Order,2025-03-10 00:00:00,310015,WA002,"","",102,9999A,WA010,0.019958269073754874,2025-03-10 00:00:00
10014167,Order,2025-03-11 00:00:00,310015,WA002,"","",102,9999A,WA010,14.979951011521363,2025-03-10 00:00:00
10014169,Order,2025-03-11 00:00:00,310015,WA002,"","",102,9999A,WA010,14.999909280595118,2025-03-10 00:00:00
10014219,Order,2025-03-11 00:00:00,310015,WA002,"","",102,9999A,WA010,0.05987480722126462,2025-03-11 00:00:00
10014219,Order,2025-03-12 00:00:00,310015,WA002,"","",102,9999A,WA010,14.940034473373855,2025-03-11 00:00:00
10014220,Order,2025-03-13 00:00:00,310015,WA003,"","",102,9999A,WA010,14.999909280595118,2025-03-11 00:00:00
10014410,Order,2025-03-19 00:00:00,310015,WA001,ID002,"",102,9999A,TX001,0.019958269073754874,2025-03-18 00:00:00
10014745,Order,2025-04-02 00:00:00,310015,WA003,"","",102,9999A,WA010,14.999909280595118,2025-04-01 00:00:00
10014900,Order,2025-04-17 00:00:00,310015,ID002,"","",101,"",ID010,1.9798602921164836,2025-04-08 00:00:00
10014900,Order,2025-04-17 00:00:00,310086,ID002,"","",101,"",ID010,2,2025-04-08 00:00:00
10014900,Order,2025-04-17 00:00:00,310086,ID002,"","",102,"",ID010,1,2025-04-08 00:00:00
10014999,Order,2025-04-15 00:00:00,310002,WA001,"","",101,9999E,WA001,0.03991653814750975,2025-04-14 00:00:00
10014999,Order,2025-04-15 00:00:00,310015,WA001,"","",101,9999E,WA001,0.019958269073754874,2025-04-14 00:00:00
10015064,Order,2025-05-01 00:00:00,310002,"","","",101,"",WA001,1.0000907194048807,2025-04-15 00:00:00
10015067,Order,2025-05-01 00:00:00,310015,"","","",101,9999A,WA001,3.9401251927787353,2025-04-15 00:00:00
10015067,Order,2025-05-01 00:00:00,310018,"","","",102,9999A,WA001,4.640116120838247,2025-04-15 00:00:00
10015067,Order,2025-05-01 00:00:00,310774,"","","",102,9999A,WA001,2,2025-04-15 00:00:00
10015103,Order,2025-04-23 00:00:00,310015,WA003,"","",102,9999A,WA017,14.999909280595118,2025-04-17 00:00:00
10015172,Order,2025-04-22 00:00:00,310015,WA002,ID002,"",102,9999A,WA007,0.019958269073754874,2025-04-22 00:00:00
10015172,Order,2025-04-22 00:00:00,310724,WA002,ID002,"",102,9999A,WA007,0.019958269073754874,2025-04-22 00:00:00
10015173,Order,2025-04-23 00:00:00,310015,ID002,"","",102,9999A,ID010,0.0798330762950195,2025-04-22 00:00:00
10015422,Order,2025-04-28 00:00:00,310726,WA002,"","",101,9999E,WA007,0.019958269073754874,2025-04-28 00:00:00
10015689,Order,2025-05-06 00:00:00,310015,WA003,"","",102,9999A,WA017,14.999909280595118,2025-05-06 00:00:00
10015690,Order,2025-05-12 00:00:00,310015,WA003,"","",102,9999A,WA017,14.999909280595118,2025-05-06 00:00:00
10015709,Order,2025-05-13 00:00:00,310015,WA003,"","",102,9999A,WA017,14.999909280595118,2025-05-07 00:00:00
10015710,Order,2025-05-13 00:00:00,310015,WA003,"","",102,9999A,WA017,14.999909280595118,2025-05-07 00:00:00
10015775,Order,2025-05-14 00:00:00,310015,WA002,"","",101,"",WA010,14.999909280595118,2025-05-13 00:00:00
10016032,Order,2025-05-20 00:00:00,310015,ID002,"","",102,9999A,MEX002,0.019958269073754874,2025-05-19 00:00:00
10016042,Order,2025-06-10 00:00:00,310726,"","","",101,3005WGUM,WA007,2.5601016057334665,2025-05-19 00:00:00
10016042,Order,2025-06-10 00:00:00,310726,"","","",101,9999A,WA007,2.9999092805951193,2025-05-19 00:00:00
10016075,Order,2025-06-11 00:00:00,310726,"","","",101,"",WA007,5.560010886328586,2025-05-20 00:00:00
10016191,Order,2025-06-13 00:00:00,310724,ID002,"","",102,9999A,TX001,1.0000907194048807,2025-05-26 00:00:00
229027-1-7-942881,Order,2024-07-03 00:00:00,310015,WA001,"","",102,9999A,WA001,14.999909280595118,2024-06-18 00:00:00
230106-1-10-1180227,Order,2024-11-01 00:00:00,310015,WA001,"","",102,9999A,WA001,14.999909280595118,2024-10-21 00:00:00
230106-1-10-1180648,Order,2024-11-08 00:00:00,310015,WA001,"","",102,9999A,WA001,14.999909280595118,2024-10-25 00:00:00
230106-1-11-1180907,Order,2024-11-19 00:00:00,310015,WA001,"","",102,9999A,WA001,14.999909280595118,2024-11-01 00:00:00
230106-1-11-1181741,Order,2024-12-10 00:00:00,310015,WA001,"","",102,9999A,WA001,14.999909280595118,2024-11-22 00:00:00
230106-1-12-1182154,Order,2024-12-27 00:00:00,310015,WA001,"","",102,9999A,WA001,14.999909280595118,2024-12-09 00:00:00
230106-1-12-1182458,Order,2025-01-06 00:00:00,310015,WA001,"","",102,9999A,WA001,14.999909280595118,2024-12-13 00:00:00
230106-1-7-1173858,Order,2024-07-08 00:00:00,310015,WA001,"","",102,9999A,WA001,14.999909280595118,2024-06-24 00:00:00
230106-1-8-1174150,Order,2024-07-23 00:00:00,310015,WA001,"","",102,9999A,WA001,14.999909280595118,2024-06-28 00:00:00
230106-1-8-1175295,Order,2024-08-06 00:00:00,310015,WA001,"","",102,9999A,WA001,14.999909280595118,2024-07-22 00:00:00
230106-1-8-1176895,Order,2024-08-27 00:00:00,310015,WA001,"","",102,9999A,WA001,14.999909280595118,2024-08-21 00:00:00
230106-1-9-1177065,Order,2024-09-10 00:00:00,310015,WA001,"","",102,9999A,WA001,14.999909280595118,2024-08-26 00:00:00
230106-1-9-1177066,Order,2024-09-19 00:00:00,310015,WA001,"","",102,9999A,WA001,14.999909280595118,2024-08-26 00:00:00
230106-1-9-1177862,Order,2024-09-26 00:00:00,310015,WA001,"","",102,9999A,WA001,14.999909280595118,2024-09-11 00:00:00
230106-1-9-1179343,Order,2024-10-18 00:00:00,310015,WA001,"","",102,9999A,WA001,14.999909280595118,2024-10-04 00:00:00
230148-1-5-943126,Order,2024-06-28 00:00:00,310015,WA001,"","",102,9999A,WA001,14.999909280595118,2024-06-20 00:00:00
230148-1-6-1174722,Order,2024-07-19 00:00:00,310015,WA001,"","",102,9999A,WA001,14.999909280595118,2024-07-10 00:00:00
230148-1-7-1174723,Order,2024-07-26 00:00:00,310015,WA001,"","",102,9999A,WA001,14.999909280595118,2024-07-10 00:00:00
230148-1-8-1176596,Order,2024-08-30 00:00:00,310015,WA001,"","",102,9999A,WA001,14.999909280595118,2024-08-15 00:00:00
230148-1-9-1176599,Order,2024-09-13 00:00:00,310015,WA001,"","",102,9999A,WA001,14.999909280595118,2024-08-15 00:00:00
230283-1-10-1179026,Order,2024-10-19 00:00:00,310015,ID002,"","",102,9999A,ID010,14.999909280595118,2024-09-26 00:00:00
230283-1-10-1179027,Order,2024-10-19 00:00:00,310015,ID002,"","",102,9999A,ID010,14.999909280595118,2024-09-26 00:00:00
230283-1-11-1180591,Order,2024-11-23 00:00:00,310015,ID002,"","",102,9999A,ID010,14.999909280595118,2024-10-24 00:00:00
230283-1-11-1180592,Order,2024-11-23 00:00:00,310015,ID002,"","",102,9999A,ID010,14.999909280595118,2024-10-24 00:00:00
230283-1-12-1181899,Order,2024-12-21 00:00:00,310015,ID002,"","",102,9999A,ID010,14.999909280595118,2024-12-02 00:00:00
230283-1-12-1181900,Order,2024-12-20 00:00:00,310015,ID002,"","",102,9999A,ID010,0.05987480722126462,2024-12-02 00:00:00
230283-1-12-1181900,Order,2024-12-21 00:00:00,310015,ID002,"","",102,9999A,ID010,14.940034473373855,2024-12-02 00:00:00
230283-1-7-1173884,Order,2024-07-16 00:00:00,310015,ID002,"","",102,9999A,ID010,14.999909280595118,2024-06-21 00:00:00
230283-1-7-1173885,Order,2024-07-16 00:00:00,310015,ID002,"","",102,9999A,ID010,14.999909280595118,2024-06-21 00:00:00
230283-1-8-1175783,Order,2024-08-02 00:00:00,310015,ID002,"","",102,9999A,ID010,0.019958269073754874,2024-07-30 00:00:00
230283-1-8-1175783,Order,2024-08-03 00:00:00,310015,ID002,"","",102,9999A,ID010,14.979951011521363,2024-07-30 00:00:00
230283-1-8-1175784,Order,2024-08-17 00:00:00,310015,ID002,"","",102,9999A,ID010,14.999909280595118,2024-07-30 00:00:00
230283-1-9-1177002,Order,2024-09-21 00:00:00,310015,ID002,"","",102,9999A,ID010,14.999909280595118,2024-08-22 00:00:00
230283-1-9-1177003,Order,2024-09-21 00:00:00,310015,ID002,"","",102,9999A,ID010,14.999909280595118,2024-08-22 00:00:00
230302-1-1-1181251,Order,2024-12-06 00:00:00,310015,ID002,"","",102,9999A,ID010,14.999909280595118,2024-11-13 00:00:00
230302-1-2-1180851,Order,2024-11-11 00:00:00,310015,ID002,"","",102,9999A,ID010,14.999909280595118,2024-10-31 00:00:00
230302-1-4-1175984,Order,2024-09-06 00:00:00,310015,ID002,"","",102,9999A,ID010,14.999909280595118,2024-08-05 00:00:00
230302-1-5-1180272,Order,2024-10-25 00:00:00,310015,ID002,"","",102,9999A,ID010,14.999909280595118,2024-10-21 00:00:00
230525-1-1-943134,Order,2024-08-15 00:00:00,310726,WA003,"","",101,3025S,WA007,1.7396353079923796,2024-06-20 00:00:00
230525-1-1-943134,Order,2024-08-16 00:00:00,310726,WA003,"","",101,3025S,WA007,278.2603646920076,2024-06-20 00:00:00
230526-1-1-1175330,Order,2024-09-15 00:00:00,310726,WA003,"","",101,3025S,WA007,0.0798330762950195,2024-07-22 00:00:00
230526-1-1-1175330,Order,2024-09-16 00:00:00,310726,WA003,"","",101,3025S,WA007,79.92016692370497,2024-07-22 00:00:00
230526-1-1-1175331,Order,2024-09-15 00:00:00,310726,WA003,"","",101,3025S,WA007,0.3000997913453688,2024-07-22 00:00:00
230526-1-1-1175331,Order,2024-09-16 00:00:00,310726,WA003,"","",101,3025S,WA007,119.69990020865464,2024-07-22 00:00:00
230527-1-1-1177402,Order,2024-10-15 00:00:00,310726,WA002,"","",101,3025A,WA007,0.03991653814750975,2024-09-04 00:00:00
230527-1-1-1177402,Order,2024-10-16 00:00:00,310726,WA002,"","",101,3025A,WA007,159.9600834618525,2024-09-04 00:00:00
230527-1-1-1177544,Order,2024-10-25 00:00:00,310726,WA002,"","",101,3025A,WA007,40,2024-09-06 00:00:00
230528-1-1-1177869,Order,2024-11-01 00:00:00,310726,WA002,"","",101,3025A,WA007,0.03991653814750975,2024-09-11 00:00:00
230528-1-1-1177869,Order,2024-11-02 00:00:00,310726,WA002,"","",101,3025A,WA007,159.9600834618525,2024-09-11 00:00:00
230528-1-1-1177870,Order,2024-11-02 00:00:00,310726,WA002,"","",101,3025A,WA007,40,2024-09-11 00:00:00
230529-1-1-1180531,Order,2024-12-16 00:00:00,310726,WA002,"","",101,3035A,WA007,160,2024-10-23 00:00:00
230529-1-1-1181252,Order,2024-12-16 00:00:00,310726,WA002,"","",101,3035A,WA007,40,2024-11-13 00:00:00
230583-1-10-1181204,Order,2024-11-13 00:00:00,310015,WA001,ID002,"",102,9999A,WA001,16,2024-11-12 00:00:00
230583-1-10-1181205,Order,2024-11-13 00:00:00,310015,WA001,ID002,"",102,9999A,WA001,16,2024-11-12 00:00:00
230583-1-11-1179462,Order,2024-11-21 00:00:00,310015,WA001,ID002,"",102,9999A,WA001,16,2024-11-20 00:00:00
230583-1-11-1179463,Order,2024-11-21 00:00:00,310015,WA001,ID002,"",102,9999A,WA001,16,2024-11-20 00:00:00
230583-1-12-1181806,Order,2024-12-02 00:00:00,310015,WA001,ID002,"",102,9999A,WA001,16,2024-11-26 00:00:00
230583-1-12-1181807,Order,2024-12-02 00:00:00,310015,WA001,ID002,"",102,9999A,WA001,16,2024-11-26 00:00:00
230583-1-6-1174014,Order,2024-06-26 00:00:00,310015,WA001,ID002,"",102,9999A,WA001,16,2024-06-25 00:00:00
230583-1-6-1174015,Order,2024-06-26 00:00:00,310015,WA001,ID002,"",102,9999A,WA001,16,2024-06-25 00:00:00
230583-1-7-1174383,Order,2024-07-09 00:00:00,310015,WA001,ID002,"",102,9999A,WA001,16,2024-07-02 00:00:00
230583-1-7-1174384,Order,2024-07-09 00:00:00,310015,WA001,ID002,"",102,9999A,WA001,16,2024-07-02 00:00:00
230583-1-8-1176088,Order,2024-08-27 00:00:00,310015,WA001,ID002,"",102,9999A,WA001,16,2024-08-22 00:00:00
230583-1-8-1176089,Order,2024-08-27 00:00:00,310015,WA001,ID002,"",102,9999A,WA001,16,2024-08-22 00:00:00
230583-1-9-1177085,Order,2024-09-02 00:00:00,310015,WA001,ID002,"",102,9999A,WA001,16,2024-08-26 00:00:00
230583-1-9-1177086,Order,2024-09-02 00:00:00,310015,WA001,ID002,"",102,9999A,WA001,16,2024-08-26 00:00:00
230601-1-3-1174873,Order,2024-07-29 00:00:00,310015,ID002,"","",102,3117A,ID010,14.999909280595118,2024-07-11 00:00:00
230601-1-3-1174876,Order,2024-08-04 00:00:00,310015,ID002,"","",102,3117A,ID010,5.999818561190239,2024-07-11 00:00:00
230601-1-3-1175767,Order,2024-08-11 00:00:00,310015,ID002,"","",102,3117A,ID010,14.999909280595118,2024-07-30 00:00:00
230601-1-3-1175768,Order,2024-08-16 00:00:00,310015,ID002,"","",102,3117A,ID010,14.999909280595118,2024-07-30 00:00:00
230601-1-3-1175769,Order,2024-08-23 00:00:00,310015,ID002,"","",102,3117A,ID010,14.999909280595118,2024-07-30 00:00:00
230601-1-4-1176517,Order,2024-10-27 00:00:00,310015,ID002,"","",102,3117A,ID010,10.000181438809761,2024-08-14 00:00:00
230601-1-4-1176518,Order,2024-09-13 00:00:00,310015,ID002,"","",102,3117A,ID010,14.999909280595118,2024-08-14 00:00:00
230601-1-4-1176519,Order,2024-09-20 00:00:00,310015,ID002,"","",102,3117A,ID010,14.999909280595118,2024-08-14 00:00:00
230601-1-4-1179205,Order,2024-10-11 00:00:00,310015,ID002,"","",102,3117A,ID010,14.999909280595118,2024-10-01 00:00:00
230601-1-4-1181438,Order,2024-12-03 00:00:00,310015,ID002,"","",102,3117A,ID010,14.999909280595118,2024-11-18 00:00:00
230601-1-4-1181467,Order,2024-12-06 00:00:00,310015,ID002,"","",102,3117A,ID010,14.999909280595118,2024-11-18 00:00:00
230601-1-5-1182460,Order,2025-01-03 00:00:00,310015,ID002,"","",102,3117A,ID010,14.999909280595118,2024-12-16 00:00:00
230619-1-12-1179903,Order,2024-12-17 00:00:00,310768,ID002,"","",101,3200A,ID010,19,2024-10-14 00:00:00
230619-1-13-1181293,Order,2025-01-06 00:00:00,310768,ID002,"","",101,3200A,ID010,19,2024-11-13 00:00:00
230619-1-5-1175443,Order,2024-07-25 00:00:00,310768,ID002,"","",102,9999A,ID010,20,2024-07-24 00:00:00
230619-1-8-1175598,Order,2024-10-28 00:00:00,310768,ID002,"","",101,3200A,ID010,20,2024-07-26 00:00:00
230619-1-8-1175599,Order,2024-10-28 00:00:00,310768,ID002,"","",101,3200A,ID010,20,2024-07-26 00:00:00
230619-1-8-1175600,Order,2024-10-28 00:00:00,310768,ID002,"","",101,3200A,ID010,20,2024-07-26 00:00:00
230619-1-9-1176918,Order,2024-09-18 00:00:00,310768,ID010,"","",101,9999A,ID010,20,2024-08-21 00:00:00
230625-1-10-1174734,Order,2024-09-26 00:00:00,310015,WA001,"","",102,9999A,WA001,14.999909280595118,2024-07-10 00:00:00
230625-1-10-1178405,Order,2024-10-08 00:00:00,310015,WA001,"","",102,9999A,WA001,14.999909280595118,2024-09-19 00:00:00
230625-1-10-1178406,Order,2024-10-19 00:00:00,310015,WA001,"","",102,9999A,WA001,14.999909280595118,2024-09-19 00:00:00
230625-1-11-1178407,Order,2024-10-29 00:00:00,310015,WA001,"","",102,9999A,WA001,14.999909280595118,2024-09-19 00:00:00
230625-1-11-1180068,Order,2024-11-07 00:00:00,310015,WA001,"","",102,9999A,WA001,14.999909280595118,2024-10-16 00:00:00
230625-1-11-1180069,Order,2024-11-16 00:00:00,310015,WA001,"","",102,9999A,WA001,14.999909280595118,2024-10-16 00:00:00
230625-1-12-1180070,Order,2024-11-26 00:00:00,310015,WA001,"","",102,9999A,WA001,14.999909280595118,2024-10-16 00:00:00
230625-1-12-1181458,Order,2024-12-05 00:00:00,310015,WA001,"","",102,9999A,WA001,14.999909280595118,2024-11-19 00:00:00
230625-1-12-1181459,Order,2024-12-14 00:00:00,310015,WA001,"","",102,9999A,WA001,14.999909280595118,2024-11-19 00:00:00
230625-1-12-1181460,Order,2024-12-24 00:00:00,310015,WA001,"","",102,9999A,WA001,14.999909280595118,2024-11-19 00:00:00
230625-1-7-942882,Order,2024-07-11 00:00:00,310015,WA001,"","",102,9999A,WA001,14.999909280595118,2024-06-18 00:00:00
230625-1-7-942883,Order,2024-07-18 00:00:00,310015,WA001,"","",102,9999A,WA001,14.999909280595118,2024-06-18 00:00:00
230625-1-7-942884,Order,2024-07-27 00:00:00,310015,WA001,"","",102,9999A,WA001,14.999909280595118,2024-06-18 00:00:00
230625-1-8-1174727,Order,2024-08-03 00:00:00,310015,WA001,"","",102,9999A,WA001,14.999909280595118,2024-07-10 00:00:00
230625-1-8-1174728,Order,2024-08-13 00:00:00,310015,WA001,"","",102,9999A,WA001,14.999909280595118,2024-07-10 00:00:00
230625-1-8-1174729,Order,2024-08-23 00:00:00,310015,WA001,"","",102,9999A,WA001,14.999909280595118,2024-07-10 00:00:00
230625-1-9-1174731,Order,2024-08-31 00:00:00,310015,WA001,"","",102,9999A,WA001,14.999909280595118,2024-07-10 00:00:00
230625-1-9-1174732,Order,2024-09-10 00:00:00,310015,WA001,"","",102,9999A,WA001,14.999909280595118,2024-07-10 00:00:00
230625-1-9-1174733,Order,2024-09-18 00:00:00,310015,WA001,"","",102,9999A,WA001,14.999909280595118,2024-07-10 00:00:00
230682-1-7-1175341,Order,2024-08-07 00:00:00,310774,WA001,"","",102,9999A,WA001,19,2024-07-23 00:00:00
230682-1-7-1175342,Order,2024-08-02 00:00:00,310774,WA001,"","",102,9999A,WA001,19,2024-07-23 00:00:00
230682-1-7-1175343,Order,2024-08-12 00:00:00,310774,WA001,"","",102,9999A,WA001,19,2024-07-23 00:00:00
230682-1-7-1175344,Order,2024-08-19 00:00:00,310774,WA001,"","",102,9999A,WA001,19,2024-07-23 00:00:00
230682-1-7-1175345,Order,2024-08-26 00:00:00,310774,WA001,"","",102,9999A,WA001,19,2024-07-23 00:00:00
230682-1-7-1175346,Order,2024-08-30 00:00:00,310774,WA001,"","",102,9999A,WA001,19,2024-07-23 00:00:00
230682-1-8-1176507,Order,2024-09-03 00:00:00,310774,WA001,"","",102,9999A,WA001,19,2024-08-14 00:00:00
230682-1-8-1176508,Order,2024-09-09 00:00:00,310774,WA001,"","",102,9999A,WA001,19,2024-08-14 00:00:00
230682-1-8-1176509,Order,2024-09-13 00:00:00,310774,WA001,"","",102,9999A,WA001,19,2024-08-14 00:00:00
230682-1-8-1178571,Order,2024-10-25 00:00:00,310774,WA001,"","",102,9999A,WA001,19,2024-09-23 00:00:00
230723-1-2-1175494,Order,2024-08-19 00:00:00,310018,WA001,"","",102,9999A,WA001,14.999909280595118,2024-07-24 00:00:00
230723-1-4-1177863,Order,2024-11-04 00:00:00,310018,WA001,"","",102,9999A,WA001,14.999909280595118,2024-09-11 00:00:00
230723-1-5-1181818,Order,2024-12-05 00:00:00,310018,WA001,"","",102,9999A,WA001,15.00027215821464,2024-11-27 00:00:00
230734-1-3-1177141,Order,2024-10-18 00:00:00,310015,WA001,"","",102,9999A,WA001,8,2024-08-27 00:00:00
230737-1-2-1176510,Order,2024-09-13 00:00:00,310002,WA001,"","",102,9999A,WA001,14.999909280595118,2024-08-14 00:00:00
230737-1-2-1176511,Order,2024-09-23 00:00:00,310002,WA001,"","",102,9999A,WA001,14.999909280595118,2024-08-14 00:00:00
230737-1-3-1177866,Order,2024-10-14 00:00:00,310002,WA001,"","",102,9999A,WA001,14.999909280595118,2024-09-11 00:00:00
230737-1-3-1177867,Order,2024-10-30 00:00:00,310002,WA001,"","",102,9999A,WA001,14.999909280595118,2024-09-11 00:00:00
230737-1-3-1177868,Order,2024-11-11 00:00:00,310002,WA001,"","",102,9999A,WA001,14.999909280595118,2024-09-11 00:00:00
230737-1-3-1177902,Order,2024-10-04 00:00:00,310002,WA001,"","",102,9999A,WA001,14.999909280595118,2024-09-11 00:00:00
230737-1-3-1178567,Order,2024-11-25 00:00:00,310002,WA001,"","",102,9999A,WA001,14.999909280595118,2024-09-23 00:00:00
230752-1-7-1174221,Order,2024-08-16 00:00:00,310726,WA003,"","",101,3007DRYGUM,WA007,40,2024-06-28 00:00:00
230752-1-7-1174222,Order,2024-08-16 00:00:00,310726,WA003,"","",101,3007DRYGUM,WA007,40,2024-06-28 00:00:00
230752-1-7-1174223,Order,2024-08-16 00:00:00,310726,WA003,"","",101,3007DRYGUM,WA007,40,2024-06-28 00:00:00
230752-1-8-1175591,Order,2024-09-16 00:00:00,310726,WA003,"","",101,3007DRYGUM,WA007,40,2024-07-26 00:00:00
230752-1-8-1175592,Order,2024-09-16 00:00:00,310726,WA003,"","",101,3007DRYGUM,WA007,40,2024-07-26 00:00:00
230752-1-8-1175593,Order,2024-09-16 00:00:00,310726,WA003,"","",101,3007DRYGUM,WA007,40,2024-07-26 00:00:00
230752-1-9-1177199,Order,2024-10-01 00:00:00,310726,WA003,"","",101,3007DRYGUM,WA007,0.05987480722126462,2024-08-29 00:00:00
230752-1-9-1177199,Order,2024-10-02 00:00:00,310726,WA003,"","",101,3007DRYGUM,WA007,19.940125192778734,2024-08-29 00:00:00
230752-1-9-1177200,Order,2024-10-02 00:00:00,310726,WA003,"","",101,3007DRYGUM,WA007,40,2024-08-29 00:00:00
230752-1-9-1177201,Order,2024-10-02 00:00:00,310726,WA003,"","",101,3007DRYGUM,WA007,40,2024-08-29 00:00:00
230788-1-6-1175427,Order,2024-09-16 00:00:00,310726,WA003,"","",101,3007DRYGUM,WA007,20,2024-07-23 00:00:00
230788-1-7-1177562,Order,2024-10-15 00:00:00,310726,WA003,"","",101,3007DRYGUM,WA007,40,2024-09-06 00:00:00
230811-1-2-1173980,Order,2024-08-16 00:00:00,310726,WA003,"","",101,3007FO,WA007,20,2024-06-24 00:00:00
230811-1-3-1175428,Order,2024-09-16 00:00:00,310726,WA003,"","",101,3007FO,WA007,20,2024-07-23 00:00:00
230879-1-3-942983,Order,2024-07-30 00:00:00,310015,ID002,WA001,"",102,9999A,TX001,0.03991653814750975,2024-06-19 00:00:00
230879-1-3-942983,Order,2024-07-31 00:00:00,310015,ID002,WA001,"",102,9999A,TX001,20.960174181257372,2024-06-19 00:00:00
230879-1-3-942984,Order,2024-07-30 00:00:00,310015,ID002,WA001,"",102,9999A,TX001,0.1001542229882972,2024-06-19 00:00:00
230879-1-3-942984,Order,2024-07-31 00:00:00,310015,ID002,WA001,"",102,9999A,TX001,20.89993649641658,2024-06-19 00:00:00
230879-1-3-942985,Order,2024-07-31 00:00:00,310015,ID002,WA001,"",102,9999A,TX001,21.00009071940488,2024-06-19 00:00:00
230879-1-3-942986,Order,2024-07-31 00:00:00,310015,ID002,WA001,"",102,9999A,TX001,21.00009071940488,2024-06-19 00:00:00
230880-1-1-1175355,Order,2024-07-31 00:00:00,310015,ID002,WA001,"",102,9999A,TX001,2.0001814388097614,2024-07-23 00:00:00
230880-1-1-1175355,Order,2024-08-01 00:00:00,310015,ID002,WA001,"",102,9999A,TX001,18.99990928059512,2024-07-23 00:00:00
230880-1-1-1175356,Order,2024-08-01 00:00:00,310015,ID002,WA001,"",102,9999A,TX001,21.00009071940488,2024-07-23 00:00:00
230880-1-1-1175357,Order,2024-08-01 00:00:00,310015,ID002,WA001,"",102,9999A,TX001,21.00009071940488,2024-07-23 00:00:00
230880-1-1-1175358,Order,2024-07-31 00:00:00,310015,ID002,WA001,"",102,9999A,TX001,0.019958269073754874,2024-07-23 00:00:00
230880-1-1-1175358,Order,2024-08-01 00:00:00,310015,ID002,WA001,"",102,9999A,TX001,20.980132450331126,2024-07-23 00:00:00
230880-1-1-1175359,Order,2024-07-31 00:00:00,310015,ID002,WA001,"",102,9999A,TX001,0.019958269073754874,2024-07-23 00:00:00
230880-1-1-1175359,Order,2024-08-01 00:00:00,310015,ID002,WA001,"",102,9999A,TX001,20.980132450331126,2024-07-23 00:00:00
230880-1-2-1177111,Order,2024-09-01 00:00:00,310015,ID002,WA001,"",102,9999A,TX001,21.00009071940488,2024-08-27 00:00:00
230880-1-2-1177136,Order,2024-08-31 00:00:00,310015,ID002,WA001,"",102,9999A,TX001,0.0798330762950195,2024-08-27 00:00:00
230880-1-2-1177136,Order,2024-09-01 00:00:00,310015,ID002,WA001,"",102,9999A,TX001,20.91989476549034,2024-08-27 00:00:00
230880-1-2-1177137,Order,2024-09-01 00:00:00,310015,ID002,WA001,"",102,9999A,TX001,21.00009071940488,2024-08-27 00:00:00
230880-1-2-1177138,Order,2024-09-01 00:00:00,310015,ID002,WA001,"",102,9999A,TX001,21.00009071940488,2024-08-27 00:00:00
230880-1-2-1177139,Order,2024-09-01 00:00:00,310015,ID002,WA001,"",102,9999A,TX001,21.00009071940488,2024-08-27 00:00:00
230880-1-2-1177140,Order,2024-09-01 00:00:00,310015,ID002,WA001,"",102,9999A,TX001,21.00009071940488,2024-08-27 00:00:00
230880-1-3-1177142,Order,2024-10-01 00:00:00,310015,ID002,WA001,"",102,9999A,TX001,21.00009071940488,2024-08-27 00:00:00
230880-1-3-1177143,Order,2024-10-01 00:00:00,310015,ID002,WA001,"",102,9999A,TX001,21.00009071940488,2024-08-27 00:00:00
230880-1-3-1177144,Order,2024-10-01 00:00:00,310015,ID002,WA001,"",102,9999A,TX001,21.00009071940488,2024-08-27 00:00:00
230880-1-3-1177145,Order,2024-10-01 00:00:00,310015,ID002,WA001,"",102,9999A,TX001,21.00009071940488,2024-08-27 00:00:00
230880-1-3-1177146,Order,2024-09-30 00:00:00,310015,ID002,WA001,"",102,9999A,TX001,0.019958269073754874,2024-08-27 00:00:00
230880-1-3-1177146,Order,2024-10-01 00:00:00,310015,ID002,WA001,"",102,9999A,TX001,20.980132450331126,2024-08-27 00:00:00
230881-1-1-1181009,Order,2024-11-30 00:00:00,310015,ID002,WA001,"",102,9999A,TX001,0.019958269073754874,2024-11-06 00:00:00
230881-1-1-1181009,Order,2024-12-01 00:00:00,310015,ID002,WA001,"",102,9999A,TX001,20.980132450331126,2024-11-06 00:00:00
230881-1-1-1181010,Order,2024-11-30 00:00:00,310015,ID002,WA001,"",102,9999A,TX001,0.3000997913453688,2024-11-06 00:00:00
230881-1-1-1181010,Order,2024-12-01 00:00:00,310015,ID002,WA001,"",102,9999A,TX001,20.69999092805951,2024-11-06 00:00:00
230881-1-1-1181011,Order,2024-11-30 00:00:00,310015,ID002,WA001,"",102,9999A,TX001,0.019958269073754874,2024-11-06 00:00:00
230881-1-1-1181011,Order,2024-12-01 00:00:00,310015,ID002,WA001,"",102,9999A,TX001,20.980132450331126,2024-11-06 00:00:00
230881-1-1-1181704,Order,2024-12-31 00:00:00,310015,ID002,WA001,"",102,9999A,TX001,21.00009071940488,2024-11-22 00:00:00
230881-1-1-1181705,Order,2024-12-30 00:00:00,310015,ID002,WA001,"",102,9999A,TX001,0.019958269073754874,2024-11-22 00:00:00
230881-1-1-1181705,Order,2024-12-31 00:00:00,310015,ID002,WA001,"",102,9999A,TX001,20.980132450331126,2024-11-22 00:00:00
230881-1-2-1181421,Order,2024-12-30 00:00:00,310015,ID002,WA001,"",102,9999A,TX001,0.03991653814750975,2024-11-15 00:00:00
230881-1-2-1181421,Order,2024-12-31 00:00:00,310015,ID002,WA001,"",102,9999A,TX001,20.960174181257372,2024-11-15 00:00:00
230881-1-2-1181422,Order,2024-12-30 00:00:00,310015,ID002,WA001,"",102,9999A,TX001,0.05987480722126462,2024-11-15 00:00:00
230881-1-2-1181422,Order,2024-12-31 00:00:00,310015,ID002,WA001,"",102,9999A,TX001,20.939853034564095,2024-11-15 00:00:00
230881-1-2-1181423,Order,2024-12-30 00:00:00,310015,ID002,WA001,"",102,9999A,TX001,1.0000907194048807,2024-11-15 00:00:00
230881-1-2-1181423,Order,2024-12-31 00:00:00,310015,ID002,WA001,"",102,9999A,TX001,20,2024-11-15 00:00:00
230881-1-2-1181424,Order,2024-12-30 00:00:00,310015,ID002,WA001,"",102,9999A,TX001,0.3599745985666334,2024-11-15 00:00:00
230881-1-2-1181424,Order,2024-12-31 00:00:00,310015,ID002,WA001,"",102,9999A,TX001,20.640116120838247,2024-11-15 00:00:00
230881-1-2-1181425,Order,2024-12-31 00:00:00,310015,ID002,WA001,"",102,9999A,TX001,21.00009071940488,2024-11-15 00:00:00
230881-1-3-1181721,Order,2024-12-30 00:00:00,310015,ID002,WA001,"",102,9999A,TX001,0.019958269073754874,2024-11-22 00:00:00
230881-1-3-1181721,Order,2024-12-31 00:00:00,310015,ID002,WA001,"",102,9999A,TX001,20.980132450331126,2024-11-22 00:00:00
230881-1-3-1181722,Order,2024-12-30 00:00:00,310015,ID002,WA001,"",102,9999A,TX001,0.39989113671414317,2024-11-22 00:00:00
230881-1-3-1181722,Order,2024-12-31 00:00:00,310015,ID002,WA001,"",102,9999A,TX001,20.599836705071215,2024-11-22 00:00:00
230881-1-3-1181723,Order,2024-12-31 00:00:00,310015,ID002,WA001,"",102,9999A,TX001,21.00009071940488,2024-11-22 00:00:00
230881-1-3-1181724,Order,2024-12-31 00:00:00,310015,ID002,WA001,"",102,9999A,TX001,21.00009071940488,2024-11-22 00:00:00
230881-1-3-1181725,Order,2025-01-16 00:00:00,310015,ID002,WA001,"",102,9999A,TX001,21.00009071940488,2024-11-22 00:00:00
230914-1-10-1179142,Order,2024-11-01 00:00:00,310015,ID002,WA001,"",102,9999A,ID010,0.019958269073754874,2024-09-30 00:00:00
230914-1-10-1179142,Order,2024-11-02 00:00:00,310015,ID002,WA001,"",102,9999A,ID010,14.979951011521363,2024-09-30 00:00:00
230914-1-10-1179143,Order,2024-11-02 00:00:00,310015,ID002,WA001,"",102,9999A,ID010,14.999909280595118,2024-09-30 00:00:00
230914-1-10-1179144,Order,2024-11-02 00:00:00,310015,ID002,WA001,"",102,9999A,ID010,14.999909280595118,2024-09-30 00:00:00
230914-1-10-1179145,Order,2024-11-02 00:00:00,310015,ID002,WA001,"",102,9999A,ID010,14.999909280595118,2024-09-30 00:00:00
230914-1-10-1179146,Order,2024-11-02 00:00:00,310015,ID002,WA001,"",102,9999A,ID010,14.999909280595118,2024-09-30 00:00:00
230914-1-11-1179171,Order,2024-12-02 00:00:00,310015,ID002,WA001,"",102,9999A,ID010,14.999909280595118,2024-10-01 00:00:00
230914-1-11-1179172,Order,2024-12-02 00:00:00,310015,ID002,WA001,"",102,9999A,ID010,14.999909280595118,2024-10-01 00:00:00
230914-1-11-1179173,Order,2024-12-02 00:00:00,310015,ID002,WA001,"",102,9999A,ID010,14.999909280595118,2024-10-01 00:00:00
230914-1-11-1179174,Order,2024-12-02 00:00:00,310015,ID002,WA001,"",102,9999A,ID010,14.999909280595118,2024-10-01 00:00:00
230914-1-11-1179175,Order,2024-12-02 00:00:00,310015,ID002,WA001,"",102,9999A,ID010,14.999909280595118,2024-10-01 00:00:00
230914-1-7-942861,Order,2024-08-02 00:00:00,310015,ID002,WA001,"",102,9999A,ID010,14.999909280595118,2024-06-18 00:00:00
230914-1-7-942862,Order,2024-08-02 00:00:00,310015,ID002,WA001,"",102,9999A,ID010,14.999909280595118,2024-06-18 00:00:00
230914-1-7-942863,Order,2024-08-02 00:00:00,310015,ID002,WA001,"",102,9999A,ID010,14.999909280595118,2024-06-18 00:00:00
230914-1-7-942864,Order,2024-08-02 00:00:00,310015,ID002,WA001,"",102,9999A,ID010,14.999909280595118,2024-06-18 00:00:00
230914-1-7-942865,Order,2024-08-01 00:00:00,310015,ID002,WA001,"",102,9999A,ID010,0.019958269073754874,2024-06-18 00:00:00
230914-1-7-942865,Order,2024-08-02 00:00:00,310015,ID002,WA001,"",102,9999A,ID010,14.979951011521363,2024-06-18 00:00:00
230914-1-8-1175898,Order,2024-09-02 00:00:00,310015,ID002,WA001,"",102,9999A,ID010,14.999909280595118,2024-08-01 00:00:00
230914-1-8-1175899,Order,2024-09-02 00:00:00,310015,ID002,WA001,"",102,9999A,ID010,14.999909280595118,2024-08-01 00:00:00
230914-1-8-1175900,Order,2024-09-02 00:00:00,310015,ID002,WA001,"",102,9999A,ID010,14.999909280595118,2024-08-01 00:00:00
230914-1-8-1175901,Order,2024-09-02 00:00:00,310015,ID002,WA001,"",102,9999A,ID010,14.999909280595118,2024-08-01 00:00:00
230914-1-8-1175902,Order,2024-09-02 00:00:00,310015,ID002,WA001,"",102,9999A,ID010,14.999909280595118,2024-08-01 00:00:00
230914-1-9-1176265,Order,2024-10-01 00:00:00,310015,ID002,WA001,"",102,9999A,ID010,0.05987480722126462,2024-08-09 00:00:00
230914-1-9-1176265,Order,2024-10-02 00:00:00,310015,ID002,WA001,"",102,9999A,ID010,14.940034473373855,2024-08-09 00:00:00
230914-1-9-1176266,Order,2024-10-02 00:00:00,310015,ID002,WA001,"",102,9999A,ID010,14.999909280595118,2024-08-09 00:00:00
230914-1-9-1176267,Order,2024-10-02 00:00:00,310015,ID002,WA001,"",102,9999A,ID010,14.999909280595118,2024-08-09 00:00:00
230914-1-9-1176268,Order,2024-10-02 00:00:00,310015,ID002,WA001,"",102,9999A,ID010,14.999909280595118,2024-08-09 00:00:00
230914-1-9-1176269,Order,2024-10-02 00:00:00,310015,ID002,WA001,"",102,9999A,ID010,14.999909280595118,2024-08-09 00:00:00
231061-1-4-1174284,Order,2024-07-08 00:00:00,310015,WA001,ID002,"",102,9999E,WA001,0.19994556835707158,2024-07-01 00:00:00
231061-1-4-1174284,Order,2024-07-09 00:00:00,310015,WA001,ID002,"",102,9999E,WA001,14.999909280595118,2024-07-01 00:00:00
231061-1-4-1174724,Order,2024-07-30 00:00:00,310015,WA001,ID002,"",102,9999E,WA001,14.999909280595118,2024-07-10 00:00:00
231061-1-5-1174725,Order,2024-08-02 00:00:00,310015,WA001,ID002,"",102,9999E,WA001,14.999909280595118,2024-07-10 00:00:00
231061-1-5-1175765,Order,2024-08-17 00:00:00,310015,WA001,ID002,"",102,9999E,WA001,14.999909280595118,2024-07-30 00:00:00
231061-1-6-1176862,Order,2024-09-23 00:00:00,310015,WA001,ID002,"",102,9999E,WA001,0.19994556835707158,2024-08-20 00:00:00
231061-1-6-1176862,Order,2024-09-24 00:00:00,310015,WA001,ID002,"",102,9999E,WA001,14.999909280595118,2024-08-20 00:00:00
231061-1-6-1179823,Order,2024-10-29 00:00:00,310015,WA001,ID002,"",102,9999E,WA001,14.999909280595118,2024-10-14 00:00:00
231071-1-4-1175764,Order,2024-08-14 00:00:00,310002,WA001,"","",102,9999A,WA001,14.999909280595118,2024-07-30 00:00:00
231071-1-5-1176068,Order,2024-09-24 00:00:00,310002,WA001,"","",102,9999A,WA001,14.999909280595118,2024-08-06 00:00:00
231071-1-5-1176864,Order,2024-09-28 00:00:00,310002,WA001,"","",102,9999A,WA001,14.999909280595118,2024-08-20 00:00:00
231142-1-1-1174584,Order,2024-08-01 00:00:00,310015,ID002,WA001,"",102,9999A,MEX002,20,2024-07-08 00:00:00
231142-1-1-1174585,Order,2024-08-01 00:00:00,310015,ID002,WA001,"",102,9999A,MEX002,20,2024-07-08 00:00:00
231142-1-1-1174586,Order,2024-08-01 00:00:00,310015,ID002,WA001,"",102,9999A,MEX002,20,2024-07-08 00:00:00
231142-1-1-1174587,Order,2024-08-01 00:00:00,310015,ID002,WA001,"",102,9999A,MEX002,20,2024-07-08 00:00:00
231142-1-1-1174588,Order,2024-08-01 00:00:00,310015,ID002,WA001,"",102,9999A,MEX002,20,2024-07-08 00:00:00
231142-1-1-1174589,Order,2024-08-01 00:00:00,310015,ID002,WA001,"",102,9999A,MEX002,20,2024-07-08 00:00:00
231142-1-1-1174590,Order,2024-08-01 00:00:00,310015,ID002,WA001,"",102,9999A,MEX002,20,2024-07-08 00:00:00
231142-1-1-943099,Order,2024-08-01 00:00:00,310015,ID002,WA001,"",102,9999A,MEX002,20,2024-06-20 00:00:00
231142-1-1-943100,Order,2024-08-01 00:00:00,310015,ID002,WA001,"",102,9999A,MEX002,20,2024-06-20 00:00:00
231142-1-1-943101,Order,2024-08-01 00:00:00,310015,ID002,WA001,"",102,9999A,MEX002,20,2024-06-20 00:00:00
231142-1-1-943102,Order,2024-08-01 00:00:00,310015,ID002,WA001,"",102,9999A,MEX002,20,2024-06-20 00:00:00
231142-1-1-943103,Order,2024-08-01 00:00:00,310015,ID002,WA001,"",102,9999A,MEX002,20,2024-06-20 00:00:00
231142-1-1-943104,Order,2024-08-01 00:00:00,310015,ID002,WA001,"",102,9999A,MEX002,20,2024-06-20 00:00:00
231142-1-1-943105,Order,2024-08-01 00:00:00,310015,ID002,WA001,"",102,9999A,MEX002,20,2024-06-20 00:00:00
231142-1-1-943106,Order,2024-08-01 00:00:00,310015,ID002,WA001,"",102,9999A,MEX002,20,2024-06-20 00:00:00
231142-1-1-943107,Order,2024-08-01 00:00:00,310015,ID002,WA001,"",102,9999A,MEX002,20,2024-06-20 00:00:00
231142-1-1-943108,Order,2024-08-01 00:00:00,310015,ID002,WA001,"",102,9999A,MEX002,20,2024-06-20 00:00:00
231142-1-1-943109,Order,2024-08-01 00:00:00,310015,ID002,WA001,"",102,9999A,MEX002,20,2024-06-20 00:00:00
231142-1-1-943110,Order,2024-08-01 00:00:00,310015,ID002,WA001,"",102,9999A,TX001,20,2024-06-20 00:00:00
231142-1-1-943111,Order,2024-08-01 00:00:00,310015,ID002,WA001,"",102,9999A,MEX002,20,2024-06-20 00:00:00
231142-1-1-943112,Order,2024-08-01 00:00:00,310015,ID002,WA001,"",102,9999A,MEX002,20,2024-06-20 00:00:00
231142-1-1-943113,Order,2024-08-01 00:00:00,310015,ID002,WA001,"",102,9999A,MEX002,20,2024-06-20 00:00:00
231142-1-1-943114,Order,2024-08-01 00:00:00,310015,ID002,WA001,"",102,9999A,MEX002,20,2024-06-20 00:00:00
231142-1-1-943115,Order,2024-08-01 00:00:00,310015,ID002,WA001,"",102,9999A,MEX002,20,2024-06-20 00:00:00
231142-1-1-943116,Order,2024-08-01 00:00:00,310015,ID002,WA001,"",102,9999A,MEX002,20,2024-06-20 00:00:00
231142-1-1-943117,Order,2024-08-01 00:00:00,310015,ID002,WA001,"",102,9999A,MEX002,20,2024-06-20 00:00:00
231142-1-1-943118,Order,2024-08-01 00:00:00,310015,ID002,WA001,"",102,9999A,MEX002,20,2024-06-20 00:00:00
231142-1-2-1174591,Order,2024-08-01 00:00:00,310015,ID002,WA001,"",102,9999A,MEX002,20,2024-07-08 00:00:00
231142-1-2-1174592,Order,2024-08-01 00:00:00,310015,ID002,WA001,"",102,9999A,MEX002,20,2024-07-08 00:00:00
231142-1-2-1174593,Order,2024-08-01 00:00:00,310015,ID002,WA001,"",102,9999A,MEX002,20,2024-07-08 00:00:00
231142-1-2-1174594,Order,2024-08-01 00:00:00,310015,ID002,WA001,"",102,9999A,MEX002,20,2024-07-08 00:00:00
231142-1-2-1174595,Order,2024-08-01 00:00:00,310015,ID002,WA001,"",102,9999A,TX001,20,2024-07-08 00:00:00
231142-1-2-1174596,Order,2024-07-31 00:00:00,310015,ID002,WA001,"",102,9999A,TX001,0.019958269073754874,2024-07-08 00:00:00
231142-1-2-1174596,Order,2024-08-01 00:00:00,310015,ID002,WA001,"",102,9999A,TX001,19.980041730926242,2024-07-08 00:00:00
231142-1-2-1174597,Order,2024-07-31 00:00:00,310015,ID002,WA001,"",102,9999A,TX001,0.019958269073754874,2024-07-08 00:00:00
231142-1-2-1174597,Order,2024-08-01 00:00:00,310015,ID002,WA001,"",102,9999A,TX001,19.980041730926242,2024-07-08 00:00:00
231142-1-2-1174598,Order,2024-08-01 00:00:00,310015,ID002,WA001,"",102,9999A,TX001,20,2024-07-08 00:00:00
231142-1-2-1174599,Order,2024-08-01 00:00:00,310015,ID002,WA001,"",102,9999A,TX001,20,2024-07-08 00:00:00
231142-1-2-1175088,Order,2024-07-31 00:00:00,310015,ID002,WA001,"",102,9999A,TX001,0.019958269073754874,2024-07-17 00:00:00
231142-1-2-1175088,Order,2024-08-01 00:00:00,310015,ID002,WA001,"",102,9999A,TX001,19.980041730926242,2024-07-17 00:00:00
231142-1-2-1175089,Order,2024-08-01 00:00:00,310015,ID002,WA001,"",102,9999A,TX001,20,2024-07-17 00:00:00
231142-1-2-1175090,Order,2024-08-01 00:00:00,310015,ID002,WA001,"",102,9999A,TX001,20,2024-07-17 00:00:00
231142-1-2-1175091,Order,2024-08-01 00:00:00,310015,ID002,WA001,"",102,9999A,TX001,20,2024-07-17 00:00:00
231142-1-2-1175092,Order,2024-08-01 00:00:00,310015,ID002,WA001,"",102,9999A,TX001,20,2024-07-17 00:00:00
231142-1-2-1175447,Order,2024-08-31 00:00:00,310015,ID002,WA001,"",102,9999A,MEX002,20,2024-07-24 00:00:00
231142-1-2-1175448,Order,2024-08-31 00:00:00,310015,ID002,WA001,"",102,9999A,MEX002,20,2024-07-24 00:00:00
231142-1-2-1175449,Order,2024-08-31 00:00:00,310015,ID002,WA001,"",102,9999A,MEX002,20,2024-07-24 00:00:00
231142-1-2-1175450,Order,2024-08-31 00:00:00,310015,ID002,WA001,"",102,9999A,MEX002,20,2024-07-24 00:00:00
231142-1-2-1175451,Order,2024-08-31 00:00:00,310015,ID002,WA001,"",102,9999A,MEX002,20,2024-07-24 00:00:00
231142-1-2-1175452,Order,2024-08-31 00:00:00,310015,ID002,WA001,"",102,9999A,MEX002,20,2024-07-24 00:00:00
231142-1-2-1175453,Order,2024-08-31 00:00:00,310015,ID002,WA001,"",102,9999A,MEX002,20,2024-07-24 00:00:00
231142-1-2-1175454,Order,2024-08-31 00:00:00,310015,ID002,WA001,"",102,9999A,MEX002,20,2024-07-24 00:00:00
231142-1-2-1175455,Order,2024-08-31 00:00:00,310015,ID002,WA001,"",102,9999A,MEX002,20,2024-07-24 00:00:00
231142-1-2-1175456,Order,2024-08-31 00:00:00,310015,ID002,WA001,"",102,9999A,MEX002,20,2024-07-24 00:00:00
231142-1-2-1175457,Order,2024-08-31 00:00:00,310015,ID002,WA001,"",102,9999A,MEX002,20,2024-07-24 00:00:00
231142-1-2-1175458,Order,2024-08-31 00:00:00,310015,ID002,WA001,"",102,9999A,MEX002,20,2024-07-24 00:00:00
231142-1-2-1175459,Order,2024-08-31 00:00:00,310015,ID002,WA001,"",102,9999A,MEX002,20,2024-07-24 00:00:00
231142-1-3-1175467,Order,2024-09-01 00:00:00,310015,ID002,WA001,"",102,9999A,MEX002,20,2024-07-24 00:00:00
231142-1-3-1175468,Order,2024-09-01 00:00:00,310015,ID002,WA001,"",102,9999A,MEX002,20,2024-07-24 00:00:00
231142-1-3-1175469,Order,2024-09-01 00:00:00,310015,ID002,WA001,"",102,9999A,MEX002,20,2024-07-24 00:00:00
231142-1-3-1175470,Order,2024-09-01 00:00:00,310015,ID002,WA001,"",102,9999A,MEX002,20,2024-07-24 00:00:00
231142-1-3-1175471,Order,2024-09-01 00:00:00,310015,ID002,WA001,"",102,9999A,MEX002,20,2024-07-24 00:00:00
231142-1-3-1175472,Order,2024-09-01 00:00:00,310015,ID002,WA001,"",102,9999A,MEX002,20,2024-07-24 00:00:00
231142-1-3-1175473,Order,2024-09-01 00:00:00,310015,ID002,WA001,"",102,9999A,MEX002,20,2024-07-24 00:00:00
231142-1-3-1175474,Order,2024-09-01 00:00:00,310015,ID002,WA001,"",102,9999A,MEX002,20,2024-07-24 00:00:00
231142-1-3-1175475,Order,2024-09-01 00:00:00,310015,ID002,WA001,"",102,9999A,MEX002,20,2024-07-24 00:00:00
231142-1-3-1175476,Order,2024-09-01 00:00:00,310015,ID002,WA001,"",102,9999A,MEX002,20,2024-07-24 00:00:00
231142-1-3-1175477,Order,2024-09-01 00:00:00,310015,ID002,WA001,"",102,9999A,MEX002,20,2024-07-24 00:00:00
231142-1-3-1175478,Order,2024-09-01 00:00:00,310015,ID002,WA001,"",102,9999A,MEX002,20,2024-07-24 00:00:00
231142-1-3-1175479,Order,2024-09-01 00:00:00,310015,ID002,WA001,"",102,9999A,MEX002,20,2024-07-24 00:00:00
231142-1-3-1175480,Order,2024-09-01 00:00:00,310015,ID002,WA001,"",102,9999A,MEX002,20,2024-07-24 00:00:00
231142-1-3-1175481,Order,2024-09-01 00:00:00,310015,ID002,WA001,"",102,9999A,MEX002,20,2024-07-24 00:00:00
231142-1-3-1175482,Order,2024-09-01 00:00:00,310015,ID002,WA001,"",102,9999A,MEX002,20,2024-07-24 00:00:00
231142-1-3-1175483,Order,2024-09-01 00:00:00,310015,ID002,WA001,"",102,9999A,MEX002,20,2024-07-24 00:00:00
231142-1-3-1175484,Order,2024-09-01 00:00:00,310015,ID002,WA001,"",102,9999A,TX001,20,2024-07-24 00:00:00
231142-1-3-1175485,Order,2024-09-01 00:00:00,310015,ID002,WA001,"",102,9999A,TX001,20,2024-07-24 00:00:00
231142-1-3-1175486,Order,2024-09-01 00:00:00,310015,ID002,WA001,"",102,9999A,TX001,20,2024-07-24 00:00:00
231142-1-3-1175487,Order,2024-09-01 00:00:00,310015,ID002,WA001,"",102,9999A,TX001,20,2024-07-24 00:00:00
231142-1-3-1175488,Order,2024-09-01 00:00:00,310015,ID002,WA001,"",102,9999A,TX001,20,2024-07-24 00:00:00
231142-1-3-1175489,Order,2024-09-01 00:00:00,310015,ID002,WA001,"",102,9999A,TX001,20,2024-07-24 00:00:00
231142-1-3-1175490,Order,2024-08-31 00:00:00,310015,ID002,WA001,"",102,9999A,TX001,0.03991653814750975,2024-07-24 00:00:00
231142-1-3-1175490,Order,2024-09-01 00:00:00,310015,ID002,WA001,"",102,9999A,TX001,19.960083461852488,2024-07-24 00:00:00
231142-1-3-1175491,Order,2024-09-01 00:00:00,310015,ID002,WA001,"",102,9999A,TX001,20,2024-07-24 00:00:00
231142-1-3-1175492,Order,2024-08-31 00:00:00,310015,ID002,WA001,"",102,9999A,TX001,0.019958269073754874,2024-07-24 00:00:00
231142-1-3-1175492,Order,2024-09-01 00:00:00,310015,ID002,WA001,"",102,9999A,TX001,19.980041730926242,2024-07-24 00:00:00
231142-1-3-1175493,Order,2024-08-31 00:00:00,310015,ID002,WA001,"",102,9999A,TX001,0.019958269073754874,2024-07-24 00:00:00
231142-1-3-1175493,Order,2024-09-01 00:00:00,310015,ID002,WA001,"",102,9999A,TX001,19.980041730926242,2024-07-24 00:00:00
231142-1-3-1177155,Order,2024-09-30 00:00:00,310015,ID002,WA001,"",102,9999A,TX001,0.019958269073754874,2024-08-27 00:00:00
231142-1-3-1177155,Order,2024-10-01 00:00:00,310015,ID002,WA001,"",102,9999A,TX001,19.980041730926242,2024-08-27 00:00:00
231145-1-2-942987,Order,2024-07-31 00:00:00,310726,WA003,"","",102,3007S,TX001,0.019958269073754874,2024-06-19 00:00:00
231145-1-2-942987,Order,2024-08-01 00:00:00,310726,WA003,"","",102,3007S,TX001,19.980041730926242,2024-06-19 00:00:00
231145-1-2-942988,Order,2024-08-01 00:00:00,310726,WA003,"","",102,3007S,TX001,20,2024-06-19 00:00:00
231145-1-2-942989,Order,2024-08-01 00:00:00,310726,WA003,"","",102,3007S,TX001,20,2024-06-19 00:00:00
231145-1-2-942990,Order,2024-07-31 00:00:00,310726,WA003,"","",102,3007S,TX001,0.019958269073754874,2024-06-19 00:00:00
231145-1-2-942990,Order,2024-08-01 00:00:00,310726,WA003,"","",102,3007S,TX001,19.980041730926242,2024-06-19 00:00:00
231145-1-2-942991,Order,2024-08-01 00:00:00,310726,WA003,"","",102,3005WGUM,TX001,20,2024-06-19 00:00:00
231145-1-2-942992,Order,2024-07-31 00:00:00,310726,WA003,"","",102,3005WGUM,TX001,0.03991653814750975,2024-06-19 00:00:00
231145-1-2-942992,Order,2024-08-01 00:00:00,310726,WA003,"","",102,3005WGUM,TX001,19.960083461852488,2024-06-19 00:00:00
231145-1-2-942993,Order,2024-08-01 00:00:00,310726,WA003,"","",102,3007S,TX001,20,2024-06-19 00:00:00
231145-1-2-942994,Order,2024-07-31 00:00:00,310726,WA003,"","",102,3007S,TX001,0.019958269073754874,2024-06-19 00:00:00
231145-1-2-942994,Order,2024-08-01 00:00:00,310726,WA003,"","",102,3007S,TX001,19.980041730926242,2024-06-19 00:00:00
231145-1-2-942995,Order,2024-07-31 00:00:00,310726,WA003,"","",102,3007S,TX001,0.03991653814750975,2024-06-19 00:00:00
231145-1-2-942995,Order,2024-08-01 00:00:00,310726,WA003,"","",102,3007S,TX001,19.960083461852488,2024-06-19 00:00:00
231145-1-2-942996,Order,2024-08-01 00:00:00,310726,WA003,"","",102,3007S,TX001,20,2024-06-19 00:00:00
231145-1-2-942997,Order,2024-08-01 00:00:00,310726,WA003,"","",102,3007S,TX001,20,2024-06-19 00:00:00
231145-1-2-942998,Order,2024-07-31 00:00:00,310726,WA003,"","",102,3007S,TX001,0.0798330762950195,2024-06-19 00:00:00
231145-1-2-942998,Order,2024-08-01 00:00:00,310726,WA003,"","",102,3007S,TX001,19.92016692370498,2024-06-19 00:00:00
231198-1-2-1180051,Order,2024-10-19 00:00:00,310726,WA002,"","",102,9999E,WA011,2.9599927424476093,2024-10-16 00:00:00
231298-1-1-1177456,Order,2024-09-20 00:00:00,310015,ID002,WA001,"",102,9999A,ID010,59.95972058423296,2024-09-05 00:00:00
231298-1-1-1177456,Order,2024-10-04 00:00:00,310015,ID002,WA001,"",102,9999A,ID010,0.03991653814750975,2024-09-05 00:00:00
231298-1-1-1177457,Order,2024-09-20 00:00:00,310015,ID002,WA001,"",102,9999A,ID010,59.99963712238047,2024-09-05 00:00:00
231298-1-1-1177458,Order,2024-09-20 00:00:00,310015,ID002,WA001,"",102,9999A,ID010,59.95972058423296,2024-09-05 00:00:00
231298-1-1-1177458,Order,2024-10-04 00:00:00,310015,ID002,WA001,"",102,9999A,ID010,0.03991653814750975,2024-09-05 00:00:00
231298-1-1-1177459,Order,2024-09-27 00:00:00,310015,ID002,WA001,"",102,9999A,ID010,59.95972058423296,2024-09-05 00:00:00
231298-1-1-1177459,Order,2024-10-11 00:00:00,310015,ID002,WA001,"",102,9999A,ID010,0.03991653814750975,2024-09-05 00:00:00
231298-1-1-1177460,Order,2024-09-27 00:00:00,310015,ID002,WA001,"",102,9999A,ID010,59.97967885330672,2024-09-05 00:00:00
231298-1-1-1177460,Order,2024-10-11 00:00:00,310015,ID002,WA001,"",102,9999A,ID010,0.019958269073754874,2024-09-05 00:00:00
231298-1-1-1177461,Order,2024-09-27 00:00:00,310015,ID002,WA001,"",102,9999A,ID010,59.97967885330672,2024-09-05 00:00:00
231298-1-1-1177461,Order,2024-10-11 00:00:00,310015,ID002,WA001,"",102,9999A,ID010,0.019958269073754874,2024-09-05 00:00:00
231298-1-1-1177462,Order,2024-10-04 00:00:00,310015,ID002,WA001,"",102,9999A,ID010,59.95972058423296,2024-09-05 00:00:00
231298-1-1-1177462,Order,2024-10-18 00:00:00,310015,ID002,WA001,"",102,9999A,ID010,0.03991653814750975,2024-09-05 00:00:00
231298-1-1-1177463,Order,2024-10-04 00:00:00,310015,ID002,WA001,"",102,9999A,ID010,59.8998457770117,2024-09-05 00:00:00
231298-1-1-1177463,Order,2024-10-18 00:00:00,310015,ID002,WA001,"",102,9999A,ID010,0.09979134536877438,2024-09-05 00:00:00
231298-1-1-1177464,Order,2024-10-04 00:00:00,310015,ID002,WA001,"",102,9999A,ID010,59.95972058423296,2024-09-05 00:00:00
231298-1-1-1177464,Order,2024-10-18 00:00:00,310015,ID002,WA001,"",102,9999A,ID010,0.03991653814750975,2024-09-05 00:00:00
231298-1-1-1177465,Order,2024-10-11 00:00:00,310015,ID002,WA001,"",102,9999A,ID010,59.99963712238047,2024-09-05 00:00:00
231298-1-1-1177466,Order,2024-10-11 00:00:00,310015,ID002,WA001,"",102,9999A,ID010,59.99963712238047,2024-09-05 00:00:00
231298-1-1-1177467,Order,2024-10-11 00:00:00,310015,ID002,WA001,"",102,9999A,ID010,59.91980404608545,2024-09-05 00:00:00
231298-1-1-1177467,Order,2024-10-25 00:00:00,310015,ID002,WA001,"",102,9999A,ID010,0.0798330762950195,2024-09-05 00:00:00
231298-1-2-1180007,Order,2024-10-25 00:00:00,310015,ID002,WA001,"",102,9999A,ID010,59.99963712238047,2024-10-15 00:00:00
231298-1-2-1180008,Order,2024-10-25 00:00:00,310015,ID002,WA001,"",102,9999A,ID010,59.99963712238047,2024-10-15 00:00:00
231298-1-2-1180009,Order,2024-10-25 00:00:00,310015,ID002,WA001,"",102,9999A,ID010,59.99963712238047,2024-10-15 00:00:00
231298-1-2-1180010,Order,2024-11-01 00:00:00,310015,ID002,WA001,"",102,9999A,ID010,59.99963712238047,2024-10-15 00:00:00
231298-1-2-1180011,Order,2024-11-01 00:00:00,310015,ID002,WA001,"",102,9999A,ID010,59.99963712238047,2024-10-15 00:00:00
231298-1-2-1180012,Order,2024-11-01 00:00:00,310015,ID002,WA001,"",102,9999A,ID010,59.99963712238047,2024-10-15 00:00:00
231298-1-2-1180013,Order,2024-11-08 00:00:00,310015,ID002,WA001,"",102,9999A,ID010,59.99963712238047,2024-10-15 00:00:00
231298-1-2-1180014,Order,2024-11-08 00:00:00,310015,ID002,WA001,"",102,9999A,ID010,59.99963712238047,2024-10-15 00:00:00
231298-1-2-1180015,Order,2024-11-08 00:00:00,310015,ID002,WA001,"",102,9999A,ID010,59.97967885330672,2024-10-15 00:00:00
231298-1-2-1180015,Order,2024-11-22 00:00:00,310015,ID002,WA001,"",102,9999A,ID010,0.019958269073754874,2024-10-15 00:00:00
231298-1-2-1180016,Order,2024-11-15 00:00:00,310015,ID002,WA001,"",102,9999A,ID010,59.99963712238047,2024-10-15 00:00:00
231298-1-2-1180017,Order,2024-11-15 00:00:00,310015,ID002,WA001,"",102,9999A,ID010,59.99963712238047,2024-10-15 00:00:00
231298-1-2-1180018,Order,2024-11-15 00:00:00,310015,ID002,WA001,"",102,9999A,ID010,59.99963712238047,2024-10-15 00:00:00
231347-1-1-1176676,Order,2024-10-15 00:00:00,310724,WA002,"","",101,3053A,WA007,40,2024-08-16 00:00:00
231347-1-1-1176676,Order,2024-10-15 00:00:00,310724,WA002,"","",101,3053A,WA017,1.0991563095346095,2024-08-16 00:00:00
231347-1-1-1176676,Order,2024-10-16 00:00:00,310724,WA002,"","",101,3053A,WA017,158.9008436904654,2024-08-16 00:00:00
231347-1-2-1176677,Order,2024-11-15 00:00:00,310724,WA002,"","",101,3053A,WA007,0.09979134536877438,2024-08-16 00:00:00
231347-1-2-1176677,Order,2024-11-16 00:00:00,310724,WA002,"","",101,3053A,WA007,319.90020865463123,2024-08-16 00:00:00
231423-1-1-943002,Order,2024-07-31 00:00:00,310002,WA001,"","",102,9999A,TX001,5.000090719404881,2024-06-19 00:00:00
231423-1-1-943002,Order,2024-08-01 00:00:00,310002,WA001,"","",102,9999A,TX001,14.999909280595118,2024-06-19 00:00:00
231475-1-1-941561,Order,2024-07-25 00:00:00,310002,WA001,"","",102,9999A,WA001,80,2024-06-25 00:00:00
231475-1-1-941562,Order,2024-07-25 00:00:00,310002,WA001,"","",102,9999A,WA001,80,2024-06-25 00:00:00
231475-1-1-941563,Order,2024-07-25 00:00:00,310002,WA001,"","",102,9999A,WA001,80,2024-06-25 00:00:00
231486-1-1-1178604,Order,2024-10-01 00:00:00,310724,WA002,"","",102,9999A,WA007,16,2024-09-24 00:00:00
231486-1-1-1178605,Order,2024-10-01 00:00:00,310724,WA002,"","",102,9999A,WA007,16,2024-09-24 00:00:00
231486-1-1-1178606,Order,2024-10-01 00:00:00,310724,WA002,"","",102,9999A,WA007,16,2024-09-24 00:00:00
231486-1-1-1178607,Order,2024-10-01 00:00:00,310724,WA002,"","",102,9999A,WA007,16,2024-09-24 00:00:00
231486-1-1-1178608,Order,2024-10-01 00:00:00,310724,WA002,"","",102,9999A,WA007,16,2024-09-24 00:00:00
231502-1-1-1175415,Order,2024-09-15 00:00:00,310724,WA002,"","",101,3053A,WA007,0.39952825909462036,2024-07-23 00:00:00
231502-1-1-1175415,Order,2024-09-16 00:00:00,310724,WA002,"","",101,3053A,WA007,199.6004717409054,2024-07-23 00:00:00
231502-1-1-1175416,Order,2024-09-16 00:00:00,310724,WA002,"","",101,3053A,WA007,80,2024-07-23 00:00:00
231502-1-1-1175416,Order,2024-09-15 00:00:00,310724,WA002,"","",101,3053A,WA017,0.23986210650458134,2024-07-23 00:00:00
231502-1-1-1175416,Order,2024-09-16 00:00:00,310724,WA002,"","",101,3053A,WA017,119.76013789349541,2024-07-23 00:00:00
231502-1-2-1175417,Order,2024-10-01 00:00:00,310724,WA002,"","",101,3053A,WA007,0.7801868819740543,2024-07-23 00:00:00
231502-1-2-1175417,Order,2024-10-02 00:00:00,310724,WA002,"","",101,3053A,WA007,199.2198131180259,2024-07-23 00:00:00
231502-1-2-1175418,Order,2024-10-01 00:00:00,310724,WA002,"","",101,3053A,WA017,0.1796244216637939,2024-07-23 00:00:00
231502-1-2-1175418,Order,2024-10-17 00:00:00,310724,WA002,"","",101,3053A,WA017,199.8203755783362,2024-07-23 00:00:00
231502-1-2-1175419,Order,2024-10-15 00:00:00,310724,WA002,"","",101,3053A,WA017,0.41948652816837523,2024-07-23 00:00:00
231502-1-2-1175419,Order,2024-10-16 00:00:00,310724,WA002,"","",101,3053A,WA017,199.5805134718316,2024-07-23 00:00:00
231502-1-2-1175420,Order,2024-10-15 00:00:00,310724,WA002,"","",101,3053A,WA007,0.03991653814750975,2024-07-23 00:00:00
231502-1-2-1175420,Order,2024-10-16 00:00:00,310724,WA002,"","",101,3053A,WA007,199.9600834618525,2024-07-23 00:00:00
231502-1-3-1175421,Order,2024-12-01 00:00:00,310724,WA002,"","",101,3053A,WA007,0.019958269073754874,2024-07-23 00:00:00
231502-1-3-1175421,Order,2024-12-02 00:00:00,310724,WA002,"","",101,3053A,WA007,199.98004173092625,2024-07-23 00:00:00
231502-1-3-1175422,Order,2024-12-01 00:00:00,310724,WA002,"","",101,3053A,WA007,0.3400163294928785,2024-07-23 00:00:00
231502-1-3-1175422,Order,2024-12-02 00:00:00,310724,WA002,"","",101,3053A,WA007,199.6599836705071,2024-07-23 00:00:00
231502-1-3-1175423,Order,2024-12-01 00:00:00,310724,WA002,"","",101,3053A,WA007,0.03991653814750975,2024-07-23 00:00:00
231502-1-3-1175423,Order,2024-12-02 00:00:00,310724,WA002,"","",101,3053A,WA007,199.9600834618525,2024-07-23 00:00:00
231502-1-3-1175424,Order,2024-12-01 00:00:00,310724,WA002,"","",101,3053A,WA007,1.0200489884786357,2024-07-23 00:00:00
231502-1-3-1175424,Order,2024-12-02 00:00:00,310724,WA002,"","",101,3053A,WA007,198.97995101152136,2024-07-23 00:00:00
231502-1-3-1175425,Order,2024-12-16 00:00:00,310724,WA002,"","",101,3053A,WA007,200,2024-07-23 00:00:00
231502-1-3-1175426,Order,2024-12-15 00:00:00,310724,WA002,"","",101,3053A,WA007,0.019958269073754874,2024-07-23 00:00:00
231502-1-3-1175426,Order,2024-12-16 00:00:00,310724,WA002,"","",101,3053A,WA007,199.98004173092625,2024-07-23 00:00:00
231503-1-2-1174799,Order,2024-08-15 00:00:00,310726,WA003,WA002,"",102,9999E,WA007,0.03991653814750975,2024-07-11 00:00:00
231503-1-2-1174799,Order,2024-08-16 00:00:00,310726,WA003,WA002,"",102,9999E,WA007,199.9600834618525,2024-07-11 00:00:00
231503-1-2-1174800,Order,2024-08-15 00:00:00,310726,WA003,WA002,"",102,9999E,WA007,1.0196861108591129,2024-07-11 00:00:00
231503-1-2-1174800,Order,2024-08-16 00:00:00,310726,WA003,WA002,"",102,9999E,WA007,198.9803138891409,2024-07-11 00:00:00
231503-1-2-1174801,Order,2024-08-15 00:00:00,310726,WA003,WA002,"",102,9999E,WA007,0.5599201669237049,2024-07-11 00:00:00
231503-1-2-1174801,Order,2024-08-16 00:00:00,310726,WA003,WA002,"",102,9999E,WA007,199.44007983307628,2024-07-11 00:00:00
231503-1-2-1174802,Order,2024-08-15 00:00:00,310726,WA003,WA002,"",102,9999E,WA007,0.16002903020956183,2024-07-11 00:00:00
231503-1-2-1174802,Order,2024-08-16 00:00:00,310726,WA003,WA002,"",102,9999E,WA007,199.83997096979044,2024-07-11 00:00:00
231503-1-2-1174803,Order,2024-08-15 00:00:00,310726,WA003,WA002,"",102,9999E,WA010,0.5599201669237049,2024-07-11 00:00:00
231503-1-2-1174803,Order,2024-08-16 00:00:00,310726,WA003,WA002,"",102,9999E,WA010,199.44007983307628,2024-07-11 00:00:00
231503-1-2-1174804,Order,2024-08-15 00:00:00,310726,WA003,WA002,"",102,9999E,WA010,0.19994556835707158,2024-07-11 00:00:00
231503-1-2-1174804,Order,2024-08-16 00:00:00,310726,WA003,WA002,"",102,9999E,WA010,199.80005443164293,2024-07-11 00:00:00
231504-1-1-1175412,Order,2024-09-15 00:00:00,310726,WA003,WA002,"",102,9999E,WA007,0.3599745985666334,2024-07-23 00:00:00
231504-1-1-1175412,Order,2024-09-16 00:00:00,310726,WA003,WA002,"",102,9999E,WA007,199.64002540143338,2024-07-23 00:00:00
231504-1-1-1175413,Order,2024-09-15 00:00:00,310726,WA003,WA002,"",102,9999E,WA007,1.2196316792161843,2024-07-23 00:00:00
231504-1-1-1175413,Order,2024-09-16 00:00:00,310726,WA003,WA002,"",102,9999E,WA007,198.78036832078382,2024-07-23 00:00:00
231504-1-1-1175414,Order,2024-09-15 00:00:00,310726,WA003,WA002,"",102,9999E,WA007,0.0798330762950195,2024-07-23 00:00:00
231504-1-1-1175414,Order,2024-09-16 00:00:00,310726,WA003,WA002,"",102,9999E,WA007,199.92016692370495,2024-07-23 00:00:00
231504-1-2-116,Order,2025-03-05 00:00:00,310726,WA003,WA002,"",102,9999E,WA007,16.19994556835707,2025-02-21 00:00:00
231504-1-2-117,Order,2024-03-15 00:00:00,310726,WA003,WA002,"",102,9999E,WA007,3.8000544316429283,2025-03-04 00:00:00
231504-1-2-1175403,Order,2024-10-01 00:00:00,310726,WA003,WA002,"",102,9999E,WA007,0.03991653814750975,2024-07-23 00:00:00
231504-1-2-1175403,Order,2024-10-02 00:00:00,310726,WA003,WA002,"",102,9999E,WA007,199.9600834618525,2024-07-23 00:00:00
231504-1-2-1175404,Order,2024-10-16 00:00:00,310726,WA003,WA002,"",102,9999E,WA007,200,2024-07-23 00:00:00
231504-1-2-1175405,Order,2024-12-01 00:00:00,310726,WA003,WA002,"",102,9999E,WA007,0.019958269073754874,2024-07-23 00:00:00
231504-1-2-1175405,Order,2024-12-02 00:00:00,310726,WA003,WA002,"",102,9999E,WA007,199.98004173092625,2024-07-23 00:00:00
231504-1-2-1175983,Order,2024-12-01 00:00:00,310726,WA003,WA002,"",102,9999E,WA007,0.019958269073754874,2024-08-05 00:00:00
231504-1-2-1175983,Order,2024-12-02 00:00:00,310726,WA003,WA002,"",102,9999E,WA007,199.98004173092625,2024-08-05 00:00:00
231504-1-2-118,Order,2025-03-06 00:00:00,310726,WA003,WA002,"",102,9999E,WA007,3.8000544316429283,2025-03-05 00:00:00
231504-1-3-1175938,Order,2024-12-02 00:00:00,310726,WA003,WA002,"",102,9999E,WA007,200,2024-08-02 00:00:00
231504-1-3-1175939,Order,2024-12-01 00:00:00,310726,WA003,WA002,"",102,9999E,WA007,0.03991653814750975,2024-08-02 00:00:00
231504-1-3-1175939,Order,2024-12-02 00:00:00,310726,WA003,WA002,"",102,9999E,WA007,199.9600834618525,2024-08-02 00:00:00
231504-1-3-1175940,Order,2024-12-01 00:00:00,310726,WA003,WA002,"",102,9999E,WA007,0.019958269073754874,2024-08-02 00:00:00
231504-1-3-1175940,Order,2024-12-02 00:00:00,310726,WA003,WA002,"",102,9999E,WA007,199.98004173092625,2024-08-02 00:00:00
231504-1-3-1175941,Order,2024-12-15 00:00:00,310726,WA003,WA002,"",102,9999E,WA007,0.11974961444252924,2024-08-02 00:00:00
231504-1-3-1175941,Order,2024-12-16 00:00:00,310726,WA003,WA002,"",102,9999E,WA007,199.88025038555745,2024-08-02 00:00:00
231504-1-3-1175942,Order,2024-12-15 00:00:00,310726,WA003,WA002,"",102,9999E,WA007,0.019958269073754874,2024-08-02 00:00:00
231504-1-3-1175942,Order,2024-12-16 00:00:00,310726,WA003,WA002,"",102,9999E,WA007,199.98004173092625,2024-08-02 00:00:00
231521-1-1-1176896,Order,2024-09-16 00:00:00,310015,WA001,"","",102,9999A,WA001,14.999909280595118,2024-08-21 00:00:00
231521-1-1-1176897,Order,2024-09-16 00:00:00,310015,WA001,"","",102,9999A,WA001,14.999909280595118,2024-08-21 00:00:00
231521-1-1-1176898,Order,2024-09-16 00:00:00,310015,WA001,"","",102,9999A,WA001,14.999909280595118,2024-08-21 00:00:00
231521-1-1-1176899,Order,2024-09-16 00:00:00,310015,WA001,"","",102,9999A,WA001,14.999909280595118,2024-08-21 00:00:00
231521-1-1-1176900,Order,2024-09-16 00:00:00,310015,WA001,"","",102,9999A,WA001,14.999909280595118,2024-08-21 00:00:00
231552-1-2-1174603,Order,2024-08-16 00:00:00,310002,WA001,"","",102,9999A,WA001,40,2024-07-09 00:00:00
231553-1-2-1174601,Order,2024-08-15 00:00:00,310726,WA002,WA003,"",102,9999A,WA007,0.019958269073754874,2024-07-08 00:00:00
231553-1-2-1174601,Order,2024-08-16 00:00:00,310726,WA002,WA003,"",102,9999A,WA007,39.980041730926246,2024-07-08 00:00:00
231560-1-1-1175741,Order,2024-10-02 00:00:00,310002,WA001,"","",102,9999A,WA001,14.999909280595118,2024-08-05 00:00:00
231560-1-1-1175742,Order,2024-10-02 00:00:00,310002,WA001,"","",102,9999A,WA001,14.999909280595118,2024-08-05 00:00:00
231560-1-1-1175743,Order,2024-10-02 00:00:00,310002,WA001,"","",102,9999A,WA001,14.999909280595118,2024-08-05 00:00:00
231560-1-1-1175744,Order,2024-10-02 00:00:00,310002,WA001,"","",102,9999A,WA001,14.999909280595118,2024-08-05 00:00:00
231580-1-1-1174045,Order,2024-08-20 00:00:00,310726,WA003,"","",102,9999E,WA011,32.35997459856663,2024-06-26 00:00:00
231584-1-1-942564,Order,2024-08-12 00:00:00,310015,WA001,"","",102,3130A,WA001,4,2024-08-05 00:00:00
231584-1-1-942564,Order,2024-08-24 00:00:00,310015,WA001,"","",102,3130A,WA001,14.999909280595118,2024-08-05 00:00:00
231584-1-2-1176033,Order,2024-09-16 00:00:00,310015,WA001,"","",102,3130A,WA001,14.999909280595118,2024-08-06 00:00:00
231589-1-1-1175001,Order,2024-09-15 00:00:00,310724,WA002,"","",102,9999A,WA007,0.019958269073754874,2024-07-23 00:00:00
231589-1-1-1175001,Order,2024-09-19 00:00:00,310724,WA002,"","",102,9999A,WA007,39.980041730926246,2024-07-23 00:00:00
231589-1-1-1175002,Order,2024-09-15 00:00:00,310724,WA002,"","",102,9999A,WA007,40,2024-07-23 00:00:00
231595-1-1-943127,Order,2024-08-15 00:00:00,310726,WA002,"","",101,3025A,WA007,0.03991653814750975,2024-06-20 00:00:00
231595-1-1-943127,Order,2024-08-16 00:00:00,310726,WA002,"","",101,3025A,WA007,119.96008346185248,2024-06-20 00:00:00
231596-1-1-943124,Order,2024-08-15 00:00:00,310726,WA002,"","",101,3025A,WA007,0.03991653814750975,2024-06-20 00:00:00
231596-1-1-943124,Order,2024-08-16 00:00:00,310726,WA002,"","",101,3025A,WA007,59.96008346185249,2024-06-20 00:00:00
231600-1-1-942823,Order,2024-06-25 00:00:00,310015,ID002,"","",102,9999A,WA001,9.00009071940488,2024-06-17 00:00:00
231600-1-1-942823,Order,2024-06-24 00:00:00,310018,ID002,"","",102,9999A,WA001,0.019958269073754874,2024-06-17 00:00:00
231600-1-1-942823,Order,2024-06-25 00:00:00,310018,ID002,"","",102,9999A,WA001,5.979860292116483,2024-06-17 00:00:00
231605-1-1-943003,Order,2024-09-02 00:00:00,310015,WA001,"","",102,9999A,WA001,14.999909280595118,2024-06-19 00:00:00
231606-1-1-942999,Order,2024-08-02 00:00:00,310015,WA001,"","",102,9999A,WA001,14.999909280595118,2024-06-19 00:00:00
231606-1-1-943000,Order,2024-08-02 00:00:00,310015,WA001,"","",102,9999A,WA001,14.999909280595118,2024-06-19 00:00:00
231606-1-1-943001,Order,2024-08-02 00:00:00,310015,WA001,"","",102,9999A,WA001,14.999909280595118,2024-06-19 00:00:00
231612-1-1-942895,Order,2024-07-01 00:00:00,310015,WA001,"","",102,9999A,WA001,14.999909280595118,2024-06-18 00:00:00
231624-1-1-1173964,Order,2024-07-01 00:00:00,310015,WA003,"","",102,9999A,TX001,21.00009071940488,2024-06-24 00:00:00
231624-1-1-1173965,Order,2024-07-01 00:00:00,310015,WA003,"","",102,9999A,TX001,21.00009071940488,2024-06-24 00:00:00
231624-1-1-1173966,Order,2024-07-01 00:00:00,310015,WA003,"","",102,9999A,TX001,21.00009071940488,2024-06-24 00:00:00
231635-1-1-943138,Order,2024-06-29 00:00:00,310015,WA001,"","",102,9999A,WA001,16,2024-06-20 00:00:00
231635-1-1-943139,Order,2024-06-29 00:00:00,310015,WA001,"","",102,9999A,WA001,16,2024-06-20 00:00:00
231635-1-1-943140,Order,2024-06-29 00:00:00,310015,WA001,"","",102,9999A,WA001,16,2024-06-20 00:00:00
231635-1-1-943141,Order,2024-06-29 00:00:00,310015,WA001,"","",102,9999A,WA001,16,2024-06-20 00:00:00
231635-1-1-943142,Order,2024-06-29 00:00:00,310015,WA001,"","",102,9999A,WA001,16,2024-06-20 00:00:00
231635-1-1-943143,Order,2024-06-29 00:00:00,310015,WA001,"","",102,9999A,WA001,16,2024-06-20 00:00:00
231635-1-1-943144,Order,2024-06-29 00:00:00,310015,WA001,"","",102,9999A,WA001,16,2024-06-20 00:00:00
231635-1-2-943145,Order,2024-07-15 00:00:00,310015,WA001,"","",102,9999A,WA001,1.0000907194048807,2024-06-20 00:00:00
231635-1-2-943145,Order,2024-07-16 00:00:00,310015,WA001,"","",102,9999A,WA001,14.999909280595118,2024-06-20 00:00:00
231635-1-2-943146,Order,2024-07-16 00:00:00,310015,WA001,"","",102,9999A,WA001,16,2024-06-20 00:00:00
231635-1-2-943147,Order,2024-07-16 00:00:00,310015,WA001,"","",102,9999A,WA001,16,2024-06-20 00:00:00
231635-1-2-943148,Order,2024-07-16 00:00:00,310015,WA001,"","",102,9999A,WA001,16,2024-06-20 00:00:00
231635-1-2-943149,Order,2024-07-15 00:00:00,310015,WA001,"","",102,9999A,WA001,1.0000907194048807,2024-06-20 00:00:00
231635-1-2-943149,Order,2024-07-16 00:00:00,310015,WA001,"","",102,9999A,WA001,14.999909280595118,2024-06-20 00:00:00
231635-1-2-943150,Order,2024-07-16 00:00:00,310015,WA001,"","",102,9999A,WA001,16,2024-06-20 00:00:00
231635-1-2-943151,Order,2024-07-16 00:00:00,310015,WA001,"","",102,9999A,WA001,16,2024-06-20 00:00:00
231635-1-2-943152,Order,2024-07-15 00:00:00,310015,WA001,"","",102,9999A,WA001,0.019958269073754874,2024-06-20 00:00:00
231635-1-2-943152,Order,2024-07-16 00:00:00,310015,WA001,"","",102,9999A,WA001,15.980041730926244,2024-06-20 00:00:00
231636-1-1-1174071,Order,2024-08-15 00:00:00,310726,WA003,WA002,"",102,9999A,WA007,0.16002903020956183,2024-06-26 00:00:00
231636-1-1-1174071,Order,2024-08-16 00:00:00,310726,WA003,WA002,"",102,9999A,WA007,39.839970969790436,2024-06-26 00:00:00
231637-1-1-1174072,Order,2024-08-15 00:00:00,310726,WA003,WA002,"",102,9999A,WA007,0.5200036287761952,2024-06-26 00:00:00
231637-1-1-1174072,Order,2024-08-16 00:00:00,310726,WA003,WA002,"",102,9999A,WA007,39.4799963712238,2024-06-26 00:00:00
231638-1-1-1174742,Order,2024-09-01 00:00:00,310726,WA003,WA002,"",102,9999A,WA007,0.4401705524811757,2024-07-10 00:00:00
231638-1-1-1174742,Order,2024-09-02 00:00:00,310726,WA003,WA002,"",102,9999A,WA007,39.55982944751882,2024-07-10 00:00:00
231638-1-1-1174743,Order,2024-08-15 00:00:00,310726,WA003,WA002,"",102,9999A,WA007,0.019958269073754874,2024-07-10 00:00:00
231638-1-1-1174743,Order,2024-08-16 00:00:00,310726,WA003,WA002,"",102,9999A,WA007,39.980041730926246,2024-07-10 00:00:00
231639-1-1-1173967,Order,2024-08-01 00:00:00,310015,ID002,WA001,"",102,9999A,TX001,21.00009071940488,2024-06-24 00:00:00
231639-1-1-1173968,Order,2024-07-31 00:00:00,310015,ID002,WA001,"",102,9999A,TX001,0.019958269073754874,2024-06-24 00:00:00
231639-1-1-1173968,Order,2024-08-01 00:00:00,310015,ID002,WA001,"",102,9999A,TX001,20.980132450331126,2024-06-24 00:00:00
231646-1-1-1173981,Order,2024-07-01 00:00:00,310015,ID002,"","",102,9999A,MEX002,13.54005261725483,2024-06-24 00:00:00
231646-1-1-1173982,Order,2024-06-30 00:00:00,310015,ID002,"","",102,9999A,MEX002,2.780005443164293,2024-06-24 00:00:00
231651-1-1-1174297,Order,2024-08-15 00:00:00,310726,WA002,WA003,"",102,9999E,WA007,40,2024-07-01 00:00:00
231651-1-1-1174737,Order,2024-08-15 00:00:00,310726,WA002,WA003,"",102,9999E,WA007,2.0001814388097614,2024-07-10 00:00:00
231651-1-1-1174737,Order,2024-08-16 00:00:00,310726,WA002,WA003,"",102,9999E,WA007,38.00018143880976,2024-07-10 00:00:00
231652-1-1-1174298,Order,2024-08-15 00:00:00,310726,WA002,WA003,"",102,9999E,WA007,0.05987480722126462,2024-07-01 00:00:00
231652-1-1-1174298,Order,2024-08-16 00:00:00,310726,WA002,WA003,"",102,9999E,WA007,119.94012519277872,2024-07-01 00:00:00
231653-1-1-1175588,Order,2024-07-30 00:00:00,310086,ID002,"","",102,9999A,ID010,9,2024-07-26 00:00:00
231656-1-1-1174044,Order,2024-08-15 00:00:00,310726,WA003,"","",101,3025S,WA007,1.69971876984487,2024-06-26 00:00:00
231656-1-1-1174044,Order,2024-08-16 00:00:00,310726,WA003,"","",101,3025S,WA007,178.30028123015512,2024-06-26 00:00:00
231672-1-1-1174381,Order,2024-07-06 00:00:00,310002,WA001,"","",102,"",WA001,8,2024-07-02 00:00:00
231673-1-1-1174074,Order,2024-07-05 00:00:00,310015,ID002,"","",102,"",ID010,5.000090719404881,2024-06-26 00:00:00
231673-1-1-1174074,Order,2024-07-05 00:00:00,310086,ID002,"","",102,"",ID010,11,2024-06-26 00:00:00
231677-1-1-1174121,Order,2024-07-02 00:00:00,310015,WA001,"","",102,9999A,WA001,14.999909280595118,2024-06-27 00:00:00
231677-1-1-1174122,Order,2024-07-02 00:00:00,310015,WA001,"","",102,9999A,WA001,14.999909280595118,2024-06-27 00:00:00
231677-1-1-1174123,Order,2024-07-02 00:00:00,310015,WA001,"","",102,9999A,WA001,14.999909280595118,2024-06-27 00:00:00
231677-1-1-1174124,Order,2024-07-02 00:00:00,310015,WA001,"","",102,9999A,WA001,14.999909280595118,2024-06-27 00:00:00
231677-1-1-1174125,Order,2024-07-02 00:00:00,310015,WA001,"","",102,9999A,WA001,14.999909280595118,2024-06-27 00:00:00
231677-1-1-1174126,Order,2024-07-02 00:00:00,310015,WA001,"","",102,9999A,WA001,14.999909280595118,2024-06-27 00:00:00
231677-1-1-1174127,Order,2024-07-02 00:00:00,310015,WA001,"","",102,9999A,WA001,14.999909280595118,2024-06-27 00:00:00
231677-1-1-1174128,Order,2024-07-02 00:00:00,310015,WA001,"","",102,9999A,WA001,14.999909280595118,2024-06-27 00:00:00
231677-1-1-1174129,Order,2024-07-02 00:00:00,310015,WA001,"","",102,9999A,WA001,14.999909280595118,2024-06-27 00:00:00
231677-1-1-1174130,Order,2024-07-02 00:00:00,310015,WA001,"","",102,9999A,WA001,14.999909280595118,2024-06-27 00:00:00
231678-1-1-1174602,Order,2024-08-05 00:00:00,310086,ID002,"","",102,9999A,TX001,1,2024-07-08 00:00:00
231678-1-1-1174602,Order,2024-08-06 00:00:00,310086,ID002,"","",102,9999A,TX001,23,2024-07-08 00:00:00
231678-1-2-1175407,Order,2024-08-27 00:00:00,310086,ID002,"","",102,9999A,TX001,24,2024-07-23 00:00:00
231678-1-3-1175408,Order,2024-09-01 00:00:00,310086,ID002,"","",102,9999A,TX001,24,2024-07-23 00:00:00
231678-1-4-1176881,Order,2024-09-17 00:00:00,310086,ID002,"","",102,9999A,TX001,1,2024-08-20 00:00:00
231678-1-4-1176881,Order,2024-09-18 00:00:00,310086,ID002,"","",102,9999A,TX001,23,2024-08-20 00:00:00
231678-1-5-1176882,Order,2024-09-24 00:00:00,310086,ID002,"","",102,9999A,TX001,25,2024-08-20 00:00:00
231689-1-1-1174406,Order,2024-08-17 00:00:00,310002,WA001,"","",102,9999A,WA001,14.979951011521363,2024-07-02 00:00:00
231689-1-1-1174406,Order,2024-08-21 00:00:00,310002,WA001,"","",102,9999A,WA001,0.019958269073754874,2024-07-02 00:00:00
231689-1-2-1174407,Order,2024-09-14 00:00:00,310002,WA001,"","",102,9999A,WA001,14.999909280595118,2024-07-02 00:00:00
231689-1-3-1174408,Order,2024-09-27 00:00:00,310002,WA001,"","",102,9999A,WA001,14.999909280595118,2024-07-02 00:00:00
231694-1-1-1175261,Order,2024-09-02 00:00:00,310726,WA002,"","",102,9999E,WA007,60,2024-07-19 00:00:00
231694-1-1-1175262,Order,2024-09-02 00:00:00,310726,WA002,"","",102,9999E,WA007,60,2024-07-19 00:00:00
231694-1-1-1175263,Order,2024-09-02 00:00:00,310726,WA002,"","",102,9999E,WA007,40,2024-07-19 00:00:00
231694-1-2-1175264,Order,2024-09-02 00:00:00,310726,WA002,"","",102,9999E,WA007,40,2024-07-19 00:00:00
231694-1-2-1175265,Order,2024-09-02 00:00:00,310726,WA002,"","",102,9999E,WA007,40,2024-07-19 00:00:00
231695-1-1-1174541,Order,2024-07-16 00:00:00,310015,WA001,"","",102,9999A,WA001,14.999909280595118,2024-07-04 00:00:00
231695-1-1-1174542,Order,2024-07-16 00:00:00,310015,WA001,"","",102,9999A,WA001,14.999909280595118,2024-07-04 00:00:00
231695-1-1-1174543,Order,2024-07-16 00:00:00,310015,WA001,"","",102,9999A,WA001,14.999909280595118,2024-07-04 00:00:00
231695-1-1-1174544,Order,2024-07-16 00:00:00,310015,WA001,"","",102,9999A,WA001,14.999909280595118,2024-07-04 00:00:00
231695-1-1-1174545,Order,2024-07-16 00:00:00,310015,WA001,"","",102,9999A,WA001,14.999909280595118,2024-07-04 00:00:00
231695-1-1-1174546,Order,2024-07-16 00:00:00,310015,WA001,"","",102,9999A,WA001,14.999909280595118,2024-07-04 00:00:00
231695-1-1-1174547,Order,2024-07-16 00:00:00,310015,WA001,"","",102,9999A,WA001,14.999909280595118,2024-07-04 00:00:00
231695-1-1-1174548,Order,2024-07-16 00:00:00,310015,WA001,"","",102,9999A,WA001,14.999909280595118,2024-07-04 00:00:00
231695-1-1-1174549,Order,2024-07-16 00:00:00,310015,WA001,"","",102,9999A,WA001,14.999909280595118,2024-07-04 00:00:00
231695-1-1-1174550,Order,2024-07-16 00:00:00,310015,WA001,"","",102,9999A,WA001,14.999909280595118,2024-07-04 00:00:00
231695-1-1-1174551,Order,2024-07-16 00:00:00,310015,WA001,"","",102,9999A,WA001,14.999909280595118,2024-07-04 00:00:00
231695-1-1-1174552,Order,2024-07-16 00:00:00,310015,WA001,"","",102,9999A,WA001,14.999909280595118,2024-07-04 00:00:00
231695-1-1-1174553,Order,2024-07-16 00:00:00,310015,WA001,"","",102,9999A,WA001,14.999909280595118,2024-07-04 00:00:00
231695-1-1-1174554,Order,2024-07-16 00:00:00,310015,WA001,"","",102,9999A,WA001,14.999909280595118,2024-07-04 00:00:00
231695-1-1-1174555,Order,2024-07-16 00:00:00,310015,WA001,"","",102,9999A,WA001,14.999909280595118,2024-07-04 00:00:00
231695-1-1-1174556,Order,2024-07-16 00:00:00,310015,WA001,"","",102,9999A,WA001,14.999909280595118,2024-07-04 00:00:00
231695-1-1-1174557,Order,2024-07-16 00:00:00,310015,WA001,"","",102,9999A,WA001,14.999909280595118,2024-07-04 00:00:00
231695-1-1-1174558,Order,2024-07-16 00:00:00,310015,WA001,"","",102,9999A,WA001,14.999909280595118,2024-07-04 00:00:00
231695-1-1-1174559,Order,2024-07-16 00:00:00,310015,WA001,"","",102,9999A,WA001,14.999909280595118,2024-07-04 00:00:00
231695-1-1-1174560,Order,2024-07-16 00:00:00,310015,WA001,"","",102,9999A,WA001,14.999909280595118,2024-07-04 00:00:00
231697-1-1-1174764,Order,2024-09-02 00:00:00,310002,WA001,"","",102,9999A,WA001,20,2024-07-11 00:00:00
231697-1-1-1174765,Order,2024-09-02 00:00:00,310002,WA001,"","",102,9999A,WA001,20,2024-07-11 00:00:00
231697-1-1-1174766,Order,2024-09-02 00:00:00,310002,WA001,"","",102,9999A,WA001,20,2024-07-11 00:00:00
231697-1-1-1174767,Order,2024-09-02 00:00:00,310002,WA001,"","",102,9999A,WA001,20,2024-07-11 00:00:00
231697-1-1-1174768,Order,2024-09-02 00:00:00,310002,WA001,"","",102,9999A,WA001,20,2024-07-11 00:00:00
231697-1-1-1174769,Order,2024-09-02 00:00:00,310002,WA001,"","",102,9999A,WA001,20,2024-07-11 00:00:00
231697-1-1-1174770,Order,2024-09-02 00:00:00,310002,WA001,"","",102,9999A,WA001,20,2024-07-11 00:00:00
231697-1-1-1174771,Order,2024-09-02 00:00:00,310002,WA001,"","",102,9999A,WA001,20,2024-07-11 00:00:00
231698-1-1-1174605,Order,2024-07-19 00:00:00,310015,WA001,"","",102,9999A,WA001,16,2024-07-08 00:00:00
231698-1-1-1174606,Order,2024-07-19 00:00:00,310015,WA001,"","",102,9999A,WA001,16,2024-07-08 00:00:00
231698-1-1-1174607,Order,2024-07-19 00:00:00,310015,WA001,"","",102,9999A,WA001,16,2024-07-08 00:00:00
231698-1-1-1174608,Order,2024-07-19 00:00:00,310015,WA001,"","",102,9999A,WA001,16,2024-07-08 00:00:00
231698-1-1-1174609,Order,2024-07-19 00:00:00,310015,WA001,"","",102,9999A,WA001,16,2024-07-08 00:00:00
231698-1-1-1174610,Order,2024-07-18 00:00:00,310015,WA001,"","",102,9999A,WA001,0.019958269073754874,2024-07-08 00:00:00
231698-1-1-1174610,Order,2024-07-19 00:00:00,310015,WA001,"","",102,9999A,WA001,15.980041730926244,2024-07-08 00:00:00
231698-1-1-1174611,Order,2024-07-18 00:00:00,310015,WA001,"","",102,9999A,WA001,0.019958269073754874,2024-07-08 00:00:00
231698-1-1-1174611,Order,2024-07-19 00:00:00,310015,WA001,"","",102,9999A,WA001,15.980041730926244,2024-07-08 00:00:00
231698-1-1-1174612,Order,2024-07-19 00:00:00,310015,WA001,"","",102,9999A,WA001,16,2024-07-08 00:00:00
231698-1-1-1174613,Order,2024-07-18 00:00:00,310015,WA001,"","",102,9999A,WA001,1.0000907194048807,2024-07-08 00:00:00
231698-1-1-1174613,Order,2024-07-19 00:00:00,310015,WA001,"","",102,9999A,WA001,14.999909280595118,2024-07-08 00:00:00
231698-1-1-1174614,Order,2024-07-19 00:00:00,310015,WA001,"","",102,9999A,WA001,16,2024-07-08 00:00:00
231698-1-1-1174615,Order,2024-07-19 00:00:00,310015,WA001,"","",102,9999A,WA001,16,2024-07-08 00:00:00
231698-1-1-1174616,Order,2024-07-18 00:00:00,310015,WA001,"","",102,9999A,WA001,0.019958269073754874,2024-07-08 00:00:00
231698-1-1-1174616,Order,2024-07-19 00:00:00,310015,WA001,"","",102,9999A,WA001,15.980041730926244,2024-07-08 00:00:00
231698-1-1-1174617,Order,2024-07-19 00:00:00,310015,WA001,"","",102,9999A,WA001,16,2024-07-08 00:00:00
231698-1-1-1174618,Order,2024-07-19 00:00:00,310015,WA001,"","",102,9999A,WA001,16,2024-07-08 00:00:00
231698-1-1-1174619,Order,2024-07-19 00:00:00,310015,WA001,"","",102,9999A,WA001,16,2024-07-08 00:00:00
231708-1-1-1175003,Order,2024-09-02 00:00:00,310726,WA002,WA003,"",102,9999A,WA007,40,2024-07-15 00:00:00
231710-1-1-1175112,Order,2024-12-01 00:00:00,310726,WA003,"","",101,3025S,WA007,0.4401705524811757,2024-07-17 00:00:00
231710-1-1-1175112,Order,2024-12-02 00:00:00,310726,WA003,"","",101,3025S,WA007,99.55982944751882,2024-07-17 00:00:00
231710-1-1-1175113,Order,2024-12-01 00:00:00,310726,WA003,"","",101,3025S,WA007,0.21990383743082645,2024-07-17 00:00:00
231710-1-1-1175113,Order,2024-12-02 00:00:00,310726,WA003,"","",101,3025S,WA007,99.78009616256917,2024-07-17 00:00:00
231710-1-1-1175114,Order,2024-12-15 00:00:00,310726,WA003,"","",101,3025S,WA007,0.9398530345640933,2024-07-17 00:00:00
231710-1-1-1175114,Order,2024-12-16 00:00:00,310726,WA003,"","",101,3025S,WA007,99.0601469654359,2024-07-17 00:00:00
231710-1-1-1175115,Order,2024-12-15 00:00:00,310726,WA003,"","",101,3025S,WA007,0.4398076748616529,2024-07-17 00:00:00
231710-1-1-1175115,Order,2024-12-16 00:00:00,310726,WA003,"","",101,3025S,WA007,99.56019232513835,2024-07-17 00:00:00
231710-1-2-1175116,Order,2025-01-02 00:00:00,310726,WA003,"","",101,3025S,WA007,100,2024-07-17 00:00:00
231710-1-2-1175117,Order,2025-01-01 00:00:00,310726,WA003,"","",101,3025S,WA007,0.019958269073754874,2024-07-17 00:00:00
231710-1-2-1175117,Order,2025-01-02 00:00:00,310726,WA003,"","",101,3025S,WA007,99.98004173092625,2024-07-17 00:00:00
231710-1-2-1175118,Order,2025-01-01 00:00:00,310726,WA003,"","",101,3025S,WA007,0.3196951827996008,2024-07-17 00:00:00
231710-1-2-1175118,Order,2025-01-02 00:00:00,310726,WA003,"","",101,3025S,WA007,99.6803048172004,2024-07-17 00:00:00
231710-1-2-1175119,Order,2025-01-15 00:00:00,310726,WA003,"","",101,3025S,WA007,0.680032658985757,2024-07-17 00:00:00
231710-1-2-1175119,Order,2025-01-16 00:00:00,310726,WA003,"","",101,3025S,WA007,99.31996734101423,2024-07-17 00:00:00
231710-1-3-1175120,Order,2025-02-01 00:00:00,310726,WA003,"","",101,3025S,WA007,0.03991653814750975,2024-07-17 00:00:00
231710-1-3-1175120,Order,2025-02-02 00:00:00,310726,WA003,"","",101,3025S,WA007,99.96008346185248,2024-07-17 00:00:00
231710-1-3-1175121,Order,2025-02-02 00:00:00,310726,WA003,"","",101,3025S,WA007,100,2024-07-17 00:00:00
231710-1-3-1175122,Order,2025-02-02 00:00:00,310726,WA003,"","",101,3025S,WA007,100,2024-07-17 00:00:00
231710-1-3-1175123,Order,2025-02-15 00:00:00,310726,WA003,"","",101,3025S,WA007,0.16002903020956183,2024-07-17 00:00:00
231710-1-3-1175123,Order,2025-02-16 00:00:00,310726,WA003,"","",101,3025S,WA007,99.83997096979043,2024-07-17 00:00:00
231712-1-1-1174889,Order,2024-08-01 00:00:00,310015,ID002,WA001,"",102,9999A,TX001,21.00009071940488,2024-07-11 00:00:00
231712-1-1-1174890,Order,2024-07-31 00:00:00,310015,ID002,WA001,"",102,9999A,TX001,0.019958269073754874,2024-07-11 00:00:00
231712-1-1-1174890,Order,2024-08-01 00:00:00,310015,ID002,WA001,"",102,9999A,TX001,20.980132450331126,2024-07-11 00:00:00
231712-1-1-1174891,Order,2024-08-01 00:00:00,310015,ID002,WA001,"",102,9999A,TX001,21.00009071940488,2024-07-11 00:00:00
231713-1-1-1174893,Order,2024-08-01 00:00:00,310015,ID002,WA001,"",102,9999A,TX001,21.00009071940488,2024-07-11 00:00:00
231713-1-1-1174894,Order,2024-07-31 00:00:00,310015,ID002,WA001,"",102,9999A,TX001,0.019958269073754874,2024-07-11 00:00:00
231713-1-1-1174894,Order,2024-08-01 00:00:00,310015,ID002,WA001,"",102,9999A,TX001,20.980132450331126,2024-07-11 00:00:00
231713-1-1-1174895,Order,2024-08-01 00:00:00,310015,ID002,WA001,"",102,9999A,TX001,21.00009071940488,2024-07-11 00:00:00
231713-1-1-1174896,Order,2024-08-01 00:00:00,310015,ID002,WA001,"",102,9999A,TX001,21.00009071940488,2024-07-11 00:00:00
231714-1-1-1175872,Order,2024-11-15 00:00:00,310724,WA002,"","",102,9999A,WA007,0.09979134536877438,2024-07-31 00:00:00
231714-1-1-1175872,Order,2024-11-16 00:00:00,310724,WA002,"","",102,9999A,WA007,399.90020865463123,2024-07-31 00:00:00
231714-1-1-1175873,Order,2024-11-15 00:00:00,310724,WA002,"","",102,9999A,WA007,0.11974961444252924,2024-07-31 00:00:00
231714-1-1-1175873,Order,2024-11-16 00:00:00,310724,WA002,"","",102,9999A,WA007,399.8802503855575,2024-07-31 00:00:00
231715-1-1-1175004,Order,2024-09-01 00:00:00,310726,WA002,WA003,"",102,9999E,WA007,0.019958269073754874,2024-07-15 00:00:00
231715-1-1-1175004,Order,2024-09-02 00:00:00,310726,WA002,WA003,"",102,9999E,WA007,79.98004173092625,2024-07-15 00:00:00
231715-1-1-1175005,Order,2024-09-01 00:00:00,310726,WA002,WA003,"",102,9999E,WA007,0.6201578517644925,2024-07-15 00:00:00
231715-1-1-1175005,Order,2024-09-02 00:00:00,310726,WA002,WA003,"",102,9999E,WA007,119.37984214823551,2024-07-15 00:00:00
231715-1-1-1175006,Order,2024-09-01 00:00:00,310726,WA002,WA003,"",102,9999E,WA007,0.2598203755783362,2024-07-15 00:00:00
231715-1-1-1175006,Order,2024-09-02 00:00:00,310726,WA002,WA003,"",102,9999E,WA007,119.74017962442166,2024-07-15 00:00:00
231715-1-1-1175007,Order,2024-09-01 00:00:00,310726,WA002,WA003,"",102,9999E,WA007,0.03991653814750975,2024-07-15 00:00:00
231715-1-1-1175007,Order,2024-09-02 00:00:00,310726,WA002,WA003,"",102,9999E,WA007,119.96008346185248,2024-07-15 00:00:00
231715-1-1-1175011,Order,2024-09-02 00:00:00,310726,WA002,WA003,"",102,9999E,WA007,80,2024-07-15 00:00:00
231715-1-1-1175012,Order,2024-09-01 00:00:00,310726,WA002,WA003,"",102,9999E,WA007,0.03991653814750975,2024-07-15 00:00:00
231715-1-1-1175012,Order,2024-09-02 00:00:00,310726,WA002,WA003,"",102,9999E,WA007,139.9600834618525,2024-07-15 00:00:00
231715-1-1-1175013,Order,2024-09-01 00:00:00,310726,WA002,WA003,"",102,9999E,WA007,0.09979134536877438,2024-07-15 00:00:00
231715-1-1-1175013,Order,2024-09-02 00:00:00,310726,WA002,WA003,"",102,9999E,WA007,139.90020865463123,2024-07-15 00:00:00
231715-1-1-1175019,Order,2024-09-02 00:00:00,310726,WA002,WA003,"",102,9999E,WA007,160,2024-07-16 00:00:00
231715-1-2-1175008,Order,2024-09-16 00:00:00,310726,WA002,WA003,"",102,9999E,WA007,80,2024-07-15 00:00:00
231715-1-2-1175009,Order,2024-09-15 00:00:00,310726,WA002,WA003,"",102,9999E,WA007,1.500136079107321,2024-07-15 00:00:00
231715-1-2-1175009,Order,2024-09-16 00:00:00,310726,WA002,WA003,"",102,9999E,WA007,98.49986392089268,2024-07-15 00:00:00
231715-1-2-1175010,Order,2024-09-15 00:00:00,310726,WA002,WA003,"",102,9999E,WA007,0.7399074662070216,2024-07-15 00:00:00
231715-1-2-1175010,Order,2024-09-16 00:00:00,310726,WA002,WA003,"",102,9999E,WA007,99.26009253379297,2024-07-15 00:00:00
231715-1-2-1175015,Order,2024-09-16 00:00:00,310726,WA002,WA003,"",102,9999E,WA007,100,2024-07-15 00:00:00
231715-1-2-1175016,Order,2024-09-15 00:00:00,310726,WA002,WA003,"",102,9999E,WA007,0.05987480722126462,2024-07-15 00:00:00
231715-1-2-1175016,Order,2024-09-16 00:00:00,310726,WA002,WA003,"",102,9999E,WA007,99.94012519277872,2024-07-15 00:00:00
231715-1-2-1175018,Order,2024-09-16 00:00:00,310726,WA002,WA003,"",102,9999E,WA007,120,2024-07-16 00:00:00
231715-1-2-1175020,Order,2024-09-16 00:00:00,310726,WA002,WA003,"",102,9999E,WA007,20,2024-07-16 00:00:00
231716-1-1-1175071,Order,2024-09-01 00:00:00,310724,WA002,WA003,"",102,9999E,WA007,0.019958269073754874,2024-07-16 00:00:00
231716-1-1-1175071,Order,2024-09-02 00:00:00,310724,WA002,WA003,"",102,9999E,WA007,119.98004173092625,2024-07-16 00:00:00
231716-1-1-1175072,Order,2024-09-01 00:00:00,310724,WA002,WA003,"",102,9999E,WA007,0.0798330762950195,2024-07-16 00:00:00
231716-1-1-1175072,Order,2024-09-02 00:00:00,310724,WA002,WA003,"",102,9999E,WA007,99.92016692370498,2024-07-16 00:00:00
231716-1-1-1175073,Order,2024-09-02 00:00:00,310724,WA002,WA003,"",102,9999E,WA007,120,2024-07-16 00:00:00
231716-1-2-1175074,Order,2024-09-15 00:00:00,310724,WA002,WA003,"",102,9999E,WA017,0.23986210650458134,2024-07-16 00:00:00
231716-1-2-1175074,Order,2024-09-16 00:00:00,310724,WA002,WA003,"",102,9999E,WA017,79.76013789349541,2024-07-16 00:00:00
231716-1-2-1175075,Order,2024-09-15 00:00:00,310724,WA002,WA003,"",102,9999E,WA017,0.3599745985666334,2024-07-16 00:00:00
231716-1-2-1175075,Order,2024-09-16 00:00:00,310724,WA002,WA003,"",102,9999E,WA017,79.64002540143336,2024-07-16 00:00:00
231716-1-2-1175076,Order,2024-09-15 00:00:00,310724,WA002,WA003,"",102,9999E,WA017,0.3795699900208655,2024-07-16 00:00:00
231716-1-2-1175076,Order,2024-09-16 00:00:00,310724,WA002,WA003,"",102,9999E,WA017,119.62043000997913,2024-07-16 00:00:00
231716-1-2-1175077,Order,2024-09-15 00:00:00,310724,WA002,WA003,"",102,9999E,WA017,0.019958269073754874,2024-07-16 00:00:00
231716-1-2-1175077,Order,2024-09-16 00:00:00,310724,WA002,WA003,"",102,9999E,WA017,19.980041730926242,2024-07-16 00:00:00
231721-1-1-1174911,Order,2024-07-19 00:00:00,310015,ID002,"","",102,9999A,TX001,0.2598203755783362,2024-07-11 00:00:00
231721-1-1-1174911,Order,2024-07-20 00:00:00,310015,ID002,"","",102,9999A,TX001,15.740179624421664,2024-07-11 00:00:00
231721-1-1-1174912,Order,2024-07-19 00:00:00,310015,ID002,"","",102,9999A,TX001,0.0798330762950195,2024-07-11 00:00:00
231721-1-1-1174912,Order,2024-07-20 00:00:00,310015,ID002,"","",102,9999A,TX001,15.920166923704981,2024-07-11 00:00:00
231721-1-1-1174913,Order,2024-07-20 00:00:00,310015,ID002,"","",102,9999A,TX001,16,2024-07-11 00:00:00
231721-1-1-1174914,Order,2024-07-19 00:00:00,310015,ID002,"","",102,9999A,TX001,0.019958269073754874,2024-07-11 00:00:00
231721-1-1-1174914,Order,2024-07-20 00:00:00,310015,ID002,"","",102,9999A,TX001,15.980041730926244,2024-07-11 00:00:00
231721-1-1-1174915,Order,2024-07-20 00:00:00,310015,ID002,"","",102,9999A,TX001,16,2024-07-11 00:00:00
231721-1-1-1174916,Order,2024-07-20 00:00:00,310015,ID002,"","",102,9999A,TX001,16,2024-07-11 00:00:00
231721-1-1-1174917,Order,2024-07-20 00:00:00,310015,ID002,"","",102,9999A,TX001,16,2024-07-11 00:00:00
231721-1-1-1174918,Order,2024-07-19 00:00:00,310015,ID002,"","",102,9999A,TX001,0.019958269073754874,2024-07-11 00:00:00
231721-1-1-1174918,Order,2024-07-20 00:00:00,310015,ID002,"","",102,9999A,TX001,15.980041730926244,2024-07-11 00:00:00
231721-1-1-1174919,Order,2024-07-19 00:00:00,310015,ID002,"","",102,9999A,TX001,0.019958269073754874,2024-07-11 00:00:00
231721-1-1-1174919,Order,2024-07-20 00:00:00,310015,ID002,"","",102,9999A,TX001,15.980041730926244,2024-07-11 00:00:00
231721-1-1-1174920,Order,2024-07-20 00:00:00,310015,ID002,"","",102,9999A,TX001,16,2024-07-11 00:00:00
231725-1-1-1175082,Order,2024-07-23 00:00:00,310015,ID010,"","",102,"",ID010,5.000090719404881,2024-07-17 00:00:00
231725-1-1-1175082,Order,2024-07-23 00:00:00,310086,ID010,"","",102,"",ID010,11,2024-07-17 00:00:00
231732-1-1-1175966,Order,2024-09-16 00:00:00,310726,WA003,"","",101,3007DRYGUM,WA007,100,2024-08-02 00:00:00
231732-1-1-1175967,Order,2024-09-16 00:00:00,310726,WA003,"","",101,3007DRYGUM,WA007,100,2024-08-02 00:00:00
231732-1-1-1175968,Order,2024-09-16 00:00:00,310726,WA003,"","",101,3007DRYGUM,WA007,80,2024-08-02 00:00:00
231732-1-1-1175969,Order,2024-09-15 00:00:00,310726,WA003,"","",101,3007DRYGUM,WA007,0.03991653814750975,2024-08-02 00:00:00
231732-1-1-1175969,Order,2024-09-16 00:00:00,310726,WA003,"","",101,3007DRYGUM,WA007,79.96008346185249,2024-08-02 00:00:00
231732-1-1-1175970,Order,2024-09-15 00:00:00,310726,WA003,"","",101,3007DRYGUM,WA007,0.019958269073754874,2024-08-02 00:00:00
231732-1-1-1175970,Order,2024-09-16 00:00:00,310726,WA003,"","",101,3007DRYGUM,WA007,79.98004173092625,2024-08-02 00:00:00
231732-1-1-1175971,Order,2024-09-16 00:00:00,310726,WA003,"","",101,3007DRYGUM,WA007,80,2024-08-02 00:00:00
231738-1-1-1175124,Order,2024-07-25 00:00:00,310015,ID002,"","",102,9999A,ID010,8,2024-07-18 00:00:00
231738-1-2-1175369,Order,2024-08-14 00:00:00,310015,ID002,"","",102,9999A,ID010,6.999909280595119,2024-07-23 00:00:00
231741-1-2-104,Order,2025-01-31 00:00:00,310015,WA001,"","",102,9999A,WA001,14.999909280595118,2025-01-06 00:00:00
231741-1-2-1180676,Order,2024-11-16 00:00:00,310015,WA001,"","",102,9999A,WA001,14.999909280595118,2024-10-28 00:00:00
231741-1-2-1182329,Order,2024-12-20 00:00:00,310015,WA001,"","",102,9999A,WA001,2.0001814388097614,2024-12-11 00:00:00
231741-1-2-1182558,Order,2025-01-04 00:00:00,310015,WA001,"","",102,9999A,WA001,14.999909280595118,2024-12-16 00:00:00
231741-1-3-105,Order,2025-03-14 00:00:00,310015,WA001,"","",102,9999A,WA001,14.999909280595118,2025-03-03 00:00:00
231741-1-3-106,Order,2025-05-02 00:00:00,310015,WA001,"","",102,9999A,WA001,14.999909280595118,2025-04-17 00:00:00
231741-1-4-107,Order,2025-05-21 00:00:00,310015,WA001,"","",102,9999A,WA001,14.999909280595118,2025-05-12 00:00:00
231741-1-4-108,Order,2025-05-28 00:00:00,310015,WA001,"","",102,9999A,WA001,14.999909280595118,2025-05-14 00:00:00
231741-1-5-109,Order,2025-06-19 00:00:00,310015,WA001,"","",102,9999A,WA001,14.999909280595118,2025-06-10 00:00:00
231748-1-1-1176069,Order,2024-09-16 00:00:00,310086,ID002,"","",102,9999A,WA017,160,2024-08-06 00:00:00
231748-1-1-1176070,Order,2024-09-16 00:00:00,310086,ID002,"","",102,9999A,WA017,140,2024-08-06 00:00:00
231748-1-2-1176071,Order,2024-10-02 00:00:00,310086,ID002,"","",102,9999A,WA017,120,2024-08-06 00:00:00
231748-1-2-1176072,Order,2024-10-16 00:00:00,310086,ID002,"","",102,9999A,WA017,80,2024-08-06 00:00:00
231748-1-3-1176073,Order,2024-11-16 00:00:00,310086,ID002,"","",102,9999A,WA017,200,2024-08-06 00:00:00
231749-1-1-1176231,Order,2024-09-15 00:00:00,310726,WA003,"","",102,9999E,WA007,0.03991653814750975,2024-08-08 00:00:00
231749-1-1-1176231,Order,2024-09-16 00:00:00,310726,WA003,"","",102,9999E,WA007,39.960083461852484,2024-08-08 00:00:00
231750-1-1-1177192,Order,2024-10-16 00:00:00,310724,WA002,"","",101,3053A,WA017,20,2024-08-28 00:00:00
231750-1-1-1177193,Order,2024-10-15 00:00:00,310724,WA002,"","",101,3053A,WA007,0.019958269073754874,2024-08-28 00:00:00
231750-1-1-1177193,Order,2024-10-16 00:00:00,310724,WA002,"","",101,3053A,WA007,99.98004173092625,2024-08-28 00:00:00
231750-1-1-1177194,Order,2024-10-15 00:00:00,310724,WA002,"","",101,3053A,WA007,0.32005806041912366,2024-08-28 00:00:00
231750-1-1-1177194,Order,2024-10-16 00:00:00,310724,WA002,"","",101,3053A,WA007,99.67994193958087,2024-08-28 00:00:00
231751-1-1-1175409,Order,2024-08-31 00:00:00,310015,ID002,WA001,"",102,9999A,TX001,0.21990383743082645,2024-07-23 00:00:00
231751-1-1-1175409,Order,2024-09-01 00:00:00,310015,ID002,WA001,"",102,9999A,TX001,20.77982400435453,2024-07-23 00:00:00
231751-1-1-1175410,Order,2024-08-31 00:00:00,310015,ID002,WA001,"",102,9999A,TX001,0.019958269073754874,2024-07-23 00:00:00
231751-1-1-1175410,Order,2024-09-01 00:00:00,310015,ID002,WA001,"",102,9999A,TX001,20.980132450331126,2024-07-23 00:00:00
231751-1-1-1175411,Order,2024-09-01 00:00:00,310015,ID002,WA001,"",102,9999A,TX001,21.00009071940488,2024-07-23 00:00:00
231753-1-1-1175276,Order,2024-07-24 00:00:00,310015,ID002,"","",102,9999A,ID010,14.999909280595118,2024-07-19 00:00:00
231755-1-1-1175281,Order,2024-07-23 00:00:00,310015,ID002,"","",102,9999A,ID010,14.999909280595118,2024-07-22 00:00:00
231761-1-1-1175321,Order,2024-09-15 00:00:00,310726,WA003,WA002,"",102,9999A,WA007,0.05987480722126462,2024-07-22 00:00:00
231761-1-1-1175321,Order,2024-09-16 00:00:00,310726,WA003,WA002,"",102,9999A,WA007,119.94012519277872,2024-07-22 00:00:00
231762-1-1-1175325,Order,2024-10-01 00:00:00,310726,WA003,WA002,"",102,9999A,WA007,0.3400163294928785,2024-07-22 00:00:00
231762-1-1-1175325,Order,2024-10-02 00:00:00,310726,WA003,WA002,"",102,9999A,WA007,79.65998367050712,2024-07-22 00:00:00
231762-1-1-1175326,Order,2024-10-02 00:00:00,310726,WA003,WA002,"",102,9999A,WA007,80,2024-07-22 00:00:00
231763-1-1-1175365,Order,2024-09-01 00:00:00,310726,WA003,WA002,"",102,9999E,WA007,0.5000453597024404,2024-07-24 00:00:00
231763-1-1-1175365,Order,2024-09-02 00:00:00,310726,WA003,WA002,"",102,9999E,WA007,79.49995464029756,2024-07-24 00:00:00
231763-1-1-1175366,Order,2024-09-15 00:00:00,310726,WA003,WA002,"",102,9999E,WA007,0.23986210650458134,2024-07-24 00:00:00
231763-1-1-1175366,Order,2024-09-16 00:00:00,310726,WA003,WA002,"",102,9999E,WA007,39.76013789349542,2024-07-24 00:00:00
231763-1-1-1175367,Order,2024-09-02 00:00:00,310726,WA003,WA002,"",102,9999E,WA007,60,2024-07-24 00:00:00
231763-1-1-1175368,Order,2024-09-15 00:00:00,310726,WA003,WA002,"",102,9999E,WA007,0.21990383743082645,2024-07-24 00:00:00
231763-1-1-1175368,Order,2024-09-16 00:00:00,310726,WA003,WA002,"",102,9999E,WA007,59.78009616256917,2024-07-24 00:00:00
231766-1-1-1175361,Order,2024-09-01 00:00:00,310726,WA003,WA002,"",102,9999A,WA007,0.019958269073754874,2024-07-29 00:00:00
231766-1-1-1175361,Order,2024-09-02 00:00:00,310726,WA003,WA002,"",102,9999A,WA007,39.980041730926246,2024-07-29 00:00:00
231768-1-1-1175388,Order,2024-09-01 00:00:00,310726,WA003,WA002,"",102,9999A,TX001,2.0001814388097614,2024-07-23 00:00:00
231769-1-1-1175441,Order,2024-07-29 00:00:00,310015,WA001,"","",102,9999A,WA001,14.999909280595118,2024-07-24 00:00:00
231770-1-1-1175442,Order,2024-07-29 00:00:00,310015,ID002,"","",102,"",ID010,5.000090719404881,2024-07-24 00:00:00
231770-1-1-1175442,Order,2024-07-29 00:00:00,310086,ID010,"","",102,"",ID010,11,2024-07-24 00:00:00
231772-1-1-1175681,Order,2024-09-02 00:00:00,310726,WA002,WA003,"",102,9999E,WA007,40,2024-07-29 00:00:00
231774-1-1-1175712,Order,2024-09-01 00:00:00,310726,WA002,WA003,"",102,9999E,WA007,1.2798693640569718,2024-07-29 00:00:00
231774-1-1-1175712,Order,2024-09-02 00:00:00,310726,WA002,WA003,"",102,9999E,WA007,138.72013063594304,2024-07-29 00:00:00
231776-1-1-1175521,Order,2024-09-15 00:00:00,310724,WA002,WA003,"",102,9999E,WA017,0.16002903020956183,2024-07-30 00:00:00
231776-1-1-1175521,Order,2024-09-16 00:00:00,310724,WA002,WA003,"",102,9999E,WA017,39.839970969790436,2024-07-30 00:00:00
231776-1-1-1175740,Order,2024-09-01 00:00:00,310724,WA002,WA003,"",102,9999E,WA017,0.16002903020956183,2024-07-30 00:00:00
231776-1-1-1175740,Order,2024-09-02 00:00:00,310724,WA002,WA003,"",102,9999E,WA017,39.839970969790436,2024-07-30 00:00:00
231777-1-1-1175522,Order,2024-09-16 00:00:00,310726,WA003,WA002,"",102,9999E,WA007,20,2024-07-30 00:00:00
231779-1-1-1176270,Order,2024-09-30 00:00:00,310726,WA003,WA002,"",102,9999A,TX001,21.599927424476096,2024-08-09 00:00:00
231779-1-1-1176609,Order,2024-09-30 00:00:00,310672,WA003,WA002,"",102,9999A,TX001,0.820103420121564,2024-08-15 00:00:00
231779-1-1-1176609,Order,2024-10-01 00:00:00,310672,WA003,WA002,"",102,9999A,TX001,20.77982400435453,2024-08-15 00:00:00
231779-1-2-1176271,Order,2024-11-30 00:00:00,310726,WA003,WA002,"",102,9999A,TX001,21.599927424476096,2024-08-09 00:00:00
231779-1-2-1176610,Order,2024-11-30 00:00:00,310672,WA003,WA002,"",102,9999A,TX001,0.1799872992833167,2024-08-15 00:00:00
231779-1-2-1176610,Order,2024-12-01 00:00:00,310672,WA003,WA002,"",102,9999A,TX001,21.41994012519278,2024-08-15 00:00:00
231779-1-3-1176272,Order,2024-12-30 00:00:00,310726,WA003,WA002,"",102,9999A,TX001,21.599927424476096,2024-08-09 00:00:00
231779-1-3-1176611,Order,2024-12-31 00:00:00,310672,WA003,WA002,"",102,9999A,TX001,0.03991653814750975,2024-08-15 00:00:00
231779-1-3-1176611,Order,2025-01-01 00:00:00,310672,WA003,WA002,"",102,9999A,TX001,21.959902023042726,2024-08-15 00:00:00
231784-1-1-1175903,Order,2024-09-15 00:00:00,310726,WA002,WA003,ID002,102,9999A,WA007,0.03991653814750975,2024-08-01 00:00:00
231784-1-1-1175903,Order,2024-09-16 00:00:00,310726,WA002,WA003,ID002,102,9999A,WA007,79.96008346185249,2024-08-01 00:00:00
231784-1-2-1175904,Order,2024-10-15 00:00:00,310726,WA002,WA003,ID002,102,9999A,WA007,0.03991653814750975,2024-08-01 00:00:00
231784-1-2-1175904,Order,2024-10-16 00:00:00,310726,WA002,WA003,ID002,102,9999A,WA007,79.96008346185249,2024-08-01 00:00:00
231788-1-1-1175735,Order,2024-09-01 00:00:00,310015,ID002,"","",102,9999A,MEX002,24.059874807221263,2024-07-30 00:00:00
231788-1-1-1175736,Order,2024-09-01 00:00:00,310015,ID002,"","",102,9999A,MEX002,23.96008346185249,2024-07-30 00:00:00
231788-1-1-1175737,Order,2024-09-01 00:00:00,310015,ID002,"","",102,9999A,MEX002,24,2024-07-30 00:00:00
231788-1-1-1175738,Order,2024-08-31 00:00:00,310015,ID002,"","",102,9999A,MEX002,11.640025401433366,2024-07-30 00:00:00
231793-1-1-1175661,Order,2024-08-02 00:00:00,310015,ID002,"","",102,9999A,ID010,14.999909280595118,2024-07-29 00:00:00
231793-1-1-1175662,Order,2024-08-02 00:00:00,310015,ID002,"","",102,9999A,ID010,14.999909280595118,2024-07-29 00:00:00
231793-1-1-1175663,Order,2024-08-02 00:00:00,310015,ID002,"","",102,9999A,ID010,14.999909280595118,2024-07-29 00:00:00
231793-1-1-1175664,Order,2024-08-02 00:00:00,310015,ID002,"","",102,9999A,ID010,14.999909280595118,2024-07-29 00:00:00
231793-1-1-1175665,Order,2024-08-02 00:00:00,310015,ID002,"","",102,9999A,ID010,14.999909280595118,2024-07-29 00:00:00
231793-1-1-1175666,Order,2024-08-01 00:00:00,310015,ID002,"","",102,9999A,ID010,0.03991653814750975,2024-07-29 00:00:00
231793-1-1-1175666,Order,2024-08-02 00:00:00,310015,ID002,"","",102,9999A,ID010,14.959992742447609,2024-07-29 00:00:00
231793-1-1-1175667,Order,2024-08-02 00:00:00,310015,ID002,"","",102,9999A,ID010,14.999909280595118,2024-07-29 00:00:00
231793-1-1-1175668,Order,2024-08-02 00:00:00,310015,ID002,"","",102,9999A,ID010,14.999909280595118,2024-07-29 00:00:00
231793-1-1-1175669,Order,2024-08-01 00:00:00,310015,ID002,"","",102,9999A,ID010,0.019958269073754874,2024-07-29 00:00:00
231793-1-1-1175669,Order,2024-08-02 00:00:00,310015,ID002,"","",102,9999A,ID010,14.979951011521363,2024-07-29 00:00:00
231793-1-1-1175670,Order,2024-08-02 00:00:00,310015,ID002,"","",102,9999A,ID010,14.999909280595118,2024-07-29 00:00:00
231794-1-1-1175671,Order,2024-08-02 00:00:00,310015,WA001,"","",102,9999A,WA001,14.999909280595118,2024-07-29 00:00:00
231798-1-1-1175731,Order,2024-08-16 00:00:00,310015,ID002,"","",102,9999A,ID010,14.999909280595118,2024-07-30 00:00:00
231798-1-1-1175732,Order,2024-08-16 00:00:00,310015,ID002,"","",102,9999A,ID010,14.999909280595118,2024-07-30 00:00:00
231798-1-1-1175733,Order,2024-08-16 00:00:00,310015,ID002,"","",102,9999A,ID010,14.999909280595118,2024-07-30 00:00:00
231803-1-1-1175919,Order,2024-08-08 00:00:00,310002,WA001,"","",102,9999A,WA001,6.999909280595119,2024-08-01 00:00:00
231803-1-1-1175919,Order,2024-08-08 00:00:00,310015,WA001,"","",102,9999A,WA001,8,2024-08-01 00:00:00
231804-1-1-1176204,Order,2024-09-05 00:00:00,310015,WA001,ID002,"",102,9999A,WA001,14.999909280595118,2024-08-08 00:00:00
231804-1-2-1177167,Order,2024-10-08 00:00:00,310015,WA001,ID002,"",102,9999A,WA001,9.00009071940488,2024-08-27 00:00:00
231804-1-2-1177582,Order,2024-10-17 00:00:00,310015,WA001,ID002,"",102,9999A,WA001,8,2024-09-07 00:00:00
231806-1-1-1175906,Order,2024-09-01 00:00:00,310015,ID002,WA001,"",102,9999A,TX001,21.00009071940488,2024-08-01 00:00:00
231806-1-1-1175907,Order,2024-09-01 00:00:00,310015,ID002,WA001,"",102,9999A,TX001,21.00009071940488,2024-08-01 00:00:00
231806-1-1-1175908,Order,2024-09-01 00:00:00,310015,ID002,WA001,"",102,9999A,TX001,21.00009071940488,2024-08-01 00:00:00
231807-1-1-1178702,Order,2024-10-01 00:00:00,310015,ID002,WA001,"",102,9999A,MEX002,20,2024-09-24 00:00:00
231807-1-1-1178703,Order,2024-10-01 00:00:00,310015,ID002,WA001,"",102,9999A,MEX002,20,2024-09-24 00:00:00
231807-1-1-1178704,Order,2024-10-01 00:00:00,310015,ID002,WA001,"",102,9999A,MEX002,20,2024-09-24 00:00:00
231807-1-1-1178705,Order,2024-10-01 00:00:00,310015,ID002,WA001,"",102,9999A,MEX002,20,2024-09-24 00:00:00
231807-1-1-1178706,Order,2024-10-01 00:00:00,310015,ID002,WA001,"",102,9999A,MEX002,20,2024-09-24 00:00:00
231807-1-1-1178707,Order,2024-10-01 00:00:00,310015,ID002,WA001,"",102,9999A,MEX002,20,2024-09-24 00:00:00
231807-1-1-1178708,Order,2024-10-01 00:00:00,310015,ID002,WA001,"",102,9999A,MEX002,20,2024-09-24 00:00:00
231807-1-1-1178709,Order,2024-10-01 00:00:00,310015,ID002,WA001,"",102,9999A,MEX002,20,2024-09-24 00:00:00
231807-1-1-1178710,Order,2024-10-01 00:00:00,310015,ID002,WA001,"",102,9999A,MEX002,20,2024-09-24 00:00:00
231807-1-1-1178711,Order,2024-10-01 00:00:00,310015,ID002,WA001,"",102,9999A,MEX002,20,2024-09-24 00:00:00
231807-1-1-1178712,Order,2024-10-01 00:00:00,310015,ID002,WA001,"",102,9999A,MEX002,20,2024-09-24 00:00:00
231807-1-1-1178763,Order,2024-10-01 00:00:00,310015,ID002,WA001,"",102,9999A,MEX002,20,2024-09-25 00:00:00
231807-1-1-1178764,Order,2024-10-01 00:00:00,310015,ID002,WA001,"",102,9999A,MEX002,20,2024-09-25 00:00:00
231807-1-1-1178765,Order,2024-10-01 00:00:00,310015,ID002,WA001,"",102,9999A,MEX002,20,2024-09-25 00:00:00
231807-1-1-1178766,Order,2024-10-01 00:00:00,310015,ID002,WA001,"",102,9999A,MEX002,20,2024-09-25 00:00:00
231807-1-1-1178767,Order,2024-10-01 00:00:00,310015,ID002,WA001,"",102,9999A,MEX002,20,2024-09-25 00:00:00
231807-1-1-1178768,Order,2024-10-01 00:00:00,310015,ID002,WA001,"",102,9999A,MEX002,20,2024-09-25 00:00:00
231807-1-1-1178769,Order,2024-10-01 00:00:00,310015,ID002,WA001,"",102,9999A,MEX002,20,2024-09-25 00:00:00
231807-1-1-1178770,Order,2024-10-01 00:00:00,310015,ID002,WA001,"",102,9999A,MEX002,20,2024-09-25 00:00:00
231807-1-1-1178771,Order,2024-10-01 00:00:00,310015,ID002,WA001,"",102,9999A,MEX002,20,2024-09-25 00:00:00
231807-1-1-1178772,Order,2024-10-01 00:00:00,310015,ID002,WA001,"",102,9999A,MEX002,20,2024-09-25 00:00:00
231807-1-1-1178773,Order,2024-10-01 00:00:00,310015,ID002,WA001,"",102,9999A,MEX002,20,2024-09-25 00:00:00
231807-1-1-1178774,Order,2024-10-01 00:00:00,310015,ID002,WA001,"",102,9999A,MEX002,20,2024-09-25 00:00:00
231807-1-1-1178775,Order,2024-10-01 00:00:00,310015,ID002,WA001,"",102,9999A,MEX002,20,2024-09-25 00:00:00
231807-1-1-1178776,Order,2024-10-01 00:00:00,310015,ID002,WA001,"",102,9999A,MEX002,20,2024-09-25 00:00:00
231807-1-1-1178777,Order,2024-10-01 00:00:00,310015,ID002,WA001,"",102,9999A,MEX002,20,2024-09-25 00:00:00
231807-1-1-1178778,Order,2024-10-01 00:00:00,310015,ID002,WA001,"",102,9999A,MEX002,20,2024-09-25 00:00:00
231807-1-1-1178779,Order,2024-10-01 00:00:00,310015,ID002,WA001,"",102,9999A,MEX002,20,2024-09-25 00:00:00
231807-1-1-1178780,Order,2024-10-01 00:00:00,310015,ID002,WA001,"",102,9999A,MEX002,20,2024-09-25 00:00:00
231807-1-1-1178781,Order,2024-10-01 00:00:00,310015,ID002,WA001,"",102,9999A,MEX002,20,2024-09-25 00:00:00
231807-1-1-1178782,Order,2024-10-01 00:00:00,310015,ID002,WA001,"",102,9999A,MEX002,20,2024-09-25 00:00:00
231807-1-1-1178783,Order,2024-10-01 00:00:00,310015,ID002,WA001,"",102,9999A,MEX002,20,2024-09-25 00:00:00
231807-1-1-1178784,Order,2024-10-01 00:00:00,310015,ID002,WA001,"",102,9999A,MEX002,20,2024-09-25 00:00:00
231807-1-1-1178785,Order,2024-10-01 00:00:00,310015,ID002,WA001,"",102,9999A,MEX002,20,2024-09-25 00:00:00
231807-1-1-1178786,Order,2024-10-01 00:00:00,310015,ID002,WA001,"",102,9999A,MEX002,20,2024-09-25 00:00:00
231807-1-1-1178787,Order,2024-10-01 00:00:00,310015,ID002,WA001,"",102,9999A,MEX002,20,2024-09-25 00:00:00
231807-1-1-1178788,Order,2024-10-01 00:00:00,310015,ID002,WA001,"",102,9999A,MEX002,20,2024-09-25 00:00:00
231807-1-1-1178789,Order,2024-10-01 00:00:00,310015,ID002,WA001,"",102,9999A,MEX002,20,2024-09-25 00:00:00
231807-1-1-1178790,Order,2024-10-01 00:00:00,310015,ID002,WA001,"",102,9999A,MEX002,20,2024-09-25 00:00:00
231807-1-1-1178791,Order,2024-10-01 00:00:00,310015,ID002,WA001,"",102,9999A,MEX002,20,2024-09-25 00:00:00
231807-1-2-1180769,Order,2024-11-01 00:00:00,310015,ID002,WA001,"",102,9999A,MEX002,20,2024-10-30 00:00:00
231807-1-2-1180770,Order,2024-11-01 00:00:00,310015,ID002,WA001,"",102,9999A,MEX002,20,2024-10-30 00:00:00
231807-1-2-1180771,Order,2024-11-01 00:00:00,310015,ID002,WA001,"",102,9999A,MEX002,20,2024-10-30 00:00:00
231807-1-2-1180772,Order,2024-11-01 00:00:00,310015,ID002,WA001,"",102,9999A,MEX002,20,2024-10-30 00:00:00
231807-1-2-1180773,Order,2024-11-01 00:00:00,310015,ID002,WA001,"",102,9999A,MEX002,20,2024-10-30 00:00:00
231807-1-2-1180774,Order,2024-11-01 00:00:00,310015,ID002,WA001,"",102,9999A,MEX002,20,2024-10-30 00:00:00
231807-1-2-1180803,Order,2024-12-01 00:00:00,310015,ID002,WA001,"",102,9999A,MEX002,20,2024-10-30 00:00:00
231807-1-2-1180804,Order,2024-12-01 00:00:00,310015,ID002,WA001,"",102,9999A,MEX002,20,2024-10-30 00:00:00
231807-1-2-1180805,Order,2024-12-01 00:00:00,310015,ID002,WA001,"",102,9999A,MEX002,20,2024-10-30 00:00:00
231807-1-2-1180806,Order,2024-12-01 00:00:00,310015,ID002,WA001,"",102,9999A,MEX002,20,2024-10-30 00:00:00
231807-1-2-1180807,Order,2024-12-01 00:00:00,310015,ID002,WA001,"",102,9999A,MEX002,20,2024-10-30 00:00:00
231807-1-2-1180808,Order,2024-12-01 00:00:00,310015,ID002,WA001,"",102,9999A,MEX002,20,2024-10-30 00:00:00
231807-1-2-1180809,Order,2024-12-01 00:00:00,310015,ID002,WA001,"",102,9999A,MEX002,20,2024-10-30 00:00:00
231807-1-2-1180810,Order,2024-12-01 00:00:00,310015,ID002,WA001,"",102,9999A,MEX002,20,2024-10-30 00:00:00
231807-1-2-1180811,Order,2024-12-01 00:00:00,310015,ID002,WA001,"",102,9999A,MEX002,20,2024-10-30 00:00:00
231807-1-2-1180812,Order,2024-12-01 00:00:00,310015,ID002,WA001,"",102,9999A,MEX002,20,2024-10-30 00:00:00
231807-1-2-1181071,Order,2024-12-01 00:00:00,310015,ID002,WA001,"",102,9999A,MEX002,20,2024-11-07 00:00:00
231807-1-2-1181072,Order,2024-12-01 00:00:00,310015,ID002,WA001,"",102,9999A,MEX002,20,2024-11-07 00:00:00
231807-1-2-1181073,Order,2024-12-01 00:00:00,310015,ID002,WA001,"",102,9999A,MEX002,20,2024-11-07 00:00:00
231807-1-2-1181074,Order,2024-12-01 00:00:00,310015,ID002,WA001,"",102,9999A,MEX002,20,2024-11-07 00:00:00
231807-1-2-1181075,Order,2024-12-01 00:00:00,310015,ID002,WA001,"",102,9999A,MEX002,20,2024-11-07 00:00:00
231807-1-2-1181076,Order,2024-12-01 00:00:00,310015,ID002,WA001,"",102,9999A,MEX002,20,2024-11-07 00:00:00
231807-1-2-1181077,Order,2024-12-01 00:00:00,310015,ID002,WA001,"",102,9999A,MEX002,20,2024-11-07 00:00:00
231807-1-2-1181078,Order,2024-12-01 00:00:00,310015,ID002,WA001,"",102,9999A,MEX002,20,2024-11-07 00:00:00
231807-1-2-1181079,Order,2024-12-01 00:00:00,310015,ID002,WA001,"",102,9999A,MEX002,20,2024-11-07 00:00:00
231807-1-2-1181080,Order,2024-12-01 00:00:00,310015,ID002,WA001,"",102,9999A,MEX002,20,2024-11-07 00:00:00
231807-1-2-1181101,Order,2024-12-01 00:00:00,310015,ID002,WA001,"",102,9999A,MEX002,20,2024-11-07 00:00:00
231807-1-2-1181102,Order,2024-12-01 00:00:00,310015,ID002,WA001,"",102,9999A,MEX002,20,2024-11-07 00:00:00
231807-1-2-1181103,Order,2024-12-01 00:00:00,310015,ID002,WA001,"",102,9999A,MEX002,20,2024-11-07 00:00:00
231807-1-3-1181100,Order,2024-12-30 00:00:00,310015,ID002,WA001,"",102,9999A,MEX002,20,2024-11-07 00:00:00
231807-1-3-1181121,Order,2024-12-30 00:00:00,310015,ID002,WA001,"",102,9999A,MEX002,20,2024-11-07 00:00:00
231807-1-3-1181122,Order,2024-12-30 00:00:00,310015,ID002,WA001,"",102,9999A,MEX002,20,2024-11-07 00:00:00
231807-1-3-1181560,Order,2024-12-31 00:00:00,310015,ID002,WA001,"",102,9999A,MEX002,20,2024-11-20 00:00:00
231807-1-3-1181583,Order,2024-12-31 00:00:00,310015,ID002,WA001,"",102,9999A,MEX002,20,2024-11-20 00:00:00
231807-1-3-1181584,Order,2024-12-31 00:00:00,310015,ID002,WA001,"",102,9999A,MEX002,20,2024-11-20 00:00:00
231807-1-3-1181585,Order,2024-12-31 00:00:00,310015,ID002,WA001,"",102,9999A,MEX002,20,2024-11-20 00:00:00
231807-1-3-1181586,Order,2024-12-31 00:00:00,310015,ID002,WA001,"",102,9999A,MEX002,20,2024-11-20 00:00:00
231807-1-3-1181587,Order,2024-12-31 00:00:00,310015,ID002,WA001,"",102,9999A,MEX002,20,2024-11-20 00:00:00
231807-1-3-1181588,Order,2024-12-31 00:00:00,310015,ID002,WA001,"",102,9999A,MEX002,20,2024-11-20 00:00:00
231807-1-3-1181589,Order,2024-12-31 00:00:00,310015,ID002,WA001,"",102,9999A,MEX002,20,2024-11-20 00:00:00
231807-1-3-1181590,Order,2024-12-31 00:00:00,310015,ID002,WA001,"",102,9999A,MEX002,20,2024-11-20 00:00:00
231807-1-3-1181591,Order,2024-12-31 00:00:00,310015,ID002,WA001,"",102,9999A,MEX002,20,2024-11-20 00:00:00
231807-1-3-1181592,Order,2024-12-31 00:00:00,310015,ID002,WA001,"",102,9999A,MEX002,20,2024-11-20 00:00:00
231807-1-3-1181593,Order,2024-12-31 00:00:00,310015,ID002,WA001,"",102,9999A,MEX002,20,2024-11-20 00:00:00
231807-1-3-1181594,Order,2024-12-31 00:00:00,310015,ID002,WA001,"",102,9999A,MEX002,20,2024-11-20 00:00:00
231807-1-3-1181595,Order,2024-12-31 00:00:00,310015,ID002,WA001,"",102,9999A,MEX002,20,2024-11-20 00:00:00
231807-1-3-1181596,Order,2024-12-31 00:00:00,310015,ID002,WA001,"",102,9999A,MEX002,20,2024-11-20 00:00:00
231807-1-3-1181597,Order,2024-12-31 00:00:00,310015,ID002,WA001,"",102,9999A,MEX002,20,2024-11-20 00:00:00
231807-1-3-1181598,Order,2024-12-31 00:00:00,310015,ID002,WA001,"",102,9999A,MEX002,20,2024-11-20 00:00:00
231807-1-3-1181599,Order,2024-12-31 00:00:00,310015,ID002,WA001,"",102,9999A,MEX002,20,2024-11-20 00:00:00
231807-1-3-1181600,Order,2024-12-31 00:00:00,310015,ID002,WA001,"",102,9999A,MEX002,20,2024-11-20 00:00:00
231807-1-3-1181601,Order,2024-12-31 00:00:00,310015,ID002,WA001,"",102,9999A,MEX002,20,2024-11-20 00:00:00
231807-1-3-1181602,Order,2024-12-31 00:00:00,310015,ID002,WA001,"",102,9999A,MEX002,20,2024-11-20 00:00:00
231807-1-3-1181603,Order,2024-12-31 00:00:00,310015,ID002,WA001,"",102,9999A,MEX002,20,2024-11-20 00:00:00
231807-1-3-1181604,Order,2024-12-31 00:00:00,310015,ID002,WA001,"",102,9999A,MEX002,20,2024-11-20 00:00:00
231807-1-3-1181605,Order,2024-12-31 00:00:00,310015,ID002,WA001,"",102,9999A,MEX002,20,2024-11-20 00:00:00
231807-1-3-1181606,Order,2024-12-31 00:00:00,310015,ID002,WA001,"",102,9999A,MEX002,20,2024-11-20 00:00:00
231807-1-3-1181621,Order,2024-12-31 00:00:00,310015,ID002,WA001,"",102,9999A,MEX002,20,2024-11-20 00:00:00
231807-1-3-1181622,Order,2024-12-31 00:00:00,310015,ID002,WA001,"",102,9999A,MEX002,20,2024-11-20 00:00:00
231807-1-3-1181623,Order,2024-12-31 00:00:00,310015,ID002,WA001,"",102,9999A,MEX002,20,2024-11-20 00:00:00
231807-1-3-1181624,Order,2024-12-31 00:00:00,310015,ID002,WA001,"",102,9999A,MEX002,22.519822189966433,2024-11-20 00:00:00
231807-1-3-1181625,Order,2024-12-31 00:00:00,310015,ID002,WA001,"",102,9999A,MEX002,20,2024-11-20 00:00:00
231807-1-3-232,Order,2024-12-31 00:00:00,310015,ID002,WA001,"",102,9999A,MEX002,0.4601288215549306,2024-12-20 00:00:00
231808-1-1-1175909,Order,2024-09-01 00:00:00,310015,ID002,WA001,"",102,9999A,TX001,21.00009071940488,2024-08-01 00:00:00
231808-1-1-1175910,Order,2024-09-01 00:00:00,310015,ID002,WA001,"",102,9999A,TX001,21.00009071940488,2024-08-01 00:00:00
231808-1-1-1175911,Order,2024-08-31 00:00:00,310015,ID002,WA001,"",102,9999A,TX001,0.019958269073754874,2024-08-01 00:00:00
231808-1-1-1175911,Order,2024-09-01 00:00:00,310015,ID002,WA001,"",102,9999A,TX001,20.980132450331126,2024-08-01 00:00:00
231808-1-1-1175912,Order,2024-08-31 00:00:00,310015,ID002,WA001,"",102,9999A,TX001,0.03991653814750975,2024-08-01 00:00:00
231808-1-1-1175912,Order,2024-09-01 00:00:00,310015,ID002,WA001,"",102,9999A,TX001,20.960174181257372,2024-08-01 00:00:00
231808-1-1-1175913,Order,2024-08-31 00:00:00,310015,ID002,WA001,"",102,9999A,TX001,0.12011249206205207,2024-08-01 00:00:00
231808-1-1-1175913,Order,2024-09-01 00:00:00,310015,ID002,WA001,"",102,9999A,TX001,20.879978227342825,2024-08-01 00:00:00
231808-1-1-1175914,Order,2024-09-01 00:00:00,310015,ID002,WA001,"",102,9999A,TX001,21.00009071940488,2024-08-01 00:00:00
231808-1-1-1175915,Order,2024-09-01 00:00:00,310015,ID002,WA001,"",102,9999A,TX001,21.00009071940488,2024-08-01 00:00:00
231808-1-1-1175916,Order,2024-09-01 00:00:00,310015,ID002,WA001,"",102,9999A,TX001,21.00009071940488,2024-08-01 00:00:00
231808-1-1-1175917,Order,2024-09-01 00:00:00,310015,ID002,WA001,"",102,9999A,TX001,21.00009071940488,2024-08-01 00:00:00
231808-1-1-1175918,Order,2024-09-01 00:00:00,310015,ID002,WA001,"",102,9999A,TX001,21.00009071940488,2024-08-01 00:00:00
231809-1-1-1176094,Order,2024-09-15 00:00:00,310726,WA003,WA002,"",102,9999A,WA007,40,2024-08-07 00:00:00
231811-1-1-1175945,Order,2024-08-03 00:00:00,310015,WA001,"","",102,9999A,WA001,14.999909280595118,2024-08-02 00:00:00
231811-1-1-1175946,Order,2024-08-16 00:00:00,310015,WA001,"","",102,9999A,WA001,14.999909280595118,2024-08-02 00:00:00
231811-1-1-1175947,Order,2024-08-16 00:00:00,310015,WA001,"","",102,9999A,WA001,14.999909280595118,2024-08-02 00:00:00
231811-1-1-1175948,Order,2024-08-16 00:00:00,310015,WA001,"","",102,9999A,WA001,14.999909280595118,2024-08-02 00:00:00
231811-1-1-1175949,Order,2024-08-16 00:00:00,310015,WA001,"","",102,9999A,WA001,14.999909280595118,2024-08-02 00:00:00
231811-1-1-1175950,Order,2024-08-16 00:00:00,310015,WA001,"","",102,9999A,WA001,14.999909280595118,2024-08-02 00:00:00
231811-1-1-1175951,Order,2024-08-16 00:00:00,310015,WA001,"","",102,9999A,WA001,14.999909280595118,2024-08-02 00:00:00
231811-1-1-1175952,Order,2024-08-16 00:00:00,310015,WA001,"","",102,9999A,WA001,14.999909280595118,2024-08-02 00:00:00
231811-1-1-1175953,Order,2024-08-16 00:00:00,310015,WA001,"","",102,9999A,WA001,14.999909280595118,2024-08-02 00:00:00
231811-1-1-1175954,Order,2024-08-16 00:00:00,310015,WA001,"","",102,9999A,WA001,14.999909280595118,2024-08-02 00:00:00
231811-1-1-1175955,Order,2024-08-16 00:00:00,310015,WA001,"","",102,9999A,WA001,14.999909280595118,2024-08-02 00:00:00
231811-1-1-1175956,Order,2024-08-16 00:00:00,310015,WA001,"","",102,9999A,WA001,14.999909280595118,2024-08-02 00:00:00
231811-1-1-1175957,Order,2024-08-16 00:00:00,310015,WA001,"","",102,9999A,WA001,14.999909280595118,2024-08-02 00:00:00
231811-1-1-1175958,Order,2024-08-16 00:00:00,310015,WA001,"","",102,9999A,WA001,14.999909280595118,2024-08-02 00:00:00
231811-1-1-1175959,Order,2024-08-16 00:00:00,310015,WA001,"","",102,9999A,WA001,14.999909280595118,2024-08-02 00:00:00
231811-1-1-1175960,Order,2024-08-03 00:00:00,310015,WA001,"","",102,9999A,WA001,14.999909280595118,2024-08-02 00:00:00
231811-1-1-1175961,Order,2024-08-03 00:00:00,310015,WA001,"","",102,9999A,WA001,14.999909280595118,2024-08-02 00:00:00
231811-1-1-1175962,Order,2024-08-03 00:00:00,310015,WA001,"","",102,9999A,WA001,14.999909280595118,2024-08-02 00:00:00
231811-1-1-1175963,Order,2024-08-03 00:00:00,310015,WA001,"","",102,9999A,WA001,14.999909280595118,2024-08-02 00:00:00
231811-1-1-1175964,Order,2024-08-03 00:00:00,310015,WA001,"","",102,9999A,WA001,14.999909280595118,2024-08-02 00:00:00
231814-1-1-1176227,Order,2024-09-02 00:00:00,310724,WA002,"","",102,9999A,WA017,14.999909280595118,2024-08-08 00:00:00
231814-1-1-1176228,Order,2024-09-01 00:00:00,310724,WA002,"","",102,9999A,WA017,0.019958269073754874,2024-08-08 00:00:00
231814-1-1-1176228,Order,2024-09-02 00:00:00,310724,WA002,"","",102,9999A,WA017,14.979951011521363,2024-08-08 00:00:00
231814-1-1-1176229,Order,2024-09-01 00:00:00,310724,WA002,"","",102,9999A,WA017,2.0001814388097614,2024-08-08 00:00:00
231814-1-1-1176229,Order,2024-09-02 00:00:00,310724,WA002,"","",102,9999A,WA017,13.000090719404879,2024-08-08 00:00:00
231814-1-1-1176230,Order,2024-09-01 00:00:00,310724,WA002,"","",102,9999A,WA017,0.019958269073754874,2024-08-08 00:00:00
231814-1-1-1176230,Order,2024-09-02 00:00:00,310724,WA002,"","",102,9999A,WA017,14.979951011521363,2024-08-08 00:00:00
231815-1-1-1175944,Order,2024-10-01 00:00:00,310726,WA002,ID002,ID001,101,3015A,WA007,0.5200036287761952,2024-08-15 00:00:00
231815-1-1-1175944,Order,2024-10-02 00:00:00,310726,WA002,ID002,ID001,101,3015A,WA007,239.4799963712238,2024-08-15 00:00:00
231816-1-1-1175965,Order,2024-08-27 00:00:00,310018,WA001,"","",102,9999A,WA001,14.999909280595118,2024-08-02 00:00:00
231818-1-1-1176035,Order,2024-09-01 00:00:00,310015,ID002,WA001,"",102,9999A,TX001,21.00009071940488,2024-08-06 00:00:00
231818-1-1-1176036,Order,2024-08-31 00:00:00,310015,ID002,WA001,"",102,9999A,TX001,0.019958269073754874,2024-08-06 00:00:00
231818-1-1-1176036,Order,2024-09-01 00:00:00,310015,ID002,WA001,"",102,9999A,TX001,20.980132450331126,2024-08-06 00:00:00
231818-1-1-1176037,Order,2024-08-31 00:00:00,310015,ID002,WA001,"",102,9999A,TX001,0.03991653814750975,2024-08-06 00:00:00
231818-1-1-1176037,Order,2024-09-01 00:00:00,310015,ID002,WA001,"",102,9999A,TX001,20.960174181257372,2024-08-06 00:00:00
231818-1-1-1176038,Order,2024-08-31 00:00:00,310015,ID002,WA001,"",102,9999A,TX001,0.03991653814750975,2024-08-06 00:00:00
231818-1-1-1176038,Order,2024-09-01 00:00:00,310015,ID002,WA001,"",102,9999A,TX001,20.960174181257372,2024-08-06 00:00:00
231818-1-1-1176039,Order,2024-09-01 00:00:00,310015,ID002,WA001,"",102,9999A,TX001,21.00009071940488,2024-08-06 00:00:00
231818-1-1-1176040,Order,2024-08-31 00:00:00,310015,ID002,WA001,"",102,9999A,TX001,0.019958269073754874,2024-08-06 00:00:00
231818-1-1-1176040,Order,2024-09-01 00:00:00,310015,ID002,WA001,"",102,9999A,TX001,20.980132450331126,2024-08-06 00:00:00
231822-1-1-1176041,Order,2024-08-31 00:00:00,310015,ID002,WA001,"",102,9999A,TX001,0.14007076113580694,2024-08-06 00:00:00
231822-1-1-1176041,Order,2024-09-01 00:00:00,310015,ID002,WA001,"",102,9999A,TX001,20.86001995826907,2024-08-06 00:00:00
231822-1-1-1176042,Order,2024-09-01 00:00:00,310015,ID002,WA001,"",102,9999A,TX001,21.00009071940488,2024-08-06 00:00:00
231822-1-1-1176043,Order,2024-08-31 00:00:00,310015,ID002,WA001,"",102,9999A,TX001,0.019958269073754874,2024-08-06 00:00:00
231822-1-1-1176043,Order,2024-09-01 00:00:00,310015,ID002,WA001,"",102,9999A,TX001,20.980132450331126,2024-08-06 00:00:00
231822-1-1-1176044,Order,2024-09-01 00:00:00,310015,ID002,WA001,"",102,9999A,TX001,21.00009071940488,2024-08-06 00:00:00
231822-1-1-1176045,Order,2024-08-31 00:00:00,310015,ID002,WA001,"",102,9999A,TX001,0.12011249206205207,2024-08-06 00:00:00
231822-1-1-1176045,Order,2024-09-01 00:00:00,310015,ID002,WA001,"",102,9999A,TX001,20.879978227342825,2024-08-06 00:00:00
231822-1-1-1176046,Order,2024-09-01 00:00:00,310015,ID002,WA001,"",102,9999A,TX001,21.00009071940488,2024-08-06 00:00:00
231822-1-1-1176047,Order,2024-08-31 00:00:00,310015,ID002,WA001,"",102,9999A,TX001,0.019958269073754874,2024-08-06 00:00:00
231822-1-1-1176047,Order,2024-09-01 00:00:00,310015,ID002,WA001,"",102,9999A,TX001,20.980132450331126,2024-08-06 00:00:00
231822-1-1-1176048,Order,2024-08-31 00:00:00,310015,ID002,WA001,"",102,9999A,TX001,0.05987480722126462,2024-08-06 00:00:00
231822-1-1-1176048,Order,2024-09-01 00:00:00,310015,ID002,WA001,"",102,9999A,TX001,20.939853034564095,2024-08-06 00:00:00
231822-1-1-1176049,Order,2024-08-31 00:00:00,310015,ID002,WA001,"",102,9999A,TX001,0.05987480722126462,2024-08-06 00:00:00
231822-1-1-1176049,Order,2024-09-01 00:00:00,310015,ID002,WA001,"",102,9999A,TX001,20.939853034564095,2024-08-06 00:00:00
231822-1-1-1176050,Order,2024-09-01 00:00:00,310015,ID002,WA001,"",102,9999A,TX001,21.00009071940488,2024-08-06 00:00:00
231822-1-1-1176051,Order,2024-09-01 00:00:00,310015,ID002,WA001,"",102,9999A,TX001,21.00009071940488,2024-08-06 00:00:00
231822-1-1-1176056,Order,2024-09-01 00:00:00,310015,ID002,WA001,"",102,9999A,TX001,21.00009071940488,2024-08-06 00:00:00
231823-1-1-1176074,Order,2024-09-01 00:00:00,310015,ID002,WA001,"",102,9999A,TX001,21.00009071940488,2024-08-06 00:00:00
231823-1-1-1176075,Order,2024-08-31 00:00:00,310015,ID002,WA001,"",102,9999A,TX001,0.019958269073754874,2024-08-06 00:00:00
231823-1-1-1176075,Order,2024-09-01 00:00:00,310015,ID002,WA001,"",102,9999A,TX001,20.980132450331126,2024-08-06 00:00:00
231823-1-1-1176076,Order,2024-08-31 00:00:00,310015,ID002,WA001,"",102,9999A,TX001,0.019958269073754874,2024-08-06 00:00:00
231823-1-1-1176076,Order,2024-09-01 00:00:00,310015,ID002,WA001,"",102,9999A,TX001,20.980132450331126,2024-08-06 00:00:00
231824-1-1-1176247,Order,2024-09-16 00:00:00,310726,WA003,"","",102,9999E,WA007,20,2024-08-08 00:00:00
231826-1-1-1176120,Order,2024-08-16 00:00:00,310015,WA001,"","",102,9999A,WA001,16,2024-08-07 00:00:00
231826-1-2-1176121,Order,2024-09-03 00:00:00,310015,WA001,"","",102,9999A,WA001,16,2024-08-07 00:00:00
231826-1-3-1176122,Order,2024-10-02 00:00:00,310015,WA001,"","",102,9999A,WA001,16,2024-08-07 00:00:00
231830-1-1-1176352,Order,2024-10-02 00:00:00,310002,WA001,"","",101,9999A,WA001,20,2024-08-12 00:00:00
231830-1-1-1176353,Order,2024-10-02 00:00:00,310002,WA001,"","",101,9999A,WA001,20,2024-08-12 00:00:00
231830-1-1-1176354,Order,2024-10-02 00:00:00,310002,WA001,"","",101,9999A,WA001,20,2024-08-12 00:00:00
231830-1-1-1176355,Order,2024-10-02 00:00:00,310002,WA001,"","",101,9999A,WA001,20,2024-08-12 00:00:00
231830-1-1-1176356,Order,2024-10-02 00:00:00,310002,WA001,"","",101,9999A,WA001,20,2024-08-12 00:00:00
231830-1-1-1176357,Order,2024-10-02 00:00:00,310002,WA001,"","",101,9999A,WA001,20,2024-08-12 00:00:00
231830-1-1-1176358,Order,2024-10-02 00:00:00,310002,WA001,"","",101,9999A,WA001,20,2024-08-12 00:00:00
231830-1-1-1176359,Order,2024-10-02 00:00:00,310002,WA001,"","",101,9999A,WA001,20,2024-08-12 00:00:00
231833-1-1-1176160,Order,2024-08-17 00:00:00,310015,WA001,"","",102,9999A,WA001,14.999909280595118,2024-08-07 00:00:00
231833-1-1-1176161,Order,2024-08-17 00:00:00,310015,WA001,"","",102,9999A,WA001,14.999909280595118,2024-08-07 00:00:00
231833-1-1-1176163,Order,2024-08-17 00:00:00,310015,WA001,"","",102,9999A,WA001,14.999909280595118,2024-08-07 00:00:00
231833-1-1-1176164,Order,2024-08-17 00:00:00,310015,WA001,"","",102,9999A,WA001,14.999909280595118,2024-08-07 00:00:00
231833-1-1-1176165,Order,2024-08-17 00:00:00,310015,WA001,"","",102,9999A,WA001,14.999909280595118,2024-08-07 00:00:00
231833-1-1-1176166,Order,2024-08-17 00:00:00,310015,WA001,"","",102,9999A,WA001,14.999909280595118,2024-08-07 00:00:00
231833-1-1-1176167,Order,2024-08-17 00:00:00,310015,WA001,"","",102,9999A,WA001,14.999909280595118,2024-08-07 00:00:00
231833-1-1-1176168,Order,2024-08-17 00:00:00,310015,WA001,"","",102,9999A,WA001,14.999909280595118,2024-08-07 00:00:00
231833-1-1-1176169,Order,2024-08-17 00:00:00,310015,WA001,"","",102,9999A,WA001,14.999909280595118,2024-08-07 00:00:00
231833-1-1-1176170,Order,2024-08-17 00:00:00,310015,WA001,"","",102,9999A,WA001,14.999909280595118,2024-08-07 00:00:00
231833-1-1-1176171,Order,2024-08-17 00:00:00,310015,WA001,"","",102,9999A,WA001,14.999909280595118,2024-08-07 00:00:00
231833-1-1-1176172,Order,2024-08-17 00:00:00,310015,WA001,"","",102,9999A,WA001,14.999909280595118,2024-08-07 00:00:00
231833-1-1-1176173,Order,2024-08-17 00:00:00,310015,WA001,"","",102,9999A,WA001,14.999909280595118,2024-08-07 00:00:00
231833-1-1-1176174,Order,2024-08-17 00:00:00,310015,WA001,"","",102,9999A,WA001,14.999909280595118,2024-08-07 00:00:00
231833-1-1-1176175,Order,2024-08-17 00:00:00,310015,WA001,"","",102,9999A,WA001,14.999909280595118,2024-08-07 00:00:00
231833-1-1-1176176,Order,2024-08-17 00:00:00,310015,WA001,"","",102,9999A,WA001,14.999909280595118,2024-08-07 00:00:00
231833-1-1-1176177,Order,2024-08-17 00:00:00,310015,WA001,"","",102,9999A,WA001,14.999909280595118,2024-08-07 00:00:00
231833-1-1-1176178,Order,2024-08-17 00:00:00,310015,WA001,"","",102,9999A,WA001,14.999909280595118,2024-08-07 00:00:00
231833-1-1-1176179,Order,2024-08-17 00:00:00,310015,WA001,"","",102,9999A,WA001,14.999909280595118,2024-08-07 00:00:00
231833-1-1-1176180,Order,2024-08-17 00:00:00,310015,WA001,"","",102,9999A,WA001,14.999909280595118,2024-08-07 00:00:00
231833-1-1-1176181,Order,2024-08-17 00:00:00,310015,WA001,"","",102,9999A,WA001,14.999909280595118,2024-08-07 00:00:00
231833-1-1-1176182,Order,2024-08-17 00:00:00,310015,WA001,"","",102,9999A,WA001,14.999909280595118,2024-08-07 00:00:00
231833-1-1-1176183,Order,2024-08-17 00:00:00,310015,WA001,"","",102,9999A,WA001,14.999909280595118,2024-08-07 00:00:00
231833-1-1-1176184,Order,2024-08-17 00:00:00,310015,WA001,"","",102,9999A,WA001,14.999909280595118,2024-08-07 00:00:00
231833-1-1-1176185,Order,2024-08-17 00:00:00,310015,WA001,"","",102,9999A,WA001,14.999909280595118,2024-08-07 00:00:00
231833-1-1-1176186,Order,2024-08-17 00:00:00,310015,WA001,"","",102,9999A,WA001,14.999909280595118,2024-08-07 00:00:00
231833-1-1-1176187,Order,2024-08-17 00:00:00,310015,WA001,"","",102,9999A,WA001,14.999909280595118,2024-08-07 00:00:00
231833-1-1-1176188,Order,2024-08-17 00:00:00,310015,WA001,"","",102,9999A,WA001,14.999909280595118,2024-08-07 00:00:00
231833-1-1-1176189,Order,2024-08-17 00:00:00,310015,WA001,"","",102,9999A,WA001,14.999909280595118,2024-08-07 00:00:00
231833-1-1-1176190,Order,2024-08-17 00:00:00,310015,WA001,"","",102,9999A,WA001,14.999909280595118,2024-08-07 00:00:00
231833-1-1-1176191,Order,2024-08-17 00:00:00,310015,WA001,"","",102,9999A,WA001,14.999909280595118,2024-08-07 00:00:00
231833-1-1-1176192,Order,2024-08-17 00:00:00,310015,WA001,"","",102,9999A,WA001,14.999909280595118,2024-08-07 00:00:00
231833-1-1-1176193,Order,2024-08-17 00:00:00,310015,WA001,"","",102,9999A,WA001,14.999909280595118,2024-08-07 00:00:00
231833-1-1-1176194,Order,2024-08-17 00:00:00,310015,WA001,"","",102,9999A,WA001,14.999909280595118,2024-08-07 00:00:00
231833-1-1-1176195,Order,2024-08-13 00:00:00,310015,WA001,"","",102,9999A,WA001,14.999909280595118,2024-08-07 00:00:00
231833-1-1-1176196,Order,2024-08-13 00:00:00,310015,WA001,"","",102,9999A,WA001,14.999909280595118,2024-08-07 00:00:00
231833-1-1-1176197,Order,2024-08-13 00:00:00,310015,WA001,"","",102,9999A,WA001,14.999909280595118,2024-08-07 00:00:00
231833-1-1-1176198,Order,2024-08-13 00:00:00,310015,WA001,"","",102,9999A,WA001,14.999909280595118,2024-08-07 00:00:00
231833-1-1-1176199,Order,2024-08-13 00:00:00,310015,WA001,"","",102,9999A,WA001,14.999909280595118,2024-08-07 00:00:00
231833-1-1-1176232,Order,2024-08-17 00:00:00,310015,WA001,"","",102,9999A,WA001,14.999909280595118,2024-08-08 00:00:00
231834-1-1-1176845,Order,2024-11-01 00:00:00,310002,WA001,"","",102,9999A,TX001,20,2024-08-19 00:00:00
231835-1-1-1176224,Order,2024-10-02 00:00:00,310002,WA001,"","",102,9999A,WA001,40,2024-08-16 00:00:00
231835-1-2-1176225,Order,2024-10-15 00:00:00,310002,WA001,"","",102,9999A,WA001,0.12011249206205207,2024-08-16 00:00:00
231835-1-2-1176225,Order,2024-10-16 00:00:00,310002,WA001,"","",102,9999A,WA001,39.879887507937944,2024-08-16 00:00:00
231836-1-1-1176600,Order,2024-10-01 00:00:00,310724,WA002,"","",101,3053A,WA017,0.1001542229882972,2024-08-15 00:00:00
231836-1-1-1176600,Order,2024-10-02 00:00:00,310724,WA002,"","",101,3053A,WA017,19.899845777011702,2024-08-15 00:00:00
231836-1-2-1176601,Order,2024-10-02 00:00:00,310724,WA002,"","",101,3053A,WA007,20,2024-08-15 00:00:00
231836-1-2-1176602,Order,2024-10-16 00:00:00,310724,WA002,"","",101,3053A,WA007,20,2024-08-15 00:00:00
231836-1-3-1176603,Order,2024-11-02 00:00:00,310724,WA002,"","",101,3053A,WA007,20,2024-08-15 00:00:00
231836-1-3-1176604,Order,2024-11-02 00:00:00,310724,WA002,"","",101,3053A,WA007,20,2024-08-15 00:00:00
231837-1-1-1176235,Order,2024-08-20 00:00:00,310015,ID002,"","",102,9999A,TX001,14.999909280595118,2024-08-08 00:00:00
231837-1-1-1176236,Order,2024-08-20 00:00:00,310015,ID002,"","",102,9999A,TX001,14.999909280595118,2024-08-08 00:00:00
231837-1-1-1176237,Order,2024-08-20 00:00:00,310015,ID002,"","",102,9999A,TX001,14.999909280595118,2024-08-08 00:00:00
231837-1-1-1176238,Order,2024-08-20 00:00:00,310015,ID002,"","",102,9999A,TX001,14.999909280595118,2024-08-08 00:00:00
231837-1-1-1176239,Order,2024-08-20 00:00:00,310015,ID002,"","",102,9999A,TX001,14.999909280595118,2024-08-08 00:00:00
231840-1-1-1176420,Order,2024-09-01 00:00:00,310015,ID002,WA001,"",102,9999A,TX001,21.00009071940488,2024-08-13 00:00:00
231840-1-1-1176421,Order,2024-09-01 00:00:00,310015,ID002,WA001,"",102,9999A,TX001,21.00009071940488,2024-08-13 00:00:00
231840-1-1-1176422,Order,2024-09-01 00:00:00,310015,ID002,WA001,"",102,9999A,TX001,21.00009071940488,2024-08-13 00:00:00
231840-1-1-1176423,Order,2024-09-01 00:00:00,310015,ID002,WA001,"",102,9999A,TX001,21.00009071940488,2024-08-13 00:00:00
231840-1-1-1176424,Order,2024-09-01 00:00:00,310015,ID002,WA001,"",102,9999A,TX001,21.00009071940488,2024-08-13 00:00:00
231840-1-1-1176425,Order,2024-08-31 00:00:00,310015,ID002,WA001,"",102,9999A,TX001,0.05987480722126462,2024-08-13 00:00:00
231840-1-1-1176425,Order,2024-09-01 00:00:00,310015,ID002,WA001,"",102,9999A,TX001,20.939853034564095,2024-08-13 00:00:00
231840-1-1-1176426,Order,2024-09-01 00:00:00,310015,ID002,WA001,"",102,9999A,TX001,21.00009071940488,2024-08-13 00:00:00
231840-1-1-1176427,Order,2024-08-31 00:00:00,310015,ID002,WA001,"",102,9999A,TX001,0.1001542229882972,2024-08-13 00:00:00
231840-1-1-1176427,Order,2024-09-01 00:00:00,310015,ID002,WA001,"",102,9999A,TX001,20.89993649641658,2024-08-13 00:00:00
231840-1-1-1176428,Order,2024-08-31 00:00:00,310015,ID002,WA001,"",102,9999A,TX001,0.03991653814750975,2024-08-13 00:00:00
231840-1-1-1176428,Order,2024-09-01 00:00:00,310015,ID002,WA001,"",102,9999A,TX001,20.960174181257372,2024-08-13 00:00:00
231840-1-1-1176429,Order,2024-08-31 00:00:00,310015,ID002,WA001,"",102,9999A,TX001,0.019958269073754874,2024-08-13 00:00:00
231840-1-1-1176429,Order,2024-09-01 00:00:00,310015,ID002,WA001,"",102,9999A,TX001,20.980132450331126,2024-08-13 00:00:00
231840-1-1-1176430,Order,2024-09-01 00:00:00,310015,ID002,WA001,"",102,9999A,TX001,21.00009071940488,2024-08-13 00:00:00
231840-1-1-1176431,Order,2024-08-31 00:00:00,310015,ID002,WA001,"",102,9999A,TX001,0.3000997913453688,2024-08-13 00:00:00
231840-1-1-1176431,Order,2024-09-01 00:00:00,310015,ID002,WA001,"",102,9999A,TX001,20.69999092805951,2024-08-13 00:00:00
231840-1-1-1176432,Order,2024-09-01 00:00:00,310015,ID002,WA001,"",102,9999A,TX001,21.00009071940488,2024-08-13 00:00:00
231840-1-1-1176433,Order,2024-08-31 00:00:00,310015,ID002,WA001,"",102,9999A,TX001,0.019958269073754874,2024-08-13 00:00:00
231840-1-1-1176433,Order,2024-09-01 00:00:00,310015,ID002,WA001,"",102,9999A,TX001,20.980132450331126,2024-08-13 00:00:00
231840-1-1-1176434,Order,2024-08-31 00:00:00,310015,ID002,WA001,"",102,9999A,TX001,0.019958269073754874,2024-08-13 00:00:00
231840-1-1-1176434,Order,2024-09-01 00:00:00,310015,ID002,WA001,"",102,9999A,TX001,20.980132450331126,2024-08-13 00:00:00
231844-1-1-1177385,Order,2024-11-30 00:00:00,310726,WA002,"","",101,3035A,WA007,0.05987480722126462,2024-09-04 00:00:00
231844-1-1-1177385,Order,2024-12-11 00:00:00,310726,WA002,"","",101,3035A,WA007,159.94012519277874,2024-09-04 00:00:00
231844-1-1-1177399,Order,2024-11-15 00:00:00,310726,WA002,"","",101,3025A,WA007,0.019958269073754874,2024-09-04 00:00:00
231844-1-1-1177399,Order,2024-11-16 00:00:00,310726,WA002,"","",101,3025A,WA007,99.98004173092625,2024-09-04 00:00:00
231844-1-1-1177399,Order,2024-11-15 00:00:00,310726,WA002,"","",101,3035A,WA007,0.019958269073754874,2024-09-04 00:00:00
231844-1-1-1177399,Order,2024-12-11 00:00:00,310726,WA002,"","",101,3035A,WA007,59.98004173092624,2024-09-04 00:00:00
231844-1-2-1180570,Order,2024-12-15 00:00:00,310726,WA002,"","",101,3035A,WA007,0.05987480722126462,2024-10-23 00:00:00
231844-1-2-1180570,Order,2024-12-16 00:00:00,310726,WA002,"","",101,3035A,WA007,159.94012519277874,2024-10-23 00:00:00
231844-1-2-1180571,Order,2024-12-15 00:00:00,310726,WA002,"","",101,3035A,WA007,0.019958269073754874,2024-10-23 00:00:00
231844-1-2-1180571,Order,2024-12-16 00:00:00,310726,WA002,"","",101,3035A,WA007,159.98004173092625,2024-10-23 00:00:00
231844-1-3-1181254,Order,2025-01-02 00:00:00,310726,WA002,"","",101,3035A,WA007,160,2024-11-14 00:00:00
231844-1-3-1181255,Order,2025-01-01 00:00:00,310726,WA002,"","",101,3035A,WA007,0.019958269073754874,2024-11-14 00:00:00
231844-1-3-1181255,Order,2025-01-02 00:00:00,310726,WA002,"","",101,3035A,WA007,159.98004173092625,2024-11-14 00:00:00
231845-1-1-1176324,Order,2024-08-27 00:00:00,310018,WA001,"","",102,9999A,WA001,14.999909280595118,2024-08-12 00:00:00
231845-1-1-1176325,Order,2024-08-27 00:00:00,310018,WA001,"","",102,9999A,WA001,14.999909280595118,2024-08-12 00:00:00
231845-1-1-1176326,Order,2024-08-27 00:00:00,310018,WA001,"","",102,9999A,WA001,14.999909280595118,2024-08-12 00:00:00
231845-1-1-1176327,Order,2024-08-26 00:00:00,310018,WA001,"","",102,9999A,WA001,0.019958269073754874,2024-08-12 00:00:00
231845-1-1-1176327,Order,2024-08-27 00:00:00,310018,WA001,"","",102,9999A,WA001,14.979951011521363,2024-08-12 00:00:00
231845-1-1-1176328,Order,2024-08-27 00:00:00,310018,WA001,"","",102,9999A,WA001,14.999909280595118,2024-08-12 00:00:00
231845-1-1-1176688,Order,2024-09-05 00:00:00,310018,WA001,"","",102,9999A,WA001,14.999909280595118,2024-08-16 00:00:00
231845-1-1-1176689,Order,2024-09-12 00:00:00,310018,WA001,"","",102,9999A,WA001,14.999909280595118,2024-08-16 00:00:00
231854-1-1-1176331,Order,2024-09-15 00:00:00,310724,WA002,WA003,"",102,9999E,WA017,0.12011249206205207,2024-08-15 00:00:00
231854-1-1-1176331,Order,2024-09-16 00:00:00,310724,WA002,WA003,"",102,9999E,WA017,39.879887507937944,2024-08-15 00:00:00
231862-1-1-1176452,Order,2024-09-01 00:00:00,310015,ID002,WA001,"",102,9999A,TX001,21.00009071940488,2024-08-13 00:00:00
231862-1-1-1176453,Order,2024-08-31 00:00:00,310015,ID002,WA001,"",102,9999A,TX001,0.019958269073754874,2024-08-13 00:00:00
231862-1-1-1176453,Order,2024-09-01 00:00:00,310015,ID002,WA001,"",102,9999A,TX001,20.980132450331126,2024-08-13 00:00:00
231862-1-1-1176454,Order,2024-09-01 00:00:00,310015,ID002,WA001,"",102,9999A,TX001,21.00009071940488,2024-08-13 00:00:00
231863-1-1-1176441,Order,2024-08-31 00:00:00,310015,ID002,WA001,"",102,9999A,TX001,0.0798330762950195,2024-08-13 00:00:00
231863-1-1-1176441,Order,2024-09-01 00:00:00,310015,ID002,WA001,"",102,9999A,TX001,20.91989476549034,2024-08-13 00:00:00
231863-1-1-1176442,Order,2024-09-01 00:00:00,310015,ID002,WA001,"",102,9999A,TX001,21.00009071940488,2024-08-13 00:00:00
231863-1-1-1176443,Order,2024-09-01 00:00:00,310015,ID002,WA001,"",102,9999A,TX001,21.00009071940488,2024-08-13 00:00:00
231863-1-1-1176444,Order,2024-08-31 00:00:00,310015,ID002,WA001,"",102,9999A,TX001,0.019958269073754874,2024-08-13 00:00:00
231863-1-1-1176444,Order,2024-09-01 00:00:00,310015,ID002,WA001,"",102,9999A,TX001,20.980132450331126,2024-08-13 00:00:00
231863-1-1-1176445,Order,2024-09-01 00:00:00,310015,ID002,WA001,"",102,9999A,TX001,21.00009071940488,2024-08-13 00:00:00
231863-1-1-1176446,Order,2024-08-31 00:00:00,310015,ID002,WA001,"",102,9999A,TX001,0.019958269073754874,2024-08-13 00:00:00
231863-1-1-1176446,Order,2024-09-01 00:00:00,310015,ID002,WA001,"",102,9999A,TX001,20.980132450331126,2024-08-13 00:00:00
231868-1-1-1176581,Order,2024-08-22 00:00:00,310015,ID010,"","",102,9999A,ID010,5.000090719404881,2024-08-15 00:00:00
231868-1-1-1176581,Order,2024-08-22 00:00:00,310086,ID010,"","",102,9999A,ID010,11,2024-08-15 00:00:00
231869-1-1-1180931,Order,2024-11-27 00:00:00,310002,WA001,"","",102,9999A,WA001,18.00018143880976,2024-11-22 00:00:00
231869-1-1-1180932,Order,2024-11-27 00:00:00,310002,WA001,"","",102,9999A,WA001,18.00018143880976,2024-11-22 00:00:00
231869-1-1-1180933,Order,2024-11-27 00:00:00,310002,WA001,"","",102,9999A,WA001,18.00018143880976,2024-11-22 00:00:00
231869-1-1-1180934,Order,2024-11-27 00:00:00,310002,WA001,"","",102,9999A,WA001,18.00018143880976,2024-11-22 00:00:00
231869-1-1-1180935,Order,2024-11-27 00:00:00,310002,WA001,"","",102,9999A,WA001,18.00018143880976,2024-11-22 00:00:00
231869-1-1-1180936,Order,2024-11-15 00:00:00,310002,WA001,"","",102,9999A,WA001,18.00018143880976,2024-11-22 00:00:00
231869-1-1-1180937,Order,2024-11-27 00:00:00,310002,WA001,"","",102,9999A,WA001,12,2024-11-22 00:00:00
231869-1-1-1182266,Order,2024-12-11 00:00:00,310002,WA001,"","",102,9999A,WA001,18.00018143880976,2024-12-10 00:00:00
231871-1-1-1176555,Order,2024-08-24 00:00:00,310015,WA001,"","",102,9999A,WA001,14.999909280595118,2024-08-14 00:00:00
231871-1-1-1176556,Order,2024-08-24 00:00:00,310015,WA001,"","",102,9999A,WA001,14.999909280595118,2024-08-14 00:00:00
231871-1-1-1176557,Order,2024-08-24 00:00:00,310015,WA001,"","",102,9999A,WA001,14.999909280595118,2024-08-14 00:00:00
231871-1-1-1176558,Order,2024-08-24 00:00:00,310015,WA001,"","",102,9999A,WA001,14.999909280595118,2024-08-14 00:00:00
231871-1-1-1176559,Order,2024-08-24 00:00:00,310015,WA001,"","",102,9999A,WA001,14.999909280595118,2024-08-14 00:00:00
231871-1-1-1176560,Order,2024-08-24 00:00:00,310015,WA001,"","",102,9999A,WA001,14.999909280595118,2024-08-14 00:00:00
231871-1-1-1176561,Order,2024-08-24 00:00:00,310015,WA001,"","",102,9999A,WA001,14.999909280595118,2024-08-14 00:00:00
231874-1-1-1176622,Order,2024-08-27 00:00:00,310015,ID002,"","",102,9999A,TX001,152,2024-08-15 00:00:00
231877-1-1-1176781,Order,2024-08-28 00:00:00,310018,WA001,"","",102,9999A,WA001,14.999909280595118,2024-08-18 00:00:00
231878-1-1-1176879,Order,2024-09-30 00:00:00,310015,ID002,WA001,"",102,9999A,TX001,0.03991653814750975,2024-08-20 00:00:00
231878-1-1-1176879,Order,2024-10-01 00:00:00,310015,ID002,WA001,"",102,9999A,TX001,20.960174181257372,2024-08-20 00:00:00
231878-1-1-1176880,Order,2024-09-30 00:00:00,310015,ID002,WA001,"",102,9999A,TX001,0.019958269073754874,2024-08-20 00:00:00
231878-1-1-1176880,Order,2024-10-01 00:00:00,310015,ID002,WA001,"",102,9999A,TX001,20.980132450331126,2024-08-20 00:00:00
231878-1-2-1178244,Order,2024-10-31 00:00:00,310015,ID002,WA001,"",102,9999A,MEX002,21.00009071940488,2024-09-18 00:00:00
231878-1-2-1178245,Order,2024-12-31 00:00:00,310015,ID002,WA001,"",102,9999A,TX001,21.00009071940488,2024-09-18 00:00:00
231881-1-1-1176694,Order,2024-09-02 00:00:00,310015,WA001,"","",102,9999A,WA001,14.999909280595118,2024-08-16 00:00:00
231881-1-1-1176695,Order,2024-09-02 00:00:00,310015,WA001,"","",102,9999A,WA001,14.999909280595118,2024-08-16 00:00:00
231881-1-1-1176696,Order,2024-09-02 00:00:00,310015,WA001,"","",102,9999A,WA001,14.999909280595118,2024-08-16 00:00:00
231881-1-1-1176697,Order,2024-09-02 00:00:00,310015,WA001,"","",102,9999A,WA001,14.999909280595118,2024-08-16 00:00:00
231881-1-1-1176698,Order,2024-09-02 00:00:00,310015,WA001,"","",102,9999A,WA001,14.999909280595118,2024-08-16 00:00:00
231881-1-1-1176699,Order,2024-09-02 00:00:00,310015,WA001,"","",102,9999A,WA001,14.999909280595118,2024-08-16 00:00:00
231881-1-1-1176700,Order,2024-09-02 00:00:00,310015,WA001,"","",102,9999A,WA001,14.999909280595118,2024-08-16 00:00:00
231881-1-1-1176701,Order,2024-09-02 00:00:00,310015,WA001,"","",102,9999A,WA001,14.999909280595118,2024-08-16 00:00:00
231881-1-1-1176702,Order,2024-09-02 00:00:00,310015,WA001,"","",102,9999A,WA001,14.999909280595118,2024-08-16 00:00:00
231881-1-1-1176703,Order,2024-09-02 00:00:00,310015,WA001,"","",102,9999A,WA001,14.999909280595118,2024-08-16 00:00:00
231881-1-1-1176704,Order,2024-09-02 00:00:00,310015,WA001,"","",102,9999A,WA001,14.999909280595118,2024-08-16 00:00:00
231881-1-1-1176705,Order,2024-09-02 00:00:00,310015,WA001,"","",102,9999A,WA001,14.999909280595118,2024-08-16 00:00:00
231881-1-1-1176706,Order,2024-09-02 00:00:00,310015,WA001,"","",102,9999A,WA001,14.999909280595118,2024-08-16 00:00:00
231881-1-1-1176707,Order,2024-09-02 00:00:00,310015,WA001,"","",102,9999A,WA001,14.999909280595118,2024-08-16 00:00:00
231881-1-1-1176708,Order,2024-09-02 00:00:00,310015,WA001,"","",102,9999A,WA001,14.999909280595118,2024-08-16 00:00:00
231881-1-1-1176709,Order,2024-09-02 00:00:00,310015,WA001,"","",102,9999A,WA001,14.999909280595118,2024-08-16 00:00:00
231881-1-1-1176710,Order,2024-09-02 00:00:00,310015,WA001,"","",102,9999A,WA001,14.999909280595118,2024-08-16 00:00:00
231881-1-1-1176711,Order,2024-09-02 00:00:00,310015,WA001,"","",102,9999A,WA001,14.999909280595118,2024-08-16 00:00:00
231881-1-1-1176712,Order,2024-09-02 00:00:00,310015,WA001,"","",102,9999A,WA001,14.999909280595118,2024-08-16 00:00:00
231881-1-1-1176713,Order,2024-09-02 00:00:00,310015,WA001,"","",102,9999A,WA001,14.999909280595118,2024-08-16 00:00:00
231881-1-1-1176714,Order,2024-09-02 00:00:00,310015,WA001,"","",102,9999A,WA001,14.999909280595118,2024-08-16 00:00:00
231881-1-1-1176715,Order,2024-09-02 00:00:00,310015,WA001,"","",102,9999A,WA001,14.999909280595118,2024-08-16 00:00:00
231881-1-1-1176716,Order,2024-09-02 00:00:00,310015,WA001,"","",102,9999A,WA001,14.999909280595118,2024-08-16 00:00:00
231881-1-1-1176717,Order,2024-09-02 00:00:00,310015,WA001,"","",102,9999A,WA001,14.999909280595118,2024-08-16 00:00:00
231881-1-1-1176718,Order,2024-09-02 00:00:00,310015,WA001,"","",102,9999A,WA001,14.999909280595118,2024-08-16 00:00:00
231881-1-1-1176719,Order,2024-09-02 00:00:00,310015,WA001,"","",102,9999A,WA001,14.999909280595118,2024-08-16 00:00:00
231881-1-1-1176720,Order,2024-09-02 00:00:00,310015,WA001,"","",102,9999A,WA001,14.999909280595118,2024-08-16 00:00:00
231881-1-1-1176721,Order,2024-09-02 00:00:00,310015,WA001,"","",102,9999A,WA001,14.999909280595118,2024-08-16 00:00:00
231881-1-1-1176722,Order,2024-09-02 00:00:00,310015,WA001,"","",102,9999A,WA001,14.999909280595118,2024-08-16 00:00:00
231881-1-1-1176723,Order,2024-09-02 00:00:00,310015,WA001,"","",102,9999A,WA001,14.999909280595118,2024-08-16 00:00:00
231881-1-1-1176724,Order,2024-09-02 00:00:00,310015,WA001,"","",102,9999A,WA001,14.999909280595118,2024-08-16 00:00:00
231881-1-1-1176725,Order,2024-09-02 00:00:00,310015,WA001,"","",102,9999A,WA001,14.999909280595118,2024-08-16 00:00:00
231881-1-1-1176726,Order,2024-09-02 00:00:00,310015,WA001,"","",102,9999A,WA001,14.999909280595118,2024-08-16 00:00:00
231881-1-1-1176727,Order,2024-09-02 00:00:00,310015,WA001,"","",102,9999A,WA001,14.999909280595118,2024-08-16 00:00:00
231881-1-1-1176728,Order,2024-09-02 00:00:00,310015,WA001,"","",102,9999A,WA001,14.999909280595118,2024-08-16 00:00:00
231881-1-1-1176729,Order,2024-09-02 00:00:00,310015,WA001,"","",102,9999A,WA001,14.999909280595118,2024-08-16 00:00:00
231881-1-1-1176730,Order,2024-09-02 00:00:00,310015,WA001,"","",102,9999A,WA001,14.999909280595118,2024-08-16 00:00:00
231881-1-1-1176731,Order,2024-09-02 00:00:00,310015,WA001,"","",102,9999A,WA001,14.999909280595118,2024-08-16 00:00:00
231881-1-1-1176732,Order,2024-09-02 00:00:00,310015,WA001,"","",102,9999A,WA001,14.999909280595118,2024-08-16 00:00:00
231881-1-1-1176733,Order,2024-09-02 00:00:00,310015,WA001,"","",102,9999A,WA001,14.999909280595118,2024-08-16 00:00:00
231881-1-1-1176734,Order,2024-09-02 00:00:00,310015,WA001,"","",102,9999A,WA001,14.999909280595118,2024-08-16 00:00:00
231881-1-1-1176735,Order,2024-09-02 00:00:00,310015,WA001,"","",102,9999A,WA001,14.999909280595118,2024-08-16 00:00:00
231881-1-1-1176736,Order,2024-09-02 00:00:00,310015,WA001,"","",102,9999A,WA001,14.999909280595118,2024-08-16 00:00:00
231881-1-1-1176737,Order,2024-09-01 00:00:00,310015,WA001,"","",102,9999A,WA001,0.019958269073754874,2024-08-16 00:00:00
231881-1-1-1176737,Order,2024-09-02 00:00:00,310015,WA001,"","",102,9999A,WA001,14.979951011521363,2024-08-16 00:00:00
231881-1-1-1176738,Order,2024-09-02 00:00:00,310015,WA001,"","",102,9999A,WA001,14.999909280595118,2024-08-16 00:00:00
231881-1-1-1176739,Order,2024-09-02 00:00:00,310015,WA001,"","",102,9999A,WA001,14.999909280595118,2024-08-16 00:00:00
231881-1-1-1176740,Order,2024-09-02 00:00:00,310015,WA001,"","",102,9999A,WA001,14.999909280595118,2024-08-16 00:00:00
231881-1-1-1176741,Order,2024-09-02 00:00:00,310015,WA001,"","",102,9999A,WA001,14.999909280595118,2024-08-16 00:00:00
231881-1-1-1176742,Order,2024-09-02 00:00:00,310015,WA001,"","",102,9999A,WA001,14.999909280595118,2024-08-16 00:00:00
231881-1-1-1176743,Order,2024-09-02 00:00:00,310015,WA001,"","",102,9999A,WA001,14.999909280595118,2024-08-16 00:00:00
231881-1-1-1176744,Order,2024-09-02 00:00:00,310015,WA001,"","",102,9999A,WA001,14.999909280595118,2024-08-16 00:00:00
231881-1-1-1176745,Order,2024-09-02 00:00:00,310015,WA001,"","",102,9999A,WA001,14.999909280595118,2024-08-16 00:00:00
231881-1-1-1176746,Order,2024-09-02 00:00:00,310015,WA001,"","",102,9999A,WA001,14.999909280595118,2024-08-16 00:00:00
231881-1-1-1176747,Order,2024-09-02 00:00:00,310015,WA001,"","",102,9999A,WA001,14.999909280595118,2024-08-16 00:00:00
231884-1-1-1176798,Order,2024-08-28 00:00:00,310015,ID002,"","",102,9999A,ID010,14.999909280595118,2024-08-18 00:00:00
231884-1-1-1176799,Order,2024-08-19 00:00:00,310015,ID002,"","",102,9999A,ID010,14.999909280595118,2024-08-18 00:00:00
231887-1-1-1176869,Order,2024-09-15 00:00:00,310015,ID002,WA001,"",102,9999A,TX001,0.14007076113580694,2024-08-20 00:00:00
231887-1-1-1176869,Order,2024-09-16 00:00:00,310015,ID002,WA001,"",102,9999A,TX001,20.86001995826907,2024-08-20 00:00:00
231887-1-1-1176870,Order,2024-09-16 00:00:00,310015,ID002,WA001,"",102,9999A,TX001,21.00009071940488,2024-08-20 00:00:00
231887-1-1-1176871,Order,2024-09-15 00:00:00,310015,ID002,WA001,"",102,9999A,TX001,0.019958269073754874,2024-08-20 00:00:00
231887-1-1-1176871,Order,2024-09-16 00:00:00,310015,ID002,WA001,"",102,9999A,TX001,20.980132450331126,2024-08-20 00:00:00
231887-1-1-1176872,Order,2024-09-15 00:00:00,310015,ID002,WA001,"",102,9999A,TX001,0.019958269073754874,2024-08-20 00:00:00
231887-1-1-1176872,Order,2024-09-16 00:00:00,310015,ID002,WA001,"",102,9999A,TX001,20.980132450331126,2024-08-20 00:00:00
231887-1-1-1176873,Order,2024-09-15 00:00:00,310015,ID002,WA001,"",102,9999A,TX001,1.0599655266261454,2024-08-20 00:00:00
231887-1-1-1176873,Order,2024-09-16 00:00:00,310015,ID002,WA001,"",102,9999A,TX001,19.940125192778734,2024-08-20 00:00:00
231887-1-1-1176874,Order,2024-09-15 00:00:00,310015,ID002,WA001,"",102,9999A,TX001,1.0000907194048807,2024-08-20 00:00:00
231887-1-1-1176874,Order,2024-09-16 00:00:00,310015,ID002,WA001,"",102,9999A,TX001,20,2024-08-20 00:00:00
231888-1-1-1176875,Order,2024-09-30 00:00:00,310015,ID002,WA001,"",102,9999A,TX001,0.03991653814750975,2024-08-20 00:00:00
231888-1-1-1176875,Order,2024-10-01 00:00:00,310015,ID002,WA001,"",102,9999A,TX001,20.960174181257372,2024-08-20 00:00:00
231888-1-1-1176876,Order,2024-09-30 00:00:00,310015,ID002,WA001,"",102,9999A,TX001,0.03991653814750975,2024-08-20 00:00:00
231888-1-1-1176876,Order,2024-10-01 00:00:00,310015,ID002,WA001,"",102,9999A,TX001,20.960174181257372,2024-08-20 00:00:00
231888-1-1-1176877,Order,2024-09-30 00:00:00,310015,ID002,WA001,"",102,9999A,TX001,0.0798330762950195,2024-08-20 00:00:00
231888-1-1-1176877,Order,2024-10-01 00:00:00,310015,ID002,WA001,"",102,9999A,TX001,20.91989476549034,2024-08-20 00:00:00
231888-1-1-1176878,Order,2024-10-01 00:00:00,310015,ID002,WA001,"",102,9999A,TX001,21.00009071940488,2024-08-20 00:00:00
231890-1-1-1176894,Order,2024-10-01 00:00:00,310726,WA003,WA002,"",101,9999A,WA007,0.03991653814750975,2024-08-20 00:00:00
231890-1-1-1176894,Order,2024-10-02 00:00:00,310726,WA003,WA002,"",101,9999A,WA007,239.9600834618525,2024-08-20 00:00:00
231894-1-1-1177197,Order,2024-10-16 00:00:00,310726,WA002,"","",102,9999E,WA007,40,2024-08-29 00:00:00
231894-1-1-1177198,Order,2024-10-15 00:00:00,310726,WA002,"","",102,9999E,WA007,0.5399618978499501,2024-08-29 00:00:00
231894-1-1-1177198,Order,2024-10-16 00:00:00,310726,WA002,"","",102,9999E,WA007,39.460038102150044,2024-08-29 00:00:00
231895-1-1-1177025,Order,2024-10-01 00:00:00,310726,WA003,WA002,"",102,9999E,WA007,0.0798330762950195,2024-08-23 00:00:00
231895-1-1-1177025,Order,2024-10-02 00:00:00,310726,WA003,WA002,"",102,9999E,WA007,59.92016692370498,2024-08-23 00:00:00
231895-1-1-1177026,Order,2024-10-15 00:00:00,310726,WA003,WA002,"",102,9999E,WA007,0.019958269073754874,2024-08-23 00:00:00
231895-1-1-1177026,Order,2024-10-16 00:00:00,310726,WA003,WA002,"",102,9999E,WA007,59.98004173092624,2024-08-23 00:00:00
231895-1-1-1177027,Order,2024-10-15 00:00:00,310726,WA003,WA002,"",102,9999E,WA007,0.019958269073754874,2024-08-23 00:00:00
231895-1-1-1177027,Order,2024-10-16 00:00:00,310726,WA003,WA002,"",102,9999E,WA007,39.980041730926246,2024-08-23 00:00:00
231896-1-1-1176892,Order,2024-08-28 00:00:00,310015,ID002,"","",102,9999A,TX001,80,2024-08-20 00:00:00
231897-1-1-1177189,Order,2024-10-15 00:00:00,310726,WA002,WA003,"",102,9999E,WA007,0.03991653814750975,2024-08-28 00:00:00
231897-1-1-1177189,Order,2024-10-16 00:00:00,310726,WA002,WA003,"",102,9999E,WA007,139.9600834618525,2024-08-28 00:00:00
231899-1-1-1177184,Order,2024-10-16 00:00:00,310726,WA002,WA003,"",102,9999E,WA007,60,2024-08-28 00:00:00
231901-1-1-1176916,Order,2024-10-01 00:00:00,310015,ID002,"","",102,9999A,TX001,21.00009071940488,2024-08-21 00:00:00
231901-1-1-1176917,Order,2024-10-01 00:00:00,310015,ID002,"","",102,9999A,TX001,21.00009071940488,2024-08-21 00:00:00
231904-1-1-1177067,Order,2024-10-02 00:00:00,310724,WA002,"","",102,9999A,WA007,80,2024-08-26 00:00:00
231906-1-1-1177781,Order,2024-10-16 00:00:00,310015,WA001,"","",101,9999E,WA001,14.999909280595118,2024-09-10 00:00:00
231906-1-1-1179084,Order,2024-10-15 00:00:00,310015,WA001,"","",101,9999E,WA001,14.999909280595118,2024-09-27 00:00:00
231906-1-2-1180521,Order,2024-11-05 00:00:00,310015,WA001,"","",101,9999E,WA001,14.999909280595118,2024-10-23 00:00:00
231906-1-2-1180522,Order,2024-11-19 00:00:00,310015,WA001,"","",101,9999E,WA001,14.999909280595118,2024-10-23 00:00:00
231906-1-3-1180541,Order,2024-12-03 00:00:00,310015,WA001,"","",101,9999E,WA001,14.999909280595118,2024-10-23 00:00:00
231906-1-3-1182167,Order,2024-12-31 00:00:00,310015,WA001,"","",101,9999E,WA001,14.999909280595118,2024-12-09 00:00:00
231908-1-1-1179469,Order,2024-11-05 00:00:00,310002,WA001,"","",102,9999E,WA001,14.999909280595118,2024-10-08 00:00:00
231908-1-1-1179470,Order,2024-11-19 00:00:00,310002,WA001,"","",102,9999E,WA001,14.999909280595118,2024-10-08 00:00:00
231908-1-2-1180543,Order,2024-12-03 00:00:00,310002,WA001,"","",102,9999E,WA001,14.999909280595118,2024-10-23 00:00:00
231908-1-2-1181201,Order,2025-01-24 00:00:00,310002,WA001,"","",102,9999E,WA001,4,2024-11-11 00:00:00
231908-1-2-1181201,Order,2025-01-25 00:00:00,310002,WA001,"","",102,9999E,WA001,10.999909280595118,2024-11-11 00:00:00
231909-1-1-1177190,Order,2024-11-02 00:00:00,310726,WA002,"","",102,9999E,WA007,40,2024-08-28 00:00:00
231909-1-2-1177196,Order,2024-12-02 00:00:00,310726,WA002,"","",102,9999E,WA007,40,2024-08-29 00:00:00
231913-1-1-1177068,Order,2024-09-30 00:00:00,310015,ID002,WA001,"",102,9999A,TX001,0.12011249206205207,2024-08-26 00:00:00
231913-1-1-1177068,Order,2024-10-01 00:00:00,310015,ID002,WA001,"",102,9999A,TX001,20.879978227342825,2024-08-26 00:00:00
231913-1-1-1177069,Order,2024-09-30 00:00:00,310015,ID002,WA001,"",102,9999A,TX001,0.019958269073754874,2024-08-26 00:00:00
231913-1-1-1177069,Order,2024-10-01 00:00:00,310015,ID002,WA001,"",102,9999A,TX001,20.980132450331126,2024-08-26 00:00:00
231913-1-1-1177070,Order,2024-10-01 00:00:00,310015,ID002,WA001,"",102,9999A,TX001,21.00009071940488,2024-08-26 00:00:00
231913-1-1-1177071,Order,2024-09-30 00:00:00,310015,ID002,WA001,"",102,9999A,TX001,0.019958269073754874,2024-08-26 00:00:00
231913-1-1-1177071,Order,2024-10-01 00:00:00,310015,ID002,WA001,"",102,9999A,TX001,20.980132450331126,2024-08-26 00:00:00
231913-1-1-1177072,Order,2024-09-30 00:00:00,310015,ID002,WA001,"",102,9999A,TX001,0.019958269073754874,2024-08-26 00:00:00
231913-1-1-1177072,Order,2024-10-01 00:00:00,310015,ID002,WA001,"",102,9999A,TX001,20.980132450331126,2024-08-26 00:00:00
231913-1-1-1177073,Order,2024-09-30 00:00:00,310015,ID002,WA001,"",102,9999A,TX001,1.0000907194048807,2024-08-26 00:00:00
231913-1-1-1177073,Order,2024-10-01 00:00:00,310015,ID002,WA001,"",102,9999A,TX001,20,2024-08-26 00:00:00
231913-1-1-1177074,Order,2024-09-30 00:00:00,310015,ID002,WA001,"",102,9999A,TX001,1.0000907194048807,2024-08-26 00:00:00
231913-1-1-1177074,Order,2024-10-01 00:00:00,310015,ID002,WA001,"",102,9999A,TX001,20,2024-08-26 00:00:00
231913-1-1-1177075,Order,2024-09-30 00:00:00,310015,ID002,WA001,"",102,9999A,TX001,1.0000907194048807,2024-08-26 00:00:00
231913-1-1-1177075,Order,2024-10-01 00:00:00,310015,ID002,WA001,"",102,9999A,TX001,20,2024-08-26 00:00:00
231913-1-1-1177076,Order,2024-09-30 00:00:00,310015,ID002,WA001,"",102,9999A,TX001,1.0000907194048807,2024-08-26 00:00:00
231913-1-1-1177076,Order,2024-10-01 00:00:00,310015,ID002,WA001,"",102,9999A,TX001,20,2024-08-26 00:00:00
231913-1-1-1177077,Order,2024-10-01 00:00:00,310015,ID002,WA001,"",102,9999A,TX001,21.00009071940488,2024-08-26 00:00:00
231913-1-1-1177078,Order,2024-09-30 00:00:00,310015,ID002,WA001,"",102,9999A,TX001,1.0000907194048807,2024-08-26 00:00:00
231913-1-1-1177078,Order,2024-10-01 00:00:00,310015,ID002,WA001,"",102,9999A,TX001,20,2024-08-26 00:00:00
231913-1-1-1177079,Order,2024-09-30 00:00:00,310015,ID002,WA001,"",102,9999A,TX001,1.0000907194048807,2024-08-26 00:00:00
231913-1-1-1177079,Order,2024-10-01 00:00:00,310015,ID002,WA001,"",102,9999A,TX001,20,2024-08-26 00:00:00
231913-1-1-1177080,Order,2024-09-30 00:00:00,310015,ID002,WA001,"",102,9999A,TX001,1.0000907194048807,2024-08-26 00:00:00
231913-1-1-1177080,Order,2024-10-01 00:00:00,310015,ID002,WA001,"",102,9999A,TX001,20,2024-08-26 00:00:00
231913-1-1-1177081,Order,2024-09-30 00:00:00,310015,ID002,WA001,"",102,9999A,TX001,1.0200489884786357,2024-08-26 00:00:00
231913-1-1-1177081,Order,2024-10-01 00:00:00,310015,ID002,WA001,"",102,9999A,TX001,19.980041730926242,2024-08-26 00:00:00
231913-1-1-1177082,Order,2024-09-30 00:00:00,310015,ID002,WA001,"",102,9999A,TX001,1.0000907194048807,2024-08-26 00:00:00
231913-1-1-1177082,Order,2024-10-01 00:00:00,310015,ID002,WA001,"",102,9999A,TX001,20,2024-08-26 00:00:00
231914-1-1-1177183,Order,2024-09-07 00:00:00,310018,WA001,"","",102,9999A,WA001,14.999909280595118,2024-08-28 00:00:00
231916-1-1-1177168,Order,2024-09-09 00:00:00,310724,WA002,"","",102,9999A,WA017,0.0798330762950195,2024-08-27 00:00:00
231916-1-1-1177168,Order,2024-09-10 00:00:00,310724,WA002,"","",102,9999A,WA017,15.920166923704981,2024-08-27 00:00:00
231916-1-1-1177169,Order,2024-09-09 00:00:00,310724,WA002,"","",102,9999A,WA017,0.019958269073754874,2024-08-27 00:00:00
231916-1-1-1177169,Order,2024-09-10 00:00:00,310724,WA002,"","",102,9999A,WA017,15.980041730926244,2024-08-27 00:00:00
231916-1-1-1177170,Order,2024-09-09 00:00:00,310724,WA002,"","",102,9999A,WA017,0.0798330762950195,2024-08-27 00:00:00
231916-1-1-1177170,Order,2024-09-10 00:00:00,310724,WA002,"","",102,9999A,WA017,15.920166923704981,2024-08-27 00:00:00
231916-1-1-1177171,Order,2024-09-09 00:00:00,310724,WA002,"","",102,9999A,WA017,0.03991653814750975,2024-08-27 00:00:00
231916-1-1-1177171,Order,2024-09-10 00:00:00,310724,WA002,"","",102,9999A,WA017,15.96008346185249,2024-08-27 00:00:00
231916-1-1-1177172,Order,2024-09-10 00:00:00,310724,WA002,"","",102,9999A,WA017,16,2024-08-27 00:00:00
231916-1-1-1177173,Order,2024-09-09 00:00:00,310724,WA002,"","",102,9999A,WA017,0.1001542229882972,2024-08-27 00:00:00
231916-1-1-1177173,Order,2024-09-10 00:00:00,310724,WA002,"","",102,9999A,WA017,15.8998457770117,2024-08-27 00:00:00
231916-1-1-1177174,Order,2024-09-10 00:00:00,310724,WA002,"","",102,9999A,WA017,16,2024-08-27 00:00:00
231916-1-1-1177175,Order,2024-09-09 00:00:00,310724,WA002,"","",102,9999A,WA017,0.0798330762950195,2024-08-27 00:00:00
231916-1-1-1177175,Order,2024-09-10 00:00:00,310724,WA002,"","",102,9999A,WA017,15.920166923704981,2024-08-27 00:00:00
231916-1-1-1177176,Order,2024-09-09 00:00:00,310724,WA002,"","",102,9999A,WA017,0.019958269073754874,2024-08-27 00:00:00
231916-1-1-1177176,Order,2024-09-10 00:00:00,310724,WA002,"","",102,9999A,WA017,15.980041730926244,2024-08-27 00:00:00
231916-1-1-1177177,Order,2024-09-09 00:00:00,310724,WA002,"","",102,9999A,WA017,0.03991653814750975,2024-08-27 00:00:00
231916-1-1-1177177,Order,2024-09-10 00:00:00,310724,WA002,"","",102,9999A,WA017,15.96008346185249,2024-08-27 00:00:00
231918-1-1-1177475,Order,2024-09-21 00:00:00,310015,WA001,"","",102,9999A,WA001,14.999909280595118,2024-09-05 00:00:00
231918-1-1-1177476,Order,2024-09-21 00:00:00,310015,WA001,"","",102,9999A,WA001,14.999909280595118,2024-09-05 00:00:00
231918-1-1-1177477,Order,2024-09-21 00:00:00,310015,WA001,"","",102,9999A,WA001,14.999909280595118,2024-09-05 00:00:00
231918-1-1-1177478,Order,2024-09-21 00:00:00,310015,WA001,"","",102,9999A,WA001,14.999909280595118,2024-09-05 00:00:00
231918-1-1-1177479,Order,2024-09-21 00:00:00,310015,WA001,"","",102,9999A,WA001,14.999909280595118,2024-09-05 00:00:00
231919-1-1-1177104,Order,2024-08-31 00:00:00,310015,WA001,"","",102,9999A,WA001,14.999909280595118,2024-08-27 00:00:00
231919-1-1-1177105,Order,2024-08-31 00:00:00,310015,WA001,"","",102,9999A,WA001,14.999909280595118,2024-08-27 00:00:00
231919-1-1-1177106,Order,2024-08-31 00:00:00,310015,WA001,"","",102,9999A,WA001,14.999909280595118,2024-08-27 00:00:00
231919-1-1-1177107,Order,2024-08-31 00:00:00,310015,WA001,"","",102,9999A,WA001,14.999909280595118,2024-08-27 00:00:00
231919-1-1-1177108,Order,2024-08-31 00:00:00,310015,WA001,"","",102,9999A,WA001,14.999909280595118,2024-08-27 00:00:00
231919-1-1-1177109,Order,2024-08-31 00:00:00,310015,WA001,"","",102,9999A,WA001,14.999909280595118,2024-08-27 00:00:00
231919-1-1-1177110,Order,2024-08-31 00:00:00,310015,WA001,"","",102,9999A,WA001,14.999909280595118,2024-08-27 00:00:00
231920-1-1-1177127,Order,2024-10-01 00:00:00,310726,WA003,WA002,"",102,9999A,WA007,0.019958269073754874,2024-09-20 00:00:00
231920-1-1-1177127,Order,2024-10-23 00:00:00,310726,WA003,WA002,"",102,9999A,WA007,19.980041730926242,2024-09-20 00:00:00
231920-1-1-1177128,Order,2024-10-23 00:00:00,310726,WA003,WA002,"",102,9999A,WA007,20,2024-09-20 00:00:00
231920-1-1-1177129,Order,2024-10-01 00:00:00,310726,WA003,WA002,"",102,9999A,WA007,0.1001542229882972,2024-09-20 00:00:00
231920-1-1-1177129,Order,2024-10-23 00:00:00,310726,WA003,WA002,"",102,9999A,WA007,19.899845777011702,2024-09-20 00:00:00
231920-1-1-1177130,Order,2024-10-23 00:00:00,310726,WA003,WA002,"",102,9999A,WA007,20,2024-09-20 00:00:00
231922-1-1-1177131,Order,2024-10-01 00:00:00,310726,WA003,WA002,"",102,9999A,WA007,20,2024-09-20 00:00:00
231922-1-1-1177132,Order,2024-10-01 00:00:00,310726,WA003,WA002,"",102,9999A,WA007,20,2024-09-20 00:00:00
231922-1-1-1177133,Order,2024-10-01 00:00:00,310726,WA003,WA002,"",102,9999A,WA007,20,2024-09-20 00:00:00
231922-1-1-1177134,Order,2024-10-01 00:00:00,310726,WA003,WA002,"",102,9999A,WA007,20,2024-09-20 00:00:00
231922-1-1-1179090,Order,2024-10-15 00:00:00,310726,WA003,WA002,"",102,9999A,WA007,0.7203120747527896,2024-09-27 00:00:00
231922-1-1-1179090,Order,2024-10-16 00:00:00,310726,WA003,WA002,"",102,9999A,WA007,79.2796879252472,2024-09-27 00:00:00
231923-1-1-1177261,Order,2024-09-30 00:00:00,310015,ID002,WA001,"",102,9999A,TX001,0.019958269073754874,2024-08-30 00:00:00
231923-1-1-1177261,Order,2024-10-01 00:00:00,310015,ID002,WA001,"",102,9999A,TX001,20.980132450331126,2024-08-30 00:00:00
231923-1-1-1177262,Order,2024-10-01 00:00:00,310015,ID002,WA001,"",102,9999A,TX001,21.00009071940488,2024-08-30 00:00:00
231923-1-1-1177263,Order,2024-09-30 00:00:00,310015,ID002,WA001,"",102,9999A,TX001,0.019958269073754874,2024-08-30 00:00:00
231923-1-1-1177263,Order,2024-10-01 00:00:00,310015,ID002,WA001,"",102,9999A,TX001,20.980132450331126,2024-08-30 00:00:00
231924-1-1-1177147,Order,2024-09-14 00:00:00,310086,ID002,"","",102,9999A,ID010,20,2024-08-27 00:00:00
231924-1-1-1177148,Order,2024-09-14 00:00:00,310086,ID002,"","",102,9999A,ID010,20,2024-08-27 00:00:00
231924-1-1-1177149,Order,2024-09-14 00:00:00,310086,ID002,"","",102,9999A,ID010,20,2024-08-27 00:00:00
231924-1-1-1177150,Order,2024-09-14 00:00:00,310086,ID002,"","",102,9999A,ID010,20,2024-08-27 00:00:00
231924-1-1-1177151,Order,2024-09-14 00:00:00,310086,ID002,"","",102,9999A,ID010,20,2024-08-27 00:00:00
231924-1-1-1177152,Order,2024-09-14 00:00:00,310086,ID002,"","",102,9999A,ID010,20,2024-08-27 00:00:00
231924-1-1-1177153,Order,2024-09-14 00:00:00,310086,ID002,"","",102,9999A,ID010,20,2024-08-27 00:00:00
231924-1-1-1177154,Order,2024-09-14 00:00:00,310086,ID002,"","",102,9999A,ID010,20,2024-08-27 00:00:00
231925-1-1-1177156,Order,2024-09-13 00:00:00,310015,WA001,"","",102,"",WA001,16,2024-08-27 00:00:00
231925-1-1-1177157,Order,2024-09-20 00:00:00,310015,WA001,"","",102,9999A,WA001,16,2024-08-27 00:00:00
231925-1-1-1177158,Order,2024-09-14 00:00:00,310015,WA001,"","",102,"",WA001,14.999909280595118,2024-08-27 00:00:00
231925-1-1-1177159,Order,2024-09-14 00:00:00,310015,WA001,"","",102,"",WA001,14.999909280595118,2024-08-27 00:00:00
231925-1-1-1177160,Order,2024-09-13 00:00:00,310015,WA001,"","",102,9999A,WA001,0.019958269073754874,2024-08-27 00:00:00
231925-1-1-1177160,Order,2024-09-20 00:00:00,310015,WA001,"","",102,9999A,WA001,15.980041730926244,2024-08-27 00:00:00
231925-1-1-1177161,Order,2024-09-14 00:00:00,310015,WA001,"","",102,"",WA001,16,2024-08-27 00:00:00
231925-1-1-1177162,Order,2024-09-14 00:00:00,310015,WA001,"","",102,"",WA001,16,2024-08-27 00:00:00
231925-1-1-1177163,Order,2024-09-13 00:00:00,310015,WA001,"","",102,9999A,WA001,0.0798330762950195,2024-08-27 00:00:00
231925-1-1-1177163,Order,2024-09-14 00:00:00,310015,WA001,"","",102,9999A,WA001,15.920166923704981,2024-08-27 00:00:00
231925-1-1-1177164,Order,2024-09-13 00:00:00,310015,WA001,"","",102,"",WA001,16,2024-08-27 00:00:00
231925-1-1-1177165,Order,2024-09-13 00:00:00,310015,WA001,"","",102,9999A,WA001,0.019958269073754874,2024-08-27 00:00:00
231925-1-1-1177165,Order,2024-09-20 00:00:00,310015,WA001,"","",102,9999A,WA001,15.980041730926244,2024-08-27 00:00:00
231926-1-1-1177365,Order,2024-10-15 00:00:00,310726,WA003,"","",101,3002A,WA007,0.9198947654903384,2024-09-04 00:00:00
231926-1-1-1177365,Order,2024-10-16 00:00:00,310726,WA003,"","",101,3002A,WA007,239.08010523450966,2024-09-04 00:00:00
231928-1-1-1177182,Order,2024-10-01 00:00:00,310015,ID002,"","",102,9999A,ID010,5.000090719404881,2024-08-28 00:00:00
231928-1-1-1177182,Order,2024-10-01 00:00:00,310086,ID002,"","",102,9999A,ID010,12,2024-08-28 00:00:00
231928-1-2-1179264,Order,2024-10-04 00:00:00,310015,ID002,"","",102,9999A,ID010,0.038465027669418485,2024-10-02 00:00:00
231928-1-2-1179264,Order,2024-10-08 00:00:00,310015,ID002,"","",102,9999A,ID010,8.760954368139345,2024-10-02 00:00:00
231928-1-2-1179264,Order,2024-10-08 00:00:00,310086,ID002,"","",102,9999A,ID010,6,2024-10-02 00:00:00
231928-1-3-1179912,Order,2024-10-22 00:00:00,310015,ID002,"","",102,9999A,ID010,5.000090719404881,2024-10-14 00:00:00
231928-1-3-1179912,Order,2024-10-21 00:00:00,310086,ID002,"","",102,9999A,ID010,11,2024-10-14 00:00:00
231928-1-4-1180779,Order,2024-11-15 00:00:00,310015,ID002,"","",102,9999A,ID010,5.000090719404881,2024-10-30 00:00:00
231928-1-4-1180779,Order,2024-11-15 00:00:00,310086,ID002,"","",102,9999A,ID010,11,2024-10-30 00:00:00
231928-2-1-1181901,Order,2024-12-09 00:00:00,310015,ID002,"","",102,9999A,ID010,5.000090719404881,2024-12-03 00:00:00
231928-2-1-1181901,Order,2024-12-09 00:00:00,310086,ID002,"","",102,9999A,ID010,11,2024-12-03 00:00:00
231929-1-1-1177213,Order,2024-09-10 00:00:00,310015,WA001,"","",102,9999A,WA001,14.999909280595118,2024-08-29 00:00:00
231929-1-1-1177214,Order,2024-09-10 00:00:00,310015,WA001,"","",102,9999A,WA001,14.999909280595118,2024-08-29 00:00:00
231929-1-1-1177215,Order,2024-09-10 00:00:00,310015,WA001,"","",102,9999A,WA001,14.999909280595118,2024-08-29 00:00:00
231929-1-1-1177216,Order,2024-09-10 00:00:00,310015,WA001,"","",102,9999A,WA001,14.999909280595118,2024-08-29 00:00:00
231929-1-1-1177217,Order,2024-09-10 00:00:00,310015,WA001,"","",102,9999A,WA001,14.999909280595118,2024-08-29 00:00:00
231929-1-1-1177218,Order,2024-09-10 00:00:00,310015,WA001,"","",102,9999A,WA001,14.999909280595118,2024-08-29 00:00:00
231929-1-1-1177219,Order,2024-09-10 00:00:00,310015,WA001,"","",102,9999A,WA001,14.999909280595118,2024-08-29 00:00:00
231929-1-1-1177220,Order,2024-09-10 00:00:00,310015,WA001,"","",102,9999A,WA001,14.999909280595118,2024-08-29 00:00:00
231929-1-1-1177221,Order,2024-09-10 00:00:00,310015,WA001,"","",102,9999A,WA001,14.999909280595118,2024-08-29 00:00:00
231929-1-1-1177222,Order,2024-09-10 00:00:00,310015,WA001,"","",102,9999A,WA001,14.999909280595118,2024-08-29 00:00:00
231929-1-1-1177223,Order,2024-09-10 00:00:00,310015,WA001,"","",102,9999A,WA001,14.999909280595118,2024-08-29 00:00:00
231929-1-1-1177224,Order,2024-09-10 00:00:00,310015,WA001,"","",102,9999A,WA001,14.999909280595118,2024-08-29 00:00:00
231929-1-1-1177225,Order,2024-09-10 00:00:00,310015,WA001,"","",102,9999A,WA001,14.999909280595118,2024-08-29 00:00:00
231929-1-1-1177226,Order,2024-09-10 00:00:00,310015,WA001,"","",102,9999A,WA001,14.999909280595118,2024-08-29 00:00:00
231929-1-1-1177227,Order,2024-09-10 00:00:00,310015,WA001,"","",102,9999A,WA001,14.999909280595118,2024-08-29 00:00:00
231929-1-1-1177228,Order,2024-09-10 00:00:00,310015,WA001,"","",102,9999A,WA001,14.999909280595118,2024-08-29 00:00:00
231929-1-1-1177229,Order,2024-09-10 00:00:00,310015,WA001,"","",102,9999A,WA001,14.999909280595118,2024-08-29 00:00:00
231929-1-1-1177230,Order,2024-09-10 00:00:00,310015,WA001,"","",102,9999A,WA001,14.999909280595118,2024-08-29 00:00:00
231929-1-1-1177231,Order,2024-09-10 00:00:00,310015,WA001,"","",102,9999A,WA001,14.999909280595118,2024-08-29 00:00:00
231929-1-1-1177232,Order,2024-09-10 00:00:00,310015,WA001,"","",102,9999A,WA001,14.999909280595118,2024-08-29 00:00:00
231929-1-1-1177233,Order,2024-09-10 00:00:00,310015,WA001,"","",102,9999A,WA001,14.999909280595118,2024-08-29 00:00:00
231929-1-1-1177234,Order,2024-09-10 00:00:00,310015,WA001,"","",102,9999A,WA001,14.999909280595118,2024-08-29 00:00:00
231929-1-1-1177235,Order,2024-09-10 00:00:00,310015,WA001,"","",102,9999A,WA001,14.999909280595118,2024-08-29 00:00:00
231929-1-1-1177236,Order,2024-09-10 00:00:00,310015,WA001,"","",102,9999A,WA001,14.999909280595118,2024-08-29 00:00:00
231929-1-1-1177237,Order,2024-09-10 00:00:00,310015,WA001,"","",102,9999A,WA001,14.999909280595118,2024-08-29 00:00:00
231929-1-1-1177238,Order,2024-09-10 00:00:00,310015,WA001,"","",102,9999A,WA001,14.999909280595118,2024-08-29 00:00:00
231929-1-1-1177239,Order,2024-09-10 00:00:00,310015,WA001,"","",102,9999A,WA001,14.999909280595118,2024-08-29 00:00:00
231930-1-1-1177400,Order,2024-11-23 00:00:00,310002,WA001,"","",102,9999A,WA001,14.999909280595118,2024-09-04 00:00:00
231933-1-1-1177301,Order,2024-09-04 00:00:00,310015,WA001,"","",102,9999A,WA001,14.999909280595118,2024-09-03 00:00:00
231939-1-1-1177302,Order,2024-11-01 00:00:00,310726,WA002,WA003,"",102,9999E,WA007,1.0998820647736551,2024-09-13 00:00:00
231939-1-1-1177302,Order,2024-11-02 00:00:00,310726,WA002,WA003,"",102,9999E,WA007,78.90011793522635,2024-09-13 00:00:00
231940-1-1-1177303,Order,2024-11-01 00:00:00,310726,WA002,WA003,"",102,9999E,WA007,0.8600199582690737,2024-09-13 00:00:00
231940-1-1-1177303,Order,2024-11-02 00:00:00,310726,WA002,WA003,"",102,9999E,WA007,159.13998004173092,2024-09-13 00:00:00
231941-1-1-1178554,Order,2024-11-16 00:00:00,310002,WA001,"","",102,9999A,WA001,200,2024-09-23 00:00:00
231941-1-1-1178555,Order,2024-11-15 00:00:00,310002,WA001,"","",102,9999A,WA001,0.03991653814750975,2024-09-23 00:00:00
231941-1-1-1178555,Order,2024-11-16 00:00:00,310002,WA001,"","",102,9999A,WA001,199.9600834618525,2024-09-23 00:00:00
231942-1-1-1178556,Order,2024-12-15 00:00:00,310002,WA001,"","",102,9999A,WA001,0.03991653814750975,2024-09-23 00:00:00
231942-1-1-1178556,Order,2024-12-16 00:00:00,310002,WA001,"","",102,9999A,WA001,199.9600834618525,2024-09-23 00:00:00
231942-1-1-1178557,Order,2024-12-16 00:00:00,310002,WA001,"","",102,9999A,WA001,100,2024-09-23 00:00:00
231942-1-1-1178558,Order,2024-12-16 00:00:00,310002,WA001,"","",102,9999A,WA001,100,2024-09-23 00:00:00
231943-1-1-1178561,Order,2025-01-15 00:00:00,310002,WA001,"","",102,9999A,WA001,0.03991653814750975,2024-09-23 00:00:00
231943-1-1-1178561,Order,2025-01-16 00:00:00,310002,WA001,"","",102,9999A,WA001,99.96008346185248,2024-09-23 00:00:00
231943-1-1-1178562,Order,2025-01-16 00:00:00,310002,WA001,"","",102,9999A,WA001,100,2024-09-23 00:00:00
231943-1-1-1178563,Order,2025-01-16 00:00:00,310002,WA001,"","",102,9999A,WA001,100,2024-09-23 00:00:00
231943-1-1-1178564,Order,2025-01-16 00:00:00,310002,WA001,"","",102,9999A,WA001,100,2024-09-23 00:00:00
231945-1-1-1177343,Order,2024-09-30 00:00:00,310015,ID002,WA001,"",102,9999A,TX001,0.03991653814750975,2024-09-04 00:00:00
231945-1-1-1177343,Order,2024-10-01 00:00:00,310015,ID002,WA001,"",102,9999A,TX001,20.960174181257372,2024-09-04 00:00:00
231945-1-1-1177344,Order,2024-09-30 00:00:00,310015,ID002,WA001,"",102,9999A,TX001,0.1001542229882972,2024-09-04 00:00:00
231945-1-1-1177344,Order,2024-10-01 00:00:00,310015,ID002,WA001,"",102,9999A,TX001,20.89993649641658,2024-09-04 00:00:00
231945-1-1-1177345,Order,2024-09-30 00:00:00,310015,ID002,WA001,"",102,9999A,TX001,0.019958269073754874,2024-09-04 00:00:00
231945-1-1-1177345,Order,2024-10-01 00:00:00,310015,ID002,WA001,"",102,9999A,TX001,20.980132450331126,2024-09-04 00:00:00
231945-1-1-1177346,Order,2024-10-01 00:00:00,310015,ID002,WA001,"",102,9999A,TX001,21.00009071940488,2024-09-04 00:00:00
231947-1-1-1177347,Order,2024-09-14 00:00:00,310015,WA001,"","",102,9999A,WA001,5.999818561190239,2024-09-04 00:00:00
231947-1-1-1177347,Order,2024-09-13 00:00:00,310018,WA001,"","",102,9999A,WA001,9.00009071940488,2024-09-04 00:00:00
231948-1-1-1177403,Order,2024-09-30 00:00:00,310015,WA003,"","",102,9999A,TX001,1.0000907194048807,2024-09-04 00:00:00
231948-1-1-1177403,Order,2024-10-01 00:00:00,310015,WA003,"","",102,9999A,TX001,20,2024-09-04 00:00:00
231948-1-1-1177404,Order,2024-09-30 00:00:00,310015,WA003,"","",102,9999A,TX001,1.0000907194048807,2024-09-04 00:00:00
231948-1-1-1177404,Order,2024-10-01 00:00:00,310015,WA003,"","",102,9999A,TX001,20,2024-09-04 00:00:00
231948-1-1-1177405,Order,2024-10-01 00:00:00,310015,WA003,"","",102,9999A,TX001,21.00009071940488,2024-09-04 00:00:00
231951-1-1-1177367,Order,2024-11-02 00:00:00,310724,WA002,"","",102,9999E,WA007,20,2024-09-11 00:00:00
231951-1-1-1177368,Order,2024-11-02 00:00:00,310724,WA002,"","",102,9999E,WA007,20,2024-09-11 00:00:00
231951-1-1-1177369,Order,2024-11-02 00:00:00,310724,WA002,"","",102,9999E,WA007,20,2024-09-11 00:00:00
231951-1-1-1177370,Order,2024-11-02 00:00:00,310724,WA002,"","",102,9999E,WA007,20,2024-09-11 00:00:00
231951-1-1-1177371,Order,2024-11-02 00:00:00,310724,WA002,"","",102,9999E,WA017,14.999909280595118,2024-09-11 00:00:00
231951-1-1-1177372,Order,2024-11-02 00:00:00,310724,WA002,"","",102,9999E,WA017,14.999909280595118,2024-09-11 00:00:00
231951-1-1-1177373,Order,2024-11-01 00:00:00,310724,WA002,"","",102,9999E,WA017,0.03991653814750975,2024-09-11 00:00:00
231951-1-1-1177373,Order,2024-11-02 00:00:00,310724,WA002,"","",102,9999E,WA017,14.959992742447609,2024-09-11 00:00:00
231951-1-1-1177374,Order,2024-11-02 00:00:00,310724,WA002,"","",102,9999E,WA017,14.999909280595118,2024-09-11 00:00:00
231951-1-1-1177375,Order,2024-11-01 00:00:00,310724,WA002,"","",102,9999E,WA017,0.019958269073754874,2024-09-11 00:00:00
231951-1-1-1177375,Order,2024-11-02 00:00:00,310724,WA002,"","",102,9999E,WA017,14.979951011521363,2024-09-11 00:00:00
231951-1-1-1177376,Order,2024-11-02 00:00:00,310724,WA002,"","",102,9999E,WA007,14.999909280595118,2024-09-11 00:00:00
231951-1-1-1180461,Order,2024-10-01 00:00:00,310724,WA002,"","",102,9999E,WA007,0.03991653814750975,2024-10-21 00:00:00
231951-1-1-1180461,Order,2024-10-23 00:00:00,310724,WA002,"","",102,9999E,WA007,14.959992742447609,2024-10-21 00:00:00
231951-1-1-1180462,Order,2024-10-01 00:00:00,310724,WA002,"","",102,9999E,WA007,0.05987480722126462,2024-10-21 00:00:00
231951-1-1-1180462,Order,2024-10-23 00:00:00,310724,WA002,"","",102,9999E,WA007,14.940034473373855,2024-10-21 00:00:00
231952-1-1-1177406,Order,2024-09-30 00:00:00,310015,ID002,WA001,"",102,9999A,TX001,1.5600108863285858,2024-09-04 00:00:00
231952-1-1-1177406,Order,2024-10-01 00:00:00,310015,ID002,WA001,"",102,9999A,TX001,19.440079833076297,2024-09-04 00:00:00
231952-1-1-1177407,Order,2024-10-01 00:00:00,310015,ID002,WA001,"",102,9999A,TX001,21.00009071940488,2024-09-04 00:00:00
231952-1-1-1177408,Order,2024-09-30 00:00:00,310015,ID002,WA001,"",102,9999A,TX001,0.03991653814750975,2024-09-04 00:00:00
231952-1-1-1177408,Order,2024-10-01 00:00:00,310015,ID002,WA001,"",102,9999A,TX001,20.960174181257372,2024-09-04 00:00:00
231952-1-1-1177409,Order,2024-10-01 00:00:00,310015,ID002,WA001,"",102,9999A,TX001,21.00009071940488,2024-09-04 00:00:00
231952-1-1-1177410,Order,2024-09-30 00:00:00,310015,ID002,WA001,"",102,9999A,TX001,0.19994556835707158,2024-09-04 00:00:00
231952-1-1-1177410,Order,2024-10-01 00:00:00,310015,ID002,WA001,"",102,9999A,TX001,20.800145151047808,2024-09-04 00:00:00
231952-1-1-1177411,Order,2024-09-30 00:00:00,310015,ID002,WA001,"",102,9999A,TX001,1.0400072575523904,2024-09-04 00:00:00
231952-1-1-1177411,Order,2024-10-01 00:00:00,310015,ID002,WA001,"",102,9999A,TX001,19.960083461852488,2024-09-04 00:00:00
231952-1-1-1177412,Order,2024-09-30 00:00:00,310015,ID002,WA001,"",102,9999A,TX001,1.0000907194048807,2024-09-04 00:00:00
231952-1-1-1177412,Order,2024-10-01 00:00:00,310015,ID002,WA001,"",102,9999A,TX001,20,2024-09-04 00:00:00
231952-1-1-1177413,Order,2024-09-30 00:00:00,310015,ID002,WA001,"",102,9999A,TX001,1.0000907194048807,2024-09-04 00:00:00
231952-1-1-1177413,Order,2024-10-01 00:00:00,310015,ID002,WA001,"",102,9999A,TX001,20,2024-09-04 00:00:00
231952-1-1-1177414,Order,2024-09-30 00:00:00,310015,ID002,WA001,"",102,9999A,TX001,1.0000907194048807,2024-09-04 00:00:00
231952-1-1-1177414,Order,2024-10-01 00:00:00,310015,ID002,WA001,"",102,9999A,TX001,20,2024-09-04 00:00:00
231952-1-1-1177415,Order,2024-10-01 00:00:00,310015,ID002,WA001,"",102,9999A,TX001,21.00009071940488,2024-09-04 00:00:00
231952-1-1-1177416,Order,2024-09-30 00:00:00,310015,ID002,WA001,"",102,9999A,TX001,0.03991653814750975,2024-09-04 00:00:00
231952-1-1-1177416,Order,2024-10-01 00:00:00,310015,ID002,WA001,"",102,9999A,TX001,20.960174181257372,2024-09-04 00:00:00
231952-1-1-1177417,Order,2024-10-01 00:00:00,310015,ID002,WA001,"",102,9999A,TX001,21.00009071940488,2024-09-04 00:00:00
231952-1-1-1177418,Order,2024-09-30 00:00:00,310015,ID002,WA001,"",102,9999A,TX001,0.03991653814750975,2024-09-04 00:00:00
231952-1-1-1177418,Order,2024-10-01 00:00:00,310015,ID002,WA001,"",102,9999A,TX001,20.960174181257372,2024-09-04 00:00:00
231952-1-1-1177419,Order,2024-09-30 00:00:00,310015,ID002,WA001,"",102,9999A,TX001,1.0000907194048807,2024-09-04 00:00:00
231952-1-1-1177419,Order,2024-10-01 00:00:00,310015,ID002,WA001,"",102,9999A,TX001,20,2024-09-04 00:00:00
231952-1-1-1177420,Order,2024-09-30 00:00:00,310015,ID002,WA001,"",102,9999A,TX001,1.0000907194048807,2024-09-04 00:00:00
231952-1-1-1177420,Order,2024-10-01 00:00:00,310015,ID002,WA001,"",102,9999A,TX001,20,2024-09-04 00:00:00
231952-1-1-1177421,Order,2024-10-01 00:00:00,310015,ID002,WA001,"",102,9999A,TX001,21.00009071940488,2024-09-04 00:00:00
231952-1-1-1177422,Order,2024-10-01 00:00:00,310015,ID002,WA001,"",102,9999A,TX001,21.00009071940488,2024-09-04 00:00:00
231952-1-1-1177423,Order,2024-09-30 00:00:00,310015,ID002,WA001,"",102,9999A,TX001,0.019958269073754874,2024-09-04 00:00:00
231952-1-1-1177423,Order,2024-10-01 00:00:00,310015,ID002,WA001,"",102,9999A,TX001,20.980132450331126,2024-09-04 00:00:00
231952-1-1-1177424,Order,2024-10-01 00:00:00,310015,ID002,WA001,"",102,9999A,TX001,21.00009071940488,2024-09-04 00:00:00
231953-1-1-106,Order,2025-01-01 00:00:00,310726,WA003,WA002,"",102,9999A,WA007,0.03991653814750975,2024-12-24 00:00:00
231953-1-1-106,Order,2025-01-02 00:00:00,310726,WA003,WA002,"",102,9999A,WA007,19.960083461852488,2024-12-24 00:00:00
231953-1-1-107,Order,2025-01-02 00:00:00,310726,WA003,WA002,"",102,9999A,WA007,20,2024-12-24 00:00:00
231953-1-1-108,Order,2025-01-01 00:00:00,310726,WA003,WA002,"",102,9999A,WA007,0.1799872992833167,2024-12-24 00:00:00
231953-1-1-108,Order,2025-01-02 00:00:00,310726,WA003,WA002,"",102,9999A,WA007,19.82001270071668,2024-12-24 00:00:00
231953-1-1-109,Order,2025-01-02 00:00:00,310726,WA003,WA002,"",102,9999A,WA007,20,2024-12-24 00:00:00
231953-1-1-1178088,Order,2024-11-27 00:00:00,310726,WA003,WA002,"",102,9999A,WA007,20,2024-11-22 00:00:00
231953-1-1-1178089,Order,2024-11-27 00:00:00,310726,WA003,WA002,"",102,9999A,WA007,14.999909280595118,2024-11-22 00:00:00
231953-1-1-1178090,Order,2024-11-27 00:00:00,310726,WA003,WA002,"",102,9999A,WA007,14.999909280595118,2024-11-22 00:00:00
231953-1-1-1178091,Order,2024-11-27 00:00:00,310726,WA003,WA002,"",102,9999A,WA007,14.999909280595118,2024-11-22 00:00:00
231953-1-1-1178092,Order,2024-11-27 00:00:00,310726,WA003,WA002,"",102,9999A,WA007,14.999909280595118,2024-11-22 00:00:00
231954-1-1-1177757,Order,2024-11-01 00:00:00,310726,WA003,WA002,"",102,9999A,WA007,1.1601197496144424,2024-09-10 00:00:00
231954-1-1-1177757,Order,2024-11-02 00:00:00,310726,WA003,WA002,"",102,9999A,WA007,198.83988025038553,2024-09-10 00:00:00
231954-1-1-1177758,Order,2024-11-01 00:00:00,310726,WA003,WA002,"",102,9999A,WA007,0.7395445885874988,2024-09-10 00:00:00
231954-1-1-1177758,Order,2024-11-02 00:00:00,310726,WA003,WA002,"",102,9999A,WA007,199.26045541141247,2024-09-10 00:00:00
231954-1-1-1177759,Order,2024-11-01 00:00:00,310726,WA003,WA002,"",102,9999A,WA007,1.4798149324140433,2024-09-10 00:00:00
231954-1-1-1177759,Order,2024-11-02 00:00:00,310726,WA003,WA002,"",102,9999A,WA007,198.52018506758594,2024-09-10 00:00:00
231954-1-1-1177760,Order,2024-11-01 00:00:00,310726,WA003,WA002,"",102,9999A,WA007,0.9198947654903384,2024-09-10 00:00:00
231954-1-1-1177760,Order,2024-11-02 00:00:00,310726,WA003,WA002,"",102,9999A,WA007,199.08010523450966,2024-09-10 00:00:00
231955-1-1-1177901,Order,2024-11-01 00:00:00,310726,WA002,"","",102,9999A,WA007,0.03991653814750975,2024-09-11 00:00:00
231955-1-1-1177901,Order,2024-11-02 00:00:00,310726,WA002,"","",102,9999A,WA007,19.960083461852488,2024-09-11 00:00:00
231958-1-1-1177541,Order,2024-10-02 00:00:00,310726,WA002,WA003,"",102,3035A,WA007,20,2024-09-06 00:00:00
231958-1-1-1177542,Order,2024-10-01 00:00:00,310726,WA002,WA003,"",102,3035A,WA007,0.019958269073754874,2024-09-06 00:00:00
231958-1-1-1177542,Order,2024-10-02 00:00:00,310726,WA002,WA003,"",102,3035A,WA007,19.980041730926242,2024-09-06 00:00:00
231958-1-1-1177543,Order,2024-10-02 00:00:00,310726,WA002,WA003,"",102,3035A,WA007,20,2024-09-06 00:00:00
231962-1-1-1177563,Order,2024-09-21 00:00:00,310018,WA001,"","",102,9999A,WA001,14.999909280595118,2024-09-06 00:00:00
231962-1-1-1177564,Order,2024-10-24 00:00:00,310018,WA001,"","",102,9999A,WA001,14.999909280595118,2024-09-06 00:00:00
231962-1-1-1177565,Order,2024-09-27 00:00:00,310018,WA001,"","",102,9999A,WA001,14.999909280595118,2024-09-06 00:00:00
231962-1-1-1177566,Order,2024-10-15 00:00:00,310018,WA001,"","",102,9999A,WA001,14.999909280595118,2024-09-06 00:00:00
231962-1-2-1177567,Order,2024-11-09 00:00:00,310018,WA001,"","",102,9999A,WA001,14.999909280595118,2024-09-06 00:00:00
231962-1-2-1177568,Order,2024-11-27 00:00:00,310018,WA001,"","",102,9999A,WA001,14.999909280595118,2024-09-06 00:00:00
231962-1-3-1179417,Order,2024-10-18 00:00:00,310018,WA001,"","",102,9999A,WA001,14.999909280595118,2024-10-07 00:00:00
231962-1-3-1179564,Order,2024-11-20 00:00:00,310018,WA001,"","",102,9999A,WA001,2.88015966615259,2024-10-10 00:00:00
231962-1-3-1179564,Order,2024-11-21 00:00:00,310018,WA001,"","",102,9999A,WA001,12.12011249206205,2024-10-10 00:00:00
231962-1-4-1179861,Order,2024-10-22 00:00:00,310018,WA001,"","",102,9999A,WA001,14.999909280595118,2024-10-11 00:00:00
231962-1-4-1180192,Order,2024-11-11 00:00:00,310018,WA001,"","",102,9999A,WA001,14.999909280595118,2024-10-21 00:00:00
231962-1-4-1180523,Order,2024-11-14 00:00:00,310018,WA001,"","",102,9999A,WA001,0.39989113671414317,2024-10-23 00:00:00
231962-1-4-1180523,Order,2024-11-15 00:00:00,310018,WA001,"","",102,9999A,WA001,14.600018143880975,2024-10-23 00:00:00
231962-1-4-1181830,Order,2024-12-11 00:00:00,310018,WA001,"","",102,9999A,WA001,6.339834890683116,2024-11-27 00:00:00
231962-1-4-1181830,Order,2024-12-12 00:00:00,310018,WA001,"","",102,9999A,WA001,8.660074389912001,2024-11-27 00:00:00
231962-1-4-1181989,Order,2024-12-31 00:00:00,310018,WA001,"","",102,9999A,WA001,14.999909280595118,2024-12-05 00:00:00
231963-1-1-1177881,Order,2024-10-02 00:00:00,310015,WA001,"","",102,9999A,WA001,14.999909280595118,2024-09-11 00:00:00
231963-1-1-1177882,Order,2024-10-02 00:00:00,310015,WA001,"","",102,9999A,WA001,14.999909280595118,2024-09-11 00:00:00
231963-1-1-1177883,Order,2024-10-02 00:00:00,310015,WA001,"","",102,9999A,WA001,14.999909280595118,2024-09-11 00:00:00
231963-1-1-1177884,Order,2024-10-02 00:00:00,310015,WA001,"","",102,9999A,WA001,14.999909280595118,2024-09-11 00:00:00
231963-1-1-1177885,Order,2024-10-02 00:00:00,310015,WA001,"","",102,9999A,WA001,14.999909280595118,2024-09-11 00:00:00
231963-1-1-1177886,Order,2024-10-02 00:00:00,310015,WA001,"","",102,9999A,WA001,14.999909280595118,2024-09-11 00:00:00
231963-1-1-1177887,Order,2024-10-02 00:00:00,310015,WA001,"","",102,9999A,WA001,14.999909280595118,2024-09-11 00:00:00
231963-1-1-1177888,Order,2024-10-02 00:00:00,310015,WA001,"","",102,9999A,WA001,14.999909280595118,2024-09-11 00:00:00
231963-1-1-1177889,Order,2024-10-02 00:00:00,310015,WA001,"","",102,9999A,WA001,14.999909280595118,2024-09-11 00:00:00
231963-1-1-1177890,Order,2024-10-02 00:00:00,310015,WA001,"","",102,9999A,WA001,14.999909280595118,2024-09-11 00:00:00
231971-1-1-1177621,Order,2024-09-17 00:00:00,310015,WA001,"","",102,9999A,WA001,14.999909280595118,2024-09-09 00:00:00
231973-1-1-1177642,Order,2024-11-02 00:00:00,310726,WA003,WA002,"",102,9999E,WA007,40,2024-09-10 00:00:00
231974-1-1-101,Order,2025-02-16 00:00:00,310724,WA002,WA003,"",102,9999A,WA017,20,2025-01-04 00:00:00
231974-1-1-102,Order,2025-02-15 00:00:00,310724,WA002,WA003,"",102,9999A,WA017,20,2025-01-04 00:00:00
231974-1-1-103,Order,2025-02-15 00:00:00,310724,WA002,WA003,"",102,9999A,WA017,0.5998367050712148,2025-01-10 00:00:00
231974-1-1-103,Order,2025-02-16 00:00:00,310724,WA002,WA003,"",102,9999A,WA017,19.400163294928785,2025-01-10 00:00:00
231977-1-1-1177864,Order,2024-11-01 00:00:00,310726,WA002,WA003,"",102,9999E,WA007,0.019958269073754874,2024-09-11 00:00:00
231977-1-1-1177864,Order,2024-11-02 00:00:00,310726,WA002,WA003,"",102,9999E,WA007,39.980041730926246,2024-09-11 00:00:00
231979-1-1-1177865,Order,2024-12-01 00:00:00,310726,WA002,WA003,"",102,9999E,WA007,0.019958269073754874,2024-09-11 00:00:00
231979-1-1-1177865,Order,2024-12-02 00:00:00,310726,WA002,WA003,"",102,9999E,WA007,39.980041730926246,2024-09-11 00:00:00
231980-1-1-1179907,Order,2024-11-01 00:00:00,310726,WA003,"","",101,3025S,WA007,0.5599201669237049,2024-10-14 00:00:00
231980-1-1-1179907,Order,2024-11-02 00:00:00,310726,WA003,"","",101,3025S,WA007,79.44007983307628,2024-10-14 00:00:00
231980-1-1-1179908,Order,2024-11-02 00:00:00,310726,WA003,"","",101,3025S,WA007,40,2024-10-14 00:00:00
231980-1-1-1180704,Order,2024-12-01 00:00:00,310726,WA003,"","",101,3025S,WA007,0.03991653814750975,2024-10-28 00:00:00
231980-1-1-1180704,Order,2024-12-02 00:00:00,310726,WA003,"","",101,3025S,WA007,39.960083461852484,2024-10-28 00:00:00
231980-1-1-1180705,Order,2024-12-01 00:00:00,310726,WA003,"","",101,3025S,WA007,0.05987480722126462,2024-10-28 00:00:00
231980-1-1-1180705,Order,2024-12-02 00:00:00,310726,WA003,"","",101,3025S,WA007,19.940125192778734,2024-10-28 00:00:00
231982-1-1-1177747,Order,2024-10-16 00:00:00,310015,WA001,"","",102,9999A,WA001,8,2024-09-10 00:00:00
231984-1-1-1177861,Order,2024-09-16 00:00:00,310015,ID010,"","",102,9999A,ID010,3.620067132359612,2024-09-11 00:00:00
231986-1-1-1178096,Order,2024-11-02 00:00:00,310724,WA002,"","",102,9999E,WA007,20,2024-09-13 00:00:00
231991-1-1-1178167,Order,2024-11-01 00:00:00,310726,WA002,WA003,"",102,9999A,WA007,0.019958269073754874,2024-09-20 00:00:00
231991-1-1-1178167,Order,2024-11-02 00:00:00,310726,WA002,WA003,"",102,9999A,WA007,159.98004173092625,2024-09-20 00:00:00
231994-1-1-1178246,Order,2024-10-02 00:00:00,310015,ID002,"","",102,9999A,TX001,21.00009071940488,2024-09-18 00:00:00
231994-1-2-1180505,Order,2024-11-02 00:00:00,310015,ID002,"","",102,9999A,TX001,21.00009071940488,2024-10-22 00:00:00
231994-1-2-1180506,Order,2024-11-02 00:00:00,310015,ID002,"","",102,9999A,TX001,21.00009071940488,2024-10-22 00:00:00
231994-1-3-1180889,Order,2024-12-31 00:00:00,310015,ID002,"","",102,9999A,TX001,21.00009071940488,2024-10-31 00:00:00
231994-1-3-1181376,Order,2024-12-30 00:00:00,310015,ID002,"","",102,9999A,TX001,0.2801415222716139,2024-11-15 00:00:00
231994-1-3-1181376,Order,2024-12-31 00:00:00,310015,ID002,"","",102,9999A,TX001,20.719949197133264,2024-11-15 00:00:00
231994-1-3-1181377,Order,2024-12-31 00:00:00,310015,ID002,"","",102,9999A,TX001,21.00009071940488,2024-11-15 00:00:00
231994-1-3-1181378,Order,2024-12-31 00:00:00,310015,ID002,"","",102,9999A,TX001,21.00009071940488,2024-11-15 00:00:00
231994-1-3-1181379,Order,2024-12-30 00:00:00,310015,ID002,"","",102,9999A,TX001,0.0798330762950195,2024-11-15 00:00:00
231994-1-3-1181379,Order,2024-12-31 00:00:00,310015,ID002,"","",102,9999A,TX001,20.91989476549034,2024-11-15 00:00:00
231994-1-3-1181380,Order,2024-12-31 00:00:00,310015,ID002,"","",102,9999A,TX001,21.00009071940488,2024-11-15 00:00:00
231994-1-4-1181357,Order,2025-01-31 00:00:00,310015,ID002,"","",102,9999A,TX001,21.00009071940488,2024-11-15 00:00:00
231995-1-1-1180280,Order,2024-11-01 00:00:00,310086,ID002,"","",102,9999A,TX001,1,2024-10-22 00:00:00
231995-1-1-1180280,Order,2024-11-02 00:00:00,310086,ID002,"","",102,9999A,TX001,23,2024-10-22 00:00:00
231995-1-1-1180281,Order,2024-11-02 00:00:00,310086,ID002,"","",102,9999A,TX001,24,2024-10-22 00:00:00
231995-1-1-1180282,Order,2024-11-01 00:00:00,310086,ID002,"","",102,9999A,TX001,2,2024-10-22 00:00:00
231995-1-1-1180282,Order,2024-11-02 00:00:00,310086,ID002,"","",102,9999A,TX001,22,2024-10-22 00:00:00
231995-1-2-1181509,Order,2024-12-31 00:00:00,310086,ID002,"","",102,9999A,TX001,24,2024-11-19 00:00:00
231995-1-2-1181510,Order,2024-12-31 00:00:00,310086,ID002,"","",102,9999A,TX001,24,2024-11-19 00:00:00
231995-1-2-1181511,Order,2024-12-30 00:00:00,310086,ID002,"","",102,9999A,TX001,6,2024-11-19 00:00:00
231995-1-2-1181511,Order,2024-12-31 00:00:00,310086,ID002,"","",102,9999A,TX001,18,2024-11-19 00:00:00
231995-1-3-1181545,Order,2025-01-30 00:00:00,310086,ID002,"","",102,9999A,TX001,6,2024-11-20 00:00:00
231995-1-3-1181545,Order,2025-01-31 00:00:00,310086,ID002,"","",102,9999A,TX001,18,2024-11-20 00:00:00
232003-1-1-1178121,Order,2024-09-25 00:00:00,310015,ID002,WA001,"",102,9999A,ID010,4,2024-09-13 00:00:00
232004-1-1-1178122,Order,2024-10-01 00:00:00,310086,ID002,"","",102,3139A,ID002,19,2024-09-13 00:00:00
232004-1-1-1178123,Order,2024-10-01 00:00:00,310086,ID002,"","",102,3139A,ID002,19,2024-09-13 00:00:00
232004-1-1-1178124,Order,2024-10-01 00:00:00,310086,ID002,"","",102,3139A,ID002,19,2024-09-13 00:00:00
232004-1-1-1178125,Order,2024-10-01 00:00:00,310086,ID002,"","",102,3139A,ID002,19,2024-09-13 00:00:00
232004-1-1-1178126,Order,2024-10-01 00:00:00,310086,ID002,"","",102,3139A,ID002,19,2024-09-13 00:00:00
232004-1-1-1178127,Order,2024-10-01 00:00:00,310086,ID002,"","",102,3139A,ID002,19,2024-09-13 00:00:00
232007-1-1-1178083,Order,2024-10-01 00:00:00,310086,ID002,"","",102,3139A,ID010,19,2024-09-13 00:00:00
232007-1-1-1178084,Order,2024-10-01 00:00:00,310086,ID002,"","",102,3139A,ID010,19,2024-09-13 00:00:00
232007-1-1-1178085,Order,2024-10-01 00:00:00,310086,ID002,"","",102,3139A,ID010,19,2024-09-13 00:00:00
232007-1-1-1178086,Order,2024-10-01 00:00:00,310086,ID002,"","",102,3139A,ID010,19,2024-09-13 00:00:00
232008-1-1-1178289,Order,2024-11-01 00:00:00,310726,WA002,"","",102,9999A,WA007,0.019958269073754874,2024-09-18 00:00:00
232008-1-1-1178289,Order,2024-11-02 00:00:00,310726,WA002,"","",102,9999A,WA007,99.98004173092625,2024-09-18 00:00:00
232008-1-1-1178290,Order,2024-11-01 00:00:00,310726,WA002,"","",102,9999A,WA007,0.019958269073754874,2024-09-18 00:00:00
232008-1-1-1178290,Order,2024-11-02 00:00:00,310726,WA002,"","",102,9999A,WA007,99.98004173092625,2024-09-18 00:00:00
232008-1-1-1178291,Order,2024-11-02 00:00:00,310726,WA002,"","",102,9999A,WA007,80,2024-09-18 00:00:00
232009-1-1-1178582,Order,2024-10-15 00:00:00,310724,WA002,"","",102,9999E,WA007,1.259548217363694,2024-09-23 00:00:00
232009-1-1-1178582,Order,2024-10-16 00:00:00,310724,WA002,"","",102,9999E,WA007,798.7404517826362,2024-09-23 00:00:00
232009-1-2-1178569,Order,2024-11-01 00:00:00,310724,WA002,"","",102,9999E,WA007,800,2024-09-23 00:00:00
232009-1-2-1179464,Order,2024-11-01 00:00:00,310724,WA002,"","",102,9999E,WA007,400,2024-10-08 00:00:00
232009-1-2-1179465,Order,2024-11-01 00:00:00,310724,WA002,"","",102,9999E,WA007,400,2024-10-08 00:00:00
232009-1-2-1179467,Order,2024-11-15 00:00:00,310724,WA002,"","",102,9999E,WA007,0.019958269073754874,2024-10-08 00:00:00
232009-1-2-1179467,Order,2024-11-16 00:00:00,310724,WA002,"","",102,9999E,WA007,399.98004173092625,2024-10-08 00:00:00
232009-1-2-1179468,Order,2024-11-15 00:00:00,310724,WA002,"","",102,9999E,WA007,0.159666152590039,2024-10-08 00:00:00
232009-1-2-1179468,Order,2024-11-16 00:00:00,310724,WA002,"","",102,9999E,WA007,399.8403338474099,2024-10-08 00:00:00
232010-1-1-1178168,Order,2024-09-27 00:00:00,310015,WA001,"","",102,9999A,WA001,14.999909280595118,2024-09-16 00:00:00
232010-1-1-1178169,Order,2024-09-27 00:00:00,310015,WA001,"","",102,9999A,WA001,14.999909280595118,2024-09-16 00:00:00
232010-1-1-1178170,Order,2024-09-27 00:00:00,310015,WA001,"","",102,9999A,WA001,14.999909280595118,2024-09-16 00:00:00
232010-1-1-1178171,Order,2024-09-27 00:00:00,310015,WA001,"","",102,9999A,WA001,14.999909280595118,2024-09-16 00:00:00
232010-1-1-1178172,Order,2024-09-27 00:00:00,310015,WA001,"","",102,9999A,WA001,14.999909280595118,2024-09-16 00:00:00
232010-1-1-1178173,Order,2024-09-27 00:00:00,310015,WA001,"","",102,9999A,WA001,14.999909280595118,2024-09-16 00:00:00
232010-1-1-1178174,Order,2024-09-27 00:00:00,310015,WA001,"","",102,9999A,WA001,14.999909280595118,2024-09-16 00:00:00
232010-1-1-1178175,Order,2024-09-27 00:00:00,310015,WA001,"","",102,9999A,WA001,14.999909280595118,2024-09-16 00:00:00
232010-1-1-1178176,Order,2024-09-27 00:00:00,310015,WA001,"","",102,9999A,WA001,14.999909280595118,2024-09-16 00:00:00
232010-1-1-1178177,Order,2024-09-27 00:00:00,310015,WA001,"","",102,9999A,WA001,14.999909280595118,2024-09-16 00:00:00
232024-1-2-1178321,Order,2024-10-31 00:00:00,310015,ID002,WA001,"",102,9999A,TX001,0.019958269073754874,2024-09-18 00:00:00
232024-1-2-1178321,Order,2024-11-01 00:00:00,310015,ID002,WA001,"",102,9999A,TX001,20.980132450331126,2024-09-18 00:00:00
232024-1-2-1178322,Order,2024-10-31 00:00:00,310015,ID002,WA001,"",102,9999A,TX001,0.03991653814750975,2024-09-18 00:00:00
232024-1-2-1178322,Order,2024-11-01 00:00:00,310015,ID002,WA001,"",102,9999A,TX001,20.960174181257372,2024-09-18 00:00:00
232026-1-1-1179571,Order,2024-11-02 00:00:00,310726,WA002,"","",102,9999E,WA007,40,2024-10-10 00:00:00
232026-1-1-1179572,Order,2024-11-15 00:00:00,310726,WA002,"","",102,9999E,WA007,0.03991653814750975,2024-10-10 00:00:00
232026-1-1-1179572,Order,2024-11-16 00:00:00,310726,WA002,"","",102,9999E,WA007,39.960083461852484,2024-10-10 00:00:00
232031-1-2-1178441,Order,2024-10-09 00:00:00,310086,ID002,"","",102,3139A,ID002,19,2024-09-20 00:00:00
232031-1-2-1178442,Order,2024-09-24 00:00:00,310086,ID002,"","",102,3139A,ID002,19,2024-09-20 00:00:00
232031-1-2-1178443,Order,2024-09-24 00:00:00,310086,ID002,"","",102,3139A,ID002,19,2024-09-20 00:00:00
232031-1-2-1178444,Order,2024-09-24 00:00:00,310086,ID002,"","",102,3139A,ID002,19,2024-09-20 00:00:00
232031-1-2-1178445,Order,2024-09-24 00:00:00,310086,ID002,"","",102,3139A,ID002,19,2024-09-20 00:00:00
232033-1-1-1178410,Order,2024-09-28 00:00:00,310015,WA001,"","",102,9999A,WA001,14.999909280595118,2024-09-20 00:00:00
232033-1-1-1178411,Order,2024-09-28 00:00:00,310015,WA001,"","",102,9999A,WA001,14.999909280595118,2024-09-20 00:00:00
232033-1-1-1178412,Order,2024-09-28 00:00:00,310015,WA001,"","",102,9999A,WA001,14.999909280595118,2024-09-20 00:00:00
232033-1-1-1178413,Order,2024-09-28 00:00:00,310015,WA001,"","",102,9999A,WA001,14.999909280595118,2024-09-20 00:00:00
232033-1-1-1178414,Order,2024-09-28 00:00:00,310015,WA001,"","",102,9999A,WA001,14.999909280595118,2024-09-20 00:00:00
232033-1-1-1178415,Order,2024-09-28 00:00:00,310015,WA001,"","",102,9999A,WA001,14.999909280595118,2024-09-20 00:00:00
232033-1-1-1178416,Order,2024-09-28 00:00:00,310015,WA001,"","",102,9999A,WA001,14.999909280595118,2024-09-20 00:00:00
232033-1-1-1178417,Order,2024-09-28 00:00:00,310015,WA001,"","",102,9999A,WA001,14.999909280595118,2024-09-20 00:00:00
232033-1-1-1178418,Order,2024-09-28 00:00:00,310015,WA001,"","",102,9999A,WA001,14.999909280595118,2024-09-20 00:00:00
232033-1-1-1178419,Order,2024-09-28 00:00:00,310015,WA001,"","",102,9999A,WA001,14.999909280595118,2024-09-20 00:00:00
232033-1-1-1178420,Order,2024-09-28 00:00:00,310015,WA001,"","",102,9999A,WA001,14.999909280595118,2024-09-20 00:00:00
232033-1-1-1178461,Order,2024-09-28 00:00:00,310015,WA001,"","",102,9999A,WA001,14.999909280595118,2024-09-20 00:00:00
232033-1-1-1178462,Order,2024-09-28 00:00:00,310015,WA001,"","",102,9999A,WA001,14.999909280595118,2024-09-20 00:00:00
232033-1-1-1178463,Order,2024-09-28 00:00:00,310015,WA001,"","",102,9999A,WA001,14.999909280595118,2024-09-20 00:00:00
232033-1-1-1178464,Order,2024-09-28 00:00:00,310015,WA001,"","",102,9999A,WA001,14.999909280595118,2024-09-20 00:00:00
232033-1-1-1178465,Order,2024-09-28 00:00:00,310015,WA001,"","",102,9999A,WA001,14.999909280595118,2024-09-20 00:00:00
232033-1-1-1178466,Order,2024-09-27 00:00:00,310015,WA001,"","",102,9999A,WA001,0.019958269073754874,2024-09-20 00:00:00
232033-1-1-1178466,Order,2024-09-28 00:00:00,310015,WA001,"","",102,9999A,WA001,14.979951011521363,2024-09-20 00:00:00
232033-1-1-1178467,Order,2024-09-28 00:00:00,310015,WA001,"","",102,9999A,WA001,14.999909280595118,2024-09-20 00:00:00
232033-1-1-1178468,Order,2024-09-28 00:00:00,310015,WA001,"","",102,9999A,WA001,14.999909280595118,2024-09-20 00:00:00
232033-1-1-1178469,Order,2024-09-28 00:00:00,310015,WA001,"","",102,9999A,WA001,14.999909280595118,2024-09-20 00:00:00
232033-1-1-1178470,Order,2024-09-28 00:00:00,310015,WA001,"","",102,9999A,WA001,14.999909280595118,2024-09-20 00:00:00
232033-1-1-1178471,Order,2024-09-28 00:00:00,310015,WA001,"","",102,9999A,WA001,14.999909280595118,2024-09-20 00:00:00
232033-1-1-1178472,Order,2024-09-28 00:00:00,310015,WA001,"","",102,9999A,WA001,14.999909280595118,2024-09-20 00:00:00
232033-1-1-1178473,Order,2024-09-28 00:00:00,310015,WA001,"","",102,9999A,WA001,14.999909280595118,2024-09-20 00:00:00
232033-1-1-1178474,Order,2024-09-28 00:00:00,310015,WA001,"","",102,9999A,WA001,14.999909280595118,2024-09-20 00:00:00
232033-1-1-1178475,Order,2024-09-27 00:00:00,310015,WA001,"","",102,9999A,WA001,0.019958269073754874,2024-09-20 00:00:00
232033-1-1-1178475,Order,2024-09-28 00:00:00,310015,WA001,"","",102,9999A,WA001,14.979951011521363,2024-09-20 00:00:00
232033-1-1-1178476,Order,2024-09-28 00:00:00,310015,WA001,"","",102,9999A,WA001,14.999909280595118,2024-09-20 00:00:00
232037-1-1-1178521,Order,2024-10-12 00:00:00,310724,WA002,"","",102,9999A,WA007,16,2024-09-23 00:00:00
232037-1-1-1178522,Order,2024-10-12 00:00:00,310724,WA002,"","",102,9999A,WA007,16,2024-09-23 00:00:00
232037-1-1-1178523,Order,2024-10-12 00:00:00,310724,WA002,"","",102,9999A,WA007,16,2024-09-23 00:00:00
232037-1-1-1178524,Order,2024-10-12 00:00:00,310724,WA002,"","",102,9999A,WA007,16,2024-09-23 00:00:00
232037-1-1-1178525,Order,2024-10-12 00:00:00,310724,WA002,"","",102,9999A,WA007,16,2024-09-23 00:00:00
232037-1-1-1178526,Order,2024-10-12 00:00:00,310724,WA002,"","",102,9999A,WA007,16,2024-09-23 00:00:00
232037-1-1-1178527,Order,2024-10-12 00:00:00,310724,WA002,"","",102,9999A,WA007,16,2024-09-23 00:00:00
232037-1-1-1178528,Order,2024-10-11 00:00:00,310724,WA002,"","",102,9999A,WA007,0.019958269073754874,2024-09-23 00:00:00
232037-1-1-1178528,Order,2024-10-12 00:00:00,310724,WA002,"","",102,9999A,WA007,15.980041730926244,2024-09-23 00:00:00
232037-1-1-1178529,Order,2024-10-12 00:00:00,310724,WA002,"","",102,9999A,WA007,16,2024-09-23 00:00:00
232037-1-1-1178530,Order,2024-10-11 00:00:00,310724,WA002,"","",102,9999A,WA007,0.019958269073754874,2024-09-23 00:00:00
232037-1-1-1178530,Order,2024-10-12 00:00:00,310724,WA002,"","",102,9999A,WA007,15.980041730926244,2024-09-23 00:00:00
232037-1-1-1178531,Order,2024-10-11 00:00:00,310724,WA002,"","",102,9999A,WA007,0.05987480722126462,2024-09-23 00:00:00
232037-1-1-1178531,Order,2024-10-12 00:00:00,310724,WA002,"","",102,9999A,WA007,15.940125192778735,2024-09-23 00:00:00
232037-1-1-1178532,Order,2024-10-12 00:00:00,310724,WA002,"","",102,9999A,WA007,16,2024-09-23 00:00:00
232037-1-1-1178533,Order,2024-10-12 00:00:00,310724,WA002,"","",102,9999A,WA007,16,2024-09-23 00:00:00
232037-1-1-1178541,Order,2024-10-25 00:00:00,310724,WA002,"","",102,9999A,WA017,0.05987480722126462,2024-09-23 00:00:00
232037-1-1-1178541,Order,2024-10-26 00:00:00,310724,WA002,"","",102,9999A,WA017,15.940125192778735,2024-09-23 00:00:00
232037-1-1-1178542,Order,2024-10-25 00:00:00,310724,WA002,"","",102,9999A,WA017,0.019958269073754874,2024-09-23 00:00:00
232037-1-1-1178542,Order,2024-10-26 00:00:00,310724,WA002,"","",102,9999A,WA017,15.980041730926244,2024-09-23 00:00:00
232037-1-1-1178543,Order,2024-10-26 00:00:00,310724,WA002,"","",102,9999A,WA017,16,2024-09-23 00:00:00
232037-1-1-1178544,Order,2024-10-25 00:00:00,310724,WA002,"","",102,9999A,WA017,0.03991653814750975,2024-09-23 00:00:00
232037-1-1-1178544,Order,2024-10-26 00:00:00,310724,WA002,"","",102,9999A,WA017,15.96008346185249,2024-09-23 00:00:00
232037-1-1-1178545,Order,2024-10-26 00:00:00,310724,WA002,"","",102,9999A,WA017,16,2024-09-23 00:00:00
232037-1-1-1178546,Order,2024-10-26 00:00:00,310724,WA002,"","",102,9999A,WA017,16,2024-09-23 00:00:00
232037-1-1-1178547,Order,2024-10-26 00:00:00,310724,WA002,"","",102,9999A,WA017,16,2024-09-23 00:00:00
232037-1-1-1178548,Order,2024-10-25 00:00:00,310724,WA002,"","",102,9999A,WA017,0.1001542229882972,2024-09-23 00:00:00
232037-1-1-1178548,Order,2024-10-26 00:00:00,310724,WA002,"","",102,9999A,WA017,15.8998457770117,2024-09-23 00:00:00
232037-1-1-1178549,Order,2024-10-25 00:00:00,310724,WA002,"","",102,9999A,WA017,0.1001542229882972,2024-09-23 00:00:00
232037-1-1-1178549,Order,2024-10-26 00:00:00,310724,WA002,"","",102,9999A,WA017,15.8998457770117,2024-09-23 00:00:00
232037-1-1-1178550,Order,2024-10-25 00:00:00,310724,WA002,"","",102,9999A,WA017,0.03991653814750975,2024-09-23 00:00:00
232037-1-1-1178550,Order,2024-10-26 00:00:00,310724,WA002,"","",102,9999A,WA017,15.96008346185249,2024-09-23 00:00:00
232037-1-1-1178551,Order,2024-10-25 00:00:00,310724,WA002,"","",102,9999A,WA017,0.19994556835707158,2024-09-23 00:00:00
232037-1-1-1178551,Order,2024-10-26 00:00:00,310724,WA002,"","",102,9999A,WA017,15.800054431642927,2024-09-23 00:00:00
232037-1-1-1178552,Order,2024-10-25 00:00:00,310724,WA002,"","",102,9999A,WA017,0.019958269073754874,2024-09-23 00:00:00
232037-1-1-1178552,Order,2024-10-26 00:00:00,310724,WA002,"","",102,9999A,WA017,15.980041730926244,2024-09-23 00:00:00
232037-1-2-1180112,Order,2024-11-09 00:00:00,310724,WA002,"","",102,9999A,WA007,16,2024-10-18 00:00:00
232037-1-2-1180113,Order,2024-11-08 00:00:00,310724,WA002,"","",102,9999A,WA007,0.019958269073754874,2024-10-18 00:00:00
232037-1-2-1180113,Order,2024-11-09 00:00:00,310724,WA002,"","",102,9999A,WA007,15.980041730926244,2024-10-18 00:00:00
232037-1-2-1180114,Order,2024-11-08 00:00:00,310724,WA002,"","",102,9999A,WA007,0.019958269073754874,2024-10-18 00:00:00
232037-1-2-1180114,Order,2024-11-09 00:00:00,310724,WA002,"","",102,9999A,WA007,15.980041730926244,2024-10-18 00:00:00
232037-1-2-1180115,Order,2024-11-09 00:00:00,310724,WA002,"","",102,9999A,WA007,16,2024-10-18 00:00:00
232037-1-2-1180116,Order,2024-11-09 00:00:00,310724,WA002,"","",102,9999A,WA007,16,2024-10-18 00:00:00
232037-1-2-1180117,Order,2024-11-09 00:00:00,310724,WA002,"","",102,9999A,WA007,16,2024-10-18 00:00:00
232037-1-2-1180118,Order,2024-11-09 00:00:00,310724,WA002,"","",102,9999A,WA007,16,2024-10-18 00:00:00
232037-1-2-1180119,Order,2024-11-09 00:00:00,310724,WA002,"","",102,9999A,WA007,16,2024-10-18 00:00:00
232037-1-2-1180120,Order,2024-11-08 00:00:00,310724,WA002,"","",102,9999A,WA007,0.019958269073754874,2024-10-18 00:00:00
232037-1-2-1180120,Order,2024-11-09 00:00:00,310724,WA002,"","",102,9999A,WA007,15.980041730926244,2024-10-18 00:00:00
232037-1-2-1180161,Order,2024-11-08 00:00:00,310724,WA002,"","",102,9999A,WA007,0.03991653814750975,2024-10-18 00:00:00
232037-1-2-1180161,Order,2024-11-09 00:00:00,310724,WA002,"","",102,9999A,WA007,15.96008346185249,2024-10-18 00:00:00
232037-1-2-1180162,Order,2024-11-09 00:00:00,310724,WA002,"","",102,9999A,WA007,16,2024-10-18 00:00:00
232037-1-2-1180163,Order,2024-11-08 00:00:00,310724,WA002,"","",102,9999A,WA007,0.23986210650458134,2024-10-18 00:00:00
232037-1-2-1180163,Order,2024-11-09 00:00:00,310724,WA002,"","",102,9999A,WA007,15.760137893495418,2024-10-18 00:00:00
232037-1-2-1180164,Order,2024-11-09 00:00:00,310724,WA002,"","",102,9999A,WA007,16,2024-10-18 00:00:00
232037-1-2-1180165,Order,2024-11-25 00:00:00,310724,WA002,"","",102,9999A,WA007,0.019958269073754874,2024-10-18 00:00:00
232037-1-2-1180165,Order,2024-11-26 00:00:00,310724,WA002,"","",102,9999A,WA007,15.980041730926244,2024-10-18 00:00:00
232037-1-2-1180166,Order,2024-11-25 00:00:00,310724,WA002,"","",102,9999A,WA007,0.3799328676403883,2024-10-18 00:00:00
232037-1-2-1180166,Order,2024-11-26 00:00:00,310724,WA002,"","",102,9999A,WA007,15.620067132359612,2024-10-18 00:00:00
232037-1-2-1180167,Order,2024-12-21 00:00:00,310724,WA002,"","",102,9999A,WA007,14.999909280595118,2024-10-18 00:00:00
232037-1-2-1180168,Order,2024-12-21 00:00:00,310724,WA002,"","",102,9999A,WA007,14.999909280595118,2024-10-18 00:00:00
232037-1-2-1180169,Order,2024-12-21 00:00:00,310724,WA002,"","",102,9999A,WA007,14.999909280595118,2024-10-18 00:00:00
232037-1-2-1180170,Order,2024-12-21 00:00:00,310724,WA002,"","",102,9999A,WA007,14.999909280595118,2024-10-18 00:00:00
232037-1-2-1180171,Order,2024-12-21 00:00:00,310724,WA002,"","",102,9999A,WA007,14.999909280595118,2024-10-18 00:00:00
232037-1-2-1180172,Order,2024-11-26 00:00:00,310724,WA002,"","",102,9999A,WA007,16,2024-10-18 00:00:00
232037-1-2-1180173,Order,2024-11-26 00:00:00,310724,WA002,"","",102,9999A,WA007,16,2024-10-18 00:00:00
232037-1-2-1180174,Order,2024-12-21 00:00:00,310724,WA002,"","",102,9999A,WA007,14.999909280595118,2024-10-18 00:00:00
232037-1-2-1180175,Order,2024-12-21 00:00:00,310724,WA002,"","",102,9999A,WA007,14.999909280595118,2024-10-18 00:00:00
232037-1-2-1180176,Order,2024-12-21 00:00:00,310724,WA002,"","",102,9999A,WA007,14.999909280595118,2024-10-18 00:00:00
232038-1-1-102,Order,2025-01-02 00:00:00,310002,WA001,"","",102,9999A,WA001,80,2024-12-27 00:00:00
232039-1-1-1178540,Order,2024-12-02 00:00:00,310724,WA002,WA003,"",102,9999E,WA007,20,2024-10-02 00:00:00
232040-1-1-1178565,Order,2024-11-02 00:00:00,310726,WA003,WA002,"",101,3015A,WA007,20,2024-10-15 00:00:00
232041-1-1-1179948,Order,2024-12-02 00:00:00,310726,WA003,WA002,"",101,3015A,WA007,20,2024-10-15 00:00:00
232056-1-1-1178575,Order,2024-10-05 00:00:00,310015,WA001,"","",102,9999A,WA001,14.999909280595118,2024-09-23 00:00:00
232059-1-1-1178646,Order,2025-01-01 00:00:00,310015,ID002,WA001,"",102,9999A,TX001,21.00009071940488,2024-09-24 00:00:00
232059-1-1-1178647,Order,2025-01-01 00:00:00,310015,ID002,WA001,"",102,9999A,TX001,21.00009071940488,2024-09-24 00:00:00
232059-1-1-1178648,Order,2025-01-01 00:00:00,310015,ID002,WA001,"",102,9999A,TX001,21.00009071940488,2024-09-24 00:00:00
232059-1-1-1178649,Order,2025-01-01 00:00:00,310015,ID002,WA001,"",102,9999A,TX001,21.00009071940488,2024-09-24 00:00:00
232059-1-1-1178650,Order,2024-12-31 00:00:00,310015,ID002,WA001,"",102,9999A,TX001,1.0000907194048807,2024-09-24 00:00:00
232059-1-1-1178650,Order,2025-01-01 00:00:00,310015,ID002,WA001,"",102,9999A,TX001,20,2024-09-24 00:00:00
232059-1-1-1178651,Order,2024-12-31 00:00:00,310015,ID002,WA001,"",102,9999A,TX001,0.019958269073754874,2024-09-24 00:00:00
232059-1-1-1178651,Order,2025-01-01 00:00:00,310015,ID002,WA001,"",102,9999A,TX001,20.980132450331126,2024-09-24 00:00:00
232059-1-1-1178652,Order,2024-12-31 00:00:00,310015,ID002,WA001,"",102,9999A,TX001,1.0000907194048807,2024-09-24 00:00:00
232059-1-1-1178652,Order,2025-01-01 00:00:00,310015,ID002,WA001,"",102,9999A,TX001,20,2024-09-24 00:00:00
232059-1-1-1178653,Order,2025-01-01 00:00:00,310015,ID002,WA001,"",102,9999A,TX001,21.00009071940488,2024-09-24 00:00:00
232059-1-1-1178654,Order,2024-12-31 00:00:00,310015,ID002,WA001,"",102,9999A,TX001,0.0798330762950195,2024-09-24 00:00:00
232059-1-1-1178654,Order,2025-01-01 00:00:00,310015,ID002,WA001,"",102,9999A,TX001,20.91989476549034,2024-09-24 00:00:00
232059-1-1-1178655,Order,2024-10-31 00:00:00,310015,ID002,WA001,"",102,9999A,TX001,21.00009071940488,2024-09-24 00:00:00
232059-1-1-1178656,Order,2025-01-01 00:00:00,310015,ID002,WA001,"",102,9999A,TX001,21.00009071940488,2024-09-24 00:00:00
232059-1-1-1178657,Order,2024-12-31 00:00:00,310015,ID002,WA001,"",102,9999A,TX001,1.0000907194048807,2024-09-24 00:00:00
232059-1-1-1178657,Order,2025-01-01 00:00:00,310015,ID002,WA001,"",102,9999A,TX001,20,2024-09-24 00:00:00
232059-1-1-1178658,Order,2025-01-01 00:00:00,310015,ID002,WA001,"",102,9999A,TX001,21.00009071940488,2024-09-24 00:00:00
232059-1-1-1178659,Order,2024-12-31 00:00:00,310015,ID002,WA001,"",102,9999A,TX001,1.0000907194048807,2024-09-24 00:00:00
232059-1-1-1178659,Order,2025-01-01 00:00:00,310015,ID002,WA001,"",102,9999A,TX001,20,2024-09-24 00:00:00
232059-1-1-1178660,Order,2024-12-31 00:00:00,310015,ID002,WA001,"",102,9999A,TX001,0.019958269073754874,2024-09-24 00:00:00
232059-1-1-1178660,Order,2025-01-01 00:00:00,310015,ID002,WA001,"",102,9999A,TX001,20.980132450331126,2024-09-24 00:00:00
232059-1-1-1180071,Order,2024-12-31 00:00:00,310015,ID002,WA001,"",102,9999A,TX001,1.0599655266261454,2024-10-16 00:00:00
232059-1-1-1180071,Order,2025-01-01 00:00:00,310015,ID002,WA001,"",102,9999A,TX001,19.940125192778734,2024-10-16 00:00:00
232062-1-1-1178735,Order,2024-10-19 00:00:00,310724,WA002,"","",101,3053A,WA007,14.999909280595118,2024-09-26 00:00:00
232062-1-1-1178736,Order,2024-10-19 00:00:00,310724,WA002,"","",101,3053A,WA007,14.999909280595118,2024-09-26 00:00:00
232062-1-1-1178737,Order,2024-12-14 00:00:00,310724,WA002,"","",101,3053A,WA007,14.999909280595118,2024-09-26 00:00:00
232062-1-1-1178738,Order,2024-10-19 00:00:00,310724,WA002,"","",101,3053A,WA007,14.999909280595118,2024-09-26 00:00:00
232062-1-1-1178739,Order,2024-10-18 00:00:00,310724,WA002,"","",101,3053A,WA007,0.019958269073754874,2024-09-26 00:00:00
232062-1-1-1178739,Order,2024-10-19 00:00:00,310724,WA002,"","",101,3053A,WA007,14.979951011521363,2024-09-26 00:00:00
232062-1-1-1178740,Order,2024-10-26 00:00:00,310724,WA002,"","",101,3053A,WA007,14.999909280595118,2024-09-26 00:00:00
232062-1-1-1179041,Order,2024-10-26 00:00:00,310724,WA002,"","",101,3053A,WA007,14.999909280595118,2024-09-26 00:00:00
232062-1-1-1179042,Order,2024-10-26 00:00:00,310724,WA002,"","",101,3053A,WA007,14.999909280595118,2024-09-26 00:00:00
232062-1-1-1179043,Order,2024-10-26 00:00:00,310724,WA002,"","",101,3053A,WA007,14.999909280595118,2024-09-26 00:00:00
232062-1-1-1179044,Order,2024-10-26 00:00:00,310724,WA002,"","",101,3053A,WA007,14.999909280595118,2024-09-26 00:00:00
232062-1-1-1179045,Order,2024-12-14 00:00:00,310724,WA002,"","",101,3053A,WA007,14.999909280595118,2024-09-26 00:00:00
232062-1-1-1179046,Order,2024-12-14 00:00:00,310724,WA002,"","",101,3053A,WA007,14.999909280595118,2024-09-26 00:00:00
232062-1-1-1179047,Order,2024-12-14 00:00:00,310724,WA002,"","",101,3053A,WA007,14.999909280595118,2024-09-26 00:00:00
232062-1-1-1179048,Order,2024-12-14 00:00:00,310724,WA002,"","",101,3053A,WA007,14.999909280595118,2024-09-26 00:00:00
232062-1-1-1179049,Order,2024-12-14 00:00:00,310724,WA002,"","",101,3053A,WA007,14.999909280595118,2024-09-26 00:00:00
232063-1-1-1179400,Order,2024-11-02 00:00:00,310726,WA003,WA002,"",102,9999A,WA007,160,2024-10-07 00:00:00
232063-1-3-1179423,Order,2024-12-01 00:00:00,310726,WA003,WA002,"",102,9999A,WA007,0.019958269073754874,2024-10-07 00:00:00
232063-1-3-1179423,Order,2024-12-02 00:00:00,310726,WA003,WA002,"",102,9999A,WA007,239.98004173092625,2024-10-07 00:00:00
232063-1-3-1179424,Order,2024-12-01 00:00:00,310726,WA003,WA002,"",102,9999A,WA007,0.6597115122924794,2024-10-07 00:00:00
232063-1-3-1179424,Order,2024-12-02 00:00:00,310726,WA003,WA002,"",102,9999A,WA007,239.3402884877075,2024-10-07 00:00:00
232064-1-1-1179147,Order,2024-11-16 00:00:00,310724,WA002,"","",102,9999A,WA007,20,2024-09-30 00:00:00
232064-1-2-1179097,Order,2024-12-01 00:00:00,310724,WA002,"","",102,9999A,WA017,0.03991653814750975,2024-09-30 00:00:00
232064-1-2-1179097,Order,2024-12-02 00:00:00,310724,WA002,"","",102,9999A,WA017,19.960083461852488,2024-09-30 00:00:00
232065-1-1-1180341,Order,2024-12-01 00:00:00,310726,WA003,WA002,"",102,9999E,WA007,0.6999909280595119,2024-10-22 00:00:00
232065-1-1-1180341,Order,2024-12-02 00:00:00,310726,WA003,WA002,"",102,9999E,WA007,119.30000907194048,2024-10-22 00:00:00
232068-1-1-1179028,Order,2024-10-12 00:00:00,310086,ID002,"","",102,9999A,ID010,20,2024-09-26 00:00:00
232070-1-1-1178725,Order,2024-10-06 00:00:00,310015,WA001,"","",102,9999A,WA001,16,2024-09-25 00:00:00
232070-1-1-1178726,Order,2024-10-05 00:00:00,310015,WA001,"","",102,9999A,WA001,0.019958269073754874,2024-09-25 00:00:00
232070-1-1-1178726,Order,2024-10-06 00:00:00,310015,WA001,"","",102,9999A,WA001,15.980041730926244,2024-09-25 00:00:00
232070-1-1-1178727,Order,2024-10-06 00:00:00,310015,WA001,"","",102,9999A,WA001,16,2024-09-25 00:00:00
232070-1-1-1178728,Order,2024-10-06 00:00:00,310015,WA001,"","",102,9999A,WA001,16,2024-09-25 00:00:00
232070-1-1-1178729,Order,2024-10-06 00:00:00,310015,WA001,"","",102,9999A,WA001,16,2024-09-25 00:00:00
232071-1-1-1179252,Order,2024-11-15 00:00:00,310724,WA002,"","",101,3041A,WA007,0.019958269073754874,2024-10-02 00:00:00
232071-1-1-1179252,Order,2024-11-16 00:00:00,310724,WA002,"","",101,3041A,WA007,19.980041730926242,2024-10-02 00:00:00
232075-1-1-1179085,Order,2024-11-01 00:00:00,310015,WA003,"","",102,9999A,TX001,21.00009071940488,2024-09-27 00:00:00
232075-1-1-1179086,Order,2024-10-31 00:00:00,310015,WA003,"","",102,9999A,TX001,0.019958269073754874,2024-09-27 00:00:00
232075-1-1-1179086,Order,2024-11-01 00:00:00,310015,WA003,"","",102,9999A,TX001,20.980132450331126,2024-09-27 00:00:00
232075-1-1-1179087,Order,2024-10-31 00:00:00,310015,WA003,"","",102,9999A,TX001,0.019958269073754874,2024-09-27 00:00:00
232075-1-1-1179087,Order,2024-11-01 00:00:00,310015,WA003,"","",102,9999A,TX001,20.980132450331126,2024-09-27 00:00:00
232078-1-1-1180711,Order,2024-12-04 00:00:00,310724,WA002,"","",102,9999A,WA017,14.999909280595118,2024-10-29 00:00:00
232078-1-1-1180712,Order,2024-11-30 00:00:00,310724,WA002,"","",102,9999A,WA007,14.999909280595118,2024-10-29 00:00:00
232078-1-1-1180713,Order,2024-11-30 00:00:00,310724,WA002,"","",102,9999A,WA007,14.999909280595118,2024-10-29 00:00:00
232078-1-1-1180714,Order,2024-11-30 00:00:00,310724,WA002,"","",102,9999A,WA007,14.999909280595118,2024-10-29 00:00:00
232080-1-1-1181778,Order,2025-01-01 00:00:00,310724,WA002,"","",102,9999A,WA007,14.999909280595118,2024-11-26 00:00:00
232080-1-1-1181779,Order,2025-01-01 00:00:00,310724,WA002,"","",102,9999A,WA007,14.999909280595118,2024-11-26 00:00:00
232080-1-1-1181780,Order,2025-01-01 00:00:00,310724,WA002,"","",102,9999A,WA007,14.999909280595118,2024-11-26 00:00:00
232080-1-1-1181821,Order,2024-12-31 00:00:00,310724,WA002,"","",102,9999A,WA007,0.5000453597024404,2024-11-26 00:00:00
232080-1-1-1181821,Order,2025-01-01 00:00:00,310724,WA002,"","",102,9999A,WA007,14.499863920892679,2024-11-26 00:00:00
232082-1-1-1182320,Order,2025-01-31 00:00:00,310724,WA002,"","",102,9999A,WA007,14.999909280595118,2024-12-12 00:00:00
232082-1-1-1182381,Order,2025-01-31 00:00:00,310724,WA002,"","",102,9999A,WA007,14.999909280595118,2024-12-12 00:00:00
232082-1-1-1182382,Order,2025-01-31 00:00:00,310724,WA002,"","",102,9999A,WA007,14.999909280595118,2024-12-12 00:00:00
232082-1-1-1182383,Order,2025-01-31 00:00:00,310724,WA002,"","",102,9999A,WA007,14.999909280595118,2024-12-12 00:00:00
232082-1-1-1182384,Order,2025-01-31 00:00:00,310724,WA002,"","",102,9999A,WA007,14.999909280595118,2024-12-12 00:00:00
232085-1-1-1179103,Order,2024-10-14 00:00:00,310724,WA002,"","",102,9999A,WA002,0.05987480722126462,2024-09-27 00:00:00
232085-1-1-1179103,Order,2024-10-15 00:00:00,310724,WA002,"","",102,9999A,WA002,14.940034473373855,2024-09-27 00:00:00
232085-1-1-1179104,Order,2024-10-15 00:00:00,310724,WA002,"","",102,9999A,WA002,14.999909280595118,2024-09-27 00:00:00
232085-1-1-1179105,Order,2024-10-14 00:00:00,310724,WA002,"","",102,9999A,WA002,0.03991653814750975,2024-09-27 00:00:00
232085-1-1-1179105,Order,2024-10-15 00:00:00,310724,WA002,"","",102,9999A,WA002,14.959992742447609,2024-09-27 00:00:00
232086-1-1-1179091,Order,2024-10-01 00:00:00,310015,ID002,"","",102,9999A,MEX002,24,2024-09-27 00:00:00
232086-1-1-1179106,Order,2024-10-01 00:00:00,310015,ID002,"","",102,9999A,MEX002,27.49995464029756,2024-09-27 00:00:00
232087-1-1-1179253,Order,2024-11-01 00:00:00,310015,ID002,WA001,"",102,9999A,TX001,21.00009071940488,2024-10-02 00:00:00
232088-1-1-1179265,Order,2024-11-16 00:00:00,310724,WA002,"","",102,9999A,WA007,80,2024-10-02 00:00:00
232089-1-1-1181857,Order,2025-01-02 00:00:00,310726,WA002,WA003,"",102,9999A,WA007,20,2024-11-27 00:00:00
232089-1-2-1182059,Order,2025-02-02 00:00:00,310726,WA002,WA003,"",102,9999A,WA007,20,2024-12-06 00:00:00
232089-1-3-1182066,Order,2025-04-21 00:00:00,310726,WA002,WA003,"",102,9999A,WA007,20,2024-12-06 00:00:00
232092-1-1-1179841,Order,2024-11-01 00:00:00,310726,WA002,WA003,"",102,9999E,WA007,0.03991653814750975,2024-10-10 00:00:00
232092-1-1-1179841,Order,2024-11-02 00:00:00,310726,WA002,WA003,"",102,9999E,WA007,139.9600834618525,2024-10-10 00:00:00
232092-1-2-1179842,Order,2024-12-01 00:00:00,310726,WA002,WA003,"",102,9999E,WA007,0.5200036287761952,2024-10-10 00:00:00
232092-1-2-1179842,Order,2024-12-02 00:00:00,310726,WA002,WA003,"",102,9999E,WA007,119.4799963712238,2024-10-10 00:00:00
232093-1-1-1179843,Order,2024-11-01 00:00:00,310726,WA002,WA003,"",102,9999E,WA007,0.019958269073754874,2024-10-10 00:00:00
232093-1-1-1179843,Order,2024-11-02 00:00:00,310726,WA002,WA003,"",102,9999E,WA007,59.98004173092624,2024-10-10 00:00:00
232096-1-1-1180083,Order,2024-12-16 00:00:00,310726,WA002,WA003,"",102,9999A,WA007,40,2024-10-17 00:00:00
232097-1-1-1179441,Order,2024-10-16 00:00:00,310015,WA001,"","",102,9999A,WA001,14.999909280595118,2024-10-07 00:00:00
232097-1-1-1179442,Order,2024-10-16 00:00:00,310015,WA001,"","",102,9999A,WA001,14.999909280595118,2024-10-07 00:00:00
232097-1-1-1179443,Order,2024-10-16 00:00:00,310015,WA001,"","",102,9999A,WA001,14.999909280595118,2024-10-07 00:00:00
232097-1-1-1179444,Order,2024-10-16 00:00:00,310015,WA001,"","",102,9999A,WA001,14.999909280595118,2024-10-07 00:00:00
232097-1-1-1179445,Order,2024-10-16 00:00:00,310015,WA001,"","",102,9999A,WA001,14.999909280595118,2024-10-07 00:00:00
232097-1-1-1179446,Order,2024-10-16 00:00:00,310015,WA001,"","",102,9999A,WA001,14.999909280595118,2024-10-07 00:00:00
232097-1-1-1179447,Order,2024-10-16 00:00:00,310015,WA001,"","",102,9999A,WA001,14.999909280595118,2024-10-07 00:00:00
232097-1-1-1179448,Order,2024-10-16 00:00:00,310015,WA001,"","",102,9999A,WA001,14.999909280595118,2024-10-07 00:00:00
232097-1-1-1179449,Order,2024-10-16 00:00:00,310015,WA001,"","",102,9999A,WA001,14.999909280595118,2024-10-07 00:00:00
232097-1-1-1179450,Order,2024-10-16 00:00:00,310015,WA001,"","",102,9999A,WA001,14.999909280595118,2024-10-07 00:00:00
232101-1-1-1179422,Order,2024-12-01 00:00:00,310724,WA002,"","",102,9999A,WA007,0.0798330762950195,2024-10-07 00:00:00
232101-1-1-1179422,Order,2024-12-02 00:00:00,310724,WA002,"","",102,9999A,WA007,79.92016692370497,2024-10-07 00:00:00
232105-1-1-1179294,Order,2024-10-11 00:00:00,310015,WA001,"","",102,9999A,WA001,14.999909280595118,2024-10-03 00:00:00
232106-1-1-1179502,Order,2024-10-26 00:00:00,310015,ID002,"","",102,9999A,ID010,14.999909280595118,2024-10-08 00:00:00
232106-1-1-1179503,Order,2024-10-26 00:00:00,310015,ID002,"","",102,9999A,ID010,14.999909280595118,2024-10-08 00:00:00
232106-1-1-1179504,Order,2024-10-26 00:00:00,310015,ID002,"","",102,9999A,ID010,14.999909280595118,2024-10-08 00:00:00
232106-1-1-1179505,Order,2024-10-25 00:00:00,310015,ID002,"","",102,9999A,ID010,0.019958269073754874,2024-10-08 00:00:00
232106-1-1-1179505,Order,2024-10-26 00:00:00,310015,ID002,"","",102,9999A,ID010,14.979951011521363,2024-10-08 00:00:00
232106-1-1-1179506,Order,2024-10-25 00:00:00,310015,ID002,"","",102,9999A,ID010,0.05987480722126462,2024-10-08 00:00:00
232106-1-1-1179506,Order,2024-10-26 00:00:00,310015,ID002,"","",102,9999A,ID010,14.940034473373855,2024-10-08 00:00:00
232106-1-1-1179507,Order,2024-10-26 00:00:00,310015,ID002,"","",102,9999A,ID010,14.999909280595118,2024-10-08 00:00:00
232106-1-1-1179508,Order,2024-10-26 00:00:00,310015,ID002,"","",102,9999A,ID010,14.999909280595118,2024-10-08 00:00:00
232106-1-1-1179509,Order,2024-10-26 00:00:00,310015,ID002,"","",102,9999A,ID010,14.999909280595118,2024-10-08 00:00:00
232106-1-1-1179510,Order,2024-10-26 00:00:00,310015,ID002,"","",102,9999A,ID010,14.999909280595118,2024-10-08 00:00:00
232106-1-1-1179511,Order,2024-10-26 00:00:00,310015,ID002,"","",102,9999A,ID010,14.999909280595118,2024-10-08 00:00:00
232106-1-1-1179512,Order,2024-10-26 00:00:00,310015,ID002,"","",102,9999A,ID010,14.999909280595118,2024-10-08 00:00:00
232106-1-1-1179513,Order,2024-10-26 00:00:00,310015,ID002,"","",102,9999A,ID010,14.999909280595118,2024-10-08 00:00:00
232106-1-1-1179514,Order,2024-10-26 00:00:00,310015,ID002,"","",102,9999A,ID010,14.999909280595118,2024-10-08 00:00:00
232106-1-1-1179515,Order,2024-10-25 00:00:00,310015,ID002,"","",102,9999A,ID010,0.019958269073754874,2024-10-08 00:00:00
232106-1-1-1179515,Order,2024-10-26 00:00:00,310015,ID002,"","",102,9999A,ID010,14.979951011521363,2024-10-08 00:00:00
232106-1-1-1179516,Order,2024-10-26 00:00:00,310015,ID002,"","",102,9999A,ID010,14.999909280595118,2024-10-08 00:00:00
232120-1-1-1179570,Order,2024-11-02 00:00:00,310726,WA003,WA002,"",102,9999E,WA007,60,2024-10-10 00:00:00
232121-1-1-1179824,Order,2024-12-01 00:00:00,310726,WA003,WA002,"",102,9999E,WA007,0.16002903020956183,2024-10-10 00:00:00
232121-1-1-1179824,Order,2024-12-02 00:00:00,310726,WA003,WA002,"",102,9999E,WA007,79.83997096979044,2024-10-10 00:00:00
232123-1-1-1179854,Order,2025-01-01 00:00:00,310724,WA002,"","",102,9999E,WA007,20,2024-10-12 00:00:00
232124-1-1-1179855,Order,2025-01-01 00:00:00,310726,WA002,WA003,"",102,9999E,WA007,40,2024-10-12 00:00:00
232126-1-1-1179884,Order,2024-11-15 00:00:00,310726,WA003,WA002,"",102,9999E,WA007,0.12011249206205207,2024-10-14 00:00:00
232126-1-1-1179884,Order,2024-11-16 00:00:00,310726,WA003,WA002,"",102,9999E,WA007,59.879887507937944,2024-10-14 00:00:00
232127-1-1-1180898,Order,2024-12-15 00:00:00,310726,WA003,"","",101,3005WGUM,WA007,0.019958269073754874,2024-11-01 00:00:00
232127-1-1-1180898,Order,2024-12-16 00:00:00,310726,WA003,"","",101,3005WGUM,WA007,79.98004173092625,2024-11-01 00:00:00
232127-1-1-1180899,Order,2024-12-16 00:00:00,310726,WA003,"","",101,3005WGUM,WA007,80,2024-11-01 00:00:00
232127-1-1-1180900,Order,2024-12-15 00:00:00,310726,WA003,"","",101,3005WGUM,WA007,0.0798330762950195,2024-11-01 00:00:00
232127-1-1-1180900,Order,2024-12-16 00:00:00,310726,WA003,"","",101,3005WGUM,WA007,99.92016692370498,2024-11-01 00:00:00
232127-1-1-1180921,Order,2024-12-15 00:00:00,310726,WA003,"","",101,3005WGUM,WA007,0.3000997913453688,2024-11-01 00:00:00
232127-1-1-1180921,Order,2024-12-16 00:00:00,310726,WA003,"","",101,3005WGUM,WA007,79.69990020865463,2024-11-01 00:00:00
232127-1-2-1182404,Order,2025-01-15 00:00:00,310726,WA003,"","",101,3005WGUM,WA007,0.8600199582690737,2024-12-12 00:00:00
232127-1-2-1182404,Order,2025-01-16 00:00:00,310726,WA003,"","",101,3005WGUM,WA007,79.13998004173092,2024-12-12 00:00:00
232127-1-2-1182405,Order,2025-01-16 00:00:00,310726,WA003,"","",101,3005WGUM,WA007,40,2024-12-12 00:00:00
232128-1-1-1179410,Order,2024-11-02 00:00:00,310726,WA003,"","",101,3007DRYGUM,WA007,80,2024-10-05 00:00:00
232128-1-1-1179411,Order,2024-11-02 00:00:00,310726,WA003,"","",101,3007DRYGUM,WA007,80,2024-10-05 00:00:00
232128-1-1-1179412,Order,2024-11-02 00:00:00,310726,WA003,"","",101,3007DRYGUM,WA007,80,2024-10-05 00:00:00
232128-1-12-117,Order,2025-03-16 00:00:00,310726,WA003,"","",101,3007DRYGUM,WA007,120,2025-02-03 00:00:00
232128-1-12-118,Order,2025-03-15 00:00:00,310726,WA003,"","",101,3007DRYGUM,WA007,0.03991653814750975,2025-02-03 00:00:00
232128-1-12-118,Order,2025-03-16 00:00:00,310726,WA003,"","",101,3007DRYGUM,WA007,119.96008346185248,2025-02-03 00:00:00
232128-1-2-1181000,Order,2025-01-02 00:00:00,310726,WA003,"","",101,3007DRYGUM,WA007,120,2024-11-05 00:00:00
232128-1-2-1181021,Order,2025-01-01 00:00:00,310726,WA003,"","",101,3007DRYGUM,WA007,0.03991653814750975,2024-11-05 00:00:00
232128-1-2-1181021,Order,2025-01-02 00:00:00,310726,WA003,"","",101,3007DRYGUM,WA007,119.96008346185248,2024-11-05 00:00:00
232128-1-2-1181022,Order,2025-01-01 00:00:00,310726,WA003,"","",101,3007DRYGUM,WA007,0.019958269073754874,2024-11-05 00:00:00
232128-1-2-1181022,Order,2025-01-02 00:00:00,310726,WA003,"","",101,3007DRYGUM,WA007,119.98004173092625,2024-11-05 00:00:00
232128-1-2-1181023,Order,2025-01-01 00:00:00,310726,WA003,"","",101,3007DRYGUM,WA007,0.019958269073754874,2024-11-05 00:00:00
232128-1-2-1181023,Order,2025-01-02 00:00:00,310726,WA003,"","",101,3007DRYGUM,WA007,119.98004173092625,2024-11-05 00:00:00
232128-1-2-1181024,Order,2025-01-01 00:00:00,310726,WA003,"","",101,3007DRYGUM,WA007,0.13970788351628413,2024-11-05 00:00:00
232128-1-2-1181024,Order,2025-01-02 00:00:00,310726,WA003,"","",101,3007DRYGUM,WA007,119.8602921164837,2024-11-05 00:00:00
232128-1-2-1181025,Order,2025-01-01 00:00:00,310726,WA003,"","",101,3007DRYGUM,WA007,0.019958269073754874,2024-11-05 00:00:00
232128-1-2-1181025,Order,2025-01-02 00:00:00,310726,WA003,"","",101,3007DRYGUM,WA007,99.98004173092625,2024-11-05 00:00:00
232128-1-3-110,Order,2025-02-15 00:00:00,310726,WA003,"","",101,3007DRYGUM,WA007,0.03991653814750975,2025-01-13 00:00:00
232128-1-3-110,Order,2025-02-16 00:00:00,310726,WA003,"","",101,3007DRYGUM,WA007,199.9600834618525,2025-01-13 00:00:00
232128-1-3-111,Order,2025-02-15 00:00:00,310726,WA003,"","",101,3007DRYGUM,WA007,0.019958269073754874,2025-01-13 00:00:00
232128-1-3-111,Order,2025-02-16 00:00:00,310726,WA003,"","",101,3007DRYGUM,WA007,199.98004173092625,2025-01-13 00:00:00
232128-1-3-112,Order,2025-02-15 00:00:00,310726,WA003,"","",101,3007DRYGUM,WA007,0.260183253197859,2025-01-13 00:00:00
232128-1-3-112,Order,2025-02-16 00:00:00,310726,WA003,"","",101,3007DRYGUM,WA007,199.73981674680215,2025-01-13 00:00:00
232128-1-3-113,Order,2025-02-15 00:00:00,310726,WA003,"","",101,3007DRYGUM,WA007,0.3599745985666334,2025-01-13 00:00:00
232128-1-3-113,Order,2025-02-16 00:00:00,310726,WA003,"","",101,3007DRYGUM,WA007,199.64002540143338,2025-01-13 00:00:00
232128-1-3-114,Order,2025-02-15 00:00:00,310726,WA003,"","",101,3007DRYGUM,WA007,0.03991653814750975,2025-01-13 00:00:00
232128-1-3-114,Order,2025-02-16 00:00:00,310726,WA003,"","",101,3007DRYGUM,WA007,199.9600834618525,2025-01-13 00:00:00
232128-1-5-119,Order,2025-04-16 00:00:00,310726,WA003,"","",101,3007DRYGUM,WA010,80,2025-02-28 00:00:00
232128-1-5-120,Order,2025-04-16 00:00:00,310726,WA003,"","",101,3007DRYGUM,WA010,80,2025-02-28 00:00:00
232128-1-5-121,Order,2025-04-30 00:00:00,310726,WA003,"","",101,3007DRYGUM,WA010,100,2025-02-28 00:00:00
232128-1-6-122,Order,2025-05-29 00:00:00,310726,WA003,"","",101,3007DRYGUM,WA007,80,2025-03-26 00:00:00
232128-1-6-123,Order,2025-05-13 00:00:00,310726,WA003,"","",101,3007DRYGUM,WA007,80,2025-03-26 00:00:00
232128-1-6-124,Order,2025-05-21 00:00:00,310726,WA003,"","",101,3007DRYGUM,WA007,121.00009071940487,2025-03-26 00:00:00
232128-1-6-125,Order,2025-05-26 00:00:00,310726,WA003,"","",101,3007DRYGUM,WA007,120,2025-03-26 00:00:00
232128-1-7,Contract,2025-06-01 00:00:00,310726,WA003,"","",101,3007DRYGUM,WA007,0.7400067132359611,
232128-1-7-126,Order,2025-06-12 00:00:00,310726,WA003,"","",101,3007DRYGUM,WA007,100,2025-04-29 00:00:00
232128-1-7-127,Order,2025-06-12 00:00:00,310726,WA003,"","",101,3007DRYGUM,WA007,100,2025-04-29 00:00:00
232128-1-7-128,Order,2025-06-12 00:00:00,310726,WA003,"","",101,3007DRYGUM,WA007,100,2025-04-29 00:00:00
232128-1-7-129,Order,2025-06-25 00:00:00,310726,WA003,"","",101,3007DRYGUM,WA007,100,2025-04-29 00:00:00
232128-1-7-130,Order,2025-06-25 00:00:00,310726,WA003,"","",101,3007DRYGUM,WA007,100,2025-04-29 00:00:00
232128-1-7-131,Order,2025-06-25 00:00:00,310726,WA003,"","",101,3007DRYGUM,WA007,80,2025-04-30 00:00:00
232128-1-8-132,Order,2025-07-15 00:00:00,310726,WA003,"","",101,3007DRYGUM,WA007,100,2025-05-29 00:00:00
232128-1-8-133,Order,2025-07-15 00:00:00,310726,WA003,"","",101,3007DRYGUM,WA007,80,2025-05-29 00:00:00
232128-1-8-134,Order,2025-07-15 00:00:00,310726,WA003,"","",101,3007DRYGUM,WA007,80,2025-05-29 00:00:00
232128-1-8-135,Order,2025-07-15 00:00:00,310726,WA003,"","",101,3007DRYGUM,WA007,80,2025-05-29 00:00:00
232128-1-8-136,Order,2025-07-15 00:00:00,310726,WA003,"","",101,3007DRYGUM,WA007,80,2025-05-29 00:00:00
232128-1-8-137,Order,2025-07-15 00:00:00,310726,WA003,"","",101,3007DRYGUM,WA007,80,2025-05-29 00:00:00
232128-1-8-138,Order,2025-07-15 00:00:00,310726,WA003,"","",101,3007DRYGUM,WA007,80,2025-05-30 00:00:00
232130-1-10,Contract,2025-08-01 00:00:00,310726,WA003,"","",101,3007DRYGUM,WA007,100.00090719404879,
232130-1-11,Contract,2025-09-01 00:00:00,310726,WA003,"","",101,3007DRYGUM,WA007,60.00054431642927,
232130-1-1-1179390,Order,2024-11-02 00:00:00,310726,WA003,"","",101,3007DRYGUM,WA007,40,2024-10-05 00:00:00
232130-1-12,Contract,2025-10-01 00:00:00,310726,WA003,"","",101,3007DRYGUM,WA007,80.00072575523903,
232130-1-2-1180600,Order,2025-01-02 00:00:00,310726,WA003,"","",101,3007DRYGUM,WA007,40,2024-10-25 00:00:00
232130-1-2-1180641,Order,2025-01-01 00:00:00,310726,WA003,"","",101,3007DRYGUM,WA007,0.03991653814750975,2024-10-25 00:00:00
232130-1-2-1180641,Order,2025-01-02 00:00:00,310726,WA003,"","",101,3007DRYGUM,WA007,39.960083461852484,2024-10-25 00:00:00
232130-1-3-1181854,Order,2025-01-16 00:00:00,310726,WA003,"","",101,3007DRYGUM,WA007,40,2024-11-27 00:00:00
232130-1-3-1181855,Order,2025-01-16 00:00:00,310726,WA003,"","",101,3007DRYGUM,WA007,40,2024-11-27 00:00:00
232130-1-4-106,Order,2025-02-16 00:00:00,310726,WA003,"","",101,3007DRYGUM,WA007,40,2024-12-26 00:00:00
232130-1-4-107,Order,2025-02-16 00:00:00,310726,WA003,"","",101,3007DRYGUM,WA007,40,2024-12-26 00:00:00
232130-1-4-108,Order,2025-02-16 00:00:00,310726,WA003,"","",101,3007DRYGUM,WA007,20,2024-12-26 00:00:00
232130-1-5-109,Order,2025-03-16 00:00:00,310726,WA003,"","",101,3007DRYGUM,WA007,20,2025-01-27 00:00:00
232130-1-5-110,Order,2025-03-16 00:00:00,310726,WA003,"","",101,3007DRYGUM,WA007,20,2025-01-27 00:00:00
232130-1-5-111,Order,2025-03-16 00:00:00,310726,WA003,"","",101,3007DRYGUM,WA007,20,2025-01-27 00:00:00
232130-1-6-112,Order,2025-04-16 00:00:00,310726,WA003,"","",101,3007DRYGUM,WA007,20,2025-02-21 00:00:00
232130-1-6-113,Order,2025-04-16 00:00:00,310726,WA003,"","",101,3007DRYGUM,WA010,20,2025-02-21 00:00:00
232130-1-6-114,Order,2025-04-16 00:00:00,310726,WA003,"","",101,3007DRYGUM,WA007,20,2025-02-21 00:00:00
232130-1-6-115,Order,2025-04-16 00:00:00,310726,WA003,"","",101,3007DRYGUM,WA010,20,2025-02-21 00:00:00
232130-1-6-116,Order,2025-04-21 00:00:00,310726,WA003,"","",101,3007DRYGUM,WA010,20,2025-02-21 00:00:00
232130-1-7-117,Order,2025-05-05 00:00:00,310726,WA003,"","",101,3007DRYGUM,WA007,20,2025-03-25 00:00:00
232130-1-7-118,Order,2025-05-05 00:00:00,310726,WA003,"","",101,3007DRYGUM,WA007,40,2025-03-25 00:00:00
232130-1-7-119,Order,2025-05-29 00:00:00,310726,WA003,"","",101,3007DRYGUM,WA007,40,2025-03-25 00:00:00
232130-1-8-120,Order,2025-06-12 00:00:00,310726,WA003,"","",101,3007DRYGUM,WA007,40,2025-04-29 00:00:00
232130-1-8-121,Order,2025-06-25 00:00:00,310726,WA003,"","",101,3007DRYGUM,WA007,40,2025-04-29 00:00:00
232130-1-8-122,Order,2025-06-25 00:00:00,310726,WA003,"","",101,3007DRYGUM,WA007,20,2025-04-29 00:00:00
232130-1-9-123,Order,2025-07-15 00:00:00,310726,WA003,"","",101,3007DRYGUM,WA007,20,2025-05-27 00:00:00
232130-1-9-124,Order,2025-07-15 00:00:00,310726,WA003,"","",101,3007DRYGUM,WA007,20,2025-05-27 00:00:00
232130-1-9-125,Order,2025-07-15 00:00:00,310726,WA003,"","",101,3007DRYGUM,WA007,20,2025-05-27 00:00:00
232135-1-1-1179429,Order,2024-10-31 00:00:00,310015,ID002,WA001,"",102,9999A,TX001,0.05987480722126462,2024-10-08 00:00:00
232135-1-1-1179429,Order,2024-11-01 00:00:00,310015,ID002,WA001,"",102,9999A,TX001,20.939853034564095,2024-10-08 00:00:00
232135-1-1-1179430,Order,2024-11-01 00:00:00,310015,ID002,WA001,"",102,9999A,TX001,21.00009071940488,2024-10-08 00:00:00
232135-1-1-1179431,Order,2024-11-01 00:00:00,310015,ID002,WA001,"",102,9999A,TX001,21.00009071940488,2024-10-08 00:00:00
232135-1-1-1179432,Order,2024-11-01 00:00:00,310015,ID002,WA001,"",102,9999A,TX001,21.00009071940488,2024-10-08 00:00:00
232135-1-1-1179433,Order,2024-11-01 00:00:00,310015,ID002,WA001,"",102,9999A,TX001,21.00009071940488,2024-10-08 00:00:00
232135-1-1-1179434,Order,2024-11-01 00:00:00,310015,ID002,WA001,"",102,9999A,TX001,21.00009071940488,2024-10-08 00:00:00
232135-1-1-1179435,Order,2024-10-31 00:00:00,310015,ID002,WA001,"",102,9999A,TX001,1.0000907194048807,2024-10-08 00:00:00
232135-1-1-1179435,Order,2024-11-01 00:00:00,310015,ID002,WA001,"",102,9999A,TX001,20,2024-10-08 00:00:00
232135-1-1-1179436,Order,2024-10-31 00:00:00,310015,ID002,WA001,"",102,9999A,TX001,1.0000907194048807,2024-10-08 00:00:00
232135-1-1-1179436,Order,2024-11-01 00:00:00,310015,ID002,WA001,"",102,9999A,TX001,20,2024-10-08 00:00:00
232135-1-1-1179437,Order,2024-11-01 00:00:00,310015,ID002,WA001,"",102,9999A,TX001,21.00009071940488,2024-10-08 00:00:00
232135-1-1-1179438,Order,2024-10-31 00:00:00,310015,ID002,WA001,"",102,9999A,TX001,0.03991653814750975,2024-10-08 00:00:00
232135-1-1-1179438,Order,2024-11-01 00:00:00,310015,ID002,WA001,"",102,9999A,TX001,20.960174181257372,2024-10-08 00:00:00
232141-1-1-1179439,Order,2024-10-17 00:00:00,310015,ID002,"","",102,9999A,TX001,16,2024-10-07 00:00:00
232141-1-1-1179440,Order,2024-10-17 00:00:00,310015,ID002,"","",102,9999A,TX001,16,2024-10-07 00:00:00
232141-1-1-1179481,Order,2024-10-17 00:00:00,310015,ID002,"","",102,9999A,TX001,16,2024-10-07 00:00:00
232144-1-1-1179882,Order,2024-11-16 00:00:00,310724,WA002,"","",101,9999E,WA007,20,2024-10-15 00:00:00
232144-1-2-1179883,Order,2024-12-02 00:00:00,310724,WA002,"","",101,9999E,WA007,40,2024-10-15 00:00:00
232146-1-1-101,Order,2025-01-31 00:00:00,310015,ID002,"","",102,9999A,ID010,0.03991653814750975,2025-01-06 00:00:00
232146-1-1-101,Order,2025-02-01 00:00:00,310015,ID002,"","",102,9999A,ID010,14.959992742447609,2025-01-06 00:00:00
232146-1-1-102,Order,2025-02-01 00:00:00,310015,ID002,"","",102,9999A,ID010,14.999909280595118,2025-01-06 00:00:00
232146-1-1-103,Order,2025-01-31 00:00:00,310015,ID002,"","",102,9999A,ID010,0.019958269073754874,2025-01-06 00:00:00
232146-1-1-103,Order,2025-02-01 00:00:00,310015,ID002,"","",102,9999A,ID010,14.979951011521363,2025-01-06 00:00:00
232146-1-1-104,Order,2025-02-01 00:00:00,310015,ID002,"","",102,9999A,ID010,14.999909280595118,2025-01-06 00:00:00
232146-1-1-105,Order,2025-01-31 00:00:00,310015,ID002,"","",102,9999A,ID010,0.05987480722126462,2025-01-06 00:00:00
232146-1-1-105,Order,2025-02-01 00:00:00,310015,ID002,"","",102,9999A,ID010,14.940034473373855,2025-01-06 00:00:00
232146-1-2-106,Order,2025-03-01 00:00:00,310015,ID002,"","",102,9999A,ID010,14.999909280595118,2025-01-22 00:00:00
232146-1-2-107,Order,2025-03-01 00:00:00,310015,ID002,"","",102,9999A,ID010,14.999909280595118,2025-01-22 00:00:00
232146-1-2-108,Order,2025-03-01 00:00:00,310015,ID002,"","",102,9999A,ID010,14.999909280595118,2025-01-22 00:00:00
232146-1-2-109,Order,2025-03-01 00:00:00,310015,ID002,"","",102,9999A,ID010,14.999909280595118,2025-01-22 00:00:00
232146-1-2-110,Order,2025-03-01 00:00:00,310015,ID002,"","",102,9999A,ID010,14.999909280595118,2025-01-22 00:00:00
232146-1-3-111,Order,2025-04-01 00:00:00,310015,ID002,"","",102,9999A,ID010,14.999909280595118,2025-02-25 00:00:00
232146-1-3-112,Order,2025-04-01 00:00:00,310015,ID002,"","",102,9999A,ID010,14.999909280595118,2025-02-25 00:00:00
232146-1-3-113,Order,2025-03-31 00:00:00,310015,ID002,"","",102,9999A,ID010,0.05987480722126462,2025-02-25 00:00:00
232146-1-3-113,Order,2025-04-01 00:00:00,310015,ID002,"","",102,9999A,ID010,14.940034473373855,2025-02-25 00:00:00
232146-1-3-114,Order,2025-03-31 00:00:00,310015,ID002,"","",102,9999A,ID010,0.019958269073754874,2025-02-25 00:00:00
232146-1-3-114,Order,2025-04-01 00:00:00,310015,ID002,"","",102,9999A,ID010,14.979951011521363,2025-02-25 00:00:00
232146-1-3-115,Order,2025-04-01 00:00:00,310015,ID002,"","",102,9999A,ID010,14.999909280595118,2025-02-25 00:00:00
232146-1-4-116,Order,2025-04-25 00:00:00,310015,ID002,"","",102,9999A,ID010,14.999909280595118,2025-03-27 00:00:00
232146-1-4-117,Order,2025-04-25 00:00:00,310015,ID002,"","",102,9999A,ID010,14.999909280595118,2025-03-27 00:00:00
232146-1-4-118,Order,2025-04-25 00:00:00,310015,ID002,"","",102,9999A,ID010,14.999909280595118,2025-03-27 00:00:00
232146-1-4-119,Order,2025-04-25 00:00:00,310015,ID002,"","",102,9999A,ID010,14.999909280595118,2025-03-27 00:00:00
232146-1-4-120,Order,2025-04-25 00:00:00,310015,ID002,"","",102,9999A,ID010,14.999909280595118,2025-03-27 00:00:00
232146-1-5-121,Order,2025-05-18 00:00:00,310015,ID002,"","",102,9999A,ID010,14.999909280595118,2025-04-28 00:00:00
232146-1-5-122,Order,2025-05-18 00:00:00,310015,ID002,"","",102,9999A,ID010,14.999909280595118,2025-04-28 00:00:00
232146-1-5-123,Order,2025-05-18 00:00:00,310015,ID002,"","",102,9999A,ID010,14.999909280595118,2025-04-28 00:00:00
232146-1-5-124,Order,2025-05-18 00:00:00,310015,ID002,"","",102,9999A,ID010,14.999909280595118,2025-04-28 00:00:00
232146-1-5-125,Order,2025-05-18 00:00:00,310015,ID002,"","",102,9999A,ID010,14.999909280595118,2025-04-28 00:00:00
232146-1-6-126,Order,2025-06-25 00:00:00,310015,ID002,"","",102,9999A,ID010,14.999909280595118,2025-05-30 00:00:00
232146-1-6-127,Order,2025-06-25 00:00:00,310015,ID002,"","",102,9999A,ID010,14.999909280595118,2025-05-30 00:00:00
232146-1-6-128,Order,2025-06-25 00:00:00,310015,ID002,"","",102,9999A,ID010,14.999909280595118,2025-05-30 00:00:00
232146-1-6-129,Order,2025-06-25 00:00:00,310015,ID002,"","",102,9999A,ID010,14.999909280595118,2025-05-30 00:00:00
232146-1-6-130,Order,2025-06-25 00:00:00,310015,ID002,"","",102,9999A,ID010,14.999909280595118,2025-05-30 00:00:00
232149-1-1-102,Order,2025-01-16 00:00:00,310002,WA001,"","",102,9999A,WA001,80,2024-12-27 00:00:00
232150-1-1-1179574,Order,2024-10-18 00:00:00,310015,ID002,"","",102,9999A,TX001,0.019958269073754874,2024-10-10 00:00:00
232150-1-1-1179574,Order,2024-10-19 00:00:00,310015,ID002,"","",102,9999A,TX001,14.979951011521363,2024-10-10 00:00:00
232150-1-1-1179575,Order,2024-10-19 00:00:00,310015,ID002,"","",102,9999A,TX001,14.999909280595118,2024-10-10 00:00:00
232150-1-1-1179576,Order,2024-10-18 00:00:00,310015,ID002,"","",102,9999A,TX001,0.019958269073754874,2024-10-10 00:00:00
232150-1-1-1179576,Order,2024-10-19 00:00:00,310015,ID002,"","",102,9999A,TX001,14.979951011521363,2024-10-10 00:00:00
232150-1-1-1179577,Order,2024-10-18 00:00:00,310015,ID002,"","",102,9999A,TX001,0.019958269073754874,2024-10-10 00:00:00
232150-1-1-1179577,Order,2024-10-19 00:00:00,310015,ID002,"","",102,9999A,TX001,14.979951011521363,2024-10-10 00:00:00
232150-1-1-1179578,Order,2024-10-19 00:00:00,310015,ID002,"","",102,9999A,TX001,14.999909280595118,2024-10-10 00:00:00
232150-1-1-1179579,Order,2024-10-19 00:00:00,310015,ID002,"","",102,9999A,TX001,14.999909280595118,2024-10-10 00:00:00
232150-1-1-1179580,Order,2024-10-19 00:00:00,310015,ID002,"","",102,9999A,TX001,14.999909280595118,2024-10-10 00:00:00
232151-1-1-1179821,Order,2024-10-18 00:00:00,310023,WA002,"","",102,9999A,TX001,0.0798330762950195,2024-10-10 00:00:00
232151-1-1-1179821,Order,2024-10-19 00:00:00,310023,WA002,"","",102,9999A,TX001,7.92016692370498,2024-10-10 00:00:00
232152-1-1-1181711,Order,2025-01-24 00:00:00,310002,WA001,"","",102,9999A,WA001,14.999909280595118,2024-11-23 00:00:00
232152-1-2-1181712,Order,2025-02-21 00:00:00,310002,WA001,"","",102,9999A,WA001,14.999909280595118,2024-11-23 00:00:00
232152-1-3-1181746,Order,2025-03-22 00:00:00,310002,WA001,"","",102,9999A,WA001,14.999909280595118,2024-11-23 00:00:00
232152-1-4-105,Order,2025-04-18 00:00:00,310002,WA001,"","",102,9999A,WA001,14.999909280595118,2025-02-07 00:00:00
232152-1-5-106,Order,2025-05-21 00:00:00,310002,WA001,"","",102,9999A,WA001,14.999909280595118,2025-02-07 00:00:00
232152-1-6-104,Order,2025-06-18 00:00:00,310002,WA001,"","",102,9999A,WA001,14.999909280595118,2025-02-07 00:00:00
232152-1-7-107,Order,2025-07-27 00:00:00,310002,WA001,"","",102,9999A,WA001,14.999909280595118,2025-05-21 00:00:00
232152-1-8-108,Order,2025-08-24 00:00:00,310002,WA001,"","",102,9999A,WA001,14.999909280595118,2025-05-21 00:00:00
232152-1-9-109,Order,2025-09-21 00:00:00,310002,WA001,"","",102,9999A,WA001,14.999909280595118,2025-05-21 00:00:00
232159-1-1-1180278,Order,2024-11-01 00:00:00,310724,WA002,ID002,"",102,9999A,WA002,14.999909280595118,2024-10-22 00:00:00
232159-1-1-1180279,Order,2024-11-01 00:00:00,310724,WA002,ID002,"",102,9999A,WA002,14.999909280595118,2024-10-22 00:00:00
232159-1-2-1180283,Order,2024-11-09 00:00:00,310724,WA002,ID002,"",102,9999A,WA002,14.999909280595118,2024-10-22 00:00:00
232159-1-2-1180284,Order,2024-11-09 00:00:00,310724,WA002,ID002,"",102,9999A,WA002,14.999909280595118,2024-10-22 00:00:00
232159-1-2-1180285,Order,2024-11-09 00:00:00,310724,WA002,ID002,"",102,9999A,WA002,14.999909280595118,2024-10-22 00:00:00
232159-1-2-1180286,Order,2024-11-09 00:00:00,310724,WA002,ID002,"",102,9999A,WA002,14.999909280595118,2024-10-22 00:00:00
232159-1-2-1180287,Order,2024-11-09 00:00:00,310724,WA002,ID002,"",102,9999A,WA002,14.999909280595118,2024-10-22 00:00:00
232159-1-2-1180288,Order,2024-11-09 00:00:00,310724,WA002,ID002,"",102,9999A,WA002,14.999909280595118,2024-10-22 00:00:00
232159-1-2-1180289,Order,2024-11-09 00:00:00,310724,WA002,ID002,"",102,9999A,WA002,14.999909280595118,2024-10-22 00:00:00
232159-1-2-1180290,Order,2024-11-09 00:00:00,310724,WA002,ID002,"",102,9999A,WA002,14.999909280595118,2024-10-22 00:00:00
232163-1-10-1181661,Order,2025-12-02 00:00:00,310726,WA003,"","",101,3025S,WA007,100,2024-11-21 00:00:00
232163-1-11-1181647,Order,2026-01-02 00:00:00,310726,WA003,"","",101,3025S,WA007,100,2024-11-21 00:00:00
232163-1-1-1181620,Order,2025-01-01 00:00:00,310726,WA003,"","",101,3025S,WA007,0.8796153497233058,2024-11-21 00:00:00
232163-1-1-1181620,Order,2025-01-02 00:00:00,310726,WA003,"","",101,3025S,WA007,99.12038465027668,2024-11-21 00:00:00
232163-1-12-1181648,Order,2026-02-02 00:00:00,310726,WA003,"","",101,3025S,WA007,100,2024-11-21 00:00:00
232163-1-2-1181649,Order,2025-02-02 00:00:00,310726,WA003,"","",101,3025S,WA007,100,2024-11-21 00:00:00
232163-1-3-1181662,Order,2025-03-01 00:00:00,310726,WA003,"","",101,3025S,WA007,0.1799872992833167,2024-11-21 00:00:00
232163-1-3-1181662,Order,2025-03-02 00:00:00,310726,WA003,"","",101,3025S,WA007,99.82001270071669,2024-11-21 00:00:00
232163-1-4-1181663,Order,2025-04-01 00:00:00,310726,WA003,"","",101,3025S,WA007,0.39989113671414317,2024-11-21 00:00:00
232163-1-4-1181663,Order,2025-04-02 00:00:00,310726,WA003,"","",101,3025S,WA007,99.60010886328585,2024-11-21 00:00:00
232163-1-5-1181651,Order,2025-04-30 00:00:00,310726,WA003,"","",101,3025S,WA007,100,2024-11-21 00:00:00
232163-1-6-1181664,Order,2025-07-02 00:00:00,310726,WA003,"","",101,3025S,WA007,100,2024-11-21 00:00:00
232163-1-7-1181652,Order,2025-06-24 00:00:00,310726,WA003,"","",101,3025S,WA007,100,2024-11-21 00:00:00
232163-1-8-1181665,Order,2025-07-12 00:00:00,310726,WA003,"","",101,3025S,WA007,100,2024-11-21 00:00:00
232163-1-9-1181666,Order,2025-11-02 00:00:00,310726,WA003,"","",101,3025S,WA007,100,2024-11-21 00:00:00
232166-1-1-1180975,Order,2025-01-01 00:00:00,310724,WA002,WA002,"",102,9999A,WA017,0.019958269073754874,2024-11-04 00:00:00
232166-1-1-1180975,Order,2025-01-10 00:00:00,310724,WA002,WA002,"",102,9999A,WA017,19.980041730926242,2024-11-04 00:00:00
232168-1-1-1179911,Order,2024-11-01 00:00:00,310015,ID002,WA001,"",102,9999A,MEX002,0.6201578517644925,2024-10-14 00:00:00
232170-1-1-1180677,Order,2025-01-01 00:00:00,310726,WA003,WA002,"",102,9999A,WA007,0.3599745985666334,2024-10-28 00:00:00
232170-1-1-1180677,Order,2025-01-02 00:00:00,310726,WA003,WA002,"",102,9999A,WA007,199.64002540143338,2024-10-28 00:00:00
232170-1-1-1180678,Order,2025-01-15 00:00:00,310726,WA003,WA002,"",102,9999A,WA007,0.09979134536877438,2024-10-28 00:00:00
232170-1-1-1180678,Order,2025-01-16 00:00:00,310726,WA003,WA002,"",102,9999A,WA007,199.9002086546312,2024-10-28 00:00:00
232171-1-1-1179963,Order,2024-10-18 00:00:00,310015,WA001,ID002,"",102,3130A,WA001,10.020139707883516,2024-10-15 00:00:00
232171-1-1-1179963,Order,2024-10-19 00:00:00,310015,WA001,ID002,"",102,3130A,WA001,4.9801324503311255,2024-10-15 00:00:00
232171-1-1-1181446,Order,2024-12-01 00:00:00,310015,WA001,ID002,"",102,3130A,WA001,0.019958269073754874,2024-11-18 00:00:00
232171-1-1-1181446,Order,2024-12-02 00:00:00,310015,WA001,ID002,"",102,3130A,WA001,10.000181438809761,2024-11-18 00:00:00
232171-1-2-1180045,Order,2024-11-04 00:00:00,310015,WA001,ID002,"",102,3130A,WA001,0.019958269073754874,2024-10-16 00:00:00
232171-1-2-1180045,Order,2024-11-05 00:00:00,310015,WA001,ID002,"",102,3130A,WA001,14.979951011521363,2024-10-16 00:00:00
232171-1-2-1180046,Order,2024-11-12 00:00:00,310015,WA001,ID002,"",102,3130A,WA001,14.999909280595118,2024-10-16 00:00:00
232171-1-3-1181445,Order,2024-12-10 00:00:00,310015,WA001,ID002,"",102,3130A,WA001,14.999909280595118,2024-11-18 00:00:00
232178-1-1-1180577,Order,2024-12-16 00:00:00,310724,WA002,"","",101,9999E,WA007,40,2024-10-24 00:00:00
232179-1-1-1180221,Order,2024-11-09 00:00:00,310015,ID002,"","",102,9999A,ID010,16,2024-10-21 00:00:00
232179-1-1-1180222,Order,2024-11-09 00:00:00,310015,ID002,"","",102,9999A,ID010,16,2024-10-21 00:00:00
232179-1-1-1180223,Order,2024-11-09 00:00:00,310015,ID002,"","",102,9999A,ID010,16,2024-10-21 00:00:00
232179-1-1-1180224,Order,2024-11-09 00:00:00,310015,ID002,"","",102,9999A,ID010,16,2024-10-21 00:00:00
232179-1-1-1180225,Order,2024-11-09 00:00:00,310015,ID002,"","",102,9999A,ID010,16,2024-10-21 00:00:00
232179-1-1-1180226,Order,2024-11-05 00:00:00,310015,ID002,"","",102,9999A,ID010,16,2024-10-21 00:00:00
232179-1-2-1180183,Order,2024-11-02 00:00:00,310015,ID002,"","",102,9999A,ID010,16,2024-10-21 00:00:00
232179-1-2-1180184,Order,2024-11-02 00:00:00,310015,ID002,"","",102,9999A,ID010,16,2024-10-21 00:00:00
232179-1-2-1180185,Order,2024-11-02 00:00:00,310015,ID002,"","",102,9999A,ID010,16,2024-10-21 00:00:00
232179-1-2-1180186,Order,2024-11-01 00:00:00,310015,ID002,"","",102,9999A,ID010,0.019958269073754874,2024-10-21 00:00:00
232179-1-2-1180186,Order,2024-11-02 00:00:00,310015,ID002,"","",102,9999A,ID010,15.980041730926244,2024-10-21 00:00:00
232179-1-2-1180187,Order,2024-11-01 00:00:00,310015,ID002,"","",102,9999A,ID010,0.019958269073754874,2024-10-21 00:00:00
232179-1-2-1180187,Order,2024-11-02 00:00:00,310015,ID002,"","",102,9999A,ID010,15.980041730926244,2024-10-21 00:00:00
232179-1-2-1180188,Order,2024-11-02 00:00:00,310015,ID002,"","",102,9999A,ID010,16,2024-10-21 00:00:00
232179-1-2-1180189,Order,2024-11-02 00:00:00,310015,ID002,"","",102,9999A,ID010,16,2024-10-21 00:00:00
232179-1-2-1180190,Order,2024-11-02 00:00:00,310015,ID002,"","",102,9999A,ID010,16,2024-10-21 00:00:00
232179-1-2-1180191,Order,2024-11-02 00:00:00,310015,ID002,"","",102,9999A,ID010,16,2024-10-21 00:00:00
232180-1-1-1180275,Order,2025-02-01 00:00:00,310002,WA001,"","",102,9999A,WA001,0.019958269073754874,2024-10-21 00:00:00
232180-1-1-1180275,Order,2025-02-02 00:00:00,310002,WA001,"","",102,9999A,WA001,399.98004173092625,2024-10-21 00:00:00
232182-1-1-1179960,Order,2024-10-19 00:00:00,310015,ID002,"","",102,9999A,ID010,14.999909280595118,2024-10-15 00:00:00
232187-1-1-1180507,Order,2024-10-30 00:00:00,310015,ID002,"","",102,9999A,ID002,14.999909280595118,2024-10-22 00:00:00
232189-1-1-1180977,Order,2024-12-15 00:00:00,310726,WA002,"","",102,9999E,WA007,0.4800870906286855,2024-11-05 00:00:00
232189-1-1-1180977,Order,2024-12-16 00:00:00,310726,WA002,"","",102,9999E,WA007,39.519912909371314,2024-11-05 00:00:00
232189-1-1-1180978,Order,2024-12-16 00:00:00,310726,WA002,"","",102,9999E,WA007,40,2024-11-05 00:00:00
232189-1-2-1180979,Order,2025-01-02 00:00:00,310726,WA002,"","",102,9999E,WA007,40,2024-11-05 00:00:00
232189-1-2-1180980,Order,2025-01-02 00:00:00,310726,WA002,"","",102,9999E,WA007,40,2024-11-05 00:00:00
232189-1-2-1181001,Order,2025-01-15 00:00:00,310726,WA002,"","",102,9999E,WA007,0.019958269073754874,2024-11-05 00:00:00
232189-1-2-1181001,Order,2025-01-16 00:00:00,310726,WA002,"","",102,9999E,WA007,39.980041730926246,2024-11-05 00:00:00
232190-1-1-1180655,Order,2024-12-01 00:00:00,310726,WA002,WA003,"",102,9999A,WA007,0.019958269073754874,2024-10-28 00:00:00
232190-1-1-1180655,Order,2024-12-02 00:00:00,310726,WA002,WA003,"",102,9999A,WA007,39.980041730926246,2024-10-28 00:00:00
232192-1-1-1180299,Order,2024-12-01 00:00:00,310015,ID002,WA001,"",102,9999A,TX001,21.00009071940488,2024-10-22 00:00:00
232192-1-1-1180300,Order,2024-12-01 00:00:00,310015,ID002,WA001,"",102,9999A,TX001,21.00009071940488,2024-10-22 00:00:00
232192-1-1-1180301,Order,2024-12-01 00:00:00,310015,ID002,WA001,"",102,9999A,TX001,21.00009071940488,2024-10-22 00:00:00
232192-1-1-1180302,Order,2024-12-01 00:00:00,310015,ID002,WA001,"",102,9999A,TX001,21.00009071940488,2024-10-22 00:00:00
232192-1-2-1181391,Order,2025-01-01 00:00:00,310015,ID002,WA001,"",102,9999A,TX001,21.00009071940488,2024-11-15 00:00:00
232192-1-2-1181392,Order,2025-01-01 00:00:00,310015,ID002,WA001,"",102,9999A,TX001,21.00009071940488,2024-11-15 00:00:00
232192-1-2-1181393,Order,2025-01-01 00:00:00,310015,ID002,WA001,"",102,9999A,TX001,21.00009071940488,2024-11-15 00:00:00
232192-1-2-1181394,Order,2025-01-01 00:00:00,310015,ID002,WA001,"",102,9999A,TX001,21.00009071940488,2024-11-15 00:00:00
232192-1-2-1181395,Order,2025-01-01 00:00:00,310015,ID002,WA001,"",102,9999A,TX001,21.00009071940488,2024-11-15 00:00:00
232192-1-3-1181546,Order,2025-01-31 00:00:00,310015,ID002,WA001,"",102,9999A,TX001,0.03991653814750975,2024-11-20 00:00:00
232192-1-3-1181546,Order,2025-02-01 00:00:00,310015,ID002,WA001,"",102,9999A,TX001,20.960174181257372,2024-11-20 00:00:00
232192-1-3-1181547,Order,2025-02-01 00:00:00,310015,ID002,WA001,"",102,9999A,TX001,21.00009071940488,2024-11-20 00:00:00
232192-1-3-1181548,Order,2025-01-31 00:00:00,310015,ID002,WA001,"",102,9999A,TX001,0.0798330762950195,2024-11-20 00:00:00
232192-1-3-1181548,Order,2025-02-01 00:00:00,310015,ID002,WA001,"",102,9999A,TX001,20.91989476549034,2024-11-20 00:00:00
232192-1-3-1181549,Order,2025-02-01 00:00:00,310015,ID002,WA001,"",102,9999A,TX001,21.00009071940488,2024-11-20 00:00:00
232192-1-3-1181550,Order,2025-02-01 00:00:00,310015,ID002,WA001,"",102,9999A,TX001,21.00009071940488,2024-11-20 00:00:00
232192-1-4-115,Order,2025-02-28 00:00:00,310015,ID002,WA001,"",102,9999A,TX001,0.3000997913453688,2025-01-16 00:00:00
232192-1-4-115,Order,2025-03-01 00:00:00,310015,ID002,WA001,"",102,9999A,TX001,20.69999092805951,2025-01-16 00:00:00
232192-1-4-116,Order,2025-02-28 00:00:00,310015,ID002,WA001,"",102,9999A,TX001,0.12011249206205207,2025-01-16 00:00:00
232192-1-4-116,Order,2025-03-01 00:00:00,310015,ID002,WA001,"",102,9999A,TX001,20.879978227342825,2025-01-16 00:00:00
232192-1-4-117,Order,2025-02-28 00:00:00,310015,ID002,WA001,"",102,9999A,TX001,0.1001542229882972,2025-01-16 00:00:00
232192-1-4-117,Order,2025-03-01 00:00:00,310015,ID002,WA001,"",102,9999A,TX001,20.89993649641658,2025-01-16 00:00:00
232192-1-4-118,Order,2025-02-28 00:00:00,310015,ID002,WA001,"",102,9999A,TX001,0.0798330762950195,2025-01-16 00:00:00
232192-1-4-118,Order,2025-03-01 00:00:00,310015,ID002,WA001,"",102,9999A,TX001,20.91989476549034,2025-01-16 00:00:00
232192-1-4-119,Order,2025-03-01 00:00:00,310015,ID002,WA001,"",102,9999A,TX001,21.00009071940488,2025-01-16 00:00:00
232194-1-1-1180228,Order,2024-11-02 00:00:00,310015,ID002,"","",101,3117A,ID002,14.999909280595118,2024-10-21 00:00:00
232194-1-1-1180229,Order,2024-11-02 00:00:00,310015,ID002,"","",101,3117A,ID002,14.999909280595118,2024-10-21 00:00:00
232194-1-1-1180230,Order,2024-11-01 00:00:00,310015,ID002,"","",101,3117A,ID002,0.05987480722126462,2024-10-21 00:00:00
232194-1-1-1180230,Order,2024-11-02 00:00:00,310015,ID002,"","",101,3117A,ID002,14.940034473373855,2024-10-21 00:00:00
232194-1-1-1180231,Order,2024-11-02 00:00:00,310015,ID002,"","",101,3117A,ID002,14.999909280595118,2024-10-21 00:00:00
232194-1-1-1180232,Order,2024-11-02 00:00:00,310015,ID002,"","",101,3117A,ID002,14.999909280595118,2024-10-21 00:00:00
232194-1-1-1180233,Order,2024-11-02 00:00:00,310015,ID002,"","",101,3117A,ID002,14.999909280595118,2024-10-21 00:00:00
232194-1-1-1180234,Order,2024-11-02 00:00:00,310015,ID002,"","",101,3117A,ID002,14.999909280595118,2024-10-21 00:00:00
232194-1-1-1180235,Order,2024-11-02 00:00:00,310015,ID002,"","",101,3117A,ID002,14.999909280595118,2024-10-21 00:00:00
232194-1-1-1180236,Order,2024-11-02 00:00:00,310015,ID002,"","",101,3117A,ID002,14.999909280595118,2024-10-21 00:00:00
232194-1-1-1180237,Order,2024-11-02 00:00:00,310015,ID002,"","",101,3117A,ID002,14.999909280595118,2024-10-21 00:00:00
232194-1-1-1180238,Order,2024-11-02 00:00:00,310015,ID002,"","",101,3117A,ID002,14.999909280595118,2024-10-21 00:00:00
232194-1-1-1180239,Order,2024-11-02 00:00:00,310015,ID002,"","",101,3117A,ID002,14.999909280595118,2024-10-21 00:00:00
232194-1-1-1180240,Order,2024-11-02 00:00:00,310015,ID002,"","",101,3117A,ID002,14.999909280595118,2024-10-21 00:00:00
232194-1-1-1180241,Order,2024-11-02 00:00:00,310015,ID002,"","",101,3117A,ID002,14.999909280595118,2024-10-21 00:00:00
232194-1-1-1180242,Order,2024-11-02 00:00:00,310015,ID002,"","",101,3117A,ID002,14.999909280595118,2024-10-21 00:00:00
232194-1-1-1180243,Order,2024-11-02 00:00:00,310015,ID002,"","",101,3117A,ID002,14.999909280595118,2024-10-21 00:00:00
232194-1-1-1180244,Order,2024-11-02 00:00:00,310015,ID002,"","",101,3117A,ID002,14.999909280595118,2024-10-21 00:00:00
232194-1-1-1180245,Order,2024-11-02 00:00:00,310015,ID002,"","",101,3117A,ID002,14.999909280595118,2024-10-21 00:00:00
232194-1-1-1180246,Order,2024-11-02 00:00:00,310015,ID002,"","",101,3117A,ID002,14.999909280595118,2024-10-21 00:00:00
232194-1-1-1180247,Order,2024-11-02 00:00:00,310015,ID002,"","",101,3117A,ID002,14.999909280595118,2024-10-21 00:00:00
232194-1-1-1180248,Order,2024-11-02 00:00:00,310015,ID002,"","",101,3117A,ID002,14.999909280595118,2024-10-21 00:00:00
232194-1-1-1180249,Order,2024-11-02 00:00:00,310015,ID002,"","",101,3117A,ID002,14.999909280595118,2024-10-21 00:00:00
232194-1-1-1180250,Order,2024-11-02 00:00:00,310015,ID002,"","",101,3117A,ID002,14.999909280595118,2024-10-21 00:00:00
232194-1-1-1180251,Order,2024-11-02 00:00:00,310015,ID002,"","",101,3117A,ID002,14.999909280595118,2024-10-21 00:00:00
232194-1-1-1180252,Order,2024-11-02 00:00:00,310015,ID002,"","",101,3117A,ID002,14.999909280595118,2024-10-21 00:00:00
232194-1-1-1180253,Order,2024-11-02 00:00:00,310015,ID002,"","",101,3117A,ID002,14.999909280595118,2024-10-21 00:00:00
232194-1-1-1180254,Order,2024-11-02 00:00:00,310015,ID002,"","",101,3117A,ID002,14.999909280595118,2024-10-21 00:00:00
232194-1-1-1180255,Order,2024-11-02 00:00:00,310015,ID002,"","",101,3117A,ID002,14.999909280595118,2024-10-21 00:00:00
232194-1-1-1180256,Order,2024-11-02 00:00:00,310015,ID002,"","",101,3117A,ID002,14.999909280595118,2024-10-21 00:00:00
232194-1-1-1180257,Order,2024-11-02 00:00:00,310015,ID002,"","",101,3117A,ID002,14.999909280595118,2024-10-21 00:00:00
232194-1-1-1180258,Order,2024-11-02 00:00:00,310015,ID002,"","",101,3117A,ID002,14.999909280595118,2024-10-21 00:00:00
232194-1-1-1180259,Order,2024-11-02 00:00:00,310015,ID002,"","",101,3117A,ID002,14.999909280595118,2024-10-21 00:00:00
232194-1-1-1180260,Order,2024-11-02 00:00:00,310015,ID002,"","",101,3117A,ID002,14.999909280595118,2024-10-21 00:00:00
232194-1-1-1180261,Order,2024-11-02 00:00:00,310015,ID002,"","",101,3117A,ID002,14.999909280595118,2024-10-21 00:00:00
232194-1-1-1180262,Order,2024-11-02 00:00:00,310015,ID002,"","",101,3117A,ID002,14.999909280595118,2024-10-21 00:00:00
232194-1-1-1180263,Order,2024-11-02 00:00:00,310015,ID002,"","",101,3117A,ID002,14.999909280595118,2024-10-21 00:00:00
232194-1-1-1180264,Order,2024-11-02 00:00:00,310015,ID002,"","",101,3117A,ID002,14.999909280595118,2024-10-21 00:00:00
232194-1-1-1180265,Order,2024-11-02 00:00:00,310015,ID002,"","",101,3117A,ID002,14.999909280595118,2024-10-21 00:00:00
232194-1-1-1180266,Order,2024-11-02 00:00:00,310015,ID002,"","",101,3117A,ID002,14.999909280595118,2024-10-21 00:00:00
232194-1-1-1180267,Order,2024-11-02 00:00:00,310015,ID002,"","",101,3117A,ID002,14.999909280595118,2024-10-21 00:00:00
232194-1-1-1180268,Order,2024-11-02 00:00:00,310015,ID002,"","",101,3117A,ID002,14.999909280595118,2024-10-21 00:00:00
232194-1-1-1180269,Order,2024-11-02 00:00:00,310015,ID002,"","",101,3117A,ID002,14.999909280595118,2024-10-21 00:00:00
232194-1-1-1180270,Order,2024-11-02 00:00:00,310015,ID002,"","",101,3117A,ID002,14.999909280595118,2024-10-21 00:00:00
232196-1-1-1180763,Order,2024-12-01 00:00:00,310726,WA003,WA002,"",102,9999E,WA007,0.14007076113580694,2024-10-29 00:00:00
232196-1-1-1180763,Order,2024-12-02 00:00:00,310726,WA003,WA002,"",102,9999E,WA007,19.859929238864193,2024-10-29 00:00:00
232199-1-1-1180141,Order,2024-11-01 00:00:00,310015,ID002,WA001,"",102,9999A,TX001,21.00009071940488,2024-10-18 00:00:00
232201-1-1-1180108,Order,2024-10-31 00:00:00,310015,WA003,"","",102,9999A,TX001,0.019958269073754874,2024-10-18 00:00:00
232201-1-1-1180108,Order,2024-11-01 00:00:00,310015,WA003,"","",102,9999A,TX001,20.980132450331126,2024-10-18 00:00:00
232201-1-1-1180109,Order,2024-11-01 00:00:00,310015,WA003,"","",102,9999A,TX001,21.00009071940488,2024-10-18 00:00:00
232201-1-1-1180110,Order,2024-11-01 00:00:00,310015,WA003,"","",102,9999A,TX001,21.00009071940488,2024-10-18 00:00:00
232201-1-1-1180111,Order,2024-11-01 00:00:00,310015,WA003,"","",102,9999A,TX001,21.00009071940488,2024-10-18 00:00:00
232206-1-1-1180822,Order,2025-01-16 00:00:00,310726,WA003,WA002,"",102,9999A,WA007,80,2024-10-30 00:00:00
232206-1-1-1180823,Order,2025-01-16 00:00:00,310726,WA003,WA002,"",102,9999A,WA007,80,2024-10-30 00:00:00
232206-1-2-1180816,Order,2025-02-15 00:00:00,310726,WA003,WA002,"",102,9999A,WA007,0.05987480722126462,2024-10-30 00:00:00
232206-1-2-1180816,Order,2025-02-16 00:00:00,310726,WA003,WA002,"",102,9999A,WA007,79.94012519277874,2024-10-30 00:00:00
232206-1-2-1180817,Order,2025-02-15 00:00:00,310726,WA003,WA002,"",102,9999A,WA007,0.2598203755783362,2024-10-30 00:00:00
232206-1-2-1180817,Order,2025-02-16 00:00:00,310726,WA003,WA002,"",102,9999A,WA007,79.74017962442166,2024-10-30 00:00:00
232209-1-1-1180276,Order,2024-11-04 00:00:00,310015,WA001,"","",102,9999A,WA001,14.999909280595118,2024-10-21 00:00:00
232214-1-1-1182165,Order,2025-01-16 00:00:00,310724,WA002,"","",102,9999E,WA007,20,2024-12-09 00:00:00
232214-1-1-1182166,Order,2025-01-16 00:00:00,310724,WA002,"","",102,9999E,WA007,20,2024-12-09 00:00:00
232214-1-2-1182153,Order,2025-02-02 00:00:00,310724,WA002,"","",102,9999E,WA007,20,2024-12-09 00:00:00
232215-1-1-1180611,Order,2024-10-15 00:00:00,310726,WA003,"","",102,9999A,WA011,0.8600199582690737,2024-10-24 00:00:00
232215-1-1-1180611,Order,2024-10-30 00:00:00,310726,WA003,"","",102,9999A,WA011,30.68021409779552,2024-10-24 00:00:00
232216-1-1-1181462,Order,2024-12-16 00:00:00,310726,WA002,"","",102,9999E,WA007,80,2024-11-18 00:00:00
232216-1-1-1181463,Order,2025-01-02 00:00:00,310726,WA002,"","",102,9999E,WA007,60,2024-11-18 00:00:00
232216-1-1-1181464,Order,2025-02-01 00:00:00,310726,WA002,"","",102,9999E,WA007,0.0798330762950195,2024-11-18 00:00:00
232216-1-1-1181464,Order,2025-02-02 00:00:00,310726,WA002,"","",102,9999E,WA007,59.92016692370498,2024-11-18 00:00:00
232217-1-1-1180630,Order,2024-10-01 00:00:00,310726,WA003,"","",102,9999A,WA011,1.0000907194048807,2024-10-25 00:00:00
232217-1-1-1180630,Order,2024-10-26 00:00:00,310726,WA003,"","",102,9999A,WA011,18.9200762043001,2024-10-25 00:00:00
232217-1-1-1180630,Order,2024-11-01 00:00:00,310726,WA003,"","",102,9999A,WA011,1.0000907194048807,2024-10-25 00:00:00
232218-1-1-1181066,Order,2024-12-16 00:00:00,310724,WA002,"","",102,9999E,WA007,20,2024-11-07 00:00:00
232218-1-2-1181067,Order,2025-01-02 00:00:00,310724,WA002,"","",102,9999E,WA007,20,2024-11-07 00:00:00
232218-1-2-1181068,Order,2025-01-16 00:00:00,310724,WA002,"","",102,9999E,WA007,20,2024-11-07 00:00:00
232218-1-3-1181069,Order,2025-02-01 00:00:00,310724,WA002,"","",102,9999E,WA017,0.019958269073754874,2024-11-07 00:00:00
232218-1-3-1181069,Order,2025-02-02 00:00:00,310724,WA002,"","",102,9999E,WA017,39.980041730926246,2024-11-07 00:00:00
232218-1-3-1181070,Order,2025-02-15 00:00:00,310724,WA002,"","",102,9999E,WA007,20,2024-11-07 00:00:00
232219-1-1-1181065,Order,2024-12-16 00:00:00,310726,WA002,"","",102,9999E,WA007,20,2024-11-07 00:00:00
232224-1-1-1180787,Order,2024-12-01 00:00:00,310015,ID002,WA001,"",102,9999A,MEX002,20,2024-10-30 00:00:00
232224-1-1-1180788,Order,2024-12-01 00:00:00,310015,ID002,WA001,"",102,9999A,MEX002,20,2024-10-30 00:00:00
232224-1-1-1180789,Order,2024-12-01 00:00:00,310015,ID002,WA001,"",102,9999A,MEX002,20,2024-10-30 00:00:00
232224-1-1-1180790,Order,2024-12-01 00:00:00,310015,ID002,WA001,"",102,9999A,MEX002,20,2024-10-30 00:00:00
232224-1-1-1180791,Order,2024-12-01 00:00:00,310015,ID002,WA001,"",102,9999A,MEX002,20,2024-10-30 00:00:00
232224-1-1-1180792,Order,2024-12-01 00:00:00,310015,ID002,WA001,"",102,9999A,MEX002,20,2024-10-30 00:00:00
232224-1-1-1180793,Order,2024-12-01 00:00:00,310015,ID002,WA001,"",102,9999A,MEX002,20,2024-10-30 00:00:00
232224-1-1-1180794,Order,2024-12-01 00:00:00,310015,ID002,WA001,"",102,9999A,MEX002,20,2024-10-30 00:00:00
232224-1-1-1180795,Order,2024-12-01 00:00:00,310015,ID002,WA001,"",102,9999A,MEX002,20,2024-10-30 00:00:00
232224-1-1-1180796,Order,2024-12-01 00:00:00,310015,ID002,WA001,"",102,9999A,MEX002,20.280141522271613,2024-10-30 00:00:00
232224-1-1-1180797,Order,2024-12-01 00:00:00,310015,ID002,WA001,"",102,9999A,MEX002,20,2024-10-30 00:00:00
232224-1-1-1180798,Order,2024-12-01 00:00:00,310015,ID002,WA001,"",102,9999A,MEX002,20,2024-10-30 00:00:00
232224-1-1-1180799,Order,2024-12-01 00:00:00,310015,ID002,WA001,"",102,9999A,MEX002,20,2024-10-30 00:00:00
232224-1-1-1180800,Order,2024-12-01 00:00:00,310015,ID002,WA001,"",102,9999A,MEX002,20,2024-10-30 00:00:00
232224-1-1-1180801,Order,2024-12-01 00:00:00,310015,ID002,WA001,"",102,9999A,MEX002,20,2024-10-30 00:00:00
232226-1-1-1180578,Order,2024-11-26 00:00:00,310774,WA001,"","",102,9999A,WA001,18,2024-11-01 00:00:00
232226-1-1-1180579,Order,2024-11-25 00:00:00,310774,WA001,"","",102,9999A,WA001,2,2024-11-01 00:00:00
232226-1-1-1180579,Order,2024-11-26 00:00:00,310774,WA001,"","",102,9999A,WA001,16,2024-11-01 00:00:00
232232-1-1-1180658,Order,2024-11-01 00:00:00,310002,WA001,"","",102,9999A,WA001,5.999818561190239,2024-10-28 00:00:00
232235-1-1-1180820,Order,2024-11-05 00:00:00,310726,WA002,"","",102,9999A,TX001,0.5599201669237049,2024-10-30 00:00:00
232235-1-1-1180820,Order,2024-11-06 00:00:00,310726,WA002,"","",102,9999A,TX001,15.440079833076295,2024-10-30 00:00:00
232245-1-1-1180696,Order,2024-11-09 00:00:00,310015,WA001,"","",102,9999A,WA001,14.999909280595118,2024-10-28 00:00:00
232245-1-1-1180697,Order,2024-11-09 00:00:00,310015,WA001,"","",102,9999A,WA001,14.999909280595118,2024-10-28 00:00:00
232245-1-1-1180698,Order,2024-11-09 00:00:00,310015,WA001,"","",102,9999A,WA001,14.999909280595118,2024-10-28 00:00:00
232245-1-1-1180699,Order,2024-11-09 00:00:00,310015,WA001,"","",102,9999A,WA001,14.999909280595118,2024-10-28 00:00:00
232245-1-1-1180700,Order,2024-11-09 00:00:00,310015,WA001,"","",102,9999A,WA001,14.999909280595118,2024-10-28 00:00:00
232245-1-1-1180721,Order,2024-11-09 00:00:00,310015,WA001,"","",102,9999A,WA001,14.999909280595118,2024-10-28 00:00:00
232245-1-1-1180722,Order,2024-11-09 00:00:00,310015,WA001,"","",102,9999A,WA001,14.999909280595118,2024-10-28 00:00:00
232245-1-1-1180723,Order,2024-11-09 00:00:00,310015,WA001,"","",102,9999A,WA001,14.999909280595118,2024-10-28 00:00:00
232245-1-1-1180724,Order,2024-11-09 00:00:00,310015,WA001,"","",102,9999A,WA001,14.999909280595118,2024-10-28 00:00:00
232245-1-1-1180725,Order,2024-11-09 00:00:00,310015,WA001,"","",102,9999A,WA001,14.999909280595118,2024-10-28 00:00:00
232245-1-1-1180726,Order,2024-11-09 00:00:00,310015,WA001,"","",102,9999A,WA001,14.999909280595118,2024-10-28 00:00:00
232245-1-1-1180727,Order,2024-11-09 00:00:00,310015,WA001,"","",102,9999A,WA001,14.999909280595118,2024-10-28 00:00:00
232245-1-1-1180728,Order,2024-11-09 00:00:00,310015,WA001,"","",102,9999A,WA001,14.999909280595118,2024-10-28 00:00:00
232245-1-1-1180729,Order,2024-11-09 00:00:00,310015,WA001,"","",102,9999A,WA001,14.999909280595118,2024-10-28 00:00:00
232245-1-1-1180730,Order,2024-11-09 00:00:00,310015,WA001,"","",102,9999A,WA001,14.999909280595118,2024-10-28 00:00:00
232245-1-1-1180731,Order,2024-11-09 00:00:00,310015,WA001,"","",102,9999A,WA001,14.999909280595118,2024-10-28 00:00:00
232245-1-1-1180732,Order,2024-11-09 00:00:00,310015,WA001,"","",102,9999A,WA001,14.999909280595118,2024-10-28 00:00:00
232245-1-1-1180733,Order,2024-11-09 00:00:00,310015,WA001,"","",102,9999A,WA001,14.999909280595118,2024-10-28 00:00:00
232245-1-1-1180734,Order,2024-11-09 00:00:00,310015,WA001,"","",102,9999A,WA001,14.999909280595118,2024-10-28 00:00:00
232245-1-1-1180735,Order,2024-11-09 00:00:00,310015,WA001,"","",102,9999A,WA001,14.999909280595118,2024-10-28 00:00:00
232263-1-1-1181577,Order,2024-12-02 00:00:00,310724,WA002,"","",102,9999E,WA007,14.999909280595118,2024-11-20 00:00:00
232263-1-1-1181578,Order,2024-12-02 00:00:00,310724,WA002,"","",102,9999E,WA007,14.999909280595118,2024-11-20 00:00:00
232263-1-1-1181579,Order,2024-12-01 00:00:00,310724,WA002,"","",102,9999E,WA007,0.03991653814750975,2024-11-20 00:00:00
232263-1-1-1181579,Order,2024-12-02 00:00:00,310724,WA002,"","",102,9999E,WA007,14.959992742447609,2024-11-20 00:00:00
232263-1-1-1181580,Order,2024-12-02 00:00:00,310724,WA002,"","",102,9999E,WA007,14.999909280595118,2024-11-20 00:00:00
232263-1-1-1181581,Order,2024-12-02 00:00:00,310724,WA002,"","",102,9999E,WA007,14.999909280595118,2024-11-20 00:00:00
232263-1-1-1181582,Order,2024-12-02 00:00:00,310724,WA002,"","",102,9999E,WA007,14.999909280595118,2024-11-20 00:00:00
232263-1-2-107,Order,2025-02-02 00:00:00,310724,WA002,"","",102,9999E,WA007,18.00018143880976,2025-01-22 00:00:00
232263-1-2-108,Order,2025-02-02 00:00:00,310724,WA002,"","",102,9999E,WA007,18.00018143880976,2025-01-22 00:00:00
232263-1-2-109,Order,2025-02-02 00:00:00,310724,WA002,"","",102,9999E,WA007,18.00018143880976,2025-01-22 00:00:00
232263-1-2-110,Order,2025-02-01 00:00:00,310724,WA002,"","",102,9999E,WA007,0.019958269073754874,2025-01-22 00:00:00
232263-1-2-110,Order,2025-02-02 00:00:00,310724,WA002,"","",102,9999E,WA007,17.97986029211648,2025-01-22 00:00:00
232263-1-2-111,Order,2025-02-02 00:00:00,310724,WA002,"","",102,9999E,WA007,18.00018143880976,2025-01-22 00:00:00
232263-1-2-112,Order,2025-02-02 00:00:00,310724,WA002,"","",102,9999E,WA007,18.00018143880976,2025-01-22 00:00:00
232263-1-2-113,Order,2025-02-02 00:00:00,310724,WA002,"","",102,9999E,WA007,18.00018143880976,2025-01-22 00:00:00
232263-1-2-114,Order,2025-02-02 00:00:00,310724,WA002,"","",102,9999E,WA007,18.00018143880976,2025-01-22 00:00:00
232263-1-2-115,Order,2025-02-02 00:00:00,310724,WA002,"","",102,9999E,WA007,18.00018143880976,2025-01-22 00:00:00
232263-1-2-117,Order,2025-02-02 00:00:00,310724,WA002,"","",102,9999E,WA007,18.00018143880976,2025-01-22 00:00:00
232278-1-1-1180961,Order,2024-11-15 00:00:00,310015,ID002,"","",102,9999A,TX001,80,2024-11-04 00:00:00
232286-1-1-1181029,Order,2024-11-12 00:00:00,310015,WA001,"","",102,9999A,WA001,14.999909280595118,2024-11-05 00:00:00
232286-1-1-1181030,Order,2024-11-12 00:00:00,310015,WA001,"","",102,9999A,WA001,14.999909280595118,2024-11-05 00:00:00
232286-1-1-1181031,Order,2024-11-12 00:00:00,310015,WA001,"","",102,9999A,WA001,14.999909280595118,2024-11-05 00:00:00
232286-1-1-1181032,Order,2024-11-12 00:00:00,310015,WA001,"","",102,9999A,WA001,14.999909280595118,2024-11-05 00:00:00
232286-1-1-1181033,Order,2024-11-12 00:00:00,310015,WA001,"","",102,9999A,WA001,14.999909280595118,2024-11-05 00:00:00
232286-1-1-1181034,Order,2024-11-12 00:00:00,310015,WA001,"","",102,9999A,WA001,14.999909280595118,2024-11-05 00:00:00
232286-1-1-1181035,Order,2024-11-12 00:00:00,310015,WA001,"","",102,9999A,WA001,14.999909280595118,2024-11-05 00:00:00
232286-1-1-1181036,Order,2024-11-12 00:00:00,310015,WA001,"","",102,9999A,WA001,14.999909280595118,2024-11-05 00:00:00
232286-1-1-1181037,Order,2024-11-12 00:00:00,310015,WA001,"","",102,9999A,WA001,14.999909280595118,2024-11-05 00:00:00
232286-1-1-1181038,Order,2024-11-12 00:00:00,310015,WA001,"","",102,9999A,WA001,14.999909280595118,2024-11-05 00:00:00
232289-1-1-1181043,Order,2024-11-18 00:00:00,310015,WA001,"","",102,9999A,WA001,14.999909280595118,2024-11-06 00:00:00
232289-1-2-1181045,Order,2024-12-30 00:00:00,310015,WA001,"","",102,9999A,WA001,14.999909280595118,2024-11-06 00:00:00
232292-1-1-1181013,Order,2024-11-16 00:00:00,310015,ID002,"","",102,9999A,TX001,16,2024-11-06 00:00:00
232292-1-1-1181014,Order,2024-11-16 00:00:00,310015,ID002,"","",102,9999A,TX001,16,2024-11-06 00:00:00
232292-1-1-1181015,Order,2024-11-15 00:00:00,310015,ID002,"","",102,9999A,TX001,0.0798330762950195,2024-11-06 00:00:00
232292-1-1-1181015,Order,2024-11-16 00:00:00,310015,ID002,"","",102,9999A,TX001,15.920166923704981,2024-11-06 00:00:00
232292-1-1-1181016,Order,2024-11-15 00:00:00,310015,ID002,"","",102,9999A,TX001,0.4401705524811757,2024-11-06 00:00:00
232292-1-1-1181016,Order,2024-11-16 00:00:00,310015,ID002,"","",102,9999A,TX001,15.559829447518823,2024-11-06 00:00:00
232292-1-1-1181017,Order,2024-11-15 00:00:00,310015,ID002,"","",102,9999A,TX001,0.3000997913453688,2024-11-06 00:00:00
232292-1-1-1181017,Order,2024-11-16 00:00:00,310015,ID002,"","",102,9999A,TX001,15.69990020865463,2024-11-06 00:00:00
232292-1-1-1181018,Order,2024-11-15 00:00:00,310015,ID002,"","",102,9999A,TX001,0.019958269073754874,2024-11-06 00:00:00
232292-1-1-1181018,Order,2024-11-16 00:00:00,310015,ID002,"","",102,9999A,TX001,15.980041730926244,2024-11-06 00:00:00
232292-1-1-1181019,Order,2024-11-16 00:00:00,310015,ID002,"","",102,9999A,TX001,16,2024-11-06 00:00:00
232292-1-1-1181020,Order,2024-11-16 00:00:00,310015,ID002,"","",102,9999A,TX001,16,2024-11-06 00:00:00
232294-1-1-1181105,Order,2024-11-16 00:00:00,310086,ID002,"","",102,3139A,ID010,19,2024-11-08 00:00:00
232294-1-1-1181106,Order,2024-11-16 00:00:00,310086,ID002,"","",102,3139A,ID010,19,2024-11-08 00:00:00
232294-1-1-1181107,Order,2024-11-16 00:00:00,310086,ID002,"","",102,3139A,ID010,19,2024-11-08 00:00:00
232294-1-1-1181108,Order,2024-11-16 00:00:00,310086,ID002,"","",102,3139A,ID010,19,2024-11-08 00:00:00
232294-1-1-1181117,Order,2024-11-16 00:00:00,310086,ID002,"","",102,3139A,ID010,19,2024-11-08 00:00:00
232296-1-1-1181112,Order,2024-12-16 00:00:00,310726,WA002,"","",102,9999E,WA007,20,2024-11-08 00:00:00
232299-1-1-1181123,Order,2024-12-15 00:00:00,310726,WA002,"","",102,9999E,WA007,20,2024-11-08 00:00:00
232299-1-1-1181870,Order,2025-01-02 00:00:00,310726,WA002,"","",102,9999E,WA007,20,2024-12-02 00:00:00
232312-1-1-101,Order,2025-02-01 00:00:00,310015,ID002,WA001,"",102,9999A,MEX002,20,2024-12-23 00:00:00
232312-1-1-102,Order,2025-02-01 00:00:00,310015,ID002,WA001,"",102,9999A,MEX002,20,2024-12-23 00:00:00
232312-1-1-103,Order,2025-02-01 00:00:00,310015,ID002,WA001,"",102,9999A,MEX002,20,2024-12-23 00:00:00
232312-1-1-104,Order,2025-02-01 00:00:00,310015,ID002,WA001,"",102,9999A,MEX002,20,2024-12-23 00:00:00
232312-1-1-105,Order,2025-02-01 00:00:00,310015,ID002,WA001,"",102,9999A,MEX002,20,2024-12-23 00:00:00
232312-1-1-106,Order,2025-02-01 00:00:00,310015,ID002,WA001,"",102,9999A,MEX002,20,2024-12-23 00:00:00
232312-1-1-107,Order,2025-02-01 00:00:00,310015,ID002,WA001,"",102,9999A,MEX002,20,2024-12-23 00:00:00
232312-1-1-108,Order,2025-02-01 00:00:00,310015,ID002,WA001,"",102,9999A,MEX002,20,2024-12-23 00:00:00
232312-1-1-109,Order,2025-02-01 00:00:00,310015,ID002,WA001,"",102,9999A,MEX002,20,2024-12-23 00:00:00
232312-1-1-110,Order,2025-02-01 00:00:00,310015,ID002,WA001,"",102,9999A,MEX002,20,2024-12-23 00:00:00
232312-1-1-111,Order,2025-02-01 00:00:00,310015,ID002,WA001,"",102,9999A,MEX002,20,2024-12-23 00:00:00
232312-1-1-112,Order,2025-02-01 00:00:00,310015,ID002,WA001,"",102,9999A,MEX002,20,2024-12-23 00:00:00
232312-1-1-113,Order,2025-02-01 00:00:00,310015,ID002,WA001,"",102,9999A,MEX002,20,2024-12-23 00:00:00
232312-1-1-114,Order,2025-02-01 00:00:00,310015,ID002,WA001,"",102,9999A,MEX002,20,2024-12-23 00:00:00
232312-1-1-115,Order,2025-02-01 00:00:00,310015,ID002,WA001,"",102,9999A,MEX002,20,2024-12-23 00:00:00
232312-1-1-116,Order,2025-02-01 00:00:00,310015,ID002,WA001,"",102,9999A,MEX002,20,2024-12-23 00:00:00
232312-1-1-117,Order,2025-02-01 00:00:00,310015,ID002,WA001,"",102,9999A,MEX002,20,2024-12-23 00:00:00
232312-1-1-118,Order,2025-02-01 00:00:00,310015,ID002,WA001,"",102,9999A,MEX002,20,2024-12-23 00:00:00
232312-1-1-119,Order,2025-02-01 00:00:00,310015,ID002,WA001,"",102,9999A,MEX002,20,2024-12-23 00:00:00
232312-1-1-120,Order,2025-02-01 00:00:00,310015,ID002,WA001,"",102,9999A,MEX002,20,2024-12-23 00:00:00
232312-1-1-121,Order,2025-02-01 00:00:00,310015,ID002,WA001,"",102,9999A,TX001,20,2024-12-23 00:00:00
232312-1-1-122,Order,2025-02-01 00:00:00,310015,ID002,WA001,"",102,9999A,TX001,20,2024-12-23 00:00:00
232312-1-1-123,Order,2025-02-01 00:00:00,310015,ID002,WA001,"",102,9999A,TX001,20,2024-12-23 00:00:00
232312-1-1-124,Order,2025-02-01 00:00:00,310015,ID002,WA001,"",102,9999A,TX001,20,2024-12-23 00:00:00
232312-1-2-125,Order,2025-03-01 00:00:00,310015,ID002,WA001,"",102,9999A,TX001,20,2025-01-06 00:00:00
232312-1-2-126,Order,2025-03-01 00:00:00,310015,ID002,WA001,"",102,9999A,TX001,20,2025-01-06 00:00:00
232312-1-2-127,Order,2025-03-01 00:00:00,310015,ID002,WA001,"",102,9999A,TX001,20,2025-01-06 00:00:00
232312-1-2-128,Order,2025-03-01 00:00:00,310015,ID002,WA001,"",102,9999A,TX001,20,2025-01-06 00:00:00
232312-1-2-129,Order,2025-03-01 00:00:00,310015,ID002,WA001,"",102,9999A,TX001,20,2025-01-06 00:00:00
232312-1-2-130,Order,2025-03-01 00:00:00,310015,ID002,WA001,"",102,9999A,TX001,20,2025-01-06 00:00:00
232312-1-2-131,Order,2025-03-01 00:00:00,310015,ID002,WA001,"",102,9999A,TX001,20,2025-01-06 00:00:00
232312-1-2-132,Order,2025-03-01 00:00:00,310015,ID002,WA001,"",102,9999A,TX001,20,2025-01-06 00:00:00
232312-1-2-133,Order,2025-03-01 00:00:00,310015,ID002,WA001,"",102,9999A,TX001,20,2025-01-06 00:00:00
232312-1-2-134,Order,2025-03-01 00:00:00,310015,ID002,WA001,"",102,9999A,TX001,20,2025-01-06 00:00:00
232312-1-2-135,Order,2025-03-01 00:00:00,310015,ID002,WA001,"",102,9999A,TX001,20,2025-01-06 00:00:00
232312-1-2-136,Order,2025-03-01 00:00:00,310015,ID002,WA001,"",102,9999A,TX001,20,2025-01-06 00:00:00
232312-1-2-137,Order,2025-03-01 00:00:00,310015,ID002,WA001,"",102,9999A,TX001,20,2025-01-06 00:00:00
232312-1-2-138,Order,2025-02-28 00:00:00,310015,ID002,WA001,"",102,9999A,TX001,0.12011249206205207,2025-01-06 00:00:00
232312-1-2-138,Order,2025-03-01 00:00:00,310015,ID002,WA001,"",102,9999A,TX001,19.879887507937948,2025-01-06 00:00:00
232312-1-2-139,Order,2025-02-28 00:00:00,310015,ID002,WA001,"",102,9999A,TX001,0.019958269073754874,2025-01-06 00:00:00
232312-1-2-139,Order,2025-03-01 00:00:00,310015,ID002,WA001,"",102,9999A,TX001,19.980041730926242,2025-01-06 00:00:00
232312-1-2-140,Order,2025-02-28 00:00:00,310015,ID002,WA001,"",102,9999A,TX001,0.1001542229882972,2025-01-06 00:00:00
232312-1-2-140,Order,2025-03-01 00:00:00,310015,ID002,WA001,"",102,9999A,TX001,19.899845777011702,2025-01-06 00:00:00
232312-1-2-141,Order,2025-03-01 00:00:00,310015,ID002,WA001,"",102,9999A,TX001,20,2025-01-06 00:00:00
232312-1-2-142,Order,2025-03-01 00:00:00,310015,ID002,WA001,"",102,9999A,TX001,20,2025-01-06 00:00:00
232312-1-2-143,Order,2025-03-01 00:00:00,310015,ID002,WA001,"",102,9999A,TX001,20,2025-01-06 00:00:00
232312-1-2-144,Order,2025-03-01 00:00:00,310015,ID002,WA001,"",102,9999A,TX001,20,2025-01-06 00:00:00
232312-1-3-145,Order,2025-03-31 00:00:00,310015,ID002,WA001,"",102,9999A,TX001,0.41984940578789803,2025-01-20 00:00:00
232312-1-3-145,Order,2025-04-01 00:00:00,310015,ID002,WA001,"",102,9999A,TX001,19.5801505942121,2025-01-20 00:00:00
232312-1-3-146,Order,2025-03-31 00:00:00,310015,ID002,WA001,"",102,9999A,TX001,0.03991653814750975,2025-01-20 00:00:00
232312-1-3-146,Order,2025-04-01 00:00:00,310015,ID002,WA001,"",102,9999A,TX001,19.960083461852488,2025-01-20 00:00:00
232312-1-3-147,Order,2025-03-31 00:00:00,310015,ID002,WA001,"",102,9999A,TX001,0.3000997913453688,2025-01-20 00:00:00
232312-1-3-147,Order,2025-04-01 00:00:00,310015,ID002,WA001,"",102,9999A,TX001,19.69990020865463,2025-01-20 00:00:00
232312-1-3-148,Order,2025-03-31 00:00:00,310015,ID002,WA001,"",102,9999A,TX001,0.14007076113580694,2025-01-20 00:00:00
232312-1-3-148,Order,2025-04-01 00:00:00,310015,ID002,WA001,"",102,9999A,TX001,19.859929238864193,2025-01-20 00:00:00
232312-1-3-149,Order,2025-03-31 00:00:00,310015,ID002,WA001,"",102,9999A,TX001,0.16002903020956183,2025-01-20 00:00:00
232312-1-3-149,Order,2025-04-01 00:00:00,310015,ID002,WA001,"",102,9999A,TX001,19.83997096979044,2025-01-20 00:00:00
232312-1-3-150,Order,2025-03-31 00:00:00,310015,ID002,WA001,"",102,9999A,TX001,0.21990383743082645,2025-01-20 00:00:00
232312-1-3-150,Order,2025-04-01 00:00:00,310015,ID002,WA001,"",102,9999A,TX001,19.780096162569173,2025-01-20 00:00:00
232312-1-3-151,Order,2025-04-01 00:00:00,310015,ID002,WA001,"",102,9999A,TX001,20,2025-01-20 00:00:00
232312-1-3-152,Order,2025-03-31 00:00:00,310015,ID002,WA001,"",102,9999A,TX001,0.03991653814750975,2025-01-20 00:00:00
232312-1-3-152,Order,2025-04-01 00:00:00,310015,ID002,WA001,"",102,9999A,TX001,19.960083461852488,2025-01-20 00:00:00
232312-1-3-153,Order,2025-03-31 00:00:00,310015,ID002,WA001,"",102,9999A,TX001,0.12011249206205207,2025-01-20 00:00:00
232312-1-3-153,Order,2025-04-01 00:00:00,310015,ID002,WA001,"",102,9999A,TX001,19.879887507937948,2025-01-20 00:00:00
232312-1-3-154,Order,2025-03-31 00:00:00,310015,ID002,WA001,"",102,9999A,TX001,0.12011249206205207,2025-01-20 00:00:00
232312-1-3-154,Order,2025-04-01 00:00:00,310015,ID002,WA001,"",102,9999A,TX001,19.879887507937948,2025-01-20 00:00:00
232312-1-3-155,Order,2025-03-31 00:00:00,310015,ID002,WA001,"",102,9999A,TX001,0.019958269073754874,2025-01-20 00:00:00
232312-1-3-155,Order,2025-04-01 00:00:00,310015,ID002,WA001,"",102,9999A,TX001,19.980041730926242,2025-01-20 00:00:00
232312-1-3-156,Order,2025-03-31 00:00:00,310015,ID002,WA001,"",102,9999A,TX001,0.16002903020956183,2025-01-20 00:00:00
232312-1-3-156,Order,2025-04-01 00:00:00,310015,ID002,WA001,"",102,9999A,TX001,19.83997096979044,2025-01-20 00:00:00
232312-1-3-157,Order,2025-03-31 00:00:00,310015,ID002,WA001,"",102,9999A,TX001,0.14007076113580694,2025-01-20 00:00:00
232312-1-3-157,Order,2025-04-01 00:00:00,310015,ID002,WA001,"",102,9999A,TX001,19.859929238864193,2025-01-20 00:00:00
232312-1-3-158,Order,2025-03-31 00:00:00,310015,ID002,WA001,"",102,9999A,TX001,0.19994556835707158,2025-01-20 00:00:00
232312-1-3-158,Order,2025-04-01 00:00:00,310015,ID002,WA001,"",102,9999A,TX001,19.800054431642927,2025-01-20 00:00:00
232312-1-3-159,Order,2025-03-31 00:00:00,310015,ID002,WA001,"",102,9999A,TX001,0.03991653814750975,2025-01-20 00:00:00
232312-1-3-159,Order,2025-04-01 00:00:00,310015,ID002,WA001,"",102,9999A,TX001,19.960083461852488,2025-01-20 00:00:00
232312-1-3-160,Order,2025-03-31 00:00:00,310015,ID002,WA001,"",102,9999A,TX001,0.1001542229882972,2025-01-20 00:00:00
232312-1-3-160,Order,2025-04-01 00:00:00,310015,ID002,WA001,"",102,9999A,TX001,19.899845777011702,2025-01-20 00:00:00
232312-1-3-161,Order,2025-03-31 00:00:00,310015,ID002,WA001,"",102,9999A,TX001,0.03991653814750975,2025-01-20 00:00:00
232312-1-3-161,Order,2025-04-01 00:00:00,310015,ID002,WA001,"",102,9999A,TX001,19.960083461852488,2025-01-20 00:00:00
232312-1-3-162,Order,2025-03-31 00:00:00,310015,ID002,WA001,"",102,9999A,TX001,0.05987480722126462,2025-01-20 00:00:00
232312-1-3-162,Order,2025-04-01 00:00:00,310015,ID002,WA001,"",102,9999A,TX001,19.940125192778734,2025-01-20 00:00:00
232312-1-3-163,Order,2025-04-01 00:00:00,310015,ID002,WA001,"",102,9999A,TX001,20,2025-01-20 00:00:00
232312-1-3-164,Order,2025-03-31 00:00:00,310015,ID002,WA001,"",102,9999A,TX001,0.12011249206205207,2025-01-20 00:00:00
232312-1-3-164,Order,2025-04-01 00:00:00,310015,ID002,WA001,"",102,9999A,TX001,19.879887507937948,2025-01-20 00:00:00
232315-1-1-101,Order,2025-02-16 00:00:00,310726,WA002,"","",102,9999E,WA007,20,2025-01-07 00:00:00
232315-1-1-102,Order,2025-02-01 00:00:00,310726,WA002,"","",102,9999E,WA007,20,2025-01-28 00:00:00
232315-1-1-103,Order,2025-02-02 00:00:00,310726,WA002,"","",102,9999E,WA007,20,2025-01-29 00:00:00
232320-1-1-1181755,Order,2025-01-02 00:00:00,310726,WA003,WA002,"",102,9999E,WA007,20,2024-11-25 00:00:00
232321-1-1-1181756,Order,2025-02-02 00:00:00,310726,WA003,WA002,"",102,9999E,WA007,20,2024-11-25 00:00:00
232323-1-1-1181983,Order,2025-01-02 00:00:00,310724,WA002,"","",101,9999E,WA007,20,2024-12-04 00:00:00
232323-1-2-1181984,Order,2025-02-02 00:00:00,310724,WA002,"","",101,9999E,WA007,40,2024-12-04 00:00:00
232323-1-3-1181959,Order,2025-03-02 00:00:00,310724,WA002,"","",101,9999E,WA007,20,2024-12-04 00:00:00
232328-1-1-1181276,Order,2024-11-16 00:00:00,310726,WA003,"","",102,9999A,WA011,1.0000907194048807,2024-11-13 00:00:00
232337-1-1-1181789,Order,2024-12-06 00:00:00,310015,ID002,"","",102,9999A,ID002,14.999909280595118,2024-11-26 00:00:00
232337-1-1-1181790,Order,2024-12-06 00:00:00,310015,ID002,"","",102,9999A,ID002,14.999909280595118,2024-11-26 00:00:00
232337-1-1-1181791,Order,2024-12-06 00:00:00,310015,ID002,"","",102,9999A,ID002,14.999909280595118,2024-11-26 00:00:00
232337-1-1-1181792,Order,2024-12-06 00:00:00,310015,ID002,"","",102,9999A,ID002,14.999909280595118,2024-11-26 00:00:00
232337-1-1-1181793,Order,2024-12-06 00:00:00,310015,ID002,"","",102,9999A,ID002,14.999909280595118,2024-11-26 00:00:00
232337-1-1-1181794,Order,2024-12-06 00:00:00,310015,ID002,"","",102,9999A,ID002,14.999909280595118,2024-11-26 00:00:00
232337-1-1-1181795,Order,2024-12-06 00:00:00,310015,ID002,"","",102,9999A,ID002,14.999909280595118,2024-11-26 00:00:00
232337-1-1-1181796,Order,2024-12-06 00:00:00,310015,ID002,"","",102,9999A,ID002,14.999909280595118,2024-11-26 00:00:00
232337-1-1-1181797,Order,2024-12-06 00:00:00,310015,ID002,"","",102,9999A,ID002,14.999909280595118,2024-11-26 00:00:00
232337-1-1-1181798,Order,2024-12-06 00:00:00,310015,ID002,"","",102,9999A,ID002,14.999909280595118,2024-11-26 00:00:00
232337-1-1-1181799,Order,2024-12-06 00:00:00,310015,ID002,"","",102,9999A,ID002,14.999909280595118,2024-11-26 00:00:00
232337-1-1-1181800,Order,2024-12-06 00:00:00,310015,ID002,"","",102,9999A,ID002,14.999909280595118,2024-11-26 00:00:00
232337-1-1-1181801,Order,2024-12-06 00:00:00,310015,ID002,"","",102,9999A,ID002,14.999909280595118,2024-11-26 00:00:00
232337-1-1-1181802,Order,2024-12-06 00:00:00,310015,ID002,"","",102,9999A,ID002,14.999909280595118,2024-11-26 00:00:00
232337-1-1-1181803,Order,2024-12-06 00:00:00,310015,ID002,"","",102,9999A,ID002,14.999909280595118,2024-11-26 00:00:00
232344-1-1-1181757,Order,2025-03-01 00:00:00,310002,WA001,"","",102,9999A,TX001,20,2024-11-25 00:00:00
232345-1-1-1181336,Order,2024-12-16 00:00:00,310726,WA003,WA002,"",102,9999A,WA007,40,2024-11-14 00:00:00
232345-1-1-1181337,Order,2024-12-16 00:00:00,310726,WA003,WA002,"",102,9999A,WA007,40,2024-11-14 00:00:00
232345-1-1-1181338,Order,2024-12-16 00:00:00,310726,WA003,WA002,"",102,9999A,WA007,40,2024-11-14 00:00:00
232345-1-1-1181339,Order,2024-12-16 00:00:00,310726,WA003,WA002,"",102,9999A,WA007,40,2024-11-14 00:00:00
232345-1-1-1181340,Order,2024-12-15 00:00:00,310726,WA003,WA002,"",102,9999A,WA007,0.5000453597024404,2024-11-14 00:00:00
232345-1-1-1181340,Order,2024-12-16 00:00:00,310726,WA003,WA002,"",102,9999A,WA007,39.49995464029756,2024-11-14 00:00:00
232345-1-1-1181341,Order,2024-12-15 00:00:00,310726,WA003,WA002,"",102,9999A,WA007,0.3400163294928785,2024-11-14 00:00:00
232345-1-1-1181341,Order,2024-12-16 00:00:00,310726,WA003,WA002,"",102,9999A,WA007,39.659983670507124,2024-11-14 00:00:00
232347-1-1-1181829,Order,2025-01-01 00:00:00,310724,WA002,"","",101,9999E,WA007,0.019958269073754874,2024-11-27 00:00:00
232347-1-1-1181829,Order,2025-01-02 00:00:00,310724,WA002,"","",101,9999E,WA007,39.980041730926246,2024-11-27 00:00:00
232348-1-1-1181816,Order,2025-01-02 00:00:00,310724,WA002,"","",101,3041A,WA007,40,2024-11-27 00:00:00
232348-1-1-1181817,Order,2025-01-16 00:00:00,310724,WA002,"","",101,3041A,WA007,40,2024-11-27 00:00:00
232350-1-1-1181453,Order,2024-12-01 00:00:00,310015,ID002,"","",102,9999A,MEX002,24,2024-11-19 00:00:00
232350-1-1-1181454,Order,2024-12-01 00:00:00,310015,ID002,"","",102,9999A,MEX002,24,2024-11-19 00:00:00
232350-1-1-1181455,Order,2024-11-30 00:00:00,310015,ID002,"","",102,9999A,MEX002,3.199854848952191,2024-11-19 00:00:00
232351-1-1-1181305,Order,2024-11-27 00:00:00,310015,WA001,"","",102,9999A,WA001,14.999909280595118,2024-11-14 00:00:00
232353-1-1-101,Order,2025-02-19 00:00:00,310724,WA002,"","",102,9999A,WA007,14.999909280595118,2025-02-07 00:00:00
232353-1-1-102,Order,2025-02-19 00:00:00,310724,WA002,"","",102,9999A,WA007,14.999909280595118,2025-02-07 00:00:00
232353-1-1-103,Order,2025-02-19 00:00:00,310724,WA002,"","",102,9999A,WA007,14.999909280595118,2025-02-07 00:00:00
232353-1-1-104,Order,2025-02-19 00:00:00,310724,WA002,"","",102,9999A,WA007,14.999909280595118,2025-02-07 00:00:00
232353-1-1-105,Order,2025-02-19 00:00:00,310724,WA002,"","",102,9999A,WA007,14.999909280595118,2025-02-07 00:00:00
232353-1-1-106,Order,2025-02-19 00:00:00,310724,WA002,"","",102,9999A,WA007,14.999909280595118,2025-02-07 00:00:00
232353-1-1-107,Order,2025-02-15 00:00:00,310724,WA002,"","",102,9999A,WA007,0.03991653814750975,2025-02-07 00:00:00
232353-1-1-107,Order,2025-02-19 00:00:00,310724,WA002,"","",102,9999A,WA007,14.959992742447609,2025-02-07 00:00:00
232353-1-1-108,Order,2025-02-15 00:00:00,310724,WA002,"","",102,9999A,WA007,0.019958269073754874,2025-02-18 00:00:00
232353-1-1-108,Order,2025-02-19 00:00:00,310724,WA002,"","",102,9999A,WA007,14.979951011521363,2025-02-18 00:00:00
232353-1-2-109,Order,2025-03-01 00:00:00,310724,WA002,"","",102,9999A,WA007,14.999909280595118,2025-02-20 00:00:00
232353-1-2-110,Order,2025-03-01 00:00:00,310724,WA002,"","",102,9999A,WA007,14.999909280595118,2025-02-20 00:00:00
232353-1-2-111,Order,2025-03-01 00:00:00,310724,WA002,"","",102,9999A,WA007,14.999909280595118,2025-02-20 00:00:00
232353-1-2-112,Order,2025-03-01 00:00:00,310724,WA002,"","",102,9999A,WA007,14.999909280595118,2025-02-20 00:00:00
232353-1-2-113,Order,2025-02-28 00:00:00,310724,WA002,"","",102,9999A,WA007,0.019958269073754874,2025-02-20 00:00:00
232353-1-2-113,Order,2025-03-01 00:00:00,310724,WA002,"","",102,9999A,WA007,14.979951011521363,2025-02-20 00:00:00
232353-1-2-114,Order,2025-03-01 00:00:00,310724,WA002,"","",102,9999A,WA007,14.999909280595118,2025-02-20 00:00:00
232353-1-2-115,Order,2025-03-01 00:00:00,310724,WA002,"","",102,9999A,WA007,14.999909280595118,2025-02-20 00:00:00
232355-1-1-101,Order,2025-02-16 00:00:00,310726,WA003,WA002,"",102,9999A,WA007,14.999909280595118,2025-02-05 00:00:00
232355-1-1-102,Order,2025-02-16 00:00:00,310726,WA003,WA002,"",102,9999A,WA007,14.999909280595118,2025-02-05 00:00:00
232355-1-1-103,Order,2025-02-16 00:00:00,310726,WA003,WA002,"",102,9999A,WA007,14.999909280595118,2025-02-05 00:00:00
232355-1-1-104,Order,2025-02-16 00:00:00,310726,WA003,WA002,"",102,9999A,WA007,14.999909280595118,2025-02-05 00:00:00
232355-1-1-105,Order,2025-02-16 00:00:00,310726,WA003,WA002,"",102,9999A,WA007,14.999909280595118,2025-02-05 00:00:00
232355-1-1-106,Order,2025-02-16 00:00:00,310726,WA003,WA002,"",102,9999A,WA007,14.999909280595118,2025-02-05 00:00:00
232355-1-1-107,Order,2025-02-16 00:00:00,310726,WA003,WA002,"",102,9999A,WA007,14.999909280595118,2025-02-05 00:00:00
232355-1-1-108,Order,2025-02-16 00:00:00,310726,WA003,WA002,"",102,9999A,WA007,14.999909280595118,2025-02-05 00:00:00
232355-1-2-109,Order,2025-03-01 00:00:00,310726,WA003,WA002,"",102,9999A,WA007,14.999909280595118,2025-02-21 00:00:00
232355-1-2-110,Order,2025-03-01 00:00:00,310726,WA003,WA002,"",102,9999A,WA007,14.999909280595118,2025-02-21 00:00:00
232355-1-2-111,Order,2025-03-01 00:00:00,310726,WA003,WA002,"",102,9999A,WA007,14.999909280595118,2025-02-21 00:00:00
232355-1-2-112,Order,2025-03-01 00:00:00,310726,WA003,WA002,"",102,9999A,WA007,14.999909280595118,2025-02-21 00:00:00
232355-1-2-113,Order,2025-03-01 00:00:00,310726,WA003,WA002,"",102,9999A,WA007,14.999909280595118,2025-02-21 00:00:00
232355-1-2-114,Order,2025-03-01 00:00:00,310726,WA003,WA002,"",102,9999A,WA007,14.999909280595118,2025-02-21 00:00:00
232355-1-2-115,Order,2025-03-01 00:00:00,310726,WA003,WA002,"",102,9999A,WA007,14.999909280595118,2025-02-21 00:00:00
232358-1-1-1181563,Order,2024-12-05 00:00:00,310015,ID002,WA001,"",102,9999A,MEX002,21.00009071940488,2024-11-20 00:00:00
232358-1-1-1181564,Order,2024-12-05 00:00:00,310015,ID002,WA001,"",102,9999A,MEX002,21.00009071940488,2024-11-20 00:00:00
232358-1-1-1181565,Order,2024-12-05 00:00:00,310015,ID002,WA001,"",102,9999A,MEX002,21.00009071940488,2024-11-20 00:00:00
232360-1-1-1181307,Order,2024-11-26 00:00:00,310015,WA001,"","",102,9999A,WA001,14.999909280595118,2024-11-14 00:00:00
232360-1-1-1181308,Order,2024-11-26 00:00:00,310015,WA001,"","",102,9999A,WA001,14.999909280595118,2024-11-14 00:00:00
232360-1-1-1181309,Order,2024-11-26 00:00:00,310015,WA001,"","",102,9999A,WA001,14.999909280595118,2024-11-14 00:00:00
232360-1-1-1181310,Order,2024-11-26 00:00:00,310015,WA001,"","",102,9999A,WA001,14.999909280595118,2024-11-14 00:00:00
232360-1-1-1181311,Order,2024-11-26 00:00:00,310015,WA001,"","",102,9999A,WA001,14.999909280595118,2024-11-14 00:00:00
232360-1-1-1181312,Order,2024-11-26 00:00:00,310015,WA001,"","",102,9999A,WA001,14.999909280595118,2024-11-14 00:00:00
232360-1-1-1181313,Order,2024-11-23 00:00:00,310015,WA001,"","",102,9999A,WA001,14.999909280595118,2024-11-14 00:00:00
232360-1-1-1181314,Order,2024-11-26 00:00:00,310015,WA001,"","",102,9999A,WA001,14.999909280595118,2024-11-14 00:00:00
232361-1-1-1181555,Order,2024-12-02 00:00:00,310015,WA001,"","",102,9999A,WA001,14.999909280595118,2024-11-20 00:00:00
232361-1-1-1181556,Order,2024-12-02 00:00:00,310015,WA001,"","",102,9999A,WA001,14.999909280595118,2024-11-20 00:00:00
232361-1-1-1181557,Order,2024-12-02 00:00:00,310015,WA001,"","",102,9999A,WA001,14.999909280595118,2024-11-20 00:00:00
232361-1-1-1181558,Order,2024-12-02 00:00:00,310015,WA001,"","",102,9999A,WA001,14.999909280595118,2024-11-20 00:00:00
232361-1-1-1181559,Order,2024-12-02 00:00:00,310015,WA001,"","",102,9999A,WA001,14.999909280595118,2024-11-20 00:00:00
232362-1-1-1181388,Order,2024-11-19 00:00:00,310015,WA001,"","",102,9999A,WA001,14.999909280595118,2024-11-15 00:00:00
232362-1-1-1181389,Order,2024-11-16 00:00:00,310015,WA001,"","",102,9999A,WA001,14.999909280595118,2024-11-15 00:00:00
232362-1-1-1181390,Order,2024-11-15 00:00:00,310015,WA001,"","",102,9999A,WA001,0.7798240043545315,2024-11-15 00:00:00
232362-1-1-1181390,Order,2024-11-19 00:00:00,310015,WA001,"","",102,9999A,WA001,14.220085276240589,2024-11-15 00:00:00
232362-1-2-1181406,Order,2024-12-02 00:00:00,310015,WA001,"","",102,9999A,WA001,14.999909280595118,2024-11-15 00:00:00
232362-1-2-1181407,Order,2024-12-02 00:00:00,310015,WA001,"","",102,9999A,WA001,14.999909280595118,2024-11-15 00:00:00
232362-1-2-1181408,Order,2024-12-02 00:00:00,310015,WA001,"","",102,9999A,WA001,14.999909280595118,2024-11-15 00:00:00
232362-1-2-1181409,Order,2024-12-02 00:00:00,310015,WA001,"","",102,9999A,WA001,14.999909280595118,2024-11-15 00:00:00
232362-1-2-1181410,Order,2024-12-02 00:00:00,310015,WA001,"","",102,9999A,WA001,14.999909280595118,2024-11-15 00:00:00
232362-1-2-1181411,Order,2024-12-02 00:00:00,310015,WA001,"","",102,9999A,WA001,14.999909280595118,2024-11-15 00:00:00
232362-1-2-1181412,Order,2024-12-02 00:00:00,310015,WA001,"","",102,9999A,WA001,14.999909280595118,2024-11-15 00:00:00
232364-1-1-1181523,Order,2024-12-30 00:00:00,310015,ID002,WA001,"",102,9999A,TX001,0.03991653814750975,2024-11-19 00:00:00
232364-1-1-1181523,Order,2024-12-31 00:00:00,310015,ID002,WA001,"",102,9999A,TX001,20.960174181257372,2024-11-19 00:00:00
232364-1-1-1181524,Order,2024-12-31 00:00:00,310015,ID002,WA001,"",102,9999A,TX001,21.00009071940488,2024-11-19 00:00:00
232364-1-1-1181525,Order,2024-12-30 00:00:00,310015,ID002,WA001,"",102,9999A,TX001,0.1001542229882972,2024-11-19 00:00:00
232364-1-1-1181525,Order,2024-12-31 00:00:00,310015,ID002,WA001,"",102,9999A,TX001,20.89993649641658,2024-11-19 00:00:00
232365-1-1-1181526,Order,2024-12-31 00:00:00,310015,ID002,WA001,"",102,9999A,TX001,21.00009071940488,2024-11-19 00:00:00
232365-1-1-1181527,Order,2024-12-30 00:00:00,310015,ID002,WA001,"",102,9999A,TX001,0.0798330762950195,2024-11-19 00:00:00
232365-1-1-1181527,Order,2024-12-31 00:00:00,310015,ID002,WA001,"",102,9999A,TX001,20.91989476549034,2024-11-19 00:00:00
232365-1-1-1181528,Order,2024-12-31 00:00:00,310015,ID002,WA001,"",102,9999A,MEX002,21.00009071940488,2024-11-19 00:00:00
232365-1-1-1181529,Order,2024-12-30 00:00:00,310015,ID002,WA001,"",102,9999A,TX001,0.3000997913453688,2024-11-19 00:00:00
232365-1-1-1181529,Order,2024-12-31 00:00:00,310015,ID002,WA001,"",102,9999A,TX001,20.69999092805951,2024-11-19 00:00:00
232365-1-1-1181530,Order,2024-12-31 00:00:00,310015,ID002,WA001,"",102,9999A,TX001,21.00009071940488,2024-11-19 00:00:00
232365-1-1-1181531,Order,2024-12-31 00:00:00,310015,ID002,WA001,"",102,9999A,TX001,21.00009071940488,2024-11-19 00:00:00
232365-1-1-1181532,Order,2024-12-31 00:00:00,310015,ID002,WA001,"",102,9999A,TX001,21.00009071940488,2024-11-19 00:00:00
232365-1-1-1181533,Order,2024-12-31 00:00:00,310015,ID002,WA001,"",102,9999A,TX001,21.00009071940488,2024-11-19 00:00:00
232365-1-1-1181534,Order,2024-12-30 00:00:00,310015,ID002,WA001,"",102,9999A,TX001,0.019958269073754874,2024-11-19 00:00:00
232365-1-1-1181534,Order,2024-12-31 00:00:00,310015,ID002,WA001,"",102,9999A,TX001,20.980132450331126,2024-11-19 00:00:00
232365-1-1-1181535,Order,2024-12-31 00:00:00,310015,ID002,WA001,"",102,9999A,TX001,21.00009071940488,2024-11-19 00:00:00
232365-1-1-1181536,Order,2024-12-30 00:00:00,310015,ID002,WA001,"",102,9999A,TX001,1.0000907194048807,2024-11-19 00:00:00
232365-1-1-1181536,Order,2024-12-31 00:00:00,310015,ID002,WA001,"",102,9999A,TX001,20,2024-11-19 00:00:00
232365-1-1-1181537,Order,2024-12-30 00:00:00,310015,ID002,WA001,"",102,9999A,TX001,1.0000907194048807,2024-11-19 00:00:00
232365-1-1-1181537,Order,2024-12-31 00:00:00,310015,ID002,WA001,"",102,9999A,TX001,20,2024-11-19 00:00:00
232378-1-1-101,Order,2025-01-02 00:00:00,310724,WA002,"","",102,9999A,WA007,16,2024-12-21 00:00:00
232378-1-1-102,Order,2025-01-02 00:00:00,310724,WA002,"","",102,9999A,WA007,16,2024-12-21 00:00:00
232379-1-1-101,Order,2025-02-01 00:00:00,310724,WA002,"","",102,9999A,WA007,0.019958269073754874,2024-12-21 00:00:00
232379-1-1-101,Order,2025-02-02 00:00:00,310724,WA002,"","",102,9999A,WA007,15.980041730926244,2024-12-21 00:00:00
232380-1-1-101,Order,2025-05-07 00:00:00,310002,WA001,"","",102,9999A,WA001,140,2025-03-19 00:00:00
232380-1-2-102,Order,2025-04-25 00:00:00,310002,WA001,"","",102,9999A,WA001,100,2025-03-19 00:00:00
232380-1-3-103,Order,2025-05-20 00:00:00,310002,WA001,"","",102,9999A,WA001,20,2025-03-19 00:00:00
232381-1-1-101,Order,2025-04-25 00:00:00,310726,WA003,WA002,"",102,9999A,WA007,20,2025-03-21 00:00:00
232381-1-2,Contract,2025-05-01 00:00:00,310726,WA003,WA002,"",102,9999A,WA007,0.6200056246031025,
232381-1-2-102,Order,2025-05-10 00:00:00,310726,WA003,WA002,"",102,9999A,WA010,40,2025-03-21 00:00:00
232381-1-3,Contract,2025-06-01 00:00:00,310726,WA003,WA002,"",102,9999A,WA007,0.4000036287761952,
232381-1-3-103,Order,2025-06-16 00:00:00,310726,WA003,WA002,"",102,9999A,WA007,40,2025-03-21 00:00:00
232386-1-1-1181513,Order,2024-12-16 00:00:00,310086,ID002,"","",102,9999A,WA017,120,2024-11-19 00:00:00
232386-1-2-1181538,Order,2025-01-02 00:00:00,310086,ID002,"","",102,9999A,WA017,120,2024-11-19 00:00:00
232386-1-3-1181539,Order,2025-02-02 00:00:00,310086,ID002,"","",102,9999A,WA017,120,2024-11-19 00:00:00
232386-1-3-1181540,Order,2025-02-16 00:00:00,310086,ID002,"","",102,9999A,WA017,60,2024-11-19 00:00:00
232388-1-1-1182156,Order,2025-01-02 00:00:00,310724,WA002,"","",102,9999A,WA007,14.999909280595118,2024-12-09 00:00:00
232388-1-1-1182157,Order,2025-01-01 00:00:00,310724,WA002,"","",102,9999A,WA007,0.019958269073754874,2024-12-09 00:00:00
232388-1-1-1182157,Order,2025-01-02 00:00:00,310724,WA002,"","",102,9999A,WA007,14.979951011521363,2024-12-09 00:00:00
232389-1-1-1181608,Order,2024-12-06 00:00:00,310015,ID002,"","",102,9999A,ID002,14.999909280595118,2024-11-20 00:00:00
232389-1-1-1181609,Order,2024-12-06 00:00:00,310015,ID002,"","",102,9999A,ID002,14.999909280595118,2024-11-20 00:00:00
232389-1-1-1181610,Order,2024-12-06 00:00:00,310015,ID002,"","",102,9999A,ID002,14.999909280595118,2024-11-20 00:00:00
232389-1-1-1181611,Order,2024-12-06 00:00:00,310015,ID002,"","",102,9999A,ID002,14.999909280595118,2024-11-20 00:00:00
232389-1-1-1181612,Order,2024-12-06 00:00:00,310015,ID002,"","",102,9999A,ID002,14.999909280595118,2024-11-20 00:00:00
232389-1-1-1181613,Order,2024-12-06 00:00:00,310015,ID002,"","",102,9999A,ID002,14.999909280595118,2024-11-20 00:00:00
232389-1-1-1181614,Order,2024-12-06 00:00:00,310015,ID002,"","",102,9999A,ID002,14.999909280595118,2024-11-20 00:00:00
232389-1-1-1181615,Order,2024-12-06 00:00:00,310015,ID002,"","",102,9999A,ID002,14.999909280595118,2024-11-20 00:00:00
232390-1-1-1182238,Order,2025-02-02 00:00:00,310724,WA002,"","",102,9999A,WA007,14.999909280595118,2024-12-10 00:00:00
232390-1-1-1182239,Order,2025-02-02 00:00:00,310724,WA002,"","",102,9999A,WA007,14.999909280595118,2024-12-10 00:00:00
232390-1-1-1182240,Order,2025-02-02 00:00:00,310724,WA002,"","",102,9999A,WA007,14.999909280595118,2024-12-10 00:00:00
232399-1-1-1181566,Order,2024-12-14 00:00:00,310015,WA001,"","",102,9999A,WA001,14.999909280595118,2024-11-20 00:00:00
232402-1-1-1182002,Order,2025-01-02 00:00:00,310724,WA002,"","",102,9999E,WA007,80,2024-12-04 00:00:00
232402-1-1-1182003,Order,2025-01-01 00:00:00,310724,WA002,"","",102,9999E,WA007,0.03991653814750975,2024-12-04 00:00:00
232402-1-1-1182003,Order,2025-01-02 00:00:00,310724,WA002,"","",102,9999E,WA007,79.96008346185249,2024-12-04 00:00:00
232403-1-1-1181720,Order,2025-01-01 00:00:00,310724,WA002,"","",102,9999E,WA017,0.03991653814750975,2024-11-25 00:00:00
232403-1-1-1181720,Order,2025-01-10 00:00:00,310724,WA002,"","",102,9999E,WA017,19.960083461852488,2024-11-25 00:00:00
232403-1-1-1181781,Order,2025-01-16 00:00:00,310724,WA002,"","",102,9999E,WA017,20,2024-11-25 00:00:00
232403-1-2-1181761,Order,2025-02-01 00:00:00,310724,WA002,"","",102,9999E,WA017,20,2024-11-25 00:00:00
232403-1-2-1181762,Order,2025-02-15 00:00:00,310724,WA002,"","",102,9999E,WA017,20,2024-11-25 00:00:00
232404-1-1-1181925,Order,2025-02-02 00:00:00,310724,WA002,"","",102,9999E,WA007,40,2024-12-03 00:00:00
232404-1-1-1181926,Order,2025-02-16 00:00:00,310724,WA002,"","",102,9999E,WA007,200,2024-12-03 00:00:00
232404-1-1-1181927,Order,2025-02-15 00:00:00,310724,WA002,"","",102,9999E,WA017,0.3396534518733557,2024-12-03 00:00:00
232404-1-1-1181927,Order,2025-02-16 00:00:00,310724,WA002,"","",102,9999E,WA017,199.66034654812665,2024-12-03 00:00:00
232404-1-1-1181981,Order,2025-02-01 00:00:00,310724,WA002,"","",102,9999E,WA017,0.3795699900208655,2024-12-04 00:00:00
232404-1-1-1181981,Order,2025-02-02 00:00:00,310724,WA002,"","",102,9999E,WA017,199.62043000997915,2024-12-04 00:00:00
232405-1-1-1181822,Order,2025-01-01 00:00:00,310724,WA002,"","",102,9999E,WA017,0.5591944116846593,2024-11-26 00:00:00
232405-1-1-1181822,Order,2025-01-16 00:00:00,310724,WA002,"","",102,9999E,WA017,319.44080558831536,2024-11-26 00:00:00
232405-1-1-1181823,Order,2025-01-01 00:00:00,310724,WA002,"","",102,9999E,WA007,0.09979134536877438,2024-11-26 00:00:00
232405-1-1-1181823,Order,2025-01-02 00:00:00,310724,WA002,"","",102,9999E,WA007,319.90020865463123,2024-11-26 00:00:00
232412-1-1-1181767,Order,2024-11-30 00:00:00,310726,WA002,"","",102,9999A,TX001,13.459856663340288,2024-11-25 00:00:00
232412-1-1-1181769,Order,2024-11-30 00:00:00,310726,WA002,"","",102,9999A,TX001,12,2024-11-25 00:00:00
232412-1-1-1181770,Order,2024-11-30 00:00:00,310726,WA002,"","",102,9999A,TX001,12,2024-11-25 00:00:00
232413-1-1-1181659,Order,2024-12-02 00:00:00,310002,WA001,"","",102,9999A,WA001,20,2024-11-22 00:00:00
232413-1-1-1181660,Order,2024-12-02 00:00:00,310002,WA001,"","",102,9999A,WA001,20,2024-11-22 00:00:00
232413-1-1-1181701,Order,2024-12-02 00:00:00,310002,WA001,"","",102,9999A,WA001,20,2024-11-22 00:00:00
232414-1-1-1181742,Order,2024-12-31 00:00:00,310726,WA003,"","",102,9999A,TX001,0.5000453597024404,2024-11-22 00:00:00
232414-1-1-1181742,Order,2025-01-01 00:00:00,310726,WA003,"","",102,9999A,TX001,20.50004535970244,2024-11-22 00:00:00
232414-1-2-102,Order,2025-04-01 00:00:00,310726,WA003,"","",102,9999A,TX001,20,2025-02-18 00:00:00
232414-1-2-103,Order,2025-04-01 00:00:00,310726,WA003,"","",102,9999A,TX001,0.6401161208382473,2025-03-07 00:00:00
232418-1-1-1181708,Order,2024-12-07 00:00:00,310015,WA001,"","",102,9999A,WA001,2.0001814388097614,2024-11-22 00:00:00
232420-1-1-1181719,Order,2025-01-01 00:00:00,310724,WA002,WA003,"",102,9999A,WA007,0.019958269073754874,2024-11-25 00:00:00
232420-1-1-1181719,Order,2025-01-02 00:00:00,310724,WA002,WA003,"",102,9999A,WA007,79.98004173092625,2024-11-25 00:00:00
232436-1-1-1182202,Order,2025-01-02 00:00:00,310724,WA003,WA002,"",102,9999E,WA007,40,2024-12-10 00:00:00
232436-1-2-1182199,Order,2025-02-02 00:00:00,310724,WA002,WA002,"",102,9999E,WA007,40,2024-12-10 00:00:00
232438-1-1-101,Order,2025-02-02 00:00:00,310015,WA001,"","",102,9999A,WA001,14.999909280595118,2025-01-16 00:00:00
232438-1-1-102,Order,2025-02-02 00:00:00,310015,WA001,"","",102,9999A,WA001,14.999909280595118,2025-01-16 00:00:00
232438-1-1-103,Order,2025-02-02 00:00:00,310015,WA001,"","",102,9999A,WA001,14.999909280595118,2025-01-16 00:00:00
232438-1-1-104,Order,2025-02-02 00:00:00,310015,WA001,"","",102,9999A,WA001,14.999909280595118,2025-01-16 00:00:00
232438-1-1-105,Order,2025-02-02 00:00:00,310015,WA001,"","",102,9999A,WA001,14.999909280595118,2025-01-16 00:00:00
232438-1-1-106,Order,2025-02-02 00:00:00,310015,WA001,"","",102,9999A,WA001,14.999909280595118,2025-01-16 00:00:00
232438-1-1-107,Order,2025-02-02 00:00:00,310015,WA001,"","",102,9999A,WA001,14.999909280595118,2025-01-16 00:00:00
232438-1-1-108,Order,2025-02-02 00:00:00,310015,WA001,"","",102,9999A,WA001,14.999909280595118,2025-01-16 00:00:00
232438-1-1-109,Order,2025-02-02 00:00:00,310015,WA001,"","",102,9999A,WA001,14.999909280595118,2025-01-16 00:00:00
232438-1-1-110,Order,2025-02-02 00:00:00,310015,WA001,"","",102,9999A,WA001,14.999909280595118,2025-01-16 00:00:00
232438-1-1-111,Order,2025-02-08 00:00:00,310015,WA001,"","",102,9999A,WA001,14.999909280595118,2025-02-07 00:00:00
232444-1-1-1181863,Order,2024-12-03 00:00:00,310724,WA002,"","",102,9999A,WA002,14.999909280595118,2024-12-02 00:00:00
232445-1-1-101,Order,2025-01-15 00:00:00,310724,WA002,"","",102,9999A,WA017,0.03991653814750975,2025-01-08 00:00:00
232445-1-1-101,Order,2025-01-16 00:00:00,310724,WA002,"","",102,9999A,WA017,17.959902023042726,2025-01-08 00:00:00
232445-1-1-102,Order,2025-01-16 00:00:00,310724,WA002,"","",102,9999A,WA017,18.00018143880976,2025-01-08 00:00:00
232445-1-1-103,Order,2025-02-02 00:00:00,310724,WA002,"","",102,9999A,WA007,18.00018143880976,2025-01-22 00:00:00
232445-1-1-104,Order,2025-02-02 00:00:00,310724,WA002,"","",102,9999A,WA007,18.00018143880976,2025-01-22 00:00:00
232445-1-1-105,Order,2025-02-19 00:00:00,310724,WA002,"","",102,9999A,WA007,18.00018143880976,2025-02-12 00:00:00
232445-1-1-106,Order,2025-02-19 00:00:00,310724,WA002,"","",102,9999A,WA007,18.00018143880976,2025-02-12 00:00:00
232445-1-1-107,Order,2025-02-19 00:00:00,310724,WA002,"","",102,9999A,WA007,18.00018143880976,2025-02-14 00:00:00
232445-1-1-108,Order,2025-02-19 00:00:00,310724,WA002,"","",102,9999A,WA007,18.00018143880976,2025-02-14 00:00:00
232445-1-1-109,Order,2025-01-01 00:00:00,310724,WA002,"","",102,9999A,WA007,0.05987480722126462,2025-02-14 00:00:00
232445-1-1-109,Order,2025-02-19 00:00:00,310724,WA002,"","",102,9999A,WA007,14.940034473373855,2025-02-14 00:00:00
232445-1-1-110,Order,2025-02-19 00:00:00,310724,WA002,"","",102,9999A,WA007,14.999909280595118,2025-02-14 00:00:00
232445-1-2-111,Order,2025-03-01 00:00:00,310724,WA002,"","",102,9999A,WA007,14.999909280595118,2025-02-21 00:00:00
232445-1-2-112,Order,2025-03-01 00:00:00,310724,WA002,"","",102,9999A,WA007,14.999909280595118,2025-02-21 00:00:00
232445-1-2-113,Order,2025-03-01 00:00:00,310724,WA002,"","",102,9999A,WA007,14.999909280595118,2025-02-21 00:00:00
232445-1-2-114,Order,2025-03-01 00:00:00,310724,WA002,"","",102,9999A,WA007,14.999909280595118,2025-02-21 00:00:00
232445-1-2-115,Order,2025-02-28 00:00:00,310724,WA002,"","",102,9999A,WA007,0.019958269073754874,2025-02-21 00:00:00
232445-1-2-115,Order,2025-03-01 00:00:00,310724,WA002,"","",102,9999A,WA007,14.979951011521363,2025-02-21 00:00:00
232445-1-2-116,Order,2025-03-01 00:00:00,310724,WA002,"","",102,9999A,WA007,14.999909280595118,2025-02-21 00:00:00
232445-1-2-117,Order,2025-03-01 00:00:00,310724,WA002,"","",102,9999A,WA007,14.999909280595118,2025-02-21 00:00:00
232445-1-2-118,Order,2025-03-01 00:00:00,310724,WA002,"","",102,9999A,WA007,14.999909280595118,2025-02-21 00:00:00
232445-1-2-119,Order,2025-02-28 00:00:00,310724,WA002,"","",102,9999A,WA007,1.0599655266261454,2025-02-21 00:00:00
232445-1-2-119,Order,2025-03-01 00:00:00,310724,WA002,"","",102,9999A,WA007,13.939943753968974,2025-02-21 00:00:00
232445-1-2-120,Order,2025-03-01 00:00:00,310724,WA002,"","",102,9999A,WA007,14.999909280595118,2025-02-21 00:00:00
232448-1-1-101,Order,2024-12-22 00:00:00,310018,WA001,"","",102,9999A,WA001,12,2024-12-20 00:00:00
232450-1-1-1181965,Order,2025-01-01 00:00:00,310015,WA001,"","",102,9999A,WA001,14.999909280595118,2024-12-03 00:00:00
232450-1-1-1181966,Order,2025-01-01 00:00:00,310015,WA001,"","",102,9999A,WA001,14.999909280595118,2024-12-03 00:00:00
232450-1-1-1181967,Order,2025-01-01 00:00:00,310015,WA001,"","",102,9999A,WA001,14.999909280595118,2024-12-03 00:00:00
232450-1-1-1181968,Order,2025-01-01 00:00:00,310015,WA001,"","",102,9999A,WA001,14.999909280595118,2024-12-03 00:00:00
232450-1-1-1181969,Order,2024-12-31 00:00:00,310015,WA001,"","",102,9999A,WA001,0.019958269073754874,2024-12-03 00:00:00
232450-1-1-1181969,Order,2025-01-01 00:00:00,310015,WA001,"","",102,9999A,WA001,14.979951011521363,2024-12-03 00:00:00
232450-1-1-1181970,Order,2025-01-01 00:00:00,310015,WA001,"","",102,9999A,WA001,14.999909280595118,2024-12-03 00:00:00
232450-1-1-1181971,Order,2025-01-01 00:00:00,310015,WA001,"","",102,9999A,WA001,14.999909280595118,2024-12-03 00:00:00
232450-1-1-1181972,Order,2025-01-01 00:00:00,310015,WA001,"","",102,9999A,WA001,14.999909280595118,2024-12-03 00:00:00
232450-1-1-1181973,Order,2025-01-01 00:00:00,310015,WA001,"","",102,9999A,WA001,14.999909280595118,2024-12-03 00:00:00
232450-1-1-1181974,Order,2025-01-01 00:00:00,310015,WA001,"","",102,9999A,WA001,14.999909280595118,2024-12-03 00:00:00
232457-1-1-102,Order,2025-03-15 00:00:00,310726,WA003,"","",102,9999A,WA007,0.019958269073754874,2025-01-30 00:00:00
232457-1-1-102,Order,2025-03-16 00:00:00,310726,WA003,"","",102,9999A,WA007,39.980041730926246,2025-01-30 00:00:00
232457-1-1-1182403,Order,2025-03-01 00:00:00,310726,WA003,WA002,"",102,9999A,WA007,40.07983307629502,2024-12-12 00:00:00
232457-1-1-1182403,Order,2025-03-02 00:00:00,310726,WA003,WA002,"",102,9999A,WA007,39.920166923704976,2024-12-12 00:00:00
232482-1-1-101,Order,2025-03-31 00:00:00,310018,WA001,"","",102,9999A,WA001,14.999909280595118,2025-03-10 00:00:00
232483-1-1-101,Order,2025-03-14 00:00:00,310774,WA001,"","",102,9999A,WA001,19,2025-02-04 00:00:00
232483-1-1-102,Order,2025-03-21 00:00:00,310774,WA001,"","",102,9999A,WA001,19,2025-02-04 00:00:00
232483-1-1-103,Order,2025-04-01 00:00:00,310774,WA001,"","",102,9999A,WA001,19,2025-02-04 00:00:00
232483-1-2-104,Order,2025-05-01 00:00:00,310774,WA001,"","",102,9999A,WA001,19,2025-02-04 00:00:00
232483-1-2-105,Order,2025-05-01 00:00:00,310774,WA001,"","",102,9999A,WA001,19,2025-02-04 00:00:00
232483-1-3-106,Order,2025-05-05 00:00:00,310774,WA001,"","",102,9999A,WA001,19,2025-02-04 00:00:00
232483-1-3-107,Order,2025-05-14 00:00:00,310774,WA001,"","",102,9999A,WA001,19,2025-02-04 00:00:00
232483-1-3-108,Order,2025-05-14 00:00:00,310774,WA001,"","",102,9999A,WA001,19,2025-02-04 00:00:00
232483-1-3-109,Order,2025-05-20 00:00:00,310774,WA001,"","",102,9999A,WA001,19,2025-02-04 00:00:00
232483-1-3-110,Order,2025-06-02 00:00:00,310774,WA001,"","",102,9999A,WA001,19,2025-02-04 00:00:00
232483-1-3-111,Order,2025-06-06 00:00:00,310774,WA001,"","",102,9999A,WA001,19,2025-02-04 00:00:00
232483-1-4-112,Order,2025-06-06 00:00:00,310774,WA001,"","",102,9999A,WA001,19,2025-02-04 00:00:00
232483-1-4-113,Order,2025-06-09 00:00:00,310774,WA001,"","",102,9999A,WA001,19,2025-02-04 00:00:00
232483-1-4-114,Order,2025-06-11 00:00:00,310774,WA001,"","",102,9999A,WA001,19,2025-02-04 00:00:00
232483-1-4-115,Order,2025-06-10 00:00:00,310774,WA001,"","",102,9999A,WA001,19,2025-02-04 00:00:00
232483-1-4-116,Order,2025-06-23 00:00:00,310774,WA001,"","",102,9999A,WA001,19,2025-02-04 00:00:00
232483-1-4-117,Order,2025-06-25 00:00:00,310774,WA001,"","",102,9999A,WA001,19,2025-02-04 00:00:00
232483-1-4-118,Order,2025-06-30 00:00:00,310774,WA001,"","",102,9999A,WA001,19,2025-02-04 00:00:00
232483-1-5-119,Order,2025-07-09 00:00:00,310774,WA001,"","",102,9999A,WA001,19,2025-02-04 00:00:00
232483-1-5-120,Order,2025-07-14 00:00:00,310774,WA001,"","",102,9999A,WA001,19,2025-02-04 00:00:00
232483-1-5-121,Order,2025-07-21 00:00:00,310774,WA001,"","",102,9999A,WA001,19,2025-02-04 00:00:00
232483-1-5-122,Order,2025-07-23 00:00:00,310774,WA001,"","",102,9999A,WA001,19,2025-02-04 00:00:00
232483-1-5-123,Order,2025-07-28 00:00:00,310774,WA001,"","",102,9999A,WA001,19,2025-02-04 00:00:00
232483-1-6-124,Order,2025-08-04 00:00:00,310774,WA001,"","",102,9999A,WA001,19,2025-02-04 00:00:00
232483-1-6-125,Order,2025-08-05 00:00:00,310774,WA001,"","",102,9999A,WA001,19,2025-02-04 00:00:00
232485-1-1-101,Order,2025-05-23 00:00:00,310015,WA001,"","",102,9999A,WA001,4,2025-04-17 00:00:00
232487-1-1-103,Order,2025-02-11 00:00:00,310002,WA001,"","",102,9999A,WA001,14.999909280595118,2025-01-14 00:00:00
232487-1-1-104,Order,2025-03-11 00:00:00,310002,WA001,"","",102,9999A,WA001,14.999909280595118,2025-01-14 00:00:00
232487-1-1-105,Order,2025-03-24 00:00:00,310002,WA001,"","",102,9999A,WA001,14.999909280595118,2025-01-14 00:00:00
232487-1-1-1182537,Order,2025-01-08 00:00:00,310002,WA001,"","",102,9999A,WA001,14.999909280595118,2024-12-17 00:00:00
232487-1-1-1182538,Order,2025-01-13 00:00:00,310002,WA001,"","",102,9999A,WA001,14.999909280595118,2024-12-17 00:00:00
232487-1-2-106,Order,2025-03-25 00:00:00,310002,WA001,"","",102,9999A,WA001,14.999909280595118,2025-01-14 00:00:00
232487-1-2-107,Order,2025-05-13 00:00:00,310002,WA001,"","",102,9999A,WA001,14.999909280595118,2025-04-07 00:00:00
232487-1-2-108,Order,2025-06-04 00:00:00,310002,WA001,"","",102,9999A,WA001,14.999909280595118,2025-04-07 00:00:00
232487-1-2-109,Order,2025-06-09 00:00:00,310002,WA001,"","",102,9999A,WA001,14.999909280595118,2025-04-07 00:00:00
232487-1-2-110,Order,2025-06-09 00:00:00,310002,WA001,"","",102,9999A,WA001,14.999909280595118,2025-04-07 00:00:00
232487-1-3-111,Order,2025-07-07 00:00:00,310002,WA001,"","",102,9999A,WA001,14.999909280595118,2025-06-02 00:00:00
232496-1-1-101,Order,2025-01-15 00:00:00,310724,WA002,"","",102,9999A,WA017,0.7199491971332668,2025-01-09 00:00:00
232496-1-1-101,Order,2025-01-16 00:00:00,310724,WA002,"","",102,9999A,WA017,17.27986936405697,2025-01-09 00:00:00
232496-1-1-102,Order,2025-01-16 00:00:00,310724,WA002,"","",102,9999A,WA017,18.00018143880976,2025-01-09 00:00:00
232496-1-1-103,Order,2025-01-16 00:00:00,310724,WA002,"","",102,9999A,WA017,18.00018143880976,2025-01-09 00:00:00
232496-1-1-104,Order,2025-01-16 00:00:00,310724,WA002,"","",102,9999A,WA017,18.00018143880976,2025-01-09 00:00:00
232496-1-1-105,Order,2025-01-16 00:00:00,310724,WA002,"","",102,9999A,WA017,14.999909280595118,2025-01-09 00:00:00
232496-1-1-106,Order,2025-01-16 00:00:00,310724,WA002,"","",102,9999A,WA017,14.999909280595118,2025-01-09 00:00:00
232496-1-1-107,Order,2025-01-16 00:00:00,310724,WA002,"","",102,9999A,WA017,14.999909280595118,2025-01-09 00:00:00
232496-1-1-108,Order,2025-01-15 00:00:00,310724,WA002,"","",102,9999A,WA017,0.03991653814750975,2025-01-09 00:00:00
232496-1-1-108,Order,2025-01-16 00:00:00,310724,WA002,"","",102,9999A,WA017,14.959992742447609,2025-01-09 00:00:00
232496-1-1-109,Order,2025-01-16 00:00:00,310724,WA002,"","",102,9999A,WA017,14.999909280595118,2025-01-09 00:00:00
232496-1-1-110,Order,2025-01-16 00:00:00,310724,WA002,"","",102,9999A,WA017,14.999909280595118,2025-01-09 00:00:00
232496-1-1-111,Order,2025-01-16 00:00:00,310724,WA002,"","",102,9999A,WA017,14.999909280595118,2025-01-09 00:00:00
232496-1-1-112,Order,2025-01-16 00:00:00,310724,WA002,"","",102,9999A,WA017,14.999909280595118,2025-01-09 00:00:00
232496-1-2-113,Order,2025-02-02 00:00:00,310724,WA002,"","",102,9999A,WA017,12,2025-01-09 00:00:00
232496-1-2-114,Order,2025-02-02 00:00:00,310724,WA002,"","",102,9999A,WA017,14.999909280595118,2025-01-09 00:00:00
232496-1-2-115,Order,2025-02-02 00:00:00,310724,WA002,"","",102,9999A,WA017,14.999909280595118,2025-01-09 00:00:00
232496-1-2-116,Order,2025-02-01 00:00:00,310724,WA002,"","",102,9999A,WA017,0.05987480722126462,2025-01-09 00:00:00
232496-1-2-116,Order,2025-02-02 00:00:00,310724,WA002,"","",102,9999A,WA017,14.940034473373855,2025-01-09 00:00:00
232496-1-2-117,Order,2025-02-01 00:00:00,310724,WA002,"","",102,9999A,WA017,0.019958269073754874,2025-01-09 00:00:00
232496-1-2-117,Order,2025-02-02 00:00:00,310724,WA002,"","",102,9999A,WA017,14.979951011521363,2025-01-09 00:00:00
232496-1-2-118,Order,2025-02-01 00:00:00,310724,WA002,"","",102,9999A,WA017,0.019958269073754874,2025-01-09 00:00:00
232496-1-2-118,Order,2025-02-02 00:00:00,310724,WA002,"","",102,9999A,WA017,17.97986029211648,2025-01-09 00:00:00
232496-1-2-119,Order,2025-02-01 00:00:00,310724,WA002,"","",102,9999A,WA017,0.019958269073754874,2025-01-09 00:00:00
232496-1-2-119,Order,2025-02-02 00:00:00,310724,WA002,"","",102,9999A,WA017,17.97986029211648,2025-01-09 00:00:00
232496-1-2-120,Order,2025-02-02 00:00:00,310724,WA002,"","",102,9999A,WA017,18.00018143880976,2025-01-09 00:00:00
232496-1-2-121,Order,2025-02-01 00:00:00,310724,WA002,"","",102,9999A,WA017,0.03991653814750975,2025-01-09 00:00:00
232496-1-2-121,Order,2025-02-02 00:00:00,310724,WA002,"","",102,9999A,WA017,17.959902023042726,2025-01-09 00:00:00
232496-1-2-122,Order,2025-02-02 00:00:00,310724,WA002,"","",102,9999A,WA017,12,2025-01-09 00:00:00
232501-1-1-101,Order,2025-01-16 00:00:00,310015,ID002,WA001,"",102,9999E,ID010,14.999909280595118,2025-01-02 00:00:00
232501-1-1-102,Order,2025-01-16 00:00:00,310015,ID002,WA001,"",102,9999E,ID010,14.999909280595118,2025-01-02 00:00:00
232501-1-1-103,Order,2025-01-16 00:00:00,310015,ID002,WA001,"",102,9999E,ID010,14.999909280595118,2025-01-02 00:00:00
232501-1-1-104,Order,2025-01-16 00:00:00,310015,ID002,WA001,"",102,9999E,ID010,14.999909280595118,2025-01-02 00:00:00
232501-1-2-105,Order,2025-02-02 00:00:00,310015,ID002,WA001,"",102,9999E,ID010,14.999909280595118,2025-01-03 00:00:00
232501-1-2-106,Order,2025-02-02 00:00:00,310015,ID002,WA001,"",102,9999E,ID010,14.999909280595118,2025-01-03 00:00:00
232501-1-2-107,Order,2025-02-02 00:00:00,310015,ID002,WA001,"",102,9999E,ID010,14.999909280595118,2025-01-03 00:00:00
232501-1-2-108,Order,2025-02-02 00:00:00,310015,ID002,WA001,"",102,9999E,ID010,14.999909280595118,2025-01-03 00:00:00
232501-1-3-109,Order,2025-03-02 00:00:00,310015,ID002,WA001,"",102,9999E,ID010,14.999909280595118,2025-01-03 00:00:00
232501-1-3-110,Order,2025-03-02 00:00:00,310015,ID002,WA001,"",102,9999E,ID010,14.999909280595118,2025-01-03 00:00:00
232501-1-3-111,Order,2025-03-02 00:00:00,310015,ID002,WA001,"",102,9999E,ID010,14.999909280595118,2025-01-03 00:00:00
232501-1-3-112,Order,2025-03-01 00:00:00,310015,ID002,WA001,"",102,9999E,ID010,0.019958269073754874,2025-01-03 00:00:00
232501-1-3-112,Order,2025-03-02 00:00:00,310015,ID002,WA001,"",102,9999E,ID010,14.979951011521363,2025-01-03 00:00:00
232501-1-4-113,Order,2025-04-01 00:00:00,310015,ID002,WA001,"",102,9999E,ID010,0.019958269073754874,2025-03-20 00:00:00
232501-1-4-113,Order,2025-04-02 00:00:00,310015,ID002,WA001,"",102,9999E,ID010,14.979951011521363,2025-03-20 00:00:00
232501-1-4-114,Order,2025-04-02 00:00:00,310015,ID002,WA001,"",102,9999E,ID010,14.999909280595118,2025-03-20 00:00:00
232501-1-4-115,Order,2025-04-02 00:00:00,310015,ID002,WA001,"",102,9999E,ID010,14.999909280595118,2025-03-20 00:00:00
232501-1-4-116,Order,2025-04-02 00:00:00,310015,ID002,WA001,"",102,9999E,ID010,14.999909280595118,2025-03-20 00:00:00
232501-1-5-117,Order,2025-04-30 00:00:00,310015,ID002,WA001,"",102,9999E,ID010,17.99981856119024,2025-03-20 00:00:00
232501-1-5-118,Order,2025-04-30 00:00:00,310015,ID002,WA001,"",102,9999E,ID010,18.00018143880976,2025-03-20 00:00:00
232501-1-5-119,Order,2025-04-30 00:00:00,310015,ID002,WA001,"",102,9999E,ID010,14.999909280595118,2025-03-20 00:00:00
232501-1-5-120,Order,2025-04-30 00:00:00,310015,ID002,WA001,"",102,9999E,ID010,14.999909280595118,2025-03-20 00:00:00
232501-1-6-121,Order,2025-05-31 00:00:00,310015,ID002,WA001,"",102,9999E,ID010,14.999909280595118,2025-03-20 00:00:00
232501-1-6-122,Order,2025-05-31 00:00:00,310015,ID002,WA001,"",102,9999E,ID010,14.999909280595118,2025-03-20 00:00:00
232501-1-6-123,Order,2025-05-31 00:00:00,310015,ID002,WA001,"",102,9999E,ID010,14.999909280595118,2025-03-20 00:00:00
232501-1-6-124,Order,2025-05-31 00:00:00,310015,ID002,WA001,"",102,9999E,ID010,14.999909280595118,2025-03-20 00:00:00
232503-1-1-1182022,Order,2025-01-01 00:00:00,310015,WA001,"","",102,9999A,WA001,14.999909280595118,2024-12-05 00:00:00
232503-1-1-1182023,Order,2025-01-01 00:00:00,310015,WA001,"","",102,9999A,WA001,14.999909280595118,2024-12-05 00:00:00
232503-1-1-1182024,Order,2025-01-01 00:00:00,310015,WA001,"","",102,9999A,WA001,14.999909280595118,2024-12-05 00:00:00
232503-1-1-1182025,Order,2025-01-01 00:00:00,310015,WA001,"","",102,9999A,WA001,14.999909280595118,2024-12-05 00:00:00
232503-1-1-1182026,Order,2025-01-01 00:00:00,310015,WA001,"","",102,9999A,WA001,14.999909280595118,2024-12-05 00:00:00
232503-1-1-1182027,Order,2025-01-01 00:00:00,310015,WA001,"","",102,9999A,WA001,14.999909280595118,2024-12-05 00:00:00
232503-1-1-1182028,Order,2025-01-01 00:00:00,310015,WA001,"","",102,9999A,WA001,14.999909280595118,2024-12-05 00:00:00
232503-1-1-1182029,Order,2025-01-01 00:00:00,310015,WA001,"","",102,9999A,WA001,14.999909280595118,2024-12-05 00:00:00
232503-1-1-1182030,Order,2025-01-01 00:00:00,310015,WA001,"","",102,9999A,WA001,14.999909280595118,2024-12-05 00:00:00
232503-1-1-1182031,Order,2025-01-01 00:00:00,310015,WA001,"","",102,9999A,WA001,14.999909280595118,2024-12-05 00:00:00
232505-1-1-1182158,Order,2025-01-02 00:00:00,310015,WA001,"","",102,9999A,WA001,14.999909280595118,2024-12-09 00:00:00
232505-1-1-1182159,Order,2025-01-02 00:00:00,310015,WA001,"","",102,9999A,WA001,14.999909280595118,2024-12-09 00:00:00
232505-1-1-1182160,Order,2025-01-02 00:00:00,310015,WA001,"","",102,9999A,WA001,14.999909280595118,2024-12-09 00:00:00
232505-1-2-1182194,Order,2025-02-02 00:00:00,310015,WA001,"","",102,9999A,WA001,14.999909280595118,2024-12-09 00:00:00
232505-1-2-1182195,Order,2025-02-02 00:00:00,310015,WA001,"","",102,9999A,WA001,14.999909280595118,2024-12-09 00:00:00
232506-1-1-1182243,Order,2025-02-02 00:00:00,310015,WA001,"","",102,9999A,WA001,14.999909280595118,2024-12-10 00:00:00
232506-1-1-1182244,Order,2025-02-02 00:00:00,310015,WA001,"","",102,9999A,WA001,14.999909280595118,2024-12-10 00:00:00
232506-1-2-1182245,Order,2025-03-02 00:00:00,310015,WA001,"","",102,9999A,WA001,14.999909280595118,2024-12-10 00:00:00
232506-1-2-1182246,Order,2025-03-02 00:00:00,310015,WA001,"","",102,9999A,WA001,14.999909280595118,2024-12-10 00:00:00
232506-1-2-1182247,Order,2025-03-02 00:00:00,310015,WA001,"","",102,9999A,WA001,14.999909280595118,2024-12-10 00:00:00
232507-1-1-1182041,Order,2024-12-15 00:00:00,310015,WA001,"","",102,9999A,WA001,1.0000907194048807,2024-12-05 00:00:00
232507-1-1-1182041,Order,2024-12-16 00:00:00,310015,WA001,"","",102,9999A,WA001,14.999909280595118,2024-12-05 00:00:00
232507-1-1-1182042,Order,2024-12-15 00:00:00,310015,WA001,"","",102,9999A,WA001,1.0000907194048807,2024-12-05 00:00:00
232507-1-1-1182042,Order,2024-12-16 00:00:00,310015,WA001,"","",102,9999A,WA001,14.999909280595118,2024-12-05 00:00:00
232507-1-1-1182043,Order,2024-12-15 00:00:00,310015,WA001,"","",102,9999A,WA001,1.0000907194048807,2024-12-05 00:00:00
232507-1-1-1182043,Order,2024-12-16 00:00:00,310015,WA001,"","",102,9999A,WA001,14.999909280595118,2024-12-05 00:00:00
232507-1-1-1182044,Order,2024-12-15 00:00:00,310015,WA001,"","",102,9999A,WA001,1.0000907194048807,2024-12-05 00:00:00
232507-1-1-1182044,Order,2024-12-16 00:00:00,310015,WA001,"","",102,9999A,WA001,14.999909280595118,2024-12-05 00:00:00
232507-1-1-1182045,Order,2024-12-15 00:00:00,310015,WA001,"","",102,9999A,WA001,1.0000907194048807,2024-12-05 00:00:00
232507-1-1-1182045,Order,2024-12-16 00:00:00,310015,WA001,"","",102,9999A,WA001,14.999909280595118,2024-12-05 00:00:00
232507-1-1-1182046,Order,2024-12-15 00:00:00,310015,WA001,"","",102,9999A,WA001,1.0000907194048807,2024-12-05 00:00:00
232507-1-1-1182046,Order,2024-12-16 00:00:00,310015,WA001,"","",102,9999A,WA001,14.999909280595118,2024-12-05 00:00:00
232507-1-1-1182047,Order,2024-12-15 00:00:00,310015,WA001,"","",102,9999A,WA001,1.0000907194048807,2024-12-05 00:00:00
232507-1-1-1182047,Order,2024-12-16 00:00:00,310015,WA001,"","",102,9999A,WA001,14.999909280595118,2024-12-05 00:00:00
232507-1-1-1182048,Order,2024-12-15 00:00:00,310015,WA001,"","",102,9999A,WA001,1.0000907194048807,2024-12-05 00:00:00
232507-1-1-1182048,Order,2024-12-16 00:00:00,310015,WA001,"","",102,9999A,WA001,14.999909280595118,2024-12-05 00:00:00
232507-1-1-1182049,Order,2024-12-15 00:00:00,310015,WA001,"","",102,9999A,WA001,1.0000907194048807,2024-12-05 00:00:00
232507-1-1-1182049,Order,2024-12-16 00:00:00,310015,WA001,"","",102,9999A,WA001,14.999909280595118,2024-12-05 00:00:00
232507-1-1-1182050,Order,2024-12-15 00:00:00,310015,WA001,"","",102,9999A,WA001,1.0000907194048807,2024-12-05 00:00:00
232507-1-1-1182050,Order,2024-12-16 00:00:00,310015,WA001,"","",102,9999A,WA001,14.999909280595118,2024-12-05 00:00:00
232507-1-1-1182051,Order,2024-12-15 00:00:00,310015,WA001,"","",102,9999A,WA001,1.0000907194048807,2024-12-05 00:00:00
232507-1-1-1182051,Order,2024-12-16 00:00:00,310015,WA001,"","",102,9999A,WA001,14.999909280595118,2024-12-05 00:00:00
232507-1-1-1182052,Order,2024-12-15 00:00:00,310015,WA001,"","",102,9999A,WA001,1.0000907194048807,2024-12-05 00:00:00
232507-1-1-1182052,Order,2024-12-16 00:00:00,310015,WA001,"","",102,9999A,WA001,14.999909280595118,2024-12-05 00:00:00
232508-1-1-107,Order,2025-05-15 00:00:00,310015,WA001,"","",102,9999A,WA001,14.999909280595118,2025-05-15 00:00:00
232508-1-1-1182053,Order,2024-12-16 00:00:00,310015,WA001,"","",102,9999A,WA001,14.999909280595118,2024-12-05 00:00:00
232508-1-1-1182054,Order,2024-12-16 00:00:00,310015,WA001,"","",102,9999A,WA001,14.999909280595118,2024-12-05 00:00:00
232508-1-1-1182055,Order,2024-12-16 00:00:00,310015,WA001,"","",102,9999A,WA001,14.999909280595118,2024-12-05 00:00:00
232508-1-1-1182056,Order,2024-12-16 00:00:00,310015,WA001,"","",102,9999A,WA001,14.999909280595118,2024-12-05 00:00:00
232508-1-1-1182057,Order,2024-12-16 00:00:00,310015,WA001,"","",102,9999A,WA001,14.999909280595118,2024-12-05 00:00:00
232508-1-1-1182058,Order,2024-12-16 00:00:00,310015,WA001,"","",102,9999A,WA001,14.999909280595118,2024-12-05 00:00:00
232513-1-10-1182406,Order,2025-01-15 00:00:00,310768,ID002,"","",102,9999A,ID010,20,2024-12-12 00:00:00
232513-1-11-103,Order,2025-02-04 00:00:00,310768,ID002,"","",102,9999A,ID010,20,2025-01-13 00:00:00
232513-1-11-105,Order,2025-02-22 00:00:00,310768,ID002,"","",101,9999A,ID010,19,2025-02-19 00:00:00
232513-1-11-106,Order,2025-03-10 00:00:00,310768,ID002,"","",102,9999A,ID010,19,2025-02-24 00:00:00
232513-1-1-1182376,Order,2025-01-15 00:00:00,310768,ID002,"","",102,9999A,ID010,20,2024-12-12 00:00:00
232513-1-12-104,Order,2025-03-30 00:00:00,310768,ID002,"","",101,9999A,ID010,20,2025-02-04 00:00:00
232513-1-13-108,Order,2025-04-19 00:00:00,310768,ID002,"","",101,9999A,ID010,20,2025-03-06 00:00:00
232513-1-2-107,Order,2025-03-10 00:00:00,310768,ID002,"","",102,9999A,ID010,19,2025-02-24 00:00:00
232513-1-2-109,Order,2025-03-18 00:00:00,310768,ID002,"","",101,9999A,ID010,8,2025-03-14 00:00:00
232513-1-3-112,Order,2025-05-19 00:00:00,310768,ID002,"","",101,3200A,ID002,20,2025-04-21 00:00:00
232513-1-3-115,Order,2025-08-10 00:00:00,310768,ID002,"","",101,3200A,ID002,20,2025-06-09 00:00:00
232513-1-4-110,Order,2025-05-08 00:00:00,310768,ID002,"","",101,3200A,ID002,19,2025-03-14 00:00:00
232513-1-4-111,Order,2025-05-16 00:00:00,310768,ID002,"","",101,3200A,ID010,11,2025-03-14 00:00:00
232513-1-4-111,Order,2025-05-16 00:00:00,310768,ID002,"","",101,9999A,ID010,8,2025-03-14 00:00:00
232513-1-5-113,Order,2025-06-03 00:00:00,310768,ID002,"","",101,3200A,ID010,20,2025-04-23 00:00:00
232513-1-5-114,Order,2025-06-03 00:00:00,310768,ID002,"","",101,9999A,ID010,20,2025-04-23 00:00:00
232513-1-9-116,Order,2025-08-10 00:00:00,310768,ID002,"","",101,3200A,ID002,20,2025-06-09 00:00:00
232514-1-1-1182079,Order,2024-12-18 00:00:00,310015,WA001,"","",102,9999A,WA001,14.999909280595118,2024-12-04 00:00:00
232517-1-1-1182115,Order,2025-02-01 00:00:00,310724,WA002,"","",102,9999A,WA007,14.999909280595118,2024-12-07 00:00:00
232517-1-1-1182116,Order,2025-01-31 00:00:00,310724,WA002,"","",102,9999A,WA007,0.03991653814750975,2024-12-07 00:00:00
232517-1-1-1182116,Order,2025-02-01 00:00:00,310724,WA002,"","",102,9999A,WA007,14.959992742447609,2024-12-07 00:00:00
232517-1-1-1182117,Order,2025-02-01 00:00:00,310724,WA002,"","",102,9999A,WA007,14.999909280595118,2024-12-07 00:00:00
232517-1-1-1182118,Order,2025-01-31 00:00:00,310724,WA002,"","",102,9999A,WA007,0.5399618978499501,2024-12-07 00:00:00
232517-1-1-1182118,Order,2025-02-01 00:00:00,310724,WA002,"","",102,9999A,WA007,14.45994738274517,2024-12-07 00:00:00
232517-1-1-1182119,Order,2025-02-01 00:00:00,310724,WA002,"","",102,9999A,WA007,14.999909280595118,2024-12-07 00:00:00
232517-1-1-1182120,Order,2025-02-01 00:00:00,310724,WA002,"","",102,9999A,WA007,14.999909280595118,2024-12-07 00:00:00
232517-1-1-1182141,Order,2025-02-01 00:00:00,310724,WA002,"","",102,9999A,WA007,14.999909280595118,2024-12-07 00:00:00
232517-1-1-1182142,Order,2025-02-01 00:00:00,310724,WA002,"","",102,9999A,WA007,14.999909280595118,2024-12-07 00:00:00
232517-1-1-1182143,Order,2025-02-01 00:00:00,310724,WA002,"","",102,9999A,WA007,14.999909280595118,2024-12-07 00:00:00
232517-1-1-1182144,Order,2025-02-01 00:00:00,310724,WA002,"","",102,9999A,WA007,14.999909280595118,2024-12-07 00:00:00
232535-1-1-1182576,Order,2024-12-23 00:00:00,310015,WA001,"","",102,9999A,WA001,14.999909280595118,2024-12-17 00:00:00
232552-1-1-1182309,Order,2025-02-07 00:00:00,310015,ID002,"","",101,9999E,ID002,0.03991653814750975,2024-12-12 00:00:00
232552-1-1-1182309,Order,2025-02-08 00:00:00,310015,ID002,"","",101,9999E,ID002,14.959992742447609,2024-12-12 00:00:00
232552-1-1-1182310,Order,2025-02-08 00:00:00,310015,ID002,"","",101,9999E,ID002,14.999909280595118,2024-12-12 00:00:00
232552-1-1-1182311,Order,2025-02-08 00:00:00,310015,ID002,"","",101,9999E,ID002,14.999909280595118,2024-12-12 00:00:00
232552-1-1-1182312,Order,2025-02-08 00:00:00,310015,ID002,"","",101,9999E,ID002,14.999909280595118,2024-12-12 00:00:00
232552-1-1-1182313,Order,2025-02-08 00:00:00,310015,ID002,"","",101,9999E,ID002,14.999909280595118,2024-12-12 00:00:00
232552-1-1-1182314,Order,2025-02-07 00:00:00,310015,ID002,"","",101,9999E,ID002,0.019958269073754874,2024-12-12 00:00:00
232552-1-1-1182314,Order,2025-02-08 00:00:00,310015,ID002,"","",101,9999E,ID002,14.979951011521363,2024-12-12 00:00:00
232552-1-1-1182315,Order,2025-02-08 00:00:00,310015,ID002,"","",101,9999E,ID002,14.999909280595118,2024-12-12 00:00:00
232552-1-1-1182316,Order,2025-02-07 00:00:00,310015,ID002,"","",101,9999E,ID002,0.019958269073754874,2024-12-12 00:00:00
232552-1-1-1182316,Order,2025-02-08 00:00:00,310015,ID002,"","",101,9999E,ID002,14.979951011521363,2024-12-12 00:00:00
232552-1-1-1182317,Order,2025-02-08 00:00:00,310015,ID002,"","",101,9999E,ID002,14.999909280595118,2024-12-12 00:00:00
232552-1-1-1182318,Order,2025-02-08 00:00:00,310015,ID002,"","",101,9999E,ID002,14.999909280595118,2024-12-12 00:00:00
232566-1-1-105,Order,2025-03-18 00:00:00,310002,WA001,"","",102,9999A,WA001,14.999909280595118,2025-02-18 00:00:00
232566-1-1-106,Order,2025-04-01 00:00:00,310002,WA001,"","",102,9999A,WA001,14.999909280595118,2025-03-05 00:00:00
232566-1-1-1182299,Order,2025-03-04 00:00:00,310002,WA001,"","",102,9999A,WA001,14.999909280595118,2024-12-11 00:00:00
232566-1-1-1182300,Order,2025-03-03 00:00:00,310002,WA001,"","",102,9999A,WA001,0.4601288215549306,2024-12-11 00:00:00
232566-1-1-1182300,Order,2025-03-04 00:00:00,310002,WA001,"","",102,9999A,WA001,14.540143336659712,2024-12-11 00:00:00
232566-1-1-1182301,Order,2025-03-03 00:00:00,310002,WA001,"","",102,9999A,WA001,0.03991653814750975,2024-12-11 00:00:00
232566-1-1-1182301,Order,2025-03-04 00:00:00,310002,WA001,"","",102,9999A,WA001,14.959992742447609,2024-12-11 00:00:00
232566-1-2-104,Order,2025-02-15 00:00:00,310002,WA001,"","",102,9999A,WA001,4,2025-02-05 00:00:00
232566-1-2-104,Order,2025-02-14 00:00:00,310018,WA001,"","",102,9999A,WA001,4,2025-02-05 00:00:00
232566-1-2-104,Order,2025-02-15 00:00:00,310018,WA001,"","",102,9999A,WA001,4,2025-02-05 00:00:00
232569-1-1-101,Order,2025-01-01 00:00:00,310726,WA003,WA002,"",102,9999E,WA007,0.0798330762950195,2024-12-31 00:00:00
232569-1-1-101,Order,2025-01-02 00:00:00,310726,WA003,WA002,"",102,9999E,WA007,39.920166923704976,2024-12-31 00:00:00
232569-1-1-102,Order,2025-01-02 00:00:00,310726,WA003,WA002,"",102,9999E,WA007,40,2024-12-31 00:00:00
232570-1-1-101,Order,2025-01-02 00:00:00,310724,WA002,"","",102,9999A,WA007,12,2024-12-21 00:00:00
232573-1-1-101,Order,2025-02-02 00:00:00,310724,WA002,"","",102,9999A,WA007,16,2024-12-21 00:00:00
232575-1-1-101,Order,2025-01-21 00:00:00,310015,WA001,"","",102,9999E,WA001,10.999909280595118,2024-12-24 00:00:00
232575-1-1-101,Order,2025-01-21 00:00:00,310018,WA001,"","",102,9999A,WA001,4,2024-12-24 00:00:00
232575-1-2-102,Order,2025-02-22 00:00:00,310015,WA001,"","",102,9999E,WA001,10.999909280595118,2025-02-18 00:00:00
232575-1-2-102,Order,2025-02-22 00:00:00,310018,WA001,"","",102,9999A,WA001,4,2025-02-18 00:00:00
232575-1-3-103,Order,2025-03-04 00:00:00,310015,WA001,"","",102,9999E,WA001,14.999909280595118,2025-02-18 00:00:00
232575-1-3-104,Order,2025-03-06 00:00:00,310015,WA001,"","",102,9999E,WA001,12,2025-02-19 00:00:00
232575-1-3-104,Order,2025-03-06 00:00:00,310018,WA001,"","",102,9999A,WA001,2.9999092805951193,2025-02-19 00:00:00
232575-1-3-106,Order,2025-03-11 00:00:00,310015,WA001,"","",102,9999E,WA001,13.000090719404879,2025-03-04 00:00:00
232575-1-3-107,Order,2025-03-27 00:00:00,310015,WA001,"","",102,9999E,WA001,13.000090719404879,2025-03-04 00:00:00
232576-1-1-1182378,Order,2025-01-02 00:00:00,310015,WA001,"","",102,9999A,WA001,14.999909280595118,2024-12-12 00:00:00
232576-1-1-1182379,Order,2025-01-02 00:00:00,310015,WA001,"","",102,9999A,WA001,14.999909280595118,2024-12-12 00:00:00
232576-1-1-1182380,Order,2025-01-02 00:00:00,310015,WA001,"","",102,9999A,WA001,14.999909280595118,2024-12-12 00:00:00
232576-1-1-1182421,Order,2025-01-02 00:00:00,310015,WA001,"","",102,9999A,WA001,14.999909280595118,2024-12-12 00:00:00
232576-1-1-1182422,Order,2025-01-02 00:00:00,310015,WA001,"","",102,9999A,WA001,14.999909280595118,2024-12-12 00:00:00
232576-1-1-1182423,Order,2025-01-02 00:00:00,310015,WA001,"","",102,9999A,WA001,14.999909280595118,2024-12-12 00:00:00
232576-1-1-1182424,Order,2025-01-02 00:00:00,310015,WA001,"","",102,9999A,WA001,14.999909280595118,2024-12-12 00:00:00
232576-1-1-1182425,Order,2025-01-02 00:00:00,310015,WA001,"","",102,9999A,WA001,14.999909280595118,2024-12-12 00:00:00
232576-1-1-1182426,Order,2025-01-02 00:00:00,310015,WA001,"","",102,9999A,WA001,14.999909280595118,2024-12-12 00:00:00
232576-1-1-1182427,Order,2025-01-02 00:00:00,310015,WA001,"","",102,9999A,WA001,14.999909280595118,2024-12-12 00:00:00
232576-1-1-1182428,Order,2025-01-02 00:00:00,310015,WA001,"","",102,9999A,WA001,14.999909280595118,2024-12-12 00:00:00
232576-1-1-1182429,Order,2025-01-02 00:00:00,310015,WA001,"","",102,9999A,WA001,14.999909280595118,2024-12-12 00:00:00
232576-1-1-1182430,Order,2025-01-02 00:00:00,310015,WA001,"","",102,9999A,WA001,14.999909280595118,2024-12-12 00:00:00
232576-1-1-1182431,Order,2025-01-02 00:00:00,310015,WA001,"","",102,9999A,WA001,14.999909280595118,2024-12-12 00:00:00
232576-1-1-1182432,Order,2025-01-02 00:00:00,310015,WA001,"","",102,9999A,WA001,14.999909280595118,2024-12-12 00:00:00
232576-1-1-1182433,Order,2025-01-02 00:00:00,310015,WA001,"","",102,9999A,WA001,14.999909280595118,2024-12-12 00:00:00
232579-1-1-101,Order,2025-02-01 00:00:00,310015,ID002,"","",102,9999A,TX001,21.00009071940488,2024-12-23 00:00:00
232579-1-1-102,Order,2025-01-31 00:00:00,310015,ID002,"","",102,9999A,TX001,0.05987480722126462,2024-12-23 00:00:00
232579-1-1-102,Order,2025-02-01 00:00:00,310015,ID002,"","",102,9999A,TX001,20.939853034564095,2024-12-23 00:00:00
232579-1-1-103,Order,2025-01-31 00:00:00,310015,ID002,"","",102,9999A,TX001,0.0798330762950195,2024-12-23 00:00:00
232579-1-1-103,Order,2025-02-01 00:00:00,310015,ID002,"","",102,9999A,TX001,20.91989476549034,2024-12-23 00:00:00
232579-1-1-104,Order,2025-01-31 00:00:00,310015,ID002,"","",102,9999A,TX001,0.05987480722126462,2024-12-23 00:00:00
232579-1-1-104,Order,2025-02-01 00:00:00,310015,ID002,"","",102,9999A,TX001,20.939853034564095,2024-12-23 00:00:00
232579-1-1-105,Order,2025-01-31 00:00:00,310015,ID002,"","",102,9999A,TX001,0.12011249206205207,2024-12-23 00:00:00
232579-1-1-105,Order,2025-02-01 00:00:00,310015,ID002,"","",102,9999A,TX001,20.879978227342825,2024-12-23 00:00:00
232579-1-1-106,Order,2025-01-31 00:00:00,310015,ID002,"","",102,9999A,TX001,0.019958269073754874,2024-12-23 00:00:00
232579-1-1-106,Order,2025-02-01 00:00:00,310015,ID002,"","",102,9999A,TX001,20.980132450331126,2024-12-23 00:00:00
232579-1-1-107,Order,2025-02-01 00:00:00,310015,ID002,"","",102,9999A,TX001,21.00009071940488,2024-12-23 00:00:00
232579-1-1-108,Order,2025-01-31 00:00:00,310015,ID002,"","",102,9999A,TX001,0.0798330762950195,2024-12-23 00:00:00
232579-1-1-108,Order,2025-02-01 00:00:00,310015,ID002,"","",102,9999A,TX001,20.91989476549034,2024-12-23 00:00:00
232579-1-2-109,Order,2025-03-01 00:00:00,310015,ID002,"","",102,9999A,TX001,21.00009071940488,2025-01-16 00:00:00
232579-1-2-110,Order,2025-02-28 00:00:00,310015,ID002,"","",102,9999A,TX001,0.2801415222716139,2025-01-16 00:00:00
232579-1-2-110,Order,2025-03-01 00:00:00,310015,ID002,"","",102,9999A,TX001,20.719949197133264,2025-01-16 00:00:00
232579-1-2-111,Order,2025-03-01 00:00:00,310015,ID002,"","",102,9999A,TX001,21.00009071940488,2025-01-16 00:00:00
232579-1-2-112,Order,2025-02-28 00:00:00,310015,ID002,"","",102,9999A,TX001,0.05987480722126462,2025-01-16 00:00:00
232579-1-2-112,Order,2025-03-01 00:00:00,310015,ID002,"","",102,9999A,TX001,20.939853034564095,2025-01-16 00:00:00
232579-1-2-113,Order,2025-02-28 00:00:00,310015,ID002,"","",102,9999A,TX001,0.05987480722126462,2025-01-16 00:00:00
232579-1-2-113,Order,2025-03-01 00:00:00,310015,ID002,"","",102,9999A,TX001,20.939853034564095,2025-01-16 00:00:00
232579-1-2-114,Order,2025-02-28 00:00:00,310015,ID002,"","",102,9999A,TX001,0.14007076113580694,2025-01-16 00:00:00
232579-1-2-114,Order,2025-03-01 00:00:00,310015,ID002,"","",102,9999A,TX001,20.86001995826907,2025-01-16 00:00:00
232579-1-3-115,Order,2025-03-31 00:00:00,310015,ID002,"","",102,9999A,TX001,0.12011249206205207,2025-02-18 00:00:00
232579-1-3-115,Order,2025-04-01 00:00:00,310015,ID002,"","",102,9999A,TX001,20.879978227342825,2025-02-18 00:00:00
232579-1-3-116,Order,2025-03-31 00:00:00,310015,ID002,"","",102,9999A,TX001,0.1799872992833167,2025-02-18 00:00:00
232579-1-3-116,Order,2025-04-01 00:00:00,310015,ID002,"","",102,9999A,TX001,20.820103420121562,2025-02-18 00:00:00
232579-1-3-117,Order,2025-03-31 00:00:00,310015,ID002,"","",102,9999A,TX001,0.12011249206205207,2025-02-18 00:00:00
232579-1-3-117,Order,2025-04-01 00:00:00,310015,ID002,"","",102,9999A,TX001,20.879978227342825,2025-02-18 00:00:00
232579-1-3-118,Order,2025-04-01 00:00:00,310015,ID002,"","",102,9999A,TX001,21.00009071940488,2025-02-18 00:00:00
232579-1-3-119,Order,2025-03-31 00:00:00,310015,ID002,"","",102,9999A,TX001,0.019958269073754874,2025-02-18 00:00:00
232579-1-3-119,Order,2025-04-01 00:00:00,310015,ID002,"","",102,9999A,TX001,20.980132450331126,2025-02-18 00:00:00
232579-1-3-120,Order,2025-04-01 00:00:00,310015,ID002,"","",102,9999A,TX001,21.00009071940488,2025-02-18 00:00:00
232580-1-1-101,Order,2025-01-31 00:00:00,310086,ID002,"","",102,9999A,TX001,24,2024-12-23 00:00:00
232580-1-1-102,Order,2025-01-31 00:00:00,310086,ID002,"","",102,9999A,TX001,24,2024-12-23 00:00:00
232580-1-2-103,Order,2025-03-01 00:00:00,310086,ID002,"","",102,9999A,TX001,24,2025-01-16 00:00:00
232580-1-2-104,Order,2025-03-01 00:00:00,310086,ID002,"","",102,9999A,TX001,24,2025-01-16 00:00:00
232580-1-2-105,Order,2025-03-01 00:00:00,310086,ID002,"","",102,9999A,TX001,24,2025-01-16 00:00:00
232580-1-3-106,Order,2025-04-01 00:00:00,310086,ID002,"","",102,9999A,TX001,24,2025-02-05 00:00:00
232580-1-3-107,Order,2025-04-01 00:00:00,310086,ID002,"","",102,9999A,TX001,24,2025-02-18 00:00:00
232580-1-3-108,Order,2025-04-01 00:00:00,310086,ID002,"","",102,9999A,TX001,24,2025-02-18 00:00:00
232615-1-1-101,Order,2025-01-10 00:00:00,310015,ID002,WA001,"",102,9999A,ID002,8,2025-01-03 00:00:00
232619-1-1-101,Order,2025-02-01 00:00:00,310015,ID002,WA001,"",102,9999A,TX001,21.00009071940488,2024-12-23 00:00:00
232619-1-2-102,Order,2025-03-01 00:00:00,310015,ID002,WA001,"",102,9999A,MEX002,21.00009071940488,2025-01-17 00:00:00
232619-1-2-103,Order,2025-02-28 00:00:00,310015,ID002,WA001,"",102,9999A,TX001,0.019958269073754874,2025-01-17 00:00:00
232619-1-2-103,Order,2025-03-01 00:00:00,310015,ID002,WA001,"",102,9999A,TX001,20.980132450331126,2025-01-17 00:00:00
232624-1-1-101,Order,2025-01-09 00:00:00,310015,ID002,"","",101,3132A,ID010,14.999909280595118,2024-12-31 00:00:00
232624-1-1-102,Order,2025-01-11 00:00:00,310015,ID002,"","",101,3132A,ID010,14.999909280595118,2024-12-31 00:00:00
232624-1-1-103,Order,2025-01-11 00:00:00,310015,ID002,"","",101,3132A,ID010,14.999909280595118,2024-12-31 00:00:00
232624-1-1-104,Order,2025-01-11 00:00:00,310015,ID002,"","",101,3132A,ID010,14.999909280595118,2024-12-31 00:00:00
232624-1-1-105,Order,2025-01-10 00:00:00,310015,ID002,"","",101,3132A,ID010,0.019958269073754874,2024-12-31 00:00:00
232624-1-1-105,Order,2025-01-11 00:00:00,310015,ID002,"","",101,3132A,ID010,14.979951011521363,2024-12-31 00:00:00
232624-1-1-106,Order,2025-01-11 00:00:00,310015,ID002,"","",101,3132A,ID010,14.999909280595118,2024-12-31 00:00:00
232624-1-1-107,Order,2025-01-11 00:00:00,310015,ID002,"","",101,3132A,ID010,14.999909280595118,2024-12-31 00:00:00
232624-1-1-108,Order,2025-01-11 00:00:00,310015,ID002,"","",101,3132A,ID010,14.999909280595118,2024-12-31 00:00:00
232624-1-1-109,Order,2025-01-10 00:00:00,310015,ID002,"","",101,3132A,ID010,0.019958269073754874,2024-12-31 00:00:00
232624-1-1-109,Order,2025-01-11 00:00:00,310015,ID002,"","",101,3132A,ID010,14.979951011521363,2024-12-31 00:00:00
232624-1-1-110,Order,2025-01-11 00:00:00,310015,ID002,"","",101,3132A,ID010,14.999909280595118,2024-12-31 00:00:00
232624-1-1-111,Order,2025-01-11 00:00:00,310015,ID002,"","",101,3132A,ID010,14.999909280595118,2024-12-31 00:00:00
232625-1-1-101,Order,2025-01-11 00:00:00,310015,ID002,"","",102,9999A,ID010,0.03991653814750975,2025-01-02 00:00:00
232625-1-1-101,Order,2025-01-12 00:00:00,310015,ID002,"","",102,9999A,ID010,14.959992742447609,2025-01-02 00:00:00
232625-1-1-102,Order,2025-01-12 00:00:00,310015,ID002,"","",102,9999A,ID010,14.999909280595118,2025-01-02 00:00:00
232625-1-1-103,Order,2025-01-12 00:00:00,310015,ID002,"","",102,9999A,ID010,14.999909280595118,2025-01-02 00:00:00
232625-1-1-104,Order,2025-01-12 00:00:00,310015,ID002,"","",102,9999A,ID010,14.999909280595118,2025-01-02 00:00:00
232625-1-1-105,Order,2025-01-12 00:00:00,310015,ID002,"","",102,9999A,ID010,14.999909280595118,2025-01-02 00:00:00
232625-1-1-106,Order,2025-01-12 00:00:00,310015,ID002,"","",102,9999A,ID010,14.999909280595118,2025-01-02 00:00:00
232628-1-1-1182579,Order,2025-01-02 00:00:00,310015,WA001,"","",102,9999A,WA001,14.999909280595118,2024-12-17 00:00:00
232628-1-1-1182580,Order,2025-01-02 00:00:00,310015,WA001,"","",102,9999A,WA001,14.999909280595118,2024-12-17 00:00:00
232628-1-1-1182601,Order,2025-01-02 00:00:00,310015,WA001,"","",102,9999A,WA001,14.999909280595118,2024-12-17 00:00:00
232628-1-1-1182602,Order,2025-01-02 00:00:00,310015,WA001,"","",102,9999A,WA001,14.999909280595118,2024-12-17 00:00:00
232628-1-1-1182603,Order,2025-01-02 00:00:00,310015,WA001,"","",102,9999A,WA001,14.999909280595118,2024-12-17 00:00:00
232628-1-1-1182604,Order,2025-01-02 00:00:00,310015,WA001,"","",102,9999A,WA001,14.999909280595118,2024-12-17 00:00:00
232629-1-1-101,Order,2025-03-31 00:00:00,310015,ID002,WA001,"",102,9999A,TX001,0.03991653814750975,2025-02-19 00:00:00
232629-1-1-101,Order,2025-04-01 00:00:00,310015,ID002,WA001,"",102,9999A,TX001,20.960174181257372,2025-02-19 00:00:00
232629-1-1-102,Order,2025-03-31 00:00:00,310015,ID002,WA001,"",102,9999A,TX001,0.05987480722126462,2025-02-19 00:00:00
232629-1-1-102,Order,2025-04-01 00:00:00,310015,ID002,WA001,"",102,9999A,TX001,20.939853034564095,2025-02-19 00:00:00
232629-1-1-103,Order,2025-03-31 00:00:00,310015,ID002,WA001,"",102,9999A,TX001,0.05987480722126462,2025-02-19 00:00:00
232629-1-1-103,Order,2025-04-01 00:00:00,310015,ID002,WA001,"",102,9999A,TX001,20.939853034564095,2025-02-19 00:00:00
232629-1-1-104,Order,2025-04-01 00:00:00,310015,ID002,WA001,"",102,9999A,TX001,21.00009071940488,2025-02-19 00:00:00
232629-1-1-105,Order,2025-04-01 00:00:00,310015,ID002,WA001,"",102,9999A,TX001,21.00009071940488,2025-02-19 00:00:00
232629-1-2-106,Order,2025-04-28 00:00:00,310015,ID002,WA001,"",102,9999A,TX001,21.00009071940488,2025-03-14 00:00:00
232629-1-2-107,Order,2025-04-28 00:00:00,310015,ID002,WA001,"",102,9999A,TX001,21.00009071940488,2025-03-14 00:00:00
232629-1-2-108,Order,2025-04-28 00:00:00,310015,ID002,WA001,"",102,9999A,TX001,21.00009071940488,2025-03-14 00:00:00
232629-1-2-109,Order,2025-04-28 00:00:00,310015,ID002,WA001,"",102,9999A,TX001,21.00009071940488,2025-03-14 00:00:00
232629-1-2-110,Order,2025-04-28 00:00:00,310015,ID002,WA001,"",102,9999A,TX001,21.00009071940488,2025-03-14 00:00:00
232630-1-1-101,Order,2025-04-28 00:00:00,310015,ID002,WA001,"",102,9999A,TX001,20.999727841785358,2025-03-14 00:00:00
232630-1-1-102,Order,2025-04-28 00:00:00,310015,ID002,WA001,"",102,9999A,TX001,21.00009071940488,2025-03-14 00:00:00
232630-1-1-103,Order,2025-05-28 00:00:00,310015,ID002,WA001,"",102,9999A,TX001,20.999727841785358,2025-04-22 00:00:00
232630-1-1-104,Order,2025-05-28 00:00:00,310015,ID002,WA001,"",102,9999E,TX001,21.00009071940488,2025-04-22 00:00:00
232630-1-1-105,Order,2025-05-28 00:00:00,310015,ID002,WA001,"",102,9999E,TX001,21.00009071940488,2025-04-22 00:00:00
232630-1-2-106,Order,2025-05-29 00:00:00,310015,ID002,WA001,"",102,9999E,TX001,21.00009071940488,2025-05-15 00:00:00
232630-1-2-107,Order,2025-05-29 00:00:00,310015,ID002,WA001,"",102,9999E,TX001,21.00009071940488,2025-05-15 00:00:00
232630-1-2-108,Order,2025-06-28 00:00:00,310015,ID002,WA001,"",102,9999E,TX001,20.999727841785358,2025-05-19 00:00:00
232630-1-2-109,Order,2025-06-28 00:00:00,310015,ID002,WA001,"",102,9999E,TX001,20.999727841785358,2025-05-19 00:00:00
232630-1-2-110,Order,2025-06-28 00:00:00,310015,ID002,WA001,"",102,9999E,TX001,21.00009071940488,2025-05-19 00:00:00
232630-1-3-111,Order,2025-06-28 00:00:00,310015,ID002,WA001,"",102,9999E,TX001,21.00009071940488,2025-05-19 00:00:00
232633-1-2-101,Order,2025-02-01 00:00:00,310726,WA003,WA002,"",102,9999A,WA007,0.16002903020956183,2024-12-27 00:00:00
232633-1-2-101,Order,2025-02-02 00:00:00,310726,WA003,WA002,"",102,9999A,WA007,39.839970969790436,2024-12-27 00:00:00
232634-1-1-101,Order,2025-03-02 00:00:00,310726,WA002,"","",102,9999E,WA007,40,2025-01-13 00:00:00
232634-1-1-102,Order,2025-03-16 00:00:00,310726,WA002,"","",102,9999E,WA007,40,2025-01-13 00:00:00
232634-1-1-103,Order,2025-03-15 00:00:00,310726,WA002,"","",102,9999E,WA007,0.019958269073754874,2025-01-13 00:00:00
232634-1-1-103,Order,2025-03-16 00:00:00,310726,WA002,"","",102,9999E,WA007,59.98004173092624,2025-01-13 00:00:00
232646-1-1-101,Order,2025-01-17 00:00:00,310015,WA001,"","",102,9999A,WA001,14.999909280595118,2025-01-08 00:00:00
232646-1-1-102,Order,2025-01-17 00:00:00,310015,WA001,"","",102,9999A,WA001,14.999909280595118,2025-01-08 00:00:00
232646-1-1-103,Order,2025-01-17 00:00:00,310015,WA001,"","",102,9999A,WA001,14.999909280595118,2025-01-08 00:00:00
232646-1-1-104,Order,2025-01-17 00:00:00,310015,WA001,"","",102,9999A,WA001,14.999909280595118,2025-01-08 00:00:00
232646-1-1-105,Order,2025-01-18 00:00:00,310015,WA001,"","",102,9999A,WA001,14.999909280595118,2025-01-08 00:00:00
232646-1-1-106,Order,2025-01-18 00:00:00,310015,WA001,"","",102,9999A,WA001,14.999909280595118,2025-01-08 00:00:00
232646-1-1-107,Order,2025-01-18 00:00:00,310015,WA001,"","",102,9999A,WA001,14.999909280595118,2025-01-08 00:00:00
232646-1-1-108,Order,2025-01-21 00:00:00,310015,WA001,"","",102,9999A,WA001,14.999909280595118,2025-01-08 00:00:00
232646-1-1-109,Order,2025-01-21 00:00:00,310015,WA001,"","",102,9999A,WA001,14.999909280595118,2025-01-08 00:00:00
232646-1-1-110,Order,2025-01-21 00:00:00,310015,WA001,"","",102,9999A,WA001,14.999909280595118,2025-01-08 00:00:00
232646-1-1-111,Order,2025-01-29 00:00:00,310015,WA001,"","",102,9999A,WA001,0.019958269073754874,2025-01-08 00:00:00
232646-1-1-111,Order,2025-01-30 00:00:00,310015,WA001,"","",102,9999A,WA001,14.979951011521363,2025-01-08 00:00:00
232646-1-1-112,Order,2025-01-30 00:00:00,310015,WA001,"","",102,9999A,WA001,14.999909280595118,2025-01-08 00:00:00
232646-1-1-113,Order,2025-01-30 00:00:00,310015,WA001,"","",102,9999A,WA001,14.999909280595118,2025-01-08 00:00:00
232646-1-1-114,Order,2025-01-31 00:00:00,310015,WA001,"","",102,9999A,WA001,14.999909280595118,2025-01-08 00:00:00
232646-1-1-115,Order,2025-01-31 00:00:00,310015,WA001,"","",102,9999A,WA001,14.999909280595118,2025-01-08 00:00:00
232646-1-1-116,Order,2025-01-31 00:00:00,310015,WA001,"","",102,9999A,WA001,14.999909280595118,2025-01-08 00:00:00
232646-1-1-117,Order,2025-02-01 00:00:00,310015,WA001,"","",102,9999A,WA001,14.999909280595118,2025-01-08 00:00:00
232646-1-1-118,Order,2025-02-01 00:00:00,310015,WA001,"","",102,9999A,WA001,14.999909280595118,2025-01-08 00:00:00
232646-1-1-119,Order,2025-02-01 00:00:00,310015,WA001,"","",102,9999A,WA001,14.999909280595118,2025-01-08 00:00:00
232646-1-1-120,Order,2025-02-01 00:00:00,310015,WA001,"","",102,9999A,WA001,14.999909280595118,2025-01-08 00:00:00
232651-1-1-101,Order,2025-01-07 00:00:00,310015,WA001,"","",102,9999E,WA001,14.999909280595118,2024-12-20 00:00:00
232651-1-1-102,Order,2025-01-07 00:00:00,310015,WA001,"","",102,9999E,WA001,14.999909280595118,2024-12-20 00:00:00
232653-1-1-101,Order,2025-03-08 00:00:00,310002,WA001,"","",102,9999A,WA001,8,2025-01-10 00:00:00
232653-1-1-101,Order,2025-03-08 00:00:00,310015,WA001,"","",102,9999A,WA001,6.999909280595119,2025-01-10 00:00:00
232663-1-1-101,Order,2025-06-12 00:00:00,310726,WA002,"","",101,3035A,WA007,120,2025-03-03 00:00:00
232663-1-1-102,Order,2025-06-11 00:00:00,310726,WA002,"","",101,3035A,WA007,20,2025-03-03 00:00:00
232663-1-1-103,Order,2025-05-23 00:00:00,310726,WA002,"","",101,3035A,WA007,20,2025-03-03 00:00:00
232663-1-1-104,Order,2025-05-23 00:00:00,310726,WA002,"","",101,3035A,WA007,20,2025-03-03 00:00:00
232663-1-1-105,Order,2025-05-23 00:00:00,310726,WA002,"","",101,3035A,WA007,20,2025-03-03 00:00:00
232664-1-1-101,Order,2025-06-21 00:00:00,310726,WA002,"","",101,3035A,WA007,160,2025-03-18 00:00:00
232664-1-1-102,Order,2025-06-08 00:00:00,310726,WA002,"","",101,3035A,WA007,40,2025-03-18 00:00:00
232665-1-1-102,Order,2025-06-30 00:00:00,310726,WA002,"","",101,3035A,WA007,200,2025-04-24 00:00:00
232666-1-1-101,Order,2025-08-02 00:00:00,310726,WA002,"","",101,3035A,WA007,200,2025-05-13 00:00:00
232667-1-1,Contract,2025-09-01 00:00:00,310726,WA003,"","",101,3025S,WA007,200.00181438809759,
232668-1-1,Contract,2025-10-01 00:00:00,310726,WA002,"","",101,3035A,WA007,200.00181438809759,
232669-1-1,Contract,2025-11-01 00:00:00,310726,WA002,"","",101,3035A,WA007,200.00181438809759,
232670-1-1,Contract,2025-12-01 00:00:00,310726,WA002,"","",101,3035A,WA007,200.00181438809759,
232671-1-1,Contract,2026-01-01 00:00:00,310726,WA002,"","",101,3035A,WA007,200.00181438809759,
232672-1-1,Contract,2026-02-01 00:00:00,310726,WA002,"","",101,3035A,WA007,200.00181438809759,
232673-1-1,Contract,2026-03-01 00:00:00,310726,WA002,"","",101,3035A,WA007,200.00181438809759,
232674-1-1,Contract,2026-04-01 00:00:00,310726,WA002,"","",101,3035A,WA007,200.00181438809759,
232675-1-1-101,Order,2024-12-30 00:00:00,310086,ID002,"","",102,9999A,ID002,19,2024-12-25 00:00:00
232675-1-1-102,Order,2024-12-30 00:00:00,310086,ID002,"","",102,9999A,ID002,19,2024-12-24 00:00:00
232675-1-1-103,Order,2024-12-30 00:00:00,310086,ID002,"","",102,9999A,ID002,19,2024-12-24 00:00:00
232675-1-1-104,Order,2024-12-30 00:00:00,310086,ID002,"","",102,9999A,ID002,19,2024-12-24 00:00:00
232675-1-1-105,Order,2024-12-30 00:00:00,310086,ID002,"","",102,9999A,ID002,19,2024-12-24 00:00:00
232675-1-1-106,Order,2024-12-30 00:00:00,310086,ID002,"","",102,9999A,ID002,19,2024-12-24 00:00:00
232675-1-2-107,Order,2025-02-20 00:00:00,310086,ID002,"","",101,3140A,ID002,19,2025-01-17 00:00:00
232675-1-2-108,Order,2025-02-21 00:00:00,310086,ID002,"","",101,3140A,ID002,19,2025-01-17 00:00:00
232675-1-2-109,Order,2025-02-25 00:00:00,310086,ID002,"","",101,3140A,ID002,19,2025-01-17 00:00:00
232675-1-2-110,Order,2025-02-26 00:00:00,310086,ID002,"","",101,3140A,ID002,19,2025-01-17 00:00:00
232675-1-2-111,Order,2025-02-27 00:00:00,310086,ID002,"","",101,3140A,ID002,19,2025-01-17 00:00:00
232675-1-3-112,Order,2025-02-28 00:00:00,310086,ID002,"","",101,3140A,ID002,19,2025-01-17 00:00:00
232675-1-5-113,Order,2025-05-02 00:00:00,310086,ID002,"","",101,3140A,ID002,20,2025-04-28 00:00:00
232675-1-6-114,Order,2025-06-01 00:00:00,310086,ID002,"","",101,3140A,ID010,20,2025-04-28 00:00:00
232676-1-1-101,Order,2025-01-31 00:00:00,310015,ID002,WA001,"",102,9999A,TX001,0.2598203755783362,2025-01-02 00:00:00
232676-1-1-101,Order,2025-02-01 00:00:00,310015,ID002,WA001,"",102,9999A,TX001,20.73990746620702,2025-01-02 00:00:00
232676-1-1-102,Order,2025-01-31 00:00:00,310015,ID002,WA001,"",102,9999A,TX001,0.05987480722126462,2025-01-02 00:00:00
232676-1-1-102,Order,2025-02-01 00:00:00,310015,ID002,WA001,"",102,9999A,TX001,20.939853034564095,2025-01-02 00:00:00
232676-1-2-103,Order,2025-02-28 00:00:00,310015,ID002,WA001,"",102,9999A,TX001,0.019958269073754874,2025-01-16 00:00:00
232676-1-2-103,Order,2025-03-01 00:00:00,310015,ID002,WA001,"",102,9999A,TX001,20.980132450331126,2025-01-16 00:00:00
232676-1-2-104,Order,2025-02-28 00:00:00,310015,ID002,WA001,"",102,9999A,TX001,0.019958269073754874,2025-01-16 00:00:00
232676-1-2-104,Order,2025-03-01 00:00:00,310015,ID002,WA001,"",102,9999A,TX001,20.980132450331126,2025-01-16 00:00:00
232677-1-1-101,Order,2025-01-13 00:00:00,310015,ID002,"","",102,3117A,ID010,14.999909280595118,2024-12-31 00:00:00
232677-1-1-102,Order,2025-03-02 00:00:00,310015,ID002,"","",102,3117A,ID010,14.940034473373855,2025-01-15 00:00:00
232677-1-1-102,Order,2025-03-03 00:00:00,310015,ID002,"","",102,3117A,ID010,0.05987480722126462,2025-01-15 00:00:00
232677-1-2-103,Order,2025-04-18 00:00:00,310015,ID002,"","",102,3117A,ID010,14.999909280595118,2025-03-03 00:00:00
232678-1-1-101,Order,2025-02-07 00:00:00,310015,ID002,"","",102,3117A,ID010,14.999909280595118,2025-01-15 00:00:00
232678-1-1-102,Order,2025-02-28 00:00:00,310015,ID002,"","",102,3117A,ID010,14.979951011521363,2025-01-15 00:00:00
232678-1-1-102,Order,2025-03-03 00:00:00,310015,ID002,"","",102,3117A,ID010,0.019958269073754874,2025-01-15 00:00:00
232678-1-2-103,Order,2025-02-28 00:00:00,310015,ID002,"","",102,3117A,ID010,14.999909280595118,2025-02-18 00:00:00
232678-1-3-104,Order,2025-03-24 00:00:00,310015,ID002,"","",102,3117A,ID010,14.999909280595118,2025-03-03 00:00:00
232678-1-3-105,Order,2025-03-24 00:00:00,310015,ID002,"","",102,3117A,ID010,14.999909280595118,2025-03-04 00:00:00
232678-1-4-106,Order,2025-05-19 00:00:00,310015,ID002,"","",102,3117A,ID010,16,2025-04-23 00:00:00
232678-1-4-107,Order,2025-05-20 00:00:00,310015,ID002,"","",102,3117A,ID010,16,2025-04-23 00:00:00
232680-1-1-101,Order,2025-02-02 00:00:00,310726,WA003,WA002,"",101,9999E,WA007,20,2025-01-10 00:00:00
232681-1-1-101,Order,2025-01-07 00:00:00,310015,WA001,"","",102,9999A,WA001,14.999909280595118,2024-12-31 00:00:00
232681-1-1-102,Order,2025-01-18 00:00:00,310015,WA001,"","",102,9999A,WA001,14.999909280595118,2024-12-31 00:00:00
232681-1-1-103,Order,2025-01-30 00:00:00,310015,WA001,"","",102,9999A,WA001,14.999909280595118,2024-12-31 00:00:00
232681-1-2-104,Order,2025-02-08 00:00:00,310015,WA001,"","",102,9999A,WA001,14.999909280595118,2025-01-21 00:00:00
232681-1-2-105,Order,2025-02-19 00:00:00,310015,WA001,"","",102,9999A,WA001,14.999909280595118,2025-01-21 00:00:00
232681-1-2-106,Order,2025-03-01 00:00:00,310015,WA001,"","",102,9999A,WA001,14.999909280595118,2025-01-21 00:00:00
232681-1-3-107,Order,2025-03-13 00:00:00,310015,WA001,"","",102,9999A,WA001,14.999909280595118,2025-02-24 00:00:00
232681-1-3-108,Order,2025-03-25 00:00:00,310015,WA001,"","",102,9999A,WA001,14.999909280595118,2025-02-24 00:00:00
232682-1-1-101,Order,2025-02-15 00:00:00,310724,WA002,WA002,"",101,9999E,WA017,0.019958269073754874,2025-01-10 00:00:00
232682-1-1-101,Order,2025-02-16 00:00:00,310724,WA002,WA002,"",101,9999E,WA017,19.980041730926242,2025-01-10 00:00:00
232683-1-1-101,Order,2025-01-12 00:00:00,310015,ID002,"","",102,9999A,TX001,0.019958269073754874,2025-01-02 00:00:00
232683-1-1-101,Order,2025-01-13 00:00:00,310015,ID002,"","",102,9999A,TX001,14.979951011521363,2025-01-02 00:00:00
232683-1-1-102,Order,2025-01-12 00:00:00,310015,ID002,"","",102,9999A,TX001,0.03991653814750975,2025-01-02 00:00:00
232683-1-1-102,Order,2025-01-13 00:00:00,310015,ID002,"","",102,9999A,TX001,14.959992742447609,2025-01-02 00:00:00
232683-1-1-103,Order,2025-01-12 00:00:00,310015,ID002,"","",102,9999A,TX001,0.019958269073754874,2025-01-02 00:00:00
232683-1-1-103,Order,2025-01-13 00:00:00,310015,ID002,"","",102,9999A,TX001,14.979951011521363,2025-01-02 00:00:00
232683-1-1-104,Order,2025-01-13 00:00:00,310015,ID002,"","",102,9999A,TX001,14.999909280595118,2025-01-02 00:00:00
232683-1-1-105,Order,2025-01-12 00:00:00,310015,ID002,"","",102,9999A,TX001,0.12011249206205207,2025-01-02 00:00:00
232683-1-1-105,Order,2025-01-13 00:00:00,310015,ID002,"","",102,9999A,TX001,14.88015966615259,2025-01-02 00:00:00
232683-1-1-106,Order,2025-01-12 00:00:00,310015,ID002,"","",102,9999A,TX001,0.05987480722126462,2025-01-02 00:00:00
232683-1-1-106,Order,2025-01-13 00:00:00,310015,ID002,"","",102,9999A,TX001,14.940034473373855,2025-01-02 00:00:00
232683-1-1-107,Order,2025-01-12 00:00:00,310015,ID002,"","",102,9999A,TX001,0.019958269073754874,2025-01-02 00:00:00
232683-1-1-107,Order,2025-01-13 00:00:00,310015,ID002,"","",102,9999A,TX001,14.979951011521363,2025-01-02 00:00:00
232683-1-1-108,Order,2025-01-12 00:00:00,310015,ID002,"","",102,9999A,TX001,0.14007076113580694,2025-01-02 00:00:00
232683-1-1-108,Order,2025-01-13 00:00:00,310015,ID002,"","",102,9999A,TX001,14.859838519459313,2025-01-02 00:00:00
232683-1-1-109,Order,2025-01-12 00:00:00,310015,ID002,"","",102,9999A,TX001,0.0798330762950195,2025-01-02 00:00:00
232683-1-1-109,Order,2025-01-13 00:00:00,310015,ID002,"","",102,9999A,TX001,14.920076204300099,2025-01-02 00:00:00
232683-1-1-110,Order,2025-01-13 00:00:00,310015,ID002,"","",102,9999A,TX001,14.999909280595118,2025-01-02 00:00:00
232683-1-1-111,Order,2025-01-12 00:00:00,310015,ID002,"","",102,9999A,TX001,0.019958269073754874,2025-01-02 00:00:00
232683-1-1-111,Order,2025-01-13 00:00:00,310015,ID002,"","",102,9999A,TX001,14.979951011521363,2025-01-02 00:00:00
232683-1-1-112,Order,2025-01-12 00:00:00,310015,ID002,"","",102,9999A,TX001,0.12011249206205207,2025-01-02 00:00:00
232683-1-1-112,Order,2025-01-13 00:00:00,310015,ID002,"","",102,9999A,TX001,14.88015966615259,2025-01-02 00:00:00
232683-1-1-113,Order,2025-01-12 00:00:00,310015,ID002,"","",102,9999A,TX001,0.03991653814750975,2025-01-02 00:00:00
232683-1-1-113,Order,2025-01-13 00:00:00,310015,ID002,"","",102,9999A,TX001,14.959992742447609,2025-01-02 00:00:00
232683-1-1-114,Order,2025-01-12 00:00:00,310015,ID002,"","",102,9999A,TX001,0.03991653814750975,2025-01-02 00:00:00
232683-1-1-114,Order,2025-01-13 00:00:00,310015,ID002,"","",102,9999A,TX001,14.959992742447609,2025-01-02 00:00:00
232683-1-1-115,Order,2025-01-12 00:00:00,310015,ID002,"","",102,9999A,TX001,0.03991653814750975,2025-01-02 00:00:00
232683-1-1-115,Order,2025-01-13 00:00:00,310015,ID002,"","",102,9999A,TX001,14.959992742447609,2025-01-02 00:00:00
232684-1-1-101,Order,2025-01-13 00:00:00,310015,WA001,"","",102,9999A,WA001,14.999909280595118,2025-01-02 00:00:00
232684-1-1-102,Order,2025-01-13 00:00:00,310015,WA001,"","",102,9999A,WA001,14.999909280595118,2025-01-02 00:00:00
232684-1-1-103,Order,2025-01-13 00:00:00,310015,WA001,"","",102,9999A,WA001,14.999909280595118,2025-01-02 00:00:00
232684-1-1-104,Order,2025-01-13 00:00:00,310015,WA001,"","",102,9999A,WA001,14.999909280595118,2025-01-02 00:00:00
232684-1-1-105,Order,2025-01-13 00:00:00,310015,WA001,"","",102,9999A,WA001,14.999909280595118,2025-01-02 00:00:00
232684-1-1-106,Order,2025-01-13 00:00:00,310015,WA001,"","",102,9999A,WA001,14.999909280595118,2025-01-02 00:00:00
232687-1-1-101,Order,2025-01-13 00:00:00,310015,ID002,"","",102,9999A,ID010,13.779914723759411,2025-01-06 00:00:00
232687-1-1-101,Order,2025-01-13 00:00:00,310086,ID002,"","",102,9999A,ID010,11,2025-01-06 00:00:00
232689-1-1-101,Order,2025-02-02 00:00:00,310724,WA002,"","",102,9999A,WA002,14.999909280595118,2025-01-03 00:00:00
232690-1-1-101,Order,2025-02-28 00:00:00,310015,ID002,WA001,"",102,3132A,TX001,21.00009071940488,2025-01-16 00:00:00
232690-1-1-102,Order,2025-03-01 00:00:00,310015,ID002,WA001,"",102,3132A,TX001,21.00009071940488,2025-01-16 00:00:00
232690-1-1-103,Order,2025-03-01 00:00:00,310015,ID002,WA001,"",102,3132A,TX001,21.00009071940488,2025-01-16 00:00:00
232690-1-1-104,Order,2025-03-01 00:00:00,310015,ID002,WA001,"",102,3132A,TX001,21.00009071940488,2025-01-16 00:00:00
232690-1-1-105,Order,2025-03-01 00:00:00,310015,ID002,WA001,"",102,3132A,TX001,21.00009071940488,2025-01-16 00:00:00
232690-1-1-106,Order,2025-03-01 00:00:00,310015,ID002,WA001,"",102,3132A,TX001,21.00009071940488,2025-01-16 00:00:00
232690-1-1-107,Order,2025-03-01 00:00:00,310015,ID002,WA001,"",102,3132A,TX001,21.00009071940488,2025-01-16 00:00:00
232690-1-1-108,Order,2025-02-28 00:00:00,310015,ID002,WA001,"",102,3132A,TX001,0.019958269073754874,2025-01-16 00:00:00
232690-1-1-108,Order,2025-03-01 00:00:00,310015,ID002,WA001,"",102,3132A,TX001,20.980132450331126,2025-01-16 00:00:00
232690-1-1-109,Order,2025-02-28 00:00:00,310015,ID002,WA001,"",102,3132A,TX001,0.12011249206205207,2025-01-16 00:00:00
232690-1-1-109,Order,2025-03-01 00:00:00,310015,ID002,WA001,"",102,3132A,TX001,20.879978227342825,2025-01-16 00:00:00
232690-1-1-110,Order,2025-02-28 00:00:00,310015,ID002,WA001,"",102,3132A,TX001,1.0000907194048807,2025-01-16 00:00:00
232690-1-1-110,Order,2025-03-01 00:00:00,310015,ID002,WA001,"",102,3132A,TX001,20,2025-01-16 00:00:00
232690-1-1-111,Order,2025-02-28 00:00:00,310015,ID002,WA001,"",102,3132A,TX001,1.0000907194048807,2025-01-16 00:00:00
232690-1-1-111,Order,2025-03-01 00:00:00,310015,ID002,WA001,"",102,3132A,TX001,20,2025-01-16 00:00:00
232690-1-1-117,Order,2025-02-28 00:00:00,310015,ID002,WA001,"",102,3132A,TX001,21.00009071940488,2025-01-17 00:00:00
232690-1-1-118,Order,2025-03-01 00:00:00,310015,ID002,WA001,"",102,9999A,MEX002,21.00009071940488,2025-01-17 00:00:00
232690-1-1-119,Order,2025-03-01 00:00:00,310015,ID002,WA001,"",102,9999A,MEX002,21.00009071940488,2025-01-17 00:00:00
232690-1-1-120,Order,2025-03-01 00:00:00,310015,ID002,WA001,"",102,9999A,MEX002,21.00009071940488,2025-01-17 00:00:00
232690-1-1-121,Order,2025-03-01 00:00:00,310015,ID002,WA001,"",102,9999A,MEX002,21.00009071940488,2025-01-21 00:00:00
232690-1-1-122,Order,2025-03-01 00:00:00,310015,ID002,WA001,"",102,9999A,MEX002,21.00009071940488,2025-01-21 00:00:00
232693-1-1-101,Order,2025-01-18 00:00:00,310015,WA001,"","",102,9999A,WA001,14.999909280595118,2025-01-06 00:00:00
232693-1-1-102,Order,2025-01-18 00:00:00,310015,WA001,"","",102,9999A,WA001,14.999909280595118,2025-01-06 00:00:00
232693-1-1-103,Order,2025-01-18 00:00:00,310015,WA001,"","",102,9999A,WA001,14.999909280595118,2025-01-06 00:00:00
232693-1-1-104,Order,2025-01-18 00:00:00,310015,WA001,"","",102,9999A,WA001,14.999909280595118,2025-01-06 00:00:00
232693-1-1-105,Order,2025-01-18 00:00:00,310015,WA001,"","",102,9999A,WA001,14.999909280595118,2025-01-06 00:00:00
232693-1-1-106,Order,2025-01-18 00:00:00,310015,WA001,"","",102,9999A,WA001,14.999909280595118,2025-01-06 00:00:00
232693-1-1-107,Order,2025-01-18 00:00:00,310015,WA001,"","",102,9999A,WA001,14.999909280595118,2025-01-06 00:00:00
232693-1-1-108,Order,2025-01-17 00:00:00,310015,WA001,"","",102,9999A,WA001,0.019958269073754874,2025-01-06 00:00:00
232693-1-1-108,Order,2025-01-18 00:00:00,310015,WA001,"","",102,9999A,WA001,14.979951011521363,2025-01-06 00:00:00
232693-1-1-109,Order,2025-01-18 00:00:00,310015,WA001,"","",102,9999A,WA001,14.999909280595118,2025-01-06 00:00:00
232693-1-1-110,Order,2025-01-18 00:00:00,310015,WA001,"","",102,9999A,WA001,14.999909280595118,2025-01-06 00:00:00
232693-1-1-111,Order,2025-01-18 00:00:00,310015,WA001,"","",102,9999A,WA001,14.999909280595118,2025-01-06 00:00:00
232693-1-1-112,Order,2025-01-18 00:00:00,310015,WA001,"","",102,9999A,WA001,14.999909280595118,2025-01-06 00:00:00
232693-1-1-113,Order,2025-01-18 00:00:00,310015,WA001,"","",102,9999A,WA001,14.999909280595118,2025-01-06 00:00:00
232695-1-1-101,Order,2025-02-13 00:00:00,310015,ID002,"","",102,9999A,ID010,5.000090719404881,2025-01-06 00:00:00
232695-1-1-101,Order,2025-02-13 00:00:00,310086,ID002,"","",102,9999A,ID010,11,2025-01-06 00:00:00
232699-1-1-101,Order,2025-03-04 00:00:00,310724,WA002,"","",102,9999A,WA002,14.999909280595118,2025-02-12 00:00:00
232699-1-1-102,Order,2025-03-04 00:00:00,310724,WA002,"","",102,9999A,WA002,14.999909280595118,2025-02-12 00:00:00
232699-1-1-103,Order,2025-03-04 00:00:00,310724,WA002,"","",102,9999A,WA002,14.999909280595118,2025-02-12 00:00:00
232699-1-1-104,Order,2025-03-07 00:00:00,310724,WA002,"","",102,9999A,WA002,2.0001814388097614,2025-02-12 00:00:00
232699-1-1-104,Order,2025-03-08 00:00:00,310724,WA002,"","",102,9999A,WA002,2.9999092805951193,2025-02-12 00:00:00
232699-1-1-105,Order,2025-03-08 00:00:00,310724,WA002,"","",102,9999A,WA002,14.999909280595118,2025-02-12 00:00:00
232699-1-1-106,Order,2025-03-08 00:00:00,310724,WA002,"","",102,9999A,WA002,14.999909280595118,2025-02-12 00:00:00
232699-1-1-107,Order,2025-03-07 00:00:00,310724,WA002,"","",102,9999A,WA002,0.019958269073754874,2025-02-12 00:00:00
232699-1-1-107,Order,2025-03-08 00:00:00,310724,WA002,"","",102,9999A,WA002,14.979951011521363,2025-02-12 00:00:00
232699-1-1-108,Order,2025-03-07 00:00:00,310724,WA002,"","",102,9999A,WA002,2.0001814388097614,2025-02-28 00:00:00
232699-1-1-108,Order,2025-03-08 00:00:00,310724,WA002,"","",102,9999A,WA002,2.9999092805951193,2025-02-28 00:00:00
232699-1-1-109,Order,2025-03-07 00:00:00,310724,WA002,"","",102,9999A,WA002,2.0001814388097614,2025-02-28 00:00:00
232699-1-1-109,Order,2025-03-08 00:00:00,310724,WA002,"","",102,9999A,WA002,2.9999092805951193,2025-02-28 00:00:00
232700-1-1-101,Order,2025-03-19 00:00:00,310724,WA002,"","",102,9999A,WA002,14.999909280595118,2025-02-12 00:00:00
232700-1-1-102,Order,2025-03-17 00:00:00,310724,WA002,"","",102,9999A,WA002,0.019958269073754874,2025-02-12 00:00:00
232700-1-1-102,Order,2025-03-19 00:00:00,310724,WA002,"","",102,9999A,WA002,14.979951011521363,2025-02-12 00:00:00
232700-1-1-103,Order,2025-03-19 00:00:00,310724,WA002,"","",102,9999A,WA002,14.999909280595118,2025-02-12 00:00:00
232700-1-1-104,Order,2025-03-22 00:00:00,310724,WA002,"","",102,9999A,WA002,14.999909280595118,2025-02-12 00:00:00
232700-1-1-105,Order,2025-03-22 00:00:00,310724,WA002,"","",102,9999A,WA002,14.999909280595118,2025-02-12 00:00:00
232700-1-1-106,Order,2025-03-21 00:00:00,310724,WA002,"","",102,9999A,WA002,2.0001814388097614,2025-02-12 00:00:00
232700-1-1-106,Order,2025-03-22 00:00:00,310724,WA002,"","",102,9999A,WA002,2.9999092805951193,2025-02-12 00:00:00
232700-1-1-107,Order,2025-03-21 00:00:00,310724,WA002,"","",102,9999A,WA002,2.0001814388097614,2025-02-12 00:00:00
232700-1-1-107,Order,2025-03-22 00:00:00,310724,WA002,"","",102,9999A,WA002,2.9999092805951193,2025-02-12 00:00:00
232700-1-1-108,Order,2025-03-31 00:00:00,310724,WA002,"","",102,9999A,WA002,2.0001814388097614,2025-03-18 00:00:00
232700-1-1-108,Order,2025-04-01 00:00:00,310724,WA002,"","",102,9999A,WA002,2.9999092805951193,2025-03-18 00:00:00
232700-1-1-109,Order,2025-03-31 00:00:00,310724,WA002,"","",102,9999A,WA002,2.0001814388097614,2025-03-18 00:00:00
232700-1-1-109,Order,2025-04-01 00:00:00,310724,WA002,"","",102,9999A,WA002,2.9999092805951193,2025-03-18 00:00:00
232700-1-1-110,Order,2025-03-31 00:00:00,310724,WA002,"","",102,9999A,WA002,2.0001814388097614,2025-03-18 00:00:00
232700-1-1-110,Order,2025-04-01 00:00:00,310724,WA002,"","",102,9999A,WA002,2.9999092805951193,2025-03-18 00:00:00
232700-1-1-111,Order,2025-03-31 00:00:00,310724,WA002,"","",102,9999A,WA002,2.0001814388097614,2025-03-18 00:00:00
232700-1-1-111,Order,2025-04-01 00:00:00,310724,WA002,"","",102,9999A,WA002,2.9999092805951193,2025-03-18 00:00:00
232701-1-1-101,Order,2025-01-01 00:00:00,310015,ID002,"","",102,9999A,ID010,0.03991653814750975,2025-01-07 00:00:00
232701-1-1-101,Order,2025-01-09 00:00:00,310015,ID002,"","",102,9999A,ID010,14.959992742447609,2025-01-07 00:00:00
232701-1-1-102,Order,2025-01-09 00:00:00,310015,ID002,"","",102,9999A,ID010,14.999909280595118,2025-01-07 00:00:00
232701-1-1-103,Order,2025-01-09 00:00:00,310015,ID002,"","",102,9999A,ID010,14.999909280595118,2025-01-07 00:00:00
232701-1-1-104,Order,2025-01-09 00:00:00,310015,ID002,"","",102,9999A,ID010,14.999909280595118,2025-01-07 00:00:00
232701-1-2-105,Order,2025-02-01 00:00:00,310015,ID002,"","",102,9999A,ID010,0.019958269073754874,2025-01-07 00:00:00
232701-1-2-105,Order,2025-02-02 00:00:00,310015,ID002,"","",102,9999A,ID010,14.979951011521363,2025-01-07 00:00:00
232701-1-2-106,Order,2025-02-02 00:00:00,310015,ID002,"","",102,9999A,ID010,14.999909280595118,2025-01-07 00:00:00
232701-1-2-107,Order,2025-02-02 00:00:00,310015,ID002,"","",102,9999A,ID010,14.999909280595118,2025-01-07 00:00:00
232701-1-2-108,Order,2025-02-02 00:00:00,310015,ID002,"","",102,9999A,ID010,14.999909280595118,2025-01-07 00:00:00
232701-1-3-109,Order,2025-03-01 00:00:00,310015,ID002,"","",102,9999A,ID010,0.03991653814750975,2025-01-13 00:00:00
232701-1-3-109,Order,2025-03-02 00:00:00,310015,ID002,"","",102,9999A,ID010,14.959992742447609,2025-01-13 00:00:00
232701-1-3-110,Order,2025-03-02 00:00:00,310015,ID002,"","",102,9999A,ID010,14.999909280595118,2025-01-13 00:00:00
232701-1-3-111,Order,2025-03-02 00:00:00,310015,ID002,"","",102,9999A,ID010,14.999909280595118,2025-01-13 00:00:00
232701-1-3-112,Order,2025-03-02 00:00:00,310015,ID002,"","",102,9999A,ID010,14.999909280595118,2025-01-13 00:00:00
232701-1-4-113,Order,2025-04-08 00:00:00,310015,ID002,"","",102,9999A,ID010,14.999909280595118,2025-02-19 00:00:00
232701-1-4-114,Order,2025-04-15 00:00:00,310015,ID002,"","",102,9999A,ID010,14.999909280595118,2025-02-19 00:00:00
232701-1-4-115,Order,2025-04-21 00:00:00,310015,ID002,"","",102,9999A,ID010,14.999909280595118,2025-02-19 00:00:00
232701-1-4-116,Order,2025-04-28 00:00:00,310015,ID002,"","",102,9999A,ID010,14.999909280595118,2025-02-19 00:00:00
232701-1-5-117,Order,2025-05-05 00:00:00,310015,ID002,"","",102,9999A,ID010,14.999909280595118,2025-03-11 00:00:00
232701-1-5-118,Order,2025-05-12 00:00:00,310015,ID002,"","",102,9999A,ID010,14.999909280595118,2025-03-11 00:00:00
232701-1-5-119,Order,2025-05-19 00:00:00,310015,ID002,"","",102,9999A,ID010,14.999909280595118,2025-03-11 00:00:00
232701-1-5-120,Order,2025-05-26 00:00:00,310015,ID002,"","",102,9999A,ID010,14.999909280595118,2025-03-11 00:00:00
232701-1-6-121,Order,2025-06-04 00:00:00,310015,ID002,"","",102,9999A,ID010,14.999909280595118,2025-04-25 00:00:00
232701-1-6-122,Order,2025-06-11 00:00:00,310015,ID002,"","",102,9999A,ID010,14.999909280595118,2025-04-25 00:00:00
232701-1-6-123,Order,2025-05-28 00:00:00,310015,ID002,"","",102,9999A,ID010,14.999909280595118,2025-04-25 00:00:00
232701-1-6-124,Order,2025-05-28 00:00:00,310015,ID002,"","",102,9999A,ID010,14.999909280595118,2025-04-25 00:00:00
232701-1-7-125,Order,2025-06-19 00:00:00,310015,ID002,"","",102,9999A,ID010,14.999909280595118,2025-05-16 00:00:00
232701-1-7-126,Order,2025-07-09 00:00:00,310015,ID002,"","",102,9999A,ID010,14.999909280595118,2025-05-16 00:00:00
232701-1-7-127,Order,2025-07-08 00:00:00,310015,ID002,"","",102,9999A,ID010,14.999909280595118,2025-05-16 00:00:00
232701-1-7-128,Order,2025-07-15 00:00:00,310015,ID002,"","",102,9999A,ID010,14.999909280595118,2025-05-16 00:00:00
232706-1-1-101,Order,2025-01-18 00:00:00,310015,WA002,"","",102,9999A,WA002,14.999909280595118,2025-01-08 00:00:00
232706-1-1-102,Order,2025-01-18 00:00:00,310015,WA002,"","",102,9999A,WA002,14.999909280595118,2025-01-08 00:00:00
232706-1-1-103,Order,2025-01-18 00:00:00,310015,WA002,"","",102,9999A,WA002,14.999909280595118,2025-01-08 00:00:00
232706-1-1-104,Order,2025-01-21 00:00:00,310015,WA002,"","",102,9999A,WA002,14.999909280595118,2025-01-08 00:00:00
232706-1-1-105,Order,2025-01-21 00:00:00,310015,WA002,"","",102,9999A,WA002,14.999909280595118,2025-01-08 00:00:00
232706-1-1-106,Order,2025-01-21 00:00:00,310015,WA002,"","",102,9999A,WA002,14.999909280595118,2025-01-08 00:00:00
232706-1-1-107,Order,2025-01-25 00:00:00,310015,WA002,"","",102,9999A,WA002,14.999909280595118,2025-01-08 00:00:00
232706-1-1-108,Order,2025-01-25 00:00:00,310015,WA002,"","",102,9999A,WA002,14.999909280595118,2025-01-08 00:00:00
232706-1-1-109,Order,2025-01-25 00:00:00,310015,WA002,"","",102,9999A,WA002,14.999909280595118,2025-01-08 00:00:00
232706-1-1-110,Order,2025-01-25 00:00:00,310015,WA002,"","",102,9999A,WA002,14.999909280595118,2025-01-08 00:00:00
232707-1-1-101,Order,2025-04-29 00:00:00,310724,WA002,"","",102,9999A,WA007,16,2025-03-11 00:00:00
232708-1-1-101,Order,2025-03-15 00:00:00,310726,WA003,WA002,"",102,9999A,WA007,0.09979134536877438,2025-02-24 00:00:00
232708-1-1-101,Order,2025-03-16 00:00:00,310726,WA003,WA002,"",102,9999A,WA007,39.90020865463122,2025-02-24 00:00:00
232710-1-1-101,Order,2025-01-21 00:00:00,310015,WA002,"","",102,9999A,WA002,14.999909280595118,2025-01-16 00:00:00
232716-1-1-101,Order,2025-01-31 00:00:00,310015,WA002,"","",102,9999A,WA002,0.019958269073754874,2025-01-10 00:00:00
232716-1-1-101,Order,2025-02-01 00:00:00,310015,WA002,"","",102,9999A,WA002,14.979951011521363,2025-01-10 00:00:00
232716-1-1-102,Order,2025-02-01 00:00:00,310015,WA002,"","",102,9999A,WA002,14.999909280595118,2025-01-10 00:00:00
232716-1-1-103,Order,2025-02-01 00:00:00,310015,WA002,"","",102,9999A,WA002,14.999909280595118,2025-01-10 00:00:00
232716-1-1-104,Order,2025-02-01 00:00:00,310015,WA002,"","",102,9999A,WA002,14.999909280595118,2025-01-10 00:00:00
232716-1-1-105,Order,2025-02-01 00:00:00,310015,WA002,"","",102,9999A,WA002,14.999909280595118,2025-01-10 00:00:00
232716-1-1-106,Order,2025-02-03 00:00:00,310015,WA002,"","",102,9999A,WA002,0.019958269073754874,2025-01-10 00:00:00
232716-1-1-106,Order,2025-02-04 00:00:00,310015,WA002,"","",102,9999A,WA002,14.979951011521363,2025-01-10 00:00:00
232716-1-1-107,Order,2025-02-04 00:00:00,310015,WA002,"","",102,9999A,WA002,14.999909280595118,2025-01-10 00:00:00
232716-1-1-108,Order,2025-02-04 00:00:00,310015,WA002,"","",102,9999A,WA002,14.999909280595118,2025-01-10 00:00:00
232716-1-1-109,Order,2025-02-04 00:00:00,310015,WA002,"","",102,9999A,WA002,14.999909280595118,2025-01-10 00:00:00
232716-1-1-110,Order,2025-02-04 00:00:00,310015,WA002,"","",102,9999A,WA002,14.999909280595118,2025-01-10 00:00:00
232716-1-1-111,Order,2025-02-05 00:00:00,310015,WA002,"","",102,9999A,WA002,14.999909280595118,2025-01-10 00:00:00
232716-1-1-112,Order,2025-02-05 00:00:00,310015,WA002,"","",102,9999A,WA002,14.999909280595118,2025-01-10 00:00:00
232716-1-1-113,Order,2025-02-05 00:00:00,310015,WA002,"","",102,9999A,WA002,14.999909280595118,2025-01-10 00:00:00
232716-1-1-114,Order,2025-02-05 00:00:00,310015,WA002,"","",102,9999A,WA002,14.999909280595118,2025-01-10 00:00:00
232716-1-1-115,Order,2025-02-05 00:00:00,310015,WA002,"","",102,9999A,WA002,14.999909280595118,2025-01-10 00:00:00
232716-1-1-116,Order,2025-02-08 00:00:00,310015,WA002,"","",102,9999A,WA002,14.999909280595118,2025-01-10 00:00:00
232716-1-1-117,Order,2025-02-08 00:00:00,310015,WA002,"","",102,9999A,WA002,14.999909280595118,2025-01-10 00:00:00
232716-1-1-118,Order,2025-02-08 00:00:00,310015,WA002,"","",102,9999A,WA002,14.999909280595118,2025-01-10 00:00:00
232716-1-1-119,Order,2025-02-08 00:00:00,310015,WA002,"","",102,9999A,WA002,14.999909280595118,2025-01-10 00:00:00
232716-1-1-120,Order,2025-02-08 00:00:00,310015,WA002,"","",102,9999A,WA002,14.999909280595118,2025-01-10 00:00:00
232717-1-1-101,Order,2025-02-01 00:00:00,310015,ID002,"","",102,9999A,MEX002,24,2025-01-13 00:00:00
232717-1-1-102,Order,2025-02-01 00:00:00,310015,ID002,"","",102,9999A,MEX002,5.599927424476095,2025-01-13 00:00:00
232725-1-1-101,Order,2025-02-04 00:00:00,310018,WA001,"","",102,9999A,WA001,14.999909280595118,2025-01-14 00:00:00
232727-1-1-101,Order,2025-02-02 00:00:00,310724,WA002,"","",101,9999E,WA007,20,2025-01-15 00:00:00
232727-1-1-102,Order,2025-02-01 00:00:00,310724,WA002,"","",101,9999E,WA007,0.05987480722126462,2025-01-15 00:00:00
232727-1-1-102,Order,2025-02-02 00:00:00,310724,WA002,"","",101,9999E,WA007,39.94012519277873,2025-01-15 00:00:00
232729-1-1-101,Order,2025-03-02 00:00:00,310724,WA002,"","",101,3041A,WA007,20,2025-01-17 00:00:00
232729-1-1-101,Order,2025-03-01 00:00:00,310724,WA002,"","",101,3041A,WA017,0.1001542229882972,2025-01-17 00:00:00
232729-1-1-101,Order,2025-03-02 00:00:00,310724,WA002,"","",101,3041A,WA017,19.899845777011702,2025-01-17 00:00:00
232732-1-1-101,Order,2025-02-02 00:00:00,310726,WA003,WA002,"",102,9999E,WA007,40,2025-01-22 00:00:00
232732-1-1-102,Order,2025-02-01 00:00:00,310726,WA003,WA002,"",102,9999E,WA007,0.12011249206205207,2025-01-22 00:00:00
232732-1-1-102,Order,2025-02-02 00:00:00,310726,WA003,WA002,"",102,9999E,WA007,39.879887507937944,2025-01-22 00:00:00
232733-1-1-101,Order,2025-03-01 00:00:00,310726,WA002,WA003,"",101,9999E,WA007,0.32005806041912366,2025-01-22 00:00:00
232733-1-1-101,Order,2025-03-02 00:00:00,310726,WA002,WA003,"",101,9999E,WA007,119.67994193958087,2025-01-22 00:00:00
232735-1-1-101,Order,2025-01-24 00:00:00,310726,WA003,"","",102,9999A,WA007,14.999909280595118,2025-01-13 00:00:00
232735-1-1-102,Order,2025-01-24 00:00:00,310726,WA003,"","",102,9999A,WA007,14.999909280595118,2025-01-13 00:00:00
232735-1-2-103,Order,2025-02-07 00:00:00,310726,WA003,"","",102,9999A,WA007,0.3599745985666334,2025-01-13 00:00:00
232735-1-2-103,Order,2025-02-08 00:00:00,310726,WA003,"","",102,9999A,WA007,14.639934682028485,2025-01-13 00:00:00
232735-1-2-104,Order,2025-02-08 00:00:00,310726,WA003,"","",102,9999A,WA007,14.999909280595118,2025-01-13 00:00:00
232735-1-2-105,Order,2025-02-07 00:00:00,310726,WA003,"","",102,9999A,WA007,0.14007076113580694,2025-01-13 00:00:00
232735-1-2-105,Order,2025-02-08 00:00:00,310726,WA003,"","",102,9999A,WA007,14.859838519459313,2025-01-13 00:00:00
232737-1-1-101,Order,2025-01-31 00:00:00,310015,ID002,WA001,"",102,9999A,TX001,0.9801324503311258,2025-01-14 00:00:00
232737-1-1-101,Order,2025-02-01 00:00:00,310015,ID002,WA001,"",102,9999A,TX001,20.019958269073754,2025-01-14 00:00:00
232737-1-2-102,Order,2025-02-28 00:00:00,310015,ID002,WA001,"",102,9999A,TX001,1.0400072575523904,2025-01-15 00:00:00
232737-1-2-102,Order,2025-03-01 00:00:00,310015,ID002,WA001,"",102,9999A,TX001,19.960083461852488,2025-01-15 00:00:00
232737-1-2-103,Order,2025-02-28 00:00:00,310015,ID002,WA001,"",102,9999A,TX001,0.1001542229882972,2025-01-15 00:00:00
232737-1-2-103,Order,2025-03-01 00:00:00,310015,ID002,WA001,"",102,9999A,TX001,20.89993649641658,2025-01-15 00:00:00
232738-1-1-101,Order,2025-05-01 00:00:00,310724,WA002,"","",102,9999A,WA002,14.999909280595118,2025-01-13 00:00:00
232738-1-1-102,Order,2025-05-02 00:00:00,310724,WA002,"","",102,9999A,WA002,14.999909280595118,2025-03-26 00:00:00
232739-1-1-101,Order,2025-01-23 00:00:00,310015,ID002,"","",102,9999A,TX001,0.019958269073754874,2025-01-13 00:00:00
232739-1-1-101,Order,2025-01-24 00:00:00,310015,ID002,"","",102,9999A,TX001,79.98004173092625,2025-01-13 00:00:00
232739-1-2-102,Order,2025-02-01 00:00:00,310015,ID002,"","",102,9999A,TX001,0.4601288215549306,2025-01-13 00:00:00
232739-1-2-102,Order,2025-02-02 00:00:00,310015,ID002,"","",102,9999A,TX001,79.53987117844507,2025-01-13 00:00:00
232743-1-1-101,Order,2025-01-28 00:00:00,310015,WA001,"","",102,9999A,WA001,14.999909280595118,2025-01-14 00:00:00
232743-1-2-102,Order,2025-02-25 00:00:00,310015,WA001,"","",102,9999A,WA001,14.999909280595118,2025-02-12 00:00:00
232743-1-2-103,Order,2025-03-06 00:00:00,310015,WA001,"","",102,9999A,WA001,14.999909280595118,2025-02-25 00:00:00
232743-1-3-104,Order,2025-03-14 00:00:00,310015,WA001,"","",102,9999A,WA001,14.999909280595118,2025-02-26 00:00:00
232743-1-3-105,Order,2025-03-27 00:00:00,310015,WA001,"","",102,9999A,WA001,14.999909280595118,2025-03-12 00:00:00
232743-1-4-106,Order,2025-04-08 00:00:00,310015,WA001,"","",102,9999A,WA001,14.999909280595118,2025-03-27 00:00:00
232743-1-4-107,Order,2025-04-17 00:00:00,310015,WA001,"","",102,9999A,WA001,14.999909280595118,2025-03-27 00:00:00
232743-1-5-108,Order,2025-04-24 00:00:00,310015,WA001,"","",102,9999A,WA001,14.999909280595118,2025-04-07 00:00:00
232743-1-5-109,Order,2025-05-16 00:00:00,310015,WA001,"","",102,9999A,WA001,14.999909280595118,2025-05-12 00:00:00
232743-1-5-110,Order,2025-05-21 00:00:00,310015,WA001,"","",102,9999A,WA001,14.999909280595118,2025-05-12 00:00:00
232743-1-6-111,Order,2025-06-05 00:00:00,310015,WA001,"","",102,9999A,WA001,14.999909280595118,2025-05-22 00:00:00
232743-1-6-112,Order,2025-06-17 00:00:00,310015,WA001,"","",102,9999A,WA001,14.999909280595118,2025-05-23 00:00:00
232743-1-7-113,Order,2025-06-24 00:00:00,310015,WA001,"","",102,9999A,WA001,14.999909280595118,2025-06-04 00:00:00
232749-1-1-101,Order,2025-02-16 00:00:00,310015,WA002,"","",101,3123A,WA017,80,2025-01-22 00:00:00
232754-1-1-101,Order,2025-03-15 00:00:00,310726,WA003,"","",101,3025S,WA007,0.3599745985666334,2025-01-22 00:00:00
232754-1-1-101,Order,2025-03-16 00:00:00,310726,WA003,"","",101,3025S,WA007,139.64002540143335,2025-01-22 00:00:00
232754-1-1-102,Order,2025-03-15 00:00:00,310726,WA003,"","",101,3025S,WA007,120,2025-01-22 00:00:00
232754-1-1-103,Order,2025-03-15 00:00:00,310726,WA003,"","",101,3025S,WA007,0.3400163294928785,2025-01-22 00:00:00
232754-1-1-103,Order,2025-03-16 00:00:00,310726,WA003,"","",101,3025S,WA007,139.65998367050713,2025-01-22 00:00:00
232754-1-1-104,Order,2025-04-18 00:00:00,310726,WA003,"","",101,3025S,WA007,120,2025-01-24 00:00:00
232757-1-3-104,Order,2025-03-29 00:00:00,310015,WA001,"","",102,3117A,WA001,14.999909280595118,2025-02-04 00:00:00
232758-1-1-101,Order,2025-04-01 00:00:00,310015,ID002,WA001,"",102,9999A,MEX002,21.00009071940488,2025-02-18 00:00:00
232758-1-1-102,Order,2025-04-01 00:00:00,310015,ID002,WA001,"",102,9999A,MEX002,21.00009071940488,2025-02-18 00:00:00
232759-1-1-101,Order,2025-03-01 00:00:00,310015,ID002,WA001,"",102,9999A,TX001,16,2025-01-30 00:00:00
232759-1-2-102,Order,2025-06-01 00:00:00,310015,ID002,WA001,"",102,9999A,MEX002,0.019958269073754874,2025-05-14 00:00:00
232763-1-1-101,Order,2025-02-15 00:00:00,310015,WA001,"","",102,9999A,WA001,0.019958269073754874,2025-02-06 00:00:00
232763-1-1-101,Order,2025-02-16 00:00:00,310015,WA001,"","",102,9999A,WA001,479.98004173092625,2025-02-06 00:00:00
232773-1-1-101,Order,2025-02-01 00:00:00,310015,WA001,"","",102,9999A,WA001,14.999909280595118,2025-01-21 00:00:00
232776-1-1-101,Order,2025-01-30 00:00:00,310015,WA001,"","",102,9999A,WA001,14.999909280595118,2025-01-21 00:00:00
232776-1-1-102,Order,2025-01-30 00:00:00,310015,WA001,"","",102,9999A,WA001,14.999909280595118,2025-01-21 00:00:00
232776-1-1-103,Order,2025-01-30 00:00:00,310015,WA001,"","",102,9999A,WA001,14.999909280595118,2025-01-21 00:00:00
232776-1-1-104,Order,2025-02-01 00:00:00,310015,WA001,"","",102,9999A,WA001,14.999909280595118,2025-01-21 00:00:00
232776-1-1-105,Order,2025-02-01 00:00:00,310015,WA001,"","",102,9999A,WA001,14.999909280595118,2025-01-21 00:00:00
232776-1-1-106,Order,2025-02-01 00:00:00,310015,WA001,"","",102,9999A,WA001,14.999909280595118,2025-01-21 00:00:00
232776-1-1-107,Order,2025-02-04 00:00:00,310015,WA001,"","",102,9999A,WA001,14.999909280595118,2025-01-21 00:00:00
232776-1-1-108,Order,2025-02-04 00:00:00,310015,WA001,"","",102,9999A,WA001,14.999909280595118,2025-01-21 00:00:00
232776-1-1-109,Order,2025-02-04 00:00:00,310015,WA001,"","",102,9999A,WA001,14.999909280595118,2025-01-21 00:00:00
232776-1-1-110,Order,2025-02-04 00:00:00,310015,WA001,"","",102,9999A,WA001,14.999909280595118,2025-01-21 00:00:00
232783-1-1-101,Order,2025-03-03 00:00:00,310724,WA002,"","",102,9999A,WA002,1.0000907194048807,2025-02-13 00:00:00
232783-1-1-101,Order,2025-03-04 00:00:00,310724,WA002,"","",102,9999A,WA002,14.999909280595118,2025-02-13 00:00:00
232784-1-1-101,Order,2025-03-16 00:00:00,310726,WA002,WA003,"",102,9999E,WA007,40,2025-02-07 00:00:00
232784-1-1-102,Order,2025-03-15 00:00:00,310726,WA002,WA003,"",102,9999E,WA007,0.19994556835707158,2025-02-07 00:00:00
232784-1-1-102,Order,2025-03-16 00:00:00,310726,WA002,WA003,"",102,9999E,WA007,39.80005443164293,2025-02-07 00:00:00
232785-1-1-101,Order,2025-02-15 00:00:00,310726,WA003,WA002,"",101,3015A,WA007,6.080014515104781,2025-01-27 00:00:00
232785-1-1-101,Order,2025-02-16 00:00:00,310726,WA003,WA002,"",101,3015A,WA007,233.91998548489522,2025-01-27 00:00:00
232785-1-1-102,Order,2025-02-28 00:00:00,310726,WA003,WA002,"",101,3015A,WA007,0.0798330762950195,2025-01-27 00:00:00
232785-1-1-102,Order,2025-03-01 00:00:00,310726,WA003,WA002,"",101,9999E,WA007,159.92016692370498,2025-01-27 00:00:00
232786-1-1-101,Order,2025-05-01 00:00:00,310724,WA002,"","",102,9999A,WA002,14.999909280595118,2025-01-23 00:00:00
232787-1-1-101,Order,2025-02-07 00:00:00,310015,ID002,"","",102,9999A,ID010,14.999909280595118,2025-01-24 00:00:00
232787-1-1-102,Order,2025-02-07 00:00:00,310015,ID002,"","",102,9999A,ID010,14.999909280595118,2025-01-24 00:00:00
232787-1-1-103,Order,2025-02-07 00:00:00,310015,ID002,"","",102,9999A,ID010,14.999909280595118,2025-01-24 00:00:00
232787-1-1-104,Order,2025-02-07 00:00:00,310015,ID002,"","",102,9999A,ID010,14.999909280595118,2025-01-24 00:00:00
232787-1-1-105,Order,2025-02-07 00:00:00,310015,ID002,"","",102,9999A,ID010,14.999909280595118,2025-01-24 00:00:00
232787-1-2-106,Order,2025-02-16 00:00:00,310015,ID002,"","",102,9999A,ID010,14.999909280595118,2025-01-24 00:00:00
232787-1-2-107,Order,2025-02-16 00:00:00,310015,ID002,"","",102,9999A,ID010,14.999909280595118,2025-01-24 00:00:00
232787-1-2-108,Order,2025-02-16 00:00:00,310015,ID002,"","",102,9999A,ID010,14.999909280595118,2025-01-24 00:00:00
232787-1-2-109,Order,2025-02-16 00:00:00,310015,ID002,"","",102,9999A,ID010,14.999909280595118,2025-01-24 00:00:00
232787-1-2-110,Order,2025-02-16 00:00:00,310015,ID002,"","",102,9999A,ID010,14.999909280595118,2025-01-24 00:00:00
232788-1-1-101,Order,2025-01-31 00:00:00,310015,ID002,"","",101,3123A,ID002,14.999909280595118,2025-01-23 00:00:00
232788-1-1-102,Order,2025-01-31 00:00:00,310015,ID002,"","",101,3123A,ID002,14.999909280595118,2025-01-23 00:00:00
232788-1-1-103,Order,2025-01-30 00:00:00,310015,ID002,"","",101,3123A,ID002,0.019958269073754874,2025-01-23 00:00:00
232788-1-1-103,Order,2025-01-31 00:00:00,310015,ID002,"","",101,3123A,ID002,14.979951011521363,2025-01-23 00:00:00
232788-1-1-104,Order,2025-01-31 00:00:00,310015,ID002,"","",101,3123A,ID002,14.999909280595118,2025-01-23 00:00:00
232788-1-1-105,Order,2025-01-30 00:00:00,310015,ID002,"","",101,3123A,ID002,0.16002903020956183,2025-01-23 00:00:00
232788-1-1-105,Order,2025-01-31 00:00:00,310015,ID002,"","",101,3123A,ID002,14.839880250385557,2025-01-23 00:00:00
232788-1-1-106,Order,2025-01-31 00:00:00,310015,ID002,"","",101,3123A,ID002,14.999909280595118,2025-01-23 00:00:00
232788-1-1-107,Order,2025-01-31 00:00:00,310015,ID002,"","",101,3123A,ID002,14.999909280595118,2025-01-23 00:00:00
232788-1-2-108,Order,2025-02-11 00:00:00,310015,ID002,"","",101,3123A,ID002,14.999909280595118,2025-01-23 00:00:00
232788-1-2-109,Order,2025-02-11 00:00:00,310015,ID002,"","",101,3123A,ID002,14.999909280595118,2025-01-23 00:00:00
232788-1-2-110,Order,2025-02-11 00:00:00,310015,ID002,"","",101,3123A,ID002,14.999909280595118,2025-01-23 00:00:00
232788-1-2-111,Order,2025-02-11 00:00:00,310015,ID002,"","",101,3123A,ID002,14.999909280595118,2025-01-23 00:00:00
232788-1-2-112,Order,2025-02-11 00:00:00,310015,ID002,"","",101,3123A,ID002,14.999909280595118,2025-01-23 00:00:00
232788-1-2-113,Order,2025-02-11 00:00:00,310015,ID002,"","",101,3123A,ID002,14.999909280595118,2025-01-23 00:00:00
232788-1-2-114,Order,2025-02-11 00:00:00,310015,ID002,"","",101,3123A,ID002,14.999909280595118,2025-01-23 00:00:00
232788-1-2-115,Order,2025-02-11 00:00:00,310015,ID002,"","",101,3123A,ID002,14.999909280595118,2025-01-23 00:00:00
232792-1-1-101,Order,2025-02-17 00:00:00,310015,WA001,"","",102,9999A,WA001,14.999909280595118,2025-02-13 00:00:00
232794-1-1-101,Order,2025-02-02 00:00:00,310002,WA001,"","",102,9999A,WA001,14.999909280595118,2025-01-24 00:00:00
232795-1-1-101,Order,2025-02-04 00:00:00,310015,WA001,"","",102,9999A,WA001,14.999909280595118,2025-01-24 00:00:00
232795-1-1-102,Order,2025-02-04 00:00:00,310015,WA001,"","",102,9999A,WA001,14.999909280595118,2025-01-24 00:00:00
232795-1-1-103,Order,2025-02-04 00:00:00,310015,WA001,"","",102,9999A,WA001,14.999909280595118,2025-01-24 00:00:00
232795-1-1-104,Order,2025-02-08 00:00:00,310015,WA001,"","",102,9999A,WA001,14.999909280595118,2025-01-24 00:00:00
232795-1-1-105,Order,2025-02-08 00:00:00,310015,WA001,"","",102,9999A,WA001,14.999909280595118,2025-01-24 00:00:00
232795-1-1-106,Order,2025-02-08 00:00:00,310015,WA001,"","",102,9999A,WA001,14.999909280595118,2025-01-24 00:00:00
232795-1-1-107,Order,2025-02-11 00:00:00,310015,WA001,"","",102,9999A,WA001,14.999909280595118,2025-01-24 00:00:00
232795-1-1-108,Order,2025-02-11 00:00:00,310015,WA001,"","",102,9999A,WA001,14.999909280595118,2025-01-24 00:00:00
232795-1-1-109,Order,2025-02-11 00:00:00,310015,WA001,"","",102,9999A,WA001,14.999909280595118,2025-01-24 00:00:00
232795-1-1-110,Order,2025-02-11 00:00:00,310015,WA001,"","",102,9999A,WA001,14.999909280595118,2025-01-24 00:00:00
232800-1-1-101,Order,2025-03-16 00:00:00,310726,WA002,"","",102,9999E,WA007,80,2025-02-19 00:00:00
232800-1-1-102,Order,2025-03-15 00:00:00,310726,WA002,"","",102,9999E,WA007,60,2025-02-19 00:00:00
232800-1-1-106,Order,2025-03-15 00:00:00,310726,WA002,"","",102,9999E,WA007,0.11974961444252924,2025-02-20 00:00:00
232800-1-1-106,Order,2025-03-16 00:00:00,310726,WA002,"","",102,9999E,WA007,59.88025038555747,2025-02-20 00:00:00
232800-1-2-103,Order,2025-04-15 00:00:00,310726,WA002,"","",102,9999E,WA007,60,2025-02-19 00:00:00
232800-1-2-104,Order,2025-04-01 00:00:00,310726,WA002,"","",102,9999E,WA007,60,2025-02-19 00:00:00
232800-1-2-107,Order,2025-04-02 00:00:00,310726,WA002,"","",102,9999E,WA007,60,2025-02-20 00:00:00
232800-1-2-108,Order,2025-04-15 00:00:00,310726,WA002,"","",102,9999E,WA007,0.03991653814750975,2025-02-20 00:00:00
232800-1-2-108,Order,2025-04-16 00:00:00,310726,WA002,"","",102,9999E,WA007,59.96008346185249,2025-02-20 00:00:00
232800-1-3-105,Order,2025-05-15 00:00:00,310726,WA002,"","",102,9999E,WA007,100,2025-02-19 00:00:00
232800-1-3-109,Order,2025-04-28 00:00:00,310726,WA003,"","",102,9999E,WA007,100,2025-02-20 00:00:00
232802-1-1-101,Order,2025-03-01 00:00:00,310726,WA003,WA002,"",102,9999E,WA007,0.5399618978499501,2025-02-19 00:00:00
232802-1-1-101,Order,2025-03-02 00:00:00,310726,WA003,WA002,"",102,9999E,WA007,119.46003810215005,2025-02-19 00:00:00
232806-1-1-101,Order,2025-03-16 00:00:00,310726,WA003,WA002,"",102,9999E,WA007,40,2025-02-21 00:00:00
232807-1-1-101,Order,2025-05-01 00:00:00,310015,ID002,WA001,"",102,9999A,MEX002,20,2025-03-18 00:00:00
232807-1-1-102,Order,2025-05-01 00:00:00,310015,ID002,WA001,"",102,9999A,MEX002,20,2025-03-18 00:00:00
232807-1-1-103,Order,2025-05-01 00:00:00,310015,ID002,WA001,"",102,9999A,MEX002,20,2025-03-18 00:00:00
232807-1-1-104,Order,2025-05-01 00:00:00,310015,ID002,WA001,"",102,9999A,MEX002,20,2025-03-18 00:00:00
232807-1-1-105,Order,2025-05-01 00:00:00,310015,ID002,WA001,"",102,9999A,MEX002,20,2025-03-18 00:00:00
232807-1-1-106,Order,2025-05-01 00:00:00,310015,ID002,WA001,"",102,9999A,MEX002,20,2025-03-18 00:00:00
232807-1-1-107,Order,2025-05-01 00:00:00,310015,ID002,WA001,"",102,9999A,MEX002,20,2025-03-18 00:00:00
232807-1-1-108,Order,2025-05-01 00:00:00,310015,ID002,WA001,"",102,9999A,MEX002,20,2025-03-18 00:00:00
232807-1-1-109,Order,2025-05-01 00:00:00,310015,ID002,WA001,"",102,9999A,MEX002,20,2025-03-18 00:00:00
232807-1-1-110,Order,2025-05-01 00:00:00,310015,ID002,WA001,"",102,9999A,MEX002,20,2025-03-18 00:00:00
232807-1-1-111,Order,2025-05-31 00:00:00,310015,ID002,WA001,"",102,9999A,MEX002,20,2025-03-18 00:00:00
232807-1-1-112,Order,2025-05-31 00:00:00,310015,ID002,WA001,"",102,9999A,MEX002,20,2025-03-18 00:00:00
232807-1-1-113,Order,2025-05-01 00:00:00,310015,ID002,WA001,"",102,9999A,MEX002,20,2025-03-18 00:00:00
232807-1-1-114,Order,2025-05-01 00:00:00,310015,ID002,WA001,"",102,9999A,MEX002,20,2025-03-18 00:00:00
232807-1-1-115,Order,2025-05-31 00:00:00,310015,ID002,WA001,"",102,9999A,MEX002,20,2025-03-18 00:00:00
232807-1-1-116,Order,2025-05-31 00:00:00,310015,ID002,WA001,"",102,9999A,MEX002,20,2025-03-18 00:00:00
232807-1-1-117,Order,2025-05-01 00:00:00,310015,ID002,WA001,"",102,9999A,MEX002,20,2025-03-18 00:00:00
232807-1-1-118,Order,2025-05-01 00:00:00,310015,ID002,WA001,"",102,9999A,MEX002,20,2025-03-18 00:00:00
232807-1-1-119,Order,2025-05-01 00:00:00,310015,ID002,WA001,"",102,9999A,MEX002,20,2025-03-18 00:00:00
232807-1-1-120,Order,2025-05-01 00:00:00,310015,ID002,WA001,"",102,9999A,MEX002,20,2025-03-18 00:00:00
232807-1-1-121,Order,2025-05-01 00:00:00,310015,ID002,WA001,"",102,9999A,MEX002,20,2025-03-18 00:00:00
232807-1-1-122,Order,2025-05-31 00:00:00,310015,ID002,WA001,"",102,9999A,MEX002,20,2025-03-18 00:00:00
232807-1-1-123,Order,2025-05-01 00:00:00,310015,ID002,WA001,"",102,9999A,MEX002,20,2025-03-18 00:00:00
232807-1-1-124,Order,2025-05-31 00:00:00,310015,ID002,WA001,"",102,9999A,MEX002,20,2025-03-18 00:00:00
232807-1-1-125,Order,2025-05-01 00:00:00,310015,ID002,WA001,"",102,9999A,MEX002,20,2025-03-18 00:00:00
232807-1-1-126,Order,2025-05-31 00:00:00,310015,ID002,WA001,"",102,9999A,MEX002,20,2025-03-18 00:00:00
232807-1-1-127,Order,2025-05-01 00:00:00,310015,ID002,WA001,"",102,9999A,MEX002,20,2025-03-18 00:00:00
232807-1-1-128,Order,2025-05-01 00:00:00,310015,ID002,WA001,"",102,9999A,MEX002,20,2025-03-18 00:00:00
232807-1-2-129,Order,2025-06-01 00:00:00,310015,ID002,WA001,"",102,9999A,MEX002,20,2025-04-11 00:00:00
232807-1-2-130,Order,2025-06-01 00:00:00,310015,ID002,WA001,"",102,9999A,MEX002,20,2025-04-11 00:00:00
232807-1-2-131,Order,2025-06-01 00:00:00,310015,ID002,WA001,"",102,9999A,MEX002,20,2025-04-28 00:00:00
232807-1-2-132,Order,2025-06-01 00:00:00,310015,ID002,WA001,"",102,9999A,MEX002,20,2025-04-28 00:00:00
232807-1-2-133,Order,2025-06-01 00:00:00,310015,ID002,WA001,"",102,9999A,MEX002,20,2025-04-28 00:00:00
232807-1-2-134,Order,2025-06-01 00:00:00,310015,ID002,WA001,"",102,9999A,MEX002,20,2025-04-28 00:00:00
232807-1-2-135,Order,2025-06-01 00:00:00,310015,ID002,WA001,"",102,9999A,MEX002,20,2025-04-28 00:00:00
232807-1-2-136,Order,2025-06-01 00:00:00,310015,ID002,WA001,"",102,9999A,MEX002,20,2025-04-28 00:00:00
232807-1-2-137,Order,2025-06-01 00:00:00,310015,ID002,WA001,"",102,9999A,MEX002,20,2025-04-28 00:00:00
232807-1-2-138,Order,2025-06-01 00:00:00,310015,ID002,WA001,"",102,9999A,MEX002,20,2025-04-28 00:00:00
232807-1-2-139,Order,2025-06-01 00:00:00,310015,ID002,WA001,"",102,9999A,MEX002,20,2025-04-28 00:00:00
232807-1-2-140,Order,2025-06-01 00:00:00,310015,ID002,WA001,"",102,9999A,MEX002,20,2025-04-28 00:00:00
232807-1-2-141,Order,2025-06-01 00:00:00,310015,ID002,WA001,"",102,9999A,MEX002,20,2025-04-28 00:00:00
232807-1-2-142,Order,2025-06-01 00:00:00,310015,ID002,WA001,"",102,9999A,MEX002,20,2025-04-28 00:00:00
232807-1-2-143,Order,2025-06-01 00:00:00,310015,ID002,WA001,"",102,9999A,MEX002,20,2025-04-28 00:00:00
232807-1-2-144,Order,2025-06-01 00:00:00,310015,ID002,WA001,"",102,9999A,MEX002,20,2025-04-28 00:00:00
232807-1-2-145,Order,2025-06-01 00:00:00,310015,ID002,WA001,"",102,9999A,MEX002,20,2025-04-28 00:00:00
232807-1-2-146,Order,2025-06-01 00:00:00,310015,ID002,WA001,"",102,9999A,MEX002,20,2025-04-28 00:00:00
232807-1-2-147,Order,2025-06-01 00:00:00,310015,ID002,WA001,"",102,9999A,MEX002,20,2025-04-28 00:00:00
232807-1-2-148,Order,2025-06-01 00:00:00,310015,ID002,WA001,"",102,9999A,MEX002,20,2025-04-28 00:00:00
232807-1-2-149,Order,2025-06-01 00:00:00,310015,ID002,WA001,"",102,9999A,MEX002,20,2025-04-28 00:00:00
232807-1-2-150,Order,2025-06-01 00:00:00,310015,ID002,WA001,"",102,9999A,MEX002,20,2025-04-28 00:00:00
232807-1-2-151,Order,2025-06-01 00:00:00,310015,ID002,WA001,"",102,9999A,MEX002,20,2025-04-28 00:00:00
232807-1-2-152,Order,2025-06-01 00:00:00,310015,ID002,WA001,"",102,9999A,MEX002,20,2025-04-28 00:00:00
232807-1-2-153,Order,2025-06-01 00:00:00,310015,ID002,WA001,"",102,9999A,MEX002,20,2025-04-28 00:00:00
232807-1-2-154,Order,2025-06-01 00:00:00,310015,ID002,WA001,"",102,9999A,MEX002,20,2025-04-28 00:00:00
232807-1-2-155,Order,2025-06-01 00:00:00,310015,ID002,WA001,"",102,9999A,MEX002,20,2025-04-28 00:00:00
232807-1-2-156,Order,2025-06-01 00:00:00,310015,ID002,WA001,"",102,9999A,MEX002,20,2025-04-28 00:00:00
232807-1-2-157,Order,2025-06-01 00:00:00,310015,ID002,WA001,"",102,9999A,MEX002,20,2025-04-28 00:00:00
232807-1-2-158,Order,2025-06-01 00:00:00,310015,ID002,WA001,"",102,9999A,MEX002,20,2025-04-28 00:00:00
232807-1-2-159,Order,2025-06-01 00:00:00,310015,ID002,WA001,"",102,9999A,MEX002,20,2025-04-28 00:00:00
232807-1-2-160,Order,2025-06-01 00:00:00,310015,ID002,WA001,"",102,9999A,MEX002,20,2025-04-28 00:00:00
232807-1-2-161,Order,2025-05-30 00:00:00,310015,ID002,WA001,"",102,9999A,MEX002,20,2025-04-28 00:00:00
232807-1-2-162,Order,2025-05-30 00:00:00,310015,ID002,WA001,"",102,9999A,MEX002,20,2025-04-28 00:00:00
232807-1-2-163,Order,2025-05-30 00:00:00,310015,ID002,WA001,"",102,9999A,MEX002,20,2025-04-28 00:00:00
232807-1-2-164,Order,2025-05-30 00:00:00,310015,ID002,WA001,"",102,9999A,MEX002,20,2025-04-28 00:00:00
232807-1-3-165,Order,2025-07-01 00:00:00,310015,ID002,WA001,"",102,9999A,MEX002,20,2025-06-05 00:00:00
232807-1-3-166,Order,2025-07-01 00:00:00,310015,ID002,WA001,"",102,9999A,MEX002,20,2025-06-05 00:00:00
232807-1-3-167,Order,2025-07-01 00:00:00,310015,ID002,WA001,"",102,9999A,MEX002,20,2025-06-05 00:00:00
232807-1-3-168,Order,2025-07-01 00:00:00,310015,ID002,WA001,"",102,9999A,MEX002,20,2025-06-05 00:00:00
232807-1-3-169,Order,2025-07-01 00:00:00,310015,ID002,WA001,"",102,9999A,MEX002,20,2025-06-05 00:00:00
232807-1-3-170,Order,2025-07-01 00:00:00,310015,ID002,WA001,"",102,9999A,MEX002,20,2025-06-05 00:00:00
232807-1-3-171,Order,2025-07-01 00:00:00,310015,ID002,WA001,"",102,9999A,MEX002,20,2025-06-05 00:00:00
232807-1-3-172,Order,2025-07-01 00:00:00,310015,ID002,WA001,"",102,9999A,MEX002,20,2025-06-05 00:00:00
232807-1-3-173,Order,2025-07-01 00:00:00,310015,ID002,WA001,"",102,9999A,MEX002,20,2025-06-05 00:00:00
232807-1-3-174,Order,2025-07-01 00:00:00,310015,ID002,WA001,"",102,9999A,MEX002,20,2025-06-05 00:00:00
232807-1-3-175,Order,2025-07-01 00:00:00,310015,ID002,WA001,"",102,9999A,MEX002,20,2025-06-05 00:00:00
232807-1-3-176,Order,2025-07-01 00:00:00,310015,ID002,WA001,"",102,9999A,MEX002,20,2025-06-05 00:00:00
232807-1-3-177,Order,2025-07-01 00:00:00,310015,ID002,WA001,"",102,9999A,MEX002,20,2025-06-05 00:00:00
232807-1-3-178,Order,2025-07-01 00:00:00,310015,ID002,WA001,"",102,9999A,MEX002,20,2025-06-05 00:00:00
232807-1-3-179,Order,2025-07-01 00:00:00,310015,ID002,WA001,"",102,9999A,MEX002,20,2025-06-05 00:00:00
232807-1-3-180,Order,2025-07-01 00:00:00,310015,ID002,WA001,"",102,9999A,MEX002,20,2025-06-05 00:00:00
232807-1-3-181,Order,2025-07-01 00:00:00,310015,ID002,WA001,"",102,9999A,MEX002,20,2025-06-05 00:00:00
232807-1-3-182,Order,2025-07-01 00:00:00,310015,ID002,WA001,"",102,9999A,MEX002,20,2025-06-05 00:00:00
232807-1-3-183,Order,2025-07-01 00:00:00,310015,ID002,WA001,"",102,9999A,MEX002,20,2025-06-05 00:00:00
232807-1-3-184,Order,2025-07-01 00:00:00,310015,ID002,WA001,"",102,9999A,MEX002,20,2025-06-05 00:00:00
232807-1-3-185,Order,2025-07-01 00:00:00,310015,ID002,WA001,"",102,9999A,MEX002,20,2025-06-05 00:00:00
232807-1-3-186,Order,2025-07-01 00:00:00,310015,ID002,WA001,"",102,9999A,MEX002,20,2025-06-05 00:00:00
232807-1-3-187,Order,2025-07-01 00:00:00,310015,ID002,WA001,"",102,9999A,MEX002,20,2025-06-05 00:00:00
232807-1-3-188,Order,2025-07-01 00:00:00,310015,ID002,WA001,"",102,9999A,MEX002,20,2025-06-05 00:00:00
232808-1-1-101,Order,2025-02-04 00:00:00,310015,ID002,"","",102,9999A,ID010,14.999909280595118,2025-01-29 00:00:00
232810-1-1-101,Order,2025-02-16 00:00:00,310724,WA002,"","",102,9999E,WA007,20,2025-01-27 00:00:00
232810-1-1-102,Order,2025-02-16 00:00:00,310724,WA002,"","",102,9999E,WA007,20,2025-01-27 00:00:00
232811-1-1-101,Order,2025-05-28 00:00:00,310002,WA001,"","",102,9999A,TX001,20,2025-04-29 00:00:00
232811-1-2-102,Order,2025-06-28 00:00:00,310002,WA001,"","",102,9999A,TX001,20,2025-05-22 00:00:00
232812-1-1-101,Order,2025-02-28 00:00:00,310015,ID002,WA001,"",102,9999A,TX001,1.0200489884786357,2025-01-28 00:00:00
232812-1-1-101,Order,2025-03-01 00:00:00,310015,ID002,WA001,"",102,9999A,TX001,19.980041730926242,2025-01-28 00:00:00
232812-1-1-102,Order,2025-02-28 00:00:00,310015,ID002,WA001,"",102,9999A,TX001,1.0200489884786357,2025-01-28 00:00:00
232812-1-1-102,Order,2025-03-01 00:00:00,310015,ID002,WA001,"",102,9999A,TX001,19.980041730926242,2025-01-28 00:00:00
232812-1-1-103,Order,2025-02-28 00:00:00,310015,ID002,WA001,"",102,9999A,TX001,1.0400072575523904,2025-01-28 00:00:00
232812-1-1-103,Order,2025-03-01 00:00:00,310015,ID002,WA001,"",102,9999A,TX001,19.960083461852488,2025-01-28 00:00:00
232812-1-1-104,Order,2025-02-28 00:00:00,310015,ID002,WA001,"",102,9999A,TX001,1.1800780186881974,2025-01-28 00:00:00
232812-1-1-104,Order,2025-03-01 00:00:00,310015,ID002,WA001,"",102,9999A,TX001,19.82001270071668,2025-01-28 00:00:00
232812-1-1-105,Order,2025-02-28 00:00:00,310015,ID002,WA001,"",102,9999A,TX001,1.239952825909462,2025-01-28 00:00:00
232812-1-1-105,Order,2025-03-01 00:00:00,310015,ID002,WA001,"",102,9999A,TX001,19.76013789349542,2025-01-28 00:00:00
232812-1-1-106,Order,2025-02-28 00:00:00,310015,ID002,WA001,"",102,9999A,TX001,1.0998820647736551,2025-01-28 00:00:00
232812-1-1-106,Order,2025-03-01 00:00:00,310015,ID002,WA001,"",102,9999A,TX001,19.899845777011702,2025-01-28 00:00:00
232812-1-1-107,Order,2025-02-28 00:00:00,310015,ID002,WA001,"",102,9999A,TX001,1.1198403338474099,2025-01-28 00:00:00
232812-1-1-107,Order,2025-03-01 00:00:00,310015,ID002,WA001,"",102,9999A,TX001,19.879887507937948,2025-01-28 00:00:00
232812-1-1-108,Order,2025-03-01 00:00:00,310015,ID002,WA001,"",102,9999A,TX001,21.00009071940488,2025-01-28 00:00:00
232812-1-1-109,Order,2025-02-28 00:00:00,310015,ID002,WA001,"",102,9999A,TX001,0.019958269073754874,2025-01-28 00:00:00
232812-1-1-109,Order,2025-03-01 00:00:00,310015,ID002,WA001,"",102,9999A,TX001,20.980132450331126,2025-01-28 00:00:00
232812-1-1-110,Order,2025-03-01 00:00:00,310015,ID002,WA001,"",102,9999A,TX001,21.00009071940488,2025-01-28 00:00:00
232812-1-1-111,Order,2025-02-28 00:00:00,310015,ID002,WA001,"",102,9999A,TX001,1.0000907194048807,2025-01-28 00:00:00
232812-1-1-111,Order,2025-03-01 00:00:00,310015,ID002,WA001,"",102,9999A,TX001,20,2025-01-28 00:00:00
232812-1-1-112,Order,2025-02-28 00:00:00,310015,ID002,WA001,"",102,9999A,TX001,1.0000907194048807,2025-01-28 00:00:00
232812-1-1-112,Order,2025-03-01 00:00:00,310015,ID002,WA001,"",102,9999A,TX001,20,2025-01-28 00:00:00
232812-1-1-113,Order,2025-02-28 00:00:00,310015,ID002,WA001,"",102,9999A,TX001,1.0000907194048807,2025-01-28 00:00:00
232812-1-1-113,Order,2025-03-01 00:00:00,310015,ID002,WA001,"",102,9999A,TX001,20,2025-01-28 00:00:00
232812-1-1-114,Order,2025-02-28 00:00:00,310015,ID002,WA001,"",102,9999A,TX001,1.0000907194048807,2025-01-28 00:00:00
232812-1-1-114,Order,2025-03-01 00:00:00,310015,ID002,WA001,"",102,9999A,TX001,20,2025-01-28 00:00:00
232812-1-1-115,Order,2025-02-28 00:00:00,310015,ID002,WA001,"",102,9999A,TX001,1.0000907194048807,2025-01-28 00:00:00
232812-1-1-115,Order,2025-03-01 00:00:00,310015,ID002,WA001,"",102,9999A,TX001,20,2025-01-28 00:00:00
232814-1-1-101,Order,2025-03-02 00:00:00,310002,WA001,"","",102,9999A,WA001,200,2025-02-12 00:00:00
232814-1-1-102,Order,2025-03-01 00:00:00,310002,WA001,"","",102,9999A,WA001,0.019958269073754874,2025-02-12 00:00:00
232814-1-1-102,Order,2025-03-02 00:00:00,310002,WA001,"","",102,9999A,WA001,119.98004173092625,2025-02-12 00:00:00
232815-1-1-101,Order,2025-03-15 00:00:00,310724,WA002,WA003,"",102,9999A,WA007,0.03991653814750975,2025-01-30 00:00:00
232815-1-1-101,Order,2025-03-16 00:00:00,310724,WA002,WA003,"",102,9999A,WA007,39.960083461852484,2025-01-30 00:00:00
232816-1-1-101,Order,2025-03-02 00:00:00,310724,WA002,"","",102,9999A,WA007,20,2025-02-13 00:00:00
232817-1-1-101,Order,2025-02-01 00:00:00,310015,ID002,"","",102,9999A,MEX002,4,2025-01-28 00:00:00
232818-1-1-101,Order,2025-03-02 00:00:00,310724,WA002,"","",102,9999A,WA007,80,2025-01-30 00:00:00
232818-1-2-102,Order,2025-03-16 00:00:00,310724,WA002,"","",102,9999A,WA007,20,2025-01-30 00:00:00
232822-1-1-101,Order,2025-03-16 00:00:00,310724,WA002,"","",102,9999A,WA007,40,2025-01-31 00:00:00
232825-1-1-101,Order,2025-02-11 00:00:00,310015,WA001,"","",102,9999A,WA001,14.999909280595118,2025-01-29 00:00:00
232825-1-1-102,Order,2025-02-11 00:00:00,310015,WA001,"","",102,9999A,WA001,14.999909280595118,2025-01-29 00:00:00
232825-1-1-103,Order,2025-02-11 00:00:00,310015,WA001,"","",102,9999A,WA001,14.999909280595118,2025-01-29 00:00:00
232825-1-1-104,Order,2025-02-11 00:00:00,310015,WA001,"","",102,9999A,WA001,14.999909280595118,2025-01-29 00:00:00
232825-1-1-105,Order,2025-02-11 00:00:00,310015,WA001,"","",102,9999A,WA001,14.999909280595118,2025-01-29 00:00:00
232825-1-1-106,Order,2025-02-11 00:00:00,310015,WA001,"","",102,9999A,WA001,14.999909280595118,2025-01-29 00:00:00
232825-1-1-107,Order,2025-02-11 00:00:00,310015,WA001,"","",102,9999A,WA001,14.999909280595118,2025-01-29 00:00:00
232826-1-1,Contract,2025-07-01 00:00:00,310726,WA002,WA003,"",102,9999A,WA007,20.000181438809758,
232830-1-1-101,Order,2025-02-15 00:00:00,310015,ID002,"","",102,9999A,ID010,0.019958269073754874,2025-02-05 00:00:00
232830-1-1-101,Order,2025-02-16 00:00:00,310015,ID002,"","",102,9999A,ID010,14.979951011521363,2025-02-05 00:00:00
232830-1-1-102,Order,2025-02-15 00:00:00,310015,ID002,"","",102,9999A,ID010,0.019958269073754874,2025-02-05 00:00:00
232830-1-1-102,Order,2025-02-16 00:00:00,310015,ID002,"","",102,9999A,ID010,14.979951011521363,2025-02-05 00:00:00
232830-1-1-103,Order,2025-02-16 00:00:00,310015,ID002,"","",102,9999A,ID010,14.999909280595118,2025-02-05 00:00:00
232830-1-1-104,Order,2025-02-16 00:00:00,310015,ID002,"","",102,9999A,ID010,14.999909280595118,2025-02-05 00:00:00
232830-1-1-105,Order,2025-02-16 00:00:00,310015,ID002,"","",102,9999A,ID010,14.999909280595118,2025-02-05 00:00:00
232830-1-1-106,Order,2025-02-15 00:00:00,310015,ID002,"","",102,9999A,ID010,0.019958269073754874,2025-02-05 00:00:00
232830-1-1-106,Order,2025-02-16 00:00:00,310015,ID002,"","",102,9999A,ID010,14.979951011521363,2025-02-05 00:00:00
232830-1-1-107,Order,2025-02-16 00:00:00,310015,ID002,"","",102,9999A,ID010,14.999909280595118,2025-02-05 00:00:00
232830-1-1-108,Order,2025-02-16 00:00:00,310015,ID002,"","",102,9999A,ID010,14.999909280595118,2025-02-05 00:00:00
232830-1-1-109,Order,2025-02-16 00:00:00,310015,ID002,"","",102,9999A,ID010,14.999909280595118,2025-02-05 00:00:00
232833-1-1-101,Order,2025-02-21 00:00:00,310015,WA003,WA002,"",102,9999A,WA010,0.019958269073754874,2025-01-31 00:00:00
232833-1-1-101,Order,2025-02-22 00:00:00,310015,WA003,WA002,"",102,9999A,WA010,14.979951011521363,2025-01-31 00:00:00
232833-1-1-102,Order,2025-02-22 00:00:00,310015,WA003,WA002,"",102,9999A,WA010,14.999909280595118,2025-01-31 00:00:00
232833-1-1-103,Order,2025-02-21 00:00:00,310015,WA003,WA002,"",102,9999A,WA010,0.19994556835707158,2025-01-31 00:00:00
232833-1-1-103,Order,2025-02-22 00:00:00,310015,WA003,WA002,"",102,9999A,WA010,14.799963712238048,2025-01-31 00:00:00
232833-1-1-104,Order,2025-02-21 00:00:00,310015,WA003,WA002,"",102,9999A,WA010,0.019958269073754874,2025-01-31 00:00:00
232833-1-1-104,Order,2025-02-22 00:00:00,310015,WA003,WA002,"",102,9999A,WA010,14.979951011521363,2025-01-31 00:00:00
232833-1-1-105,Order,2025-02-21 00:00:00,310015,WA003,WA002,"",102,9999A,WA010,0.019958269073754874,2025-01-31 00:00:00
232833-1-1-105,Order,2025-02-22 00:00:00,310015,WA003,WA002,"",102,9999A,WA010,14.979951011521363,2025-01-31 00:00:00
232833-1-1-106,Order,2025-02-21 00:00:00,310015,WA001,"","",102,9999A,WA010,0.03991653814750975,2025-01-31 00:00:00
232833-1-1-106,Order,2025-02-22 00:00:00,310015,WA001,"","",102,9999A,WA010,14.959992742447609,2025-01-31 00:00:00
232833-1-1-107,Order,2025-02-22 00:00:00,310015,WA003,WA002,"",102,9999A,WA010,14.999909280595118,2025-01-31 00:00:00
232833-1-1-108,Order,2025-02-22 00:00:00,310015,WA003,WA002,"",102,9999A,WA010,14.999909280595118,2025-01-31 00:00:00
232833-1-1-109,Order,2025-02-22 00:00:00,310015,WA003,WA002,"",102,9999A,WA010,14.999909280595118,2025-01-31 00:00:00
232833-1-1-110,Order,2025-02-22 00:00:00,310015,WA003,WA002,"",102,9999A,WA010,14.999909280595118,2025-01-31 00:00:00
232833-1-1-111,Order,2025-02-21 00:00:00,310015,WA003,WA002,"",102,9999A,WA010,0.12011249206205207,2025-01-31 00:00:00
232833-1-1-111,Order,2025-02-22 00:00:00,310015,WA003,WA002,"",102,9999A,WA010,14.88015966615259,2025-01-31 00:00:00
232833-1-1-112,Order,2025-02-22 00:00:00,310015,WA003,WA002,"",102,9999A,WA010,14.999909280595118,2025-01-31 00:00:00
232833-1-1-113,Order,2025-02-22 00:00:00,310015,WA003,WA002,"",102,9999A,WA010,14.999909280595118,2025-01-31 00:00:00
232833-1-1-114,Order,2025-02-22 00:00:00,310015,WA003,WA002,"",102,9999A,WA010,14.999909280595118,2025-01-31 00:00:00
232833-1-1-115,Order,2025-02-22 00:00:00,310015,WA003,WA002,"",102,9999A,WA010,14.999909280595118,2025-01-31 00:00:00
232833-1-1-116,Order,2025-02-22 00:00:00,310015,WA003,WA002,"",102,9999A,WA010,14.999909280595118,2025-01-31 00:00:00
232833-1-1-117,Order,2025-02-21 00:00:00,310015,WA003,WA002,"",102,9999A,WA010,0.019958269073754874,2025-01-31 00:00:00
232833-1-1-117,Order,2025-02-22 00:00:00,310015,WA003,WA002,"",102,9999A,WA010,14.979951011521363,2025-01-31 00:00:00
232833-1-1-118,Order,2025-02-21 00:00:00,310015,WA003,WA002,"",102,9999A,WA010,0.019958269073754874,2025-01-31 00:00:00
232833-1-1-118,Order,2025-02-22 00:00:00,310015,WA003,WA002,"",102,9999A,WA010,14.979951011521363,2025-01-31 00:00:00
232833-1-1-119,Order,2025-02-21 00:00:00,310015,WA003,WA002,"",102,9999A,WA010,0.03991653814750975,2025-01-31 00:00:00
232833-1-1-119,Order,2025-02-22 00:00:00,310015,WA003,WA002,"",102,9999A,WA010,14.959992742447609,2025-01-31 00:00:00
232833-1-1-120,Order,2025-02-21 00:00:00,310015,WA003,WA002,"",102,9999A,WA010,0.3000997913453688,2025-01-31 00:00:00
232833-1-1-120,Order,2025-02-22 00:00:00,310015,WA003,WA002,"",102,9999A,WA010,14.700172366869275,2025-01-31 00:00:00
232834-1-2-101,Order,2025-03-02 00:00:00,310726,WA003,WA002,"",102,9999A,WA007,20,2025-02-05 00:00:00
232834-1-2-102,Order,2025-03-02 00:00:00,310726,WA003,WA002,"",102,9999A,WA007,20,2025-02-05 00:00:00
232847-1-1,Contract,2025-03-01 00:00:00,310726,WA002,"","",102,9999E,WA007,0.30000272158214636,
232847-1-1-101,Order,2025-03-01 00:00:00,310726,WA002,"","",102,9999E,WA007,0.29973691372584593,2025-02-07 00:00:00
232847-1-1-101,Order,2025-03-02 00:00:00,310726,WA002,"","",102,9999E,WA007,199.70026308627413,2025-02-07 00:00:00
232849-1-1-101,Order,2025-03-16 00:00:00,310724,WA002,"","",102,9999A,WA007,20,2025-02-11 00:00:00
232851-1-1-101,Order,2025-03-01 00:00:00,310015,WA001,"","",102,9999A,WA001,16,2025-02-04 00:00:00
232852-1-1-101,Order,2025-02-22 00:00:00,310015,ID002,"","",102,9999A,ID002,14.999909280595118,2025-02-04 00:00:00
232852-1-1-102,Order,2025-02-22 00:00:00,310015,ID002,"","",102,9999A,ID002,14.999909280595118,2025-02-04 00:00:00
232852-1-1-103,Order,2025-02-22 00:00:00,310015,ID002,"","",102,9999A,ID002,14.999909280595118,2025-02-04 00:00:00
232852-1-1-104,Order,2025-02-22 00:00:00,310015,ID002,"","",102,9999A,ID002,14.999909280595118,2025-02-04 00:00:00
232852-1-1-105,Order,2025-02-25 00:00:00,310015,ID002,"","",102,9999A,ID002,14.999909280595118,2025-02-04 00:00:00
232852-1-1-106,Order,2025-02-25 00:00:00,310015,ID002,"","",102,9999A,ID002,14.999909280595118,2025-02-04 00:00:00
232852-1-1-107,Order,2025-02-25 00:00:00,310015,ID002,"","",102,9999A,ID002,14.999909280595118,2025-02-04 00:00:00
232852-1-1-108,Order,2025-03-01 00:00:00,310015,ID002,"","",102,9999A,ID002,14.999909280595118,2025-02-04 00:00:00
232852-1-1-109,Order,2025-03-01 00:00:00,310015,ID002,"","",102,9999A,ID002,14.999909280595118,2025-02-04 00:00:00
232852-1-1-110,Order,2025-03-01 00:00:00,310015,ID002,"","",102,9999A,ID002,14.999909280595118,2025-02-04 00:00:00
232855-1-1-101,Order,2025-02-15 00:00:00,310015,ID002,"","",102,9999A,TX001,14.999909280595118,2025-02-04 00:00:00
232855-1-1-102,Order,2025-02-15 00:00:00,310015,ID002,"","",102,9999A,TX001,14.999909280595118,2025-02-04 00:00:00
232855-1-1-103,Order,2025-02-15 00:00:00,310015,ID002,"","",102,9999A,TX001,14.999909280595118,2025-02-04 00:00:00
232856-1-1-101,Order,2025-03-02 00:00:00,310726,WA003,WA002,"",102,9999A,WA007,60,2025-02-05 00:00:00
232856-1-1-102,Order,2025-03-15 00:00:00,310726,WA003,WA002,"",102,9999A,WA007,0.019958269073754874,2025-02-05 00:00:00
232856-1-1-102,Order,2025-03-16 00:00:00,310726,WA003,WA002,"",102,9999A,WA007,59.98004173092624,2025-02-05 00:00:00
232857-1-1-101,Order,2025-03-01 00:00:00,310726,WA003,WA002,"",101,9999E,WA007,0.4800870906286855,2025-02-10 00:00:00
232857-1-1-101,Order,2025-03-02 00:00:00,310726,WA003,WA002,"",101,9999E,WA007,119.5199129093713,2025-02-10 00:00:00
232857-1-1-102,Order,2025-03-15 00:00:00,310726,WA003,WA002,"",101,9999E,WA007,0.0798330762950195,2025-02-10 00:00:00
232857-1-1-102,Order,2025-03-16 00:00:00,310726,WA003,WA002,"",101,9999E,WA007,119.92016692370498,2025-02-10 00:00:00
232858-1-1-101,Order,2025-03-15 00:00:00,310726,WA003,WA002,"",101,9999E,WA007,0.5994738274516919,2025-03-03 00:00:00
232858-1-1-101,Order,2025-03-16 00:00:00,310726,WA003,WA002,"",101,9999E,WA007,239.4005261725483,2025-03-03 00:00:00
232859-1-1-101,Order,2025-02-15 00:00:00,310015,ID002,"","",102,9999A,ID002,14.999909280595118,2025-02-05 00:00:00
232863-1-1-101,Order,2025-03-15 00:00:00,310724,WA002,"","",102,9999A,WA007,0.019958269073754874,2025-02-13 00:00:00
232863-1-1-101,Order,2025-03-16 00:00:00,310724,WA002,"","",102,9999A,WA007,19.980041730926242,2025-02-13 00:00:00
232865-1-1-101,Order,2025-03-15 00:00:00,310724,WA002,"","",102,9999E,WA007,0.03991653814750975,2025-02-14 00:00:00
232865-1-1-101,Order,2025-03-16 00:00:00,310724,WA002,"","",102,9999E,WA007,199.9600834618525,2025-02-14 00:00:00
232865-1-1-102,Order,2025-03-15 00:00:00,310724,WA002,"","",102,9999E,WA007,0.6600743899120022,2025-02-14 00:00:00
232865-1-1-102,Order,2025-03-16 00:00:00,310724,WA002,"","",102,9999E,WA007,199.339925610088,2025-02-14 00:00:00
232865-1-1-103,Order,2025-03-15 00:00:00,310724,WA002,"","",102,9999E,WA007,0.41984940578789803,2025-02-14 00:00:00
232865-1-1-103,Order,2025-03-16 00:00:00,310724,WA002,"","",102,9999E,WA007,199.5801505942121,2025-02-14 00:00:00
232865-1-1-104,Order,2025-03-15 00:00:00,310724,WA002,"","",102,9999E,WA007,0.3799328676403883,2025-02-14 00:00:00
232865-1-1-104,Order,2025-03-16 00:00:00,310724,WA002,"","",102,9999E,WA007,199.62006713235962,2025-02-14 00:00:00
232865-1-1-105,Order,2025-03-16 00:00:00,310724,WA002,"","",102,9999E,WA007,200,2025-02-14 00:00:00
232865-1-2-106,Order,2025-04-15 00:00:00,310724,WA002,"","",102,9999E,WA007,0.09979134536877438,2025-02-14 00:00:00
232865-1-2-106,Order,2025-04-16 00:00:00,310724,WA002,"","",102,9999E,WA007,159.90020865463123,2025-02-14 00:00:00
232865-1-3-107,Order,2025-04-30 00:00:00,310724,WA002,"","",102,9999E,WA007,120,2025-02-14 00:00:00
232865-1-3-108,Order,2025-05-09 00:00:00,310724,WA002,"","",102,9999E,WA007,200,2025-02-14 00:00:00
232865-1-3-109,Order,2025-05-21 00:00:00,310724,WA002,"","",102,9999E,WA007,120,2025-02-14 00:00:00
232869-1-1-101,Order,2025-02-18 00:00:00,310086,ID002,"","",101,3140A,ID010,19,2025-02-12 00:00:00
232869-1-1-102,Order,2025-02-20 00:00:00,310086,ID002,"","",101,3140A,ID010,19,2025-02-11 00:00:00
232869-1-1-103,Order,2025-02-23 00:00:00,310086,ID002,"","",101,3140A,ID010,19,2025-02-11 00:00:00
232869-1-1-104,Order,2025-02-25 00:00:00,310086,ID002,"","",101,3140A,ID002,19,2025-02-11 00:00:00
232869-1-1-105,Order,2025-02-25 00:00:00,310086,ID002,"","",101,3140A,ID002,19,2025-02-11 00:00:00
232869-1-1-106,Order,2025-02-26 00:00:00,310086,ID002,"","",101,3140A,ID010,18,2025-02-11 00:00:00
232869-1-1-106,Order,2025-02-28 00:00:00,310086,ID002,"","",101,3140A,ID010,1,2025-02-11 00:00:00
232869-1-1-107,Order,2025-02-20 00:00:00,310086,ID002,"","",101,3140A,ID010,19,2025-02-11 00:00:00
232869-1-2-108,Order,2025-03-15 00:00:00,310086,ID002,"","",101,3140A,ID002,19,2025-03-10 00:00:00
232869-1-2-109,Order,2025-03-17 00:00:00,310086,ID002,"","",101,3140A,ID010,19,2025-03-10 00:00:00
232869-1-2-110,Order,2025-03-18 00:00:00,310086,ID002,"","",101,3140A,ID010,19,2025-03-10 00:00:00
232869-1-2-111,Order,2025-03-16 00:00:00,310086,ID002,"","",101,3140A,ID002,19,2025-03-10 00:00:00
232869-1-2-112,Order,2025-03-22 00:00:00,310086,ID002,"","",101,3140A,ID010,19,2025-03-10 00:00:00
232869-1-2-113,Order,2025-03-23 00:00:00,310086,ID002,"","",101,3140A,ID010,19,2025-03-10 00:00:00
232869-1-3-114,Order,2025-04-21 00:00:00,310086,ID002,"","",101,3140A,ID002,19,2025-03-14 00:00:00
232869-1-3-115,Order,2025-04-12 00:00:00,310086,ID002,"","",101,3140A,ID002,19,2025-03-14 00:00:00
232869-1-3-116,Order,2025-04-12 00:00:00,310086,ID002,"","",101,3140A,ID002,19,2025-03-14 00:00:00
232869-1-3-117,Order,2025-04-18 00:00:00,310086,ID002,"","",101,3140A,ID002,19,2025-03-14 00:00:00
232869-1-3-118,Order,2025-04-14 00:00:00,310086,ID002,"","",101,3140A,ID002,19,2025-03-14 00:00:00
232869-1-3-119,Order,2025-04-18 00:00:00,310086,ID002,"","",101,3140A,ID002,19,2025-03-14 00:00:00
232869-1-3-120,Order,2025-04-16 00:00:00,310086,ID002,"","",101,3140A,ID002,19,2025-03-14 00:00:00
232869-1-5-121,Order,2025-06-13 00:00:00,310086,ID002,"","",101,3140A,ID010,19,2025-06-02 00:00:00
232869-1-5-122,Order,2025-06-12 00:00:00,310086,ID002,"","",101,3140A,ID010,19,2025-06-02 00:00:00
232869-1-5-123,Order,2025-06-16 00:00:00,310086,ID002,"","",101,3140A,ID010,19,2025-06-02 00:00:00
232869-1-5-124,Order,2025-06-17 00:00:00,310086,ID002,"","",101,3140A,ID010,19,2025-06-02 00:00:00
232869-1-5-125,Order,2025-06-17 00:00:00,310086,ID002,"","",101,3140A,ID010,19,2025-06-02 00:00:00
232869-1-5-126,Order,2025-06-23 00:00:00,310086,ID002,"","",101,3140A,ID010,19,2025-06-02 00:00:00
232869-1-6-127,Order,2025-07-20 00:00:00,310086,ID002,"","",101,3140A,ID010,19,2025-06-02 00:00:00
232869-1-6-128,Order,2025-06-28 00:00:00,310086,ID002,"","",101,3140A,ID010,19,2025-06-02 00:00:00
232869-1-6-129,Order,2025-06-28 00:00:00,310086,ID002,"","",101,3140A,ID010,19,2025-06-02 00:00:00
232869-1-6-130,Order,2025-07-28 00:00:00,310086,ID002,"","",101,3140A,ID002,19,2025-06-02 00:00:00
232874-1-1-101,Order,2025-02-22 00:00:00,310015,WA001,"","",102,9999A,WA001,2.0001814388097614,2025-02-06 00:00:00
232875-1-1-103,Order,2025-03-15 00:00:00,310724,WA002,"","",102,9999E,WA007,0.019958269073754874,2025-02-14 00:00:00
232875-1-1-103,Order,2025-03-16 00:00:00,310724,WA002,"","",102,9999E,WA007,199.98004173092625,2025-02-14 00:00:00
232875-1-2-104,Order,2025-04-15 00:00:00,310724,WA002,"","",102,9999E,WA007,0.0798330762950195,2025-02-14 00:00:00
232875-1-2-104,Order,2025-04-16 00:00:00,310724,WA002,"","",102,9999E,WA007,199.92016692370495,2025-02-14 00:00:00
232875-1-3-105,Order,2025-05-14 00:00:00,310724,WA002,"","",102,9999E,WA007,120,2025-02-14 00:00:00
232876-1-1-101,Order,2025-04-01 00:00:00,310724,WA002,"","",102,9999E,WA007,0.019958269073754874,2025-02-27 00:00:00
232876-1-1-101,Order,2025-04-02 00:00:00,310724,WA002,"","",102,9999E,WA007,159.98004173092625,2025-02-27 00:00:00
232876-1-1-102,Order,2025-04-01 00:00:00,310724,WA002,"","",102,9999E,WA007,0.019958269073754874,2025-02-27 00:00:00
232876-1-1-102,Order,2025-04-02 00:00:00,310724,WA002,"","",102,9999E,WA007,139.98004173092625,2025-02-27 00:00:00
232877-1-1-101,Order,2025-03-02 00:00:00,310724,WA002,"","",102,9999E,WA007,20,2025-02-07 00:00:00
232877-1-1-102,Order,2025-03-02 00:00:00,310724,WA002,"","",102,9999E,WA007,20,2025-02-07 00:00:00
232877-1-1-103,Order,2025-03-02 00:00:00,310724,WA002,"","",102,9999E,WA007,20,2025-02-07 00:00:00
232877-1-1-104,Order,2025-03-16 00:00:00,310724,WA002,"","",102,9999E,WA007,20,2025-02-07 00:00:00
232878-1-1-104,Order,2025-03-01 00:00:00,310726,WA003,"","",102,9999A,WA010,794.9951918715414,2025-02-12 00:00:00
232878-1-1-105,Order,2025-03-02 00:00:00,310726,WA003,"","",102,9999A,WA010,14.999909280595118,2025-02-13 00:00:00
232878-1-1-106,Order,2025-03-02 00:00:00,310726,WA003,"","",102,9999A,WA010,14.999909280595118,2025-02-13 00:00:00
232878-1-1-107,Order,2025-03-02 00:00:00,310726,WA003,"","",102,9999A,WA010,14.999909280595118,2025-02-13 00:00:00
232878-1-1-108,Order,2025-03-02 00:00:00,310726,WA003,"","",102,9999A,WA010,14.999909280595118,2025-02-13 00:00:00
232878-1-1-109,Order,2025-03-01 00:00:00,310726,WA003,"","",102,9999A,WA010,0.019958269073754874,2025-02-13 00:00:00
232878-1-1-109,Order,2025-03-02 00:00:00,310726,WA003,"","",102,9999A,WA010,14.979951011521363,2025-02-13 00:00:00
232878-1-1-110,Order,2025-03-02 00:00:00,310726,WA003,"","",102,9999A,WA010,14.999909280595118,2025-02-13 00:00:00
232878-1-1-111,Order,2025-03-01 00:00:00,310726,WA003,"","",102,9999A,WA010,0.2598203755783362,2025-02-13 00:00:00
232878-1-1-111,Order,2025-03-02 00:00:00,310726,WA003,"","",102,9999A,WA010,14.740088905016783,2025-02-13 00:00:00
232878-1-1-112,Order,2025-03-01 00:00:00,310726,WA003,"","",102,9999A,WA010,0.39989113671414317,2025-02-13 00:00:00
232878-1-1-112,Order,2025-03-02 00:00:00,310726,WA003,"","",102,9999A,WA010,14.600018143880975,2025-02-13 00:00:00
232878-1-1-113,Order,2025-03-02 00:00:00,310726,WA003,"","",102,9999A,WA010,14.999909280595118,2025-02-13 00:00:00
232878-1-1-114,Order,2025-03-02 00:00:00,310726,WA003,"","",102,9999A,WA010,14.999909280595118,2025-02-13 00:00:00
232878-1-1-115,Order,2025-03-02 00:00:00,310726,WA003,"","",102,9999A,WA010,14.999909280595118,2025-02-13 00:00:00
232878-1-1-116,Order,2025-03-02 00:00:00,310726,WA003,"","",102,9999A,WA010,14.999909280595118,2025-02-13 00:00:00
232878-1-1-117,Order,2025-03-02 00:00:00,310726,WA003,"","",102,9999A,WA010,14.999909280595118,2025-02-13 00:00:00
232878-1-1-118,Order,2025-03-02 00:00:00,310726,WA003,"","",102,9999A,WA010,14.999909280595118,2025-02-13 00:00:00
232878-1-1-119,Order,2025-03-01 00:00:00,310726,WA003,"","",102,9999A,WA010,0.2801415222716139,2025-02-13 00:00:00
232878-1-1-119,Order,2025-03-02 00:00:00,310726,WA003,"","",102,9999A,WA010,14.720130635943029,2025-02-13 00:00:00
232878-1-1-120,Order,2025-03-02 00:00:00,310726,WA003,"","",102,9999A,WA010,14.999909280595118,2025-02-13 00:00:00
232878-1-1-121,Order,2025-03-01 00:00:00,310726,WA003,"","",102,9999A,WA010,0.019958269073754874,2025-02-13 00:00:00
232878-1-1-121,Order,2025-03-02 00:00:00,310726,WA003,"","",102,9999A,WA010,14.979951011521363,2025-02-13 00:00:00
232878-1-1-122,Order,2025-03-01 00:00:00,310726,WA003,"","",102,9999A,WA010,0.2598203755783362,2025-02-13 00:00:00
232878-1-1-122,Order,2025-03-02 00:00:00,310726,WA003,"","",102,9999A,WA010,14.740088905016783,2025-02-13 00:00:00
232878-1-1-123,Order,2025-03-02 00:00:00,310726,WA003,"","",102,9999A,WA010,14.999909280595118,2025-02-13 00:00:00
232878-1-1-124,Order,2025-03-02 00:00:00,310726,WA003,"","",102,9999A,WA010,14.999909280595118,2025-02-13 00:00:00
232878-1-1-125,Order,2025-03-02 00:00:00,310726,WA003,"","",102,9999A,WA010,14.999909280595118,2025-02-13 00:00:00
232878-1-1-126,Order,2025-03-02 00:00:00,310726,WA003,"","",102,9999A,WA010,14.999909280595118,2025-02-13 00:00:00
232878-1-1-127,Order,2025-03-02 00:00:00,310726,WA003,"","",102,9999A,WA010,14.999909280595118,2025-02-13 00:00:00
232878-1-1-128,Order,2025-03-02 00:00:00,310726,WA003,"","",102,9999A,WA010,14.999909280595118,2025-02-13 00:00:00
232878-1-1-129,Order,2025-03-02 00:00:00,310726,WA003,"","",102,9999A,WA010,14.999909280595118,2025-02-13 00:00:00
232878-1-1-130,Order,2025-03-02 00:00:00,310726,WA003,"","",102,9999A,WA010,14.999909280595118,2025-02-13 00:00:00
232878-1-1-131,Order,2025-03-02 00:00:00,310726,WA003,"","",102,9999A,WA010,14.999909280595118,2025-02-13 00:00:00
232878-1-1-132,Order,2025-03-02 00:00:00,310726,WA003,"","",102,9999A,WA010,14.999909280595118,2025-02-13 00:00:00
232878-1-1-133,Order,2025-03-02 00:00:00,310726,WA003,"","",102,9999A,WA010,14.999909280595118,2025-02-13 00:00:00
232878-1-1-134,Order,2025-03-02 00:00:00,310726,WA003,"","",102,9999A,WA010,14.999909280595118,2025-02-13 00:00:00
232878-1-1-135,Order,2025-03-02 00:00:00,310726,WA003,"","",102,9999A,WA010,14.999909280595118,2025-02-13 00:00:00
232878-1-1-136,Order,2025-03-02 00:00:00,310726,WA003,"","",102,9999A,WA010,14.999909280595118,2025-02-13 00:00:00
232878-1-1-137,Order,2025-03-02 00:00:00,310726,WA003,"","",102,9999A,WA010,14.999909280595118,2025-02-13 00:00:00
232878-1-1-138,Order,2025-03-02 00:00:00,310726,WA003,"","",102,9999A,WA010,14.999909280595118,2025-02-13 00:00:00
232878-1-1-139,Order,2025-03-01 00:00:00,310726,WA003,"","",102,9999A,WA010,0.19994556835707158,2025-02-13 00:00:00
232878-1-1-139,Order,2025-03-02 00:00:00,310726,WA003,"","",102,9999A,WA010,14.799963712238048,2025-02-13 00:00:00
232878-1-1-140,Order,2025-03-02 00:00:00,310726,WA003,"","",102,9999A,WA010,14.999909280595118,2025-02-13 00:00:00
232878-1-1-141,Order,2025-03-02 00:00:00,310726,WA003,"","",102,9999A,WA010,14.999909280595118,2025-02-13 00:00:00
232878-1-1-142,Order,2025-03-02 00:00:00,310726,WA003,"","",102,9999A,WA010,14.999909280595118,2025-02-13 00:00:00
232878-1-1-143,Order,2025-03-02 00:00:00,310726,WA003,"","",102,9999A,WA010,14.999909280595118,2025-02-13 00:00:00
232878-1-1-144,Order,2025-03-02 00:00:00,310726,WA003,"","",102,9999A,WA010,14.999909280595118,2025-02-13 00:00:00
232878-1-1-145,Order,2025-03-02 00:00:00,310726,WA003,"","",102,9999A,WA010,14.999909280595118,2025-02-13 00:00:00
232878-1-1-146,Order,2025-03-02 00:00:00,310726,WA003,"","",102,9999A,WA010,14.999909280595118,2025-02-13 00:00:00
232878-1-1-147,Order,2025-03-02 00:00:00,310726,WA003,"","",102,9999A,WA010,14.999909280595118,2025-02-13 00:00:00
232878-1-1-148,Order,2025-03-02 00:00:00,310726,WA003,"","",102,9999A,WA010,14.999909280595118,2025-02-13 00:00:00
232878-1-1-149,Order,2025-03-02 00:00:00,310726,WA003,"","",102,9999A,WA010,14.999909280595118,2025-02-13 00:00:00
232878-1-1-150,Order,2025-03-02 00:00:00,310726,WA003,"","",102,9999A,WA010,14.999909280595118,2025-02-13 00:00:00
232878-1-1-151,Order,2025-03-02 00:00:00,310726,WA003,"","",102,9999A,WA010,14.999909280595118,2025-02-13 00:00:00
232878-1-1-152,Order,2025-03-02 00:00:00,310726,WA003,"","",102,9999A,WA010,14.999909280595118,2025-02-13 00:00:00
232878-1-1-153,Order,2025-03-01 00:00:00,310726,WA003,"","",102,9999A,WA010,0.03991653814750975,2025-02-13 00:00:00
232878-1-1-153,Order,2025-03-02 00:00:00,310726,WA003,"","",102,9999A,WA010,14.959992742447609,2025-02-13 00:00:00
232878-1-1-154,Order,2025-03-02 00:00:00,310726,WA003,"","",102,9999A,WA010,14.999909280595118,2025-02-13 00:00:00
232878-1-1-155,Order,2025-03-02 00:00:00,310726,WA003,"","",102,9999A,WA010,14.999909280595118,2025-02-13 00:00:00
232878-1-1-156,Order,2025-03-02 00:00:00,310726,WA003,"","",102,9999A,WA010,14.999909280595118,2025-02-13 00:00:00
232878-1-1-157,Order,2025-03-02 00:00:00,310726,WA003,"","",102,9999A,WA010,14.999909280595118,2025-02-13 00:00:00
232879-1-1-101,Order,2025-02-18 00:00:00,310015,WA001,"","",102,9999A,WA001,14.999909280595118,2025-02-07 00:00:00
232879-1-1-102,Order,2025-02-18 00:00:00,310015,WA001,"","",102,9999A,WA001,14.999909280595118,2025-02-07 00:00:00
232879-1-1-103,Order,2025-02-18 00:00:00,310015,WA001,"","",102,9999A,WA001,14.999909280595118,2025-02-07 00:00:00
232879-1-1-104,Order,2025-02-18 00:00:00,310015,WA001,"","",102,9999A,WA001,14.999909280595118,2025-02-07 00:00:00
232879-1-1-105,Order,2025-02-18 00:00:00,310015,WA001,"","",102,9999A,WA001,14.999909280595118,2025-02-07 00:00:00
232879-1-1-106,Order,2025-02-18 00:00:00,310015,WA001,"","",102,9999A,WA001,14.999909280595118,2025-02-07 00:00:00
232879-1-1-107,Order,2025-02-18 00:00:00,310015,WA001,"","",102,9999A,WA001,14.999909280595118,2025-02-07 00:00:00
232879-1-1-108,Order,2025-02-18 00:00:00,310015,WA001,"","",102,9999A,WA001,14.999909280595118,2025-02-07 00:00:00
232879-1-1-109,Order,2025-02-18 00:00:00,310015,WA001,"","",102,9999A,WA001,14.999909280595118,2025-02-07 00:00:00
232879-1-1-110,Order,2025-02-18 00:00:00,310015,WA001,"","",102,9999A,WA001,14.999909280595118,2025-02-07 00:00:00
232879-1-1-111,Order,2025-02-18 00:00:00,310015,WA001,"","",102,9999A,WA001,14.999909280595118,2025-02-07 00:00:00
232879-1-1-112,Order,2025-02-18 00:00:00,310015,WA001,"","",102,9999A,WA001,14.999909280595118,2025-02-07 00:00:00
232879-1-1-113,Order,2025-02-18 00:00:00,310015,WA001,"","",102,9999A,WA001,14.999909280595118,2025-02-07 00:00:00
232879-1-1-114,Order,2025-02-18 00:00:00,310015,WA001,"","",102,9999A,WA001,14.999909280595118,2025-02-07 00:00:00
232879-1-1-115,Order,2025-02-18 00:00:00,310015,WA001,"","",102,9999A,WA001,14.999909280595118,2025-02-07 00:00:00
232879-1-1-116,Order,2025-02-18 00:00:00,310015,WA001,"","",102,9999A,WA001,14.999909280595118,2025-02-07 00:00:00
232885-1-1-101,Order,2025-02-28 00:00:00,310015,ID002,"","",102,9999A,TX001,0.0798330762950195,2025-02-10 00:00:00
232885-1-1-101,Order,2025-03-01 00:00:00,310015,ID002,"","",102,9999A,TX001,20.91989476549034,2025-02-10 00:00:00
232885-1-1-102,Order,2025-02-28 00:00:00,310015,ID002,"","",102,9999A,TX001,21.00009071940488,2025-02-10 00:00:00
232893-1-1-101,Order,2025-06-01 00:00:00,310724,WA002,"","",102,9999A,WA002,14.999909280595118,2025-02-10 00:00:00
232897-1-1-102,Order,2025-03-16 00:00:00,310724,WA002,"","",102,9999A,WA007,80,2025-02-14 00:00:00
232904-1-1-101,Order,2025-03-04 00:00:00,310724,WA002,WA003,"",101,9999E,WA007,60,2025-02-12 00:00:00
232904-1-1-102,Order,2025-03-04 00:00:00,310724,WA002,WA003,"",101,9999E,WA007,60,2025-02-12 00:00:00
232904-1-1-103,Order,2025-03-04 00:00:00,310724,WA002,WA003,"",101,9999E,WA007,60,2025-02-12 00:00:00
232904-1-1-104,Order,2025-03-04 00:00:00,310724,WA002,WA003,"",101,9999E,WA007,60,2025-02-12 00:00:00
232904-1-1-105,Order,2025-03-04 00:00:00,310724,WA002,WA003,"",101,9999E,WA007,40,2025-02-12 00:00:00
232904-1-1-106,Order,2025-03-15 00:00:00,310724,WA002,WA003,"",101,9999E,WA007,60,2025-02-12 00:00:00
232904-1-1-107,Order,2025-03-16 00:00:00,310724,WA002,WA003,"",101,9999E,WA007,60,2025-02-12 00:00:00
232904-1-1-108,Order,2025-03-16 00:00:00,310724,WA002,WA003,"",101,9999E,WA007,60,2025-02-12 00:00:00
232904-1-1-109,Order,2025-03-16 00:00:00,310724,WA002,WA003,"",101,9999E,WA007,60,2025-02-12 00:00:00
232904-1-1-110,Order,2025-03-16 00:00:00,310724,WA002,WA003,"",101,9999E,WA007,40,2025-02-12 00:00:00
232904-1-1-111,Order,2025-03-16 00:00:00,310724,WA002,WA003,"",101,9999E,WA007,60,2025-02-12 00:00:00
232904-1-1-112,Order,2025-03-16 00:00:00,310724,WA002,WA003,"",101,9999E,WA007,60,2025-02-12 00:00:00
232904-1-1-113,Order,2025-03-16 00:00:00,310724,WA002,WA003,"",101,9999E,WA007,60,2025-02-12 00:00:00
232904-1-1-114,Order,2025-03-15 00:00:00,310724,WA002,WA003,"",101,9999E,WA007,0.3799328676403883,2025-02-12 00:00:00
232904-1-1-114,Order,2025-03-16 00:00:00,310724,WA002,WA003,"",101,9999E,WA007,59.62006713235961,2025-02-12 00:00:00
232905-1-1-101,Order,2025-03-02 00:00:00,310726,WA003,WA003,"",101,9999E,WA007,20,2025-02-13 00:00:00
232908-1-1-101,Order,2025-03-01 00:00:00,310724,WA002,WA003,"",101,9999E,WA007,560,2025-02-13 00:00:00
232908-1-1-102,Order,2025-03-01 00:00:00,310724,WA002,WA003,"",101,9999E,WA007,0.05987480722126462,2025-02-13 00:00:00
232908-1-1-102,Order,2025-03-02 00:00:00,310724,WA002,WA003,"",101,9999E,WA007,19.940125192778734,2025-02-13 00:00:00
232908-1-1-103,Order,2025-03-02 00:00:00,310724,WA002,WA003,"",101,9999E,WA007,80,2025-02-18 00:00:00
232908-1-1-104,Order,2025-03-02 00:00:00,310724,WA002,WA003,"",101,9999E,WA007,80,2025-02-18 00:00:00
232908-1-1-105,Order,2025-03-02 00:00:00,310724,WA002,WA003,"",101,9999E,WA007,140,2025-02-18 00:00:00
232908-1-1-106,Order,2025-03-01 00:00:00,310724,WA002,WA003,"",101,9999E,WA007,0.019958269073754874,2025-02-18 00:00:00
232908-1-1-106,Order,2025-03-02 00:00:00,310724,WA002,WA003,"",101,9999E,WA007,139.98004173092625,2025-02-18 00:00:00
232908-1-1-107,Order,2025-03-01 00:00:00,310724,WA002,WA003,"",101,9999E,WA007,0.019958269073754874,2025-02-18 00:00:00
232908-1-1-107,Order,2025-03-02 00:00:00,310724,WA002,WA003,"",101,9999E,WA007,119.98004173092625,2025-02-18 00:00:00
232909-1-1-101,Order,2025-04-02 00:00:00,310002,WA001,"","",102,9999A,WA001,80,2025-02-12 00:00:00
232910-1-1-101,Order,2025-04-16 00:00:00,310002,WA001,"","",102,9999A,WA001,160,2025-02-12 00:00:00
232910-1-1-102,Order,2025-05-21 00:00:00,310002,WA001,"","",102,9999A,WA001,1.0000907194048807,2025-04-28 00:00:00
232911-1-1-101,Order,2025-04-01 00:00:00,310002,WA001,"","",102,9999A,WA001,0.019958269073754874,2025-02-12 00:00:00
232911-1-1-101,Order,2025-04-02 00:00:00,310002,WA001,"","",102,9999A,WA001,79.98004173092625,2025-02-12 00:00:00
232914-1-1-101,Order,2025-02-28 00:00:00,310015,ID002,WA001,"",102,9999A,TX001,0.05987480722126462,2025-02-12 00:00:00
232914-1-1-101,Order,2025-03-01 00:00:00,310015,ID002,WA001,"",102,9999A,TX001,20.939853034564095,2025-02-12 00:00:00
232914-1-1-102,Order,2025-02-28 00:00:00,310015,ID002,WA001,"",102,9999A,TX001,0.1799872992833167,2025-02-12 00:00:00
232914-1-1-102,Order,2025-03-01 00:00:00,310015,ID002,WA001,"",102,9999A,TX001,20.820103420121562,2025-02-12 00:00:00
232914-1-1-103,Order,2025-02-28 00:00:00,310015,ID002,WA001,"",102,9999A,TX001,0.019958269073754874,2025-02-12 00:00:00
232914-1-1-103,Order,2025-03-01 00:00:00,310015,ID002,WA001,"",102,9999A,TX001,20.980132450331126,2025-02-12 00:00:00
232914-1-1-104,Order,2025-02-28 00:00:00,310015,ID002,WA001,"",102,9999A,TX001,0.1799872992833167,2025-02-12 00:00:00
232914-1-1-104,Order,2025-03-01 00:00:00,310015,ID002,WA001,"",102,9999A,TX001,20.820103420121562,2025-02-12 00:00:00
232914-1-1-105,Order,2025-02-28 00:00:00,310015,ID002,WA001,"",102,9999A,TX001,1.2798693640569718,2025-02-12 00:00:00
232914-1-1-105,Order,2025-03-01 00:00:00,310015,ID002,WA001,"",102,9999A,TX001,19.719858477728383,2025-02-12 00:00:00
232914-1-1-106,Order,2025-02-28 00:00:00,310015,ID002,WA001,"",102,9999A,TX001,1.0599655266261454,2025-02-12 00:00:00
232914-1-1-106,Order,2025-03-01 00:00:00,310015,ID002,WA001,"",102,9999A,TX001,19.940125192778734,2025-02-12 00:00:00
232915-1-1-101,Order,2025-03-15 00:00:00,310724,WA002,WA003,"",101,9999E,WA007,0.05987480722126462,2025-02-17 00:00:00
232915-1-1-101,Order,2025-03-16 00:00:00,310724,WA002,WA003,"",101,9999E,WA007,39.94012519277873,2025-02-17 00:00:00
232915-1-1-102,Order,2025-03-16 00:00:00,310724,WA002,WA003,"",101,9999E,WA007,40,2025-02-17 00:00:00
232916-1-1-101,Order,2025-03-02 00:00:00,310726,WA003,WA002,"",101,9999E,WA007,20,2025-02-18 00:00:00
232917-1-1-101,Order,2025-04-01 00:00:00,310015,ID002,WA001,"",102,9999A,MEX002,21.00009071940488,2025-02-19 00:00:00
232917-1-1-102,Order,2025-04-01 00:00:00,310015,ID002,WA001,"",102,9999A,MEX002,21.00009071940488,2025-02-19 00:00:00
232917-1-1-103,Order,2025-04-01 00:00:00,310015,ID002,WA001,"",102,9999A,MEX002,21.00009071940488,2025-02-19 00:00:00
232917-1-1-104,Order,2025-04-01 00:00:00,310015,ID002,WA001,"",102,9999A,MEX002,21.00009071940488,2025-02-19 00:00:00
232917-1-1-105,Order,2025-04-01 00:00:00,310015,ID002,WA001,"",102,9999A,MEX002,21.00009071940488,2025-02-19 00:00:00
232917-1-1-106,Order,2025-04-01 00:00:00,310015,ID002,WA001,"",102,9999A,MEX002,21.00009071940488,2025-02-19 00:00:00
232918-1-1-101,Order,2025-02-24 00:00:00,310015,WA001,"","",102,9999A,WA001,14.999909280595118,2025-02-13 00:00:00
232918-1-1-102,Order,2025-02-24 00:00:00,310015,WA001,"","",102,9999A,WA001,14.999909280595118,2025-02-13 00:00:00
232918-1-1-103,Order,2025-02-23 00:00:00,310015,WA001,"","",102,9999A,WA001,0.14007076113580694,2025-02-13 00:00:00
232918-1-1-103,Order,2025-02-24 00:00:00,310015,WA001,"","",102,9999A,WA001,14.859838519459313,2025-02-13 00:00:00
232918-1-1-104,Order,2025-02-24 00:00:00,310015,WA001,"","",102,9999A,WA001,14.999909280595118,2025-02-13 00:00:00
232918-1-1-105,Order,2025-02-24 00:00:00,310015,WA001,"","",102,9999A,WA001,14.999909280595118,2025-02-13 00:00:00
232918-1-1-106,Order,2025-02-24 00:00:00,310015,WA001,"","",102,9999A,WA001,14.999909280595118,2025-02-13 00:00:00
232918-1-1-107,Order,2025-02-24 00:00:00,310015,WA001,"","",102,9999A,WA001,14.999909280595118,2025-02-13 00:00:00
232921-1-1-101,Order,2025-02-27 00:00:00,310015,ID002,"","",102,9999A,TX001,14.999909280595118,2025-02-19 00:00:00
232922-1-1-102,Order,2025-03-16 00:00:00,310726,WA002,"","",102,9999E,WA007,40,2025-02-14 00:00:00
232922-1-2-103,Order,2025-05-05 00:00:00,310726,WA002,"","",102,9999E,WA007,20,2025-02-14 00:00:00
232923-1-1-101,Order,2025-02-28 00:00:00,310726,WA003,"","",102,9999A,WA007,0.16002903020956183,2025-02-19 00:00:00
232923-1-1-101,Order,2025-03-01 00:00:00,310726,WA003,"","",102,9999A,WA007,14.839880250385557,2025-02-19 00:00:00
232925-1-1-101,Order,2025-03-16 00:00:00,310726,WA002,WA003,"",102,9999A,WA007,20,2025-02-27 00:00:00
232925-1-2-102,Order,2025-04-22 00:00:00,310726,WA002,WA003,"",102,9999A,WA007,20,2025-02-27 00:00:00
232928-1-1-101,Order,2025-03-07 00:00:00,310015,ID002,"","",102,9999A,ID002,14.999909280595118,2025-02-18 00:00:00
232932-1-1-101,Order,2025-02-28 00:00:00,310015,ID002,WA001,"",102,9999A,TX001,0.16002903020956183,2025-02-18 00:00:00
232932-1-1-101,Order,2025-03-01 00:00:00,310015,ID002,WA001,"",102,9999A,TX001,20.840061689195316,2025-02-18 00:00:00
232932-1-1-102,Order,2025-02-28 00:00:00,310015,ID002,WA001,"",102,9999A,TX001,0.12011249206205207,2025-02-18 00:00:00
232932-1-1-102,Order,2025-03-01 00:00:00,310015,ID002,WA001,"",102,9999A,TX001,20.879978227342825,2025-02-18 00:00:00
232932-1-1-103,Order,2025-02-28 00:00:00,310015,ID002,WA001,"",102,9999A,TX001,0.21990383743082645,2025-02-18 00:00:00
232932-1-1-103,Order,2025-03-01 00:00:00,310015,ID002,WA001,"",102,9999A,TX001,20.77982400435453,2025-02-18 00:00:00
232935-1-1-101,Order,2025-03-16 00:00:00,310724,WA002,"","",102,9999E,WA007,40,2025-02-18 00:00:00
232935-1-2-102,Order,2025-05-13 00:00:00,310724,WA002,"","",102,9999E,WA007,40,2025-02-18 00:00:00
232935-1-3-103,Order,2025-06-14 00:00:00,310724,WA002,"","",102,9999E,WA007,40,2025-02-18 00:00:00
232936-1-1-101,Order,2025-03-02 00:00:00,310724,WA002,WA003,"",101,9999E,WA007,60,2025-02-21 00:00:00
232936-1-2-102,Order,2025-04-02 00:00:00,310724,WA002,WA003,"",101,9999E,WA007,60,2025-02-21 00:00:00
232937-1-1-101,Order,2025-03-16 00:00:00,310726,WA002,"","",102,9999E,WA007,20,2025-02-18 00:00:00
232937-1-2-102,Order,2025-04-17 00:00:00,310726,WA002,"","",102,9999E,WA007,20,2025-02-18 00:00:00
232941-1-1-101,Order,2025-02-27 00:00:00,310015,ID002,"","",102,9999A,ID010,14.999909280595118,2025-02-18 00:00:00
232941-1-1-102,Order,2025-02-27 00:00:00,310015,ID002,"","",102,9999A,ID010,14.999909280595118,2025-02-18 00:00:00
232941-1-1-103,Order,2025-02-27 00:00:00,310015,ID002,"","",102,9999A,ID010,14.999909280595118,2025-02-18 00:00:00
232941-1-1-104,Order,2025-02-26 00:00:00,310015,ID002,"","",102,9999A,ID010,0.019958269073754874,2025-02-18 00:00:00
232941-1-1-104,Order,2025-02-27 00:00:00,310015,ID002,"","",102,9999A,ID010,14.979951011521363,2025-02-18 00:00:00
232941-1-1-105,Order,2025-02-27 00:00:00,310015,ID002,"","",102,9999A,ID010,14.999909280595118,2025-02-18 00:00:00
232941-1-1-106,Order,2025-02-27 00:00:00,310015,ID002,"","",102,9999A,ID010,14.999909280595118,2025-02-18 00:00:00
232941-1-1-107,Order,2025-02-27 00:00:00,310015,ID002,"","",102,9999A,ID010,14.999909280595118,2025-02-18 00:00:00
232941-1-1-108,Order,2025-02-27 00:00:00,310015,ID002,"","",102,9999A,ID010,14.999909280595118,2025-02-18 00:00:00
232941-1-1-109,Order,2025-02-27 00:00:00,310015,ID002,"","",102,9999A,ID010,14.999909280595118,2025-02-18 00:00:00
232941-1-1-110,Order,2025-02-27 00:00:00,310015,ID002,"","",102,9999A,ID010,14.999909280595118,2025-02-18 00:00:00
232944-1-1-101,Order,2025-02-26 00:00:00,310015,ID002,"","",102,9999A,TX001,0.21990383743082645,2025-02-18 00:00:00
232944-1-1-101,Order,2025-02-27 00:00:00,310015,ID002,"","",102,9999A,TX001,15.780096162569173,2025-02-18 00:00:00
232944-1-1-102,Order,2025-02-26 00:00:00,310015,ID002,"","",102,9999A,TX001,0.14007076113580694,2025-02-18 00:00:00
232944-1-1-102,Order,2025-02-27 00:00:00,310015,ID002,"","",102,9999A,TX001,15.859929238864192,2025-02-18 00:00:00
232944-1-1-103,Order,2025-02-26 00:00:00,310015,ID002,"","",102,9999A,TX001,0.019958269073754874,2025-02-18 00:00:00
232944-1-1-103,Order,2025-02-27 00:00:00,310015,ID002,"","",102,9999A,TX001,15.980041730926244,2025-02-18 00:00:00
232944-1-1-104,Order,2025-02-26 00:00:00,310015,ID002,"","",102,9999A,TX001,0.05987480722126462,2025-02-18 00:00:00
232944-1-1-104,Order,2025-02-27 00:00:00,310015,ID002,"","",102,9999A,TX001,15.940125192778735,2025-02-18 00:00:00
232944-1-1-105,Order,2025-02-27 00:00:00,310015,ID002,"","",102,9999A,TX001,16,2025-02-18 00:00:00
232944-1-1-106,Order,2025-02-27 00:00:00,310015,ID002,"","",102,9999A,TX001,16,2025-02-18 00:00:00
232944-1-1-107,Order,2025-02-27 00:00:00,310015,ID002,"","",102,9999A,TX001,16,2025-02-18 00:00:00
232944-1-1-108,Order,2025-02-26 00:00:00,310015,ID002,"","",102,9999A,TX001,0.03991653814750975,2025-02-18 00:00:00
232944-1-1-108,Order,2025-02-27 00:00:00,310015,ID002,"","",102,9999A,TX001,15.96008346185249,2025-02-18 00:00:00
232946-1-1-101,Order,2025-03-15 00:00:00,310724,WA002,WA003,"",102,9999E,WA007,0.21990383743082645,2025-03-05 00:00:00
232946-1-1-101,Order,2025-03-16 00:00:00,310724,WA002,WA003,"",102,9999E,WA007,399.7800961625692,2025-03-05 00:00:00
232946-1-1-102,Order,2025-04-29 00:00:00,310724,WA002,WA003,"",102,9999E,WA007,400,2025-03-05 00:00:00
232946-1-2-103,Order,2025-05-14 00:00:00,310724,WA002,WA003,"",102,9999E,WA007,400,2025-03-05 00:00:00
232946-1-2-104,Order,2025-04-21 00:00:00,310724,WA002,WA003,"",102,9999E,WA007,240,2025-03-05 00:00:00
232946-1-2-105,Order,2025-04-29 00:00:00,310724,WA002,WA003,"",102,9999E,WA007,160,2025-03-05 00:00:00
232946-1-2-106,Order,2025-05-14 00:00:00,310724,WA002,WA003,"",102,9999E,WA007,20,2025-05-06 00:00:00
232947-1-1-101,Order,2025-03-16 00:00:00,310726,WA003,WA002,"",102,9999A,WA007,40,2025-02-27 00:00:00
232948-1-1,Contract,2025-05-01 00:00:00,310726,WA003,WA002,"",101,9999E,WA007,1.1000099791345366,
232948-1-1-101,Order,2025-05-05 00:00:00,310726,WA003,WA002,"",101,9999E,WA007,20,2025-03-17 00:00:00
232948-1-1-102,Order,2025-06-15 00:00:00,310726,WA003,WA002,"",101,9999E,WA007,20,2025-03-17 00:00:00
232948-1-2-103,Order,2025-06-09 00:00:00,310726,WA002,WA002,"",101,9999E,WA007,20,2025-03-17 00:00:00
232948-1-2-104,Order,2025-06-16 00:00:00,310726,WA002,WA003,"",101,9999E,WA007,20,2025-03-17 00:00:00
232951-1-1-101,Order,2025-03-15 00:00:00,310726,WA003,WA002,"",102,9999E,WA007,0.41948652816837523,2025-03-05 00:00:00
232951-1-1-101,Order,2025-03-16 00:00:00,310726,WA003,WA002,"",102,9999E,WA007,399.5805134718316,2025-03-05 00:00:00
232951-1-1-102,Order,2025-03-15 00:00:00,310726,WA003,WA002,"",102,9999E,WA007,0.05987480722126462,2025-03-05 00:00:00
232951-1-1-102,Order,2025-03-16 00:00:00,310726,WA003,WA002,"",102,9999E,WA007,399.94012519277874,2025-03-05 00:00:00
232951-1-1-103,Order,2025-03-15 00:00:00,310726,WA003,WA002,"",102,9999E,WA007,0.05987480722126462,2025-03-05 00:00:00
232951-1-1-103,Order,2025-03-16 00:00:00,310726,WA003,WA002,"",102,9999E,WA007,159.94012519277874,2025-03-05 00:00:00
232951-1-1-104,Order,2025-03-15 00:00:00,310726,WA003,WA002,"",102,9999E,WA007,0.03991653814750975,2025-03-05 00:00:00
232951-1-1-104,Order,2025-03-16 00:00:00,310726,WA003,WA002,"",102,9999E,WA007,399.9600834618525,2025-03-05 00:00:00
232951-1-1-105,Order,2025-03-15 00:00:00,310726,WA003,WA002,"",102,9999E,WA007,0.3799328676403883,2025-03-05 00:00:00
232951-1-1-105,Order,2025-03-16 00:00:00,310726,WA003,WA002,"",102,9999E,WA007,159.6200671323596,2025-03-05 00:00:00
232952-1-1-102,Order,2025-04-01 00:00:00,310724,WA002,"","",102,9999E,WA007,0.019958269073754874,2025-03-05 00:00:00
232952-1-1-102,Order,2025-04-02 00:00:00,310724,WA002,"","",102,9999E,WA007,79.98004173092625,2025-03-05 00:00:00
232959-1-1-101,Order,2025-03-08 00:00:00,310086,ID002,"","",102,3139A,ID002,19,2025-02-21 00:00:00
232959-1-1-102,Order,2025-03-08 00:00:00,310086,ID002,"","",102,3139A,ID002,19,2025-02-21 00:00:00
232959-1-1-103,Order,2025-03-08 00:00:00,310086,ID002,"","",102,3139A,ID002,19,2025-02-21 00:00:00
232959-1-1-104,Order,2025-03-08 00:00:00,310086,ID002,"","",102,3139A,ID002,19,2025-02-21 00:00:00
232959-1-1-105,Order,2025-03-08 00:00:00,310086,ID002,"","",102,3139A,ID002,19,2025-02-21 00:00:00
232961-1-1-101,Order,2025-04-01 00:00:00,310726,WA002,"","",102,9999E,WA007,0.5000453597024404,2025-03-05 00:00:00
232961-1-1-101,Order,2025-04-02 00:00:00,310726,WA002,"","",102,9999E,WA007,39.49995464029756,2025-03-05 00:00:00
232970-1-1-101,Order,2025-04-01 00:00:00,310726,WA002,WA003,"",102,9999A,WA007,0.019958269073754874,2025-03-20 00:00:00
232970-1-1-101,Order,2025-04-02 00:00:00,310726,WA002,WA003,"",102,9999A,WA007,19.980041730926242,2025-03-20 00:00:00
232970-1-2-102,Order,2025-04-02 00:00:00,310726,WA002,WA003,"",102,9999A,WA007,20,2025-03-20 00:00:00
232970-1-3-103,Order,2025-05-03 00:00:00,310726,WA002,WA003,"",102,9999A,WA007,20,2025-03-20 00:00:00
232972-1-1-101,Order,2025-03-08 00:00:00,310726,WA003,"","",102,9999A,WA007,14.999909280595118,2025-02-25 00:00:00
232972-1-1-102,Order,2025-03-08 00:00:00,310726,WA003,"","",102,9999A,WA007,14.999909280595118,2025-02-25 00:00:00
232972-1-1-103,Order,2025-03-07 00:00:00,310726,WA003,"","",102,9999A,WA007,0.05987480722126462,2025-02-25 00:00:00
232972-1-1-103,Order,2025-03-08 00:00:00,310726,WA003,"","",102,9999A,WA007,14.940034473373855,2025-02-25 00:00:00
232972-1-1-104,Order,2025-03-08 00:00:00,310726,WA003,"","",102,9999A,WA007,14.999909280595118,2025-02-25 00:00:00
232972-1-1-105,Order,2025-03-08 00:00:00,310726,WA003,"","",102,9999A,WA007,14.999909280595118,2025-02-25 00:00:00
232972-1-1-106,Order,2025-03-07 00:00:00,310726,WA003,"","",102,9999A,WA007,0.03991653814750975,2025-02-25 00:00:00
232972-1-1-106,Order,2025-03-08 00:00:00,310726,WA003,"","",102,9999A,WA007,14.959992742447609,2025-02-25 00:00:00
232972-1-1-107,Order,2025-03-07 00:00:00,310726,WA003,"","",102,9999A,WA007,0.03991653814750975,2025-02-25 00:00:00
232972-1-1-107,Order,2025-03-08 00:00:00,310726,WA003,"","",102,9999A,WA007,14.959992742447609,2025-02-25 00:00:00
232972-1-1-108,Order,2025-03-08 00:00:00,310726,WA003,"","",102,9999A,WA007,14.999909280595118,2025-02-25 00:00:00
232972-1-1-109,Order,2025-03-07 00:00:00,310726,WA003,"","",102,9999A,WA007,0.3799328676403883,2025-02-25 00:00:00
232972-1-1-109,Order,2025-03-08 00:00:00,310726,WA003,"","",102,9999A,WA007,14.619976412954731,2025-02-25 00:00:00
232972-1-1-110,Order,2025-03-07 00:00:00,310726,WA003,"","",102,9999A,WA007,0.1799872992833167,2025-02-25 00:00:00
232972-1-1-110,Order,2025-03-08 00:00:00,310726,WA003,"","",102,9999A,WA007,14.819921981311802,2025-02-25 00:00:00
232972-1-1-111,Order,2025-03-08 00:00:00,310726,WA003,"","",102,9999A,WA007,14.999909280595118,2025-02-25 00:00:00
232972-1-1-112,Order,2025-03-08 00:00:00,310726,WA003,"","",102,9999A,WA007,14.999909280595118,2025-02-25 00:00:00
232972-1-1-113,Order,2025-03-08 00:00:00,310726,WA003,"","",102,9999A,WA007,14.999909280595118,2025-02-25 00:00:00
232972-1-1-114,Order,2025-03-08 00:00:00,310726,WA003,"","",102,9999A,WA007,14.999909280595118,2025-02-25 00:00:00
232972-1-1-115,Order,2025-03-08 00:00:00,310726,WA003,"","",102,9999A,WA007,14.999909280595118,2025-02-25 00:00:00
232975-1-1-101,Order,2025-03-10 00:00:00,310015,ID002,"","",102,9999A,TX001,0.019958269073754874,2025-02-26 00:00:00
232975-1-1-101,Order,2025-03-11 00:00:00,310015,ID002,"","",102,9999A,TX001,15.980041730926244,2025-02-26 00:00:00
232975-1-1-102,Order,2025-03-11 00:00:00,310015,ID002,"","",102,9999A,TX001,16,2025-02-26 00:00:00
232975-1-1-103,Order,2025-03-10 00:00:00,310015,ID002,"","",102,9999A,TX001,1.0000907194048807,2025-02-26 00:00:00
232975-1-1-103,Order,2025-03-11 00:00:00,310015,ID002,"","",102,9999A,TX001,14.999909280595118,2025-02-26 00:00:00
232975-1-1-104,Order,2025-03-11 00:00:00,310015,ID002,"","",102,9999A,TX001,16,2025-02-26 00:00:00
232975-1-1-105,Order,2025-03-11 00:00:00,310015,ID002,"","",102,9999A,TX001,16,2025-02-26 00:00:00
232975-1-1-106,Order,2025-03-11 00:00:00,310015,ID002,"","",102,9999A,TX001,16,2025-02-26 00:00:00
232975-1-1-107,Order,2025-03-11 00:00:00,310015,ID002,"","",102,9999A,TX001,16,2025-02-26 00:00:00
232980-1-1-101,Order,2025-03-09 00:00:00,310015,ID002,"","",102,9999A,TX001,16,2025-02-26 00:00:00
232980-1-1-102,Order,2025-03-08 00:00:00,310015,ID002,"","",102,9999A,TX001,0.05987480722126462,2025-02-26 00:00:00
232980-1-1-102,Order,2025-03-09 00:00:00,310015,ID002,"","",102,9999A,TX001,15.940125192778735,2025-02-26 00:00:00
232980-1-1-103,Order,2025-03-08 00:00:00,310015,ID002,"","",102,9999A,TX001,0.1001542229882972,2025-02-26 00:00:00
232980-1-1-103,Order,2025-03-09 00:00:00,310015,ID002,"","",102,9999A,TX001,15.8998457770117,2025-02-26 00:00:00
232980-1-1-104,Order,2025-03-08 00:00:00,310015,ID002,"","",102,9999A,TX001,0.05987480722126462,2025-02-26 00:00:00
232980-1-1-104,Order,2025-03-09 00:00:00,310015,ID002,"","",102,9999A,TX001,15.940125192778735,2025-02-26 00:00:00
232980-1-1-105,Order,2025-03-08 00:00:00,310015,ID002,"","",102,9999A,TX001,0.05987480722126462,2025-02-26 00:00:00
232980-1-1-105,Order,2025-03-09 00:00:00,310015,ID002,"","",102,9999A,TX001,15.940125192778735,2025-02-26 00:00:00
232980-1-1-106,Order,2025-03-09 00:00:00,310015,ID002,"","",102,9999A,TX001,16,2025-02-26 00:00:00
232983-1-1-101,Order,2025-04-15 00:00:00,310726,WA003,"","",101,3007FO,WA010,0.019958269073754874,2025-03-17 00:00:00
232983-1-1-101,Order,2025-04-16 00:00:00,310726,WA003,"","",101,3007FO,WA010,159.98004173092625,2025-03-17 00:00:00
232985-1-1-101,Order,2025-04-02 00:00:00,310015,WA002,"","",102,9999A,WA002,14.999909280595118,2025-03-03 00:00:00
232985-1-1-102,Order,2025-04-02 00:00:00,310015,WA002,"","",102,9999A,WA002,14.999909280595118,2025-03-03 00:00:00
232985-1-1-103,Order,2025-04-02 00:00:00,310015,WA002,"","",102,9999A,WA002,14.999909280595118,2025-03-03 00:00:00
232985-1-1-104,Order,2025-04-02 00:00:00,310015,WA002,"","",102,9999A,WA002,14.999909280595118,2025-03-03 00:00:00
232985-1-1-105,Order,2025-04-02 00:00:00,310015,WA002,"","",102,9999A,WA002,14.999909280595118,2025-03-03 00:00:00
232985-1-1-106,Order,2025-04-02 00:00:00,310015,WA002,"","",102,9999A,WA002,14.999909280595118,2025-03-03 00:00:00
232985-1-1-107,Order,2025-04-02 00:00:00,310015,WA002,"","",102,9999A,WA002,14.999909280595118,2025-03-03 00:00:00
232985-1-1-108,Order,2025-04-02 00:00:00,310015,WA002,"","",102,9999A,WA002,14.999909280595118,2025-03-03 00:00:00
232985-1-1-109,Order,2025-04-02 00:00:00,310015,WA002,"","",102,9999A,WA002,14.999909280595118,2025-03-03 00:00:00
232985-1-1-110,Order,2025-04-02 00:00:00,310015,WA002,"","",102,9999A,WA002,14.999909280595118,2025-03-03 00:00:00
232985-1-1-111,Order,2025-04-02 00:00:00,310015,WA002,"","",102,9999A,WA002,14.999909280595118,2025-03-03 00:00:00
232985-1-1-112,Order,2025-04-02 00:00:00,310015,WA002,"","",102,9999A,WA002,14.999909280595118,2025-03-03 00:00:00
232985-1-1-113,Order,2025-04-02 00:00:00,310015,WA002,"","",102,9999A,WA002,14.999909280595118,2025-03-03 00:00:00
232985-1-1-114,Order,2025-04-02 00:00:00,310015,WA002,"","",102,9999A,WA002,14.999909280595118,2025-03-03 00:00:00
232985-1-1-115,Order,2025-04-02 00:00:00,310015,WA002,"","",102,9999A,WA002,14.999909280595118,2025-03-03 00:00:00
232985-1-1-116,Order,2025-04-02 00:00:00,310015,WA002,"","",102,9999A,WA002,14.999909280595118,2025-03-03 00:00:00
232985-1-1-117,Order,2025-04-02 00:00:00,310015,WA002,"","",102,9999A,WA002,14.999909280595118,2025-03-03 00:00:00
232985-1-1-118,Order,2025-04-02 00:00:00,310015,WA002,"","",102,9999A,WA002,14.999909280595118,2025-03-03 00:00:00
232985-1-1-119,Order,2025-04-02 00:00:00,310015,WA002,"","",102,9999A,WA002,14.999909280595118,2025-03-03 00:00:00
232985-1-1-120,Order,2025-04-01 00:00:00,310015,WA002,"","",102,9999A,WA002,0.19994556835707158,2025-03-03 00:00:00
232985-1-1-120,Order,2025-04-02 00:00:00,310015,WA002,"","",102,9999A,WA002,14.799963712238048,2025-03-03 00:00:00
232985-1-1-121,Order,2025-04-02 00:00:00,310015,WA002,"","",102,9999A,WA002,14.999909280595118,2025-03-03 00:00:00
232985-1-1-122,Order,2025-04-02 00:00:00,310015,WA002,"","",102,9999A,WA002,14.999909280595118,2025-03-03 00:00:00
232996-1-1-101,Order,2025-03-28 00:00:00,310015,ID002,WA001,"",102,9999A,TX001,0.019958269073754874,2025-03-03 00:00:00
232996-1-1-101,Order,2025-03-29 00:00:00,310015,ID002,WA001,"",102,9999A,TX001,14.979951011521363,2025-03-03 00:00:00
232996-1-1-102,Order,2025-03-28 00:00:00,310015,ID002,WA001,"",102,9999A,TX001,0.1799872992833167,2025-03-03 00:00:00
232996-1-1-102,Order,2025-03-29 00:00:00,310015,ID002,WA001,"",102,9999A,TX001,14.819921981311802,2025-03-03 00:00:00
232996-1-1-103,Order,2025-03-28 00:00:00,310015,ID002,WA001,"",102,9999A,TX001,0.1799872992833167,2025-03-03 00:00:00
232996-1-1-103,Order,2025-03-29 00:00:00,310015,ID002,WA001,"",102,9999A,TX001,14.819921981311802,2025-03-03 00:00:00
232996-1-1-104,Order,2025-03-28 00:00:00,310015,ID002,WA001,"",102,9999A,TX001,0.14007076113580694,2025-03-03 00:00:00
232996-1-1-104,Order,2025-03-29 00:00:00,310015,ID002,WA001,"",102,9999A,TX001,14.859838519459313,2025-03-03 00:00:00
232996-1-1-105,Order,2025-03-29 00:00:00,310015,ID002,WA001,"",102,9999A,TX001,14.999909280595118,2025-03-03 00:00:00
232996-1-1-106,Order,2025-03-29 00:00:00,310015,ID002,WA001,"",102,9999A,TX001,14.999909280595118,2025-03-03 00:00:00
232996-1-1-107,Order,2025-03-28 00:00:00,310015,ID002,WA001,"",102,9999A,TX001,0.019958269073754874,2025-03-03 00:00:00
232996-1-1-107,Order,2025-03-29 00:00:00,310015,ID002,WA001,"",102,9999A,TX001,14.979951011521363,2025-03-03 00:00:00
232996-1-1-108,Order,2025-03-31 00:00:00,310015,ID002,WA001,"",102,9999A,TX001,0.019958269073754874,2025-03-03 00:00:00
232996-1-1-108,Order,2025-04-01 00:00:00,310015,ID002,WA001,"",102,9999A,TX001,14.979951011521363,2025-03-03 00:00:00
232996-1-1-109,Order,2025-04-01 00:00:00,310015,ID002,WA001,"",102,9999A,TX001,14.999909280595118,2025-03-03 00:00:00
232996-1-1-110,Order,2025-04-01 00:00:00,310015,ID002,WA001,"",102,9999A,TX001,14.999909280595118,2025-03-03 00:00:00
232996-1-1-111,Order,2025-04-01 00:00:00,310015,ID002,WA001,"",102,9999A,TX001,14.999909280595118,2025-03-03 00:00:00
232997-1-1-101,Order,2025-04-28 00:00:00,310015,ID002,WA001,"",102,3132A,TX001,21.00009071940488,2025-03-04 00:00:00
232997-1-1-102,Order,2025-04-28 00:00:00,310015,ID002,WA001,"",102,3132A,TX001,21.00009071940488,2025-03-04 00:00:00
232997-1-1-103,Order,2025-04-28 00:00:00,310015,ID002,WA001,"",102,3132A,TX001,21.00009071940488,2025-03-04 00:00:00
232997-1-1-104,Order,2025-04-28 00:00:00,310015,ID002,WA001,"",102,9999A,MEX002,21.00009071940488,2025-03-04 00:00:00
232998-1-1-101,Order,2025-05-01 00:00:00,310015,ID002,WA001,"",102,9999A,MEX002,20,2025-03-14 00:00:00
232998-1-1-102,Order,2025-05-01 00:00:00,310015,ID002,WA001,"",102,9999A,MEX002,20,2025-03-14 00:00:00
232998-1-1-103,Order,2025-05-01 00:00:00,310015,ID002,WA001,"",102,9999A,MEX002,20,2025-03-14 00:00:00
232999-1-1-101,Order,2025-03-31 00:00:00,310015,ID002,"","",102,9999A,TX001,0.5798784359974598,2025-03-03 00:00:00
232999-1-1-101,Order,2025-04-01 00:00:00,310015,ID002,"","",102,9999A,TX001,20.419849405787897,2025-03-03 00:00:00
232999-1-1-102,Order,2025-03-31 00:00:00,310015,ID002,"","",102,9999A,TX001,0.4401705524811757,2025-03-03 00:00:00
232999-1-1-102,Order,2025-04-01 00:00:00,310015,ID002,"","",102,9999A,TX001,20.559920166923703,2025-03-03 00:00:00
232999-1-1-103,Order,2025-03-31 00:00:00,310015,ID002,"","",102,9999A,TX001,0.32005806041912366,2025-03-03 00:00:00
232999-1-1-103,Order,2025-04-01 00:00:00,310015,ID002,"","",102,9999A,TX001,20.680032658985755,2025-03-03 00:00:00
232999-1-1-104,Order,2025-03-31 00:00:00,310015,ID002,"","",102,9999A,TX001,0.1001542229882972,2025-03-03 00:00:00
232999-1-1-104,Order,2025-04-01 00:00:00,310015,ID002,"","",102,9999A,TX001,20.89993649641658,2025-03-03 00:00:00
233001-2-1-101,Order,2025-03-24 00:00:00,310015,ID002,"","",102,9999A,ID010,5.000090719404881,2025-03-05 00:00:00
233001-2-1-101,Order,2025-03-24 00:00:00,310086,ID002,"","",102,9999A,ID010,11,2025-03-05 00:00:00
233003-1-1-101,Order,2025-03-16 00:00:00,310002,WA001,"","",102,9999A,WA001,40,2025-03-05 00:00:00
233004-1-1-101,Order,2025-03-15 00:00:00,310015,ID002,"","",102,9999A,TX001,16,2025-03-04 00:00:00
233004-1-1-102,Order,2025-03-14 00:00:00,310015,ID002,"","",102,9999A,TX001,0.1001542229882972,2025-03-04 00:00:00
233004-1-1-102,Order,2025-03-15 00:00:00,310015,ID002,"","",102,9999A,TX001,15.8998457770117,2025-03-04 00:00:00
233004-1-1-103,Order,2025-03-14 00:00:00,310015,ID002,"","",102,9999A,TX001,0.19994556835707158,2025-03-04 00:00:00
233004-1-1-103,Order,2025-03-15 00:00:00,310015,ID002,"","",102,9999A,TX001,15.800054431642927,2025-03-04 00:00:00
233004-1-1-104,Order,2025-03-14 00:00:00,310015,ID002,"","",102,9999A,TX001,0.05987480722126462,2025-03-04 00:00:00
233004-1-1-104,Order,2025-03-15 00:00:00,310015,ID002,"","",102,9999A,TX001,15.940125192778735,2025-03-04 00:00:00
233004-1-1-105,Order,2025-03-14 00:00:00,310015,ID002,"","",102,9999A,TX001,0.019958269073754874,2025-03-04 00:00:00
233004-1-1-105,Order,2025-03-15 00:00:00,310015,ID002,"","",102,9999A,TX001,15.980041730926244,2025-03-04 00:00:00
233004-1-1-106,Order,2025-03-15 00:00:00,310015,ID002,"","",102,9999A,TX001,16,2025-03-04 00:00:00
233004-1-1-107,Order,2025-03-15 00:00:00,310015,ID002,"","",102,9999A,TX001,16,2025-03-04 00:00:00
233004-1-1-108,Order,2025-03-15 00:00:00,310015,ID002,"","",102,9999A,TX001,16,2025-03-04 00:00:00
233007-1-1-101,Order,2025-03-16 00:00:00,310015,ID002,"","",102,9999A,TX001,16,2025-03-05 00:00:00
233007-1-1-102,Order,2025-03-15 00:00:00,310015,ID002,"","",102,9999A,TX001,0.03991653814750975,2025-03-05 00:00:00
233007-1-1-102,Order,2025-03-16 00:00:00,310015,ID002,"","",102,9999A,TX001,15.96008346185249,2025-03-05 00:00:00
233007-1-1-103,Order,2025-03-15 00:00:00,310015,ID002,"","",102,9999A,TX001,0.019958269073754874,2025-03-05 00:00:00
233007-1-1-103,Order,2025-03-16 00:00:00,310015,ID002,"","",102,9999A,TX001,15.980041730926244,2025-03-05 00:00:00
233007-1-1-104,Order,2025-03-15 00:00:00,310015,ID002,"","",102,9999A,TX001,0.019958269073754874,2025-03-05 00:00:00
233007-1-1-104,Order,2025-03-16 00:00:00,310015,ID002,"","",102,9999A,TX001,15.980041730926244,2025-03-05 00:00:00
233007-1-1-105,Order,2025-03-15 00:00:00,310015,ID002,"","",102,9999A,TX001,0.03991653814750975,2025-03-05 00:00:00
233007-1-1-105,Order,2025-03-16 00:00:00,310015,ID002,"","",102,9999A,TX001,15.96008346185249,2025-03-05 00:00:00
233007-1-1-106,Order,2025-03-15 00:00:00,310015,ID002,"","",102,9999A,TX001,0.03991653814750975,2025-03-05 00:00:00
233007-1-1-106,Order,2025-03-16 00:00:00,310015,ID002,"","",102,9999A,TX001,15.96008346185249,2025-03-05 00:00:00
233007-1-1-107,Order,2025-03-16 00:00:00,310015,ID002,"","",102,9999A,TX001,16,2025-03-05 00:00:00
233007-1-1-108,Order,2025-03-16 00:00:00,310015,ID002,"","",102,9999A,TX001,16,2025-03-05 00:00:00
233007-1-1-109,Order,2025-03-16 00:00:00,310015,ID002,"","",102,9999A,TX001,16,2025-03-05 00:00:00
233007-1-1-110,Order,2025-03-16 00:00:00,310015,ID002,"","",102,9999A,TX001,16,2025-03-05 00:00:00
233007-1-1-111,Order,2025-03-16 00:00:00,310015,ID002,"","",102,9999A,TX001,16,2025-03-05 00:00:00
233007-1-1-112,Order,2025-03-16 00:00:00,310015,ID002,"","",102,9999A,TX001,16,2025-03-05 00:00:00
233007-1-1-113,Order,2025-03-15 00:00:00,310015,ID002,"","",102,9999A,TX001,0.0798330762950195,2025-03-05 00:00:00
233007-1-1-113,Order,2025-03-16 00:00:00,310015,ID002,"","",102,9999A,TX001,15.920166923704981,2025-03-05 00:00:00
233007-1-1-114,Order,2025-03-15 00:00:00,310015,ID002,"","",102,9999A,TX001,0.1799872992833167,2025-03-05 00:00:00
233007-1-1-114,Order,2025-03-16 00:00:00,310015,ID002,"","",102,9999A,TX001,15.820012700716681,2025-03-05 00:00:00
233007-1-1-115,Order,2025-03-15 00:00:00,310015,ID002,"","",102,9999A,TX001,0.05987480722126462,2025-03-05 00:00:00
233007-1-1-115,Order,2025-03-16 00:00:00,310015,ID002,"","",102,9999A,TX001,15.940125192778735,2025-03-05 00:00:00
233007-1-1-116,Order,2025-03-15 00:00:00,310015,ID002,"","",102,9999A,TX001,0.12011249206205207,2025-03-05 00:00:00
233007-1-1-116,Order,2025-03-16 00:00:00,310015,ID002,"","",102,9999A,TX001,15.879887507937946,2025-03-05 00:00:00
233007-1-1-117,Order,2025-03-15 00:00:00,310015,ID002,"","",102,9999A,TX001,0.16002903020956183,2025-03-05 00:00:00
233007-1-1-117,Order,2025-03-16 00:00:00,310015,ID002,"","",102,9999A,TX001,15.839970969790437,2025-03-05 00:00:00
233007-1-1-118,Order,2025-03-15 00:00:00,310015,ID002,"","",102,9999A,TX001,0.0798330762950195,2025-03-05 00:00:00
233007-1-1-118,Order,2025-03-16 00:00:00,310015,ID002,"","",102,9999A,TX001,15.920166923704981,2025-03-05 00:00:00
233007-1-1-119,Order,2025-03-15 00:00:00,310015,ID002,"","",102,9999A,TX001,0.03991653814750975,2025-03-05 00:00:00
233007-1-1-119,Order,2025-03-16 00:00:00,310015,ID002,"","",102,9999A,TX001,15.96008346185249,2025-03-05 00:00:00
233007-1-1-120,Order,2025-03-15 00:00:00,310015,ID002,"","",102,9999A,TX001,0.0798330762950195,2025-03-05 00:00:00
233007-1-1-120,Order,2025-03-16 00:00:00,310015,ID002,"","",102,9999A,TX001,15.920166923704981,2025-03-05 00:00:00
233007-1-1-121,Order,2025-03-15 00:00:00,310015,ID002,"","",102,9999A,TX001,0.03991653814750975,2025-03-05 00:00:00
233007-1-1-121,Order,2025-03-16 00:00:00,310015,ID002,"","",102,9999A,TX001,15.96008346185249,2025-03-05 00:00:00
233007-1-1-122,Order,2025-03-16 00:00:00,310015,ID002,"","",102,9999A,TX001,16,2025-03-05 00:00:00
233007-1-1-123,Order,2025-03-16 00:00:00,310015,ID002,"","",102,9999A,TX001,16,2025-03-05 00:00:00
233007-1-1-124,Order,2025-03-16 00:00:00,310015,ID002,"","",102,9999A,TX001,16,2025-03-05 00:00:00
233007-1-1-125,Order,2025-03-16 00:00:00,310015,ID002,"","",102,9999A,TX001,16,2025-03-05 00:00:00
233007-1-1-126,Order,2025-03-16 00:00:00,310015,ID002,"","",102,9999A,TX001,16,2025-03-05 00:00:00
233010-1-1-101,Order,2025-03-16 00:00:00,310015,ID002,"","",102,9999A,ID002,14.999909280595118,2025-03-05 00:00:00
233010-1-1-102,Order,2025-03-16 00:00:00,310015,ID002,"","",102,9999A,ID002,14.999909280595118,2025-03-05 00:00:00
233010-1-1-103,Order,2025-03-16 00:00:00,310015,ID002,"","",102,9999A,ID002,14.999909280595118,2025-03-05 00:00:00
233010-1-1-104,Order,2025-03-16 00:00:00,310015,ID002,"","",102,9999A,ID002,14.999909280595118,2025-03-05 00:00:00
233010-1-1-105,Order,2025-03-15 00:00:00,310015,ID002,"","",102,9999A,ID002,0.019958269073754874,2025-03-05 00:00:00
233010-1-1-105,Order,2025-03-16 00:00:00,310015,ID002,"","",102,9999A,ID002,14.979951011521363,2025-03-05 00:00:00
233010-1-1-106,Order,2025-03-16 00:00:00,310015,ID002,"","",102,9999A,ID002,14.999909280595118,2025-03-05 00:00:00
233010-1-1-107,Order,2025-03-15 00:00:00,310015,ID002,"","",102,9999A,ID002,0.12011249206205207,2025-03-05 00:00:00
233010-1-1-107,Order,2025-03-16 00:00:00,310015,ID002,"","",102,9999A,ID002,14.88015966615259,2025-03-05 00:00:00
233010-1-1-108,Order,2025-03-16 00:00:00,310015,ID002,"","",102,9999A,ID002,14.999909280595118,2025-03-05 00:00:00
233010-1-1-109,Order,2025-03-15 00:00:00,310015,ID002,"","",102,9999A,ID002,0.03991653814750975,2025-03-05 00:00:00
233010-1-1-109,Order,2025-03-16 00:00:00,310015,ID002,"","",102,9999A,ID002,14.959992742447609,2025-03-05 00:00:00
233010-1-1-110,Order,2025-03-16 00:00:00,310015,ID002,"","",102,9999A,ID002,14.999909280595118,2025-03-05 00:00:00
233010-1-1-111,Order,2025-03-16 00:00:00,310015,ID002,"","",102,9999A,ID002,14.999909280595118,2025-03-05 00:00:00
233010-1-1-112,Order,2025-03-16 00:00:00,310015,ID002,"","",102,9999A,ID002,14.999909280595118,2025-03-05 00:00:00
233010-1-1-113,Order,2025-03-16 00:00:00,310015,ID002,"","",102,9999A,ID002,14.999909280595118,2025-03-05 00:00:00
233010-1-1-114,Order,2025-03-16 00:00:00,310015,ID002,"","",102,9999A,ID002,14.999909280595118,2025-03-05 00:00:00
233010-1-1-115,Order,2025-03-16 00:00:00,310015,ID002,"","",102,9999A,ID002,14.999909280595118,2025-03-05 00:00:00
233010-1-1-116,Order,2025-03-16 00:00:00,310015,ID002,"","",102,9999A,ID002,14.999909280595118,2025-03-05 00:00:00
233010-1-1-117,Order,2025-03-16 00:00:00,310015,ID002,"","",102,9999A,ID002,14.999909280595118,2025-03-05 00:00:00
233010-1-1-118,Order,2025-03-16 00:00:00,310015,ID002,"","",102,9999A,ID002,14.999909280595118,2025-03-05 00:00:00
233010-1-1-119,Order,2025-03-16 00:00:00,310015,ID002,"","",102,9999A,ID002,14.999909280595118,2025-03-05 00:00:00
233010-1-1-120,Order,2025-03-16 00:00:00,310015,ID002,"","",102,9999A,ID002,14.999909280595118,2025-03-05 00:00:00
233010-1-1-121,Order,2025-03-16 00:00:00,310015,ID002,"","",102,9999A,ID002,14.999909280595118,2025-03-05 00:00:00
233010-1-1-122,Order,2025-03-16 00:00:00,310015,ID002,"","",102,9999A,ID002,14.999909280595118,2025-03-05 00:00:00
233010-1-1-123,Order,2025-03-16 00:00:00,310015,ID002,"","",102,9999A,ID002,14.999909280595118,2025-03-05 00:00:00
233010-1-1-124,Order,2025-03-06 00:00:00,310015,ID002,"","",102,9999A,ID002,14.999909280595118,2025-03-05 00:00:00
233010-1-1-125,Order,2025-03-06 00:00:00,310015,ID002,"","",102,9999A,ID002,14.999909280595118,2025-03-05 00:00:00
233014-1-1-101,Order,2025-04-01 00:00:00,310015,ID002,WA001,"",102,9999A,MEX002,21.00009071940488,2025-03-04 00:00:00
233014-1-1-102,Order,2025-04-01 00:00:00,310015,ID002,WA001,"",102,9999A,MEX002,21.00009071940488,2025-03-04 00:00:00
233014-1-1-103,Order,2025-04-01 00:00:00,310015,ID002,WA001,"",102,9999A,MEX002,21.00009071940488,2025-03-04 00:00:00
233014-1-1-104,Order,2025-04-01 00:00:00,310015,ID002,WA001,"",102,9999A,MEX002,21.00009071940488,2025-03-04 00:00:00
233014-1-1-105,Order,2025-04-01 00:00:00,310015,ID002,WA001,"",102,9999A,MEX002,21.00009071940488,2025-03-04 00:00:00
233014-1-1-106,Order,2025-04-01 00:00:00,310015,ID002,WA001,"",102,9999A,MEX002,21.00009071940488,2025-03-04 00:00:00
233015-1-1-101,Order,2025-03-22 00:00:00,310018,WA001,"","",102,9999A,WA001,14.999909280595118,2025-03-12 00:00:00
233016-1-1-101,Order,2025-04-02 00:00:00,310018,WA001,"","",102,9999A,WA001,1.0000907194048807,2025-03-25 00:00:00
233016-1-2-103,Order,2025-05-01 00:00:00,310015,WA001,"","",102,9999E,WA001,14.999909280595118,2025-04-21 00:00:00
233016-1-2-104,Order,2025-05-07 00:00:00,310015,WA001,"","",102,9999E,WA001,14.999909280595118,2025-04-21 00:00:00
233016-1-3-105,Order,2025-05-19 00:00:00,310015,WA001,"","",102,9999E,WA001,14.999909280595118,2025-04-28 00:00:00
233017-1-1-101,Order,2025-04-02 00:00:00,310002,WA001,"","",102,9999A,WA001,14.999909280595118,2025-03-05 00:00:00
233017-1-1-102,Order,2025-05-09 00:00:00,310002,WA001,"","",102,9999E,WA001,14.999909280595118,2025-04-09 00:00:00
233017-1-2-103,Order,2025-05-16 00:00:00,310002,WA001,"","",102,9999E,WA001,14.999909280595118,2025-04-21 00:00:00
233017-1-2-104,Order,2025-05-30 00:00:00,310002,WA001,"","",102,9999E,WA001,14.999909280595118,2025-05-07 00:00:00
233018-1-1-101,Order,2025-06-25 00:00:00,310015,WA001,"","",102,9999E,WA001,1.0000907194048807,2025-06-04 00:00:00
233018-1-1-101,Order,2025-06-25 00:00:00,310018,WA001,"","",102,9999A,WA001,13.999818561190239,2025-06-04 00:00:00
233023-1-1-101,Order,2025-03-16 00:00:00,310015,WA001,"","",102,9999A,WA001,14.999909280595118,2025-03-05 00:00:00
233023-1-1-102,Order,2025-03-16 00:00:00,310015,WA001,"","",102,9999A,WA001,14.999909280595118,2025-03-05 00:00:00
233023-1-1-103,Order,2025-03-16 00:00:00,310015,WA001,"","",102,9999A,WA001,14.999909280595118,2025-03-05 00:00:00
233023-1-1-104,Order,2025-03-16 00:00:00,310015,WA001,"","",102,9999A,WA001,14.999909280595118,2025-03-05 00:00:00
233023-1-1-105,Order,2025-03-16 00:00:00,310015,WA001,"","",102,9999A,WA001,14.999909280595118,2025-03-05 00:00:00
233023-1-1-106,Order,2025-03-16 00:00:00,310015,WA001,"","",102,9999A,WA001,14.999909280595118,2025-03-05 00:00:00
233023-1-1-107,Order,2025-03-16 00:00:00,310015,WA001,"","",102,9999A,WA001,14.999909280595118,2025-03-05 00:00:00
233023-1-1-108,Order,2025-03-16 00:00:00,310015,WA001,"","",102,9999A,WA001,14.999909280595118,2025-03-05 00:00:00
233023-1-1-109,Order,2025-03-16 00:00:00,310015,WA001,"","",102,9999A,WA001,14.999909280595118,2025-03-05 00:00:00
233023-1-1-110,Order,2025-03-16 00:00:00,310015,WA001,"","",102,9999A,WA001,14.999909280595118,2025-03-05 00:00:00
233023-1-1-111,Order,2025-03-16 00:00:00,310015,WA001,"","",102,9999A,WA001,14.999909280595118,2025-03-05 00:00:00
233023-1-1-112,Order,2025-03-16 00:00:00,310015,WA001,"","",102,9999A,WA001,14.999909280595118,2025-03-05 00:00:00
233023-1-1-113,Order,2025-03-16 00:00:00,310015,WA001,"","",102,9999A,WA001,14.999909280595118,2025-03-05 00:00:00
233023-1-1-114,Order,2025-03-16 00:00:00,310015,WA001,"","",102,9999A,WA001,14.999909280595118,2025-03-05 00:00:00
233023-1-1-115,Order,2025-03-16 00:00:00,310015,WA001,"","",102,9999A,WA001,14.999909280595118,2025-03-05 00:00:00
233023-1-1-116,Order,2025-03-16 00:00:00,310015,WA001,"","",102,9999A,WA001,14.999909280595118,2025-03-05 00:00:00
233023-1-1-117,Order,2025-03-16 00:00:00,310015,WA001,"","",102,9999A,WA001,14.999909280595118,2025-03-05 00:00:00
233023-1-1-118,Order,2025-03-16 00:00:00,310015,WA001,"","",102,9999A,WA001,14.999909280595118,2025-03-05 00:00:00
233023-1-1-119,Order,2025-03-16 00:00:00,310015,WA001,"","",102,9999A,WA001,14.999909280595118,2025-03-05 00:00:00
233023-1-1-120,Order,2025-03-15 00:00:00,310015,WA001,"","",102,9999A,WA001,0.03991653814750975,2025-03-05 00:00:00
233023-1-1-120,Order,2025-03-16 00:00:00,310015,WA001,"","",102,9999A,WA001,14.959992742447609,2025-03-05 00:00:00
233024-1-1-101,Order,2025-03-31 00:00:00,310015,ID002,"","",102,9999A,TX001,0.32005806041912366,2025-03-05 00:00:00
233024-1-1-101,Order,2025-04-01 00:00:00,310015,ID002,"","",102,9999A,TX001,20.680032658985755,2025-03-05 00:00:00
233024-1-1-102,Order,2025-03-31 00:00:00,310015,ID002,"","",102,9999A,TX001,0.0798330762950195,2025-03-05 00:00:00
233024-1-1-102,Order,2025-04-01 00:00:00,310015,ID002,"","",102,9999A,TX001,20.91989476549034,2025-03-05 00:00:00
233024-1-1-103,Order,2025-03-31 00:00:00,310015,ID002,"","",102,9999A,TX001,0.05987480722126462,2025-03-05 00:00:00
233024-1-1-103,Order,2025-04-01 00:00:00,310015,ID002,"","",102,9999A,TX001,20.939853034564095,2025-03-05 00:00:00
233024-1-1-104,Order,2025-03-31 00:00:00,310015,ID002,"","",102,9999A,TX001,0.1001542229882972,2025-03-05 00:00:00
233024-1-1-104,Order,2025-04-01 00:00:00,310015,ID002,"","",102,9999A,TX001,20.89993649641658,2025-03-05 00:00:00
233029-1-1-101,Order,2025-03-14 00:00:00,310015,ID002,"","",102,9999A,ID002,2.0001814388097614,2025-03-05 00:00:00
233030-1-1-101,Order,2025-05-05 00:00:00,310724,WA002,"","",102,9999E,WA007,20,2025-03-13 00:00:00
233030-1-1-102,Order,2025-07-15 00:00:00,310724,WA003,"","",102,9999E,WA007,20,2025-06-09 00:00:00
233031-1-1-101,Order,2025-03-22 00:00:00,310015,ID002,"","",102,9999A,ID010,14.999909280595118,2025-03-11 00:00:00
233032-1-1,Contract,2025-05-01 00:00:00,310726,WA003,"","",101,3025S,WA007,0.44000399165381476,
233032-1-1-101,Order,2025-05-17 00:00:00,310726,WA003,"","",101,3025S,WA007,120,2025-03-12 00:00:00
233035-1-1-101,Order,2025-04-01 00:00:00,310086,ID002,"","",102,3139A,ID002,19,2025-03-10 00:00:00
233035-1-1-102,Order,2025-04-01 00:00:00,310086,ID002,"","",102,3139A,ID002,19,2025-03-10 00:00:00
233035-1-1-103,Order,2025-04-01 00:00:00,310086,ID002,"","",102,3139A,ID010,19,2025-03-10 00:00:00
233035-1-1-104,Order,2025-04-01 00:00:00,310086,ID002,"","",102,3139A,ID010,19,2025-03-10 00:00:00
233035-1-1-105,Order,2025-04-01 00:00:00,310086,ID002,"","",102,3139A,ID002,19,2025-03-10 00:00:00
233055-1-1-102,Order,2025-04-01 00:00:00,310002,WA001,"","",102,9999A,WA001,0.019958269073754874,2025-03-31 00:00:00
233055-1-1-102,Order,2025-04-02 00:00:00,310002,WA001,"","",102,9999A,WA001,159.98004173092625,2025-03-31 00:00:00
233058-1-1-101,Order,2025-03-19 00:00:00,310015,ID002,"","",102,9999A,TX001,0.21990383743082645,2025-03-10 00:00:00
233058-1-1-101,Order,2025-03-20 00:00:00,310015,ID002,"","",102,9999A,TX001,87.78009616256917,2025-03-10 00:00:00
233060-1-1-101,Order,2025-03-19 00:00:00,310015,ID002,"","",102,9999A,TX001,1.9798602921164836,2025-03-10 00:00:00
233060-1-1-101,Order,2025-03-20 00:00:00,310015,ID002,"","",102,9999A,TX001,318.0201397078835,2025-03-10 00:00:00
233063-1-1-101,Order,2025-03-31 00:00:00,310015,ID002,"","",102,9999A,TX001,0.4800870906286855,2025-03-10 00:00:00
233063-1-1-101,Order,2025-04-01 00:00:00,310015,ID002,"","",102,9999A,TX001,20.520003628776195,2025-03-10 00:00:00
233063-1-1-102,Order,2025-03-31 00:00:00,310015,ID002,"","",102,9999A,TX001,0.3599745985666334,2025-03-10 00:00:00
233063-1-1-102,Order,2025-04-01 00:00:00,310015,ID002,"","",102,9999A,TX001,20.640116120838247,2025-03-10 00:00:00
233063-1-1-103,Order,2025-03-31 00:00:00,310015,ID002,"","",102,9999A,TX001,0.1001542229882972,2025-03-10 00:00:00
233063-1-1-103,Order,2025-04-01 00:00:00,310015,ID002,"","",102,9999A,TX001,20.89993649641658,2025-03-10 00:00:00
233063-1-1-104,Order,2025-03-31 00:00:00,310015,ID002,"","",102,9999A,TX001,0.019958269073754874,2025-03-10 00:00:00
233063-1-1-104,Order,2025-04-01 00:00:00,310015,ID002,"","",102,9999A,TX001,20.980132450331126,2025-03-10 00:00:00
233063-1-1-105,Order,2025-03-31 00:00:00,310015,ID002,"","",102,9999A,TX001,0.03991653814750975,2025-03-10 00:00:00
233063-1-1-105,Order,2025-04-01 00:00:00,310015,ID002,"","",102,9999A,TX001,20.960174181257372,2025-03-10 00:00:00
233063-1-1-106,Order,2025-03-31 00:00:00,310015,ID002,"","",102,9999A,TX001,0.05987480722126462,2025-03-10 00:00:00
233063-1-1-106,Order,2025-04-01 00:00:00,310015,ID002,"","",102,9999A,TX001,20.939853034564095,2025-03-10 00:00:00
233063-1-1-107,Order,2025-03-31 00:00:00,310015,ID002,"","",102,9999A,TX001,0.05987480722126462,2025-03-10 00:00:00
233063-1-1-107,Order,2025-04-01 00:00:00,310015,ID002,"","",102,9999A,TX001,20.939853034564095,2025-03-10 00:00:00
233063-1-1-108,Order,2025-03-31 00:00:00,310015,ID002,"","",102,9999A,TX001,0.019958269073754874,2025-03-10 00:00:00
233063-1-1-108,Order,2025-04-01 00:00:00,310015,ID002,"","",102,9999A,TX001,20.980132450331126,2025-03-10 00:00:00
233063-1-1-109,Order,2025-03-31 00:00:00,310015,ID002,"","",102,9999A,TX001,0.03991653814750975,2025-03-10 00:00:00
233063-1-1-109,Order,2025-04-01 00:00:00,310015,ID002,"","",102,9999A,TX001,20.960174181257372,2025-03-10 00:00:00
233063-1-1-110,Order,2025-03-31 00:00:00,310015,ID002,"","",102,9999A,TX001,0.03991653814750975,2025-03-10 00:00:00
233063-1-1-110,Order,2025-04-01 00:00:00,310015,ID002,"","",102,9999A,TX001,20.960174181257372,2025-03-10 00:00:00
233063-1-1-111,Order,2025-03-31 00:00:00,310015,ID002,"","",102,9999A,TX001,0.1001542229882972,2025-03-10 00:00:00
233063-1-1-111,Order,2025-04-01 00:00:00,310015,ID002,"","",102,9999A,TX001,20.89993649641658,2025-03-10 00:00:00
233063-1-1-112,Order,2025-03-31 00:00:00,310015,ID002,"","",102,9999A,TX001,0.05987480722126462,2025-03-10 00:00:00
233063-1-1-112,Order,2025-04-01 00:00:00,310015,ID002,"","",102,9999A,TX001,20.939853034564095,2025-03-10 00:00:00
233064-1-1,Contract,2025-04-01 00:00:00,310726,WA002,"","",102,9999E,WA007,0.06000054431642928,
233064-1-1-101,Order,2025-05-28 00:00:00,310726,WA002,"","",101,9999E,WA007,60,2025-03-31 00:00:00
233064-1-1-102,Order,2025-05-28 00:00:00,310726,WA002,"","",101,9999E,WA007,60,2025-03-31 00:00:00
233064-1-1-103,Order,2025-05-28 00:00:00,310726,WA002,"","",101,9999E,WA007,80,2025-03-31 00:00:00
233064-1-2,Contract,2025-05-01 00:00:00,310726,WA002,"","",102,9999E,WA007,0.1000009071940488,
233064-1-2-104,Order,2025-05-07 00:00:00,310726,WA003,WA002,"",101,9999E,WA007,40,2025-03-31 00:00:00
233064-1-2-105,Order,2025-05-09 00:00:00,310726,WA003,WA002,"",101,9999E,WA007,40,2025-03-31 00:00:00
233066-1-1-101,Order,2025-06-17 00:00:00,310726,WA003,"","",101,9999E,WA007,20,2025-05-06 00:00:00
233066-1-1-102,Order,2025-06-26 00:00:00,310726,WA003,"","",101,9999E,WA007,20,2025-05-06 00:00:00
233067-1-1-101,Order,2025-05-13 00:00:00,310724,WA002,"","",101,3041A,WA007,60,2025-03-14 00:00:00
233070-1-1-101,Order,2025-03-25 00:00:00,310015,ID002,"","",102,9999A,ID010,5.000090719404881,2025-03-12 00:00:00
233070-1-1-101,Order,2025-03-25 00:00:00,310086,ID002,"","",102,9999A,ID010,11,2025-03-12 00:00:00
233071-1-1-101,Order,2025-04-01 00:00:00,310086,ID002,"","",102,3139A,ID002,19,2025-03-12 00:00:00
233071-1-1-102,Order,2025-04-01 00:00:00,310086,ID002,"","",102,3139A,ID002,19,2025-03-12 00:00:00
233071-1-1-103,Order,2025-04-01 00:00:00,310086,ID002,"","",102,3139A,ID002,19,2025-03-12 00:00:00
233071-1-2-104,Order,2025-03-28 00:00:00,310086,ID002,"","",102,3139A,ID002,19,2025-03-12 00:00:00
233071-1-2-105,Order,2025-03-28 00:00:00,310086,ID002,"","",102,3139A,ID002,19,2025-03-12 00:00:00
233077-1-1,Contract,2025-04-01 00:00:00,310726,WA003,"","",102,9999E,WA007,1.5400139707883513,
233077-1-1-101,Order,2025-04-30 00:00:00,310726,WA003,"","",102,9999E,WA007,480,2025-03-12 00:00:00
233077-1-1-102,Order,2025-05-15 00:00:00,310726,WA003,"","",102,9999E,WA007,240,2025-03-24 00:00:00
233078-1-1-101,Order,2025-04-01 00:00:00,310015,ID002,"","",102,9999A,MEX002,20,2025-03-13 00:00:00
233078-1-1-102,Order,2025-04-01 00:00:00,310015,ID002,"","",102,9999A,MEX002,20,2025-03-13 00:00:00
233078-1-1-103,Order,2025-04-01 00:00:00,310015,ID002,"","",102,9999A,MEX002,20,2025-03-13 00:00:00
233078-1-1-104,Order,2025-04-01 00:00:00,310015,ID002,"","",102,9999A,MEX002,20,2025-03-13 00:00:00
233089-1-1-101,Order,2025-04-28 00:00:00,310015,ID002,"","",102,9999A,TX001,21.00009071940488,2025-03-18 00:00:00
233089-1-1-102,Order,2025-04-28 00:00:00,310015,ID002,"","",102,9999A,TX001,21.00009071940488,2025-03-18 00:00:00
233089-1-1-103,Order,2025-04-28 00:00:00,310015,ID002,"","",102,9999A,TX001,21.00009071940488,2025-03-18 00:00:00
233089-1-2-104,Order,2025-05-29 00:00:00,310015,ID002,"","",102,9999A,TX001,21.00009071940488,2025-04-22 00:00:00
233089-1-2-105,Order,2025-05-29 00:00:00,310015,ID002,"","",102,9999A,TX001,21.00009071940488,2025-04-22 00:00:00
233089-1-2-106,Order,2025-05-29 00:00:00,310015,ID002,"","",102,9999A,TX001,20.999727841785358,2025-04-22 00:00:00
233089-1-2-107,Order,2025-05-29 00:00:00,310015,ID002,"","",102,9999A,TX001,21.00009071940488,2025-04-22 00:00:00
233089-1-2-108,Order,2025-05-29 00:00:00,310015,ID002,"","",102,9999A,TX001,21.00009071940488,2025-04-22 00:00:00
233089-1-2-109,Order,2025-05-29 00:00:00,310015,ID002,"","",102,9999A,TX001,21.00009071940488,2025-04-22 00:00:00
233089-1-2-110,Order,2025-05-29 00:00:00,310015,ID002,"","",102,9999A,TX001,20.999727841785358,2025-04-22 00:00:00
233089-1-3-111,Order,2025-06-28 00:00:00,310015,ID002,"","",102,9999A,TX001,21.00009071940488,2025-05-19 00:00:00
233089-1-3-112,Order,2025-06-28 00:00:00,310015,ID002,"","",102,9999A,TX001,21.00009071940488,2025-05-19 00:00:00
233089-1-3-113,Order,2025-06-28 00:00:00,310015,ID002,"","",102,9999A,TX001,21.00009071940488,2025-05-19 00:00:00
233089-1-3-114,Order,2025-06-28 00:00:00,310015,ID002,"","",102,9999A,TX001,21.00009071940488,2025-05-19 00:00:00
233089-1-3-115,Order,2025-06-28 00:00:00,310015,ID002,"","",102,9999A,TX001,21.00009071940488,2025-05-19 00:00:00
233089-1-3-116,Order,2025-06-28 00:00:00,310015,ID002,"","",102,9999A,TX001,21.00009071940488,2025-05-19 00:00:00
233089-1-3-117,Order,2025-06-28 00:00:00,310015,ID002,"","",102,9999A,TX001,21.00009071940488,2025-05-19 00:00:00
233091-1-1-101,Order,2025-04-28 00:00:00,310086,ID002,"","",102,9999A,TX001,23,2025-03-18 00:00:00
233091-1-2-102,Order,2025-05-29 00:00:00,310086,ID002,"","",102,9999A,TX001,23,2025-04-22 00:00:00
233091-1-2-103,Order,2025-05-29 00:00:00,310086,ID002,"","",102,9999A,TX001,23,2025-04-22 00:00:00
233091-1-3-104,Order,2025-06-28 00:00:00,310086,ID002,"","",102,9999A,TX001,23,2025-05-19 00:00:00
233091-1-3-105,Order,2025-06-28 00:00:00,310086,ID002,"","",102,9999A,TX001,23,2025-05-19 00:00:00
233097-1-1-101,Order,2025-04-01 00:00:00,310015,WA001,"","",102,9999A,WA001,16,2025-03-20 00:00:00
233097-1-1-102,Order,2025-04-01 00:00:00,310015,WA001,"","",102,9999A,WA001,16,2025-03-20 00:00:00
233097-1-1-103,Order,2025-04-01 00:00:00,310015,WA001,"","",102,9999A,WA001,16,2025-03-20 00:00:00
233097-1-1-104,Order,2025-04-01 00:00:00,310015,WA001,"","",102,9999A,WA001,16,2025-03-20 00:00:00
233097-1-1-105,Order,2025-04-01 00:00:00,310015,WA001,"","",102,9999A,WA001,16,2025-03-20 00:00:00
233097-1-1-106,Order,2025-04-01 00:00:00,310015,WA001,"","",102,9999A,WA001,16,2025-03-20 00:00:00
233097-1-1-107,Order,2025-04-01 00:00:00,310015,WA001,"","",102,9999A,WA001,16,2025-03-20 00:00:00
233097-1-1-108,Order,2025-04-01 00:00:00,310015,WA001,"","",102,9999A,WA001,16,2025-03-20 00:00:00
233097-1-1-109,Order,2025-04-01 00:00:00,310015,WA001,"","",102,9999A,WA001,16,2025-03-20 00:00:00
233097-1-1-110,Order,2025-04-01 00:00:00,310015,WA001,"","",102,9999A,WA001,16,2025-03-20 00:00:00
233097-1-1-111,Order,2025-04-01 00:00:00,310015,WA001,"","",102,9999A,WA001,16,2025-03-20 00:00:00
233097-1-1-112,Order,2025-04-01 00:00:00,310015,WA001,"","",102,9999A,WA001,16,2025-03-20 00:00:00
233097-1-1-113,Order,2025-04-01 00:00:00,310015,WA001,"","",102,9999A,WA001,16,2025-03-20 00:00:00
233097-1-1-114,Order,2025-04-01 00:00:00,310015,WA001,"","",102,9999A,WA001,16,2025-03-20 00:00:00
233097-1-1-115,Order,2025-04-01 00:00:00,310015,WA001,"","",102,9999A,WA001,16,2025-03-20 00:00:00
233098-1-1-101,Order,2025-03-25 00:00:00,310015,ID002,"","",102,9999A,TX001,160,2025-03-14 00:00:00
233099-1-1-101,Order,2025-04-01 00:00:00,310015,ID002,WA001,"",102,9999A,MEX002,20,2025-03-18 00:00:00
233099-1-1-102,Order,2025-04-01 00:00:00,310015,ID002,WA001,"",102,9999A,MEX002,20,2025-03-18 00:00:00
233099-1-1-103,Order,2025-04-01 00:00:00,310015,ID002,WA001,"",102,9999A,MEX002,20,2025-03-18 00:00:00
233099-1-1-104,Order,2025-04-01 00:00:00,310015,ID002,WA001,"",102,9999A,MEX002,20,2025-03-18 00:00:00
233099-1-1-105,Order,2025-04-01 00:00:00,310015,ID002,WA001,"",102,9999A,MEX002,20,2025-03-18 00:00:00
233100-1-1-101,Order,2025-03-25 00:00:00,310015,WA001,"","",102,9999A,WA001,2.0001814388097614,2025-03-14 00:00:00
233101-1-1-101,Order,2025-03-31 00:00:00,310015,ID002,"","",102,9999A,TX001,0.3400163294928785,2025-03-14 00:00:00
233101-1-1-101,Order,2025-04-01 00:00:00,310015,ID002,"","",102,9999A,TX001,20.660074389912,2025-03-14 00:00:00
233101-1-1-102,Order,2025-03-31 00:00:00,310015,ID002,"","",102,9999A,TX001,0.5798784359974598,2025-03-14 00:00:00
233101-1-1-102,Order,2025-04-01 00:00:00,310015,ID002,"","",102,9999A,TX001,20.419849405787897,2025-03-14 00:00:00
233101-1-1-103,Order,2025-03-31 00:00:00,310015,ID002,"","",102,9999A,TX001,0.23986210650458134,2025-03-14 00:00:00
233101-1-1-103,Order,2025-04-01 00:00:00,310015,ID002,"","",102,9999A,TX001,20.759865735280776,2025-03-14 00:00:00
233101-1-2-104,Order,2025-04-28 00:00:00,310015,ID002,"","",102,9999A,TX001,20.999727841785358,2025-03-14 00:00:00
233101-1-2-105,Order,2025-04-28 00:00:00,310015,ID002,"","",102,9999A,TX001,21.00009071940488,2025-03-14 00:00:00
233101-1-2-106,Order,2025-04-28 00:00:00,310015,ID002,"","",102,9999A,TX001,20.999727841785358,2025-03-14 00:00:00
233103-1-1-101,Order,2025-04-01 00:00:00,310015,WA001,"","",102,9999A,WA001,14.999909280595118,2025-03-17 00:00:00
233104-1-1-101,Order,2025-03-26 00:00:00,310015,WA001,"","",102,9999A,WA001,14.999909280595118,2025-03-14 00:00:00
233104-1-1-102,Order,2025-03-26 00:00:00,310015,WA001,"","",102,9999A,WA001,14.999909280595118,2025-03-14 00:00:00
233104-1-1-103,Order,2025-03-26 00:00:00,310015,WA001,"","",102,9999A,WA001,14.999909280595118,2025-03-14 00:00:00
233104-1-1-104,Order,2025-03-26 00:00:00,310015,WA001,"","",102,9999A,WA001,14.999909280595118,2025-03-14 00:00:00
233104-1-1-105,Order,2025-03-26 00:00:00,310015,WA001,"","",102,9999A,WA001,14.999909280595118,2025-03-14 00:00:00
233104-1-1-106,Order,2025-03-26 00:00:00,310015,WA001,"","",102,9999A,WA001,14.999909280595118,2025-03-14 00:00:00
233104-1-1-107,Order,2025-03-26 00:00:00,310015,WA001,"","",102,9999A,WA001,14.999909280595118,2025-03-14 00:00:00
233104-1-1-108,Order,2025-03-26 00:00:00,310015,WA001,"","",102,9999A,WA001,14.999909280595118,2025-03-14 00:00:00
233104-1-1-109,Order,2025-03-26 00:00:00,310015,WA001,"","",102,9999A,WA001,14.999909280595118,2025-03-14 00:00:00
233104-1-1-110,Order,2025-03-26 00:00:00,310015,WA001,"","",102,9999A,WA001,14.999909280595118,2025-03-14 00:00:00
233104-1-1-111,Order,2025-03-26 00:00:00,310015,WA001,"","",102,9999A,WA001,14.999909280595118,2025-03-14 00:00:00
233104-1-1-112,Order,2025-03-26 00:00:00,310015,WA001,"","",102,9999A,WA001,14.999909280595118,2025-03-14 00:00:00
233104-1-1-113,Order,2025-03-26 00:00:00,310015,WA001,"","",102,9999A,WA001,14.999909280595118,2025-03-14 00:00:00
233104-1-1-114,Order,2025-03-25 00:00:00,310015,WA001,"","",102,9999A,WA001,0.019958269073754874,2025-03-14 00:00:00
233104-1-1-114,Order,2025-03-26 00:00:00,310015,WA001,"","",102,9999A,WA001,14.979951011521363,2025-03-14 00:00:00
233105-1-1-101,Order,2025-04-08 00:00:00,310086,ID002,"","",102,3139A,ID002,19,2025-03-14 00:00:00
233105-1-1-102,Order,2025-04-08 00:00:00,310086,ID002,"","",102,3139A,ID002,19,2025-03-14 00:00:00
233105-1-1-103,Order,2025-04-12 00:00:00,310086,ID002,"","",102,3139A,ID002,19,2025-03-14 00:00:00
233105-1-1-104,Order,2025-04-12 00:00:00,310086,ID002,"","",102,3139A,ID002,19,2025-03-14 00:00:00
233105-1-1-105,Order,2025-04-15 00:00:00,310086,ID002,"","",102,3139A,ID002,19,2025-03-14 00:00:00
233107-1-1-101,Order,2025-06-01 00:00:00,310724,WA002,WA003,"",101,9999E,WA007,160,2025-03-31 00:00:00
233107-1-1-102,Order,2025-05-29 00:00:00,310724,WA002,WA003,"",101,9999E,WA007,240,2025-03-31 00:00:00
233107-1-1-103,Order,2025-05-14 00:00:00,310724,WA002,WA003,"",101,9999E,WA007,400,2025-03-31 00:00:00
233108-1-1-101,Order,2025-03-27 00:00:00,310015,WA001,"","",102,9999A,WA001,14.999909280595118,2025-03-17 00:00:00
233115-1-1,Contract,2025-04-01 00:00:00,310726,WA003,"","",102,9999E,WA007,0.500004535970244,
233115-1-1-101,Order,2025-05-06 00:00:00,310726,WA003,"","",102,9999E,WA007,200,2025-03-17 00:00:00
233115-1-1-102,Order,2025-04-23 00:00:00,310726,WA003,"","",102,9999E,WA007,200,2025-03-17 00:00:00
233115-1-1-103,Order,2025-04-15 00:00:00,310726,WA003,"","",102,9999E,WA007,0.019958269073754874,2025-03-17 00:00:00
233115-1-1-103,Order,2025-04-16 00:00:00,310726,WA003,"","",102,9999E,WA007,79.98004173092625,2025-03-17 00:00:00
233118-1-1,Contract,2025-05-01 00:00:00,310726,WA003,WA002,"",102,9999A,WA007,0.7000063503583415,
233118-1-1-101,Order,2025-06-01 00:00:00,310726,WA003,WA002,"",102,9999A,WA010,60,2025-03-17 00:00:00
233118-1-2-102,Order,2025-06-16 00:00:00,310726,WA003,WA002,"",102,9999A,WA007,60,2025-03-17 00:00:00
233119-1-1-101,Order,2025-05-07 00:00:00,310002,WA001,"","",102,9999A,WA001,20,2025-04-07 00:00:00
233119-1-2-102,Order,2025-06-12 00:00:00,310002,WA001,"","",102,9999A,WA001,40,2025-04-07 00:00:00
233119-1-3-103,Order,2025-06-28 00:00:00,310002,WA001,"","",102,9999A,WA001,40,2025-04-07 00:00:00
233120-1-1-101,Order,2025-03-28 00:00:00,310015,ID002,"","",102,9999A,TX001,16,2025-03-18 00:00:00
233120-1-1-102,Order,2025-03-28 00:00:00,310015,ID002,"","",102,9999A,TX001,16,2025-03-18 00:00:00
233120-1-1-103,Order,2025-03-28 00:00:00,310015,ID002,"","",102,9999A,TX001,16,2025-03-18 00:00:00
233120-1-1-104,Order,2025-03-28 00:00:00,310015,ID002,"","",102,9999A,TX001,16,2025-03-18 00:00:00
233120-1-1-105,Order,2025-03-28 00:00:00,310015,ID002,"","",102,9999A,TX001,16,2025-03-18 00:00:00
233120-1-1-106,Order,2025-03-28 00:00:00,310015,ID002,"","",102,9999A,TX001,16,2025-03-18 00:00:00
233126-1-1-101,Order,2025-04-12 00:00:00,310086,ID002,"","",102,9999A,WA017,20,2025-03-28 00:00:00
233126-1-1-102,Order,2025-04-12 00:00:00,310086,ID002,"","",102,9999A,WA017,15,2025-03-28 00:00:00
233132-1-1-101,Order,2025-03-27 00:00:00,310015,ID002,"","",102,9999A,TX001,16,2025-03-20 00:00:00
233132-1-1-102,Order,2025-03-27 00:00:00,310015,ID002,"","",102,9999A,TX001,16,2025-03-20 00:00:00
233132-1-1-103,Order,2025-03-27 00:00:00,310015,ID002,"","",102,9999A,TX001,16,2025-03-20 00:00:00
233132-1-1-104,Order,2025-03-27 00:00:00,310015,ID002,"","",102,9999A,TX001,16,2025-03-20 00:00:00
233132-1-1-105,Order,2025-03-27 00:00:00,310015,ID002,"","",102,9999A,TX001,16,2025-03-20 00:00:00
233139-1-1-101,Order,2025-04-05 00:00:00,310015,ID002,"","",102,9999A,ID002,14.999909280595118,2025-03-24 00:00:00
233140-1-1-101,Order,2025-03-31 00:00:00,310015,WA001,"","",102,9999A,WA001,14.999909280595118,2025-03-21 00:00:00
233140-1-1-102,Order,2025-03-31 00:00:00,310015,WA001,"","",102,9999A,WA001,14.999909280595118,2025-03-21 00:00:00
233140-1-1-103,Order,2025-03-31 00:00:00,310015,WA001,"","",102,9999A,WA001,14.999909280595118,2025-03-21 00:00:00
233140-1-1-104,Order,2025-03-31 00:00:00,310015,WA001,"","",102,9999A,WA001,14.999909280595118,2025-03-21 00:00:00
233140-1-1-105,Order,2025-03-31 00:00:00,310015,WA001,"","",102,9999A,WA001,14.999909280595118,2025-03-21 00:00:00
233140-1-1-106,Order,2025-03-31 00:00:00,310015,WA001,"","",102,9999A,WA001,14.999909280595118,2025-03-21 00:00:00
233140-1-1-107,Order,2025-03-31 00:00:00,310015,WA001,"","",102,9999A,WA001,14.999909280595118,2025-03-21 00:00:00
233140-1-1-108,Order,2025-03-31 00:00:00,310015,WA001,"","",102,9999A,WA001,14.999909280595118,2025-03-21 00:00:00
233140-1-1-109,Order,2025-03-31 00:00:00,310015,WA001,"","",102,9999A,WA001,14.999909280595118,2025-03-21 00:00:00
233140-1-1-110,Order,2025-03-31 00:00:00,310015,WA001,"","",102,9999A,WA001,14.999909280595118,2025-03-21 00:00:00
233140-1-2-111,Order,2025-04-01 00:00:00,310015,WA001,"","",102,9999A,WA001,14.999909280595118,2025-03-21 00:00:00
233140-1-2-112,Order,2025-04-01 00:00:00,310015,WA001,"","",102,9999A,WA001,14.999909280595118,2025-03-21 00:00:00
233140-1-2-113,Order,2025-04-01 00:00:00,310015,WA001,"","",102,9999A,WA001,14.999909280595118,2025-03-21 00:00:00
233140-1-2-114,Order,2025-04-01 00:00:00,310015,WA001,"","",102,9999A,WA001,14.999909280595118,2025-03-21 00:00:00
233140-1-2-115,Order,2025-04-02 00:00:00,310015,WA001,"","",102,9999A,WA001,14.999909280595118,2025-03-21 00:00:00
233140-1-2-116,Order,2025-04-03 00:00:00,310015,WA001,"","",102,9999A,WA001,14.999909280595118,2025-03-21 00:00:00
233140-1-2-117,Order,2025-04-02 00:00:00,310015,WA001,"","",102,9999A,WA001,14.999909280595118,2025-03-21 00:00:00
233140-1-2-118,Order,2025-04-02 00:00:00,310015,WA001,"","",102,9999A,WA001,14.999909280595118,2025-03-21 00:00:00
233140-1-2-119,Order,2025-04-04 00:00:00,310015,WA001,"","",102,9999A,WA001,14.999909280595118,2025-03-21 00:00:00
233140-1-2-120,Order,2025-04-03 00:00:00,310015,WA001,"","",102,9999A,WA001,14.999909280595118,2025-03-21 00:00:00
233148-1-1-101,Order,2025-04-05 00:00:00,310015,WA003,"","",102,9999A,WA010,14.999909280595118,2025-03-24 00:00:00
233148-1-1-102,Order,2025-04-04 00:00:00,310015,WA003,"","",102,9999A,WA010,0.05987480722126462,2025-03-24 00:00:00
233148-1-1-102,Order,2025-04-05 00:00:00,310015,WA003,"","",102,9999A,WA010,14.940034473373855,2025-03-24 00:00:00
233148-1-1-103,Order,2025-04-04 00:00:00,310015,WA003,"","",102,9999A,WA010,0.019958269073754874,2025-03-24 00:00:00
233148-1-1-103,Order,2025-04-05 00:00:00,310015,WA003,"","",102,9999A,WA010,14.979951011521363,2025-03-24 00:00:00
233148-1-1-104,Order,2025-04-05 00:00:00,310015,WA003,"","",102,9999A,WA010,14.999909280595118,2025-03-24 00:00:00
233148-1-1-105,Order,2025-04-05 00:00:00,310015,WA003,"","",102,9999A,WA010,14.999909280595118,2025-03-24 00:00:00
233151-1-1-101,Order,2025-03-29 00:00:00,310015,ID002,"","",102,9999A,TX001,16,2025-03-25 00:00:00
233151-1-1-102,Order,2025-03-29 00:00:00,310015,ID002,"","",102,9999A,TX001,16,2025-03-25 00:00:00
233151-1-1-103,Order,2025-03-28 00:00:00,310015,ID002,"","",102,9999A,TX001,0.03991653814750975,2025-03-25 00:00:00
233151-1-1-103,Order,2025-03-29 00:00:00,310015,ID002,"","",102,9999A,TX001,15.96008346185249,2025-03-25 00:00:00
233151-1-1-104,Order,2025-03-28 00:00:00,310015,ID002,"","",102,9999A,TX001,0.12011249206205207,2025-03-25 00:00:00
233151-1-1-104,Order,2025-03-29 00:00:00,310015,ID002,"","",102,9999A,TX001,15.879887507937946,2025-03-25 00:00:00
233151-1-1-105,Order,2025-03-28 00:00:00,310015,ID002,"","",102,9999A,TX001,0.14007076113580694,2025-03-25 00:00:00
233151-1-1-105,Order,2025-03-29 00:00:00,310015,ID002,"","",102,9999A,TX001,15.859929238864192,2025-03-25 00:00:00
233153-1-1-101,Order,2025-06-22 00:00:00,310726,WA003,"","",101,3025S,WA007,160,2025-04-29 00:00:00
233156-1-1-101,Order,2025-04-03 00:00:00,310015,WA001,"","",102,9999A,WA001,14.999909280595118,2025-03-25 00:00:00
233156-1-1-102,Order,2025-04-11 00:00:00,310015,WA001,"","",102,9999A,WA001,14.999909280595118,2025-03-25 00:00:00
233156-1-1-103,Order,2025-04-21 00:00:00,310015,WA001,"","",102,9999A,WA001,14.999909280595118,2025-03-25 00:00:00
233156-1-2-104,Order,2025-05-01 00:00:00,310015,WA001,"","",102,9999A,WA001,14.999909280595118,2025-03-25 00:00:00
233156-1-2-105,Order,2025-05-08 00:00:00,310015,WA001,"","",102,9999A,WA001,14.999909280595118,2025-03-25 00:00:00
233156-1-2-106,Order,2025-05-19 00:00:00,310015,WA001,"","",102,9999A,WA001,14.999909280595118,2025-03-25 00:00:00
233156-1-3-107,Order,2025-06-02 00:00:00,310015,WA001,"","",102,9999A,WA001,14.999909280595118,2025-03-25 00:00:00
233156-1-3-108,Order,2025-06-05 00:00:00,310015,WA001,"","",102,9999A,WA001,14.999909280595118,2025-03-25 00:00:00
233156-1-3-109,Order,2025-06-12 00:00:00,310015,WA001,"","",102,9999A,WA001,14.999909280595118,2025-03-25 00:00:00
233156-1-3-110,Order,2025-06-23 00:00:00,310015,WA001,"","",102,9999A,WA001,14.999909280595118,2025-05-01 00:00:00
233158-1-1-101,Order,2025-04-19 00:00:00,310086,ID002,"","",102,3139A,ID002,19,2025-03-27 00:00:00
233158-1-1-102,Order,2025-04-19 00:00:00,310086,ID002,"","",102,3139A,ID002,19,2025-03-27 00:00:00
233158-1-1-103,Order,2025-04-18 00:00:00,310086,ID002,"","",102,3139A,ID002,19,2025-03-27 00:00:00
233158-1-1-104,Order,2025-04-29 00:00:00,310086,ID002,"","",102,3139A,ID002,19,2025-03-27 00:00:00
233158-1-1-105,Order,2025-05-02 00:00:00,310086,ID002,"","",102,3139A,ID002,19,2025-03-27 00:00:00
233159-1-1-102,Order,2025-04-02 00:00:00,310724,WA002,"","",101,9999E,WA002,20,2025-03-27 00:00:00
233159-1-1-103,Order,2025-04-10 00:00:00,310724,WA002,"","",101,9999E,WA002,20,2025-03-27 00:00:00
233162-1-1-101,Order,2025-05-01 00:00:00,310015,ID002,"","",102,9999A,MEX002,20,2025-03-26 00:00:00
233162-1-1-102,Order,2025-05-01 00:00:00,310015,ID002,"","",102,9999A,MEX002,20,2025-03-26 00:00:00
233162-1-1-103,Order,2025-05-01 00:00:00,310015,ID002,"","",102,9999A,MEX002,20,2025-03-26 00:00:00
233163-1-1-101,Order,2025-04-28 00:00:00,310002,ID002,"","",102,9999A,TX001,14.999909280595118,2025-03-26 00:00:00
233164-1-1-101,Order,2025-03-28 00:00:00,310015,ID002,"","",102,9999A,TX001,0.03991653814750975,2025-03-26 00:00:00
233164-1-1-101,Order,2025-03-29 00:00:00,310015,ID002,"","",102,9999A,TX001,14.959992742447609,2025-03-26 00:00:00
233164-1-1-102,Order,2025-03-28 00:00:00,310015,ID002,"","",102,9999A,TX001,0.12011249206205207,2025-03-26 00:00:00
233164-1-1-102,Order,2025-03-29 00:00:00,310015,ID002,"","",102,9999A,TX001,14.88015966615259,2025-03-26 00:00:00
233164-1-1-103,Order,2025-03-28 00:00:00,310015,ID002,"","",102,9999A,TX001,0.2598203755783362,2025-03-26 00:00:00
233164-1-1-103,Order,2025-03-29 00:00:00,310015,ID002,"","",102,9999A,TX001,14.740088905016783,2025-03-26 00:00:00
233164-1-1-104,Order,2025-03-28 00:00:00,310015,ID002,"","",102,9999A,TX001,0.16002903020956183,2025-03-26 00:00:00
233164-1-1-104,Order,2025-03-29 00:00:00,310015,ID002,"","",102,9999A,TX001,14.839880250385557,2025-03-26 00:00:00
233164-1-1-105,Order,2025-03-28 00:00:00,310015,ID002,"","",102,9999A,TX001,0.16002903020956183,2025-03-26 00:00:00
233164-1-1-105,Order,2025-03-29 00:00:00,310015,ID002,"","",102,9999A,TX001,14.839880250385557,2025-03-26 00:00:00
233164-1-1-106,Order,2025-03-28 00:00:00,310015,ID002,"","",102,9999A,TX001,0.03991653814750975,2025-03-26 00:00:00
233164-1-1-106,Order,2025-03-29 00:00:00,310015,ID002,"","",102,9999A,TX001,14.959992742447609,2025-03-26 00:00:00
233164-1-1-107,Order,2025-03-28 00:00:00,310015,ID002,"","",102,9999A,TX001,0.05987480722126462,2025-03-26 00:00:00
233164-1-1-107,Order,2025-03-29 00:00:00,310015,ID002,"","",102,9999A,TX001,14.940034473373855,2025-03-26 00:00:00
233164-1-1-108,Order,2025-03-28 00:00:00,310015,ID002,"","",102,9999A,TX001,0.16002903020956183,2025-03-26 00:00:00
233164-1-1-108,Order,2025-03-29 00:00:00,310015,ID002,"","",102,9999A,TX001,14.839880250385557,2025-03-26 00:00:00
233164-1-1-109,Order,2025-03-28 00:00:00,310015,ID002,"","",102,9999A,TX001,0.019958269073754874,2025-03-26 00:00:00
233164-1-1-109,Order,2025-03-29 00:00:00,310015,ID002,"","",102,9999A,TX001,14.979951011521363,2025-03-26 00:00:00
233164-1-1-110,Order,2025-03-29 00:00:00,310015,ID002,"","",102,9999A,TX001,14.999909280595118,2025-03-26 00:00:00
233164-1-1-111,Order,2025-03-28 00:00:00,310015,ID002,"","",102,9999A,TX001,0.019958269073754874,2025-03-26 00:00:00
233164-1-1-111,Order,2025-03-29 00:00:00,310015,ID002,"","",102,9999A,TX001,14.979951011521363,2025-03-26 00:00:00
233164-1-1-112,Order,2025-03-28 00:00:00,310015,ID002,"","",102,9999A,TX001,0.05987480722126462,2025-03-26 00:00:00
233164-1-1-112,Order,2025-03-29 00:00:00,310015,ID002,"","",102,9999A,TX001,14.940034473373855,2025-03-26 00:00:00
233164-1-1-113,Order,2025-03-28 00:00:00,310015,ID002,"","",102,9999A,TX001,0.0798330762950195,2025-03-26 00:00:00
233164-1-1-113,Order,2025-03-29 00:00:00,310015,ID002,"","",102,9999A,TX001,14.920076204300099,2025-03-26 00:00:00
233164-1-1-114,Order,2025-03-28 00:00:00,310015,ID002,"","",102,9999A,TX001,0.019958269073754874,2025-03-26 00:00:00
233164-1-1-114,Order,2025-03-29 00:00:00,310015,ID002,"","",102,9999A,TX001,14.979951011521363,2025-03-26 00:00:00
233164-1-1-115,Order,2025-03-28 00:00:00,310015,ID002,"","",102,9999A,TX001,0.019958269073754874,2025-03-26 00:00:00
233164-1-1-115,Order,2025-03-29 00:00:00,310015,ID002,"","",102,9999A,TX001,14.979951011521363,2025-03-26 00:00:00
233169-1-1-101,Order,2025-04-29 00:00:00,310726,WA003,"","",101,3007S,WA007,400,2025-04-07 00:00:00
233170-1-1,Contract,2025-05-01 00:00:00,310726,WA003,WA002,"",101,9999E,WA007,0.32000290302095613,
233170-1-1-101,Order,2025-05-23 00:00:00,310726,WA003,WA002,"",101,9999E,WA007,400,2025-04-07 00:00:00
233173-1-1-101,Order,2025-04-22 00:00:00,310015,ID002,WA001,"",102,9999A,ID010,8,2025-03-31 00:00:00
233173-1-2-102,Order,2025-07-14 00:00:00,310015,ID002,WA001,"",102,9999A,ID010,8,2025-06-11 00:00:00
233175-1-1-101,Order,2025-06-06 00:00:00,310018,WA001,"","",102,9999A,WA001,14.999909280595118,2025-05-20 00:00:00
233175-1-1-102,Order,2025-06-06 00:00:00,310018,WA001,"","",102,9999A,WA001,14.999909280595118,2025-05-22 00:00:00
233175-1-1-103,Order,2025-06-18 00:00:00,310018,WA001,"","",102,9999A,WA001,14.999909280595118,2025-05-22 00:00:00
233176-1-1-101,Order,2025-06-25 00:00:00,310015,ID002,WA001,"",102,9999A,ID002,14.999909280595118,2025-06-05 00:00:00
233180-1-1-101,Order,2025-03-29 00:00:00,310015,ID002,"","",102,9999A,MEX002,10.299918352535608,2025-03-28 00:00:00
233183-1-1,Contract,2025-05-01 00:00:00,310726,"","","",101,9999E,WA007,0.18000163294928784,
233183-1-1-101,Order,2025-05-28 00:00:00,310726,WA002,"","",101,9999E,WA007,40,2025-04-01 00:00:00
233183-1-1-102,Order,2025-07-08 00:00:00,310726,WA002,"","",101,9999E,WA007,40,2025-04-01 00:00:00
233183-1-1-103,Order,2025-05-24 00:00:00,310726,WA002,"","",101,9999E,WA007,20,2025-04-01 00:00:00
233183-1-1-104,Order,2025-05-14 00:00:00,310726,WA003,"","",101,9999E,WA007,40,2025-04-01 00:00:00
233183-1-1-105,Order,2025-07-08 00:00:00,310726,WA003,"","",101,9999E,WA007,20,2025-04-01 00:00:00
233183-1-1-106,Order,2025-07-01 00:00:00,310726,WA003,"","",101,9999E,WA007,40,2025-04-01 00:00:00
233186-1-1-101,Order,2025-05-28 00:00:00,310726,WA003,WA002,"",101,9999E,WA007,20,2025-04-03 00:00:00
233186-1-1-102,Order,2025-04-28 00:00:00,310726,WA003,WA002,"",101,9999E,WA007,40,2025-04-03 00:00:00
233187-1-1-102,Order,2025-04-28 00:00:00,310015,ID002,WA001,"",102,9999A,TX001,21.00009071940488,2025-03-28 00:00:00
233187-1-1-103,Order,2025-05-01 00:00:00,310015,ID002,WA001,"",102,9999A,MEX002,20,2025-03-31 00:00:00
233187-1-1-104,Order,2025-05-01 00:00:00,310015,ID002,WA001,"",102,9999A,MEX002,20,2025-03-31 00:00:00
233187-1-1-105,Order,2025-05-01 00:00:00,310015,ID002,WA001,"",102,9999A,MEX002,20,2025-03-31 00:00:00
233187-1-1-106,Order,2025-05-01 00:00:00,310015,ID002,WA001,"",102,9999A,MEX002,20,2025-03-31 00:00:00
233187-1-1-107,Order,2025-05-01 00:00:00,310015,ID002,WA001,"",102,9999A,MEX002,20,2025-03-31 00:00:00
233188-1-1-101,Order,2025-04-30 00:00:00,310726,WA003,WA002,"",101,9999E,WA007,80,2025-04-10 00:00:00
233188-1-1-102,Order,2025-05-15 00:00:00,310726,WA003,WA002,"",101,9999E,WA007,80,2025-05-01 00:00:00
233198-1-1-103,Order,2025-04-29 00:00:00,310726,WA003,"","",101,9999E,WA007,40,2025-04-03 00:00:00
233198-1-1-109,Order,2025-05-28 00:00:00,310726,WA003,"","",101,9999E,WA007,40,2025-05-07 00:00:00
233198-1-1-110,Order,2025-05-15 00:00:00,310726,WA003,"","",101,9999E,WA007,40,2025-05-07 00:00:00
233199-1-1-101,Order,2025-05-28 00:00:00,310724,WA002,WA003,"",101,9999E,WA007,60,2025-04-03 00:00:00
233199-1-1-102,Order,2025-05-28 00:00:00,310724,WA002,WA003,"",101,9999E,WA007,60,2025-04-03 00:00:00
233200-1-1-101,Order,2025-04-07 00:00:00,310015,ID002,"","",102,9999A,WA017,0.03991653814750975,2025-03-31 00:00:00
233200-1-1-101,Order,2025-04-08 00:00:00,310015,ID002,"","",102,9999A,WA017,15.96008346185249,2025-03-31 00:00:00
233200-1-1-102,Order,2025-04-07 00:00:00,310015,ID002,"","",102,9999A,WA017,0.03991653814750975,2025-03-31 00:00:00
233200-1-1-102,Order,2025-04-08 00:00:00,310015,ID002,"","",102,9999A,WA017,15.96008346185249,2025-03-31 00:00:00
233200-1-1-103,Order,2025-04-07 00:00:00,310015,ID002,"","",102,9999A,WA017,0.1001542229882972,2025-03-31 00:00:00
233200-1-1-103,Order,2025-04-08 00:00:00,310015,ID002,"","",102,9999A,WA017,15.8998457770117,2025-03-31 00:00:00
233200-1-1-104,Order,2025-04-07 00:00:00,310015,ID002,"","",102,9999A,WA017,0.05987480722126462,2025-03-31 00:00:00
233200-1-1-104,Order,2025-04-08 00:00:00,310015,ID002,"","",102,9999A,WA017,15.940125192778735,2025-03-31 00:00:00
233200-1-1-105,Order,2025-04-07 00:00:00,310015,ID002,"","",102,9999A,WA017,0.019958269073754874,2025-03-31 00:00:00
233200-1-1-105,Order,2025-04-08 00:00:00,310015,ID002,"","",102,9999A,WA017,15.980041730926244,2025-03-31 00:00:00
233200-1-1-106,Order,2025-04-15 00:00:00,310015,ID002,"","",102,9999A,WA017,16,2025-03-31 00:00:00
233200-1-1-107,Order,2025-04-15 00:00:00,310015,ID002,"","",102,9999A,WA017,16,2025-03-31 00:00:00
233200-1-1-108,Order,2025-04-15 00:00:00,310015,ID002,"","",102,9999A,WA017,16,2025-03-31 00:00:00
233200-1-1-109,Order,2025-04-15 00:00:00,310015,ID002,"","",102,9999A,WA017,16,2025-03-31 00:00:00
233200-1-1-110,Order,2025-04-15 00:00:00,310015,ID002,"","",102,9999A,WA017,16,2025-03-31 00:00:00
233200-1-1-111,Order,2025-04-21 00:00:00,310015,ID002,"","",102,9999A,WA017,16,2025-03-31 00:00:00
233200-1-1-112,Order,2025-04-21 00:00:00,310015,ID002,"","",102,9999A,WA017,16,2025-03-31 00:00:00
233200-1-1-113,Order,2025-04-21 00:00:00,310015,ID002,"","",102,9999A,WA017,16,2025-03-31 00:00:00
233200-1-1-114,Order,2025-04-21 00:00:00,310015,ID002,"","",102,9999A,WA017,16,2025-03-31 00:00:00
233200-1-1-115,Order,2025-04-21 00:00:00,310015,ID002,"","",102,9999A,WA017,14.999909280595118,2025-03-31 00:00:00
233204-1-1-101,Order,2025-06-11 00:00:00,310726,WA003,WA002,"",101,9999E,WA007,40,2025-04-18 00:00:00
233205-1-1-101,Order,2025-05-28 00:00:00,310726,WA003,WA002,"",101,9999E,WA007,20,2025-04-07 00:00:00
233205-1-1-102,Order,2025-06-12 00:00:00,310726,WA002,WA002,"",101,9999E,WA007,20,2025-04-07 00:00:00
233207-1-1-101,Order,2025-04-10 00:00:00,310015,ID002,"","",102,9999A,TX001,120,2025-03-31 00:00:00
233207-1-1-102,Order,2025-04-11 00:00:00,310015,ID002,"","",102,9999A,TX001,120,2025-03-31 00:00:00
233208-1-1-101,Order,2025-04-14 00:00:00,310015,ID002,"","",102,9999A,TX001,80,2025-04-03 00:00:00
233209-1-1-101,Order,2025-04-11 00:00:00,310015,WA001,"","",102,9999A,WA001,14.999909280595118,2025-03-31 00:00:00
233209-1-1-102,Order,2025-04-11 00:00:00,310015,WA001,"","",102,9999A,WA001,14.999909280595118,2025-03-31 00:00:00
233209-1-1-103,Order,2025-04-11 00:00:00,310015,WA001,"","",102,9999A,WA001,14.999909280595118,2025-03-31 00:00:00
233209-1-1-104,Order,2025-04-11 00:00:00,310015,WA001,"","",102,9999A,WA001,14.999909280595118,2025-03-31 00:00:00
233209-1-1-105,Order,2025-04-11 00:00:00,310015,WA001,"","",102,9999A,WA001,14.999909280595118,2025-03-31 00:00:00
233209-1-1-106,Order,2025-04-11 00:00:00,310015,WA001,"","",102,9999A,WA001,14.999909280595118,2025-03-31 00:00:00
233209-1-1-107,Order,2025-04-11 00:00:00,310015,WA001,"","",102,9999A,WA001,14.999909280595118,2025-03-31 00:00:00
233209-1-1-108,Order,2025-04-11 00:00:00,310015,WA001,"","",102,9999A,WA001,14.999909280595118,2025-03-31 00:00:00
233209-1-1-109,Order,2025-04-11 00:00:00,310015,WA001,"","",102,9999A,WA001,14.999909280595118,2025-03-31 00:00:00
233209-1-1-110,Order,2025-04-11 00:00:00,310015,WA001,"","",102,9999A,WA001,14.999909280595118,2025-03-31 00:00:00
233209-1-1-111,Order,2025-04-11 00:00:00,310015,WA001,"","",102,9999A,WA001,14.999909280595118,2025-03-31 00:00:00
233209-1-1-112,Order,2025-04-11 00:00:00,310015,WA001,"","",102,9999A,WA001,14.999909280595118,2025-03-31 00:00:00
233209-1-1-113,Order,2025-04-11 00:00:00,310015,WA001,"","",102,9999A,WA001,14.999909280595118,2025-03-31 00:00:00
233209-1-1-114,Order,2025-04-11 00:00:00,310015,WA001,"","",102,9999A,WA001,14.999909280595118,2025-03-31 00:00:00
233209-1-1-115,Order,2025-04-10 00:00:00,310015,WA001,"","",102,9999A,WA001,0.05987480722126462,2025-03-31 00:00:00
233209-1-1-115,Order,2025-04-11 00:00:00,310015,WA001,"","",102,9999A,WA001,14.940034473373855,2025-03-31 00:00:00
233209-1-1-116,Order,2025-04-11 00:00:00,310015,WA001,"","",102,9999A,WA001,14.999909280595118,2025-03-31 00:00:00
233209-1-1-117,Order,2025-04-11 00:00:00,310015,WA001,"","",102,9999A,WA001,14.999909280595118,2025-03-31 00:00:00
233209-1-1-118,Order,2025-04-11 00:00:00,310015,WA001,"","",102,9999A,WA001,14.999909280595118,2025-03-31 00:00:00
233209-1-1-119,Order,2025-04-11 00:00:00,310015,WA001,"","",102,9999A,WA001,14.999909280595118,2025-03-31 00:00:00
233209-1-1-120,Order,2025-04-11 00:00:00,310015,WA001,"","",102,9999A,WA001,14.999909280595118,2025-03-31 00:00:00
233209-1-1-121,Order,2025-04-11 00:00:00,310015,WA001,"","",102,9999A,WA001,14.999909280595118,2025-03-31 00:00:00
233209-1-1-122,Order,2025-04-11 00:00:00,310015,WA001,"","",102,9999A,WA001,14.999909280595118,2025-03-31 00:00:00
233209-1-1-123,Order,2025-04-11 00:00:00,310015,WA001,"","",102,9999A,WA001,14.999909280595118,2025-03-31 00:00:00
233210-1-1-101,Order,2025-04-10 00:00:00,310015,ID002,"","",102,9999A,TX001,0.019958269073754874,2025-04-01 00:00:00
233210-1-1-101,Order,2025-04-11 00:00:00,310015,ID002,"","",102,9999A,TX001,15.980041730926244,2025-04-01 00:00:00
233210-1-1-102,Order,2025-04-11 00:00:00,310015,ID002,"","",102,9999A,TX001,16,2025-04-01 00:00:00
233210-1-1-103,Order,2025-04-11 00:00:00,310015,ID002,"","",102,9999A,TX001,16,2025-04-01 00:00:00
233211-1-1-101,Order,2025-06-04 00:00:00,310726,WA003,"","",101,3033A,WA007,8,2025-04-16 00:00:00
233214-1-1-102,Order,2025-04-21 00:00:00,310015,ID002,"","",102,9999A,ID002,14.999909280595118,2025-04-08 00:00:00
233214-1-2-103,Order,2025-06-27 00:00:00,310015,ID002,"","",102,9999A,ID002,14.999909280595118,2025-06-03 00:00:00
233215-1-1-101,Order,2025-05-24 00:00:00,310726,WA003,"","",101,9999E,WA007,20,2025-04-01 00:00:00
233219-1-1-101,Order,2025-06-13 00:00:00,310015,WA001,"","",102,9999E,WA001,14.999909280595118,2025-05-19 00:00:00
233220-1-1-101,Order,2025-07-22 00:00:00,310002,WA001,"","",102,9999E,WA001,14.999909280595118,2025-06-02 00:00:00
233223-1-1-101,Order,2025-06-13 00:00:00,310726,WA002,WA003,"",101,9999E,WA007,60,2025-04-16 00:00:00
233223-1-1-102,Order,2025-07-07 00:00:00,310726,WA002,WA003,"",101,9999E,WA007,60,2025-04-16 00:00:00
233223-1-1-103,Order,2025-06-12 00:00:00,310726,WA002,"","",101,9999E,WA007,60,2025-04-16 00:00:00
233223-1-1-104,Order,2025-06-26 00:00:00,310726,WA002,"","",101,9999E,WA007,60,2025-04-16 00:00:00
233223-1-1-105,Order,2025-06-26 00:00:00,310726,WA002,"","",101,9999E,WA007,60,2025-04-16 00:00:00
233223-1-2-106,Order,2025-06-28 00:00:00,310726,WA002,WA003,"",101,9999E,WA007,80,2025-04-16 00:00:00
233223-1-2-107,Order,2025-06-24 00:00:00,310726,WA002,"","",101,9999E,WA007,60,2025-04-16 00:00:00
233223-1-2-108,Order,2025-06-24 00:00:00,310726,WA002,"","",101,9999E,WA007,60,2025-04-16 00:00:00
233223-1-2-109,Order,2025-05-24 00:00:00,310726,WA002,"","",101,9999E,WA007,60,2025-04-16 00:00:00
233225-1-1-101,Order,2025-06-03 00:00:00,310002,WA001,"","",102,9999A,WA001,20,2025-04-30 00:00:00
233225-1-1-102,Order,2025-06-03 00:00:00,310002,WA001,"","",102,9999A,WA001,20,2025-04-30 00:00:00
233226-1-1-101,Order,2025-05-06 00:00:00,310726,WA003,WA002,"",101,9999E,WA007,160,2025-04-07 00:00:00
233227-1-1-101,Order,2025-05-15 00:00:00,310726,WA003,"","",101,3002A,WA007,80,2025-04-11 00:00:00
233227-1-1-102,Order,2025-05-27 00:00:00,310726,WA003,"","",101,3007S,WA007,400,2025-04-21 00:00:00
233227-1-1-103,Order,2025-06-06 00:00:00,310726,WA003,"","",101,3007S,WA007,400,2025-04-21 00:00:00
233229-1-1-101,Order,2025-06-26 00:00:00,310724,WA002,"","",101,3041A,WA007,20,2025-04-11 00:00:00
233230-1-1-101,Order,2025-06-09 00:00:00,310015,WA001,"","",101,9999A,WA001,17.99981856119024,2025-04-25 00:00:00
233230-1-1-102,Order,2025-06-09 00:00:00,310015,WA001,"","",101,9999A,WA001,18.00018143880976,2025-04-25 00:00:00
233230-1-1-103,Order,2025-06-10 00:00:00,310015,WA001,"","",101,9999A,WA001,18.00018143880976,2025-04-25 00:00:00
233230-1-1-104,Order,2025-06-10 00:00:00,310015,WA001,"","",101,9999A,WA001,18.00018143880976,2025-04-25 00:00:00
233230-1-1-105,Order,2025-06-11 00:00:00,310015,WA001,"","",101,9999A,WA001,18.00018143880976,2025-04-25 00:00:00
233230-1-2-106,Order,2025-06-13 00:00:00,310015,WA001,"","",101,9999A,WA001,18.00018143880976,2025-04-25 00:00:00
233230-1-2-107,Order,2025-06-13 00:00:00,310015,WA001,"","",101,9999A,WA001,18.00018143880976,2025-04-25 00:00:00
233230-1-2-108,Order,2025-06-13 00:00:00,310015,WA001,"","",101,9999A,WA001,18.00018143880976,2025-04-25 00:00:00
233230-1-2-109,Order,2025-06-12 00:00:00,310015,WA001,"","",101,9999A,WA001,18.00018143880976,2025-04-25 00:00:00
233230-1-2-110,Order,2025-06-12 00:00:00,310015,WA001,"","",101,9999A,WA001,18.00018143880976,2025-04-25 00:00:00
233230-1-2-111,Order,2025-06-13 00:00:00,310015,WA001,"","",101,9999A,WA001,18.00018143880976,2025-05-09 00:00:00
233232-1-1-101,Order,2025-06-06 00:00:00,310724,WA002,"","",102,9999E,WA007,200,2025-04-10 00:00:00
233232-1-1-102,Order,2025-06-18 00:00:00,310724,WA002,"","",102,9999E,WA007,200,2025-04-10 00:00:00
233232-1-1-103,Order,2025-05-21 00:00:00,310724,WA002,"","",102,9999E,WA007,200,2025-04-10 00:00:00
233232-1-1-104,Order,2025-06-18 00:00:00,310724,WA002,"","",102,9999E,WA007,200,2025-04-10 00:00:00
233232-1-1-105,Order,2025-06-18 00:00:00,310724,WA002,"","",102,9999E,WA007,80,2025-04-10 00:00:00
233233-1-1-101,Order,2025-07-01 00:00:00,310724,WA002,"","",102,9999E,WA007,200,2025-04-11 00:00:00
233233-1-1-102,Order,2025-07-01 00:00:00,310724,WA002,"","",102,9999E,WA007,200,2025-04-11 00:00:00
233233-1-1-103,Order,2025-07-01 00:00:00,310724,WA002,"","",102,9999E,WA007,200,2025-04-11 00:00:00
233233-1-1-104,Order,2025-07-01 00:00:00,310724,WA002,"","",102,9999E,WA007,200,2025-04-11 00:00:00
233234-1-1-101,Order,2025-08-01 00:00:00,310724,WA002,"","",102,9999E,WA007,200,2025-04-14 00:00:00
233234-1-1-102,Order,2025-08-01 00:00:00,310724,WA002,"","",102,9999E,WA007,200,2025-04-14 00:00:00
233234-1-1-103,Order,2025-08-01 00:00:00,310724,WA002,"","",102,9999E,WA007,200,2025-04-14 00:00:00
233234-1-1-104,Order,2025-08-01 00:00:00,310724,WA002,"","",102,9999E,WA007,200,2025-04-14 00:00:00
233235-1-1,Contract,2025-06-01 00:00:00,310726,WA003,"","",102,9999E,WA007,0.5600050802866733,
233235-1-1-101,Order,2025-06-07 00:00:00,310726,WA003,"","",102,9999E,WA007,200,2025-04-14 00:00:00
233235-1-1-102,Order,2025-06-07 00:00:00,310726,WA003,"","",102,9999E,WA007,200,2025-04-14 00:00:00
233235-1-1-103,Order,2025-06-01 00:00:00,310726,WA003,"","",102,9999E,WA007,200,2025-04-28 00:00:00
233235-1-1-104,Order,2025-06-28 00:00:00,310726,WA003,"","",102,9999E,WA007,200,2025-04-28 00:00:00
233235-1-1-105,Order,2025-06-23 00:00:00,310726,WA003,"","",102,9999E,WA007,200,2025-05-01 00:00:00
233236-1-1,Contract,2025-06-01 00:00:00,310726,WA003,"","",102,9999E,WA007,0.18000163294928784,
233236-1-1-101,Order,2025-06-25 00:00:00,310726,WA003,"","",102,9999E,WA007,200,2025-04-14 00:00:00
233236-1-1-102,Order,2025-07-08 00:00:00,310726,WA003,"","",102,9999E,WA007,200,2025-04-14 00:00:00
233236-1-1-103,Order,2025-06-18 00:00:00,310726,WA003,"","",102,9999E,WA007,200,2025-04-28 00:00:00
233236-1-1-104,Order,2025-06-25 00:00:00,310726,WA003,"","",102,9999E,WA007,200,2025-04-28 00:00:00
233237-1-1-101,Order,2025-07-02 00:00:00,310726,WA003,"","",102,9999E,WA007,200,2025-04-14 00:00:00
233237-1-1-102,Order,2025-08-02 00:00:00,310726,WA003,"","",102,9999E,WA007,200,2025-04-14 00:00:00
233237-1-1-103,Order,2025-07-09 00:00:00,310726,WA003,"","",102,9999E,WA007,200,2025-04-28 00:00:00
233237-1-1-104,Order,2025-07-16 00:00:00,310726,WA003,"","",102,9999E,WA007,120,2025-04-28 00:00:00
233237-1-1-105,Order,2025-07-16 00:00:00,310726,WA003,"","",102,9999E,WA007,200,2025-04-28 00:00:00
233238-1-1-101,Order,2025-06-01 00:00:00,310724,WA002,"","",102,9999E,WA007,200,2025-04-14 00:00:00
233238-1-1-102,Order,2025-06-01 00:00:00,310724,WA002,"","",102,9999E,WA007,200,2025-04-14 00:00:00
233238-1-1-103,Order,2025-06-01 00:00:00,310724,WA002,"","",102,9999E,WA007,200,2025-04-14 00:00:00
233238-1-1-104,Order,2025-05-28 00:00:00,310724,WA002,"","",102,9999E,WA007,120,2025-04-14 00:00:00
233238-1-1-105,Order,2025-08-01 00:00:00,310724,WA002,"","",102,9999E,WA007,80,2025-06-11 00:00:00
233239-1-1-101,Order,2025-06-24 00:00:00,310724,WA002,"","",102,9999E,WA007,200,2025-04-14 00:00:00
233239-1-1-102,Order,2025-06-24 00:00:00,310724,WA002,"","",102,9999E,WA007,200,2025-04-14 00:00:00
233239-1-1-103,Order,2025-06-24 00:00:00,310724,WA002,"","",102,9999E,WA007,200,2025-04-14 00:00:00
233239-1-1-104,Order,2025-06-24 00:00:00,310724,WA002,"","",102,9999E,WA007,40,2025-04-14 00:00:00
233240-1-1-101,Order,2025-08-02 00:00:00,310724,WA002,"","",102,9999E,WA007,200,2025-04-14 00:00:00
233240-1-1-102,Order,2025-08-02 00:00:00,310724,WA002,"","",102,9999E,WA007,200,2025-04-14 00:00:00
233240-1-1-103,Order,2025-08-02 00:00:00,310724,WA002,"","",102,9999E,WA007,200,2025-04-14 00:00:00
233240-1-1-104,Order,2025-08-02 00:00:00,310724,WA002,"","",102,9999E,WA007,40,2025-04-14 00:00:00
233241-1-1,Contract,2025-06-01 00:00:00,310726,WA003,"","",102,9999E,WA007,1.5400139707883513,
233241-1-1-101,Order,2025-06-04 00:00:00,310726,WA003,"","",102,9999E,WA007,200,2025-04-14 00:00:00
233241-1-1-102,Order,2025-06-25 00:00:00,310726,WA003,"","",102,9999E,WA007,120,2025-04-14 00:00:00
233241-1-1-106,Order,2025-07-02 00:00:00,310726,WA003,"","",102,9999E,WA007,200,2025-06-04 00:00:00
233241-1-1-107,Order,2025-06-27 00:00:00,310726,WA003,"","",102,9999E,WA007,200,2025-06-04 00:00:00
233241-1-1-108,Order,2025-07-02 00:00:00,310726,WA003,"","",102,9999E,WA007,120,2025-06-04 00:00:00
233242-1-1-101,Order,2025-07-09 00:00:00,310726,WA003,"","",102,9999E,WA007,200,2025-04-14 00:00:00
233242-1-1-102,Order,2025-07-02 00:00:00,310726,WA003,"","",102,9999E,WA007,40,2025-04-14 00:00:00
233243-1-1-101,Order,2025-08-02 00:00:00,310726,WA003,"","",102,9999E,WA007,200,2025-04-15 00:00:00
233243-1-1-102,Order,2025-08-02 00:00:00,310726,WA003,"","",102,9999E,WA007,40,2025-04-15 00:00:00
233244-1-1,Contract,2025-06-01 00:00:00,310726,WA003,"","",102,9999E,WA007,0.6000054431642927,
233244-1-1-101,Order,2025-06-06 00:00:00,310726,WA003,"","",102,9999E,WA007,240,2025-04-22 00:00:00
233244-1-1-102,Order,2025-06-10 00:00:00,310726,WA003,"","",102,9999E,WA007,240,2025-04-22 00:00:00
233245-1-1-101,Order,2025-06-24 00:00:00,310015,ID002,"","",102,9999E,WA007,20,2025-04-22 00:00:00
233245-1-1-102,Order,2025-07-01 00:00:00,310015,ID002,"","",102,9999E,WA007,20,2025-04-22 00:00:00
233245-1-1-103,Order,2025-07-09 00:00:00,310015,ID002,"","",102,9999E,WA007,20,2025-04-22 00:00:00
233245-1-1-104,Order,2025-07-08 00:00:00,310015,ID002,"","",102,9999E,WA007,20,2025-04-22 00:00:00
233245-1-1-105,Order,2025-07-02 00:00:00,310015,ID002,"","",102,9999E,WA007,20,2025-05-15 00:00:00
233250-1-1-101,Order,2025-04-14 00:00:00,310015,ID002,"","",102,9999A,ID002,14.999909280595118,2025-04-07 00:00:00
233251-1-1-101,Order,2025-04-15 00:00:00,310002,WA001,"","",102,9999A,WA001,9.00009071940488,2025-04-07 00:00:00
233251-1-1-101,Order,2025-04-15 00:00:00,310015,WA001,"","",102,9999A,WA001,5.999818561190239,2025-04-07 00:00:00
233255-1-1-101,Order,2025-05-01 00:00:00,310015,ID002,WA001,"",102,9999A,MEX002,20,2025-04-08 00:00:00
233255-1-1-102,Order,2025-05-01 00:00:00,310015,ID002,WA001,"",102,9999A,MEX002,20,2025-04-08 00:00:00
233255-1-1-103,Order,2025-05-01 00:00:00,310015,ID002,WA001,"",102,9999A,MEX002,20,2025-04-08 00:00:00
233255-1-1-104,Order,2025-05-01 00:00:00,310015,ID002,WA001,"",102,9999A,MEX002,20,2025-04-11 00:00:00
233255-1-1-105,Order,2025-05-01 00:00:00,310015,ID002,WA001,"",102,9999A,MEX002,20,2025-04-11 00:00:00
233255-1-1-106,Order,2025-05-01 00:00:00,310015,ID002,WA001,"",102,9999A,MEX002,20,2025-04-11 00:00:00
233255-1-1-107,Order,2025-05-01 00:00:00,310015,ID002,WA001,"",102,9999A,MEX002,20,2025-04-11 00:00:00
233256-1-1-101,Order,2025-05-01 00:00:00,310015,ID002,WA001,"",102,9999A,MEX002,20,2025-04-08 00:00:00
233256-1-1-102,Order,2025-05-01 00:00:00,310015,ID002,WA001,"",102,9999A,MEX002,20,2025-04-08 00:00:00
233256-1-1-103,Order,2025-05-01 00:00:00,310015,ID002,WA001,"",102,9999A,MEX002,20,2025-04-08 00:00:00
233256-1-1-104,Order,2025-05-01 00:00:00,310015,ID002,WA001,"",102,9999A,MEX002,20,2025-04-08 00:00:00
233256-1-1-105,Order,2025-05-01 00:00:00,310015,ID002,WA001,"",102,9999A,MEX002,20,2025-04-08 00:00:00
233257-1-1-101,Order,2025-05-01 00:00:00,310015,ID002,WA001,"",102,3132A,MEX002,20,2025-04-08 00:00:00
233258-1-1,Contract,2025-06-01 00:00:00,310726,WA003,"","",101,3025S,WA007,0.30000272158214636,
233258-1-1-101,Order,2025-06-16 00:00:00,310726,WA003,"","",101,3025S,WA007,80,2025-05-07 00:00:00
233258-1-1-102,Order,2025-06-24 00:00:00,310726,WA003,"","",101,3025S,WA007,80,2025-05-07 00:00:00
233258-1-1-103,Order,2025-06-17 00:00:00,310726,WA003,"","",101,3025S,WA007,80,2025-05-07 00:00:00
233258-1-1-104,Order,2025-06-11 00:00:00,310726,WA003,"","",101,3025S,WA007,100,2025-05-07 00:00:00
233259-1-1-101,Order,2025-05-25 00:00:00,310726,WA003,WA002,"",102,9999A,WA007,20,2025-04-08 00:00:00
233261-1-1-101,Order,2025-04-18 00:00:00,310015,WA001,"","",102,9999A,WA001,14.999909280595118,2025-04-07 00:00:00
233261-1-1-102,Order,2025-04-15 00:00:00,310015,WA001,"","",102,9999A,WA001,14.999909280595118,2025-04-07 00:00:00
233261-1-1-103,Order,2025-04-16 00:00:00,310015,WA001,"","",102,9999A,WA001,14.999909280595118,2025-04-07 00:00:00
233261-1-1-104,Order,2025-04-18 00:00:00,310015,WA001,"","",102,9999A,WA001,14.999909280595118,2025-04-07 00:00:00
233261-1-1-105,Order,2025-04-18 00:00:00,310015,WA001,"","",102,9999A,WA001,14.999909280595118,2025-04-07 00:00:00
233261-1-1-106,Order,2025-04-17 00:00:00,310015,WA001,"","",102,9999A,WA001,14.999909280595118,2025-04-07 00:00:00
233261-1-1-107,Order,2025-04-17 00:00:00,310015,WA001,"","",102,9999A,WA001,14.999909280595118,2025-04-07 00:00:00
233261-1-1-108,Order,2025-04-17 00:00:00,310015,WA001,"","",102,9999A,WA001,14.999909280595118,2025-04-07 00:00:00
233261-1-1-109,Order,2025-04-18 00:00:00,310015,WA001,"","",102,9999A,WA001,14.999909280595118,2025-04-07 00:00:00
233261-1-1-110,Order,2025-04-18 00:00:00,310015,WA001,"","",102,9999A,WA001,14.999909280595118,2025-04-07 00:00:00
233261-1-1-111,Order,2025-04-18 00:00:00,310015,WA001,"","",102,9999A,WA001,14.999909280595118,2025-04-07 00:00:00
233261-1-1-112,Order,2025-04-21 00:00:00,310015,WA001,"","",102,9999A,WA001,14.999909280595118,2025-04-07 00:00:00
233261-1-1-113,Order,2025-04-22 00:00:00,310015,WA001,"","",102,9999A,WA001,14.999909280595118,2025-04-07 00:00:00
233261-1-1-114,Order,2025-04-23 00:00:00,310015,WA001,"","",102,9999A,WA001,14.999909280595118,2025-04-07 00:00:00
233261-1-1-115,Order,2025-04-24 00:00:00,310015,WA001,"","",102,9999A,WA001,14.999909280595118,2025-04-07 00:00:00
233261-1-1-116,Order,2025-04-24 00:00:00,310015,WA001,"","",102,9999A,WA001,14.999909280595118,2025-04-07 00:00:00
233261-1-1-117,Order,2025-04-24 00:00:00,310015,WA001,"","",102,9999A,WA001,14.999909280595118,2025-04-07 00:00:00
233261-1-1-118,Order,2025-04-25 00:00:00,310015,WA001,"","",102,9999A,WA001,14.999909280595118,2025-04-07 00:00:00
233261-1-1-119,Order,2025-04-25 00:00:00,310015,WA001,"","",102,9999A,WA001,14.999909280595118,2025-04-07 00:00:00
233261-1-1-120,Order,2025-04-25 00:00:00,310015,WA001,"","",102,9999A,WA001,14.999909280595118,2025-04-07 00:00:00
233261-1-1-121,Order,2025-04-08 00:00:00,310015,WA001,"","",102,9999A,WA001,14.999909280595118,2025-04-07 00:00:00
233261-1-1-122,Order,2025-04-08 00:00:00,310015,WA001,"","",102,9999A,WA001,14.999909280595118,2025-04-07 00:00:00
233261-1-1-123,Order,2025-04-08 00:00:00,310015,WA001,"","",102,9999A,WA001,14.999909280595118,2025-04-07 00:00:00
233261-1-1-124,Order,2025-04-08 00:00:00,310015,WA001,"","",102,9999A,WA001,14.999909280595118,2025-04-07 00:00:00
233261-1-1-125,Order,2025-04-08 00:00:00,310015,WA001,"","",102,9999A,WA001,14.999909280595118,2025-04-07 00:00:00
233261-1-1-126,Order,2025-04-08 00:00:00,310015,WA001,"","",102,9999A,WA001,14.999909280595118,2025-04-07 00:00:00
233261-1-1-127,Order,2025-04-08 00:00:00,310015,WA001,"","",102,9999A,WA001,14.999909280595118,2025-04-07 00:00:00
233261-1-1-128,Order,2025-04-08 00:00:00,310015,WA001,"","",102,9999A,WA001,14.999909280595118,2025-04-07 00:00:00
233261-1-1-129,Order,2025-04-08 00:00:00,310015,WA001,"","",102,9999A,WA001,14.999909280595118,2025-04-07 00:00:00
233261-1-1-130,Order,2025-04-08 00:00:00,310015,WA001,"","",102,9999A,WA001,14.999909280595118,2025-04-07 00:00:00
233262-1-1,Contract,2025-06-01 00:00:00,310726,WA003,"","",102,9999E,WA007,1.320011974961444,
233262-1-1-101,Order,2025-06-04 00:00:00,310726,WA003,"","",102,9999E,WA007,80,2025-04-17 00:00:00
233262-1-1-102,Order,2025-06-04 00:00:00,310726,WA003,"","",102,9999E,WA007,80,2025-04-17 00:00:00
233262-1-1-103,Order,2025-06-16 00:00:00,310726,WA003,"","",102,9999E,WA007,80,2025-04-17 00:00:00
233262-1-1-104,Order,2025-06-07 00:00:00,310726,WA003,"","",102,9999E,WA007,80,2025-04-17 00:00:00
233263-1-1-101,Order,2025-06-11 00:00:00,310726,WA003,"","",102,9999E,WA007,80,2025-04-22 00:00:00
233263-1-1-102,Order,2025-06-18 00:00:00,310726,WA003,"","",102,9999E,WA007,80,2025-04-22 00:00:00
233263-1-1-103,Order,2025-06-26 00:00:00,310726,WA003,"","",102,9999E,WA007,80,2025-04-22 00:00:00
233264-1-1-101,Order,2025-07-11 00:00:00,310726,WA003,"","",102,9999E,WA007,80,2025-04-22 00:00:00
233264-1-1-102,Order,2025-07-11 00:00:00,310726,WA003,"","",102,9999E,WA007,80,2025-04-22 00:00:00
233264-1-1-103,Order,2025-08-02 00:00:00,310726,WA003,"","",102,9999E,WA007,80,2025-04-22 00:00:00
233265-1-1-101,Order,2025-06-30 00:00:00,310726,WA003,"","",102,9999E,WA007,60,2025-05-01 00:00:00
233265-1-1-102,Order,2025-06-23 00:00:00,310726,WA003,"","",102,9999E,WA007,60,2025-05-01 00:00:00
233265-1-2-103,Order,2025-07-11 00:00:00,310726,WA003,"","",102,9999E,WA007,40,2025-05-01 00:00:00
233269-1-1-101,Order,2025-04-20 00:00:00,310015,ID002,"","",102,9999A,TX001,16,2025-04-08 00:00:00
233269-1-1-102,Order,2025-04-20 00:00:00,310015,ID002,"","",102,9999A,TX001,16,2025-04-08 00:00:00
233269-1-1-103,Order,2025-04-20 00:00:00,310015,ID002,"","",102,9999A,TX001,16,2025-04-08 00:00:00
233270-1-1-101,Order,2025-06-16 00:00:00,310002,WA001,"","",102,9999A,WA001,14.999909280595118,2025-06-13 00:00:00
233273-1-1-101,Order,2025-04-01 00:00:00,310015,ID002,"","",102,9999A,TX001,0.1799872992833167,2025-04-08 00:00:00
233273-1-1-101,Order,2025-04-10 00:00:00,310015,ID002,"","",102,9999A,TX001,15.820012700716681,2025-04-08 00:00:00
233273-1-1-102,Order,2025-04-25 00:00:00,310015,ID002,"","",102,9999A,TX001,6.400072575523905,2025-04-15 00:00:00
233275-1-1-101,Order,2025-04-30 00:00:00,310015,ID002,"","",101,3123A,TX001,45.59992742447609,2025-04-09 00:00:00
233277-1-1,Contract,2025-07-01 00:00:00,310726,WA002,WA003,"",102,9999E,WA007,240.00217726571708,
233279-1-1,Contract,2025-07-01 00:00:00,310726,WA002,WA003,"",102,9999E,WA007,100.00090719404879,
233280-1-1,Contract,2025-07-01 00:00:00,310726,WA002,WA003,"",102,9999E,WA007,20.000181438809758,
233281-1-1-101,Order,2025-05-30 00:00:00,310724,WA002,WA003,"",102,9999E,WA007,40,2025-04-17 00:00:00
233281-1-2-102,Order,2025-07-03 00:00:00,310724,WA002,WA003,"",102,9999E,WA007,40,2025-04-17 00:00:00
233281-1-2-103,Order,2025-06-26 00:00:00,310724,WA002,WA003,"",102,9999E,WA007,40,2025-04-17 00:00:00
233281-1-3-104,Order,2025-06-05 00:00:00,310724,WA002,WA003,"",102,9999E,WA007,40,2025-04-17 00:00:00
233281-1-3-105,Order,2025-06-05 00:00:00,310724,WA002,WA003,"",102,9999E,WA007,40,2025-04-17 00:00:00
233282-1-1,Contract,2025-06-01 00:00:00,310726,WA002,WA003,"",102,9999E,WA007,0.08000072575523903,
233282-1-1-101,Order,2025-05-28 00:00:00,310726,WA002,WA003,"",102,9999E,WA007,20,2025-04-23 00:00:00
233285-1-1-101,Order,2025-04-28 00:00:00,310015,ID002,WA001,"",102,9999A,TX001,20.999727841785358,2025-04-10 00:00:00
233285-1-1-102,Order,2025-04-28 00:00:00,310015,ID002,WA001,"",102,9999A,TX001,21.00009071940488,2025-04-10 00:00:00
233285-1-1-103,Order,2025-04-28 00:00:00,310015,ID002,WA001,"",102,9999A,TX001,21.00009071940488,2025-04-10 00:00:00
233285-1-1-104,Order,2025-04-28 00:00:00,310015,ID002,WA001,"",102,9999A,TX001,21.00009071940488,2025-04-10 00:00:00
233285-1-1-105,Order,2025-04-28 00:00:00,310015,ID002,WA001,"",102,9999A,TX001,21.00009071940488,2025-04-10 00:00:00
233285-1-1-106,Order,2025-04-28 00:00:00,310015,ID002,WA001,"",102,9999A,TX001,21.00009071940488,2025-04-10 00:00:00
233285-1-2-107,Order,2025-05-29 00:00:00,310015,ID002,WA001,"",102,9999A,TX001,21.00009071940488,2025-04-22 00:00:00
233285-1-2-108,Order,2025-05-29 00:00:00,310015,ID002,WA001,"",102,9999A,TX001,21.00009071940488,2025-04-22 00:00:00
233285-1-2-109,Order,2025-05-29 00:00:00,310015,ID002,WA001,"",102,9999A,TX001,21.00009071940488,2025-04-22 00:00:00
233285-1-2-110,Order,2025-05-29 00:00:00,310015,ID002,WA001,"",102,9999A,TX001,21.00009071940488,2025-04-22 00:00:00
233285-1-2-111,Order,2025-05-29 00:00:00,310015,ID002,WA001,"",102,9999A,TX001,21.00009071940488,2025-04-22 00:00:00
233285-1-2-112,Order,2025-05-29 00:00:00,310015,ID002,WA001,"",102,9999A,TX001,21.00009071940488,2025-04-22 00:00:00
233285-1-3-113,Order,2025-06-28 00:00:00,310015,ID002,WA001,"",102,9999A,TX001,20.999727841785358,2025-05-19 00:00:00
233285-1-3-114,Order,2025-06-28 00:00:00,310015,ID002,WA001,"",102,9999A,TX001,21.00009071940488,2025-05-19 00:00:00
233285-1-3-115,Order,2025-06-28 00:00:00,310015,ID002,WA001,"",102,9999A,TX001,21.00009071940488,2025-05-19 00:00:00
233285-1-3-116,Order,2025-06-28 00:00:00,310015,ID002,WA001,"",102,9999A,TX001,20.999727841785358,2025-05-19 00:00:00
233285-1-3-117,Order,2025-06-28 00:00:00,310015,ID002,WA001,"",102,9999A,TX001,21.00009071940488,2025-05-19 00:00:00
233285-1-3-118,Order,2025-06-28 00:00:00,310015,ID002,WA001,"",102,9999A,TX001,21.00009071940488,2025-05-19 00:00:00
233286-1-1-101,Order,2025-04-15 00:00:00,310015,WA001,"","",102,9999A,WA001,14.999909280595118,2025-04-08 00:00:00
233286-1-1-102,Order,2025-04-16 00:00:00,310015,WA001,"","",102,9999A,WA001,14.999909280595118,2025-04-08 00:00:00
233286-1-1-103,Order,2025-04-16 00:00:00,310015,WA001,"","",102,9999A,WA001,14.999909280595118,2025-04-08 00:00:00
233287-1-1-101,Order,2025-05-09 00:00:00,310015,ID002,"","",102,9999A,ID002,14.999909280595118,2025-04-09 00:00:00
233288-1-1-101,Order,2025-04-23 00:00:00,310015,WA001,"","",102,9999A,WA001,14.999909280595118,2025-04-10 00:00:00
233288-1-1-102,Order,2025-04-23 00:00:00,310015,WA001,"","",102,9999A,WA001,14.999909280595118,2025-04-10 00:00:00
233288-1-1-103,Order,2025-04-23 00:00:00,310015,WA001,"","",102,9999A,WA001,14.999909280595118,2025-04-10 00:00:00
233288-1-1-104,Order,2025-04-23 00:00:00,310015,WA001,"","",102,9999A,WA001,14.999909280595118,2025-04-10 00:00:00
233288-1-1-105,Order,2025-04-23 00:00:00,310015,WA001,"","",102,9999A,WA001,14.999909280595118,2025-04-10 00:00:00
233288-1-2-106,Order,2025-05-12 00:00:00,310015,WA001,"","",102,9999A,WA001,14.999909280595118,2025-04-10 00:00:00
233288-1-2-107,Order,2025-05-13 00:00:00,310015,WA001,"","",102,9999A,WA001,14.999909280595118,2025-04-10 00:00:00
233288-1-2-108,Order,2025-05-12 00:00:00,310015,WA001,"","",102,9999A,WA001,14.999909280595118,2025-04-10 00:00:00
233288-1-2-109,Order,2025-05-13 00:00:00,310015,WA001,"","",102,9999A,WA001,14.999909280595118,2025-04-10 00:00:00
233288-1-2-110,Order,2025-05-13 00:00:00,310015,WA001,"","",102,9999A,WA001,14.999909280595118,2025-04-10 00:00:00
233288-1-2-111,Order,2025-05-14 00:00:00,310015,WA001,"","",102,9999A,WA001,14.999909280595118,2025-04-10 00:00:00
233288-1-2-112,Order,2025-05-19 00:00:00,310015,WA001,"","",102,9999A,WA001,14.999909280595118,2025-04-10 00:00:00
233288-1-2-113,Order,2025-05-15 00:00:00,310015,WA001,"","",102,9999A,WA001,14.999909280595118,2025-04-10 00:00:00
233288-1-2-114,Order,2025-05-15 00:00:00,310015,WA001,"","",102,9999A,WA001,14.999909280595118,2025-04-10 00:00:00
233288-1-2-115,Order,2025-05-15 00:00:00,310015,WA001,"","",102,9999A,WA001,14.999909280595118,2025-04-10 00:00:00
233288-1-2-116,Order,2025-05-16 00:00:00,310015,WA001,"","",102,9999A,WA001,14.999909280595118,2025-04-10 00:00:00
233288-1-2-117,Order,2025-05-16 00:00:00,310015,WA001,"","",102,9999A,WA001,14.999909280595118,2025-04-10 00:00:00
233288-1-2-118,Order,2025-05-16 00:00:00,310015,WA001,"","",102,9999A,WA001,14.999909280595118,2025-04-10 00:00:00
233288-1-2-119,Order,2025-05-15 00:00:00,310015,WA001,"","",102,9999A,WA001,14.999909280595118,2025-04-10 00:00:00
233288-1-2-120,Order,2025-05-19 00:00:00,310015,WA001,"","",102,9999A,WA001,14.999909280595118,2025-04-10 00:00:00
233288-1-2-121,Order,2025-05-19 00:00:00,310015,WA001,"","",102,9999A,WA001,14.999909280595118,2025-04-10 00:00:00
233288-1-2-122,Order,2025-05-20 00:00:00,310015,WA001,"","",102,9999A,WA001,14.999909280595118,2025-04-10 00:00:00
233288-1-2-123,Order,2025-05-20 00:00:00,310015,WA001,"","",102,9999A,WA001,14.999909280595118,2025-04-10 00:00:00
233288-1-2-124,Order,2025-05-20 00:00:00,310015,WA001,"","",102,9999A,WA001,14.999909280595118,2025-04-10 00:00:00
233288-1-2-125,Order,2025-05-20 00:00:00,310015,WA001,"","",102,9999A,WA001,14.999909280595118,2025-04-10 00:00:00
233288-1-2-126,Order,2025-05-20 00:00:00,310015,WA001,"","",102,9999A,WA001,14.999909280595118,2025-04-10 00:00:00
233288-1-2-127,Order,2025-05-21 00:00:00,310015,WA001,"","",102,9999A,WA001,14.999909280595118,2025-04-10 00:00:00
233290-1-1-101,Order,2025-04-23 00:00:00,310015,WA001,"","",102,9999A,WA001,16,2025-04-10 00:00:00
233296-1-1-101,Order,2025-05-23 00:00:00,310726,WA003,WA002,"",101,9999E,WA007,80,2025-04-22 00:00:00
233296-1-1-102,Order,2025-05-28 00:00:00,310726,WA003,WA002,"",101,9999E,WA007,80,2025-04-22 00:00:00
233296-1-2-103,Order,2025-06-13 00:00:00,310726,WA002,WA002,"",101,9999E,WA007,80,2025-04-22 00:00:00
233296-1-2-104,Order,2025-06-28 00:00:00,310726,WA002,WA002,"",101,9999E,WA007,80,2025-04-22 00:00:00
233308-1-1-101,Order,2025-04-23 00:00:00,310015,WA001,"","",102,9999A,WA001,14.999909280595118,2025-04-16 00:00:00
233308-1-1-102,Order,2025-04-23 00:00:00,310015,WA001,"","",102,9999A,WA001,14.999909280595118,2025-04-16 00:00:00
233308-1-1-103,Order,2025-04-23 00:00:00,310015,WA001,"","",102,9999A,WA001,14.999909280595118,2025-04-16 00:00:00
233309-1-1-101,Order,2025-05-08 00:00:00,310015,ID002,"","",102,9999A,TX001,16,2025-04-15 00:00:00
233309-1-1-102,Order,2025-04-29 00:00:00,310015,ID002,"","",102,9999A,TX001,16,2025-04-15 00:00:00
233309-1-1-103,Order,2025-04-29 00:00:00,310015,ID002,"","",102,9999A,TX001,16,2025-04-15 00:00:00
233309-1-1-104,Order,2025-04-29 00:00:00,310015,ID002,"","",102,9999A,TX001,16,2025-04-15 00:00:00
233309-1-1-105,Order,2025-04-29 00:00:00,310015,ID002,"","",102,9999A,TX001,16,2025-04-15 00:00:00
233309-1-1-106,Order,2025-04-29 00:00:00,310015,ID002,"","",102,9999A,TX001,16,2025-04-15 00:00:00
233311-1-1-101,Order,2025-05-21 00:00:00,310015,WA001,"","",102,9999A,WA001,18.00018143880976,2025-05-08 00:00:00
233311-1-1-102,Order,2025-05-21 00:00:00,310015,WA001,"","",102,9999A,WA001,18.00018143880976,2025-05-08 00:00:00
233311-1-1-103,Order,2025-05-21 00:00:00,310015,WA001,"","",102,9999A,WA001,18.00018143880976,2025-05-08 00:00:00
233311-1-1-104,Order,2025-05-21 00:00:00,310015,WA001,"","",102,9999A,WA001,18.00018143880976,2025-05-08 00:00:00
233311-1-1-105,Order,2025-05-22 00:00:00,310015,WA001,"","",102,9999A,WA001,18.00018143880976,2025-05-08 00:00:00
233311-1-1-106,Order,2025-06-17 00:00:00,310015,WA001,"","",102,9999A,WA001,18.00018143880976,2025-05-08 00:00:00
233311-1-1-107,Order,2025-06-17 00:00:00,310015,WA001,"","",102,9999A,WA001,18.00018143880976,2025-05-08 00:00:00
233311-1-1-108,Order,2025-06-17 00:00:00,310015,WA001,"","",102,9999A,WA001,18.00018143880976,2025-05-08 00:00:00
233311-1-1-109,Order,2025-05-30 00:00:00,310015,WA001,"","",102,9999A,WA001,18.00018143880976,2025-05-08 00:00:00
233311-1-1-110,Order,2025-05-30 00:00:00,310015,WA001,"","",102,9999A,WA001,18.00018143880976,2025-05-08 00:00:00
233311-1-1-111,Order,2025-05-22 00:00:00,310015,WA001,"","",102,9999A,WA001,18.00018143880976,2025-05-08 00:00:00
233311-1-1-112,Order,2025-05-22 00:00:00,310015,WA001,"","",102,9999A,WA001,17.99981856119024,2025-05-08 00:00:00
233311-1-1-113,Order,2025-06-12 00:00:00,310015,WA001,"","",102,9999A,WA001,18.00018143880976,2025-05-09 00:00:00
233314-1-1-101,Order,2025-06-25 00:00:00,310724,WA002,"","",101,3041A,WA007,40,2025-04-12 00:00:00
233314-1-1-102,Order,2025-07-15 00:00:00,310724,WA002,"","",101,3041A,WA007,40,2025-04-12 00:00:00
233315-1-1-101,Order,2025-06-02 00:00:00,310002,WA001,"","",101,9999A,WA001,40,2025-05-06 00:00:00
233319-1-1-101,Order,2025-06-18 00:00:00,310015,ID002,"","",102,9999E,WA007,300,2025-05-09 00:00:00
233320-1-1-101,Order,2025-04-24 00:00:00,310015,WA001,"","",102,9999A,WA001,14.999909280595118,2025-04-16 00:00:00
233320-1-1-102,Order,2025-04-28 00:00:00,310015,WA001,"","",102,9999A,WA001,14.999909280595118,2025-04-16 00:00:00
233320-1-1-103,Order,2025-04-28 00:00:00,310015,WA001,"","",102,9999A,WA001,14.999909280595118,2025-04-16 00:00:00
233320-1-1-104,Order,2025-04-29 00:00:00,310015,WA001,"","",102,9999A,WA001,14.999909280595118,2025-04-16 00:00:00
233320-1-1-105,Order,2025-04-29 00:00:00,310015,WA001,"","",102,9999A,WA001,14.999909280595118,2025-04-16 00:00:00
233320-1-1-106,Order,2025-04-29 00:00:00,310015,WA001,"","",102,9999A,WA001,14.999909280595118,2025-04-16 00:00:00
233320-1-1-107,Order,2025-04-30 00:00:00,310015,WA001,"","",102,9999A,WA001,14.999909280595118,2025-04-16 00:00:00
233320-1-1-108,Order,2025-04-30 00:00:00,310015,WA001,"","",102,9999A,WA001,14.999909280595118,2025-04-16 00:00:00
233320-1-1-109,Order,2025-05-01 00:00:00,310015,WA001,"","",102,9999A,WA001,14.999909280595118,2025-04-16 00:00:00
233320-1-1-110,Order,2025-05-01 00:00:00,310015,WA001,"","",102,9999A,WA001,14.999909280595118,2025-04-16 00:00:00
233320-1-1-111,Order,2025-05-02 00:00:00,310015,WA001,"","",102,9999A,WA001,14.999909280595118,2025-04-16 00:00:00
233320-1-1-112,Order,2025-05-02 00:00:00,310015,WA001,"","",102,9999A,WA001,14.999909280595118,2025-04-16 00:00:00
233320-1-1-113,Order,2025-05-02 00:00:00,310015,WA001,"","",102,9999A,WA001,14.999909280595118,2025-04-16 00:00:00
233320-1-1-114,Order,2025-05-05 00:00:00,310015,WA001,"","",102,9999A,WA001,14.999909280595118,2025-04-16 00:00:00
233320-1-1-115,Order,2025-05-05 00:00:00,310015,WA001,"","",102,9999A,WA001,14.999909280595118,2025-04-16 00:00:00
233320-1-1-116,Order,2025-04-24 00:00:00,310015,WA001,"","",102,9999A,WA001,14.999909280595118,2025-04-16 00:00:00
233320-1-1-117,Order,2025-05-13 00:00:00,310015,WA001,"","",102,9999A,WA001,14.999909280595118,2025-04-16 00:00:00
233320-1-1-118,Order,2025-05-14 00:00:00,310015,WA001,"","",102,9999A,WA001,14.999909280595118,2025-04-16 00:00:00
233320-1-1-119,Order,2025-05-13 00:00:00,310015,WA001,"","",102,9999A,WA001,14.999909280595118,2025-04-16 00:00:00
233320-1-1-120,Order,2025-05-14 00:00:00,310015,WA001,"","",102,9999A,WA001,14.999909280595118,2025-04-16 00:00:00
233320-1-1-121,Order,2025-05-14 00:00:00,310015,WA001,"","",102,9999A,WA001,14.999909280595118,2025-04-16 00:00:00
233320-1-1-122,Order,2025-05-14 00:00:00,310015,WA001,"","",102,9999A,WA001,15.00027215821464,2025-04-16 00:00:00
233320-1-1-123,Order,2025-05-15 00:00:00,310015,WA001,"","",102,9999A,WA001,14.999909280595118,2025-04-16 00:00:00
233320-1-1-124,Order,2025-05-15 00:00:00,310015,WA001,"","",102,9999A,WA001,14.999909280595118,2025-04-16 00:00:00
233320-1-1-125,Order,2025-05-15 00:00:00,310015,WA001,"","",102,9999A,WA001,14.999909280595118,2025-04-16 00:00:00
233320-1-1-126,Order,2025-05-23 00:00:00,310015,WA001,"","",102,9999A,WA001,14.999909280595118,2025-04-16 00:00:00
233320-1-1-127,Order,2025-05-16 00:00:00,310015,WA001,"","",102,9999A,WA001,14.999909280595118,2025-04-16 00:00:00
233320-1-1-128,Order,2025-05-19 00:00:00,310015,WA001,"","",102,9999A,WA001,14.999909280595118,2025-04-16 00:00:00
233320-1-1-129,Order,2025-05-19 00:00:00,310015,WA001,"","",102,9999A,WA001,14.999909280595118,2025-04-16 00:00:00
233320-1-1-130,Order,2025-05-19 00:00:00,310015,WA001,"","",102,9999A,WA001,14.999909280595118,2025-04-16 00:00:00
233322-1-1-101,Order,2025-07-01 00:00:00,310002,WA001,"","",102,9999A,WA001,200,2025-05-06 00:00:00
233322-1-1-102,Order,2025-06-20 00:00:00,310002,WA001,"","",102,9999A,WA001,200,2025-05-06 00:00:00
233322-1-2-103,Order,2025-06-05 00:00:00,310002,WA001,"","",102,9999A,WA001,200,2025-05-06 00:00:00
233322-1-2-104,Order,2025-06-17 00:00:00,310002,WA001,"","",102,9999A,WA001,200,2025-05-06 00:00:00
233322-1-3-105,Order,2025-06-25 00:00:00,310002,WA001,"","",102,9999A,WA001,200,2025-05-06 00:00:00
233322-1-3-106,Order,2025-07-15 00:00:00,310002,WA001,"","",102,9999A,WA001,200,2025-05-06 00:00:00
233327-1-1-101,Order,2025-05-21 00:00:00,310015,WA001,"","",101,9999A,WA001,14.999909280595118,2025-04-21 00:00:00
233327-1-1-102,Order,2025-05-21 00:00:00,310015,WA001,"","",101,9999A,WA001,14.999909280595118,2025-04-21 00:00:00
233327-1-1-103,Order,2025-05-21 00:00:00,310015,WA001,"","",101,9999A,WA001,14.999909280595118,2025-04-21 00:00:00
233327-1-1-104,Order,2025-05-21 00:00:00,310015,WA001,"","",101,9999A,WA001,14.999909280595118,2025-04-21 00:00:00
233327-1-1-105,Order,2025-05-22 00:00:00,310015,WA001,"","",101,9999A,WA001,14.999909280595118,2025-04-21 00:00:00
233327-1-1-106,Order,2025-06-04 00:00:00,310015,WA001,"","",101,9999A,WA001,14.999909280595118,2025-04-21 00:00:00
233327-1-1-107,Order,2025-06-04 00:00:00,310015,WA001,"","",101,9999A,WA001,14.999909280595118,2025-04-21 00:00:00
233327-1-1-108,Order,2025-05-22 00:00:00,310015,WA001,"","",101,9999A,WA001,14.999909280595118,2025-04-21 00:00:00
233327-1-1-109,Order,2025-06-04 00:00:00,310015,WA001,"","",101,9999A,WA001,14.999909280595118,2025-04-21 00:00:00
233327-1-1-110,Order,2025-05-23 00:00:00,310015,WA001,"","",101,9999A,WA001,14.999909280595118,2025-04-21 00:00:00
233327-1-1-111,Order,2025-05-27 00:00:00,310015,WA001,"","",101,9999A,WA001,14.999909280595118,2025-04-21 00:00:00
233327-1-1-112,Order,2025-05-23 00:00:00,310015,WA001,"","",101,9999A,WA001,14.999909280595118,2025-04-21 00:00:00
233327-1-1-113,Order,2025-05-22 00:00:00,310015,WA001,"","",101,9999A,WA001,14.999909280595118,2025-04-21 00:00:00
233327-1-1-114,Order,2025-05-23 00:00:00,310015,WA001,"","",101,9999A,WA001,14.999909280595118,2025-04-21 00:00:00
233327-1-1-115,Order,2025-05-27 00:00:00,310015,WA001,"","",101,9999A,WA001,14.999909280595118,2025-04-21 00:00:00
233327-1-1-116,Order,2025-05-27 00:00:00,310015,WA001,"","",101,9999A,WA001,14.999909280595118,2025-04-21 00:00:00
233327-1-1-117,Order,2025-05-27 00:00:00,310015,WA001,"","",101,9999A,WA001,14.999909280595118,2025-04-21 00:00:00
233327-1-1-118,Order,2025-05-27 00:00:00,310015,WA001,"","",101,9999A,WA001,14.999909280595118,2025-04-21 00:00:00
233327-1-1-119,Order,2025-05-27 00:00:00,310015,WA001,"","",101,9999A,WA001,14.999909280595118,2025-04-21 00:00:00
233327-1-1-120,Order,2025-06-03 00:00:00,310015,WA001,"","",101,9999A,WA001,14.999909280595118,2025-04-21 00:00:00
233327-1-1-121,Order,2025-06-04 00:00:00,310015,WA001,"","",101,9999A,WA001,14.999909280595118,2025-05-07 00:00:00
233327-1-1-122,Order,2025-06-03 00:00:00,310015,WA001,"","",101,9999A,WA001,14.999909280595118,2025-05-07 00:00:00
233327-1-1-123,Order,2025-06-02 00:00:00,310015,WA001,"","",101,9999A,WA001,14.999909280595118,2025-05-07 00:00:00
233327-1-1-124,Order,2025-06-04 00:00:00,310015,WA001,"","",101,9999A,WA001,14.999909280595118,2025-05-07 00:00:00
233327-1-1-125,Order,2025-05-22 00:00:00,310015,WA001,"","",101,9999A,WA001,18.00018143880976,2025-05-07 00:00:00
233327-1-1-126,Order,2025-05-22 00:00:00,310015,WA001,"","",101,9999A,WA001,18.00018143880976,2025-05-07 00:00:00
233329-1-1-101,Order,2025-05-09 00:00:00,310015,WA001,"","",102,9999A,WA001,20,2025-04-21 00:00:00
233329-1-1-102,Order,2025-05-09 00:00:00,310015,WA001,"","",102,9999A,WA001,20,2025-04-21 00:00:00
233329-1-1-103,Order,2025-05-12 00:00:00,310015,WA001,"","",102,9999A,WA001,20,2025-04-21 00:00:00
233329-1-1-104,Order,2025-05-12 00:00:00,310015,WA001,"","",102,9999A,WA001,20,2025-04-21 00:00:00
233329-1-1-105,Order,2025-05-12 00:00:00,310015,WA001,"","",102,9999A,WA001,20,2025-04-21 00:00:00
233332-1-1-101,Order,2025-08-16 00:00:00,310002,WA001,"","",102,9999A,WA001,160,2025-05-07 00:00:00
233332-1-1-102,Order,2025-08-16 00:00:00,310002,WA001,"","",102,9999A,WA001,200,2025-05-07 00:00:00
233332-1-1-103,Order,2025-08-16 00:00:00,310002,WA001,"","",102,9999A,WA001,120,2025-05-07 00:00:00
233334-1-1-101,Order,2025-04-25 00:00:00,310015,WA001,"","",102,9999A,WA001,4,2025-04-17 00:00:00
233336-1-1-101,Order,2025-04-28 00:00:00,310015,WA002,"","",102,9999A,WA017,14.999909280595118,2025-04-21 00:00:00
233336-1-1-102,Order,2025-04-28 00:00:00,310015,WA002,"","",102,9999A,WA017,14.999909280595118,2025-04-21 00:00:00
233336-1-1-103,Order,2025-04-28 00:00:00,310015,WA002,"","",102,9999A,WA017,14.999909280595118,2025-04-21 00:00:00
233336-1-1-104,Order,2025-04-28 00:00:00,310015,WA002,"","",102,9999A,WA017,14.999909280595118,2025-04-21 00:00:00
233336-1-1-105,Order,2025-04-28 00:00:00,310015,WA002,"","",102,9999A,WA017,14.999909280595118,2025-04-21 00:00:00
233336-1-1-106,Order,2025-05-02 00:00:00,310015,WA002,"","",102,9999A,WA017,14.999909280595118,2025-04-21 00:00:00
233336-1-1-107,Order,2025-05-02 00:00:00,310015,WA002,"","",102,9999A,WA017,14.999909280595118,2025-04-21 00:00:00
233336-1-1-108,Order,2025-05-02 00:00:00,310015,WA002,"","",102,9999A,WA017,14.999909280595118,2025-04-21 00:00:00
233336-1-1-109,Order,2025-05-02 00:00:00,310015,WA002,"","",102,9999A,WA017,14.999909280595118,2025-04-21 00:00:00
233336-1-1-110,Order,2025-05-02 00:00:00,310015,WA002,"","",102,9999A,WA017,14.999909280595118,2025-04-21 00:00:00
233336-1-1-111,Order,2025-05-09 00:00:00,310015,WA002,"","",102,9999A,WA017,14.999909280595118,2025-04-21 00:00:00
233336-1-1-112,Order,2025-05-09 00:00:00,310015,WA002,"","",102,9999A,WA017,14.999909280595118,2025-04-21 00:00:00
233336-1-1-113,Order,2025-05-09 00:00:00,310015,WA002,"","",102,9999A,WA017,14.999909280595118,2025-04-21 00:00:00
233336-1-1-114,Order,2025-05-09 00:00:00,310015,WA002,"","",102,9999A,WA017,14.999909280595118,2025-04-21 00:00:00
233336-1-1-115,Order,2025-05-09 00:00:00,310015,WA002,"","",102,9999A,WA017,14.999909280595118,2025-04-21 00:00:00
233336-1-1-116,Order,2025-05-16 00:00:00,310015,WA002,"","",102,9999A,WA017,14.999909280595118,2025-04-21 00:00:00
233336-1-1-117,Order,2025-05-16 00:00:00,310015,WA002,"","",102,9999A,WA017,14.999909280595118,2025-04-21 00:00:00
233336-1-1-118,Order,2025-05-16 00:00:00,310015,WA002,"","",102,9999A,WA017,14.999909280595118,2025-04-21 00:00:00
233336-1-1-119,Order,2025-05-16 00:00:00,310015,WA002,"","",102,9999A,WA017,14.999909280595118,2025-04-21 00:00:00
233336-1-1-120,Order,2025-05-16 00:00:00,310015,WA002,"","",102,9999A,WA017,14.999909280595118,2025-04-21 00:00:00
233350-1-1-101,Order,2025-05-02 00:00:00,310002,WA001,"","",102,9999A,WA001,8,2025-04-21 00:00:00
233350-1-1-101,Order,2025-05-02 00:00:00,310015,WA001,"","",102,9999A,WA001,6.999909280595119,2025-04-21 00:00:00
233351-1-1-101,Order,2025-07-09 00:00:00,310002,WA001,"","",102,9999A,WA001,80,2025-04-25 00:00:00
233352-1-1-101,Order,2025-06-11 00:00:00,310002,WA001,"","",102,9999A,WA001,80,2025-05-08 00:00:00
233354-1-1-101,Order,2025-07-15 00:00:00,310002,WA001,"","",102,9999A,WA001,160,2025-05-01 00:00:00
233354-1-1-102,Order,2025-05-20 00:00:00,310002,WA001,"","",101,9999A,WA001,160,2025-05-01 00:00:00
233356-1-1-101,Order,2025-04-29 00:00:00,310015,WA001,"","",102,9999A,TX001,0.680032658985757,2025-04-21 00:00:00
233357-1-1-101,Order,2025-04-29 00:00:00,310672,WA003,"","",102,9999A,TX001,0.6600743899120022,2025-04-21 00:00:00
233360-1-1-101,Order,2025-04-28 00:00:00,310015,ID002,"","",102,9999A,TX001,16,2025-04-24 00:00:00
233360-1-1-102,Order,2025-04-28 00:00:00,310015,ID002,"","",102,9999A,TX001,16,2025-04-24 00:00:00
233360-1-1-103,Order,2025-04-28 00:00:00,310015,ID002,"","",102,9999A,TX001,16,2025-04-24 00:00:00
233362-1-1-101,Order,2025-05-06 00:00:00,310086,ID002,"","",101,3139A,ID002,19,2025-04-22 00:00:00
233362-1-1-102,Order,2025-05-09 00:00:00,310086,ID002,"","",101,3139A,ID002,19,2025-04-22 00:00:00
233362-1-1-103,Order,2025-05-13 00:00:00,310086,ID002,"","",101,3139A,ID010,19,2025-04-22 00:00:00
233362-1-1-104,Order,2025-05-13 00:00:00,310086,ID002,"","",101,3139A,ID010,19,2025-04-22 00:00:00
233362-1-1-105,Order,2025-05-13 00:00:00,310086,ID002,"","",101,3139A,ID010,19,2025-04-22 00:00:00
233364-1-1-102,Order,2025-06-12 00:00:00,310002,WA001,"","",102,9999A,WA001,60,2025-05-22 00:00:00
233365-1-1-101,Order,2025-05-01 00:00:00,310015,WA001,"","",102,9999A,WA001,14.999909280595118,2025-04-23 00:00:00
233366-1-1-101,Order,2025-05-21 00:00:00,310015,ID002,"","",101,3123A,ID002,14.999909280595118,2025-05-05 00:00:00
233366-1-1-102,Order,2025-05-21 00:00:00,310015,ID002,"","",101,3123A,ID002,14.999909280595118,2025-05-05 00:00:00
233366-1-1-103,Order,2025-05-23 00:00:00,310015,ID002,"","",101,3123A,ID002,14.999909280595118,2025-05-05 00:00:00
233366-1-1-104,Order,2025-05-30 00:00:00,310015,ID002,"","",101,3123A,ID002,14.999909280595118,2025-05-05 00:00:00
233366-1-1-105,Order,2025-05-30 00:00:00,310015,ID002,"","",101,3123A,ID002,14.999909280595118,2025-05-05 00:00:00
233367-1-1-101,Order,2025-05-13 00:00:00,310015,ID002,"","",101,3123A,ID002,14.999909280595118,2025-05-05 00:00:00
233367-1-1-102,Order,2025-05-13 00:00:00,310015,ID002,"","",101,3123A,ID002,14.999909280595118,2025-05-05 00:00:00
233367-1-1-103,Order,2025-05-14 00:00:00,310015,ID002,"","",101,3123A,ID002,14.999909280595118,2025-05-05 00:00:00
233367-1-1-104,Order,2025-05-14 00:00:00,310015,ID002,"","",101,3123A,ID002,14.999909280595118,2025-05-05 00:00:00
233367-1-1-105,Order,2025-05-14 00:00:00,310015,ID002,"","",101,3123A,ID002,14.999909280595118,2025-05-05 00:00:00
233367-1-1-106,Order,2025-05-20 00:00:00,310015,ID002,"","",101,3123A,ID002,14.999909280595118,2025-05-05 00:00:00
233367-1-1-107,Order,2025-05-20 00:00:00,310015,ID002,"","",101,3123A,ID002,14.999909280595118,2025-05-05 00:00:00
233367-1-1-108,Order,2025-05-20 00:00:00,310015,ID002,"","",101,3123A,ID002,14.999909280595118,2025-05-05 00:00:00
233367-1-1-109,Order,2025-05-21 00:00:00,310015,ID002,"","",101,3123A,ID002,14.999909280595118,2025-05-05 00:00:00
233367-1-1-110,Order,2025-05-21 00:00:00,310015,ID002,"","",101,3123A,ID002,14.999909280595118,2025-05-05 00:00:00
233369-1-1-101,Order,2025-06-01 00:00:00,310015,ID002,WA001,"",102,9999A,MEX002,20,2025-04-24 00:00:00
233369-1-1-102,Order,2025-06-01 00:00:00,310015,ID002,WA001,"",102,9999A,MEX002,20,2025-04-24 00:00:00
233369-1-1-103,Order,2025-06-01 00:00:00,310015,ID002,WA001,"",102,9999A,MEX002,20,2025-04-24 00:00:00
233369-1-1-104,Order,2025-06-01 00:00:00,310015,ID002,WA001,"",102,9999A,MEX002,20,2025-04-24 00:00:00
233369-1-1-105,Order,2025-05-29 00:00:00,310015,ID002,WA001,"",102,9999A,MEX002,21.00009071940488,2025-04-25 00:00:00
233369-1-1-106,Order,2025-05-29 00:00:00,310015,ID002,WA001,"",102,9999A,MEX002,21.00009071940488,2025-04-25 00:00:00
233369-1-1-107,Order,2025-05-29 00:00:00,310015,ID002,WA001,"",102,9999A,MEX002,21.00009071940488,2025-04-25 00:00:00
233369-1-1-108,Order,2025-05-29 00:00:00,310015,ID002,WA001,"",102,9999A,TX001,21.00009071940488,2025-04-25 00:00:00
233369-1-1-109,Order,2025-05-29 00:00:00,310015,ID002,WA001,"",102,9999A,TX001,21.00009071940488,2025-04-25 00:00:00
233369-1-1-110,Order,2025-05-29 00:00:00,310015,ID002,WA001,"",102,9999A,TX001,21.00009071940488,2025-04-25 00:00:00
233369-1-1-111,Order,2025-05-29 00:00:00,310015,ID002,WA001,"",102,9999A,TX001,21.00009071940488,2025-04-25 00:00:00
233369-1-1-112,Order,2025-05-29 00:00:00,310015,ID002,WA001,"",102,9999A,TX001,21.00009071940488,2025-04-25 00:00:00
233369-1-1-113,Order,2025-05-29 00:00:00,310015,ID002,WA001,"",102,9999A,TX001,21.00009071940488,2025-04-25 00:00:00
233369-1-1-114,Order,2025-05-29 00:00:00,310015,ID002,WA001,"",102,9999A,TX001,21.00009071940488,2025-04-25 00:00:00
233369-1-1-115,Order,2025-05-29 00:00:00,310015,ID002,WA001,"",102,9999A,TX001,21.00009071940488,2025-04-25 00:00:00
233369-1-1-116,Order,2025-05-29 00:00:00,310015,ID002,WA001,"",102,9999A,TX001,21.00009071940488,2025-04-25 00:00:00
233369-1-1-117,Order,2025-05-29 00:00:00,310015,ID002,WA001,"",102,9999A,TX001,21.00009071940488,2025-04-25 00:00:00
233369-1-1-118,Order,2025-05-29 00:00:00,310015,ID002,WA001,"",102,9999A,TX001,21.00009071940488,2025-04-25 00:00:00
233369-1-1-119,Order,2025-05-29 00:00:00,310015,ID002,WA001,"",102,9999A,TX001,21.00009071940488,2025-04-25 00:00:00
233369-1-1-120,Order,2025-05-29 00:00:00,310015,ID002,WA001,"",102,9999A,TX001,21.00009071940488,2025-04-25 00:00:00
233371-1-1-101,Order,2025-04-28 00:00:00,310015,ID002,WA001,"",102,9999A,TX001,16,2025-04-23 00:00:00
233371-1-1-102,Order,2025-04-28 00:00:00,310015,ID002,WA001,"",102,9999A,TX001,16,2025-04-23 00:00:00
233371-1-1-103,Order,2025-04-28 00:00:00,310015,ID002,WA001,"",102,9999A,TX001,16,2025-04-23 00:00:00
233372-1-1-101,Order,2025-04-30 00:00:00,310015,ID002,"","",102,9999A,ID010,14.999909280595118,2025-04-24 00:00:00
233372-1-1-102,Order,2025-04-30 00:00:00,310015,ID002,"","",102,9999A,ID010,14.999909280595118,2025-04-24 00:00:00
233372-1-1-103,Order,2025-04-30 00:00:00,310015,ID002,"","",102,9999A,ID010,14.999909280595118,2025-04-24 00:00:00
233372-1-1-104,Order,2025-05-05 00:00:00,310015,ID002,"","",102,9999A,ID010,14.999909280595118,2025-04-24 00:00:00
233372-1-1-105,Order,2025-05-05 00:00:00,310015,ID002,"","",102,9999A,ID010,14.999909280595118,2025-04-24 00:00:00
233372-1-1-106,Order,2025-05-06 00:00:00,310015,ID002,"","",102,9999A,ID010,14.999909280595118,2025-04-24 00:00:00
233372-1-1-107,Order,2025-05-06 00:00:00,310015,ID002,"","",102,9999A,ID010,14.999909280595118,2025-04-24 00:00:00
233372-1-1-108,Order,2025-05-06 00:00:00,310015,ID002,"","",102,9999A,ID010,14.999909280595118,2025-04-24 00:00:00
233372-1-1-109,Order,2025-05-06 00:00:00,310015,ID002,"","",102,9999A,ID010,14.999909280595118,2025-04-24 00:00:00
233372-1-1-110,Order,2025-05-07 00:00:00,310015,ID002,"","",102,9999A,ID010,14.999909280595118,2025-04-24 00:00:00
233372-1-1-111,Order,2025-05-07 00:00:00,310015,ID002,"","",102,9999A,ID010,14.999909280595118,2025-04-24 00:00:00
233372-1-1-112,Order,2025-05-07 00:00:00,310015,ID002,"","",102,9999A,ID010,14.999909280595118,2025-04-24 00:00:00
233372-1-1-113,Order,2025-05-07 00:00:00,310015,ID002,"","",102,9999A,ID010,14.999909280595118,2025-04-24 00:00:00
233372-1-1-114,Order,2025-05-07 00:00:00,310015,ID002,"","",102,9999A,ID010,14.999909280595118,2025-04-24 00:00:00
233372-1-1-115,Order,2025-05-07 00:00:00,310015,ID002,"","",102,9999A,ID010,14.999909280595118,2025-04-24 00:00:00
233372-1-1-116,Order,2025-05-09 00:00:00,310015,ID002,"","",102,9999A,ID010,14.999909280595118,2025-04-30 00:00:00
233372-1-1-117,Order,2025-05-09 00:00:00,310015,ID002,"","",102,9999A,ID010,14.999909280595118,2025-04-30 00:00:00
233372-1-1-118,Order,2025-05-09 00:00:00,310015,ID002,"","",102,9999A,ID010,14.999909280595118,2025-04-30 00:00:00
233372-1-1-119,Order,2025-05-09 00:00:00,310015,ID002,"","",102,9999A,ID010,14.999909280595118,2025-04-30 00:00:00
233372-1-1-120,Order,2025-05-09 00:00:00,310015,ID002,"","",102,9999A,ID010,14.999909280595118,2025-04-30 00:00:00
233372-1-1-121,Order,2025-05-09 00:00:00,310015,ID002,"","",102,9999A,ID010,14.999909280595118,2025-04-30 00:00:00
233372-1-1-122,Order,2025-05-09 00:00:00,310015,ID002,"","",102,9999A,ID010,14.999909280595118,2025-04-30 00:00:00
233372-1-1-123,Order,2025-05-09 00:00:00,310015,ID002,"","",102,9999A,ID010,14.999909280595118,2025-04-30 00:00:00
233372-1-1-124,Order,2025-05-09 00:00:00,310015,ID002,"","",102,9999A,ID010,14.999909280595118,2025-04-30 00:00:00
233372-1-1-125,Order,2025-05-09 00:00:00,310015,ID002,"","",102,9999A,ID010,14.999909280595118,2025-04-30 00:00:00
233372-1-1-126,Order,2025-05-09 00:00:00,310015,ID002,"","",102,9999A,ID010,14.999909280595118,2025-04-30 00:00:00
233372-1-1-127,Order,2025-05-09 00:00:00,310015,ID002,"","",102,9999A,ID010,14.999909280595118,2025-04-30 00:00:00
233372-1-1-128,Order,2025-05-04 00:00:00,310015,ID002,"","",102,9999A,ID010,14.999909280595118,2025-05-01 00:00:00
233372-1-1-129,Order,2025-05-04 00:00:00,310015,ID002,"","",102,9999A,ID010,14.999909280595118,2025-05-01 00:00:00
233372-1-1-130,Order,2025-05-04 00:00:00,310015,ID002,"","",102,9999A,ID010,14.999909280595118,2025-05-01 00:00:00
233372-1-1-131,Order,2025-05-04 00:00:00,310015,ID002,"","",102,9999A,ID010,14.999909280595118,2025-05-01 00:00:00
233372-1-1-132,Order,2025-05-04 00:00:00,310015,ID002,"","",102,9999A,ID010,14.999909280595118,2025-05-01 00:00:00
233372-1-1-133,Order,2025-05-04 00:00:00,310015,ID002,"","",102,9999A,ID010,15.00027215821464,2025-05-01 00:00:00
233372-1-1-134,Order,2025-05-04 00:00:00,310015,ID002,"","",102,9999A,ID010,14.999909280595118,2025-05-01 00:00:00
233372-1-1-135,Order,2025-05-04 00:00:00,310015,ID002,"","",102,9999A,ID010,14.999909280595118,2025-05-01 00:00:00
233372-1-1-136,Order,2025-05-04 00:00:00,310015,ID002,"","",102,9999A,ID010,14.999909280595118,2025-05-01 00:00:00
233372-1-1-137,Order,2025-05-04 00:00:00,310015,ID002,"","",102,9999A,ID010,14.999909280595118,2025-05-01 00:00:00
233372-1-1-138,Order,2025-05-04 00:00:00,310015,ID002,"","",102,9999A,ID010,14.999909280595118,2025-05-01 00:00:00
233372-1-1-139,Order,2025-05-04 00:00:00,310015,ID002,"","",102,9999A,ID010,14.999909280595118,2025-05-01 00:00:00
233374-1-1-101,Order,2025-06-01 00:00:00,310015,ID002,WA001,"",102,9999A,MEX002,20,2025-04-25 00:00:00
233374-1-1-102,Order,2025-06-01 00:00:00,310015,ID002,WA001,"",102,9999A,MEX002,20,2025-04-25 00:00:00
233374-1-1-103,Order,2025-06-01 00:00:00,310015,ID002,WA001,"",102,9999A,MEX002,20,2025-04-25 00:00:00
233374-1-1-104,Order,2025-05-29 00:00:00,310015,ID002,WA001,"",102,9999A,TX001,21.00009071940488,2025-04-28 00:00:00
233374-1-1-105,Order,2025-05-29 00:00:00,310015,ID002,WA001,"",102,9999A,TX001,21.00009071940488,2025-04-28 00:00:00
233374-1-1-106,Order,2025-05-29 00:00:00,310015,ID002,WA001,"",102,9999A,TX001,21.00009071940488,2025-04-28 00:00:00
233374-1-1-107,Order,2025-05-29 00:00:00,310015,ID002,WA001,"",102,9999A,TX001,21.00009071940488,2025-04-28 00:00:00
233374-1-1-108,Order,2025-05-29 00:00:00,310015,ID002,WA001,"",102,9999A,TX001,21.00009071940488,2025-04-28 00:00:00
233374-1-1-109,Order,2025-05-29 00:00:00,310015,ID002,WA001,"",102,9999A,TX001,21.00009071940488,2025-04-28 00:00:00
233374-1-1-110,Order,2025-05-29 00:00:00,310015,ID002,WA001,"",102,9999A,TX001,21.00009071940488,2025-04-28 00:00:00
233375-1-1-101,Order,2025-05-29 00:00:00,310015,ID002,WA001,"",102,9999A,TX001,21.00009071940488,2025-04-25 00:00:00
233375-1-1-102,Order,2025-05-29 00:00:00,310015,ID002,WA001,"",102,9999A,TX001,21.00009071940488,2025-04-25 00:00:00
233375-1-1-103,Order,2025-05-29 00:00:00,310015,ID002,WA001,"",102,9999A,TX001,21.00009071940488,2025-04-25 00:00:00
233375-1-1-104,Order,2025-05-29 00:00:00,310015,ID002,WA001,"",102,9999A,TX001,21.00009071940488,2025-04-25 00:00:00
233376-1-1-101,Order,2025-05-07 00:00:00,310015,ID002,WA001,"",102,9999A,TX001,16,2025-04-28 00:00:00
233376-1-1-102,Order,2025-05-07 00:00:00,310015,ID002,WA001,"",102,9999A,TX001,16,2025-04-28 00:00:00
233376-1-1-103,Order,2025-05-07 00:00:00,310015,ID002,WA001,"",102,9999A,TX001,16,2025-04-28 00:00:00
233376-1-1-104,Order,2025-05-07 00:00:00,310015,ID002,WA001,"",102,9999A,TX001,16,2025-04-28 00:00:00
233376-1-1-105,Order,2025-05-07 00:00:00,310015,ID002,WA001,"",102,9999A,TX001,16,2025-04-28 00:00:00
233376-1-1-106,Order,2025-05-07 00:00:00,310015,ID002,WA001,"",102,9999A,TX001,16,2025-04-28 00:00:00
233376-1-1-107,Order,2025-05-07 00:00:00,310015,ID002,WA001,"",102,9999A,TX001,16,2025-04-28 00:00:00
233376-1-1-108,Order,2025-05-07 00:00:00,310015,ID002,WA001,"",102,9999A,TX001,16,2025-04-28 00:00:00
233376-1-1-109,Order,2025-05-07 00:00:00,310015,ID002,WA001,"",102,9999A,TX001,16,2025-04-28 00:00:00
233376-1-1-110,Order,2025-05-07 00:00:00,310015,ID002,WA001,"",102,9999A,TX001,16,2025-04-28 00:00:00
233378-1-1-101,Order,2025-06-16 00:00:00,310015,WA001,"","",102,9999A,WA001,14.999909280595118,2025-05-01 00:00:00
233378-1-1-102,Order,2025-06-18 00:00:00,310015,WA001,"","",102,9999A,WA001,14.999909280595118,2025-05-01 00:00:00
233378-1-1-103,Order,2025-06-19 00:00:00,310015,WA001,"","",102,9999A,WA001,14.999909280595118,2025-05-01 00:00:00
233378-1-1-104,Order,2025-05-26 00:00:00,310015,WA001,"","",102,9999A,WA001,14.999909280595118,2025-05-01 00:00:00
233378-1-1-105,Order,2025-05-26 00:00:00,310015,WA001,"","",102,9999A,WA001,14.999909280595118,2025-05-01 00:00:00
233378-1-1-106,Order,2025-05-26 00:00:00,310015,WA001,"","",102,9999A,WA001,14.999909280595118,2025-05-01 00:00:00
233378-1-1-107,Order,2025-05-26 00:00:00,310015,WA001,"","",102,9999A,WA001,14.999909280595118,2025-05-01 00:00:00
233378-1-1-108,Order,2025-05-26 00:00:00,310015,WA001,"","",102,9999A,WA001,14.999909280595118,2025-05-01 00:00:00
233378-1-1-109,Order,2025-05-26 00:00:00,310015,WA001,"","",102,9999A,WA001,14.999909280595118,2025-05-01 00:00:00
233378-1-1-110,Order,2025-05-26 00:00:00,310015,WA001,"","",102,9999A,WA001,14.999909280595118,2025-05-01 00:00:00
233378-1-1-111,Order,2025-05-26 00:00:00,310015,WA001,"","",102,9999A,WA001,14.999909280595118,2025-05-01 00:00:00
233382-1-1-101,Order,2025-06-16 00:00:00,310726,WA003,WA002,"",102,9999A,WA007,20,2025-04-28 00:00:00
233382-1-1-102,Order,2025-06-16 00:00:00,310726,WA003,WA002,"",102,9999A,WA007,20,2025-04-28 00:00:00
233382-1-1-103,Order,2025-06-16 00:00:00,310726,WA003,WA002,"",102,9999A,WA007,20,2025-04-28 00:00:00
233382-1-1-104,Order,2025-06-16 00:00:00,310726,WA003,WA002,"",102,9999A,WA007,20,2025-04-28 00:00:00
233382-1-1-105,Order,2025-06-16 00:00:00,310726,WA003,WA002,"",102,9999A,WA007,20,2025-04-28 00:00:00
233382-1-1-106,Order,2025-06-16 00:00:00,310726,WA003,WA002,"",102,9999A,WA007,20,2025-04-28 00:00:00
233382-1-1-107,Order,2025-06-16 00:00:00,310726,WA003,WA002,"",102,9999A,WA007,20,2025-04-28 00:00:00
233382-1-1-108,Order,2025-06-16 00:00:00,310726,WA003,WA002,"",102,9999A,WA007,20,2025-04-28 00:00:00
233382-1-1-109,Order,2025-06-16 00:00:00,310726,WA003,WA002,"",102,9999A,WA007,20,2025-04-28 00:00:00
233382-1-1-110,Order,2025-06-16 00:00:00,310726,WA003,WA002,"",102,9999A,WA007,20,2025-04-28 00:00:00
233382-1-1-111,Order,2025-06-10 00:00:00,310726,WA003,WA002,"",102,9999A,WA007,20,2025-05-05 00:00:00
233382-1-1-112,Order,2025-06-10 00:00:00,310726,WA003,WA002,"",102,9999A,WA007,20,2025-05-05 00:00:00
233382-1-1-113,Order,2025-06-10 00:00:00,310726,WA003,WA002,"",102,9999A,WA007,20,2025-05-05 00:00:00
233382-1-1-114,Order,2025-06-10 00:00:00,310726,WA003,WA002,"",102,9999A,WA007,20,2025-05-05 00:00:00
233382-1-1-115,Order,2025-06-10 00:00:00,310726,WA003,WA002,"",102,9999A,WA007,20,2025-05-05 00:00:00
233382-1-1-116,Order,2025-06-10 00:00:00,310726,WA003,WA002,"",102,9999A,WA007,20,2025-05-05 00:00:00
233382-1-1-117,Order,2025-06-10 00:00:00,310726,WA003,WA002,"",102,9999A,WA007,20,2025-05-05 00:00:00
233382-1-1-118,Order,2025-06-10 00:00:00,310726,WA003,WA002,"",102,9999A,WA007,20,2025-05-05 00:00:00
233382-1-1-119,Order,2025-06-10 00:00:00,310726,WA003,WA002,"",102,9999A,WA007,20,2025-05-05 00:00:00
233382-1-1-120,Order,2025-06-10 00:00:00,310726,WA003,WA002,"",102,9999A,WA007,20,2025-05-05 00:00:00
233383-1-1-101,Order,2025-07-31 00:00:00,310726,WA003,WA002,"",102,9999A,WA007,20,2025-04-28 00:00:00
233383-1-1-102,Order,2025-07-31 00:00:00,310726,WA003,WA002,"",102,9999A,WA007,20,2025-04-28 00:00:00
233383-1-1-103,Order,2025-07-31 00:00:00,310726,WA003,WA002,"",102,9999A,WA007,20,2025-04-28 00:00:00
233383-1-1-104,Order,2025-07-31 00:00:00,310726,WA003,WA002,"",102,9999A,WA007,20,2025-04-28 00:00:00
233383-1-1-105,Order,2025-07-31 00:00:00,310726,WA003,WA002,"",102,9999A,WA007,20,2025-04-28 00:00:00
233383-1-1-106,Order,2025-07-31 00:00:00,310726,WA003,WA002,"",102,9999A,WA007,20,2025-04-28 00:00:00
233383-1-1-107,Order,2025-07-31 00:00:00,310726,WA003,WA002,"",102,9999A,WA007,20,2025-04-28 00:00:00
233383-1-1-108,Order,2025-07-31 00:00:00,310726,WA003,WA002,"",102,9999A,WA007,20,2025-04-28 00:00:00
233383-1-1-109,Order,2025-07-31 00:00:00,310726,WA003,WA002,"",102,9999A,WA007,20,2025-04-28 00:00:00
233383-1-1-110,Order,2025-07-31 00:00:00,310726,WA003,WA002,"",102,9999A,WA007,20,2025-04-28 00:00:00
233383-1-1-111,Order,2025-07-10 00:00:00,310726,WA003,WA002,"",102,9999A,WA007,20,2025-05-06 00:00:00
233383-1-1-112,Order,2025-07-10 00:00:00,310726,WA003,WA002,"",102,9999A,WA007,20,2025-05-06 00:00:00
233383-1-1-113,Order,2025-07-10 00:00:00,310726,WA003,WA002,"",102,9999A,WA007,20,2025-05-06 00:00:00
233383-1-1-114,Order,2025-07-10 00:00:00,310726,WA003,WA002,"",102,9999A,WA007,20,2025-05-06 00:00:00
233383-1-1-115,Order,2025-07-10 00:00:00,310726,WA003,WA002,"",102,9999A,WA007,20,2025-05-06 00:00:00
233383-1-1-116,Order,2025-07-10 00:00:00,310726,WA003,WA002,"",102,9999A,WA007,20,2025-05-06 00:00:00
233383-1-1-117,Order,2025-07-10 00:00:00,310726,WA003,WA002,"",102,9999A,WA007,20,2025-05-06 00:00:00
233383-1-1-118,Order,2025-07-10 00:00:00,310726,WA003,WA002,"",102,9999A,WA007,20,2025-05-06 00:00:00
233383-1-1-119,Order,2025-07-10 00:00:00,310726,WA003,WA002,"",102,9999A,WA007,20,2025-05-06 00:00:00
233383-1-1-120,Order,2025-07-10 00:00:00,310726,WA003,WA002,"",102,9999A,WA007,20,2025-05-06 00:00:00
233384-1-1-101,Order,2025-06-01 00:00:00,310015,ID002,"","",102,9999A,MEX002,20,2025-04-28 00:00:00
233385-1-1-101,Order,2025-05-08 00:00:00,310015,ID002,WA001,"",101,3123A,TX001,16,2025-04-29 00:00:00
233390-1-1-101,Order,2025-06-16 00:00:00,310015,WA001,"","",102,9999A,WA001,14.999909280595118,2025-05-01 00:00:00
233390-1-1-102,Order,2025-06-19 00:00:00,310015,WA001,"","",102,9999A,WA001,14.999909280595118,2025-05-01 00:00:00
233390-1-1-103,Order,2025-06-20 00:00:00,310015,WA001,"","",102,9999A,WA001,14.999909280595118,2025-05-01 00:00:00
233390-1-1-104,Order,2025-05-23 00:00:00,310015,WA001,"","",102,9999A,WA001,14.999909280595118,2025-05-01 00:00:00
233390-1-1-105,Order,2025-05-23 00:00:00,310015,WA001,"","",102,9999A,WA001,14.999909280595118,2025-05-01 00:00:00
233390-1-1-106,Order,2025-05-23 00:00:00,310015,WA001,"","",102,9999A,WA001,14.999909280595118,2025-05-01 00:00:00
233390-1-1-107,Order,2025-05-23 00:00:00,310015,WA001,"","",102,9999A,WA001,14.999909280595118,2025-05-01 00:00:00
233390-1-1-108,Order,2025-05-23 00:00:00,310015,WA001,"","",102,9999A,WA001,14.999909280595118,2025-05-01 00:00:00
233390-1-1-109,Order,2025-05-23 00:00:00,310015,WA001,"","",102,9999A,WA001,14.999909280595118,2025-05-01 00:00:00
233390-1-1-110,Order,2025-05-23 00:00:00,310015,WA001,"","",102,9999A,WA001,14.999909280595118,2025-05-01 00:00:00
233390-1-1-111,Order,2025-05-23 00:00:00,310015,WA001,"","",102,9999A,WA001,14.999909280595118,2025-05-01 00:00:00
233393-1-1-101,Order,2025-05-26 00:00:00,310726,WA003,WA002,"",101,9999A,WA007,60,2025-05-13 00:00:00
233394-1-1,Contract,2025-06-01 00:00:00,310726,WA003,WA002,"",101,9999E,WA007,0.040000362877619516,
233394-1-1-101,Order,2025-05-28 00:00:00,310726,WA003,WA002,"",101,9999E,WA007,140,2025-05-13 00:00:00
233397-1-1-101,Order,2025-05-13 00:00:00,310726,WA003,WA002,"",102,9999A,WA007,20,2025-05-02 00:00:00
233397-1-1-102,Order,2025-05-13 00:00:00,310726,WA003,WA002,"",102,9999A,WA007,20,2025-05-02 00:00:00
233397-1-1-103,Order,2025-05-13 00:00:00,310726,WA003,WA002,"",102,9999A,WA007,20,2025-05-02 00:00:00
233397-1-1-104,Order,2025-05-13 00:00:00,310726,WA003,WA002,"",102,9999A,WA007,20,2025-05-02 00:00:00
233397-1-1-105,Order,2025-05-13 00:00:00,310726,WA003,WA002,"",102,9999A,WA007,20,2025-05-02 00:00:00
233397-1-1-106,Order,2025-05-13 00:00:00,310726,WA003,WA002,"",102,9999A,WA007,20,2025-05-02 00:00:00
233397-1-1-107,Order,2025-05-13 00:00:00,310726,WA003,WA002,"",102,9999A,WA007,20,2025-05-02 00:00:00
233397-1-1-108,Order,2025-05-13 00:00:00,310726,WA003,WA002,"",102,9999A,WA007,20,2025-05-02 00:00:00
233397-1-1-109,Order,2025-05-13 00:00:00,310726,WA003,WA002,"",102,9999A,WA007,20,2025-05-02 00:00:00
233397-1-1-110,Order,2025-05-13 00:00:00,310726,WA003,WA002,"",102,9999A,WA007,20,2025-05-02 00:00:00
233402-1-1-101,Order,2025-07-15 00:00:00,310726,WA003,"","",101,3007DRYGUM,WA007,80,2025-05-29 00:00:00
233402-1-1-102,Order,2025-07-15 00:00:00,310726,WA003,"","",101,3007DRYGUM,WA007,100,2025-05-29 00:00:00
233402-1-2,Contract,2025-08-01 00:00:00,310726,WA003,"","",101,3007DRYGUM,WA007,620.0056246031024,
233402-1-3,Contract,2025-09-01 00:00:00,310726,WA003,"","",101,3007DRYGUM,WA007,200.00181438809759,
233402-1-4,Contract,2025-10-01 00:00:00,310726,WA003,"","",101,3007DRYGUM,WA007,200.00181438809759,
233417-1-1-101,Order,2025-06-09 00:00:00,310015,WA001,"","",102,9999A,WA001,14.999909280595118,2025-05-07 00:00:00
233417-1-1-102,Order,2025-06-09 00:00:00,310015,WA001,"","",102,9999A,WA001,14.999909280595118,2025-05-07 00:00:00
233417-1-1-103,Order,2025-06-09 00:00:00,310015,WA001,"","",102,9999A,WA001,14.999909280595118,2025-05-07 00:00:00
233417-1-1-104,Order,2025-06-09 00:00:00,310015,WA001,"","",102,9999A,WA001,14.999909280595118,2025-05-07 00:00:00
233417-1-1-105,Order,2025-06-09 00:00:00,310015,WA001,"","",102,9999A,WA001,14.999909280595118,2025-05-07 00:00:00
233417-1-1-106,Order,2025-06-09 00:00:00,310015,WA001,"","",102,9999A,WA001,14.999909280595118,2025-05-07 00:00:00
233417-1-1-107,Order,2025-06-09 00:00:00,310015,WA001,"","",102,9999A,WA001,14.999909280595118,2025-05-07 00:00:00
233417-1-1-108,Order,2025-06-09 00:00:00,310015,WA001,"","",102,9999A,WA001,14.999909280595118,2025-05-07 00:00:00
233417-1-1-109,Order,2025-06-09 00:00:00,310015,WA001,"","",102,9999A,WA001,14.999909280595118,2025-05-07 00:00:00
233417-1-1-110,Order,2025-06-09 00:00:00,310015,WA001,"","",102,9999A,WA001,14.999909280595118,2025-05-07 00:00:00
233418-1-1-101,Order,2025-05-16 00:00:00,310015,ID002,WA001,"",102,9999A,TX001,16,2025-05-07 00:00:00
233418-1-1-102,Order,2025-05-16 00:00:00,310015,ID002,WA001,"",102,9999A,TX001,16,2025-05-07 00:00:00
233418-1-1-103,Order,2025-05-16 00:00:00,310015,ID002,WA001,"",102,9999A,TX001,16,2025-05-07 00:00:00
233418-1-1-104,Order,2025-05-16 00:00:00,310015,ID002,WA001,"",102,9999A,TX001,16,2025-05-07 00:00:00
233418-1-1-105,Order,2025-05-16 00:00:00,310015,ID002,WA001,"",102,9999A,TX001,16,2025-05-07 00:00:00
233418-1-1-106,Order,2025-05-16 00:00:00,310015,ID002,WA001,"",102,9999A,TX001,16,2025-05-07 00:00:00
233418-1-1-107,Order,2025-05-16 00:00:00,310015,ID002,WA001,"",102,9999A,TX001,16,2025-05-07 00:00:00
233418-1-1-108,Order,2025-05-16 00:00:00,310015,ID002,WA001,"",102,9999A,TX001,16,2025-05-07 00:00:00
233418-1-1-109,Order,2025-05-16 00:00:00,310015,ID002,WA001,"",102,9999A,TX001,16,2025-05-07 00:00:00
233418-1-1-110,Order,2025-05-16 00:00:00,310015,ID002,WA001,"",102,9999A,TX001,16,2025-05-07 00:00:00
233423-1-1-101,Order,2025-06-01 00:00:00,310015,ID002,WA001,"",102,9999A,MEX002,20,2025-05-06 00:00:00
233423-1-1-102,Order,2025-06-01 00:00:00,310015,ID002,WA001,"",102,9999A,MEX002,20,2025-05-06 00:00:00
233423-1-1-103,Order,2025-06-01 00:00:00,310015,ID002,WA001,"",102,9999A,MEX002,20,2025-05-06 00:00:00
233423-1-1-104,Order,2025-06-01 00:00:00,310015,ID002,WA001,"",102,9999A,MEX002,20,2025-05-06 00:00:00
233423-1-1-105,Order,2025-06-01 00:00:00,310015,ID002,WA001,"",102,9999A,MEX002,20,2025-05-06 00:00:00
233423-1-1-106,Order,2025-06-01 00:00:00,310015,ID002,WA001,"",102,9999A,MEX002,20,2025-05-06 00:00:00
233423-1-1-107,Order,2025-05-29 00:00:00,310015,ID002,WA001,"",102,9999A,TX001,21.00009071940488,2025-05-06 00:00:00
233423-1-1-108,Order,2025-05-29 00:00:00,310015,ID002,WA001,"",102,9999A,TX001,20.999727841785358,2025-05-06 00:00:00
233428-1-1-101,Order,2025-08-02 00:00:00,310726,WA002,WA003,"",102,9999A,WA007,40,2025-06-04 00:00:00
233429-1-1-101,Order,2025-05-08 00:00:00,310018,WA001,"","",102,9999A,WA001,14.999909280595118,2025-05-07 00:00:00
233429-1-1-102,Order,2025-05-08 00:00:00,310018,WA001,"","",102,9999A,WA001,14.999909280595118,2025-05-07 00:00:00
233433-1-1,Contract,2025-06-01 00:00:00,310726,WA002,WA003,"",102,9999A,WA007,0.48000435453143425,
233433-1-1-101,Order,2025-06-18 00:00:00,310726,WA002,WA003,"",102,9999A,WA007,40,2025-05-12 00:00:00
233439-1-1-101,Order,2025-05-16 00:00:00,310015,WA001,"","",102,9999A,WA001,14.999909280595118,2025-05-12 00:00:00
233439-1-1-102,Order,2025-05-16 00:00:00,310015,WA001,"","",102,9999A,WA001,14.999909280595118,2025-05-12 00:00:00
233439-1-1-103,Order,2025-05-19 00:00:00,310015,WA001,"","",102,9999A,WA001,14.999909280595118,2025-05-12 00:00:00
233439-1-1-104,Order,2025-05-20 00:00:00,310015,WA001,"","",102,9999A,WA001,14.999909280595118,2025-05-12 00:00:00
233439-1-1-105,Order,2025-05-20 00:00:00,310015,WA001,"","",102,9999A,WA001,14.999909280595118,2025-05-12 00:00:00
233440-1-1-101,Order,2025-06-03 00:00:00,310015,ID002,"","",102,9999A,ID002,14.999909280595118,2025-05-13 00:00:00
233440-1-1-102,Order,2025-05-27 00:00:00,310015,ID002,"","",102,9999A,ID002,14.999909280595118,2025-05-13 00:00:00
233440-1-1-103,Order,2025-06-03 00:00:00,310015,ID002,"","",102,9999A,ID002,14.999909280595118,2025-05-13 00:00:00
233440-1-1-104,Order,2025-05-28 00:00:00,310015,ID002,"","",102,9999A,ID002,14.999909280595118,2025-05-13 00:00:00
233440-1-1-105,Order,2025-05-30 00:00:00,310015,ID002,"","",102,9999A,ID002,14.999909280595118,2025-05-13 00:00:00
233440-1-1-106,Order,2025-06-02 00:00:00,310015,ID002,"","",102,9999A,ID002,14.999909280595118,2025-05-13 00:00:00
233440-1-1-107,Order,2025-05-21 00:00:00,310015,ID002,"","",102,9999A,ID002,14.999909280595118,2025-05-13 00:00:00
233440-1-1-108,Order,2025-05-30 00:00:00,310015,ID002,"","",102,9999A,ID002,14.999909280595118,2025-05-13 00:00:00
233440-1-1-109,Order,2025-05-21 00:00:00,310015,ID002,"","",102,9999A,ID002,14.999909280595118,2025-05-13 00:00:00
233440-1-1-110,Order,2025-06-04 00:00:00,310015,ID002,"","",102,9999A,ID002,14.999909280595118,2025-05-13 00:00:00
233440-1-1-111,Order,2025-05-29 00:00:00,310015,ID002,"","",102,9999A,ID002,14.999909280595118,2025-05-13 00:00:00
233440-1-1-112,Order,2025-06-04 00:00:00,310015,ID002,"","",102,9999A,ID002,14.999909280595118,2025-05-13 00:00:00
233440-1-1-113,Order,2025-06-02 00:00:00,310015,ID002,"","",102,9999A,ID002,14.999909280595118,2025-05-13 00:00:00
233440-1-1-114,Order,2025-05-19 00:00:00,310015,ID002,"","",102,9999A,ID002,14.999909280595118,2025-05-13 00:00:00
233440-1-1-115,Order,2025-06-02 00:00:00,310015,ID002,"","",102,9999A,ID002,14.999909280595118,2025-05-13 00:00:00
233440-1-1-116,Order,2025-06-03 00:00:00,310015,ID002,"","",102,9999A,ID002,14.999909280595118,2025-05-13 00:00:00
233440-1-1-117,Order,2025-05-29 00:00:00,310015,ID002,"","",102,9999A,ID002,14.999909280595118,2025-05-13 00:00:00
233440-1-1-118,Order,2025-05-19 00:00:00,310015,ID002,"","",102,9999A,ID002,14.999909280595118,2025-05-13 00:00:00
233440-1-1-119,Order,2025-05-28 00:00:00,310015,ID002,"","",102,9999A,ID002,14.999909280595118,2025-05-13 00:00:00
233440-1-1-120,Order,2025-05-20 00:00:00,310015,ID002,"","",102,9999A,ID002,14.999909280595118,2025-05-13 00:00:00
233440-1-1-121,Order,2025-06-02 00:00:00,310015,ID002,"","",102,9999A,ID002,14.999909280595118,2025-05-13 00:00:00
233440-1-1-122,Order,2025-05-29 00:00:00,310015,ID002,"","",102,9999A,ID002,14.999909280595118,2025-05-13 00:00:00
233440-1-1-123,Order,2025-06-04 00:00:00,310015,ID002,"","",102,9999A,ID002,14.999909280595118,2025-05-13 00:00:00
233440-1-1-124,Order,2025-06-03 00:00:00,310015,ID002,"","",102,9999A,ID002,14.999909280595118,2025-05-13 00:00:00
233440-1-1-125,Order,2025-05-21 00:00:00,310015,ID002,"","",102,9999A,ID002,14.999909280595118,2025-05-13 00:00:00
233442-1-1-101,Order,2025-05-22 00:00:00,310015,ID002,WA001,"",102,9999A,TX001,16,2025-05-13 00:00:00
233442-1-1-102,Order,2025-05-22 00:00:00,310015,ID002,WA001,"",102,9999A,TX001,16,2025-05-13 00:00:00
233442-1-1-103,Order,2025-05-22 00:00:00,310015,ID002,WA001,"",102,9999A,TX001,16,2025-05-13 00:00:00
233442-1-1-104,Order,2025-05-22 00:00:00,310015,ID002,WA001,"",102,9999A,TX001,16,2025-05-13 00:00:00
233442-1-1-105,Order,2025-05-22 00:00:00,310015,ID002,WA001,"",102,9999A,TX001,16,2025-05-13 00:00:00
233442-1-1-106,Order,2025-05-22 00:00:00,310015,ID002,WA001,"",102,9999A,TX001,16,2025-05-13 00:00:00
233444-1-1-101,Order,2025-05-23 00:00:00,310015,ID002,WA001,"",102,9999A,TX001,16,2025-05-13 00:00:00
233444-1-1-102,Order,2025-05-23 00:00:00,310015,ID002,WA001,"",102,9999A,TX001,16,2025-05-13 00:00:00
233444-1-1-103,Order,2025-05-23 00:00:00,310015,ID002,WA001,"",102,9999A,TX001,16,2025-05-13 00:00:00
233444-1-2-104,Order,2025-06-01 00:00:00,310015,ID002,WA001,"",102,9999A,TX001,16,2025-05-13 00:00:00
233444-1-2-105,Order,2025-06-01 00:00:00,310015,ID002,WA001,"",102,9999A,TX001,16,2025-05-13 00:00:00
233444-1-2-106,Order,2025-06-01 00:00:00,310015,ID002,WA001,"",102,9999A,TX001,16,2025-05-13 00:00:00
233445-1-1-101,Order,2025-05-28 00:00:00,310015,ID002,"","",102,9999A,ID002,14.999909280595118,2025-05-14 00:00:00
233445-1-1-102,Order,2025-05-21 00:00:00,310015,ID002,"","",102,9999A,ID002,14.999909280595118,2025-05-14 00:00:00
233445-1-1-103,Order,2025-05-28 00:00:00,310015,ID002,"","",102,9999A,ID002,14.999909280595118,2025-05-14 00:00:00
233445-1-1-104,Order,2025-05-28 00:00:00,310015,ID002,"","",102,9999A,ID002,14.999909280595118,2025-05-14 00:00:00
233445-1-1-105,Order,2025-05-27 00:00:00,310015,ID002,"","",102,9999A,ID002,14.999909280595118,2025-05-14 00:00:00
233445-1-1-106,Order,2025-05-27 00:00:00,310015,ID002,"","",102,9999A,ID002,14.999909280595118,2025-05-14 00:00:00
233445-1-1-107,Order,2025-05-28 00:00:00,310015,ID002,"","",102,9999A,ID002,14.999909280595118,2025-05-14 00:00:00
233445-1-1-108,Order,2025-05-27 00:00:00,310015,ID002,"","",102,9999A,ID002,14.999909280595118,2025-05-14 00:00:00
233446-1-1-101,Order,2025-06-25 00:00:00,310726,WA003,WA002,"",102,9999E,WA007,60,2025-05-13 00:00:00
233449-1-1-101,Order,2025-05-27 00:00:00,310086,ID002,"","",101,3139A,ID010,19,2025-05-12 00:00:00
233449-1-1-102,Order,2025-05-27 00:00:00,310086,ID002,"","",101,3139A,ID010,19,2025-05-12 00:00:00
233449-1-1-103,Order,2025-05-27 00:00:00,310086,ID002,"","",101,3139A,ID010,19,2025-05-12 00:00:00
233449-1-1-104,Order,2025-05-27 00:00:00,310086,ID002,"","",101,3139A,ID010,19,2025-05-12 00:00:00
233449-1-1-105,Order,2025-05-27 00:00:00,310086,ID002,"","",101,3139A,ID010,19,2025-05-12 00:00:00
233450-1-1-101,Order,2025-05-30 00:00:00,310015,ID002,"","",102,9999A,ID002,14.999909280595118,2025-05-12 00:00:00
233450-1-1-102,Order,2025-05-30 00:00:00,310015,ID002,"","",102,9999A,ID002,14.999909280595118,2025-05-12 00:00:00
233450-1-1-103,Order,2025-05-30 00:00:00,310015,ID002,"","",102,9999A,ID002,14.999909280595118,2025-05-12 00:00:00
233450-1-1-104,Order,2025-05-30 00:00:00,310015,ID002,"","",102,9999A,ID002,14.999909280595118,2025-05-12 00:00:00
233450-1-1-105,Order,2025-05-30 00:00:00,310015,ID002,"","",102,9999A,ID002,14.999909280595118,2025-05-12 00:00:00
233450-1-1-106,Order,2025-05-30 00:00:00,310015,ID002,"","",102,9999A,ID002,14.999909280595118,2025-05-12 00:00:00
233450-1-1-107,Order,2025-05-30 00:00:00,310015,ID002,"","",102,9999A,ID002,14.999909280595118,2025-05-12 00:00:00
233450-1-1-108,Order,2025-05-30 00:00:00,310015,ID002,"","",102,9999A,ID002,14.999909280595118,2025-05-12 00:00:00
233450-1-1-109,Order,2025-05-30 00:00:00,310015,ID002,"","",102,9999A,ID002,14.999909280595118,2025-05-12 00:00:00
233450-1-1-110,Order,2025-05-30 00:00:00,310015,ID002,"","",102,9999A,ID002,14.999909280595118,2025-05-12 00:00:00
233450-1-1-111,Order,2025-05-30 00:00:00,310015,ID002,"","",102,9999A,ID002,14.999909280595118,2025-05-12 00:00:00
233450-1-1-112,Order,2025-05-30 00:00:00,310015,ID002,"","",102,9999A,ID002,14.999909280595118,2025-05-12 00:00:00
233450-1-1-113,Order,2025-05-30 00:00:00,310015,ID002,"","",102,9999A,ID002,14.999909280595118,2025-05-12 00:00:00
233450-1-1-114,Order,2025-05-30 00:00:00,310015,ID002,"","",102,9999A,ID002,14.999909280595118,2025-05-12 00:00:00
233450-1-1-115,Order,2025-05-30 00:00:00,310015,ID002,"","",102,9999A,ID002,14.999909280595118,2025-05-12 00:00:00
233450-1-1-116,Order,2025-05-30 00:00:00,310015,ID002,"","",102,9999A,ID002,14.999909280595118,2025-05-12 00:00:00
233450-1-1-117,Order,2025-05-30 00:00:00,310015,ID002,"","",102,9999A,ID002,14.999909280595118,2025-05-12 00:00:00
233450-1-1-118,Order,2025-05-30 00:00:00,310015,ID002,"","",102,9999A,ID002,14.999909280595118,2025-05-12 00:00:00
233450-1-1-119,Order,2025-05-30 00:00:00,310015,ID002,"","",102,9999A,ID002,14.999909280595118,2025-05-12 00:00:00
233450-1-1-120,Order,2025-05-30 00:00:00,310015,ID002,"","",102,9999A,ID002,14.999909280595118,2025-05-12 00:00:00
233450-1-1-121,Order,2025-05-27 00:00:00,310015,ID002,"","",102,9999A,ID002,14.999909280595118,2025-05-22 00:00:00
233450-1-1-122,Order,2025-05-27 00:00:00,310015,ID002,"","",102,9999A,ID002,14.999909280595118,2025-05-22 00:00:00
233450-1-1-123,Order,2025-05-28 00:00:00,310015,ID002,"","",102,9999A,ID002,14.999909280595118,2025-05-22 00:00:00
233450-1-1-124,Order,2025-05-29 00:00:00,310015,ID002,"","",102,9999A,ID002,14.999909280595118,2025-05-22 00:00:00
233450-1-1-125,Order,2025-05-29 00:00:00,310015,ID002,"","",102,9999A,ID002,14.999909280595118,2025-05-22 00:00:00
233450-1-1-126,Order,2025-05-29 00:00:00,310015,ID002,"","",102,9999A,ID002,14.999909280595118,2025-05-22 00:00:00
233450-1-1-127,Order,2025-05-29 00:00:00,310015,ID002,"","",102,9999A,ID002,14.999909280595118,2025-05-22 00:00:00
233450-1-1-128,Order,2025-06-05 00:00:00,310015,ID002,"","",102,9999A,ID002,14.999909280595118,2025-05-22 00:00:00
233450-1-1-129,Order,2025-05-30 00:00:00,310015,ID002,"","",102,9999A,ID002,14.999909280595118,2025-05-22 00:00:00
233450-1-1-130,Order,2025-06-02 00:00:00,310015,ID002,"","",102,9999A,ID002,14.999909280595118,2025-05-22 00:00:00
233450-1-1-131,Order,2025-06-02 00:00:00,310015,ID002,"","",102,9999A,ID002,14.999909280595118,2025-05-22 00:00:00
233450-1-1-132,Order,2025-06-02 00:00:00,310015,ID002,"","",102,9999A,ID002,14.999909280595118,2025-05-22 00:00:00
233450-1-1-133,Order,2025-06-03 00:00:00,310015,ID002,"","",102,9999A,ID002,14.999909280595118,2025-05-22 00:00:00
233450-1-1-134,Order,2025-06-03 00:00:00,310015,ID002,"","",102,9999A,ID002,14.999909280595118,2025-05-22 00:00:00
233450-1-1-135,Order,2025-06-03 00:00:00,310015,ID002,"","",102,9999A,ID002,14.999909280595118,2025-05-22 00:00:00
233450-1-1-136,Order,2025-06-04 00:00:00,310015,ID002,"","",102,9999A,ID002,14.999909280595118,2025-05-22 00:00:00
233450-1-1-137,Order,2025-06-04 00:00:00,310015,ID002,"","",102,9999A,ID002,14.999909280595118,2025-05-22 00:00:00
233450-1-1-138,Order,2025-06-04 00:00:00,310015,ID002,"","",102,9999A,ID002,14.999909280595118,2025-05-22 00:00:00
233450-1-1-139,Order,2025-06-05 00:00:00,310015,ID002,"","",102,9999A,ID002,14.999909280595118,2025-05-22 00:00:00
233450-1-1-140,Order,2025-06-05 00:00:00,310015,ID002,"","",102,9999A,ID002,14.999909280595118,2025-05-22 00:00:00
233451-1-1-101,Order,2025-05-14 00:00:00,310724,WA002,"","",102,9999A,WA007,18.00018143880976,2025-05-14 00:00:00
233451-1-1-102,Order,2025-05-14 00:00:00,310724,WA002,"","",102,9999A,WA007,18.00018143880976,2025-05-14 00:00:00
233451-1-1-103,Order,2025-05-14 00:00:00,310724,WA002,"","",102,9999A,WA007,18.00018143880976,2025-05-14 00:00:00
233451-1-1-104,Order,2025-05-14 00:00:00,310724,WA002,"","",102,9999A,WA007,17.99981856119024,2025-05-14 00:00:00
233451-1-1-105,Order,2025-05-14 00:00:00,310724,WA002,"","",102,9999A,WA007,17.99981856119024,2025-05-14 00:00:00
233451-1-1-106,Order,2025-05-14 00:00:00,310724,WA002,"","",102,9999A,WA007,18.00018143880976,2025-05-14 00:00:00
233451-1-1-107,Order,2025-05-14 00:00:00,310724,WA002,"","",102,9999A,WA007,18.00018143880976,2025-05-14 00:00:00
233451-1-1-108,Order,2025-05-14 00:00:00,310724,WA002,"","",102,9999A,WA007,18.00018143880976,2025-05-14 00:00:00
233451-1-1-109,Order,2025-05-14 00:00:00,310724,WA002,"","",102,9999A,WA007,17.99981856119024,2025-05-14 00:00:00
233451-1-1-110,Order,2025-05-14 00:00:00,310724,WA002,"","",102,9999A,WA007,17.99981856119024,2025-05-14 00:00:00
233451-1-1-111,Order,2025-05-14 00:00:00,310724,WA002,"","",102,9999A,WA007,18.00018143880976,2025-05-14 00:00:00
233453-1-1-101,Order,2025-05-14 00:00:00,310015,ID002,"","",102,9999A,ID010,14.999909280595118,2025-05-12 00:00:00
233455-1-1-101,Order,2025-05-27 00:00:00,310015,WA001,"","",102,9999A,WA001,14.999909280595118,2025-05-13 00:00:00
233462-1-1,Contract,2025-06-01 00:00:00,310726,WA003,"","",101,3035A,WA007,40.000362877619516,
233463-1-1-101,Order,2025-06-06 00:00:00,310015,ID002,"","",102,3117A,ID002,14.999909280595118,2025-05-20 00:00:00
233465-1-1-101,Order,2025-05-26 00:00:00,310015,ID002,"","",101,3123A,TX001,16,2025-05-15 00:00:00
233465-1-1-102,Order,2025-05-26 00:00:00,310015,ID002,"","",101,3123A,TX001,16,2025-05-15 00:00:00
233465-1-1-103,Order,2025-05-26 00:00:00,310015,ID002,"","",101,3123A,TX001,16,2025-05-15 00:00:00
233465-1-1-104,Order,2025-05-26 00:00:00,310015,ID002,"","",101,3123A,TX001,16,2025-05-15 00:00:00
233465-1-1-105,Order,2025-05-26 00:00:00,310015,ID002,"","",101,3123A,TX001,16,2025-05-15 00:00:00
233465-1-1-106,Order,2025-05-26 00:00:00,310015,ID002,"","",101,3123A,TX001,16,2025-05-15 00:00:00
233465-1-1-107,Order,2025-05-26 00:00:00,310015,ID002,"","",101,3123A,TX001,16,2025-05-15 00:00:00
233465-1-1-108,Order,2025-05-26 00:00:00,310015,ID002,"","",101,3123A,TX001,16,2025-05-15 00:00:00
233465-1-1-109,Order,2025-05-26 00:00:00,310015,ID002,"","",101,3123A,TX001,16,2025-05-15 00:00:00
233465-1-1-110,Order,2025-05-26 00:00:00,310015,ID002,"","",101,3123A,TX001,16,2025-05-15 00:00:00
233465-1-1-111,Order,2025-05-26 00:00:00,310015,ID002,"","",101,3123A,TX001,16,2025-05-15 00:00:00
233465-1-1-112,Order,2025-05-26 00:00:00,310015,ID002,"","",101,3123A,TX001,16,2025-05-15 00:00:00
233465-1-1-113,Order,2025-05-26 00:00:00,310015,ID002,"","",101,3123A,TX001,16,2025-05-15 00:00:00
233465-1-1-114,Order,2025-05-26 00:00:00,310015,ID002,"","",101,3123A,TX001,16,2025-05-15 00:00:00
233465-1-1-115,Order,2025-05-26 00:00:00,310015,ID002,"","",101,3123A,TX001,16,2025-05-15 00:00:00
233465-1-1-116,Order,2025-05-26 00:00:00,310015,ID002,"","",101,3123A,TX001,16,2025-05-15 00:00:00
233465-1-1-117,Order,2025-05-26 00:00:00,310015,ID002,"","",101,3123A,TX001,16,2025-05-15 00:00:00
233465-1-1-118,Order,2025-05-26 00:00:00,310015,ID002,"","",101,3123A,TX001,16,2025-05-15 00:00:00
233465-1-1-119,Order,2025-05-26 00:00:00,310015,ID002,"","",101,3123A,TX001,16,2025-05-15 00:00:00
233465-1-1-120,Order,2025-05-26 00:00:00,310015,ID002,"","",101,3123A,TX001,16,2025-05-15 00:00:00
233465-1-1-121,Order,2025-05-26 00:00:00,310015,ID002,"","",101,3123A,TX001,16,2025-05-15 00:00:00
233465-1-1-122,Order,2025-05-26 00:00:00,310015,ID002,"","",101,3123A,TX001,16,2025-05-15 00:00:00
233465-1-1-123,Order,2025-05-26 00:00:00,310015,ID002,"","",101,3123A,TX001,16,2025-05-15 00:00:00
233465-1-1-124,Order,2025-05-26 00:00:00,310015,ID002,"","",101,3123A,TX001,16,2025-05-15 00:00:00
233465-1-1-125,Order,2025-05-26 00:00:00,310015,ID002,"","",101,3123A,TX001,16,2025-05-15 00:00:00
233466-1-1-101,Order,2025-05-27 00:00:00,310726,WA002,WA003,"",101,9999E,WA007,100,2025-05-19 00:00:00
233466-1-1-102,Order,2025-05-26 00:00:00,310726,WA002,WA003,"",101,9999E,WA007,20,2025-05-19 00:00:00
233472-1-1-101,Order,2025-06-09 00:00:00,310724,WA003,WA002,"",101,9999A,WA007,18.00018143880976,2025-05-21 00:00:00
233472-1-1-102,Order,2025-06-09 00:00:00,310724,WA003,WA002,"",101,9999A,WA007,18.00018143880976,2025-05-21 00:00:00
233472-1-1-103,Order,2025-06-09 00:00:00,310724,WA003,WA002,"",101,9999A,WA007,18.00018143880976,2025-05-21 00:00:00
233472-1-1-104,Order,2025-06-09 00:00:00,310724,WA003,WA002,"",101,9999A,WA007,18.00018143880976,2025-05-21 00:00:00
233472-1-1-105,Order,2025-06-09 00:00:00,310724,WA003,WA002,"",101,9999A,WA007,18.00018143880976,2025-05-21 00:00:00
233472-1-1-106,Order,2025-06-09 00:00:00,310724,WA003,WA002,"",101,9999A,WA007,18.00018143880976,2025-05-21 00:00:00
233472-1-1-107,Order,2025-06-09 00:00:00,310724,WA003,WA002,"",101,9999A,WA007,18.00018143880976,2025-05-21 00:00:00
233472-1-1-108,Order,2025-06-09 00:00:00,310724,WA003,WA002,"",101,9999A,WA007,18.00018143880976,2025-05-21 00:00:00
233472-1-1-109,Order,2025-06-09 00:00:00,310724,WA003,WA002,"",101,9999A,WA007,18.00018143880976,2025-05-21 00:00:00
233472-1-1-110,Order,2025-06-09 00:00:00,310724,WA003,WA002,"",101,9999A,WA007,18.00018143880976,2025-05-21 00:00:00
233472-1-1-111,Order,2025-06-09 00:00:00,310724,WA003,WA002,"",101,9999A,WA007,12,2025-05-27 00:00:00
233475-1-1-101,Order,2025-07-07 00:00:00,310015,ID002,"","",102,9999A,ID002,14.999909280595118,2025-06-12 00:00:00
233475-1-1-102,Order,2025-07-08 00:00:00,310015,ID002,"","",102,9999A,ID002,14.999909280595118,2025-06-12 00:00:00
233475-1-1-103,Order,2025-07-08 00:00:00,310015,ID002,"","",102,9999A,ID002,14.999909280595118,2025-06-12 00:00:00
233475-1-1-104,Order,2025-07-09 00:00:00,310015,ID002,"","",102,9999A,ID002,14.999909280595118,2025-06-12 00:00:00
233475-1-1-105,Order,2025-07-09 00:00:00,310015,ID002,"","",102,9999A,ID002,14.999909280595118,2025-06-12 00:00:00
233475-1-1-106,Order,2025-07-09 00:00:00,310015,ID002,"","",102,9999A,ID002,14.999909280595118,2025-06-12 00:00:00
233475-1-1-107,Order,2025-07-10 00:00:00,310015,ID002,"","",102,9999A,ID002,14.999909280595118,2025-06-12 00:00:00
233475-1-1-108,Order,2025-07-10 00:00:00,310015,ID002,"","",102,9999A,ID002,14.999909280595118,2025-06-12 00:00:00
233475-1-1-109,Order,2025-07-11 00:00:00,310015,ID002,"","",102,9999A,ID002,14.999909280595118,2025-06-12 00:00:00
233475-1-1-110,Order,2025-07-11 00:00:00,310015,ID002,"","",102,9999A,ID002,14.999909280595118,2025-06-12 00:00:00
233475-1-1-111,Order,2025-07-11 00:00:00,310015,ID002,"","",102,9999A,ID002,14.999909280595118,2025-06-12 00:00:00
233475-1-1-112,Order,2025-07-07 00:00:00,310015,ID002,"","",102,9999A,ID002,14.999909280595118,2025-06-12 00:00:00
233475-1-1-113,Order,2025-07-11 00:00:00,310015,ID002,"","",102,9999A,ID002,14.999909280595118,2025-06-12 00:00:00
233475-1-1-114,Order,2025-07-07 00:00:00,310015,ID002,"","",102,9999A,ID002,14.999909280595118,2025-06-12 00:00:00
233475-1-1-115,Order,2025-07-08 00:00:00,310015,ID002,"","",102,9999A,ID002,14.999909280595118,2025-06-12 00:00:00
233476-1-1-101,Order,2025-06-27 00:00:00,310015,ID002,"","",102,9999A,ID002,16,2025-05-21 00:00:00
233479-1-2-101,Order,2025-06-06 00:00:00,310015,ID002,"","",102,9999A,ID010,5.000090719404881,2025-05-29 00:00:00
233479-1-2-101,Order,2025-06-06 00:00:00,310086,ID002,"","",102,9999A,ID010,11,2025-05-29 00:00:00
233479-1-2-102,Order,2025-06-29 00:00:00,310015,ID002,"","",102,9999A,ID010,5.000090719404881,2025-05-29 00:00:00
233479-1-2-102,Order,2025-06-29 00:00:00,310086,ID002,"","",102,9999A,ID010,11,2025-05-29 00:00:00
233479-2-1-103,Order,2025-07-13 00:00:00,310015,ID002,"","",102,9999A,ID010,5.000090719404881,2025-06-03 00:00:00
233479-2-1-103,Order,2025-07-13 00:00:00,310086,ID002,"","",102,9999A,ID010,11,2025-06-03 00:00:00
233479-2-2-104,Order,2025-07-13 00:00:00,310015,ID002,"","",102,9999A,ID010,5.000090719404881,2025-06-09 00:00:00
233479-2-2-104,Order,2025-07-13 00:00:00,310086,ID002,"","",102,9999A,ID010,11,2025-06-09 00:00:00
233486-1-1-101,Order,2025-05-29 00:00:00,310015,ID002,WA001,"",102,9999A,TX001,16,2025-05-23 00:00:00
233486-1-1-102,Order,2025-05-29 00:00:00,310015,ID002,WA001,"",102,9999A,TX001,16,2025-05-23 00:00:00
233486-1-1-103,Order,2025-05-29 00:00:00,310015,ID002,WA001,"",102,9999A,TX001,16,2025-05-23 00:00:00
233486-1-1-104,Order,2025-05-29 00:00:00,310015,ID002,WA001,"",102,9999A,TX001,16,2025-05-23 00:00:00
233486-1-1-105,Order,2025-05-29 00:00:00,310015,ID002,WA001,"",102,9999A,TX001,16,2025-05-23 00:00:00
233486-1-1-106,Order,2025-05-29 00:00:00,310015,ID002,WA001,"",102,9999A,TX001,16,2025-05-23 00:00:00
233486-1-1-107,Order,2025-05-29 00:00:00,310015,ID002,WA001,"",102,9999A,TX001,16,2025-05-23 00:00:00
233486-1-1-108,Order,2025-05-29 00:00:00,310015,ID002,WA001,"",102,9999A,TX001,16,2025-05-23 00:00:00
233486-1-1-109,Order,2025-05-29 00:00:00,310015,ID002,WA001,"",102,9999A,TX001,16,2025-05-23 00:00:00
233486-1-1-110,Order,2025-05-29 00:00:00,310015,ID002,WA001,"",102,9999A,TX001,16,2025-05-23 00:00:00
233487-1-1-101,Order,2025-05-27 00:00:00,310015,ID002,WA001,"",102,9999A,TX001,16,2025-05-21 00:00:00
233487-1-1-102,Order,2025-05-27 00:00:00,310015,ID002,WA001,"",102,9999A,TX001,16,2025-05-21 00:00:00
233487-1-1-103,Order,2025-05-27 00:00:00,310015,ID002,WA001,"",102,9999A,TX001,16,2025-05-21 00:00:00
233487-1-1-104,Order,2025-05-27 00:00:00,310015,ID002,WA001,"",102,9999A,TX001,16,2025-05-21 00:00:00
233487-1-1-105,Order,2025-05-27 00:00:00,310015,ID002,WA001,"",102,9999A,TX001,16,2025-05-21 00:00:00
233491-1-1-101,Order,2025-06-01 00:00:00,310015,ID002,WA001,"",102,9999A,MEX002,21.00009071940488,2025-05-20 00:00:00
233491-1-1-102,Order,2025-05-29 00:00:00,310015,ID002,WA001,"",102,9999A,TX001,21.00009071940488,2025-05-20 00:00:00
233491-1-1-103,Order,2025-05-29 00:00:00,310015,ID002,WA001,"",102,9999A,TX001,21.00009071940488,2025-05-20 00:00:00
233491-1-1-104,Order,2025-05-29 00:00:00,310015,ID002,WA001,"",102,9999A,TX001,21.00009071940488,2025-05-20 00:00:00
233491-1-1-105,Order,2025-05-29 00:00:00,310015,ID002,WA001,"",102,9999A,TX001,21.00009071940488,2025-05-20 00:00:00
233492-1-1-101,Order,2025-05-29 00:00:00,310015,ID002,WA001,"",102,9999A,TX001,21.00009071940488,2025-05-22 00:00:00
233492-1-1-102,Order,2025-05-29 00:00:00,310015,ID002,WA001,"",102,9999A,TX001,21.00009071940488,2025-05-22 00:00:00
233492-1-1-103,Order,2025-05-29 00:00:00,310015,ID002,WA001,"",102,9999A,TX001,21.00009071940488,2025-05-22 00:00:00
233492-1-1-104,Order,2025-05-29 00:00:00,310015,ID002,WA001,"",102,9999A,TX001,21.00009071940488,2025-05-22 00:00:00
233492-1-1-105,Order,2025-05-29 00:00:00,310015,ID002,WA001,"",102,9999A,TX001,21.00009071940488,2025-05-22 00:00:00
233492-1-1-106,Order,2025-05-29 00:00:00,310015,ID002,WA001,"",102,9999A,TX001,21.00009071940488,2025-05-22 00:00:00
233492-1-1-107,Order,2025-05-29 00:00:00,310015,ID002,WA001,"",102,9999A,TX001,20.999727841785358,2025-05-22 00:00:00
233492-1-1-108,Order,2025-05-29 00:00:00,310015,ID002,WA001,"",102,9999A,TX001,20.999727841785358,2025-05-22 00:00:00
233492-1-1-109,Order,2025-05-29 00:00:00,310015,ID002,WA001,"",102,9999A,TX001,20.999727841785358,2025-05-22 00:00:00
233492-1-1-110,Order,2025-05-29 00:00:00,310015,ID002,WA001,"",102,9999A,TX001,20.999727841785358,2025-05-22 00:00:00
233493-1-1-101,Order,2025-06-28 00:00:00,310726,WA003,"","",101,9999E,TX001,21.00009071940488,2025-05-22 00:00:00
233493-1-2,Contract,2025-08-01 00:00:00,310726,WA003,"","",101,9999E,TX001,21.000190510750244,
233497-1-1-101,Order,2025-05-31 00:00:00,310015,ID002,"","",102,9999A,ID002,14.999909280595118,2025-05-27 00:00:00
233498-1-1-101,Order,2025-06-28 00:00:00,310015,ID002,WA001,"",102,9999A,TX001,21.00009071940488,2025-05-22 00:00:00
233499-1-1,Contract,2025-10-01 00:00:00,310726,WA003,"","",101,9999E,TX001,21.000190510750244,
233499-1-2,Contract,2025-11-01 00:00:00,310726,WA003,"","",101,9999E,TX001,21.000190510750244,
233499-1-3,Contract,2026-01-01 00:00:00,310726,WA003,"","",101,9999E,TX001,21.000190510750244,
233504-1-1-101,Order,2025-05-28 00:00:00,310015,ID002,"","",102,9999A,ID010,14.999909280595118,2025-05-22 00:00:00
233504-1-1-102,Order,2025-05-28 00:00:00,310015,ID002,"","",102,9999A,ID010,14.999909280595118,2025-05-22 00:00:00
233504-1-1-103,Order,2025-05-28 00:00:00,310015,ID002,"","",102,9999A,ID010,14.999909280595118,2025-05-22 00:00:00
233504-1-1-104,Order,2025-05-28 00:00:00,310015,ID002,"","",102,9999A,ID010,14.999909280595118,2025-05-22 00:00:00
233504-1-1-105,Order,2025-05-28 00:00:00,310015,ID002,"","",102,9999A,ID010,14.999909280595118,2025-05-22 00:00:00
233504-1-1-106,Order,2025-05-28 00:00:00,310015,ID002,"","",102,9999A,ID010,14.999909280595118,2025-05-22 00:00:00
233504-1-1-107,Order,2025-05-28 00:00:00,310015,ID002,"","",102,9999A,ID010,14.999909280595118,2025-05-22 00:00:00
233504-1-1-108,Order,2025-05-28 00:00:00,310015,ID002,"","",102,9999A,ID010,14.999909280595118,2025-05-22 00:00:00
233504-1-1-109,Order,2025-05-28 00:00:00,310015,ID002,"","",102,9999A,ID010,14.999909280595118,2025-05-22 00:00:00
233504-1-1-110,Order,2025-05-28 00:00:00,310015,ID002,"","",102,9999A,ID010,14.999909280595118,2025-05-22 00:00:00
233506-1-2,Contract,2025-06-01 00:00:00,310726,WA002,"","",102,9999A,WA011,1.000009071940488,
233506-1-2-101,Order,2025-06-06 00:00:00,310726,WA002,"","",102,9999A,WA011,15.200217726571713,2025-05-30 00:00:00
233507-1-1-101,Order,2025-06-01 00:00:00,310015,ID002,WA001,"",102,9999A,MEX002,20,2025-05-23 00:00:00
233508-1-1-101,Order,2025-07-08 00:00:00,310015,WA001,"","",102,9999A,WA001,16,2025-06-04 00:00:00
233508-1-1-102,Order,2025-07-08 00:00:00,310015,WA001,"","",102,9999A,WA001,16,2025-06-04 00:00:00
233508-1-1-103,Order,2025-07-08 00:00:00,310015,WA001,"","",102,9999A,WA001,16,2025-06-04 00:00:00
233508-1-1-104,Order,2025-07-08 00:00:00,310015,WA001,"","",102,9999A,WA001,16,2025-06-04 00:00:00
233508-1-1-105,Order,2025-07-08 00:00:00,310015,WA001,"","",102,9999A,WA001,16,2025-06-04 00:00:00
233508-1-1-106,Order,2025-07-08 00:00:00,310015,WA001,"","",102,9999A,WA001,16,2025-06-04 00:00:00
233508-1-1-107,Order,2025-07-08 00:00:00,310015,WA001,"","",102,9999A,WA001,16,2025-06-04 00:00:00
233508-1-1-108,Order,2025-07-08 00:00:00,310015,WA001,"","",102,9999A,WA001,16,2025-06-04 00:00:00
233508-1-1-109,Order,2025-07-08 00:00:00,310015,WA001,"","",102,9999A,WA001,16,2025-06-04 00:00:00
233508-1-1-110,Order,2025-07-08 00:00:00,310015,WA001,"","",102,9999A,WA001,16,2025-06-04 00:00:00
233508-1-1-111,Order,2025-07-08 00:00:00,310015,WA001,"","",102,9999A,WA001,16,2025-06-04 00:00:00
233508-1-1-112,Order,2025-07-08 00:00:00,310015,WA001,"","",102,9999A,WA001,16,2025-06-04 00:00:00
233508-1-1-113,Order,2025-07-08 00:00:00,310015,WA001,"","",102,9999A,WA001,16,2025-06-04 00:00:00
233508-1-1-114,Order,2025-07-08 00:00:00,310015,WA001,"","",102,9999A,WA001,16,2025-06-04 00:00:00
233508-1-1-115,Order,2025-07-08 00:00:00,310015,WA001,"","",102,9999A,WA001,16,2025-06-04 00:00:00
233509-1-1-101,Order,2025-06-08 00:00:00,310724,ID002,"","",101,9999E,ID010,14.999909280595118,2025-05-28 00:00:00
233509-1-1-102,Order,2025-06-08 00:00:00,310724,ID002,"","",101,9999E,ID010,14.999909280595118,2025-05-28 00:00:00
233509-1-1-103,Order,2025-06-08 00:00:00,310724,ID002,"","",101,9999E,ID010,14.999909280595118,2025-05-28 00:00:00
233509-1-1-104,Order,2025-06-08 00:00:00,310724,ID002,"","",101,9999E,ID010,14.999909280595118,2025-05-28 00:00:00
233509-1-1-105,Order,2025-06-08 00:00:00,310724,ID002,"","",101,9999E,ID010,14.999909280595118,2025-05-28 00:00:00
233509-1-1-106,Order,2025-06-08 00:00:00,310724,ID002,"","",101,9999E,ID010,14.999909280595118,2025-05-28 00:00:00
233509-1-1-107,Order,2025-06-08 00:00:00,310724,ID002,"","",101,9999E,ID010,14.999909280595118,2025-05-28 00:00:00
233509-1-1-108,Order,2025-06-08 00:00:00,310724,ID002,"","",101,9999E,ID010,14.999909280595118,2025-05-28 00:00:00
233509-1-1-109,Order,2025-06-08 00:00:00,310724,ID002,"","",101,9999E,ID010,14.999909280595118,2025-05-28 00:00:00
233509-1-1-110,Order,2025-06-08 00:00:00,310724,ID002,"","",101,9999E,ID010,14.999909280595118,2025-05-28 00:00:00
233509-1-1-111,Order,2025-06-08 00:00:00,310724,ID002,"","",101,9999E,ID010,14.999909280595118,2025-05-28 00:00:00
233509-1-1-112,Order,2025-06-08 00:00:00,310724,ID002,"","",101,9999E,ID010,14.999909280595118,2025-05-28 00:00:00
233509-1-1-113,Order,2025-06-08 00:00:00,310724,ID002,"","",101,9999E,ID010,14.999909280595118,2025-05-28 00:00:00
233509-1-1-114,Order,2025-06-08 00:00:00,310724,ID002,"","",101,9999E,ID010,14.999909280595118,2025-05-28 00:00:00
233509-1-1-115,Order,2025-06-08 00:00:00,310724,ID002,"","",101,9999E,ID010,14.999909280595118,2025-05-28 00:00:00
233509-1-1-116,Order,2025-06-08 00:00:00,310724,ID002,"","",101,9999E,ID010,14.999909280595118,2025-05-28 00:00:00
233509-1-1-117,Order,2025-06-08 00:00:00,310724,ID002,"","",101,9999E,ID010,14.999909280595118,2025-05-28 00:00:00
233509-1-1-118,Order,2025-06-08 00:00:00,310724,ID002,"","",101,9999E,ID010,14.999909280595118,2025-05-28 00:00:00
233509-1-1-119,Order,2025-06-08 00:00:00,310724,ID002,"","",101,9999E,ID010,14.999909280595118,2025-05-28 00:00:00
233509-1-1-120,Order,2025-06-08 00:00:00,310724,ID002,"","",101,9999E,ID010,14.999909280595118,2025-05-28 00:00:00
233510-1-1-101,Order,2025-06-09 00:00:00,310015,ID002,"","",101,3123A,ID002,14.999909280595118,2025-06-02 00:00:00
233510-1-1-102,Order,2025-06-10 00:00:00,310015,ID002,"","",101,3123A,ID002,14.999909280595118,2025-06-02 00:00:00
233510-1-1-103,Order,2025-06-11 00:00:00,310015,ID002,"","",101,3123A,ID002,14.999909280595118,2025-06-02 00:00:00
233510-1-1-104,Order,2025-06-18 00:00:00,310015,ID002,"","",101,3123A,ID002,14.999909280595118,2025-06-02 00:00:00
233510-1-1-105,Order,2025-06-19 00:00:00,310015,ID002,"","",101,3123A,ID002,14.999909280595118,2025-06-02 00:00:00
233510-1-1-106,Order,2025-06-20 00:00:00,310015,ID002,"","",101,3123A,ID002,14.999909280595118,2025-06-02 00:00:00
233510-1-1-107,Order,2025-06-23 00:00:00,310015,ID002,"","",101,3123A,ID002,14.999909280595118,2025-06-02 00:00:00
233510-1-1-108,Order,2025-06-24 00:00:00,310015,ID002,"","",101,3123A,ID002,14.999909280595118,2025-06-02 00:00:00
233510-1-1-109,Order,2025-06-25 00:00:00,310015,ID002,"","",101,3123A,ID002,14.999909280595118,2025-06-02 00:00:00
233510-1-1-110,Order,2025-06-26 00:00:00,310015,ID002,"","",101,3123A,ID002,14.999909280595118,2025-06-02 00:00:00
233510-1-1-111,Order,2025-06-27 00:00:00,310015,ID002,"","",101,3123A,ID002,14.999909280595118,2025-06-02 00:00:00
233510-1-1-112,Order,2025-06-30 00:00:00,310015,ID002,"","",101,3123A,ID002,14.999909280595118,2025-06-02 00:00:00
233510-1-1-113,Order,2025-06-30 00:00:00,310015,ID002,"","",101,3123A,ID002,14.999909280595118,2025-06-02 00:00:00
233510-1-1-115,Order,2025-06-30 00:00:00,310015,ID002,"","",101,3123A,ID002,14.999909280595118,2025-06-02 00:00:00
233510-1-1-116,Order,2025-06-06 00:00:00,310015,ID002,"","",101,3123A,ID002,14.999909280595118,2025-06-04 00:00:00
233510-1-1-117,Order,2025-06-06 00:00:00,310015,ID002,"","",101,3123A,ID002,14.999909280595118,2025-06-04 00:00:00
233510-1-1-118,Order,2025-06-06 00:00:00,310015,ID002,"","",101,3123A,ID002,14.999909280595118,2025-06-04 00:00:00
233510-1-1-119,Order,2025-06-09 00:00:00,310015,ID002,"","",101,3123A,ID002,14.999909280595118,2025-06-04 00:00:00
233510-1-1-120,Order,2025-06-10 00:00:00,310015,ID002,"","",101,3123A,ID002,14.999909280595118,2025-06-04 00:00:00
233510-1-1-121,Order,2025-06-13 00:00:00,310015,ID002,"","",101,3123A,ID002,14.999909280595118,2025-06-04 00:00:00
233510-1-1-122,Order,2025-06-17 00:00:00,310015,ID002,"","",101,3123A,ID002,14.999909280595118,2025-06-04 00:00:00
233510-1-1-123,Order,2025-06-13 00:00:00,310015,ID002,"","",101,3123A,ID002,14.999909280595118,2025-06-04 00:00:00
233510-1-1-124,Order,2025-06-16 00:00:00,310015,ID002,"","",101,3123A,ID002,14.999909280595118,2025-06-04 00:00:00
233510-1-1-125,Order,2025-06-17 00:00:00,310015,ID002,"","",101,3123A,ID002,14.999909280595118,2025-06-04 00:00:00
233510-1-1-126,Order,2025-06-20 00:00:00,310015,ID002,"","",101,3123A,ID002,14.999909280595118,2025-06-04 00:00:00
233510-1-1-127,Order,2025-06-20 00:00:00,310015,ID002,"","",101,3123A,ID002,14.999909280595118,2025-06-04 00:00:00
233510-1-1-128,Order,2025-06-20 00:00:00,310015,ID002,"","",101,3123A,ID002,14.999909280595118,2025-06-04 00:00:00
233510-1-1-129,Order,2025-06-23 00:00:00,310015,ID002,"","",101,3123A,ID002,14.999909280595118,2025-06-04 00:00:00
233510-1-1-130,Order,2025-06-24 00:00:00,310015,ID002,"","",101,3123A,ID002,14.999909280595118,2025-06-04 00:00:00
233511-1-1-101,Order,2025-06-27 00:00:00,310086,ID002,"","",101,3139A,ID010,19,2025-05-23 00:00:00
233511-1-1-102,Order,2025-06-27 00:00:00,310086,ID002,"","",101,3139A,ID010,19,2025-05-23 00:00:00
233511-1-1-103,Order,2025-06-27 00:00:00,310086,ID002,"","",101,3139A,ID010,19,2025-05-23 00:00:00
233511-1-1-104,Order,2025-06-27 00:00:00,310086,ID002,"","",101,3139A,ID010,19,2025-05-23 00:00:00
233511-1-1-105,Order,2025-06-27 00:00:00,310086,ID002,"","",101,3139A,ID010,19,2025-05-23 00:00:00
233513-1-1-101,Order,2025-07-10 00:00:00,310726,WA003,"","",101,9999E,WA007,20,2025-05-28 00:00:00
233518-1-1-101,Order,2025-06-03 00:00:00,310724,WA002,"","",102,9999E,WA011,20,2025-05-27 00:00:00
233521-1-1-101,Order,2025-06-24 00:00:00,310726,WA002,WA003,"",101,9999E,WA007,60,2025-06-04 00:00:00
233521-1-1-102,Order,2025-07-08 00:00:00,310726,WA002,WA003,"",101,9999E,WA007,60,2025-06-04 00:00:00
233522-1-1-101,Order,2025-06-28 00:00:00,310726,WA002,WA003,"",101,9999E,WA007,140,2025-06-04 00:00:00
233522-1-1-102,Order,2025-07-12 00:00:00,310726,WA002,WA003,"",101,9999E,WA007,140,2025-06-04 00:00:00
233527-1-1-101,Order,2025-06-09 00:00:00,310015,ID002,"","",102,9999A,ID002,14.999909280595118,2025-05-29 00:00:00
233527-1-1-102,Order,2025-06-09 00:00:00,310015,ID002,"","",102,9999A,ID002,14.999909280595118,2025-05-29 00:00:00
233527-1-1-103,Order,2025-06-09 00:00:00,310015,ID002,"","",102,9999A,ID002,14.999909280595118,2025-05-29 00:00:00
233527-1-1-104,Order,2025-06-10 00:00:00,310015,ID002,"","",102,9999A,ID002,14.999909280595118,2025-05-29 00:00:00
233527-1-1-105,Order,2025-06-10 00:00:00,310015,ID002,"","",102,9999A,ID002,14.999909280595118,2025-05-29 00:00:00
233527-1-1-106,Order,2025-06-10 00:00:00,310015,ID002,"","",102,9999A,ID002,14.999909280595118,2025-05-29 00:00:00
233527-1-1-107,Order,2025-06-11 00:00:00,310015,ID002,"","",102,9999A,ID002,14.999909280595118,2025-05-29 00:00:00
233527-1-1-108,Order,2025-06-11 00:00:00,310015,ID002,"","",102,9999A,ID002,14.999909280595118,2025-05-29 00:00:00
233527-1-1-109,Order,2025-06-11 00:00:00,310015,ID002,"","",102,9999A,ID002,14.999909280595118,2025-05-29 00:00:00
233527-1-1-110,Order,2025-06-12 00:00:00,310015,ID002,"","",102,9999A,ID002,14.999909280595118,2025-05-29 00:00:00
233527-1-1-111,Order,2025-06-12 00:00:00,310015,ID002,"","",102,9999A,ID002,14.999909280595118,2025-05-29 00:00:00
233527-1-1-112,Order,2025-06-12 00:00:00,310015,ID002,"","",102,9999A,ID002,14.999909280595118,2025-05-29 00:00:00
233527-1-1-113,Order,2025-06-13 00:00:00,310015,ID002,"","",102,9999A,ID002,14.999909280595118,2025-05-29 00:00:00
233527-1-1-114,Order,2025-06-13 00:00:00,310015,ID002,"","",102,9999A,ID002,14.999909280595118,2025-05-29 00:00:00
233527-1-1-115,Order,2025-06-13 00:00:00,310015,ID002,"","",102,9999A,ID002,15.00027215821464,2025-05-29 00:00:00
233527-1-1-116,Order,2025-06-16 00:00:00,310015,ID002,"","",102,9999A,ID002,14.999909280595118,2025-05-29 00:00:00
233527-1-1-117,Order,2025-06-16 00:00:00,310015,ID002,"","",102,9999A,ID002,14.999909280595118,2025-05-29 00:00:00
233527-1-1-118,Order,2025-06-16 00:00:00,310015,ID002,"","",102,9999A,ID002,14.999909280595118,2025-05-29 00:00:00
233527-1-1-119,Order,2025-06-17 00:00:00,310015,ID002,"","",102,9999A,ID002,14.999909280595118,2025-05-29 00:00:00
233527-1-1-120,Order,2025-06-17 00:00:00,310015,ID002,"","",102,9999A,ID002,14.999909280595118,2025-05-29 00:00:00
233527-1-1-121,Order,2025-06-12 00:00:00,310015,ID002,"","",102,9999A,ID002,14.999909280595118,2025-05-29 00:00:00
233527-1-1-122,Order,2025-06-12 00:00:00,310015,ID002,"","",102,9999A,ID002,14.999909280595118,2025-05-29 00:00:00
233527-1-1-123,Order,2025-06-12 00:00:00,310015,ID002,"","",102,9999A,ID002,14.999909280595118,2025-05-29 00:00:00
233527-1-1-124,Order,2025-06-12 00:00:00,310015,ID002,"","",102,9999A,ID002,14.999909280595118,2025-05-29 00:00:00
233527-1-1-125,Order,2025-06-12 00:00:00,310015,ID002,"","",102,9999A,ID002,14.999909280595118,2025-05-29 00:00:00
233528-1-1-101,Order,2025-06-15 00:00:00,310015,ID002,WA001,"",101,3123A,TX001,16,2025-06-03 00:00:00
233528-1-1-102,Order,2025-06-15 00:00:00,310015,ID002,WA001,"",101,3123A,TX001,16,2025-06-03 00:00:00
233528-1-1-103,Order,2025-06-15 00:00:00,310015,ID002,WA001,"",101,3123A,TX001,16,2025-06-03 00:00:00
233528-1-1-104,Order,2025-06-15 00:00:00,310015,ID002,WA001,"",101,3123A,TX001,16,2025-06-03 00:00:00
233528-1-1-105,Order,2025-06-15 00:00:00,310015,ID002,WA001,"",101,3123A,TX001,16,2025-06-03 00:00:00
233528-1-1-106,Order,2025-06-15 00:00:00,310015,ID002,WA001,"",101,3123A,TX001,16,2025-06-03 00:00:00
233528-1-1-107,Order,2025-06-15 00:00:00,310015,ID002,WA001,"",101,3123A,TX001,16,2025-06-03 00:00:00
233528-1-1-108,Order,2025-06-15 00:00:00,310015,ID002,WA001,"",101,3123A,TX001,16,2025-06-03 00:00:00
233528-1-1-109,Order,2025-06-15 00:00:00,310015,ID002,WA001,"",101,3123A,TX001,16,2025-06-03 00:00:00
233528-1-1-110,Order,2025-06-15 00:00:00,310015,ID002,WA001,"",101,3123A,TX001,16,2025-06-03 00:00:00
233529-1-1-101,Order,2025-06-01 00:00:00,310015,ID002,"","",102,9999A,MEX002,32.80014515104781,2025-05-28 00:00:00
233529-1-2-102,Order,2025-07-01 00:00:00,310015,ID002,"","",102,9999A,MEX002,8.739907466207022,2025-06-10 00:00:00
233533-1-1-101,Order,2025-06-26 00:00:00,310015,ID002,"","",102,9999A,ID002,14.999909280595118,2025-06-03 00:00:00
233533-1-1-102,Order,2025-06-26 00:00:00,310015,ID002,"","",102,9999A,ID002,14.999909280595118,2025-06-03 00:00:00
233533-1-1-103,Order,2025-06-26 00:00:00,310015,ID002,"","",102,9999A,ID002,14.999909280595118,2025-06-03 00:00:00
233533-1-1-104,Order,2025-06-26 00:00:00,310015,ID002,"","",102,9999A,ID002,14.999909280595118,2025-06-03 00:00:00
233533-1-1-105,Order,2025-06-26 00:00:00,310015,ID002,"","",102,9999A,ID002,14.999909280595118,2025-06-03 00:00:00
233533-1-1-106,Order,2025-06-26 00:00:00,310015,ID002,"","",102,9999A,ID002,14.999909280595118,2025-06-03 00:00:00
233533-1-1-107,Order,2025-06-26 00:00:00,310015,ID002,"","",102,9999A,ID002,14.999909280595118,2025-06-03 00:00:00
233533-1-1-108,Order,2025-06-26 00:00:00,310015,ID002,"","",102,9999A,ID002,14.999909280595118,2025-06-03 00:00:00
233533-1-1-109,Order,2025-06-26 00:00:00,310015,ID002,"","",102,9999A,ID002,14.999909280595118,2025-06-03 00:00:00
233533-1-1-110,Order,2025-06-26 00:00:00,310015,ID002,"","",102,9999A,ID002,14.999909280595118,2025-06-03 00:00:00
233533-1-1-111,Order,2025-06-26 00:00:00,310015,ID002,"","",102,9999A,ID002,14.999909280595118,2025-06-03 00:00:00
233533-1-1-112,Order,2025-06-26 00:00:00,310015,ID002,"","",102,9999A,ID002,14.999909280595118,2025-06-03 00:00:00
233533-1-1-113,Order,2025-06-26 00:00:00,310015,ID002,"","",102,9999A,ID002,14.999909280595118,2025-06-03 00:00:00
233533-1-1-114,Order,2025-06-26 00:00:00,310015,ID002,"","",102,9999A,ID002,14.999909280595118,2025-06-03 00:00:00
233533-1-1-115,Order,2025-06-26 00:00:00,310015,ID002,"","",102,9999A,ID002,14.999909280595118,2025-06-03 00:00:00
233533-1-1-116,Order,2025-06-26 00:00:00,310015,ID002,"","",102,9999A,ID002,14.999909280595118,2025-06-03 00:00:00
233533-1-1-117,Order,2025-06-26 00:00:00,310015,ID002,"","",102,9999A,ID002,14.999909280595118,2025-06-03 00:00:00
233533-1-1-118,Order,2025-06-26 00:00:00,310015,ID002,"","",102,9999A,ID002,14.999909280595118,2025-06-03 00:00:00
233533-1-1-119,Order,2025-06-26 00:00:00,310015,ID002,"","",102,9999A,ID002,14.999909280595118,2025-06-03 00:00:00
233533-1-1-120,Order,2025-06-26 00:00:00,310015,ID002,"","",102,9999A,ID002,14.999909280595118,2025-06-03 00:00:00
233533-1-1-121,Order,2025-06-26 00:00:00,310015,ID002,"","",102,9999A,ID002,14.999909280595118,2025-06-03 00:00:00
233533-1-1-122,Order,2025-06-26 00:00:00,310015,ID002,"","",102,9999A,ID002,14.999909280595118,2025-06-03 00:00:00
233533-1-1-123,Order,2025-06-26 00:00:00,310015,ID002,"","",102,9999A,ID002,14.999909280595118,2025-06-03 00:00:00
233533-1-1-124,Order,2025-06-26 00:00:00,310015,ID002,"","",102,9999A,ID002,14.999909280595118,2025-06-03 00:00:00
233533-1-1-125,Order,2025-06-26 00:00:00,310015,ID002,"","",102,9999A,ID002,14.999909280595118,2025-06-03 00:00:00
233533-1-1-126,Order,2025-06-26 00:00:00,310015,ID002,"","",102,9999A,ID002,14.999909280595118,2025-06-03 00:00:00
233533-1-1-127,Order,2025-06-26 00:00:00,310015,ID002,"","",102,9999A,ID002,14.999909280595118,2025-06-03 00:00:00
233533-1-1-128,Order,2025-06-26 00:00:00,310015,ID002,"","",102,9999A,ID002,14.999909280595118,2025-06-03 00:00:00
233533-1-1-129,Order,2025-06-26 00:00:00,310015,ID002,"","",102,9999A,ID002,14.999909280595118,2025-06-03 00:00:00
233533-1-1-130,Order,2025-06-26 00:00:00,310015,ID002,"","",102,9999A,ID002,14.999909280595118,2025-06-03 00:00:00
233533-1-1-131,Order,2025-06-26 00:00:00,310015,ID002,"","",102,9999A,ID002,14.999909280595118,2025-06-03 00:00:00
233533-1-1-132,Order,2025-06-26 00:00:00,310015,ID002,"","",102,9999A,ID002,14.999909280595118,2025-06-03 00:00:00
233533-1-1-133,Order,2025-06-26 00:00:00,310015,ID002,"","",102,9999A,ID002,14.999909280595118,2025-06-03 00:00:00
233533-1-1-134,Order,2025-06-26 00:00:00,310015,ID002,"","",102,9999A,ID002,14.999909280595118,2025-06-03 00:00:00
233533-1-1-135,Order,2025-06-26 00:00:00,310015,ID002,"","",102,9999A,ID002,14.999909280595118,2025-06-03 00:00:00
233533-1-1-136,Order,2025-06-26 00:00:00,310015,ID002,"","",102,9999A,ID002,14.999909280595118,2025-06-03 00:00:00
233533-1-1-137,Order,2025-06-26 00:00:00,310015,ID002,"","",102,9999A,ID002,14.999909280595118,2025-06-03 00:00:00
233534-1-1-101,Order,2025-06-28 00:00:00,310015,ID002,WA001,"",102,9999A,TX001,21.00009071940488,2025-05-30 00:00:00
233534-1-1-102,Order,2025-06-28 00:00:00,310015,ID002,WA001,"",102,9999A,TX001,21.00009071940488,2025-05-30 00:00:00
233534-1-1-103,Order,2025-06-28 00:00:00,310015,ID002,WA001,"",102,9999A,TX001,21.00009071940488,2025-05-30 00:00:00
233534-1-1-104,Order,2025-06-28 00:00:00,310015,ID002,WA001,"",102,9999A,TX001,21.00009071940488,2025-05-30 00:00:00
233534-1-1-105,Order,2025-06-28 00:00:00,310015,ID002,WA001,"",102,9999A,TX001,21.00009071940488,2025-05-30 00:00:00
233538-1-1-101,Order,2025-06-27 00:00:00,310086,ID002,"","",101,3139A,ID010,19,2025-06-02 00:00:00
233538-1-1-102,Order,2025-06-27 00:00:00,310086,ID002,"","",101,3139A,ID010,19,2025-06-02 00:00:00
233538-1-1-103,Order,2025-06-27 00:00:00,310086,ID002,"","",101,3139A,ID010,19,2025-06-02 00:00:00
233538-1-1-104,Order,2025-06-27 00:00:00,310086,ID002,"","",101,3139A,ID010,19,2025-06-02 00:00:00
233538-1-1-105,Order,2025-06-27 00:00:00,310086,ID002,"","",101,3139A,ID010,19,2025-06-02 00:00:00
233539-1-1-101,Order,2025-06-28 00:00:00,310015,ID002,WA001,"",102,9999A,TX001,21.00009071940488,2025-06-02 00:00:00
233539-1-1-102,Order,2025-06-28 00:00:00,310015,ID002,WA001,"",102,9999A,TX001,21.00009071940488,2025-06-02 00:00:00
233539-1-1-103,Order,2025-06-28 00:00:00,310015,ID002,WA001,"",102,9999A,TX001,21.00009071940488,2025-06-02 00:00:00
233539-1-1-104,Order,2025-06-28 00:00:00,310015,ID002,WA001,"",102,9999A,TX001,21.00009071940488,2025-06-02 00:00:00
233539-1-1-105,Order,2025-06-28 00:00:00,310015,ID002,WA001,"",102,9999A,TX001,21.00009071940488,2025-06-02 00:00:00
233539-1-1-106,Order,2025-06-28 00:00:00,310015,ID002,WA001,"",102,9999A,TX001,21.00009071940488,2025-06-02 00:00:00
233539-1-1-107,Order,2025-06-28 00:00:00,310015,ID002,WA001,"",102,9999A,TX001,21.00009071940488,2025-06-02 00:00:00
233539-1-1-108,Order,2025-06-28 00:00:00,310015,ID002,WA001,"",102,9999A,TX001,21.00009071940488,2025-06-02 00:00:00
233539-1-1-109,Order,2025-06-28 00:00:00,310015,ID002,WA001,"",102,9999A,TX001,21.00009071940488,2025-06-02 00:00:00
233539-1-1-110,Order,2025-06-28 00:00:00,310015,ID002,WA001,"",102,9999A,TX001,21.00009071940488,2025-06-02 00:00:00
233539-1-1-111,Order,2025-06-28 00:00:00,310015,ID002,WA001,"",102,9999A,TX001,21.00009071940488,2025-06-02 00:00:00
233539-1-1-112,Order,2025-06-28 00:00:00,310015,ID002,WA001,"",102,9999A,TX001,21.00009071940488,2025-06-02 00:00:00
233557-1-1-101,Order,2025-09-14 00:00:00,310015,WA001,"","",102,9999A,WA001,2.0001814388097614,2025-06-03 00:00:00
233563-1-1-101,Order,2025-07-19 00:00:00,310015,WA001,"","",102,9999A,WA001,14.999909280595118,2025-06-05 00:00:00
233563-1-1-102,Order,2025-07-19 00:00:00,310015,WA001,"","",102,9999A,WA001,14.999909280595118,2025-06-05 00:00:00
233563-1-1-103,Order,2025-07-19 00:00:00,310015,WA001,"","",102,9999A,WA001,14.999909280595118,2025-06-05 00:00:00
233563-1-1-104,Order,2025-07-26 00:00:00,310015,WA001,"","",102,9999A,WA001,14.999909280595118,2025-06-05 00:00:00
233563-1-1-105,Order,2025-07-26 00:00:00,310015,WA001,"","",102,9999A,WA001,14.999909280595118,2025-06-05 00:00:00
233563-1-1-106,Order,2025-07-26 00:00:00,310015,WA001,"","",102,9999A,WA001,14.999909280595118,2025-06-05 00:00:00
233563-1-1-107,Order,2025-08-01 00:00:00,310015,WA001,"","",102,9999A,WA001,14.999909280595118,2025-06-05 00:00:00
233563-1-1-108,Order,2025-08-01 00:00:00,310015,WA001,"","",102,9999A,WA001,14.999909280595118,2025-06-05 00:00:00
233563-1-1-109,Order,2025-08-01 00:00:00,310015,WA001,"","",102,9999A,WA001,14.999909280595118,2025-06-05 00:00:00
233563-1-1-110,Order,2025-08-01 00:00:00,310015,WA001,"","",102,9999A,WA001,14.999909280595118,2025-06-05 00:00:00
233580-1-1-101,Order,2025-06-23 00:00:00,310724,WA002,"","",102,9999A,WA007,18.00018143880976,2025-06-10 00:00:00
233580-1-1-102,Order,2025-06-23 00:00:00,310724,WA002,"","",102,9999A,WA007,18.00018143880976,2025-06-10 00:00:00
233580-1-1-103,Order,2025-06-23 00:00:00,310724,WA002,"","",102,9999A,WA007,18.00018143880976,2025-06-10 00:00:00
233580-1-1-104,Order,2025-06-23 00:00:00,310724,WA002,"","",102,9999A,WA007,18.00018143880976,2025-06-10 00:00:00
233580-1-1-105,Order,2025-06-23 00:00:00,310724,WA002,"","",102,9999A,WA007,18.00018143880976,2025-06-10 00:00:00
233580-1-1-106,Order,2025-06-23 00:00:00,310724,WA002,"","",102,9999A,WA007,18.00018143880976,2025-06-10 00:00:00
233580-1-1-107,Order,2025-06-23 00:00:00,310724,WA002,"","",102,9999A,WA007,18.00018143880976,2025-06-10 00:00:00
233580-1-1-108,Order,2025-06-23 00:00:00,310724,WA002,"","",102,9999A,WA007,18.00018143880976,2025-06-10 00:00:00
233580-1-1-109,Order,2025-06-23 00:00:00,310724,WA002,"","",102,9999A,WA007,18.00018143880976,2025-06-10 00:00:00
233581-1-1-101,Order,2025-06-17 00:00:00,310724,WA002,"","",102,9999E,WA011,20,2025-06-09 00:00:00
233583-1-1-102,Order,2025-06-09 00:00:00,310018,WA001,"","",102,9999A,WA001,2.0001814388097614,2025-06-09 00:00:00
233584-1-1-101,Order,2025-07-09 00:00:00,310015,ID002,"","",102,9999A,ID002,16,2025-06-13 00:00:00
233584-1-1-102,Order,2025-07-09 00:00:00,310015,ID002,"","",102,9999A,ID002,16,2025-06-13 00:00:00
233584-1-1-103,Order,2025-07-09 00:00:00,310015,ID002,"","",102,9999A,ID002,16,2025-06-13 00:00:00
233584-1-1-104,Order,2025-07-09 00:00:00,310015,ID002,"","",102,9999A,ID002,16,2025-06-13 00:00:00
233584-1-1-105,Order,2025-07-09 00:00:00,310015,ID002,"","",102,9999A,ID002,16,2025-06-13 00:00:00
233584-1-1-106,Order,2025-07-09 00:00:00,310015,ID002,"","",102,9999A,ID002,16,2025-06-13 00:00:00
233584-1-1-107,Order,2025-07-09 00:00:00,310015,ID002,"","",102,9999A,ID002,16,2025-06-13 00:00:00
233584-1-1-108,Order,2025-07-09 00:00:00,310015,ID002,"","",102,9999A,ID002,16,2025-06-13 00:00:00
233584-1-1-109,Order,2025-07-09 00:00:00,310015,ID002,"","",102,9999A,ID002,16,2025-06-13 00:00:00
233584-1-1-110,Order,2025-07-09 00:00:00,310015,ID002,"","",102,9999A,ID002,16,2025-06-13 00:00:00
233585-1-1-101,Order,2025-06-14 00:00:00,310724,WA003,"","",102,9999A,WA007,12,2025-06-10 00:00:00
233585-1-1-102,Order,2025-06-14 00:00:00,310724,WA003,"","",102,9999A,WA007,12,2025-06-10 00:00:00
233594-1-1-101,Order,2025-06-27 00:00:00,310015,ID002,"","",102,9999E,ID002,14.999909280595118,2025-06-13 00:00:00
233594-1-1-102,Order,2025-06-27 00:00:00,310015,ID002,"","",102,9999E,ID002,14.999909280595118,2025-06-13 00:00:00
233594-1-1-103,Order,2025-06-27 00:00:00,310015,ID002,"","",102,9999E,ID002,14.999909280595118,2025-06-13 00:00:00
233594-1-1-104,Order,2025-06-27 00:00:00,310015,ID002,"","",102,9999E,ID002,14.999909280595118,2025-06-13 00:00:00
233594-1-1-105,Order,2025-06-27 00:00:00,310015,ID002,"","",102,9999E,ID002,14.999909280595118,2025-06-13 00:00:00
233595-1-1-101,Order,2025-06-20 00:00:00,310726,WA002,"","",102,9999A,WA002,14.999909280595118,2025-06-12 00:00:00
233595-1-1-102,Order,2025-06-20 00:00:00,310726,WA002,"","",102,9999A,WA002,14.999909280595118,2025-06-12 00:00:00
233595-1-1-103,Order,2025-06-20 00:00:00,310726,WA002,"","",102,9999A,WA002,14.999909280595118,2025-06-12 00:00:00
233595-1-1-104,Order,2025-06-20 00:00:00,310726,WA002,"","",102,9999A,WA002,14.999909280595118,2025-06-12 00:00:00
233595-1-1-105,Order,2025-06-20 00:00:00,310726,WA002,"","",102,9999A,WA002,14.999909280595118,2025-06-12 00:00:00
233595-1-1-106,Order,2025-06-20 00:00:00,310726,WA002,"","",102,9999A,WA002,14.999909280595118,2025-06-12 00:00:00
233595-1-1-107,Order,2025-06-20 00:00:00,310726,WA002,"","",102,9999A,WA002,14.999909280595118,2025-06-12 00:00:00
233595-1-1-108,Order,2025-06-20 00:00:00,310726,WA002,"","",102,9999A,WA002,14.999909280595118,2025-06-12 00:00:00
233595-1-1-109,Order,2025-06-20 00:00:00,310726,WA002,"","",102,9999A,WA002,14.999909280595118,2025-06-12 00:00:00
233595-1-1-110,Order,2025-06-20 00:00:00,310726,WA002,"","",102,9999A,WA002,14.999909280595118,2025-06-12 00:00:00
233595-1-1-111,Order,2025-06-20 00:00:00,310726,WA002,"","",102,9999A,WA002,14.999909280595118,2025-06-12 00:00:00
233595-1-1-121,Order,2025-06-13 00:00:00,310726,WA002,"","",102,9999A,WA002,14.999909280595118,2025-06-12 00:00:00
233595-1-1-122,Order,2025-06-13 00:00:00,310726,WA002,"","",102,9999A,WA002,14.999909280595118,2025-06-12 00:00:00
233595-1-1-123,Order,2025-06-13 00:00:00,310726,WA002,"","",102,9999A,WA002,14.999909280595118,2025-06-12 00:00:00
233595-1-1-124,Order,2025-06-13 00:00:00,310726,WA002,"","",102,9999A,WA002,14.999909280595118,2025-06-12 00:00:00
233595-1-1-125,Order,2025-06-13 00:00:00,310726,WA002,"","",102,9999A,WA002,14.999909280595118,2025-06-12 00:00:00
233595-1-1-126,Order,2025-06-13 00:00:00,310726,WA002,"","",102,9999A,WA002,14.999909280595118,2025-06-12 00:00:00
233595-1-1-127,Order,2025-06-13 00:00:00,310726,WA002,"","",102,9999A,WA002,14.999909280595118,2025-06-12 00:00:00
233595-1-1-128,Order,2025-06-13 00:00:00,310726,WA002,"","",102,9999A,WA002,14.999909280595118,2025-06-12 00:00:00
233595-1-1-129,Order,2025-06-13 00:00:00,310726,WA002,"","",102,9999A,WA002,14.999909280595118,2025-06-12 00:00:00
233603-1-1-102,Order,2025-06-27 00:00:00,310015,WA001,"","",102,9999A,WA001,14.999909280595118,2025-06-13 00:00:00
EDI141670,Order,2025-06-04 00:00:00,310002,WA001,"","",102,9999A,WA001,14.999909280595118,2025-05-29 00:00:00
