Sum of AGE,Sum of Inventory LBS,Sum of Inventory Pallets,ITEM_NUMBER,LOT_NO,QC_GRADE,PRODUCTION_PLANT,SPEC,WHSE_CODE,SUBLOT_NO,ALLOCATED_ORDER_NUM
2,2755.75,1,310726,1022435653,101,WA003,3005WGUM-3007DRYGUM-3007S-3025S-3033A-3035A-9999A-9999E,WA011,300813577,""
2,2755.75,1,310726,1022435653,101,WA003,3005WGUM-3007DRYGUM-3007S-3025S-3033A-3035A-9999A-9999E,WA011,300813578,""
2,2755.75,1,310726,1022435653,101,WA003,3005WGUM-3007DRYGUM-3007S-3025S-3033A-3035A-9999A-9999E,WA011,300813579,""
2,2755.75,1,310726,1022435653,101,WA003,3005WGUM-3007DRYGUM-3007S-3025S-3033A-3035A-9999A-9999E,WA011,300813580,""
2,2755.75,1,310726,1022435653,101,WA003,3005WGUM-3007DRYGUM-3007S-3025S-3033A-3035A-9999A-9999E,WA011,300813672,""
2,2755.75,1,310726,1022435653,101,WA003,3005WGUM-3007DRYGUM-3007S-3025S-3033A-3035A-9999A-9999E,WA011,300813673,""
2,2755.75,1,310726,1022435654,101,WA003,3005WGUM-3007DRYGUM-3007FO-3007S-3025S-3033A-3035A-9999A-9999E,WA011,300813680,""
2,2755.75,1,310726,1022435654,101,WA003,3005WGUM-3007DRYGUM-3007FO-3007S-3025S-3033A-3035A-9999A-9999E,WA011,300813681,""
2,2755.75,1,310726,1022435654,101,WA003,3005WGUM-3007DRYGUM-3007FO-3007S-3025S-3033A-3035A-9999A-9999E,WA011,300813688,""
2,2755.75,1,310726,1022435654,101,WA003,3005WGUM-3007DRYGUM-3007FO-3007S-3025S-3033A-3035A-9999A-9999E,WA011,300813689,""
2,2755.75,1,310726,1022435654,101,WA003,3005WGUM-3007DRYGUM-3007FO-3007S-3025S-3033A-3035A-9999A-9999E,WA011,300813723,""
2,2755.75,1,310726,1022435654,101,WA003,3005WGUM-3007DRYGUM-3007FO-3007S-3025S-3033A-3035A-9999A-9999E,WA011,300813724,""
2,2755.75,1,310726,1022435654,101,WA003,3005WGUM-3007DRYGUM-3007FO-3007S-3025S-3033A-3035A-9999A-9999E,WA011,300813727,""
2,2755.75,1,310726,1022435654,101,WA003,3005WGUM-3007DRYGUM-3007FO-3007S-3025S-3033A-3035A-9999A-9999E,WA011,300813729,""
2,2755.75,1,310726,1022435655,101,WA003,3005WGUM-3007DRYGUM-3007FO-3007S-3025S-3033A-3035A-9999A-9999E,WA011,300813792,""
2,2755.75,1,310726,1022435655,101,WA003,3005WGUM-3007DRYGUM-3007FO-3007S-3025S-3033A-3035A-9999A-9999E,WA011,300813793,""
2,2755.75,1,310726,1022435655,101,WA003,3005WGUM-3007DRYGUM-3007FO-3007S-3025S-3033A-3035A-9999A-9999E,WA011,300813794,""
2,2755.75,1,310726,1022435655,101,WA003,3005WGUM-3007DRYGUM-3007FO-3007S-3025S-3033A-3035A-9999A-9999E,WA011,300813795,""
2,2755.75,1,310726,1022435655,101,WA003,3005WGUM-3007DRYGUM-3007FO-3007S-3025S-3033A-3035A-9999A-9999E,WA011,300813796,""
2,2755.75,1,310726,1022435655,101,WA003,3005WGUM-3007DRYGUM-3007FO-3007S-3025S-3033A-3035A-9999A-9999E,WA011,300813818,""
6,2755.75,1,310726,1012434612,101,WA002,3015A-3035A-9999A-9999C-9999E,WA011,300797808,""
7,2755.75,1,310726,1022514951,101,WA003,3007S-3025S-3033A-3035A-9999A-9999E,WA003,301032396,""
7,2755.75,1,310726,1022514951,101,WA003,3007S-3025S-3033A-3035A-9999A-9999E,WA003,301032398,""
7,2755.75,1,310726,1022514951,101,WA003,3007S-3025S-3033A-3035A-9999A-9999E,WA003,301032399,""
7,2755.75,1,310726,1022514951,101,WA003,3007S-3025S-3033A-3035A-9999A-9999E,WA003,301032400,""
7,2755.75,1,310726,1022514951,101,WA003,3007S-3025S-3033A-3035A-9999A-9999E,WA003,301032404,""
7,2755.75,1,310726,1022514951,101,WA003,3007S-3025S-3033A-3035A-9999A-9999E,WA003,301032405,""
7,2755.75,1,310726,1022514951,101,WA003,3007S-3025S-3033A-3035A-9999A-9999E,WA003,301032406,""
7,2755.75,1,310726,1022514951,101,WA003,3007S-3025S-3033A-3035A-9999A-9999E,WA003,301032407,""
7,2755.75,1,310726,1022514952,101,WA003,3005WGUM-3007DRYGUM-3007FO-3007S-3025S-3033A-3035A-9999A-9999C-9999CS-9999E,WA003,301032453,""
7,2755.75,1,310726,1022514952,101,WA003,3005WGUM-3007DRYGUM-3007FO-3007S-3025S-3033A-3035A-9999A-9999C-9999CS-9999E,WA003,301032454,""
7,2755.75,1,310726,1022514952,101,WA003,3005WGUM-3007DRYGUM-3007FO-3007S-3025S-3033A-3035A-9999A-9999C-9999CS-9999E,WA003,301032455,""
7,2755.75,1,310726,1022514952,101,WA003,3005WGUM-3007DRYGUM-3007FO-3007S-3025S-3033A-3035A-9999A-9999C-9999CS-9999E,WA003,301032506,""
7,2755.75,1,310726,1022514952,101,WA003,3005WGUM-3007DRYGUM-3007FO-3007S-3025S-3033A-3035A-9999A-9999C-9999CS-9999E,WA003,301032507,""
7,2755.75,1,310726,1022514952,101,WA003,3005WGUM-3007DRYGUM-3007FO-3007S-3025S-3033A-3035A-9999A-9999C-9999CS-9999E,WA003,301032565,""
7,2755.75,1,310726,1022514952,101,WA003,3005WGUM-3007DRYGUM-3007FO-3007S-3025S-3033A-3035A-9999A-9999C-9999CS-9999E,WA003,301032566,""
7,2755.75,1,310726,1022514953,101,WA003,3005WGUM-3007DRYGUM-3007FO-3007S-3025S-3033A-3035A-9999A-9999C-9999CS-9999E,WA003,301032793,""
7,2755.75,1,310726,1022514953,101,WA003,3005WGUM-3007DRYGUM-3007FO-3007S-3025S-3033A-3035A-9999A-9999C-9999CS-9999E,WA003,301032794,""
7,2755.75,1,310726,1022514953,101,WA003,3005WGUM-3007DRYGUM-3007FO-3007S-3025S-3033A-3035A-9999A-9999C-9999CS-9999E,WA003,301032803,""
7,2755.75,1,310726,1022514953,101,WA003,3005WGUM-3007DRYGUM-3007FO-3007S-3025S-3033A-3035A-9999A-9999C-9999CS-9999E,WA003,301032804,""
7,2755.75,1,310726,1022514953,101,WA003,3005WGUM-3007DRYGUM-3007FO-3007S-3025S-3033A-3035A-9999A-9999C-9999CS-9999E,WA003,301032805,""
7,2755.75,1,310726,1022514953,101,WA003,3005WGUM-3007DRYGUM-3007FO-3007S-3025S-3033A-3035A-9999A-9999C-9999CS-9999E,WA003,301032806,""
7,2755.75,1,310726,1022514953,101,WA003,3005WGUM-3007DRYGUM-3007FO-3007S-3025S-3033A-3035A-9999A-9999C-9999CS-9999E,WA003,301032830,""
7,2755.75,1,310726,1022514953,101,WA003,3005WGUM-3007DRYGUM-3007FO-3007S-3025S-3033A-3035A-9999A-9999C-9999CS-9999E,WA003,301032831,""
7,2755.75,1,310726,1022514954,101,WA003,3005WGUM-3007DRYGUM-3007FO-3007S-3025S-3033A-3035A-9999A-9999C-9999CS-9999E,WA003,301032840,""
7,2755.75,1,310726,1022514954,101,WA003,3005WGUM-3007DRYGUM-3007FO-3007S-3025S-3033A-3035A-9999A-9999C-9999CS-9999E,WA003,301032841,""
7,2755.75,1,310726,1022514954,101,WA003,3005WGUM-3007DRYGUM-3007FO-3007S-3025S-3033A-3035A-9999A-9999C-9999CS-9999E,WA003,301032842,""
7,2755.75,1,310726,1022514954,101,WA003,3005WGUM-3007DRYGUM-3007FO-3007S-3025S-3033A-3035A-9999A-9999C-9999CS-9999E,WA003,301032843,""
7,2755.75,1,310726,1022514954,101,WA003,3005WGUM-3007DRYGUM-3007FO-3007S-3025S-3033A-3035A-9999A-9999C-9999CS-9999E,WA003,301032844,""
7,2755.75,1,310726,1022514954,101,WA003,3005WGUM-3007DRYGUM-3007FO-3007S-3025S-3033A-3035A-9999A-9999C-9999CS-9999E,WA003,301032845,""
7,2755.75,1,310726,1022514954,101,WA003,3005WGUM-3007DRYGUM-3007FO-3007S-3025S-3033A-3035A-9999A-9999C-9999CS-9999E,WA003,301032947,""
7,2755.75,1,310726,1022514954,101,WA003,3005WGUM-3007DRYGUM-3007FO-3007S-3025S-3033A-3035A-9999A-9999C-9999CS-9999E,WA003,301032948,""
7,2755.75,1,310726,1022514955,101,WA003,3005WGUM-3007DRYGUM-3007FO-3007S-3025S-3035A-9999A-9999C-9999CS-9999E,WA003,301032950,""
7,2755.75,1,310726,1022514955,101,WA003,3005WGUM-3007DRYGUM-3007FO-3007S-3025S-3035A-9999A-9999C-9999CS-9999E,WA003,301032951,""
7,2755.75,1,310726,1022514955,101,WA003,3005WGUM-3007DRYGUM-3007FO-3007S-3025S-3035A-9999A-9999C-9999CS-9999E,WA003,301032952,""
7,2755.75,1,310726,1022514955,101,WA003,3005WGUM-3007DRYGUM-3007FO-3007S-3025S-3035A-9999A-9999C-9999CS-9999E,WA003,301032953,""
7,2755.75,1,310726,1022514955,101,WA003,3005WGUM-3007DRYGUM-3007FO-3007S-3025S-3035A-9999A-9999C-9999CS-9999E,WA003,301032954,""
7,2755.75,1,310726,1022514955,101,WA003,3005WGUM-3007DRYGUM-3007FO-3007S-3025S-3035A-9999A-9999C-9999CS-9999E,WA003,301032958,""
7,2755.75,1,310726,1022514955,101,WA003,3005WGUM-3007DRYGUM-3007FO-3007S-3025S-3035A-9999A-9999C-9999CS-9999E,WA003,301033036,""
7,2755.75,1,310726,1022514955,101,WA003,3005WGUM-3007DRYGUM-3007FO-3007S-3025S-3035A-9999A-9999C-9999CS-9999E,WA003,301033038,""
7,2755.75,1,310726,1022514956,101,WA003,3002A-3005WGUM-3007DRYGUM-3007FO-3007S-3015A-3025S-3033A-3035A-9999A-9999C-9999CS-9999E,WA003,301033039,""
7,2755.75,1,310726,1022514956,101,WA003,3002A-3005WGUM-3007DRYGUM-3007FO-3007S-3015A-3025S-3033A-3035A-9999A-9999C-9999CS-9999E,WA003,301033040,""
7,2755.75,1,310726,1022514956,101,WA003,3002A-3005WGUM-3007DRYGUM-3007FO-3007S-3015A-3025S-3033A-3035A-9999A-9999C-9999CS-9999E,WA003,301033041,""
7,2755.75,1,310726,1022514956,101,WA003,3002A-3005WGUM-3007DRYGUM-3007FO-3007S-3015A-3025S-3033A-3035A-9999A-9999C-9999CS-9999E,WA003,301033042,""
7,2755.75,1,310726,1022514956,101,WA003,3002A-3005WGUM-3007DRYGUM-3007FO-3007S-3015A-3025S-3033A-3035A-9999A-9999C-9999CS-9999E,WA003,301033043,""
7,2755.75,1,310726,1022514956,101,WA003,3002A-3005WGUM-3007DRYGUM-3007FO-3007S-3015A-3025S-3033A-3035A-9999A-9999C-9999CS-9999E,WA003,301033044,""
7,2755.75,1,310726,1022514956,101,WA003,3002A-3005WGUM-3007DRYGUM-3007FO-3007S-3015A-3025S-3033A-3035A-9999A-9999C-9999CS-9999E,WA003,301033045,""
7,2755.75,1,310726,1022514956,101,WA003,3002A-3005WGUM-3007DRYGUM-3007FO-3007S-3015A-3025S-3033A-3035A-9999A-9999C-9999CS-9999E,WA003,301033047,""
7,2755.75,1,310726,1022514958,101,WA003,3015A-9999A-9999C-9999CS-9999E,WA003,301033184,""
7,2755.75,1,310726,1022514958,101,WA003,3015A-9999A-9999C-9999CS-9999E,WA003,301033185,""
7,2755.75,1,310726,1022514958,101,WA003,3015A-9999A-9999C-9999CS-9999E,WA003,301033186,""
7,2755.75,1,310726,1022514958,101,WA003,3015A-9999A-9999C-9999CS-9999E,WA003,301033187,""
7,2755.75,1,310726,1022514958,101,WA003,3015A-9999A-9999C-9999CS-9999E,WA003,301033334,""
7,2755.75,1,310726,1022514958,101,WA003,3015A-9999A-9999C-9999CS-9999E,WA003,301033335,""
7,2755.75,1,310726,1022514958,101,WA003,3015A-9999A-9999C-9999CS-9999E,WA003,301033336,""
7,2755.75,1,310726,1022514958,101,WA003,3015A-9999A-9999C-9999CS-9999E,WA003,301033337,""
7,2755.75,1,310726,1022514959,101,WA003,3015A-9999A-9999C-9999CS-9999E,WA003,301033341,""
7,2755.75,1,310726,1022514959,101,WA003,3015A-9999A-9999C-9999CS-9999E,WA003,301033342,""
7,2755.75,1,310726,1022514959,101,WA003,3015A-9999A-9999C-9999CS-9999E,WA003,301033343,""
7,2755.75,1,310726,1022514959,101,WA003,3015A-9999A-9999C-9999CS-9999E,WA003,301033344,""
7,2755.75,1,310726,1022514959,101,WA003,3015A-9999A-9999C-9999CS-9999E,WA003,301033411,""
7,2755.75,1,310726,1022514959,101,WA003,3015A-9999A-9999C-9999CS-9999E,WA003,301033412,""
7,2755.75,1,310726,1022514959,101,WA003,3015A-9999A-9999C-9999CS-9999E,WA003,301033413,""
7,2755.75,1,310726,1022514959,101,WA003,3015A-9999A-9999C-9999CS-9999E,WA003,301033414,""
7,2755.75,1,310726,1022514960,101,WA003,3002A-3007S-3015A-3025S-3033A-3035A-9999A-9999E,WA003,301033415,""
7,2755.75,1,310726,1022514960,101,WA003,3002A-3007S-3015A-3025S-3033A-3035A-9999A-9999E,WA003,301033416,""
7,2755.75,1,310726,1022514960,101,WA003,3002A-3007S-3015A-3025S-3033A-3035A-9999A-9999E,WA003,301033417,""
7,2755.75,1,310726,1022514960,101,WA003,3002A-3007S-3015A-3025S-3033A-3035A-9999A-9999E,WA003,301033420,""
7,2755.75,1,310726,1022514960,101,WA003,3002A-3007S-3015A-3025S-3033A-3035A-9999A-9999E,WA003,301033436,""
7,2039.255,1,310726,1022514960,101,WA003,3002A-3007S-3015A-3025S-3033A-3035A-9999A-9999E,WA003,301033437,""
8,2755.75,1,310015,1052514804,101,ID002,3117A-3123A-9999A-9999E,ID002,301029907,""
8,2755.75,1,310015,1052514804,101,ID002,3117A-3123A-9999A-9999E,ID002,301030051,""
8,2755.75,1,310015,1052514804,101,ID002,3117A-3123A-9999A-9999E,ID002,301030159,""
8,2755.75,1,310015,1052514804,101,ID002,3117A-3123A-9999A-9999E,ID002,301030160,""
8,2755.75,1,310015,1052514804,101,ID002,3117A-3123A-9999A-9999E,ID002,301030161,""
8,2755.75,1,310015,1052514804,101,ID002,3117A-3123A-9999A-9999E,ID002,301030162,""
8,2755.75,1,310015,1052514804,101,ID002,3117A-3123A-9999A-9999E,ID002,301030163,""
8,2755.75,1,310015,1052514804,101,ID002,3117A-3123A-9999A-9999E,ID002,301030164,""
8,2755.75,1,310015,1052514805,101,ID002,3117A-3123A-9999A-9999E,ID002,301030214,""
8,2755.75,1,310015,1052514805,101,ID002,3117A-3123A-9999A-9999E,ID002,301030215,""
8,2755.75,1,310015,1052514805,101,ID002,3117A-3123A-9999A-9999E,ID002,301030216,""
8,2755.75,1,310015,1052514805,101,ID002,3117A-3123A-9999A-9999E,ID002,301030217,""
8,2755.75,1,310015,1052514805,101,ID002,3117A-3123A-9999A-9999E,ID002,301030218,""
8,2755.75,1,310015,1052514805,101,ID002,3117A-3123A-9999A-9999E,ID002,301030248,""
8,2755.75,1,310015,1052514805,101,ID002,3117A-3123A-9999A-9999E,ID002,301030249,""
8,2755.75,1,310015,1052514805,101,ID002,3117A-3123A-9999A-9999E,ID002,301031448,""
8,2755.75,1,310015,1052514806,101,ID002,3117A-3123A-9999A-9999E,ID002,301030250,""
8,2755.75,1,310015,1052514806,101,ID002,3117A-3123A-9999A-9999E,ID002,301030251,""
8,2755.75,1,310015,1052514806,101,ID002,3117A-3123A-9999A-9999E,ID002,301030410,""
8,2755.75,1,310015,1052514806,101,ID002,3117A-3123A-9999A-9999E,ID002,301030644,""
8,2755.75,1,310015,1052514806,101,ID002,3117A-3123A-9999A-9999E,ID002,301030645,""
8,2755.75,1,310015,1052514806,101,ID002,3117A-3123A-9999A-9999E,ID002,301030789,""
8,2755.75,1,310015,1052514806,101,ID002,3117A-3123A-9999A-9999E,ID002,301030790,""
8,2755.75,1,310015,1052514806,101,ID002,3117A-3123A-9999A-9999E,ID002,301030791,""
8,2755.75,1,310015,1052514807,101,ID002,3117A-3123A-9999A-9999E,ID002,301030832,""
8,2755.75,1,310015,1052514807,101,ID002,3117A-3123A-9999A-9999E,ID002,301030833,""
8,2755.75,1,310015,1052514807,101,ID002,3117A-3123A-9999A-9999E,ID002,301030834,""
8,2755.75,1,310015,1052514807,101,ID002,3117A-3123A-9999A-9999E,ID002,301030835,""
8,2755.75,1,310015,1052514807,101,ID002,3117A-3123A-9999A-9999E,ID002,301030863,""
8,2755.75,1,310015,1052514807,101,ID002,3117A-3123A-9999A-9999E,ID002,301030865,""
8,2755.75,1,310015,1052514807,101,ID002,3117A-3123A-9999A-9999E,ID002,301030866,""
8,2755.75,1,310015,1052514807,101,ID002,3117A-3123A-9999A-9999E,ID002,301030867,""
8,2755.75,1,310015,1052514808,101,ID002,3117A-3123A-9999A-9999E,ID002,301030901,""
8,2755.75,1,310015,1052514808,101,ID002,3117A-3123A-9999A-9999E,ID002,301030902,""
8,2755.75,1,310015,1052514808,101,ID002,3117A-3123A-9999A-9999E,ID002,301030903,""
8,2755.75,1,310015,1052514808,101,ID002,3117A-3123A-9999A-9999E,ID002,301030904,""
8,2755.75,1,310015,1052514808,101,ID002,3117A-3123A-9999A-9999E,ID002,301030918,""
8,2755.75,1,310015,1052514808,101,ID002,3117A-3123A-9999A-9999E,ID002,301030926,""
8,2755.75,1,310015,1052514808,101,ID002,3117A-3123A-9999A-9999E,ID002,301030931,""
8,2755.75,1,310015,1052514808,101,ID002,3117A-3123A-9999A-9999E,ID002,301030940,""
8,2755.75,1,310015,1052514809,101,ID002,3117A-3123A-9999A-9999E,ID002,301030955,""
8,2755.75,1,310015,1052514809,101,ID002,3117A-3123A-9999A-9999E,ID002,301030956,""
8,2755.75,1,310015,1052514809,101,ID002,3117A-3123A-9999A-9999E,ID002,301030965,""
8,2755.75,1,310015,1052514809,101,ID002,3117A-3123A-9999A-9999E,ID002,301030982,""
8,2755.75,1,310015,1052514809,101,ID002,3117A-3123A-9999A-9999E,ID002,301030983,""
8,2755.75,1,310015,1052514809,101,ID002,3117A-3123A-9999A-9999E,ID002,301030990,""
8,2755.75,1,310015,1052514809,101,ID002,3117A-3123A-9999A-9999E,ID002,301031005,""
8,2755.75,1,310015,1052514809,101,ID002,3117A-3123A-9999A-9999E,ID002,301031006,""
8,2755.75,1,310724,1012514806,101,WA002,3040A-3043A-3045A-3053A-3055A-9999A-9999E,WA002,301030204,""
8,2755.75,1,310724,1012514806,101,WA002,3040A-3043A-3045A-3053A-3055A-9999A-9999E,WA002,301030220,""
8,2755.75,1,310724,1012514806,101,WA002,3040A-3043A-3045A-3053A-3055A-9999A-9999E,WA002,301030243,""
8,2755.75,1,310724,1012514806,101,WA002,3040A-3043A-3045A-3053A-3055A-9999A-9999E,WA002,301030245,""
8,2755.75,1,310724,1012514806,101,WA002,3040A-3043A-3045A-3053A-3055A-9999A-9999E,WA002,301030246,""
8,2755.75,1,310724,1012514806,101,WA002,3040A-3043A-3045A-3053A-3055A-9999A-9999E,WA002,301030280,""
8,2755.75,1,310724,1012514806,101,WA002,3040A-3043A-3045A-3053A-3055A-9999A-9999E,WA002,301030281,""
8,2755.75,1,310724,1012514806,101,WA002,3040A-3043A-3045A-3053A-3055A-9999A-9999E,WA002,301030282,""
8,2755.75,1,310724,1012514807,101,WA002,3040A-3045A-3053A-3055A-9999A-9999E,WA002,301030302,""
8,2755.75,1,310724,1012514807,101,WA002,3040A-3045A-3053A-3055A-9999A-9999E,WA002,301030303,""
8,2755.75,1,310724,1012514807,101,WA002,3040A-3045A-3053A-3055A-9999A-9999E,WA002,301030304,""
8,2755.75,1,310724,1012514807,101,WA002,3040A-3045A-3053A-3055A-9999A-9999E,WA002,301030305,""
8,2755.75,1,310724,1012514807,101,WA002,3040A-3045A-3053A-3055A-9999A-9999E,WA002,301030309,""
8,2755.75,1,310724,1012514807,101,WA002,3040A-3045A-3053A-3055A-9999A-9999E,WA002,301030318,""
8,2755.75,1,310724,1012514807,101,WA002,3040A-3045A-3053A-3055A-9999A-9999E,WA002,301030332,""
8,2755.75,1,310724,1012514807,101,WA002,3040A-3045A-3053A-3055A-9999A-9999E,WA002,301030333,""
8,2755.75,1,310724,1012514808,101,WA002,3040A-3043A-3045A-3053A-3055A-9999A-9999C-9999E,WA002,301030334,""
8,2755.75,1,310724,1012514808,101,WA002,3040A-3043A-3045A-3053A-3055A-9999A-9999C-9999E,WA002,301030335,""
8,2755.75,1,310724,1012514808,101,WA002,3040A-3043A-3045A-3053A-3055A-9999A-9999C-9999E,WA002,301030339,""
8,2755.75,1,310724,1012514808,101,WA002,3040A-3043A-3045A-3053A-3055A-9999A-9999C-9999E,WA002,301030340,""
8,2755.75,1,310724,1012514808,101,WA002,3040A-3043A-3045A-3053A-3055A-9999A-9999C-9999E,WA002,301030341,""
8,2755.75,1,310724,1012514808,101,WA002,3040A-3043A-3045A-3053A-3055A-9999A-9999C-9999E,WA002,301030355,""
8,2755.75,1,310724,1012514808,101,WA002,3040A-3043A-3045A-3053A-3055A-9999A-9999C-9999E,WA002,301030356,""
8,2755.75,1,310724,1012514808,101,WA002,3040A-3043A-3045A-3053A-3055A-9999A-9999C-9999E,WA002,301030357,""
8,2755.75,1,310724,1012514809,101,WA002,3040A-3043A-3045A-3053A-3055A-9999A-9999E,WA002,301030358,""
8,2755.75,1,310724,1012514809,101,WA002,3040A-3043A-3045A-3053A-3055A-9999A-9999E,WA002,301030372,""
8,2755.75,1,310724,1012514809,101,WA002,3040A-3043A-3045A-3053A-3055A-9999A-9999E,WA002,301030387,""
8,2755.75,1,310724,1012514809,101,WA002,3040A-3043A-3045A-3053A-3055A-9999A-9999E,WA002,301030391,""
8,2755.75,1,310724,1012514809,101,WA002,3040A-3043A-3045A-3053A-3055A-9999A-9999E,WA002,301030419,""
8,2755.75,1,310724,1012514809,101,WA002,3040A-3043A-3045A-3053A-3055A-9999A-9999E,WA002,301030421,""
8,2755.75,1,310724,1012514809,101,WA002,3040A-3043A-3045A-3053A-3055A-9999A-9999E,WA002,301030422,""
8,2755.75,1,310724,1012514809,101,WA002,3040A-3043A-3045A-3053A-3055A-9999A-9999E,WA002,301030423,""
8,2755.75,1,310724,1012514810,101,WA002,3040A-3045A-3053A-9999A-9999E,WA002,301030445,""
8,2755.75,1,310724,1012514810,101,WA002,3040A-3045A-3053A-9999A-9999E,WA002,301030453,""
8,2755.75,1,310724,1012514810,101,WA002,3040A-3045A-3053A-9999A-9999E,WA002,301030602,""
8,2755.75,1,310724,1012514810,101,WA002,3040A-3045A-3053A-9999A-9999E,WA002,301030603,""
8,2755.75,1,310724,1012514810,101,WA002,3040A-3045A-3053A-9999A-9999E,WA002,301030604,""
8,2755.75,1,310724,1012514810,101,WA002,3040A-3045A-3053A-9999A-9999E,WA002,301030663,""
8,2755.75,1,310724,1012514810,101,WA002,3040A-3045A-3053A-9999A-9999E,WA002,301030664,""
8,2755.75,1,310724,1012514810,101,WA002,3040A-3045A-3053A-9999A-9999E,WA002,301030665,""
8,2755.75,1,310724,1012514811,101,WA002,3040A-3045A-3053A-9999A-9999E,WA002,301030678,""
8,2755.75,1,310724,1012514811,101,WA002,3040A-3045A-3053A-9999A-9999E,WA002,301030685,""
8,2755.75,1,310724,1012514811,101,WA002,3040A-3045A-3053A-9999A-9999E,WA002,301030694,""
8,2755.75,1,310724,1012514811,101,WA002,3040A-3045A-3053A-9999A-9999E,WA002,301030695,""
8,2755.75,1,310724,1012514811,101,WA002,3040A-3045A-3053A-9999A-9999E,WA002,301030696,""
8,2755.75,1,310724,1012514811,101,WA002,3040A-3045A-3053A-9999A-9999E,WA002,301030697,""
8,2755.75,1,310724,1012514811,101,WA002,3040A-3045A-3053A-9999A-9999E,WA002,301030698,""
8,2755.75,1,310724,1012514811,101,WA002,3040A-3045A-3053A-9999A-9999E,WA002,301030700,""
8,2755.75,1,310724,1012514812,101,WA002,3040A-9999A,WA002,301030820,""
8,2755.75,1,310724,1012514812,101,WA002,3040A-9999A,WA002,301030821,""
8,2755.75,1,310724,1012514812,101,WA002,3040A-9999A,WA002,301030822,""
8,2755.75,1,310724,1012514812,101,WA002,3040A-9999A,WA002,301030823,""
8,2755.75,1,310724,1012514812,101,WA002,3040A-9999A,WA002,301030828,""
8,2755.75,1,310724,1012514812,101,WA002,3040A-9999A,WA002,301030829,""
8,2755.75,1,310724,1012514812,101,WA002,3040A-9999A,WA002,301030840,""
8,2755.75,1,310724,1012514812,101,WA002,3040A-9999A,WA002,301030841,""
8,2755.75,1,310724,1012514813,101,WA002,3040A-3043A-3045A-3053A-3055A-9999A-9999C-9999E,WA002,301030845,""
8,2755.75,1,310724,1012514813,101,WA002,3040A-3043A-3045A-3053A-3055A-9999A-9999C-9999E,WA002,301030846,""
8,2755.75,1,310724,1012514813,101,WA002,3040A-3043A-3045A-3053A-3055A-9999A-9999C-9999E,WA002,301030847,""
8,2755.75,1,310724,1012514813,101,WA002,3040A-3043A-3045A-3053A-3055A-9999A-9999C-9999E,WA002,301030848,""
8,2755.75,1,310724,1012514813,101,WA002,3040A-3043A-3045A-3053A-3055A-9999A-9999C-9999E,WA002,301030849,""
8,2755.75,1,310724,1012514813,101,WA002,3040A-3043A-3045A-3053A-3055A-9999A-9999C-9999E,WA002,301030850,""
8,2755.75,1,310724,1012514813,101,WA002,3040A-3043A-3045A-3053A-3055A-9999A-9999C-9999E,WA002,301030851,""
8,2755.75,1,310724,1012514813,101,WA002,3040A-3043A-3045A-3053A-3055A-9999A-9999C-9999E,WA002,301030966,""
8,2755.75,1,310724,1012514814,101,WA002,3040A-3043A-3045A-3053A-3055A-9999A-9999C-9999E,WA002,301030967,""
8,2755.75,1,310724,1012514814,101,WA002,3040A-3043A-3045A-3053A-3055A-9999A-9999C-9999E,WA002,301030968,""
8,2755.75,1,310724,1012514814,101,WA002,3040A-3043A-3045A-3053A-3055A-9999A-9999C-9999E,WA002,301030969,""
8,2755.75,1,310724,1012514814,101,WA002,3040A-3043A-3045A-3053A-3055A-9999A-9999C-9999E,WA002,301030970,""
8,2755.75,1,310724,1012514814,101,WA002,3040A-3043A-3045A-3053A-3055A-9999A-9999C-9999E,WA002,301030971,""
8,2755.75,1,310724,1012514814,101,WA002,3040A-3043A-3045A-3053A-3055A-9999A-9999C-9999E,WA002,301030987,""
8,2755.75,1,310724,1012514814,101,WA002,3040A-3043A-3045A-3053A-3055A-9999A-9999C-9999E,WA002,301030988,""
8,2755.75,1,310724,1012514814,101,WA002,3040A-3043A-3045A-3053A-3055A-9999A-9999C-9999E,WA002,301030989,""
8,2755.75,1,310724,1012514815,101,WA002,3040A-3043A-3045A-3053A-3055A-9999A-9999C-9999E,WA002,301031022,""
8,2755.75,1,310724,1012514815,101,WA002,3040A-3043A-3045A-3053A-3055A-9999A-9999C-9999E,WA002,301031023,""
8,2755.75,1,310724,1012514815,101,WA002,3040A-3043A-3045A-3053A-3055A-9999A-9999C-9999E,WA002,301031028,""
8,2755.75,1,310724,1012514815,101,WA002,3040A-3043A-3045A-3053A-3055A-9999A-9999C-9999E,WA002,301031038,""
9,2755.75,1,310015,1002514701,101,WA001,9999A-9999E,WA001,301028818,""
9,2755.75,1,310015,1002514701,101,WA001,9999A-9999E,WA001,301028834,""
9,2755.75,1,310015,1002514701,101,WA001,9999A-9999E,WA001,301028839,""
9,2755.75,1,310015,1002514701,101,WA001,9999A-9999E,WA001,301028848,""
9,2755.75,1,310015,1002514701,101,WA001,9999A-9999E,WA001,301028854,""
9,2755.75,1,310015,1002514701,101,WA001,9999A-9999E,WA001,301029070,""
9,2755.75,1,310015,1002514701,101,WA001,9999A-9999E,WA001,301029075,""
9,2755.75,1,310015,1002514701,101,WA001,9999A-9999E,WA001,301029076,""
9,2755.75,1,310015,1002514702,101,WA001,9999A-9999E,WA001,301029125,""
9,2755.75,1,310015,1002514702,101,WA001,9999A-9999E,WA001,301029127,""
9,2755.75,1,310015,1002514702,101,WA001,9999A-9999E,WA001,301029128,""
9,2755.75,1,310015,1002514702,101,WA001,9999A-9999E,WA001,301029129,""
9,2755.75,1,310015,1002514702,101,WA001,9999A-9999E,WA001,301029156,""
9,2755.75,1,310015,1002514702,101,WA001,9999A-9999E,WA001,301029157,""
9,2755.75,1,310015,1002514702,101,WA001,9999A-9999E,WA001,301029158,""
9,2755.75,1,310015,1002514702,101,WA001,9999A-9999E,WA001,301029159,""
9,2755.75,1,310015,1002514703,101,WA001,9999A-9999E,WA001,301029282,""
9,2755.75,1,310015,1002514703,101,WA001,9999A-9999E,WA001,301029283,""
9,2755.75,1,310015,1002514703,101,WA001,9999A-9999E,WA001,301029287,""
9,2755.75,1,310015,1002514703,101,WA001,9999A-9999E,WA001,301029288,""
9,2755.75,1,310015,1002514703,101,WA001,9999A-9999E,WA001,301029289,""
9,2755.75,1,310015,1002514704,101,WA001,9999A-9999E,WA001,301029348,""
9,2755.75,1,310015,1002514704,101,WA001,9999A-9999E,WA001,301029349,""
9,2755.75,1,310015,1002514704,101,WA001,9999A-9999E,WA001,301029350,""
9,2755.75,1,310015,1002514704,101,WA001,9999A-9999E,WA001,301029351,""
9,2755.75,1,310015,1002514704,101,WA001,9999A-9999E,WA001,301029354,""
9,2755.75,1,310015,1002514704,101,WA001,9999A-9999E,WA001,301029355,""
9,2755.75,1,310015,1002514704,101,WA001,9999A-9999E,WA001,301029356,""
9,2755.75,1,310015,1002514704,101,WA001,9999A-9999E,WA001,301029357,""
9,2755.75,1,310015,1002514705,101,WA001,9999A-9999E,WA001,301029486,""
9,2755.75,1,310015,1002514705,101,WA001,9999A-9999E,WA001,301029501,""
9,2755.75,1,310015,1002514705,101,WA001,9999A-9999E,WA001,301029514,""
9,2755.75,1,310015,1002514705,101,WA001,9999A-9999E,WA001,301029525,""
9,2755.75,1,310015,1002514705,101,WA001,9999A-9999E,WA001,301029562,""
9,2755.75,1,310015,1002514705,101,WA001,9999A-9999E,WA001,301029565,""
9,2755.75,1,310015,1002514705,101,WA001,9999A-9999E,WA001,301029582,""
9,2755.75,1,310015,1002514705,101,WA001,9999A-9999E,WA001,301029583,""
9,2810.865,1,310015,1052514701,101,ID002,3117A-3123A-9999A-9999E,ID002,301028390,""
9,2755.75,1,310015,1052514701,101,ID002,3117A-3123A-9999A-9999E,ID002,301028391,""
9,2755.75,1,310015,1052514701,101,ID002,3117A-3123A-9999A-9999E,ID002,301028392,""
9,2755.75,1,310015,1052514701,101,ID002,3117A-3123A-9999A-9999E,ID002,301028393,""
9,2755.75,1,310015,1052514701,101,ID002,3117A-3123A-9999A-9999E,ID002,301028421,""
9,2755.75,1,310015,1052514701,101,ID002,3117A-3123A-9999A-9999E,ID002,301028422,""
9,2755.75,1,310015,1052514701,101,ID002,3117A-3123A-9999A-9999E,ID002,301028431,""
9,2755.75,1,310015,1052514701,101,ID002,3117A-3123A-9999A-9999E,ID002,301028432,""
9,2755.75,1,310015,1052514702,101,ID002,3117A-3123A-9999A-9999E,ID002,301028452,""
9,2755.75,1,310015,1052514702,101,ID002,3117A-3123A-9999A-9999E,ID002,301028453,""
9,2755.75,1,310015,1052514702,101,ID002,3117A-3123A-9999A-9999E,ID002,301028455,""
9,2755.75,1,310015,1052514702,101,ID002,3117A-3123A-9999A-9999E,ID002,301028456,""
9,2755.75,1,310015,1052514702,101,ID002,3117A-3123A-9999A-9999E,ID002,301028555,""
9,2755.75,1,310015,1052514702,101,ID002,3117A-3123A-9999A-9999E,ID002,301028556,""
9,2755.75,1,310015,1052514702,101,ID002,3117A-3123A-9999A-9999E,ID002,301028573,""
9,2755.75,1,310015,1052514702,101,ID002,3117A-3123A-9999A-9999E,ID002,301028576,""
9,2755.75,1,310015,1052514703,101,ID002,3117A-3123A-9999A-9999E,ID002,301028589,""
9,2755.75,1,310015,1052514703,101,ID002,3117A-3123A-9999A-9999E,ID002,301028590,""
9,2755.75,1,310015,1052514703,101,ID002,3117A-3123A-9999A-9999E,ID002,301028611,""
9,2755.75,1,310015,1052514703,101,ID002,3117A-3123A-9999A-9999E,ID002,301028669,""
9,2755.75,1,310015,1052514703,101,ID002,3117A-3123A-9999A-9999E,ID002,301028670,""
9,2755.75,1,310015,1052514703,101,ID002,3117A-3123A-9999A-9999E,ID002,301028685,""
9,2755.75,1,310015,1052514703,101,ID002,3117A-3123A-9999A-9999E,ID002,301028720,""
9,2755.75,1,310015,1052514703,101,ID002,3117A-3123A-9999A-9999E,ID002,301028721,""
9,2755.75,1,310015,1052514704,101,ID002,3117A-3123A-9999A-9999E,ID002,301028722,""
9,2755.75,1,310015,1052514704,101,ID002,3117A-3123A-9999A-9999E,ID002,301028728,""
9,2755.75,1,310015,1052514704,101,ID002,3117A-3123A-9999A-9999E,ID002,301028745,""
9,2755.75,1,310015,1052514704,101,ID002,3117A-3123A-9999A-9999E,ID002,301028751,""
9,2755.75,1,310015,1052514704,101,ID002,3117A-3123A-9999A-9999E,ID002,301028755,""
9,2755.75,1,310015,1052514704,101,ID002,3117A-3123A-9999A-9999E,ID002,301028761,""
9,2755.75,1,310015,1052514704,101,ID002,3117A-3123A-9999A-9999E,ID002,301028763,""
9,2755.75,1,310015,1052514704,101,ID002,3117A-3123A-9999A-9999E,ID002,301028767,""
9,2755.75,1,310015,1052514705,101,ID002,3117A-9999A,ID002,301028838,""
9,2755.75,1,310015,1052514705,101,ID002,3117A-9999A,ID002,301028847,""
9,2755.75,1,310015,1052514705,101,ID002,3117A-9999A,ID002,301028849,""
9,2755.75,1,310015,1052514705,101,ID002,3117A-9999A,ID002,301028858,""
9,2755.75,1,310015,1052514705,101,ID002,3117A-9999A,ID002,301028859,""
9,2755.75,1,310015,1052514705,101,ID002,3117A-9999A,ID002,301028865,""
9,2755.75,1,310015,1052514705,101,ID002,3117A-9999A,ID002,301028877,""
9,2755.75,1,310015,1052514705,101,ID002,3117A-9999A,ID002,301028888,""
9,2755.75,1,310015,1052514706,101,ID002,3117A-9999A,ID002,301028897,""
9,2755.75,1,310015,1052514706,101,ID002,3117A-9999A,ID002,301028904,""
9,2755.75,1,310015,1052514706,101,ID002,3117A-9999A,ID002,301028912,""
9,2755.75,1,310015,1052514706,101,ID002,3117A-9999A,ID002,301028920,""
9,2755.75,1,310015,1052514706,101,ID002,3117A-9999A,ID002,301028942,""
9,2755.75,1,310015,1052514706,101,ID002,3117A-9999A,ID002,301028945,""
9,2755.75,1,310015,1052514706,101,ID002,3117A-9999A,ID002,301028961,""
9,2755.75,1,310015,1052514706,101,ID002,3117A-9999A,ID002,301030139,""
9,2755.75,1,310015,1052514707,101,ID002,3117A-3123A-9999A-9999E,ID002,301028967,""
9,2755.75,1,310015,1052514707,101,ID002,3117A-3123A-9999A-9999E,ID002,301029007,""
9,2755.75,1,310015,1052514707,101,ID002,3117A-3123A-9999A-9999E,ID002,301029008,""
9,2755.75,1,310015,1052514707,101,ID002,3117A-3123A-9999A-9999E,ID002,301029009,""
9,2755.75,1,310015,1052514707,101,ID002,3117A-3123A-9999A-9999E,ID002,301029010,""
9,2755.75,1,310015,1052514707,101,ID002,3117A-3123A-9999A-9999E,ID002,301029012,""
9,2755.75,1,310015,1052514707,101,ID002,3117A-3123A-9999A-9999E,ID002,301029022,""
9,2755.75,1,310015,1052514707,101,ID002,3117A-3123A-9999A-9999E,ID002,301029023,""
9,2755.75,1,310015,1052514708,101,ID002,3117A-3123A-9999A-9999E,ID002,301029073,""
9,2755.75,1,310015,1052514708,101,ID002,3117A-3123A-9999A-9999E,ID002,301029122,""
9,2755.75,1,310015,1052514708,101,ID002,3117A-3123A-9999A-9999E,ID002,301029131,""
9,2755.75,1,310015,1052514708,101,ID002,3117A-3123A-9999A-9999E,ID002,301029140,""
9,2755.75,1,310015,1052514708,101,ID002,3117A-3123A-9999A-9999E,ID002,301029141,""
9,2755.75,1,310015,1052514708,101,ID002,3117A-3123A-9999A-9999E,ID002,301029148,""
9,2755.75,1,310015,1052514708,101,ID002,3117A-3123A-9999A-9999E,ID002,301029167,""
9,2755.75,1,310015,1052514708,101,ID002,3117A-3123A-9999A-9999E,ID002,301029175,""
9,2755.75,1,310015,1052514709,101,ID002,3117A-3123A-9999A-9999E,ID002,301029202,""
9,2755.75,1,310015,1052514709,101,ID002,3117A-3123A-9999A-9999E,ID002,301029206,""
9,2755.75,1,310015,1052514709,101,ID002,3117A-3123A-9999A-9999E,ID002,301029214,""
9,2755.75,1,310015,1052514709,101,ID002,3117A-3123A-9999A-9999E,ID002,301029227,""
9,2755.75,1,310015,1052514709,101,ID002,3117A-3123A-9999A-9999E,ID002,301029343,""
9,2755.75,1,310015,1052514709,101,ID002,3117A-3123A-9999A-9999E,ID002,301029344,""
9,2755.75,1,310015,1052514709,101,ID002,3117A-3123A-9999A-9999E,ID002,301029345,""
9,2755.75,1,310015,1052514709,101,ID002,3117A-3123A-9999A-9999E,ID002,301029346,""
9,2755.75,1,310015,1052514710,101,ID002,3117A-3123A-9999A-9999E,ID002,301029379,""
9,2755.75,1,310015,1052514710,101,ID002,3117A-3123A-9999A-9999E,ID002,301029380,""
9,2755.75,1,310015,1052514710,101,ID002,3117A-3123A-9999A-9999E,ID002,301029381,""
9,2755.75,1,310015,1052514710,101,ID002,3117A-3123A-9999A-9999E,ID002,301029382,""
9,2755.75,1,310015,1052514710,101,ID002,3117A-3123A-9999A-9999E,ID002,301029401,""
9,2755.75,1,310015,1052514710,101,ID002,3117A-3123A-9999A-9999E,ID002,301029402,""
9,2755.75,1,310015,1052514710,101,ID002,3117A-3123A-9999A-9999E,ID002,301029403,""
9,2755.75,1,310015,1052514710,101,ID002,3117A-3123A-9999A-9999E,ID002,301029404,""
9,2755.75,1,310015,1052514711,101,ID002,3117A-3123A-9999A-9999E,ID002,301029440,""
9,2755.75,1,310015,1052514711,101,ID002,3117A-3123A-9999A-9999E,ID002,301029441,""
9,2755.75,1,310015,1052514711,101,ID002,3117A-3123A-9999A-9999E,ID002,301029442,""
9,2755.75,1,310015,1052514711,101,ID002,3117A-3123A-9999A-9999E,ID002,301029443,""
9,2755.75,1,310015,1052514711,101,ID002,3117A-3123A-9999A-9999E,ID002,301029470,""
9,2755.75,1,310015,1052514711,101,ID002,3117A-3123A-9999A-9999E,ID002,301029471,""
9,2755.75,1,310015,1052514711,101,ID002,3117A-3123A-9999A-9999E,ID002,301029472,""
9,2755.75,1,310015,1052514711,101,ID002,3117A-3123A-9999A-9999E,ID002,301029473,""
9,2755.75,1,310015,1052514712,101,ID002,3117A-3123A-9999A-9999E,ID002,301029482,""
9,2755.75,1,310015,1052514712,101,ID002,3117A-3123A-9999A-9999E,ID002,301029483,""
9,2755.75,1,310015,1052514712,101,ID002,3117A-3123A-9999A-9999E,ID002,301029484,""
9,2755.75,1,310015,1052514712,101,ID002,3117A-3123A-9999A-9999E,ID002,301029485,""
9,2755.75,1,310015,1052514712,101,ID002,3117A-3123A-9999A-9999E,ID002,301029502,""
9,2755.75,1,310015,1052514712,101,ID002,3117A-3123A-9999A-9999E,ID002,301029503,""
9,2755.75,1,310015,1052514712,101,ID002,3117A-3123A-9999A-9999E,ID002,301029504,""
9,2755.75,1,310015,1052514712,101,ID002,3117A-3123A-9999A-9999E,ID002,301029506,""
9,2755.75,1,310015,1052514713,101,ID002,3117A-3123A-9999A-9999E,ID002,301029526,""
9,2755.75,1,310015,1052514713,101,ID002,3117A-3123A-9999A-9999E,ID002,301029528,""
9,275.575,0,310015,1052514713,101,ID002,3117A-3123A-9999A-9999E,ID002,301029529,""
9,2755.75,1,310015,1052514713,101,ID002,3117A-3123A-9999A-9999E,ID002,301029530,""
9,2755.75,1,310015,1052514713,101,ID002,3117A-3123A-9999A-9999E,ID002,301029550,""
9,2755.75,1,310015,1052514713,101,ID002,3117A-3123A-9999A-9999E,ID002,301029551,""
9,2755.75,1,310015,1052514713,101,ID002,3117A-3123A-9999A-9999E,ID002,301029552,""
9,2755.75,1,310015,1052514713,101,ID002,3117A-3123A-9999A-9999E,ID002,301029553,""
9,2755.75,1,310015,1052514714,101,ID002,3117A-3123A-9999A-9999E,ID002,301029607,""
9,2755.75,1,310015,1052514714,101,ID002,3117A-3123A-9999A-9999E,ID002,301029608,""
9,2755.75,1,310015,1052514714,101,ID002,3117A-3123A-9999A-9999E,ID002,301029609,""
9,2755.75,1,310015,1052514714,101,ID002,3117A-3123A-9999A-9999E,ID002,301029610,""
9,2755.75,1,310015,1052514714,101,ID002,3117A-3123A-9999A-9999E,ID002,301029637,""
9,2755.75,1,310015,1052514714,101,ID002,3117A-3123A-9999A-9999E,ID002,301029638,""
9,2755.75,1,310015,1052514714,101,ID002,3117A-3123A-9999A-9999E,ID002,301029639,""
9,2755.75,1,310015,1052514714,101,ID002,3117A-3123A-9999A-9999E,ID002,301029640,""
9,2755.75,1,310015,1052514715,101,ID002,3117A-3123A-9999A-9999E,ID002,301029647,""
9,2755.75,1,310015,1052514715,101,ID002,3117A-3123A-9999A-9999E,ID002,301029650,""
9,2755.75,1,310015,1052514715,101,ID002,3117A-3123A-9999A-9999E,ID002,301029652,""
9,2755.75,1,310015,1052514715,101,ID002,3117A-3123A-9999A-9999E,ID002,301029693,""
9,2755.75,1,310015,1052514715,101,ID002,3117A-3123A-9999A-9999E,ID002,301029697,""
9,2755.75,1,310015,1052514715,101,ID002,3117A-3123A-9999A-9999E,ID002,301029698,""
9,2755.75,1,310015,1052514715,101,ID002,3117A-3123A-9999A-9999E,ID002,301029699,""
9,2755.75,1,310015,1052514715,101,ID002,3117A-3123A-9999A-9999E,ID002,301029700,""
9,2755.75,1,310724,1012514707,101,WA002,3040A-3045A-3053A-3055A-9999A-9999E,WA007,301028950,""
9,2755.75,1,310724,1012514707,101,WA002,3040A-3045A-3053A-3055A-9999A-9999E,WA007,301028964,""
9,2755.75,1,310724,1012514707,101,WA002,3040A-3045A-3053A-3055A-9999A-9999E,WA007,301028993,""
9,2755.75,1,310724,1012514707,101,WA002,3040A-3045A-3053A-3055A-9999A-9999E,WA007,301028994,""
9,2755.75,1,310724,1012514707,101,WA002,3040A-3045A-3053A-3055A-9999A-9999E,WA007,301028995,""
9,2755.75,1,310724,1012514707,101,WA002,3040A-3045A-3053A-3055A-9999A-9999E,WA007,301028996,""
9,2755.75,1,310724,1012514708,101,WA002,3040A-3043A-3045A-3053A-3055A-9999A-9999E,WA007,301029006,""
9,2755.75,1,310724,1012514708,101,WA002,3040A-3043A-3045A-3053A-3055A-9999A-9999E,WA007,301029032,""
9,2755.75,1,310724,1012514708,101,WA002,3040A-3043A-3045A-3053A-3055A-9999A-9999E,WA007,301029033,""
9,2755.75,1,310724,1012514708,101,WA002,3040A-3043A-3045A-3053A-3055A-9999A-9999E,WA007,301029034,""
9,2755.75,1,310724,1012514708,101,WA002,3040A-3043A-3045A-3053A-3055A-9999A-9999E,WA007,301029035,""
9,2755.75,1,310724,1012514708,101,WA002,3040A-3043A-3045A-3053A-3055A-9999A-9999E,WA007,301029049,""
9,2755.75,1,310724,1012514708,101,WA002,3040A-3043A-3045A-3053A-3055A-9999A-9999E,WA007,301029050,""
9,2755.75,1,310724,1012514708,101,WA002,3040A-3043A-3045A-3053A-3055A-9999A-9999E,WA007,301029051,""
9,2755.75,1,310724,1012514709,101,WA002,3040A-3043A-3045A-3053A-3055A-9999A-9999E,WA007,301029079,""
9,2755.75,1,310724,1012514709,101,WA002,3040A-3043A-3045A-3053A-3055A-9999A-9999E,WA007,301029089,""
9,2755.75,1,310724,1012514709,101,WA002,3040A-3043A-3045A-3053A-3055A-9999A-9999E,WA007,301029092,""
9,2755.75,1,310724,1012514709,101,WA002,3040A-3043A-3045A-3053A-3055A-9999A-9999E,WA007,301029103,""
9,2755.75,1,310724,1012514709,101,WA002,3040A-3043A-3045A-3053A-3055A-9999A-9999E,WA007,301029104,""
9,2755.75,1,310726,1022514753,101,WA003,3005WGUM-3007DRYGUM-3007FO-3007S-3025S-3033A-3035A-9999A-9999C-9999CS-9999E,WA003,301029883,""
9,2755.75,1,310726,1022514753,101,WA003,3005WGUM-3007DRYGUM-3007FO-3007S-3025S-3033A-3035A-9999A-9999C-9999CS-9999E,WA003,301029884,""
9,2755.75,1,310726,1022514753,101,WA003,3005WGUM-3007DRYGUM-3007FO-3007S-3025S-3033A-3035A-9999A-9999C-9999CS-9999E,WA007,301029830,""
9,2755.75,1,310726,1022514753,101,WA003,3005WGUM-3007DRYGUM-3007FO-3007S-3025S-3033A-3035A-9999A-9999C-9999CS-9999E,WA007,301029831,""
9,2755.75,1,310726,1022514753,101,WA003,3005WGUM-3007DRYGUM-3007FO-3007S-3025S-3033A-3035A-9999A-9999C-9999CS-9999E,WA007,301029832,""
9,2755.75,1,310726,1022514753,101,WA003,3005WGUM-3007DRYGUM-3007FO-3007S-3025S-3033A-3035A-9999A-9999C-9999CS-9999E,WA007,301029833,""
9,2755.75,1,310726,1022514753,101,WA003,3005WGUM-3007DRYGUM-3007FO-3007S-3025S-3033A-3035A-9999A-9999C-9999CS-9999E,WA007,301029880,""
9,2755.75,1,310726,1022514753,101,WA003,3005WGUM-3007DRYGUM-3007FO-3007S-3025S-3033A-3035A-9999A-9999C-9999CS-9999E,WA007,301029882,""
9,2755.75,1,310726,1022514754,101,WA003,3005WGUM-3007DRYGUM-3007FO-3007S-3025S-3033A-3035A-9999A-9999C-9999CS-9999E,WA003,301029902,""
9,2755.75,1,310726,1022514754,101,WA003,3005WGUM-3007DRYGUM-3007FO-3007S-3025S-3033A-3035A-9999A-9999C-9999CS-9999E,WA003,301029903,""
9,2755.75,1,310726,1022514754,101,WA003,3005WGUM-3007DRYGUM-3007FO-3007S-3025S-3033A-3035A-9999A-9999C-9999CS-9999E,WA003,301029955,""
9,2755.75,1,310726,1022514754,101,WA003,3005WGUM-3007DRYGUM-3007FO-3007S-3025S-3033A-3035A-9999A-9999C-9999CS-9999E,WA003,301029956,""
9,2755.75,1,310726,1022514754,101,WA003,3005WGUM-3007DRYGUM-3007FO-3007S-3025S-3033A-3035A-9999A-9999C-9999CS-9999E,WA003,301029957,""
9,2755.75,1,310726,1022514754,101,WA003,3005WGUM-3007DRYGUM-3007FO-3007S-3025S-3033A-3035A-9999A-9999C-9999CS-9999E,WA003,301029969,""
9,2755.75,1,310726,1022514754,101,WA003,3005WGUM-3007DRYGUM-3007FO-3007S-3025S-3033A-3035A-9999A-9999C-9999CS-9999E,WA003,301029970,""
9,2755.75,1,310726,1022514754,101,WA003,3005WGUM-3007DRYGUM-3007FO-3007S-3025S-3033A-3035A-9999A-9999C-9999CS-9999E,WA003,301029971,""
9,2755.75,1,310726,1022514755,101,WA003,3005WGUM-3007DRYGUM-3007FO-3007S-3025S-3033A-3035A-9999A-9999C-9999CS-9999E,WA003,301030092,""
9,2755.75,1,310726,1022514755,101,WA003,3005WGUM-3007DRYGUM-3007FO-3007S-3025S-3033A-3035A-9999A-9999C-9999CS-9999E,WA003,301030094,""
9,2755.75,1,310726,1022514755,101,WA003,3005WGUM-3007DRYGUM-3007FO-3007S-3025S-3033A-3035A-9999A-9999C-9999CS-9999E,WA003,301030095,""
9,2755.75,1,310726,1022514755,101,WA003,3005WGUM-3007DRYGUM-3007FO-3007S-3025S-3033A-3035A-9999A-9999C-9999CS-9999E,WA003,301030096,""
9,2755.75,1,310726,1022514755,101,WA003,3005WGUM-3007DRYGUM-3007FO-3007S-3025S-3033A-3035A-9999A-9999C-9999CS-9999E,WA003,301030098,""
9,2755.75,1,310726,1022514755,101,WA003,3005WGUM-3007DRYGUM-3007FO-3007S-3025S-3033A-3035A-9999A-9999C-9999CS-9999E,WA003,301030099,""
9,2755.75,1,310726,1022514755,101,WA003,3005WGUM-3007DRYGUM-3007FO-3007S-3025S-3033A-3035A-9999A-9999C-9999CS-9999E,WA003,301030121,""
9,2755.75,1,310726,1022514755,101,WA003,3005WGUM-3007DRYGUM-3007FO-3007S-3025S-3033A-3035A-9999A-9999C-9999CS-9999E,WA003,301030122,""
9,2755.75,1,310726,1022514756,101,WA003,3005WGUM-3007DRYGUM-3007FO-3007S-3025S-3033A-3035A-9999A-9999C-9999CS-9999E,WA003,301030153,""
9,2755.75,1,310726,1022514756,101,WA003,3005WGUM-3007DRYGUM-3007FO-3007S-3025S-3033A-3035A-9999A-9999C-9999CS-9999E,WA003,301030154,""
9,2755.75,1,310726,1022514756,101,WA003,3005WGUM-3007DRYGUM-3007FO-3007S-3025S-3033A-3035A-9999A-9999C-9999CS-9999E,WA003,301030155,""
9,2755.75,1,310726,1022514756,101,WA003,3005WGUM-3007DRYGUM-3007FO-3007S-3025S-3033A-3035A-9999A-9999C-9999CS-9999E,WA003,301030156,""
9,2755.75,1,310726,1022514756,101,WA003,3005WGUM-3007DRYGUM-3007FO-3007S-3025S-3033A-3035A-9999A-9999C-9999CS-9999E,WA003,301030221,""
9,2755.75,1,310726,1022514756,101,WA003,3005WGUM-3007DRYGUM-3007FO-3007S-3025S-3033A-3035A-9999A-9999C-9999CS-9999E,WA003,301030222,""
9,2755.75,1,310726,1022514756,101,WA003,3005WGUM-3007DRYGUM-3007FO-3007S-3025S-3033A-3035A-9999A-9999C-9999CS-9999E,WA003,301030223,""
9,2755.75,1,310726,1022514756,101,WA003,3005WGUM-3007DRYGUM-3007FO-3007S-3025S-3033A-3035A-9999A-9999C-9999CS-9999E,WA003,301030224,""
9,2755.75,1,310726,1022514757,101,WA003,3007S-3025S-3033A-3035A-9999A-9999C-9999CS-9999E,WA003,301030279,""
9,2755.75,1,310726,1022514757,101,WA003,3007S-3025S-3033A-3035A-9999A-9999C-9999CS-9999E,WA003,301030389,""
9,2755.75,1,310726,1022514757,101,WA003,3007S-3025S-3033A-3035A-9999A-9999C-9999CS-9999E,WA003,301030390,""
9,2755.75,1,310726,1022514757,101,WA003,3007S-3025S-3033A-3035A-9999A-9999C-9999CS-9999E,WA003,301030406,""
9,2755.75,1,310726,1022514757,101,WA003,3007S-3025S-3033A-3035A-9999A-9999C-9999CS-9999E,WA003,301030433,""
9,2755.75,1,310726,1022514757,101,WA003,3007S-3025S-3033A-3035A-9999A-9999C-9999CS-9999E,WA003,301030434,""
9,2755.75,1,310726,1022514757,101,WA003,3007S-3025S-3033A-3035A-9999A-9999C-9999CS-9999E,WA003,301030436,""
9,2755.75,1,310726,1022514757,101,WA003,3007S-3025S-3033A-3035A-9999A-9999C-9999CS-9999E,WA003,301030437,""
9,2755.75,1,310726,1022514760,101,WA003,9999A-9999C-9999CS-9999E,WA007,301030767,""
9,2755.75,1,310726,1022514760,101,WA003,9999A-9999C-9999CS-9999E,WA007,301030768,""
9,2755.75,1,310726,1022514760,101,WA003,9999A-9999C-9999CS-9999E,WA007,301030769,""
9,2755.75,1,310726,1022514760,101,WA003,9999A-9999C-9999CS-9999E,WA007,301030770,""
9,2755.75,1,310726,1022514760,101,WA003,9999A-9999C-9999CS-9999E,WA007,301030771,""
9,2755.75,1,310726,1022514760,101,WA003,9999A-9999C-9999CS-9999E,WA007,301030772,""
9,2755.75,1,310726,1022514760,101,WA003,9999A-9999C-9999CS-9999E,WA007,301030773,""
9,2755.75,1,310726,1022514760,101,WA003,9999A-9999C-9999CS-9999E,WA007,301030774,""
9,2755.75,1,310726,1022514761,101,WA003,9999A-9999C-9999CS-9999E,WA007,301030824,""
9,2755.75,1,310726,1022514761,101,WA003,9999A-9999C-9999CS-9999E,WA007,301030825,""
9,2755.75,1,310726,1022514761,101,WA003,9999A-9999C-9999CS-9999E,WA007,301030826,""
9,2755.75,1,310726,1022514761,101,WA003,9999A-9999C-9999CS-9999E,WA007,301030854,""
9,2755.75,1,310726,1022514761,101,WA003,9999A-9999C-9999CS-9999E,WA007,301030855,""
9,2755.75,1,310726,1022514761,101,WA003,9999A-9999C-9999CS-9999E,WA007,301030856,""
9,2755.75,1,310726,1022514761,101,WA003,9999A-9999C-9999CS-9999E,WA007,301030886,""
9,2755.75,1,310726,1022514761,101,WA003,9999A-9999C-9999CS-9999E,WA007,301030887,""
9,2755.75,1,310726,1022514762,101,WA003,3005WGUM-3007DRYGUM-3007FO-3007S-3025S-3033A-3035A-9999A-9999C-9999CS-9999E,WA007,301030888,""
9,2755.75,1,310726,1022514762,101,WA003,3005WGUM-3007DRYGUM-3007FO-3007S-3025S-3033A-3035A-9999A-9999C-9999CS-9999E,WA007,301030889,""
9,2755.75,1,310726,1022514762,101,WA003,3005WGUM-3007DRYGUM-3007FO-3007S-3025S-3033A-3035A-9999A-9999C-9999CS-9999E,WA007,301030890,""
9,2755.75,1,310726,1022514762,101,WA003,3005WGUM-3007DRYGUM-3007FO-3007S-3025S-3033A-3035A-9999A-9999C-9999CS-9999E,WA007,301030915,""
9,2755.75,1,310726,1022514762,101,WA003,3005WGUM-3007DRYGUM-3007FO-3007S-3025S-3033A-3035A-9999A-9999C-9999CS-9999E,WA007,301030916,""
9,2755.75,1,310726,1022514762,101,WA003,3005WGUM-3007DRYGUM-3007FO-3007S-3025S-3033A-3035A-9999A-9999C-9999CS-9999E,WA007,301030917,""
9,2755.75,1,310726,1022514762,101,WA003,3005WGUM-3007DRYGUM-3007FO-3007S-3025S-3033A-3035A-9999A-9999C-9999CS-9999E,WA007,301030950,""
9,2755.75,1,310726,1022514762,101,WA003,3005WGUM-3007DRYGUM-3007FO-3007S-3025S-3033A-3035A-9999A-9999C-9999CS-9999E,WA007,301030951,""
9,2755.75,1,310726,1022514763,101,WA003,3007S-3025S-3033A-3035A-9999A-9999E,WA007,301030952,""
9,2755.75,1,310726,1022514763,101,WA003,3007S-3025S-3033A-3035A-9999A-9999E,WA007,301030953,""
9,2755.75,1,310726,1022514763,101,WA003,3007S-3025S-3033A-3035A-9999A-9999E,WA007,301031002,""
9,2535.29,1,310726,1022514763,101,WA003,3007S-3025S-3033A-3035A-9999A-9999E,WA007,301031004,""
10,992.07,0,310002,1002514601,102,WA001,9999A,WA001,301028077,""
10,2755.75,1,310002,1002514601,102,WA001,9999A,WA001,301028078,""
10,2755.75,1,310002,1002514601,102,WA001,9999A,WA001,301028079,""
10,2755.75,1,310002,1002514601,102,WA001,9999A,WA001,301028080,""
10,2755.75,1,310002,1002514601,102,WA001,9999A,WA001,301028153,""
10,2755.75,1,310002,1002514601,102,WA001,9999A,WA001,301028158,""
10,2755.75,1,310002,1002514601,102,WA001,9999A,WA001,301028162,""
10,2755.75,1,310002,1002514601,102,WA001,9999A,WA001,301028163,""
10,2755.75,1,310002,1002514602,102,WA001,9999A,WA001,301028225,""
10,2755.75,1,310002,1002514602,102,WA001,9999A,WA001,301028244,""
10,2755.75,1,310002,1002514602,102,WA001,9999A,WA001,301028246,""
10,2755.75,1,310002,1002514602,102,WA001,9999A,WA001,301028251,""
10,2755.75,1,310002,1002514602,102,WA001,9999A,WA001,301028257,""
10,2755.75,1,310002,1002514602,102,WA001,9999A,WA001,301028259,""
10,2755.75,1,310002,1002514602,102,WA001,9999A,WA001,301028260,""
10,2755.75,1,310002,1002514602,102,WA001,9999A,WA001,301028271,""
10,2755.75,1,310002,1002514603,102,WA001,9999A,WA001,301028313,""
10,2755.75,1,310002,1002514603,102,WA001,9999A,WA001,301028314,""
10,2755.75,1,310002,1002514603,102,WA001,9999A,WA001,301028315,""
10,2755.75,1,310002,1002514603,102,WA001,9999A,WA001,301028316,""
10,2755.75,1,310002,1002514603,102,WA001,9999A,WA001,301028317,""
10,2755.75,1,310002,1002514603,102,WA001,9999A,WA001,301028319,""
10,2755.75,1,310002,1002514603,102,WA001,9999A,WA001,301028320,""
10,2755.75,1,310002,1002514603,102,WA001,9999A,WA001,301028321,""
10,2755.75,1,310002,1002514604,102,WA001,9999A,WA001,301028376,""
10,2755.75,1,310002,1002514604,102,WA001,9999A,WA001,301028377,""
10,2755.75,1,310002,1002514604,102,WA001,9999A,WA001,301028378,""
10,2755.75,1,310002,1002514604,102,WA001,9999A,WA001,301028379,""
10,2755.75,1,310015,1052514601,101,ID002,3117A-3123A-9999A-9999E,ID002,301027044,""
10,2755.75,1,310015,1052514601,101,ID002,3117A-3123A-9999A-9999E,ID002,301027045,""
10,2755.75,1,310015,1052514601,101,ID002,3117A-3123A-9999A-9999E,ID002,301027046,""
10,2755.75,1,310015,1052514601,101,ID002,3117A-3123A-9999A-9999E,ID002,301027048,""
10,2755.75,1,310015,1052514601,101,ID002,3117A-3123A-9999A-9999E,ID002,301027049,""
10,2755.75,1,310015,1052514601,101,ID002,3117A-3123A-9999A-9999E,ID002,301027050,""
10,2755.75,1,310015,1052514601,101,ID002,3117A-3123A-9999A-9999E,ID002,301027051,""
10,2755.75,1,310015,1052514601,101,ID002,3117A-3123A-9999A-9999E,ID002,301027052,""
10,2755.75,1,310015,1052514602,101,ID002,3117A-3123A-9999A-9999E,ID002,301027123,""
10,2755.75,1,310015,1052514602,101,ID002,3117A-3123A-9999A-9999E,ID002,301027124,""
10,2755.75,1,310015,1052514602,101,ID002,3117A-3123A-9999A-9999E,ID002,301027126,""
10,2755.75,1,310015,1052514602,101,ID002,3117A-3123A-9999A-9999E,ID002,301027129,""
10,2755.75,1,310015,1052514602,101,ID002,3117A-3123A-9999A-9999E,ID002,301027131,""
10,2755.75,1,310015,1052514602,101,ID002,3117A-3123A-9999A-9999E,ID002,301027134,""
10,2755.75,1,310015,1052514602,101,ID002,3117A-3123A-9999A-9999E,ID002,301027135,""
10,2755.75,1,310015,1052514602,101,ID002,3117A-3123A-9999A-9999E,ID002,301027136,""
10,2755.75,1,310015,1052514603,101,ID002,3117A-3123A-9999A-9999E,ID002,301027219,""
10,2755.75,1,310015,1052514603,101,ID002,3117A-3123A-9999A-9999E,ID002,301027222,""
10,2755.75,1,310015,1052514603,101,ID002,3117A-3123A-9999A-9999E,ID002,301027223,""
10,2755.75,1,310015,1052514603,101,ID002,3117A-3123A-9999A-9999E,ID002,301027225,""
10,2755.75,1,310015,1052514603,101,ID002,3117A-3123A-9999A-9999E,ID002,301027245,""
10,2755.75,1,310015,1052514603,101,ID002,3117A-3123A-9999A-9999E,ID002,301027246,""
10,2755.75,1,310015,1052514603,101,ID002,3117A-3123A-9999A-9999E,ID002,301027247,""
10,2755.75,1,310015,1052514603,101,ID002,3117A-3123A-9999A-9999E,ID002,301027249,""
10,2755.75,1,310015,1052514604,101,ID002,3117A-3123A-9999A-9999E,ID002,301027273,""
10,2755.75,1,310015,1052514604,101,ID002,3117A-3123A-9999A-9999E,ID002,301027275,""
10,2755.75,1,310015,1052514604,101,ID002,3117A-3123A-9999A-9999E,ID002,301027276,""
10,2755.75,1,310015,1052514604,101,ID002,3117A-3123A-9999A-9999E,ID002,301027277,""
10,2755.75,1,310015,1052514604,101,ID002,3117A-3123A-9999A-9999E,ID002,301027413,""
10,2755.75,1,310015,1052514604,101,ID002,3117A-3123A-9999A-9999E,ID002,301027416,""
10,2755.75,1,310015,1052514604,101,ID002,3117A-3123A-9999A-9999E,ID002,301027433,""
10,2755.75,1,310015,1052514604,101,ID002,3117A-3123A-9999A-9999E,ID002,301027440,""
10,2755.75,1,310015,1052514605,101,ID002,3117A-3123A-9999A-9999E,ID002,301027441,""
10,2755.75,1,310015,1052514605,101,ID002,3117A-3123A-9999A-9999E,ID002,301027453,""
10,2755.75,1,310015,1052514605,101,ID002,3117A-3123A-9999A-9999E,ID002,301027478,""
10,2755.75,1,310015,1052514605,101,ID002,3117A-3123A-9999A-9999E,ID002,301027480,""
10,2755.75,1,310015,1052514605,101,ID002,3117A-3123A-9999A-9999E,ID002,301027483,""
10,2755.75,1,310015,1052514605,101,ID002,3117A-3123A-9999A-9999E,ID002,301027487,""
10,2755.75,1,310015,1052514605,101,ID002,3117A-3123A-9999A-9999E,ID002,301027503,""
10,2755.75,1,310015,1052514605,101,ID002,3117A-3123A-9999A-9999E,ID002,301027505,""
10,2755.75,1,310015,1052514606,101,ID002,3117A-3123A-9999A-9999E,ID002,301027509,""
10,2755.75,1,310015,1052514606,101,ID002,3117A-3123A-9999A-9999E,ID002,301027522,""
10,2755.75,1,310015,1052514606,101,ID002,3117A-3123A-9999A-9999E,ID002,301027523,""
10,2755.75,1,310015,1052514606,101,ID002,3117A-3123A-9999A-9999E,ID002,301027527,""
10,2755.75,1,310015,1052514606,101,ID002,3117A-3123A-9999A-9999E,ID002,301027538,""
10,2755.75,1,310015,1052514606,101,ID002,3117A-3123A-9999A-9999E,ID002,301027547,""
10,2700.635,1,310015,1052514606,101,ID002,3117A-3123A-9999A-9999E,ID002,301027725,""
10,2755.75,1,310015,1052514606,101,ID002,3117A-3123A-9999A-9999E,ID002,301027726,""
10,2755.75,1,310015,1052514607,101,ID002,3117A-3123A-9999A-9999E,ID002,301027734,""
10,2755.75,1,310015,1052514607,101,ID002,3117A-3123A-9999A-9999E,ID002,301027738,""
10,2755.75,1,310015,1052514607,101,ID002,3117A-3123A-9999A-9999E,ID002,301027771,""
10,2755.75,1,310015,1052514607,101,ID002,3117A-3123A-9999A-9999E,ID002,301027772,""
10,2755.75,1,310015,1052514607,101,ID002,3117A-3123A-9999A-9999E,ID002,301027773,""
10,2755.75,1,310015,1052514607,101,ID002,3117A-3123A-9999A-9999E,ID002,301027774,""
10,2755.75,1,310015,1052514607,101,ID002,3117A-3123A-9999A-9999E,ID002,301027785,""
10,2755.75,1,310015,1052514607,101,ID002,3117A-3123A-9999A-9999E,ID002,301027786,""
10,2755.75,1,310015,1052514608,101,ID002,3117A-3123A-9999A-9999E,ID002,301027824,""
10,2755.75,1,310015,1052514608,101,ID002,3117A-3123A-9999A-9999E,ID002,301027825,""
10,2755.75,1,310015,1052514608,101,ID002,3117A-3123A-9999A-9999E,ID002,301027827,""
10,2755.75,1,310015,1052514608,101,ID002,3117A-3123A-9999A-9999E,ID002,301027828,""
10,2755.75,1,310015,1052514608,101,ID002,3117A-3123A-9999A-9999E,ID002,301027829,""
10,2755.75,1,310015,1052514608,101,ID002,3117A-3123A-9999A-9999E,ID002,301027840,""
10,2755.75,1,310015,1052514608,101,ID002,3117A-3123A-9999A-9999E,ID002,301027853,""
10,2755.75,1,310015,1052514608,101,ID002,3117A-3123A-9999A-9999E,ID002,301027859,""
10,2755.75,1,310015,1052514609,101,ID002,3117A-3123A-9999A-9999E,ID002,301027896,""
10,2755.75,1,310015,1052514609,101,ID002,3117A-3123A-9999A-9999E,ID002,301027897,""
10,2755.75,1,310015,1052514609,101,ID002,3117A-3123A-9999A-9999E,ID002,301027898,""
10,2755.75,1,310015,1052514609,101,ID002,3117A-3123A-9999A-9999E,ID002,301027899,""
10,2755.75,1,310015,1052514609,101,ID002,3117A-3123A-9999A-9999E,ID002,301027900,""
10,2755.75,1,310015,1052514609,101,ID002,3117A-3123A-9999A-9999E,ID002,301027993,""
10,2755.75,1,310015,1052514609,101,ID002,3117A-3123A-9999A-9999E,ID002,301028000,""
10,2755.75,1,310015,1052514609,101,ID002,3117A-3123A-9999A-9999E,ID002,301028001,""
10,2755.75,1,310015,1052514610,101,ID002,3117A-3123A-9999A-9999E,ID002,301028005,""
10,2755.75,1,310015,1052514610,101,ID002,3117A-3123A-9999A-9999E,ID002,301028006,""
10,2755.75,1,310015,1052514610,101,ID002,3117A-3123A-9999A-9999E,ID002,301028022,""
10,2755.75,1,310015,1052514610,101,ID002,3117A-3123A-9999A-9999E,ID002,301028023,""
10,2755.75,1,310015,1052514610,101,ID002,3117A-3123A-9999A-9999E,ID002,301028043,""
10,2755.75,1,310015,1052514610,101,ID002,3117A-3123A-9999A-9999E,ID002,301028044,""
10,2755.75,1,310015,1052514610,101,ID002,3117A-3123A-9999A-9999E,ID002,301028082,""
10,2755.75,1,310015,1052514610,101,ID002,3117A-3123A-9999A-9999E,ID002,301028084,""
10,2755.75,1,310015,1052514611,101,ID002,3117A-3123A-9999A-9999E,ID002,301028085,""
10,2755.75,1,310015,1052514611,101,ID002,3117A-3123A-9999A-9999E,ID002,301028086,""
10,2755.75,1,310015,1052514611,101,ID002,3117A-3123A-9999A-9999E,ID002,301028087,""
10,2755.75,1,310015,1052514611,101,ID002,3117A-3123A-9999A-9999E,ID002,301028088,""
10,2755.75,1,310015,1052514611,101,ID002,3117A-3123A-9999A-9999E,ID002,301028103,""
10,2755.75,1,310015,1052514611,101,ID002,3117A-3123A-9999A-9999E,ID002,301028104,""
10,2755.75,1,310015,1052514611,101,ID002,3117A-3123A-9999A-9999E,ID002,301028105,""
10,2755.75,1,310015,1052514611,101,ID002,3117A-3123A-9999A-9999E,ID002,301028106,""
10,2755.75,1,310015,1052514612,101,ID002,3117A-3123A-9999A-9999E,ID002,301028115,""
10,2755.75,1,310015,1052514612,101,ID002,3117A-3123A-9999A-9999E,ID002,301028119,""
10,2755.75,1,310015,1052514612,101,ID002,3117A-3123A-9999A-9999E,ID002,301028126,""
10,2755.75,1,310015,1052514612,101,ID002,3117A-3123A-9999A-9999E,ID002,301028127,""
10,2755.75,1,310015,1052514612,101,ID002,3117A-3123A-9999A-9999E,ID002,301028146,""
10,2755.75,1,310015,1052514612,101,ID002,3117A-3123A-9999A-9999E,ID002,301028147,""
10,2755.75,1,310015,1052514612,101,ID002,3117A-3123A-9999A-9999E,ID002,301028148,""
10,2755.75,1,310015,1052514612,101,ID002,3117A-3123A-9999A-9999E,ID002,301028149,""
10,2755.75,1,310015,1052514613,101,ID002,3117A-3123A-9999A-9999E,ID002,301028173,""
10,2755.75,1,310015,1052514613,101,ID002,3117A-3123A-9999A-9999E,ID002,301028174,""
10,2755.75,1,310015,1052514613,101,ID002,3117A-3123A-9999A-9999E,ID002,301028180,""
10,2755.75,1,310015,1052514613,101,ID002,3117A-3123A-9999A-9999E,ID002,301028181,""
10,2755.75,1,310015,1052514613,101,ID002,3117A-3123A-9999A-9999E,ID002,301028207,""
10,2755.75,1,310015,1052514613,101,ID002,3117A-3123A-9999A-9999E,ID002,301028208,""
10,2755.75,1,310015,1052514613,101,ID002,3117A-3123A-9999A-9999E,ID002,301028211,""
10,2755.75,1,310015,1052514613,101,ID002,3117A-3123A-9999A-9999E,ID002,301028214,""
10,2755.75,1,310015,1052514614,101,ID002,3117A-3123A-9999A-9999E,ID002,301028224,""
10,2755.75,1,310015,1052514614,101,ID002,3117A-3123A-9999A-9999E,ID002,301028226,""
10,2755.75,1,310015,1052514614,101,ID002,3117A-3123A-9999A-9999E,ID002,301028227,""
10,2755.75,1,310015,1052514614,101,ID002,3117A-3123A-9999A-9999E,ID002,301028229,""
10,2755.75,1,310015,1052514614,101,ID002,3117A-3123A-9999A-9999E,ID002,301028272,""
10,2755.75,1,310015,1052514614,101,ID002,3117A-3123A-9999A-9999E,ID002,301028273,""
10,2755.75,1,310015,1052514614,101,ID002,3117A-3123A-9999A-9999E,ID002,301028281,""
10,2755.75,1,310015,1052514614,101,ID002,3117A-3123A-9999A-9999E,ID002,301028282,""
10,2755.75,1,310015,1052514615,101,ID002,3117A-3123A-9999A-9999E,ID002,301028299,""
10,2755.75,1,310015,1052514615,101,ID002,3117A-3123A-9999A-9999E,ID002,301028300,""
10,2755.75,1,310015,1052514615,101,ID002,3117A-3123A-9999A-9999E,ID002,301028309,""
10,2755.75,1,310015,1052514615,101,ID002,3117A-3123A-9999A-9999E,ID002,301028310,""
10,2755.75,1,310015,1052514615,101,ID002,3117A-3123A-9999A-9999E,ID002,301028353,""
10,2755.75,1,310015,1052514615,101,ID002,3117A-3123A-9999A-9999E,ID002,301028354,""
10,2755.75,1,310015,1052514615,101,ID002,3117A-3123A-9999A-9999E,ID002,301028355,""
10,2755.75,1,310015,1052514615,101,ID002,3117A-3123A-9999A-9999E,ID002,301028356,""
10,2755.75,1,310724,1012514601,101,WA002,3040A-3043A-3045A-3053A-3055A-9999A-9999E,WA007,301027120,""
10,2755.75,1,310724,1012514601,101,WA002,3040A-3043A-3045A-3053A-3055A-9999A-9999E,WA007,301027178,""
10,2755.75,1,310724,1012514601,101,WA002,3040A-3043A-3045A-3053A-3055A-9999A-9999E,WA007,301027184,""
10,2755.75,1,310724,1012514602,101,WA002,3040A-3043A-3045A-3053A-3055A-9999A-9999E,WA007,301027224,""
10,2755.75,1,310724,1012514602,101,WA002,3040A-3043A-3045A-3053A-3055A-9999A-9999E,WA007,301027226,""
10,2755.75,1,310724,1012514602,101,WA002,3040A-3043A-3045A-3053A-3055A-9999A-9999E,WA007,301027228,""
10,2755.75,1,310724,1012514602,101,WA002,3040A-3043A-3045A-3053A-3055A-9999A-9999E,WA007,301027231,""
10,2755.75,1,310724,1012514602,101,WA002,3040A-3043A-3045A-3053A-3055A-9999A-9999E,WA007,301027234,""
10,2755.75,1,310724,1012514602,101,WA002,3040A-3043A-3045A-3053A-3055A-9999A-9999E,WA007,301027248,""
10,2755.75,1,310724,1012514602,101,WA002,3040A-3043A-3045A-3053A-3055A-9999A-9999E,WA007,301027250,""
10,2755.75,1,310724,1012514602,101,WA002,3040A-3043A-3045A-3053A-3055A-9999A-9999E,WA007,301027253,""
10,2755.75,1,310724,1012514603,101,WA002,3040A-3043A-3045A-3053A-3055A-9999A-9999C-9999E,WA007,301027259,""
10,2755.75,1,310724,1012514603,101,WA002,3040A-3043A-3045A-3053A-3055A-9999A-9999C-9999E,WA007,301027265,""
10,2755.75,1,310724,1012514603,101,WA002,3040A-3043A-3045A-3053A-3055A-9999A-9999C-9999E,WA007,301027278,""
10,2755.75,1,310724,1012514603,101,WA002,3040A-3043A-3045A-3053A-3055A-9999A-9999C-9999E,WA007,301027279,""
10,2755.75,1,310724,1012514606,101,WA002,3040A-3045A-3053A-3055A-9999A-9999E,WA007,301027510,""
10,2755.75,1,310724,1012514607,101,WA002,3040A-3045A-3053A-9999A-9999E,WA007,301027520,""
10,2755.75,1,310724,1012514607,101,WA002,3040A-3045A-3053A-9999A-9999E,WA007,301027524,""
10,2755.75,1,310724,1012514607,101,WA002,3040A-3045A-3053A-9999A-9999E,WA007,301027531,""
10,2755.75,1,310724,1012514607,101,WA002,3040A-3045A-3053A-9999A-9999E,WA007,301027537,""
10,2755.75,1,310724,1012514607,101,WA002,3040A-3045A-3053A-9999A-9999E,WA007,301027549,""
10,2755.75,1,310724,1012514607,101,WA002,3040A-3045A-3053A-9999A-9999E,WA007,301027553,""
10,2755.75,1,310724,1012514607,101,WA002,3040A-3045A-3053A-9999A-9999E,WA007,301027563,""
10,2755.75,1,310724,1012514607,101,WA002,3040A-3045A-3053A-9999A-9999E,WA007,301027564,""
10,2755.75,1,310724,1012514612,101,WA002,3040A-3043A-3045A-3053A-3055A-9999A-9999C-9999E,WA007,301027893,""
10,2755.75,1,310724,1012514612,101,WA002,3040A-3043A-3045A-3053A-3055A-9999A-9999C-9999E,WA007,301027894,""
10,2755.75,1,310724,1012514612,101,WA002,3040A-3043A-3045A-3053A-3055A-9999A-9999C-9999E,WA007,301027916,""
10,2755.75,1,310724,1012514613,101,WA002,3040A-3043A-3045A-3053A-3055A-9999A-9999C-9999E,WA007,301027917,""
10,2755.75,1,310724,1012514613,101,WA002,3040A-3043A-3045A-3053A-3055A-9999A-9999C-9999E,WA007,301027930,""
10,2755.75,1,310724,1012514613,101,WA002,3040A-3043A-3045A-3053A-3055A-9999A-9999C-9999E,WA007,301027934,""
10,2755.75,1,310724,1012514613,101,WA002,3040A-3043A-3045A-3053A-3055A-9999A-9999C-9999E,WA007,301028053,""
10,2755.75,1,310724,1012514613,101,WA002,3040A-3043A-3045A-3053A-3055A-9999A-9999C-9999E,WA007,301028054,""
10,2755.75,1,310724,1012514616,101,WA002,3040A-3043A-3045A-3053A-3055A-9999A-9999C-9999E,WA007,301028258,""
10,2755.75,1,310724,1012514616,101,WA002,3040A-3043A-3045A-3053A-3055A-9999A-9999C-9999E,WA007,301028304,""
10,2755.75,1,310724,1012514616,101,WA002,3040A-3043A-3045A-3053A-3055A-9999A-9999C-9999E,WA007,301028324,""
10,2755.75,1,310726,1022514651,101,WA003,3007S-3025S-3033A-3035A-9999A-9999E,WA007,301028307,233258-1-1-101
10,2755.75,1,310726,1022514651,101,WA003,3007S-3025S-3033A-3035A-9999A-9999E,WA007,301028308,233258-1-1-101
10,2755.75,1,310726,1022514651,101,WA003,3007S-3025S-3033A-3035A-9999A-9999E,WA007,301028328,233258-1-1-101
10,2755.75,1,310726,1022514651,101,WA003,3007S-3025S-3033A-3035A-9999A-9999E,WA007,301028329,233258-1-1-101
10,2755.75,1,310726,1022514651,101,WA003,3007S-3025S-3033A-3035A-9999A-9999E,WA007,301028330,233258-1-1-101
10,2755.75,1,310726,1022514651,101,WA003,3007S-3025S-3033A-3035A-9999A-9999E,WA007,301028331,233258-1-1-101
10,2755.75,1,310726,1022514651,101,WA003,3007S-3025S-3033A-3035A-9999A-9999E,WA007,301028332,233258-1-1-101
10,2755.75,1,310726,1022514651,101,WA003,3007S-3025S-3033A-3035A-9999A-9999E,WA007,301028333,233258-1-1-101
10,2755.75,1,310726,1022514652,101,WA003,3005WGUM-3007DRYGUM-3007FO-3007S-3025S-3033A-3035A-9999A-9999C-9999CS-9999E,WA007,301028399,""
10,2755.75,1,310726,1022514652,101,WA003,3005WGUM-3007DRYGUM-3007FO-3007S-3025S-3033A-3035A-9999A-9999C-9999CS-9999E,WA007,301028400,""
10,2755.75,1,310726,1022514652,101,WA003,3005WGUM-3007DRYGUM-3007FO-3007S-3025S-3033A-3035A-9999A-9999C-9999CS-9999E,WA007,301028401,""
10,2755.75,1,310726,1022514652,101,WA003,3005WGUM-3007DRYGUM-3007FO-3007S-3025S-3033A-3035A-9999A-9999C-9999CS-9999E,WA007,301028402,""
10,2755.75,1,310726,1022514652,101,WA003,3005WGUM-3007DRYGUM-3007FO-3007S-3025S-3033A-3035A-9999A-9999C-9999CS-9999E,WA007,301028403,""
10,2755.75,1,310726,1022514652,101,WA003,3005WGUM-3007DRYGUM-3007FO-3007S-3025S-3033A-3035A-9999A-9999C-9999CS-9999E,WA007,301028404,""
10,2755.75,1,310726,1022514652,101,WA003,3005WGUM-3007DRYGUM-3007FO-3007S-3025S-3033A-3035A-9999A-9999C-9999CS-9999E,WA007,301028405,""
10,2755.75,1,310726,1022514652,101,WA003,3005WGUM-3007DRYGUM-3007FO-3007S-3025S-3033A-3035A-9999A-9999C-9999CS-9999E,WA007,301028406,""
10,2755.75,1,310726,1022514653,101,WA003,3005WGUM-3007DRYGUM-3007FO-3007S-3025S-3033A-3035A-9999A-9999C-9999CS-9999E,WA007,301028485,""
10,2755.75,1,310726,1022514653,101,WA003,3005WGUM-3007DRYGUM-3007FO-3007S-3025S-3033A-3035A-9999A-9999C-9999CS-9999E,WA007,301028486,""
10,2755.75,1,310726,1022514653,101,WA003,3005WGUM-3007DRYGUM-3007FO-3007S-3025S-3033A-3035A-9999A-9999C-9999CS-9999E,WA007,301028487,""
10,2755.75,1,310726,1022514653,101,WA003,3005WGUM-3007DRYGUM-3007FO-3007S-3025S-3033A-3035A-9999A-9999C-9999CS-9999E,WA007,301028488,""
10,2755.75,1,310726,1022514653,101,WA003,3005WGUM-3007DRYGUM-3007FO-3007S-3025S-3033A-3035A-9999A-9999C-9999CS-9999E,WA007,301028489,""
10,2755.75,1,310726,1022514653,101,WA003,3005WGUM-3007DRYGUM-3007FO-3007S-3025S-3033A-3035A-9999A-9999C-9999CS-9999E,WA007,301028490,""
10,2755.75,1,310726,1022514653,101,WA003,3005WGUM-3007DRYGUM-3007FO-3007S-3025S-3033A-3035A-9999A-9999C-9999CS-9999E,WA007,301028491,""
10,2755.75,1,310726,1022514653,101,WA003,3005WGUM-3007DRYGUM-3007FO-3007S-3025S-3033A-3035A-9999A-9999C-9999CS-9999E,WA007,301028492,""
10,2755.75,1,310726,1022514654,101,WA003,3005WGUM-3007DRYGUM-3007FO-3007S-3025S-3033A-3035A-9999A-9999C-9999CS-9999E,WA007,301028545,""
10,2755.75,1,310726,1022514654,101,WA003,3005WGUM-3007DRYGUM-3007FO-3007S-3025S-3033A-3035A-9999A-9999C-9999CS-9999E,WA007,301028546,""
10,2755.75,1,310726,1022514654,101,WA003,3005WGUM-3007DRYGUM-3007FO-3007S-3025S-3033A-3035A-9999A-9999C-9999CS-9999E,WA007,301028547,""
10,2755.75,1,310726,1022514654,101,WA003,3005WGUM-3007DRYGUM-3007FO-3007S-3025S-3033A-3035A-9999A-9999C-9999CS-9999E,WA007,301028548,""
10,2755.75,1,310726,1022514654,101,WA003,3005WGUM-3007DRYGUM-3007FO-3007S-3025S-3033A-3035A-9999A-9999C-9999CS-9999E,WA007,301028559,""
10,2755.75,1,310726,1022514654,101,WA003,3005WGUM-3007DRYGUM-3007FO-3007S-3025S-3033A-3035A-9999A-9999C-9999CS-9999E,WA007,301028560,""
10,2755.75,1,310726,1022514654,101,WA003,3005WGUM-3007DRYGUM-3007FO-3007S-3025S-3033A-3035A-9999A-9999C-9999CS-9999E,WA007,301028561,""
10,2755.75,1,310726,1022514654,101,WA003,3005WGUM-3007DRYGUM-3007FO-3007S-3025S-3033A-3035A-9999A-9999C-9999CS-9999E,WA007,301028587,""
10,2755.75,1,310726,1022514655,101,WA003,3005WGUM-3007DRYGUM-3007FO-3007S-3025S-3033A-3035A-9999A-9999C-9999CS-9999E,WA007,301028623,""
10,2755.75,1,310726,1022514655,101,WA003,3005WGUM-3007DRYGUM-3007FO-3007S-3025S-3033A-3035A-9999A-9999C-9999CS-9999E,WA007,301028785,""
10,2755.75,1,310726,1022514655,101,WA003,3005WGUM-3007DRYGUM-3007FO-3007S-3025S-3033A-3035A-9999A-9999C-9999CS-9999E,WA007,301028791,""
10,2755.75,1,310726,1022514655,101,WA003,3005WGUM-3007DRYGUM-3007FO-3007S-3025S-3033A-3035A-9999A-9999C-9999CS-9999E,WA007,301028792,""
10,2755.75,1,310726,1022514655,101,WA003,3005WGUM-3007DRYGUM-3007FO-3007S-3025S-3033A-3035A-9999A-9999C-9999CS-9999E,WA007,301028796,""
10,2755.75,1,310726,1022514655,101,WA003,3005WGUM-3007DRYGUM-3007FO-3007S-3025S-3033A-3035A-9999A-9999C-9999CS-9999E,WA007,301028797,""
10,2755.75,1,310726,1022514655,101,WA003,3005WGUM-3007DRYGUM-3007FO-3007S-3025S-3033A-3035A-9999A-9999C-9999CS-9999E,WA007,301028798,""
10,2755.75,1,310726,1022514655,101,WA003,3005WGUM-3007DRYGUM-3007FO-3007S-3025S-3033A-3035A-9999A-9999C-9999CS-9999E,WA007,301028799,""
10,2755.75,1,310726,1022514656,101,WA003,3005WGUM-3007DRYGUM-3007FO-3007S-3025S-3033A-3035A-9999A-9999C-9999CS-9999E,WA007,301028819,""
10,2755.75,1,310726,1022514656,101,WA003,3005WGUM-3007DRYGUM-3007FO-3007S-3025S-3033A-3035A-9999A-9999C-9999CS-9999E,WA007,301028820,""
10,2700.635,1,310726,1022514656,101,WA003,3005WGUM-3007DRYGUM-3007FO-3007S-3025S-3033A-3035A-9999A-9999C-9999CS-9999E,WA007,301028881,""
10,2755.75,1,310726,1022514656,101,WA003,3005WGUM-3007DRYGUM-3007FO-3007S-3025S-3033A-3035A-9999A-9999C-9999CS-9999E,WA007,301028882,""
10,2755.75,1,310726,1022514656,101,WA003,3005WGUM-3007DRYGUM-3007FO-3007S-3025S-3033A-3035A-9999A-9999C-9999CS-9999E,WA007,301028883,""
10,2755.75,1,310726,1022514656,101,WA003,3005WGUM-3007DRYGUM-3007FO-3007S-3025S-3033A-3035A-9999A-9999C-9999CS-9999E,WA007,301028884,""
10,2755.75,1,310726,1022514656,101,WA003,3005WGUM-3007DRYGUM-3007FO-3007S-3025S-3033A-3035A-9999A-9999C-9999CS-9999E,WA007,301028885,""
10,2755.75,1,310726,1022514656,101,WA003,3005WGUM-3007DRYGUM-3007FO-3007S-3025S-3033A-3035A-9999A-9999C-9999CS-9999E,WA007,301028887,""
10,2755.75,1,310726,1022514657,101,WA003,3005WGUM-3007DRYGUM-3007FO-3007S-3025S-3033A-3035A-9999A-9999C-9999CS-9999E,WA007,301028895,""
10,2755.75,1,310726,1022514657,101,WA003,3005WGUM-3007DRYGUM-3007FO-3007S-3025S-3033A-3035A-9999A-9999C-9999CS-9999E,WA007,301028896,""
10,2755.75,1,310726,1022514657,101,WA003,3005WGUM-3007DRYGUM-3007FO-3007S-3025S-3033A-3035A-9999A-9999C-9999CS-9999E,WA007,301028916,""
10,2755.75,1,310726,1022514657,101,WA003,3005WGUM-3007DRYGUM-3007FO-3007S-3025S-3033A-3035A-9999A-9999C-9999CS-9999E,WA007,301028917,""
10,2755.75,1,310726,1022514657,101,WA003,3005WGUM-3007DRYGUM-3007FO-3007S-3025S-3033A-3035A-9999A-9999C-9999CS-9999E,WA007,301028918,""
10,2755.75,1,310726,1022514657,101,WA003,3005WGUM-3007DRYGUM-3007FO-3007S-3025S-3033A-3035A-9999A-9999C-9999CS-9999E,WA007,301028919,""
10,2755.75,1,310726,1022514657,101,WA003,3005WGUM-3007DRYGUM-3007FO-3007S-3025S-3033A-3035A-9999A-9999C-9999CS-9999E,WA007,301028959,""
10,2755.75,1,310726,1022514657,101,WA003,3005WGUM-3007DRYGUM-3007FO-3007S-3025S-3033A-3035A-9999A-9999C-9999CS-9999E,WA007,301028960,""
10,2755.75,1,310726,1022514658,101,WA003,3005WGUM-3007DRYGUM-3007FO-3007S-3025S-3033A-3035A-9999A-9999C-9999CS-9999E,WA007,301028962,""
10,2755.75,1,310726,1022514658,101,WA003,3005WGUM-3007DRYGUM-3007FO-3007S-3025S-3033A-3035A-9999A-9999C-9999CS-9999E,WA007,301028963,""
10,2755.75,1,310726,1022514660,101,WA003,3005WGUM-3007DRYGUM-3007FO-3007S-3025S-3033A-3035A-9999A-9999C-9999CS-9999E,WA007,301029132,""
10,2755.75,1,310726,1022514660,101,WA003,3005WGUM-3007DRYGUM-3007FO-3007S-3025S-3033A-3035A-9999A-9999C-9999CS-9999E,WA007,301029133,""
10,2755.75,1,310726,1022514660,101,WA003,3005WGUM-3007DRYGUM-3007FO-3007S-3025S-3033A-3035A-9999A-9999C-9999CS-9999E,WA007,301029134,""
10,2755.75,1,310726,1022514660,101,WA003,3005WGUM-3007DRYGUM-3007FO-3007S-3025S-3033A-3035A-9999A-9999C-9999CS-9999E,WA007,301029138,""
10,2755.75,1,310726,1022514660,101,WA003,3005WGUM-3007DRYGUM-3007FO-3007S-3025S-3033A-3035A-9999A-9999C-9999CS-9999E,WA007,301029139,""
10,2755.75,1,310726,1022514660,101,WA003,3005WGUM-3007DRYGUM-3007FO-3007S-3025S-3033A-3035A-9999A-9999C-9999CS-9999E,WA007,301029145,""
10,2755.75,1,310726,1022514660,101,WA003,3005WGUM-3007DRYGUM-3007FO-3007S-3025S-3033A-3035A-9999A-9999C-9999CS-9999E,WA007,301029146,""
10,2755.75,1,310726,1022514660,101,WA003,3005WGUM-3007DRYGUM-3007FO-3007S-3025S-3033A-3035A-9999A-9999C-9999CS-9999E,WA007,301029147,""
10,2755.75,1,310726,1022514661,101,WA003,3005WGUM-3007DRYGUM-3007FO-3007S-3025S-3033A-3035A-9999A-9999C-9999CS-9999E,WA007,301029194,""
10,2755.75,1,310726,1022514661,101,WA003,3005WGUM-3007DRYGUM-3007FO-3007S-3025S-3033A-3035A-9999A-9999C-9999CS-9999E,WA007,301029195,""
10,2755.75,1,310726,1022514661,101,WA003,3005WGUM-3007DRYGUM-3007FO-3007S-3025S-3033A-3035A-9999A-9999C-9999CS-9999E,WA007,301029252,""
10,2755.75,1,310726,1022514661,101,WA003,3005WGUM-3007DRYGUM-3007FO-3007S-3025S-3033A-3035A-9999A-9999C-9999CS-9999E,WA007,301029253,""
11,2755.75,1,310002,1002514501,102,WA001,9999A,WA001,301025934,""
11,2755.75,1,310002,1002514501,102,WA001,9999A,WA001,301025936,""
11,2755.75,1,310002,1002514501,102,WA001,9999A,WA001,301025937,""
11,2755.75,1,310002,1002514501,102,WA001,9999A,WA001,301025938,""
11,2755.75,1,310002,1002514501,102,WA001,9999A,WA001,301025963,""
11,2755.75,1,310002,1002514501,102,WA001,9999A,WA001,301025964,""
11,2755.75,1,310002,1002514501,102,WA001,9999A,WA001,301025965,""
11,2755.75,1,310002,1002514501,102,WA001,9999A,WA001,301025966,""
11,2755.75,1,310002,1002514502,102,WA001,9999A,WA001,301026012,""
11,2755.75,1,310002,1002514502,102,WA001,9999A,WA001,301026026,""
11,2755.75,1,310002,1002514502,102,WA001,9999A,WA001,301026030,""
11,2755.75,1,310002,1002514502,102,WA001,9999A,WA001,301026031,""
11,2755.75,1,310002,1002514502,102,WA001,9999A,WA001,301026037,""
11,2755.75,1,310002,1002514502,102,WA001,9999A,WA001,301026044,""
11,2755.75,1,310002,1002514502,102,WA001,9999A,WA001,301026071,""
11,2755.75,1,310002,1002514502,102,WA001,9999A,WA001,301026072,""
11,2755.75,1,310002,1002514503,102,WA001,9999A,WA001,301026094,""
11,2755.75,1,310002,1002514503,102,WA001,9999A,WA001,301026096,""
11,2755.75,1,310002,1002514503,102,WA001,9999A,WA001,301026097,""
11,2755.75,1,310002,1002514503,102,WA001,9999A,WA001,301026098,""
11,2755.75,1,310002,1002514503,102,WA001,9999A,WA001,301026152,""
11,2755.75,1,310002,1002514503,102,WA001,9999A,WA001,301026153,""
11,2755.75,1,310002,1002514503,102,WA001,9999A,WA001,301026154,""
11,2755.75,1,310002,1002514503,102,WA001,9999A,WA001,301026155,""
11,2755.75,1,310002,1002514504,102,WA001,9999A,WA001,301026211,""
11,2755.75,1,310002,1002514504,102,WA001,9999A,WA001,301026230,""
11,2755.75,1,310002,1002514504,102,WA001,9999A,WA001,301026231,""
11,2755.75,1,310002,1002514504,102,WA001,9999A,WA001,301026242,""
11,2755.75,1,310002,1002514504,102,WA001,9999A,WA001,301026258,""
11,2755.75,1,310002,1002514504,102,WA001,9999A,WA001,301026268,""
11,1763.68,1,310002,1002514504,102,WA001,9999A,WA001,301026289,""
11,2755.75,1,310015,1052514502,101,ID002,3117A-3123A-9999A-9999E,ID002,301025566,""
11,2755.75,1,310015,1052514503,101,ID002,3117A-3123A-9999A-9999E,ID002,301025679,""
11,2755.75,1,310015,1052514508,101,ID002,3117A-3123A-9999A-9999E,ID002,301026099,""
11,2755.75,1,310015,1052514508,101,ID002,3117A-3123A-9999A-9999E,ID002,301026100,""
11,2755.75,1,310015,1052514508,101,ID002,3117A-3123A-9999A-9999E,ID002,301026101,""
11,2755.75,1,310015,1052514508,101,ID002,3117A-3123A-9999A-9999E,ID002,301026102,""
11,2755.75,1,310015,1052514508,101,ID002,3117A-3123A-9999A-9999E,ID002,301026103,""
11,2755.75,1,310015,1052514508,101,ID002,3117A-3123A-9999A-9999E,ID002,301026104,""
11,2755.75,1,310015,1052514508,101,ID002,3117A-3123A-9999A-9999E,ID002,301026147,""
11,2755.75,1,310015,1052514508,101,ID002,3117A-3123A-9999A-9999E,ID002,301026148,""
11,2755.75,1,310015,1052514509,101,ID002,3117A-3123A-9999A-9999E,ID002,301026161,""
11,2755.75,1,310015,1052514509,101,ID002,3117A-3123A-9999A-9999E,ID002,301026162,""
11,2755.75,1,310015,1052514509,101,ID002,3117A-3123A-9999A-9999E,ID002,301026163,""
11,2755.75,1,310015,1052514509,101,ID002,3117A-3123A-9999A-9999E,ID002,301026164,""
11,2755.75,1,310015,1052514509,101,ID002,3117A-3123A-9999A-9999E,ID002,301026189,""
11,2755.75,1,310015,1052514509,101,ID002,3117A-3123A-9999A-9999E,ID002,301026190,""
11,2755.75,1,310015,1052514509,101,ID002,3117A-3123A-9999A-9999E,ID002,301026192,""
11,2755.75,1,310015,1052514509,101,ID002,3117A-3123A-9999A-9999E,ID002,301026195,""
11,2755.75,1,310015,1052514510,101,ID002,3117A-3123A-9999A-9999E,ID002,301026278,""
11,2755.75,1,310015,1052514510,101,ID002,3117A-3123A-9999A-9999E,ID002,301026279,""
11,2755.75,1,310015,1052514510,101,ID002,3117A-3123A-9999A-9999E,ID002,301026280,""
11,2755.75,1,310015,1052514510,101,ID002,3117A-3123A-9999A-9999E,ID002,301026281,""
11,2755.75,1,310015,1052514510,101,ID002,3117A-3123A-9999A-9999E,ID002,301026282,""
11,2755.75,1,310015,1052514510,101,ID002,3117A-3123A-9999A-9999E,ID002,301026283,""
11,2755.75,1,310015,1052514510,101,ID002,3117A-3123A-9999A-9999E,ID002,301026284,""
11,2755.75,1,310015,1052514510,101,ID002,3117A-3123A-9999A-9999E,ID002,301026285,""
11,2755.75,1,310015,1052514511,101,ID002,3117A-3123A-9999A-9999E,ID002,301026354,""
11,2755.75,1,310015,1052514511,101,ID002,3117A-3123A-9999A-9999E,ID002,301026355,""
11,2755.75,1,310015,1052514511,101,ID002,3117A-3123A-9999A-9999E,ID002,301026356,""
11,2755.75,1,310015,1052514511,101,ID002,3117A-3123A-9999A-9999E,ID002,301026357,""
11,2755.75,1,310015,1052514511,101,ID002,3117A-3123A-9999A-9999E,ID002,301026358,""
11,2755.75,1,310015,1052514511,101,ID002,3117A-3123A-9999A-9999E,ID002,301026360,""
11,2755.75,1,310015,1052514511,101,ID002,3117A-3123A-9999A-9999E,ID002,301026361,""
11,2755.75,1,310015,1052514511,101,ID002,3117A-3123A-9999A-9999E,ID002,301026362,""
11,2755.75,1,310015,1052514512,101,ID002,3117A-3123A-9999A-9999E,ID002,301026364,""
11,2755.75,1,310015,1052514512,101,ID002,3117A-3123A-9999A-9999E,ID002,301026366,""
11,2755.75,1,310015,1052514512,101,ID002,3117A-3123A-9999A-9999E,ID002,301026367,""
11,2755.75,1,310015,1052514512,101,ID002,3117A-3123A-9999A-9999E,ID002,301026368,""
11,2755.75,1,310015,1052514512,101,ID002,3117A-3123A-9999A-9999E,ID002,301026443,""
11,2755.75,1,310015,1052514512,101,ID002,3117A-3123A-9999A-9999E,ID002,301026444,""
11,2755.75,1,310015,1052514512,101,ID002,3117A-3123A-9999A-9999E,ID002,301026445,""
11,2755.75,1,310015,1052514512,101,ID002,3117A-3123A-9999A-9999E,ID002,301026446,""
11,2755.75,1,310015,1052514513,101,ID002,3117A-3123A-9999A-9999E,ID002,301026465,""
11,2755.75,1,310015,1052514513,101,ID002,3117A-3123A-9999A-9999E,ID002,301026466,""
11,2755.75,1,310015,1052514513,101,ID002,3117A-3123A-9999A-9999E,ID002,301026467,""
11,2755.75,1,310015,1052514513,101,ID002,3117A-3123A-9999A-9999E,ID002,301026468,""
11,2755.75,1,310015,1052514513,101,ID002,3117A-3123A-9999A-9999E,ID002,301026488,""
11,2755.75,1,310015,1052514513,101,ID002,3117A-3123A-9999A-9999E,ID002,301026489,""
11,2755.75,1,310015,1052514513,101,ID002,3117A-3123A-9999A-9999E,ID002,301026508,""
11,2755.75,1,310015,1052514513,101,ID002,3117A-3123A-9999A-9999E,ID002,301026590,""
11,2755.75,1,310015,1052514514,101,ID002,3117A-3123A-9999A-9999E,ID002,301026598,""
11,2755.75,1,310015,1052514514,101,ID002,3117A-3123A-9999A-9999E,ID002,301026599,""
11,2755.75,1,310015,1052514514,101,ID002,3117A-3123A-9999A-9999E,ID002,301026601,""
11,2755.75,1,310015,1052514514,101,ID002,3117A-3123A-9999A-9999E,ID002,301026603,""
11,2755.75,1,310015,1052514515,101,ID002,3117A-3123A-9999A-9999E,ID002,301026654,""
11,2755.75,1,310015,1052514515,101,ID002,3117A-3123A-9999A-9999E,ID002,301026655,""
11,2755.75,1,310015,1052514515,101,ID002,3117A-3123A-9999A-9999E,ID002,301026656,""
11,2755.75,1,310015,1052514515,101,ID002,3117A-3123A-9999A-9999E,ID002,301026657,""
11,2755.75,1,310015,1052514515,101,ID002,3117A-3123A-9999A-9999E,ID002,301026668,""
11,2755.75,1,310015,1052514515,101,ID002,3117A-3123A-9999A-9999E,ID002,301026669,""
11,2755.75,1,310015,1052514515,101,ID002,3117A-3123A-9999A-9999E,ID002,301026670,""
11,2755.75,1,310015,1052514515,101,ID002,3117A-3123A-9999A-9999E,ID002,301026671,""
11,2755.75,1,310015,1052514516,101,ID002,3117A-3123A-9999A-9999E,ID002,301026697,""
11,2755.75,1,310015,1052514516,101,ID002,3117A-3123A-9999A-9999E,ID002,301026698,""
11,2755.75,1,310015,1052514516,101,ID002,3117A-3123A-9999A-9999E,ID002,301026699,""
11,2755.75,1,310015,1052514516,101,ID002,3117A-3123A-9999A-9999E,ID002,301026700,""
11,2755.75,1,310015,1052514516,101,ID002,3117A-3123A-9999A-9999E,ID002,301026830,""
11,2755.75,1,310015,1052514516,101,ID002,3117A-3123A-9999A-9999E,ID002,301026831,""
11,2755.75,1,310015,1052514516,101,ID002,3117A-3123A-9999A-9999E,ID002,301026832,""
11,2755.75,1,310015,1052514516,101,ID002,3117A-3123A-9999A-9999E,ID002,301026833,""
11,2755.75,1,310015,1052514517,101,ID002,3117A-3123A-9999A-9999E,ID002,301026834,""
11,2755.75,1,310015,1052514517,101,ID002,3117A-3123A-9999A-9999E,ID002,301026835,""
11,2755.75,1,310015,1052514517,101,ID002,3117A-3123A-9999A-9999E,ID002,301026836,""
11,2755.75,1,310015,1052514517,101,ID002,3117A-3123A-9999A-9999E,ID002,301026873,""
11,2755.75,1,310015,1052514517,101,ID002,3117A-3123A-9999A-9999E,ID002,301026874,""
11,2755.75,1,310015,1052514517,101,ID002,3117A-3123A-9999A-9999E,ID002,301026875,""
11,2755.75,1,310015,1052514517,101,ID002,3117A-3123A-9999A-9999E,ID002,301028836,""
11,2755.75,1,310015,1052514517,101,ID002,3117A-3123A-9999A-9999E,ID002,301028837,""
11,2755.75,1,310015,1052514518,101,ID002,3117A-3123A-9999A-9999E,ID002,301026902,""
11,2755.75,1,310015,1052514518,101,ID002,3117A-3123A-9999A-9999E,ID002,301026903,""
11,2755.75,1,310015,1052514518,101,ID002,3117A-3123A-9999A-9999E,ID002,301026904,""
11,2755.75,1,310015,1052514518,101,ID002,3117A-3123A-9999A-9999E,ID002,301026905,""
11,2755.75,1,310015,1052514518,101,ID002,3117A-3123A-9999A-9999E,ID002,301026954,""
11,2755.75,1,310015,1052514518,101,ID002,3117A-3123A-9999A-9999E,ID002,301026955,""
11,2755.75,1,310015,1052514518,101,ID002,3117A-3123A-9999A-9999E,ID002,301026956,""
11,2755.75,1,310015,1052514518,101,ID002,3117A-3123A-9999A-9999E,ID002,301026957,""
11,2755.75,1,310015,1052514519,101,ID002,3117A-3123A-9999A-9999E,ID002,301026963,""
11,2755.75,1,310015,1052514519,101,ID002,3117A-3123A-9999A-9999E,ID002,301026965,""
11,2755.75,1,310015,1052514519,101,ID002,3117A-3123A-9999A-9999E,ID002,301026967,""
11,2755.75,1,310015,1052514519,101,ID002,3117A-3123A-9999A-9999E,ID002,301026994,""
11,2755.75,1,310015,1052514519,101,ID002,3117A-3123A-9999A-9999E,ID002,301026995,""
11,2755.75,1,310015,1052514519,101,ID002,3117A-3123A-9999A-9999E,ID002,301026996,""
11,2755.75,1,310015,1052514519,101,ID002,3117A-3123A-9999A-9999E,ID002,301026997,""
11,2755.75,1,310015,1052514519,101,ID002,3117A-3123A-9999A-9999E,ID002,301027006,""
11,2755.75,1,310724,1012514501,101,WA002,3040A-3045A-3053A-3055A-9999A-9999E,WA007,301025532,""
11,2755.75,1,310724,1012514501,101,WA002,3040A-3045A-3053A-3055A-9999A-9999E,WA007,301025533,""
11,2755.75,1,310724,1012514501,101,WA002,3040A-3045A-3053A-3055A-9999A-9999E,WA007,301025534,""
11,2755.75,1,310724,1012514501,101,WA002,3040A-3045A-3053A-3055A-9999A-9999E,WA007,301025535,""
11,2755.75,1,310724,1012514501,101,WA002,3040A-3045A-3053A-3055A-9999A-9999E,WA007,301025542,""
11,2755.75,1,310724,1012514501,101,WA002,3040A-3045A-3053A-3055A-9999A-9999E,WA007,301025543,""
11,2755.75,1,310724,1012514501,101,WA002,3040A-3045A-3053A-3055A-9999A-9999E,WA007,301025544,""
11,2755.75,1,310724,1012514501,101,WA002,3040A-3045A-3053A-3055A-9999A-9999E,WA007,301025545,""
11,2755.75,1,310724,1012514502,101,WA002,3040A-3043A-3045A-3053A-3055A-9999A-9999E,WA007,301025656,""
11,2755.75,1,310724,1012514502,101,WA002,3040A-3043A-3045A-3053A-3055A-9999A-9999E,WA007,301025657,""
11,2755.75,1,310724,1012514502,101,WA002,3040A-3043A-3045A-3053A-3055A-9999A-9999E,WA007,301025658,""
11,2755.75,1,310724,1012514502,101,WA002,3040A-3043A-3045A-3053A-3055A-9999A-9999E,WA007,301025659,""
11,2755.75,1,310724,1012514502,101,WA002,3040A-3043A-3045A-3053A-3055A-9999A-9999E,WA007,301025662,""
11,2755.75,1,310724,1012514502,101,WA002,3040A-3043A-3045A-3053A-3055A-9999A-9999E,WA007,301025663,""
11,2755.75,1,310724,1012514502,101,WA002,3040A-3043A-3045A-3053A-3055A-9999A-9999E,WA007,301025665,""
11,2755.75,1,310724,1012514502,101,WA002,3040A-3043A-3045A-3053A-3055A-9999A-9999E,WA007,301025666,""
11,2755.75,1,310724,1012514503,101,WA002,3040A-3043A-3045A-3053A-3055A-9999A-9999E,WA007,301025743,""
11,2755.75,1,310724,1012514503,101,WA002,3040A-3043A-3045A-3053A-3055A-9999A-9999E,WA007,301025744,""
11,2755.75,1,310724,1012514503,101,WA002,3040A-3043A-3045A-3053A-3055A-9999A-9999E,WA007,301025745,""
11,2755.75,1,310724,1012514503,101,WA002,3040A-3043A-3045A-3053A-3055A-9999A-9999E,WA007,301025767,""
11,2755.75,1,310724,1012514503,101,WA002,3040A-3043A-3045A-3053A-3055A-9999A-9999E,WA007,301025898,""
11,2755.75,1,310724,1012514504,101,WA002,3040A-3043A-3045A-3053A-3055A-9999A-9999E,WA007,301025899,""
11,2755.75,1,310724,1012514504,101,WA002,3040A-3043A-3045A-3053A-3055A-9999A-9999E,WA007,301025900,""
11,2755.75,1,310724,1012514504,101,WA002,3040A-3043A-3045A-3053A-3055A-9999A-9999E,WA007,301025912,""
11,2755.75,1,310724,1012514504,101,WA002,3040A-3043A-3045A-3053A-3055A-9999A-9999E,WA007,301025913,""
11,2755.75,1,310724,1012514504,101,WA002,3040A-3043A-3045A-3053A-3055A-9999A-9999E,WA007,301025962,""
11,2755.75,1,310724,1012514504,101,WA002,3040A-3043A-3045A-3053A-3055A-9999A-9999E,WA007,301025999,""
11,2755.75,1,310724,1012514504,101,WA002,3040A-3043A-3045A-3053A-3055A-9999A-9999E,WA007,301026000,""
11,2755.75,1,310724,1012514504,101,WA002,3040A-3043A-3045A-3053A-3055A-9999A-9999E,WA007,301026001,""
11,2755.75,1,310724,1012514505,101,WA002,3040A-3043A-3045A-3053A-3055A-9999A-9999E,WA007,301026002,""
11,2755.75,1,310724,1012514505,101,WA002,3040A-3043A-3045A-3053A-3055A-9999A-9999E,WA007,301026066,""
11,2755.75,1,310724,1012514505,101,WA002,3040A-3043A-3045A-3053A-3055A-9999A-9999E,WA007,301026069,""
11,2755.75,1,310724,1012514505,101,WA002,3040A-3043A-3045A-3053A-3055A-9999A-9999E,WA007,301026070,""
11,2755.75,1,310724,1012514505,101,WA002,3040A-3043A-3045A-3053A-3055A-9999A-9999E,WA007,301026077,""
11,2755.75,1,310724,1012514505,101,WA002,3040A-3043A-3045A-3053A-3055A-9999A-9999E,WA007,301026116,""
11,2755.75,1,310724,1012514505,101,WA002,3040A-3043A-3045A-3053A-3055A-9999A-9999E,WA007,301026117,""
11,2755.75,1,310724,1012514505,101,WA002,3040A-3043A-3045A-3053A-3055A-9999A-9999E,WA007,301026184,""
11,2755.75,1,310724,1012514506,101,WA002,3040A-3043A-3045A-3053A-3055A-9999A-9999C-9999E,WA007,301026201,""
11,2755.75,1,310724,1012514506,101,WA002,3040A-3043A-3045A-3053A-3055A-9999A-9999C-9999E,WA007,301026202,""
11,2755.75,1,310724,1012514506,101,WA002,3040A-3043A-3045A-3053A-3055A-9999A-9999C-9999E,WA007,301026261,""
11,2755.75,1,310724,1012514506,101,WA002,3040A-3043A-3045A-3053A-3055A-9999A-9999C-9999E,WA007,301026262,""
11,2755.75,1,310724,1012514506,101,WA002,3040A-3043A-3045A-3053A-3055A-9999A-9999C-9999E,WA007,301026263,""
11,2755.75,1,310724,1012514506,101,WA002,3040A-3043A-3045A-3053A-3055A-9999A-9999C-9999E,WA007,301026264,""
11,2755.75,1,310724,1012514506,101,WA002,3040A-3043A-3045A-3053A-3055A-9999A-9999C-9999E,WA007,301026265,""
11,2755.75,1,310724,1012514507,101,WA002,3040A-3043A-3045A-3053A-3055A-9999A-9999C-9999E,WA007,301026469,""
11,2755.75,1,310724,1012514508,101,WA002,3040A-3045A-3053A-9999A-9999E,WA007,301026470,""
11,2755.75,1,310724,1012514508,101,WA002,3040A-3045A-3053A-9999A-9999E,WA007,301026471,""
11,2755.75,1,310724,1012514508,101,WA002,3040A-3045A-3053A-9999A-9999E,WA007,301026502,""
11,2755.75,1,310724,1012514508,101,WA002,3040A-3045A-3053A-9999A-9999E,WA007,301026503,""
11,2755.75,1,310724,1012514508,101,WA002,3040A-3045A-3053A-9999A-9999E,WA007,301026504,""
11,2755.75,1,310724,1012514508,101,WA002,3040A-3045A-3053A-9999A-9999E,WA007,301026505,""
11,2755.75,1,310724,1012514508,101,WA002,3040A-3045A-3053A-9999A-9999E,WA007,301026514,""
11,2755.75,1,310724,1012514508,101,WA002,3040A-3045A-3053A-9999A-9999E,WA007,301026515,""
11,2755.75,1,310724,1012514509,101,WA002,3040A-3045A-3053A-3055A-9999A-9999E,WA007,301026583,""
11,2755.75,1,310724,1012514509,101,WA002,3040A-3045A-3053A-3055A-9999A-9999E,WA007,301026584,""
11,2755.75,1,310724,1012514509,101,WA002,3040A-3045A-3053A-3055A-9999A-9999E,WA007,301026591,""
11,2755.75,1,310724,1012514509,101,WA002,3040A-3045A-3053A-3055A-9999A-9999E,WA007,301026594,""
11,2755.75,1,310724,1012514509,101,WA002,3040A-3045A-3053A-3055A-9999A-9999E,WA007,301026602,""
11,2755.75,1,310724,1012514509,101,WA002,3040A-3045A-3053A-3055A-9999A-9999E,WA007,301026611,""
11,2755.75,1,310724,1012514509,101,WA002,3040A-3045A-3053A-3055A-9999A-9999E,WA007,301026615,""
11,2755.75,1,310724,1012514509,101,WA002,3040A-3045A-3053A-3055A-9999A-9999E,WA007,301026620,""
11,2755.75,1,310724,1012514510,101,WA002,3040A-3043A-3045A-3053A-3055A-9999A-9999E,WA007,301026640,""
11,2755.75,1,310724,1012514510,101,WA002,3040A-3043A-3045A-3053A-3055A-9999A-9999E,WA007,301026647,""
11,2755.75,1,310724,1012514510,101,WA002,3040A-3043A-3045A-3053A-3055A-9999A-9999E,WA007,301026665,""
11,2755.75,1,310724,1012514511,101,WA002,3040A-3043A-3045A-3053A-3055A-9999A-9999E,WA007,301026720,""
11,2755.75,1,310724,1012514511,101,WA002,3040A-3043A-3045A-3053A-3055A-9999A-9999E,WA007,301026723,""
11,2755.75,1,310724,1012514511,101,WA002,3040A-3043A-3045A-3053A-3055A-9999A-9999E,WA007,301026724,""
11,2755.75,1,310724,1012514511,101,WA002,3040A-3043A-3045A-3053A-3055A-9999A-9999E,WA007,301026739,""
11,2755.75,1,310724,1012514511,101,WA002,3040A-3043A-3045A-3053A-3055A-9999A-9999E,WA007,301026743,""
11,2755.75,1,310724,1012514511,101,WA002,3040A-3043A-3045A-3053A-3055A-9999A-9999E,WA007,301026755,""
11,2755.75,1,310724,1012514512,101,WA002,3040A-3043A-3045A-3053A-3055A-9999A-9999E,WA007,301026762,""
11,2755.75,1,310724,1012514512,101,WA002,3040A-3043A-3045A-3053A-3055A-9999A-9999E,WA007,301026857,""
11,2755.75,1,310724,1012514512,101,WA002,3040A-3043A-3045A-3053A-3055A-9999A-9999E,WA007,301026858,""
11,2755.75,1,310724,1012514512,101,WA002,3040A-3043A-3045A-3053A-3055A-9999A-9999E,WA007,301026859,""
11,2755.75,1,310724,1012514512,101,WA002,3040A-3043A-3045A-3053A-3055A-9999A-9999E,WA007,301026862,""
11,2755.75,1,310724,1012514512,101,WA002,3040A-3043A-3045A-3053A-3055A-9999A-9999E,WA007,301026863,""
11,2755.75,1,310724,1012514512,101,WA002,3040A-3043A-3045A-3053A-3055A-9999A-9999E,WA007,301026892,""
11,2755.75,1,310724,1012514512,101,WA002,3040A-3043A-3045A-3053A-3055A-9999A-9999E,WA007,301026893,""
11,2755.75,1,310724,1012514513,101,WA002,3040A-3045A-3053A-3055A-9999A-9999E,WA007,301026898,""
11,2755.75,1,310724,1012514513,101,WA002,3040A-3045A-3053A-3055A-9999A-9999E,WA007,301026941,""
11,2755.75,1,310724,1012514513,101,WA002,3040A-3045A-3053A-3055A-9999A-9999E,WA007,301026942,""
11,2755.75,1,310724,1012514513,101,WA002,3040A-3045A-3053A-3055A-9999A-9999E,WA007,301026943,""
11,2755.75,1,310724,1012514513,101,WA002,3040A-3045A-3053A-3055A-9999A-9999E,WA007,301026945,""
11,2755.75,1,310724,1012514513,101,WA002,3040A-3045A-3053A-3055A-9999A-9999E,WA007,301026947,""
11,2755.75,1,310724,1012514513,101,WA002,3040A-3045A-3053A-3055A-9999A-9999E,WA007,301026948,""
11,2755.75,1,310724,1012514513,101,WA002,3040A-3045A-3053A-3055A-9999A-9999E,WA007,301026953,""
11,2755.75,1,310724,1012514514,101,WA002,3040A-3045A-3053A-3055A-9999A-9999E,WA007,301026962,""
11,2755.75,1,310724,1012514514,101,WA002,3040A-3045A-3053A-3055A-9999A-9999E,WA007,301026969,""
11,2755.75,1,310724,1012514514,101,WA002,3040A-3045A-3053A-3055A-9999A-9999E,WA007,301026975,""
11,2755.75,1,310726,1022514553,101,WA003,"",WA007,301027295,""
11,2755.75,1,310726,1022514553,101,WA003,"",WA007,301027296,""
11,2755.75,1,310726,1022514553,101,WA003,"",WA007,301027297,""
11,2755.75,1,310726,1022514553,101,WA003,"",WA007,301027300,""
11,2755.75,1,310726,1022514553,101,WA003,"",WA007,301027585,""
11,2755.75,1,310726,1022514553,101,WA003,"",WA007,301027586,""
11,2755.75,1,310726,1022514553,101,WA003,"",WA007,301027587,""
11,2755.75,1,310726,1022514553,101,WA003,"",WA007,301027588,""
11,2755.75,1,310726,1022514554,102,WA003,9999A,WA007,301027633,""
11,2755.75,1,310726,1022514554,102,WA003,9999A,WA007,301027634,""
11,2755.75,1,310726,1022514554,102,WA003,9999A,WA007,301027635,""
11,2755.75,1,310726,1022514554,102,WA003,9999A,WA007,301027636,""
11,2755.75,1,310726,1022514554,102,WA003,9999A,WA007,301027637,""
11,2755.75,1,310726,1022514554,102,WA003,9999A,WA007,301027638,""
11,2755.75,1,310726,1022514554,102,WA003,9999A,WA007,301027679,""
11,2755.75,1,310726,1022514554,102,WA003,9999A,WA007,301027680,""
11,2755.75,1,310726,1022514555,102,WA003,9999A,WA007,301027684,""
11,2755.75,1,310726,1022514555,102,WA003,9999A,WA007,301027685,""
11,2755.75,1,310726,1022514555,102,WA003,9999A,WA007,301027728,""
11,2755.75,1,310726,1022514555,102,WA003,9999A,WA007,301027729,""
11,2755.75,1,310726,1022514555,102,WA003,9999A,WA007,301027730,""
11,2755.75,1,310726,1022514555,102,WA003,9999A,WA007,301027731,""
11,2755.75,1,310726,1022514555,102,WA003,9999A,WA007,301027732,""
11,2755.75,1,310726,1022514555,102,WA003,9999A,WA007,301027733,""
11,2755.75,1,310726,1022514556,101,WA003,"",WA007,301027735,""
11,2755.75,1,310726,1022514556,101,WA003,"",WA007,301027736,""
11,2755.75,1,310726,1022514556,101,WA003,"",WA007,301027845,""
11,2755.75,1,310726,1022514556,101,WA003,"",WA007,301027846,""
11,2755.75,1,310726,1022514556,101,WA003,"",WA007,301027847,""
11,2755.75,1,310726,1022514556,101,WA003,"",WA007,301027848,""
11,2755.75,1,310726,1022514556,101,WA003,"",WA007,301027849,""
11,2755.75,1,310726,1022514556,101,WA003,"",WA007,301027850,""
11,2755.75,1,310726,1022514557,101,WA003,"",WA007,301027851,""
11,2755.75,1,310726,1022514557,101,WA003,"",WA007,301027852,""
11,2755.75,1,310726,1022514557,101,WA003,"",WA007,301027918,""
11,2755.75,1,310726,1022514557,101,WA003,"",WA007,301027919,""
11,2755.75,1,310726,1022514557,101,WA003,"",WA007,301027920,""
11,2755.75,1,310726,1022514557,101,WA003,"",WA007,301027921,""
11,2755.75,1,310726,1022514557,101,WA003,"",WA007,301027945,""
11,2755.75,1,310726,1022514557,101,WA003,"",WA007,301027946,""
11,2755.75,1,310726,1022514558,101,WA003,"",WA007,301027947,""
11,2755.75,1,310726,1022514558,101,WA003,"",WA007,301027948,""
11,2755.75,1,310726,1022514558,101,WA003,"",WA007,301027971,""
11,2755.75,1,310726,1022514558,101,WA003,"",WA007,301027972,""
11,2755.75,1,310726,1022514558,101,WA003,"",WA007,301027973,""
11,2755.75,1,310726,1022514558,101,WA003,"",WA007,301027974,""
11,2755.75,1,310726,1022514558,101,WA003,"",WA007,301027985,""
11,2755.75,1,310726,1022514558,101,WA003,"",WA007,301027987,""
11,2755.75,1,310726,1022514559,101,WA003,"",WA007,301028025,""
11,2755.75,1,310726,1022514559,101,WA003,"",WA007,301028026,""
11,2755.75,1,310726,1022514559,101,WA003,"",WA007,301028027,""
11,2755.75,1,310726,1022514559,101,WA003,"",WA007,301028028,""
11,2755.75,1,310726,1022514559,101,WA003,"",WA007,301028036,""
11,2755.75,1,310726,1022514559,101,WA003,"",WA007,301028037,""
11,2755.75,1,310726,1022514559,101,WA003,"",WA007,301028068,""
11,2755.75,1,310726,1022514559,101,WA003,"",WA007,301028069,""
11,2755.75,1,310726,1022514560,102,WA003,9999A,WA007,301028070,""
11,2755.75,1,310726,1022514560,102,WA003,9999A,WA007,301028071,""
11,2755.75,1,310726,1022514560,102,WA003,9999A,WA007,301028111,""
11,2755.75,1,310726,1022514560,102,WA003,9999A,WA007,301028112,""
11,2755.75,1,310726,1022514560,102,WA003,9999A,WA007,301028113,""
11,2755.75,1,310726,1022514560,102,WA003,9999A,WA007,301028140,""
11,2755.75,1,310726,1022514560,102,WA003,9999A,WA007,301028141,""
11,2755.75,1,310726,1022514560,102,WA003,9999A,WA007,301028142,""
11,2755.75,1,310726,1022514561,102,WA003,9999A,WA007,301028151,""
11,2755.75,1,310726,1022514561,102,WA003,9999A,WA007,301028152,""
11,2755.75,1,310726,1022514561,102,WA003,9999A,WA007,301028171,""
11,2755.75,1,310726,1022514561,102,WA003,9999A,WA007,301028172,""
11,2755.75,1,310726,1022514561,102,WA003,9999A,WA007,301028191,""
11,2755.75,1,310726,1022514561,102,WA003,9999A,WA007,301028192,""
11,2755.75,1,310726,1022514561,102,WA003,9999A,WA007,301028193,""
11,2755.75,1,310726,1022514561,102,WA003,9999A,WA007,301028198,""
12,1598.335,1,310002,1002514401,102,WA001,9999A,WA001,301025291,""
12,2755.75,1,310002,1002514401,102,WA001,9999A,WA001,301025292,""
12,2755.75,1,310002,1002514401,102,WA001,9999A,WA001,301025294,""
12,2755.75,1,310002,1002514401,102,WA001,9999A,WA001,301025295,""
12,2755.75,1,310002,1002514401,102,WA001,9999A,WA001,301025354,""
12,2755.75,1,310002,1002514401,102,WA001,9999A,WA001,301025358,""
12,2755.75,1,310002,1002514401,102,WA001,9999A,WA001,301025363,""
12,2755.75,1,310002,1002514401,102,WA001,9999A,WA001,301025365,""
12,2755.75,1,310015,1052514401,101,ID002,3117A-3123A-9999A-9999E,ID010,301024138,1459741
12,2755.75,1,310015,1052514401,101,ID002,3117A-3123A-9999A-9999E,ID010,301024139,1459741
12,2755.75,1,310015,1052514401,101,ID002,3117A-3123A-9999A-9999E,ID010,301024140,1459741
12,2755.75,1,310015,1052514401,101,ID002,3117A-3123A-9999A-9999E,ID010,301024142,1459741
12,2755.75,1,310015,1052514401,101,ID002,3117A-3123A-9999A-9999E,ID010,301024143,1459741
12,2755.75,1,310015,1052514401,101,ID002,3117A-3123A-9999A-9999E,ID010,301024144,1459741
12,2755.75,1,310015,1052514401,101,ID002,3117A-3123A-9999A-9999E,ID010,301024146,1459741
12,2755.75,1,310015,1052514401,101,ID002,3117A-3123A-9999A-9999E,ID010,301024147,1459741
12,2755.75,1,310015,1052514402,101,ID002,3117A-3123A-9999A-9999E,ID010,301024217,1459741
12,2755.75,1,310015,1052514402,101,ID002,3117A-3123A-9999A-9999E,ID010,301024218,1459741
12,2755.75,1,310015,1052514402,101,ID002,3117A-3123A-9999A-9999E,ID010,301024219,1459741
12,2755.75,1,310015,1052514402,101,ID002,3117A-3123A-9999A-9999E,ID010,301024220,1459741
12,2755.75,1,310015,1052514402,101,ID002,3117A-3123A-9999A-9999E,ID010,301024221,1459741
12,2755.75,1,310015,1052514402,101,ID002,3117A-3123A-9999A-9999E,ID010,301024222,1459741
12,2755.75,1,310015,1052514402,101,ID002,3117A-3123A-9999A-9999E,ID010,301024223,1459741
12,2755.75,1,310015,1052514402,101,ID002,3117A-3123A-9999A-9999E,ID010,301024224,1459741
12,2755.75,1,310015,1052514404,101,ID002,3117A-3123A-9999A-9999E,ID010,301024299,1459741
12,2755.75,1,310015,1052514404,101,ID002,3117A-3123A-9999A-9999E,ID010,301024300,1459741
12,2755.75,1,310015,1052514404,101,ID002,3117A-3123A-9999A-9999E,ID010,301024301,1459741
12,2755.75,1,310015,1052514404,101,ID002,3117A-3123A-9999A-9999E,ID010,301024302,1459741
12,2755.75,1,310015,1052514404,101,ID002,3117A-3123A-9999A-9999E,ID010,301024318,1459741
12,2755.75,1,310015,1052514404,101,ID002,3117A-3123A-9999A-9999E,ID010,301024388,1459741
12,2755.75,1,310015,1052514404,101,ID002,3117A-3123A-9999A-9999E,ID010,301024393,1459741
12,2755.75,1,310015,1052514404,101,ID002,3117A-3123A-9999A-9999E,ID010,301024394,1459741
12,2755.75,1,310015,1052514405,101,ID002,3117A-3123A-9999A-9999E,ID010,301024410,1459741
12,2755.75,1,310015,1052514405,101,ID002,3117A-3123A-9999A-9999E,ID010,301024437,1459741
12,2755.75,1,310015,1052514405,101,ID002,3117A-3123A-9999A-9999E,ID010,301024438,1459741
12,2755.75,1,310015,1052514405,101,ID002,3117A-3123A-9999A-9999E,ID010,301024439,1459741
12,2755.75,1,310015,1052514405,101,ID002,3117A-3123A-9999A-9999E,ID010,301024440,1459741
12,2755.75,1,310015,1052514405,101,ID002,3117A-3123A-9999A-9999E,ID010,301024441,1459741
12,2755.75,1,310015,1052514405,101,ID002,3117A-3123A-9999A-9999E,ID010,301024483,1459741
12,2755.75,1,310015,1052514405,101,ID002,3117A-3123A-9999A-9999E,ID010,301024488,1459741
12,2755.75,1,310015,1052514406,101,ID002,3117A-3123A-9999A-9999E,ID010,301024495,1459741
12,2755.75,1,310015,1052514406,101,ID002,3117A-3123A-9999A-9999E,ID010,301024508,1459741
12,2755.75,1,310015,1052514406,101,ID002,3117A-3123A-9999A-9999E,ID010,301024514,1459741
12,2755.75,1,310015,1052514406,101,ID002,3117A-3123A-9999A-9999E,ID010,301024530,1459741
12,2755.75,1,310015,1052514406,101,ID002,3117A-3123A-9999A-9999E,ID010,301024532,1459741
12,2755.75,1,310015,1052514406,101,ID002,3117A-3123A-9999A-9999E,ID010,301024570,1459741
12,2755.75,1,310015,1052514406,101,ID002,3117A-3123A-9999A-9999E,ID010,301024571,1459741
12,2755.75,1,310015,1052514406,101,ID002,3117A-3123A-9999A-9999E,ID010,301024580,1459741
12,2755.75,1,310015,1052514407,101,ID002,3117A-3123A-9999A-9999E,ID010,301024583,""
12,2755.75,1,310015,1052514407,101,ID002,3117A-3123A-9999A-9999E,ID010,301024630,""
12,2755.75,1,310015,1052514407,101,ID002,3117A-3123A-9999A-9999E,ID010,301024631,""
12,2755.75,1,310015,1052514407,101,ID002,3117A-3123A-9999A-9999E,ID010,301024632,""
12,2755.75,1,310015,1052514407,101,ID002,3117A-3123A-9999A-9999E,ID010,301024640,""
12,2755.75,1,310015,1052514407,101,ID002,3117A-3123A-9999A-9999E,ID010,301024669,""
12,2755.75,1,310015,1052514407,101,ID002,3117A-3123A-9999A-9999E,ID010,301024670,""
12,2755.75,1,310015,1052514407,101,ID002,3117A-3123A-9999A-9999E,ID010,301024679,""
12,2755.75,1,310724,1012514401,101,WA002,3040A-3045A-3053A-3055A-9999A-9999C-9999E,WA007,301024176,""
12,2755.75,1,310724,1012514401,101,WA002,3040A-3045A-3053A-3055A-9999A-9999C-9999E,WA007,301024187,""
12,2755.75,1,310724,1012514401,101,WA002,3040A-3045A-3053A-3055A-9999A-9999C-9999E,WA007,301024188,""
12,2755.75,1,310724,1012514401,101,WA002,3040A-3045A-3053A-3055A-9999A-9999C-9999E,WA007,301024189,""
12,2755.75,1,310724,1012514401,101,WA002,3040A-3045A-3053A-3055A-9999A-9999C-9999E,WA007,301024190,""
12,2755.75,1,310724,1012514401,101,WA002,3040A-3045A-3053A-3055A-9999A-9999C-9999E,WA007,301024202,""
12,2755.75,1,310724,1012514401,101,WA002,3040A-3045A-3053A-3055A-9999A-9999C-9999E,WA007,301024208,""
12,2755.75,1,310724,1012514401,101,WA002,3040A-3045A-3053A-3055A-9999A-9999C-9999E,WA007,301024209,""
12,2755.75,1,310724,1012514402,101,WA002,3040A-3043A-3045A-3053A-3055A-9999A-9999C-9999E,WA007,301024252,""
12,2755.75,1,310724,1012514402,101,WA002,3040A-3043A-3045A-3053A-3055A-9999A-9999C-9999E,WA007,301024253,""
12,2755.75,1,310724,1012514402,101,WA002,3040A-3043A-3045A-3053A-3055A-9999A-9999C-9999E,WA007,301024254,""
12,2755.75,1,310724,1012514402,101,WA002,3040A-3043A-3045A-3053A-3055A-9999A-9999C-9999E,WA007,301024255,""
12,2755.75,1,310724,1012514402,101,WA002,3040A-3043A-3045A-3053A-3055A-9999A-9999C-9999E,WA007,301024276,""
12,2755.75,1,310724,1012514402,101,WA002,3040A-3043A-3045A-3053A-3055A-9999A-9999C-9999E,WA007,301024277,""
12,2755.75,1,310724,1012514402,101,WA002,3040A-3043A-3045A-3053A-3055A-9999A-9999C-9999E,WA007,301024278,""
12,2755.75,1,310724,1012514402,101,WA002,3040A-3043A-3045A-3053A-3055A-9999A-9999C-9999E,WA007,301024279,""
12,2755.75,1,310724,1012514403,101,WA002,3040A-3043A-3045A-3053A-3055A-9999A-9999C-9999E,WA007,301024286,""
12,2755.75,1,310724,1012514403,101,WA002,3040A-3043A-3045A-3053A-3055A-9999A-9999C-9999E,WA007,301024287,""
12,2755.75,1,310724,1012514403,101,WA002,3040A-3043A-3045A-3053A-3055A-9999A-9999C-9999E,WA007,301024288,""
12,2755.75,1,310724,1012514403,101,WA002,3040A-3043A-3045A-3053A-3055A-9999A-9999C-9999E,WA007,301024294,""
12,2755.75,1,310724,1012514403,101,WA002,3040A-3043A-3045A-3053A-3055A-9999A-9999C-9999E,WA007,301024295,""
12,2755.75,1,310724,1012514403,101,WA002,3040A-3043A-3045A-3053A-3055A-9999A-9999C-9999E,WA007,301024303,""
12,2755.75,1,310724,1012514403,101,WA002,3040A-3043A-3045A-3053A-3055A-9999A-9999C-9999E,WA007,301024305,""
12,2755.75,1,310724,1012514403,101,WA002,3040A-3043A-3045A-3053A-3055A-9999A-9999C-9999E,WA007,301024385,""
12,2755.75,1,310724,1012514404,101,WA002,3040A-3043A-3045A-3053A-3055A-9999A-9999C-9999E,WA007,301024386,""
12,2755.75,1,310724,1012514404,101,WA002,3040A-3043A-3045A-3053A-3055A-9999A-9999C-9999E,WA007,301024450,""
12,2755.75,1,310724,1012514404,101,WA002,3040A-3043A-3045A-3053A-3055A-9999A-9999C-9999E,WA007,301024451,""
12,2755.75,1,310724,1012514404,101,WA002,3040A-3043A-3045A-3053A-3055A-9999A-9999C-9999E,WA007,301024506,""
12,2755.75,1,310724,1012514404,101,WA002,3040A-3043A-3045A-3053A-3055A-9999A-9999C-9999E,WA007,301024507,""
12,2755.75,1,310724,1012514404,101,WA002,3040A-3043A-3045A-3053A-3055A-9999A-9999C-9999E,WA007,301024572,""
12,2755.75,1,310724,1012514404,101,WA002,3040A-3043A-3045A-3053A-3055A-9999A-9999C-9999E,WA007,301024573,""
12,2755.75,1,310724,1012514404,101,WA002,3040A-3043A-3045A-3053A-3055A-9999A-9999C-9999E,WA007,301024574,""
12,2755.75,1,310724,1012514405,101,WA002,3040A-3043A-3045A-3053A-3055A-9999A-9999E,WA007,301024575,""
12,2755.75,1,310724,1012514405,101,WA002,3040A-3043A-3045A-3053A-3055A-9999A-9999E,WA007,301024576,""
12,2755.75,1,310724,1012514405,101,WA002,3040A-3043A-3045A-3053A-3055A-9999A-9999E,WA007,301024577,""
12,2755.75,1,310724,1012514405,101,WA002,3040A-3043A-3045A-3053A-3055A-9999A-9999E,WA007,301024578,""
12,2755.75,1,310724,1012514405,101,WA002,3040A-3043A-3045A-3053A-3055A-9999A-9999E,WA007,301024579,""
12,2755.75,1,310724,1012514405,101,WA002,3040A-3043A-3045A-3053A-3055A-9999A-9999E,WA007,301024619,""
12,2755.75,1,310724,1012514405,101,WA002,3040A-3043A-3045A-3053A-3055A-9999A-9999E,WA007,301024620,""
12,2755.75,1,310724,1012514405,101,WA002,3040A-3043A-3045A-3053A-3055A-9999A-9999E,WA007,301024621,""
12,2755.75,1,310724,1012514406,101,WA002,3040A-3043A-3045A-3053A-3055A-9999A-9999E,WA007,301024634,""
12,2755.75,1,310724,1012514406,101,WA002,3040A-3043A-3045A-3053A-3055A-9999A-9999E,WA007,301024635,""
12,2755.75,1,310724,1012514406,101,WA002,3040A-3043A-3045A-3053A-3055A-9999A-9999E,WA007,301024636,""
12,2755.75,1,310724,1012514406,101,WA002,3040A-3043A-3045A-3053A-3055A-9999A-9999E,WA007,301024644,""
12,2755.75,1,310724,1012514406,101,WA002,3040A-3043A-3045A-3053A-3055A-9999A-9999E,WA007,301024698,""
12,2755.75,1,310724,1012514406,101,WA002,3040A-3043A-3045A-3053A-3055A-9999A-9999E,WA007,301024699,""
12,2755.75,1,310724,1012514406,101,WA002,3040A-3043A-3045A-3053A-3055A-9999A-9999E,WA007,301024700,""
12,2755.75,1,310724,1012514406,101,WA002,3040A-3043A-3045A-3053A-3055A-9999A-9999E,WA007,301024701,""
12,2755.75,1,310724,1012514407,101,WA002,3040A-3043A-3045A-3053A-3055A-9999A-9999E,WA007,301024702,""
12,2755.75,1,310724,1012514407,101,WA002,3040A-3043A-3045A-3053A-3055A-9999A-9999E,WA007,301024731,""
12,2755.75,1,310724,1012514407,101,WA002,3040A-3043A-3045A-3053A-3055A-9999A-9999E,WA007,301024732,""
12,2755.75,1,310724,1012514407,101,WA002,3040A-3043A-3045A-3053A-3055A-9999A-9999E,WA007,301024733,""
12,2755.75,1,310724,1012514407,101,WA002,3040A-3043A-3045A-3053A-3055A-9999A-9999E,WA007,301024735,""
12,2755.75,1,310724,1012514407,101,WA002,3040A-3043A-3045A-3053A-3055A-9999A-9999E,WA007,301024736,""
12,2755.75,1,310724,1012514407,101,WA002,3040A-3043A-3045A-3053A-3055A-9999A-9999E,WA007,301024737,""
12,2755.75,1,310724,1012514407,101,WA002,3040A-3043A-3045A-3053A-3055A-9999A-9999E,WA007,301024743,""
12,2755.75,1,310724,1012514408,101,WA002,3040A-3043A-3045A-3053A-3055A-9999A-9999E,WA007,301024744,""
12,2755.75,1,310724,1012514408,101,WA002,3040A-3043A-3045A-3053A-3055A-9999A-9999E,WA007,301024745,""
12,2755.75,1,310724,1012514408,101,WA002,3040A-3043A-3045A-3053A-3055A-9999A-9999E,WA007,301024792,""
12,2755.75,1,310724,1012514408,101,WA002,3040A-3043A-3045A-3053A-3055A-9999A-9999E,WA007,301024794,""
12,2755.75,1,310724,1012514408,101,WA002,3040A-3043A-3045A-3053A-3055A-9999A-9999E,WA007,301024796,""
12,2755.75,1,310724,1012514408,101,WA002,3040A-3043A-3045A-3053A-3055A-9999A-9999E,WA007,301024797,""
12,2755.75,1,310724,1012514408,101,WA002,3040A-3043A-3045A-3053A-3055A-9999A-9999E,WA007,301024848,""
12,2755.75,1,310724,1012514408,101,WA002,3040A-3043A-3045A-3053A-3055A-9999A-9999E,WA007,301024849,""
12,2755.75,1,310724,1012514409,101,WA002,3040A-3045A-3053A-9999A-9999E,WA007,301024855,""
12,2755.75,1,310724,1012514409,101,WA002,3040A-3045A-3053A-9999A-9999E,WA007,301024856,""
12,2755.75,1,310724,1012514409,101,WA002,3040A-3045A-3053A-9999A-9999E,WA007,301024857,""
12,2755.75,1,310724,1012514409,101,WA002,3040A-3045A-3053A-9999A-9999E,WA007,301024902,""
12,2755.75,1,310724,1012514409,101,WA002,3040A-3045A-3053A-9999A-9999E,WA007,301024903,""
12,2755.75,1,310724,1012514409,101,WA002,3040A-3045A-3053A-9999A-9999E,WA007,301024904,""
12,2755.75,1,310724,1012514409,101,WA002,3040A-3045A-3053A-9999A-9999E,WA007,301024905,""
12,2755.75,1,310724,1012514409,101,WA002,3040A-3045A-3053A-9999A-9999E,WA007,301024906,""
12,2755.75,1,310724,1012514410,101,WA002,3040A-3045A-3053A-3055A-9999A-9999E,WA007,301024907,""
12,2755.75,1,310724,1012514410,101,WA002,3040A-3045A-3053A-3055A-9999A-9999E,WA007,301024908,""
12,2755.75,1,310724,1012514410,101,WA002,3040A-3045A-3053A-3055A-9999A-9999E,WA007,301024909,""
12,2755.75,1,310724,1012514410,101,WA002,3040A-3045A-3053A-3055A-9999A-9999E,WA007,301024948,""
12,2755.75,1,310724,1012514410,101,WA002,3040A-3045A-3053A-3055A-9999A-9999E,WA007,301024953,""
12,2755.75,1,310724,1012514410,101,WA002,3040A-3045A-3053A-3055A-9999A-9999E,WA007,301024954,""
12,2755.75,1,310724,1012514410,101,WA002,3040A-3045A-3053A-3055A-9999A-9999E,WA007,301024955,""
12,2755.75,1,310724,1012514410,101,WA002,3040A-3045A-3053A-3055A-9999A-9999E,WA007,301024981,""
12,2645.52,1,310724,1012514411,101,WA002,3040A-3043A-3045A-3053A-3055A-9999A-9999E,WA007,301024982,""
12,2755.75,1,310724,1012514411,101,WA002,3040A-3043A-3045A-3053A-3055A-9999A-9999E,WA007,301024983,""
12,2755.75,1,310724,1012514411,101,WA002,3040A-3043A-3045A-3053A-3055A-9999A-9999E,WA007,301025097,""
12,2755.75,1,310724,1012514411,101,WA002,3040A-3043A-3045A-3053A-3055A-9999A-9999E,WA007,301025098,""
12,2755.75,1,310724,1012514411,101,WA002,3040A-3043A-3045A-3053A-3055A-9999A-9999E,WA007,301025099,""
12,2755.75,1,310724,1012514411,101,WA002,3040A-3043A-3045A-3053A-3055A-9999A-9999E,WA007,301025100,""
12,2755.75,1,310724,1012514411,101,WA002,3040A-3043A-3045A-3053A-3055A-9999A-9999E,WA007,301025102,""
12,2755.75,1,310724,1012514411,101,WA002,3040A-3043A-3045A-3053A-3055A-9999A-9999E,WA007,301025103,""
12,2755.75,1,310724,1012514412,101,WA002,3040A-3043A-3045A-3053A-3055A-9999A-9999E,WA007,301025105,""
12,2755.75,1,310724,1012514412,101,WA002,3040A-3043A-3045A-3053A-3055A-9999A-9999E,WA007,301025107,""
12,2755.75,1,310724,1012514412,101,WA002,3040A-3043A-3045A-3053A-3055A-9999A-9999E,WA007,301025108,""
12,2755.75,1,310724,1012514412,101,WA002,3040A-3043A-3045A-3053A-3055A-9999A-9999E,WA007,301025109,""
12,2755.75,1,310724,1012514412,101,WA002,3040A-3043A-3045A-3053A-3055A-9999A-9999E,WA007,301025110,""
12,2755.75,1,310724,1012514412,101,WA002,3040A-3043A-3045A-3053A-3055A-9999A-9999E,WA007,301025111,""
12,2755.75,1,310724,1012514412,101,WA002,3040A-3043A-3045A-3053A-3055A-9999A-9999E,WA007,301025112,""
12,2755.75,1,310724,1012514412,101,WA002,3040A-3043A-3045A-3053A-3055A-9999A-9999E,WA007,301025113,""
12,2755.75,1,310724,1012514413,101,WA002,3040A-3043A-3045A-3053A-3055A-9999A-9999E,WA007,301025162,""
12,2755.75,1,310724,1012514413,101,WA002,3040A-3043A-3045A-3053A-3055A-9999A-9999E,WA007,301025163,""
12,2755.75,1,310724,1012514413,101,WA002,3040A-3043A-3045A-3053A-3055A-9999A-9999E,WA007,301025164,""
12,2755.75,1,310724,1012514413,101,WA002,3040A-3043A-3045A-3053A-3055A-9999A-9999E,WA007,301025165,""
12,2755.75,1,310724,1012514413,101,WA002,3040A-3043A-3045A-3053A-3055A-9999A-9999E,WA007,301025192,""
12,2755.75,1,310724,1012514413,101,WA002,3040A-3043A-3045A-3053A-3055A-9999A-9999E,WA007,301025193,""
12,2755.75,1,310724,1012514413,101,WA002,3040A-3043A-3045A-3053A-3055A-9999A-9999E,WA007,301025194,""
12,2755.75,1,310724,1012514413,101,WA002,3040A-3043A-3045A-3053A-3055A-9999A-9999E,WA007,301025195,""
12,2755.75,1,310724,1012514414,101,WA002,3040A-3043A-3045A-3053A-3055A-9999A-9999E,WA007,301025259,""
12,2755.75,1,310724,1012514414,101,WA002,3040A-3043A-3045A-3053A-3055A-9999A-9999E,WA007,301025260,""
12,2755.75,1,310724,1012514414,101,WA002,3040A-3043A-3045A-3053A-3055A-9999A-9999E,WA007,301025262,""
12,2755.75,1,310724,1012514414,101,WA002,3040A-3043A-3045A-3053A-3055A-9999A-9999E,WA007,301025263,""
12,2755.75,1,310724,1012514414,101,WA002,3040A-3043A-3045A-3053A-3055A-9999A-9999E,WA007,301025264,""
12,2755.75,1,310724,1012514414,101,WA002,3040A-3043A-3045A-3053A-3055A-9999A-9999E,WA007,301025418,""
12,2755.75,1,310724,1012514414,101,WA002,3040A-3043A-3045A-3053A-3055A-9999A-9999E,WA007,301025419,""
12,2755.75,1,310724,1012514414,101,WA002,3040A-3043A-3045A-3053A-3055A-9999A-9999E,WA007,301025420,""
12,2755.75,1,310724,1012514415,101,WA002,3040A-3043A-3045A-3053A-3055A-9999A-9999E,WA007,301025421,""
12,2755.75,1,310724,1012514415,101,WA002,3040A-3043A-3045A-3053A-3055A-9999A-9999E,WA007,301025422,""
12,2755.75,1,310724,1012514415,101,WA002,3040A-3043A-3045A-3053A-3055A-9999A-9999E,WA007,301025423,""
12,2755.75,1,310724,1012514415,101,WA002,3040A-3043A-3045A-3053A-3055A-9999A-9999E,WA007,301025470,""
12,2755.75,1,310724,1012514415,101,WA002,3040A-3043A-3045A-3053A-3055A-9999A-9999E,WA007,301025471,""
12,2755.75,1,310724,1012514415,101,WA002,3040A-3043A-3045A-3053A-3055A-9999A-9999E,WA007,301025472,""
12,2755.75,1,310724,1012514415,101,WA002,3040A-3043A-3045A-3053A-3055A-9999A-9999E,WA007,301025473,""
12,2755.75,1,310724,1012514415,101,WA002,3040A-3043A-3045A-3053A-3055A-9999A-9999E,WA007,301025479,""
12,2755.75,1,310724,1012514416,101,WA002,3040A-3043A-3045A-3053A-3055A-9999A-9999E,WA007,301025507,""
12,2755.75,1,310724,1012514416,101,WA002,3040A-3043A-3045A-3053A-3055A-9999A-9999E,WA007,301025508,""
12,2755.75,1,310724,1012514416,101,WA002,3040A-3043A-3045A-3053A-3055A-9999A-9999E,WA007,301025509,""
12,2755.75,1,310726,1022514451,101,WA003,3007S-3025S-3033A-3035A-9999A-9999E,WA007,301025568,233262-1-1-104
12,2755.75,1,310726,1022514451,101,WA003,3007S-3025S-3033A-3035A-9999A-9999E,WA007,301025569,233258-1-1-101
12,2755.75,1,310726,1022514451,101,WA003,3007S-3025S-3033A-3035A-9999A-9999E,WA007,301025571,233258-1-1-101
12,2755.75,1,310726,1022514451,101,WA003,3007S-3025S-3033A-3035A-9999A-9999E,WA007,301025572,233258-1-1-101
12,2755.75,1,310726,1022514451,101,WA003,3007S-3025S-3033A-3035A-9999A-9999E,WA007,301025574,233258-1-1-101
12,2755.75,1,310726,1022514451,101,WA003,3007S-3025S-3033A-3035A-9999A-9999E,WA007,301025575,233258-1-1-101
12,2755.75,1,310726,1022514451,101,WA003,3007S-3025S-3033A-3035A-9999A-9999E,WA007,301025576,233258-1-1-101
12,2755.75,1,310726,1022514451,101,WA003,3007S-3025S-3033A-3035A-9999A-9999E,WA007,301025577,233258-1-1-101
12,2755.75,1,310726,1022514452,101,WA003,3005WGUM-3007DRYGUM-3007FO-3007S-3025S-3033A-3035A-9999A-9999C-9999CS-9999E,WA007,301025690,""
12,2755.75,1,310726,1022514452,101,WA003,3005WGUM-3007DRYGUM-3007FO-3007S-3025S-3033A-3035A-9999A-9999C-9999CS-9999E,WA007,301025691,""
12,2755.75,1,310726,1022514452,101,WA003,3005WGUM-3007DRYGUM-3007FO-3007S-3025S-3033A-3035A-9999A-9999C-9999CS-9999E,WA007,301025692,""
12,2755.75,1,310726,1022514452,101,WA003,3005WGUM-3007DRYGUM-3007FO-3007S-3025S-3033A-3035A-9999A-9999C-9999CS-9999E,WA007,301025693,""
12,2755.75,1,310726,1022514452,101,WA003,3005WGUM-3007DRYGUM-3007FO-3007S-3025S-3033A-3035A-9999A-9999C-9999CS-9999E,WA007,301025700,""
12,2755.75,1,310726,1022514452,101,WA003,3005WGUM-3007DRYGUM-3007FO-3007S-3025S-3033A-3035A-9999A-9999C-9999CS-9999E,WA007,301025701,""
12,2755.75,1,310726,1022514452,101,WA003,3005WGUM-3007DRYGUM-3007FO-3007S-3025S-3033A-3035A-9999A-9999C-9999CS-9999E,WA007,301025702,""
12,2755.75,1,310726,1022514452,101,WA003,3005WGUM-3007DRYGUM-3007FO-3007S-3025S-3033A-3035A-9999A-9999C-9999CS-9999E,WA007,301025703,""
12,2755.75,1,310726,1022514453,101,WA003,3005WGUM-3007DRYGUM-3007FO-3007S-3025S-3033A-3035A-9999A-9999C-9999CS-9999E,WA007,301025822,""
12,2755.75,1,310726,1022514453,101,WA003,3005WGUM-3007DRYGUM-3007FO-3007S-3025S-3033A-3035A-9999A-9999C-9999CS-9999E,WA007,301025823,""
12,2755.75,1,310726,1022514453,101,WA003,3005WGUM-3007DRYGUM-3007FO-3007S-3025S-3033A-3035A-9999A-9999C-9999CS-9999E,WA007,301025824,""
12,2755.75,1,310726,1022514453,101,WA003,3005WGUM-3007DRYGUM-3007FO-3007S-3025S-3033A-3035A-9999A-9999C-9999CS-9999E,WA007,301025825,""
12,2755.75,1,310726,1022514453,101,WA003,3005WGUM-3007DRYGUM-3007FO-3007S-3025S-3033A-3035A-9999A-9999C-9999CS-9999E,WA007,301025859,""
12,2755.75,1,310726,1022514453,101,WA003,3005WGUM-3007DRYGUM-3007FO-3007S-3025S-3033A-3035A-9999A-9999C-9999CS-9999E,WA007,301025860,""
12,2755.75,1,310726,1022514453,101,WA003,3005WGUM-3007DRYGUM-3007FO-3007S-3025S-3033A-3035A-9999A-9999C-9999CS-9999E,WA007,301025861,""
12,2755.75,1,310726,1022514453,101,WA003,3005WGUM-3007DRYGUM-3007FO-3007S-3025S-3033A-3035A-9999A-9999C-9999CS-9999E,WA007,301025878,""
12,2755.75,1,310726,1022514454,101,WA003,3005WGUM-3007DRYGUM-3007FO-3007S-3025S-3035A-9999A-9999C-9999CS-9999E,WA007,301025879,""
12,2755.75,1,310726,1022514454,101,WA003,3005WGUM-3007DRYGUM-3007FO-3007S-3025S-3035A-9999A-9999C-9999CS-9999E,WA007,301025880,""
12,2755.75,1,310726,1022514454,101,WA003,3005WGUM-3007DRYGUM-3007FO-3007S-3025S-3035A-9999A-9999C-9999CS-9999E,WA007,301025881,""
12,2755.75,1,310726,1022514454,101,WA003,3005WGUM-3007DRYGUM-3007FO-3007S-3025S-3035A-9999A-9999C-9999CS-9999E,WA007,301025890,""
12,2755.75,1,310726,1022514454,101,WA003,3005WGUM-3007DRYGUM-3007FO-3007S-3025S-3035A-9999A-9999C-9999CS-9999E,WA007,301025891,""
12,2755.75,1,310726,1022514454,101,WA003,3005WGUM-3007DRYGUM-3007FO-3007S-3025S-3035A-9999A-9999C-9999CS-9999E,WA007,301025892,""
12,2755.75,1,310726,1022514454,101,WA003,3005WGUM-3007DRYGUM-3007FO-3007S-3025S-3035A-9999A-9999C-9999CS-9999E,WA007,301025951,""
12,2755.75,1,310726,1022514454,101,WA003,3005WGUM-3007DRYGUM-3007FO-3007S-3025S-3035A-9999A-9999C-9999CS-9999E,WA007,301025952,""
12,2755.75,1,310726,1022514455,101,WA003,3005WGUM-3007DRYGUM-3007FO-3007S-3025S-3035A-9999A-9999C-9999CS-9999E,WA007,301025957,""
12,2755.75,1,310726,1022514455,101,WA003,3005WGUM-3007DRYGUM-3007FO-3007S-3025S-3035A-9999A-9999C-9999CS-9999E,WA007,301025971,""
12,2755.75,1,310726,1022514455,101,WA003,3005WGUM-3007DRYGUM-3007FO-3007S-3025S-3035A-9999A-9999C-9999CS-9999E,WA007,301025976,""
12,2755.75,1,310726,1022514455,101,WA003,3005WGUM-3007DRYGUM-3007FO-3007S-3025S-3035A-9999A-9999C-9999CS-9999E,WA007,301026004,""
12,2755.75,1,310726,1022514455,101,WA003,3005WGUM-3007DRYGUM-3007FO-3007S-3025S-3035A-9999A-9999C-9999CS-9999E,WA007,301026005,""
12,2755.75,1,310726,1022514455,101,WA003,3005WGUM-3007DRYGUM-3007FO-3007S-3025S-3035A-9999A-9999C-9999CS-9999E,WA007,301026006,""
12,2755.75,1,310726,1022514455,101,WA003,3005WGUM-3007DRYGUM-3007FO-3007S-3025S-3035A-9999A-9999C-9999CS-9999E,WA007,301026007,""
12,2755.75,1,310726,1022514455,101,WA003,3005WGUM-3007DRYGUM-3007FO-3007S-3025S-3035A-9999A-9999C-9999CS-9999E,WA007,301026008,""
12,2755.75,1,310726,1022514456,101,WA003,3005WGUM-3007DRYGUM-3007FO-3007S-3025S-9999A-9999C-9999CS-9999E,WA007,301026028,""
12,2755.75,1,310726,1022514456,101,WA003,3005WGUM-3007DRYGUM-3007FO-3007S-3025S-9999A-9999C-9999CS-9999E,WA007,301026045,""
12,2755.75,1,310726,1022514456,101,WA003,3005WGUM-3007DRYGUM-3007FO-3007S-3025S-9999A-9999C-9999CS-9999E,WA007,301026046,""
12,2755.75,1,310726,1022514456,101,WA003,3005WGUM-3007DRYGUM-3007FO-3007S-3025S-9999A-9999C-9999CS-9999E,WA007,301026047,""
12,2755.75,1,310726,1022514456,101,WA003,3005WGUM-3007DRYGUM-3007FO-3007S-3025S-9999A-9999C-9999CS-9999E,WA007,301026048,""
12,2755.75,1,310726,1022514456,101,WA003,3005WGUM-3007DRYGUM-3007FO-3007S-3025S-9999A-9999C-9999CS-9999E,WA007,301026081,""
12,2755.75,1,310726,1022514456,101,WA003,3005WGUM-3007DRYGUM-3007FO-3007S-3025S-9999A-9999C-9999CS-9999E,WA007,301026082,""
12,2755.75,1,310726,1022514456,101,WA003,3005WGUM-3007DRYGUM-3007FO-3007S-3025S-9999A-9999C-9999CS-9999E,WA007,301026085,""
12,2755.75,1,310726,1022514457,101,WA003,3005WGUM-3007DRYGUM-3007FO-3007S-3025S-9999A-9999C-9999CS-9999E,WA007,301026087,""
12,2755.75,1,310726,1022514457,101,WA003,3005WGUM-3007DRYGUM-3007FO-3007S-3025S-9999A-9999C-9999CS-9999E,WA007,301026138,""
12,2755.75,1,310726,1022514457,101,WA003,3005WGUM-3007DRYGUM-3007FO-3007S-3025S-9999A-9999C-9999CS-9999E,WA007,301026139,""
12,2755.75,1,310726,1022514457,101,WA003,3005WGUM-3007DRYGUM-3007FO-3007S-3025S-9999A-9999C-9999CS-9999E,WA007,301026140,""
12,2755.75,1,310726,1022514457,101,WA003,3005WGUM-3007DRYGUM-3007FO-3007S-3025S-9999A-9999C-9999CS-9999E,WA007,301026171,""
12,2755.75,1,310726,1022514457,101,WA003,3005WGUM-3007DRYGUM-3007FO-3007S-3025S-9999A-9999C-9999CS-9999E,WA007,301026172,""
12,2755.75,1,310726,1022514457,101,WA003,3005WGUM-3007DRYGUM-3007FO-3007S-3025S-9999A-9999C-9999CS-9999E,WA007,301026173,""
12,2755.75,1,310726,1022514457,101,WA003,3005WGUM-3007DRYGUM-3007FO-3007S-3025S-9999A-9999C-9999CS-9999E,WA007,301026174,""
12,2755.75,1,310726,1022514458,101,WA003,3002A-3005WGUM-3007DRYGUM-3007FO-3007S-3025S-3035A-9999A-9999C-9999CS-9999E,WA007,301026186,""
12,2755.75,1,310726,1022514458,101,WA003,3002A-3005WGUM-3007DRYGUM-3007FO-3007S-3025S-3035A-9999A-9999C-9999CS-9999E,WA007,301026209,""
12,2755.75,1,310726,1022514458,101,WA003,3002A-3005WGUM-3007DRYGUM-3007FO-3007S-3025S-3035A-9999A-9999C-9999CS-9999E,WA007,301026210,""
12,2755.75,1,310726,1022514458,101,WA003,3002A-3005WGUM-3007DRYGUM-3007FO-3007S-3025S-3035A-9999A-9999C-9999CS-9999E,WA007,301026223,""
12,2755.75,1,310726,1022514458,101,WA003,3002A-3005WGUM-3007DRYGUM-3007FO-3007S-3025S-3035A-9999A-9999C-9999CS-9999E,WA007,301026224,""
12,2755.75,1,310726,1022514458,101,WA003,3002A-3005WGUM-3007DRYGUM-3007FO-3007S-3025S-3035A-9999A-9999C-9999CS-9999E,WA007,301026226,""
12,2755.75,1,310726,1022514458,101,WA003,3002A-3005WGUM-3007DRYGUM-3007FO-3007S-3025S-3035A-9999A-9999C-9999CS-9999E,WA007,301026269,""
12,2755.75,1,310726,1022514458,101,WA003,3002A-3005WGUM-3007DRYGUM-3007FO-3007S-3025S-3035A-9999A-9999C-9999CS-9999E,WA007,301026270,""
12,2755.75,1,310726,1022514459,101,WA003,3002A-3005WGUM-3007DRYGUM-3007FO-3007S-3025S-3035A-9999A-9999C-9999CS-9999E,WA007,301026338,""
12,2755.75,1,310726,1022514459,101,WA003,3002A-3005WGUM-3007DRYGUM-3007FO-3007S-3025S-3035A-9999A-9999C-9999CS-9999E,WA007,301026339,""
12,2755.75,1,310726,1022514459,101,WA003,3002A-3005WGUM-3007DRYGUM-3007FO-3007S-3025S-3035A-9999A-9999C-9999CS-9999E,WA007,301026340,""
12,2755.75,1,310726,1022514459,101,WA003,3002A-3005WGUM-3007DRYGUM-3007FO-3007S-3025S-3035A-9999A-9999C-9999CS-9999E,WA007,301026341,""
12,2755.75,1,310726,1022514459,101,WA003,3002A-3005WGUM-3007DRYGUM-3007FO-3007S-3025S-3035A-9999A-9999C-9999CS-9999E,WA007,301026394,""
12,2755.75,1,310726,1022514459,101,WA003,3002A-3005WGUM-3007DRYGUM-3007FO-3007S-3025S-3035A-9999A-9999C-9999CS-9999E,WA007,301026395,""
12,2755.75,1,310726,1022514459,101,WA003,3002A-3005WGUM-3007DRYGUM-3007FO-3007S-3025S-3035A-9999A-9999C-9999CS-9999E,WA007,301026396,""
12,2755.75,1,310726,1022514459,101,WA003,3002A-3005WGUM-3007DRYGUM-3007FO-3007S-3025S-3035A-9999A-9999C-9999CS-9999E,WA007,301026397,""
13,881.84,0,310002,1002514301,102,WA001,9999A,WA001,301023185,""
13,2755.75,1,310002,1002514301,102,WA001,9999A,WA001,301023186,""
13,2755.75,1,310002,1002514301,102,WA001,9999A,WA001,301023200,""
13,2755.75,1,310002,1002514301,102,WA001,9999A,WA001,301023201,""
13,2755.75,1,310002,1002514301,102,WA001,9999A,WA001,301023222,""
13,2755.75,1,310002,1002514301,102,WA001,9999A,WA001,301023223,""
13,2755.75,1,310002,1002514301,102,WA001,9999A,WA001,301023229,""
13,2755.75,1,310002,1002514301,102,WA001,9999A,WA001,301023230,""
13,2755.75,1,310002,1002514302,102,WA001,9999A,WA001,301023231,""
13,2755.75,1,310002,1002514302,102,WA001,9999A,WA001,301023266,""
13,2755.75,1,310002,1002514302,102,WA001,9999A,WA001,301023267,""
13,2755.75,1,310002,1002514302,102,WA001,9999A,WA001,301023268,""
13,2755.75,1,310002,1002514302,102,WA001,9999A,WA001,301023293,""
13,2755.75,1,310002,1002514302,102,WA001,9999A,WA001,301023294,""
13,2755.75,1,310002,1002514302,102,WA001,9999A,WA001,301023295,""
13,2755.75,1,310002,1002514302,102,WA001,9999A,WA001,301023296,""
13,2755.75,1,310002,1002514303,102,WA001,9999A,WA001,301023310,""
13,2755.75,1,310002,1002514303,102,WA001,9999A,WA001,301023311,""
13,2755.75,1,310002,1002514303,102,WA001,9999A,WA001,301023329,""
13,2755.75,1,310002,1002514303,102,WA001,9999A,WA001,301023343,""
13,2755.75,1,310002,1002514303,102,WA001,9999A,WA001,301023364,""
13,2755.75,1,310002,1002514303,102,WA001,9999A,WA001,301023379,""
13,1157.415,0,310002,1002514303,102,WA001,9999A,WA001,301023737,""
13,2755.75,1,310015,1052514301,101,ID002,3117A-3123A-9999A-9999E,ID010,301023002,1460563
13,2755.75,1,310015,1052514301,101,ID002,3117A-3123A-9999A-9999E,ID010,301023003,1460563
13,2755.75,1,310015,1052514301,101,ID002,3117A-3123A-9999A-9999E,ID010,301023004,1460563
13,2755.75,1,310015,1052514301,101,ID002,3117A-3123A-9999A-9999E,ID010,301023005,1460563
13,2755.75,1,310015,1052514301,101,ID002,3117A-3123A-9999A-9999E,ID010,301023019,1460563
13,2755.75,1,310015,1052514301,101,ID002,3117A-3123A-9999A-9999E,ID010,301023021,1460563
13,2755.75,1,310015,1052514301,101,ID002,3117A-3123A-9999A-9999E,ID010,301023022,1460563
13,2755.75,1,310015,1052514301,101,ID002,3117A-3123A-9999A-9999E,ID010,301023023,1460563
13,2755.75,1,310015,1052514302,101,ID002,3117A-3123A-9999A-9999E,ID010,301023049,1460563
13,2755.75,1,310015,1052514302,101,ID002,3117A-3123A-9999A-9999E,ID010,301023050,1460563
13,2755.75,1,310015,1052514302,101,ID002,3117A-3123A-9999A-9999E,ID010,301023051,1460563
13,2755.75,1,310015,1052514302,101,ID002,3117A-3123A-9999A-9999E,ID010,301023052,1460563
13,2755.75,1,310015,1052514302,101,ID002,3117A-3123A-9999A-9999E,ID010,301023053,1460563
13,2700.635,1,310015,1052514302,101,ID002,3117A-3123A-9999A-9999E,ID010,301023054,1459741
13,2755.75,1,310015,1052514302,101,ID002,3117A-3123A-9999A-9999E,ID010,301023055,1460563
13,2755.75,1,310015,1052514302,101,ID002,3117A-3123A-9999A-9999E,ID010,301023056,1460563
13,2755.75,1,310015,1052514303,101,ID002,3117A-3123A-9999A-9999E,ID010,301023073,1460563
13,2755.75,1,310015,1052514303,101,ID002,3117A-3123A-9999A-9999E,ID010,301023074,1460563
13,2755.75,1,310015,1052514303,101,ID002,3117A-3123A-9999A-9999E,ID010,301023075,1460563
13,2755.75,1,310015,1052514303,101,ID002,3117A-3123A-9999A-9999E,ID010,301023076,1460719
13,2755.75,1,310015,1052514303,101,ID002,3117A-3123A-9999A-9999E,ID010,301023101,1460719
13,2755.75,1,310015,1052514303,101,ID002,3117A-3123A-9999A-9999E,ID010,301023102,1460719
13,2755.75,1,310015,1052514303,101,ID002,3117A-3123A-9999A-9999E,ID010,301023103,1460719
13,2755.75,1,310015,1052514303,101,ID002,3117A-3123A-9999A-9999E,ID010,301023104,1460719
13,2755.75,1,310015,1052514304,101,ID002,3117A-3123A-9999A-9999E,ID010,301023105,1460719
13,2755.75,1,310015,1052514304,101,ID002,3117A-3123A-9999A-9999E,ID010,301023106,1460719
13,2755.75,1,310015,1052514304,101,ID002,3117A-3123A-9999A-9999E,ID010,301023107,1460719
13,2755.75,1,310015,1052514304,101,ID002,3117A-3123A-9999A-9999E,ID010,301023108,1460719
13,2755.75,1,310015,1052514304,101,ID002,3117A-3123A-9999A-9999E,ID010,301023124,1460719
13,2755.75,1,310015,1052514304,101,ID002,3117A-3123A-9999A-9999E,ID010,301023125,1460719
13,2755.75,1,310015,1052514304,101,ID002,3117A-3123A-9999A-9999E,ID010,301023127,1460719
13,2755.75,1,310015,1052514304,101,ID002,3117A-3123A-9999A-9999E,ID010,301028827,1460719
13,2755.75,1,310015,1052514305,101,ID002,3117A-3123A-9999A-9999E,ID010,301023134,1460719
13,2755.75,1,310015,1052514305,101,ID002,3117A-3123A-9999A-9999E,ID010,301023135,1460719
13,2755.75,1,310015,1052514305,101,ID002,3117A-3123A-9999A-9999E,ID010,301023136,1460719
13,2755.75,1,310015,1052514305,101,ID002,3117A-3123A-9999A-9999E,ID010,301023137,1460719
13,2755.75,1,310015,1052514305,101,ID002,3117A-3123A-9999A-9999E,ID010,301023172,1460719
13,2755.75,1,310015,1052514305,101,ID002,3117A-3123A-9999A-9999E,ID010,301023173,1460719
13,2755.75,1,310015,1052514305,101,ID002,3117A-3123A-9999A-9999E,ID010,301023174,1460719
13,2755.75,1,310015,1052514305,101,ID002,3117A-3123A-9999A-9999E,ID010,301023175,1460719
13,2755.75,1,310015,1052514306,101,ID002,3117A-3123A-9999A-9999E,ID002,301023195,""
13,2755.75,1,310015,1052514306,101,ID002,3117A-3123A-9999A-9999E,ID002,301023196,""
13,2755.75,1,310015,1052514306,101,ID002,3117A-3123A-9999A-9999E,ID010,301023181,1460719
13,2755.75,1,310015,1052514306,101,ID002,3117A-3123A-9999A-9999E,ID010,301023182,1460719
13,2755.75,1,310015,1052514306,101,ID002,3117A-3123A-9999A-9999E,ID010,301023183,1460719
13,2755.75,1,310015,1052514306,101,ID002,3117A-3123A-9999A-9999E,ID010,301023184,1460719
13,2755.75,1,310015,1052514306,101,ID002,3117A-3123A-9999A-9999E,ID010,301023193,1460719
13,2755.75,1,310015,1052514306,101,ID002,3117A-3123A-9999A-9999E,ID010,301023194,1459741
13,2755.75,1,310015,1052514307,101,ID002,3117A-3123A-9999A-9999E,ID010,301023202,1460719
13,2755.75,1,310015,1052514307,101,ID002,3117A-3123A-9999A-9999E,ID010,301023208,1460719
13,2755.75,1,310015,1052514307,101,ID002,3117A-3123A-9999A-9999E,ID010,301023213,1460719
13,2755.75,1,310015,1052514307,101,ID002,3117A-3123A-9999A-9999E,ID010,301023215,1460719
13,2755.75,1,310015,1052514307,101,ID002,3117A-3123A-9999A-9999E,ID010,301023489,1460719
13,2755.75,1,310015,1052514307,101,ID002,3117A-3123A-9999A-9999E,ID010,301023490,1460719
13,2755.75,1,310015,1052514307,101,ID002,3117A-3123A-9999A-9999E,ID010,301023491,1460719
13,2755.75,1,310015,1052514307,101,ID002,3117A-3123A-9999A-9999E,ID010,301023492,1460719
13,2755.75,1,310015,1052514308,101,ID002,3117A-3123A-9999A-9999E,ID010,301023522,1460719
13,2755.75,1,310015,1052514308,101,ID002,3117A-3123A-9999A-9999E,ID010,301023523,1460719
13,2755.75,1,310015,1052514308,101,ID002,3117A-3123A-9999A-9999E,ID010,301023524,1460719
13,2755.75,1,310015,1052514308,101,ID002,3117A-3123A-9999A-9999E,ID010,301023525,1460719
13,2755.75,1,310015,1052514308,101,ID002,3117A-3123A-9999A-9999E,ID010,301023535,1460719
13,2755.75,1,310015,1052514308,101,ID002,3117A-3123A-9999A-9999E,ID010,301023537,1460719
13,2755.75,1,310015,1052514308,101,ID002,3117A-3123A-9999A-9999E,ID010,301023538,1460719
13,2755.75,1,310015,1052514308,101,ID002,3117A-3123A-9999A-9999E,ID010,301023539,1460719
13,2755.75,1,310015,1052514309,101,ID002,3117A-3123A-9999A-9999E,ID010,301023578,1460719
13,2755.75,1,310015,1052514309,101,ID002,3117A-3123A-9999A-9999E,ID010,301023579,1460719
13,2755.75,1,310015,1052514309,101,ID002,3117A-3123A-9999A-9999E,ID010,301023580,1460719
13,2755.75,1,310015,1052514309,101,ID002,3117A-3123A-9999A-9999E,ID010,301023659,1460719
13,2755.75,1,310015,1052514309,101,ID002,3117A-3123A-9999A-9999E,ID010,301023660,1460719
13,2755.75,1,310015,1052514309,101,ID002,3117A-3123A-9999A-9999E,ID010,301023661,1460719
13,2755.75,1,310015,1052514309,101,ID002,3117A-3123A-9999A-9999E,ID010,301023662,1460719
13,2755.75,1,310015,1052514309,101,ID002,3117A-3123A-9999A-9999E,ID010,301023663,1460719
13,2755.75,1,310015,1052514310,101,ID002,3117A-3123A-9999A-9999E,ID010,301023722,1460719
13,2755.75,1,310015,1052514310,101,ID002,3117A-3123A-9999A-9999E,ID010,301023723,1460719
13,2755.75,1,310015,1052514310,101,ID002,3117A-3123A-9999A-9999E,ID010,301023724,1460719
13,2755.75,1,310015,1052514310,101,ID002,3117A-3123A-9999A-9999E,ID010,301023822,1460719
13,2755.75,1,310015,1052514310,101,ID002,3117A-3123A-9999A-9999E,ID010,301023835,1460719
13,2755.75,1,310015,1052514310,101,ID002,3117A-3123A-9999A-9999E,ID010,301023836,1460719
13,2755.75,1,310015,1052514310,101,ID002,3117A-3123A-9999A-9999E,ID010,301023837,1460719
13,2755.75,1,310015,1052514310,101,ID002,3117A-3123A-9999A-9999E,ID010,301023838,1460719
13,2755.75,1,310015,1052514315,101,ID002,3117A-3123A-9999A-9999E,ID010,301024072,1459741
13,2755.75,1,310015,1052514315,101,ID002,3117A-3123A-9999A-9999E,ID010,301024074,1459741
13,2755.75,1,310015,1052514315,101,ID002,3117A-3123A-9999A-9999E,ID010,301024075,1459741
13,2755.75,1,310015,1052514315,101,ID002,3117A-3123A-9999A-9999E,ID010,301024076,1459741
13,2755.75,1,310015,1052514315,101,ID002,3117A-3123A-9999A-9999E,ID010,301024091,1459741
13,2755.75,1,310015,1052514315,101,ID002,3117A-3123A-9999A-9999E,ID010,301024115,1459741
13,2755.75,1,310015,1052514315,101,ID002,3117A-3123A-9999A-9999E,ID010,301028829,1459741
13,2755.75,1,310015,1052514315,101,ID002,3117A-3123A-9999A-9999E,ID010,301028830,1459741
13,2755.75,1,310724,1012514301,101,WA002,3040A-3043A-3045A-3053A-3055A-9999A-9999C-9999E,WA007,301023046,""
13,2755.75,1,310724,1012514301,101,WA002,3040A-3043A-3045A-3053A-3055A-9999A-9999C-9999E,WA007,301023047,""
13,2755.75,1,310724,1012514301,101,WA002,3040A-3043A-3045A-3053A-3055A-9999A-9999C-9999E,WA007,301023048,""
13,2755.75,1,310724,1012514301,101,WA002,3040A-3043A-3045A-3053A-3055A-9999A-9999C-9999E,WA007,301023071,""
13,2755.75,1,310724,1012514301,101,WA002,3040A-3043A-3045A-3053A-3055A-9999A-9999C-9999E,WA007,301023072,""
13,2755.75,1,310724,1012514301,101,WA002,3040A-3043A-3045A-3053A-3055A-9999A-9999C-9999E,WA007,301023089,""
13,2755.75,1,310724,1012514301,101,WA002,3040A-3043A-3045A-3053A-3055A-9999A-9999C-9999E,WA007,301023090,""
13,2755.75,1,310724,1012514301,101,WA002,3040A-3043A-3045A-3053A-3055A-9999A-9999C-9999E,WA007,301023091,""
13,2755.75,1,310724,1012514302,101,WA002,3040A-3043A-3045A-3053A-3055A-9999A-9999C-9999E,WA007,301023096,""
13,2755.75,1,310724,1012514302,101,WA002,3040A-3043A-3045A-3053A-3055A-9999A-9999C-9999E,WA007,301023097,""
13,2755.75,1,310724,1012514302,101,WA002,3040A-3043A-3045A-3053A-3055A-9999A-9999C-9999E,WA007,301023098,""
13,2755.75,1,310724,1012514302,101,WA002,3040A-3043A-3045A-3053A-3055A-9999A-9999C-9999E,WA007,301023099,""
13,2755.75,1,310724,1012514302,101,WA002,3040A-3043A-3045A-3053A-3055A-9999A-9999C-9999E,WA007,301023100,""
13,2755.75,1,310724,1012514302,101,WA002,3040A-3043A-3045A-3053A-3055A-9999A-9999C-9999E,WA007,301023109,""
13,2755.75,1,310724,1012514302,101,WA002,3040A-3043A-3045A-3053A-3055A-9999A-9999C-9999E,WA007,301023110,""
13,2755.75,1,310724,1012514302,101,WA002,3040A-3043A-3045A-3053A-3055A-9999A-9999C-9999E,WA007,301023128,""
13,2755.75,1,310724,1012514303,101,WA002,3040A-3043A-3045A-3053A-3055A-9999A-9999E,WA007,301023129,""
13,2755.75,1,310724,1012514303,101,WA002,3040A-3043A-3045A-3053A-3055A-9999A-9999E,WA007,301023130,""
13,2755.75,1,310724,1012514303,101,WA002,3040A-3043A-3045A-3053A-3055A-9999A-9999E,WA007,301023131,""
13,2755.75,1,310724,1012514303,101,WA002,3040A-3043A-3045A-3053A-3055A-9999A-9999E,WA007,301023132,""
13,2755.75,1,310724,1012514303,101,WA002,3040A-3043A-3045A-3053A-3055A-9999A-9999E,WA007,301023158,""
13,2755.75,1,310724,1012514303,101,WA002,3040A-3043A-3045A-3053A-3055A-9999A-9999E,WA007,301023159,""
13,2755.75,1,310724,1012514303,101,WA002,3040A-3043A-3045A-3053A-3055A-9999A-9999E,WA007,301023160,""
13,2755.75,1,310724,1012514303,101,WA002,3040A-3043A-3045A-3053A-3055A-9999A-9999E,WA007,301023161,""
13,2755.75,1,310724,1012514304,101,WA002,3040A-3043A-3045A-3053A-3055A-9999A-9999E,WA007,301023162,""
13,2755.75,1,310724,1012514304,101,WA002,3040A-3043A-3045A-3053A-3055A-9999A-9999E,WA007,301023163,""
13,2755.75,1,310724,1012514304,101,WA002,3040A-3043A-3045A-3053A-3055A-9999A-9999E,WA007,301023164,""
13,2755.75,1,310724,1012514304,101,WA002,3040A-3043A-3045A-3053A-3055A-9999A-9999E,WA007,301023287,""
13,2755.75,1,310724,1012514304,101,WA002,3040A-3043A-3045A-3053A-3055A-9999A-9999E,WA007,301023288,""
13,2755.75,1,310724,1012514304,101,WA002,3040A-3043A-3045A-3053A-3055A-9999A-9999E,WA007,301023289,""
13,2755.75,1,310724,1012514304,101,WA002,3040A-3043A-3045A-3053A-3055A-9999A-9999E,WA007,301023290,""
13,2755.75,1,310724,1012514304,101,WA002,3040A-3043A-3045A-3053A-3055A-9999A-9999E,WA007,301023297,""
13,2755.75,1,310724,1012514305,101,WA002,3040A-3043A-3045A-3053A-3055A-9999A-9999E,WA007,301023319,""
13,2755.75,1,310724,1012514305,101,WA002,3040A-3043A-3045A-3053A-3055A-9999A-9999E,WA007,301023320,""
13,2755.75,1,310724,1012514305,101,WA002,3040A-3043A-3045A-3053A-3055A-9999A-9999E,WA007,301023321,""
13,2755.75,1,310724,1012514305,101,WA002,3040A-3043A-3045A-3053A-3055A-9999A-9999E,WA007,301023322,""
13,2755.75,1,310724,1012514305,101,WA002,3040A-3043A-3045A-3053A-3055A-9999A-9999E,WA007,301023323,""
13,2755.75,1,310724,1012514305,101,WA002,3040A-3043A-3045A-3053A-3055A-9999A-9999E,WA007,301023324,""
13,2755.75,1,310724,1012514305,101,WA002,3040A-3043A-3045A-3053A-3055A-9999A-9999E,WA007,301023386,""
13,2755.75,1,310724,1012514305,101,WA002,3040A-3043A-3045A-3053A-3055A-9999A-9999E,WA007,301023387,""
13,2755.75,1,310724,1012514306,101,WA002,3040A-3043A-3045A-3053A-3055A-9999A-9999E,WA007,301023388,""
13,2755.75,1,310724,1012514306,101,WA002,3040A-3043A-3045A-3053A-3055A-9999A-9999E,WA007,301023389,""
13,2755.75,1,310724,1012514306,101,WA002,3040A-3043A-3045A-3053A-3055A-9999A-9999E,WA007,301023393,""
13,2755.75,1,310724,1012514306,101,WA002,3040A-3043A-3045A-3053A-3055A-9999A-9999E,WA007,301023394,""
13,2755.75,1,310724,1012514306,101,WA002,3040A-3043A-3045A-3053A-3055A-9999A-9999E,WA007,301023479,""
13,2755.75,1,310724,1012514306,101,WA002,3040A-3043A-3045A-3053A-3055A-9999A-9999E,WA007,301023480,""
13,2755.75,1,310724,1012514306,101,WA002,3040A-3043A-3045A-3053A-3055A-9999A-9999E,WA007,301023481,""
13,2755.75,1,310724,1012514306,101,WA002,3040A-3043A-3045A-3053A-3055A-9999A-9999E,WA007,301023482,""
13,2755.75,1,310724,1012514307,101,WA002,3040A-3043A-3053A-9999A,WA007,301023483,""
13,2755.75,1,310724,1012514307,101,WA002,3040A-3043A-3053A-9999A,WA007,301023484,""
13,2755.75,1,310724,1012514307,101,WA002,3040A-3043A-3053A-9999A,WA007,301023545,""
13,2755.75,1,310724,1012514307,101,WA002,3040A-3043A-3053A-9999A,WA007,301023546,""
13,2755.75,1,310724,1012514307,101,WA002,3040A-3043A-3053A-9999A,WA007,301023547,""
13,2755.75,1,310724,1012514307,101,WA002,3040A-3043A-3053A-9999A,WA007,301023550,""
13,2755.75,1,310724,1012514307,101,WA002,3040A-3043A-3053A-9999A,WA007,301023551,""
13,2755.75,1,310724,1012514307,101,WA002,3040A-3043A-3053A-9999A,WA007,301023552,""
13,2755.75,1,310724,1012514308,101,WA002,3040A-3043A-3045A-3053A-3055A-9999A-9999E,WA007,301023604,""
13,2755.75,1,310724,1012514308,101,WA002,3040A-3043A-3045A-3053A-3055A-9999A-9999E,WA007,301023605,""
13,2755.75,1,310724,1012514308,101,WA002,3040A-3043A-3045A-3053A-3055A-9999A-9999E,WA007,301023606,""
13,2755.75,1,310724,1012514308,101,WA002,3040A-3043A-3045A-3053A-3055A-9999A-9999E,WA007,301023607,""
13,2755.75,1,310724,1012514308,101,WA002,3040A-3043A-3045A-3053A-3055A-9999A-9999E,WA007,301023608,""
13,2755.75,1,310724,1012514308,101,WA002,3040A-3043A-3045A-3053A-3055A-9999A-9999E,WA007,301023609,""
13,2755.75,1,310724,1012514308,101,WA002,3040A-3043A-3045A-3053A-3055A-9999A-9999E,WA007,301023656,""
13,2755.75,1,310724,1012514308,101,WA002,3040A-3043A-3045A-3053A-3055A-9999A-9999E,WA007,301023657,""
13,2755.75,1,310724,1012514309,101,WA002,3040A-3043A-3045A-3053A-3055A-9999A-9999E,WA007,301023713,""
13,2755.75,1,310724,1012514309,101,WA002,3040A-3043A-3045A-3053A-3055A-9999A-9999E,WA007,301023715,""
13,2755.75,1,310724,1012514309,101,WA002,3040A-3043A-3045A-3053A-3055A-9999A-9999E,WA007,301023717,""
13,2755.75,1,310724,1012514309,101,WA002,3040A-3043A-3045A-3053A-3055A-9999A-9999E,WA007,301023718,""
13,2755.75,1,310724,1012514309,101,WA002,3040A-3043A-3045A-3053A-3055A-9999A-9999E,WA007,301023719,""
13,2755.75,1,310724,1012514309,101,WA002,3040A-3043A-3045A-3053A-3055A-9999A-9999E,WA007,301023725,""
13,2755.75,1,310724,1012514309,101,WA002,3040A-3043A-3045A-3053A-3055A-9999A-9999E,WA007,301023802,""
13,2755.75,1,310724,1012514309,101,WA002,3040A-3043A-3045A-3053A-3055A-9999A-9999E,WA007,301023803,""
13,2755.75,1,310724,1012514310,101,WA002,3040A-3045A-3053A-3055A-9999A-9999E,WA007,301023827,""
13,2755.75,1,310724,1012514310,101,WA002,3040A-3045A-3053A-3055A-9999A-9999E,WA007,301023828,""
13,2755.75,1,310724,1012514310,101,WA002,3040A-3045A-3053A-3055A-9999A-9999E,WA007,301023829,""
13,2755.75,1,310724,1012514310,101,WA002,3040A-3045A-3053A-3055A-9999A-9999E,WA007,301023833,""
13,2755.75,1,310724,1012514310,101,WA002,3040A-3045A-3053A-3055A-9999A-9999E,WA007,301023834,""
13,2755.75,1,310724,1012514310,101,WA002,3040A-3045A-3053A-3055A-9999A-9999E,WA007,301023840,""
13,2755.75,1,310724,1012514310,101,WA002,3040A-3045A-3053A-3055A-9999A-9999E,WA007,301023871,""
13,2755.75,1,310724,1012514310,101,WA002,3040A-3045A-3053A-3055A-9999A-9999E,WA007,301023872,""
13,2755.75,1,310724,1012514311,101,WA002,3040A-3045A-3053A-3055A-9999A-9999E,WA007,301023884,""
13,2755.75,1,310724,1012514311,101,WA002,3040A-3045A-3053A-3055A-9999A-9999E,WA007,301023885,""
13,2755.75,1,310724,1012514311,101,WA002,3040A-3045A-3053A-3055A-9999A-9999E,WA007,301023886,""
13,2755.75,1,310724,1012514311,101,WA002,3040A-3045A-3053A-3055A-9999A-9999E,WA007,301023887,""
13,2755.75,1,310724,1012514311,101,WA002,3040A-3045A-3053A-3055A-9999A-9999E,WA007,301023895,""
13,2755.75,1,310724,1012514311,101,WA002,3040A-3045A-3053A-3055A-9999A-9999E,WA007,301023896,""
13,2755.75,1,310724,1012514311,101,WA002,3040A-3045A-3053A-3055A-9999A-9999E,WA007,301023897,""
13,2755.75,1,310724,1012514311,101,WA002,3040A-3045A-3053A-3055A-9999A-9999E,WA007,301023898,""
13,2755.75,1,310724,1012514312,101,WA002,3040A-3053A-9999A,WA007,301023912,""
13,2755.75,1,310724,1012514312,101,WA002,3040A-3053A-9999A,WA007,301023913,""
13,2755.75,1,310724,1012514312,101,WA002,3040A-3053A-9999A,WA007,301023914,""
13,2755.75,1,310724,1012514312,101,WA002,3040A-3053A-9999A,WA007,301023915,""
13,2755.75,1,310724,1012514312,101,WA002,3040A-3053A-9999A,WA007,301023916,""
13,2755.75,1,310724,1012514312,101,WA002,3040A-3053A-9999A,WA007,301023946,""
13,2755.75,1,310724,1012514312,101,WA002,3040A-3053A-9999A,WA007,301023947,""
13,2755.75,1,310724,1012514312,101,WA002,3040A-3053A-9999A,WA007,301023948,""
13,2755.75,1,310724,1012514313,101,WA002,3040A-3045A-3053A-3055A-9999A-9999E,WA007,301023953,""
13,2755.75,1,310724,1012514313,101,WA002,3040A-3045A-3053A-3055A-9999A-9999E,WA007,301023954,""
13,2755.75,1,310724,1012514313,101,WA002,3040A-3045A-3053A-3055A-9999A-9999E,WA007,301023955,""
13,2755.75,1,310724,1012514313,101,WA002,3040A-3045A-3053A-3055A-9999A-9999E,WA007,301023956,""
13,2755.75,1,310724,1012514313,101,WA002,3040A-3045A-3053A-3055A-9999A-9999E,WA007,301023957,""
13,2755.75,1,310724,1012514313,101,WA002,3040A-3045A-3053A-3055A-9999A-9999E,WA007,301023958,""
13,2755.75,1,310724,1012514313,101,WA002,3040A-3045A-3053A-3055A-9999A-9999E,WA007,301023959,""
13,2755.75,1,310724,1012514313,101,WA002,3040A-3045A-3053A-3055A-9999A-9999E,WA007,301023960,""
13,2755.75,1,310724,1012514314,101,WA002,3040A-3043A-3045A-3053A-3055A-9999A-9999E,WA007,301023992,""
13,2755.75,1,310724,1012514314,101,WA002,3040A-3043A-3045A-3053A-3055A-9999A-9999E,WA007,301023993,""
13,2755.75,1,310724,1012514314,101,WA002,3040A-3043A-3045A-3053A-3055A-9999A-9999E,WA007,301023994,""
13,2755.75,1,310724,1012514314,101,WA002,3040A-3043A-3045A-3053A-3055A-9999A-9999E,WA007,301023995,""
13,2755.75,1,310724,1012514314,101,WA002,3040A-3043A-3045A-3053A-3055A-9999A-9999E,WA007,301023996,""
13,2755.75,1,310724,1012514314,101,WA002,3040A-3043A-3045A-3053A-3055A-9999A-9999E,WA007,301023997,""
13,2755.75,1,310724,1012514314,101,WA002,3040A-3043A-3045A-3053A-3055A-9999A-9999E,WA007,301023998,""
13,2755.75,1,310724,1012514314,101,WA002,3040A-3043A-3045A-3053A-3055A-9999A-9999E,WA007,301023999,""
13,2755.75,1,310724,1012514315,101,WA002,3040A-3043A-3045A-3053A-3055A-9999A-9999E,WA007,301024055,""
13,2755.75,1,310724,1012514315,101,WA002,3040A-3043A-3045A-3053A-3055A-9999A-9999E,WA007,301024056,""
13,2755.75,1,310724,1012514315,101,WA002,3040A-3043A-3045A-3053A-3055A-9999A-9999E,WA007,301024057,""
13,2755.75,1,310724,1012514315,101,WA002,3040A-3043A-3045A-3053A-3055A-9999A-9999E,WA007,301024065,""
13,2755.75,1,310724,1012514315,101,WA002,3040A-3043A-3045A-3053A-3055A-9999A-9999E,WA007,301024069,""
13,2755.75,1,310724,1012514315,101,WA002,3040A-3043A-3045A-3053A-3055A-9999A-9999E,WA007,301024070,""
13,2755.75,1,310724,1012514315,101,WA002,3040A-3043A-3045A-3053A-3055A-9999A-9999E,WA007,301024119,""
13,2755.75,1,310724,1012514315,101,WA002,3040A-3043A-3045A-3053A-3055A-9999A-9999E,WA007,301024132,""
13,2755.75,1,310724,1012514316,101,WA002,3040A-3045A-3053A-3055A-9999A-9999C-9999E,WA007,301024155,""
13,2755.75,1,310726,1022514351,101,WA003,3002A-3007S-3025S-9999A-9999E,WA007,301024357,233262-1-1-104
13,2755.75,1,310726,1022514351,101,WA003,3002A-3007S-3025S-9999A-9999E,WA007,301024358,233262-1-1-104
13,2755.75,1,310726,1022514351,101,WA003,3002A-3007S-3025S-9999A-9999E,WA007,301024359,233262-1-1-104
13,2755.75,1,310726,1022514351,101,WA003,3002A-3007S-3025S-9999A-9999E,WA007,301024400,233262-1-1-104
13,2755.75,1,310726,1022514351,101,WA003,3002A-3007S-3025S-9999A-9999E,WA007,301024401,233262-1-1-104
13,2755.75,1,310726,1022514351,101,WA003,3002A-3007S-3025S-9999A-9999E,WA007,301024402,233262-1-1-104
13,2755.75,1,310726,1022514351,101,WA003,3002A-3007S-3025S-9999A-9999E,WA007,301024405,233262-1-1-104
13,2755.75,1,310726,1022514351,101,WA003,3002A-3007S-3025S-9999A-9999E,WA007,301024406,233262-1-1-104
13,2755.75,1,310726,1022514352,101,WA003,3002A-3005WGUM-3007DRYGUM-3007FO-3007S-3025S-9999A-9999C-9999CS-9999E,WA007,301024445,""
13,2755.75,1,310726,1022514352,101,WA003,3002A-3005WGUM-3007DRYGUM-3007FO-3007S-3025S-9999A-9999C-9999CS-9999E,WA007,301024446,""
13,2755.75,1,310726,1022514352,101,WA003,3002A-3005WGUM-3007DRYGUM-3007FO-3007S-3025S-9999A-9999C-9999CS-9999E,WA007,301024447,""
13,2755.75,1,310726,1022514352,101,WA003,3002A-3005WGUM-3007DRYGUM-3007FO-3007S-3025S-9999A-9999C-9999CS-9999E,WA007,301024448,""
13,2755.75,1,310726,1022514352,101,WA003,3002A-3005WGUM-3007DRYGUM-3007FO-3007S-3025S-9999A-9999C-9999CS-9999E,WA007,301024452,""
13,2755.75,1,310726,1022514352,101,WA003,3002A-3005WGUM-3007DRYGUM-3007FO-3007S-3025S-9999A-9999C-9999CS-9999E,WA007,301024500,""
13,2755.75,1,310726,1022514352,101,WA003,3002A-3005WGUM-3007DRYGUM-3007FO-3007S-3025S-9999A-9999C-9999CS-9999E,WA007,301024501,""
13,2755.75,1,310726,1022514352,101,WA003,3002A-3005WGUM-3007DRYGUM-3007FO-3007S-3025S-9999A-9999C-9999CS-9999E,WA007,301024502,""
13,2755.75,1,310726,1022514353,101,WA003,3002A-3005WGUM-3007DRYGUM-3007FO-3007S-3025S-9999A-9999C-9999CS-9999E,WA007,301024509,""
13,2755.75,1,310726,1022514353,101,WA003,3002A-3005WGUM-3007DRYGUM-3007FO-3007S-3025S-9999A-9999C-9999CS-9999E,WA007,301024525,""
13,2755.75,1,310726,1022514353,101,WA003,3002A-3005WGUM-3007DRYGUM-3007FO-3007S-3025S-9999A-9999C-9999CS-9999E,WA007,301024548,""
13,2755.75,1,310726,1022514353,101,WA003,3002A-3005WGUM-3007DRYGUM-3007FO-3007S-3025S-9999A-9999C-9999CS-9999E,WA007,301024549,""
13,2755.75,1,310726,1022514353,101,WA003,3002A-3005WGUM-3007DRYGUM-3007FO-3007S-3025S-9999A-9999C-9999CS-9999E,WA007,301024550,""
13,2755.75,1,310726,1022514353,101,WA003,3002A-3005WGUM-3007DRYGUM-3007FO-3007S-3025S-9999A-9999C-9999CS-9999E,WA007,301024554,""
13,2755.75,1,310726,1022514353,101,WA003,3002A-3005WGUM-3007DRYGUM-3007FO-3007S-3025S-9999A-9999C-9999CS-9999E,WA007,301024584,""
13,2755.75,1,310726,1022514353,101,WA003,3002A-3005WGUM-3007DRYGUM-3007FO-3007S-3025S-9999A-9999C-9999CS-9999E,WA007,301024585,""
13,2755.75,1,310726,1022514354,101,WA003,3002A-3005WGUM-3007DRYGUM-3007FO-3007S-3015A-3025S-9999A-9999C-9999CS-9999E,WA007,301024588,""
13,2755.75,1,310726,1022514354,101,WA003,3002A-3005WGUM-3007DRYGUM-3007FO-3007S-3015A-3025S-9999A-9999C-9999CS-9999E,WA007,301024589,""
13,2755.75,1,310726,1022514354,101,WA003,3002A-3005WGUM-3007DRYGUM-3007FO-3007S-3015A-3025S-9999A-9999C-9999CS-9999E,WA007,301024590,""
13,2755.75,1,310726,1022514354,101,WA003,3002A-3005WGUM-3007DRYGUM-3007FO-3007S-3015A-3025S-9999A-9999C-9999CS-9999E,WA007,301024591,""
13,2755.75,1,310726,1022514354,101,WA003,3002A-3005WGUM-3007DRYGUM-3007FO-3007S-3015A-3025S-9999A-9999C-9999CS-9999E,WA007,301024624,""
13,2755.75,1,310726,1022514354,101,WA003,3002A-3005WGUM-3007DRYGUM-3007FO-3007S-3015A-3025S-9999A-9999C-9999CS-9999E,WA007,301024625,""
13,2755.75,1,310726,1022514354,101,WA003,3002A-3005WGUM-3007DRYGUM-3007FO-3007S-3015A-3025S-9999A-9999C-9999CS-9999E,WA007,301024626,""
13,2755.75,1,310726,1022514354,101,WA003,3002A-3005WGUM-3007DRYGUM-3007FO-3007S-3015A-3025S-9999A-9999C-9999CS-9999E,WA007,301024627,""
13,2755.75,1,310726,1022514355,101,WA003,3002A-3005WGUM-3007DRYGUM-3007FO-3007S-3025S-9999A-9999C-9999CS-9999E,WA007,301024639,""
13,2755.75,1,310726,1022514355,101,WA003,3002A-3005WGUM-3007DRYGUM-3007FO-3007S-3025S-9999A-9999C-9999CS-9999E,WA007,301024720,""
13,2755.75,1,310726,1022514355,101,WA003,3002A-3005WGUM-3007DRYGUM-3007FO-3007S-3025S-9999A-9999C-9999CS-9999E,WA007,301024721,""
13,2755.75,1,310726,1022514355,101,WA003,3002A-3005WGUM-3007DRYGUM-3007FO-3007S-3025S-9999A-9999C-9999CS-9999E,WA007,301024722,""
13,2755.75,1,310726,1022514355,101,WA003,3002A-3005WGUM-3007DRYGUM-3007FO-3007S-3025S-9999A-9999C-9999CS-9999E,WA007,301024723,""
13,2755.75,1,310726,1022514355,101,WA003,3002A-3005WGUM-3007DRYGUM-3007FO-3007S-3025S-9999A-9999C-9999CS-9999E,WA007,301024724,""
13,2755.75,1,310726,1022514355,101,WA003,3002A-3005WGUM-3007DRYGUM-3007FO-3007S-3025S-9999A-9999C-9999CS-9999E,WA007,301024739,""
13,2755.75,1,310726,1022514355,101,WA003,3002A-3005WGUM-3007DRYGUM-3007FO-3007S-3025S-9999A-9999C-9999CS-9999E,WA007,301024740,""
13,2755.75,1,310726,1022514356,101,WA003,3002A-3005WGUM-3007DRYGUM-3007FO-3007S-3025S-9999A-9999C-9999CS-9999E,WA007,301024754,""
13,2755.75,1,310726,1022514356,101,WA003,3002A-3005WGUM-3007DRYGUM-3007FO-3007S-3025S-9999A-9999C-9999CS-9999E,WA007,301024755,""
13,2755.75,1,310726,1022514356,101,WA003,3002A-3005WGUM-3007DRYGUM-3007FO-3007S-3025S-9999A-9999C-9999CS-9999E,WA007,301024756,""
13,2755.75,1,310726,1022514356,101,WA003,3002A-3005WGUM-3007DRYGUM-3007FO-3007S-3025S-9999A-9999C-9999CS-9999E,WA007,301024799,""
13,2755.75,1,310726,1022514356,101,WA003,3002A-3005WGUM-3007DRYGUM-3007FO-3007S-3025S-9999A-9999C-9999CS-9999E,WA007,301024800,""
13,2755.75,1,310726,1022514356,101,WA003,3002A-3005WGUM-3007DRYGUM-3007FO-3007S-3025S-9999A-9999C-9999CS-9999E,WA007,301024835,""
13,2755.75,1,310726,1022514356,101,WA003,3002A-3005WGUM-3007DRYGUM-3007FO-3007S-3025S-9999A-9999C-9999CS-9999E,WA007,301024836,""
13,2755.75,1,310726,1022514356,101,WA003,3002A-3005WGUM-3007DRYGUM-3007FO-3007S-3025S-9999A-9999C-9999CS-9999E,WA007,301024837,""
13,2755.75,1,310726,1022514357,101,WA003,3005WGUM-3007DRYGUM-3007FO-3007S-3025S-9999A-9999C-9999CS-9999E,WA007,301024838,""
13,2755.75,1,310726,1022514357,101,WA003,3005WGUM-3007DRYGUM-3007FO-3007S-3025S-9999A-9999C-9999CS-9999E,WA007,301024878,""
13,2755.75,1,310726,1022514357,101,WA003,3005WGUM-3007DRYGUM-3007FO-3007S-3025S-9999A-9999C-9999CS-9999E,WA007,301024879,""
13,2755.75,1,310726,1022514357,101,WA003,3005WGUM-3007DRYGUM-3007FO-3007S-3025S-9999A-9999C-9999CS-9999E,WA007,301024913,""
13,2755.75,1,310726,1022514357,101,WA003,3005WGUM-3007DRYGUM-3007FO-3007S-3025S-9999A-9999C-9999CS-9999E,WA007,301024914,""
13,2755.75,1,310726,1022514357,101,WA003,3005WGUM-3007DRYGUM-3007FO-3007S-3025S-9999A-9999C-9999CS-9999E,WA007,301024915,""
13,2755.75,1,310726,1022514357,101,WA003,3005WGUM-3007DRYGUM-3007FO-3007S-3025S-9999A-9999C-9999CS-9999E,WA007,301024916,""
13,2755.75,1,310726,1022514357,101,WA003,3005WGUM-3007DRYGUM-3007FO-3007S-3025S-9999A-9999C-9999CS-9999E,WA007,301024943,""
13,2755.75,1,310726,1022514358,101,WA003,3005WGUM-3007DRYGUM-3007FO-3007S-3025S-9999A-9999C-9999CS-9999E,WA007,301024944,""
13,2755.75,1,310726,1022514358,101,WA003,3005WGUM-3007DRYGUM-3007FO-3007S-3025S-9999A-9999C-9999CS-9999E,WA007,301024945,""
13,2755.75,1,310726,1022514358,101,WA003,3005WGUM-3007DRYGUM-3007FO-3007S-3025S-9999A-9999C-9999CS-9999E,WA007,301024946,""
13,2755.75,1,310726,1022514358,101,WA003,3005WGUM-3007DRYGUM-3007FO-3007S-3025S-9999A-9999C-9999CS-9999E,WA007,301024947,""
13,2755.75,1,310726,1022514358,101,WA003,3005WGUM-3007DRYGUM-3007FO-3007S-3025S-9999A-9999C-9999CS-9999E,WA007,301024956,""
13,2755.75,1,310726,1022514358,101,WA003,3005WGUM-3007DRYGUM-3007FO-3007S-3025S-9999A-9999C-9999CS-9999E,WA007,301024957,""
13,2755.75,1,310726,1022514358,101,WA003,3005WGUM-3007DRYGUM-3007FO-3007S-3025S-9999A-9999C-9999CS-9999E,WA007,301024964,""
13,2755.75,1,310726,1022514358,101,WA003,3005WGUM-3007DRYGUM-3007FO-3007S-3025S-9999A-9999C-9999CS-9999E,WA007,301025010,""
13,2755.75,1,310726,1022514359,101,WA003,3005WGUM-3007DRYGUM-3007FO-3007S-3025S-9999A-9999C-9999CS-9999E,WA007,301025011,""
13,2755.75,1,310726,1022514359,101,WA003,3005WGUM-3007DRYGUM-3007FO-3007S-3025S-9999A-9999C-9999CS-9999E,WA007,301025012,""
13,2755.75,1,310726,1022514359,101,WA003,3005WGUM-3007DRYGUM-3007FO-3007S-3025S-9999A-9999C-9999CS-9999E,WA007,301025013,""
13,2755.75,1,310726,1022514359,101,WA003,3005WGUM-3007DRYGUM-3007FO-3007S-3025S-9999A-9999C-9999CS-9999E,WA007,301025143,""
13,2755.75,1,310726,1022514359,101,WA003,3005WGUM-3007DRYGUM-3007FO-3007S-3025S-9999A-9999C-9999CS-9999E,WA007,301025144,""
13,2755.75,1,310726,1022514359,101,WA003,3005WGUM-3007DRYGUM-3007FO-3007S-3025S-9999A-9999C-9999CS-9999E,WA007,301025145,""
13,2755.75,1,310726,1022514359,101,WA003,3005WGUM-3007DRYGUM-3007FO-3007S-3025S-9999A-9999C-9999CS-9999E,WA007,301025146,""
13,2755.75,1,310726,1022514359,101,WA003,3005WGUM-3007DRYGUM-3007FO-3007S-3025S-9999A-9999C-9999CS-9999E,WA007,301025148,""
13,2755.75,1,310726,1022514360,101,WA003,3005WGUM-3007DRYGUM-3007FO-3007S-3025S-9999A-9999C-9999CS-9999E,WA007,301025215,""
13,2755.75,1,310726,1022514360,101,WA003,3005WGUM-3007DRYGUM-3007FO-3007S-3025S-9999A-9999C-9999CS-9999E,WA007,301025217,""
13,2755.75,1,310726,1022514360,101,WA003,3005WGUM-3007DRYGUM-3007FO-3007S-3025S-9999A-9999C-9999CS-9999E,WA007,301025218,""
13,2755.75,1,310726,1022514360,101,WA003,3005WGUM-3007DRYGUM-3007FO-3007S-3025S-9999A-9999C-9999CS-9999E,WA007,301025219,""
13,2755.75,1,310726,1022514360,101,WA003,3005WGUM-3007DRYGUM-3007FO-3007S-3025S-9999A-9999C-9999CS-9999E,WA007,301025304,""
13,2755.75,1,310726,1022514360,101,WA003,3005WGUM-3007DRYGUM-3007FO-3007S-3025S-9999A-9999C-9999CS-9999E,WA007,301025305,""
13,2755.75,1,310726,1022514360,101,WA003,3005WGUM-3007DRYGUM-3007FO-3007S-3025S-9999A-9999C-9999CS-9999E,WA007,301025306,""
13,2755.75,1,310726,1022514360,101,WA003,3005WGUM-3007DRYGUM-3007FO-3007S-3025S-9999A-9999C-9999CS-9999E,WA007,301025307,""
13,2755.75,1,310726,1022514361,101,WA003,3005WGUM-3007DRYGUM-3007FO-3007S-3025S-9999A-9999C-9999CS-9999E,WA007,301025328,""
13,2755.75,1,310726,1022514361,101,WA003,3005WGUM-3007DRYGUM-3007FO-3007S-3025S-9999A-9999C-9999CS-9999E,WA007,301025329,""
13,2755.75,1,310726,1022514361,101,WA003,3005WGUM-3007DRYGUM-3007FO-3007S-3025S-9999A-9999C-9999CS-9999E,WA007,301025330,""
13,2755.75,1,310726,1022514361,101,WA003,3005WGUM-3007DRYGUM-3007FO-3007S-3025S-9999A-9999C-9999CS-9999E,WA007,301025356,""
13,2755.75,1,310726,1022514361,101,WA003,3005WGUM-3007DRYGUM-3007FO-3007S-3025S-9999A-9999C-9999CS-9999E,WA007,301025357,""
13,2755.75,1,310726,1022514361,101,WA003,3005WGUM-3007DRYGUM-3007FO-3007S-3025S-9999A-9999C-9999CS-9999E,WA007,301025383,""
13,2755.75,1,310726,1022514361,101,WA003,3005WGUM-3007DRYGUM-3007FO-3007S-3025S-9999A-9999C-9999CS-9999E,WA007,301025384,""
13,2755.75,1,310726,1022514361,101,WA003,3005WGUM-3007DRYGUM-3007FO-3007S-3025S-9999A-9999C-9999CS-9999E,WA007,301028997,""
13,2755.75,1,310726,1022514362,101,WA003,3007S-3025S-9999A-9999E,WA007,301025404,233258-1-1-101
13,2755.75,1,310726,1022514362,101,WA003,3007S-3025S-9999A-9999E,WA007,301025405,233258-1-1-101
13,2755.75,1,310726,1022514362,101,WA003,3007S-3025S-9999A-9999E,WA007,301025406,233262-1-1-104
13,2755.75,1,310726,1022514362,101,WA003,3007S-3025S-9999A-9999E,WA007,301025436,233262-1-1-104
13,2755.75,1,310726,1022514362,101,WA003,3007S-3025S-9999A-9999E,WA007,301025437,""
13,2425.06,1,310726,1022514362,101,WA003,3007S-3025S-9999A-9999E,WA007,301025441,""
14,2755.75,1,310002,1002514201,102,WA001,9999A,WA001,301022526,""
14,1873.91,1,310002,1002514201,102,WA001,9999A,WA001,301022557,""
14,2755.75,1,310015,1002514203,101,WA001,9999A-9999E,WA001,301022803,""
14,2755.75,1,310015,1002514203,101,WA001,9999A-9999E,WA001,301022804,""
14,2755.75,1,310015,1002514203,101,WA001,9999A-9999E,WA001,301022811,""
14,2755.75,1,310015,1002514204,101,WA001,9999A-9999E,WA001,301022841,""
14,2755.75,1,310015,1002514204,101,WA001,9999A-9999E,WA001,301022846,""
14,2755.75,1,310015,1002514204,101,WA001,9999A-9999E,WA001,301022847,""
14,2755.75,1,310015,1002514204,101,WA001,9999A-9999E,WA001,301022848,""
14,2755.75,1,310015,1002514204,101,WA001,9999A-9999E,WA001,301022850,""
14,2755.75,1,310015,1002514204,101,WA001,9999A-9999E,WA001,301022851,""
14,2755.75,1,310015,1002514204,101,WA001,9999A-9999E,WA001,301022900,""
14,2755.75,1,310015,1002514204,101,WA001,9999A-9999E,WA001,301022904,""
14,2755.75,1,310015,1002514205,101,WA001,9999A-9999E,WA001,301022916,""
14,2755.75,1,310015,1002514205,101,WA001,9999A-9999E,WA001,301022917,""
14,2755.75,1,310015,1002514205,101,WA001,9999A-9999E,WA001,301022937,""
14,2755.75,1,310015,1002514205,101,WA001,9999A-9999E,WA001,301022938,""
14,2755.75,1,310015,1052514203,101,ID002,3117A-3123A-9999A-9999E,ID002,301022132,""
14,2755.75,1,310015,1052514203,101,ID002,3117A-3123A-9999A-9999E,ID010,301022098,1460770
14,2755.75,1,310015,1052514203,101,ID002,3117A-3123A-9999A-9999E,ID010,301022099,1460770
14,2755.75,1,310015,1052514203,101,ID002,3117A-3123A-9999A-9999E,ID010,301022101,1460770
14,2755.75,1,310015,1052514203,101,ID002,3117A-3123A-9999A-9999E,ID010,301022102,1460770
14,2755.75,1,310015,1052514203,101,ID002,3117A-3123A-9999A-9999E,ID010,301022109,1460770
14,2755.75,1,310015,1052514203,101,ID002,3117A-3123A-9999A-9999E,ID010,301022110,1460770
14,2755.75,1,310015,1052514203,101,ID002,3117A-3123A-9999A-9999E,ID010,301022129,1460770
14,2755.75,1,310015,1052514204,101,ID002,3117A-3123A-9999A-9999E,ID010,301022142,1460770
14,2755.75,1,310015,1052514204,101,ID002,3117A-3123A-9999A-9999E,ID010,301022143,1460770
14,2755.75,1,310015,1052514204,101,ID002,3117A-3123A-9999A-9999E,ID010,301022144,1460770
14,2755.75,1,310015,1052514204,101,ID002,3117A-3123A-9999A-9999E,ID010,301022145,1460770
14,2755.75,1,310015,1052514204,101,ID002,3117A-3123A-9999A-9999E,ID010,301022154,1460770
14,2755.75,1,310015,1052514204,101,ID002,3117A-3123A-9999A-9999E,ID010,301022155,1460770
14,2755.75,1,310015,1052514204,101,ID002,3117A-3123A-9999A-9999E,ID010,301022156,1460770
14,2755.75,1,310015,1052514204,101,ID002,3117A-3123A-9999A-9999E,ID010,301022157,1460770
14,2755.75,1,310015,1052514205,101,ID002,3117A-3123A-9999A-9999E,ID010,301022244,1460770
14,2755.75,1,310015,1052514205,101,ID002,3117A-3123A-9999A-9999E,ID010,301022245,1460770
14,2755.75,1,310015,1052514205,101,ID002,3117A-3123A-9999A-9999E,ID010,301022246,1460770
14,2755.75,1,310015,1052514205,101,ID002,3117A-3123A-9999A-9999E,ID010,301022247,1460770
14,2755.75,1,310015,1052514205,101,ID002,3117A-3123A-9999A-9999E,ID010,301022252,1460770
14,2755.75,1,310015,1052514205,101,ID002,3117A-3123A-9999A-9999E,ID010,301022253,1460770
14,2755.75,1,310015,1052514205,101,ID002,3117A-3123A-9999A-9999E,ID010,301022254,1460770
14,2755.75,1,310015,1052514205,101,ID002,3117A-3123A-9999A-9999E,ID010,301022255,1460770
14,2755.75,1,310015,1052514206,101,ID002,3117A-3123A-9999A-9999E,ID010,301022314,1460770
14,2755.75,1,310015,1052514206,101,ID002,3117A-3123A-9999A-9999E,ID010,301022315,1460770
14,2755.75,1,310015,1052514206,101,ID002,3117A-3123A-9999A-9999E,ID010,301022316,1460770
14,2755.75,1,310015,1052514206,101,ID002,3117A-3123A-9999A-9999E,ID010,301022317,1460770
14,2755.75,1,310015,1052514206,101,ID002,3117A-3123A-9999A-9999E,ID010,301022361,1460770
14,2755.75,1,310015,1052514206,101,ID002,3117A-3123A-9999A-9999E,ID010,301022362,1460770
14,2755.75,1,310015,1052514206,101,ID002,3117A-3123A-9999A-9999E,ID010,301022376,1460770
14,2755.75,1,310015,1052514206,101,ID002,3117A-3123A-9999A-9999E,ID010,301022377,1460770
14,2755.75,1,310015,1052514211,101,ID002,3117A-3123A-9999A-9999E,ID010,301022786,1460770
14,2755.75,1,310015,1052514211,101,ID002,3117A-3123A-9999A-9999E,ID010,301022787,1460770
14,2755.75,1,310015,1052514211,101,ID002,3117A-3123A-9999A-9999E,ID010,301022788,1460770
14,2755.75,1,310015,1052514211,101,ID002,3117A-3123A-9999A-9999E,ID010,301022789,1460770
14,2755.75,1,310015,1052514211,101,ID002,3117A-3123A-9999A-9999E,ID010,301022812,1460770
14,2755.75,1,310015,1052514211,101,ID002,3117A-3123A-9999A-9999E,ID010,301022813,1460770
14,2755.75,1,310015,1052514211,101,ID002,3117A-3123A-9999A-9999E,ID010,301022814,1460770
14,2755.75,1,310015,1052514211,101,ID002,3117A-3123A-9999A-9999E,ID010,301022815,1460770
14,2755.75,1,310015,1052514212,101,ID002,3117A-3123A-9999A-9999E,ID010,301022830,1460770
14,2755.75,1,310015,1052514212,101,ID002,3117A-3123A-9999A-9999E,ID010,301022831,1460770
14,2755.75,1,310015,1052514212,101,ID002,3117A-3123A-9999A-9999E,ID010,301022832,1460770
14,2755.75,1,310015,1052514212,101,ID002,3117A-3123A-9999A-9999E,ID010,301022833,1460770
14,2755.75,1,310015,1052514212,101,ID002,3117A-3123A-9999A-9999E,ID010,301022842,1460770
14,2755.75,1,310015,1052514212,101,ID002,3117A-3123A-9999A-9999E,ID010,301022843,1460770
14,2755.75,1,310015,1052514212,101,ID002,3117A-3123A-9999A-9999E,ID010,301022844,1460770
14,2755.75,1,310015,1052514212,101,ID002,3117A-3123A-9999A-9999E,ID010,301022845,1460770
14,2755.75,1,310015,1052514213,101,ID002,3117A-3123A-9999A-9999E,ID010,301022861,1460770
14,2755.75,1,310015,1052514213,101,ID002,3117A-3123A-9999A-9999E,ID010,301022862,1460770
14,2755.75,1,310015,1052514213,101,ID002,3117A-3123A-9999A-9999E,ID010,301022863,1460770
14,2755.75,1,310015,1052514213,101,ID002,3117A-3123A-9999A-9999E,ID010,301022864,1460770
14,2755.75,1,310015,1052514213,101,ID002,3117A-3123A-9999A-9999E,ID010,301022874,1460770
14,2755.75,1,310015,1052514213,101,ID002,3117A-3123A-9999A-9999E,ID010,301022875,1460770
14,2755.75,1,310015,1052514213,101,ID002,3117A-3123A-9999A-9999E,ID010,301022876,1460770
14,2755.75,1,310015,1052514213,101,ID002,3117A-3123A-9999A-9999E,ID010,301022877,1460770
14,2755.75,1,310015,1052514214,101,ID002,3117A-3123A-9999A-9999E,ID010,301022885,1460770
14,2755.75,1,310015,1052514214,101,ID002,3117A-3123A-9999A-9999E,ID010,301022886,1460770
14,2755.75,1,310015,1052514214,101,ID002,3117A-3123A-9999A-9999E,ID010,301022887,1459741
14,2755.75,1,310015,1052514214,101,ID002,3117A-3123A-9999A-9999E,ID010,301022888,1459741
14,2755.75,1,310015,1052514214,101,ID002,3117A-3123A-9999A-9999E,ID010,301022901,1459741
14,2755.75,1,310015,1052514214,101,ID002,3117A-3123A-9999A-9999E,ID010,301022902,1459741
14,2755.75,1,310015,1052514214,101,ID002,3117A-3123A-9999A-9999E,ID010,301022903,1459741
14,2755.75,1,310015,1052514214,101,ID002,3117A-3123A-9999A-9999E,ID010,301022905,1459741
14,2755.75,1,310015,1052514215,101,ID002,3117A-3123A-9999A-9999E,ID010,301022922,1459741
14,2755.75,1,310015,1052514215,101,ID002,3117A-3123A-9999A-9999E,ID010,301022923,1459741
14,2755.75,1,310015,1052514216,101,ID002,3117A-3123A-9999A-9999E,ID010,301022980,1460563
14,2755.75,1,310015,1052514216,101,ID002,3117A-3123A-9999A-9999E,ID010,301022981,1460563
14,2755.75,1,310015,1052514216,101,ID002,3117A-3123A-9999A-9999E,ID010,301022982,1460563
14,2755.75,1,310015,1052514216,101,ID002,3117A-3123A-9999A-9999E,ID010,301022983,1460563
14,2755.75,1,310724,1012514201,101,WA002,3040A-3043A-3053A-9999A-9999C-9999E,WA007,301022008,""
14,2755.75,1,310724,1012514201,101,WA002,3040A-3043A-3053A-9999A-9999C-9999E,WA007,301022009,""
14,2755.75,1,310724,1012514201,101,WA002,3040A-3043A-3053A-9999A-9999C-9999E,WA007,301022010,""
14,2755.75,1,310724,1012514201,101,WA002,3040A-3043A-3053A-9999A-9999C-9999E,WA007,301022011,""
14,2755.75,1,310724,1012514201,101,WA002,3040A-3043A-3053A-9999A-9999C-9999E,WA007,301022059,""
14,2755.75,1,310724,1012514201,101,WA002,3040A-3043A-3053A-9999A-9999C-9999E,WA007,301022061,""
14,2755.75,1,310724,1012514201,101,WA002,3040A-3043A-3053A-9999A-9999C-9999E,WA007,301022100,""
14,2755.75,1,310724,1012514201,101,WA002,3040A-3043A-3053A-9999A-9999C-9999E,WA007,301022374,""
14,2755.75,1,310724,1012514201,101,WA002,3040A-3043A-3053A-9999A-9999C-9999E,WA007,301022475,""
14,2755.75,1,310724,1012514202,101,WA002,3040A-3053A-9999A-9999E,WA007,301022429,""
14,2755.75,1,310724,1012514202,101,WA002,3040A-3053A-9999A-9999E,WA007,301022474,""
14,2755.75,1,310724,1012514202,101,WA002,3040A-3053A-9999A-9999E,WA007,301022476,""
14,2700.635,1,310724,1012514202,101,WA002,3040A-3053A-9999A-9999E,WA007,301022481,""
14,2755.75,1,310724,1012514202,101,WA002,3040A-3053A-9999A-9999E,WA007,301022504,""
14,2755.75,1,310724,1012514202,101,WA002,3040A-3053A-9999A-9999E,WA007,301022505,""
14,2755.75,1,310724,1012514202,101,WA002,3040A-3053A-9999A-9999E,WA007,301022506,""
14,2755.75,1,310724,1012514203,101,WA002,3040A-9999A-9999C,WA007,301022507,""
14,2755.75,1,310724,1012514203,101,WA002,3040A-9999A-9999C,WA007,301022508,""
14,2755.75,1,310724,1012514203,101,WA002,3040A-9999A-9999C,WA007,301022514,""
14,2755.75,1,310724,1012514203,101,WA002,3040A-9999A-9999C,WA007,301022529,""
14,2755.75,1,310724,1012514203,101,WA002,3040A-9999A-9999C,WA007,301022535,""
14,2755.75,1,310724,1012514203,101,WA002,3040A-9999A-9999C,WA007,301022551,""
14,2755.75,1,310724,1012514203,101,WA002,3040A-9999A-9999C,WA007,301022552,""
14,2755.75,1,310724,1012514203,101,WA002,3040A-9999A-9999C,WA007,301022560,""
14,2755.75,1,310724,1012514204,101,WA002,3040A-9999A-9999C,WA007,301022581,""
14,2755.75,1,310724,1012514204,101,WA002,3040A-9999A-9999C,WA007,301022611,""
14,2755.75,1,310724,1012514204,101,WA002,3040A-9999A-9999C,WA007,301022612,""
14,2755.75,1,310724,1012514204,101,WA002,3040A-9999A-9999C,WA007,301022613,""
14,2755.75,1,310724,1012514204,101,WA002,3040A-9999A-9999C,WA007,301022616,""
14,2755.75,1,310724,1012514204,101,WA002,3040A-9999A-9999C,WA007,301022617,""
14,2755.75,1,310724,1012514204,101,WA002,3040A-9999A-9999C,WA007,301022650,""
14,2755.75,1,310724,1012514204,101,WA002,3040A-9999A-9999C,WA007,301022656,""
14,2755.75,1,310724,1012514205,101,WA002,3040A-3043A-3045A-3053A-9999A-9999C-9999E,WA007,301022657,""
14,2755.75,1,310724,1012514205,101,WA002,3040A-3043A-3045A-3053A-9999A-9999C-9999E,WA007,301022658,""
14,2755.75,1,310724,1012514205,101,WA002,3040A-3043A-3045A-3053A-9999A-9999C-9999E,WA007,301022791,""
14,2755.75,1,310724,1012514205,101,WA002,3040A-3043A-3045A-3053A-9999A-9999C-9999E,WA007,301022792,""
14,2755.75,1,310724,1012514205,101,WA002,3040A-3043A-3045A-3053A-9999A-9999C-9999E,WA007,301022793,""
14,2755.75,1,310724,1012514205,101,WA002,3040A-3043A-3045A-3053A-9999A-9999C-9999E,WA007,301022805,""
14,2755.75,1,310724,1012514205,101,WA002,3040A-3043A-3045A-3053A-9999A-9999C-9999E,WA007,301022806,""
14,2755.75,1,310724,1012514205,101,WA002,3040A-3043A-3045A-3053A-9999A-9999C-9999E,WA007,301022807,""
14,2755.75,1,310724,1012514206,101,WA002,3040A-3043A-3045A-3053A-9999A-9999E,WA007,301022808,""
14,2755.75,1,310724,1012514206,101,WA002,3040A-3043A-3045A-3053A-9999A-9999E,WA007,301022809,""
14,2755.75,1,310724,1012514206,101,WA002,3040A-3043A-3045A-3053A-9999A-9999E,WA007,301022810,""
14,2755.75,1,310724,1012514206,101,WA002,3040A-3043A-3045A-3053A-9999A-9999E,WA007,301022849,""
14,2755.75,1,310724,1012514206,101,WA002,3040A-3043A-3045A-3053A-9999A-9999E,WA007,301022860,""
14,2755.75,1,310724,1012514206,101,WA002,3040A-3043A-3045A-3053A-9999A-9999E,WA007,301022912,""
14,2755.75,1,310724,1012514206,101,WA002,3040A-3043A-3045A-3053A-9999A-9999E,WA007,301022913,""
14,2755.75,1,310724,1012514206,101,WA002,3040A-3043A-3045A-3053A-9999A-9999E,WA007,301022914,""
14,2755.75,1,310724,1012514207,101,WA002,3040A-3043A-3045A-3053A-3055A-9999A-9999E,WA007,301022918,""
14,2755.75,1,310724,1012514207,101,WA002,3040A-3043A-3045A-3053A-3055A-9999A-9999E,WA007,301022919,""
14,2755.75,1,310724,1012514207,101,WA002,3040A-3043A-3045A-3053A-3055A-9999A-9999E,WA007,301022920,""
14,2755.75,1,310724,1012514207,101,WA002,3040A-3043A-3045A-3053A-3055A-9999A-9999E,WA007,301022921,""
14,2755.75,1,310724,1012514207,101,WA002,3040A-3043A-3045A-3053A-3055A-9999A-9999E,WA007,301022924,""
14,2755.75,1,310724,1012514207,101,WA002,3040A-3043A-3045A-3053A-3055A-9999A-9999E,WA007,301022926,""
14,2755.75,1,310724,1012514207,101,WA002,3040A-3043A-3045A-3053A-3055A-9999A-9999E,WA007,301022959,""
14,2755.75,1,310724,1012514207,101,WA002,3040A-3043A-3045A-3053A-3055A-9999A-9999E,WA007,301022960,""
14,2755.75,1,310724,1012514208,101,WA002,3040A-3043A-3045A-3053A-3055A-9999A-9999C-9999E,WA007,301022963,""
14,2755.75,1,310724,1012514208,101,WA002,3040A-3043A-3045A-3053A-3055A-9999A-9999C-9999E,WA007,301022964,""
14,2755.75,1,310724,1012514208,101,WA002,3040A-3043A-3045A-3053A-3055A-9999A-9999C-9999E,WA007,301022967,""
14,2755.75,1,310724,1012514208,101,WA002,3040A-3043A-3045A-3053A-3055A-9999A-9999C-9999E,WA007,301023010,""
14,2755.75,1,310724,1012514208,101,WA002,3040A-3043A-3045A-3053A-3055A-9999A-9999C-9999E,WA007,301023027,""
14,2755.75,1,310726,1022514251,101,WA003,3007S-3025S-3033A-3035A-9999A-9999E,WA007,301022986,233258-1-1-101
14,2755.75,1,310726,1022514251,101,WA003,3007S-3025S-3033A-3035A-9999A-9999E,WA007,301022987,233258-1-1-101
14,2755.75,1,310726,1022514251,101,WA003,3007S-3025S-3033A-3035A-9999A-9999E,WA007,301022994,233258-1-1-101
14,2755.75,1,310726,1022514251,101,WA003,3007S-3025S-3033A-3035A-9999A-9999E,WA007,301022995,233258-1-1-101
14,2755.75,1,310726,1022514251,101,WA003,3007S-3025S-3033A-3035A-9999A-9999E,WA007,301022996,233258-1-1-101
14,2755.75,1,310726,1022514251,101,WA003,3007S-3025S-3033A-3035A-9999A-9999E,WA007,301022997,233258-1-1-101
14,2755.75,1,310726,1022514251,101,WA003,3007S-3025S-3033A-3035A-9999A-9999E,WA007,301022998,233258-1-1-101
14,2755.75,1,310726,1022514251,101,WA003,3007S-3025S-3033A-3035A-9999A-9999E,WA007,301022999,233258-1-1-101
14,2755.75,1,310726,1022514252,101,WA003,3007S-3025S-3033A-3035A-9999A-9999C-9999CS-9999E,WA007,301023058,233262-1-1-104
14,2755.75,1,310726,1022514252,101,WA003,3007S-3025S-3033A-3035A-9999A-9999C-9999CS-9999E,WA007,301023059,233262-1-1-104
14,2755.75,1,310726,1022514252,101,WA003,3007S-3025S-3033A-3035A-9999A-9999C-9999CS-9999E,WA007,301023060,233262-1-1-104
14,2755.75,1,310726,1022514252,101,WA003,3007S-3025S-3033A-3035A-9999A-9999C-9999CS-9999E,WA007,301023061,233262-1-1-104
14,2755.75,1,310726,1022514252,101,WA003,3007S-3025S-3033A-3035A-9999A-9999C-9999CS-9999E,WA007,301023062,233262-1-1-104
14,2755.75,1,310726,1022514252,101,WA003,3007S-3025S-3033A-3035A-9999A-9999C-9999CS-9999E,WA007,301023063,233262-1-1-104
14,2755.75,1,310726,1022514252,101,WA003,3007S-3025S-3033A-3035A-9999A-9999C-9999CS-9999E,WA007,301023064,233262-1-1-104
14,2755.75,1,310726,1022514253,101,WA003,3005WGUM-3007DRYGUM-3007FO-3007S-3025S-3033A-3035A-9999A-9999C-9999CS-9999E,WA007,301023092,""
14,2755.75,1,310726,1022514253,101,WA003,3005WGUM-3007DRYGUM-3007FO-3007S-3025S-3033A-3035A-9999A-9999C-9999CS-9999E,WA007,301023093,""
14,2755.75,1,310726,1022514253,101,WA003,3005WGUM-3007DRYGUM-3007FO-3007S-3025S-3033A-3035A-9999A-9999C-9999CS-9999E,WA007,301023094,""
14,2755.75,1,310726,1022514253,101,WA003,3005WGUM-3007DRYGUM-3007FO-3007S-3025S-3033A-3035A-9999A-9999C-9999CS-9999E,WA007,301023095,""
14,2755.75,1,310726,1022514253,101,WA003,3005WGUM-3007DRYGUM-3007FO-3007S-3025S-3033A-3035A-9999A-9999C-9999CS-9999E,WA007,301023111,""
14,2755.75,1,310726,1022514253,101,WA003,3005WGUM-3007DRYGUM-3007FO-3007S-3025S-3033A-3035A-9999A-9999C-9999CS-9999E,WA007,301023112,""
14,2755.75,1,310726,1022514253,101,WA003,3005WGUM-3007DRYGUM-3007FO-3007S-3025S-3033A-3035A-9999A-9999C-9999CS-9999E,WA007,301023122,""
14,2755.75,1,310726,1022514253,101,WA003,3005WGUM-3007DRYGUM-3007FO-3007S-3025S-3033A-3035A-9999A-9999C-9999CS-9999E,WA007,301023123,""
14,2755.75,1,310726,1022514254,101,WA003,3005WGUM-3007DRYGUM-3007FO-3007S-3025S-3033A-3035A-9999A-9999C-9999CS-9999E,WA007,301023138,""
14,2755.75,1,310726,1022514254,101,WA003,3005WGUM-3007DRYGUM-3007FO-3007S-3025S-3033A-3035A-9999A-9999C-9999CS-9999E,WA007,301023165,""
14,2755.75,1,310726,1022514254,101,WA003,3005WGUM-3007DRYGUM-3007FO-3007S-3025S-3033A-3035A-9999A-9999C-9999CS-9999E,WA007,301023166,""
14,2755.75,1,310726,1022514254,101,WA003,3005WGUM-3007DRYGUM-3007FO-3007S-3025S-3033A-3035A-9999A-9999C-9999CS-9999E,WA007,301023167,""
14,2755.75,1,310726,1022514254,101,WA003,3005WGUM-3007DRYGUM-3007FO-3007S-3025S-3033A-3035A-9999A-9999C-9999CS-9999E,WA007,301023168,""
14,2755.75,1,310726,1022514254,101,WA003,3005WGUM-3007DRYGUM-3007FO-3007S-3025S-3033A-3035A-9999A-9999C-9999CS-9999E,WA007,301023169,""
14,2755.75,1,310726,1022514254,101,WA003,3005WGUM-3007DRYGUM-3007FO-3007S-3025S-3033A-3035A-9999A-9999C-9999CS-9999E,WA007,301023170,""
14,2755.75,1,310726,1022514254,101,WA003,3005WGUM-3007DRYGUM-3007FO-3007S-3025S-3033A-3035A-9999A-9999C-9999CS-9999E,WA007,301023171,""
14,2755.75,1,310726,1022514255,101,WA003,3005WGUM-3007DRYGUM-3007FO-3007S-3025S-3033A-3035A-9999A-9999C-9999CS-9999E,WA007,301023187,""
14,2755.75,1,310726,1022514255,101,WA003,3005WGUM-3007DRYGUM-3007FO-3007S-3025S-3033A-3035A-9999A-9999C-9999CS-9999E,WA007,301023188,""
14,2755.75,1,310726,1022514255,101,WA003,3005WGUM-3007DRYGUM-3007FO-3007S-3025S-3033A-3035A-9999A-9999C-9999CS-9999E,WA007,301023221,""
14,2755.75,1,310726,1022514255,101,WA003,3005WGUM-3007DRYGUM-3007FO-3007S-3025S-3033A-3035A-9999A-9999C-9999CS-9999E,WA007,301023224,""
14,2755.75,1,310726,1022514255,101,WA003,3005WGUM-3007DRYGUM-3007FO-3007S-3025S-3033A-3035A-9999A-9999C-9999CS-9999E,WA007,301023225,""
14,2755.75,1,310726,1022514255,101,WA003,3005WGUM-3007DRYGUM-3007FO-3007S-3025S-3033A-3035A-9999A-9999C-9999CS-9999E,WA007,301023238,""
14,2755.75,1,310726,1022514255,101,WA003,3005WGUM-3007DRYGUM-3007FO-3007S-3025S-3033A-3035A-9999A-9999C-9999CS-9999E,WA007,301023258,""
14,2755.75,1,310726,1022514255,101,WA003,3005WGUM-3007DRYGUM-3007FO-3007S-3025S-3033A-3035A-9999A-9999C-9999CS-9999E,WA007,301023259,""
14,2755.75,1,310726,1022514256,101,WA003,3005WGUM-3007DRYGUM-3007FO-3007S-3025S-3033A-3035A-9999A-9999C-9999CS-9999E,WA003,301023292,""
14,2755.75,1,310726,1022514256,101,WA003,3005WGUM-3007DRYGUM-3007FO-3007S-3025S-3033A-3035A-9999A-9999C-9999CS-9999E,WA007,301023260,""
14,2755.75,1,310726,1022514256,101,WA003,3005WGUM-3007DRYGUM-3007FO-3007S-3025S-3033A-3035A-9999A-9999C-9999CS-9999E,WA007,301023261,""
14,2755.75,1,310726,1022514256,101,WA003,3005WGUM-3007DRYGUM-3007FO-3007S-3025S-3033A-3035A-9999A-9999C-9999CS-9999E,WA007,301023262,""
14,2755.75,1,310726,1022514256,101,WA003,3005WGUM-3007DRYGUM-3007FO-3007S-3025S-3033A-3035A-9999A-9999C-9999CS-9999E,WA007,301023263,""
14,2755.75,1,310726,1022514256,101,WA003,3005WGUM-3007DRYGUM-3007FO-3007S-3025S-3033A-3035A-9999A-9999C-9999CS-9999E,WA007,301023271,""
14,2755.75,1,310726,1022514256,101,WA003,3005WGUM-3007DRYGUM-3007FO-3007S-3025S-3033A-3035A-9999A-9999C-9999CS-9999E,WA007,301023272,""
14,2755.75,1,310726,1022514256,101,WA003,3005WGUM-3007DRYGUM-3007FO-3007S-3025S-3033A-3035A-9999A-9999C-9999CS-9999E,WA007,301023291,""
14,2755.75,1,310726,1022514257,101,WA003,3005WGUM-3007DRYGUM-3007FO-3007S-3025S-3033A-3035A-9999A-9999C-9999CS-9999E,WA003,301023298,""
14,2755.75,1,310726,1022514257,101,WA003,3005WGUM-3007DRYGUM-3007FO-3007S-3025S-3033A-3035A-9999A-9999C-9999CS-9999E,WA003,301023299,""
14,2755.75,1,310726,1022514257,101,WA003,3005WGUM-3007DRYGUM-3007FO-3007S-3025S-3033A-3035A-9999A-9999C-9999CS-9999E,WA003,301023300,""
14,2755.75,1,310726,1022514257,101,WA003,3005WGUM-3007DRYGUM-3007FO-3007S-3025S-3033A-3035A-9999A-9999C-9999CS-9999E,WA003,301023302,""
14,2755.75,1,310726,1022514257,101,WA003,3005WGUM-3007DRYGUM-3007FO-3007S-3025S-3033A-3035A-9999A-9999C-9999CS-9999E,WA007,301023338,""
14,2755.75,1,310726,1022514257,101,WA003,3005WGUM-3007DRYGUM-3007FO-3007S-3025S-3033A-3035A-9999A-9999C-9999CS-9999E,WA007,301023339,""
14,2755.75,1,310726,1022514257,101,WA003,3005WGUM-3007DRYGUM-3007FO-3007S-3025S-3033A-3035A-9999A-9999C-9999CS-9999E,WA007,301023340,""
14,2755.75,1,310726,1022514257,101,WA003,3005WGUM-3007DRYGUM-3007FO-3007S-3025S-3033A-3035A-9999A-9999C-9999CS-9999E,WA007,301023341,""
14,2755.75,1,310726,1022514258,101,WA003,3005WGUM-3007DRYGUM-3007FO-3007S-3025S-3033A-3035A-9999A-9999C-9999CS-9999E,WA007,301023367,""
14,2755.75,1,310726,1022514258,101,WA003,3005WGUM-3007DRYGUM-3007FO-3007S-3025S-3033A-3035A-9999A-9999C-9999CS-9999E,WA007,301023370,""
14,2755.75,1,310726,1022514258,101,WA003,3005WGUM-3007DRYGUM-3007FO-3007S-3025S-3033A-3035A-9999A-9999C-9999CS-9999E,WA007,301023431,""
14,2755.75,1,310726,1022514258,101,WA003,3005WGUM-3007DRYGUM-3007FO-3007S-3025S-3033A-3035A-9999A-9999C-9999CS-9999E,WA007,301023432,""
14,2755.75,1,310726,1022514258,101,WA003,3005WGUM-3007DRYGUM-3007FO-3007S-3025S-3033A-3035A-9999A-9999C-9999CS-9999E,WA007,301023433,""
14,2755.75,1,310726,1022514258,101,WA003,3005WGUM-3007DRYGUM-3007FO-3007S-3025S-3033A-3035A-9999A-9999C-9999CS-9999E,WA007,301023434,""
14,2755.75,1,310726,1022514258,101,WA003,3005WGUM-3007DRYGUM-3007FO-3007S-3025S-3033A-3035A-9999A-9999C-9999CS-9999E,WA007,301023435,""
14,2755.75,1,310726,1022514258,101,WA003,3005WGUM-3007DRYGUM-3007FO-3007S-3025S-3033A-3035A-9999A-9999C-9999CS-9999E,WA007,301023436,""
14,2755.75,1,310726,1022514259,101,WA003,3005WGUM-3007DRYGUM-3007FO-3007S-3025S-3033A-3035A-9999A-9999C-9999CS-9999E,WA007,301023469,""
14,2755.75,1,310726,1022514259,101,WA003,3005WGUM-3007DRYGUM-3007FO-3007S-3025S-3033A-3035A-9999A-9999C-9999CS-9999E,WA007,301023477,""
14,2755.75,1,310726,1022514259,101,WA003,3005WGUM-3007DRYGUM-3007FO-3007S-3025S-3033A-3035A-9999A-9999C-9999CS-9999E,WA007,301023478,""
14,2755.75,1,310726,1022514259,101,WA003,3005WGUM-3007DRYGUM-3007FO-3007S-3025S-3033A-3035A-9999A-9999C-9999CS-9999E,WA007,301023497,""
14,2755.75,1,310726,1022514259,101,WA003,3005WGUM-3007DRYGUM-3007FO-3007S-3025S-3033A-3035A-9999A-9999C-9999CS-9999E,WA007,301023498,""
14,2755.75,1,310726,1022514259,101,WA003,3005WGUM-3007DRYGUM-3007FO-3007S-3025S-3033A-3035A-9999A-9999C-9999CS-9999E,WA007,301023499,""
14,2755.75,1,310726,1022514259,101,WA003,3005WGUM-3007DRYGUM-3007FO-3007S-3025S-3033A-3035A-9999A-9999C-9999CS-9999E,WA007,301023500,""
14,2755.75,1,310726,1022514259,101,WA003,3005WGUM-3007DRYGUM-3007FO-3007S-3025S-3033A-3035A-9999A-9999C-9999CS-9999E,WA007,301023593,""
14,2755.75,1,310726,1022514260,101,WA003,3005WGUM-3007DRYGUM-3007FO-3007S-3025S-3033A-3035A-9999A-9999C-9999CS-9999E,WA007,301023594,""
14,2755.75,1,310726,1022514260,101,WA003,3005WGUM-3007DRYGUM-3007FO-3007S-3025S-3033A-3035A-9999A-9999C-9999CS-9999E,WA007,301023595,""
14,2755.75,1,310726,1022514260,101,WA003,3005WGUM-3007DRYGUM-3007FO-3007S-3025S-3033A-3035A-9999A-9999C-9999CS-9999E,WA007,301023596,""
14,2755.75,1,310726,1022514260,101,WA003,3005WGUM-3007DRYGUM-3007FO-3007S-3025S-3033A-3035A-9999A-9999C-9999CS-9999E,WA007,301023597,""
14,2755.75,1,310726,1022514260,101,WA003,3005WGUM-3007DRYGUM-3007FO-3007S-3025S-3033A-3035A-9999A-9999C-9999CS-9999E,WA007,301023633,""
14,2755.75,1,310726,1022514260,101,WA003,3005WGUM-3007DRYGUM-3007FO-3007S-3025S-3033A-3035A-9999A-9999C-9999CS-9999E,WA007,301023634,""
14,2755.75,1,310726,1022514260,101,WA003,3005WGUM-3007DRYGUM-3007FO-3007S-3025S-3033A-3035A-9999A-9999C-9999CS-9999E,WA007,301023635,""
14,2755.75,1,310726,1022514260,101,WA003,3005WGUM-3007DRYGUM-3007FO-3007S-3025S-3033A-3035A-9999A-9999C-9999CS-9999E,WA007,301023636,""
14,2755.75,1,310726,1022514261,101,WA003,3025S-9999A-9999E,WA007,301023700,233258-1-1-101
14,2755.75,1,310726,1022514261,101,WA003,3025S-9999A-9999E,WA007,301023701,233258-1-1-101
14,2755.75,1,310726,1022514261,101,WA003,3025S-9999A-9999E,WA007,301023734,233258-1-1-101
14,2755.75,1,310726,1022514261,101,WA003,3025S-9999A-9999E,WA007,301023735,233258-1-1-101
14,2755.75,1,310726,1022514261,101,WA003,3025S-9999A-9999E,WA007,301023736,233258-1-1-101
14,2755.75,1,310726,1022514261,101,WA003,3025S-9999A-9999E,WA007,301024052,233258-1-1-101
14,2755.75,1,310726,1022514261,101,WA003,3025S-9999A-9999E,WA007,301024053,233258-1-1-101
14,2755.75,1,310726,1022514261,101,WA003,3025S-9999A-9999E,WA007,301024079,233258-1-1-101
14,2700.635,1,310726,1022514262,101,WA003,3025S-9999A-9999E,WA007,301024080,233258-1-1-101
14,2755.75,1,310726,1022514262,101,WA003,3025S-9999A-9999E,WA007,301024081,233258-1-1-101
14,2755.75,1,310726,1022514262,101,WA003,3025S-9999A-9999E,WA007,301024082,233258-1-1-101
14,2755.75,1,310726,1022514262,101,WA003,3025S-9999A-9999E,WA007,301024128,233258-1-1-101
14,2755.75,1,310726,1022514262,101,WA003,3025S-9999A-9999E,WA007,301024129,233258-1-1-101
14,2755.75,1,310726,1022514262,101,WA003,3025S-9999A-9999E,WA007,301024130,233258-1-1-101
14,2755.75,1,310726,1022514262,101,WA003,3025S-9999A-9999E,WA007,301024158,233258-1-1-101
14,2755.75,1,310726,1022514262,101,WA003,3025S-9999A-9999E,WA007,301024159,233258-1-1-101
14,2755.75,1,310726,1022514263,101,WA003,3025S-9999A-9999E,WA007,301024160,233262-1-1-104
14,2755.75,1,310726,1022514263,101,WA003,3025S-9999A-9999E,WA007,301024161,233262-1-1-104
14,2755.75,1,310726,1022514263,101,WA003,3025S-9999A-9999E,WA007,301024162,233262-1-1-104
14,2755.75,1,310726,1022514263,101,WA003,3025S-9999A-9999E,WA007,301024163,233262-1-1-104
14,2755.75,1,310726,1022514263,101,WA003,3025S-9999A-9999E,WA007,301024230,233262-1-1-104
14,2755.75,1,310726,1022514263,101,WA003,3025S-9999A-9999E,WA007,301024231,233262-1-1-104
14,2755.75,1,310726,1022514263,101,WA003,3025S-9999A-9999E,WA007,301024232,233262-1-1-104
14,2755.75,1,310726,1022514263,101,WA003,3025S-9999A-9999E,WA007,301024233,233262-1-1-104
14,2755.75,1,310726,1022514264,101,WA003,3025S-9999A-9999E,WA007,301024234,232381-1-3-103
14,2755.75,1,310726,1022514264,101,WA003,3025S-9999A-9999E,WA007,301024235,232381-1-3-103
14,2755.75,1,310726,1022514264,101,WA003,3025S-9999A-9999E,WA007,301024236,232381-1-3-103
14,2755.75,1,310726,1022514264,101,WA003,3025S-9999A-9999E,WA007,301024237,232381-1-3-103
14,1267.645,0,310726,1022514264,101,WA003,3025S-9999A-9999E,WA007,301024291,233258-1-1-101
15,2755.75,1,310002,1002514101,102,WA001,9999A,WA001,301020831,""
15,2755.75,1,310002,1002514101,102,WA001,9999A,WA001,301020832,""
15,2755.75,1,310002,1002514101,102,WA001,9999A,WA001,301020867,""
15,2755.75,1,310002,1002514101,102,WA001,9999A,WA001,301020869,""
15,2755.75,1,310002,1002514101,102,WA001,9999A,WA001,301020896,""
15,2755.75,1,310002,1002514101,102,WA001,9999A,WA001,301020897,""
15,2755.75,1,310002,1002514101,102,WA001,9999A,WA001,301020954,""
15,2755.75,1,310002,1002514101,102,WA001,9999A,WA001,301020955,""
15,2755.75,1,310002,1002514102,102,WA001,9999A,WA001,301020957,""
15,2755.75,1,310002,1002514102,102,WA001,9999A,WA001,301021025,""
15,2755.75,1,310002,1002514102,102,WA001,9999A,WA001,301021049,""
15,2755.75,1,310002,1002514106,102,WA001,9999A,WA001,301021506,""
15,2700.635,1,310015,1052514101,101,ID002,3117A-9999A-9999A,ID010,301020505,1460563
15,2755.75,1,310015,1052514101,102,ID002,9999A-9999A,ID010,301020494,1460563
15,2755.75,1,310015,1052514101,102,ID002,9999A-9999A,ID010,301020495,1460563
15,2755.75,1,310015,1052514101,102,ID002,9999A-9999A,ID010,301020497,1460563
15,2755.75,1,310015,1052514101,102,ID002,9999A-9999A,ID010,301020504,1460563
15,2755.75,1,310015,1052514101,102,ID002,9999A-9999A,ID010,301022340,1460563
15,2755.75,1,310015,1052514102,102,ID002,9999A,ID010,301020564,1460563
15,2755.75,1,310015,1052514102,102,ID002,9999A,ID010,301020566,1460563
15,2755.75,1,310015,1052514102,102,ID002,9999A,ID010,301020575,1460563
15,2755.75,1,310015,1052514102,102,ID002,9999A,ID010,301020576,1460563
15,2755.75,1,310015,1052514102,102,ID002,9999A,ID010,301022350,1460563
15,2700.635,1,310015,1052514104,101,ID002,3117A-9999A,ID010,301020854,1459741
15,2700.635,1,310015,1052514106,101,ID002,3117A-3123A-9999A-9999E,ID010,301021032,1459741
15,2755.75,1,310724,1012514101,101,WA002,3040A-3043A-3045A-3053A-3055A-9999A-9999E,WA007,301020503,""
15,2755.75,1,310724,1012514101,101,WA002,3040A-3043A-3045A-3053A-3055A-9999A-9999E,WA007,301020512,""
15,2755.75,1,310724,1012514101,101,WA002,3040A-3043A-3045A-3053A-3055A-9999A-9999E,WA007,301020513,""
15,2755.75,1,310724,1012514101,101,WA002,3040A-3043A-3045A-3053A-3055A-9999A-9999E,WA007,301020514,""
15,2755.75,1,310724,1012514101,101,WA002,3040A-3043A-3045A-3053A-3055A-9999A-9999E,WA007,301020602,""
15,2755.75,1,310724,1012514101,101,WA002,3040A-3043A-3045A-3053A-3055A-9999A-9999E,WA007,301020603,""
15,2755.75,1,310724,1012514101,101,WA002,3040A-3043A-3045A-3053A-3055A-9999A-9999E,WA007,301020614,""
15,2755.75,1,310724,1012514101,101,WA002,3040A-3043A-3045A-3053A-3055A-9999A-9999E,WA007,301020615,""
15,2755.75,1,310724,1012514102,101,WA002,3040A-3043A-3045A-3053A-3055A-9999A-9999E,WA007,301020638,""
15,2755.75,1,310724,1012514102,101,WA002,3040A-3043A-3045A-3053A-3055A-9999A-9999E,WA007,301020649,""
15,2755.75,1,310724,1012514102,101,WA002,3040A-3043A-3045A-3053A-3055A-9999A-9999E,WA007,301020650,""
15,2755.75,1,310724,1012514102,101,WA002,3040A-3043A-3045A-3053A-3055A-9999A-9999E,WA007,301020665,""
15,2755.75,1,310724,1012514102,101,WA002,3040A-3043A-3045A-3053A-3055A-9999A-9999E,WA007,301020666,""
15,2755.75,1,310724,1012514102,101,WA002,3040A-3043A-3045A-3053A-3055A-9999A-9999E,WA007,301020667,""
15,2755.75,1,310724,1012514102,101,WA002,3040A-3043A-3045A-3053A-3055A-9999A-9999E,WA007,301020668,""
15,2755.75,1,310724,1012514102,101,WA002,3040A-3043A-3045A-3053A-3055A-9999A-9999E,WA007,301020669,""
15,2755.75,1,310724,1012514103,101,WA002,3040A-3045A-3053A-9999A-9999E,WA007,301020700,""
15,2755.75,1,310724,1012514103,101,WA002,3040A-3045A-3053A-9999A-9999E,WA007,301020701,""
15,2755.75,1,310724,1012514103,101,WA002,3040A-3045A-3053A-9999A-9999E,WA007,301020721,""
15,2755.75,1,310724,1012514103,101,WA002,3040A-3045A-3053A-9999A-9999E,WA007,301020729,""
15,2755.75,1,310724,1012514103,101,WA002,3040A-3045A-3053A-9999A-9999E,WA007,301020731,""
15,2755.75,1,310724,1012514103,101,WA002,3040A-3045A-3053A-9999A-9999E,WA007,301020747,""
15,2755.75,1,310724,1012514103,101,WA002,3040A-3045A-3053A-9999A-9999E,WA007,301020749,""
15,2755.75,1,310724,1012514103,101,WA002,3040A-3045A-3053A-9999A-9999E,WA007,301020753,""
15,2755.75,1,310724,1012514105,101,WA002,3040A-3043A-3045A-9999A-9999E,WA007,301020923,""
15,2755.75,1,310724,1012514105,101,WA002,3040A-3043A-3045A-9999A-9999E,WA007,301020932,""
15,2755.75,1,310724,1012514105,101,WA002,3040A-3043A-3045A-9999A-9999E,WA007,301020945,""
15,2755.75,1,310724,1012514105,101,WA002,3040A-3043A-3045A-9999A-9999E,WA007,301020956,""
15,2755.75,1,310724,1012514105,101,WA002,3040A-3043A-3045A-9999A-9999E,WA007,301020966,""
15,2755.75,1,310724,1012514105,101,WA002,3040A-3043A-3045A-9999A-9999E,WA007,301020973,""
15,2755.75,1,310724,1012514105,101,WA002,3040A-3043A-3045A-9999A-9999E,WA007,301020997,""
15,2755.75,1,310724,1012514105,101,WA002,3040A-3043A-3045A-9999A-9999E,WA007,301021000,""
15,2755.75,1,310724,1012514106,101,WA002,3040A-3043A-3045A-3053A-9999A-9999E,WA007,301021010,""
15,2755.75,1,310724,1012514106,101,WA002,3040A-3043A-3045A-3053A-9999A-9999E,WA007,301021014,""
15,2755.75,1,310724,1012514106,101,WA002,3040A-3043A-3045A-3053A-9999A-9999E,WA007,301021022,""
15,2755.75,1,310724,1012514106,101,WA002,3040A-3043A-3045A-3053A-9999A-9999E,WA007,301021031,""
15,2755.75,1,310724,1012514106,101,WA002,3040A-3043A-3045A-3053A-9999A-9999E,WA007,301021050,""
15,2755.75,1,310724,1012514106,101,WA002,3040A-3043A-3045A-3053A-9999A-9999E,WA007,301021068,""
15,2755.75,1,310724,1012514106,101,WA002,3040A-3043A-3045A-3053A-9999A-9999E,WA007,301021074,""
15,2755.75,1,310724,1012514106,101,WA002,3040A-3043A-3045A-3053A-9999A-9999E,WA007,301021090,""
15,2755.75,1,310724,1012514107,101,WA002,3040A-3043A-3045A-3053A-3055A-9999A-9999E,WA007,301021123,""
15,2755.75,1,310724,1012514107,101,WA002,3040A-3043A-3045A-3053A-3055A-9999A-9999E,WA007,301021136,""
15,2755.75,1,310724,1012514107,101,WA002,3040A-3043A-3045A-3053A-3055A-9999A-9999E,WA007,301021141,""
15,2755.75,1,310724,1012514107,101,WA002,3040A-3043A-3045A-3053A-3055A-9999A-9999E,WA007,301021158,""
15,2755.75,1,310724,1012514107,101,WA002,3040A-3043A-3045A-3053A-3055A-9999A-9999E,WA007,301021171,""
15,2700.635,1,310724,1012514107,101,WA002,3040A-3043A-3045A-3053A-3055A-9999A-9999E,WA007,301021172,""
15,2755.75,1,310724,1012514107,101,WA002,3040A-3043A-3045A-3053A-3055A-9999A-9999E,WA007,301021240,""
15,2755.75,1,310724,1012514107,101,WA002,3040A-3043A-3045A-3053A-3055A-9999A-9999E,WA007,301021252,""
15,2755.75,1,310724,1012514108,101,WA002,3040A-3043A-3045A-3053A-3055A-9999A-9999E,WA007,301021258,""
15,2755.75,1,310724,1012514108,101,WA002,3040A-3043A-3045A-3053A-3055A-9999A-9999E,WA007,301021264,""
15,2755.75,1,310724,1012514108,101,WA002,3040A-3043A-3045A-3053A-3055A-9999A-9999E,WA007,301021273,""
15,2755.75,1,310724,1012514108,101,WA002,3040A-3043A-3045A-3053A-3055A-9999A-9999E,WA007,301021287,""
15,2755.75,1,310724,1012514108,101,WA002,3040A-3043A-3045A-3053A-3055A-9999A-9999E,WA007,301021301,""
15,2755.75,1,310724,1012514108,101,WA002,3040A-3043A-3045A-3053A-3055A-9999A-9999E,WA007,301021326,""
15,2755.75,1,310724,1012514108,101,WA002,3040A-3043A-3045A-3053A-3055A-9999A-9999E,WA007,301021327,""
15,2755.75,1,310724,1012514108,101,WA002,3040A-3043A-3045A-3053A-3055A-9999A-9999E,WA007,301021348,""
15,2755.75,1,310724,1012514109,101,WA002,3040A-3045A-3053A-3055A-9999A-9999E,WA007,301021349,""
15,2755.75,1,310724,1012514109,101,WA002,3040A-3045A-3053A-3055A-9999A-9999E,WA007,301021354,""
15,2755.75,1,310724,1012514109,101,WA002,3040A-3045A-3053A-3055A-9999A-9999E,WA007,301021361,""
15,2755.75,1,310724,1012514109,101,WA002,3040A-3045A-3053A-3055A-9999A-9999E,WA007,301021364,""
15,2755.75,1,310724,1012514109,101,WA002,3040A-3045A-3053A-3055A-9999A-9999E,WA007,301021370,""
15,2755.75,1,310724,1012514109,101,WA002,3040A-3045A-3053A-3055A-9999A-9999E,WA007,301021390,""
15,2755.75,1,310724,1012514109,101,WA002,3040A-3045A-3053A-3055A-9999A-9999E,WA007,301021392,""
15,2755.75,1,310724,1012514109,101,WA002,3040A-3045A-3053A-3055A-9999A-9999E,WA007,301021395,""
15,2755.75,1,310724,1012514110,101,WA002,3040A-3045A-3053A-9999A-9999E,WA007,301021410,""
15,2755.75,1,310724,1012514110,101,WA002,3040A-3045A-3053A-9999A-9999E,WA007,301021581,""
15,2755.75,1,310724,1012514110,101,WA002,3040A-3045A-3053A-9999A-9999E,WA007,301021582,""
15,2755.75,1,310724,1012514110,101,WA002,3040A-3045A-3053A-9999A-9999E,WA007,301021583,""
15,2755.75,1,310724,1012514110,101,WA002,3040A-3045A-3053A-9999A-9999E,WA007,301021586,""
15,2755.75,1,310724,1012514110,101,WA002,3040A-3045A-3053A-9999A-9999E,WA007,301021587,""
15,2755.75,1,310724,1012514110,101,WA002,3040A-3045A-3053A-9999A-9999E,WA007,301021588,""
15,2755.75,1,310724,1012514110,101,WA002,3040A-3045A-3053A-9999A-9999E,WA007,301021624,""
15,2755.75,1,310724,1012514111,101,WA002,3040A-3045A-9999A,WA007,301021642,""
15,2755.75,1,310724,1012514111,101,WA002,3040A-3045A-9999A,WA007,301021643,""
15,2755.75,1,310724,1012514111,101,WA002,3040A-3045A-9999A,WA007,301021644,""
15,2755.75,1,310724,1012514111,101,WA002,3040A-3045A-9999A,WA007,301021646,""
15,2755.75,1,310724,1012514111,101,WA002,3040A-3045A-9999A,WA007,301021647,""
15,2755.75,1,310724,1012514111,101,WA002,3040A-3045A-9999A,WA007,301021648,""
15,2755.75,1,310724,1012514111,101,WA002,3040A-3045A-9999A,WA007,301021664,""
15,2755.75,1,310724,1012514111,101,WA002,3040A-3045A-9999A,WA007,301021665,""
15,2755.75,1,310724,1012514112,101,WA002,3040A-3045A-9999A-9999C,WA007,301021784,""
15,2755.75,1,310724,1012514112,101,WA002,3040A-3045A-9999A-9999C,WA007,301021785,""
15,2755.75,1,310724,1012514112,101,WA002,3040A-3045A-9999A-9999C,WA007,301021786,""
15,2755.75,1,310724,1012514112,101,WA002,3040A-3045A-9999A-9999C,WA007,301021788,""
15,2755.75,1,310724,1012514112,101,WA002,3040A-3045A-9999A-9999C,WA007,301021789,""
15,2755.75,1,310724,1012514112,101,WA002,3040A-3045A-9999A-9999C,WA007,301021790,""
15,2755.75,1,310724,1012514112,101,WA002,3040A-3045A-9999A-9999C,WA007,301021791,""
15,2755.75,1,310724,1012514112,101,WA002,3040A-3045A-9999A-9999C,WA007,301021792,""
15,2755.75,1,310724,1012514113,101,WA002,3040A-3043A-3045A-3053A-9999A-9999E,WA007,301021876,""
15,2755.75,1,310724,1012514113,101,WA002,3040A-3043A-3045A-3053A-9999A-9999E,WA007,301021877,""
15,2755.75,1,310724,1012514113,101,WA002,3040A-3043A-3045A-3053A-9999A-9999E,WA007,301021878,""
15,2755.75,1,310724,1012514113,101,WA002,3040A-3043A-3045A-3053A-9999A-9999E,WA007,301021943,""
15,2755.75,1,310724,1012514113,101,WA002,3040A-3043A-3045A-3053A-9999A-9999E,WA007,301021944,""
15,2755.75,1,310724,1012514113,101,WA002,3040A-3043A-3045A-3053A-9999A-9999E,WA007,301021946,""
15,2755.75,1,310724,1012514113,101,WA002,3040A-3043A-3045A-3053A-9999A-9999E,WA007,301021963,""
15,2755.75,1,310724,1012514113,101,WA002,3040A-3043A-3045A-3053A-9999A-9999E,WA007,301021965,""
15,2755.75,1,310726,1022514151,101,WA003,3002A-3025S-3033A-9999A-9999E,WA007,301021932,233258-1-1-103
15,2755.75,1,310726,1022514151,101,WA003,3002A-3025S-3033A-9999A-9999E,WA007,301021933,233258-1-1-103
15,2755.75,1,310726,1022514151,101,WA003,3002A-3025S-3033A-9999A-9999E,WA007,301021934,233258-1-1-103
15,2755.75,1,310726,1022514151,101,WA003,3002A-3025S-3033A-9999A-9999E,WA007,301021936,233258-1-1-103
15,2755.75,1,310726,1022514151,101,WA003,3002A-3025S-3033A-9999A-9999E,WA007,301021937,233258-1-1-103
15,2755.75,1,310726,1022514151,101,WA003,3002A-3025S-3033A-9999A-9999E,WA007,301021938,233258-1-1-103
15,2755.75,1,310726,1022514151,101,WA003,3002A-3025S-3033A-9999A-9999E,WA007,301021939,233258-1-1-103
15,2755.75,1,310726,1022514151,101,WA003,3002A-3025S-3033A-9999A-9999E,WA007,301021940,233258-1-1-103
15,2755.75,1,310726,1022514152,101,WA003,3002A-3025S-9999A-9999C-9999CS-9999E,WA007,301021977,233262-1-1-104
15,2755.75,1,310726,1022514152,101,WA003,3002A-3025S-9999A-9999C-9999CS-9999E,WA007,301021978,233262-1-1-104
15,2755.75,1,310726,1022514152,101,WA003,3002A-3025S-9999A-9999C-9999CS-9999E,WA007,301021979,233262-1-1-104
15,2755.75,1,310726,1022514152,101,WA003,3002A-3025S-9999A-9999C-9999CS-9999E,WA007,301021980,233262-1-1-104
15,2755.75,1,310726,1022514152,101,WA003,3002A-3025S-9999A-9999C-9999CS-9999E,WA007,301021981,233262-1-1-104
15,2755.75,1,310726,1022514152,101,WA003,3002A-3025S-9999A-9999C-9999CS-9999E,WA007,301021982,233262-1-1-104
15,2755.75,1,310726,1022514152,101,WA003,3002A-3025S-9999A-9999C-9999CS-9999E,WA007,301021984,233262-1-1-104
15,2755.75,1,310726,1022514152,101,WA003,3002A-3025S-9999A-9999C-9999CS-9999E,WA007,301021985,233262-1-1-104
15,2700.635,1,310726,1022514153,101,WA003,3002A-3025S-3033A-9999A-9999C-9999CS-9999E,WA007,301022052,233262-1-1-104
15,2755.75,1,310726,1022514153,101,WA003,3002A-3025S-3033A-9999A-9999C-9999CS-9999E,WA007,301022053,233262-1-1-104
15,2755.75,1,310726,1022514153,101,WA003,3002A-3025S-3033A-9999A-9999C-9999CS-9999E,WA007,301022054,233262-1-1-104
15,2755.75,1,310726,1022514153,101,WA003,3002A-3025S-3033A-9999A-9999C-9999CS-9999E,WA007,301022055,233262-1-1-104
15,2755.75,1,310726,1022514153,101,WA003,3002A-3025S-3033A-9999A-9999C-9999CS-9999E,WA007,301022130,233262-1-1-104
15,2755.75,1,310726,1022514153,101,WA003,3002A-3025S-3033A-9999A-9999C-9999CS-9999E,WA007,301022131,233262-1-1-104
15,2755.75,1,310726,1022514153,101,WA003,3002A-3025S-3033A-9999A-9999C-9999CS-9999E,WA007,301022133,233262-1-1-104
15,2755.75,1,310726,1022514153,101,WA003,3002A-3025S-3033A-9999A-9999C-9999CS-9999E,WA007,301022134,233262-1-1-104
15,2755.75,1,310726,1022514155,101,WA003,3002A-3025S-3033A-9999A-9999C-9999CS-9999E,WA007,301022223,233241-1-1-102
15,2755.75,1,310726,1022514155,101,WA003,3002A-3025S-3033A-9999A-9999C-9999CS-9999E,WA007,301022224,233241-1-1-102
15,2755.75,1,310726,1022514155,101,WA003,3002A-3025S-3033A-9999A-9999C-9999CS-9999E,WA007,301022225,233241-1-1-102
15,2755.75,1,310726,1022514155,101,WA003,3002A-3025S-3033A-9999A-9999C-9999CS-9999E,WA007,301022226,233241-1-1-102
15,2755.75,1,310726,1022514155,101,WA003,3002A-3025S-3033A-9999A-9999C-9999CS-9999E,WA007,301022230,233262-1-1-104
15,2755.75,1,310726,1022514155,101,WA003,3002A-3025S-3033A-9999A-9999C-9999CS-9999E,WA007,301022231,233262-1-1-104
15,2755.75,1,310726,1022514155,101,WA003,3002A-3025S-3033A-9999A-9999C-9999CS-9999E,WA007,301022232,233262-1-1-104
15,2755.75,1,310726,1022514155,101,WA003,3002A-3025S-3033A-9999A-9999C-9999CS-9999E,WA007,301022233,233262-1-1-104
15,2755.75,1,310726,1022514156,101,WA003,3002A-3025S-9999A-9999C-9999CS-9999E,WA007,301022251,233258-1-1-101
15,2755.75,1,310726,1022514156,101,WA003,3002A-3025S-9999A-9999C-9999CS-9999E,WA007,301022296,233258-1-1-101
15,2755.75,1,310726,1022514156,101,WA003,3002A-3025S-9999A-9999C-9999CS-9999E,WA007,301022297,233258-1-1-101
15,2755.75,1,310726,1022514156,101,WA003,3002A-3025S-9999A-9999C-9999CS-9999E,WA007,301022298,233258-1-1-101
15,2755.75,1,310726,1022514156,101,WA003,3002A-3025S-9999A-9999C-9999CS-9999E,WA007,301022299,233258-1-1-101
15,2755.75,1,310726,1022514156,101,WA003,3002A-3025S-9999A-9999C-9999CS-9999E,WA007,301022300,233258-1-1-101
15,2755.75,1,310726,1022514156,101,WA003,3002A-3025S-9999A-9999C-9999CS-9999E,WA007,301022301,233258-1-1-101
15,2755.75,1,310726,1022514156,101,WA003,3002A-3025S-9999A-9999C-9999CS-9999E,WA007,301022302,233258-1-1-101
15,2755.75,1,310726,1022514157,101,WA003,3002A-3025S-9999A-9999C-9999CS-9999E,WA007,301022342,233258-1-1-101
15,2755.75,1,310726,1022514157,101,WA003,3002A-3025S-9999A-9999C-9999CS-9999E,WA007,301022343,233258-1-1-101
15,2755.75,1,310726,1022514157,101,WA003,3002A-3025S-9999A-9999C-9999CS-9999E,WA007,301022344,233258-1-1-101
15,2755.75,1,310726,1022514157,101,WA003,3002A-3025S-9999A-9999C-9999CS-9999E,WA007,301022346,233258-1-1-101
15,2755.75,1,310726,1022514157,101,WA003,3002A-3025S-9999A-9999C-9999CS-9999E,WA007,301022368,233258-1-1-101
15,2755.75,1,310726,1022514157,101,WA003,3002A-3025S-9999A-9999C-9999CS-9999E,WA007,301022369,233258-1-1-101
15,2755.75,1,310726,1022514157,101,WA003,3002A-3025S-9999A-9999C-9999CS-9999E,WA007,301022370,233258-1-1-101
15,2755.75,1,310726,1022514157,101,WA003,3002A-3025S-9999A-9999C-9999CS-9999E,WA007,301022378,233258-1-1-103
15,2755.75,1,310726,1022514158,101,WA003,3002A-3025S-9999A-9999C-9999CS-9999E,WA007,301022530,233258-1-1-103
15,2755.75,1,310726,1022514158,101,WA003,3002A-3025S-9999A-9999C-9999CS-9999E,WA007,301022531,233258-1-1-103
15,2755.75,1,310726,1022514158,101,WA003,3002A-3025S-9999A-9999C-9999CS-9999E,WA007,301022532,233258-1-1-103
15,2755.75,1,310726,1022514158,101,WA003,3002A-3025S-9999A-9999C-9999CS-9999E,WA007,301022634,233258-1-1-103
15,2755.75,1,310726,1022514158,101,WA003,3002A-3025S-9999A-9999C-9999CS-9999E,WA007,301022635,233258-1-1-103
15,2755.75,1,310726,1022514158,101,WA003,3002A-3025S-9999A-9999C-9999CS-9999E,WA007,301022636,233258-1-1-103
15,2755.75,1,310726,1022514158,101,WA003,3002A-3025S-9999A-9999C-9999CS-9999E,WA007,301022676,233258-1-1-103
15,2755.75,1,310726,1022514158,101,WA003,3002A-3025S-9999A-9999C-9999CS-9999E,WA007,301022677,233258-1-1-103
15,2755.75,1,310726,1022514159,101,WA003,3002A-3025S-9999A-9999E,WA007,301022678,233258-1-1-103
15,2755.75,1,310726,1022514159,101,WA003,3002A-3025S-9999A-9999E,WA007,301022679,233258-1-1-103
15,2755.75,1,310726,1022514159,101,WA003,3002A-3025S-9999A-9999E,WA007,301022681,233258-1-1-103
15,2755.75,1,310726,1022514159,101,WA003,3002A-3025S-9999A-9999E,WA007,301022703,233258-1-1-103
15,2755.75,1,310726,1022514159,101,WA003,3002A-3025S-9999A-9999E,WA007,301022704,233258-1-1-103
15,2755.75,1,310726,1022514159,101,WA003,3002A-3025S-9999A-9999E,WA007,301022705,233258-1-1-103
15,2755.75,1,310726,1022514159,101,WA003,3002A-3025S-9999A-9999E,WA007,301022772,233258-1-1-103
15,2755.75,1,310726,1022514159,101,WA003,3002A-3025S-9999A-9999E,WA007,301022773,233258-1-1-103
15,2755.75,1,310726,1022514160,101,WA003,3002A-3025S-9999A-9999E,WA007,301022774,233258-1-1-103
15,2755.75,1,310726,1022514160,101,WA003,3002A-3025S-9999A-9999E,WA007,301022775,233258-1-1-103
15,2755.75,1,310726,1022514160,101,WA003,3002A-3025S-9999A-9999E,WA007,301022776,233258-1-1-103
15,2755.75,1,310726,1022514160,101,WA003,3002A-3025S-9999A-9999E,WA007,301022777,233258-1-1-103
15,2755.75,1,310726,1022514160,101,WA003,3002A-3025S-9999A-9999E,WA007,301022782,233258-1-1-103
15,2755.75,1,310726,1022514160,101,WA003,3002A-3025S-9999A-9999E,WA007,301022794,233258-1-1-103
15,2755.75,1,310726,1022514160,101,WA003,3002A-3025S-9999A-9999E,WA007,301022795,233258-1-1-103
15,2755.75,1,310726,1022514160,101,WA003,3002A-3025S-9999A-9999E,WA007,301022801,233258-1-1-103
15,2755.75,1,310726,1022514161,101,WA003,3002A-3025S-9999A-9999C-9999CS-9999E,WA007,301022837,233066-1-1-101
15,2755.75,1,310726,1022514161,101,WA003,3002A-3025S-9999A-9999C-9999CS-9999E,WA007,301022838,233066-1-1-101
15,2755.75,1,310726,1022514161,101,WA003,3002A-3025S-9999A-9999C-9999CS-9999E,WA007,301022839,233066-1-1-101
15,2755.75,1,310726,1022514161,101,WA003,3002A-3025S-9999A-9999C-9999CS-9999E,WA007,301022840,233066-1-1-101
15,2755.75,1,310726,1022514161,101,WA003,3002A-3025S-9999A-9999C-9999CS-9999E,WA007,301022855,233258-1-1-101
15,2755.75,1,310726,1022514161,101,WA003,3002A-3025S-9999A-9999C-9999CS-9999E,WA007,301022856,233258-1-1-101
15,2755.75,1,310726,1022514161,101,WA003,3002A-3025S-9999A-9999C-9999CS-9999E,WA007,301022857,233258-1-1-101
15,2755.75,1,310726,1022514161,101,WA003,3002A-3025S-9999A-9999C-9999CS-9999E,WA007,301022858,233258-1-1-101
15,2755.75,1,310726,1022514162,101,WA003,3002A-3025S-9999A-9999C-9999CS-9999E,WA007,301022878,233262-1-1-104
15,2755.75,1,310726,1022514162,101,WA003,3002A-3025S-9999A-9999C-9999CS-9999E,WA007,301022879,233262-1-1-104
15,2755.75,1,310726,1022514162,101,WA003,3002A-3025S-9999A-9999C-9999CS-9999E,WA007,301022881,233262-1-1-104
15,2755.75,1,310726,1022514162,101,WA003,3002A-3025S-9999A-9999C-9999CS-9999E,WA007,301022882,233262-1-1-104
15,2755.75,1,310726,1022514162,101,WA003,3002A-3025S-9999A-9999C-9999CS-9999E,WA007,301022883,233262-1-1-104
15,2755.75,1,310726,1022514162,101,WA003,3002A-3025S-9999A-9999C-9999CS-9999E,WA007,301022889,233262-1-1-104
15,2755.75,1,310726,1022514162,101,WA003,3002A-3025S-9999A-9999C-9999CS-9999E,WA007,301022906,233262-1-1-104
15,2755.75,1,310726,1022514162,101,WA003,3002A-3025S-9999A-9999C-9999CS-9999E,WA007,301022907,233262-1-1-104
15,2755.75,1,310726,1022514163,101,WA003,3002A-3007S-3015A-3025S-9999A-9999C-9999CS-9999E,WA007,301022908,233262-1-1-104
15,2755.75,1,310726,1022514163,101,WA003,3002A-3007S-3015A-3025S-9999A-9999C-9999CS-9999E,WA007,301022930,233262-1-1-104
15,2755.75,1,310726,1022514163,101,WA003,3002A-3007S-3015A-3025S-9999A-9999C-9999CS-9999E,WA007,301022931,233262-1-1-104
15,2755.75,1,310726,1022514163,101,WA003,3002A-3007S-3015A-3025S-9999A-9999C-9999CS-9999E,WA007,301022932,233262-1-1-104
15,2755.75,1,310726,1022514163,101,WA003,3002A-3007S-3015A-3025S-9999A-9999C-9999CS-9999E,WA007,301022933,233262-1-1-104
15,2755.75,1,310726,1022514163,101,WA003,3002A-3007S-3015A-3025S-9999A-9999C-9999CS-9999E,WA007,301022934,233262-1-1-104
15,2755.75,1,310726,1022514163,101,WA003,3002A-3007S-3015A-3025S-9999A-9999C-9999CS-9999E,WA007,301022954,233262-1-1-104
15,2755.75,1,310726,1022514163,101,WA003,3002A-3007S-3015A-3025S-9999A-9999C-9999CS-9999E,WA007,301022955,233262-1-1-104
15,2755.75,1,310726,1022514164,101,WA003,3002A-3025S-9999A-9999E,WA007,301022956,232381-1-3-103
15,1488.105,1,310726,1022514164,101,WA003,3002A-3025S-9999A-9999E,WA007,301022957,232381-1-3-103
16,2755.75,1,310015,1052514003,101,ID002,3117A-3123A-9999A-9999E,ID010,301019316,232501-1-6-121
16,2755.75,1,310015,1052514003,101,ID002,3117A-3123A-9999A-9999E,ID010,301019317,232501-1-6-121
16,2755.75,1,310015,1052514003,101,ID002,3117A-3123A-9999A-9999E,ID010,301019318,232501-1-6-121
16,2755.75,1,310015,1052514003,101,ID002,3117A-3123A-9999A-9999E,ID010,301019320,232501-1-6-121
16,2755.75,1,310015,1052514003,101,ID002,3117A-3123A-9999A-9999E,ID010,301019321,232501-1-6-121
16,2755.75,1,310015,1052514003,101,ID002,3117A-3123A-9999A-9999E,ID010,301019323,232501-1-6-121
16,2755.75,1,310015,1052514003,101,ID002,3117A-3123A-9999A-9999E,ID010,301019325,232501-1-6-121
16,2755.75,1,310015,1052514003,101,ID002,3117A-3123A-9999A-9999E,ID010,301019326,232501-1-6-121
16,2755.75,1,310015,1052514004,101,ID002,3117A-3117A-3123A-3123A-9999A-9999E-9999A-9999E,ID010,301019378,232501-1-6-122
16,2755.75,1,310015,1052514004,101,ID002,3117A-3117A-3123A-3123A-9999A-9999E-9999A-9999E,ID010,301019379,232501-1-6-122
16,2755.75,1,310015,1052514004,101,ID002,3117A-3117A-3123A-3123A-9999A-9999E-9999A-9999E,ID010,301019380,232501-1-6-122
16,2755.75,1,310015,1052514004,101,ID002,3117A-3117A-3123A-3123A-9999A-9999E-9999A-9999E,ID010,301019381,232501-1-6-122
16,2755.75,1,310015,1052514004,101,ID002,3117A-3117A-3123A-3123A-9999A-9999E-9999A-9999E,ID010,301019404,232501-1-6-122
16,2755.75,1,310015,1052514004,101,ID002,3117A-3117A-3123A-3123A-9999A-9999E-9999A-9999E,ID010,301019405,232501-1-6-122
16,2755.75,1,310015,1052514004,101,ID002,3117A-3117A-3123A-3123A-9999A-9999E-9999A-9999E,ID010,301019406,232501-1-6-122
16,2755.75,1,310015,1052514004,101,ID002,3117A-3123A-9999A-9999E-9999A-9999E,ID010,301019382,232501-1-6-122
16,2755.75,1,310015,1052514005,101,ID002,3117A-3123A-9999A-9999E,ID010,301019479,232501-1-6-122
16,2755.75,1,310015,1052514005,101,ID002,3117A-3123A-9999A-9999E,ID010,301019482,232501-1-6-122
16,2755.75,1,310015,1052514005,101,ID002,3117A-3123A-9999A-9999E,ID010,301019483,232501-1-6-122
16,2755.75,1,310015,1052514005,101,ID002,3117A-3123A-9999A-9999E,ID010,301019484,232501-1-6-122
16,2755.75,1,310015,1052514005,101,ID002,3117A-3123A-9999A-9999E,ID010,301019502,232501-1-6-122
16,2755.75,1,310015,1052514005,101,ID002,3117A-3123A-9999A-9999E,ID010,301019503,232501-1-6-122
16,2755.75,1,310015,1052514005,101,ID002,3117A-3123A-9999A-9999E,ID010,301019504,232501-1-6-122
16,2755.75,1,310015,1052514005,101,ID002,3117A-3123A-9999A-9999E,ID010,301019505,232501-1-6-123
16,2755.75,1,310015,1052514007,101,ID002,3117A-3123A-9999A-9999E,ID010,301019613,232501-1-6-123
16,2755.75,1,310015,1052514007,101,ID002,3117A-3123A-9999A-9999E,ID010,301019622,232501-1-6-123
16,2755.75,1,310015,1052514007,101,ID002,3117A-3123A-9999A-9999E,ID010,301019627,232501-1-6-123
16,2755.75,1,310015,1052514007,101,ID002,3117A-3123A-9999A-9999E,ID010,301019674,232501-1-6-123
16,2755.75,1,310015,1052514007,101,ID002,3117A-3123A-9999A-9999E,ID010,301019675,232501-1-6-123
16,2755.75,1,310015,1052514007,101,ID002,3117A-3123A-9999A-9999E,ID010,301019676,232501-1-6-123
16,2755.75,1,310015,1052514007,101,ID002,3117A-3123A-9999A-9999E,ID010,301019677,232501-1-6-123
16,2755.75,1,310015,1052514007,101,ID002,3117A-3123A-9999A-9999E,ID010,301019678,232501-1-6-123
16,2755.75,1,310015,1052514008,101,ID002,3117A-3123A-9999A-9999E,ID010,301019679,232501-1-6-123
16,2755.75,1,310015,1052514008,101,ID002,3117A-3123A-9999A-9999E,ID010,301019720,232501-1-6-123
16,2755.75,1,310015,1052514008,101,ID002,3117A-3123A-9999A-9999E,ID010,301019725,232501-1-6-123
16,2755.75,1,310015,1052514008,101,ID002,3117A-3123A-9999A-9999E,ID010,301019727,232501-1-6-123
16,2755.75,1,310015,1052514008,101,ID002,3117A-3123A-9999A-9999E,ID010,301019733,232501-1-6-123
16,2755.75,1,310015,1052514008,101,ID002,3117A-3123A-9999A-9999E,ID010,301019734,232501-1-6-123
16,2755.75,1,310015,1052514008,101,ID002,3117A-3123A-9999A-9999E,ID010,301019748,232501-1-6-124
16,2755.75,1,310015,1052514008,101,ID002,3117A-3123A-9999A-9999E,ID010,301019753,232501-1-6-124
16,2755.75,1,310015,1052514009,101,ID002,3117A-3123A-9999A-9999E,ID010,301019757,232501-1-6-124
16,2755.75,1,310015,1052514009,101,ID002,3117A-3123A-9999A-9999E,ID010,301019762,232501-1-6-124
16,2755.75,1,310015,1052514009,101,ID002,3117A-3123A-9999A-9999E,ID010,301019771,232501-1-6-124
16,2755.75,1,310015,1052514009,101,ID002,3117A-3123A-9999A-9999E,ID010,301019808,232501-1-6-124
16,2755.75,1,310015,1052514009,101,ID002,3117A-3123A-9999A-9999E,ID010,301019827,232501-1-6-124
16,2755.75,1,310015,1052514009,101,ID002,3117A-3123A-9999A-9999E,ID010,301019888,232501-1-6-124
16,2755.75,1,310015,1052514009,101,ID002,3117A-3123A-9999A-9999E,ID010,301019890,232501-1-6-124
16,2755.75,1,310015,1052514009,101,ID002,3117A-3123A-9999A-9999E,ID010,301019892,232501-1-6-124
16,2700.635,1,310015,1052514010,101,ID002,3117A-3123A-9999A-9999E,ID010,301019912,232501-1-6-124
16,2755.75,1,310015,1052514010,101,ID002,3117A-3123A-9999A-9999E,ID010,301020083,232501-1-6-124
16,2755.75,1,310015,1052514010,101,ID002,3117A-3123A-9999A-9999E,ID010,301020086,232501-1-6-124
16,2755.75,1,310015,1052514010,101,ID002,3117A-3123A-9999A-9999E,ID010,301020087,232501-1-6-124
16,2755.75,1,310015,1052514010,101,ID002,3117A-3123A-9999A-9999E,ID010,301020088,232501-1-6-124
16,2755.75,1,310015,1052514010,101,ID002,3117A-3123A-9999A-9999E,ID010,301020089,1460563
16,2755.75,1,310015,1052514010,101,ID002,3117A-3123A-9999A-9999E,ID010,301020090,1460563
16,2755.75,1,310015,1052514010,101,ID002,3117A-3123A-9999A-9999E,ID010,301020091,1460563
16,2755.75,1,310015,1052514011,101,ID002,3117A-3123A-9999A-9999E,ID010,301020132,233479-1-2-101
16,2755.75,1,310015,1052514011,101,ID002,3117A-3123A-9999A-9999E,ID010,301020133,233479-1-2-101
16,2755.75,1,310015,1052514011,101,ID002,3117A-3123A-9999A-9999E,ID010,301020134,233479-1-2-101
16,2755.75,1,310015,1052514011,101,ID002,3117A-3123A-9999A-9999E,ID010,301020135,233479-1-2-101
16,2755.75,1,310015,1052514011,101,ID002,3117A-3123A-9999A-9999E,ID010,301020136,233479-1-2-101
16,2755.75,1,310015,1052514011,101,ID002,3117A-3123A-9999A-9999E,ID010,301020137,1460563
16,2755.75,1,310015,1052514011,101,ID002,3117A-3123A-9999A-9999E,ID010,301020138,1460563
16,2755.75,1,310015,1052514011,101,ID002,3117A-3123A-9999A-9999E,ID010,301020139,1460563
16,2755.75,1,310015,1052514012,101,ID002,3117A-3123A-9999A-9999E-9999A-9999E,ID010,301020196,1460563
16,2755.75,1,310015,1052514012,101,ID002,3117A-3123A-9999A-9999E-9999A-9999E,ID010,301020198,1460563
16,2755.75,1,310015,1052514012,101,ID002,3117A-3123A-9999A-9999E-9999A-9999E,ID010,301020199,1460563
16,2755.75,1,310015,1052514012,101,ID002,3117A-3123A-9999A-9999E-9999A-9999E,ID010,301020200,1460563
16,2755.75,1,310015,1052514012,101,ID002,9999A-9999E-9999A-9999E,ID010,301020201,1460563
16,2755.75,1,310015,1052514012,101,ID002,9999A-9999E-9999A-9999E,ID010,301020202,1460563
16,2755.75,1,310015,1052514012,101,ID002,9999A-9999E-9999A-9999E,ID010,301020203,1460563
16,2755.75,1,310015,1052514012,101,ID002,9999A-9999E-9999A-9999E,ID010,301020204,1460563
16,2755.75,1,310015,1052514013,101,ID002,3117A-3117A-3123A-3123A-9999A-9999E-9999A-9999E,ID010,301020274,1460563
16,2755.75,1,310015,1052514013,101,ID002,3117A-3117A-3123A-3123A-9999A-9999E-9999A-9999E,ID010,301020276,1460563
16,2755.75,1,310015,1052514013,101,ID002,3117A-3117A-3123A-3123A-9999A-9999E-9999A-9999E,ID010,301020278,1460563
16,2755.75,1,310015,1052514013,101,ID002,3117A-3117A-3123A-3123A-9999A-9999E-9999A-9999E,ID010,301020279,1460563
16,2755.75,1,310015,1052514013,101,ID002,3117A-3117A-3123A-3123A-9999A-9999E-9999A-9999E,ID010,301020280,1460563
16,2755.75,1,310015,1052514013,101,ID002,3117A-3117A-3123A-3123A-9999A-9999E-9999A-9999E,ID010,301020281,1460563
16,2755.75,1,310015,1052514013,101,ID002,3117A-3117A-3123A-3123A-9999A-9999E-9999A-9999E,ID010,301020282,1460563
16,2755.75,1,310015,1052514013,101,ID002,3117A-3123A-9999A-9999E-9999A-9999E,ID010,301020277,1460563
16,2755.75,1,310015,1052514015,101,ID002,3117A-3123A-9999A-9999E,ID010,301020384,1460563
16,2755.75,1,310015,1052514015,101,ID002,3117A-3123A-9999A-9999E,ID010,301020385,1460563
16,2755.75,1,310015,1052514015,101,ID002,3117A-3123A-9999A-9999E,ID010,301020386,1460563
16,2755.75,1,310015,1052514015,101,ID002,3117A-3123A-9999A-9999E,ID010,301020387,1460563
16,2755.75,1,310015,1052514015,101,ID002,3117A-3123A-9999A-9999E,ID010,301020388,1460563
16,1047.185,0,310018,1002514001,102,WA001,9999A,WA001,301019913,""
16,2755.75,1,310018,1002514001,102,WA001,9999A,WA001,301019915,""
16,2755.75,1,310018,1002514001,102,WA001,9999A,WA001,301019916,""
16,2755.75,1,310018,1002514001,102,WA001,9999A,WA001,301019917,""
16,2755.75,1,310018,1002514001,102,WA001,9999A,WA001,301019965,""
16,2755.75,1,310018,1002514001,102,WA001,9999A,WA001,301019967,""
16,2755.75,1,310018,1002514001,102,WA001,9999A,WA001,301019968,""
16,2755.75,1,310018,1002514001,102,WA001,9999A,WA001,301019969,""
16,2755.75,1,310018,1002514002,102,WA001,9999A,WA001,301019997,""
16,2755.75,1,310018,1002514002,102,WA001,9999A,WA001,301020000,""
16,2755.75,1,310018,1002514002,102,WA001,9999A,WA001,301020001,""
16,2755.75,1,310018,1002514002,102,WA001,9999A,WA001,301020002,""
16,2755.75,1,310018,1002514002,102,WA001,9999A,WA001,301020003,""
16,2755.75,1,310018,1002514002,102,WA001,9999A,WA001,301020006,""
16,2755.75,1,310018,1002514002,102,WA001,9999A,WA001,301020007,""
16,2755.75,1,310018,1002514002,102,WA001,9999A,WA001,301020008,""
16,2755.75,1,310018,1002514003,102,WA001,9999A,WA001,301020153,""
16,2755.75,1,310018,1002514003,102,WA001,9999A,WA001,301020154,""
16,2755.75,1,310018,1002514003,102,WA001,9999A,WA001,301020155,""
16,2755.75,1,310018,1002514003,102,WA001,9999A,WA001,301020156,""
16,2755.75,1,310018,1002514003,102,WA001,9999A,WA001,301020157,""
16,2755.75,1,310018,1002514003,102,WA001,9999A,WA001,301020158,""
16,2755.75,1,310018,1002514003,102,WA001,9999A,WA001,301020159,""
16,2755.75,1,310018,1002514003,102,WA001,9999A,WA001,301020160,""
16,2755.75,1,310018,1002514004,102,WA001,9999A,WA001,301020325,""
16,2755.75,1,310018,1002514004,102,WA001,9999A,WA001,301020326,""
16,2755.75,1,310018,1002514004,102,WA001,9999A,WA001,301020327,""
16,2755.75,1,310018,1002514004,102,WA001,9999A,WA001,301020328,""
16,2755.75,1,310018,1002514004,102,WA001,9999A,WA001,301020559,""
16,2755.75,1,310018,1002514004,102,WA001,9999A,WA001,301020560,""
16,2755.75,1,310018,1002514004,102,WA001,9999A,WA001,301020561,""
16,2755.75,1,310018,1002514004,102,WA001,9999A,WA001,301020562,""
16,2590.405,1,310018,1002514005,102,WA001,9999A,WA001,301020563,""
16,2755.75,1,310724,1012514001,101,WA002,3040A-3043A-3045A-3053A-3055A-9999A-9999E,WA007,301019213,""
16,2755.75,1,310724,1012514001,101,WA002,3040A-3043A-3045A-3053A-3055A-9999A-9999E,WA007,301019214,""
16,2755.75,1,310724,1012514001,101,WA002,3040A-3043A-3045A-3053A-3055A-9999A-9999E,WA007,301019248,""
16,2755.75,1,310724,1012514001,101,WA002,3040A-3043A-3045A-3053A-3055A-9999A-9999E,WA007,301019249,""
16,2755.75,1,310724,1012514001,101,WA002,3040A-3043A-3045A-3053A-3055A-9999A-9999E,WA007,301019250,""
16,2755.75,1,310724,1012514001,101,WA002,3040A-3043A-3045A-3053A-3055A-9999A-9999E,WA007,301019251,""
16,2755.75,1,310724,1012514001,101,WA002,3040A-3043A-3045A-3053A-3055A-9999A-9999E,WA007,301019253,""
16,2755.75,1,310724,1012514001,101,WA002,3040A-3043A-3045A-3053A-3055A-9999A-9999E,WA007,301019254,""
16,2755.75,1,310724,1012514002,101,WA002,3040A-3043A-3045A-3053A-3055A-9999A-9999E,WA007,301019334,""
16,2755.75,1,310724,1012514002,101,WA002,3040A-3043A-3045A-3053A-3055A-9999A-9999E,WA007,301019336,""
16,2755.75,1,310724,1012514002,101,WA002,3040A-3043A-3045A-3053A-3055A-9999A-9999E,WA007,301019348,""
16,2755.75,1,310724,1012514002,101,WA002,3040A-3043A-3045A-3053A-3055A-9999A-9999E,WA007,301019351,""
16,2755.75,1,310724,1012514002,101,WA002,3040A-3043A-3045A-3053A-3055A-9999A-9999E,WA007,301019388,""
16,2755.75,1,310724,1012514002,101,WA002,3040A-3043A-3045A-3053A-3055A-9999A-9999E,WA007,301019389,""
16,2755.75,1,310724,1012514002,101,WA002,3040A-3043A-3045A-3053A-3055A-9999A-9999E,WA007,301019390,""
16,2755.75,1,310724,1012514002,101,WA002,3040A-3043A-3045A-3053A-3055A-9999A-9999E,WA007,301019453,""
16,2755.75,1,310724,1012514003,101,WA002,3040A-3043A-3045A-3053A-9999A-9999C-9999E,WA007,301019465,""
16,2755.75,1,310724,1012514003,101,WA002,3040A-3043A-3045A-3053A-9999A-9999C-9999E,WA007,301019466,""
16,2755.75,1,310724,1012514003,101,WA002,3040A-3043A-3045A-3053A-9999A-9999C-9999E,WA007,301019476,""
16,2755.75,1,310724,1012514003,101,WA002,3040A-3043A-3045A-3053A-9999A-9999C-9999E,WA007,301019477,""
16,2755.75,1,310724,1012514003,101,WA002,3040A-3043A-3045A-3053A-9999A-9999C-9999E,WA007,301019495,""
16,2755.75,1,310724,1012514003,101,WA002,3040A-3043A-3045A-3053A-9999A-9999C-9999E,WA007,301019498,""
16,2755.75,1,310724,1012514003,101,WA002,3040A-3043A-3045A-3053A-9999A-9999C-9999E,WA007,301019510,""
16,2755.75,1,310724,1012514003,101,WA002,3040A-3043A-3045A-3053A-9999A-9999C-9999E,WA007,301019537,""
16,2755.75,1,310724,1012514004,101,WA002,3040A-3045A-3053A-9999A-9999E,WA007,301019673,""
16,2755.75,1,310724,1012514004,101,WA002,3040A-3045A-3053A-9999A-9999E,WA007,301019701,""
16,2755.75,1,310724,1012514004,101,WA002,3040A-3045A-3053A-9999A-9999E,WA007,301019703,""
16,2755.75,1,310724,1012514004,101,WA002,3040A-3045A-3053A-9999A-9999E,WA007,301019704,""
16,2755.75,1,310724,1012514004,101,WA002,3040A-3045A-3053A-9999A-9999E,WA007,301019713,""
16,2755.75,1,310724,1012514004,101,WA002,3040A-3045A-3053A-9999A-9999E,WA007,301019716,""
16,2755.75,1,310724,1012514004,101,WA002,3040A-3045A-3053A-9999A-9999E,WA007,301019728,""
16,2755.75,1,310724,1012514004,101,WA002,3040A-3045A-3053A-9999A-9999E,WA007,301019736,""
16,2755.75,1,310724,1012514005,101,WA002,3040A-3043A-3045A-3053A-3055A-9999A-9999C-9999E,WA007,301019745,""
16,2755.75,1,310724,1012514005,101,WA002,3040A-3043A-3045A-3053A-3055A-9999A-9999C-9999E,WA007,301019747,""
16,2755.75,1,310724,1012514005,101,WA002,3040A-3043A-3045A-3053A-3055A-9999A-9999C-9999E,WA007,301019749,""
16,2755.75,1,310724,1012514005,101,WA002,3040A-3043A-3045A-3053A-3055A-9999A-9999C-9999E,WA007,301019750,""
16,2755.75,1,310724,1012514005,101,WA002,3040A-3043A-3045A-3053A-3055A-9999A-9999C-9999E,WA007,301019754,""
16,2755.75,1,310724,1012514005,101,WA002,3040A-3043A-3045A-3053A-3055A-9999A-9999C-9999E,WA007,301019761,""
16,2755.75,1,310724,1012514005,101,WA002,3040A-3043A-3045A-3053A-3055A-9999A-9999C-9999E,WA007,301019763,""
16,2755.75,1,310724,1012514006,101,WA002,3040A-3043A-3045A-3053A-3055A-9999A-9999C-9999E,WA007,301019770,""
16,2755.75,1,310724,1012514006,101,WA002,3040A-3043A-3045A-3053A-3055A-9999A-9999C-9999E,WA007,301019789,""
16,2755.75,1,310724,1012514006,101,WA002,3040A-3043A-3045A-3053A-3055A-9999A-9999C-9999E,WA007,301019793,""
16,2755.75,1,310724,1012514006,101,WA002,3040A-3043A-3045A-3053A-3055A-9999A-9999C-9999E,WA007,301019801,""
16,2755.75,1,310724,1012514006,101,WA002,3040A-3043A-3045A-3053A-3055A-9999A-9999C-9999E,WA007,301019811,""
16,2755.75,1,310724,1012514006,101,WA002,3040A-3043A-3045A-3053A-3055A-9999A-9999C-9999E,WA007,301019817,""
16,2755.75,1,310724,1012514006,101,WA002,3040A-3043A-3045A-3053A-3055A-9999A-9999C-9999E,WA007,301019820,""
16,2755.75,1,310724,1012514006,101,WA002,3040A-3043A-3045A-3053A-3055A-9999A-9999C-9999E,WA007,301019826,""
16,2755.75,1,310724,1012514006,101,WA002,3040A-3043A-3045A-3053A-3055A-9999A-9999C-9999E,WA007,301019837,""
16,2755.75,1,310724,1012514007,101,WA002,3040A-3043A-3045A-3053A-3055A-9999A-9999C-9999E,WA007,301019856,""
16,2755.75,1,310724,1012514007,101,WA002,3040A-3043A-3045A-3053A-3055A-9999A-9999C-9999E,WA007,301019861,""
16,2755.75,1,310724,1012514007,101,WA002,3040A-3043A-3045A-3053A-3055A-9999A-9999C-9999E,WA007,301019873,""
16,2755.75,1,310724,1012514007,101,WA002,3040A-3043A-3045A-3053A-3055A-9999A-9999C-9999E,WA007,301019874,""
16,2755.75,1,310724,1012514007,101,WA002,3040A-3043A-3045A-3053A-3055A-9999A-9999C-9999E,WA007,301019889,""
16,2755.75,1,310724,1012514007,101,WA002,3040A-3043A-3045A-3053A-3055A-9999A-9999C-9999E,WA007,301019891,""
16,2755.75,1,310724,1012514007,101,WA002,3040A-3043A-3045A-3053A-3055A-9999A-9999C-9999E,WA007,301019908,""
16,2755.75,1,310724,1012514007,101,WA002,3040A-3043A-3045A-3053A-3055A-9999A-9999C-9999E,WA007,301019909,""
16,2755.75,1,310724,1012514008,101,WA002,3040A-3045A-3053A-9999A-9999E,WA007,301019943,""
16,2755.75,1,310724,1012514008,101,WA002,3040A-3045A-3053A-9999A-9999E,WA007,301019944,""
16,2755.75,1,310724,1012514008,101,WA002,3040A-3045A-3053A-9999A-9999E,WA007,301019951,""
16,2755.75,1,310724,1012514008,101,WA002,3040A-3045A-3053A-9999A-9999E,WA007,301019952,""
16,2755.75,1,310724,1012514008,101,WA002,3040A-3045A-3053A-9999A-9999E,WA007,301019953,""
16,2755.75,1,310724,1012514008,101,WA002,3040A-3045A-3053A-9999A-9999E,WA007,301019971,""
16,2755.75,1,310724,1012514008,101,WA002,3040A-3045A-3053A-9999A-9999E,WA007,301019974,""
16,2755.75,1,310724,1012514008,101,WA002,3040A-3045A-3053A-9999A-9999E,WA007,301019982,""
16,2755.75,1,310724,1012514009,101,WA002,3040A-3045A-3053A-3055A-9999A-9999E,WA007,301019985,""
16,2755.75,1,310724,1012514009,101,WA002,3040A-3045A-3053A-3055A-9999A-9999E,WA007,301019988,""
16,2755.75,1,310724,1012514009,101,WA002,3040A-3045A-3053A-3055A-9999A-9999E,WA007,301019993,""
16,2755.75,1,310724,1012514009,101,WA002,3040A-3045A-3053A-3055A-9999A-9999E,WA007,301020012,""
16,2755.75,1,310724,1012514009,101,WA002,3040A-3045A-3053A-3055A-9999A-9999E,WA007,301020092,""
16,2755.75,1,310724,1012514009,101,WA002,3040A-3045A-3053A-3055A-9999A-9999E,WA007,301020093,""
16,2755.75,1,310724,1012514009,101,WA002,3040A-3045A-3053A-3055A-9999A-9999E,WA007,301020094,""
16,2755.75,1,310724,1012514009,101,WA002,3040A-3045A-3053A-3055A-9999A-9999E,WA007,301020095,""
16,2755.75,1,310724,1012514010,101,WA002,3040A-3043A-3045A-3053A-3055A-9999A-9999E,WA007,301020120,""
16,2755.75,1,310724,1012514010,101,WA002,3040A-3043A-3045A-3053A-3055A-9999A-9999E,WA007,301020121,""
16,2755.75,1,310724,1012514010,101,WA002,3040A-3043A-3045A-3053A-3055A-9999A-9999E,WA007,301020122,""
16,2755.75,1,310724,1012514010,101,WA002,3040A-3043A-3045A-3053A-3055A-9999A-9999E,WA007,301020126,""
16,2755.75,1,310724,1012514010,101,WA002,3040A-3043A-3045A-3053A-3055A-9999A-9999E,WA007,301020127,""
16,2755.75,1,310724,1012514010,101,WA002,3040A-3043A-3045A-3053A-3055A-9999A-9999E,WA007,301020150,""
16,2755.75,1,310724,1012514010,101,WA002,3040A-3043A-3045A-3053A-3055A-9999A-9999E,WA007,301020151,""
16,2755.75,1,310724,1012514010,101,WA002,3040A-3043A-3045A-3053A-3055A-9999A-9999E,WA007,301020152,""
16,2755.75,1,310724,1012514011,101,WA002,3040A-3043A-3045A-3053A-9999A-9999E,WA007,301020168,""
16,2755.75,1,310724,1012514011,101,WA002,3040A-3043A-3045A-3053A-9999A-9999E,WA007,301020169,""
16,2755.75,1,310724,1012514011,101,WA002,3040A-3043A-3045A-3053A-9999A-9999E,WA007,301020170,""
16,2755.75,1,310724,1012514011,101,WA002,3040A-3043A-3045A-3053A-9999A-9999E,WA007,301020171,""
16,2755.75,1,310724,1012514011,101,WA002,3040A-3043A-3045A-3053A-9999A-9999E,WA007,301020172,""
16,2755.75,1,310724,1012514011,101,WA002,3040A-3043A-3045A-3053A-9999A-9999E,WA007,301020173,""
16,2755.75,1,310724,1012514011,101,WA002,3040A-3043A-3045A-3053A-9999A-9999E,WA007,301020174,""
16,2755.75,1,310724,1012514011,101,WA002,3040A-3043A-3045A-3053A-9999A-9999E,WA007,301020175,""
16,2755.75,1,310724,1012514012,101,WA002,3040A-3043A-3045A-3053A-9999A-9999E,WA007,301020252,""
16,2755.75,1,310724,1012514012,101,WA002,3040A-3043A-3045A-3053A-9999A-9999E,WA007,301020254,""
16,2755.75,1,310724,1012514012,101,WA002,3040A-3043A-3045A-3053A-9999A-9999E,WA007,301020255,""
16,2755.75,1,310724,1012514012,101,WA002,3040A-3043A-3045A-3053A-9999A-9999E,WA007,301020256,""
16,2755.75,1,310724,1012514012,101,WA002,3040A-3043A-3045A-3053A-9999A-9999E,WA007,301020271,""
16,2755.75,1,310724,1012514012,101,WA002,3040A-3043A-3045A-3053A-9999A-9999E,WA007,301020272,""
16,2755.75,1,310724,1012514012,101,WA002,3040A-3043A-3045A-3053A-9999A-9999E,WA007,301020287,""
16,2755.75,1,310726,1022514052,101,WA003,3005WGUM-3007DRYGUM-3007FO-3007S-3025S-3033A-3035A-9999A-9999C-9999CS-9999E,WA007,301020499,""
16,2700.635,1,310726,1022514052,101,WA003,3005WGUM-3007DRYGUM-3007FO-3007S-3025S-3033A-3035A-9999A-9999C-9999CS-9999E,WA007,301020500,""
16,2755.75,1,310726,1022514052,101,WA003,3005WGUM-3007DRYGUM-3007FO-3007S-3025S-3033A-3035A-9999A-9999C-9999CS-9999E,WA007,301020501,""
16,2755.75,1,310726,1022514052,101,WA003,3005WGUM-3007DRYGUM-3007FO-3007S-3025S-3033A-3035A-9999A-9999C-9999CS-9999E,WA007,301020502,""
16,2755.75,1,310726,1022514052,101,WA003,3005WGUM-3007DRYGUM-3007FO-3007S-3025S-3033A-3035A-9999A-9999C-9999CS-9999E,WA007,301020506,""
16,2755.75,1,310726,1022514052,101,WA003,3005WGUM-3007DRYGUM-3007FO-3007S-3025S-3033A-3035A-9999A-9999C-9999CS-9999E,WA007,301020507,""
16,2755.75,1,310726,1022514052,101,WA003,3005WGUM-3007DRYGUM-3007FO-3007S-3025S-3033A-3035A-9999A-9999C-9999CS-9999E,WA007,301020509,""
16,2755.75,1,310726,1022514052,101,WA003,3005WGUM-3007DRYGUM-3007FO-3007S-3025S-3033A-3035A-9999A-9999C-9999CS-9999E,WA007,301020510,""
16,2755.75,1,310726,1022514055,101,WA003,3025S-3033A-9999A-9999C-9999CS-9999E,WA007,301020736,233258-1-1-101
16,2755.75,1,310726,1022514055,101,WA003,3025S-3033A-9999A-9999C-9999CS-9999E,WA007,301020737,233258-1-1-101
16,2755.75,1,310726,1022514055,101,WA003,3025S-3033A-9999A-9999C-9999CS-9999E,WA007,301020738,233258-1-1-101
16,2755.75,1,310726,1022514055,101,WA003,3025S-3033A-9999A-9999C-9999CS-9999E,WA007,301020739,233258-1-1-101
16,2755.75,1,310726,1022514055,101,WA003,3025S-3033A-9999A-9999C-9999CS-9999E,WA007,301020938,233258-1-1-101
16,2755.75,1,310726,1022514055,101,WA003,3025S-3033A-9999A-9999C-9999CS-9999E,WA007,301020940,233258-1-1-101
16,2755.75,1,310726,1022514055,101,WA003,3025S-3033A-9999A-9999C-9999CS-9999E,WA007,301020941,233258-1-1-101
16,2755.75,1,310726,1022514055,101,WA003,3025S-3033A-9999A-9999C-9999CS-9999E,WA007,301020942,233258-1-1-101
16,2755.75,1,310726,1022514056,101,WA003,3007S-3025S-3033A-3035A-9999A-9999C-9999CS-9999E,WA007,301020969,233258-1-1-101
16,2755.75,1,310726,1022514056,101,WA003,3007S-3025S-3033A-3035A-9999A-9999C-9999CS-9999E,WA007,301020970,233258-1-1-101
16,2755.75,1,310726,1022514056,101,WA003,3007S-3025S-3033A-3035A-9999A-9999C-9999CS-9999E,WA007,301020971,233258-1-1-101
16,2755.75,1,310726,1022514056,101,WA003,3007S-3025S-3033A-3035A-9999A-9999C-9999CS-9999E,WA007,301020972,233258-1-1-101
16,2755.75,1,310726,1022514056,101,WA003,3007S-3025S-3033A-3035A-9999A-9999C-9999CS-9999E,WA007,301021033,233258-1-1-101
16,2755.75,1,310726,1022514056,101,WA003,3007S-3025S-3033A-3035A-9999A-9999C-9999CS-9999E,WA007,301021034,233258-1-1-101
16,2755.75,1,310726,1022514056,101,WA003,3007S-3025S-3033A-3035A-9999A-9999C-9999CS-9999E,WA007,301021035,233258-1-1-101
16,2755.75,1,310726,1022514056,101,WA003,3007S-3025S-3033A-3035A-9999A-9999C-9999CS-9999E,WA007,301021036,233258-1-1-101
16,2755.75,1,310726,1022514057,101,WA003,3007S-3025S-3033A-3035A-9999A-9999C-9999CS-9999E,WA007,301021037,233241-1-1-102
16,2755.75,1,310726,1022514057,101,WA003,3007S-3025S-3033A-3035A-9999A-9999C-9999CS-9999E,WA007,301021038,233241-1-1-102
16,2755.75,1,310726,1022514057,101,WA003,3007S-3025S-3033A-3035A-9999A-9999C-9999CS-9999E,WA007,301021502,233241-1-1-102
16,2755.75,1,310726,1022514057,101,WA003,3007S-3025S-3033A-3035A-9999A-9999C-9999CS-9999E,WA007,301021523,233241-1-1-102
16,2755.75,1,310726,1022514057,101,WA003,3007S-3025S-3033A-3035A-9999A-9999C-9999CS-9999E,WA007,301021524,233241-1-1-102
16,2755.75,1,310726,1022514057,101,WA003,3007S-3025S-3033A-3035A-9999A-9999C-9999CS-9999E,WA007,301021572,233241-1-1-102
16,2755.75,1,310726,1022514060,101,WA003,3025S-3033A-9999A-9999C-9999CS-9999E,WA007,301021671,233262-1-1-104
16,2755.75,1,310726,1022514060,101,WA003,3025S-3033A-9999A-9999C-9999CS-9999E,WA007,301021700,233262-1-1-104
16,2755.75,1,310726,1022514060,101,WA003,3025S-3033A-9999A-9999C-9999CS-9999E,WA007,301021701,233262-1-1-104
16,2755.75,1,310726,1022514060,101,WA003,3025S-3033A-9999A-9999C-9999CS-9999E,WA007,301021702,233262-1-1-104
16,2755.75,1,310726,1022514060,101,WA003,3025S-3033A-9999A-9999C-9999CS-9999E,WA007,301021703,233262-1-1-104
16,2755.75,1,310726,1022514060,101,WA003,3025S-3033A-9999A-9999C-9999CS-9999E,WA007,301021711,233262-1-1-104
16,2755.75,1,310726,1022514060,101,WA003,3025S-3033A-9999A-9999C-9999CS-9999E,WA007,301021712,233262-1-1-104
16,2755.75,1,310726,1022514060,101,WA003,3025S-3033A-9999A-9999C-9999CS-9999E,WA007,301021713,233262-1-1-104
16,2755.75,1,310726,1022514061,101,WA003,3025S-3033A-9999A-9999C-9999CS-9999E,WA007,301021736,233262-1-1-104
16,2755.75,1,310726,1022514061,101,WA003,3025S-3033A-9999A-9999C-9999CS-9999E,WA007,301021737,233262-1-1-104
16,2755.75,1,310726,1022514061,101,WA003,3025S-3033A-9999A-9999C-9999CS-9999E,WA007,301021745,233262-1-1-104
16,2755.75,1,310726,1022514061,101,WA003,3025S-3033A-9999A-9999C-9999CS-9999E,WA007,301021746,233262-1-1-104
16,2755.75,1,310726,1022514061,101,WA003,3025S-3033A-9999A-9999C-9999CS-9999E,WA007,301021747,233262-1-1-104
16,2755.75,1,310726,1022514061,101,WA003,3025S-3033A-9999A-9999C-9999CS-9999E,WA007,301021748,233262-1-1-104
16,2755.75,1,310726,1022514061,101,WA003,3025S-3033A-9999A-9999C-9999CS-9999E,WA007,301021749,233262-1-1-104
16,2755.75,1,310726,1022514061,101,WA003,3025S-3033A-9999A-9999C-9999CS-9999E,WA007,301021750,233262-1-1-104
16,2755.75,1,310726,1022514062,101,WA003,3007S-3025S-3033A-3035A-9999A-9999E,WA007,301021873,233262-1-1-104
16,2149.485,1,310726,1022514062,101,WA003,3007S-3025S-3033A-3035A-9999A-9999E,WA007,301021898,233262-1-1-104
17,2755.75,1,310002,1002513901,102,WA001,9999A,WA001,301018183,""
17,2755.75,1,310002,1002513901,102,WA001,9999A,WA001,301018184,""
17,2755.75,1,310002,1002513901,102,WA001,9999A,WA001,301018185,""
17,2755.75,1,310002,1002513901,102,WA001,9999A,WA001,301018186,""
17,2755.75,1,310002,1002513901,102,WA001,9999A,WA001,301018223,""
17,2755.75,1,310002,1002513901,102,WA001,9999A,WA001,301018224,""
17,2755.75,1,310002,1002513901,102,WA001,9999A,WA001,301018225,""
17,2755.75,1,310002,1002513901,102,WA001,9999A,WA001,301018226,""
17,2755.75,1,310002,1002513902,102,WA001,9999A,WA001,301018250,""
17,2755.75,1,310002,1002513902,102,WA001,9999A,WA001,301018275,""
17,2755.75,1,310002,1002513902,102,WA001,9999A,WA001,301018278,""
17,2755.75,1,310002,1002513902,102,WA001,9999A,WA001,301018289,""
17,2755.75,1,310002,1002513902,102,WA001,9999A,WA001,301018299,""
17,2755.75,1,310002,1002513902,102,WA001,9999A,WA001,301018312,""
17,2755.75,1,310002,1002513902,102,WA001,9999A,WA001,301018330,""
17,2755.75,1,310002,1002513902,102,WA001,9999A,WA001,301018342,""
17,2755.75,1,310002,1002513903,102,WA001,9999A,WA001,301018371,""
17,2755.75,1,310002,1002513903,102,WA001,9999A,WA001,301018372,""
17,2755.75,1,310002,1002513903,102,WA001,9999A,WA001,301018373,""
17,2755.75,1,310002,1002513903,102,WA001,9999A,WA001,301018375,""
17,2755.75,1,310002,1002513903,102,WA001,9999A,WA001,301018433,""
17,2755.75,1,310002,1002513903,102,WA001,9999A,WA001,301018434,""
17,2755.75,1,310002,1002513903,102,WA001,9999A,WA001,301018435,""
17,2755.75,1,310002,1002513903,102,WA001,9999A,WA001,301018436,""
17,2755.75,1,310002,1002513904,102,WA001,9999A,WA001,301018606,""
17,2755.75,1,310002,1002513904,102,WA001,9999A,WA001,301018607,""
17,2755.75,1,310015,1052513909,101,ID002,3117A-3123A-9999A-9999E,ID010,301018821,232501-1-6-121
17,2755.75,1,310015,1052513909,101,ID002,3117A-3123A-9999A-9999E,ID010,301018822,232501-1-6-121
17,2755.75,1,310724,1012513901,101,WA002,3040A-3045A-3053A-9999A-9999E,WA007,301017619,233232-1-1-104
17,2755.75,1,310724,1012513901,101,WA002,3040A-3045A-3053A-9999A-9999E,WA007,301017620,233232-1-1-104
17,2755.75,1,310724,1012513901,101,WA002,3040A-3045A-3053A-9999A-9999E,WA007,301017622,233232-1-1-104
17,2755.75,1,310724,1012513901,101,WA002,3040A-3045A-3053A-9999A-9999E,WA007,301017623,233232-1-1-104
17,2755.75,1,310724,1012513901,101,WA002,3040A-3045A-3053A-9999A-9999E,WA007,301017702,233232-1-1-104
17,2755.75,1,310724,1012513901,101,WA002,3040A-3045A-3053A-9999A-9999E,WA007,301017704,233232-1-1-104
17,2755.75,1,310724,1012513901,101,WA002,3040A-3045A-3053A-9999A-9999E,WA007,301017728,233232-1-1-104
17,2755.75,1,310724,1012513901,101,WA002,3040A-3045A-3053A-9999A-9999E,WA007,301017729,233232-1-1-104
17,2755.75,1,310724,1012513902,101,WA002,3040A-3043A-3045A-3053A-9999A-9999E,WA007,301017754,233232-1-1-104
17,2755.75,1,310724,1012513902,101,WA002,3040A-3043A-3045A-3053A-9999A-9999E,WA007,301017776,233232-1-1-104
17,2755.75,1,310724,1012513902,101,WA002,3040A-3043A-3045A-3053A-9999A-9999E,WA007,301017777,233232-1-1-104
17,2755.75,1,310724,1012513902,101,WA002,3040A-3043A-3045A-3053A-9999A-9999E,WA007,301017778,233232-1-1-104
17,2755.75,1,310724,1012513902,101,WA002,3040A-3043A-3045A-3053A-9999A-9999E,WA007,301017779,233232-1-1-104
17,2755.75,1,310724,1012513902,101,WA002,3040A-3043A-3045A-3053A-9999A-9999E,WA007,301017780,233232-1-1-104
17,2755.75,1,310724,1012513902,101,WA002,3040A-3043A-3045A-3053A-9999A-9999E,WA007,301017801,233232-1-1-104
17,2755.75,1,310724,1012513902,101,WA002,3040A-3043A-3045A-3053A-9999A-9999E,WA007,301017802,233232-1-1-104
17,2755.75,1,310724,1012513903,101,WA002,3040A-3043A-3045A-3053A-9999A-9999C-9999E,WA007,301017803,233232-1-1-104
17,2755.75,1,310724,1012513903,101,WA002,3040A-3043A-3045A-3053A-9999A-9999C-9999E,WA007,301017806,233232-1-1-104
17,2755.75,1,310724,1012513903,101,WA002,3040A-3043A-3045A-3053A-9999A-9999C-9999E,WA007,301017862,233232-1-1-104
17,2755.75,1,310724,1012513903,101,WA002,3040A-3043A-3045A-3053A-9999A-9999C-9999E,WA007,301017863,233232-1-1-104
17,2755.75,1,310724,1012513903,101,WA002,3040A-3043A-3045A-3053A-9999A-9999C-9999E,WA007,301017864,233232-1-1-104
17,2755.75,1,310724,1012513903,101,WA002,3040A-3043A-3045A-3053A-9999A-9999C-9999E,WA007,301017886,233232-1-1-104
17,2755.75,1,310724,1012513903,101,WA002,3040A-3043A-3045A-3053A-9999A-9999C-9999E,WA007,301017887,233232-1-1-104
17,2755.75,1,310724,1012513903,101,WA002,3040A-3043A-3045A-3053A-9999A-9999C-9999E,WA007,301017926,233232-1-1-104
17,2755.75,1,310724,1012513904,101,WA002,3040A-3043A-3045A-3053A-9999A-9999C-9999E,WA007,301017953,233232-1-1-104
17,2755.75,1,310724,1012513904,101,WA002,3040A-3043A-3045A-3053A-9999A-9999C-9999E,WA007,301017954,233232-1-1-104
17,2755.75,1,310724,1012513904,101,WA002,3040A-3043A-3045A-3053A-9999A-9999C-9999E,WA007,301017971,233232-1-1-104
17,2755.75,1,310724,1012513904,101,WA002,3040A-3043A-3045A-3053A-9999A-9999C-9999E,WA007,301017972,233232-1-1-104
17,2755.75,1,310724,1012513904,101,WA002,3040A-3043A-3045A-3053A-9999A-9999C-9999E,WA007,301017973,233232-1-1-104
17,2755.75,1,310724,1012513904,101,WA002,3040A-3043A-3045A-3053A-9999A-9999C-9999E,WA007,301017984,233232-1-1-104
17,2755.75,1,310724,1012513904,101,WA002,3040A-3043A-3045A-3053A-9999A-9999C-9999E,WA007,301017996,233232-1-1-104
17,2755.75,1,310724,1012513904,101,WA002,3040A-3043A-3045A-3053A-9999A-9999C-9999E,WA007,301017997,233232-1-1-104
17,2700.635,1,310724,1012513905,101,WA002,3040A-3045A-3053A-3055A-9999A-9999E,WA007,301018028,233232-1-1-104
17,2755.75,1,310724,1012513905,101,WA002,3040A-3045A-3053A-3055A-9999A-9999E,WA007,301018029,233232-1-1-104
17,2755.75,1,310724,1012513905,101,WA002,3040A-3045A-3053A-3055A-9999A-9999E,WA007,301018041,233232-1-1-104
17,2755.75,1,310724,1012513905,101,WA002,3040A-3045A-3053A-3055A-9999A-9999E,WA007,301018042,233232-1-1-104
17,2755.75,1,310724,1012513905,101,WA002,3040A-3045A-3053A-3055A-9999A-9999E,WA007,301018054,""
17,2755.75,1,310724,1012513905,101,WA002,3040A-3045A-3053A-3055A-9999A-9999E,WA007,301018055,""
17,2755.75,1,310724,1012513905,101,WA002,3040A-3045A-3053A-3055A-9999A-9999E,WA007,301018073,""
17,2755.75,1,310724,1012513905,101,WA002,3040A-3045A-3053A-3055A-9999A-9999E,WA007,301018074,""
17,2755.75,1,310724,1012513906,101,WA002,3040A-3045A-3053A-3055A-9999A-9999C-9999E,WA007,301018075,""
17,2755.75,1,310724,1012513906,101,WA002,3040A-3045A-3053A-3055A-9999A-9999C-9999E,WA007,301018114,""
17,2755.75,1,310724,1012513906,101,WA002,3040A-3045A-3053A-3055A-9999A-9999C-9999E,WA007,301018115,""
17,2755.75,1,310724,1012513906,101,WA002,3040A-3045A-3053A-3055A-9999A-9999C-9999E,WA007,301018116,""
17,2755.75,1,310724,1012513906,101,WA002,3040A-3045A-3053A-3055A-9999A-9999C-9999E,WA007,301018129,""
17,2755.75,1,310724,1012513906,101,WA002,3040A-3045A-3053A-3055A-9999A-9999C-9999E,WA007,301018130,""
17,2755.75,1,310724,1012513906,101,WA002,3040A-3045A-3053A-3055A-9999A-9999C-9999E,WA007,301018147,""
17,2755.75,1,310724,1012513906,101,WA002,3040A-3045A-3053A-3055A-9999A-9999C-9999E,WA007,301018155,""
17,2755.75,1,310724,1012513907,101,WA002,3040A-3045A-3053A-9999A-9999E,WA007,301018166,""
17,2755.75,1,310724,1012513907,101,WA002,3040A-3045A-3053A-9999A-9999E,WA007,301018173,""
17,2755.75,1,310724,1012513907,101,WA002,3040A-3045A-3053A-9999A-9999E,WA007,301018178,""
17,2755.75,1,310724,1012513907,101,WA002,3040A-3045A-3053A-9999A-9999E,WA007,301018187,""
17,2755.75,1,310724,1012513907,101,WA002,3040A-3045A-3053A-9999A-9999E,WA007,301018194,""
17,2755.75,1,310724,1012513907,101,WA002,3040A-3045A-3053A-9999A-9999E,WA007,301018205,""
17,2755.75,1,310724,1012513907,101,WA002,3040A-3045A-3053A-9999A-9999E,WA007,301018206,""
17,2755.75,1,310724,1012513907,101,WA002,3040A-3045A-3053A-9999A-9999E,WA007,301018208,""
17,2755.75,1,310724,1012513908,101,WA002,3040A-3045A-3053A-9999A-9999E,WA007,301018216,""
17,2755.75,1,310724,1012513908,101,WA002,3040A-3045A-3053A-9999A-9999E,WA007,301018227,""
17,2755.75,1,310724,1012513908,101,WA002,3040A-3045A-3053A-9999A-9999E,WA007,301018230,""
17,2755.75,1,310724,1012513908,101,WA002,3040A-3045A-3053A-9999A-9999E,WA007,301018243,""
17,2755.75,1,310724,1012513908,101,WA002,3040A-3045A-3053A-9999A-9999E,WA007,301018251,""
17,2755.75,1,310724,1012513908,101,WA002,3040A-3045A-3053A-9999A-9999E,WA007,301018260,""
17,2755.75,1,310724,1012513908,101,WA002,3040A-3045A-3053A-9999A-9999E,WA007,301018272,""
17,2755.75,1,310724,1012513908,101,WA002,3040A-3045A-3053A-9999A-9999E,WA007,301018296,""
17,2755.75,1,310724,1012513909,101,WA002,3040A-3045A-3053A-3055A-9999A-9999E,WA007,301018308,""
17,2755.75,1,310724,1012513909,101,WA002,3040A-3045A-3053A-3055A-9999A-9999E,WA007,301018324,""
17,2755.75,1,310724,1012513909,101,WA002,3040A-3045A-3053A-3055A-9999A-9999E,WA007,301018337,""
17,2755.75,1,310724,1012513909,101,WA002,3040A-3045A-3053A-3055A-9999A-9999E,WA007,301018347,""
17,2755.75,1,310724,1012513909,101,WA002,3040A-3045A-3053A-3055A-9999A-9999E,WA007,301018362,""
17,2755.75,1,310724,1012513909,101,WA002,3040A-3045A-3053A-3055A-9999A-9999E,WA007,301018363,""
17,2755.75,1,310724,1012513909,101,WA002,3040A-3045A-3053A-3055A-9999A-9999E,WA007,301018381,""
17,2755.75,1,310724,1012513909,101,WA002,3040A-3045A-3053A-3055A-9999A-9999E,WA007,301018383,""
17,2755.75,1,310724,1012513910,101,WA002,3040A-3043A-3045A-3053A-3055A-9999A-9999E,WA007,301018388,""
17,2755.75,1,310724,1012513910,101,WA002,3040A-3043A-3045A-3053A-3055A-9999A-9999E,WA007,301018396,""
17,2755.75,1,310724,1012513910,101,WA002,3040A-3043A-3045A-3053A-3055A-9999A-9999E,WA007,301018423,""
17,2755.75,1,310724,1012513910,101,WA002,3040A-3043A-3045A-3053A-3055A-9999A-9999E,WA007,301018427,""
17,2755.75,1,310724,1012513910,101,WA002,3040A-3043A-3045A-3053A-3055A-9999A-9999E,WA007,301018455,""
17,2755.75,1,310724,1012513910,101,WA002,3040A-3043A-3045A-3053A-3055A-9999A-9999E,WA007,301018459,""
17,2755.75,1,310724,1012513910,101,WA002,3040A-3043A-3045A-3053A-3055A-9999A-9999E,WA007,301018468,""
17,2755.75,1,310724,1012513910,101,WA002,3040A-3043A-3045A-3053A-3055A-9999A-9999E,WA007,301018497,""
17,2755.75,1,310724,1012513911,101,WA002,3040A-3043A-3045A-3053A-3055A-9999A-9999E,WA007,301018503,""
17,2755.75,1,310724,1012513911,101,WA002,3040A-3043A-3045A-3053A-3055A-9999A-9999E,WA007,301018516,""
17,2755.75,1,310724,1012513911,101,WA002,3040A-3043A-3045A-3053A-3055A-9999A-9999E,WA007,301018517,""
17,2755.75,1,310724,1012513911,101,WA002,3040A-3043A-3045A-3053A-3055A-9999A-9999E,WA007,301018535,""
17,2755.75,1,310724,1012513911,101,WA002,3040A-3043A-3045A-3053A-3055A-9999A-9999E,WA007,301018634,""
17,2755.75,1,310724,1012513911,101,WA002,3040A-3043A-3045A-3053A-3055A-9999A-9999E,WA007,301018679,""
17,2755.75,1,310724,1012513911,101,WA002,3040A-3043A-3045A-3053A-3055A-9999A-9999E,WA007,301018684,""
17,2755.75,1,310724,1012513911,101,WA002,3040A-3043A-3045A-3053A-3055A-9999A-9999E,WA007,301018701,""
17,2755.75,1,310724,1012513912,101,WA002,3040A-3043A-3045A-3053A-3055A-9999A-9999E,WA007,301018702,""
17,2755.75,1,310724,1012513912,101,WA002,3040A-3043A-3045A-3053A-3055A-9999A-9999E,WA007,301018703,""
17,2755.75,1,310724,1012513912,101,WA002,3040A-3043A-3045A-3053A-3055A-9999A-9999E,WA007,301018704,""
17,2755.75,1,310724,1012513912,101,WA002,3040A-3043A-3045A-3053A-3055A-9999A-9999E,WA007,301018705,""
17,2755.75,1,310724,1012513912,101,WA002,3040A-3043A-3045A-3053A-3055A-9999A-9999E,WA007,301018764,""
17,2755.75,1,310724,1012513912,101,WA002,3040A-3043A-3045A-3053A-3055A-9999A-9999E,WA007,301018775,""
17,2755.75,1,310724,1012513912,101,WA002,3040A-3043A-3045A-3053A-3055A-9999A-9999E,WA007,301018777,""
17,2755.75,1,310724,1012513912,101,WA002,3040A-3043A-3045A-3053A-3055A-9999A-9999E,WA007,301018779,""
17,2755.75,1,310724,1012513913,101,WA002,3040A-3043A-3045A-3053A-3055A-9999A-9999E,WA007,301018785,""
17,2755.75,1,310724,1012513913,101,WA002,3040A-3043A-3045A-3053A-3055A-9999A-9999E,WA007,301018786,""
17,2755.75,1,310724,1012513913,101,WA002,3040A-3043A-3045A-3053A-3055A-9999A-9999E,WA007,301018792,""
17,2755.75,1,310724,1012513913,101,WA002,3040A-3043A-3045A-3053A-3055A-9999A-9999E,WA007,301018831,""
17,2755.75,1,310724,1012513913,101,WA002,3040A-3043A-3045A-3053A-3055A-9999A-9999E,WA007,301018832,""
17,2755.75,1,310724,1012513913,101,WA002,3040A-3043A-3045A-3053A-3055A-9999A-9999E,WA007,301018833,""
17,2755.75,1,310724,1012513913,101,WA002,3040A-3043A-3045A-3053A-3055A-9999A-9999E,WA007,301018834,""
17,2755.75,1,310724,1012513913,101,WA002,3040A-3043A-3045A-3053A-3055A-9999A-9999E,WA007,301018835,""
17,2755.75,1,310724,1012513914,101,WA002,3040A-3043A-3045A-3053A-3055A-9999A-9999E,WA007,301018908,""
17,2755.75,1,310724,1012513914,101,WA002,3040A-3043A-3045A-3053A-3055A-9999A-9999E,WA007,301018909,""
17,2755.75,1,310724,1012513914,101,WA002,3040A-3043A-3045A-3053A-3055A-9999A-9999E,WA007,301018932,""
17,2755.75,1,310724,1012513914,101,WA002,3040A-3043A-3045A-3053A-3055A-9999A-9999E,WA007,301018934,""
17,2755.75,1,310724,1012513914,101,WA002,3040A-3043A-3045A-3053A-3055A-9999A-9999E,WA007,301018945,""
17,2755.75,1,310724,1012513914,101,WA002,3040A-3043A-3045A-3053A-3055A-9999A-9999E,WA007,301018949,""
17,2755.75,1,310724,1012513914,101,WA002,3040A-3043A-3045A-3053A-3055A-9999A-9999E,WA007,301018962,""
17,2755.75,1,310724,1012513914,101,WA002,3040A-3043A-3045A-3053A-3055A-9999A-9999E,WA007,301018963,""
17,2755.75,1,310724,1012513915,101,WA002,3040A-3043A-3045A-3053A-3055A-9999A-9999E,WA007,301018964,""
17,2755.75,1,310724,1012513915,101,WA002,3040A-3043A-3045A-3053A-3055A-9999A-9999E,WA007,301018965,""
17,2755.75,1,310724,1012513915,101,WA002,3040A-3043A-3045A-3053A-3055A-9999A-9999E,WA007,301018967,""
17,2755.75,1,310724,1012513915,101,WA002,3040A-3043A-3045A-3053A-3055A-9999A-9999E,WA007,301019021,""
17,2755.75,1,310724,1012513915,101,WA002,3040A-3043A-3045A-3053A-3055A-9999A-9999E,WA007,301019022,""
17,2755.75,1,310724,1012513915,101,WA002,3040A-3043A-3045A-3053A-3055A-9999A-9999E,WA007,301019023,""
17,2755.75,1,310724,1012513915,101,WA002,3040A-3043A-3045A-3053A-3055A-9999A-9999E,WA007,301019037,""
17,2755.75,1,310724,1012513915,101,WA002,3040A-3043A-3045A-3053A-3055A-9999A-9999E,WA007,301019038,""
17,2755.75,1,310724,1012513916,101,WA002,3040A-3043A-3045A-3053A-3055A-9999A-9999E,WA007,301019049,""
17,2755.75,1,310724,1012513916,101,WA002,3040A-3043A-3045A-3053A-3055A-9999A-9999E,WA007,301019050,""
17,2755.75,1,310724,1012513916,101,WA002,3040A-3043A-3045A-3053A-3055A-9999A-9999E,WA007,301019103,""
17,2755.75,1,310724,1012513916,101,WA002,3040A-3043A-3045A-3053A-3055A-9999A-9999E,WA007,301019104,""
17,2755.75,1,310726,1022513951,101,WA003,3007S-3025S-3033A-3035A-9999A-9999E,WA007,301018865,233241-1-1-102
17,2755.75,1,310726,1022513951,101,WA003,3007S-3025S-3033A-3035A-9999A-9999E,WA007,301018866,233241-1-1-102
17,2755.75,1,310726,1022513951,101,WA003,3007S-3025S-3033A-3035A-9999A-9999E,WA007,301018870,233241-1-1-102
17,2755.75,1,310726,1022513951,101,WA003,3007S-3025S-3033A-3035A-9999A-9999E,WA007,301018871,233241-1-1-102
17,2755.75,1,310726,1022513951,101,WA003,3007S-3025S-3033A-3035A-9999A-9999E,WA007,301018903,233241-1-1-102
17,2755.75,1,310726,1022513951,101,WA003,3007S-3025S-3033A-3035A-9999A-9999E,WA007,301018904,233241-1-1-102
17,2755.75,1,310726,1022513951,101,WA003,3007S-3025S-3033A-3035A-9999A-9999E,WA007,301018905,233241-1-1-102
17,2755.75,1,310726,1022513951,101,WA003,3007S-3025S-3033A-3035A-9999A-9999E,WA007,301018906,233241-1-1-102
17,2755.75,1,310726,1022513953,101,WA003,3005WGUM-3007DRYGUM-3007FO-3007S-3025S-3033A-3035A-9999A-9999C-9999CS-9999E,WA007,301019007,""
17,2755.75,1,310726,1022513953,101,WA003,3005WGUM-3007DRYGUM-3007FO-3007S-3025S-3033A-3035A-9999A-9999C-9999CS-9999E,WA007,301019008,""
17,2755.75,1,310726,1022513953,101,WA003,3005WGUM-3007DRYGUM-3007FO-3007S-3025S-3033A-3035A-9999A-9999C-9999CS-9999E,WA007,301019009,""
17,2755.75,1,310726,1022513953,101,WA003,3005WGUM-3007DRYGUM-3007FO-3007S-3025S-3033A-3035A-9999A-9999C-9999CS-9999E,WA007,301019010,""
17,2755.75,1,310726,1022513953,101,WA003,3005WGUM-3007DRYGUM-3007FO-3007S-3025S-3033A-3035A-9999A-9999C-9999CS-9999E,WA007,301019013,""
17,2755.75,1,310726,1022513953,101,WA003,3005WGUM-3007DRYGUM-3007FO-3007S-3025S-3033A-3035A-9999A-9999C-9999CS-9999E,WA007,301019014,""
17,2755.75,1,310726,1022513953,101,WA003,3005WGUM-3007DRYGUM-3007FO-3007S-3025S-3033A-3035A-9999A-9999C-9999CS-9999E,WA007,301019015,""
17,2755.75,1,310726,1022513953,101,WA003,3005WGUM-3007DRYGUM-3007FO-3007S-3025S-3033A-3035A-9999A-9999C-9999CS-9999E,WA007,301019016,""
17,2755.75,1,310726,1022513954,101,WA003,3005WGUM-3007DRYGUM-3007FO-3007S-3025S-3035A-9999A-9999C-9999CS-9999E,WA007,301019060,""
17,2755.75,1,310726,1022513954,101,WA003,3005WGUM-3007DRYGUM-3007FO-3007S-3025S-3035A-9999A-9999C-9999CS-9999E,WA007,301019061,""
17,2755.75,1,310726,1022513954,101,WA003,3005WGUM-3007DRYGUM-3007FO-3007S-3025S-3035A-9999A-9999C-9999CS-9999E,WA007,301019063,""
17,2755.75,1,310726,1022513954,101,WA003,3005WGUM-3007DRYGUM-3007FO-3007S-3025S-3035A-9999A-9999C-9999CS-9999E,WA007,301019064,""
17,2755.75,1,310726,1022513954,101,WA003,3005WGUM-3007DRYGUM-3007FO-3007S-3025S-3035A-9999A-9999C-9999CS-9999E,WA007,301019236,""
17,2755.75,1,310726,1022513954,101,WA003,3005WGUM-3007DRYGUM-3007FO-3007S-3025S-3035A-9999A-9999C-9999CS-9999E,WA007,301019237,""
17,2755.75,1,310726,1022513954,101,WA003,3005WGUM-3007DRYGUM-3007FO-3007S-3025S-3035A-9999A-9999C-9999CS-9999E,WA007,301019238,""
17,2755.75,1,310726,1022513954,101,WA003,3005WGUM-3007DRYGUM-3007FO-3007S-3025S-3035A-9999A-9999C-9999CS-9999E,WA007,301019239,""
17,2755.75,1,310726,1022513955,101,WA003,3005WGUM-3007DRYGUM-3007FO-3007S-3025S-3033A-3035A-9999A-9999C-9999CS-9999E,WA007,301019339,""
17,2755.75,1,310726,1022513955,101,WA003,3005WGUM-3007DRYGUM-3007FO-3007S-3025S-3033A-3035A-9999A-9999C-9999CS-9999E,WA007,301019340,""
17,2755.75,1,310726,1022513955,101,WA003,3005WGUM-3007DRYGUM-3007FO-3007S-3025S-3033A-3035A-9999A-9999C-9999CS-9999E,WA007,301019341,""
17,2755.75,1,310726,1022513955,101,WA003,3005WGUM-3007DRYGUM-3007FO-3007S-3025S-3033A-3035A-9999A-9999C-9999CS-9999E,WA007,301019342,""
17,2755.75,1,310726,1022513955,101,WA003,3005WGUM-3007DRYGUM-3007FO-3007S-3025S-3033A-3035A-9999A-9999C-9999CS-9999E,WA007,301019343,""
17,2755.75,1,310726,1022513955,101,WA003,3005WGUM-3007DRYGUM-3007FO-3007S-3025S-3033A-3035A-9999A-9999C-9999CS-9999E,WA007,301019356,""
17,2755.75,1,310726,1022513955,101,WA003,3005WGUM-3007DRYGUM-3007FO-3007S-3025S-3033A-3035A-9999A-9999C-9999CS-9999E,WA007,301019357,""
17,2755.75,1,310726,1022513955,101,WA003,3005WGUM-3007DRYGUM-3007FO-3007S-3025S-3033A-3035A-9999A-9999C-9999CS-9999E,WA007,301019358,""
17,2755.75,1,310726,1022513956,101,WA003,3005WGUM-3007DRYGUM-3007FO-3007S-3025S-3033A-3035A-9999A-9999C-9999CS-9999E,WA007,301019360,""
17,2755.75,1,310726,1022513956,101,WA003,3005WGUM-3007DRYGUM-3007FO-3007S-3025S-3033A-3035A-9999A-9999C-9999CS-9999E,WA007,301019361,""
17,2755.75,1,310726,1022513956,101,WA003,3005WGUM-3007DRYGUM-3007FO-3007S-3025S-3033A-3035A-9999A-9999C-9999CS-9999E,WA007,301019363,""
17,2755.75,1,310726,1022513956,101,WA003,3005WGUM-3007DRYGUM-3007FO-3007S-3025S-3033A-3035A-9999A-9999C-9999CS-9999E,WA007,301019391,""
17,2755.75,1,310726,1022513956,101,WA003,3005WGUM-3007DRYGUM-3007FO-3007S-3025S-3033A-3035A-9999A-9999C-9999CS-9999E,WA007,301019393,""
17,2755.75,1,310726,1022513956,101,WA003,3005WGUM-3007DRYGUM-3007FO-3007S-3025S-3033A-3035A-9999A-9999C-9999CS-9999E,WA007,301019394,""
17,2755.75,1,310726,1022513956,101,WA003,3005WGUM-3007DRYGUM-3007FO-3007S-3025S-3033A-3035A-9999A-9999C-9999CS-9999E,WA007,301019407,""
17,2755.75,1,310726,1022513956,101,WA003,3005WGUM-3007DRYGUM-3007FO-3007S-3025S-3033A-3035A-9999A-9999C-9999CS-9999E,WA007,301019409,""
17,2755.75,1,310726,1022513957,101,WA003,3005WGUM-3007DRYGUM-3007FO-3007S-3025S-3033A-3035A-9999A-9999C-9999CS-9999E,WA007,301019565,""
17,2755.75,1,310726,1022513957,101,WA003,3005WGUM-3007DRYGUM-3007FO-3007S-3025S-3033A-3035A-9999A-9999C-9999CS-9999E,WA007,301019566,""
17,2755.75,1,310726,1022513957,101,WA003,3005WGUM-3007DRYGUM-3007FO-3007S-3025S-3033A-3035A-9999A-9999C-9999CS-9999E,WA007,301019567,""
17,2755.75,1,310726,1022513957,101,WA003,3005WGUM-3007DRYGUM-3007FO-3007S-3025S-3033A-3035A-9999A-9999C-9999CS-9999E,WA007,301019568,""
17,2755.75,1,310726,1022513957,101,WA003,3005WGUM-3007DRYGUM-3007FO-3007S-3025S-3033A-3035A-9999A-9999C-9999CS-9999E,WA007,301019594,""
17,2755.75,1,310726,1022513957,101,WA003,3005WGUM-3007DRYGUM-3007FO-3007S-3025S-3033A-3035A-9999A-9999C-9999CS-9999E,WA007,301019595,""
17,2755.75,1,310726,1022513957,101,WA003,3005WGUM-3007DRYGUM-3007FO-3007S-3025S-3033A-3035A-9999A-9999C-9999CS-9999E,WA007,301019596,""
17,2755.75,1,310726,1022513957,101,WA003,3005WGUM-3007DRYGUM-3007FO-3007S-3025S-3033A-3035A-9999A-9999C-9999CS-9999E,WA007,301019597,""
17,2755.75,1,310726,1022513958,101,WA003,3005WGUM-3007DRYGUM-3007FO-3007S-3025S-3033A-3035A-9999A-9999C-9999CS-9999E,WA007,301019608,""
17,2755.75,1,310726,1022513958,101,WA003,3005WGUM-3007DRYGUM-3007FO-3007S-3025S-3033A-3035A-9999A-9999C-9999CS-9999E,WA007,301019609,""
17,2755.75,1,310726,1022513958,101,WA003,3005WGUM-3007DRYGUM-3007FO-3007S-3025S-3033A-3035A-9999A-9999C-9999CS-9999E,WA007,301019610,""
17,2755.75,1,310726,1022513958,101,WA003,3005WGUM-3007DRYGUM-3007FO-3007S-3025S-3033A-3035A-9999A-9999C-9999CS-9999E,WA007,301019611,""
17,2700.635,1,310726,1022513958,101,WA003,3005WGUM-3007DRYGUM-3007FO-3007S-3025S-3033A-3035A-9999A-9999C-9999CS-9999E,WA007,301019623,""
17,2755.75,1,310726,1022513958,101,WA003,3005WGUM-3007DRYGUM-3007FO-3007S-3025S-3033A-3035A-9999A-9999C-9999CS-9999E,WA007,301020036,""
17,2755.75,1,310726,1022513958,101,WA003,3005WGUM-3007DRYGUM-3007FO-3007S-3025S-3033A-3035A-9999A-9999C-9999CS-9999E,WA007,301020037,""
17,2755.75,1,310726,1022513958,101,WA003,3005WGUM-3007DRYGUM-3007FO-3007S-3025S-3033A-3035A-9999A-9999C-9999CS-9999E,WA007,301020038,""
17,2755.75,1,310726,1022513959,101,WA003,3005WGUM-3007DRYGUM-3007FO-3007S-3025S-3033A-3035A-9999A-9999C-9999CS-9999E,WA007,301020055,""
17,2755.75,1,310726,1022513959,101,WA003,3005WGUM-3007DRYGUM-3007FO-3007S-3025S-3033A-3035A-9999A-9999C-9999CS-9999E,WA007,301020056,""
17,2755.75,1,310726,1022513959,101,WA003,3005WGUM-3007DRYGUM-3007FO-3007S-3025S-3033A-3035A-9999A-9999C-9999CS-9999E,WA007,301020057,""
17,2755.75,1,310726,1022513959,101,WA003,3005WGUM-3007DRYGUM-3007FO-3007S-3025S-3033A-3035A-9999A-9999C-9999CS-9999E,WA007,301020058,""
17,2755.75,1,310726,1022513959,101,WA003,3005WGUM-3007DRYGUM-3007FO-3007S-3025S-3033A-3035A-9999A-9999C-9999CS-9999E,WA007,301020060,""
17,2755.75,1,310726,1022513959,101,WA003,3005WGUM-3007DRYGUM-3007FO-3007S-3025S-3033A-3035A-9999A-9999C-9999CS-9999E,WA007,301020071,""
17,2755.75,1,310726,1022513959,101,WA003,3005WGUM-3007DRYGUM-3007FO-3007S-3025S-3033A-3035A-9999A-9999C-9999CS-9999E,WA007,301020072,""
17,2755.75,1,310726,1022513959,101,WA003,3005WGUM-3007DRYGUM-3007FO-3007S-3025S-3033A-3035A-9999A-9999C-9999CS-9999E,WA007,301020073,""
17,2755.75,1,310726,1022513960,101,WA003,3005WGUM-3007DRYGUM-3007FO-3007S-3025S-3033A-3035A-9999A-9999C-9999CS-9999E,WA007,301020085,""
17,2755.75,1,310726,1022513960,101,WA003,3005WGUM-3007DRYGUM-3007FO-3007S-3025S-3033A-3035A-9999A-9999C-9999CS-9999E,WA007,301020098,""
17,2755.75,1,310726,1022513960,101,WA003,3005WGUM-3007DRYGUM-3007FO-3007S-3025S-3033A-3035A-9999A-9999C-9999CS-9999E,WA007,301020117,""
17,2755.75,1,310726,1022513960,101,WA003,3005WGUM-3007DRYGUM-3007FO-3007S-3025S-3033A-3035A-9999A-9999C-9999CS-9999E,WA007,301020118,""
17,2755.75,1,310726,1022513960,101,WA003,3005WGUM-3007DRYGUM-3007FO-3007S-3025S-3033A-3035A-9999A-9999C-9999CS-9999E,WA007,301020119,""
17,2755.75,1,310726,1022513960,101,WA003,3005WGUM-3007DRYGUM-3007FO-3007S-3025S-3033A-3035A-9999A-9999C-9999CS-9999E,WA007,301020141,""
17,2755.75,1,310726,1022513960,101,WA003,3005WGUM-3007DRYGUM-3007FO-3007S-3025S-3033A-3035A-9999A-9999C-9999CS-9999E,WA007,301020142,""
17,2755.75,1,310726,1022513960,101,WA003,3005WGUM-3007DRYGUM-3007FO-3007S-3025S-3033A-3035A-9999A-9999C-9999CS-9999E,WA007,301020190,""
17,2755.75,1,310726,1022513961,101,WA003,3005WGUM-3007DRYGUM-3007FO-3007S-3025S-3033A-3035A-9999A-9999C-9999CS-9999E,WA007,301020191,""
17,2755.75,1,310726,1022513961,101,WA003,3005WGUM-3007DRYGUM-3007FO-3007S-3025S-3033A-3035A-9999A-9999C-9999CS-9999E,WA007,301020192,""
17,2755.75,1,310726,1022513961,101,WA003,3005WGUM-3007DRYGUM-3007FO-3007S-3025S-3033A-3035A-9999A-9999C-9999CS-9999E,WA007,301020230,""
17,2755.75,1,310726,1022513961,101,WA003,3005WGUM-3007DRYGUM-3007FO-3007S-3025S-3033A-3035A-9999A-9999C-9999CS-9999E,WA007,301020231,""
17,2755.75,1,310726,1022513961,101,WA003,3005WGUM-3007DRYGUM-3007FO-3007S-3025S-3033A-3035A-9999A-9999C-9999CS-9999E,WA007,301020232,""
17,2755.75,1,310726,1022513961,101,WA003,3005WGUM-3007DRYGUM-3007FO-3007S-3025S-3033A-3035A-9999A-9999C-9999CS-9999E,WA007,301020238,""
17,2755.75,1,310726,1022513961,101,WA003,3005WGUM-3007DRYGUM-3007FO-3007S-3025S-3033A-3035A-9999A-9999C-9999CS-9999E,WA007,301020239,""
17,2755.75,1,310726,1022513961,101,WA003,3005WGUM-3007DRYGUM-3007FO-3007S-3025S-3033A-3035A-9999A-9999C-9999CS-9999E,WA007,301020250,""
17,2755.75,1,310726,1022513962,101,WA003,3005WGUM-3007DRYGUM-3007FO-3007S-3025S-3033A-3035A-9999A-9999C-9999CS-9999E,WA007,301020251,""
17,2755.75,1,310726,1022513962,101,WA003,3005WGUM-3007DRYGUM-3007FO-3007S-3025S-3033A-3035A-9999A-9999C-9999CS-9999E,WA007,301020263,""
17,2755.75,1,310726,1022513962,101,WA003,3005WGUM-3007DRYGUM-3007FO-3007S-3025S-3033A-3035A-9999A-9999C-9999CS-9999E,WA007,301020264,""
17,2755.75,1,310726,1022513962,101,WA003,3005WGUM-3007DRYGUM-3007FO-3007S-3025S-3033A-3035A-9999A-9999C-9999CS-9999E,WA007,301020265,""
17,2755.75,1,310726,1022513962,101,WA003,3005WGUM-3007DRYGUM-3007FO-3007S-3025S-3033A-3035A-9999A-9999C-9999CS-9999E,WA007,301020267,""
17,2755.75,1,310726,1022513962,101,WA003,3005WGUM-3007DRYGUM-3007FO-3007S-3025S-3033A-3035A-9999A-9999C-9999CS-9999E,WA007,301020289,""
17,2755.75,1,310726,1022513962,101,WA003,3005WGUM-3007DRYGUM-3007FO-3007S-3025S-3033A-3035A-9999A-9999C-9999CS-9999E,WA007,301020291,""
17,2755.75,1,310726,1022513962,101,WA003,3005WGUM-3007DRYGUM-3007FO-3007S-3025S-3033A-3035A-9999A-9999C-9999CS-9999E,WA007,301020292,""
17,2199,1,310774,1002513901,102,WA001,9999A,WA001,301017937,""
17,2200,1,310774,1002513901,102,WA001,9999A,WA001,301017950,""
17,2205,1,310774,1002513901,102,WA001,9999A,WA001,301017955,""
17,2198,1,310774,1002513901,102,WA001,9999A,WA001,301017967,""
17,2204,1,310774,1002513901,102,WA001,9999A,WA001,301017981,""
17,2198,1,310774,1002513901,102,WA001,9999A,WA001,301017991,""
17,2216,1,310774,1002513901,102,WA001,9999A,WA001,301017998,""
17,2199,1,310774,1002513901,102,WA001,9999A,WA001,301018005,""
17,2199,1,310774,1002513902,102,WA001,9999A,WA001,301018056,""
17,2202,1,310774,1002513902,102,WA001,9999A,WA001,301018067,""
17,2199,1,310774,1002513902,102,WA001,9999A,WA001,301018078,""
17,2199,1,310774,1002513902,102,WA001,9999A,WA001,301018085,""
17,1457,1,310774,1002513902,102,WA001,9999A,WA001,301018110,""
18,2149.485,1,310002,1002513801,102,WA001,9999A,WA001,301016571,""
18,2755.75,1,310002,1002513801,102,WA001,9999A,WA001,301016653,""
18,2755.75,1,310002,1002513801,102,WA001,9999A,WA001,301016658,""
18,2755.75,1,310002,1002513801,102,WA001,9999A,WA001,301016681,""
18,2755.75,1,310002,1002513801,102,WA001,9999A,WA001,301016685,""
18,2755.75,1,310002,1002513801,102,WA001,9999A,WA001,301016688,""
18,2755.75,1,310002,1002513801,102,WA001,9999A,WA001,301016696,""
18,2755.75,1,310002,1002513801,102,WA001,9999A,WA001,301016697,""
18,2755.75,1,310002,1002513802,102,WA001,9999A,WA001,301016723,""
18,2755.75,1,310002,1002513802,102,WA001,9999A,WA001,301016724,""
18,2755.75,1,310002,1002513802,102,WA001,9999A,WA001,301016725,""
18,2755.75,1,310002,1002513802,102,WA001,9999A,WA001,301016740,""
18,2755.75,1,310002,1002513802,102,WA001,9999A,WA001,301016954,""
18,2755.75,1,310002,1002513802,102,WA001,9999A,WA001,301016955,""
18,2755.75,1,310002,1002513802,102,WA001,9999A,WA001,301016971,""
18,2755.75,1,310002,1002513802,102,WA001,9999A,WA001,301016972,""
18,2755.75,1,310015,1052513809,101,ID002,3117A-3123A-9999A-9999E,ID010,301017005,232501-1-6-121
18,2755.75,1,310015,1052513809,101,ID002,3117A-3123A-9999A-9999E,ID010,301017055,232501-1-6-121
18,2755.75,1,310015,1052513809,101,ID002,3117A-3123A-9999A-9999E,ID010,301017060,232501-1-6-121
18,2755.75,1,310015,1052513809,101,ID002,3117A-3123A-9999A-9999E,ID010,301017062,232501-1-6-121
18,2755.75,1,310015,1052513809,101,ID002,3117A-3123A-9999A-9999E,ID010,301017063,232501-1-6-121
18,2755.75,1,310724,1012513801,101,WA002,3040A-3045A-3053A-3055A-9999A-9999E,WA007,301016367,233232-1-1-104
18,2755.75,1,310724,1012513801,101,WA002,3040A-3045A-3053A-3055A-9999A-9999E,WA007,301016368,233232-1-1-104
18,2755.75,1,310724,1012513801,101,WA002,3040A-3045A-3053A-3055A-9999A-9999E,WA007,301016400,233232-1-1-104
18,2755.75,1,310724,1012513801,101,WA002,3040A-3045A-3053A-3055A-9999A-9999E,WA007,301016401,233232-1-1-104
18,2755.75,1,310724,1012513801,101,WA002,3040A-3045A-3053A-3055A-9999A-9999E,WA007,301016429,233232-1-1-104
18,2755.75,1,310724,1012513801,101,WA002,3040A-3045A-3053A-3055A-9999A-9999E,WA007,301016430,233232-1-1-104
18,2755.75,1,310724,1012513801,101,WA002,3040A-3045A-3053A-3055A-9999A-9999E,WA007,301016431,233232-1-1-104
18,2755.75,1,310724,1012513801,101,WA002,3040A-3045A-3053A-3055A-9999A-9999E,WA007,301016434,233232-1-1-104
18,2755.75,1,310724,1012513802,101,WA002,3040A-3045A-3053A-3055A-9999A-9999E,WA007,301016440,233232-1-1-104
18,2755.75,1,310724,1012513802,101,WA002,3040A-3045A-3053A-3055A-9999A-9999E,WA007,301016441,233232-1-1-104
18,2755.75,1,310724,1012513802,101,WA002,3040A-3045A-3053A-3055A-9999A-9999E,WA007,301016510,233232-1-1-104
18,2755.75,1,310724,1012513802,101,WA002,3040A-3045A-3053A-3055A-9999A-9999E,WA007,301016527,233232-1-1-104
18,2755.75,1,310724,1012513802,101,WA002,3040A-3045A-3053A-3055A-9999A-9999E,WA007,301016529,233232-1-1-104
18,2755.75,1,310724,1012513802,101,WA002,3040A-3045A-3053A-3055A-9999A-9999E,WA007,301016530,233232-1-1-104
18,2755.75,1,310724,1012513802,101,WA002,3040A-3045A-3053A-3055A-9999A-9999E,WA007,301016531,233232-1-1-104
18,2755.75,1,310724,1012513802,101,WA002,3040A-3045A-3053A-3055A-9999A-9999E,WA007,301016532,233232-1-1-104
18,2755.75,1,310724,1012513803,101,WA002,3040A-3045A-3053A-9999A-9999E,WA007,301016577,233232-1-1-104
18,2755.75,1,310724,1012513803,101,WA002,3040A-3045A-3053A-9999A-9999E,WA007,301016624,233232-1-1-104
18,2755.75,1,310724,1012513803,101,WA002,3040A-3045A-3053A-9999A-9999E,WA007,301016625,233232-1-1-104
18,2755.75,1,310724,1012513803,101,WA002,3040A-3045A-3053A-9999A-9999E,WA007,301016626,233232-1-1-104
18,2755.75,1,310724,1012513803,101,WA002,3040A-3045A-3053A-9999A-9999E,WA007,301016636,233232-1-1-104
18,2755.75,1,310724,1012513803,101,WA002,3040A-3045A-3053A-9999A-9999E,WA007,301016637,233232-1-1-104
18,2755.75,1,310724,1012513803,101,WA002,3040A-3045A-3053A-9999A-9999E,WA007,301016638,233232-1-1-104
18,2755.75,1,310724,1012513803,101,WA002,3040A-3045A-3053A-9999A-9999E,WA007,301016677,233232-1-1-104
18,2755.75,1,310724,1012513804,101,WA002,3040A-3045A-3053A-3055A-9999A-9999C-9999E,WA007,301016678,233232-1-1-104
18,2755.75,1,310724,1012513804,101,WA002,3040A-3045A-3053A-3055A-9999A-9999C-9999E,WA007,301016679,233232-1-1-104
18,2755.75,1,310724,1012513804,101,WA002,3040A-3045A-3053A-3055A-9999A-9999C-9999E,WA007,301016699,233232-1-1-104
18,2755.75,1,310724,1012513804,101,WA002,3040A-3045A-3053A-3055A-9999A-9999C-9999E,WA007,301016700,233232-1-1-104
18,2755.75,1,310724,1012513804,101,WA002,3040A-3045A-3053A-3055A-9999A-9999C-9999E,WA007,301016713,233232-1-1-104
18,2755.75,1,310724,1012513804,101,WA002,3040A-3045A-3053A-3055A-9999A-9999C-9999E,WA007,301016732,233232-1-1-104
18,2755.75,1,310724,1012513804,101,WA002,3040A-3045A-3053A-3055A-9999A-9999C-9999E,WA007,301016736,233232-1-1-104
18,2755.75,1,310724,1012513804,101,WA002,3040A-3045A-3053A-3055A-9999A-9999C-9999E,WA007,301016737,233232-1-1-104
18,2755.75,1,310724,1012513805,101,WA002,3040A-3043A-3045A-3053A-3055A-9999A-9999E,WA007,301016755,233232-1-1-104
18,2755.75,1,310724,1012513805,101,WA002,3040A-3043A-3045A-3053A-3055A-9999A-9999E,WA007,301016756,233232-1-1-104
18,2755.75,1,310724,1012513805,101,WA002,3040A-3043A-3045A-3053A-3055A-9999A-9999E,WA007,301016757,233232-1-1-104
18,2755.75,1,310724,1012513805,101,WA002,3040A-3043A-3045A-3053A-3055A-9999A-9999E,WA007,301016769,233232-1-1-104
18,2755.75,1,310724,1012513805,101,WA002,3040A-3043A-3045A-3053A-3055A-9999A-9999E,WA007,301016770,233232-1-1-104
18,2755.75,1,310724,1012513805,101,WA002,3040A-3043A-3045A-3053A-3055A-9999A-9999E,WA007,301016771,233232-1-1-104
18,2755.75,1,310724,1012513805,101,WA002,3040A-3043A-3045A-3053A-3055A-9999A-9999E,WA007,301016796,233232-1-1-104
18,2755.75,1,310724,1012513805,101,WA002,3040A-3043A-3045A-3053A-3055A-9999A-9999E,WA007,301016797,233232-1-1-104
18,2755.75,1,310724,1012513806,101,WA002,3040A-3043A-3045A-3053A-3055A-9999A-9999E,WA007,301016800,233232-1-1-104
18,2755.75,1,310724,1012513806,101,WA002,3040A-3043A-3045A-3053A-3055A-9999A-9999E,WA007,301016809,233232-1-1-104
18,2755.75,1,310724,1012513806,101,WA002,3040A-3043A-3045A-3053A-3055A-9999A-9999E,WA007,301016816,233232-1-1-104
18,2755.75,1,310724,1012513806,101,WA002,3040A-3043A-3045A-3053A-3055A-9999A-9999E,WA007,301016823,233232-1-1-104
18,2755.75,1,310724,1012513806,101,WA002,3040A-3043A-3045A-3053A-3055A-9999A-9999E,WA007,301016826,233232-1-1-104
18,2755.75,1,310724,1012513806,101,WA002,3040A-3043A-3045A-3053A-3055A-9999A-9999E,WA007,301016827,233232-1-1-104
18,2755.75,1,310724,1012513806,101,WA002,3040A-3043A-3045A-3053A-3055A-9999A-9999E,WA007,301016828,233232-1-1-104
18,2755.75,1,310724,1012513806,101,WA002,3040A-3043A-3045A-3053A-3055A-9999A-9999E,WA007,301016863,233232-1-1-104
18,2755.75,1,310724,1012513807,101,WA002,3040A-3043A-3045A-3053A-3055A-9999A-9999E,WA007,301016865,233232-1-1-104
18,2755.75,1,310724,1012513807,101,WA002,3040A-3043A-3045A-3053A-3055A-9999A-9999E,WA007,301016866,233232-1-1-104
18,2755.75,1,310724,1012513807,101,WA002,3040A-3043A-3045A-3053A-3055A-9999A-9999E,WA007,301016872,233232-1-1-104
18,2755.75,1,310724,1012513807,101,WA002,3040A-3043A-3045A-3053A-3055A-9999A-9999E,WA007,301016917,233232-1-1-104
18,2755.75,1,310724,1012513807,101,WA002,3040A-3043A-3045A-3053A-3055A-9999A-9999E,WA007,301016924,233232-1-1-104
18,2755.75,1,310724,1012513807,101,WA002,3040A-3043A-3045A-3053A-3055A-9999A-9999E,WA007,301016935,233232-1-1-104
18,2755.75,1,310724,1012513807,101,WA002,3040A-3043A-3045A-3053A-3055A-9999A-9999E,WA007,301016936,233232-1-1-104
18,2755.75,1,310724,1012513807,101,WA002,3040A-3043A-3045A-3053A-3055A-9999A-9999E,WA007,301016937,233232-1-1-104
18,2755.75,1,310724,1012513808,101,WA002,3040A-3043A-3045A-3053A-3055A-9999A-9999E,WA007,301016956,233232-1-1-104
18,2755.75,1,310724,1012513808,101,WA002,3040A-3043A-3045A-3053A-3055A-9999A-9999E,WA007,301016958,233232-1-1-104
18,2755.75,1,310724,1012513808,101,WA002,3040A-3043A-3045A-3053A-3055A-9999A-9999E,WA007,301016959,233232-1-1-104
18,2755.75,1,310724,1012513808,101,WA002,3040A-3043A-3045A-3053A-3055A-9999A-9999E,WA007,301016985,233232-1-1-104
18,2755.75,1,310724,1012513808,101,WA002,3040A-3043A-3045A-3053A-3055A-9999A-9999E,WA007,301016986,233232-1-1-104
18,2755.75,1,310724,1012513808,101,WA002,3040A-3043A-3045A-3053A-3055A-9999A-9999E,WA007,301016987,233232-1-1-104
18,2755.75,1,310724,1012513808,101,WA002,3040A-3043A-3045A-3053A-3055A-9999A-9999E,WA007,301016998,233232-1-1-104
18,2755.75,1,310724,1012513808,101,WA002,3040A-3043A-3045A-3053A-3055A-9999A-9999E,WA007,301017000,233232-1-1-104
18,2755.75,1,310724,1012513809,101,WA002,3040A-3045A-3053A-3055A-9999A-9999E,WA007,301017001,233232-1-1-104
18,2755.75,1,310724,1012513809,101,WA002,3040A-3045A-3053A-3055A-9999A-9999E,WA007,301017035,233232-1-1-104
18,2755.75,1,310724,1012513809,101,WA002,3040A-3045A-3053A-3055A-9999A-9999E,WA007,301017043,233232-1-1-104
18,2755.75,1,310724,1012513809,101,WA002,3040A-3045A-3053A-3055A-9999A-9999E,WA007,301017044,233232-1-1-104
18,2755.75,1,310724,1012513809,101,WA002,3040A-3045A-3053A-3055A-9999A-9999E,WA007,301017073,233232-1-1-104
18,2755.75,1,310724,1012513809,101,WA002,3040A-3045A-3053A-3055A-9999A-9999E,WA007,301017075,233232-1-1-104
18,2755.75,1,310724,1012513809,101,WA002,3040A-3045A-3053A-3055A-9999A-9999E,WA007,301017078,233232-1-1-104
18,2755.75,1,310724,1012513809,101,WA002,3040A-3045A-3053A-3055A-9999A-9999E,WA007,301017096,233232-1-1-104
18,2755.75,1,310724,1012513810,101,WA002,3040A-3043A-3045A-3053A-3055A-9999A-9999E,WA007,301017097,233232-1-1-104
18,2755.75,1,310724,1012513810,101,WA002,3040A-3043A-3045A-3053A-3055A-9999A-9999E,WA007,301017098,233232-1-1-104
18,2755.75,1,310724,1012513810,101,WA002,3040A-3043A-3045A-3053A-3055A-9999A-9999E,WA007,301017120,233232-1-1-104
18,2755.75,1,310724,1012513810,101,WA002,3040A-3043A-3045A-3053A-3055A-9999A-9999E,WA007,301017121,233232-1-1-104
18,2755.75,1,310724,1012513810,101,WA002,3040A-3043A-3045A-3053A-3055A-9999A-9999E,WA007,301017127,233232-1-1-104
18,2755.75,1,310724,1012513810,101,WA002,3040A-3043A-3045A-3053A-3055A-9999A-9999E,WA007,301017166,233232-1-1-104
18,2755.75,1,310724,1012513810,101,WA002,3040A-3043A-3045A-3053A-3055A-9999A-9999E,WA007,301017167,233232-1-1-104
18,2755.75,1,310724,1012513810,101,WA002,3040A-3043A-3045A-3053A-3055A-9999A-9999E,WA007,301017168,233232-1-1-104
18,2700.635,1,310724,1012513811,101,WA002,3040A-3043A-3045A-3053A-3055A-9999A-9999E,WA007,301017229,233232-1-1-104
18,2755.75,1,310724,1012513811,101,WA002,3040A-3043A-3045A-3053A-3055A-9999A-9999E,WA007,301017234,233232-1-1-104
18,2755.75,1,310724,1012513811,101,WA002,3040A-3043A-3045A-3053A-3055A-9999A-9999E,WA007,301017235,233232-1-1-104
18,2755.75,1,310724,1012513811,101,WA002,3040A-3043A-3045A-3053A-3055A-9999A-9999E,WA007,301017236,233232-1-1-104
18,2755.75,1,310724,1012513811,101,WA002,3040A-3043A-3045A-3053A-3055A-9999A-9999E,WA007,301017237,233232-1-1-104
18,2755.75,1,310724,1012513811,101,WA002,3040A-3043A-3045A-3053A-3055A-9999A-9999E,WA007,301017254,233232-1-1-104
18,2755.75,1,310724,1012513811,101,WA002,3040A-3043A-3045A-3053A-3055A-9999A-9999E,WA007,301017255,233232-1-1-104
18,2755.75,1,310724,1012513811,101,WA002,3040A-3043A-3045A-3053A-3055A-9999A-9999E,WA007,301017279,233232-1-1-104
18,2755.75,1,310724,1012513812,101,WA002,3040A-3043A-3045A-3053A-3055A-9999A-9999E,WA007,301017280,233232-1-1-104
18,2755.75,1,310724,1012513812,101,WA002,3040A-3043A-3045A-3053A-3055A-9999A-9999E,WA007,301017286,233232-1-1-104
18,2755.75,1,310724,1012513812,101,WA002,3040A-3043A-3045A-3053A-3055A-9999A-9999E,WA007,301017300,233232-1-1-104
18,2755.75,1,310724,1012513812,101,WA002,3040A-3043A-3045A-3053A-3055A-9999A-9999E,WA007,301017310,233232-1-1-104
18,2755.75,1,310724,1012513812,101,WA002,3040A-3043A-3045A-3053A-3055A-9999A-9999E,WA007,301017321,233232-1-1-104
18,2755.75,1,310724,1012513812,101,WA002,3040A-3043A-3045A-3053A-3055A-9999A-9999E,WA007,301017322,233232-1-1-104
18,2755.75,1,310724,1012513812,101,WA002,3040A-3043A-3045A-3053A-3055A-9999A-9999E,WA007,301017343,233232-1-1-104
18,2755.75,1,310724,1012513812,101,WA002,3040A-3043A-3045A-3053A-3055A-9999A-9999E,WA007,301017344,233232-1-1-104
18,2755.75,1,310724,1012513813,101,WA002,3040A-3043A-3045A-3053A-9999A-9999E,WA007,301017345,233232-1-1-104
18,2755.75,1,310724,1012513813,101,WA002,3040A-3043A-3045A-3053A-9999A-9999E,WA007,301017346,233232-1-1-104
18,2645.52,1,310724,1012513813,101,WA002,3040A-3043A-3045A-3053A-9999A-9999E,WA007,301017392,233232-1-1-104
18,2755.75,1,310724,1012513813,101,WA002,3040A-3043A-3045A-3053A-9999A-9999E,WA007,301017393,233232-1-1-104
18,2755.75,1,310724,1012513813,101,WA002,3040A-3043A-3045A-3053A-9999A-9999E,WA007,301017412,233232-1-1-104
18,2755.75,1,310724,1012513813,101,WA002,3040A-3043A-3045A-3053A-9999A-9999E,WA007,301017418,233232-1-1-104
18,2755.75,1,310724,1012513813,101,WA002,3040A-3043A-3045A-3053A-9999A-9999E,WA007,301017427,233232-1-1-104
18,2755.75,1,310724,1012513813,101,WA002,3040A-3043A-3045A-3053A-9999A-9999E,WA007,301017432,233232-1-1-104
18,2755.75,1,310724,1012513814,101,WA002,3040A-3045A-3053A-9999A-9999E,WA007,301017458,233232-1-1-104
18,2755.75,1,310724,1012513814,101,WA002,3040A-3045A-3053A-9999A-9999E,WA007,301017459,233232-1-1-104
18,2755.75,1,310724,1012513814,101,WA002,3040A-3045A-3053A-9999A-9999E,WA007,301017460,233232-1-1-104
18,2755.75,1,310724,1012513814,101,WA002,3040A-3045A-3053A-9999A-9999E,WA007,301017461,233232-1-1-104
18,2755.75,1,310724,1012513814,101,WA002,3040A-3045A-3053A-9999A-9999E,WA007,301017462,233232-1-1-104
18,2755.75,1,310724,1012513814,101,WA002,3040A-3045A-3053A-9999A-9999E,WA007,301017508,233232-1-1-104
18,2755.75,1,310724,1012513814,101,WA002,3040A-3045A-3053A-9999A-9999E,WA007,301017509,233232-1-1-104
18,2755.75,1,310724,1012513814,101,WA002,3040A-3045A-3053A-9999A-9999E,WA007,301017510,233232-1-1-104
18,2755.75,1,310724,1012513815,101,WA002,3040A-3045A-3053A-9999A-9999E,WA007,301017534,233232-1-1-104
18,2755.75,1,310724,1012513815,101,WA002,3040A-3045A-3053A-9999A-9999E,WA007,301017535,233232-1-1-104
18,2755.75,1,310726,1022513861,101,WA003,3002A-3025S-9999A-9999E,WA007,301018192,232381-1-3-103
18,2755.75,1,310726,1022513861,101,WA003,3002A-3025S-9999A-9999E,WA007,301018193,232381-1-3-103
18,2755.75,1,310726,1022513861,101,WA003,3002A-3025S-9999A-9999E,WA007,301018202,232381-1-3-103
18,2755.75,1,310726,1022513861,101,WA003,3002A-3025S-9999A-9999E,WA007,301018203,232381-1-3-103
18,2755.75,1,310726,1022513861,101,WA003,3002A-3025S-9999A-9999E,WA007,301018204,232381-1-3-103
18,2755.75,1,310726,1022513861,101,WA003,3002A-3025S-9999A-9999E,WA007,301018209,232381-1-3-103
18,2755.75,1,310726,1022513861,101,WA003,3002A-3025S-9999A-9999E,WA007,301018254,232381-1-3-103
18,2755.75,1,310726,1022513861,101,WA003,3002A-3025S-9999A-9999E,WA007,301018255,232381-1-3-103
18,2755.75,1,310726,1022513864,101,WA003,3002A-3025S-9999A-9999E,WA007,301018485,233066-1-1-101
18,2755.75,1,310726,1022513864,101,WA003,3002A-3025S-9999A-9999E,WA007,301018486,233066-1-1-101
18,2755.75,1,310726,1022513864,101,WA003,3002A-3025S-9999A-9999E,WA007,301018487,233066-1-1-101
18,2755.75,1,310726,1022513864,101,WA003,3002A-3025S-9999A-9999E,WA007,301018488,233066-1-1-101
18,2755.75,1,310726,1022513864,101,WA003,3002A-3025S-9999A-9999E,WA007,301018585,233066-1-1-101
18,2755.75,1,310726,1022513864,101,WA003,3002A-3025S-9999A-9999E,WA007,301018586,233066-1-1-101
18,2755.75,1,310726,1022513864,101,WA003,3002A-3025S-9999A-9999E,WA007,301018589,233066-1-1-101
18,2755.75,1,310726,1022513864,101,WA003,3002A-3025S-9999A-9999E,WA007,301018592,233066-1-1-101
18,2755.75,1,310726,1022513865,101,WA003,3002A-3025S-3033A-9999A-9999E,WA007,301018615,233066-1-1-101
18,2755.75,1,310726,1022513865,101,WA003,3002A-3025S-3033A-9999A-9999E,WA007,301018616,233066-1-1-101
18,2755.75,1,310726,1022513865,101,WA003,3002A-3025S-3033A-9999A-9999E,WA007,301018617,233066-1-1-101
18,2755.75,1,310726,1022513865,101,WA003,3002A-3025S-3033A-9999A-9999E,WA007,301018618,233066-1-1-101
18,2755.75,1,310726,1022513865,101,WA003,3002A-3025S-3033A-9999A-9999E,WA007,301018621,233066-1-1-101
18,2755.75,1,310726,1022513865,101,WA003,3002A-3025S-3033A-9999A-9999E,WA007,301018645,233066-1-1-101
18,2755.75,1,310726,1022513865,101,WA003,3002A-3025S-3033A-9999A-9999E,WA007,301018647,233066-1-1-101
18,2755.75,1,310726,1022513865,101,WA003,3002A-3025S-3033A-9999A-9999E,WA007,301018648,233066-1-1-101
18,2198,1,310774,1002513801,102,WA001,9999A,WA001,301017134,""
18,2199,1,310774,1002513801,102,WA001,9999A,WA001,301017174,""
18,2198,1,310774,1002513801,102,WA001,9999A,WA001,301017177,""
18,2200,1,310774,1002513801,102,WA001,9999A,WA001,301017197,""
18,2203,1,310774,1002513801,102,WA001,9999A,WA001,301017203,""
18,2203,1,310774,1002513801,102,WA001,9999A,WA001,301017211,""
18,2203,1,310774,1002513801,102,WA001,9999A,WA001,301017214,""
18,2206,1,310774,1002513801,102,WA001,9999A,WA001,301017219,""
18,2198,1,310774,1002513802,102,WA001,9999A,WA001,301017226,""
18,2198,1,310774,1002513802,102,WA001,9999A,WA001,301017228,""
18,2202,1,310774,1002513802,102,WA001,9999A,WA001,301017232,""
18,2198,1,310774,1002513802,102,WA001,9999A,WA001,301017242,""
18,2199,1,310774,1002513802,102,WA001,9999A,WA001,301017248,""
18,2198,1,310774,1002513802,102,WA001,9999A,WA001,301017249,""
18,2198,1,310774,1002513802,102,WA001,9999A,WA001,301017257,""
18,2198,1,310774,1002513802,102,WA001,9999A,WA001,301017273,""
18,2198,1,310774,1002513803,102,WA001,9999A,WA001,301017323,""
18,2203,1,310774,1002513803,102,WA001,9999A,WA001,301017327,""
18,2207,1,310774,1002513803,102,WA001,9999A,WA001,301017338,""
18,2203,1,310774,1002513803,102,WA001,9999A,WA001,301017347,""
18,2198,1,310774,1002513803,102,WA001,9999A,WA001,301017366,""
18,2205,1,310774,1002513803,102,WA001,9999A,WA001,301017374,""
18,2199,1,310774,1002513803,102,WA001,9999A,WA001,301017380,""
18,2212,1,310774,1002513803,102,WA001,9999A,WA001,301017394,""
18,2204,1,310774,1002513804,102,WA001,9999A,WA001,301017395,""
18,2205,1,310774,1002513804,102,WA001,9999A,WA001,301017406,""
18,2198,1,310774,1002513804,102,WA001,9999A,WA001,301017425,""
18,2200,1,310774,1002513804,102,WA001,9999A,WA001,301017430,""
18,2200,1,310774,1002513804,102,WA001,9999A,WA001,301017440,""
18,2199,1,310774,1002513804,102,WA001,9999A,WA001,301017529,""
18,2200,1,310774,1002513804,102,WA001,9999A,WA001,301017533,""
18,2204,1,310774,1002513804,102,WA001,9999A,WA001,301017543,""
18,2208,1,310774,1002513805,102,WA001,9999A,WA001,301017562,""
18,2198,1,310774,1002513805,102,WA001,9999A,WA001,301017602,""
19,2755.75,1,310002,1002513701,101,WA001,3405A-9999A,WA001,301015458,""
19,2755.75,1,310002,1002513701,101,WA001,3405A-9999A,WA001,301015459,""
19,2755.75,1,310002,1002513702,102,WA001,9999A,WA001,301015620,""
19,2755.75,1,310002,1002513702,102,WA001,9999A,WA001,301015621,""
19,2755.75,1,310002,1002513702,102,WA001,9999A,WA001,301015677,""
19,2755.75,1,310002,1002513702,102,WA001,9999A,WA001,301015679,""
19,2755.75,1,310002,1002513702,102,WA001,9999A,WA001,301015712,""
19,2755.75,1,310002,1002513702,102,WA001,9999A,WA001,301015713,""
19,2755.75,1,310002,1002513702,102,WA001,9999A,WA001,301015747,""
19,2755.75,1,310002,1002513702,102,WA001,9999A,WA001,301015748,""
19,2755.75,1,310002,1002513703,101,WA001,3405A-9999A-9999E,WA001,301015750,""
19,2755.75,1,310002,1002513704,101,WA001,3405A-9999A-9999E,WA001,301015815,""
19,2755.75,1,310002,1002513704,101,WA001,3405A-9999A-9999E,WA001,301016004,""
19,2755.75,1,310002,1002513704,101,WA001,3405A-9999A-9999E,WA001,301016005,""
19,2755.75,1,310002,1002513704,101,WA001,3405A-9999A-9999E,WA001,301016026,""
19,2755.75,1,310002,1002513704,101,WA001,3405A-9999A-9999E,WA001,301016038,""
19,2755.75,1,310002,1002513704,101,WA001,3405A-9999A-9999E,WA001,301016039,""
19,2755.75,1,310002,1002513704,101,WA001,3405A-9999A-9999E,WA001,301016049,""
19,2755.75,1,310002,1002513705,102,WA001,9999A,WA001,301016050,""
19,2755.75,1,310002,1002513705,102,WA001,9999A,WA001,301016060,""
19,2755.75,1,310002,1002513705,102,WA001,9999A,WA001,301016083,""
19,2755.75,1,310002,1002513705,102,WA001,9999A,WA001,301016084,""
19,2755.75,1,310002,1002513705,102,WA001,9999A,WA001,301016097,""
19,2755.75,1,310002,1002513705,102,WA001,9999A,WA001,301016098,""
19,606.265,0,310002,1002513705,102,WA001,9999A,WA001,301016117,""
19,2755.75,1,310724,1012513701,101,WA002,3040A-3041A-3043A-3045A-3053A-3055A-9999A-9999C-9999E,WA007,301014826,233229-1-1-101
19,2755.75,1,310724,1012513701,101,WA002,3040A-3041A-3043A-3045A-3053A-3055A-9999A-9999C-9999E,WA007,301014895,233229-1-1-101
19,2755.75,1,310724,1012513701,101,WA002,3040A-3041A-3043A-3045A-3053A-3055A-9999A-9999C-9999E,WA007,301014896,233229-1-1-101
19,2755.75,1,310724,1012513701,101,WA002,3040A-3041A-3043A-3045A-3053A-3055A-9999A-9999C-9999E,WA007,301014898,233229-1-1-101
19,2755.75,1,310724,1012513701,101,WA002,3040A-3041A-3043A-3045A-3053A-3055A-9999A-9999C-9999E,WA007,301014924,233229-1-1-101
19,2755.75,1,310724,1012513701,101,WA002,3040A-3041A-3043A-3045A-3053A-3055A-9999A-9999C-9999E,WA007,301014936,233229-1-1-101
19,2755.75,1,310724,1012513701,101,WA002,3040A-3041A-3043A-3045A-3053A-3055A-9999A-9999C-9999E,WA007,301014941,233229-1-1-101
19,2755.75,1,310724,1012513701,101,WA002,3040A-3041A-3043A-3045A-3053A-3055A-9999A-9999C-9999E,WA007,301014943,233229-1-1-101
19,2755.75,1,310724,1012513702,101,WA002,3040A-3043A-3045A-3053A-3055A-9999A-9999C-9999E,WA007,301014954,233232-1-1-105
19,2755.75,1,310724,1012513702,101,WA002,3040A-3043A-3045A-3053A-3055A-9999A-9999C-9999E,WA007,301014956,233232-1-1-105
19,2755.75,1,310724,1012513702,101,WA002,3040A-3043A-3045A-3053A-3055A-9999A-9999C-9999E,WA007,301014957,233232-1-1-105
19,2755.75,1,310724,1012513702,101,WA002,3040A-3043A-3045A-3053A-3055A-9999A-9999C-9999E,WA007,301014959,233232-1-1-105
19,2755.75,1,310724,1012513702,101,WA002,3040A-3043A-3045A-3053A-3055A-9999A-9999C-9999E,WA007,301015013,233232-1-1-105
19,2755.75,1,310724,1012513702,101,WA002,3040A-3043A-3045A-3053A-3055A-9999A-9999C-9999E,WA007,301015014,233232-1-1-105
19,2755.75,1,310724,1012513702,101,WA002,3040A-3043A-3045A-3053A-3055A-9999A-9999C-9999E,WA007,301015024,233232-1-1-105
19,2755.75,1,310724,1012513702,101,WA002,3040A-3043A-3045A-3053A-3055A-9999A-9999C-9999E,WA007,301015025,233232-1-1-105
19,2755.75,1,310724,1012513703,101,WA002,3040A-3043A-3045A-3053A-3055A-9999A-9999E,WA007,301015035,233232-1-1-105
19,2755.75,1,310724,1012513703,101,WA002,3040A-3043A-3045A-3053A-3055A-9999A-9999E,WA007,301015036,233232-1-1-105
19,2755.75,1,310724,1012513703,101,WA002,3040A-3043A-3045A-3053A-3055A-9999A-9999E,WA007,301015045,233232-1-1-105
19,2755.75,1,310724,1012513703,101,WA002,3040A-3043A-3045A-3053A-3055A-9999A-9999E,WA007,301015046,233232-1-1-105
19,2755.75,1,310724,1012513703,101,WA002,3040A-3043A-3045A-3053A-3055A-9999A-9999E,WA007,301015050,233232-1-1-105
19,2755.75,1,310724,1012513703,101,WA002,3040A-3043A-3045A-3053A-3055A-9999A-9999E,WA007,301015153,233232-1-1-105
19,2755.75,1,310724,1012513703,101,WA002,3040A-3043A-3045A-3053A-3055A-9999A-9999E,WA007,301015155,233232-1-1-105
19,2755.75,1,310724,1012513703,101,WA002,3040A-3043A-3045A-3053A-3055A-9999A-9999E,WA007,301015156,233232-1-1-105
19,2755.75,1,310724,1012513704,101,WA002,3040A-3043A-3045A-3053A-3055A-9999A-9999E,WA007,301015190,233232-1-1-105
19,2755.75,1,310724,1012513704,101,WA002,3040A-3043A-3045A-3053A-3055A-9999A-9999E,WA007,301015205,233232-1-1-105
19,2755.75,1,310724,1012513704,101,WA002,3040A-3043A-3045A-3053A-3055A-9999A-9999E,WA007,301015206,233232-1-1-105
19,2755.75,1,310724,1012513704,101,WA002,3040A-3043A-3045A-3053A-3055A-9999A-9999E,WA007,301015207,233232-1-1-105
19,2755.75,1,310724,1012513704,101,WA002,3040A-3043A-3045A-3053A-3055A-9999A-9999E,WA007,301015227,233232-1-1-105
19,2755.75,1,310724,1012513704,101,WA002,3040A-3043A-3045A-3053A-3055A-9999A-9999E,WA007,301015228,233232-1-1-105
19,2755.75,1,310724,1012513704,101,WA002,3040A-3043A-3045A-3053A-3055A-9999A-9999E,WA007,301015234,233232-1-1-104
19,2755.75,1,310724,1012513704,101,WA002,3040A-3043A-3045A-3053A-3055A-9999A-9999E,WA007,301015279,233232-1-1-104
19,2755.75,1,310724,1012513705,101,WA002,3040A-3043A-3045A-3053A-3055A-9999A-9999E,WA007,301015280,233232-1-1-104
19,2755.75,1,310724,1012513705,101,WA002,3040A-3043A-3045A-3053A-3055A-9999A-9999E,WA007,301015345,233232-1-1-104
19,2755.75,1,310724,1012513705,101,WA002,3040A-3043A-3045A-3053A-3055A-9999A-9999E,WA007,301015346,233232-1-1-104
19,2755.75,1,310724,1012513705,101,WA002,3040A-3043A-3045A-3053A-3055A-9999A-9999E,WA007,301015348,233232-1-1-104
19,2755.75,1,310724,1012513705,101,WA002,3040A-3043A-3045A-3053A-3055A-9999A-9999E,WA007,301015349,233232-1-1-104
19,2755.75,1,310724,1012513705,101,WA002,3040A-3043A-3045A-3053A-3055A-9999A-9999E,WA007,301015465,233232-1-1-104
19,2755.75,1,310724,1012513705,101,WA002,3040A-3043A-3045A-3053A-3055A-9999A-9999E,WA007,301015474,233232-1-1-104
19,2755.75,1,310724,1012513705,101,WA002,3040A-3043A-3045A-3053A-3055A-9999A-9999E,WA007,301015475,233232-1-1-104
19,2755.75,1,310724,1012513706,101,WA002,3040A-3043A-3045A-3053A-3055A-9999A-9999C-9999E,WA007,301015529,233232-1-1-104
19,2755.75,1,310724,1012513706,101,WA002,3040A-3043A-3045A-3053A-3055A-9999A-9999C-9999E,WA007,301015530,233232-1-1-104
19,2755.75,1,310724,1012513706,101,WA002,3040A-3043A-3045A-3053A-3055A-9999A-9999C-9999E,WA007,301015531,233232-1-1-104
19,2755.75,1,310724,1012513706,101,WA002,3040A-3043A-3045A-3053A-3055A-9999A-9999C-9999E,WA007,301015561,233232-1-1-104
19,2755.75,1,310724,1012513706,101,WA002,3040A-3043A-3045A-3053A-3055A-9999A-9999C-9999E,WA007,301015562,233232-1-1-104
19,2755.75,1,310724,1012513706,101,WA002,3040A-3043A-3045A-3053A-3055A-9999A-9999C-9999E,WA007,301015563,233232-1-1-104
19,2755.75,1,310724,1012513706,101,WA002,3040A-3043A-3045A-3053A-3055A-9999A-9999C-9999E,WA007,301015622,233232-1-1-104
19,2755.75,1,310724,1012513706,101,WA002,3040A-3043A-3045A-3053A-3055A-9999A-9999C-9999E,WA007,301015630,233232-1-1-104
19,2755.75,1,310724,1012513707,101,WA002,3040A-3043A-3045A-3053A-3055A-9999A-9999C-9999E,WA007,301015676,233232-1-1-104
19,2755.75,1,310724,1012513707,101,WA002,3040A-3043A-3045A-3053A-3055A-9999A-9999C-9999E,WA007,301015678,233232-1-1-104
19,2755.75,1,310724,1012513707,101,WA002,3040A-3043A-3045A-3053A-3055A-9999A-9999C-9999E,WA007,301015680,233232-1-1-104
19,2755.75,1,310724,1012513707,101,WA002,3040A-3043A-3045A-3053A-3055A-9999A-9999C-9999E,WA007,301015681,233232-1-1-104
19,2755.75,1,310724,1012513707,101,WA002,3040A-3043A-3045A-3053A-3055A-9999A-9999C-9999E,WA007,301015769,233232-1-1-104
19,2755.75,1,310724,1012513707,101,WA002,3040A-3043A-3045A-3053A-3055A-9999A-9999C-9999E,WA007,301015770,233232-1-1-104
19,2755.75,1,310724,1012513707,101,WA002,3040A-3043A-3045A-3053A-3055A-9999A-9999C-9999E,WA007,301015771,233232-1-1-104
19,2755.75,1,310724,1012513707,101,WA002,3040A-3043A-3045A-3053A-3055A-9999A-9999C-9999E,WA007,301015776,233232-1-1-104
19,2755.75,1,310724,1012513708,101,WA002,3040A-3045A-3053A-9999A-9999E,WA007,301015777,233232-1-1-104
19,2755.75,1,310724,1012513708,101,WA002,3040A-3045A-3053A-9999A-9999E,WA007,301015778,233232-1-1-104
19,2755.75,1,310724,1012513708,101,WA002,3040A-3045A-3053A-9999A-9999E,WA007,301015798,233232-1-1-104
19,2755.75,1,310724,1012513708,101,WA002,3040A-3045A-3053A-9999A-9999E,WA007,301015799,233232-1-1-104
19,2755.75,1,310724,1012513708,101,WA002,3040A-3045A-3053A-9999A-9999E,WA007,301015800,233232-1-1-104
19,2755.75,1,310724,1012513708,101,WA002,3040A-3045A-3053A-9999A-9999E,WA007,301015808,233232-1-1-104
19,2755.75,1,310724,1012513708,101,WA002,3040A-3045A-3053A-9999A-9999E,WA007,301015810,233232-1-1-104
19,2755.75,1,310724,1012513708,101,WA002,3040A-3045A-3053A-9999A-9999E,WA007,301015811,233232-1-1-104
19,2755.75,1,310724,1012513709,101,WA002,3040A-3045A-3053A-9999A-9999E,WA007,301015850,233232-1-1-104
19,2755.75,1,310724,1012513709,101,WA002,3040A-3045A-3053A-9999A-9999E,WA007,301015851,233232-1-1-104
19,2755.75,1,310724,1012513709,101,WA002,3040A-3045A-3053A-9999A-9999E,WA007,301015852,233232-1-1-104
19,2755.75,1,310724,1012513709,101,WA002,3040A-3045A-3053A-9999A-9999E,WA007,301015855,233232-1-1-104
19,2755.75,1,310724,1012513709,101,WA002,3040A-3045A-3053A-9999A-9999E,WA007,301015856,233232-1-1-104
19,2755.75,1,310724,1012513709,101,WA002,3040A-3045A-3053A-9999A-9999E,WA007,301015857,233232-1-1-104
19,2755.75,1,310724,1012513709,101,WA002,3040A-3045A-3053A-9999A-9999E,WA007,301015866,233232-1-1-104
19,2755.75,1,310724,1012513709,101,WA002,3040A-3045A-3053A-9999A-9999E,WA007,301015867,233232-1-1-104
19,2755.75,1,310724,1012513710,101,WA002,3040A-3045A-3053A-3055A-9999A-9999E,WA007,301015999,233232-1-1-104
19,2755.75,1,310724,1012513710,101,WA002,3040A-3045A-3053A-3055A-9999A-9999E,WA007,301016000,233232-1-1-104
19,2755.75,1,310724,1012513710,101,WA002,3040A-3045A-3053A-3055A-9999A-9999E,WA007,301016001,233232-1-1-104
19,2755.75,1,310724,1012513710,101,WA002,3040A-3045A-3053A-3055A-9999A-9999E,WA007,301016002,233232-1-1-104
19,2755.75,1,310724,1012513710,101,WA002,3040A-3045A-3053A-3055A-9999A-9999E,WA007,301016023,233232-1-1-104
19,2755.75,1,310724,1012513710,101,WA002,3040A-3045A-3053A-3055A-9999A-9999E,WA007,301016030,233232-1-1-104
19,2755.75,1,310724,1012513710,101,WA002,3040A-3045A-3053A-3055A-9999A-9999E,WA007,301016031,233232-1-1-104
19,2755.75,1,310724,1012513710,101,WA002,3040A-3045A-3053A-3055A-9999A-9999E,WA007,301016032,233232-1-1-104
19,2755.75,1,310724,1012513711,101,WA002,3040A-3045A-3055A-9999A,WA007,301016063,""
19,2755.75,1,310724,1012513711,101,WA002,3040A-3045A-3055A-9999A,WA007,301016065,""
19,2755.75,1,310724,1012513711,101,WA002,3040A-3045A-3055A-9999A,WA007,301016066,""
19,2755.75,1,310724,1012513711,101,WA002,3040A-3045A-3055A-9999A,WA007,301016110,""
19,2755.75,1,310724,1012513711,101,WA002,3040A-3045A-3055A-9999A,WA007,301016151,""
19,2755.75,1,310724,1012513711,101,WA002,3040A-3045A-3055A-9999A,WA007,301016152,""
19,2755.75,1,310724,1012513711,101,WA002,3040A-3045A-3055A-9999A,WA007,301016168,""
19,2755.75,1,310724,1012513711,101,WA002,3040A-3045A-3055A-9999A,WA007,301016188,""
19,2755.75,1,310724,1012513712,101,WA002,3040A-3045A-9999A,WA007,301016189,""
19,2755.75,1,310724,1012513712,101,WA002,3040A-3045A-9999A,WA007,301016190,""
19,2755.75,1,310724,1012513712,101,WA002,3040A-3045A-9999A,WA007,301016196,""
19,2755.75,1,310724,1012513712,101,WA002,3040A-3045A-9999A,WA007,301016198,""
19,2755.75,1,310724,1012513712,101,WA002,3040A-3045A-9999A,WA007,301016267,""
19,2755.75,1,310724,1012513712,101,WA002,3040A-3045A-9999A,WA007,301016268,""
19,2755.75,1,310724,1012513712,101,WA002,3040A-3045A-9999A,WA007,301016276,""
19,2755.75,1,310724,1012513712,101,WA002,3040A-3045A-9999A,WA007,301016277,""
19,2755.75,1,310724,1012513713,101,WA002,3040A-3045A-3053A-9999A,WA007,301016287,""
19,2755.75,1,310724,1012513713,101,WA002,3040A-3045A-3053A-9999A,WA007,301016298,""
19,2755.75,1,310724,1012513713,101,WA002,3040A-3045A-3053A-9999A,WA007,301016308,""
19,2755.75,1,310724,1012513713,101,WA002,3040A-3045A-3053A-9999A,WA007,301016309,""
19,2755.75,1,310724,1012513713,101,WA002,3040A-3045A-3053A-9999A,WA007,301016329,""
19,2755.75,1,310724,1012513713,101,WA002,3040A-3045A-3053A-9999A,WA007,301016330,""
19,2755.75,1,310724,1012513713,101,WA002,3040A-3045A-3053A-9999A,WA007,301016358,""
19,2755.75,1,310724,1012513713,101,WA002,3040A-3045A-3053A-9999A,WA007,301016360,""
19,2755.75,1,310724,1052513701,101,ID002,3040A-3043A-3053A-3055A-9999A-9999E,ID002,301014761,""
19,2755.75,1,310724,1052513701,101,ID002,3040A-3043A-3053A-3055A-9999A-9999E,ID002,301014762,""
19,2755.75,1,310724,1052513701,101,ID002,3040A-3043A-3053A-3055A-9999A-9999E,ID002,301014763,""
19,2755.75,1,310724,1052513701,101,ID002,3040A-3043A-3053A-3055A-9999A-9999E,ID002,301014772,""
19,2755.75,1,310724,1052513701,101,ID002,3040A-3043A-3053A-3055A-9999A-9999E,ID002,301014816,""
19,2755.75,1,310724,1052513701,101,ID002,3040A-3043A-3053A-3055A-9999A-9999E,ID002,301014817,""
19,2755.75,1,310724,1052513701,101,ID002,3040A-3043A-3053A-3055A-9999A-9999E,ID002,301014818,""
19,2755.75,1,310724,1052513701,101,ID002,3040A-3043A-3053A-3055A-9999A-9999E,ID002,301014819,""
19,2755.75,1,310724,1052513702,101,ID002,3040A-3043A-3053A-3055A-9999A-9999E,ID002,301014844,""
19,2755.75,1,310724,1052513702,101,ID002,3040A-3043A-3053A-3055A-9999A-9999E,ID002,301014845,""
19,2755.75,1,310724,1052513702,101,ID002,3040A-3043A-3053A-3055A-9999A-9999E,ID002,301014846,""
19,2755.75,1,310724,1052513702,101,ID002,3040A-3043A-3053A-3055A-9999A-9999E,ID002,301014847,""
19,2755.75,1,310724,1052513702,101,ID002,3040A-3043A-3053A-3055A-9999A-9999E,ID002,301014893,""
19,2755.75,1,310724,1052513702,101,ID002,3040A-3043A-3053A-3055A-9999A-9999E,ID002,301014894,""
19,2755.75,1,310724,1052513702,101,ID002,3040A-3043A-3053A-3055A-9999A-9999E,ID002,301014897,""
19,2755.75,1,310724,1052513702,101,ID002,3040A-3043A-3053A-3055A-9999A-9999E,ID002,301014899,""
19,2755.75,1,310724,1052513703,101,ID002,3040A-3043A-3053A-3055A-9999A-9999E,ID002,301014947,""
19,2755.75,1,310724,1052513703,101,ID002,3040A-3043A-3053A-3055A-9999A-9999E,ID002,301014948,""
19,2755.75,1,310724,1052513703,101,ID002,3040A-3043A-3053A-3055A-9999A-9999E,ID002,301014949,""
19,2755.75,1,310724,1052513703,101,ID002,3040A-3043A-3053A-3055A-9999A-9999E,ID002,301014950,""
19,2755.75,1,310724,1052513703,101,ID002,3040A-3043A-3053A-3055A-9999A-9999E,ID002,301014973,""
19,2755.75,1,310724,1052513703,101,ID002,3040A-3043A-3053A-3055A-9999A-9999E,ID002,301014974,""
19,2755.75,1,310724,1052513703,101,ID002,3040A-3043A-3053A-3055A-9999A-9999E,ID002,301014975,""
19,2755.75,1,310724,1052513703,101,ID002,3040A-3043A-3053A-3055A-9999A-9999E,ID002,301014976,""
19,2755.75,1,310724,1052513704,101,ID002,3040A-3043A-3053A-3055A-9999A-9999E,ID002,301015026,""
19,2755.75,1,310724,1052513704,101,ID002,3040A-3043A-3053A-3055A-9999A-9999E,ID002,301015027,""
19,2755.75,1,310724,1052513704,101,ID002,3040A-3043A-3053A-3055A-9999A-9999E,ID002,301015028,""
19,2755.75,1,310724,1052513704,101,ID002,3040A-3043A-3053A-3055A-9999A-9999E,ID002,301015029,""
19,2755.75,1,310724,1052513704,101,ID002,3040A-3043A-3053A-3055A-9999A-9999E,ID002,301015030,""
19,2755.75,1,310724,1052513704,101,ID002,3040A-3043A-3053A-3055A-9999A-9999E,ID002,301015031,""
19,2755.75,1,310724,1052513704,101,ID002,3040A-3043A-3053A-3055A-9999A-9999E,ID002,301015033,""
19,2755.75,1,310724,1052513704,101,ID002,3040A-3043A-3053A-3055A-9999A-9999E,ID002,301015034,""
19,2755.75,1,310724,1052513705,101,ID002,3040A-3043A-3053A-3055A-9999A-9999E,ID010,301015047,""
19,2755.75,1,310724,1052513705,101,ID002,3040A-3043A-3053A-3055A-9999A-9999E,ID010,301015048,""
19,2755.75,1,310724,1052513705,101,ID002,3040A-3043A-3053A-3055A-9999A-9999E,ID010,301015172,""
19,2755.75,1,310724,1052513705,101,ID002,3040A-3043A-3053A-3055A-9999A-9999E,ID010,301015173,""
19,2755.75,1,310724,1052513705,101,ID002,3040A-3043A-3053A-3055A-9999A-9999E,ID010,301015174,""
19,2755.75,1,310724,1052513705,101,ID002,3040A-3043A-3053A-3055A-9999A-9999E,ID010,301015175,""
19,2755.75,1,310724,1052513705,101,ID002,3040A-3043A-3053A-3055A-9999A-9999E,ID010,301015177,""
19,2755.75,1,310724,1052513705,101,ID002,3040A-3043A-3053A-3055A-9999A-9999E,ID010,301015178,""
19,2755.75,1,310724,1052513706,101,ID002,3040A-3043A-3053A-3055A-9999A-9999E,ID010,301015255,""
19,2755.75,1,310724,1052513706,101,ID002,3040A-3043A-3053A-3055A-9999A-9999E,ID010,301015256,""
19,2755.75,1,310724,1052513706,101,ID002,3040A-3043A-3053A-3055A-9999A-9999E,ID010,301015257,""
19,2755.75,1,310724,1052513706,101,ID002,3040A-3043A-3053A-3055A-9999A-9999E,ID010,301015258,""
19,2755.75,1,310724,1052513706,101,ID002,3040A-3043A-3053A-3055A-9999A-9999E,ID010,301015259,""
19,2755.75,1,310724,1052513706,101,ID002,3040A-3043A-3053A-3055A-9999A-9999E,ID010,301015260,""
19,2755.75,1,310724,1052513706,101,ID002,3040A-3043A-3053A-3055A-9999A-9999E,ID010,301015261,""
19,2755.75,1,310724,1052513706,101,ID002,3040A-3043A-3053A-3055A-9999A-9999E,ID010,301015262,""
19,2755.75,1,310724,1052513707,101,ID002,3040A-3043A-3053A-3055A-9999A-9999E,ID010,301015334,""
19,2755.75,1,310724,1052513707,101,ID002,3040A-3043A-3053A-3055A-9999A-9999E,ID010,301015335,""
19,2755.75,1,310724,1052513707,101,ID002,3040A-3043A-3053A-3055A-9999A-9999E,ID010,301015336,""
19,2755.75,1,310724,1052513707,101,ID002,3040A-3043A-3053A-3055A-9999A-9999E,ID010,301015337,""
19,2755.75,1,310724,1052513707,101,ID002,3040A-3043A-3053A-3055A-9999A-9999E,ID010,301015338,""
19,2755.75,1,310724,1052513707,101,ID002,3040A-3043A-3053A-3055A-9999A-9999E,ID010,301015339,""
19,2755.75,1,310724,1052513707,101,ID002,3040A-3043A-3053A-3055A-9999A-9999E,ID010,301015340,""
19,2755.75,1,310724,1052513707,101,ID002,3040A-3043A-3053A-3055A-9999A-9999E,ID010,301015341,""
19,2755.75,1,310724,1052513708,101,ID002,3040A-3043A-3053A-3055A-9999A-9999E,ID010,301015476,""
19,2755.75,1,310724,1052513708,101,ID002,3040A-3043A-3053A-3055A-9999A-9999E,ID010,301015477,""
19,2755.75,1,310724,1052513708,101,ID002,3040A-3043A-3053A-3055A-9999A-9999E,ID010,301015478,""
19,2755.75,1,310724,1052513708,101,ID002,3040A-3043A-3053A-3055A-9999A-9999E,ID010,301015479,""
19,2755.75,1,310724,1052513708,101,ID002,3040A-3043A-3053A-3055A-9999A-9999E,ID010,301015480,""
19,2755.75,1,310724,1052513708,101,ID002,3040A-3043A-3053A-3055A-9999A-9999E,ID010,301015481,""
19,2755.75,1,310724,1052513708,101,ID002,3040A-3043A-3053A-3055A-9999A-9999E,ID010,301015482,""
19,2755.75,1,310724,1052513708,101,ID002,3040A-3043A-3053A-3055A-9999A-9999E,ID010,301015483,""
19,2755.75,1,310724,1052513709,101,ID002,3040A-3043A-3053A-3055A-9999A-9999E,ID002,301015549,""
19,2755.75,1,310724,1052513709,101,ID002,3040A-3043A-3053A-3055A-9999A-9999E,ID002,301015553,""
19,2755.75,1,310724,1052513709,101,ID002,3040A-3043A-3053A-3055A-9999A-9999E,ID002,301015556,""
19,2755.75,1,310724,1052513709,101,ID002,3040A-3043A-3053A-3055A-9999A-9999E,ID010,301015548,""
19,2755.75,1,310724,1052513709,101,ID002,3040A-3043A-3053A-3055A-9999A-9999E,ID010,301015551,""
19,2755.75,1,310724,1052513709,101,ID002,3040A-3043A-3053A-3055A-9999A-9999E,ID010,301015552,""
19,2755.75,1,310724,1052513709,101,ID002,3040A-3043A-3053A-3055A-9999A-9999E,ID010,301015554,""
19,2755.75,1,310724,1052513709,101,ID002,3040A-3043A-3053A-3055A-9999A-9999E,ID010,301015555,""
19,2755.75,1,310724,1052513710,101,ID002,3040A-3043A-3053A-3055A-9999A-9999E,ID010,301015584,""
19,2755.75,1,310724,1052513710,101,ID002,3040A-3043A-3053A-3055A-9999A-9999E,ID010,301015585,""
19,2755.75,1,310724,1052513710,101,ID002,3040A-3043A-3053A-3055A-9999A-9999E,ID010,301015586,""
19,2755.75,1,310724,1052513710,101,ID002,3040A-3043A-3053A-3055A-9999A-9999E,ID010,301015765,""
19,1818.795,1,310724,1052513710,101,ID002,3040A-3043A-3053A-3055A-9999A-9999E,ID010,301015766,""
19,2755.75,1,310726,1022513752,101,WA003,3005WGUM-3007DRYGUM-3007FO-3007S-3025S-3033A-3035A-9999A-9999C-9999CS-9999E,WA007,301016102,""
19,2755.75,1,310726,1022513752,101,WA003,3005WGUM-3007DRYGUM-3007FO-3007S-3025S-3033A-3035A-9999A-9999C-9999CS-9999E,WA007,301016103,""
19,2755.75,1,310726,1022513752,101,WA003,3005WGUM-3007DRYGUM-3007FO-3007S-3025S-3033A-3035A-9999A-9999C-9999CS-9999E,WA007,301016104,""
19,2755.75,1,310726,1022513752,101,WA003,3005WGUM-3007DRYGUM-3007FO-3007S-3025S-3033A-3035A-9999A-9999C-9999CS-9999E,WA007,301016105,""
19,2755.75,1,310726,1022513752,101,WA003,3005WGUM-3007DRYGUM-3007FO-3007S-3025S-3033A-3035A-9999A-9999C-9999CS-9999E,WA007,301016106,""
19,2755.75,1,310726,1022513752,101,WA003,3005WGUM-3007DRYGUM-3007FO-3007S-3025S-3033A-3035A-9999A-9999C-9999CS-9999E,WA007,301016107,""
19,2755.75,1,310726,1022513752,101,WA003,3005WGUM-3007DRYGUM-3007FO-3007S-3025S-3033A-3035A-9999A-9999C-9999CS-9999E,WA007,301016108,""
19,2755.75,1,310726,1022513752,101,WA003,3005WGUM-3007DRYGUM-3007FO-3007S-3025S-3033A-3035A-9999A-9999C-9999CS-9999E,WA007,301016109,""
19,2755.75,1,310726,1022513753,101,WA003,3005WGUM-3007DRYGUM-3007FO-3007S-3025S-3033A-3035A-9999A-9999C-9999CS-9999E,WA007,301016219,""
19,2755.75,1,310726,1022513753,101,WA003,3005WGUM-3007DRYGUM-3007FO-3007S-3025S-3033A-3035A-9999A-9999C-9999CS-9999E,WA007,301016220,""
19,2755.75,1,310726,1022513753,101,WA003,3005WGUM-3007DRYGUM-3007FO-3007S-3025S-3033A-3035A-9999A-9999C-9999CS-9999E,WA007,301016221,""
19,2755.75,1,310726,1022513753,101,WA003,3005WGUM-3007DRYGUM-3007FO-3007S-3025S-3033A-3035A-9999A-9999C-9999CS-9999E,WA007,301016222,""
19,2755.75,1,310726,1022513753,101,WA003,3005WGUM-3007DRYGUM-3007FO-3007S-3025S-3033A-3035A-9999A-9999C-9999CS-9999E,WA007,301016223,""
19,2755.75,1,310726,1022513753,101,WA003,3005WGUM-3007DRYGUM-3007FO-3007S-3025S-3033A-3035A-9999A-9999C-9999CS-9999E,WA007,301016224,""
19,2755.75,1,310726,1022513753,101,WA003,3005WGUM-3007DRYGUM-3007FO-3007S-3025S-3033A-3035A-9999A-9999C-9999CS-9999E,WA007,301016225,""
19,2755.75,1,310726,1022513753,101,WA003,3005WGUM-3007DRYGUM-3007FO-3007S-3025S-3033A-3035A-9999A-9999C-9999CS-9999E,WA007,301016226,""
19,2755.75,1,310726,1022513754,101,WA003,3005WGUM-3007DRYGUM-3007FO-3007S-3025S-3033A-3035A-9999A-9999C-9999CS-9999E,WA007,301016289,""
19,2755.75,1,310726,1022513754,101,WA003,3005WGUM-3007DRYGUM-3007FO-3007S-3025S-3033A-3035A-9999A-9999C-9999CS-9999E,WA007,301016290,""
19,2755.75,1,310726,1022513754,101,WA003,3005WGUM-3007DRYGUM-3007FO-3007S-3025S-3033A-3035A-9999A-9999C-9999CS-9999E,WA007,301016292,""
19,2755.75,1,310726,1022513754,101,WA003,3005WGUM-3007DRYGUM-3007FO-3007S-3025S-3033A-3035A-9999A-9999C-9999CS-9999E,WA007,301016293,""
19,2755.75,1,310726,1022513754,101,WA003,3005WGUM-3007DRYGUM-3007FO-3007S-3025S-3033A-3035A-9999A-9999C-9999CS-9999E,WA007,301016294,""
19,2755.75,1,310726,1022513754,101,WA003,3005WGUM-3007DRYGUM-3007FO-3007S-3025S-3033A-3035A-9999A-9999C-9999CS-9999E,WA007,301016295,""
19,2755.75,1,310726,1022513754,101,WA003,3005WGUM-3007DRYGUM-3007FO-3007S-3025S-3033A-3035A-9999A-9999C-9999CS-9999E,WA007,301016296,""
19,2755.75,1,310726,1022513754,101,WA003,3005WGUM-3007DRYGUM-3007FO-3007S-3025S-3033A-3035A-9999A-9999C-9999CS-9999E,WA007,301016297,""
19,2755.75,1,310726,1022513755,101,WA003,3005WGUM-3007DRYGUM-3007FO-3007S-3025S-3033A-3035A-9999A-9999C-9999CS-9999E,WA007,301016345,""
19,2755.75,1,310726,1022513755,101,WA003,3005WGUM-3007DRYGUM-3007FO-3007S-3025S-3033A-3035A-9999A-9999C-9999CS-9999E,WA007,301016346,""
19,2755.75,1,310726,1022513755,101,WA003,3005WGUM-3007DRYGUM-3007FO-3007S-3025S-3033A-3035A-9999A-9999C-9999CS-9999E,WA007,301016347,""
19,2755.75,1,310726,1022513755,101,WA003,3005WGUM-3007DRYGUM-3007FO-3007S-3025S-3033A-3035A-9999A-9999C-9999CS-9999E,WA007,301016348,""
19,2755.75,1,310726,1022513755,101,WA003,3005WGUM-3007DRYGUM-3007FO-3007S-3025S-3033A-3035A-9999A-9999C-9999CS-9999E,WA007,301016349,""
19,2755.75,1,310726,1022513755,101,WA003,3005WGUM-3007DRYGUM-3007FO-3007S-3025S-3033A-3035A-9999A-9999C-9999CS-9999E,WA007,301016350,""
19,2755.75,1,310726,1022513755,101,WA003,3005WGUM-3007DRYGUM-3007FO-3007S-3025S-3033A-3035A-9999A-9999C-9999CS-9999E,WA007,301016351,""
19,2755.75,1,310726,1022513755,101,WA003,3005WGUM-3007DRYGUM-3007FO-3007S-3025S-3033A-3035A-9999A-9999C-9999CS-9999E,WA007,301016352,""
19,2755.75,1,310726,1022513756,101,WA003,3005WGUM-3007DRYGUM-3007FO-3007S-3025S-3033A-3035A-9999A-9999C-9999CS-9999E,WA007,301016447,""
19,2755.75,1,310726,1022513756,101,WA003,3005WGUM-3007DRYGUM-3007FO-3007S-3025S-3033A-3035A-9999A-9999C-9999CS-9999E,WA007,301016448,""
19,2755.75,1,310726,1022513756,101,WA003,3005WGUM-3007DRYGUM-3007FO-3007S-3025S-3033A-3035A-9999A-9999C-9999CS-9999E,WA007,301016449,""
19,2755.75,1,310726,1022513756,101,WA003,3005WGUM-3007DRYGUM-3007FO-3007S-3025S-3033A-3035A-9999A-9999C-9999CS-9999E,WA007,301016451,""
19,2755.75,1,310726,1022513756,101,WA003,3005WGUM-3007DRYGUM-3007FO-3007S-3025S-3033A-3035A-9999A-9999C-9999CS-9999E,WA007,301016452,""
19,2755.75,1,310726,1022513756,101,WA003,3005WGUM-3007DRYGUM-3007FO-3007S-3025S-3033A-3035A-9999A-9999C-9999CS-9999E,WA007,301016453,""
19,2755.75,1,310726,1022513756,101,WA003,3005WGUM-3007DRYGUM-3007FO-3007S-3025S-3033A-3035A-9999A-9999C-9999CS-9999E,WA007,301016457,""
19,2755.75,1,310726,1022513756,101,WA003,3005WGUM-3007DRYGUM-3007FO-3007S-3025S-3033A-3035A-9999A-9999C-9999CS-9999E,WA007,301016458,""
19,2755.75,1,310726,1022513757,101,WA003,3005WGUM-3007DRYGUM-3007FO-3007S-3025S-3033A-3035A-9999A-9999C-9999CS-9999E,WA007,301016536,""
19,2755.75,1,310726,1022513757,101,WA003,3005WGUM-3007DRYGUM-3007FO-3007S-3025S-3033A-3035A-9999A-9999C-9999CS-9999E,WA007,301016585,""
19,2755.75,1,310726,1022513757,101,WA003,3005WGUM-3007DRYGUM-3007FO-3007S-3025S-3033A-3035A-9999A-9999C-9999CS-9999E,WA007,301016586,""
19,2755.75,1,310726,1022513757,101,WA003,3005WGUM-3007DRYGUM-3007FO-3007S-3025S-3033A-3035A-9999A-9999C-9999CS-9999E,WA007,301016587,""
19,2755.75,1,310726,1022513757,101,WA003,3005WGUM-3007DRYGUM-3007FO-3007S-3025S-3033A-3035A-9999A-9999C-9999CS-9999E,WA007,301016588,""
19,2755.75,1,310726,1022513757,101,WA003,3005WGUM-3007DRYGUM-3007FO-3007S-3025S-3033A-3035A-9999A-9999C-9999CS-9999E,WA007,301016593,""
19,2755.75,1,310726,1022513757,101,WA003,3005WGUM-3007DRYGUM-3007FO-3007S-3025S-3033A-3035A-9999A-9999C-9999CS-9999E,WA007,301016609,""
19,2755.75,1,310726,1022513757,101,WA003,3005WGUM-3007DRYGUM-3007FO-3007S-3025S-3033A-3035A-9999A-9999C-9999CS-9999E,WA007,301016714,""
19,2755.75,1,310726,1022513758,101,WA003,3005WGUM-3007DRYGUM-3007FO-3007S-3025S-3033A-3035A-9999A-9999C-9999CS-9999E,WA007,301016719,""
19,2755.75,1,310726,1022513758,101,WA003,3005WGUM-3007DRYGUM-3007FO-3007S-3025S-3033A-3035A-9999A-9999C-9999CS-9999E,WA007,301016720,""
19,2755.75,1,310726,1022513758,101,WA003,3005WGUM-3007DRYGUM-3007FO-3007S-3025S-3033A-3035A-9999A-9999C-9999CS-9999E,WA007,301016721,""
19,2755.75,1,310726,1022513758,101,WA003,3005WGUM-3007DRYGUM-3007FO-3007S-3025S-3033A-3035A-9999A-9999C-9999CS-9999E,WA007,301016722,""
19,2755.75,1,310726,1022513758,101,WA003,3005WGUM-3007DRYGUM-3007FO-3007S-3025S-3033A-3035A-9999A-9999C-9999CS-9999E,WA007,301016746,""
19,2755.75,1,310726,1022513758,101,WA003,3005WGUM-3007DRYGUM-3007FO-3007S-3025S-3033A-3035A-9999A-9999C-9999CS-9999E,WA007,301016747,""
19,2755.75,1,310726,1022513758,101,WA003,3005WGUM-3007DRYGUM-3007FO-3007S-3025S-3033A-3035A-9999A-9999C-9999CS-9999E,WA007,301016748,""
19,2755.75,1,310726,1022513758,101,WA003,3005WGUM-3007DRYGUM-3007FO-3007S-3025S-3033A-3035A-9999A-9999C-9999CS-9999E,WA007,301016749,""
19,2755.75,1,310726,1022513759,101,WA003,3005WGUM-3007DRYGUM-3007FO-3007S-3025S-3033A-3035A-9999A-9999C-9999CS-9999E,WA007,301016758,""
19,2755.75,1,310726,1022513759,101,WA003,3005WGUM-3007DRYGUM-3007FO-3007S-3025S-3033A-3035A-9999A-9999C-9999CS-9999E,WA007,301016759,""
19,2755.75,1,310726,1022513759,101,WA003,3005WGUM-3007DRYGUM-3007FO-3007S-3025S-3033A-3035A-9999A-9999C-9999CS-9999E,WA007,301016760,""
19,2755.75,1,310726,1022513759,101,WA003,3005WGUM-3007DRYGUM-3007FO-3007S-3025S-3033A-3035A-9999A-9999C-9999CS-9999E,WA007,301016772,""
19,2755.75,1,310726,1022513759,101,WA003,3005WGUM-3007DRYGUM-3007FO-3007S-3025S-3033A-3035A-9999A-9999C-9999CS-9999E,WA007,301016790,""
19,2755.75,1,310726,1022513759,101,WA003,3005WGUM-3007DRYGUM-3007FO-3007S-3025S-3033A-3035A-9999A-9999C-9999CS-9999E,WA007,301016791,""
19,2755.75,1,310726,1022513759,101,WA003,3005WGUM-3007DRYGUM-3007FO-3007S-3025S-3033A-3035A-9999A-9999C-9999CS-9999E,WA007,301016793,""
19,2755.75,1,310726,1022513759,101,WA003,3005WGUM-3007DRYGUM-3007FO-3007S-3025S-3033A-3035A-9999A-9999C-9999CS-9999E,WA007,301016794,""
19,2755.75,1,310726,1022513760,101,WA003,3005WGUM-3007DRYGUM-3007FO-3007S-3025S-3033A-3035A-9999A-9999C-9999CS-9999E,WA007,301016810,""
19,2755.75,1,310726,1022513760,101,WA003,3005WGUM-3007DRYGUM-3007FO-3007S-3025S-3033A-3035A-9999A-9999C-9999CS-9999E,WA007,301016812,""
19,2755.75,1,310726,1022513760,101,WA003,3005WGUM-3007DRYGUM-3007FO-3007S-3025S-3033A-3035A-9999A-9999C-9999CS-9999E,WA007,301016813,""
19,2755.75,1,310726,1022513760,101,WA003,3005WGUM-3007DRYGUM-3007FO-3007S-3025S-3033A-3035A-9999A-9999C-9999CS-9999E,WA007,301016817,""
19,2755.75,1,310726,1022513760,101,WA003,3005WGUM-3007DRYGUM-3007FO-3007S-3025S-3033A-3035A-9999A-9999C-9999CS-9999E,WA007,301016856,""
19,2755.75,1,310726,1022513760,101,WA003,3005WGUM-3007DRYGUM-3007FO-3007S-3025S-3033A-3035A-9999A-9999C-9999CS-9999E,WA007,301016857,""
19,2755.75,1,310726,1022513760,101,WA003,3005WGUM-3007DRYGUM-3007FO-3007S-3025S-3033A-3035A-9999A-9999C-9999CS-9999E,WA007,301016858,""
19,2755.75,1,310726,1022513760,101,WA003,3005WGUM-3007DRYGUM-3007FO-3007S-3025S-3033A-3035A-9999A-9999C-9999CS-9999E,WA007,301016859,""
19,2755.75,1,310726,1022513761,101,WA003,3005WGUM-3007DRYGUM-3007FO-3007S-3025S-3033A-3035A-9999A-9999C-9999CS-9999E,WA007,301016882,""
19,2755.75,1,310726,1022513761,101,WA003,3005WGUM-3007DRYGUM-3007FO-3007S-3025S-3033A-3035A-9999A-9999C-9999CS-9999E,WA007,301016883,""
19,2755.75,1,310726,1022513761,101,WA003,3005WGUM-3007DRYGUM-3007FO-3007S-3025S-3033A-3035A-9999A-9999C-9999CS-9999E,WA007,301016884,""
19,2755.75,1,310726,1022513761,101,WA003,3005WGUM-3007DRYGUM-3007FO-3007S-3025S-3033A-3035A-9999A-9999C-9999CS-9999E,WA007,301016885,""
19,2755.75,1,310726,1022513761,101,WA003,3005WGUM-3007DRYGUM-3007FO-3007S-3025S-3033A-3035A-9999A-9999C-9999CS-9999E,WA007,301016909,""
19,2755.75,1,310726,1022513761,101,WA003,3005WGUM-3007DRYGUM-3007FO-3007S-3025S-3033A-3035A-9999A-9999C-9999CS-9999E,WA007,301016910,""
19,2755.75,1,310726,1022513761,101,WA003,3005WGUM-3007DRYGUM-3007FO-3007S-3025S-3033A-3035A-9999A-9999C-9999CS-9999E,WA007,301016911,""
19,2755.75,1,310726,1022513761,101,WA003,3005WGUM-3007DRYGUM-3007FO-3007S-3025S-3033A-3035A-9999A-9999C-9999CS-9999E,WA007,301016912,""
19,2755.75,1,310726,1022513762,101,WA003,3025S-3033A-3035A-9999A-9999C-9999CS-9999E,WA007,301016925,233263-1-1-101
19,2755.75,1,310726,1022513762,101,WA003,3025S-3033A-3035A-9999A-9999C-9999CS-9999E,WA007,301016926,233263-1-1-101
19,2755.75,1,310726,1022513762,101,WA003,3025S-3033A-3035A-9999A-9999C-9999CS-9999E,WA007,301016933,232381-1-3-103
19,2755.75,1,310726,1022513762,101,WA003,3025S-3033A-3035A-9999A-9999C-9999CS-9999E,WA007,301016934,232381-1-3-103
19,2755.75,1,310726,1022513762,101,WA003,3025S-3033A-3035A-9999A-9999C-9999CS-9999E,WA007,301016950,232381-1-3-103
19,2755.75,1,310726,1022513762,101,WA003,3025S-3033A-3035A-9999A-9999C-9999CS-9999E,WA007,301016951,232381-1-3-103
19,2755.75,1,310726,1022513762,101,WA003,3025S-3033A-3035A-9999A-9999C-9999CS-9999E,WA007,301016952,232381-1-3-103
19,2755.75,1,310726,1022513762,101,WA003,3025S-3033A-3035A-9999A-9999C-9999CS-9999E,WA007,301016953,232381-1-3-103
19,2755.75,1,310726,1022513764,101,WA003,3005WGUM-3007DRYGUM-3007FO-3007S-3025S-3033A-3035A-9999A-9999C-9999CS-9999E,WA007,301017052,""
19,2755.75,1,310726,1022513764,101,WA003,3005WGUM-3007DRYGUM-3007FO-3007S-3025S-3033A-3035A-9999A-9999C-9999CS-9999E,WA007,301017053,""
19,2755.75,1,310726,1022513764,101,WA003,3005WGUM-3007DRYGUM-3007FO-3007S-3025S-3033A-3035A-9999A-9999C-9999CS-9999E,WA007,301017054,""
19,2755.75,1,310726,1022513764,101,WA003,3005WGUM-3007DRYGUM-3007FO-3007S-3025S-3033A-3035A-9999A-9999C-9999CS-9999E,WA007,301017056,""
19,2755.75,1,310726,1022513764,101,WA003,3005WGUM-3007DRYGUM-3007FO-3007S-3025S-3033A-3035A-9999A-9999C-9999CS-9999E,WA007,301017057,""
19,2755.75,1,310726,1022513764,101,WA003,3005WGUM-3007DRYGUM-3007FO-3007S-3025S-3033A-3035A-9999A-9999C-9999CS-9999E,WA007,301017058,""
19,2755.75,1,310726,1022513764,101,WA003,3005WGUM-3007DRYGUM-3007FO-3007S-3025S-3033A-3035A-9999A-9999C-9999CS-9999E,WA007,301017059,""
19,2755.75,1,310726,1022513764,101,WA003,3005WGUM-3007DRYGUM-3007FO-3007S-3025S-3033A-3035A-9999A-9999C-9999CS-9999E,WA007,301017061,""
20,2755.75,1,310724,1012513601,101,WA002,3040A-3043A-3045A-3053A-3055A-9999A-9999C-9999E,WA007,301014689,233232-1-1-105
20,2755.75,1,310724,1012513601,101,WA002,3040A-3043A-3045A-3053A-3055A-9999A-9999C-9999E,WA007,301014691,233232-1-1-105
20,2755.75,1,310724,1012513601,101,WA002,3040A-3043A-3045A-3053A-3055A-9999A-9999C-9999E,WA007,301014692,233232-1-1-105
20,2755.75,1,310724,1012513601,101,WA002,3040A-3043A-3045A-3053A-3055A-9999A-9999C-9999E,WA007,301014693,233232-1-1-105
20,2755.75,1,310724,1012513601,101,WA002,3040A-3043A-3045A-3053A-3055A-9999A-9999C-9999E,WA007,301014720,233232-1-1-105
20,2755.75,1,310724,1012513601,101,WA002,3040A-3043A-3045A-3053A-3055A-9999A-9999C-9999E,WA007,301014721,233232-1-1-105
20,2755.75,1,310724,1012513601,101,WA002,3040A-3043A-3045A-3053A-3055A-9999A-9999C-9999E,WA007,301014732,233232-1-1-105
20,2755.75,1,310724,1012513601,101,WA002,3040A-3043A-3045A-3053A-3055A-9999A-9999C-9999E,WA007,301014733,233232-1-1-105
20,2755.75,1,310724,1012513602,101,WA002,3040A-3041A-3043A-3045A-3053A-3055A-9999A-9999C-9999E,WA007,301014764,233229-1-1-101
20,2755.75,1,310724,1012513602,101,WA002,3040A-3041A-3043A-3045A-3053A-3055A-9999A-9999C-9999E,WA007,301014765,233229-1-1-101
20,2755.75,1,310724,1012513602,101,WA002,3040A-3041A-3043A-3045A-3053A-3055A-9999A-9999C-9999E,WA007,301014778,233229-1-1-101
20,2755.75,1,310724,1052513601,101,ID002,3040A-3043A-3053A-3055A-9999A-9999E,ID010,301013176,233509-1-1-114
20,2755.75,1,310724,1052513601,101,ID002,3040A-3043A-3053A-3055A-9999A-9999E,ID010,301013177,233509-1-1-114
20,2755.75,1,310724,1052513601,101,ID002,3040A-3043A-3053A-3055A-9999A-9999E,ID010,301013178,233509-1-1-114
20,2755.75,1,310724,1052513601,101,ID002,3040A-3043A-3053A-3055A-9999A-9999E,ID010,301013179,233509-1-1-115
20,2755.75,1,310724,1052513601,101,ID002,3040A-3043A-3053A-3055A-9999A-9999E,ID010,301013180,233509-1-1-115
20,2755.75,1,310724,1052513601,101,ID002,3040A-3043A-3053A-3055A-9999A-9999E,ID010,301013181,233509-1-1-115
20,2755.75,1,310724,1052513601,101,ID002,3040A-3043A-3053A-3055A-9999A-9999E,ID010,301013182,233509-1-1-115
20,2755.75,1,310724,1052513601,101,ID002,3040A-3043A-3053A-3055A-9999A-9999E,ID010,301013183,233509-1-1-115
20,2645.52,1,310724,1052513602,101,ID002,3040A-3043A-3053A-3055A-9999A-9999E,ID002,301013271,""
20,2755.75,1,310724,1052513602,101,ID002,3040A-3043A-3053A-3055A-9999A-9999E,ID010,301013264,233509-1-1-115
20,2755.75,1,310724,1052513602,101,ID002,3040A-3043A-3053A-3055A-9999A-9999E,ID010,301013265,233509-1-1-115
20,2755.75,1,310724,1052513602,101,ID002,3040A-3043A-3053A-3055A-9999A-9999E,ID010,301013266,233509-1-1-115
20,2755.75,1,310724,1052513602,101,ID002,3040A-3043A-3053A-3055A-9999A-9999E,ID010,301013267,233509-1-1-115
20,2755.75,1,310724,1052513602,101,ID002,3040A-3043A-3053A-3055A-9999A-9999E,ID010,301013268,233509-1-1-115
20,2755.75,1,310724,1052513602,101,ID002,3040A-3043A-3053A-3055A-9999A-9999E,ID010,301013269,233509-1-1-115
20,2755.75,1,310724,1052513602,101,ID002,3040A-3043A-3053A-3055A-9999A-9999E,ID010,301013270,233509-1-1-115
20,2755.75,1,310724,1052513603,101,ID002,3040A-3043A-3053A-3055A-9999A-9999E,ID010,301013292,233509-1-1-115
20,2755.75,1,310724,1052513603,101,ID002,3040A-3043A-3053A-3055A-9999A-9999E,ID010,301013297,233509-1-1-115
20,2755.75,1,310724,1052513603,101,ID002,3040A-3043A-3053A-3055A-9999A-9999E,ID010,301013299,233509-1-1-115
20,2755.75,1,310724,1052513603,101,ID002,3040A-3043A-3053A-3055A-9999A-9999E,ID010,301013300,233509-1-1-116
20,2755.75,1,310724,1052513603,101,ID002,3040A-3043A-3053A-3055A-9999A-9999E,ID010,301013301,233509-1-1-116
20,2755.75,1,310724,1052513603,101,ID002,3040A-3043A-3053A-3055A-9999A-9999E,ID010,301013303,233509-1-1-116
20,2755.75,1,310724,1052513603,101,ID002,3040A-3043A-3053A-3055A-9999A-9999E,ID010,301013304,233509-1-1-116
20,2755.75,1,310724,1052513603,101,ID002,3040A-3043A-3053A-3055A-9999A-9999E,ID010,301013305,233509-1-1-116
20,2755.75,1,310724,1052513604,101,ID002,3040A-3043A-3053A-3055A-9999A-9999E,ID010,301013514,233509-1-1-116
20,2755.75,1,310724,1052513604,101,ID002,3040A-3043A-3053A-3055A-9999A-9999E,ID010,301013571,233509-1-1-116
20,2755.75,1,310724,1052513604,101,ID002,3040A-3043A-3053A-3055A-9999A-9999E,ID010,301013635,233509-1-1-116
20,2755.75,1,310724,1052513604,101,ID002,3040A-3043A-3053A-3055A-9999A-9999E,ID010,301013636,233509-1-1-116
20,2755.75,1,310724,1052513604,101,ID002,3040A-3043A-3053A-3055A-9999A-9999E,ID010,301013637,233509-1-1-116
20,2755.75,1,310724,1052513604,101,ID002,3040A-3043A-3053A-3055A-9999A-9999E,ID010,301013638,233509-1-1-116
20,2755.75,1,310724,1052513604,101,ID002,3040A-3043A-3053A-3055A-9999A-9999E,ID010,301013639,233509-1-1-116
20,2755.75,1,310724,1052513604,101,ID002,3040A-3043A-3053A-3055A-9999A-9999E,ID010,301013640,233509-1-1-116
20,2755.75,1,310724,1052513605,101,ID002,3040A-3043A-3053A-3055A-9999A-9999E,ID010,301013667,233509-1-1-116
20,2755.75,1,310724,1052513605,101,ID002,3040A-3043A-3053A-3055A-9999A-9999E,ID010,301013670,233509-1-1-116
20,2755.75,1,310724,1052513605,101,ID002,3040A-3043A-3053A-3055A-9999A-9999E,ID010,301013671,233509-1-1-117
20,2755.75,1,310724,1052513605,101,ID002,3040A-3043A-3053A-3055A-9999A-9999E,ID010,301013672,233509-1-1-117
20,2755.75,1,310724,1052513605,101,ID002,3040A-3043A-3053A-3055A-9999A-9999E,ID010,301013693,233509-1-1-117
20,2755.75,1,310724,1052513605,101,ID002,3040A-3043A-3053A-3055A-9999A-9999E,ID010,301013694,233509-1-1-117
20,2755.75,1,310724,1052513605,101,ID002,3040A-3043A-3053A-3055A-9999A-9999E,ID010,301013703,233509-1-1-117
20,2755.75,1,310724,1052513605,101,ID002,3040A-3043A-3053A-3055A-9999A-9999E,ID010,301013704,233509-1-1-117
20,2755.75,1,310724,1052513606,101,ID002,3040A-3043A-3053A-3055A-9999A-9999E,ID010,301013733,233509-1-1-117
20,2755.75,1,310724,1052513606,101,ID002,3040A-3043A-3053A-3055A-9999A-9999E,ID010,301013734,233509-1-1-117
20,2755.75,1,310724,1052513606,101,ID002,3040A-3043A-3053A-3055A-9999A-9999E,ID010,301013745,233509-1-1-117
20,2755.75,1,310724,1052513606,101,ID002,3040A-3043A-3053A-3055A-9999A-9999E,ID010,301013746,233509-1-1-117
20,2755.75,1,310724,1052513606,101,ID002,3040A-3043A-3053A-3055A-9999A-9999E,ID010,301013794,233509-1-1-117
20,2755.75,1,310724,1052513606,101,ID002,3040A-3043A-3053A-3055A-9999A-9999E,ID010,301013795,233509-1-1-117
20,2755.75,1,310724,1052513606,101,ID002,3040A-3043A-3053A-3055A-9999A-9999E,ID010,301013796,233509-1-1-117
20,2755.75,1,310724,1052513606,101,ID002,3040A-3043A-3053A-3055A-9999A-9999E,ID010,301013797,233509-1-1-117
20,2755.75,1,310724,1052513607,101,ID002,3040A-3043A-3053A-3055A-9999A-9999E,ID010,301013802,233509-1-1-117
20,2755.75,1,310724,1052513607,101,ID002,3040A-3043A-3053A-3055A-9999A-9999E,ID010,301013803,233509-1-1-118
20,2755.75,1,310724,1052513607,101,ID002,3040A-3043A-3053A-3055A-9999A-9999E,ID010,301013865,233509-1-1-118
20,2755.75,1,310724,1052513607,101,ID002,3040A-3043A-3053A-3055A-9999A-9999E,ID010,301013866,233509-1-1-118
20,2755.75,1,310724,1052513607,101,ID002,3040A-3043A-3053A-3055A-9999A-9999E,ID010,301013867,233509-1-1-118
20,2755.75,1,310724,1052513607,101,ID002,3040A-3043A-3053A-3055A-9999A-9999E,ID010,301013868,233509-1-1-118
20,2755.75,1,310724,1052513607,101,ID002,3040A-3043A-3053A-3055A-9999A-9999E,ID010,301013870,233509-1-1-118
20,2755.75,1,310724,1052513607,101,ID002,3040A-3043A-3053A-3055A-9999A-9999E,ID010,301013872,233509-1-1-118
20,2755.75,1,310724,1052513608,101,ID002,3040A-3043A-3053A-3055A-9999A-9999E,ID010,301013883,233509-1-1-118
20,2755.75,1,310724,1052513608,101,ID002,3040A-3043A-3053A-3055A-9999A-9999E,ID010,301013884,233509-1-1-118
20,2755.75,1,310724,1052513608,101,ID002,3040A-3043A-3053A-3055A-9999A-9999E,ID010,301013953,233509-1-1-118
20,2755.75,1,310724,1052513608,101,ID002,3040A-3043A-3053A-3055A-9999A-9999E,ID010,301013956,233509-1-1-118
20,2755.75,1,310724,1052513608,101,ID002,3040A-3043A-3053A-3055A-9999A-9999E,ID010,301013969,233509-1-1-118
20,2755.75,1,310724,1052513608,101,ID002,3040A-3043A-3053A-3055A-9999A-9999E,ID010,301013970,233509-1-1-118
20,2755.75,1,310724,1052513608,101,ID002,3040A-3043A-3053A-3055A-9999A-9999E,ID010,301013971,233509-1-1-118
20,2755.75,1,310724,1052513608,101,ID002,3040A-3043A-3053A-3055A-9999A-9999E,ID010,301013972,233509-1-1-118
20,2755.75,1,310724,1052513609,101,ID002,3040A-3043A-3053A-3055A-9999A-9999E,ID010,301013987,233509-1-1-119
20,2755.75,1,310724,1052513609,101,ID002,3040A-3043A-3053A-3055A-9999A-9999E,ID010,301013990,233509-1-1-119
20,2755.75,1,310724,1052513609,101,ID002,3040A-3043A-3053A-3055A-9999A-9999E,ID010,301013994,233509-1-1-119
20,2755.75,1,310724,1052513609,101,ID002,3040A-3043A-3053A-3055A-9999A-9999E,ID010,301013995,233509-1-1-119
20,2755.75,1,310724,1052513609,101,ID002,3040A-3043A-3053A-3055A-9999A-9999E,ID010,301014034,233509-1-1-119
20,2755.75,1,310724,1052513609,101,ID002,3040A-3043A-3053A-3055A-9999A-9999E,ID010,301014036,233509-1-1-119
20,2755.75,1,310724,1052513609,101,ID002,3040A-3043A-3053A-3055A-9999A-9999E,ID010,301014039,233509-1-1-119
20,2755.75,1,310724,1052513609,101,ID002,3040A-3043A-3053A-3055A-9999A-9999E,ID010,301014040,233509-1-1-119
20,2700.635,1,310724,1052513610,101,ID002,3040A-3043A-3053A-3055A-9999A-9999E,ID002,301014150,""
20,2755.75,1,310724,1052513610,101,ID002,3040A-3043A-3053A-3055A-9999A-9999E,ID010,301014085,233509-1-1-119
20,2755.75,1,310724,1052513610,101,ID002,3040A-3043A-3053A-3055A-9999A-9999E,ID010,301014086,233509-1-1-119
20,2755.75,1,310724,1052513610,101,ID002,3040A-3043A-3053A-3055A-9999A-9999E,ID010,301014087,233509-1-1-119
20,2755.75,1,310724,1052513610,101,ID002,3040A-3043A-3053A-3055A-9999A-9999E,ID010,301014090,233509-1-1-119
20,2755.75,1,310724,1052513610,101,ID002,3040A-3043A-3053A-3055A-9999A-9999E,ID010,301014149,233509-1-1-119
20,2755.75,1,310724,1052513610,101,ID002,3040A-3043A-3053A-3055A-9999A-9999E,ID010,301014151,233509-1-1-119
20,2755.75,1,310724,1052513610,101,ID002,3040A-3043A-3053A-3055A-9999A-9999E,ID010,301014152,233509-1-1-119
20,2755.75,1,310724,1052513611,101,ID002,3040A-3043A-3053A-3055A-9999A-9999E,ID010,301014167,233509-1-1-120
20,2755.75,1,310724,1052513611,101,ID002,3040A-3043A-3053A-3055A-9999A-9999E,ID010,301014168,233509-1-1-120
20,2755.75,1,310724,1052513611,101,ID002,3040A-3043A-3053A-3055A-9999A-9999E,ID010,301014169,233509-1-1-120
20,2755.75,1,310724,1052513611,101,ID002,3040A-3043A-3053A-3055A-9999A-9999E,ID010,301014170,233509-1-1-120
20,2755.75,1,310724,1052513611,101,ID002,3040A-3043A-3053A-3055A-9999A-9999E,ID010,301014177,233509-1-1-120
20,2755.75,1,310724,1052513611,101,ID002,3040A-3043A-3053A-3055A-9999A-9999E,ID010,301014179,233509-1-1-120
20,2755.75,1,310724,1052513611,101,ID002,3040A-3043A-3053A-3055A-9999A-9999E,ID010,301014180,233509-1-1-120
20,2755.75,1,310724,1052513611,101,ID002,3040A-3043A-3053A-3055A-9999A-9999E,ID010,301014181,233509-1-1-120
20,2755.75,1,310724,1052513612,101,ID002,3040A-3043A-3053A-3055A-9999A-9999E,ID010,301014213,233509-1-1-120
20,2755.75,1,310724,1052513612,101,ID002,3040A-3043A-3053A-3055A-9999A-9999E,ID010,301014214,233509-1-1-120
20,2755.75,1,310724,1052513612,101,ID002,3040A-3043A-3053A-3055A-9999A-9999E,ID010,301014278,233509-1-1-120
20,2755.75,1,310724,1052513612,101,ID002,3040A-3043A-3053A-3055A-9999A-9999E,ID010,301014289,233509-1-1-120
20,2755.75,1,310724,1052513612,101,ID002,3040A-3043A-3053A-3055A-9999A-9999E,ID010,301014342,233509-1-1-120
20,2755.75,1,310724,1052513612,101,ID002,3040A-3043A-3053A-3055A-9999A-9999E,ID010,301014343,233509-1-1-120
20,2755.75,1,310724,1052513612,101,ID002,3040A-3043A-3053A-3055A-9999A-9999E,ID010,301014346,233509-1-1-120
20,2755.75,1,310724,1052513612,101,ID002,3040A-3043A-3053A-3055A-9999A-9999E,ID010,301014347,""
20,2755.75,1,310724,1052513613,101,ID002,3040A-3043A-3053A-3055A-9999A-9999E,ID010,301014374,""
20,2755.75,1,310724,1052513613,101,ID002,3040A-3043A-3053A-3055A-9999A-9999E,ID010,301014375,""
20,2755.75,1,310724,1052513613,101,ID002,3040A-3043A-3053A-3055A-9999A-9999E,ID010,301014376,""
20,2755.75,1,310724,1052513613,101,ID002,3040A-3043A-3053A-3055A-9999A-9999E,ID010,301014415,""
20,2755.75,1,310724,1052513613,101,ID002,3040A-3043A-3053A-3055A-9999A-9999E,ID010,301014417,""
20,2755.75,1,310724,1052513613,101,ID002,3040A-3043A-3053A-3055A-9999A-9999E,ID010,301018139,""
20,2755.75,1,310724,1052513613,101,ID002,3040A-3043A-3053A-3055A-9999A-9999E,ID010,301018140,""
20,2755.75,1,310724,1052513613,101,ID002,3040A-3043A-3053A-3055A-9999A-9999E,ID010,301018141,""
20,2755.75,1,310724,1052513614,101,ID002,3040A-3043A-3053A-3055A-9999A-9999E,ID010,301014440,""
20,2755.75,1,310724,1052513614,101,ID002,3040A-3043A-3053A-3055A-9999A-9999E,ID010,301014441,""
20,2755.75,1,310724,1052513614,101,ID002,3040A-3043A-3053A-3055A-9999A-9999E,ID010,301014443,""
20,2755.75,1,310724,1052513614,101,ID002,3040A-3043A-3053A-3055A-9999A-9999E,ID010,301014445,""
20,2755.75,1,310724,1052513614,101,ID002,3040A-3043A-3053A-3055A-9999A-9999E,ID010,301014475,""
20,2755.75,1,310724,1052513614,101,ID002,3040A-3043A-3053A-3055A-9999A-9999E,ID010,301014476,""
20,2755.75,1,310724,1052513614,101,ID002,3040A-3043A-3053A-3055A-9999A-9999E,ID010,301014477,""
20,2755.75,1,310724,1052513614,101,ID002,3040A-3043A-3053A-3055A-9999A-9999E,ID010,301014478,""
20,2755.75,1,310724,1052513615,101,ID002,3040A-3043A-3053A-3055A-9999A-9999E,ID010,301014534,""
20,2755.75,1,310724,1052513615,101,ID002,3040A-3043A-3053A-3055A-9999A-9999E,ID010,301014535,""
20,2755.75,1,310724,1052513615,101,ID002,3040A-3043A-3053A-3055A-9999A-9999E,ID010,301014536,""
20,2755.75,1,310724,1052513615,101,ID002,3040A-3043A-3053A-3055A-9999A-9999E,ID010,301014537,""
20,2755.75,1,310724,1052513615,101,ID002,3040A-3043A-3053A-3055A-9999A-9999E,ID010,301014550,""
20,2755.75,1,310724,1052513615,101,ID002,3040A-3043A-3053A-3055A-9999A-9999E,ID010,301014551,""
20,2755.75,1,310724,1052513615,101,ID002,3040A-3043A-3053A-3055A-9999A-9999E,ID010,301014552,""
20,2755.75,1,310724,1052513615,101,ID002,3040A-3043A-3053A-3055A-9999A-9999E,ID010,301014553,""
20,2755.75,1,310724,1052513616,101,ID002,3040A-3043A-3053A-3055A-9999A-9999E,ID010,301014570,""
20,2755.75,1,310724,1052513616,101,ID002,3040A-3043A-3053A-3055A-9999A-9999E,ID010,301014571,""
20,2755.75,1,310724,1052513616,101,ID002,3040A-3043A-3053A-3055A-9999A-9999E,ID010,301014572,""
20,2755.75,1,310724,1052513616,101,ID002,3040A-3043A-3053A-3055A-9999A-9999E,ID010,301014573,""
20,2755.75,1,310724,1052513616,101,ID002,3040A-3043A-3053A-3055A-9999A-9999E,ID010,301014605,""
20,2755.75,1,310724,1052513616,101,ID002,3040A-3043A-3053A-3055A-9999A-9999E,ID010,301014606,""
20,2755.75,1,310724,1052513616,101,ID002,3040A-3043A-3053A-3055A-9999A-9999E,ID010,301014607,""
20,2755.75,1,310724,1052513616,101,ID002,3040A-3043A-3053A-3055A-9999A-9999E,ID010,301014608,""
20,2755.75,1,310724,1052513617,101,ID002,3040A-3043A-3053A-3055A-9999A-9999E,ID010,301014639,""
20,2755.75,1,310724,1052513617,101,ID002,3040A-3043A-3053A-3055A-9999A-9999E,ID010,301014640,""
20,2755.75,1,310724,1052513617,101,ID002,3040A-3043A-3053A-3055A-9999A-9999E,ID010,301014676,""
20,2755.75,1,310724,1052513617,101,ID002,3040A-3043A-3053A-3055A-9999A-9999E,ID010,301014677,""
20,2755.75,1,310724,1052513617,101,ID002,3040A-3043A-3053A-3055A-9999A-9999E,ID010,301018143,""
20,2755.75,1,310724,1052513617,101,ID002,3040A-3043A-3053A-3055A-9999A-9999E,ID010,301018144,""
20,2755.75,1,310724,1052513617,101,ID002,3040A-3043A-3053A-3055A-9999A-9999E,ID010,301018145,""
20,2755.75,1,310724,1052513617,101,ID002,3040A-3043A-3053A-3055A-9999A-9999E,ID010,301018146,""
20,2755.75,1,310726,1012513601,101,WA002,9999A-9999C-9999E,WA007,301013173,""
20,2755.75,1,310726,1012513601,101,WA002,9999A-9999C-9999E,WA007,301013174,""
20,2755.75,1,310726,1012513601,101,WA002,9999A-9999C-9999E,WA007,301013175,""
20,2755.75,1,310726,1012513601,101,WA002,9999A-9999C-9999E,WA007,301013253,""
20,2755.75,1,310726,1012513601,101,WA002,9999A-9999C-9999E,WA007,301013254,""
20,2755.75,1,310726,1012513601,101,WA002,9999A-9999C-9999E,WA007,301013255,""
20,2755.75,1,310726,1012513601,101,WA002,9999A-9999C-9999E,WA007,301013272,""
20,2755.75,1,310726,1012513601,101,WA002,9999A-9999C-9999E,WA007,301013273,""
20,2755.75,1,310726,1012513602,101,WA002,9999A-9999C-9999CS-9999E,WA007,301013306,""
20,2755.75,1,310726,1012513602,101,WA002,9999A-9999C-9999CS-9999E,WA007,301013307,""
20,2755.75,1,310726,1012513602,101,WA002,9999A-9999C-9999CS-9999E,WA007,301013308,""
20,2755.75,1,310726,1012513602,101,WA002,9999A-9999C-9999CS-9999E,WA007,301013309,""
20,2755.75,1,310726,1012513602,101,WA002,9999A-9999C-9999CS-9999E,WA007,301013312,""
20,2755.75,1,310726,1012513602,101,WA002,9999A-9999C-9999CS-9999E,WA007,301013313,""
20,2755.75,1,310726,1012513602,101,WA002,9999A-9999C-9999CS-9999E,WA007,301013314,""
20,2755.75,1,310726,1012513602,101,WA002,9999A-9999C-9999CS-9999E,WA007,301013315,""
20,2755.75,1,310726,1012513603,101,WA002,9999A-9999E,WA007,301013333,""
20,2755.75,1,310726,1012513603,101,WA002,9999A-9999E,WA007,301013334,""
20,2755.75,1,310726,1012513603,101,WA002,9999A-9999E,WA007,301013335,""
20,2755.75,1,310726,1012513603,101,WA002,9999A-9999E,WA007,301013336,""
20,2755.75,1,310726,1012513603,101,WA002,9999A-9999E,WA007,301013357,""
20,2755.75,1,310726,1012513603,101,WA002,9999A-9999E,WA007,301013359,""
20,2755.75,1,310726,1012513603,101,WA002,9999A-9999E,WA007,301013365,""
20,2755.75,1,310726,1012513603,101,WA002,9999A-9999E,WA007,301013366,""
20,2755.75,1,310726,1012513604,101,WA002,9999A-9999E,WA007,301013400,""
20,2755.75,1,310726,1012513604,101,WA002,9999A-9999E,WA007,301013502,""
20,2755.75,1,310726,1012513604,101,WA002,9999A-9999E,WA007,301013504,""
20,2755.75,1,310726,1012513604,101,WA002,9999A-9999E,WA007,301013505,""
20,2755.75,1,310726,1012513604,101,WA002,9999A-9999E,WA007,301013506,""
20,2755.75,1,310726,1012513604,101,WA002,9999A-9999E,WA007,301013507,""
20,2755.75,1,310726,1012513604,101,WA002,9999A-9999E,WA007,301013508,""
20,2755.75,1,310726,1012513604,101,WA002,9999A-9999E,WA007,301013509,""
20,2755.75,1,310726,1012513605,101,WA002,3035A-9999A-9999E,WA007,301013595,232663-1-1-101
20,2755.75,1,310726,1012513605,101,WA002,3035A-9999A-9999E,WA007,301013596,232663-1-1-101
20,2755.75,1,310726,1012513605,101,WA002,3035A-9999A-9999E,WA007,301013597,232663-1-1-101
20,2755.75,1,310726,1012513605,101,WA002,3035A-9999A-9999E,WA007,301013598,232663-1-1-101
20,2755.75,1,310726,1012513605,101,WA002,3035A-9999A-9999E,WA007,301013599,232663-1-1-101
20,2755.75,1,310726,1012513605,101,WA002,3035A-9999A-9999E,WA007,301013600,232663-1-1-101
20,2755.75,1,310726,1012513605,101,WA002,3035A-9999A-9999E,WA007,301013601,232663-1-1-101
20,2755.75,1,310726,1012513605,101,WA002,3035A-9999A-9999E,WA007,301013602,232663-1-1-101
20,2755.75,1,310726,1012513606,101,WA002,3035A-9999A-9999E,WA007,301013654,232663-1-1-101
20,2755.75,1,310726,1012513606,101,WA002,3035A-9999A-9999E,WA007,301013655,232663-1-1-101
20,2755.75,1,310726,1012513606,101,WA002,3035A-9999A-9999E,WA007,301013656,232663-1-1-101
20,2755.75,1,310726,1012513606,101,WA002,3035A-9999A-9999E,WA007,301013657,232663-1-1-101
20,2755.75,1,310726,1012513606,101,WA002,3035A-9999A-9999E,WA007,301013705,232663-1-1-101
20,2755.75,1,310726,1012513606,101,WA002,3035A-9999A-9999E,WA007,301013706,232663-1-1-101
20,2755.75,1,310726,1012513606,101,WA002,3035A-9999A-9999E,WA007,301013707,232663-1-1-101
20,2755.75,1,310726,1012513606,101,WA002,3035A-9999A-9999E,WA007,301013708,232663-1-1-101
20,2755.75,1,310726,1012513607,101,WA002,3035A-9999A-9999E,WA007,301013715,232663-1-1-101
20,2755.75,1,310726,1012513607,101,WA002,3035A-9999A-9999E,WA007,301013716,232663-1-1-101
20,2755.75,1,310726,1012513607,101,WA002,3035A-9999A-9999E,WA007,301013725,232663-1-1-101
20,2755.75,1,310726,1012513607,101,WA002,3035A-9999A-9999E,WA007,301013731,232663-1-1-101
20,2755.75,1,310726,1012513607,101,WA002,3035A-9999A-9999E,WA007,301013780,232663-1-1-101
20,2755.75,1,310726,1012513607,101,WA002,3035A-9999A-9999E,WA007,301013781,232663-1-1-101
20,2755.75,1,310726,1012513607,101,WA002,3035A-9999A-9999E,WA007,301013782,232663-1-1-101
20,2755.75,1,310726,1012513607,101,WA002,3035A-9999A-9999E,WA007,301013783,232663-1-1-101
20,2755.75,1,310726,1012513608,101,WA002,3035A-9999A-9999C-9999E,WA007,301013784,232663-1-1-101
20,2755.75,1,310726,1012513608,101,WA002,3035A-9999A-9999C-9999E,WA007,301013785,232663-1-1-101
20,2755.75,1,310726,1012513608,101,WA002,3035A-9999A-9999C-9999E,WA007,301013976,232663-1-1-101
20,2755.75,1,310726,1012513608,101,WA002,3035A-9999A-9999C-9999E,WA007,301013977,232663-1-1-101
20,2755.75,1,310726,1012513608,101,WA002,3035A-9999A-9999C-9999E,WA007,301013978,232663-1-1-101
20,2755.75,1,310726,1012513608,101,WA002,3035A-9999A-9999C-9999E,WA007,301013979,232663-1-1-101
20,2755.75,1,310726,1012513608,101,WA002,3035A-9999A-9999C-9999E,WA007,301013980,232663-1-1-101
20,2755.75,1,310726,1012513608,101,WA002,3035A-9999A-9999C-9999E,WA007,301013981,232663-1-1-101
20,2755.75,1,310726,1012513609,101,WA002,3035A-9999A-9999C-9999E,WA007,301013983,232663-1-1-101
20,2755.75,1,310726,1012513609,101,WA002,3035A-9999A-9999C-9999E,WA007,301014043,232664-1-1-101
20,2755.75,1,310726,1012513609,101,WA002,3035A-9999A-9999C-9999E,WA007,301014044,232664-1-1-101
20,2755.75,1,310726,1012513609,101,WA002,3035A-9999A-9999C-9999E,WA007,301014045,232664-1-1-101
20,2755.75,1,310726,1012513609,101,WA002,3035A-9999A-9999C-9999E,WA007,301014046,232664-1-1-101
20,2755.75,1,310726,1012513609,101,WA002,3035A-9999A-9999C-9999E,WA007,301014047,232664-1-1-101
20,2755.75,1,310726,1012513609,101,WA002,3035A-9999A-9999C-9999E,WA007,301014048,232664-1-1-101
20,2755.75,1,310726,1012513609,101,WA002,3035A-9999A-9999C-9999E,WA007,301014049,232664-1-1-101
20,2755.75,1,310726,1012513610,101,WA002,3035A-9999A-9999C-9999CS-9999E,WA007,301014158,232663-1-1-101
20,2755.75,1,310726,1012513610,101,WA002,3035A-9999A-9999C-9999CS-9999E,WA007,301014159,232663-1-1-101
20,2755.75,1,310726,1012513610,101,WA002,3035A-9999A-9999C-9999CS-9999E,WA007,301014160,232663-1-1-101
20,2755.75,1,310726,1012513610,101,WA002,3035A-9999A-9999C-9999CS-9999E,WA007,301014161,232663-1-1-101
20,2755.75,1,310726,1012513610,101,WA002,3035A-9999A-9999C-9999CS-9999E,WA007,301014183,232663-1-1-101
20,2755.75,1,310726,1012513610,101,WA002,3035A-9999A-9999C-9999CS-9999E,WA007,301014185,232663-1-1-101
20,2755.75,1,310726,1012513610,101,WA002,3035A-9999A-9999C-9999CS-9999E,WA007,301014186,232663-1-1-101
20,2755.75,1,310726,1012513610,101,WA002,3035A-9999A-9999C-9999CS-9999E,WA007,301014189,232663-1-1-101
20,2755.75,1,310726,1012513611,101,WA002,9999A-9999E,WA007,301014284,""
20,2755.75,1,310726,1012513611,101,WA002,9999A-9999E,WA007,301014285,""
20,2755.75,1,310726,1012513611,101,WA002,9999A-9999E,WA007,301014286,""
20,2755.75,1,310726,1012513611,101,WA002,9999A-9999E,WA007,301014287,""
20,2755.75,1,310726,1012513611,101,WA002,9999A-9999E,WA007,301014339,""
20,2755.75,1,310726,1012513611,101,WA002,9999A-9999E,WA007,301014340,""
20,2755.75,1,310726,1012513611,101,WA002,9999A-9999E,WA007,301014341,""
20,2755.75,1,310726,1012513611,101,WA002,9999A-9999E,WA007,301014371,""
20,2755.75,1,310726,1012513612,101,WA002,3035A-9999A-9999C-9999E,WA007,301014391,232663-1-1-101
20,2755.75,1,310726,1012513612,101,WA002,3035A-9999A-9999C-9999E,WA007,301014392,232663-1-1-101
20,2755.75,1,310726,1012513612,101,WA002,3035A-9999A-9999C-9999E,WA007,301014393,232663-1-1-101
20,2755.75,1,310726,1012513612,101,WA002,3035A-9999A-9999C-9999E,WA007,301014394,232663-1-1-101
20,2755.75,1,310726,1012513612,101,WA002,3035A-9999A-9999C-9999E,WA007,301014395,232664-1-1-101
20,2755.75,1,310726,1012513612,101,WA002,3035A-9999A-9999C-9999E,WA007,301014396,232664-1-1-101
20,2755.75,1,310726,1012513612,101,WA002,3035A-9999A-9999C-9999E,WA007,301014430,232664-1-1-101
20,2755.75,1,310726,1012513612,101,WA002,3035A-9999A-9999C-9999E,WA007,301014431,232664-1-1-101
20,2755.75,1,310726,1012513613,101,WA002,9999A-9999E,WA007,301014438,""
20,2755.75,1,310726,1012513613,101,WA002,9999A-9999E,WA007,301014439,""
20,2755.75,1,310726,1012513613,101,WA002,9999A-9999E,WA007,301014446,""
20,2755.75,1,310726,1012513613,101,WA002,9999A-9999E,WA007,301014447,""
20,2755.75,1,310726,1012513613,101,WA002,9999A-9999E,WA007,301014448,""
20,2755.75,1,310726,1012513613,101,WA002,9999A-9999E,WA007,301014451,""
20,2755.75,1,310726,1012513613,101,WA002,9999A-9999E,WA007,301014524,""
20,2755.75,1,310726,1012513613,101,WA002,9999A-9999E,WA007,301014525,""
20,2755.75,1,310726,1012513614,101,WA002,9999A-9999E,WA007,301014526,""
20,2755.75,1,310726,1012513614,101,WA002,9999A-9999E,WA007,301014527,""
20,2755.75,1,310726,1012513614,101,WA002,9999A-9999E,WA007,301014528,""
20,2755.75,1,310726,1012513614,101,WA002,9999A-9999E,WA007,301014529,""
20,2755.75,1,310726,1012513614,101,WA002,9999A-9999E,WA007,301014574,""
20,2755.75,1,310726,1012513614,101,WA002,9999A-9999E,WA007,301014575,""
20,2755.75,1,310726,1012513614,101,WA002,9999A-9999E,WA007,301014617,""
20,2755.75,1,310726,1012513614,101,WA002,9999A-9999E,WA007,301014618,""
20,2700.635,1,310726,1012513615,101,WA002,3035A-9999A-9999E,WA007,301014638,232664-1-1-101
20,2755.75,1,310726,1022513652,101,WA003,3002A-3005WGUM-3007DRYGUM-3007FO-3007S-3015A-3025S-3033A-3035A-9999A-9999C-9999CS-9999E,WA007,301014538,""
20,2755.75,1,310726,1022513652,101,WA003,3002A-3005WGUM-3007DRYGUM-3007FO-3007S-3015A-3025S-3033A-3035A-9999A-9999C-9999CS-9999E,WA007,301014539,""
20,2755.75,1,310726,1022513652,101,WA003,3002A-3005WGUM-3007DRYGUM-3007FO-3007S-3015A-3025S-3033A-3035A-9999A-9999C-9999CS-9999E,WA007,301014540,""
20,2755.75,1,310726,1022513652,101,WA003,3002A-3005WGUM-3007DRYGUM-3007FO-3007S-3015A-3025S-3033A-3035A-9999A-9999C-9999CS-9999E,WA007,301014541,""
20,2755.75,1,310726,1022513652,101,WA003,3002A-3005WGUM-3007DRYGUM-3007FO-3007S-3015A-3025S-3033A-3035A-9999A-9999C-9999CS-9999E,WA007,301014542,""
20,2755.75,1,310726,1022513652,101,WA003,3002A-3005WGUM-3007DRYGUM-3007FO-3007S-3015A-3025S-3033A-3035A-9999A-9999C-9999CS-9999E,WA007,301014543,""
20,2755.75,1,310726,1022513652,101,WA003,3002A-3005WGUM-3007DRYGUM-3007FO-3007S-3015A-3025S-3033A-3035A-9999A-9999C-9999CS-9999E,WA007,301014544,""
20,2755.75,1,310726,1022513652,101,WA003,3002A-3005WGUM-3007DRYGUM-3007FO-3007S-3015A-3025S-3033A-3035A-9999A-9999C-9999CS-9999E,WA007,301014546,""
20,2755.75,1,310726,1022513653,101,WA003,3002A-3005WGUM-3007DRYGUM-3007FO-3007S-3015A-3025S-3033A-3035A-9999A-9999C-9999CS-9999E,WA007,301014723,""
20,2755.75,1,310726,1022513653,101,WA003,3002A-3005WGUM-3007DRYGUM-3007FO-3007S-3015A-3025S-3033A-3035A-9999A-9999C-9999CS-9999E,WA007,301014724,""
20,2755.75,1,310726,1022513653,101,WA003,3002A-3005WGUM-3007DRYGUM-3007FO-3007S-3015A-3025S-3033A-3035A-9999A-9999C-9999CS-9999E,WA007,301014725,""
20,2755.75,1,310726,1022513653,101,WA003,3002A-3005WGUM-3007DRYGUM-3007FO-3007S-3015A-3025S-3033A-3035A-9999A-9999C-9999CS-9999E,WA007,301014726,""
20,2755.75,1,310726,1022513653,101,WA003,3002A-3005WGUM-3007DRYGUM-3007FO-3007S-3015A-3025S-3033A-3035A-9999A-9999C-9999CS-9999E,WA007,301014727,""
20,2755.75,1,310726,1022513653,101,WA003,3002A-3005WGUM-3007DRYGUM-3007FO-3007S-3015A-3025S-3033A-3035A-9999A-9999C-9999CS-9999E,WA007,301014728,""
20,2755.75,1,310726,1022513653,101,WA003,3002A-3005WGUM-3007DRYGUM-3007FO-3007S-3015A-3025S-3033A-3035A-9999A-9999C-9999CS-9999E,WA007,301014729,""
20,2755.75,1,310726,1022513653,101,WA003,3002A-3005WGUM-3007DRYGUM-3007FO-3007S-3015A-3025S-3033A-3035A-9999A-9999C-9999CS-9999E,WA007,301014730,""
20,2755.75,1,310726,1022513654,101,WA003,3002A-3005WGUM-3007DRYGUM-3007FO-3007S-3015A-3025S-3033A-3035A-9999A-9999C-9999CS-9999E,WA007,301014802,""
20,2755.75,1,310726,1022513654,101,WA003,3002A-3005WGUM-3007DRYGUM-3007FO-3007S-3015A-3025S-3033A-3035A-9999A-9999C-9999CS-9999E,WA007,301014803,""
20,2755.75,1,310726,1022513654,101,WA003,3002A-3005WGUM-3007DRYGUM-3007FO-3007S-3015A-3025S-3033A-3035A-9999A-9999C-9999CS-9999E,WA007,301014804,""
20,2755.75,1,310726,1022513654,101,WA003,3002A-3005WGUM-3007DRYGUM-3007FO-3007S-3015A-3025S-3033A-3035A-9999A-9999C-9999CS-9999E,WA007,301014805,""
20,2755.75,1,310726,1022513654,101,WA003,3002A-3005WGUM-3007DRYGUM-3007FO-3007S-3015A-3025S-3033A-3035A-9999A-9999C-9999CS-9999E,WA007,301014806,""
20,2755.75,1,310726,1022513654,101,WA003,3002A-3005WGUM-3007DRYGUM-3007FO-3007S-3015A-3025S-3033A-3035A-9999A-9999C-9999CS-9999E,WA007,301014807,""
20,2755.75,1,310726,1022513654,101,WA003,3002A-3005WGUM-3007DRYGUM-3007FO-3007S-3015A-3025S-3033A-3035A-9999A-9999C-9999CS-9999E,WA007,301014808,""
20,2755.75,1,310726,1022513654,101,WA003,3002A-3005WGUM-3007DRYGUM-3007FO-3007S-3015A-3025S-3033A-3035A-9999A-9999C-9999CS-9999E,WA007,301014809,""
20,2755.75,1,310726,1022513655,101,WA003,3002A-3005WGUM-3007DRYGUM-3007FO-3007S-3015A-3025S-3033A-3035A-9999A-9999C-9999CS-9999E,WA007,301014965,""
20,2755.75,1,310726,1022513655,101,WA003,3002A-3005WGUM-3007DRYGUM-3007FO-3007S-3015A-3025S-3033A-3035A-9999A-9999C-9999CS-9999E,WA007,301014966,""
20,2755.75,1,310726,1022513655,101,WA003,3002A-3005WGUM-3007DRYGUM-3007FO-3007S-3015A-3025S-3033A-3035A-9999A-9999C-9999CS-9999E,WA007,301014967,""
20,2755.75,1,310726,1022513655,101,WA003,3002A-3005WGUM-3007DRYGUM-3007FO-3007S-3015A-3025S-3033A-3035A-9999A-9999C-9999CS-9999E,WA007,301014968,""
20,2755.75,1,310726,1022513655,101,WA003,3002A-3005WGUM-3007DRYGUM-3007FO-3007S-3015A-3025S-3033A-3035A-9999A-9999C-9999CS-9999E,WA007,301014969,""
20,2755.75,1,310726,1022513655,101,WA003,3002A-3005WGUM-3007DRYGUM-3007FO-3007S-3015A-3025S-3033A-3035A-9999A-9999C-9999CS-9999E,WA007,301014970,""
20,2755.75,1,310726,1022513655,101,WA003,3002A-3005WGUM-3007DRYGUM-3007FO-3007S-3015A-3025S-3033A-3035A-9999A-9999C-9999CS-9999E,WA007,301014971,""
20,2755.75,1,310726,1022513655,101,WA003,3002A-3005WGUM-3007DRYGUM-3007FO-3007S-3015A-3025S-3033A-3035A-9999A-9999C-9999CS-9999E,WA007,301014972,""
20,2755.75,1,310726,1022513656,101,WA003,3002A-3005WGUM-3007DRYGUM-3007FO-3007S-3015A-3025S-3033A-3035A-9999A-9999C-9999CS-9999E,WA007,301015022,""
20,2755.75,1,310726,1022513656,101,WA003,3002A-3005WGUM-3007DRYGUM-3007FO-3007S-3015A-3025S-3033A-3035A-9999A-9999C-9999CS-9999E,WA007,301015023,""
20,2755.75,1,310726,1022513656,101,WA003,3002A-3005WGUM-3007DRYGUM-3007FO-3007S-3015A-3025S-3033A-3035A-9999A-9999C-9999CS-9999E,WA007,301015038,""
20,2755.75,1,310726,1022513656,101,WA003,3002A-3005WGUM-3007DRYGUM-3007FO-3007S-3015A-3025S-3033A-3035A-9999A-9999C-9999CS-9999E,WA007,301015058,""
20,2755.75,1,310726,1022513656,101,WA003,3002A-3005WGUM-3007DRYGUM-3007FO-3007S-3015A-3025S-3033A-3035A-9999A-9999C-9999CS-9999E,WA007,301015059,""
20,2755.75,1,310726,1022513656,101,WA003,3002A-3005WGUM-3007DRYGUM-3007FO-3007S-3015A-3025S-3033A-3035A-9999A-9999C-9999CS-9999E,WA007,301015060,""
20,2755.75,1,310726,1022513656,101,WA003,3002A-3005WGUM-3007DRYGUM-3007FO-3007S-3015A-3025S-3033A-3035A-9999A-9999C-9999CS-9999E,WA007,301015061,""
20,2755.75,1,310726,1022513656,101,WA003,3002A-3005WGUM-3007DRYGUM-3007FO-3007S-3015A-3025S-3033A-3035A-9999A-9999C-9999CS-9999E,WA007,301015067,""
20,2755.75,1,310726,1022513657,101,WA003,3002A-3005WGUM-3007DRYGUM-3007FO-3007S-3025S-3033A-3035A-9999A-9999C-9999CS-9999E,WA007,301015078,""
20,2755.75,1,310726,1022513657,101,WA003,3002A-3005WGUM-3007DRYGUM-3007FO-3007S-3025S-3033A-3035A-9999A-9999C-9999CS-9999E,WA007,301015091,""
20,2755.75,1,310726,1022513657,101,WA003,3002A-3005WGUM-3007DRYGUM-3007FO-3007S-3025S-3033A-3035A-9999A-9999C-9999CS-9999E,WA007,301015103,""
20,2755.75,1,310726,1022513657,101,WA003,3002A-3005WGUM-3007DRYGUM-3007FO-3007S-3025S-3033A-3035A-9999A-9999C-9999CS-9999E,WA007,301015104,""
20,2755.75,1,310726,1022513657,101,WA003,3002A-3005WGUM-3007DRYGUM-3007FO-3007S-3025S-3033A-3035A-9999A-9999C-9999CS-9999E,WA007,301015105,""
20,2755.75,1,310726,1022513657,101,WA003,3002A-3005WGUM-3007DRYGUM-3007FO-3007S-3025S-3033A-3035A-9999A-9999C-9999CS-9999E,WA007,301015121,""
20,2755.75,1,310726,1022513657,101,WA003,3002A-3005WGUM-3007DRYGUM-3007FO-3007S-3025S-3033A-3035A-9999A-9999C-9999CS-9999E,WA007,301015141,""
20,2755.75,1,310726,1022513657,101,WA003,3002A-3005WGUM-3007DRYGUM-3007FO-3007S-3025S-3033A-3035A-9999A-9999C-9999CS-9999E,WA007,301015142,""
20,2755.75,1,310726,1022513658,101,WA003,3002A-3005WGUM-3007DRYGUM-3007FO-3007S-3015A-3025S-3033A-3035A-9999A-9999C-9999CS-9999E,WA007,301015150,""
20,2755.75,1,310726,1022513658,101,WA003,3002A-3005WGUM-3007DRYGUM-3007FO-3007S-3015A-3025S-3033A-3035A-9999A-9999C-9999CS-9999E,WA007,301015151,""
20,2755.75,1,310726,1022513658,101,WA003,3002A-3005WGUM-3007DRYGUM-3007FO-3007S-3015A-3025S-3033A-3035A-9999A-9999C-9999CS-9999E,WA007,301015152,""
20,2755.75,1,310726,1022513658,101,WA003,3002A-3005WGUM-3007DRYGUM-3007FO-3007S-3015A-3025S-3033A-3035A-9999A-9999C-9999CS-9999E,WA007,301015274,""
20,2755.75,1,310726,1022513658,101,WA003,3002A-3005WGUM-3007DRYGUM-3007FO-3007S-3015A-3025S-3033A-3035A-9999A-9999C-9999CS-9999E,WA007,301015275,""
20,2755.75,1,310726,1022513658,101,WA003,3002A-3005WGUM-3007DRYGUM-3007FO-3007S-3015A-3025S-3033A-3035A-9999A-9999C-9999CS-9999E,WA007,301015276,""
20,2755.75,1,310726,1022513658,101,WA003,3002A-3005WGUM-3007DRYGUM-3007FO-3007S-3015A-3025S-3033A-3035A-9999A-9999C-9999CS-9999E,WA007,301015277,""
20,2755.75,1,310726,1022513658,101,WA003,3002A-3005WGUM-3007DRYGUM-3007FO-3007S-3015A-3025S-3033A-3035A-9999A-9999C-9999CS-9999E,WA007,301015278,""
20,2755.75,1,310726,1022513659,101,WA003,3002A-3005WGUM-3007DRYGUM-3007FO-3007S-3015A-3025S-3033A-3035A-9999A-9999C-9999CS-9999E,WA007,301015364,""
20,2755.75,1,310726,1022513659,101,WA003,3002A-3005WGUM-3007DRYGUM-3007FO-3007S-3015A-3025S-3033A-3035A-9999A-9999C-9999CS-9999E,WA007,301015365,""
20,2755.75,1,310726,1022513659,101,WA003,3002A-3005WGUM-3007DRYGUM-3007FO-3007S-3015A-3025S-3033A-3035A-9999A-9999C-9999CS-9999E,WA007,301015366,""
20,2755.75,1,310726,1022513659,101,WA003,3002A-3005WGUM-3007DRYGUM-3007FO-3007S-3015A-3025S-3033A-3035A-9999A-9999C-9999CS-9999E,WA007,301015367,""
20,2755.75,1,310726,1022513659,101,WA003,3002A-3005WGUM-3007DRYGUM-3007FO-3007S-3015A-3025S-3033A-3035A-9999A-9999C-9999CS-9999E,WA007,301015368,""
20,2755.75,1,310726,1022513659,101,WA003,3002A-3005WGUM-3007DRYGUM-3007FO-3007S-3015A-3025S-3033A-3035A-9999A-9999C-9999CS-9999E,WA007,301015369,""
20,2755.75,1,310726,1022513659,101,WA003,3002A-3005WGUM-3007DRYGUM-3007FO-3007S-3015A-3025S-3033A-3035A-9999A-9999C-9999CS-9999E,WA007,301015370,""
20,2755.75,1,310726,1022513659,101,WA003,3002A-3005WGUM-3007DRYGUM-3007FO-3007S-3015A-3025S-3033A-3035A-9999A-9999C-9999CS-9999E,WA007,301015371,""
20,2755.75,1,310726,1022513660,101,WA003,3002A-3025S-3033A-3035A-9999A-9999C-9999CS-9999E,WA007,301015466,233263-1-1-101
20,2755.75,1,310726,1022513660,101,WA003,3002A-3025S-3033A-3035A-9999A-9999C-9999CS-9999E,WA007,301015467,233263-1-1-101
20,2755.75,1,310726,1022513660,101,WA003,3002A-3025S-3033A-3035A-9999A-9999C-9999CS-9999E,WA007,301015468,233263-1-1-101
20,2755.75,1,310726,1022513660,101,WA003,3002A-3025S-3033A-3035A-9999A-9999C-9999CS-9999E,WA007,301015469,232381-1-3-103
20,2755.75,1,310726,1022513660,101,WA003,3002A-3025S-3033A-3035A-9999A-9999C-9999CS-9999E,WA007,301015470,232381-1-3-103
20,2755.75,1,310726,1022513660,101,WA003,3002A-3025S-3033A-3035A-9999A-9999C-9999CS-9999E,WA007,301015471,232381-1-3-103
20,2755.75,1,310726,1022513660,101,WA003,3002A-3025S-3033A-3035A-9999A-9999C-9999CS-9999E,WA007,301015472,232381-1-3-103
20,2755.75,1,310726,1022513660,101,WA003,3002A-3025S-3033A-3035A-9999A-9999C-9999CS-9999E,WA007,301015473,232381-1-3-103
20,2755.75,1,310726,1022513661,101,WA003,3002A-3005WGUM-3007DRYGUM-3007FO-3007S-3025S-3035A-9999A-9999C-9999CS-9999E,WA007,301015610,""
20,2755.75,1,310726,1022513661,101,WA003,3002A-3005WGUM-3007DRYGUM-3007FO-3007S-3025S-3035A-9999A-9999C-9999CS-9999E,WA007,301015611,""
20,2755.75,1,310726,1022513661,101,WA003,3002A-3005WGUM-3007DRYGUM-3007FO-3007S-3025S-3035A-9999A-9999C-9999CS-9999E,WA007,301015612,""
20,2755.75,1,310726,1022513661,101,WA003,3002A-3005WGUM-3007DRYGUM-3007FO-3007S-3025S-3035A-9999A-9999C-9999CS-9999E,WA007,301015613,""
20,2755.75,1,310726,1022513661,101,WA003,3002A-3005WGUM-3007DRYGUM-3007FO-3007S-3025S-3035A-9999A-9999C-9999CS-9999E,WA007,301015614,""
20,2755.75,1,310726,1022513661,101,WA003,3002A-3005WGUM-3007DRYGUM-3007FO-3007S-3025S-3035A-9999A-9999C-9999CS-9999E,WA007,301015615,""
20,2755.75,1,310726,1022513661,101,WA003,3002A-3005WGUM-3007DRYGUM-3007FO-3007S-3025S-3035A-9999A-9999C-9999CS-9999E,WA007,301015616,""
20,2755.75,1,310726,1022513661,101,WA003,3002A-3005WGUM-3007DRYGUM-3007FO-3007S-3025S-3035A-9999A-9999C-9999CS-9999E,WA007,301015617,""
20,2755.75,1,310726,1022513662,101,WA003,3015A-9999A-9999C-9999CS-9999E,WA007,301015661,233263-1-1-101
20,2755.75,1,310726,1022513662,101,WA003,3015A-9999A-9999C-9999CS-9999E,WA007,301015662,233263-1-1-101
20,2755.75,1,310726,1022513662,101,WA003,3015A-9999A-9999C-9999CS-9999E,WA007,301015663,233263-1-1-101
20,2755.75,1,310726,1022513662,101,WA003,3015A-9999A-9999C-9999CS-9999E,WA007,301015664,233263-1-1-101
20,2755.75,1,310726,1022513662,101,WA003,3015A-9999A-9999C-9999CS-9999E,WA007,301015665,233263-1-1-101
20,2755.75,1,310726,1022513662,101,WA003,3015A-9999A-9999C-9999CS-9999E,WA007,301015666,233263-1-1-101
20,2755.75,1,310726,1022513662,101,WA003,3015A-9999A-9999C-9999CS-9999E,WA007,301015667,233263-1-1-101
20,2755.75,1,310726,1022513662,101,WA003,3015A-9999A-9999C-9999CS-9999E,WA007,301015668,233263-1-1-101
20,2755.75,1,310726,1022513663,101,WA003,3015A-9999A-9999C-9999CS-9999E,WA007,301015714,233263-1-1-101
20,2755.75,1,310726,1022513663,101,WA003,3015A-9999A-9999C-9999CS-9999E,WA007,301015715,233263-1-1-101
20,2755.75,1,310726,1022513663,101,WA003,3015A-9999A-9999C-9999CS-9999E,WA007,301015716,233263-1-1-101
20,2755.75,1,310726,1022513663,101,WA003,3015A-9999A-9999C-9999CS-9999E,WA007,301015718,233263-1-1-101
20,2755.75,1,310726,1022513663,101,WA003,3015A-9999A-9999C-9999CS-9999E,WA007,301015758,233263-1-1-101
20,2755.75,1,310726,1022513663,101,WA003,3015A-9999A-9999C-9999CS-9999E,WA007,301015759,233263-1-1-101
20,2755.75,1,310726,1022513663,101,WA003,3015A-9999A-9999C-9999CS-9999E,WA007,301015760,233263-1-1-101
20,2755.75,1,310726,1022513663,101,WA003,3015A-9999A-9999C-9999CS-9999E,WA007,301015768,233263-1-1-101
20,165.345,0,310726,1022513664,101,WA003,3015A-3025S-3033A-3035A-9999A-9999E,WA003,301015863,""
20,2755.75,1,310726,1022513664,101,WA003,3015A-3025S-3033A-3035A-9999A-9999E,WA007,301015772,233263-1-1-101
21,2755.75,1,310002,1002513501,102,WA001,9999A,WA001,301012441,""
21,2755.75,1,310002,1002513501,102,WA001,9999A,WA001,301012442,""
21,2755.75,1,310002,1002513501,102,WA001,9999A,WA001,301012443,""
21,2755.75,1,310002,1002513501,102,WA001,9999A,WA001,301012494,""
21,2755.75,1,310002,1002513501,102,WA001,9999A,WA001,301012495,""
21,2755.75,1,310002,1002513501,102,WA001,9999A,WA001,301012506,""
21,2755.75,1,310002,1002513501,102,WA001,9999A,WA001,301012510,""
21,2755.75,1,310002,1002513501,102,WA001,9999A,WA001,301012511,""
21,2755.75,1,310002,1002513502,101,WA001,3405A-9999A,WA001,301012525,""
21,2755.75,1,310002,1002513502,101,WA001,3405A-9999A,WA001,301012526,""
21,2755.75,1,310002,1002513502,101,WA001,3405A-9999A,WA001,301012537,""
21,2755.75,1,310002,1002513502,101,WA001,3405A-9999A,WA001,301012538,""
21,2755.75,1,310002,1002513502,101,WA001,3405A-9999A,WA001,301012565,""
21,2755.75,1,310002,1002513502,101,WA001,3405A-9999A,WA001,301012566,""
21,2755.75,1,310002,1002513502,101,WA001,3405A-9999A,WA001,301012567,""
21,2755.75,1,310002,1002513502,101,WA001,3405A-9999A,WA001,301012568,""
21,2755.75,1,310002,1002513503,102,WA001,9999A,WA001,301012621,""
21,2755.75,1,310002,1002513503,102,WA001,9999A,WA001,301012622,""
21,2755.75,1,310002,1002513503,102,WA001,9999A,WA001,301012623,""
21,2755.75,1,310002,1002513503,102,WA001,9999A,WA001,301012640,""
21,2755.75,1,310002,1002513503,102,WA001,9999A,WA001,301012641,""
21,2755.75,1,310002,1002513503,102,WA001,9999A,WA001,301012642,""
21,2755.75,1,310002,1002513503,102,WA001,9999A,WA001,301012669,""
21,2755.75,1,310002,1002513503,102,WA001,9999A,WA001,301012680,""
21,2755.75,1,310002,1002513504,102,WA001,9999A,WA001,301012740,""
21,2755.75,1,310002,1002513504,102,WA001,9999A,WA001,301012741,""
21,2755.75,1,310002,1002513504,102,WA001,9999A,WA001,301012742,""
21,2755.75,1,310002,1002513504,102,WA001,9999A,WA001,301012746,""
21,2755.75,1,310002,1002513504,102,WA001,9999A,WA001,301012768,""
21,2755.75,1,310002,1002513504,102,WA001,9999A,WA001,301012770,""
21,2755.75,1,310002,1002513504,102,WA001,9999A,WA001,301012791,""
21,2755.75,1,310002,1002513504,102,WA001,9999A,WA001,301012805,""
21,2755.75,1,310002,1002513505,101,WA001,3405A-9999A,WA001,301012811,""
21,2755.75,1,310002,1002513505,101,WA001,3405A-9999A,WA001,301012812,""
21,2755.75,1,310002,1002513505,101,WA001,3405A-9999A,WA001,301012823,""
21,2755.75,1,310002,1002513505,101,WA001,3405A-9999A,WA001,301012824,""
21,2755.75,1,310002,1002513505,101,WA001,3405A-9999A,WA001,301012825,""
21,2755.75,1,310002,1002513505,101,WA001,3405A-9999A,WA001,301012826,""
21,2755.75,1,310002,1002513505,101,WA001,3405A-9999A,WA001,301012827,""
21,2755.75,1,310002,1002513505,101,WA001,3405A-9999A,WA001,301012829,""
21,2755.75,1,310002,1002513506,102,WA001,9999A,WA001,301012830,""
21,2755.75,1,310002,1002513506,102,WA001,9999A,WA001,301012831,""
21,2755.75,1,310002,1002513506,102,WA001,9999A,WA001,301012832,""
21,2755.75,1,310002,1002513506,102,WA001,9999A,WA001,301012833,""
21,2755.75,1,310002,1002513506,102,WA001,9999A,WA001,301012834,""
21,2755.75,1,310002,1002513506,102,WA001,9999A,WA001,301012835,""
21,2755.75,1,310002,1002513506,102,WA001,9999A,WA001,301012837,""
21,2755.75,1,310002,1002513506,102,WA001,9999A,WA001,301012838,""
21,2755.75,1,310724,1052513501,101,ID002,3040A-3043A-3053A-3055A-9999A-9999E,ID010,301012142,233509-1-1-108
21,2755.75,1,310724,1052513501,101,ID002,3040A-3043A-3053A-3055A-9999A-9999E,ID010,301012144,233509-1-1-108
21,2755.75,1,310724,1052513502,101,ID002,3040A-3043A-3053A-3055A-9999A-9999E,ID010,301012150,233509-1-1-108
21,2755.75,1,310724,1052513502,101,ID002,3040A-3043A-3053A-3055A-9999A-9999E,ID010,301012151,233509-1-1-109
21,2755.75,1,310724,1052513502,101,ID002,3040A-3043A-3053A-3055A-9999A-9999E,ID010,301012152,233509-1-1-109
21,2755.75,1,310724,1052513502,101,ID002,3040A-3043A-3053A-3055A-9999A-9999E,ID010,301012154,233509-1-1-109
21,2755.75,1,310724,1052513502,101,ID002,3040A-3043A-3053A-3055A-9999A-9999E,ID010,301012229,233509-1-1-109
21,2755.75,1,310724,1052513502,101,ID002,3040A-3043A-3053A-3055A-9999A-9999E,ID010,301012230,233509-1-1-109
21,2755.75,1,310724,1052513502,101,ID002,3040A-3043A-3053A-3055A-9999A-9999E,ID010,301012231,233509-1-1-109
21,2755.75,1,310724,1052513502,101,ID002,3040A-3043A-3053A-3055A-9999A-9999E,ID010,301012232,233509-1-1-109
21,2755.75,1,310724,1052513503,101,ID002,3040A-3043A-3053A-3055A-9999A-9999E,ID010,301012321,233509-1-1-109
21,2755.75,1,310724,1052513503,101,ID002,3040A-3043A-3053A-3055A-9999A-9999E,ID010,301012323,233509-1-1-109
21,2755.75,1,310724,1052513503,101,ID002,3040A-3043A-3053A-3055A-9999A-9999E,ID010,301012324,233509-1-1-109
21,2755.75,1,310724,1052513503,101,ID002,3040A-3043A-3053A-3055A-9999A-9999E,ID010,301012325,233509-1-1-109
21,2755.75,1,310724,1052513503,101,ID002,3040A-3043A-3053A-3055A-9999A-9999E,ID010,301012352,233509-1-1-109
21,2755.75,1,310724,1052513503,101,ID002,3040A-3043A-3053A-3055A-9999A-9999E,ID010,301012353,233509-1-1-109
21,2755.75,1,310724,1052513503,101,ID002,3040A-3043A-3053A-3055A-9999A-9999E,ID010,301012354,233509-1-1-109
21,2755.75,1,310724,1052513503,101,ID002,3040A-3043A-3053A-3055A-9999A-9999E,ID010,301012356,233509-1-1-109
21,2755.75,1,310724,1052513504,101,ID002,3040A-3043A-3053A-3055A-9999A-9999E,ID010,301012382,233509-1-1-110
21,2755.75,1,310724,1052513504,101,ID002,3040A-3043A-3053A-3055A-9999A-9999E,ID010,301012383,233509-1-1-110
21,2755.75,1,310724,1052513504,101,ID002,3040A-3043A-3053A-3055A-9999A-9999E,ID010,301012384,233509-1-1-110
21,2755.75,1,310724,1052513504,101,ID002,3040A-3043A-3053A-3055A-9999A-9999E,ID010,301012385,233509-1-1-110
21,2755.75,1,310724,1052513504,101,ID002,3040A-3043A-3053A-3055A-9999A-9999E,ID010,301012398,233509-1-1-110
21,2755.75,1,310724,1052513504,101,ID002,3040A-3043A-3053A-3055A-9999A-9999E,ID010,301012399,233509-1-1-110
21,2755.75,1,310724,1052513504,101,ID002,3040A-3043A-3053A-3055A-9999A-9999E,ID010,301012400,233509-1-1-110
21,2755.75,1,310724,1052513504,101,ID002,3040A-3043A-3053A-3055A-9999A-9999E,ID010,301012401,233509-1-1-110
21,2755.75,1,310724,1052513505,101,ID002,3040A-3043A-3053A-3055A-9999A-9999E,ID010,301012432,233509-1-1-110
21,2755.75,1,310724,1052513505,101,ID002,3040A-3043A-3053A-3055A-9999A-9999E,ID010,301012433,233509-1-1-110
21,2755.75,1,310724,1052513505,101,ID002,3040A-3043A-3053A-3055A-9999A-9999E,ID010,301012434,233509-1-1-110
21,2755.75,1,310724,1052513505,101,ID002,3040A-3043A-3053A-3055A-9999A-9999E,ID010,301012435,233509-1-1-110
21,2755.75,1,310724,1052513505,101,ID002,3040A-3043A-3053A-3055A-9999A-9999E,ID010,301012476,233509-1-1-110
21,2755.75,1,310724,1052513505,101,ID002,3040A-3043A-3053A-3055A-9999A-9999E,ID010,301012477,233509-1-1-110
21,2755.75,1,310724,1052513505,101,ID002,3040A-3043A-3053A-3055A-9999A-9999E,ID010,301012478,233509-1-1-110
21,2755.75,1,310724,1052513505,101,ID002,3040A-3043A-3053A-3055A-9999A-9999E,ID010,301012479,233509-1-1-111
21,2755.75,1,310724,1052513506,101,ID002,3040A-3043A-3053A-3055A-9999A-9999E,ID010,301012513,233509-1-1-111
21,2755.75,1,310724,1052513506,101,ID002,3040A-3043A-3053A-3055A-9999A-9999E,ID010,301012514,233509-1-1-111
21,2755.75,1,310724,1052513506,101,ID002,3040A-3043A-3053A-3055A-9999A-9999E,ID010,301012515,233509-1-1-111
21,2755.75,1,310724,1052513506,101,ID002,3040A-3043A-3053A-3055A-9999A-9999E,ID010,301012516,233509-1-1-111
21,2755.75,1,310724,1052513506,101,ID002,3040A-3043A-3053A-3055A-9999A-9999E,ID010,301012539,233509-1-1-111
21,2755.75,1,310724,1052513506,101,ID002,3040A-3043A-3053A-3055A-9999A-9999E,ID010,301012543,233509-1-1-111
21,2755.75,1,310724,1052513506,101,ID002,3040A-3043A-3053A-3055A-9999A-9999E,ID010,301012545,233509-1-1-111
21,2755.75,1,310724,1052513506,101,ID002,3040A-3043A-3053A-3055A-9999A-9999E,ID010,301012546,233509-1-1-111
21,2755.75,1,310724,1052513507,101,ID002,3040A-3043A-3053A-9999A-9999E,ID010,301012569,233509-1-1-111
21,2755.75,1,310724,1052513507,101,ID002,3040A-3043A-3053A-9999A-9999E,ID010,301012571,233509-1-1-111
21,2755.75,1,310724,1052513507,101,ID002,3040A-3043A-3053A-9999A-9999E,ID010,301012572,233509-1-1-111
21,2755.75,1,310724,1052513507,101,ID002,3040A-3043A-3053A-9999A-9999E,ID010,301012573,233509-1-1-111
21,2755.75,1,310724,1052513507,101,ID002,3040A-3043A-3053A-9999A-9999E,ID010,301012575,233509-1-1-111
21,2755.75,1,310724,1052513507,101,ID002,3040A-3043A-3053A-9999A-9999E,ID010,301012617,233509-1-1-111
21,2755.75,1,310724,1052513507,101,ID002,3040A-3043A-3053A-9999A-9999E,ID010,301012618,233509-1-1-112
21,2755.75,1,310724,1052513507,101,ID002,3040A-3043A-3053A-9999A-9999E,ID010,301012619,233509-1-1-112
21,2755.75,1,310724,1052513508,101,ID002,3040A-3043A-3053A-9999A-9999E,ID010,301012679,233509-1-1-112
21,2755.75,1,310724,1052513508,101,ID002,3040A-3043A-3053A-9999A-9999E,ID010,301012681,233509-1-1-112
21,2755.75,1,310724,1052513508,101,ID002,3040A-3043A-3053A-9999A-9999E,ID010,301012682,233509-1-1-112
21,2755.75,1,310724,1052513508,101,ID002,3040A-3043A-3053A-9999A-9999E,ID010,301012683,233509-1-1-112
21,2755.75,1,310724,1052513508,101,ID002,3040A-3043A-3053A-9999A-9999E,ID010,301012684,233509-1-1-112
21,2755.75,1,310724,1052513508,101,ID002,3040A-3043A-3053A-9999A-9999E,ID010,301012778,233509-1-1-112
21,2755.75,1,310724,1052513508,101,ID002,3040A-3043A-3053A-9999A-9999E,ID010,301012779,233509-1-1-112
21,2755.75,1,310724,1052513508,101,ID002,3040A-3043A-3053A-9999A-9999E,ID010,301012781,233509-1-1-112
21,2755.75,1,310724,1052513509,101,ID002,3040A-3043A-3053A-3055A-9999A-9999E,ID010,301012799,233509-1-1-112
21,2755.75,1,310724,1052513509,101,ID002,3040A-3043A-3053A-3055A-9999A-9999E,ID010,301012800,233509-1-1-112
21,2755.75,1,310724,1052513509,101,ID002,3040A-3043A-3053A-3055A-9999A-9999E,ID010,301012801,233509-1-1-112
21,2755.75,1,310724,1052513509,101,ID002,3040A-3043A-3053A-3055A-9999A-9999E,ID010,301012802,233509-1-1-112
21,2755.75,1,310724,1052513509,101,ID002,3040A-3043A-3053A-3055A-9999A-9999E,ID010,301012815,233509-1-1-112
21,2755.75,1,310724,1052513509,101,ID002,3040A-3043A-3053A-3055A-9999A-9999E,ID010,301012816,233509-1-1-113
21,2755.75,1,310724,1052513509,101,ID002,3040A-3043A-3053A-3055A-9999A-9999E,ID010,301012817,233509-1-1-113
21,2755.75,1,310724,1052513509,101,ID002,3040A-3043A-3053A-3055A-9999A-9999E,ID010,301012818,233509-1-1-113
21,2755.75,1,310724,1052513510,101,ID002,3040A-3043A-3053A-3055A-9999A-9999E,ID010,301012840,233509-1-1-113
21,2755.75,1,310724,1052513510,101,ID002,3040A-3043A-3053A-3055A-9999A-9999E,ID010,301012841,233509-1-1-113
21,2755.75,1,310724,1052513510,101,ID002,3040A-3043A-3053A-3055A-9999A-9999E,ID010,301012843,233509-1-1-113
21,2755.75,1,310724,1052513510,101,ID002,3040A-3043A-3053A-3055A-9999A-9999E,ID010,301012844,233509-1-1-113
21,2755.75,1,310724,1052513510,101,ID002,3040A-3043A-3053A-3055A-9999A-9999E,ID010,301012881,233509-1-1-113
21,2755.75,1,310724,1052513510,101,ID002,3040A-3043A-3053A-3055A-9999A-9999E,ID010,301012882,233509-1-1-113
21,2755.75,1,310724,1052513510,101,ID002,3040A-3043A-3053A-3055A-9999A-9999E,ID010,301012883,233509-1-1-113
21,2755.75,1,310724,1052513510,101,ID002,3040A-3043A-3053A-3055A-9999A-9999E,ID010,301012887,233509-1-1-113
21,2755.75,1,310724,1052513511,101,ID002,3040A-3043A-3053A-3055A-9999A-9999E,ID010,301012912,233509-1-1-113
21,2755.75,1,310724,1052513511,101,ID002,3040A-3043A-3053A-3055A-9999A-9999E,ID010,301012913,233509-1-1-113
21,2755.75,1,310724,1052513511,101,ID002,3040A-3043A-3053A-3055A-9999A-9999E,ID010,301012914,233509-1-1-113
21,2755.75,1,310724,1052513511,101,ID002,3040A-3043A-3053A-3055A-9999A-9999E,ID010,301012915,233509-1-1-113
21,2755.75,1,310724,1052513511,101,ID002,3040A-3043A-3053A-3055A-9999A-9999E,ID010,301012955,233509-1-1-114
21,2755.75,1,310724,1052513511,101,ID002,3040A-3043A-3053A-3055A-9999A-9999E,ID010,301012956,233509-1-1-114
21,2755.75,1,310724,1052513511,101,ID002,3040A-3043A-3053A-3055A-9999A-9999E,ID010,301012958,233509-1-1-114
21,2755.75,1,310724,1052513511,101,ID002,3040A-3043A-3053A-3055A-9999A-9999E,ID010,301012960,233509-1-1-114
21,2755.75,1,310724,1052513512,101,ID002,3040A-3043A-3053A-3055A-9999A-9999E,ID010,301012961,233509-1-1-114
21,2755.75,1,310724,1052513512,101,ID002,3040A-3043A-3053A-3055A-9999A-9999E,ID010,301012962,233509-1-1-114
21,2755.75,1,310724,1052513512,101,ID002,3040A-3043A-3053A-3055A-9999A-9999E,ID010,301012964,233509-1-1-114
21,2755.75,1,310724,1052513512,101,ID002,3040A-3043A-3053A-3055A-9999A-9999E,ID010,301012967,233509-1-1-114
21,2755.75,1,310724,1052513512,101,ID002,3040A-3043A-3053A-3055A-9999A-9999E,ID010,301013118,233509-1-1-114
21,2755.75,1,310724,1052513512,101,ID002,3040A-3043A-3053A-3055A-9999A-9999E,ID010,301013119,233509-1-1-114
21,2755.75,1,310724,1052513512,101,ID002,3040A-3043A-3053A-3055A-9999A-9999E,ID010,301013121,233509-1-1-114
21,2755.75,1,310724,1052513512,101,ID002,3040A-3043A-3053A-3055A-9999A-9999E,ID010,301013557,233509-1-1-114
21,2755.75,1,310726,1012513501,101,WA002,3035A-9999A-9999E,WA007,301012031,232663-1-1-102
21,2755.75,1,310726,1012513501,101,WA002,3035A-9999A-9999E,WA007,301012033,232663-1-1-102
21,2755.75,1,310726,1012513501,101,WA002,3035A-9999A-9999E,WA007,301012052,232663-1-1-102
21,2755.75,1,310726,1012513501,101,WA002,3035A-9999A-9999E,WA007,301012053,232663-1-1-102
21,2755.75,1,310726,1012513501,101,WA002,3035A-9999A-9999E,WA007,301012069,232663-1-1-102
21,2755.75,1,310726,1012513501,101,WA002,3035A-9999A-9999E,WA007,301012079,232663-1-1-102
21,2755.75,1,310726,1012513501,101,WA002,3035A-9999A-9999E,WA007,301012080,232663-1-1-102
21,2755.75,1,310726,1012513501,101,WA002,3035A-9999A-9999E,WA007,301012081,232663-1-1-102
21,2755.75,1,310726,1012513502,101,WA002,3035A-9999A-9999E,WA007,301012089,232663-1-1-102
21,2755.75,1,310726,1012513502,101,WA002,3035A-9999A-9999E,WA007,301012090,232663-1-1-102
21,2755.75,1,310726,1012513502,101,WA002,3035A-9999A-9999E,WA007,301012091,232663-1-1-102
21,2755.75,1,310726,1012513502,101,WA002,3035A-9999A-9999E,WA007,301012095,232663-1-1-102
21,2755.75,1,310726,1012513502,101,WA002,3035A-9999A-9999E,WA007,301012097,232663-1-1-102
21,2755.75,1,310726,1012513502,101,WA002,3035A-9999A-9999E,WA007,301012109,232663-1-1-102
21,2755.75,1,310726,1012513502,101,WA002,3035A-9999A-9999E,WA007,301012110,232663-1-1-102
21,2755.75,1,310726,1012513502,101,WA002,3035A-9999A-9999E,WA007,301012111,232663-1-1-102
21,2755.75,1,310726,1012513503,101,WA002,3035A-9999A-9999E,WA007,301012153,232663-1-1-102
21,2755.75,1,310726,1012513503,101,WA002,3035A-9999A-9999E,WA007,301012174,232663-1-1-102
21,2755.75,1,310726,1012513503,101,WA002,3035A-9999A-9999E,WA007,301012177,232663-1-1-102
21,2755.75,1,310726,1012513503,101,WA002,3035A-9999A-9999E,WA007,301012186,232663-1-1-102
21,2755.75,1,310726,1012513503,101,WA002,3035A-9999A-9999E,WA007,301012235,232663-1-1-101
21,2755.75,1,310726,1012513503,101,WA002,3035A-9999A-9999E,WA007,301012236,232663-1-1-101
21,2755.75,1,310726,1012513503,101,WA002,3035A-9999A-9999E,WA007,301012237,232663-1-1-101
21,2755.75,1,310726,1012513503,101,WA002,3035A-9999A-9999E,WA007,301012246,232663-1-1-101
21,2755.75,1,310726,1012513504,101,WA002,3035A-9999A-9999E,WA007,301012270,232663-1-1-101
21,2755.75,1,310726,1012513504,101,WA002,3035A-9999A-9999E,WA007,301012271,232663-1-1-101
21,2755.75,1,310726,1012513504,101,WA002,3035A-9999A-9999E,WA007,301012272,232663-1-1-101
21,2755.75,1,310726,1012513504,101,WA002,3035A-9999A-9999E,WA007,301012275,232663-1-1-101
21,2755.75,1,310726,1012513504,101,WA002,3035A-9999A-9999E,WA007,301012276,232663-1-1-101
21,2755.75,1,310726,1012513504,101,WA002,3035A-9999A-9999E,WA007,301012307,232663-1-1-101
21,2755.75,1,310726,1012513504,101,WA002,3035A-9999A-9999E,WA007,301012310,232663-1-1-101
21,2755.75,1,310726,1012513504,101,WA002,3035A-9999A-9999E,WA007,301012312,232663-1-1-101
21,2755.75,1,310726,1012513505,101,WA002,3035A-9999A-9999E,WA007,301012332,232663-1-1-101
21,2755.75,1,310726,1012513505,101,WA002,3035A-9999A-9999E,WA007,301012359,232663-1-1-101
21,2755.75,1,310726,1012513505,101,WA002,3035A-9999A-9999E,WA007,301012360,232663-1-1-101
21,2755.75,1,310726,1012513505,101,WA002,3035A-9999A-9999E,WA007,301012392,232663-1-1-101
21,2755.75,1,310726,1012513505,101,WA002,3035A-9999A-9999E,WA007,301012393,232663-1-1-101
21,2755.75,1,310726,1012513505,101,WA002,3035A-9999A-9999E,WA007,301012394,232663-1-1-101
21,2755.75,1,310726,1012513505,101,WA002,3035A-9999A-9999E,WA007,301012395,232663-1-1-101
21,2755.75,1,310726,1012513505,101,WA002,3035A-9999A-9999E,WA007,301012396,232663-1-1-101
21,2755.75,1,310726,1012513506,101,WA002,9999A-9999E,WA007,301012426,""
21,2755.75,1,310726,1012513506,101,WA002,9999A-9999E,WA007,301012427,""
21,2755.75,1,310726,1012513506,101,WA002,9999A-9999E,WA007,301012428,""
21,2755.75,1,310726,1012513506,101,WA002,9999A-9999E,WA007,301012429,""
21,2755.75,1,310726,1012513506,101,WA002,9999A-9999E,WA007,301012430,""
21,2755.75,1,310726,1012513506,101,WA002,9999A-9999E,WA007,301012431,""
21,2755.75,1,310726,1012513506,101,WA002,9999A-9999E,WA007,301012448,""
21,2755.75,1,310726,1012513506,101,WA002,9999A-9999E,WA007,301012449,""
21,2755.75,1,310726,1012513507,101,WA002,9999A-9999E,WA007,301012484,""
21,2755.75,1,310726,1012513507,101,WA002,9999A-9999E,WA007,301012485,""
21,2755.75,1,310726,1012513507,101,WA002,9999A-9999E,WA007,301012486,""
21,2755.75,1,310726,1012513507,101,WA002,9999A-9999E,WA007,301012487,""
21,2755.75,1,310726,1012513507,101,WA002,9999A-9999E,WA007,301012522,""
21,2645.52,1,310726,1012513507,101,WA002,9999A-9999E,WA007,704614,""
21,2755.75,1,310726,1012513507,101,WA002,9999A-9999E,WA007,704615,""
21,2755.75,1,310726,1012513507,101,WA002,9999A-9999E,WA007,704616,""
21,2755.75,1,310726,1012513508,101,WA002,9999A-9999E,WA007,301012564,""
21,2755.75,1,310726,1012513508,101,WA002,9999A-9999E,WA007,301012577,""
21,2755.75,1,310726,1012513508,101,WA002,9999A-9999E,WA007,301012603,""
21,2755.75,1,310726,1012513508,101,WA002,9999A-9999E,WA007,301012608,""
21,2755.75,1,310726,1012513508,101,WA002,9999A-9999E,WA007,301012609,""
21,2755.75,1,310726,1012513508,101,WA002,9999A-9999E,WA007,301012636,""
21,2755.75,1,310726,1012513508,101,WA002,9999A-9999E,WA007,301012637,""
21,2755.75,1,310726,1012513508,101,WA002,9999A-9999E,WA007,301012638,""
21,2755.75,1,310726,1012513509,101,WA002,9999A-9999C-9999E,WA007,301012744,""
21,2755.75,1,310726,1012513509,101,WA002,9999A-9999C-9999E,WA007,301012745,""
21,2755.75,1,310726,1012513509,101,WA002,9999A-9999C-9999E,WA007,301012752,""
21,2755.75,1,310726,1012513509,101,WA002,9999A-9999C-9999E,WA007,301012753,""
21,2755.75,1,310726,1012513509,101,WA002,9999A-9999C-9999E,WA007,301012754,""
21,2755.75,1,310726,1012513509,101,WA002,9999A-9999C-9999E,WA007,301012794,""
21,2755.75,1,310726,1012513509,101,WA002,9999A-9999C-9999E,WA007,301012796,""
21,2755.75,1,310726,1012513509,101,WA002,9999A-9999C-9999E,WA007,301012797,""
21,2755.75,1,310726,1012513510,101,WA002,9999A-9999C-9999E,WA007,301012806,""
21,2755.75,1,310726,1012513510,101,WA002,9999A-9999C-9999E,WA007,301012807,""
21,2755.75,1,310726,1012513510,101,WA002,9999A-9999C-9999E,WA007,301012808,""
21,2755.75,1,310726,1012513510,101,WA002,9999A-9999C-9999E,WA007,301012819,""
21,2755.75,1,310726,1012513510,101,WA002,9999A-9999C-9999E,WA007,301012820,""
21,2755.75,1,310726,1012513510,101,WA002,9999A-9999C-9999E,WA007,301012821,""
21,2755.75,1,310726,1012513510,101,WA002,9999A-9999C-9999E,WA007,301012822,""
21,2755.75,1,310726,1012513510,101,WA002,9999A-9999C-9999E,WA007,301012890,""
21,2755.75,1,310726,1012513511,101,WA002,3035A-9999A-9999C-9999E,WA007,301012924,232663-1-1-101
21,2755.75,1,310726,1012513511,101,WA002,3035A-9999A-9999C-9999E,WA007,301012929,232663-1-1-101
21,2755.75,1,310726,1012513511,101,WA002,3035A-9999A-9999C-9999E,WA007,301012936,232663-1-1-101
21,2755.75,1,310726,1012513511,101,WA002,3035A-9999A-9999C-9999E,WA007,301012945,232663-1-1-101
21,2755.75,1,310726,1012513511,101,WA002,3035A-9999A-9999C-9999E,WA007,301012954,232663-1-1-101
21,2755.75,1,310726,1012513511,101,WA002,3035A-9999A-9999C-9999E,WA007,301012973,232663-1-1-101
21,2755.75,1,310726,1012513511,101,WA002,3035A-9999A-9999C-9999E,WA007,301013010,232663-1-1-101
21,2755.75,1,310726,1012513511,101,WA002,3035A-9999A-9999C-9999E,WA007,301013011,232663-1-1-101
21,2755.75,1,310726,1012513512,101,WA002,3035A-9999A-9999C-9999CS-9999E,WA007,301013012,232663-1-1-101
21,2755.75,1,310726,1012513512,101,WA002,3035A-9999A-9999C-9999CS-9999E,WA007,301013013,232663-1-1-101
21,2755.75,1,310726,1012513512,101,WA002,3035A-9999A-9999C-9999CS-9999E,WA007,301013015,232663-1-1-101
21,2755.75,1,310726,1012513512,101,WA002,3035A-9999A-9999C-9999CS-9999E,WA007,301013016,232663-1-1-101
21,2755.75,1,310726,1012513512,101,WA002,3035A-9999A-9999C-9999CS-9999E,WA007,301013045,232663-1-1-101
21,2755.75,1,310726,1012513512,101,WA002,3035A-9999A-9999C-9999CS-9999E,WA007,301013046,232663-1-1-101
21,2755.75,1,310726,1012513512,101,WA002,3035A-9999A-9999C-9999CS-9999E,WA007,301013047,232663-1-1-101
21,2755.75,1,310726,1012513512,101,WA002,3035A-9999A-9999C-9999CS-9999E,WA007,301013050,232663-1-1-101
21,2755.75,1,310726,1012513513,101,WA002,3035A-9999A-9999C-9999E,WA007,301013079,232663-1-1-101
21,2755.75,1,310726,1012513513,101,WA002,3035A-9999A-9999C-9999E,WA007,301013080,232663-1-1-101
21,2755.75,1,310726,1012513513,101,WA002,3035A-9999A-9999C-9999E,WA007,301013081,232663-1-1-101
21,2755.75,1,310726,1012513513,101,WA002,3035A-9999A-9999C-9999E,WA007,301013144,232663-1-1-101
21,2755.75,1,310726,1012513513,101,WA002,3035A-9999A-9999C-9999E,WA007,301013147,232663-1-1-101
21,2755.75,1,310726,1022513554,101,WA003,3025S-3033A-9999A-9999C-9999CS-9999E,WA007,301013104,233263-1-1-101
21,2755.75,1,310726,1022513554,101,WA003,3025S-3033A-9999A-9999C-9999CS-9999E,WA007,301013105,233263-1-1-101
21,2755.75,1,310726,1022513554,101,WA003,3025S-3033A-9999A-9999C-9999CS-9999E,WA007,301013106,233263-1-1-101
21,2755.75,1,310726,1022513554,101,WA003,3025S-3033A-9999A-9999C-9999CS-9999E,WA007,301013107,233263-1-1-101
21,2755.75,1,310726,1022513554,101,WA003,3025S-3033A-9999A-9999C-9999CS-9999E,WA007,301013133,233263-1-1-101
21,2755.75,1,310726,1022513554,101,WA003,3025S-3033A-9999A-9999C-9999CS-9999E,WA007,301013134,233263-1-1-101
21,2755.75,1,310726,1022513554,101,WA003,3025S-3033A-9999A-9999C-9999CS-9999E,WA007,301013135,233263-1-1-101
21,2755.75,1,310726,1022513554,101,WA003,3025S-3033A-9999A-9999C-9999CS-9999E,WA007,301013136,233263-1-1-101
21,2755.75,1,310726,1022513557,101,WA003,3005WGUM-3007DRYGUM-3007FO-3007S-3025S-3033A-3035A-9999A-9999C-9999CS-9999E,WA007,301013407,""
21,2755.75,1,310726,1022513557,101,WA003,3005WGUM-3007DRYGUM-3007FO-3007S-3025S-3033A-3035A-9999A-9999C-9999CS-9999E,WA007,301013410,""
21,2755.75,1,310726,1022513557,101,WA003,3005WGUM-3007DRYGUM-3007FO-3007S-3025S-3033A-3035A-9999A-9999C-9999CS-9999E,WA007,301013411,""
21,2755.75,1,310726,1022513557,101,WA003,3005WGUM-3007DRYGUM-3007FO-3007S-3025S-3033A-3035A-9999A-9999C-9999CS-9999E,WA007,301013641,""
21,2755.75,1,310726,1022513557,101,WA003,3005WGUM-3007DRYGUM-3007FO-3007S-3025S-3033A-3035A-9999A-9999C-9999CS-9999E,WA007,301013642,""
21,2755.75,1,310726,1022513557,101,WA003,3005WGUM-3007DRYGUM-3007FO-3007S-3025S-3033A-3035A-9999A-9999C-9999CS-9999E,WA007,301013643,""
21,2755.75,1,310726,1022513557,101,WA003,3005WGUM-3007DRYGUM-3007FO-3007S-3025S-3033A-3035A-9999A-9999C-9999CS-9999E,WA007,301013644,""
21,2755.75,1,310726,1022513557,101,WA003,3005WGUM-3007DRYGUM-3007FO-3007S-3025S-3033A-3035A-9999A-9999C-9999CS-9999E,WA007,301013645,""
21,2755.75,1,310726,1022513558,101,WA003,3005WGUM-3007DRYGUM-3007FO-3007S-3025S-3033A-3035A-9999A-9999C-9999CS-9999E,WA007,301013646,""
21,2755.75,1,310726,1022513558,101,WA003,3005WGUM-3007DRYGUM-3007FO-3007S-3025S-3033A-3035A-9999A-9999C-9999CS-9999E,WA007,301013647,""
21,2755.75,1,310726,1022513558,101,WA003,3005WGUM-3007DRYGUM-3007FO-3007S-3025S-3033A-3035A-9999A-9999C-9999CS-9999E,WA007,301013648,""
21,2755.75,1,310726,1022513558,101,WA003,3005WGUM-3007DRYGUM-3007FO-3007S-3025S-3033A-3035A-9999A-9999C-9999CS-9999E,WA007,301013658,""
21,2755.75,1,310726,1022513558,101,WA003,3005WGUM-3007DRYGUM-3007FO-3007S-3025S-3033A-3035A-9999A-9999C-9999CS-9999E,WA007,301013659,""
21,2755.75,1,310726,1022513558,101,WA003,3005WGUM-3007DRYGUM-3007FO-3007S-3025S-3033A-3035A-9999A-9999C-9999CS-9999E,WA007,301013668,""
21,2755.75,1,310726,1022513558,101,WA003,3005WGUM-3007DRYGUM-3007FO-3007S-3025S-3033A-3035A-9999A-9999C-9999CS-9999E,WA007,301013669,""
21,2755.75,1,310726,1022513558,101,WA003,3005WGUM-3007DRYGUM-3007FO-3007S-3025S-3033A-3035A-9999A-9999C-9999CS-9999E,WA007,301013697,""
21,2755.75,1,310726,1022513559,101,WA003,3005WGUM-3007DRYGUM-3007FO-3007S-3025S-3033A-3035A-9999A-9999C-9999CS-9999E,WA007,301013698,""
21,2755.75,1,310726,1022513559,101,WA003,3005WGUM-3007DRYGUM-3007FO-3007S-3025S-3033A-3035A-9999A-9999C-9999CS-9999E,WA007,301013699,""
21,2755.75,1,310726,1022513559,101,WA003,3005WGUM-3007DRYGUM-3007FO-3007S-3025S-3033A-3035A-9999A-9999C-9999CS-9999E,WA007,301013727,""
21,2755.75,1,310726,1022513559,101,WA003,3005WGUM-3007DRYGUM-3007FO-3007S-3025S-3033A-3035A-9999A-9999C-9999CS-9999E,WA007,301013728,""
21,2755.75,1,310726,1022513559,101,WA003,3005WGUM-3007DRYGUM-3007FO-3007S-3025S-3033A-3035A-9999A-9999C-9999CS-9999E,WA007,301013729,""
21,2755.75,1,310726,1022513559,101,WA003,3005WGUM-3007DRYGUM-3007FO-3007S-3025S-3033A-3035A-9999A-9999C-9999CS-9999E,WA007,301013730,""
21,2755.75,1,310726,1022513559,101,WA003,3005WGUM-3007DRYGUM-3007FO-3007S-3025S-3033A-3035A-9999A-9999C-9999CS-9999E,WA007,301013748,""
21,2755.75,1,310726,1022513559,101,WA003,3005WGUM-3007DRYGUM-3007FO-3007S-3025S-3033A-3035A-9999A-9999C-9999CS-9999E,WA007,301013749,""
21,2755.75,1,310726,1022513561,101,WA003,3025S-3033A-3035A-9999A-9999C-9999CS-9999E,WA007,301013825,233263-1-1-101
21,2755.75,1,310726,1022513561,101,WA003,3025S-3033A-3035A-9999A-9999C-9999CS-9999E,WA007,301013826,233263-1-1-101
21,2755.75,1,310726,1022513561,101,WA003,3025S-3033A-3035A-9999A-9999C-9999CS-9999E,WA007,301013877,233263-1-1-101
21,2755.75,1,310726,1022513561,101,WA003,3025S-3033A-3035A-9999A-9999C-9999CS-9999E,WA007,301013878,233263-1-1-101
21,2755.75,1,310726,1022513561,101,WA003,3025S-3033A-3035A-9999A-9999C-9999CS-9999E,WA007,301013879,233263-1-1-101
21,2755.75,1,310726,1022513561,101,WA003,3025S-3033A-3035A-9999A-9999C-9999CS-9999E,WA007,301013880,233263-1-1-101
21,2755.75,1,310726,1022513561,101,WA003,3025S-3033A-3035A-9999A-9999C-9999CS-9999E,WA007,301013896,233263-1-1-101
21,2755.75,1,310726,1022513561,101,WA003,3025S-3033A-3035A-9999A-9999C-9999CS-9999E,WA007,301013897,233263-1-1-101
22,2755.75,1,310015,1002513404,101,WA001,9999A-9999E,WA001,301011535,""
22,2755.75,1,310724,1052513401,101,ID002,3040A-3053A-9999A-9999E,ID010,301010987,233509-1-1-103
22,2755.75,1,310724,1052513401,101,ID002,3040A-3053A-9999A-9999E,ID010,301010988,233509-1-1-103
22,2755.75,1,310724,1052513401,101,ID002,3040A-3053A-9999A-9999E,ID010,301010989,233509-1-1-103
22,2755.75,1,310724,1052513401,101,ID002,3040A-3053A-9999A-9999E,ID010,301010990,233509-1-1-103
22,2755.75,1,310724,1052513401,101,ID002,3040A-3053A-9999A-9999E,ID010,301011000,233509-1-1-103
22,2755.75,1,310724,1052513401,101,ID002,3040A-3053A-9999A-9999E,ID010,301011003,233509-1-1-103
22,2755.75,1,310724,1052513401,101,ID002,3040A-3053A-9999A-9999E,ID010,301011004,233509-1-1-103
22,2755.75,1,310724,1052513401,101,ID002,3040A-3053A-9999A-9999E,ID010,301011005,233509-1-1-103
22,2755.75,1,310724,1052513402,101,ID002,3040A-3043A-3053A-3055A-9999A-9999E,ID010,301011108,233509-1-1-103
22,2755.75,1,310724,1052513402,101,ID002,3040A-3043A-3053A-3055A-9999A-9999E,ID010,301011109,233509-1-1-103
22,2755.75,1,310724,1052513402,101,ID002,3040A-3043A-3053A-3055A-9999A-9999E,ID010,301011209,233509-1-1-103
22,2755.75,1,310724,1052513402,101,ID002,3040A-3043A-3053A-3055A-9999A-9999E,ID010,301011210,233509-1-1-103
22,2755.75,1,310724,1052513402,101,ID002,3040A-3043A-3053A-3055A-9999A-9999E,ID010,301011217,233509-1-1-103
22,2755.75,1,310724,1052513402,101,ID002,3040A-3043A-3053A-3055A-9999A-9999E,ID010,301011218,233509-1-1-103
22,1873.91,1,310724,1052513402,101,ID002,3040A-3043A-3053A-3055A-9999A-9999E,ID010,301011293,233509-1-1-104
22,2755.75,1,310724,1052513402,101,ID002,3040A-3043A-3053A-3055A-9999A-9999E,ID010,301011295,233509-1-1-104
22,2755.75,1,310724,1052513403,101,ID002,3040A-3043A-3053A-3055A-9999A-9999E,ID010,301011302,233509-1-1-104
22,2755.75,1,310724,1052513403,101,ID002,3040A-3043A-3053A-3055A-9999A-9999E,ID010,301011304,233509-1-1-104
22,2755.75,1,310724,1052513403,101,ID002,3040A-3043A-3053A-3055A-9999A-9999E,ID010,301011314,233509-1-1-104
22,2755.75,1,310724,1052513403,101,ID002,3040A-3043A-3053A-3055A-9999A-9999E,ID010,301011315,233509-1-1-104
22,2755.75,1,310724,1052513403,101,ID002,3040A-3043A-3053A-3055A-9999A-9999E,ID010,301011318,233509-1-1-104
22,2755.75,1,310724,1052513403,101,ID002,3040A-3043A-3053A-3055A-9999A-9999E,ID010,301011319,233509-1-1-104
22,2755.75,1,310724,1052513403,101,ID002,3040A-3043A-3053A-3055A-9999A-9999E,ID010,301011323,233509-1-1-104
22,2755.75,1,310724,1052513403,101,ID002,3040A-3043A-3053A-3055A-9999A-9999E,ID010,301011324,233509-1-1-104
22,2755.75,1,310724,1052513404,101,ID002,3040A-3043A-3053A-3055A-9999A-9999E,ID010,301011325,233509-1-1-104
22,2755.75,1,310724,1052513404,101,ID002,3040A-3043A-3053A-3055A-9999A-9999E,ID010,301011330,233509-1-1-104
22,2755.75,1,310724,1052513404,101,ID002,3040A-3043A-3053A-3055A-9999A-9999E,ID010,301011336,233509-1-1-104
22,2755.75,1,310724,1052513404,101,ID002,3040A-3043A-3053A-3055A-9999A-9999E,ID010,301011337,233509-1-1-104
22,2755.75,1,310724,1052513404,101,ID002,3040A-3043A-3053A-3055A-9999A-9999E,ID010,301011353,233509-1-1-104
22,2755.75,1,310724,1052513404,101,ID002,3040A-3043A-3053A-3055A-9999A-9999E,ID010,301011354,233509-1-1-105
22,2755.75,1,310724,1052513404,101,ID002,3040A-3043A-3053A-3055A-9999A-9999E,ID010,301011355,233509-1-1-105
22,2755.75,1,310724,1052513404,101,ID002,3040A-3043A-3053A-3055A-9999A-9999E,ID010,301011368,233509-1-1-105
22,2755.75,1,310724,1052513405,101,ID002,3040A-3043A-3053A-9999A-9999E,ID010,301011370,233509-1-1-105
22,2755.75,1,310724,1052513405,101,ID002,3040A-3043A-3053A-9999A-9999E,ID010,301011374,233509-1-1-105
22,2755.75,1,310724,1052513405,101,ID002,3040A-3043A-3053A-9999A-9999E,ID010,301011375,233509-1-1-105
22,2755.75,1,310724,1052513405,101,ID002,3040A-3043A-3053A-9999A-9999E,ID010,301011377,233509-1-1-105
22,2755.75,1,310724,1052513405,101,ID002,3040A-3043A-3053A-9999A-9999E,ID010,301011380,233509-1-1-105
22,2755.75,1,310724,1052513405,101,ID002,3040A-3043A-3053A-9999A-9999E,ID010,301011388,233509-1-1-105
22,2755.75,1,310724,1052513405,101,ID002,3040A-3043A-3053A-9999A-9999E,ID010,301011392,233509-1-1-105
22,2755.75,1,310724,1052513405,101,ID002,3040A-3043A-3053A-9999A-9999E,ID010,301011401,233509-1-1-105
22,2755.75,1,310724,1052513406,101,ID002,3040A-3043A-3053A-9999A-9999E,ID010,301011419,233509-1-1-105
22,2755.75,1,310724,1052513406,101,ID002,3040A-3043A-3053A-9999A-9999E,ID010,301011422,233509-1-1-105
22,2755.75,1,310724,1052513406,101,ID002,3040A-3043A-3053A-9999A-9999E,ID010,301011429,233509-1-1-105
22,2755.75,1,310724,1052513406,101,ID002,3040A-3043A-3053A-9999A-9999E,ID010,301011432,233509-1-1-105
22,2755.75,1,310724,1052513406,101,ID002,3040A-3043A-3053A-9999A-9999E,ID010,301011439,233509-1-1-106
22,2755.75,1,310724,1052513406,101,ID002,3040A-3043A-3053A-9999A-9999E,ID010,301011450,233509-1-1-106
22,2755.75,1,310724,1052513406,101,ID002,3040A-3043A-3053A-9999A-9999E,ID010,301011456,233509-1-1-106
22,2755.75,1,310724,1052513406,101,ID002,3040A-3043A-3053A-9999A-9999E,ID010,301011458,233509-1-1-106
22,2755.75,1,310724,1052513407,101,ID002,3040A-3043A-3053A-3055A-9999A-9999E,ID010,301011463,233509-1-1-106
22,2755.75,1,310724,1052513407,101,ID002,3040A-3043A-3053A-3055A-9999A-9999E,ID010,301011470,233509-1-1-106
22,2755.75,1,310724,1052513407,101,ID002,3040A-3043A-3053A-3055A-9999A-9999E,ID010,301011474,233509-1-1-106
22,2755.75,1,310724,1052513407,101,ID002,3040A-3043A-3053A-3055A-9999A-9999E,ID010,301011479,233509-1-1-106
22,2755.75,1,310724,1052513407,101,ID002,3040A-3043A-3053A-3055A-9999A-9999E,ID010,301011489,233509-1-1-106
22,2755.75,1,310724,1052513407,101,ID002,3040A-3043A-3053A-3055A-9999A-9999E,ID010,301011491,233509-1-1-106
22,2755.75,1,310724,1052513407,101,ID002,3040A-3043A-3053A-3055A-9999A-9999E,ID010,301011503,233509-1-1-106
22,2755.75,1,310724,1052513407,101,ID002,3040A-3043A-3053A-3055A-9999A-9999E,ID010,301011504,233509-1-1-106
22,2755.75,1,310724,1052513408,101,ID002,3040A-3043A-3053A-3055A-9999A-9999E,ID010,301011509,233509-1-1-106
22,2755.75,1,310724,1052513408,101,ID002,3040A-3043A-3053A-3055A-9999A-9999E,ID010,301011525,233509-1-1-106
22,2425.06,1,310724,1052513408,101,ID002,3040A-3043A-3053A-3055A-9999A-9999E,ID010,301011526,233509-1-1-106
22,2755.75,1,310724,1052513408,101,ID002,3040A-3043A-3053A-3055A-9999A-9999E,ID010,301011527,233509-1-1-107
22,2755.75,1,310724,1052513408,101,ID002,3040A-3043A-3053A-3055A-9999A-9999E,ID010,301011528,233509-1-1-107
22,2755.75,1,310724,1052513408,101,ID002,3040A-3043A-3053A-3055A-9999A-9999E,ID010,301011529,233509-1-1-107
22,2755.75,1,310724,1052513408,101,ID002,3040A-3043A-3053A-3055A-9999A-9999E,ID010,301011625,233509-1-1-107
22,2755.75,1,310724,1052513408,101,ID002,3040A-3043A-3053A-3055A-9999A-9999E,ID010,301011626,233509-1-1-107
22,2755.75,1,310724,1052513409,101,ID002,3040A-3053A-9999A-9999E,ID010,301011628,233509-1-1-107
22,2755.75,1,310724,1052513409,101,ID002,3040A-3053A-9999A-9999E,ID010,301011640,233509-1-1-107
22,2755.75,1,310724,1052513409,101,ID002,3040A-3053A-9999A-9999E,ID010,301011644,233509-1-1-107
22,2755.75,1,310724,1052513409,101,ID002,3040A-3053A-9999A-9999E,ID010,301011647,233509-1-1-107
22,2755.75,1,310724,1052513409,101,ID002,3040A-3053A-9999A-9999E,ID010,301011655,233509-1-1-107
22,2755.75,1,310724,1052513409,101,ID002,3040A-3053A-9999A-9999E,ID010,301011657,233509-1-1-107
22,2755.75,1,310724,1052513409,101,ID002,3040A-3053A-9999A-9999E,ID010,301011777,233509-1-1-107
22,2755.75,1,310724,1052513409,101,ID002,3040A-3053A-9999A-9999E,ID010,301011778,233509-1-1-107
22,2755.75,1,310724,1052513410,101,ID002,3040A-3043A-3053A-9999A-9999E,ID010,301011805,233509-1-1-107
22,2755.75,1,310724,1052513410,101,ID002,3040A-3043A-3053A-9999A-9999E,ID010,301011806,233509-1-1-107
22,2755.75,1,310724,1052513410,101,ID002,3040A-3043A-3053A-9999A-9999E,ID010,301011808,233509-1-1-108
22,2755.75,1,310724,1052513410,101,ID002,3040A-3043A-3053A-9999A-9999E,ID010,301011809,233509-1-1-108
22,2755.75,1,310724,1052513410,101,ID002,3040A-3043A-3053A-9999A-9999E,ID010,301011838,233509-1-1-108
22,2755.75,1,310724,1052513410,101,ID002,3040A-3043A-3053A-9999A-9999E,ID010,301011839,233509-1-1-108
22,2755.75,1,310724,1052513410,101,ID002,3040A-3043A-3053A-9999A-9999E,ID010,301011840,233509-1-1-108
22,2755.75,1,310724,1052513410,101,ID002,3040A-3043A-3053A-9999A-9999E,ID010,301011841,233509-1-1-108
22,2755.75,1,310724,1052513411,101,ID002,3040A-3043A-3053A-3055A-9999A-9999E,ID010,301011860,233509-1-1-108
22,2755.75,1,310724,1052513411,101,ID002,3040A-3043A-3053A-3055A-9999A-9999E,ID010,301011861,233509-1-1-108
22,2755.75,1,310724,1052513411,101,ID002,3040A-3043A-3053A-3055A-9999A-9999E,ID010,301011862,233509-1-1-108
22,2755.75,1,310724,1052513411,101,ID002,3040A-3043A-3053A-3055A-9999A-9999E,ID010,301011863,233509-1-1-108
22,2755.75,1,310724,1052513411,101,ID002,3040A-3043A-3053A-3055A-9999A-9999E,ID010,301011996,233509-1-1-108
22,2755.75,1,310724,1052513411,101,ID002,3040A-3043A-3053A-3055A-9999A-9999E,ID010,301012122,233509-1-1-108
22,2755.75,1,310726,1012513401,102,WA002,9999A,WA007,301011018,233382-1-1-115
22,2755.75,1,310726,1012513401,102,WA002,9999A,WA007,301011019,233382-1-1-115
22,2755.75,1,310726,1012513401,102,WA002,9999A,WA007,301011020,233382-1-1-115
22,2755.75,1,310726,1012513401,102,WA002,9999A,WA007,301011021,233382-1-1-115
22,2755.75,1,310726,1012513401,102,WA002,9999A,WA007,301011022,233382-1-1-115
22,2755.75,1,310726,1012513401,102,WA002,9999A,WA007,301011066,233382-1-1-115
22,2755.75,1,310726,1012513401,102,WA002,9999A,WA007,301011067,233382-1-1-115
22,2755.75,1,310726,1012513401,102,WA002,9999A,WA007,301011068,233382-1-1-115
22,2755.75,1,310726,1012513402,102,WA002,9999A,WA007,301011082,233382-1-1-115
22,2755.75,1,310726,1012513402,102,WA002,9999A,WA007,301011083,233382-1-1-115
22,2755.75,1,310726,1012513402,102,WA002,9999A,WA007,301011084,233382-1-1-116
22,2755.75,1,310726,1012513402,102,WA002,9999A,WA007,301011090,233382-1-1-116
22,2755.75,1,310726,1012513402,102,WA002,9999A,WA007,301011091,233382-1-1-116
22,2755.75,1,310726,1012513402,102,WA002,9999A,WA007,301011092,233382-1-1-116
22,2755.75,1,310726,1012513402,102,WA002,9999A,WA007,301011111,233382-1-1-116
22,2755.75,1,310726,1012513402,102,WA002,9999A,WA007,301011112,233382-1-1-116
22,2755.75,1,310726,1012513403,102,WA002,9999A,WA007,301011122,233382-1-1-116
22,2755.75,1,310726,1012513403,102,WA002,9999A,WA007,301011123,233382-1-1-116
22,2755.75,1,310726,1012513403,102,WA002,9999A,WA007,301011124,233382-1-1-116
22,2755.75,1,310726,1012513403,102,WA002,9999A,WA007,301011126,233382-1-1-116
22,2755.75,1,310726,1012513403,102,WA002,9999A,WA007,301011151,233382-1-1-116
22,2755.75,1,310726,1012513403,102,WA002,9999A,WA007,301011153,233382-1-1-116
22,2755.75,1,310726,1012513403,102,WA002,9999A,WA007,301011155,233382-1-1-116
22,2755.75,1,310726,1012513403,102,WA002,9999A,WA007,301011219,233382-1-1-116
22,2755.75,1,310726,1012513404,102,WA002,9999A,WA007,301011240,233382-1-1-116
22,2755.75,1,310726,1012513404,102,WA002,9999A,WA007,301011280,233382-1-1-116
22,2755.75,1,310726,1012513404,102,WA002,9999A,WA007,301011294,233382-1-1-116
22,2755.75,1,310726,1012513404,102,WA002,9999A,WA007,301011296,233382-1-1-116
22,2755.75,1,310726,1012513404,102,WA002,9999A,WA007,301011305,233382-1-1-116
22,2755.75,1,310726,1012513404,102,WA002,9999A,WA007,301011306,233382-1-1-116
22,2755.75,1,310726,1012513404,102,WA002,9999A,WA007,301011327,233382-1-1-117
22,2755.75,1,310726,1012513404,102,WA002,9999A,WA007,301011329,233382-1-1-117
22,2755.75,1,310726,1012513405,102,WA002,9999A,WA007,301011339,233382-1-1-117
22,2755.75,1,310726,1012513405,102,WA002,9999A,WA007,301011341,233382-1-1-117
22,2755.75,1,310726,1012513405,102,WA002,9999A,WA007,301011350,233382-1-1-117
22,2755.75,1,310726,1012513405,102,WA002,9999A,WA007,301011371,233382-1-1-117
22,2755.75,1,310726,1012513405,102,WA002,9999A,WA007,301011372,233382-1-1-117
22,2755.75,1,310726,1012513405,102,WA002,9999A,WA007,301011385,233382-1-1-117
22,2755.75,1,310726,1012513405,102,WA002,9999A,WA007,301011386,233382-1-1-117
22,2755.75,1,310726,1012513405,102,WA002,9999A,WA007,301011387,233382-1-1-117
22,2755.75,1,310726,1012513406,102,WA002,9999A,WA007,301011403,233382-1-1-117
22,2755.75,1,310726,1012513406,102,WA002,9999A,WA007,301011404,233382-1-1-117
22,2755.75,1,310726,1012513406,102,WA002,9999A,WA007,301011430,233382-1-1-117
22,2755.75,1,310726,1012513406,102,WA002,9999A,WA007,301011431,233382-1-1-117
22,2755.75,1,310726,1012513406,102,WA002,9999A,WA007,301011435,233382-1-1-117
22,2755.75,1,310726,1012513406,102,WA002,9999A,WA007,301011436,233382-1-1-117
22,2755.75,1,310726,1012513406,102,WA002,9999A,WA007,301011442,233382-1-1-117
22,2755.75,1,310726,1012513406,102,WA002,9999A,WA007,301011448,233382-1-1-117
22,2755.75,1,310726,1012513407,102,WA002,9999A,WA007,301011466,233382-1-1-117
22,2755.75,1,310726,1012513407,102,WA002,9999A,WA007,301011467,233382-1-1-117
22,2755.75,1,310726,1012513407,102,WA002,9999A,WA007,301011468,233382-1-1-118
22,2755.75,1,310726,1012513407,102,WA002,9999A,WA007,301011472,233382-1-1-118
22,2755.75,1,310726,1012513407,102,WA002,9999A,WA007,301011473,233382-1-1-118
22,2755.75,1,310726,1012513407,102,WA002,9999A,WA007,301011490,233382-1-1-118
22,2755.75,1,310726,1012513407,102,WA002,9999A,WA007,301011512,233382-1-1-118
22,2755.75,1,310726,1012513407,102,WA002,9999A,WA007,301011513,233382-1-1-118
22,2755.75,1,310726,1012513408,102,WA002,9999A,WA007,301011515,233382-1-1-118
22,2755.75,1,310726,1012513408,102,WA002,9999A,WA007,301011547,233382-1-1-118
22,2755.75,1,310726,1012513408,102,WA002,9999A,WA007,301011548,233382-1-1-118
22,2755.75,1,310726,1012513408,102,WA002,9999A,WA007,301011549,233382-1-1-118
22,2755.75,1,310726,1012513408,102,WA002,9999A,WA007,301011550,233382-1-1-118
22,2755.75,1,310726,1012513408,102,WA002,9999A,WA007,301011551,233382-1-1-118
22,2755.75,1,310726,1012513408,102,WA002,9999A,WA007,301011590,233382-1-1-118
22,2755.75,1,310726,1012513408,102,WA002,9999A,WA007,301011591,233382-1-1-118
22,2755.75,1,310726,1012513409,102,WA002,9999A,WA007,301011602,233382-1-1-118
22,2755.75,1,310726,1012513409,102,WA002,9999A,WA007,301011604,233382-1-1-118
22,2755.75,1,310726,1012513409,102,WA002,9999A,WA007,301011605,233382-1-1-118
22,2700.635,1,310726,1012513409,102,WA002,9999A,WA007,301011606,233382-1-1-118
22,2755.75,1,310726,1012513409,102,WA002,9999A,WA007,301011627,233382-1-1-118
22,2755.75,1,310726,1012513409,102,WA002,9999A,WA007,301011629,233382-1-1-118
22,2755.75,1,310726,1012513409,102,WA002,9999A,WA007,301011632,233382-1-1-119
22,2755.75,1,310726,1012513409,102,WA002,9999A,WA007,301011665,233382-1-1-119
22,2755.75,1,310726,1012513410,102,WA002,9999A,WA007,301011720,233382-1-1-119
22,2755.75,1,310726,1012513410,102,WA002,9999A,WA007,301011721,233382-1-1-119
22,2755.75,1,310726,1012513410,102,WA002,9999A,WA007,301011722,233382-1-1-119
22,2755.75,1,310726,1012513410,102,WA002,9999A,WA007,301011724,233382-1-1-119
22,2755.75,1,310726,1012513410,102,WA002,9999A,WA007,301011725,233382-1-1-119
22,2755.75,1,310726,1012513410,102,WA002,9999A,WA007,301011726,233382-1-1-119
22,2755.75,1,310726,1012513410,102,WA002,9999A,WA007,301011730,233382-1-1-119
22,2755.75,1,310726,1012513410,102,WA002,9999A,WA007,301011731,233382-1-1-119
22,2755.75,1,310726,1012513411,102,WA002,9999A,WA007,301011751,233382-1-1-119
22,2755.75,1,310726,1012513411,102,WA002,9999A,WA007,301011752,233382-1-1-119
22,2755.75,1,310726,1012513411,102,WA002,9999A,WA007,301011753,233382-1-1-119
22,2755.75,1,310726,1012513411,102,WA002,9999A,WA007,301011754,233382-1-1-119
22,2755.75,1,310726,1012513411,102,WA002,9999A,WA007,301011795,233382-1-1-119
22,2755.75,1,310726,1012513411,102,WA002,9999A,WA007,301011796,233382-1-1-119
22,2755.75,1,310726,1012513411,102,WA002,9999A,WA007,301011797,233382-1-1-119
22,2755.75,1,310726,1012513411,102,WA002,9999A,WA007,301011804,233382-1-1-119
22,2755.75,1,310726,1012513412,102,WA002,9999A,WA007,301011833,233382-1-1-119
22,2755.75,1,310726,1012513412,102,WA002,9999A,WA007,301011836,233382-1-1-119
22,2755.75,1,310726,1012513412,102,WA002,9999A,WA007,301011837,233382-1-1-120
22,2755.75,1,310726,1012513412,102,WA002,9999A,WA007,301011845,233382-1-1-120
22,2755.75,1,310726,1012513412,102,WA002,9999A,WA007,301011846,233382-1-1-120
22,2755.75,1,310726,1012513412,102,WA002,9999A,WA007,301011847,233382-1-1-120
22,2755.75,1,310726,1012513412,102,WA002,9999A,WA007,301011848,233382-1-1-120
22,2755.75,1,310726,1012513412,102,WA002,9999A,WA007,301011856,233382-1-1-120
22,2755.75,1,310726,1012513413,102,WA002,9999A,WA007,301011864,233382-1-1-120
22,2755.75,1,310726,1012513413,102,WA002,9999A,WA007,301011865,233382-1-1-120
22,2755.75,1,310726,1012513413,102,WA002,9999A,WA007,301011867,233382-1-1-120
22,2755.75,1,310726,1012513413,102,WA002,9999A,WA007,301011869,233382-1-1-120
22,2755.75,1,310726,1012513413,102,WA002,9999A,WA007,301011870,233382-1-1-120
22,2755.75,1,310726,1012513413,102,WA002,9999A,WA007,301011886,233382-1-1-120
22,2755.75,1,310726,1012513413,102,WA002,9999A,WA007,301011887,233382-1-1-120
22,2755.75,1,310726,1012513413,102,WA002,9999A,WA007,301011888,233382-1-1-120
22,2755.75,1,310726,1012513414,102,WA002,9999A,WA007,301011895,233382-1-1-120
22,2755.75,1,310726,1012513414,102,WA002,9999A,WA007,301011896,233382-1-1-120
22,2755.75,1,310726,1012513414,102,WA002,9999A,WA007,301011897,233382-1-1-120
22,2755.75,1,310726,1012513414,102,WA002,9999A,WA007,301011898,233382-1-1-120
22,2755.75,1,310726,1012513414,102,WA002,9999A,WA007,301011899,233382-1-1-120
22,2755.75,1,310726,1012513414,102,WA002,9999A,WA007,301011900,233382-1-1-120
22,2755.75,1,310726,1012513414,102,WA002,9999A,WA007,301011901,233118-1-2-102
22,2755.75,1,310726,1012513414,102,WA002,9999A,WA007,301011902,233118-1-2-102
22,2755.75,1,310726,1012513415,102,WA002,9999A,WA007,301011951,233118-1-2-102
22,2755.75,1,310726,1012513415,102,WA002,9999A,WA007,301011952,233118-1-2-102
22,2755.75,1,310726,1012513415,102,WA002,9999A,WA007,301011953,233118-1-2-102
22,2755.75,1,310726,1012513415,102,WA002,9999A,WA007,301011970,233118-1-2-102
22,2755.75,1,310726,1012513415,102,WA002,9999A,WA007,301011980,233118-1-2-102
22,2755.75,1,310726,1012513415,102,WA002,9999A,WA007,301011985,233118-1-2-102
22,2755.75,1,310726,1012513415,102,WA002,9999A,WA007,301011999,233118-1-2-102
22,2755.75,1,310726,1012513415,102,WA002,9999A,WA007,301012000,233118-1-2-102
23,2590.405,1,310002,1002513301,102,WA001,9999A,WA001,301010574,""
23,2755.75,1,310002,1002513301,102,WA001,9999A,WA001,301010691,""
23,2755.75,1,310002,1002513301,102,WA001,9999A,WA001,301010692,""
23,2755.75,1,310002,1002513301,102,WA001,9999A,WA001,301010693,""
23,2755.75,1,310002,1002513301,102,WA001,9999A,WA001,301010694,""
23,2755.75,1,310002,1002513301,102,WA001,9999A,WA001,301010695,""
23,2755.75,1,310002,1002513301,102,WA001,9999A,WA001,301010697,""
23,2755.75,1,310002,1002513301,102,WA001,9999A,WA001,301010698,""
23,2755.75,1,310002,1002513302,102,WA001,9999A,WA001,301010709,""
23,2755.75,1,310002,1002513302,102,WA001,9999A,WA001,301010710,""
23,2755.75,1,310002,1002513302,102,WA001,9999A,WA001,301010711,""
23,2755.75,1,310002,1002513302,102,WA001,9999A,WA001,301010712,""
23,2755.75,1,310002,1002513302,102,WA001,9999A,WA001,301010713,""
23,2755.75,1,310002,1002513302,102,WA001,9999A,WA001,301010714,""
23,2755.75,1,310002,1002513302,102,WA001,9999A,WA001,301010715,""
23,2755.75,1,310002,1002513302,102,WA001,9999A,WA001,301010716,""
23,2755.75,1,310002,1002513303,102,WA001,9999A,WA001,301010862,""
23,2755.75,1,310002,1002513303,102,WA001,9999A,WA001,301010863,""
23,2755.75,1,310002,1002513303,102,WA001,9999A,WA001,301010864,""
23,2755.75,1,310002,1002513303,102,WA001,9999A,WA001,301010866,""
23,2755.75,1,310002,1002513303,102,WA001,9999A,WA001,301010868,""
23,2755.75,1,310002,1002513303,102,WA001,9999A,WA001,301010869,""
23,2755.75,1,310002,1002513303,102,WA001,9999A,WA001,301010870,""
23,2755.75,1,310002,1002513303,102,WA001,9999A,WA001,301010871,""
23,2755.75,1,310002,1002513304,102,WA001,9999A,WA001,301011054,""
23,2755.75,1,310002,1002513304,102,WA001,9999A,WA001,301011056,""
23,2755.75,1,310002,1002513304,102,WA001,9999A,WA001,301011059,""
23,2007,1,310086,1052513331,101,ID002,3139A-3140A-9999A,ID002,301010645,""
23,2002,1,310086,1052513331,101,ID002,3139A-3140A-9999A,ID002,301010646,""
23,2013,1,310086,1052513331,101,ID002,3139A-3140A-9999A,ID002,301010647,""
23,2002,1,310086,1052513331,101,ID002,3139A-3140A-9999A,ID002,301010648,""
23,1997,1,310086,1052513331,101,ID002,3139A-3140A-9999A,ID002,301010649,""
23,2177,1,310086,1052513331,101,ID002,3139A-3140A-9999A,ID002,301010650,""
23,2092,1,310086,1052513331,101,ID002,3139A-3140A-9999A,ID002,301010651,""
23,2040,1,310086,1052513331,101,ID002,3139A-3140A-9999A,ID010,301010643,""
23,2082,1,310086,1052513332,101,ID002,3139A-3140A-9999A,ID002,301010652,""
23,2254,1,310086,1052513332,101,ID002,3139A-3140A-9999A,ID002,301010653,""
23,2092,1,310086,1052513332,101,ID002,3139A-3140A-9999A,ID002,301010654,""
23,2098,1,310086,1052513332,101,ID002,3139A-3140A-9999A,ID002,301010655,""
23,2230,1,310086,1052513332,101,ID002,3139A-3140A-9999A,ID002,301010673,""
23,2075,1,310086,1052513332,101,ID002,3139A-3140A-9999A,ID002,301010674,""
23,2068,1,310086,1052513332,101,ID002,3139A-3140A-9999A,ID002,301010704,""
23,2068,1,310086,1052513332,101,ID002,3139A-3140A-9999A,ID002,301010705,""
23,1011,0,310086,1052513333,101,ID002,3139A-3140A-9999A,ID010,301010717,""
23,2755.75,1,310724,1052513301,101,ID002,3040A-3043A-3053A-9999A-9999E,ID010,301010749,233509-1-1-101
23,2755.75,1,310724,1052513301,101,ID002,3040A-3043A-3053A-9999A-9999E,ID010,301010751,233509-1-1-101
23,2755.75,1,310724,1052513301,101,ID002,3040A-3043A-3053A-9999A-9999E,ID010,301010752,233509-1-1-101
23,2755.75,1,310724,1052513301,101,ID002,3040A-3043A-3053A-9999A-9999E,ID010,301010753,233509-1-1-101
23,2755.75,1,310724,1052513301,101,ID002,3040A-3043A-3053A-9999A-9999E,ID010,301010757,233509-1-1-101
23,2755.75,1,310724,1052513301,101,ID002,3040A-3043A-3053A-9999A-9999E,ID010,301010758,233509-1-1-101
23,2755.75,1,310724,1052513301,101,ID002,3040A-3043A-3053A-9999A-9999E,ID010,301010760,233509-1-1-101
23,2755.75,1,310724,1052513301,101,ID002,3040A-3043A-3053A-9999A-9999E,ID010,301010761,233509-1-1-101
23,2755.75,1,310724,1052513302,101,ID002,3040A-3043A-3053A-9999A-9999E,ID010,301010774,233509-1-1-101
23,2755.75,1,310724,1052513302,101,ID002,3040A-3043A-3053A-9999A-9999E,ID010,301010775,233509-1-1-101
23,2755.75,1,310724,1052513302,101,ID002,3040A-3043A-3053A-9999A-9999E,ID010,301010793,233509-1-1-101
23,2755.75,1,310724,1052513302,101,ID002,3040A-3043A-3053A-9999A-9999E,ID010,301010794,233509-1-1-101
23,2755.75,1,310724,1052513302,101,ID002,3040A-3043A-3053A-9999A-9999E,ID010,301010798,233509-1-1-101
23,2755.75,1,310724,1052513302,101,ID002,3040A-3043A-3053A-9999A-9999E,ID010,301010799,233509-1-1-101
23,2755.75,1,310724,1052513302,101,ID002,3040A-3043A-3053A-9999A-9999E,ID010,301010815,233509-1-1-101
23,2755.75,1,310724,1052513302,101,ID002,3040A-3043A-3053A-9999A-9999E,ID010,301010816,233509-1-1-102
23,2755.75,1,310724,1052513303,101,ID002,3040A-3043A-3053A-3055A-9999A-9999E,ID010,301010817,233509-1-1-102
23,2755.75,1,310724,1052513303,101,ID002,3040A-3043A-3053A-3055A-9999A-9999E,ID010,301010831,233509-1-1-102
23,2755.75,1,310724,1052513303,101,ID002,3040A-3043A-3053A-3055A-9999A-9999E,ID010,301010861,233509-1-1-102
23,2755.75,1,310724,1052513303,101,ID002,3040A-3043A-3053A-3055A-9999A-9999E,ID010,301010865,233509-1-1-102
23,2755.75,1,310724,1052513303,101,ID002,3040A-3043A-3053A-3055A-9999A-9999E,ID010,301010880,233509-1-1-102
23,2755.75,1,310724,1052513303,101,ID002,3040A-3043A-3053A-3055A-9999A-9999E,ID010,301010881,233509-1-1-102
23,2755.75,1,310724,1052513303,101,ID002,3040A-3043A-3053A-3055A-9999A-9999E,ID010,301010892,233509-1-1-102
23,2755.75,1,310724,1052513303,101,ID002,3040A-3043A-3053A-3055A-9999A-9999E,ID010,301010893,233509-1-1-102
23,2755.75,1,310724,1052513304,101,ID002,3040A-3043A-3053A-3055A-9999A-9999E,ID010,301010899,233509-1-1-102
23,2755.75,1,310724,1052513304,101,ID002,3040A-3043A-3053A-3055A-9999A-9999E,ID010,301010911,233509-1-1-102
23,2755.75,1,310724,1052513304,101,ID002,3040A-3043A-3053A-3055A-9999A-9999E,ID010,301010913,233509-1-1-102
23,2755.75,1,310724,1052513304,101,ID002,3040A-3043A-3053A-3055A-9999A-9999E,ID010,301010917,233509-1-1-102
23,2755.75,1,310724,1052513304,101,ID002,3040A-3043A-3053A-3055A-9999A-9999E,ID010,301010919,233509-1-1-102
23,2755.75,1,310724,1052513304,101,ID002,3040A-3043A-3053A-3055A-9999A-9999E,ID010,301010929,233509-1-1-102
23,2755.75,1,310724,1052513304,101,ID002,3040A-3043A-3053A-3055A-9999A-9999E,ID010,301010930,233509-1-1-103
23,2755.75,1,310724,1052513304,101,ID002,3040A-3043A-3053A-3055A-9999A-9999E,TX001,301010898,""
23,2755.75,1,310726,1012513301,101,WA002,3035A-9999A-9999E,WA007,301009943,232664-1-1-101
23,2755.75,1,310726,1012513301,101,WA002,3035A-9999A-9999E,WA007,301009944,232664-1-1-101
23,2755.75,1,310726,1012513301,101,WA002,3035A-9999A-9999E,WA007,301009945,232664-1-1-101
23,2755.75,1,310726,1012513301,101,WA002,3035A-9999A-9999E,WA007,301009946,232664-1-1-101
23,2755.75,1,310726,1012513301,101,WA002,3035A-9999A-9999E,WA007,301009947,232664-1-1-101
23,2755.75,1,310726,1012513301,101,WA002,3035A-9999A-9999E,WA007,301009948,232664-1-1-101
23,2755.75,1,310726,1012513301,101,WA002,3035A-9999A-9999E,WA007,301009949,232664-1-1-101
23,2755.75,1,310726,1012513301,101,WA002,3035A-9999A-9999E,WA007,301009950,232664-1-1-101
23,2755.75,1,310726,1012513302,101,WA002,3035A-9999A-9999E,WA007,301010015,232664-1-1-101
23,2755.75,1,310726,1012513302,101,WA002,3035A-9999A-9999E,WA007,301010016,232664-1-1-101
23,2755.75,1,310726,1012513302,101,WA002,3035A-9999A-9999E,WA007,301010017,232664-1-1-101
23,2755.75,1,310726,1012513302,101,WA002,3035A-9999A-9999E,WA007,301010076,232664-1-1-101
23,2755.75,1,310726,1012513302,101,WA002,3035A-9999A-9999E,WA007,301010077,232664-1-1-101
23,2755.75,1,310726,1012513302,101,WA002,3035A-9999A-9999E,WA007,301010078,232664-1-1-101
23,2755.75,1,310726,1012513302,101,WA002,3035A-9999A-9999E,WA007,301010087,232663-1-1-101
23,2755.75,1,310726,1012513302,101,WA002,3035A-9999A-9999E,WA007,301010088,232663-1-1-101
23,2755.75,1,310726,1012513303,101,WA002,3015A-3035A-9999A-9999C-9999E,WA007,301010092,232663-1-1-101
23,2755.75,1,310726,1012513303,101,WA002,3015A-3035A-9999A-9999C-9999E,WA007,301010093,232663-1-1-101
23,2755.75,1,310726,1012513303,101,WA002,3015A-3035A-9999A-9999C-9999E,WA007,301010101,232663-1-1-101
23,2755.75,1,310726,1012513303,101,WA002,3015A-3035A-9999A-9999C-9999E,WA007,301010111,232663-1-1-101
23,2755.75,1,310726,1012513303,101,WA002,3015A-3035A-9999A-9999C-9999E,WA007,301010156,232663-1-1-101
23,2755.75,1,310726,1012513303,101,WA002,3015A-3035A-9999A-9999C-9999E,WA007,301010157,232663-1-1-101
23,2755.75,1,310726,1012513303,101,WA002,3015A-3035A-9999A-9999C-9999E,WA007,301010158,232663-1-1-101
23,2755.75,1,310726,1012513303,101,WA002,3015A-3035A-9999A-9999C-9999E,WA007,301010171,232663-1-1-101
23,2755.75,1,310726,1012513304,101,WA002,3035A-9999A-9999C-9999E,WA007,301010172,232663-1-1-101
23,2755.75,1,310726,1012513304,101,WA002,3035A-9999A-9999C-9999E,WA007,301010173,232663-1-1-101
23,2755.75,1,310726,1012513304,101,WA002,3035A-9999A-9999C-9999E,WA007,301010181,232663-1-1-101
23,2755.75,1,310726,1012513304,101,WA002,3035A-9999A-9999C-9999E,WA007,301010182,232663-1-1-101
23,2755.75,1,310726,1012513304,101,WA002,3035A-9999A-9999C-9999E,WA007,301010183,232663-1-1-101
23,2755.75,1,310726,1012513304,101,WA002,3035A-9999A-9999C-9999E,WA007,301010210,232663-1-1-101
23,2755.75,1,310726,1012513304,101,WA002,3035A-9999A-9999C-9999E,WA007,301010211,232663-1-1-101
23,2755.75,1,310726,1012513304,101,WA002,3035A-9999A-9999C-9999E,WA007,301010212,232663-1-1-101
23,2755.75,1,310726,1012513305,101,WA002,3035A-9999A-9999C-9999E,WA007,301010249,232663-1-1-101
23,2755.75,1,310726,1012513305,101,WA002,3035A-9999A-9999C-9999E,WA007,301010255,232663-1-1-101
23,2755.75,1,310726,1012513305,101,WA002,3035A-9999A-9999C-9999E,WA007,301010256,232663-1-1-101
23,2755.75,1,310726,1012513305,101,WA002,3035A-9999A-9999C-9999E,WA007,301010262,232663-1-1-101
23,2755.75,1,310726,1012513305,101,WA002,3035A-9999A-9999C-9999E,WA007,301010263,232663-1-1-101
23,2755.75,1,310726,1012513305,101,WA002,3035A-9999A-9999C-9999E,WA007,301010264,232663-1-1-101
23,2755.75,1,310726,1012513305,101,WA002,3035A-9999A-9999C-9999E,WA007,301010268,232663-1-1-101
23,2755.75,1,310726,1012513305,101,WA002,3035A-9999A-9999C-9999E,WA007,301010269,232663-1-1-101
23,2755.75,1,310726,1012513306,102,WA002,9999A,WA007,301010297,233382-1-1-113
23,2755.75,1,310726,1012513306,102,WA002,9999A,WA007,301010300,233382-1-1-113
23,2755.75,1,310726,1012513306,102,WA002,9999A,WA007,301010301,233382-1-1-113
23,2755.75,1,310726,1012513306,102,WA002,9999A,WA007,301010302,233382-1-1-113
23,2755.75,1,310726,1012513306,102,WA002,9999A,WA007,301010313,233382-1-1-113
23,2755.75,1,310726,1012513306,102,WA002,9999A,WA007,301010314,233382-1-1-113
23,2755.75,1,310726,1012513306,102,WA002,9999A,WA007,301010315,233382-1-1-113
23,2755.75,1,310726,1012513306,102,WA002,9999A,WA007,301010374,233382-1-1-113
23,2755.75,1,310726,1012513307,102,WA002,9999A,WA007,301010393,233382-1-1-113
23,2755.75,1,310726,1012513307,102,WA002,9999A,WA007,301010394,233382-1-1-113
23,2755.75,1,310726,1012513307,102,WA002,9999A,WA007,301010400,233382-1-1-114
23,2755.75,1,310726,1012513307,102,WA002,9999A,WA007,301010402,233382-1-1-114
23,2755.75,1,310726,1012513307,102,WA002,9999A,WA007,301010403,233382-1-1-114
23,2755.75,1,310726,1012513307,102,WA002,9999A,WA007,301010417,233382-1-1-114
23,2755.75,1,310726,1012513307,102,WA002,9999A,WA007,301010418,233382-1-1-114
23,2755.75,1,310726,1012513307,102,WA002,9999A,WA007,301010419,233382-1-1-114
23,2755.75,1,310726,1012513308,102,WA002,9999A,WA007,301010443,233382-1-1-114
23,2755.75,1,310726,1012513308,102,WA002,9999A,WA007,301010444,233382-1-1-114
23,2755.75,1,310726,1012513308,102,WA002,9999A,WA007,301010445,233382-1-1-114
23,2755.75,1,310726,1012513308,102,WA002,9999A,WA007,301010449,233382-1-1-114
23,2755.75,1,310726,1012513308,102,WA002,9999A,WA007,301010450,233382-1-1-114
23,2755.75,1,310726,1012513308,102,WA002,9999A,WA007,301010456,233382-1-1-114
23,2755.75,1,310726,1012513308,102,WA002,9999A,WA007,301010459,233382-1-1-114
23,2755.75,1,310726,1012513308,102,WA002,9999A,WA007,301010464,233382-1-1-114
23,2755.75,1,310726,1012513309,102,WA002,9999A,WA007,301010470,233382-1-1-114
23,2755.75,1,310726,1012513309,102,WA002,9999A,WA007,301010479,233382-1-1-114
23,2755.75,1,310726,1012513309,102,WA002,9999A,WA007,301010488,233382-1-1-114
23,2755.75,1,310726,1012513309,102,WA002,9999A,WA007,301010492,233382-1-1-114
23,2755.75,1,310726,1012513309,102,WA002,9999A,WA007,301010504,233382-1-1-114
23,2755.75,1,310726,1012513309,102,WA002,9999A,WA007,301010625,233382-1-1-114
23,2755.75,1,310726,1012513309,102,WA002,9999A,WA007,301010626,233382-1-1-115
23,2755.75,1,310726,1012513309,102,WA002,9999A,WA007,301010627,233382-1-1-115
23,2755.75,1,310726,1012513310,102,WA002,9999A,WA007,301010639,233382-1-1-115
23,2755.75,1,310726,1012513310,102,WA002,9999A,WA007,301010640,233382-1-1-115
23,2755.75,1,310726,1012513310,102,WA002,9999A,WA007,301010641,233382-1-1-115
23,2755.75,1,310726,1012513310,102,WA002,9999A,WA007,301010642,233382-1-1-115
23,2755.75,1,310726,1012513310,102,WA002,9999A,WA007,301010644,233382-1-1-115
23,2755.75,1,310726,1012513310,102,WA002,9999A,WA007,301010670,233382-1-1-115
23,2755.75,1,310726,1012513310,102,WA002,9999A,WA007,301010671,233382-1-1-115
23,2755.75,1,310726,1012513310,102,WA002,9999A,WA007,301010672,233382-1-1-115
23,2755.75,1,310726,1012513311,101,WA002,3015A-9999A-9999E,WA007,301010699,""
23,2755.75,1,310726,1012513311,101,WA002,3015A-9999A-9999E,WA007,301010700,""
23,2755.75,1,310726,1012513311,101,WA002,3015A-9999A-9999E,WA007,301010701,""
23,2755.75,1,310726,1012513311,101,WA002,3015A-9999A-9999E,WA007,301010702,""
23,2755.75,1,310726,1012513311,101,WA002,3015A-9999A-9999E,WA007,301010703,""
23,2755.75,1,310726,1012513311,101,WA002,3015A-9999A-9999E,WA007,301010739,""
23,2755.75,1,310726,1012513311,101,WA002,3015A-9999A-9999E,WA007,301010742,""
23,2755.75,1,310726,1012513311,101,WA002,3015A-9999A-9999E,WA007,301010743,""
23,2755.75,1,310726,1012513312,101,WA002,3035A-9999A-9999E,WA007,301010744,232663-1-1-101
23,2755.75,1,310726,1012513312,101,WA002,3035A-9999A-9999E,WA007,301010745,232663-1-1-101
23,2755.75,1,310726,1012513312,101,WA002,3035A-9999A-9999E,WA007,301010746,232663-1-1-101
23,2755.75,1,310726,1012513312,101,WA002,3035A-9999A-9999E,WA007,301010747,232663-1-1-101
23,2755.75,1,310726,1012513312,101,WA002,3035A-9999A-9999E,WA007,301010748,232663-1-1-101
23,2755.75,1,310726,1012513312,101,WA002,3035A-9999A-9999E,WA007,301010795,232663-1-1-101
23,2755.75,1,310726,1012513312,101,WA002,3035A-9999A-9999E,WA007,301010796,232663-1-1-101
23,2755.75,1,310726,1012513312,101,WA002,3035A-9999A-9999E,WA007,301010797,232663-1-1-101
23,2755.75,1,310726,1012513313,101,WA002,3015A-9999A-9999E,WA007,301010800,""
23,2755.75,1,310726,1012513313,101,WA002,3015A-9999A-9999E,WA007,301010801,""
23,2755.75,1,310726,1012513313,101,WA002,3015A-9999A-9999E,WA007,301010802,""
23,2755.75,1,310726,1012513313,101,WA002,3015A-9999A-9999E,WA007,301010803,""
23,2755.75,1,310726,1012513313,101,WA002,3015A-9999A-9999E,WA007,301010804,""
23,2755.75,1,310726,1012513313,101,WA002,3015A-9999A-9999E,WA007,301010805,""
23,2755.75,1,310726,1012513313,101,WA002,3015A-9999A-9999E,WA007,301010806,""
23,2755.75,1,310726,1012513313,101,WA002,3015A-9999A-9999E,WA007,301010835,""
23,2755.75,1,310726,1012513314,101,WA002,3015A-9999A-9999E,WA007,301010836,""
23,2755.75,1,310726,1012513314,101,WA002,3015A-9999A-9999E,WA007,301010837,""
23,2755.75,1,310726,1012513314,101,WA002,3015A-9999A-9999E,WA007,301010840,""
23,2755.75,1,310726,1012513314,101,WA002,3015A-9999A-9999E,WA007,301010841,""
23,2755.75,1,310726,1012513314,101,WA002,3015A-9999A-9999E,WA007,301010903,""
23,2755.75,1,310726,1012513314,101,WA002,3015A-9999A-9999E,WA007,301010904,""
23,2755.75,1,310726,1012513314,101,WA002,3015A-9999A-9999E,WA007,301010905,""
23,2755.75,1,310726,1012513314,101,WA002,3015A-9999A-9999E,WA007,301010906,""
23,2755.75,1,310726,1012513315,101,WA002,3015A-9999A-9999E,WA007,301010907,""
23,2755.75,1,310726,1012513315,101,WA002,3015A-9999A-9999E,WA007,301010908,""
23,2755.75,1,310726,1012513315,101,WA002,3015A-9999A-9999E,WA007,301010944,""
23,2755.75,1,310726,1012513315,101,WA002,3015A-9999A-9999E,WA007,301010945,""
23,2755.75,1,310726,1012513315,101,WA002,3015A-9999A-9999E,WA007,301010981,""
24,2755.75,1,310002,1002513201,102,WA001,9999A,WA001,301008844,""
24,2755.75,1,310002,1002513201,102,WA001,9999A,WA001,301008845,""
24,2755.75,1,310002,1002513201,102,WA001,9999A,WA001,301008846,""
24,2755.75,1,310002,1002513201,102,WA001,9999A,WA001,301008847,""
24,2755.75,1,310002,1002513201,102,WA001,9999A,WA001,301008945,""
24,2755.75,1,310002,1002513201,102,WA001,9999A,WA001,301008946,""
24,2755.75,1,310002,1002513201,102,WA001,9999A,WA001,301008947,""
24,2755.75,1,310002,1002513201,102,WA001,9999A,WA001,301008948,""
24,2755.75,1,310002,1002513202,102,WA001,9999A,WA001,301009019,""
24,2755.75,1,310002,1002513202,102,WA001,9999A,WA001,301009021,""
24,2755.75,1,310002,1002513202,102,WA001,9999A,WA001,301009023,""
24,2755.75,1,310002,1002513202,102,WA001,9999A,WA001,301009040,""
24,2755.75,1,310002,1002513202,102,WA001,9999A,WA001,301009047,""
24,2755.75,1,310002,1002513202,102,WA001,9999A,WA001,301009056,""
24,2755.75,1,310002,1002513202,102,WA001,9999A,WA001,301009085,""
24,2755.75,1,310002,1002513202,102,WA001,9999A,WA001,301009086,""
24,2755.75,1,310002,1002513203,102,WA001,9999A,WA001,301009126,""
24,2755.75,1,310002,1002513203,102,WA001,9999A,WA001,301009128,""
24,2755.75,1,310002,1002513203,102,WA001,9999A,WA001,301009130,""
24,2755.75,1,310002,1002513203,102,WA001,9999A,WA001,301009131,""
24,165.345,0,310002,1002513203,102,WA001,9999A,WA001,301009219,""
24,2037,1,310086,1052513231,101,ID002,3139A-3140A-9999A,ID010,301009248,""
24,2074,1,310086,1052513231,101,ID002,3139A-3140A-9999A,ID010,301009249,""
24,2154,1,310086,1052513231,101,ID002,3139A-3140A-9999A,ID010,301009250,""
24,2063,1,310086,1052513231,101,ID002,3139A-3140A-9999A,ID010,301009251,""
24,2186,1,310086,1052513231,101,ID002,3139A-3140A-9999A,ID010,301009290,""
24,2092,1,310086,1052513231,101,ID002,3139A-3140A-9999A,ID010,301009291,""
24,2142,1,310086,1052513231,101,ID002,3139A-3140A-9999A,ID010,301009303,""
24,2082,1,310086,1052513231,101,ID002,3139A-3140A-9999A,ID010,301009304,""
24,2150,1,310086,1052513232,101,ID002,3139A-3140A-9999A,ID010,301009312,""
24,2100,1,310086,1052513232,101,ID002,3139A-3140A-9999A,ID010,301009313,""
24,2135,1,310086,1052513232,101,ID002,3139A-3140A-9999A,ID010,301009326,""
24,2085,1,310086,1052513232,101,ID002,3139A-3140A-9999A,ID010,301009327,""
24,2154,1,310086,1052513232,101,ID002,3139A-3140A-9999A,ID010,301009441,""
24,2172,1,310086,1052513232,101,ID002,3139A-3140A-9999A,ID010,301009442,""
24,2083,1,310086,1052513232,101,ID002,3139A-3140A-9999A,ID010,301009512,""
24,2087,1,310086,1052513232,101,ID002,3139A-3140A-9999A,ID010,301009513,""
24,2120,1,310086,1052513233,101,ID002,3139A-3140A-9999A,ID010,301009514,""
24,2160,1,310086,1052513233,101,ID002,3139A-3140A-9999A,ID010,301009515,""
24,2095,1,310086,1052513233,101,ID002,3139A-3140A-9999A,ID010,301009516,""
24,2109,1,310086,1052513233,101,ID002,3139A-3140A-9999A,ID010,301009517,""
24,2183,1,310086,1052513233,101,ID002,3139A-3140A-9999A,ID010,301009518,""
24,2081,1,310086,1052513233,101,ID002,3139A-3140A-9999A,ID010,301009519,""
24,2102,1,310086,1052513233,101,ID002,3139A-3140A-9999A,ID010,301009545,""
24,2242,1,310086,1052513233,101,ID002,3139A-3140A-9999A,ID010,301009548,""
24,2192,1,310086,1052513234,101,ID002,3139A-3140A-9999A,ID010,301009565,""
24,2126,1,310086,1052513234,101,ID002,3139A-3140A-9999A,ID010,301009566,""
24,2126,1,310086,1052513234,101,ID002,3139A-3140A-9999A,ID010,301009567,""
24,2078,1,310086,1052513234,101,ID002,3139A-3140A-9999A,ID010,301009568,""
24,2125,1,310086,1052513234,101,ID002,3139A-3140A-9999A,ID010,301009570,""
24,2152,1,310086,1052513234,101,ID002,3139A-3140A-9999A,ID010,301009571,""
24,2145,1,310086,1052513234,101,ID002,3139A-3140A-9999A,ID010,301009595,""
24,2090,1,310086,1052513234,101,ID002,3139A-3140A-9999A,ID010,301009596,""
24,2151,1,310086,1052513235,101,ID002,3139A-3140A-9999A,ID010,301009606,""
24,2080,1,310086,1052513235,101,ID002,3139A-3140A-9999A,ID010,301009609,""
24,2172,1,310086,1052513235,101,ID002,3139A-3140A-9999A,ID010,301009620,""
24,2124,1,310086,1052513235,101,ID002,3139A-3140A-9999A,ID010,301009621,""
24,2080,1,310086,1052513235,101,ID002,3139A-3140A-9999A,ID010,301009622,""
24,2071,1,310086,1052513235,101,ID002,3139A-3140A-9999A,ID010,301009623,""
24,2110,1,310086,1052513235,101,ID002,3139A-3140A-9999A,ID010,301009626,""
24,2150,1,310086,1052513235,101,ID002,3139A-3140A-9999A,ID010,301009627,""
24,2173,1,310086,1052513236,101,ID002,3139A-3140A-9999A,ID010,301009643,""
24,2075,1,310086,1052513236,101,ID002,3139A-3140A-9999A,ID010,301009644,""
24,2092,1,310086,1052513236,101,ID002,3139A-3140A-9999A,ID010,301009662,""
24,2095,1,310086,1052513236,101,ID002,3139A-3140A-9999A,ID010,301009663,""
24,2088,1,310086,1052513236,101,ID002,3139A-3140A-9999A,ID010,301009775,""
24,823,0,310086,1052513236,101,ID002,3139A-3140A-9999A,ID010,301009839,""
24,2755.75,1,310726,1012513201,101,WA002,9999A-9999E,WA007,301008590,233223-1-1-103
24,2755.75,1,310726,1012513201,101,WA002,9999A-9999E,WA007,301008591,233223-1-1-103
24,2755.75,1,310726,1012513201,101,WA002,9999A-9999E,WA007,301008592,233223-1-1-103
24,2755.75,1,310726,1012513201,101,WA002,9999A-9999E,WA007,301008593,233223-1-1-103
24,2755.75,1,310726,1012513201,101,WA002,9999A-9999E,WA007,301008594,233223-1-1-103
24,2755.75,1,310726,1012513201,101,WA002,9999A-9999E,WA007,301008595,233223-1-1-103
24,2755.75,1,310726,1012513201,101,WA002,9999A-9999E,WA007,301008596,233223-1-1-103
24,2755.75,1,310726,1012513201,101,WA002,9999A-9999E,WA007,301008597,233223-1-1-103
24,2755.75,1,310726,1012513202,101,WA002,9999A-9999E,WA007,301008652,233223-1-1-103
24,2755.75,1,310726,1012513202,101,WA002,9999A-9999E,WA007,301008653,233223-1-1-103
24,2755.75,1,310726,1012513202,101,WA002,9999A-9999E,WA007,301008654,233223-1-1-103
24,2755.75,1,310726,1012513202,101,WA002,9999A-9999E,WA007,301008655,233204-1-1-101
24,2755.75,1,310726,1012513202,101,WA002,9999A-9999E,WA007,301008673,233204-1-1-101
24,2755.75,1,310726,1012513202,101,WA002,9999A-9999E,WA007,301008802,233204-1-1-101
24,2755.75,1,310726,1012513202,101,WA002,9999A-9999E,WA007,301008812,233204-1-1-101
24,2755.75,1,310726,1012513202,101,WA002,9999A-9999E,WA007,301008816,233204-1-1-101
24,2755.75,1,310726,1012513203,101,WA002,9999A-9999C-9999E,WA007,301008876,233204-1-1-101
24,2755.75,1,310726,1012513203,101,WA002,9999A-9999C-9999E,WA007,301008877,233204-1-1-101
24,2755.75,1,310726,1012513203,101,WA002,9999A-9999C-9999E,WA007,301008878,233204-1-1-101
24,2755.75,1,310726,1012513203,101,WA002,9999A-9999C-9999E,WA007,301008886,233204-1-1-101
24,2755.75,1,310726,1012513203,101,WA002,9999A-9999C-9999E,WA007,301008887,233204-1-1-101
24,2755.75,1,310726,1012513203,101,WA002,9999A-9999C-9999E,WA007,301008888,233204-1-1-101
24,2755.75,1,310726,1012513203,101,WA002,9999A-9999C-9999E,WA007,301008927,233204-1-1-101
24,2755.75,1,310726,1012513203,101,WA002,9999A-9999C-9999E,WA007,301008962,233204-1-1-101
24,2755.75,1,310726,1012513204,101,WA002,9999A-9999C-9999E,WA007,301008964,233204-1-1-101
24,2755.75,1,310726,1012513204,101,WA002,9999A-9999C-9999E,WA007,301008987,233204-1-1-101
24,2755.75,1,310726,1012513204,101,WA002,9999A-9999C-9999E,WA007,301008988,233204-1-1-101
24,2755.75,1,310726,1012513204,101,WA002,9999A-9999C-9999E,WA007,301008989,233204-1-1-101
24,2755.75,1,310726,1012513204,101,WA002,9999A-9999C-9999E,WA007,301008991,233204-1-1-101
24,2755.75,1,310726,1012513204,101,WA002,9999A-9999C-9999E,WA007,301008992,233204-1-1-101
24,2755.75,1,310726,1012513204,101,WA002,9999A-9999C-9999E,WA007,301009026,233204-1-1-101
24,2755.75,1,310726,1012513204,101,WA002,9999A-9999C-9999E,WA007,301009032,233204-1-1-101
24,2755.75,1,310726,1012513205,101,WA002,3035A-9999A-9999C-9999E,WA007,301009041,232664-1-1-101
24,2755.75,1,310726,1012513205,101,WA002,3035A-9999A-9999C-9999E,WA007,301009048,232664-1-1-101
24,2755.75,1,310726,1012513205,101,WA002,3035A-9999A-9999C-9999E,WA007,301009054,232664-1-1-101
24,2755.75,1,310726,1012513205,101,WA002,3035A-9999A-9999C-9999E,WA007,301009062,232664-1-1-101
24,2755.75,1,310726,1012513205,101,WA002,3035A-9999A-9999C-9999E,WA007,301009100,232664-1-1-101
24,2755.75,1,310726,1012513205,101,WA002,3035A-9999A-9999C-9999E,WA007,301009101,232664-1-1-101
24,2755.75,1,310726,1012513205,101,WA002,3035A-9999A-9999C-9999E,WA007,301009102,232664-1-1-101
24,2755.75,1,310726,1012513205,101,WA002,3035A-9999A-9999C-9999E,WA007,301009117,232664-1-1-101
24,2755.75,1,310726,1012513206,101,WA002,3035A-9999A-9999C-9999E,WA007,301009122,232664-1-1-101
24,2755.75,1,310726,1012513206,101,WA002,3035A-9999A-9999C-9999E,WA007,301009124,232664-1-1-101
24,2755.75,1,310726,1012513206,101,WA002,3035A-9999A-9999C-9999E,WA007,301009164,232664-1-1-101
24,2755.75,1,310726,1012513206,101,WA002,3035A-9999A-9999C-9999E,WA007,301009165,232664-1-1-101
24,2755.75,1,310726,1012513206,101,WA002,3035A-9999A-9999C-9999E,WA007,301009166,232664-1-1-101
24,2755.75,1,310726,1012513206,101,WA002,3035A-9999A-9999C-9999E,WA007,301009173,232664-1-1-101
24,2755.75,1,310726,1012513206,101,WA002,3035A-9999A-9999C-9999E,WA007,301009232,232664-1-1-101
24,2755.75,1,310726,1012513206,101,WA002,3035A-9999A-9999C-9999E,WA007,301009235,232664-1-1-101
24,2755.75,1,310726,1012513207,101,WA002,3035A-9999A-9999E,WA007,301009244,232664-1-1-101
24,2755.75,1,310726,1012513207,101,WA002,3035A-9999A-9999E,WA007,301009245,232664-1-1-101
24,2755.75,1,310726,1012513207,101,WA002,3035A-9999A-9999E,WA007,301009246,232664-1-1-101
24,2755.75,1,310726,1012513207,101,WA002,3035A-9999A-9999E,WA007,301009247,232664-1-1-101
24,2755.75,1,310726,1012513207,101,WA002,3035A-9999A-9999E,WA007,301009260,232664-1-1-101
24,2755.75,1,310726,1012513207,101,WA002,3035A-9999A-9999E,WA007,301009261,232664-1-1-101
24,2755.75,1,310726,1012513207,101,WA002,3035A-9999A-9999E,WA007,301009262,232664-1-1-101
24,2755.75,1,310726,1012513207,101,WA002,3035A-9999A-9999E,WA007,301009294,232664-1-1-101
24,2755.75,1,310726,1012513208,101,WA002,3035A-9999A-9999E,WA007,301009301,232664-1-1-101
24,2755.75,1,310726,1012513208,101,WA002,3035A-9999A-9999E,WA007,301009334,232664-1-1-101
24,2755.75,1,310726,1012513208,101,WA002,3035A-9999A-9999E,WA007,301009335,232664-1-1-101
24,2755.75,1,310726,1012513208,101,WA002,3035A-9999A-9999E,WA007,301009336,232664-1-1-101
24,2755.75,1,310726,1012513208,101,WA002,3035A-9999A-9999E,WA007,301009337,232664-1-1-101
24,2755.75,1,310726,1012513208,101,WA002,3035A-9999A-9999E,WA007,301009338,232664-1-1-101
24,2755.75,1,310726,1012513208,101,WA002,3035A-9999A-9999E,WA007,301009339,232664-1-1-101
24,2755.75,1,310726,1012513208,101,WA002,3035A-9999A-9999E,WA007,301009340,232664-1-1-101
24,2755.75,1,310726,1012513209,101,WA002,3035A-9999A-9999E,WA007,301009388,232664-1-1-101
24,2755.75,1,310726,1012513209,101,WA002,3035A-9999A-9999E,WA007,301009389,232664-1-1-101
24,2755.75,1,310726,1012513209,101,WA002,3035A-9999A-9999E,WA007,301009390,232664-1-1-101
24,2755.75,1,310726,1012513209,101,WA002,3035A-9999A-9999E,WA007,301009391,232664-1-1-101
24,2755.75,1,310726,1012513209,101,WA002,3035A-9999A-9999E,WA007,301009395,232664-1-1-101
24,2755.75,1,310726,1012513209,101,WA002,3035A-9999A-9999E,WA007,301009405,232664-1-1-101
24,2755.75,1,310726,1012513209,101,WA002,3035A-9999A-9999E,WA007,301009417,232664-1-1-101
24,2755.75,1,310726,1012513209,101,WA002,3035A-9999A-9999E,WA007,301009423,232664-1-1-101
24,2755.75,1,310726,1012513210,101,WA002,3035A-9999A-9999E,WA007,301009424,232664-1-1-101
24,2755.75,1,310726,1012513210,101,WA002,3035A-9999A-9999E,WA007,301009427,232664-1-1-101
24,2755.75,1,310726,1012513210,101,WA002,3035A-9999A-9999E,WA007,301009521,232664-1-1-101
24,2755.75,1,310726,1012513210,101,WA002,3035A-9999A-9999E,WA007,301009522,232664-1-1-101
24,2755.75,1,310726,1012513210,101,WA002,3035A-9999A-9999E,WA007,301009523,232664-1-1-101
24,2755.75,1,310726,1012513210,101,WA002,3035A-9999A-9999E,WA007,301009524,232664-1-1-101
24,2755.75,1,310726,1012513210,101,WA002,3035A-9999A-9999E,WA007,301009525,232664-1-1-101
24,2755.75,1,310726,1012513210,101,WA002,3035A-9999A-9999E,WA007,301009526,232664-1-1-101
24,2755.75,1,310726,1012513211,101,WA002,3035A-9999A-9999E,WA007,301009553,232664-1-1-101
24,2755.75,1,310726,1012513211,101,WA002,3035A-9999A-9999E,WA007,301009554,232664-1-1-101
24,2755.75,1,310726,1012513211,101,WA002,3035A-9999A-9999E,WA007,301009583,232664-1-1-101
24,2755.75,1,310726,1012513211,101,WA002,3035A-9999A-9999E,WA007,301009584,232664-1-1-101
24,2755.75,1,310726,1012513211,101,WA002,3035A-9999A-9999E,WA007,301009585,232664-1-1-101
24,2755.75,1,310726,1012513211,101,WA002,3035A-9999A-9999E,WA007,301009586,232664-1-1-101
24,2755.75,1,310726,1012513211,101,WA002,3035A-9999A-9999E,WA007,301009593,232664-1-1-101
24,2755.75,1,310726,1012513211,101,WA002,3035A-9999A-9999E,WA007,301009594,232664-1-1-101
24,2755.75,1,310726,1012513212,101,WA002,9999A-9999E,WA007,301009628,233204-1-1-101
24,2755.75,1,310726,1012513212,101,WA002,9999A-9999E,WA007,301009629,233204-1-1-101
24,2755.75,1,310726,1012513212,101,WA002,9999A-9999E,WA007,301009630,233204-1-1-101
24,2755.75,1,310726,1012513212,101,WA002,9999A-9999E,WA007,301009631,233204-1-1-101
24,2755.75,1,310726,1012513212,101,WA002,9999A-9999E,WA007,301009637,233204-1-1-101
24,2755.75,1,310726,1012513212,101,WA002,9999A-9999E,WA007,301009638,233204-1-1-101
24,2755.75,1,310726,1012513212,101,WA002,9999A-9999E,WA007,301009639,233204-1-1-101
24,2755.75,1,310726,1012513212,101,WA002,9999A-9999E,WA007,301009640,233204-1-1-101
24,2755.75,1,310726,1012513213,101,WA002,3035A-9999A-9999E,WA007,301009655,232664-1-1-101
24,2755.75,1,310726,1012513213,101,WA002,3035A-9999A-9999E,WA007,301009656,232664-1-1-101
24,2755.75,1,310726,1012513213,101,WA002,3035A-9999A-9999E,WA007,301009657,232664-1-1-101
24,2755.75,1,310726,1012513213,101,WA002,3035A-9999A-9999E,WA007,301009658,232664-1-1-101
24,2755.75,1,310726,1012513213,101,WA002,3035A-9999A-9999E,WA007,301009659,232664-1-1-101
24,2755.75,1,310726,1012513213,101,WA002,3035A-9999A-9999E,WA007,301009660,232664-1-1-101
24,2755.75,1,310726,1012513213,101,WA002,3035A-9999A-9999E,WA007,301009725,232664-1-1-101
24,2755.75,1,310726,1012513213,101,WA002,3035A-9999A-9999E,WA007,301009726,232664-1-1-101
24,2755.75,1,310726,1012513214,101,WA002,9999A-9999E,WA007,301009734,233204-1-1-101
24,2755.75,1,310726,1012513214,101,WA002,9999A-9999E,WA007,301009735,233204-1-1-101
24,2755.75,1,310726,1012513214,101,WA002,9999A-9999E,WA007,301009736,233204-1-1-101
24,2755.75,1,310726,1012513214,101,WA002,9999A-9999E,WA007,301009737,233204-1-1-101
24,2755.75,1,310726,1012513214,101,WA002,9999A-9999E,WA007,301009738,233204-1-1-101
24,2755.75,1,310726,1012513214,101,WA002,9999A-9999E,WA007,301009739,233204-1-1-101
24,2755.75,1,310726,1012513214,101,WA002,9999A-9999E,WA007,301009740,233204-1-1-101
24,2755.75,1,310726,1012513214,101,WA002,9999A-9999E,WA007,301009781,233204-1-1-101
24,2755.75,1,310726,1012513215,101,WA002,9999A-9999E,WA007,301009818,233204-1-1-101
24,2755.75,1,310726,1012513215,101,WA002,9999A-9999E,WA007,301009819,233204-1-1-101
24,2755.75,1,310726,1012513215,101,WA002,9999A-9999E,WA007,301009820,233204-1-1-101
24,2755.75,1,310726,1012513215,101,WA002,9999A-9999E,WA007,301009821,""
24,2755.75,1,310726,1012513215,101,WA002,9999A-9999E,WA007,301009833,""
24,2755.75,1,310726,1012513215,101,WA002,9999A-9999E,WA007,301009834,""
24,2755.75,1,310726,1012513215,101,WA002,9999A-9999E,WA007,301009835,""
24,2755.75,1,310726,1012513215,101,WA002,9999A-9999E,WA007,301009836,""
24,2755.75,1,310726,1012513216,101,WA002,9999A-9999E,WA007,301009849,""
24,2755.75,1,310726,1012513216,101,WA002,9999A-9999E,WA007,301009853,""
24,2755.75,1,310726,1022513251,101,WA003,3025S-3033A-9999A-9999E,WA007,301009607,233263-1-1-101
24,2755.75,1,310726,1022513251,101,WA003,3025S-3033A-9999A-9999E,WA007,301009608,233263-1-1-101
24,2755.75,1,310726,1022513251,101,WA003,3025S-3033A-9999A-9999E,WA007,301009610,233263-1-1-101
24,2755.75,1,310726,1022513251,101,WA003,3025S-3033A-9999A-9999E,WA007,301009611,233263-1-1-101
24,2755.75,1,310726,1022513251,101,WA003,3025S-3033A-9999A-9999E,WA007,301009612,233263-1-1-101
24,2755.75,1,310726,1022513251,101,WA003,3025S-3033A-9999A-9999E,WA007,301009613,233263-1-1-101
24,2755.75,1,310726,1022513251,101,WA003,3025S-3033A-9999A-9999E,WA007,301009614,233263-1-1-101
24,2755.75,1,310726,1022513251,101,WA003,3025S-3033A-9999A-9999E,WA007,301009615,233263-1-1-101
24,992.07,0,310726,1022513257,101,WA003,"",WA007,301030444,""
24,2094.37,1,310726,1022513257,101,WA003,3002A-3007S-3025S-3035A-9999A-9999C-9999CS-9999E,WA007,301013547,232381-1-3-103
24,1929.025,1,310726,1022513257,101,WA003,3002A-3007S-3025S-3035A-9999A-9999C-9999CS-9999E,WA007,301013548,232381-1-3-103
24,1984.14,1,310726,1022513257,101,WA003,3002A-3007S-3025S-3035A-9999A-9999C-9999CS-9999E,WA007,301013549,232381-1-3-103
24,2314.83,1,310726,1022513257,101,WA003,3002A-3007S-3025S-3035A-9999A-9999C-9999CS-9999E,WA007,301013550,232381-1-3-103
24,1763.68,1,310726,1022513257,101,WA003,3002A-3007S-3025S-3035A-9999A-9999C-9999CS-9999E,WA007,301013551,232381-1-3-103
24,1708.565,1,310726,1022513257,101,WA003,3002A-3007S-3025S-3035A-9999A-9999C-9999CS-9999E,WA007,301013552,232381-1-3-103
24,2645.52,1,310726,1022513257,101,WA003,3002A-3007S-3025S-3035A-9999A-9999C-9999CS-9999E,WA007,301014188,233241-1-1-102
24,2700.635,1,310726,1022513257,101,WA003,3002A-3007S-3025S-3035A-9999A-9999C-9999CS-9999E,WA007,301014190,233241-1-1-102
24,55.115,0,310726,1022513258,101,WA003,3002A-3007S-3015A-3025S-3035A-9999A-9999C-9999CS-9999E,WA007,301012688,""
24,1929.025,1,310726,1022513258,101,WA003,3002A-3007S-3015A-3025S-3035A-9999A-9999C-9999CS-9999E,WA007,301012688,232381-1-3-103
24,1929.025,1,310726,1022513258,101,WA003,3002A-3007S-3015A-3025S-3035A-9999A-9999C-9999CS-9999E,WA007,301012689,232381-1-3-103
24,1873.91,1,310726,1022513258,101,WA003,3002A-3007S-3015A-3025S-3035A-9999A-9999C-9999CS-9999E,WA007,301012691,232381-1-3-103
24,2204.6,1,310726,1022513258,101,WA003,3002A-3007S-3015A-3025S-3035A-9999A-9999C-9999CS-9999E,WA007,301012692,233258-1-1-101
24,2369.945,1,310726,1022513258,101,WA003,3002A-3007S-3015A-3025S-3035A-9999A-9999C-9999CS-9999E,WA007,301012694,233258-1-1-101
24,1929.025,1,310726,1022513258,101,WA003,3002A-3007S-3015A-3025S-3035A-9999A-9999C-9999CS-9999E,WA007,301012695,232381-1-3-103
24,2314.83,1,310726,1022513258,101,WA003,3002A-3007S-3015A-3025S-3035A-9999A-9999C-9999CS-9999E,WA007,301012696,233258-1-1-101
24,2149.485,1,310726,1022513258,101,WA003,3002A-3007S-3015A-3025S-3035A-9999A-9999C-9999CS-9999E,WA007,301012699,233258-1-1-101
25,2755.75,1,310002,1002513101,102,WA001,9999A,WA001,301008292,""
25,2755.75,1,310002,1002513101,102,WA001,9999A,WA001,301008293,""
25,2755.75,1,310002,1002513101,102,WA001,9999A,WA001,301008294,""
25,2755.75,1,310002,1002513102,102,WA001,9999A,WA001,301008389,""
25,2755.75,1,310002,1002513102,102,WA001,9999A,WA001,301008390,""
25,2755.75,1,310002,1002513102,102,WA001,9999A,WA001,301008406,""
25,2755.75,1,310002,1002513102,102,WA001,9999A,WA001,301008409,""
25,2755.75,1,310002,1002513102,102,WA001,9999A,WA001,301008414,""
25,2755.75,1,310002,1002513102,102,WA001,9999A,WA001,301008419,""
25,2755.75,1,310015,1052513103,101,ID002,3117A-3123A-9999A-9999E,ID010,301007288,1460770
25,2755.75,1,310015,1052513103,101,ID002,3117A-3123A-9999A-9999E,ID010,301007289,1460770
25,2700.635,1,310015,1052513107,101,ID002,3117A-3123A-9999A-9999E,ID010,301007712,1460770
25,2755.75,1,310726,1012513101,101,WA002,9999A-9999C-9999E,WA007,301007246,233223-1-1-103
25,2755.75,1,310726,1012513101,101,WA002,9999A-9999C-9999E,WA007,301007247,233223-1-1-103
25,2755.75,1,310726,1012513101,101,WA002,9999A-9999C-9999E,WA007,301007248,233223-1-1-103
25,2755.75,1,310726,1012513101,101,WA002,9999A-9999C-9999E,WA007,301007249,233223-1-1-103
25,2755.75,1,310726,1012513101,101,WA002,9999A-9999C-9999E,WA007,301007308,233223-1-1-103
25,2755.75,1,310726,1012513101,101,WA002,9999A-9999C-9999E,WA007,301007309,233223-1-1-103
25,2755.75,1,310726,1012513101,101,WA002,9999A-9999C-9999E,WA007,301007310,233223-1-1-103
25,2755.75,1,310726,1012513101,101,WA002,9999A-9999C-9999E,WA007,301007311,233223-1-1-103
25,2755.75,1,310726,1012513102,101,WA002,9999A-9999C-9999E,WA007,301007429,233223-1-1-103
25,2755.75,1,310726,1012513102,101,WA002,9999A-9999C-9999E,WA007,301007430,233223-1-1-103
25,2755.75,1,310726,1012513103,101,WA002,9999A-9999C-9999E,WA007,301007461,233223-1-1-103
25,2755.75,1,310726,1012513103,101,WA002,9999A-9999C-9999E,WA007,301007462,233223-1-1-103
25,2755.75,1,310726,1012513104,101,WA002,9999A-9999C-9999E,WA007,301007528,233223-1-1-103
25,2755.75,1,310726,1012513104,101,WA002,9999A-9999C-9999E,WA007,301007530,233223-1-1-103
25,2755.75,1,310726,1012513104,101,WA002,9999A-9999C-9999E,WA007,301007533,233223-1-1-103
25,2755.75,1,310726,1012513104,101,WA002,9999A-9999C-9999E,WA007,301007569,233223-1-1-103
25,2755.75,1,310726,1012513104,101,WA002,9999A-9999C-9999E,WA007,301007570,233223-1-1-103
25,2755.75,1,310726,1012513104,101,WA002,9999A-9999C-9999E,WA007,301007571,233223-1-1-103
25,2755.75,1,310726,1012513104,101,WA002,9999A-9999C-9999E,WA007,301007579,233223-1-1-103
25,2755.75,1,310726,1012513104,101,WA002,9999A-9999C-9999E,WA007,301007580,233223-1-1-103
25,2755.75,1,310726,1012513105,101,WA002,9999A-9999C-9999E,WA007,301007590,233223-1-1-103
25,2755.75,1,310726,1012513105,101,WA002,9999A-9999C-9999E,WA007,301007591,233223-1-1-103
25,2755.75,1,310726,1012513105,101,WA002,9999A-9999C-9999E,WA007,301007622,233223-1-1-103
25,2755.75,1,310726,1012513105,101,WA002,9999A-9999C-9999E,WA007,301007623,233223-1-1-103
25,2755.75,1,310726,1012513105,101,WA002,9999A-9999C-9999E,WA007,301007627,233223-1-1-103
25,2755.75,1,310726,1012513105,101,WA002,9999A-9999C-9999E,WA007,301007628,233223-1-1-103
25,2755.75,1,310726,1012513105,101,WA002,9999A-9999C-9999E,WA007,301007629,233223-1-1-103
25,2755.75,1,310726,1012513105,101,WA002,9999A-9999C-9999E,WA007,301007643,233223-1-1-103
25,2755.75,1,310726,1012513106,101,WA002,3035A-9999A-9999E,WA007,301007683,232664-1-1-101
25,2755.75,1,310726,1012513106,101,WA002,3035A-9999A-9999E,WA007,301007705,232664-1-1-101
25,2755.75,1,310726,1012513106,101,WA002,3035A-9999A-9999E,WA007,301007735,232664-1-1-101
25,2755.75,1,310726,1012513107,101,WA002,3035A-9999A-9999E,WA007,301007736,232664-1-1-101
25,2755.75,1,310726,1012513107,101,WA002,3035A-9999A-9999E,WA007,301007737,232664-1-1-101
25,2755.75,1,310726,1012513107,101,WA002,3035A-9999A-9999E,WA007,301007738,232664-1-1-101
25,2755.75,1,310726,1012513107,101,WA002,3035A-9999A-9999E,WA007,301007747,232664-1-1-101
25,2755.75,1,310726,1012513107,101,WA002,3035A-9999A-9999E,WA007,301007748,232664-1-1-101
25,2755.75,1,310726,1012513107,101,WA002,3035A-9999A-9999E,WA007,301007749,232664-1-1-101
25,2755.75,1,310726,1012513107,101,WA002,3035A-9999A-9999E,WA007,301007802,232664-1-1-101
25,2755.75,1,310726,1012513107,101,WA002,3035A-9999A-9999E,WA007,301007803,232664-1-1-101
25,2755.75,1,310726,1012513108,101,WA002,3035A-9999A-9999E,WA007,301007804,232664-1-1-101
25,2755.75,1,310726,1012513108,101,WA002,3035A-9999A-9999E,WA007,301007805,232664-1-1-101
25,2755.75,1,310726,1012513108,101,WA002,3035A-9999A-9999E,WA007,301007806,232664-1-1-101
25,2755.75,1,310726,1012513108,101,WA002,3035A-9999A-9999E,WA007,301007809,232664-1-1-101
25,2755.75,1,310726,1012513108,101,WA002,3035A-9999A-9999E,WA007,301007810,232664-1-1-101
25,2755.75,1,310726,1012513108,101,WA002,3035A-9999A-9999E,WA007,301007839,232664-1-1-101
25,2755.75,1,310726,1012513108,101,WA002,3035A-9999A-9999E,WA007,301007840,232664-1-1-101
25,2755.75,1,310726,1012513108,101,WA002,3035A-9999A-9999E,WA007,301007845,232664-1-1-101
25,2755.75,1,310726,1012513109,101,WA002,3035A-9999A-9999E,WA007,301007847,232664-1-1-101
25,2755.75,1,310726,1012513109,101,WA002,3035A-9999A-9999E,WA007,301007880,232664-1-1-101
25,2755.75,1,310726,1012513109,101,WA002,3035A-9999A-9999E,WA007,301007881,232664-1-1-101
25,2755.75,1,310726,1012513110,101,WA002,3035A-9999A-9999E,WA007,301007888,232664-1-1-101
25,2755.75,1,310726,1012513110,101,WA002,3035A-9999A-9999E,WA007,301007894,232664-1-1-101
25,2755.75,1,310726,1012513110,101,WA002,3035A-9999A-9999E,WA007,301007907,232664-1-1-101
25,2755.75,1,310726,1012513110,101,WA002,3035A-9999A-9999E,WA007,301007934,232664-1-1-101
25,2755.75,1,310726,1012513110,101,WA002,3035A-9999A-9999E,WA007,301007936,232664-1-1-101
25,2755.75,1,310726,1012513110,101,WA002,3035A-9999A-9999E,WA007,301007937,232664-1-1-101
25,2755.75,1,310726,1012513110,101,WA002,3035A-9999A-9999E,WA007,301007941,232664-1-1-101
25,2755.75,1,310726,1012513110,101,WA002,3035A-9999A-9999E,WA007,301007942,232664-1-1-101
25,2755.75,1,310726,1012513111,102,WA002,9999A,WA007,301007944,233382-1-1-111
25,2755.75,1,310726,1012513111,102,WA002,9999A,WA007,301007970,233382-1-1-111
25,2755.75,1,310726,1012513111,102,WA002,9999A,WA007,301007994,233382-1-1-111
25,2755.75,1,310726,1012513111,102,WA002,9999A,WA007,301007995,233382-1-1-111
25,2755.75,1,310726,1012513111,102,WA002,9999A,WA007,301007996,233382-1-1-111
25,2755.75,1,310726,1012513111,102,WA002,9999A,WA007,301007997,233382-1-1-111
25,2755.75,1,310726,1012513111,102,WA002,9999A,WA007,301008019,233382-1-1-111
25,2755.75,1,310726,1012513111,102,WA002,9999A,WA007,301008038,233382-1-1-111
25,2755.75,1,310726,1012513112,102,WA002,9999A,WA007,301008039,233382-1-1-111
25,2755.75,1,310726,1012513112,102,WA002,9999A,WA007,301008051,233382-1-1-111
25,2755.75,1,310726,1012513112,102,WA002,9999A,WA007,301008073,233382-1-1-111
25,2755.75,1,310726,1012513112,102,WA002,9999A,WA007,301008074,233382-1-1-111
25,2755.75,1,310726,1012513112,102,WA002,9999A,WA007,301008075,233382-1-1-112
25,2755.75,1,310726,1012513112,102,WA002,9999A,WA007,301008128,233382-1-1-112
25,2755.75,1,310726,1012513112,102,WA002,9999A,WA007,301008129,233382-1-1-112
25,2755.75,1,310726,1012513112,102,WA002,9999A,WA007,301008130,233382-1-1-112
25,2755.75,1,310726,1012513113,102,WA002,9999A,WA007,301008140,233382-1-1-112
25,2755.75,1,310726,1012513113,102,WA002,9999A,WA007,301008197,233382-1-1-112
25,2755.75,1,310726,1012513113,102,WA002,9999A,WA007,301008198,233382-1-1-112
25,2755.75,1,310726,1012513113,102,WA002,9999A,WA007,301008199,233382-1-1-112
25,2755.75,1,310726,1012513113,102,WA002,9999A,WA007,301008200,233382-1-1-112
25,2755.75,1,310726,1012513113,102,WA002,9999A,WA007,301008201,233382-1-1-112
25,2755.75,1,310726,1012513113,102,WA002,9999A,WA007,301008202,233382-1-1-112
25,2755.75,1,310726,1012513113,102,WA002,9999A,WA007,301008203,233382-1-1-112
25,2755.75,1,310726,1012513114,102,WA002,9999A,WA007,301008221,233382-1-1-112
25,2755.75,1,310726,1012513114,102,WA002,9999A,WA007,301008222,233382-1-1-112
25,2755.75,1,310726,1012513114,102,WA002,9999A,WA007,301008223,233382-1-1-112
25,2755.75,1,310726,1012513114,102,WA002,9999A,WA007,301008224,233382-1-1-112
25,2755.75,1,310726,1012513114,102,WA002,9999A,WA007,301008241,233382-1-1-112
25,2755.75,1,310726,1012513114,102,WA002,9999A,WA007,301008245,233382-1-1-112
25,2755.75,1,310726,1012513114,102,WA002,9999A,WA007,301008246,233382-1-1-112
25,2755.75,1,310726,1012513114,102,WA002,9999A,WA007,301008247,233382-1-1-112
25,2755.75,1,310726,1012513115,101,WA002,9999A-9999E,WA007,301008302,233223-1-1-103
25,2755.75,1,310726,1012513115,101,WA002,9999A-9999E,WA007,301008303,233223-1-1-103
25,2755.75,1,310726,1012513115,101,WA002,9999A-9999E,WA007,301008304,233223-1-1-103
25,2755.75,1,310726,1012513115,101,WA002,9999A-9999E,WA007,301008305,233223-1-1-103
25,2755.75,1,310726,1012513115,101,WA002,9999A-9999E,WA007,301008306,233223-1-1-103
25,2755.75,1,310726,1012513115,101,WA002,9999A-9999E,WA007,301008307,233223-1-1-103
25,2755.75,1,310726,1012513115,101,WA002,9999A-9999E,WA007,301008308,233223-1-1-103
25,2755.75,1,310726,1012513115,101,WA002,9999A-9999E,WA007,301008309,233223-1-1-103
25,2755.75,1,310726,1012513116,101,WA002,9999A-9999E,WA007,301008331,233223-1-1-103
25,2755.75,1,310726,1012513116,101,WA002,9999A-9999E,WA007,301008332,233223-1-1-103
25,2755.75,1,310726,1012513116,101,WA002,9999A-9999E,WA007,301008333,233223-1-1-103
25,2755.75,1,310726,1012513116,101,WA002,9999A-9999E,WA007,301008353,233223-1-1-103
25,2755.75,1,310726,1012513116,101,WA002,9999A-9999E,WA007,301008377,233223-1-1-103
25,2755.75,1,310726,1012513116,101,WA002,9999A-9999E,WA007,301008378,233223-1-1-103
25,2755.75,1,310726,1012513116,101,WA002,9999A-9999E,WA007,301008379,233223-1-1-103
25,2755.75,1,310726,1012513116,101,WA002,9999A-9999E,WA007,301008380,233223-1-1-103
25,2755.75,1,310726,1012513116,101,WA002,9999A-9999E,WA007,301008415,233223-1-1-103
25,2755.75,1,310726,1012513116,101,WA002,9999A-9999E,WA007,301008416,233223-1-1-103
25,2755.75,1,310726,1012513117,102,WA002,9999A,WA007,301008417,233382-1-1-113
25,2755.75,1,310726,1012513117,102,WA002,9999A,WA007,301008418,233382-1-1-113
25,2755.75,1,310726,1012513117,102,WA002,9999A,WA007,301008464,233382-1-1-113
25,2755.75,1,310726,1012513117,102,WA002,9999A,WA007,301008465,233382-1-1-113
25,2755.75,1,310726,1012513117,102,WA002,9999A,WA007,301008466,233382-1-1-113
25,2755.75,1,310726,1012513117,102,WA002,9999A,WA007,301008467,233382-1-1-113
25,2755.75,1,310726,1012513118,102,WA002,9999A,WA007,301008506,233382-1-1-113
25,2755.75,1,310726,1012513118,102,WA002,9999A,WA007,301008507,233382-1-1-113
25,2755.75,1,310726,1012513118,102,WA002,9999A,WA007,301008508,233382-1-1-113
25,2755.75,1,310726,1012513118,102,WA002,9999A,WA007,301008509,233382-1-1-113
25,2755.75,1,310726,1022513161,101,WA003,3002A-3025S-9999A-9999C-9999CS-9999E,WA007,301009332,233263-1-1-101
25,2755.75,1,310726,1022513161,101,WA003,3002A-3025S-9999A-9999C-9999CS-9999E,WA007,301009333,233263-1-1-101
25,2755.75,1,310726,1022513161,101,WA003,3002A-3025S-9999A-9999C-9999CS-9999E,WA007,301009341,233263-1-1-101
25,2755.75,1,310726,1022513161,101,WA003,3002A-3025S-9999A-9999C-9999CS-9999E,WA007,301009342,233263-1-1-101
25,2755.75,1,310726,1022513162,101,WA003,3025S-9999A-9999C-9999CS-9999E,WA007,301009359,233263-1-1-101
25,2755.75,1,310726,1022513162,101,WA003,3025S-9999A-9999C-9999CS-9999E,WA007,301009360,233263-1-1-101
25,2755.75,1,310726,1022513162,101,WA003,3025S-9999A-9999C-9999CS-9999E,WA007,301009399,233263-1-1-101
25,2755.75,1,310726,1022513162,101,WA003,3025S-9999A-9999C-9999CS-9999E,WA007,301009400,233263-1-1-101
25,2755.75,1,310726,1022513162,101,WA003,3025S-9999A-9999C-9999CS-9999E,WA007,301009401,233263-1-1-101
25,2755.75,1,310726,1022513162,101,WA003,3025S-9999A-9999C-9999CS-9999E,WA007,301009402,233263-1-1-101
25,2755.75,1,310726,1022513162,101,WA003,3025S-9999A-9999C-9999CS-9999E,WA007,301009403,233263-1-1-101
25,2755.75,1,310726,1022513162,101,WA003,3025S-9999A-9999C-9999CS-9999E,WA007,301009404,233263-1-1-101
25,2755.75,1,310726,1022513163,101,WA003,3002A-3025S-9999A-9999E,WA007,301009471,233263-1-1-101
25,2755.75,1,310726,1022513163,101,WA003,3002A-3025S-9999A-9999E,WA007,301009472,233263-1-1-101
26,2755.75,1,310002,1002513002,102,WA001,9999A,WA001,301006224,""
26,2755.75,1,310002,1002513002,102,WA001,9999A,WA001,301006225,""
26,2755.75,1,310002,1002513002,102,WA001,9999A,WA001,301006226,""
26,2755.75,1,310002,1002513003,102,WA001,9999A,WA001,301006261,""
26,2755.75,1,310002,1002513003,102,WA001,9999A,WA001,301006326,""
26,2755.75,1,310002,1002513003,102,WA001,9999A,WA001,301006331,""
26,2755.75,1,310002,1002513003,102,WA001,9999A,WA001,301006349,""
26,2755.75,1,310002,1002513003,102,WA001,9999A,WA001,301006362,""
26,2755.75,1,310002,1002513003,102,WA001,9999A,WA001,301006373,""
26,2755.75,1,310002,1002513003,102,WA001,9999A,WA001,301006384,""
26,2755.75,1,310002,1002513003,102,WA001,9999A,WA001,301006393,""
26,2755.75,1,310015,1052513004,101,ID002,3117A-3123A-9999A-9999E,ID002,301006133,""
26,2755.75,1,310726,1012513001,101,WA002,3015A-9999A-9999C-9999CS-9999E,WA007,301005994,233118-1-2-102
26,2755.75,1,310726,1012513001,101,WA002,3015A-9999A-9999C-9999CS-9999E,WA007,301005995,233118-1-2-102
26,2755.75,1,310726,1012513002,101,WA002,3015A-9999A-9999C-9999E,WA007,301006054,233118-1-2-102
26,2755.75,1,310726,1012513002,101,WA002,3015A-9999A-9999C-9999E,WA007,301006055,233118-1-2-102
26,2755.75,1,310726,1012513002,101,WA002,3015A-9999A-9999C-9999E,WA007,301006056,233118-1-2-102
26,2755.75,1,310726,1012513002,101,WA002,3015A-9999A-9999C-9999E,WA007,301006057,233118-1-2-102
26,2755.75,1,310726,1012513002,101,WA002,3015A-9999A-9999C-9999E,WA007,301006058,233118-1-2-102
26,2755.75,1,310726,1012513002,101,WA002,3015A-9999A-9999C-9999E,WA007,301006095,233118-1-2-102
26,2755.75,1,310726,1012513002,101,WA002,3015A-9999A-9999C-9999E,WA007,301006098,233118-1-2-102
26,2755.75,1,310726,1012513002,101,WA002,3015A-9999A-9999C-9999E,WA007,301006104,233118-1-2-102
26,2755.75,1,310726,1012513003,101,WA002,3015A-9999A-9999E,WA007,301006105,233118-1-2-102
26,2755.75,1,310726,1012513003,101,WA002,3015A-9999A-9999E,WA007,301006115,233118-1-2-102
26,2755.75,1,310726,1012513003,101,WA002,3015A-9999A-9999E,WA007,301006116,233118-1-2-102
26,2755.75,1,310726,1012513003,101,WA002,3015A-9999A-9999E,WA007,301006117,233118-1-2-102
26,2755.75,1,310726,1012513005,101,WA002,3015A-9999A-9999C-9999E,WA007,301006217,233118-1-2-102
26,2755.75,1,310726,1012513005,101,WA002,3015A-9999A-9999C-9999E,WA007,301006218,233118-1-2-102
26,2755.75,1,310726,1012513005,101,WA002,3015A-9999A-9999C-9999E,WA007,301006219,233118-1-2-102
26,2755.75,1,310726,1012513005,101,WA002,3015A-9999A-9999C-9999E,WA007,301006221,233118-1-2-102
26,2755.75,1,310726,1012513007,101,WA002,9999A-9999C-9999E,WA007,301006413,233118-1-2-102
26,2755.75,1,310726,1012513008,101,WA002,9999A-9999C-9999E,WA007,301006414,233118-1-2-102
26,2755.75,1,310726,1012513008,101,WA002,9999A-9999C-9999E,WA007,301006415,233118-1-2-102
26,2755.75,1,310726,1012513008,101,WA002,9999A-9999C-9999E,WA007,301006426,233118-1-2-102
26,2755.75,1,310726,1012513008,101,WA002,9999A-9999C-9999E,WA007,301006435,233118-1-2-102
26,2755.75,1,310726,1012513008,101,WA002,9999A-9999C-9999E,WA007,301006455,233118-1-2-102
26,2755.75,1,310726,1012513008,101,WA002,9999A-9999C-9999E,WA007,301006456,233118-1-2-102
26,2755.75,1,310726,1012513008,101,WA002,9999A-9999C-9999E,WA007,301006458,233118-1-2-102
26,2755.75,1,310726,1012513008,101,WA002,9999A-9999C-9999E,WA007,301006459,233118-1-2-102
26,2755.75,1,310726,1012513009,101,WA002,3015A-9999A-9999E,WA007,301006464,233118-1-2-102
26,2755.75,1,310726,1012513009,101,WA002,3015A-9999A-9999E,WA007,301006468,233118-1-2-102
26,2755.75,1,310726,1012513009,101,WA002,3015A-9999A-9999E,WA007,301006469,233118-1-2-102
26,2755.75,1,310726,1012513009,101,WA002,3015A-9999A-9999E,WA007,301006470,233205-1-1-102
26,2755.75,1,310726,1012513009,101,WA002,3015A-9999A-9999E,WA007,301006500,233205-1-1-102
26,2755.75,1,310726,1012513009,101,WA002,3015A-9999A-9999E,WA007,301006501,233205-1-1-102
26,2755.75,1,310726,1012513009,101,WA002,3015A-9999A-9999E,WA007,301006502,233205-1-1-102
26,2755.75,1,310726,1012513009,101,WA002,3015A-9999A-9999E,WA007,301006517,233205-1-1-102
26,2755.75,1,310726,1012513010,101,WA002,9999A-9999E,WA007,301006538,233205-1-1-102
26,2755.75,1,310726,1012513010,101,WA002,9999A-9999E,WA007,301006539,233205-1-1-102
26,2755.75,1,310726,1012513010,101,WA002,9999A-9999E,WA007,301006561,233205-1-1-102
26,2755.75,1,310726,1012513010,101,WA002,9999A-9999E,WA007,301006562,233205-1-1-102
26,2755.75,1,310726,1012513010,101,WA002,9999A-9999E,WA007,301006563,233205-1-1-102
26,2755.75,1,310726,1012513010,101,WA002,9999A-9999E,WA007,301006577,233205-1-1-102
26,2755.75,1,310726,1012513010,101,WA002,9999A-9999E,WA007,301006578,233205-1-1-102
26,2755.75,1,310726,1012513010,101,WA002,9999A-9999E,WA007,301006579,233205-1-1-102
26,2755.75,1,310726,1012513011,101,WA002,3015A-3035A-9999A-9999E,WA007,301006588,232664-1-1-101
26,2755.75,1,310726,1012513011,101,WA002,3015A-3035A-9999A-9999E,WA007,301006591,232664-1-1-101
26,2755.75,1,310726,1012513011,101,WA002,3015A-3035A-9999A-9999E,WA007,301006611,232664-1-1-101
26,2755.75,1,310726,1012513011,101,WA002,3015A-3035A-9999A-9999E,WA007,301006686,232664-1-1-101
26,2755.75,1,310726,1012513011,101,WA002,3015A-3035A-9999A-9999E,WA007,301006687,232664-1-1-101
26,2755.75,1,310726,1012513011,101,WA002,3015A-3035A-9999A-9999E,WA007,301006688,232664-1-1-101
26,2755.75,1,310726,1012513013,101,WA002,3015A-9999A,WA007,301006858,233382-1-1-111
26,2755.75,1,310726,1012513013,101,WA002,3015A-9999A,WA007,301006859,233382-1-1-111
26,2755.75,1,310726,1012513013,101,WA002,3015A-9999A,WA007,301006860,233382-1-1-111
26,2755.75,1,310726,1012513013,101,WA002,3015A-9999A,WA007,301006861,233382-1-1-111
26,2755.75,1,310726,1012513013,102,WA002,9999A,WA007,301006911,233382-1-1-111
26,2755.75,1,310726,1012513013,102,WA002,9999A,WA007,301006912,233382-1-1-111
26,2755.75,1,310726,1012513013,102,WA002,9999A,WA007,301006913,233382-1-1-111
26,2755.75,1,310726,1012513013,102,WA002,9999A,WA007,301006914,233382-1-1-111
26,2755.75,1,310726,1012513014,101,WA002,3035A-9999A,WA007,301007010,232664-1-1-101
26,2755.75,1,310726,1012513014,101,WA002,3035A-9999A,WA007,301007011,232664-1-1-101
26,2755.75,1,310726,1012513014,101,WA002,3035A-9999A,WA007,301007023,232664-1-1-101
26,2755.75,1,310726,1012513014,101,WA002,3035A-9999A,WA007,301007024,232664-1-1-101
26,2755.75,1,310726,1012513014,101,WA002,3035A-9999A,WA007,301007025,232664-1-1-101
26,2755.75,1,310726,1012513014,101,WA002,3035A-9999A,WA007,301007026,232664-1-1-101
26,2755.75,1,310726,1012513015,101,WA002,3015A-9999A-9999E,WA007,301007116,233205-1-1-102
26,2755.75,1,310726,1012513015,101,WA002,3015A-9999A-9999E,WA007,301007117,233205-1-1-102
26,2755.75,1,310726,1012513015,101,WA002,3015A-9999A-9999E,WA007,301007118,233205-1-1-102
26,2755.75,1,310726,1012513015,101,WA002,3015A-9999A-9999E,WA007,301007119,233205-1-1-102
26,2755.75,1,310726,1012513015,101,WA002,3015A-9999A-9999E,WA007,301007194,233205-1-1-102
26,2755.75,1,310726,1012513015,101,WA002,3015A-9999A-9999E,WA007,301007195,233205-1-1-102
26,2755.75,1,310726,1012513015,101,WA002,3015A-9999A-9999E,WA007,301007196,233205-1-1-102
26,2755.75,1,310726,1012513015,101,WA002,3015A-9999A-9999E,WA007,301007197,233223-1-1-103
26,2755.75,1,310726,1012513016,101,WA002,3015A-9999A-9999C-9999E,WA007,301007198,233223-1-1-103
26,2755.75,1,310726,1012513016,101,WA002,3015A-9999A-9999C-9999E,WA007,301007199,233223-1-1-103
27,2755.75,1,310726,1012512906,101,WA002,9999A-9999E,WA007,301005157,233118-1-2-102
27,2755.75,1,310726,1022512952,101,WA003,3002A-3005WGUM-3007DRYGUM-3007S-3015A-3025S-3033A-3035A-9999A-9999C-9999CS-9999E,WA007,301005716,""
27,2755.75,1,310726,1022512952,101,WA003,3002A-3005WGUM-3007DRYGUM-3007S-3015A-3025S-3033A-3035A-9999A-9999C-9999CS-9999E,WA007,301005717,""
27,2755.75,1,310726,1022512952,101,WA003,3002A-3005WGUM-3007DRYGUM-3007S-3015A-3025S-3033A-3035A-9999A-9999C-9999CS-9999E,WA007,301005718,""
27,2755.75,1,310726,1022512952,101,WA003,3002A-3005WGUM-3007DRYGUM-3007S-3015A-3025S-3033A-3035A-9999A-9999C-9999CS-9999E,WA007,301005719,""
27,2755.75,1,310726,1022512952,101,WA003,3002A-3005WGUM-3007DRYGUM-3007S-3015A-3025S-3033A-3035A-9999A-9999C-9999CS-9999E,WA007,301005749,""
27,2755.75,1,310726,1022512952,101,WA003,3002A-3005WGUM-3007DRYGUM-3007S-3015A-3025S-3033A-3035A-9999A-9999C-9999CS-9999E,WA007,301005750,""
27,2755.75,1,310726,1022512952,101,WA003,3002A-3005WGUM-3007DRYGUM-3007S-3015A-3025S-3033A-3035A-9999A-9999C-9999CS-9999E,WA007,301005751,""
27,2755.75,1,310726,1022512952,101,WA003,3002A-3005WGUM-3007DRYGUM-3007S-3015A-3025S-3033A-3035A-9999A-9999C-9999CS-9999E,WA007,301005752,""
27,2755.75,1,310726,1022512953,101,WA003,3002A-3005WGUM-3007DRYGUM-3007S-3025S-3033A-3035A-9999A-9999C-9999CS-9999E,WA007,301005812,""
27,2755.75,1,310726,1022512953,101,WA003,3002A-3005WGUM-3007DRYGUM-3007S-3025S-3033A-3035A-9999A-9999C-9999CS-9999E,WA007,301005813,""
27,2755.75,1,310726,1022512953,101,WA003,3002A-3005WGUM-3007DRYGUM-3007S-3025S-3033A-3035A-9999A-9999C-9999CS-9999E,WA007,301005814,""
27,2755.75,1,310726,1022512953,101,WA003,3002A-3005WGUM-3007DRYGUM-3007S-3025S-3033A-3035A-9999A-9999C-9999CS-9999E,WA007,301005815,""
27,2755.75,1,310726,1022512953,101,WA003,3002A-3005WGUM-3007DRYGUM-3007S-3025S-3033A-3035A-9999A-9999C-9999CS-9999E,WA007,301005816,""
27,2755.75,1,310726,1022512953,101,WA003,3002A-3005WGUM-3007DRYGUM-3007S-3025S-3033A-3035A-9999A-9999C-9999CS-9999E,WA007,301005835,""
27,2755.75,1,310726,1022512953,101,WA003,3002A-3005WGUM-3007DRYGUM-3007S-3025S-3033A-3035A-9999A-9999C-9999CS-9999E,WA007,301005836,""
27,2755.75,1,310726,1022512953,101,WA003,3002A-3005WGUM-3007DRYGUM-3007S-3025S-3033A-3035A-9999A-9999C-9999CS-9999E,WA007,301005837,""
27,2755.75,1,310726,1022512955,101,WA003,3002A-3005WGUM-3007DRYGUM-3007FO-3007S-3025S-3035A-9999A-9999C-9999CS-9999E,WA007,301005982,""
27,2755.75,1,310726,1022512955,101,WA003,3002A-3005WGUM-3007DRYGUM-3007FO-3007S-3025S-3035A-9999A-9999C-9999CS-9999E,WA007,301005983,""
27,2755.75,1,310726,1022512955,101,WA003,3002A-3005WGUM-3007DRYGUM-3007FO-3007S-3025S-3035A-9999A-9999C-9999CS-9999E,WA007,301005984,""
27,2755.75,1,310726,1022512955,101,WA003,3002A-3005WGUM-3007DRYGUM-3007FO-3007S-3025S-3035A-9999A-9999C-9999CS-9999E,WA007,301005985,""
27,2755.75,1,310726,1022512955,101,WA003,3002A-3005WGUM-3007DRYGUM-3007FO-3007S-3025S-3035A-9999A-9999C-9999CS-9999E,WA007,301005986,""
27,2755.75,1,310726,1022512955,101,WA003,3002A-3005WGUM-3007DRYGUM-3007FO-3007S-3025S-3035A-9999A-9999C-9999CS-9999E,WA007,301005987,""
27,2755.75,1,310726,1022512955,101,WA003,3002A-3005WGUM-3007DRYGUM-3007FO-3007S-3025S-3035A-9999A-9999C-9999CS-9999E,WA007,301005988,""
27,2755.75,1,310726,1022512955,101,WA003,3002A-3005WGUM-3007DRYGUM-3007FO-3007S-3025S-3035A-9999A-9999C-9999CS-9999E,WA007,301005989,""
27,2755.75,1,310726,1022512956,101,WA003,3002A-3005WGUM-3007DRYGUM-3007FO-3007S-3025S-3035A-9999A-9999C-9999CS-9999E,WA007,301006008,""
27,2755.75,1,310726,1022512956,101,WA003,3002A-3005WGUM-3007DRYGUM-3007FO-3007S-3025S-3035A-9999A-9999C-9999CS-9999E,WA007,301006009,""
27,2755.75,1,310726,1022512956,101,WA003,3002A-3005WGUM-3007DRYGUM-3007FO-3007S-3025S-3035A-9999A-9999C-9999CS-9999E,WA007,301006010,""
27,2755.75,1,310726,1022512956,101,WA003,3002A-3005WGUM-3007DRYGUM-3007FO-3007S-3025S-3035A-9999A-9999C-9999CS-9999E,WA007,301006011,""
27,2755.75,1,310726,1022512956,101,WA003,3002A-3005WGUM-3007DRYGUM-3007FO-3007S-3025S-3035A-9999A-9999C-9999CS-9999E,WA007,301006046,""
27,2755.75,1,310726,1022512956,101,WA003,3002A-3005WGUM-3007DRYGUM-3007FO-3007S-3025S-3035A-9999A-9999C-9999CS-9999E,WA007,301006047,""
27,2755.75,1,310726,1022512956,101,WA003,3002A-3005WGUM-3007DRYGUM-3007FO-3007S-3025S-3035A-9999A-9999C-9999CS-9999E,WA007,301006048,""
27,2755.75,1,310726,1022512956,101,WA003,3002A-3005WGUM-3007DRYGUM-3007FO-3007S-3025S-3035A-9999A-9999C-9999CS-9999E,WA007,301006049,""
27,2755.75,1,310726,1022512957,101,WA003,3002A-3005WGUM-3007DRYGUM-3007S-3025S-3035A-9999A-9999C-9999CS-9999E,WA007,301006076,""
27,2755.75,1,310726,1022512957,101,WA003,3002A-3005WGUM-3007DRYGUM-3007S-3025S-3035A-9999A-9999C-9999CS-9999E,WA007,301006077,""
27,2755.75,1,310726,1022512957,101,WA003,3002A-3005WGUM-3007DRYGUM-3007S-3025S-3035A-9999A-9999C-9999CS-9999E,WA007,301006078,""
27,2755.75,1,310726,1022512957,101,WA003,3002A-3005WGUM-3007DRYGUM-3007S-3025S-3035A-9999A-9999C-9999CS-9999E,WA007,301006079,""
27,2755.75,1,310726,1022512957,101,WA003,3002A-3005WGUM-3007DRYGUM-3007S-3025S-3035A-9999A-9999C-9999CS-9999E,WA007,301006081,""
27,2755.75,1,310726,1022512957,101,WA003,3002A-3005WGUM-3007DRYGUM-3007S-3025S-3035A-9999A-9999C-9999CS-9999E,WA007,301006082,""
27,2755.75,1,310726,1022512957,101,WA003,3002A-3005WGUM-3007DRYGUM-3007S-3025S-3035A-9999A-9999C-9999CS-9999E,WA007,301006151,""
27,2755.75,1,310726,1022512957,101,WA003,3002A-3005WGUM-3007DRYGUM-3007S-3025S-3035A-9999A-9999C-9999CS-9999E,WA007,301006152,""
27,2755.75,1,310726,1022512958,101,WA003,3002A-3005WGUM-3007DRYGUM-3007FO-3007S-3025S-3035A-9999A-9999C-9999CS-9999E,WA007,301006170,""
27,2755.75,1,310726,1022512958,101,WA003,3002A-3005WGUM-3007DRYGUM-3007FO-3007S-3025S-3035A-9999A-9999C-9999CS-9999E,WA007,301006197,""
27,2755.75,1,310726,1022512958,101,WA003,3002A-3005WGUM-3007DRYGUM-3007FO-3007S-3025S-3035A-9999A-9999C-9999CS-9999E,WA007,301006199,""
27,2755.75,1,310726,1022512958,101,WA003,3002A-3005WGUM-3007DRYGUM-3007FO-3007S-3025S-3035A-9999A-9999C-9999CS-9999E,WA007,301006200,""
27,2755.75,1,310726,1022512958,101,WA003,3002A-3005WGUM-3007DRYGUM-3007FO-3007S-3025S-3035A-9999A-9999C-9999CS-9999E,WA007,301006201,""
27,2755.75,1,310726,1022512958,101,WA003,3002A-3005WGUM-3007DRYGUM-3007FO-3007S-3025S-3035A-9999A-9999C-9999CS-9999E,WA007,301006208,""
27,2755.75,1,310726,1022512958,101,WA003,3002A-3005WGUM-3007DRYGUM-3007FO-3007S-3025S-3035A-9999A-9999C-9999CS-9999E,WA007,301006209,""
27,2755.75,1,310726,1022512958,101,WA003,3002A-3005WGUM-3007DRYGUM-3007FO-3007S-3025S-3035A-9999A-9999C-9999CS-9999E,WA007,301006210,""
27,275.575,0,310726,1022512959,101,WA003,3002A-3025S-3035A-9999A-9999C-9999CS-9999E,WA007,301006257,232381-1-3-103
27,2200,1,310774,1002512901,102,WA001,9999A,WA001,301005176,""
27,2199,1,310774,1002512901,102,WA001,9999A,WA001,301005183,""
27,2200,1,310774,1002512901,102,WA001,9999A,WA001,301005184,""
27,2200,1,310774,1002512901,102,WA001,9999A,WA001,301005191,""
27,2200,1,310774,1002512901,102,WA001,9999A,WA001,301005199,""
27,2205,1,310774,1002512901,102,WA001,9999A,WA001,301005204,""
27,2206,1,310774,1002512901,102,WA001,9999A,WA001,301005215,""
27,2198,1,310774,1002512901,102,WA001,9999A,WA001,301005220,""
27,2199,1,310774,1002512902,102,WA001,9999A,WA001,301005264,""
27,2199,1,310774,1002512902,102,WA001,9999A,WA001,301005268,""
27,2200,1,310774,1002512902,102,WA001,9999A,WA001,301005279,""
27,2199,1,310774,1002512902,102,WA001,9999A,WA001,301005282,""
27,2199,1,310774,1002512902,102,WA001,9999A,WA001,301005288,""
27,2198,1,310774,1002512902,102,WA001,9999A,WA001,301005292,""
27,2199,1,310774,1002512902,102,WA001,9999A,WA001,301005300,""
27,2201,1,310774,1002512902,102,WA001,9999A,WA001,301005307,""
27,2198,1,310774,1002512903,102,WA001,9999A,WA001,301005331,""
27,2199,1,310774,1002512903,102,WA001,9999A,WA001,301005343,""
27,2198,1,310774,1002512903,102,WA001,9999A,WA001,301005356,""
27,2199,1,310774,1002512903,102,WA001,9999A,WA001,301005457,""
27,2202,1,310774,1002512903,102,WA001,9999A,WA001,301005464,""
27,2202,1,310774,1002512903,102,WA001,9999A,WA001,301005475,""
27,2199,1,310774,1002512903,102,WA001,9999A,WA001,301005483,""
27,2206,1,310774,1002512903,102,WA001,9999A,WA001,301005500,""
27,2198,1,310774,1002512904,102,WA001,9999A,WA001,301005516,""
27,2199,1,310774,1002512904,102,WA001,9999A,WA001,301005520,""
27,2199,1,310774,1002512904,102,WA001,9999A,WA001,301005530,""
27,2209,1,310774,1002512904,102,WA001,9999A,WA001,301005533,""
27,2198,1,310774,1002512904,102,WA001,9999A,WA001,301005589,""
27,2207,1,310774,1002512904,102,WA001,9999A,WA001,301005600,""
27,2200,1,310774,1002512904,102,WA001,9999A,WA001,301005609,""
27,2198,1,310774,1002512904,102,WA001,9999A,WA001,301005621,""
27,2199,1,310774,1002512905,102,WA001,9999A,WA001,301005635,""
27,2205,1,310774,1002512905,102,WA001,9999A,WA001,301005642,""
27,2198,1,310774,1002512905,102,WA001,9999A,WA001,301005661,""
27,2199,1,310774,1002512905,102,WA001,9999A,WA001,301005667,""
27,2206,1,310774,1002512905,102,WA001,9999A,WA001,301005676,""
27,2198,1,310774,1002512905,102,WA001,9999A,WA001,301005690,""
27,2198,1,310774,1002512905,102,WA001,9999A,WA001,301005701,""
27,2198,1,310774,1002512905,102,WA001,9999A,WA001,301005713,""
27,2198,1,310774,1002512906,102,WA001,9999A,WA001,301005766,""
27,2199,1,310774,1002512906,102,WA001,9999A,WA001,301005784,""
27,2198,1,310774,1002512906,102,WA001,9999A,WA001,301005810,""
27,2199,1,310774,1002512906,102,WA001,9999A,WA001,301005829,""
27,2199,1,310774,1002512906,102,WA001,9999A,WA001,301005832,""
27,2198,1,310774,1002512906,102,WA001,9999A,WA001,301005839,""
27,2207,1,310774,1002512906,102,WA001,9999A,WA001,301005844,""
27,2200,1,310774,1002512906,102,WA001,9999A,WA001,301005848,""
27,731,0,310774,1002512907,102,WA001,9999A,WA001,301005852,""
28,2755.75,1,310015,1052512813,101,ID002,3117A-3123A-9999A-9999E,TX001,301004493,233089-1-3-114
28,2755.75,1,310015,1052512813,101,ID002,3117A-3123A-9999A-9999E,TX001,301004495,""
28,2755.75,1,310015,1052512813,101,ID002,3117A-3123A-9999A-9999E,TX001,301004498,""
28,2755.75,1,310015,1052512813,101,ID002,3117A-3123A-9999A-9999E,TX001,301004500,""
28,2755.75,1,310015,1052512813,101,ID002,3117A-3123A-9999A-9999E,TX001,301004501,""
28,2755.75,1,310015,1052512814,101,ID002,3117A-3123A-9999A-9999E,TX001,301004602,""
28,2755.75,1,310015,1052512814,101,ID002,3117A-3123A-9999A-9999E,TX001,301004603,""
28,2755.75,1,310015,1052512814,101,ID002,3117A-3123A-9999A-9999E,TX001,301004604,""
28,2755.75,1,310015,1052512814,101,ID002,3117A-3123A-9999A-9999E,TX001,301004605,""
28,2755.75,1,310015,1052512814,101,ID002,3117A-3123A-9999A-9999E,TX001,301004633,""
28,2755.75,1,310015,1052512814,101,ID002,3117A-3123A-9999A-9999E,TX001,301004634,""
28,2755.75,1,310015,1052512814,101,ID002,3117A-3123A-9999A-9999E,TX001,301004635,""
28,2755.75,1,310015,1052512814,101,ID002,3117A-3123A-9999A-9999E,TX001,301004637,""
28,2755.75,1,310726,1012512801,101,WA002,9999A-9999C-9999E,WA007,301003422,232948-1-2-104
28,2755.75,1,310726,1012512801,101,WA002,9999A-9999C-9999E,WA007,301003424,232948-1-2-104
28,2755.75,1,310726,1012512801,101,WA002,9999A-9999C-9999E,WA007,301003440,232948-1-2-104
28,2755.75,1,310726,1012512801,101,WA002,9999A-9999C-9999E,WA007,301003442,232948-1-2-104
28,2755.75,1,310726,1012512801,101,WA002,9999A-9999C-9999E,WA007,301003443,232948-1-2-104
28,2755.75,1,310726,1012512801,101,WA002,9999A-9999C-9999E,WA007,301003444,232948-1-2-104
28,2755.75,1,310726,1012512801,101,WA002,9999A-9999C-9999E,WA007,301003456,232948-1-2-104
28,2755.75,1,310726,1012512801,101,WA002,9999A-9999C-9999E,WA007,301003457,232948-1-2-104
28,2755.75,1,310726,1012512802,101,WA002,9999A-9999C-9999E,WA007,301003458,232948-1-2-104
28,2755.75,1,310726,1012512802,101,WA002,9999A-9999C-9999E,WA007,301003459,232948-1-2-104
28,2755.75,1,310726,1012512802,101,WA002,9999A-9999C-9999E,WA007,301003503,232948-1-2-104
28,2590.405,1,310726,1012512802,101,WA002,9999A-9999C-9999E,WA007,301003504,232948-1-2-104
28,2755.75,1,310726,1012512802,101,WA002,9999A-9999C-9999E,WA007,301003541,232948-1-2-104
28,2755.75,1,310726,1012512802,101,WA002,9999A-9999C-9999E,WA007,301003542,232948-1-2-104
28,2755.75,1,310726,1012512802,101,WA002,9999A-9999C-9999E,WA007,301003543,232948-1-2-104
28,2755.75,1,310726,1012512802,101,WA002,9999A-9999C-9999E,WA007,301003561,232948-1-2-104
28,2755.75,1,310726,1012512803,101,WA002,9999A-9999C-9999E,WA007,301003562,232948-1-2-104
28,2755.75,1,310726,1012512803,101,WA002,9999A-9999C-9999E,WA007,301003563,232948-1-2-104
28,2755.75,1,310726,1012512803,101,WA002,9999A-9999C-9999E,WA007,301003574,232948-1-2-104
28,2755.75,1,310726,1012512803,101,WA002,9999A-9999C-9999E,WA007,301003575,232948-1-2-103
28,2755.75,1,310726,1012512803,101,WA002,9999A-9999C-9999E,WA007,301003576,232948-1-2-103
28,2755.75,1,310726,1012512803,101,WA002,9999A-9999C-9999E,WA007,301003745,232948-1-2-103
28,2755.75,1,310726,1012512803,101,WA002,9999A-9999C-9999E,WA007,301003746,232948-1-2-103
28,2755.75,1,310726,1012512803,101,WA002,9999A-9999C-9999E,WA007,301003747,232948-1-2-103
28,2755.75,1,310726,1012512804,101,WA002,9999A-9999C-9999E,WA007,301003748,232948-1-2-103
28,2755.75,1,310726,1012512804,101,WA002,9999A-9999C-9999E,WA007,301003749,232948-1-2-103
28,2755.75,1,310726,1012512804,101,WA002,9999A-9999C-9999E,WA007,301003750,232948-1-2-103
28,2755.75,1,310726,1012512804,101,WA002,9999A-9999C-9999E,WA007,301003751,232948-1-2-103
28,2755.75,1,310726,1012512804,101,WA002,9999A-9999C-9999E,WA007,301003752,232948-1-2-103
28,2755.75,1,310726,1012512804,101,WA002,9999A-9999C-9999E,WA007,301003762,232948-1-2-103
28,2755.75,1,310726,1012512804,101,WA002,9999A-9999C-9999E,WA007,301003763,232948-1-2-103
28,2755.75,1,310726,1012512804,101,WA002,9999A-9999C-9999E,WA007,301003807,232948-1-2-103
28,2755.75,1,310726,1012512809,101,WA002,9999A-9999C-9999E,WA007,301004147,232948-1-2-103
28,2755.75,1,310726,1012512809,101,WA002,9999A-9999C-9999E,WA007,301004148,232948-1-2-103
28,2755.75,1,310726,1012512809,101,WA002,9999A-9999C-9999E,WA007,301004149,232948-1-2-103
28,2755.75,1,310726,1012512809,101,WA002,9999A-9999C-9999E,WA007,301004169,232948-1-2-103
28,2755.75,1,310726,1012512809,101,WA002,9999A-9999C-9999E,WA007,301004170,232948-1-2-103
28,2755.75,1,310726,1012512809,101,WA002,9999A-9999C-9999E,WA007,301004241,232948-1-2-103
28,2755.75,1,310726,1012512809,101,WA002,9999A-9999C-9999E,WA007,301004242,232948-1-2-103
28,2755.75,1,310726,1012512809,101,WA002,9999A-9999C-9999E,WA007,301004243,233433-1-1-101
28,2755.75,1,310726,1012512810,101,WA002,9999A-9999C-9999E,WA007,301004244,233433-1-1-101
28,2755.75,1,310726,1012512810,101,WA002,9999A-9999C-9999E,WA007,301004262,233433-1-1-101
28,2755.75,1,310726,1012512810,101,WA002,9999A-9999C-9999E,WA007,301004263,233433-1-1-101
28,2755.75,1,310726,1012512810,101,WA002,9999A-9999C-9999E,WA007,301004264,233433-1-1-101
28,2755.75,1,310726,1012512810,101,WA002,9999A-9999C-9999E,WA007,301004384,233433-1-1-101
28,2755.75,1,310726,1012512810,101,WA002,9999A-9999C-9999E,WA007,301004385,233433-1-1-101
28,2755.75,1,310726,1012512810,101,WA002,9999A-9999C-9999E,WA007,301004397,233433-1-1-101
28,2755.75,1,310726,1012512810,101,WA002,9999A-9999C-9999E,WA007,301004398,233433-1-1-101
28,2755.75,1,310726,1012512811,101,WA002,9999A-9999C-9999E,WA007,301004407,233118-1-2-102
28,2755.75,1,310726,1012512811,101,WA002,9999A-9999C-9999E,WA007,301004408,233118-1-2-102
28,2755.75,1,310726,1012512811,101,WA002,9999A-9999C-9999E,WA007,301004409,233118-1-2-102
28,2755.75,1,310726,1012512811,101,WA002,9999A-9999C-9999E,WA007,301004411,233118-1-2-102
28,2755.75,1,310726,1012512811,101,WA002,9999A-9999C-9999E,WA007,301004425,233118-1-2-102
28,2755.75,1,310726,1012512811,101,WA002,9999A-9999C-9999E,WA007,301004426,233118-1-2-102
28,2755.75,1,310726,1012512811,101,WA002,9999A-9999C-9999E,WA007,301004427,233118-1-2-102
28,2755.75,1,310726,1012512811,101,WA002,9999A-9999C-9999E,WA007,301004428,233118-1-2-102
28,2755.75,1,310726,1012512812,101,WA002,9999A-9999C-9999E,WA007,301004456,233118-1-2-102
28,2755.75,1,310726,1012512812,101,WA002,9999A-9999C-9999E,WA007,301004457,233118-1-2-102
28,2755.75,1,310726,1012512812,101,WA002,9999A-9999C-9999E,WA007,301004494,233118-1-2-102
28,2755.75,1,310726,1012512812,101,WA002,9999A-9999C-9999E,WA007,301004496,233118-1-2-102
28,2755.75,1,310726,1012512812,101,WA002,9999A-9999C-9999E,WA007,301004497,233118-1-2-102
28,2755.75,1,310726,1012512812,101,WA002,9999A-9999C-9999E,WA007,301004507,233118-1-2-102
28,2755.75,1,310726,1012512812,101,WA002,9999A-9999C-9999E,WA007,301004508,233118-1-2-102
28,2755.75,1,310726,1012512812,101,WA002,9999A-9999C-9999E,WA007,301004509,233118-1-2-102
28,2755.75,1,310726,1022512852,101,WA003,3002A-3007DRYGUM-3007FO-3007S-3025S-3033A-3035A-9999A-9999C-9999CS-9999E,WA007,301004574,""
28,2755.75,1,310726,1022512852,101,WA003,3002A-3007DRYGUM-3007FO-3007S-3025S-3033A-3035A-9999A-9999C-9999CS-9999E,WA007,301004575,""
28,2755.75,1,310726,1022512852,101,WA003,3002A-3007DRYGUM-3007FO-3007S-3025S-3033A-3035A-9999A-9999C-9999CS-9999E,WA007,301004576,""
28,2755.75,1,310726,1022512852,101,WA003,3002A-3007DRYGUM-3007FO-3007S-3025S-3033A-3035A-9999A-9999C-9999CS-9999E,WA007,301004577,""
28,2755.75,1,310726,1022512852,101,WA003,3002A-3007DRYGUM-3007FO-3007S-3025S-3033A-3035A-9999A-9999C-9999CS-9999E,WA007,301004578,""
28,2755.75,1,310726,1022512852,101,WA003,3002A-3007DRYGUM-3007FO-3007S-3025S-3033A-3035A-9999A-9999C-9999CS-9999E,WA007,301004579,""
28,2755.75,1,310726,1022512852,101,WA003,3002A-3007DRYGUM-3007FO-3007S-3025S-3033A-3035A-9999A-9999C-9999CS-9999E,WA007,301004580,""
28,2755.75,1,310726,1022512852,101,WA003,3002A-3007DRYGUM-3007FO-3007S-3025S-3033A-3035A-9999A-9999C-9999CS-9999E,WA007,301004581,""
28,2755.75,1,310726,1022512853,101,WA003,3002A-3005WGUM-3007DRYGUM-3007FO-3007S-3015A-3025S-3033A-3035A-9999A-9999C-9999CS-9999E,WA007,301004606,""
28,2755.75,1,310726,1022512853,101,WA003,3002A-3005WGUM-3007DRYGUM-3007FO-3007S-3015A-3025S-3033A-3035A-9999A-9999C-9999CS-9999E,WA007,301004607,""
28,2755.75,1,310726,1022512853,101,WA003,3002A-3005WGUM-3007DRYGUM-3007FO-3007S-3015A-3025S-3033A-3035A-9999A-9999C-9999CS-9999E,WA007,301004608,""
28,2755.75,1,310726,1022512853,101,WA003,3002A-3005WGUM-3007DRYGUM-3007FO-3007S-3015A-3025S-3033A-3035A-9999A-9999C-9999CS-9999E,WA007,301004609,""
28,2755.75,1,310726,1022512853,101,WA003,3002A-3005WGUM-3007DRYGUM-3007FO-3007S-3015A-3025S-3033A-3035A-9999A-9999C-9999CS-9999E,WA007,301004610,""
28,2755.75,1,310726,1022512853,101,WA003,3002A-3005WGUM-3007DRYGUM-3007FO-3007S-3015A-3025S-3033A-3035A-9999A-9999C-9999CS-9999E,WA007,301004611,""
28,2755.75,1,310726,1022512853,101,WA003,3002A-3005WGUM-3007DRYGUM-3007FO-3007S-3015A-3025S-3033A-3035A-9999A-9999C-9999CS-9999E,WA007,301004612,""
28,2755.75,1,310726,1022512853,101,WA003,3002A-3005WGUM-3007DRYGUM-3007FO-3007S-3015A-3025S-3033A-3035A-9999A-9999C-9999CS-9999E,WA007,301004613,""
28,2755.75,1,310726,1022512854,101,WA003,3002A-3005WGUM-3007DRYGUM-3007FO-3007S-3015A-3025S-3033A-3035A-9999A-9999C-9999CS-9999E,WA007,301004706,""
28,2755.75,1,310726,1022512854,101,WA003,3002A-3005WGUM-3007DRYGUM-3007FO-3007S-3015A-3025S-3033A-3035A-9999A-9999C-9999CS-9999E,WA007,301004707,""
28,2755.75,1,310726,1022512854,101,WA003,3002A-3005WGUM-3007DRYGUM-3007FO-3007S-3015A-3025S-3033A-3035A-9999A-9999C-9999CS-9999E,WA007,301004708,""
28,2755.75,1,310726,1022512854,101,WA003,3002A-3005WGUM-3007DRYGUM-3007FO-3007S-3015A-3025S-3033A-3035A-9999A-9999C-9999CS-9999E,WA007,301004709,""
28,2755.75,1,310726,1022512854,101,WA003,3002A-3005WGUM-3007DRYGUM-3007FO-3007S-3015A-3025S-3033A-3035A-9999A-9999C-9999CS-9999E,WA007,301004710,""
28,2755.75,1,310726,1022512854,101,WA003,3002A-3005WGUM-3007DRYGUM-3007FO-3007S-3015A-3025S-3033A-3035A-9999A-9999C-9999CS-9999E,WA007,301004711,""
28,2755.75,1,310726,1022512854,101,WA003,3002A-3005WGUM-3007DRYGUM-3007FO-3007S-3015A-3025S-3033A-3035A-9999A-9999C-9999CS-9999E,WA007,301004712,""
28,2755.75,1,310726,1022512854,101,WA003,3002A-3005WGUM-3007DRYGUM-3007FO-3007S-3015A-3025S-3033A-3035A-9999A-9999C-9999CS-9999E,WA007,301004713,""
28,2755.75,1,310726,1022512855,101,WA003,3002A-3005WGUM-3007DRYGUM-3007FO-3007S-3015A-3025S-3033A-3035A-9999A-9999C-9999CS-9999E,WA007,301004752,""
28,2755.75,1,310726,1022512855,101,WA003,3002A-3005WGUM-3007DRYGUM-3007FO-3007S-3015A-3025S-3033A-3035A-9999A-9999C-9999CS-9999E,WA007,301004753,""
28,2755.75,1,310726,1022512855,101,WA003,3002A-3005WGUM-3007DRYGUM-3007FO-3007S-3015A-3025S-3033A-3035A-9999A-9999C-9999CS-9999E,WA007,301004754,""
28,2755.75,1,310726,1022512855,101,WA003,3002A-3005WGUM-3007DRYGUM-3007FO-3007S-3015A-3025S-3033A-3035A-9999A-9999C-9999CS-9999E,WA007,301004755,""
28,2755.75,1,310726,1022512855,101,WA003,3002A-3005WGUM-3007DRYGUM-3007FO-3007S-3015A-3025S-3033A-3035A-9999A-9999C-9999CS-9999E,WA007,301004756,""
28,2755.75,1,310726,1022512855,101,WA003,3002A-3005WGUM-3007DRYGUM-3007FO-3007S-3015A-3025S-3033A-3035A-9999A-9999C-9999CS-9999E,WA007,301004757,""
28,2755.75,1,310726,1022512855,101,WA003,3002A-3005WGUM-3007DRYGUM-3007FO-3007S-3015A-3025S-3033A-3035A-9999A-9999C-9999CS-9999E,WA007,301004758,""
28,2755.75,1,310726,1022512855,101,WA003,3002A-3005WGUM-3007DRYGUM-3007FO-3007S-3015A-3025S-3033A-3035A-9999A-9999C-9999CS-9999E,WA007,301004759,""
28,2755.75,1,310726,1022512856,101,WA003,3002A-3005WGUM-3007DRYGUM-3007FO-3007S-3025S-3033A-3035A-9999A-9999C-9999CS-9999E,WA007,301004873,""
28,2755.75,1,310726,1022512856,101,WA003,3002A-3005WGUM-3007DRYGUM-3007FO-3007S-3025S-3033A-3035A-9999A-9999C-9999CS-9999E,WA007,301004874,""
28,2755.75,1,310726,1022512856,101,WA003,3002A-3005WGUM-3007DRYGUM-3007FO-3007S-3025S-3033A-3035A-9999A-9999C-9999CS-9999E,WA007,301004875,""
28,2755.75,1,310726,1022512856,101,WA003,3002A-3005WGUM-3007DRYGUM-3007FO-3007S-3025S-3033A-3035A-9999A-9999C-9999CS-9999E,WA007,301004876,""
28,2755.75,1,310726,1022512856,101,WA003,3002A-3005WGUM-3007DRYGUM-3007FO-3007S-3025S-3033A-3035A-9999A-9999C-9999CS-9999E,WA007,301004877,""
28,2755.75,1,310726,1022512856,101,WA003,3002A-3005WGUM-3007DRYGUM-3007FO-3007S-3025S-3033A-3035A-9999A-9999C-9999CS-9999E,WA007,301004878,""
28,2755.75,1,310726,1022512856,101,WA003,3002A-3005WGUM-3007DRYGUM-3007FO-3007S-3025S-3033A-3035A-9999A-9999C-9999CS-9999E,WA007,301004879,""
28,2755.75,1,310726,1022512856,101,WA003,3002A-3005WGUM-3007DRYGUM-3007FO-3007S-3025S-3033A-3035A-9999A-9999C-9999CS-9999E,WA007,301004880,""
28,2755.75,1,310726,1022512857,101,WA003,3002A-3005WGUM-3007DRYGUM-3007FO-3007S-3015A-3025S-3033A-3035A-9999A-9999C-9999CS-9999E,WA007,301004923,""
28,2755.75,1,310726,1022512857,101,WA003,3002A-3005WGUM-3007DRYGUM-3007FO-3007S-3015A-3025S-3033A-3035A-9999A-9999C-9999CS-9999E,WA007,301004924,""
28,2755.75,1,310726,1022512857,101,WA003,3002A-3005WGUM-3007DRYGUM-3007FO-3007S-3015A-3025S-3033A-3035A-9999A-9999C-9999CS-9999E,WA007,301004925,""
28,2755.75,1,310726,1022512857,101,WA003,3002A-3005WGUM-3007DRYGUM-3007FO-3007S-3015A-3025S-3033A-3035A-9999A-9999C-9999CS-9999E,WA007,301004940,""
28,2755.75,1,310726,1022512857,101,WA003,3002A-3005WGUM-3007DRYGUM-3007FO-3007S-3015A-3025S-3033A-3035A-9999A-9999C-9999CS-9999E,WA007,301004941,""
28,2755.75,1,310726,1022512857,101,WA003,3002A-3005WGUM-3007DRYGUM-3007FO-3007S-3015A-3025S-3033A-3035A-9999A-9999C-9999CS-9999E,WA007,301004944,""
28,2755.75,1,310726,1022512857,101,WA003,3002A-3005WGUM-3007DRYGUM-3007FO-3007S-3015A-3025S-3033A-3035A-9999A-9999C-9999CS-9999E,WA007,301004945,""
28,2755.75,1,310726,1022512858,101,WA003,3002A-3005WGUM-3007DRYGUM-3007FO-3007S-3025S-3033A-3035A-9999A-9999C-9999CS-9999E,WA007,301005061,""
28,2755.75,1,310726,1022512858,101,WA003,3002A-3005WGUM-3007DRYGUM-3007FO-3007S-3025S-3033A-3035A-9999A-9999C-9999CS-9999E,WA007,301005065,""
28,2755.75,1,310726,1022512858,101,WA003,3002A-3005WGUM-3007DRYGUM-3007FO-3007S-3025S-3033A-3035A-9999A-9999C-9999CS-9999E,WA007,301005068,""
28,2755.75,1,310726,1022512858,101,WA003,3002A-3005WGUM-3007DRYGUM-3007FO-3007S-3025S-3033A-3035A-9999A-9999C-9999CS-9999E,WA007,301005073,""
28,2755.75,1,310726,1022512858,101,WA003,3002A-3005WGUM-3007DRYGUM-3007FO-3007S-3025S-3033A-3035A-9999A-9999C-9999CS-9999E,WA007,301005074,""
28,2755.75,1,310726,1022512858,101,WA003,3002A-3005WGUM-3007DRYGUM-3007FO-3007S-3025S-3033A-3035A-9999A-9999C-9999CS-9999E,WA007,301005081,""
28,2755.75,1,310726,1022512858,101,WA003,3002A-3005WGUM-3007DRYGUM-3007FO-3007S-3025S-3033A-3035A-9999A-9999C-9999CS-9999E,WA007,301005082,""
28,2755.75,1,310726,1022512858,101,WA003,3002A-3005WGUM-3007DRYGUM-3007FO-3007S-3025S-3033A-3035A-9999A-9999C-9999CS-9999E,WA007,301005111,""
29,2066,1,310086,1052512731,101,ID002,3139A-3140A-9999A,ID010,301001915,""
29,2069,1,310086,1052512731,101,ID002,3139A-3140A-9999A,ID010,301001916,""
29,2053,1,310086,1052512732,101,ID002,3139A-3140A-9999A,ID010,301001935,""
29,2051,1,310086,1052512732,101,ID002,3139A-3140A-9999A,ID010,301001936,""
29,2152,1,310086,1052512732,101,ID002,3139A-3140A-9999A,ID010,301001943,""
29,2072,1,310086,1052512732,101,ID002,3139A-3140A-9999A,ID010,301001944,""
29,2048,1,310086,1052512732,101,ID002,3139A-3140A-9999A,ID010,301001961,""
29,2045,1,310086,1052512732,101,ID002,3139A-3140A-9999A,ID010,301001962,""
29,2046,1,310086,1052512732,101,ID002,3139A-3140A-9999A,ID010,301001993,""
29,2045,1,310086,1052512732,101,ID002,3139A-3140A-9999A,ID010,301001994,""
29,2064,1,310086,1052512733,101,ID002,3139A-3140A-9999A,ID010,301002042,""
29,2054,1,310086,1052512733,101,ID002,3139A-3140A-9999A,ID010,301002043,""
29,2048,1,310086,1052512733,101,ID002,3139A-3140A-9999A,ID010,301002097,""
29,2046,1,310086,1052512733,101,ID002,3139A-3140A-9999A,ID010,301002098,""
29,2057,1,310086,1052512733,101,ID002,3139A-3140A-9999A,ID010,301002122,""
29,2072,1,310086,1052512733,101,ID002,3139A-3140A-9999A,ID010,301002123,""
29,2048,1,310086,1052512733,101,ID002,3139A-3140A-9999A,ID010,301002135,""
29,2054,1,310086,1052512733,101,ID002,3139A-3140A-9999A,ID010,301002136,""
29,2048,1,310086,1052512734,101,ID002,3139A-3140A-9999A,ID010,301002147,""
29,2048,1,310086,1052512734,101,ID002,3139A-3140A-9999A,ID010,301002148,""
29,2051,1,310086,1052512734,101,ID002,3139A-3140A-9999A,ID010,301002159,""
29,2053,1,310086,1052512734,101,ID002,3139A-3140A-9999A,ID010,301002160,""
29,2039,1,310086,1052512734,101,ID002,3139A-3140A-9999A,ID010,301002222,""
29,2052,1,310086,1052512734,101,ID002,3139A-3140A-9999A,ID010,301002223,""
29,2083,1,310086,1052512734,101,ID002,3139A-3140A-9999A,ID010,301002224,""
29,2128,1,310086,1052512734,101,ID002,3139A-3140A-9999A,ID010,301002225,""
29,2123,1,310086,1052512735,101,ID002,3139A-3140A-9999A,ID010,301002226,""
29,2070,1,310086,1052512735,101,ID002,3139A-3140A-9999A,ID010,301002227,""
29,2137,1,310086,1052512735,101,ID002,3139A-3140A-9999A,ID010,301002260,""
29,2125,1,310086,1052512735,101,ID002,3139A-3140A-9999A,ID010,301002261,""
29,2185,1,310086,1052512735,101,ID002,3139A-3140A-9999A,ID010,301002263,""
29,2161,1,310086,1052512735,101,ID002,3139A-3140A-9999A,ID010,301002264,""
29,2239,1,310086,1052512735,101,ID002,3139A-3140A-9999A,ID010,301002265,""
29,2203,1,310086,1052512735,101,ID002,3139A-3140A-9999A,ID010,301002266,""
29,2200,1,310086,1052512736,101,ID002,3139A-3140A-9999A,ID010,301002353,""
29,2125,1,310086,1052512736,101,ID002,3139A-3140A-9999A,ID010,301002354,""
29,2309,1,310086,1052512736,101,ID002,3139A-3140A-9999A,ID010,301002355,""
29,2191,1,310086,1052512736,101,ID002,3139A-3140A-9999A,ID010,301002356,""
29,2128,1,310086,1052512736,101,ID002,3139A-3140A-9999A,ID010,301002368,""
29,2123,1,310086,1052512736,101,ID002,3139A-3140A-9999A,ID010,301002369,""
29,2125,1,310086,1052512736,101,ID002,3139A-3140A-9999A,ID010,301002427,""
29,2121,1,310086,1052512736,101,ID002,3139A-3140A-9999A,ID010,301002428,""
29,2168,1,310086,1052512737,101,ID002,3139A-3140A-9999A,ID010,301002429,""
29,2127,1,310086,1052512737,101,ID002,3139A-3140A-9999A,ID010,301002430,""
29,2254,1,310086,1052512737,101,ID002,3139A-3140A-9999A,ID010,301002433,""
29,2133,1,310086,1052512737,101,ID002,3139A-3140A-9999A,ID010,301002434,""
29,2185,1,310086,1052512737,101,ID002,3139A-3140A-9999A,ID010,301002475,""
29,2136,1,310086,1052512737,101,ID002,3139A-3140A-9999A,ID010,301002477,""
29,2230,1,310086,1052512737,101,ID002,3139A-3140A-9999A,ID010,301002478,""
29,2126,1,310086,1052512737,101,ID002,3139A-3140A-9999A,ID010,301002479,""
29,2184,1,310086,1052512738,101,ID002,3139A-3140A-9999A,ID010,301002490,""
29,2204,1,310086,1052512738,101,ID002,3139A-3140A-9999A,ID010,301002558,""
29,2116,1,310086,1052512738,101,ID002,3139A-3140A-9999A,ID010,301002559,""
29,2225,1,310086,1052512738,101,ID002,3139A-3140A-9999A,ID010,301002568,""
29,2112,1,310086,1052512738,101,ID002,3139A-3140A-9999A,ID010,301002569,""
29,2222,1,310086,1052512738,101,ID002,3139A-3140A-9999A,ID010,301002575,""
29,2195,1,310086,1052512738,101,ID002,3139A-3140A-9999A,ID010,301002576,""
29,2139,1,310086,1052512738,101,ID002,3139A-3140A-9999A,ID010,301003841,""
29,2213,1,310086,1052512739,101,ID002,3139A-3140A-9999A,ID010,301002583,""
29,2156,1,310086,1052512739,101,ID002,3139A-3140A-9999A,ID010,301002584,""
29,2201,1,310086,1052512739,101,ID002,3139A-3140A-9999A,ID010,301002593,""
29,2133,1,310086,1052512739,101,ID002,3139A-3140A-9999A,ID010,301002594,""
29,2231,1,310086,1052512739,101,ID002,3139A-3140A-9999A,ID010,301002633,""
29,2137,1,310086,1052512739,101,ID002,3139A-3140A-9999A,ID010,301002634,""
29,2271,1,310086,1052512739,101,ID002,3139A-3140A-9999A,ID010,301002635,""
29,2144,1,310086,1052512739,101,ID002,3139A-3140A-9999A,ID010,301002636,""
29,2253,1,310086,1052512740,101,ID002,3139A-3140A-9999A,ID010,301002727,""
29,2109,1,310086,1052512740,101,ID002,3139A-3140A-9999A,ID010,301002728,""
29,2145,1,310086,1052512740,101,ID002,3139A-3140A-9999A,ID010,301002729,""
29,2157,1,310086,1052512740,101,ID002,3139A-3140A-9999A,ID010,301002730,""
29,2219,1,310086,1052512740,101,ID002,3139A-3140A-9999A,ID010,301002731,""
29,2120,1,310086,1052512740,101,ID002,3139A-3140A-9999A,ID010,301002732,""
29,2281,1,310086,1052512740,101,ID002,3139A-3140A-9999A,ID010,301002894,""
29,2231,1,310086,1052512740,101,ID002,3139A-3140A-9999A,ID010,301002895,""
29,2127,1,310086,1052512741,101,ID002,3139A-3140A-9999A,ID010,301002903,""
29,2240,1,310086,1052512741,101,ID002,3139A-3140A-9999A,ID010,301002904,""
29,2178,1,310086,1052512741,101,ID002,3139A-3140A-9999A,ID010,301002918,""
29,2109,1,310086,1052512741,101,ID002,3139A-3140A-9999A,ID010,301002919,""
29,2100,1,310086,1052512741,101,ID002,3139A-3140A-9999A,ID010,301002945,""
29,2081,1,310086,1052512741,101,ID002,3139A-3140A-9999A,ID010,301002946,""
29,2145,1,310086,1052512741,101,ID002,3139A-3140A-9999A,ID010,301002950,""
29,2102,1,310086,1052512741,101,ID002,3139A-3140A-9999A,ID010,301002951,""
29,2175,1,310086,1052512742,101,ID002,3139A-3140A-9999A,ID010,301002958,""
29,2199,1,310086,1052512742,101,ID002,3139A-3140A-9999A,ID010,301002961,""
29,2218,1,310086,1052512742,101,ID002,3139A-3140A-9999A,ID010,301002970,""
29,2131,1,310086,1052512742,101,ID002,3139A-3140A-9999A,ID010,301002971,""
29,2119,1,310086,1052512742,101,ID002,3139A-3140A-9999A,ID010,301002993,""
29,2167,1,310086,1052512742,101,ID002,3139A-3140A-9999A,ID010,301002994,""
29,2123,1,310086,1052512742,101,ID002,3139A-3140A-9999A,ID010,301002995,""
29,2117,1,310086,1052512742,101,ID002,3139A-3140A-9999A,ID010,301002996,""
29,2165,1,310086,1052512743,101,ID002,3139A-3140A-9999A,ID010,301003011,""
29,2121,1,310086,1052512743,101,ID002,3139A-3140A-9999A,ID010,301003012,""
29,2262,1,310086,1052512743,101,ID002,3139A-3140A-9999A,ID010,301003018,""
29,2161,1,310086,1052512743,101,ID002,3139A-3140A-9999A,ID010,301003019,""
29,2308,1,310086,1052512743,101,ID002,3139A-3140A-9999A,ID010,301003038,""
29,2145,1,310086,1052512743,101,ID002,3139A-3140A-9999A,ID010,301003039,""
29,2189,1,310086,1052512743,101,ID002,3139A-3140A-9999A,ID010,301003043,""
29,2147,1,310086,1052512743,101,ID002,3139A-3140A-9999A,ID010,301003044,""
29,2186,1,310086,1052512744,101,ID002,3139A-3140A-9999A,ID010,301003064,""
29,2162,1,310086,1052512744,101,ID002,3139A-3140A-9999A,ID010,301003065,""
29,2184,1,310086,1052512744,101,ID002,3139A-3140A-9999A,ID010,301003070,""
29,2143,1,310086,1052512744,101,ID002,3139A-3140A-9999A,ID010,301003071,""
29,2181,1,310086,1052512744,101,ID002,3139A-3140A-9999A,ID010,301003086,""
29,2197,1,310086,1052512744,101,ID002,3139A-3140A-9999A,ID010,301003087,""
29,2181,1,310086,1052512744,101,ID002,3139A-3140A-9999A,ID010,301003106,""
29,2146,1,310086,1052512744,101,ID002,3139A-3140A-9999A,ID010,301003107,""
29,2222,1,310086,1052512745,101,ID002,3139A-3140A-9999A,ID010,301003119,""
29,2148,1,310086,1052512745,101,ID002,3139A-3140A-9999A,ID010,301003120,""
29,2216,1,310086,1052512745,101,ID002,3139A-3140A-9999A,ID010,301003132,""
29,2176,1,310086,1052512745,101,ID002,3139A-3140A-9999A,ID010,301003133,""
29,2164,1,310086,1052512745,101,ID002,3139A-3140A-9999A,ID010,301003143,""
29,2164,1,310086,1052512745,101,ID002,3139A-3140A-9999A,ID010,301003144,""
29,2197,1,310086,1052512745,101,ID002,3139A-3140A-9999A,ID010,301003166,""
29,2161,1,310086,1052512745,101,ID002,3139A-3140A-9999A,ID010,301003167,""
29,2236,1,310086,1052512746,101,ID002,3139A-3140A-9999A,ID010,301003184,""
29,2163,1,310086,1052512746,101,ID002,3139A-3140A-9999A,ID010,301003185,""
29,2221,1,310086,1052512746,101,ID002,3139A-3140A-9999A,ID010,301003189,""
29,2152,1,310086,1052512746,101,ID002,3139A-3140A-9999A,ID010,301003190,""
29,2242,1,310086,1052512746,101,ID002,3139A-3140A-9999A,ID010,301003255,""
29,2191,1,310086,1052512746,101,ID002,3139A-3140A-9999A,ID010,301003256,""
29,2176,1,310086,1052512746,101,ID002,3139A-3140A-9999A,ID010,301003276,""
29,2195,1,310086,1052512746,101,ID002,3139A-3140A-9999A,ID010,301003277,""
29,2187,1,310086,1052512747,101,ID002,3139A-3140A-9999A,ID010,301003284,""
29,2195,1,310086,1052512747,101,ID002,3139A-3140A-9999A,ID010,301003285,""
29,2268,1,310086,1052512747,101,ID002,3139A-3140A-9999A,ID010,301003291,""
29,2156,1,310086,1052512747,101,ID002,3139A-3140A-9999A,ID010,301003292,""
29,2210,1,310086,1052512747,101,ID002,3139A-3140A-9999A,ID010,301003303,""
29,2146,1,310086,1052512747,101,ID002,3139A-3140A-9999A,ID010,301003304,""
29,2176,1,310086,1052512747,101,ID002,3139A-3140A-9999A,ID010,301003306,""
29,2161,1,310086,1052512747,101,ID002,3139A-3140A-9999A,ID010,301003310,""
29,2755.75,1,310726,1022512752,101,WA003,3002A-3005WGUM-3007DRYGUM-3007FO-3007S-3015A-3025S-3033A-3035A-9999A-9999C-9999CS-9999E,WA007,301003171,""
29,2755.75,1,310726,1022512752,101,WA003,3002A-3005WGUM-3007DRYGUM-3007FO-3007S-3015A-3025S-3033A-3035A-9999A-9999C-9999CS-9999E,WA007,301003172,""
29,2755.75,1,310726,1022512752,101,WA003,3002A-3005WGUM-3007DRYGUM-3007FO-3007S-3015A-3025S-3033A-3035A-9999A-9999C-9999CS-9999E,WA007,301003173,""
29,2755.75,1,310726,1022512752,101,WA003,3002A-3005WGUM-3007DRYGUM-3007FO-3007S-3015A-3025S-3033A-3035A-9999A-9999C-9999CS-9999E,WA007,301003174,""
29,2755.75,1,310726,1022512752,101,WA003,3002A-3005WGUM-3007DRYGUM-3007FO-3007S-3015A-3025S-3033A-3035A-9999A-9999C-9999CS-9999E,WA007,301003175,""
29,2755.75,1,310726,1022512752,101,WA003,3002A-3005WGUM-3007DRYGUM-3007FO-3007S-3015A-3025S-3033A-3035A-9999A-9999C-9999CS-9999E,WA007,301003176,""
29,2755.75,1,310726,1022512752,101,WA003,3002A-3005WGUM-3007DRYGUM-3007FO-3007S-3015A-3025S-3033A-3035A-9999A-9999C-9999CS-9999E,WA007,301003177,""
29,2755.75,1,310726,1022512752,101,WA003,3002A-3005WGUM-3007DRYGUM-3007FO-3007S-3015A-3025S-3033A-3035A-9999A-9999C-9999CS-9999E,WA007,301003178,""
29,2755.75,1,310726,1022512753,101,WA003,3002A-3005WGUM-3007DRYGUM-3007FO-3007S-3015A-3025S-3033A-3035A-9999A-9999C-9999CS-9999E,WA007,301003234,""
29,2755.75,1,310726,1022512753,101,WA003,3002A-3005WGUM-3007DRYGUM-3007FO-3007S-3015A-3025S-3033A-3035A-9999A-9999C-9999CS-9999E,WA007,301003235,""
29,2755.75,1,310726,1022512753,101,WA003,3002A-3005WGUM-3007DRYGUM-3007FO-3007S-3015A-3025S-3033A-3035A-9999A-9999C-9999CS-9999E,WA007,301003236,""
29,2755.75,1,310726,1022512753,101,WA003,3002A-3005WGUM-3007DRYGUM-3007FO-3007S-3015A-3025S-3033A-3035A-9999A-9999C-9999CS-9999E,WA007,301003237,""
29,2755.75,1,310726,1022512753,101,WA003,3002A-3005WGUM-3007DRYGUM-3007FO-3007S-3015A-3025S-3033A-3035A-9999A-9999C-9999CS-9999E,WA007,301003238,""
29,2755.75,1,310726,1022512753,101,WA003,3002A-3005WGUM-3007DRYGUM-3007FO-3007S-3015A-3025S-3033A-3035A-9999A-9999C-9999CS-9999E,WA007,301003239,""
29,2755.75,1,310726,1022512753,101,WA003,3002A-3005WGUM-3007DRYGUM-3007FO-3007S-3015A-3025S-3033A-3035A-9999A-9999C-9999CS-9999E,WA007,301003240,""
29,2755.75,1,310726,1022512753,101,WA003,3002A-3005WGUM-3007DRYGUM-3007FO-3007S-3015A-3025S-3033A-3035A-9999A-9999C-9999CS-9999E,WA007,301003241,""
29,2755.75,1,310726,1022512754,101,WA003,3002A-3005WGUM-3007DRYGUM-3007FO-3007S-3025S-3033A-3035A-9999A-9999C-9999CS-9999E,WA007,301003336,""
29,2755.75,1,310726,1022512754,101,WA003,3002A-3005WGUM-3007DRYGUM-3007FO-3007S-3025S-3033A-3035A-9999A-9999C-9999CS-9999E,WA007,301003337,""
29,2755.75,1,310726,1022512754,101,WA003,3002A-3005WGUM-3007DRYGUM-3007FO-3007S-3025S-3033A-3035A-9999A-9999C-9999CS-9999E,WA007,301003338,""
29,2755.75,1,310726,1022512754,101,WA003,3002A-3005WGUM-3007DRYGUM-3007FO-3007S-3025S-3033A-3035A-9999A-9999C-9999CS-9999E,WA007,301003339,""
29,2755.75,1,310726,1022512754,101,WA003,3002A-3005WGUM-3007DRYGUM-3007FO-3007S-3025S-3033A-3035A-9999A-9999C-9999CS-9999E,WA007,301003340,""
29,2755.75,1,310726,1022512754,101,WA003,3002A-3005WGUM-3007DRYGUM-3007FO-3007S-3025S-3033A-3035A-9999A-9999C-9999CS-9999E,WA007,301003341,""
29,2755.75,1,310726,1022512754,101,WA003,3002A-3005WGUM-3007DRYGUM-3007FO-3007S-3025S-3033A-3035A-9999A-9999C-9999CS-9999E,WA007,301003342,""
29,2755.75,1,310726,1022512754,101,WA003,3002A-3005WGUM-3007DRYGUM-3007FO-3007S-3025S-3033A-3035A-9999A-9999C-9999CS-9999E,WA007,301003343,""
29,2755.75,1,310726,1022512755,101,WA003,3002A-3005WGUM-3007DRYGUM-3007FO-3007S-3015A-3025S-3033A-3035A-9999A-9999C-9999CS-9999E,WA007,301003406,""
29,2755.75,1,310726,1022512755,101,WA003,3002A-3005WGUM-3007DRYGUM-3007FO-3007S-3015A-3025S-3033A-3035A-9999A-9999C-9999CS-9999E,WA007,301003407,""
29,2755.75,1,310726,1022512755,101,WA003,3002A-3005WGUM-3007DRYGUM-3007FO-3007S-3015A-3025S-3033A-3035A-9999A-9999C-9999CS-9999E,WA007,301003448,""
29,2755.75,1,310726,1022512755,101,WA003,3002A-3005WGUM-3007DRYGUM-3007FO-3007S-3015A-3025S-3033A-3035A-9999A-9999C-9999CS-9999E,WA007,301003449,""
29,2755.75,1,310726,1022512755,101,WA003,3002A-3005WGUM-3007DRYGUM-3007FO-3007S-3015A-3025S-3033A-3035A-9999A-9999C-9999CS-9999E,WA007,301003475,""
29,2755.75,1,310726,1022512755,101,WA003,3002A-3005WGUM-3007DRYGUM-3007FO-3007S-3015A-3025S-3033A-3035A-9999A-9999C-9999CS-9999E,WA007,301003476,""
29,2755.75,1,310726,1022512755,101,WA003,3002A-3005WGUM-3007DRYGUM-3007FO-3007S-3015A-3025S-3033A-3035A-9999A-9999C-9999CS-9999E,WA007,301003477,""
29,2755.75,1,310726,1022512755,101,WA003,3002A-3005WGUM-3007DRYGUM-3007FO-3007S-3015A-3025S-3033A-3035A-9999A-9999C-9999CS-9999E,WA007,301003478,""
29,2755.75,1,310726,1022512756,101,WA003,3002A-3005WGUM-3007DRYGUM-3007FO-3007S-3025S-3033A-3035A-9999A-9999C-9999CS-9999E,WA007,301003498,""
29,2755.75,1,310726,1022512756,101,WA003,3002A-3005WGUM-3007DRYGUM-3007FO-3007S-3025S-3033A-3035A-9999A-9999C-9999CS-9999E,WA007,301003499,""
29,2755.75,1,310726,1022512756,101,WA003,3002A-3005WGUM-3007DRYGUM-3007FO-3007S-3025S-3033A-3035A-9999A-9999C-9999CS-9999E,WA007,301003500,""
29,2755.75,1,310726,1022512756,101,WA003,3002A-3005WGUM-3007DRYGUM-3007FO-3007S-3025S-3033A-3035A-9999A-9999C-9999CS-9999E,WA007,301003501,""
29,2755.75,1,310726,1022512756,101,WA003,3002A-3005WGUM-3007DRYGUM-3007FO-3007S-3025S-3033A-3035A-9999A-9999C-9999CS-9999E,WA007,301003521,""
29,2755.75,1,310726,1022512756,101,WA003,3002A-3005WGUM-3007DRYGUM-3007FO-3007S-3025S-3033A-3035A-9999A-9999C-9999CS-9999E,WA007,301003522,""
29,2755.75,1,310726,1022512756,101,WA003,3002A-3005WGUM-3007DRYGUM-3007FO-3007S-3025S-3033A-3035A-9999A-9999C-9999CS-9999E,WA007,301003523,""
29,2755.75,1,310726,1022512756,101,WA003,3002A-3005WGUM-3007DRYGUM-3007FO-3007S-3025S-3033A-3035A-9999A-9999C-9999CS-9999E,WA007,301003524,""
29,2755.75,1,310726,1022512757,101,WA003,3002A-3005WGUM-3007DRYGUM-3007FO-3007S-3025S-3033A-3035A-9999A-9999C-9999CS-9999E,WA007,301003547,""
29,2755.75,1,310726,1022512757,101,WA003,3002A-3005WGUM-3007DRYGUM-3007FO-3007S-3025S-3033A-3035A-9999A-9999C-9999CS-9999E,WA007,301003548,""
29,2755.75,1,310726,1022512757,101,WA003,3002A-3005WGUM-3007DRYGUM-3007FO-3007S-3025S-3033A-3035A-9999A-9999C-9999CS-9999E,WA007,301003549,""
29,2755.75,1,310726,1022512757,101,WA003,3002A-3005WGUM-3007DRYGUM-3007FO-3007S-3025S-3033A-3035A-9999A-9999C-9999CS-9999E,WA007,301003550,""
29,2755.75,1,310726,1022512757,101,WA003,3002A-3005WGUM-3007DRYGUM-3007FO-3007S-3025S-3033A-3035A-9999A-9999C-9999CS-9999E,WA007,301003551,""
29,2755.75,1,310726,1022512757,101,WA003,3002A-3005WGUM-3007DRYGUM-3007FO-3007S-3025S-3033A-3035A-9999A-9999C-9999CS-9999E,WA007,301003552,""
29,2755.75,1,310726,1022512757,101,WA003,3002A-3005WGUM-3007DRYGUM-3007FO-3007S-3025S-3033A-3035A-9999A-9999C-9999CS-9999E,WA007,301003827,""
29,2755.75,1,310726,1022512757,101,WA003,3002A-3005WGUM-3007DRYGUM-3007FO-3007S-3025S-3033A-3035A-9999A-9999C-9999CS-9999E,WA007,301003828,""
29,2755.75,1,310726,1022512758,101,WA003,3002A-3005WGUM-3007DRYGUM-3007FO-3007S-3025S-3033A-3035A-9999A-9999C-9999CS-9999E,WA007,301003832,""
29,2755.75,1,310726,1022512758,101,WA003,3002A-3005WGUM-3007DRYGUM-3007FO-3007S-3025S-3033A-3035A-9999A-9999C-9999CS-9999E,WA007,301003833,""
29,2755.75,1,310726,1022512758,101,WA003,3002A-3005WGUM-3007DRYGUM-3007FO-3007S-3025S-3033A-3035A-9999A-9999C-9999CS-9999E,WA007,301003834,""
29,2755.75,1,310726,1022512758,101,WA003,3002A-3005WGUM-3007DRYGUM-3007FO-3007S-3025S-3033A-3035A-9999A-9999C-9999CS-9999E,WA007,301003835,""
29,2755.75,1,310726,1022512758,101,WA003,3002A-3005WGUM-3007DRYGUM-3007FO-3007S-3025S-3033A-3035A-9999A-9999C-9999CS-9999E,WA007,301003836,""
29,2755.75,1,310726,1022512758,101,WA003,3002A-3005WGUM-3007DRYGUM-3007FO-3007S-3025S-3033A-3035A-9999A-9999C-9999CS-9999E,WA007,301003844,""
29,2755.75,1,310726,1022512758,101,WA003,3002A-3005WGUM-3007DRYGUM-3007FO-3007S-3025S-3033A-3035A-9999A-9999C-9999CS-9999E,WA007,301003845,""
29,2755.75,1,310726,1022512758,101,WA003,3002A-3005WGUM-3007DRYGUM-3007FO-3007S-3025S-3033A-3035A-9999A-9999C-9999CS-9999E,WA007,301003846,""
29,2755.75,1,310726,1022512759,101,WA003,3002A-3005WGUM-3007DRYGUM-3007FO-3007S-3015A-3025S-3033A-3035A-9999A-9999C-9999CS-9999E,WA007,301003909,""
29,2755.75,1,310726,1022512759,101,WA003,3002A-3005WGUM-3007DRYGUM-3007FO-3007S-3015A-3025S-3033A-3035A-9999A-9999C-9999CS-9999E,WA007,301003910,""
29,2755.75,1,310726,1022512759,101,WA003,3002A-3005WGUM-3007DRYGUM-3007FO-3007S-3015A-3025S-3033A-3035A-9999A-9999C-9999CS-9999E,WA007,301003911,""
29,2755.75,1,310726,1022512759,101,WA003,3002A-3005WGUM-3007DRYGUM-3007FO-3007S-3015A-3025S-3033A-3035A-9999A-9999C-9999CS-9999E,WA007,301003912,""
29,2755.75,1,310726,1022512759,101,WA003,3002A-3005WGUM-3007DRYGUM-3007FO-3007S-3015A-3025S-3033A-3035A-9999A-9999C-9999CS-9999E,WA007,301003913,""
29,2755.75,1,310726,1022512759,101,WA003,3002A-3005WGUM-3007DRYGUM-3007FO-3007S-3015A-3025S-3033A-3035A-9999A-9999C-9999CS-9999E,WA007,301003914,""
29,2755.75,1,310726,1022512759,101,WA003,3002A-3005WGUM-3007DRYGUM-3007FO-3007S-3015A-3025S-3033A-3035A-9999A-9999C-9999CS-9999E,WA007,301003931,""
29,2755.75,1,310726,1022512759,101,WA003,3002A-3005WGUM-3007DRYGUM-3007FO-3007S-3015A-3025S-3033A-3035A-9999A-9999C-9999CS-9999E,WA007,301003932,""
29,2755.75,1,310726,1022512760,101,WA003,3002A-3005WGUM-3007DRYGUM-3007FO-3007S-3025S-3033A-3035A-9999A-9999C-9999CS-9999E,WA007,301003941,""
29,2755.75,1,310726,1022512760,101,WA003,3002A-3005WGUM-3007DRYGUM-3007FO-3007S-3025S-3033A-3035A-9999A-9999C-9999CS-9999E,WA007,301003942,""
29,2755.75,1,310726,1022512760,101,WA003,3002A-3005WGUM-3007DRYGUM-3007FO-3007S-3025S-3033A-3035A-9999A-9999C-9999CS-9999E,WA007,301003943,""
29,2755.75,1,310726,1022512760,101,WA003,3002A-3005WGUM-3007DRYGUM-3007FO-3007S-3025S-3033A-3035A-9999A-9999C-9999CS-9999E,WA007,301003944,""
29,2755.75,1,310726,1022512760,101,WA003,3002A-3005WGUM-3007DRYGUM-3007FO-3007S-3025S-3033A-3035A-9999A-9999C-9999CS-9999E,WA007,301003979,""
29,2755.75,1,310726,1022512760,101,WA003,3002A-3005WGUM-3007DRYGUM-3007FO-3007S-3025S-3033A-3035A-9999A-9999C-9999CS-9999E,WA007,301003980,""
29,2755.75,1,310726,1022512760,101,WA003,3002A-3005WGUM-3007DRYGUM-3007FO-3007S-3025S-3033A-3035A-9999A-9999C-9999CS-9999E,WA007,301003981,""
29,2755.75,1,310726,1022512760,101,WA003,3002A-3005WGUM-3007DRYGUM-3007FO-3007S-3025S-3033A-3035A-9999A-9999C-9999CS-9999E,WA007,301003982,""
29,2755.75,1,310726,1022512761,101,WA003,3002A-3005WGUM-3007DRYGUM-3007FO-3007S-3025S-3033A-3035A-9999A-9999C-9999CS-9999E,WA007,301003983,""
29,2755.75,1,310726,1022512761,101,WA003,3002A-3005WGUM-3007DRYGUM-3007FO-3007S-3025S-3033A-3035A-9999A-9999C-9999CS-9999E,WA007,301003984,""
29,2755.75,1,310726,1022512761,101,WA003,3002A-3005WGUM-3007DRYGUM-3007FO-3007S-3025S-3033A-3035A-9999A-9999C-9999CS-9999E,WA007,301004015,""
29,2755.75,1,310726,1022512761,101,WA003,3002A-3005WGUM-3007DRYGUM-3007FO-3007S-3025S-3033A-3035A-9999A-9999C-9999CS-9999E,WA007,301004017,""
29,2755.75,1,310726,1022512761,101,WA003,3002A-3005WGUM-3007DRYGUM-3007FO-3007S-3025S-3033A-3035A-9999A-9999C-9999CS-9999E,WA007,301004048,""
29,2755.75,1,310726,1022512761,101,WA003,3002A-3005WGUM-3007DRYGUM-3007FO-3007S-3025S-3033A-3035A-9999A-9999C-9999CS-9999E,WA007,301004049,""
29,2755.75,1,310726,1022512761,101,WA003,3002A-3005WGUM-3007DRYGUM-3007FO-3007S-3025S-3033A-3035A-9999A-9999C-9999CS-9999E,WA007,301004050,""
29,2755.75,1,310726,1022512761,101,WA003,3002A-3005WGUM-3007DRYGUM-3007FO-3007S-3025S-3033A-3035A-9999A-9999C-9999CS-9999E,WA007,301004051,""
29,2755.75,1,310726,1022512762,101,WA003,3002A-3005WGUM-3007DRYGUM-3007FO-3007S-3015A-3025S-3033A-3035A-9999A-9999C-9999CS-9999E,WA007,301004091,""
29,2755.75,1,310726,1022512762,101,WA003,3002A-3005WGUM-3007DRYGUM-3007FO-3007S-3015A-3025S-3033A-3035A-9999A-9999C-9999CS-9999E,WA007,301004093,""
29,2755.75,1,310726,1022512762,101,WA003,3002A-3005WGUM-3007DRYGUM-3007FO-3007S-3015A-3025S-3033A-3035A-9999A-9999C-9999CS-9999E,WA007,301004096,""
29,2755.75,1,310726,1022512762,101,WA003,3002A-3005WGUM-3007DRYGUM-3007FO-3007S-3015A-3025S-3033A-3035A-9999A-9999C-9999CS-9999E,WA007,301004100,""
29,2755.75,1,310726,1022512762,101,WA003,3002A-3005WGUM-3007DRYGUM-3007FO-3007S-3015A-3025S-3033A-3035A-9999A-9999C-9999CS-9999E,WA007,301004103,""
29,2755.75,1,310726,1022512762,101,WA003,3002A-3005WGUM-3007DRYGUM-3007FO-3007S-3015A-3025S-3033A-3035A-9999A-9999C-9999CS-9999E,WA007,301004105,""
29,2755.75,1,310726,1022512762,101,WA003,3002A-3005WGUM-3007DRYGUM-3007FO-3007S-3015A-3025S-3033A-3035A-9999A-9999C-9999CS-9999E,WA007,301004107,""
29,2755.75,1,310726,1022512762,101,WA003,3002A-3005WGUM-3007DRYGUM-3007FO-3007S-3015A-3025S-3033A-3035A-9999A-9999C-9999CS-9999E,WA007,301004113,""
29,2755.75,1,310726,1022512763,101,WA003,3002A-3005WGUM-3007DRYGUM-3007FO-3007S-3015A-3025S-3033A-3035A-9999A-9999C-9999CS-9999E,WA007,301004190,""
29,2755.75,1,310726,1022512763,101,WA003,3002A-3005WGUM-3007DRYGUM-3007FO-3007S-3015A-3025S-3033A-3035A-9999A-9999C-9999CS-9999E,WA007,301004191,""
29,2755.75,1,310726,1022512763,101,WA003,3002A-3005WGUM-3007DRYGUM-3007FO-3007S-3015A-3025S-3033A-3035A-9999A-9999C-9999CS-9999E,WA007,301004192,""
29,2755.75,1,310726,1022512763,101,WA003,3002A-3005WGUM-3007DRYGUM-3007FO-3007S-3015A-3025S-3033A-3035A-9999A-9999C-9999CS-9999E,WA007,301004193,""
29,2755.75,1,310726,1022512763,101,WA003,3002A-3005WGUM-3007DRYGUM-3007FO-3007S-3015A-3025S-3033A-3035A-9999A-9999C-9999CS-9999E,WA007,301004194,""
29,2755.75,1,310726,1022512763,101,WA003,3002A-3005WGUM-3007DRYGUM-3007FO-3007S-3015A-3025S-3033A-3035A-9999A-9999C-9999CS-9999E,WA007,301004195,""
29,2755.75,1,310726,1022512763,101,WA003,3002A-3005WGUM-3007DRYGUM-3007FO-3007S-3015A-3025S-3033A-3035A-9999A-9999C-9999CS-9999E,WA007,301004204,""
29,2755.75,1,310726,1022512763,101,WA003,3002A-3005WGUM-3007DRYGUM-3007FO-3007S-3015A-3025S-3033A-3035A-9999A-9999C-9999CS-9999E,WA007,301004205,""
30,1102.3,0,310015,1052512606,101,ID002,3117A-3123A-3132A-9999A-9999E,ID010,301009087,1460719
30,2101,1,310086,1052512631,101,ID002,3139A-3140A-9999A,ID010,301001279,232869-1-5-124
30,2055,1,310086,1052512631,101,ID002,3139A-3140A-9999A,ID010,301001281,232869-1-5-124
30,2033,1,310086,1052512631,101,ID002,3139A-3140A-9999A,ID010,301001288,232869-1-5-124
30,2041,1,310086,1052512631,101,ID002,3139A-3140A-9999A,ID010,301001289,232869-1-5-124
30,2078,1,310086,1052512631,101,ID002,3139A-3140A-9999A,ID010,301001354,232869-1-5-124
30,2021,1,310086,1052512631,101,ID002,3139A-3140A-9999A,ID010,301001355,232869-1-5-124
30,2155,1,310086,1052512631,101,ID002,3139A-3140A-9999A,ID010,301001356,232869-1-5-124
30,2077,1,310086,1052512631,101,ID002,3139A-3140A-9999A,ID010,301001357,232869-1-5-124
30,2130,1,310086,1052512632,101,ID002,3139A-3140A-9999A,ID010,301001358,232869-1-5-124
30,2054,1,310086,1052512632,101,ID002,3139A-3140A-9999A,ID010,301001359,232869-1-5-124
30,2099,1,310086,1052512632,101,ID002,3139A-3140A-9999A,ID010,301001382,232869-1-5-124
30,2038,1,310086,1052512632,101,ID002,3139A-3140A-9999A,ID010,301001383,232869-1-5-124
30,2088,1,310086,1052512632,101,ID002,3139A-3140A-9999A,ID010,301001384,232869-1-5-124
30,2078,1,310086,1052512632,101,ID002,3139A-3140A-9999A,ID010,301001385,232869-1-5-124
30,2085,1,310086,1052512632,101,ID002,3139A-3140A-9999A,ID010,301001391,""
30,2095,1,310086,1052512632,101,ID002,3139A-3140A-9999A,ID010,301001392,""
30,2125,1,310086,1052512633,101,ID002,3139A-3140A-9999A,ID010,301001415,232869-1-5-125
30,2050,1,310086,1052512633,101,ID002,3139A-3140A-9999A,ID010,301001417,232869-1-5-125
30,2141,1,310086,1052512633,101,ID002,3139A-3140A-9999A,ID010,301001434,232869-1-5-125
30,2097,1,310086,1052512633,101,ID002,3139A-3140A-9999A,ID010,301001438,232869-1-5-125
30,2133,1,310086,1052512633,101,ID002,3139A-3140A-9999A,ID010,301001439,232869-1-5-125
30,2080,1,310086,1052512633,101,ID002,3139A-3140A-9999A,ID010,301001440,232869-1-5-125
30,2085,1,310086,1052512633,101,ID002,3139A-3140A-9999A,ID010,301001498,232869-1-5-125
30,2052,1,310086,1052512633,101,ID002,3139A-3140A-9999A,ID010,301001499,232869-1-5-125
30,2140,1,310086,1052512634,101,ID002,3139A-3140A-9999A,ID010,301001500,232869-1-5-125
30,2083,1,310086,1052512634,101,ID002,3139A-3140A-9999A,ID010,301001511,232869-1-5-125
30,2149,1,310086,1052512634,101,ID002,3139A-3140A-9999A,ID010,301001546,232869-1-5-125
30,2054,1,310086,1052512634,101,ID002,3139A-3140A-9999A,ID010,301001547,232869-1-5-125
30,2101,1,310086,1052512634,101,ID002,3139A-3140A-9999A,ID010,301001565,232869-1-5-125
30,2063,1,310086,1052512634,101,ID002,3139A-3140A-9999A,ID010,301001567,232869-1-5-125
30,2056,1,310086,1052512634,101,ID002,3139A-3140A-9999A,ID010,301001577,""
30,2048,1,310086,1052512634,101,ID002,3139A-3140A-9999A,ID010,301001578,""
30,2120,1,310086,1052512635,101,ID002,3139A-3140A-9999A,ID010,301001590,232869-1-5-126
30,2067,1,310086,1052512635,101,ID002,3139A-3140A-9999A,ID010,301001591,232869-1-5-126
30,2115,1,310086,1052512635,101,ID002,3139A-3140A-9999A,ID010,301001613,232869-1-5-126
30,2093,1,310086,1052512635,101,ID002,3139A-3140A-9999A,ID010,301001614,232869-1-5-126
30,2044,1,310086,1052512635,101,ID002,3139A-3140A-9999A,ID010,301001622,232869-1-5-126
30,2156,1,310086,1052512635,101,ID002,3139A-3140A-9999A,ID010,301001626,232869-1-5-126
30,2097,1,310086,1052512635,101,ID002,3139A-3140A-9999A,ID010,301001636,232869-1-5-126
30,2066,1,310086,1052512635,101,ID002,3139A-3140A-9999A,ID010,301001637,232869-1-5-126
30,2045,1,310086,1052512636,101,ID002,3139A-3140A-9999A,ID010,301001649,232869-1-5-126
30,2062,1,310086,1052512636,101,ID002,3139A-3140A-9999A,ID010,301001650,232869-1-5-126
30,2096,1,310086,1052512636,101,ID002,3139A-3140A-9999A,ID010,301001659,232869-1-5-126
30,2062,1,310086,1052512636,101,ID002,3139A-3140A-9999A,ID010,301001665,232869-1-5-126
30,2089,1,310086,1052512636,101,ID002,3139A-3140A-9999A,ID010,301001688,232869-1-5-126
30,2056,1,310086,1052512636,101,ID002,3139A-3140A-9999A,ID010,301001689,232869-1-5-126
30,2061,1,310086,1052512636,101,ID002,3139A-3140A-9999A,ID010,301001719,232869-1-5-126
30,2058,1,310086,1052512636,101,ID002,3139A-3140A-9999A,ID010,301001720,232869-1-5-126
30,2092,1,310086,1052512637,101,ID002,3139A-3140A-9999A,ID010,301001734,232869-1-5-126
30,2050,1,310086,1052512637,101,ID002,3139A-3140A-9999A,ID010,301001735,232869-1-5-126
30,2034,1,310086,1052512637,101,ID002,3139A-3140A-9999A,ID010,301001781,232869-1-5-126
30,2086,1,310086,1052512637,101,ID002,3139A-3140A-9999A,ID010,301001782,""
30,2065,1,310086,1052512637,101,ID002,3139A-3140A-9999A,ID010,301001808,""
30,2056,1,310086,1052512637,101,ID002,3139A-3140A-9999A,ID010,301001810,""
30,2071,1,310086,1052512637,101,ID002,3139A-3140A-9999A,ID010,301001837,""
30,2044,1,310086,1052512637,101,ID002,3139A-3140A-9999A,ID010,301001839,""
30,2066,1,310086,1052512638,101,ID002,3139A-3140A-9999A,ID010,301001851,""
30,2063,1,310086,1052512638,101,ID002,3139A-3140A-9999A,ID010,301001853,""
30,2080,1,310086,1052512638,101,ID002,3139A-3140A-9999A,ID010,301001888,""
30,2080,1,310086,1052512638,101,ID002,3139A-3140A-9999A,ID010,301001889,""
30,2080,1,310086,1052512638,101,ID002,3139A-3140A-9999A,ID010,301001896,""
30,2052,1,310086,1052512638,101,ID002,3139A-3140A-9999A,ID010,301001897,""
30,2755.75,1,310724,1012512601,101,WA002,3040A-3043A-3045A-3053A-3055A-9999A-9999E,WA007,301000684,233232-1-1-102
30,2755.75,1,310724,1012512601,101,WA002,3040A-3043A-3045A-3053A-3055A-9999A-9999E,WA007,301000694,233232-1-1-102
30,2755.75,1,310724,1012512601,101,WA002,3040A-3043A-3045A-3053A-3055A-9999A-9999E,WA007,301000695,233232-1-1-102
30,2755.75,1,310724,1012512601,101,WA002,3040A-3043A-3045A-3053A-3055A-9999A-9999E,WA007,301000696,233232-1-1-102
30,2755.75,1,310724,1012512601,101,WA002,3040A-3043A-3045A-3053A-3055A-9999A-9999E,WA007,301000706,233232-1-1-102
30,2755.75,1,310724,1012512601,101,WA002,3040A-3043A-3045A-3053A-3055A-9999A-9999E,WA007,301000707,233232-1-1-102
30,2755.75,1,310724,1012512601,101,WA002,3040A-3043A-3045A-3053A-3055A-9999A-9999E,WA007,301000708,233232-1-1-102
30,2755.75,1,310724,1012512601,101,WA002,3040A-3043A-3045A-3053A-3055A-9999A-9999E,WA007,301000709,233232-1-1-102
30,2755.75,1,310724,1012512602,101,WA002,3040A-3043A-3045A-3053A-3055A-9999A-9999E,WA007,301000756,233232-1-1-102
30,2755.75,1,310724,1012512602,101,WA002,3040A-3043A-3045A-3053A-3055A-9999A-9999E,WA007,301000757,233232-1-1-102
30,2755.75,1,310724,1012512602,101,WA002,3040A-3043A-3045A-3053A-3055A-9999A-9999E,WA007,301000760,233232-1-1-102
30,2755.75,1,310724,1012512602,101,WA002,3040A-3043A-3045A-3053A-3055A-9999A-9999E,WA007,301000761,233232-1-1-102
30,2755.75,1,310724,1012512602,101,WA002,3040A-3043A-3045A-3053A-3055A-9999A-9999E,WA007,301000791,233232-1-1-102
30,2755.75,1,310724,1012512602,101,WA002,3040A-3043A-3045A-3053A-3055A-9999A-9999E,WA007,301000792,233232-1-1-102
30,2755.75,1,310724,1012512602,101,WA002,3040A-3043A-3045A-3053A-3055A-9999A-9999E,WA007,301000793,233232-1-1-102
30,2755.75,1,310724,1012512602,101,WA002,3040A-3043A-3045A-3053A-3055A-9999A-9999E,WA007,704613,233232-1-1-102
30,2755.75,1,310724,1012512603,101,WA002,3040A-3043A-3045A-3053A-3055A-9999A-9999E,WA007,301000821,233232-1-1-102
30,2755.75,1,310724,1012512603,101,WA002,3040A-3043A-3045A-3053A-3055A-9999A-9999E,WA007,301000822,233232-1-1-102
30,2755.75,1,310724,1012512603,101,WA002,3040A-3043A-3045A-3053A-3055A-9999A-9999E,WA007,301000828,233232-1-1-102
30,2755.75,1,310724,1012512603,101,WA002,3040A-3043A-3045A-3053A-3055A-9999A-9999E,WA007,301000841,233232-1-1-102
30,2755.75,1,310724,1012512603,101,WA002,3040A-3043A-3045A-3053A-3055A-9999A-9999E,WA007,301000849,233232-1-1-102
30,2755.75,1,310724,1012512603,101,WA002,3040A-3043A-3045A-3053A-3055A-9999A-9999E,WA007,301000920,233232-1-1-102
30,2755.75,1,310724,1012512603,101,WA002,3040A-3043A-3045A-3053A-3055A-9999A-9999E,WA007,301000998,233232-1-1-102
30,2755.75,1,310724,1012512603,101,WA002,3040A-3043A-3045A-3053A-3055A-9999A-9999E,WA007,301000999,233232-1-1-102
30,2755.75,1,310724,1012512604,101,WA002,3040A-3043A-3045A-3053A-3055A-9999A-9999E,WA007,301001004,233232-1-1-102
30,2755.75,1,310724,1012512604,101,WA002,3040A-3043A-3045A-3053A-3055A-9999A-9999E,WA007,301001010,233232-1-1-102
30,2755.75,1,310724,1012512604,101,WA002,3040A-3043A-3045A-3053A-3055A-9999A-9999E,WA007,301001032,233232-1-1-102
30,2755.75,1,310724,1012512604,101,WA002,3040A-3043A-3045A-3053A-3055A-9999A-9999E,WA007,301001033,233232-1-1-102
30,2755.75,1,310724,1012512604,101,WA002,3040A-3043A-3045A-3053A-3055A-9999A-9999E,WA007,301001034,233232-1-1-102
30,2755.75,1,310724,1012512604,101,WA002,3040A-3043A-3045A-3053A-3055A-9999A-9999E,WA007,301001035,233232-1-1-102
30,2755.75,1,310724,1012512604,101,WA002,3040A-3043A-3045A-3053A-3055A-9999A-9999E,WA007,301001051,233232-1-1-102
30,2755.75,1,310724,1012512604,101,WA002,3040A-3043A-3045A-3053A-3055A-9999A-9999E,WA007,301001052,233232-1-1-102
30,2755.75,1,310724,1012512605,101,WA002,3040A-3045A-3053A-3055A-9999A-9999E,WA007,301001053,233232-1-1-102
30,2755.75,1,310724,1012512605,101,WA002,3040A-3045A-3053A-3055A-9999A-9999E,WA007,301001060,233232-1-1-102
30,2755.75,1,310724,1012512605,101,WA002,3040A-3045A-3053A-3055A-9999A-9999E,WA007,301001115,233232-1-1-102
30,2755.75,1,310724,1012512605,101,WA002,3040A-3045A-3053A-3055A-9999A-9999E,WA007,301001116,233232-1-1-102
30,2755.75,1,310724,1012512605,101,WA002,3040A-3045A-3053A-3055A-9999A-9999E,WA007,301001122,233232-1-1-102
30,2755.75,1,310724,1012512605,101,WA002,3040A-3045A-3053A-3055A-9999A-9999E,WA007,301001123,233232-1-1-102
30,2755.75,1,310724,1012512605,101,WA002,3040A-3045A-3053A-3055A-9999A-9999E,WA007,301001124,233232-1-1-102
30,2755.75,1,310724,1012512605,101,WA002,3040A-3045A-3053A-3055A-9999A-9999E,WA007,301001130,233232-1-1-102
30,2755.75,1,310724,1012512606,101,WA002,3040A-3045A-3053A-9999A-9999E,WA007,301001131,233232-1-1-102
30,2755.75,1,310724,1012512606,101,WA002,3040A-3045A-3053A-9999A-9999E,WA007,301001132,233232-1-1-102
30,2755.75,1,310724,1012512606,101,WA002,3040A-3045A-3053A-9999A-9999E,WA007,301001155,233232-1-1-102
30,2755.75,1,310724,1012512606,101,WA002,3040A-3045A-3053A-9999A-9999E,WA007,301001157,233232-1-1-102
30,2755.75,1,310724,1012512606,101,WA002,3040A-3045A-3053A-9999A-9999E,WA007,301001169,233232-1-1-102
30,2755.75,1,310724,1012512606,101,WA002,3040A-3045A-3053A-9999A-9999E,WA007,301001186,233232-1-1-102
30,2755.75,1,310724,1012512606,101,WA002,3040A-3045A-3053A-9999A-9999E,WA007,301001190,233232-1-1-102
30,2755.75,1,310724,1012512606,101,WA002,3040A-3045A-3053A-9999A-9999E,WA007,301001192,233232-1-1-102
30,2755.75,1,310724,1012512607,101,WA002,3040A-3045A-3053A-9999A,WA007,301001220,""
30,2755.75,1,310724,1012512607,101,WA002,3040A-3045A-3053A-9999A,WA007,301001244,""
30,2755.75,1,310724,1012512607,101,WA002,3040A-3045A-3053A-9999A,WA007,301001245,""
30,2755.75,1,310724,1012512607,101,WA002,3040A-3045A-3053A-9999A,WA007,301001257,""
30,2755.75,1,310724,1012512607,101,WA002,3040A-3045A-3053A-9999A,WA007,301001258,""
30,2755.75,1,310724,1012512607,101,WA002,3040A-3045A-3053A-9999A,WA007,301001259,""
30,2755.75,1,310724,1012512607,101,WA002,3040A-3045A-3053A-9999A,WA007,301001311,""
30,2755.75,1,310724,1012512607,101,WA002,3040A-3045A-3053A-9999A,WA007,301001312,""
30,2755.75,1,310724,1012512608,101,WA002,3040A-3045A-3053A-9999A-9999E,WA007,301001313,233232-1-1-102
30,2755.75,1,310724,1012512608,101,WA002,3040A-3045A-3053A-9999A-9999E,WA007,301001314,233232-1-1-102
30,2755.75,1,310724,1012512608,101,WA002,3040A-3045A-3053A-9999A-9999E,WA007,301001315,233232-1-1-105
30,2755.75,1,310724,1012512608,101,WA002,3040A-3045A-3053A-9999A-9999E,WA007,301001316,233232-1-1-105
30,2755.75,1,310724,1012512608,101,WA002,3040A-3045A-3053A-9999A-9999E,WA007,301001323,233232-1-1-105
30,2755.75,1,310724,1012512608,101,WA002,3040A-3045A-3053A-9999A-9999E,WA007,301001330,233232-1-1-105
30,2755.75,1,310724,1012512608,101,WA002,3040A-3045A-3053A-9999A-9999E,WA007,301001366,233232-1-1-105
30,2755.75,1,310724,1012512608,101,WA002,3040A-3045A-3053A-9999A-9999E,WA007,301001368,233232-1-1-105
30,2755.75,1,310724,1012512609,101,WA002,3040A-3043A-3045A-3053A-3055A-9999A-9999E,WA007,301001369,233232-1-1-105
30,2755.75,1,310724,1012512609,101,WA002,3040A-3043A-3045A-3053A-3055A-9999A-9999E,WA007,301001370,233232-1-1-105
30,2755.75,1,310724,1012512609,101,WA002,3040A-3043A-3045A-3053A-3055A-9999A-9999E,WA007,301001386,233232-1-1-105
30,2755.75,1,310724,1012512609,101,WA002,3040A-3043A-3045A-3053A-3055A-9999A-9999E,WA007,301001387,233232-1-1-105
30,2755.75,1,310724,1012512609,101,WA002,3040A-3043A-3045A-3053A-3055A-9999A-9999E,WA007,301001388,233232-1-1-105
30,2755.75,1,310724,1012512609,101,WA002,3040A-3043A-3045A-3053A-3055A-9999A-9999E,WA007,301001394,233232-1-1-105
30,2755.75,1,310724,1012512609,101,WA002,3040A-3043A-3045A-3053A-3055A-9999A-9999E,WA007,301001401,233232-1-1-105
30,2755.75,1,310724,1012512609,101,WA002,3040A-3043A-3045A-3053A-3055A-9999A-9999E,WA007,301001418,233232-1-1-105
30,2755.75,1,310724,1012512610,101,WA002,3040A-3043A-3045A-3053A-3055A-9999A-9999E,WA007,301001445,233232-1-1-105
30,2755.75,1,310724,1012512610,101,WA002,3040A-3043A-3045A-3053A-3055A-9999A-9999E,WA007,301001446,233232-1-1-105
30,2755.75,1,310724,1012512610,101,WA002,3040A-3043A-3045A-3053A-3055A-9999A-9999E,WA007,301001447,233232-1-1-105
30,2755.75,1,310724,1012512610,101,WA002,3040A-3043A-3045A-3053A-3055A-9999A-9999E,WA007,301001451,233232-1-1-105
30,2755.75,1,310724,1012512610,101,WA002,3040A-3043A-3045A-3053A-3055A-9999A-9999E,WA007,301001452,233232-1-1-105
30,2755.75,1,310724,1012512610,101,WA002,3040A-3043A-3045A-3053A-3055A-9999A-9999E,WA007,301001453,233232-1-1-105
30,2755.75,1,310724,1012512610,101,WA002,3040A-3043A-3045A-3053A-3055A-9999A-9999E,WA007,301001465,233232-1-1-105
30,2755.75,1,310724,1012512610,101,WA002,3040A-3043A-3045A-3053A-3055A-9999A-9999E,WA007,301001509,233232-1-1-105
30,2755.75,1,310724,1012512611,101,WA002,3040A-3043A-3045A-3053A-3055A-9999A-9999E,WA007,301001560,233232-1-1-105
30,2755.75,1,310724,1012512611,101,WA002,3040A-3043A-3045A-3053A-3055A-9999A-9999E,WA007,301001561,233232-1-1-105
30,2755.75,1,310724,1012512611,101,WA002,3040A-3043A-3045A-3053A-3055A-9999A-9999E,WA007,301001562,233232-1-1-105
30,2755.75,1,310724,1012512611,101,WA002,3040A-3043A-3045A-3053A-3055A-9999A-9999E,WA007,301001583,233232-1-1-105
30,2755.75,1,310724,1012512611,101,WA002,3040A-3043A-3045A-3053A-3055A-9999A-9999E,WA007,301001585,233232-1-1-105
30,2755.75,1,310724,1012512611,101,WA002,3040A-3043A-3045A-3053A-3055A-9999A-9999E,WA007,301001586,233232-1-1-105
30,2755.75,1,310724,1012512611,101,WA002,3040A-3043A-3045A-3053A-3055A-9999A-9999E,WA007,301001587,233232-1-1-105
30,2755.75,1,310724,1012512611,101,WA002,3040A-3043A-3045A-3053A-3055A-9999A-9999E,WA007,301001605,233232-1-1-105
30,2755.75,1,310724,1012512612,101,WA002,3040A-3043A-3045A-3053A-3055A-9999A-9999E,WA007,301001606,233232-1-1-105
30,2755.75,1,310724,1012512612,101,WA002,3040A-3043A-3045A-3053A-3055A-9999A-9999E,WA007,301001608,233232-1-1-105
30,2755.75,1,310724,1012512612,101,WA002,3040A-3043A-3045A-3053A-3055A-9999A-9999E,WA007,301001609,233232-1-1-105
30,2755.75,1,310724,1012512612,101,WA002,3040A-3043A-3045A-3053A-3055A-9999A-9999E,WA007,301001610,233232-1-1-105
30,2755.75,1,310724,1012512612,101,WA002,3040A-3043A-3045A-3053A-3055A-9999A-9999E,WA007,301001611,233232-1-1-105
30,2755.75,1,310724,1012512612,101,WA002,3040A-3043A-3045A-3053A-3055A-9999A-9999E,WA007,301001652,233232-1-1-105
30,2755.75,1,310724,1012512612,101,WA002,3040A-3043A-3045A-3053A-3055A-9999A-9999E,WA007,301001653,233232-1-1-105
30,2755.75,1,310724,1012512612,101,WA002,3040A-3043A-3045A-3053A-3055A-9999A-9999E,WA007,301001654,233232-1-1-105
30,2755.75,1,310724,1012512613,101,WA002,3040A-3043A-3045A-3053A-3055A-9999A-9999C-9999E,WA007,301001700,233232-1-1-105
30,2755.75,1,310724,1012512613,101,WA002,3040A-3043A-3045A-3053A-3055A-9999A-9999C-9999E,WA007,301001701,233232-1-1-105
30,2755.75,1,310724,1012512613,101,WA002,3040A-3043A-3045A-3053A-3055A-9999A-9999C-9999E,WA007,301001702,233232-1-1-105
30,2755.75,1,310724,1012512613,101,WA002,3040A-3043A-3045A-3053A-3055A-9999A-9999C-9999E,WA007,301001715,233232-1-1-105
30,2755.75,1,310724,1012512613,101,WA002,3040A-3043A-3045A-3053A-3055A-9999A-9999C-9999E,WA007,301001716,233232-1-1-105
30,2755.75,1,310724,1012512613,101,WA002,3040A-3043A-3045A-3053A-3055A-9999A-9999C-9999E,WA007,301001717,233232-1-1-105
30,2755.75,1,310724,1012512613,101,WA002,3040A-3043A-3045A-3053A-3055A-9999A-9999C-9999E,WA007,301001718,233232-1-1-105
30,2755.75,1,310724,1012512613,101,WA002,3040A-3043A-3045A-3053A-3055A-9999A-9999C-9999E,WA007,301001774,233232-1-1-105
30,2755.75,1,310724,1012512614,101,WA002,3040A-3043A-3045A-3053A-3055A-9999A-9999E,WA007,301001822,233232-1-1-105
30,2755.75,1,310724,1012512614,101,WA002,3040A-3043A-3045A-3053A-3055A-9999A-9999E,WA007,301001823,233232-1-1-105
30,2755.75,1,310724,1012512614,101,WA002,3040A-3043A-3045A-3053A-3055A-9999A-9999E,WA007,301001824,233232-1-1-105
30,1873.91,1,310724,1012512614,101,WA002,3040A-3043A-3045A-3053A-3055A-9999A-9999E,WA007,301001825,233232-1-1-105
30,2755.75,1,310726,1022512653,101,WA003,3005WGUM-3007DRYGUM-3007FO-3007S-3025S-3033A-3035A-9999A-9999C-9999CS-9999E,WA007,301001877,232130-1-8-120
30,2755.75,1,310726,1022512653,101,WA003,3005WGUM-3007DRYGUM-3007FO-3007S-3025S-3033A-3035A-9999A-9999C-9999CS-9999E,WA007,301001878,232130-1-8-120
30,2755.75,1,310726,1022512653,101,WA003,3005WGUM-3007DRYGUM-3007FO-3007S-3025S-3033A-3035A-9999A-9999C-9999CS-9999E,WA007,301001879,232130-1-8-120
30,2755.75,1,310726,1022512653,101,WA003,3005WGUM-3007DRYGUM-3007FO-3007S-3025S-3033A-3035A-9999A-9999C-9999CS-9999E,WA007,301001880,232130-1-8-120
30,2755.75,1,310726,1022512653,101,WA003,3005WGUM-3007DRYGUM-3007FO-3007S-3025S-3033A-3035A-9999A-9999C-9999CS-9999E,WA007,301001950,232130-1-8-120
30,2755.75,1,310726,1022512653,101,WA003,3005WGUM-3007DRYGUM-3007FO-3007S-3025S-3033A-3035A-9999A-9999C-9999CS-9999E,WA007,301001951,232130-1-8-120
30,2755.75,1,310726,1022512653,101,WA003,3005WGUM-3007DRYGUM-3007FO-3007S-3025S-3033A-3035A-9999A-9999C-9999CS-9999E,WA007,301001952,232130-1-8-120
30,2755.75,1,310726,1022512653,101,WA003,3005WGUM-3007DRYGUM-3007FO-3007S-3025S-3033A-3035A-9999A-9999C-9999CS-9999E,WA007,301001953,232130-1-8-120
30,2755.75,1,310726,1022512654,101,WA003,3005WGUM-3007DRYGUM-3007FO-3007S-3025S-3033A-3035A-9999A-9999C-9999CS-9999E,WA007,301001955,232130-1-8-120
30,2755.75,1,310726,1022512654,101,WA003,3005WGUM-3007DRYGUM-3007FO-3007S-3025S-3033A-3035A-9999A-9999C-9999CS-9999E,WA007,301001956,""
30,2755.75,1,310726,1022512654,101,WA003,3005WGUM-3007DRYGUM-3007FO-3007S-3025S-3033A-3035A-9999A-9999C-9999CS-9999E,WA007,301001957,""
30,2755.75,1,310726,1022512654,101,WA003,3005WGUM-3007DRYGUM-3007FO-3007S-3025S-3033A-3035A-9999A-9999C-9999CS-9999E,WA007,301001958,""
30,2755.75,1,310726,1022512654,101,WA003,3005WGUM-3007DRYGUM-3007FO-3007S-3025S-3033A-3035A-9999A-9999C-9999CS-9999E,WA007,301002119,""
30,2755.75,1,310726,1022512654,101,WA003,3005WGUM-3007DRYGUM-3007FO-3007S-3025S-3033A-3035A-9999A-9999C-9999CS-9999E,WA007,301002120,""
30,2755.75,1,310726,1022512654,101,WA003,3005WGUM-3007DRYGUM-3007FO-3007S-3025S-3033A-3035A-9999A-9999C-9999CS-9999E,WA007,301002121,""
30,2755.75,1,310726,1022512654,101,WA003,3005WGUM-3007DRYGUM-3007FO-3007S-3025S-3033A-3035A-9999A-9999C-9999CS-9999E,WA007,301002186,""
30,2755.75,1,310726,1022512655,101,WA003,3005WGUM-3007DRYGUM-3007FO-3007S-3025S-3033A-3035A-9999A-9999C-9999CS-9999E,WA007,301002187,""
30,2755.75,1,310726,1022512655,101,WA003,3005WGUM-3007DRYGUM-3007FO-3007S-3025S-3033A-3035A-9999A-9999C-9999CS-9999E,WA007,301002188,""
30,2755.75,1,310726,1022512655,101,WA003,3005WGUM-3007DRYGUM-3007FO-3007S-3025S-3033A-3035A-9999A-9999C-9999CS-9999E,WA007,301002189,""
30,2755.75,1,310726,1022512655,101,WA003,3005WGUM-3007DRYGUM-3007FO-3007S-3025S-3033A-3035A-9999A-9999C-9999CS-9999E,WA007,301002282,""
30,2755.75,1,310726,1022512655,101,WA003,3005WGUM-3007DRYGUM-3007FO-3007S-3025S-3033A-3035A-9999A-9999C-9999CS-9999E,WA007,301002283,""
30,2755.75,1,310726,1022512655,101,WA003,3005WGUM-3007DRYGUM-3007FO-3007S-3025S-3033A-3035A-9999A-9999C-9999CS-9999E,WA007,301002284,""
30,2755.75,1,310726,1022512655,101,WA003,3005WGUM-3007DRYGUM-3007FO-3007S-3025S-3033A-3035A-9999A-9999C-9999CS-9999E,WA007,301002293,""
30,2755.75,1,310726,1022512655,101,WA003,3005WGUM-3007DRYGUM-3007FO-3007S-3025S-3033A-3035A-9999A-9999C-9999CS-9999E,WA007,301002294,""
30,2755.75,1,310726,1022512656,101,WA003,3005WGUM-3007DRYGUM-3007FO-3007S-3025S-3035A-9999A-9999C-9999CS-9999E,WA007,301002300,""
30,2755.75,1,310726,1022512656,101,WA003,3005WGUM-3007DRYGUM-3007FO-3007S-3025S-3035A-9999A-9999C-9999CS-9999E,WA007,301002371,""
30,2755.75,1,310726,1022512656,101,WA003,3005WGUM-3007DRYGUM-3007FO-3007S-3025S-3035A-9999A-9999C-9999CS-9999E,WA007,301002372,""
30,2755.75,1,310726,1022512656,101,WA003,3005WGUM-3007DRYGUM-3007FO-3007S-3025S-3035A-9999A-9999C-9999CS-9999E,WA007,301002373,""
30,2755.75,1,310726,1022512656,101,WA003,3005WGUM-3007DRYGUM-3007FO-3007S-3025S-3035A-9999A-9999C-9999CS-9999E,WA007,301002374,""
30,2755.75,1,310726,1022512656,101,WA003,3005WGUM-3007DRYGUM-3007FO-3007S-3025S-3035A-9999A-9999C-9999CS-9999E,WA007,301002375,""
30,2755.75,1,310726,1022512656,101,WA003,3005WGUM-3007DRYGUM-3007FO-3007S-3025S-3035A-9999A-9999C-9999CS-9999E,WA007,301002376,""
30,2755.75,1,310726,1022512656,101,WA003,3005WGUM-3007DRYGUM-3007FO-3007S-3025S-3035A-9999A-9999C-9999CS-9999E,WA007,301002378,""
31,2755.75,1,310002,1002512502,101,WA001,3405A-9999A-9999E,WA001,301000392,""
31,2755.75,1,310002,1002512503,101,WA001,3405A-9999A,WA001,301000489,""
31,2755.75,1,310002,1002512503,101,WA001,3405A-9999A,WA001,301000490,""
31,2755.75,1,310002,1002512503,101,WA001,3405A-9999A,WA001,301000491,""
31,2755.75,1,310002,1002512503,101,WA001,3405A-9999A,WA001,301000492,""
31,2755.75,1,310002,1002512503,101,WA001,3405A-9999A,WA001,301000494,""
31,2755.75,1,310724,1012512501,101,WA002,3040A-3045A-3053A-3055A-9999A-9999E,WA002,300999034,""
31,2755.75,1,310724,1012512501,101,WA002,3040A-3045A-3053A-3055A-9999A-9999E,WA002,300999035,""
31,2755.75,1,310724,1012512501,101,WA002,3040A-3045A-3053A-3055A-9999A-9999E,WA002,300999036,""
31,2755.75,1,310724,1012512501,101,WA002,3040A-3045A-3053A-3055A-9999A-9999E,WA002,300999037,""
31,2755.75,1,310724,1012512501,101,WA002,3040A-3045A-3053A-3055A-9999A-9999E,WA002,300999038,""
31,2755.75,1,310724,1012512501,101,WA002,3040A-3045A-3053A-3055A-9999A-9999E,WA002,300999039,""
31,2755.75,1,310724,1012512501,101,WA002,3040A-3045A-3053A-3055A-9999A-9999E,WA002,300999040,""
31,2755.75,1,310724,1012512501,101,WA002,3040A-3045A-3053A-3055A-9999A-9999E,WA002,300999041,""
31,2755.75,1,310724,1012512502,101,WA002,3040A-3045A-3053A-9999A-9999E,WA002,300999294,""
31,2755.75,1,310724,1012512502,101,WA002,3040A-3045A-3053A-9999A-9999E,WA002,300999295,""
31,2755.75,1,310724,1012512502,101,WA002,3040A-3045A-3053A-9999A-9999E,WA002,300999296,""
31,2755.75,1,310724,1012512502,101,WA002,3040A-3045A-3053A-9999A-9999E,WA002,300999297,""
31,2755.75,1,310724,1012512502,101,WA002,3040A-3045A-3053A-9999A-9999E,WA002,300999298,""
31,2755.75,1,310724,1012512502,101,WA002,3040A-3045A-3053A-9999A-9999E,WA002,300999299,""
31,2755.75,1,310724,1012512502,101,WA002,3040A-3045A-3053A-9999A-9999E,WA002,300999300,""
31,2755.75,1,310724,1012512503,101,WA002,3040A-3045A-3053A-9999A,WA007,300999370,""
31,2755.75,1,310724,1012512503,101,WA002,3040A-3045A-3053A-9999A,WA007,300999371,""
31,2755.75,1,310724,1012512503,101,WA002,3040A-3045A-3053A-9999A,WA007,300999393,""
31,2755.75,1,310724,1012512503,101,WA002,3040A-3045A-3053A-9999A,WA007,300999394,""
31,2755.75,1,310724,1012512503,101,WA002,3040A-3045A-3053A-9999A,WA007,300999499,""
31,2755.75,1,310724,1012512503,101,WA002,3040A-3045A-3053A-9999A,WA007,300999500,""
31,2755.75,1,310724,1012512504,101,WA002,3040A-3045A-3053A-3055A-9999A-9999E,WA007,300999555,233232-1-1-102
31,2755.75,1,310724,1012512504,101,WA002,3040A-3045A-3053A-3055A-9999A-9999E,WA007,300999556,233232-1-1-102
31,2755.75,1,310724,1012512504,101,WA002,3040A-3045A-3053A-3055A-9999A-9999E,WA007,300999557,233232-1-1-102
31,2755.75,1,310724,1012512504,101,WA002,3040A-3045A-3053A-3055A-9999A-9999E,WA007,300999558,233232-1-1-102
31,2755.75,1,310724,1012512504,101,WA002,3040A-3045A-3053A-3055A-9999A-9999E,WA007,300999708,233232-1-1-102
31,2755.75,1,310724,1012512504,101,WA002,3040A-3045A-3053A-3055A-9999A-9999E,WA007,300999709,233232-1-1-102
31,2755.75,1,310724,1012512504,101,WA002,3040A-3045A-3053A-3055A-9999A-9999E,WA007,300999710,233232-1-1-102
31,2755.75,1,310724,1012512504,101,WA002,3040A-3045A-3053A-3055A-9999A-9999E,WA007,300999792,233232-1-1-102
31,2755.75,1,310724,1012512505,101,WA002,3040A-3043A-3045A-3053A-3055A-9999A-9999C-9999E,WA007,300999794,233232-1-1-102
31,2755.75,1,310724,1012512505,101,WA002,3040A-3043A-3045A-3053A-3055A-9999A-9999C-9999E,WA007,300999795,233232-1-1-102
31,2755.75,1,310724,1012512505,101,WA002,3040A-3043A-3045A-3053A-3055A-9999A-9999C-9999E,WA007,300999796,233232-1-1-102
31,2755.75,1,310724,1012512505,101,WA002,3040A-3043A-3045A-3053A-3055A-9999A-9999C-9999E,WA007,300999797,233232-1-1-102
31,2755.75,1,310724,1012512505,101,WA002,3040A-3043A-3045A-3053A-3055A-9999A-9999C-9999E,WA007,300999932,233232-1-1-102
31,2755.75,1,310724,1012512505,101,WA002,3040A-3043A-3045A-3053A-3055A-9999A-9999C-9999E,WA007,300999934,233232-1-1-102
31,2755.75,1,310724,1012512505,101,WA002,3040A-3043A-3045A-3053A-3055A-9999A-9999C-9999E,WA007,300999937,233232-1-1-102
31,2755.75,1,310724,1012512505,101,WA002,3040A-3043A-3045A-3053A-3055A-9999A-9999C-9999E,WA007,300999944,233232-1-1-102
31,2755.75,1,310724,1012512506,101,WA002,3040A-3043A-3045A-3053A-3055A-9999A-9999C-9999E,WA007,300999945,233232-1-1-102
31,2755.75,1,310724,1012512506,101,WA002,3040A-3043A-3045A-3053A-3055A-9999A-9999C-9999E,WA007,300999946,233232-1-1-102
31,2755.75,1,310724,1012512506,101,WA002,3040A-3043A-3045A-3053A-3055A-9999A-9999C-9999E,WA007,301000032,233232-1-1-102
31,2755.75,1,310724,1012512506,101,WA002,3040A-3043A-3045A-3053A-3055A-9999A-9999C-9999E,WA007,301000033,233232-1-1-102
31,2755.75,1,310724,1012512506,101,WA002,3040A-3043A-3045A-3053A-3055A-9999A-9999C-9999E,WA007,301000034,233232-1-1-102
31,2755.75,1,310724,1012512506,101,WA002,3040A-3043A-3045A-3053A-3055A-9999A-9999C-9999E,WA007,301000035,233232-1-1-102
31,2755.75,1,310724,1012512506,101,WA002,3040A-3043A-3045A-3053A-3055A-9999A-9999C-9999E,WA007,301000036,233232-1-1-102
31,2755.75,1,310724,1012512506,101,WA002,3040A-3043A-3045A-3053A-3055A-9999A-9999C-9999E,WA007,301000037,233232-1-1-102
31,2755.75,1,310724,1012512507,101,WA002,3040A-3043A-3045A-3053A-3055A-9999A-9999C-9999E,WA007,301000176,233232-1-1-102
31,2755.75,1,310724,1012512507,101,WA002,3040A-3043A-3045A-3053A-3055A-9999A-9999C-9999E,WA007,301000177,233232-1-1-102
31,2755.75,1,310724,1012512507,101,WA002,3040A-3043A-3045A-3053A-3055A-9999A-9999C-9999E,WA007,301000178,233232-1-1-102
31,2755.75,1,310724,1012512507,101,WA002,3040A-3043A-3045A-3053A-3055A-9999A-9999C-9999E,WA007,301000179,233232-1-1-102
31,2755.75,1,310724,1012512507,101,WA002,3040A-3043A-3045A-3053A-3055A-9999A-9999C-9999E,WA007,301000180,233232-1-1-102
31,2755.75,1,310724,1012512507,101,WA002,3040A-3043A-3045A-3053A-3055A-9999A-9999C-9999E,WA007,301000182,233232-1-1-102
31,2755.75,1,310724,1012512507,101,WA002,3040A-3043A-3045A-3053A-3055A-9999A-9999C-9999E,WA007,301000234,233232-1-1-102
31,2755.75,1,310724,1012512507,101,WA002,3040A-3043A-3045A-3053A-3055A-9999A-9999C-9999E,WA007,301000235,233232-1-1-102
31,2755.75,1,310724,1012512508,101,WA002,3040A-3043A-3045A-3053A-3055A-9999A-9999C-9999E,WA007,301000243,233232-1-1-102
31,2755.75,1,310724,1012512508,101,WA002,3040A-3043A-3045A-3053A-3055A-9999A-9999C-9999E,WA007,301000244,233232-1-1-102
31,2755.75,1,310724,1012512508,101,WA002,3040A-3043A-3045A-3053A-3055A-9999A-9999C-9999E,WA007,301000246,233232-1-1-102
31,2755.75,1,310724,1012512508,101,WA002,3040A-3043A-3045A-3053A-3055A-9999A-9999C-9999E,WA007,301000247,233232-1-1-102
31,2755.75,1,310724,1012512508,101,WA002,3040A-3043A-3045A-3053A-3055A-9999A-9999C-9999E,WA007,301000248,233232-1-1-102
31,2755.75,1,310724,1012512508,101,WA002,3040A-3043A-3045A-3053A-3055A-9999A-9999C-9999E,WA007,301000251,233232-1-1-102
31,2755.75,1,310724,1012512508,101,WA002,3040A-3043A-3045A-3053A-3055A-9999A-9999C-9999E,WA007,301000253,233232-1-1-102
31,2755.75,1,310724,1012512508,101,WA002,3040A-3043A-3045A-3053A-3055A-9999A-9999C-9999E,WA007,301000255,233232-1-1-102
31,2755.75,1,310724,1012512509,101,WA002,3040A-3043A-3045A-3053A-3055A-9999A-9999C-9999E,WA007,301000257,233232-1-1-102
31,2755.75,1,310724,1012512509,101,WA002,3040A-3043A-3045A-3053A-3055A-9999A-9999C-9999E,WA007,301000258,233232-1-1-102
31,2755.75,1,310724,1012512509,101,WA002,3040A-3043A-3045A-3053A-3055A-9999A-9999C-9999E,WA007,301000259,233232-1-1-102
31,2755.75,1,310724,1012512509,101,WA002,3040A-3043A-3045A-3053A-3055A-9999A-9999C-9999E,WA007,301000261,233232-1-1-102
31,2755.75,1,310724,1012512509,101,WA002,3040A-3043A-3045A-3053A-3055A-9999A-9999C-9999E,WA007,301000262,233232-1-1-102
31,2755.75,1,310724,1012512509,101,WA002,3040A-3043A-3045A-3053A-3055A-9999A-9999C-9999E,WA007,301000263,233232-1-1-102
31,2755.75,1,310724,1012512509,101,WA002,3040A-3043A-3045A-3053A-3055A-9999A-9999C-9999E,WA007,301000264,233232-1-1-102
31,2755.75,1,310724,1012512509,101,WA002,3040A-3043A-3045A-3053A-3055A-9999A-9999C-9999E,WA007,301000265,233232-1-1-102
31,2755.75,1,310724,1012512510,101,WA002,3040A-3043A-3045A-3053A-3055A-9999A-9999C-9999E,WA007,301000399,233232-1-1-102
31,2755.75,1,310724,1012512510,101,WA002,3040A-3043A-3045A-3053A-3055A-9999A-9999C-9999E,WA007,301000400,233232-1-1-102
31,2755.75,1,310724,1012512510,101,WA002,3040A-3043A-3045A-3053A-3055A-9999A-9999C-9999E,WA007,301000401,233232-1-1-102
31,2755.75,1,310724,1012512510,101,WA002,3040A-3043A-3045A-3053A-3055A-9999A-9999C-9999E,WA007,301000402,233232-1-1-102
31,2755.75,1,310724,1012512510,101,WA002,3040A-3043A-3045A-3053A-3055A-9999A-9999C-9999E,WA007,301000403,233232-1-1-102
31,2755.75,1,310724,1012512510,101,WA002,3040A-3043A-3045A-3053A-3055A-9999A-9999C-9999E,WA007,301000404,233232-1-1-102
31,2755.75,1,310724,1012512510,101,WA002,3040A-3043A-3045A-3053A-3055A-9999A-9999C-9999E,WA007,301000406,233232-1-1-102
31,2755.75,1,310724,1012512510,101,WA002,3040A-3043A-3045A-3053A-3055A-9999A-9999C-9999E,WA007,301000408,233232-1-1-102
31,2755.75,1,310724,1012512511,101,WA002,3040A-3043A-3045A-3053A-3055A-9999A-9999E,WA007,301000455,233232-1-1-102
31,2755.75,1,310724,1012512511,101,WA002,3040A-3043A-3045A-3053A-3055A-9999A-9999E,WA007,301000456,233232-1-1-102
31,2755.75,1,310724,1012512511,101,WA002,3040A-3043A-3045A-3053A-3055A-9999A-9999E,WA007,301000457,233232-1-1-102
31,2755.75,1,310724,1012512511,101,WA002,3040A-3043A-3045A-3053A-3055A-9999A-9999E,WA007,301000458,233232-1-1-102
31,2755.75,1,310724,1012512511,101,WA002,3040A-3043A-3045A-3053A-3055A-9999A-9999E,WA007,301000569,233232-1-1-102
31,2755.75,1,310724,1012512511,101,WA002,3040A-3043A-3045A-3053A-3055A-9999A-9999E,WA007,301000570,233232-1-1-102
31,2755.75,1,310724,1012512511,101,WA002,3040A-3043A-3045A-3053A-3055A-9999A-9999E,WA007,301000571,233232-1-1-102
31,2755.75,1,310724,1012512511,101,WA002,3040A-3043A-3045A-3053A-3055A-9999A-9999E,WA007,301000572,233232-1-1-102
31,2755.75,1,310724,1012512512,101,WA002,3040A-3043A-3045A-3053A-3055A-9999A-9999E,WA007,301000596,233232-1-1-102
31,2755.75,1,310724,1012512512,101,WA002,3040A-3043A-3045A-3053A-3055A-9999A-9999E,WA007,301000597,233232-1-1-102
31,2755.75,1,310724,1012512512,101,WA002,3040A-3043A-3045A-3053A-3055A-9999A-9999E,WA007,301000598,233232-1-1-102
31,2755.75,1,310724,1012512512,101,WA002,3040A-3043A-3045A-3053A-3055A-9999A-9999E,WA007,301000624,233232-1-1-102
31,2755.75,1,310724,1012512512,101,WA002,3040A-3043A-3045A-3053A-3055A-9999A-9999E,WA007,301000627,233232-1-1-102
31,2755.75,1,310724,1012512512,101,WA002,3040A-3043A-3045A-3053A-3055A-9999A-9999E,WA007,301000652,233232-1-1-102
31,2755.75,1,310724,1012512512,101,WA002,3040A-3043A-3045A-3053A-3055A-9999A-9999E,WA007,301000653,233232-1-1-102
31,2755.75,1,310724,1012512512,101,WA002,3040A-3043A-3045A-3053A-3055A-9999A-9999E,WA007,301000655,233232-1-1-102
32,2755.75,1,310724,1012512401,101,WA002,3040A-3045A-3053A-9999A-9999E,WA007,300997784,233232-1-1-102
32,2755.75,1,310724,1012512401,101,WA002,3040A-3045A-3053A-9999A-9999E,WA007,300997785,233232-1-1-102
32,2755.75,1,310724,1012512401,101,WA002,3040A-3045A-3053A-9999A-9999E,WA007,300997786,233232-1-1-102
32,2755.75,1,310724,1012512401,101,WA002,3040A-3045A-3053A-9999A-9999E,WA007,300997787,233232-1-1-102
32,2755.75,1,310724,1012512401,101,WA002,3040A-3045A-3053A-9999A-9999E,WA007,300997788,233232-1-1-102
32,2755.75,1,310724,1012512401,101,WA002,3040A-3045A-3053A-9999A-9999E,WA007,300997793,233232-1-1-102
32,2755.75,1,310724,1012512401,101,WA002,3040A-3045A-3053A-9999A-9999E,WA007,300997794,233232-1-1-102
32,2755.75,1,310724,1012512401,101,WA002,3040A-3045A-3053A-9999A-9999E,WA007,300997795,233232-1-1-102
32,2755.75,1,310724,1012512402,101,WA002,3040A-3045A-3053A-9999A-9999E,WA007,300997870,233232-1-1-102
32,2755.75,1,310724,1012512402,101,WA002,3040A-3045A-3053A-9999A-9999E,WA007,300997871,233232-1-1-102
32,2755.75,1,310724,1012512402,101,WA002,3040A-3045A-3053A-9999A-9999E,WA007,300997872,233232-1-1-102
32,2755.75,1,310724,1012512402,101,WA002,3040A-3045A-3053A-9999A-9999E,WA007,300997873,233232-1-1-102
32,2755.75,1,310724,1012512402,101,WA002,3040A-3045A-3053A-9999A-9999E,WA007,300997895,233232-1-1-102
32,2755.75,1,310724,1012512402,101,WA002,3040A-3045A-3053A-9999A-9999E,WA007,300997897,233232-1-1-102
32,2755.75,1,310724,1012512402,101,WA002,3040A-3045A-3053A-9999A-9999E,WA007,300997898,233232-1-1-102
32,2755.75,1,310724,1012512402,101,WA002,3040A-3045A-3053A-9999A-9999E,WA007,300997899,233232-1-1-102
32,2755.75,1,310724,1012512403,101,WA002,3040A-3045A-3053A-9999A-9999E,WA007,300997937,233232-1-1-102
32,2755.75,1,310724,1012512403,101,WA002,3040A-3045A-3053A-9999A-9999E,WA007,300997938,233232-1-1-102
32,2755.75,1,310724,1012512403,101,WA002,3040A-3045A-3053A-9999A-9999E,WA007,300997939,233232-1-1-102
32,2755.75,1,310724,1012512403,101,WA002,3040A-3045A-3053A-9999A-9999E,WA007,300997952,233232-1-1-102
32,2755.75,1,310724,1012512403,101,WA002,3040A-3045A-3053A-9999A-9999E,WA007,300997953,233232-1-1-102
32,2755.75,1,310724,1012512403,101,WA002,3040A-3045A-3053A-9999A-9999E,WA007,300997954,233232-1-1-102
32,2755.75,1,310724,1012512403,101,WA002,3040A-3045A-3053A-9999A-9999E,WA007,300997974,233232-1-1-102
32,2755.75,1,310724,1012512403,101,WA002,3040A-3045A-3053A-9999A-9999E,WA007,300997975,233232-1-1-102
32,2755.75,1,310724,1012512404,101,WA002,3040A-3045A-3053A-9999A,WA007,300997984,233472-1-1-111
32,2755.75,1,310724,1012512404,101,WA002,3040A-3045A-3053A-9999A,WA007,300997989,233472-1-1-111
32,2755.75,1,310724,1012512404,101,WA002,3040A-3045A-3053A-9999A,WA007,300998117,233472-1-1-111
32,2755.75,1,310724,1012512404,101,WA002,3040A-3045A-3053A-9999A,WA007,300998119,""
32,2755.75,1,310724,1012512404,101,WA002,3040A-3045A-3053A-9999A,WA007,300998123,""
32,2755.75,1,310724,1012512404,101,WA002,3040A-3045A-3053A-9999A,WA007,300998124,""
32,2755.75,1,310724,1012512404,101,WA002,3040A-3045A-3053A-9999A,WA007,300998125,""
32,2755.75,1,310724,1012512404,101,WA002,3040A-3045A-3053A-9999A,WA007,300998126,""
32,2755.75,1,310724,1012512405,101,WA002,3040A-3045A-3053A-9999A,WA007,300998128,""
32,2755.75,1,310724,1012512405,101,WA002,3040A-3045A-3053A-9999A,WA007,300998130,""
32,2755.75,1,310724,1012512405,101,WA002,3040A-3045A-3053A-9999A,WA007,300998193,""
32,2755.75,1,310724,1012512405,101,WA002,3040A-3045A-3053A-9999A,WA007,300998194,""
32,2755.75,1,310724,1012512405,101,WA002,3040A-3045A-3053A-9999A,WA007,300998195,""
32,2755.75,1,310724,1012512405,101,WA002,3040A-3045A-3053A-9999A,WA007,300998205,""
32,2755.75,1,310724,1012512405,101,WA002,3040A-3045A-3053A-9999A,WA007,300998206,""
32,2755.75,1,310724,1012512405,101,WA002,3040A-3045A-3053A-9999A,WA007,300998207,""
32,2755.75,1,310724,1012512406,101,WA002,3040A-3043A-3045A-3053A-3055A-9999A-9999E,WA007,300998225,233232-1-1-102
32,2755.75,1,310724,1012512406,101,WA002,3040A-3043A-3045A-3053A-3055A-9999A-9999E,WA007,300998228,233232-1-1-102
32,2755.75,1,310724,1012512406,101,WA002,3040A-3043A-3045A-3053A-3055A-9999A-9999E,WA007,300998229,233232-1-1-102
32,2755.75,1,310724,1012512406,101,WA002,3040A-3043A-3045A-3053A-3055A-9999A-9999E,WA007,300998273,233232-1-1-102
32,2755.75,1,310724,1012512406,101,WA002,3040A-3043A-3045A-3053A-3055A-9999A-9999E,WA007,300998274,233232-1-1-102
32,2755.75,1,310724,1012512406,101,WA002,3040A-3043A-3045A-3053A-3055A-9999A-9999E,WA007,300998275,233232-1-1-102
32,2755.75,1,310724,1012512406,101,WA002,3040A-3043A-3045A-3053A-3055A-9999A-9999E,WA007,300998288,233232-1-1-102
32,2755.75,1,310724,1012512406,101,WA002,3040A-3043A-3045A-3053A-3055A-9999A-9999E,WA007,300998289,233232-1-1-102
32,2755.75,1,310724,1012512407,101,WA002,3040A-3045A-3053A-9999A,WA007,300998290,""
32,2755.75,1,310724,1012512407,101,WA002,3040A-3045A-3053A-9999A,WA007,300998329,""
32,2755.75,1,310724,1012512407,101,WA002,3040A-3045A-3053A-9999A,WA007,300998330,""
32,2755.75,1,310724,1012512407,101,WA002,3040A-3045A-3053A-9999A,WA007,300998331,""
32,2755.75,1,310724,1012512407,101,WA002,3040A-3045A-3053A-9999A,WA007,300998376,""
32,2755.75,1,310724,1012512407,101,WA002,3040A-3045A-3053A-9999A,WA007,300998377,""
32,2755.75,1,310724,1012512407,101,WA002,3040A-3045A-3053A-9999A,WA007,300998378,""
32,2755.75,1,310724,1012512407,101,WA002,3040A-3045A-3053A-9999A,WA007,300998396,""
32,2755.75,1,310724,1012512408,101,WA002,3040A-3045A-3053A-9999A,WA007,300998397,""
32,2755.75,1,310724,1012512408,101,WA002,3040A-3045A-3053A-9999A,WA007,300998398,""
32,2755.75,1,310724,1012512408,101,WA002,3040A-3045A-3053A-9999A,WA007,300998426,""
32,2755.75,1,310724,1012512408,101,WA002,3040A-3045A-3053A-9999A,WA007,300998428,""
32,2755.75,1,310724,1012512408,101,WA002,3040A-3045A-3053A-9999A,WA007,300998429,""
32,2755.75,1,310724,1012512408,101,WA002,3040A-3045A-3053A-9999A,WA007,300998436,""
32,2755.75,1,310724,1012512408,101,WA002,3040A-3045A-3053A-9999A,WA007,300998437,""
32,2755.75,1,310724,1012512408,101,WA002,3040A-3045A-3053A-9999A,WA007,300998438,""
32,2755.75,1,310724,1012512409,101,WA002,3040A-3045A-3053A-9999A,WA007,300998457,""
32,2755.75,1,310724,1012512409,101,WA002,3040A-3045A-3053A-9999A,WA007,300998458,""
32,2755.75,1,310724,1012512409,101,WA002,3040A-3045A-3053A-9999A,WA007,300998459,""
32,2755.75,1,310724,1012512409,101,WA002,3040A-3045A-3053A-9999A,WA007,300998516,""
32,2755.75,1,310724,1012512409,101,WA002,3040A-3045A-3053A-9999A,WA007,300998517,""
32,2755.75,1,310724,1012512409,101,WA002,3040A-3045A-3053A-9999A,WA007,300998518,""
32,2755.75,1,310724,1012512409,101,WA002,3040A-3045A-3053A-9999A,WA007,300998521,""
32,2755.75,1,310724,1012512409,101,WA002,3040A-3045A-3053A-9999A,WA007,300998522,""
32,2755.75,1,310724,1012512410,101,WA002,3040A-3045A-3053A-9999A,WA007,300998523,""
32,2755.75,1,310724,1012512410,101,WA002,3040A-3045A-3053A-9999A,WA007,300998555,""
32,2755.75,1,310724,1012512410,101,WA002,3040A-3045A-3053A-9999A,WA007,300998556,""
32,2755.75,1,310724,1012512410,101,WA002,3040A-3045A-3053A-9999A,WA007,300998557,""
32,2755.75,1,310724,1012512410,101,WA002,3040A-3045A-3053A-9999A,WA007,300998563,""
32,2755.75,1,310724,1012512410,101,WA002,3040A-3045A-3053A-9999A,WA007,300998565,""
32,2755.75,1,310724,1012512410,101,WA002,3040A-3045A-3053A-9999A,WA007,300998566,""
32,2755.75,1,310724,1012512410,101,WA002,3040A-3045A-3053A-9999A,WA007,300998582,""
32,2755.75,1,310724,1012512411,101,WA002,3040A-3045A-3053A-9999A,WA007,300998583,""
32,2755.75,1,310724,1012512411,101,WA002,3040A-3045A-3053A-9999A,WA007,300998584,""
32,2755.75,1,310724,1012512411,101,WA002,3040A-3045A-3053A-9999A,WA007,300998853,""
32,2755.75,1,310724,1012512411,101,WA002,3040A-3045A-3053A-9999A,WA007,300998854,""
32,2755.75,1,310724,1012512412,101,WA002,3040A-3045A-3053A-9999A,WA007,300998855,""
32,2755.75,1,310724,1012512412,101,WA002,3040A-3045A-3053A-9999A,WA007,300998856,""
32,2755.75,1,310724,1012512412,101,WA002,3040A-3045A-3053A-9999A,WA007,300998857,""
32,2755.75,1,310724,1012512412,101,WA002,3040A-3045A-3053A-9999A,WA007,300998858,""
32,2755.75,1,310724,1012512412,101,WA002,3040A-3045A-3053A-9999A,WA007,300998859,""
32,2755.75,1,310724,1012512412,101,WA002,3040A-3045A-3053A-9999A,WA007,300998860,""
32,2755.75,1,310724,1012512412,101,WA002,3040A-3045A-3053A-9999A,WA007,300998861,""
32,2755.75,1,310724,1012512412,101,WA002,3040A-3045A-3053A-9999A,WA007,300998862,""
32,2755.75,1,310724,1012512413,101,WA002,3040A-3045A-3053A-9999A-9999E,WA007,300998866,233232-1-1-102
32,2755.75,1,310724,1012512413,101,WA002,3040A-3045A-3053A-9999A-9999E,WA007,300998867,233232-1-1-102
32,2755.75,1,310724,1012512413,101,WA002,3040A-3045A-3053A-9999A-9999E,WA007,300998868,233232-1-1-102
32,2755.75,1,310724,1012512413,101,WA002,3040A-3045A-3053A-9999A-9999E,WA007,300998869,233232-1-1-102
32,2755.75,1,310724,1012512413,101,WA002,3040A-3045A-3053A-9999A-9999E,WA007,300998870,233232-1-1-102
32,2755.75,1,310724,1012512413,101,WA002,3040A-3045A-3053A-9999A-9999E,WA007,300998871,233232-1-1-102
32,2755.75,1,310724,1012512413,101,WA002,3040A-3045A-3053A-9999A-9999E,WA007,300998872,233232-1-1-102
32,2755.75,1,310724,1012512413,101,WA002,3040A-3045A-3053A-9999A-9999E,WA007,300998873,233232-1-1-102
32,2755.75,1,310724,1012512414,101,WA002,3040A-3045A-3053A-9999A-9999E,WA007,300998963,233232-1-1-102
32,2755.75,1,310724,1012512414,101,WA002,3040A-3045A-3053A-9999A-9999E,WA007,300998964,233232-1-1-102
32,2755.75,1,310724,1012512414,101,WA002,3040A-3045A-3053A-9999A-9999E,WA007,300998965,233232-1-1-102
32,2755.75,1,310724,1012512414,101,WA002,3040A-3045A-3053A-9999A-9999E,WA007,300998966,233232-1-1-102
32,2755.75,1,310724,1012512414,101,WA002,3040A-3045A-3053A-9999A-9999E,WA007,300998967,233232-1-1-102
32,2755.75,1,310726,1022512455,101,WA003,3005WGUM-3007DRYGUM-3007S-3025S-3035A-9999A-9999C-9999CS-9999E,WA007,300999362,232130-1-8-120
32,2755.75,1,310726,1022512455,101,WA003,3005WGUM-3007DRYGUM-3007S-3025S-3035A-9999A-9999C-9999CS-9999E,WA007,300999363,232130-1-8-120
32,2755.75,1,310726,1022512455,101,WA003,3005WGUM-3007DRYGUM-3007S-3025S-3035A-9999A-9999C-9999CS-9999E,WA007,300999364,232130-1-8-120
32,2755.75,1,310726,1022512455,101,WA003,3005WGUM-3007DRYGUM-3007S-3025S-3035A-9999A-9999C-9999CS-9999E,WA007,300999380,232130-1-8-120
32,2755.75,1,310726,1022512455,101,WA003,3005WGUM-3007DRYGUM-3007S-3025S-3035A-9999A-9999C-9999CS-9999E,WA007,300999381,232130-1-8-120
32,2755.75,1,310726,1022512455,101,WA003,3005WGUM-3007DRYGUM-3007S-3025S-3035A-9999A-9999C-9999CS-9999E,WA007,300999390,232130-1-8-120
32,2755.75,1,310726,1022512455,101,WA003,3005WGUM-3007DRYGUM-3007S-3025S-3035A-9999A-9999C-9999CS-9999E,WA007,300999391,232130-1-8-120
32,2755.75,1,310726,1022512455,101,WA003,3005WGUM-3007DRYGUM-3007S-3025S-3035A-9999A-9999C-9999CS-9999E,WA007,300999407,232130-1-8-120
32,2755.75,1,310726,1022512456,101,WA003,3005WGUM-3007DRYGUM-3007FO-3007S-3025S-9999A-9999C-9999CS-9999E,WA007,300999585,232130-1-8-120
32,2755.75,1,310726,1022512456,101,WA003,3005WGUM-3007DRYGUM-3007FO-3007S-3025S-9999A-9999C-9999CS-9999E,WA007,300999586,232130-1-8-120
32,2755.75,1,310726,1022512456,101,WA003,3005WGUM-3007DRYGUM-3007FO-3007S-3025S-9999A-9999C-9999CS-9999E,WA007,300999587,232130-1-8-120
32,2755.75,1,310726,1022512456,101,WA003,3005WGUM-3007DRYGUM-3007FO-3007S-3025S-9999A-9999C-9999CS-9999E,WA007,300999595,232130-1-8-120
32,2755.75,1,310726,1022512456,101,WA003,3005WGUM-3007DRYGUM-3007FO-3007S-3025S-9999A-9999C-9999CS-9999E,WA007,300999596,232130-1-8-120
32,2755.75,1,310726,1022512456,101,WA003,3005WGUM-3007DRYGUM-3007FO-3007S-3025S-9999A-9999C-9999CS-9999E,WA007,300999597,232130-1-8-120
32,2755.75,1,310726,1022512456,101,WA003,3005WGUM-3007DRYGUM-3007FO-3007S-3025S-9999A-9999C-9999CS-9999E,WA007,300999598,232130-1-8-120
32,2755.75,1,310726,1022512456,101,WA003,3005WGUM-3007DRYGUM-3007FO-3007S-3025S-9999A-9999C-9999CS-9999E,WA007,300999599,232130-1-8-120
32,2755.75,1,310726,1022512457,101,WA003,3005WGUM-3007DRYGUM-3007FO-3007S-3025S-3035A-9999A-9999C-9999CS-9999E,WA007,300999624,232130-1-8-120
32,2755.75,1,310726,1022512457,101,WA003,3005WGUM-3007DRYGUM-3007FO-3007S-3025S-3035A-9999A-9999C-9999CS-9999E,WA007,300999625,232130-1-8-120
32,2755.75,1,310726,1022512457,101,WA003,3005WGUM-3007DRYGUM-3007FO-3007S-3025S-3035A-9999A-9999C-9999CS-9999E,WA007,300999626,232130-1-8-120
32,2755.75,1,310726,1022512457,101,WA003,3005WGUM-3007DRYGUM-3007FO-3007S-3025S-3035A-9999A-9999C-9999CS-9999E,WA007,300999627,232130-1-8-120
32,2755.75,1,310726,1022512457,101,WA003,3005WGUM-3007DRYGUM-3007FO-3007S-3025S-3035A-9999A-9999C-9999CS-9999E,WA007,300999651,232130-1-8-120
32,2755.75,1,310726,1022512457,101,WA003,3005WGUM-3007DRYGUM-3007FO-3007S-3025S-3035A-9999A-9999C-9999CS-9999E,WA007,300999669,232130-1-8-120
32,2755.75,1,310726,1022512457,101,WA003,3005WGUM-3007DRYGUM-3007FO-3007S-3025S-3035A-9999A-9999C-9999CS-9999E,WA007,300999670,232130-1-8-120
32,2755.75,1,310726,1022512457,101,WA003,3005WGUM-3007DRYGUM-3007FO-3007S-3025S-3035A-9999A-9999C-9999CS-9999E,WA007,300999671,232130-1-8-120
33,2755.75,1,310724,1012512302,101,WA002,3040A-3045A-3053A-3055A-9999A-9999E,WA007,300996724,233232-1-1-101
33,2755.75,1,310724,1012512302,101,WA002,3040A-3045A-3053A-3055A-9999A-9999E,WA007,300996725,233232-1-1-101
33,2755.75,1,310724,1012512302,101,WA002,3040A-3045A-3053A-3055A-9999A-9999E,WA007,300996726,233232-1-1-101
33,2755.75,1,310724,1012512302,101,WA002,3040A-3045A-3053A-3055A-9999A-9999E,WA007,300996727,233232-1-1-101
33,2755.75,1,310724,1012512302,101,WA002,3040A-3045A-3053A-3055A-9999A-9999E,WA007,300996740,233232-1-1-101
33,2755.75,1,310724,1012512302,101,WA002,3040A-3045A-3053A-3055A-9999A-9999E,WA007,300996743,233232-1-1-101
33,2755.75,1,310724,1012512302,101,WA002,3040A-3045A-3053A-3055A-9999A-9999E,WA007,300996744,233232-1-1-101
33,2755.75,1,310724,1012512303,101,WA002,3040A-3045A-3053A-9999A-9999E,WA007,300996748,233232-1-1-101
33,2755.75,1,310724,1012512303,101,WA002,3040A-3045A-3053A-9999A-9999E,WA007,300996749,233232-1-1-101
33,2755.75,1,310724,1012512303,101,WA002,3040A-3045A-3053A-9999A-9999E,WA007,300996767,233232-1-1-101
33,2755.75,1,310724,1012512303,101,WA002,3040A-3045A-3053A-9999A-9999E,WA007,300996768,233232-1-1-101
33,2755.75,1,310724,1012512303,101,WA002,3040A-3045A-3053A-9999A-9999E,WA007,300996769,233232-1-1-101
33,2755.75,1,310724,1012512303,101,WA002,3040A-3045A-3053A-9999A-9999E,WA007,300996770,233232-1-1-101
33,2755.75,1,310724,1012512303,101,WA002,3040A-3045A-3053A-9999A-9999E,WA007,300996821,233232-1-1-101
33,2755.75,1,310724,1012512303,101,WA002,3040A-3045A-3053A-9999A-9999E,WA007,300996822,233232-1-1-101
33,2755.75,1,310724,1012512304,101,WA002,3040A-3045A-3053A-9999A-9999E,WA007,300996824,233232-1-1-101
33,2755.75,1,310724,1012512304,101,WA002,3040A-3045A-3053A-9999A-9999E,WA007,300996825,233232-1-1-101
33,2755.75,1,310724,1012512304,101,WA002,3040A-3045A-3053A-9999A-9999E,WA007,300996826,233232-1-1-101
33,2755.75,1,310724,1012512304,101,WA002,3040A-3045A-3053A-9999A-9999E,WA007,300996869,233232-1-1-101
33,2755.75,1,310724,1012512304,101,WA002,3040A-3045A-3053A-9999A-9999E,WA007,300996870,233232-1-1-101
33,2755.75,1,310724,1012512304,101,WA002,3040A-3045A-3053A-9999A-9999E,WA007,300996871,233232-1-1-101
33,2755.75,1,310724,1012512304,101,WA002,3040A-3045A-3053A-9999A-9999E,WA007,300996872,233232-1-1-101
33,2755.75,1,310724,1012512304,101,WA002,3040A-3045A-3053A-9999A-9999E,WA007,300996873,233232-1-1-101
33,2755.75,1,310724,1012512305,101,WA002,3040A-3045A-3053A-9999A-9999E,WA007,300996876,233232-1-1-101
33,2755.75,1,310724,1012512305,101,WA002,3040A-3045A-3053A-9999A-9999E,WA007,300996922,233232-1-1-101
33,2755.75,1,310724,1012512305,101,WA002,3040A-3045A-3053A-9999A-9999E,WA007,300996923,233232-1-1-101
33,2755.75,1,310724,1012512305,101,WA002,3040A-3045A-3053A-9999A-9999E,WA007,300996924,233232-1-1-101
33,2755.75,1,310724,1012512305,101,WA002,3040A-3045A-3053A-9999A-9999E,WA007,300996925,233232-1-1-101
33,2755.75,1,310724,1012512305,101,WA002,3040A-3045A-3053A-9999A-9999E,WA007,300996926,233232-1-1-101
33,2755.75,1,310724,1012512305,101,WA002,3040A-3045A-3053A-9999A-9999E,WA007,300996927,233232-1-1-101
33,2755.75,1,310724,1012512305,101,WA002,3040A-3045A-3053A-9999A-9999E,WA007,300996932,233232-1-1-101
33,2755.75,1,310724,1012512306,101,WA002,3040A-3045A-3053A-9999A-9999E,WA007,300996933,233232-1-1-101
33,2755.75,1,310724,1012512306,101,WA002,3040A-3045A-3053A-9999A-9999E,WA007,300996934,233232-1-1-101
33,2755.75,1,310724,1012512306,101,WA002,3040A-3045A-3053A-9999A-9999E,WA007,300996954,233232-1-1-101
33,2755.75,1,310724,1012512306,101,WA002,3040A-3045A-3053A-9999A-9999E,WA007,300997016,233232-1-1-101
33,2755.75,1,310724,1012512306,101,WA002,3040A-3045A-3053A-9999A-9999E,WA007,300997017,233232-1-1-101
33,2755.75,1,310724,1012512306,101,WA002,3040A-3045A-3053A-9999A-9999E,WA007,300997018,233232-1-1-101
33,2755.75,1,310724,1012512306,101,WA002,3040A-3045A-3053A-9999A-9999E,WA007,300997019,233232-1-1-101
33,2755.75,1,310724,1012512306,101,WA002,3040A-3045A-3053A-9999A-9999E,WA007,300997020,233232-1-1-101
33,2755.75,1,310724,1012512308,101,WA002,3040A-3043A-3045A-3053A-3055A-9999A-9999E,WA007,300997154,233232-1-1-101
33,2755.75,1,310724,1012512308,101,WA002,3040A-3043A-3045A-3053A-3055A-9999A-9999E,WA007,300997155,233232-1-1-101
33,2755.75,1,310724,1012512308,101,WA002,3040A-3043A-3045A-3053A-3055A-9999A-9999E,WA007,300997156,233232-1-1-101
33,2755.75,1,310724,1012512308,101,WA002,3040A-3043A-3045A-3053A-3055A-9999A-9999E,WA007,300997157,233232-1-1-101
33,2755.75,1,310724,1012512308,101,WA002,3040A-3043A-3045A-3053A-3055A-9999A-9999E,WA007,300997204,233232-1-1-101
33,2755.75,1,310724,1012512308,101,WA002,3040A-3043A-3045A-3053A-3055A-9999A-9999E,WA007,300997205,233232-1-1-101
33,2755.75,1,310724,1012512308,101,WA002,3040A-3043A-3045A-3053A-3055A-9999A-9999E,WA007,300997206,233232-1-1-101
33,2755.75,1,310724,1012512308,101,WA002,3040A-3043A-3045A-3053A-3055A-9999A-9999E,WA007,300997213,233232-1-1-101
33,2755.75,1,310724,1012512309,101,WA002,3040A-3045A-3053A-9999A-9999E,WA007,300997216,233232-1-1-101
33,2755.75,1,310724,1012512309,101,WA002,3040A-3045A-3053A-9999A-9999E,WA007,300997217,233232-1-1-101
33,2755.75,1,310724,1012512309,101,WA002,3040A-3045A-3053A-9999A-9999E,WA007,300997333,233232-1-1-101
33,2755.75,1,310724,1012512309,101,WA002,3040A-3045A-3053A-9999A-9999E,WA007,300997334,233232-1-1-101
33,2755.75,1,310724,1012512309,101,WA002,3040A-3045A-3053A-9999A-9999E,WA007,300997335,233232-1-1-101
33,2755.75,1,310724,1012512309,101,WA002,3040A-3045A-3053A-9999A-9999E,WA007,300997373,233232-1-1-101
33,2755.75,1,310724,1012512309,101,WA002,3040A-3045A-3053A-9999A-9999E,WA007,300997374,233232-1-1-101
33,2755.75,1,310724,1012512309,101,WA002,3040A-3045A-3053A-9999A-9999E,WA007,300997375,233232-1-1-101
33,2755.75,1,310724,1012512310,101,WA002,3040A-3045A-3053A-9999A-9999E,WA007,300997399,233232-1-1-101
33,2755.75,1,310724,1012512310,101,WA002,3040A-3045A-3053A-9999A-9999E,WA007,300997400,233232-1-1-101
33,2755.75,1,310724,1012512310,101,WA002,3040A-3045A-3053A-9999A-9999E,WA007,300997401,233232-1-1-101
33,2755.75,1,310724,1012512310,101,WA002,3040A-3045A-3053A-9999A-9999E,WA007,300997419,233232-1-1-101
33,2755.75,1,310724,1012512310,101,WA002,3040A-3045A-3053A-9999A-9999E,WA007,300997421,233232-1-1-101
33,2755.75,1,310724,1012512310,101,WA002,3040A-3045A-3053A-9999A-9999E,WA007,300997422,233232-1-1-102
33,2755.75,1,310724,1012512310,101,WA002,3040A-3045A-3053A-9999A-9999E,WA007,300997439,233232-1-1-102
33,2755.75,1,310724,1012512310,101,WA002,3040A-3045A-3053A-9999A-9999E,WA007,300997440,233232-1-1-102
33,2755.75,1,310724,1012512311,101,WA002,3040A-3045A-3053A-9999A-9999E,WA007,300997525,233232-1-1-102
33,2755.75,1,310724,1012512311,101,WA002,3040A-3045A-3053A-9999A-9999E,WA007,300997527,233232-1-1-102
33,2755.75,1,310724,1012512311,101,WA002,3040A-3045A-3053A-9999A-9999E,WA007,300997533,233232-1-1-102
33,2755.75,1,310724,1012512311,101,WA002,3040A-3045A-3053A-9999A-9999E,WA007,300997534,233232-1-1-102
33,2755.75,1,310724,1012512311,101,WA002,3040A-3045A-3053A-9999A-9999E,WA007,300997540,233232-1-1-102
33,2755.75,1,310724,1012512311,101,WA002,3040A-3045A-3053A-9999A-9999E,WA007,300997541,233232-1-1-102
33,2755.75,1,310724,1012512311,101,WA002,3040A-3045A-3053A-9999A-9999E,WA007,300997542,233232-1-1-102
33,2755.75,1,310724,1012512311,101,WA002,3040A-3045A-3053A-9999A-9999E,WA007,300997543,233232-1-1-102
33,2755.75,1,310724,1012512312,101,WA002,3040A-3045A-3053A-9999A-9999E,WA007,300997544,233232-1-1-102
33,2755.75,1,310724,1012512312,101,WA002,3040A-3045A-3053A-9999A-9999E,WA007,300997545,233232-1-1-102
33,2755.75,1,310724,1012512312,101,WA002,3040A-3045A-3053A-9999A-9999E,WA007,300997645,233232-1-1-102
33,2755.75,1,310724,1012512312,101,WA002,3040A-3045A-3053A-9999A-9999E,WA007,300997646,233232-1-1-102
33,2755.75,1,310724,1012512312,101,WA002,3040A-3045A-3053A-9999A-9999E,WA007,300997647,233232-1-1-102
33,2755.75,1,310724,1012512312,101,WA002,3040A-3045A-3053A-9999A-9999E,WA007,300997648,233232-1-1-102
33,2755.75,1,310724,1012512312,101,WA002,3040A-3045A-3053A-9999A-9999E,WA007,300997660,233232-1-1-102
33,2755.75,1,310724,1012512312,101,WA002,3040A-3045A-3053A-9999A-9999E,WA007,300997661,233232-1-1-102
33,2755.75,1,310724,1012512313,101,WA002,3040A-3045A-3053A-9999A-9999E,WA007,300997670,233232-1-1-102
33,2755.75,1,310724,1012512313,101,WA002,3040A-3045A-3053A-9999A-9999E,WA007,300997674,233232-1-1-102
33,2755.75,1,310724,1012512313,101,WA002,3040A-3045A-3053A-9999A-9999E,WA007,300997676,233232-1-1-102
33,2755.75,1,310724,1012512313,101,WA002,3040A-3045A-3053A-9999A-9999E,WA007,300997677,233232-1-1-102
33,2755.75,1,310724,1012512313,101,WA002,3040A-3045A-3053A-9999A-9999E,WA007,300997679,233232-1-1-102
33,2755.75,1,310724,1012512313,101,WA002,3040A-3045A-3053A-9999A-9999E,WA007,300997680,233232-1-1-102
33,2755.75,1,310724,1012512313,101,WA002,3040A-3045A-3053A-9999A-9999E,WA007,300997681,233232-1-1-102
33,2755.75,1,310724,1012512313,101,WA002,3040A-3045A-3053A-9999A-9999E,WA007,300997682,233232-1-1-102
33,2755.75,1,310724,1012512314,101,WA002,3040A-3045A-3053A-9999A-9999E,WA007,300997733,233232-1-1-102
33,2755.75,1,310724,1012512314,101,WA002,3040A-3045A-3053A-9999A-9999E,WA007,300997750,233232-1-1-102
33,2755.75,1,310724,1012512314,101,WA002,3040A-3045A-3053A-9999A-9999E,WA007,300997751,233232-1-1-102
33,2755.75,1,310724,1012512314,101,WA002,3040A-3045A-3053A-9999A-9999E,WA007,300997753,233232-1-1-102
33,2755.75,1,310724,1012512314,101,WA002,3040A-3045A-3053A-9999A-9999E,WA007,300997757,233232-1-1-102
33,2755.75,1,310724,1012512314,101,WA002,3040A-3045A-3053A-9999A-9999E,WA007,300997771,233232-1-1-102
33,2755.75,1,310726,1022512352,102,WA003,9999A,WA007,300997688,232381-1-3-103
33,2755.75,1,310726,1022512352,102,WA003,9999A,WA007,300997689,232381-1-3-103
33,2755.75,1,310726,1022512352,102,WA003,9999A,WA007,300997690,232381-1-3-103
33,2755.75,1,310726,1022512352,102,WA003,9999A,WA007,300997711,232381-1-3-103
33,2755.75,1,310726,1022512352,102,WA003,9999A,WA007,300997712,232381-1-3-103
33,2755.75,1,310726,1022512352,102,WA003,9999A,WA007,300997713,232381-1-3-103
33,2755.75,1,310726,1022512352,102,WA003,9999A,WA007,300997719,232381-1-3-103
33,2755.75,1,310726,1022512352,102,WA003,9999A,WA007,300997774,232381-1-3-103
33,55.115,0,310726,1022512355,101,WA003,3002A-3005WGUM-3007DRYGUM-3007FO-3007S-3015A-3025S-3033A-3035A-9999A-9999C-9999CS-9999E,WA007,300997983,233258-1-1-104
33,2755.75,1,310726,1022512361,101,WA003,3005WGUM-3007DRYGUM-3007FO-3007S-3025S-3033A-3035A-9999A-9999C-9999CS-9999E,WA007,300998643,232130-1-8-120
33,2755.75,1,310726,1022512361,101,WA003,3005WGUM-3007DRYGUM-3007FO-3007S-3025S-3033A-3035A-9999A-9999C-9999CS-9999E,WA007,300998644,232130-1-8-120
33,2755.75,1,310726,1022512361,101,WA003,3005WGUM-3007DRYGUM-3007FO-3007S-3025S-3033A-3035A-9999A-9999C-9999CS-9999E,WA007,300998650,232130-1-8-120
33,2755.75,1,310726,1022512361,101,WA003,3005WGUM-3007DRYGUM-3007FO-3007S-3025S-3033A-3035A-9999A-9999C-9999CS-9999E,WA007,300998651,232130-1-8-120
33,2755.75,1,310726,1022512361,101,WA003,3005WGUM-3007DRYGUM-3007FO-3007S-3025S-3033A-3035A-9999A-9999C-9999CS-9999E,WA007,300998654,232130-1-8-120
33,2755.75,1,310726,1022512361,101,WA003,3005WGUM-3007DRYGUM-3007FO-3007S-3025S-3033A-3035A-9999A-9999C-9999CS-9999E,WA007,300998673,232130-1-8-120
33,2755.75,1,310726,1022512361,101,WA003,3005WGUM-3007DRYGUM-3007FO-3007S-3025S-3033A-3035A-9999A-9999C-9999CS-9999E,WA007,300998674,232130-1-8-120
34,2755.75,1,310724,1012512201,101,WA002,3040A-3045A-3053A-9999A,WA007,300995316,233472-1-1-111
34,2755.75,1,310724,1012512201,101,WA002,3040A-3045A-3053A-9999A,WA007,300995335,233472-1-1-111
34,2755.75,1,310724,1012512201,101,WA002,3040A-3045A-3053A-9999A,WA007,300995360,233472-1-1-111
34,2755.75,1,310724,1012512201,101,WA002,3040A-3045A-3053A-9999A,WA007,300995361,233472-1-1-111
34,2755.75,1,310724,1012512201,101,WA002,3040A-3045A-3053A-9999A,WA007,300995367,233472-1-1-111
34,2755.75,1,310724,1012512201,101,WA002,3040A-3045A-3053A-9999A,WA007,300995369,233472-1-1-111
34,2755.75,1,310724,1012512201,101,WA002,3040A-3045A-3053A-9999A,WA007,300995391,233472-1-1-111
34,2755.75,1,310724,1012512201,101,WA002,3040A-3045A-3053A-9999A,WA007,300995694,233472-1-1-111
34,2755.75,1,310724,1012512202,101,WA002,3040A-3045A-3053A-3055A-9999A-9999E,WA007,300995706,233232-1-1-101
34,2755.75,1,310724,1012512202,101,WA002,3040A-3045A-3053A-3055A-9999A-9999E,WA007,300995708,233232-1-1-101
34,2755.75,1,310724,1012512202,101,WA002,3040A-3045A-3053A-3055A-9999A-9999E,WA007,300995711,233232-1-1-101
34,2755.75,1,310724,1012512202,101,WA002,3040A-3045A-3053A-3055A-9999A-9999E,WA007,300995750,233232-1-1-101
34,2755.75,1,310724,1012512202,101,WA002,3040A-3045A-3053A-3055A-9999A-9999E,WA007,300995785,233232-1-1-101
34,2755.75,1,310724,1012512202,101,WA002,3040A-3045A-3053A-3055A-9999A-9999E,WA007,300995786,233232-1-1-101
34,2755.75,1,310724,1012512202,101,WA002,3040A-3045A-3053A-3055A-9999A-9999E,WA007,300995787,233232-1-1-101
34,2755.75,1,310724,1012512202,101,WA002,3040A-3045A-3053A-3055A-9999A-9999E,WA007,300995788,233232-1-1-101
34,2755.75,1,310724,1012512203,101,WA002,3040A-3045A-3053A-3055A-9999A-9999E,WA007,300995793,233232-1-1-101
34,2755.75,1,310724,1012512203,101,WA002,3040A-3045A-3053A-3055A-9999A-9999E,WA007,300995808,233232-1-1-101
34,2755.75,1,310724,1012512203,101,WA002,3040A-3045A-3053A-3055A-9999A-9999E,WA007,300995880,233232-1-1-101
34,2755.75,1,310724,1012512203,101,WA002,3040A-3045A-3053A-3055A-9999A-9999E,WA007,300995881,233232-1-1-101
34,2755.75,1,310724,1012512203,101,WA002,3040A-3045A-3053A-3055A-9999A-9999E,WA007,300995886,233232-1-1-101
34,2755.75,1,310724,1012512203,101,WA002,3040A-3045A-3053A-3055A-9999A-9999E,WA007,300995888,233232-1-1-101
34,2755.75,1,310724,1012512203,101,WA002,3040A-3045A-3053A-3055A-9999A-9999E,WA007,300995889,233232-1-1-101
34,2755.75,1,310724,1012512203,101,WA002,3040A-3045A-3053A-3055A-9999A-9999E,WA007,300995895,233232-1-1-101
34,2755.75,1,310724,1012512204,101,WA002,3040A-3045A-3053A-3055A-9999A-9999C-9999E,WA007,300995935,233232-1-1-101
34,2755.75,1,310724,1012512204,101,WA002,3040A-3045A-3053A-3055A-9999A-9999C-9999E,WA007,300995937,233232-1-1-101
34,2755.75,1,310724,1012512204,101,WA002,3040A-3045A-3053A-3055A-9999A-9999C-9999E,WA007,300995939,233232-1-1-101
34,2755.75,1,310724,1012512204,101,WA002,3040A-3045A-3053A-3055A-9999A-9999C-9999E,WA007,300995941,233232-1-1-101
34,2755.75,1,310724,1012512204,101,WA002,3040A-3045A-3053A-3055A-9999A-9999C-9999E,WA007,300995944,233232-1-1-101
34,2755.75,1,310724,1012512204,101,WA002,3040A-3045A-3053A-3055A-9999A-9999C-9999E,WA007,300995998,233232-1-1-101
34,2755.75,1,310724,1012512204,101,WA002,3040A-3045A-3053A-3055A-9999A-9999C-9999E,WA007,300995999,233232-1-1-101
34,2755.75,1,310724,1012512204,101,WA002,3040A-3045A-3053A-3055A-9999A-9999C-9999E,WA007,300996000,233232-1-1-101
34,2755.75,1,310724,1012512205,101,WA002,3040A-3043A-3045A-3053A-3055A-9999A-9999E,WA007,300996013,233232-1-1-101
34,2755.75,1,310724,1012512205,101,WA002,3040A-3043A-3045A-3053A-3055A-9999A-9999E,WA007,300996014,233232-1-1-101
34,2755.75,1,310724,1012512205,101,WA002,3040A-3043A-3045A-3053A-3055A-9999A-9999E,WA007,300996015,233232-1-1-101
34,2755.75,1,310724,1012512205,101,WA002,3040A-3043A-3045A-3053A-3055A-9999A-9999E,WA007,300996041,233232-1-1-101
34,2755.75,1,310724,1012512205,101,WA002,3040A-3043A-3045A-3053A-3055A-9999A-9999E,WA007,300996042,233232-1-1-101
34,2755.75,1,310724,1012512205,101,WA002,3040A-3043A-3045A-3053A-3055A-9999A-9999E,WA007,300996043,233232-1-1-101
34,2755.75,1,310724,1012512205,101,WA002,3040A-3043A-3045A-3053A-3055A-9999A-9999E,WA007,300996047,233232-1-1-101
34,2755.75,1,310724,1012512205,101,WA002,3040A-3043A-3045A-3053A-3055A-9999A-9999E,WA007,300996057,233232-1-1-101
34,2755.75,1,310724,1012512206,101,WA002,3040A-3045A-3053A-3055A-9999A-9999E,WA007,300996131,233232-1-1-101
34,2755.75,1,310724,1012512206,101,WA002,3040A-3045A-3053A-3055A-9999A-9999E,WA007,300996132,233232-1-1-101
34,2755.75,1,310724,1012512206,101,WA002,3040A-3045A-3053A-3055A-9999A-9999E,WA007,300996133,233232-1-1-101
34,2755.75,1,310724,1012512206,101,WA002,3040A-3045A-3053A-3055A-9999A-9999E,WA007,300996134,233232-1-1-101
34,2755.75,1,310724,1012512206,101,WA002,3040A-3045A-3053A-3055A-9999A-9999E,WA007,300996142,233232-1-1-101
34,2755.75,1,310724,1012512206,101,WA002,3040A-3045A-3053A-3055A-9999A-9999E,WA007,300996145,233232-1-1-101
34,2755.75,1,310724,1012512206,101,WA002,3040A-3045A-3053A-3055A-9999A-9999E,WA007,300996284,233232-1-1-101
34,2755.75,1,310724,1012512206,101,WA002,3040A-3045A-3053A-3055A-9999A-9999E,WA007,300996285,233232-1-1-101
34,2755.75,1,310724,1012512207,101,WA002,3040A-3043A-3045A-3053A-3055A-9999A-9999E,WA007,300996290,233232-1-1-101
34,2755.75,1,310724,1012512207,101,WA002,3040A-3043A-3045A-3053A-3055A-9999A-9999E,WA007,300996291,233232-1-1-101
34,2755.75,1,310724,1012512207,101,WA002,3040A-3043A-3045A-3053A-3055A-9999A-9999E,WA007,300996292,233232-1-1-101
34,2755.75,1,310724,1012512207,101,WA002,3040A-3043A-3045A-3053A-3055A-9999A-9999E,WA007,300996293,233232-1-1-101
34,2755.75,1,310724,1012512207,101,WA002,3040A-3043A-3045A-3053A-3055A-9999A-9999E,WA007,300996328,233232-1-1-101
34,2755.75,1,310724,1012512207,101,WA002,3040A-3043A-3045A-3053A-3055A-9999A-9999E,WA007,300996329,233232-1-1-101
34,2755.75,1,310724,1012512207,101,WA002,3040A-3043A-3045A-3053A-3055A-9999A-9999E,WA007,300996340,233232-1-1-101
34,2755.75,1,310724,1012512207,101,WA002,3040A-3043A-3045A-3053A-3055A-9999A-9999E,WA007,300996341,233232-1-1-101
34,2755.75,1,310724,1012512208,101,WA002,3040A-3043A-3045A-3053A-3055A-9999A-9999E,WA007,300996361,233232-1-1-101
34,2755.75,1,310724,1012512208,101,WA002,3040A-3043A-3045A-3053A-3055A-9999A-9999E,WA007,300996362,233232-1-1-101
34,2755.75,1,310724,1012512208,101,WA002,3040A-3043A-3045A-3053A-3055A-9999A-9999E,WA007,300996363,233232-1-1-101
34,2755.75,1,310724,1012512208,101,WA002,3040A-3043A-3045A-3053A-3055A-9999A-9999E,WA007,300996364,233232-1-1-101
34,2755.75,1,310724,1012512208,101,WA002,3040A-3043A-3045A-3053A-3055A-9999A-9999E,WA007,300996408,233232-1-1-101
34,2755.75,1,310724,1012512208,101,WA002,3040A-3043A-3045A-3053A-3055A-9999A-9999E,WA007,300996409,233232-1-1-101
34,2755.75,1,310724,1012512208,101,WA002,3040A-3043A-3045A-3053A-3055A-9999A-9999E,WA007,300996410,233232-1-1-101
34,2755.75,1,310724,1012512208,101,WA002,3040A-3043A-3045A-3053A-3055A-9999A-9999E,WA007,300996441,233232-1-1-101
34,2755.75,1,310724,1012512209,101,WA002,3040A-3043A-3045A-3053A-3055A-9999A-9999E,WA007,300996443,233232-1-1-101
34,2755.75,1,310724,1012512209,101,WA002,3040A-3043A-3045A-3053A-3055A-9999A-9999E,WA007,300996444,233232-1-1-101
34,2755.75,1,310724,1012512209,101,WA002,3040A-3043A-3045A-3053A-3055A-9999A-9999E,WA007,300996445,233232-1-1-101
34,2755.75,1,310724,1012512209,101,WA002,3040A-3043A-3045A-3053A-3055A-9999A-9999E,WA007,300996446,233232-1-1-101
34,2755.75,1,310724,1012512209,101,WA002,3040A-3043A-3045A-3053A-3055A-9999A-9999E,WA007,300996447,233232-1-1-101
34,2755.75,1,310724,1012512209,101,WA002,3040A-3043A-3045A-3053A-3055A-9999A-9999E,WA007,300996448,233232-1-1-101
34,2755.75,1,310724,1012512209,101,WA002,3040A-3043A-3045A-3053A-3055A-9999A-9999E,WA007,300996449,233232-1-1-101
34,2755.75,1,310724,1012512209,101,WA002,3040A-3043A-3045A-3053A-3055A-9999A-9999E,WA007,300996450,233232-1-1-101
34,2755.75,1,310724,1012512210,101,WA002,3040A-3045A-3053A-3055A-9999A-9999E,WA007,300996493,233232-1-1-101
34,2755.75,1,310724,1012512210,101,WA002,3040A-3045A-3053A-3055A-9999A-9999E,WA007,300996494,233232-1-1-101
34,2755.75,1,310724,1012512210,101,WA002,3040A-3045A-3053A-3055A-9999A-9999E,WA007,300996515,233232-1-1-101
35,2094.37,1,310015,1052512104,101,ID002,3117A-3123A-9999A-9999E,ID010,300993992,""
35,2755.75,1,310724,1012512101,101,WA002,3040A-3045A-3053A-9999A,WA007,300993763,233472-1-1-109
35,2755.75,1,310724,1012512101,101,WA002,3040A-3045A-3053A-9999A,WA007,300993764,233472-1-1-109
35,2755.75,1,310724,1012512101,101,WA002,3040A-3045A-3053A-9999A,WA007,300993765,233472-1-1-109
35,2755.75,1,310724,1012512101,101,WA002,3040A-3045A-3053A-9999A,WA007,300993766,233472-1-1-109
35,2755.75,1,310724,1012512101,101,WA002,3040A-3045A-3053A-9999A,WA007,300993767,233472-1-1-109
35,2755.75,1,310724,1012512101,101,WA002,3040A-3045A-3053A-9999A,WA007,300993768,233472-1-1-110
35,2755.75,1,310724,1012512101,101,WA002,3040A-3045A-3053A-9999A,WA007,300993769,233472-1-1-110
35,2755.75,1,310724,1012512101,101,WA002,3040A-3045A-3053A-9999A,WA007,300993848,233472-1-1-110
35,2755.75,1,310724,1012512108,101,WA002,3040A-3045A-3053A-9999A,WA007,300994367,233472-1-1-110
35,2755.75,1,310724,1012512108,101,WA002,3040A-3045A-3053A-9999A,WA007,300994368,233472-1-1-110
35,2755.75,1,310724,1012512108,101,WA002,3040A-3045A-3053A-9999A,WA007,300994415,233472-1-1-110
35,2755.75,1,310724,1012512108,101,WA002,3040A-3045A-3053A-9999A,WA007,300994416,233472-1-1-110
35,2755.75,1,310724,1012512108,101,WA002,3040A-3045A-3053A-9999A,WA007,300994418,233472-1-1-110
35,2755.75,1,310724,1012512108,101,WA002,3040A-3045A-3053A-9999A,WA007,300994468,233472-1-1-110
35,2755.75,1,310724,1012512108,101,WA002,3040A-3045A-3053A-9999A,WA007,300994469,233472-1-1-110
35,2755.75,1,310724,1012512108,101,WA002,3040A-3045A-3053A-9999A,WA007,300994470,233472-1-1-110
35,2755.75,1,310724,1012512109,101,WA002,3040A-3045A-3053A-9999A-9999E,WA007,300994490,233232-1-1-101
35,2755.75,1,310724,1012512109,101,WA002,3040A-3045A-3053A-9999A-9999E,WA007,300994506,233232-1-1-101
35,2755.75,1,310724,1012512109,101,WA002,3040A-3045A-3053A-9999A-9999E,WA007,300994507,233232-1-1-101
35,2755.75,1,310724,1012512109,101,WA002,3040A-3045A-3053A-9999A-9999E,WA007,300994509,233232-1-1-101
35,2755.75,1,310724,1012512109,101,WA002,3040A-3045A-3053A-9999A-9999E,WA007,300994510,233232-1-1-101
35,2755.75,1,310724,1012512110,101,WA002,3040A-3045A-3053A-9999A-9999E,WA007,300994511,233232-1-1-101
35,2755.75,1,310724,1012512110,101,WA002,3040A-3045A-3053A-9999A-9999E,WA007,300994533,233232-1-1-101
35,2755.75,1,310724,1012512110,101,WA002,3040A-3045A-3053A-9999A-9999E,WA007,300994534,233232-1-1-101
35,2755.75,1,310724,1012512110,101,WA002,3040A-3045A-3053A-9999A-9999E,WA007,300994535,233232-1-1-101
35,2755.75,1,310724,1012512110,101,WA002,3040A-3045A-3053A-9999A-9999E,WA007,300994576,233232-1-1-101
35,2755.75,1,310724,1012512110,101,WA002,3040A-3045A-3053A-9999A-9999E,WA007,300994577,233232-1-1-101
35,2755.75,1,310724,1012512110,101,WA002,3040A-3045A-3053A-9999A-9999E,WA007,300994578,233232-1-1-101
35,2755.75,1,310724,1012512110,101,WA002,3040A-3045A-3053A-9999A-9999E,WA007,300994583,233232-1-1-101
35,2755.75,1,310724,1012512111,101,WA002,3040A-3045A-3053A-9999A-9999E,WA007,300994586,233232-1-1-101
35,2755.75,1,310724,1012512111,101,WA002,3040A-3045A-3053A-9999A-9999E,WA007,300994587,233232-1-1-101
35,2755.75,1,310724,1012512111,101,WA002,3040A-3045A-3053A-9999A-9999E,WA007,300994615,233232-1-1-101
35,2755.75,1,310724,1012512111,101,WA002,3040A-3045A-3053A-9999A-9999E,WA007,300994616,233232-1-1-101
35,2755.75,1,310724,1012512111,101,WA002,3040A-3045A-3053A-9999A-9999E,WA007,300994821,233232-1-1-101
35,2755.75,1,310724,1012512111,101,WA002,3040A-3045A-3053A-9999A-9999E,WA007,300994822,233232-1-1-101
35,2755.75,1,310724,1012512111,101,WA002,3040A-3045A-3053A-9999A-9999E,WA007,300994823,233232-1-1-101
35,2755.75,1,310724,1012512114,101,WA002,3040A-3045A-3053A-3055A-9999A-9999E,WA007,300995057,233232-1-1-101
35,2755.75,1,310724,1012512114,101,WA002,3040A-3045A-3053A-3055A-9999A-9999E,WA007,300995059,233232-1-1-101
35,2755.75,1,310724,1012512114,101,WA002,3040A-3045A-3053A-3055A-9999A-9999E,WA007,300995060,233232-1-1-101
35,2755.75,1,310724,1012512114,101,WA002,3040A-3045A-3053A-3055A-9999A-9999E,WA007,300995061,233232-1-1-101
35,2755.75,1,310724,1012512114,101,WA002,3040A-3045A-3053A-3055A-9999A-9999E,WA007,300995062,233232-1-1-101
35,2755.75,1,310724,1012512115,101,WA002,3040A-3045A-3053A-3055A-9999A-9999E,WA007,300995067,233232-1-1-101
35,2755.75,1,310724,1012512115,101,WA002,3040A-3045A-3053A-3055A-9999A-9999E,WA007,300995068,233232-1-1-101
35,2755.75,1,310724,1012512115,101,WA002,3040A-3045A-3053A-3055A-9999A-9999E,WA007,300995069,233232-1-1-101
35,2755.75,1,310724,1012512115,101,WA002,3040A-3045A-3053A-3055A-9999A-9999E,WA007,300995070,233232-1-1-101
35,2755.75,1,310724,1012512115,101,WA002,3040A-3045A-3053A-3055A-9999A-9999E,WA007,300995113,233232-1-1-101
35,2755.75,1,310724,1012512115,101,WA002,3040A-3045A-3053A-3055A-9999A-9999E,WA007,300995114,233232-1-1-101
35,2755.75,1,310724,1012512115,101,WA002,3040A-3045A-3053A-3055A-9999A-9999E,WA007,300995115,233232-1-1-101
35,2755.75,1,310724,1012512115,101,WA002,3040A-3045A-3053A-3055A-9999A-9999E,WA007,300995132,233232-1-1-101
35,2755.75,1,310724,1012512116,101,WA002,3040A-3045A-3053A-9999A,WA007,300995133,233472-1-1-110
35,2755.75,1,310724,1012512116,101,WA002,3040A-3045A-3053A-9999A,WA007,300995134,233472-1-1-110
35,2755.75,1,310724,1012512116,101,WA002,3040A-3045A-3053A-9999A,WA007,300995135,233472-1-1-110
35,2755.75,1,310724,1012512116,101,WA002,3040A-3045A-3053A-9999A,WA007,300995136,233472-1-1-110
35,2755.75,1,310724,1012512116,101,WA002,3040A-3045A-3053A-9999A,WA007,300995238,233472-1-1-110
35,2755.75,1,310724,1012512116,101,WA002,3040A-3045A-3053A-9999A,WA007,300995239,233472-1-1-110
35,2755.75,1,310724,1012512116,101,WA002,3040A-3045A-3053A-9999A,WA007,300995240,233472-1-1-110
35,2755.75,1,310724,1012512116,101,WA002,3040A-3045A-3053A-9999A,WA007,300995241,233472-1-1-111
35,2755.75,1,310726,1022512152,101,WA003,3005WGUM-3007DRYGUM-3007FO-3007S-3025S-3033A-3035A-9999A-9999C-9999CS-9999E,WA007,300995244,233241-1-1-102
35,2755.75,1,310726,1022512152,101,WA003,3005WGUM-3007DRYGUM-3007FO-3007S-3025S-3033A-3035A-9999A-9999C-9999CS-9999E,WA007,300995245,233241-1-1-102
35,2755.75,1,310726,1022512152,101,WA003,3005WGUM-3007DRYGUM-3007FO-3007S-3025S-3033A-3035A-9999A-9999C-9999CS-9999E,WA007,300995246,233241-1-1-102
35,2755.75,1,310726,1022512152,101,WA003,3005WGUM-3007DRYGUM-3007FO-3007S-3025S-3033A-3035A-9999A-9999C-9999CS-9999E,WA007,300995263,233241-1-1-102
35,2755.75,1,310726,1022512152,101,WA003,3005WGUM-3007DRYGUM-3007FO-3007S-3025S-3033A-3035A-9999A-9999C-9999CS-9999E,WA007,300995392,233241-1-1-102
35,2755.75,1,310726,1022512152,101,WA003,3005WGUM-3007DRYGUM-3007FO-3007S-3025S-3033A-3035A-9999A-9999C-9999CS-9999E,WA007,300995394,233241-1-1-102
35,2755.75,1,310726,1022512152,101,WA003,3005WGUM-3007DRYGUM-3007FO-3007S-3025S-3033A-3035A-9999A-9999C-9999CS-9999E,WA007,300995395,233241-1-1-102
35,2755.75,1,310726,1022512152,101,WA003,3005WGUM-3007DRYGUM-3007FO-3007S-3025S-3033A-3035A-9999A-9999C-9999CS-9999E,WA007,300995396,233241-1-1-102
35,2755.75,1,310726,1022512153,101,WA003,3005WGUM-3007DRYGUM-3007FO-3007S-3025S-3033A-3035A-9999A-9999C-9999CS-9999E,WA007,300995404,233241-1-1-102
35,2755.75,1,310726,1022512153,101,WA003,3005WGUM-3007DRYGUM-3007FO-3007S-3025S-3033A-3035A-9999A-9999C-9999CS-9999E,WA007,300995443,233241-1-1-102
35,2755.75,1,310726,1022512153,101,WA003,3005WGUM-3007DRYGUM-3007FO-3007S-3025S-3033A-3035A-9999A-9999C-9999CS-9999E,WA007,300995444,233241-1-1-102
35,2755.75,1,310726,1022512153,101,WA003,3005WGUM-3007DRYGUM-3007FO-3007S-3025S-3033A-3035A-9999A-9999C-9999CS-9999E,WA007,300995445,233241-1-1-102
35,2755.75,1,310726,1022512153,101,WA003,3005WGUM-3007DRYGUM-3007FO-3007S-3025S-3033A-3035A-9999A-9999C-9999CS-9999E,WA007,300995446,233241-1-1-102
35,2755.75,1,310726,1022512153,101,WA003,3005WGUM-3007DRYGUM-3007FO-3007S-3025S-3033A-3035A-9999A-9999C-9999CS-9999E,WA007,300995467,233241-1-1-102
35,2755.75,1,310726,1022512153,101,WA003,3005WGUM-3007DRYGUM-3007FO-3007S-3025S-3033A-3035A-9999A-9999C-9999CS-9999E,WA007,300995468,233241-1-1-102
35,2755.75,1,310726,1022512153,101,WA003,3005WGUM-3007DRYGUM-3007FO-3007S-3025S-3033A-3035A-9999A-9999C-9999CS-9999E,WA007,300995469,233241-1-1-102
35,2755.75,1,310726,1022512154,101,WA003,3005WGUM-3007DRYGUM-3007FO-3007S-3025S-3033A-3035A-9999A-9999C-9999CS-9999E,WA007,300995521,233241-1-1-102
35,2755.75,1,310726,1022512154,101,WA003,3005WGUM-3007DRYGUM-3007FO-3007S-3025S-3033A-3035A-9999A-9999C-9999CS-9999E,WA007,300995523,233241-1-1-102
35,2755.75,1,310726,1022512154,101,WA003,3005WGUM-3007DRYGUM-3007FO-3007S-3025S-3033A-3035A-9999A-9999C-9999CS-9999E,WA007,300995524,233241-1-1-102
35,2755.75,1,310726,1022512154,101,WA003,3005WGUM-3007DRYGUM-3007FO-3007S-3025S-3033A-3035A-9999A-9999C-9999CS-9999E,WA007,300995525,233241-1-1-102
35,2755.75,1,310726,1022512154,101,WA003,3005WGUM-3007DRYGUM-3007FO-3007S-3025S-3033A-3035A-9999A-9999C-9999CS-9999E,WA007,300995530,233241-1-1-102
35,2755.75,1,310726,1022512154,101,WA003,3005WGUM-3007DRYGUM-3007FO-3007S-3025S-3033A-3035A-9999A-9999C-9999CS-9999E,WA007,300995583,233258-1-1-104
35,2755.75,1,310726,1022512154,101,WA003,3005WGUM-3007DRYGUM-3007FO-3007S-3025S-3033A-3035A-9999A-9999C-9999CS-9999E,WA007,300995584,233258-1-1-104
35,2755.75,1,310726,1022512154,101,WA003,3005WGUM-3007DRYGUM-3007FO-3007S-3025S-3033A-3035A-9999A-9999C-9999CS-9999E,WA007,300995585,233258-1-1-104
35,2755.75,1,310726,1022512155,101,WA003,3005WGUM-3007DRYGUM-3007FO-3007S-3025S-3033A-3035A-9999A-9999C-9999CS-9999E,WA007,300995592,233258-1-1-104
35,2755.75,1,310726,1022512155,101,WA003,3005WGUM-3007DRYGUM-3007FO-3007S-3025S-3033A-3035A-9999A-9999C-9999CS-9999E,WA007,300995593,233258-1-1-104
35,2755.75,1,310726,1022512155,101,WA003,3005WGUM-3007DRYGUM-3007FO-3007S-3025S-3033A-3035A-9999A-9999C-9999CS-9999E,WA007,300995682,233258-1-1-104
35,2755.75,1,310726,1022512155,101,WA003,3005WGUM-3007DRYGUM-3007FO-3007S-3025S-3033A-3035A-9999A-9999C-9999CS-9999E,WA007,300995689,233258-1-1-104
35,2755.75,1,310726,1022512155,101,WA003,3005WGUM-3007DRYGUM-3007FO-3007S-3025S-3033A-3035A-9999A-9999C-9999CS-9999E,WA007,300995690,233258-1-1-104
35,2755.75,1,310726,1022512155,101,WA003,3005WGUM-3007DRYGUM-3007FO-3007S-3025S-3033A-3035A-9999A-9999C-9999CS-9999E,WA007,300995691,233258-1-1-104
35,2755.75,1,310726,1022512155,101,WA003,3005WGUM-3007DRYGUM-3007FO-3007S-3025S-3033A-3035A-9999A-9999C-9999CS-9999E,WA007,300995692,233258-1-1-104
35,2755.75,1,310726,1022512155,101,WA003,3005WGUM-3007DRYGUM-3007FO-3007S-3025S-3033A-3035A-9999A-9999C-9999CS-9999E,WA007,300995693,233258-1-1-104
35,2755.75,1,310726,1022512156,101,WA003,3005WGUM-3007DRYGUM-3007FO-3007S-3025S-3033A-3035A-9999A-9999C-9999CS-9999E,WA007,300995712,233258-1-1-104
35,2755.75,1,310726,1022512156,101,WA003,3005WGUM-3007DRYGUM-3007FO-3007S-3025S-3033A-3035A-9999A-9999C-9999CS-9999E,WA007,300995714,233258-1-1-104
35,2755.75,1,310726,1022512156,101,WA003,3005WGUM-3007DRYGUM-3007FO-3007S-3025S-3033A-3035A-9999A-9999C-9999CS-9999E,WA007,300995795,233258-1-1-104
35,2755.75,1,310726,1022512156,101,WA003,3005WGUM-3007DRYGUM-3007FO-3007S-3025S-3033A-3035A-9999A-9999C-9999CS-9999E,WA007,300995796,233258-1-1-104
35,2755.75,1,310726,1022512156,101,WA003,3005WGUM-3007DRYGUM-3007FO-3007S-3025S-3033A-3035A-9999A-9999C-9999CS-9999E,WA007,300995797,233258-1-1-104
35,2755.75,1,310726,1022512156,101,WA003,3005WGUM-3007DRYGUM-3007FO-3007S-3025S-3033A-3035A-9999A-9999C-9999CS-9999E,WA007,300995798,233258-1-1-104
35,2755.75,1,310726,1022512156,101,WA003,3005WGUM-3007DRYGUM-3007FO-3007S-3025S-3033A-3035A-9999A-9999C-9999CS-9999E,WA007,300995799,233258-1-1-104
35,2755.75,1,310726,1022512156,101,WA003,3005WGUM-3007DRYGUM-3007FO-3007S-3025S-3033A-3035A-9999A-9999C-9999CS-9999E,WA007,300995800,233258-1-1-104
35,2755.75,1,310726,1022512157,101,WA003,3005WGUM-3007DRYGUM-3007FO-3007S-3025S-3033A-3035A-9999A-9999C-9999CS-9999E,WA007,300995801,233258-1-1-104
36,2755.75,1,310724,1012512001,101,WA002,3040A-3045A-3053A-9999A,WA007,300992321,233472-1-1-107
36,2755.75,1,310724,1012512001,101,WA002,3040A-3045A-3053A-9999A,WA007,300992322,233472-1-1-108
36,2755.75,1,310724,1012512001,101,WA002,3040A-3045A-3053A-9999A,WA007,300992323,233472-1-1-108
36,2755.75,1,310724,1012512001,101,WA002,3040A-3045A-3053A-9999A,WA007,300992420,233472-1-1-108
36,2755.75,1,310724,1012512001,101,WA002,3040A-3045A-3053A-9999A,WA007,300992421,233472-1-1-108
36,2755.75,1,310724,1012512001,101,WA002,3040A-3045A-3053A-9999A,WA007,300992422,233472-1-1-108
36,2755.75,1,310724,1012512001,101,WA002,3040A-3045A-3053A-9999A,WA007,300992423,233472-1-1-108
36,2755.75,1,310724,1012512001,101,WA002,3040A-3045A-3053A-9999A,WA007,300992431,233472-1-1-108
36,2755.75,1,310724,1012512002,101,WA002,3040A-3045A-3053A-9999A,WA007,300992432,233472-1-1-108
36,2755.75,1,310724,1012512002,101,WA002,3040A-3045A-3053A-9999A,WA007,300992433,233472-1-1-108
36,2755.75,1,310724,1012512002,101,WA002,3040A-3045A-3053A-9999A,WA007,300992460,233472-1-1-108
36,2755.75,1,310724,1012512002,101,WA002,3040A-3045A-3053A-9999A,WA007,300992461,233472-1-1-108
36,2755.75,1,310724,1012512002,101,WA002,3040A-3045A-3053A-9999A,WA007,300992462,233472-1-1-108
36,2755.75,1,310724,1012512002,101,WA002,3040A-3045A-3053A-9999A,WA007,300992590,233472-1-1-108
36,2755.75,1,310724,1012512002,101,WA002,3040A-3045A-3053A-9999A,WA007,300992662,233472-1-1-108
36,2755.75,1,310724,1012512002,101,WA002,3040A-3045A-3053A-9999A,WA007,300992664,233472-1-1-108
36,2755.75,1,310724,1012512003,101,WA002,3040A-3045A-3053A-3055A-9999A,WA007,300992666,233472-1-1-108
36,2755.75,1,310724,1012512003,101,WA002,3040A-3045A-3053A-3055A-9999A,WA007,300992667,233472-1-1-108
36,2755.75,1,310724,1012512003,101,WA002,3040A-3045A-3053A-3055A-9999A,WA007,300992669,233472-1-1-108
36,2755.75,1,310724,1012512003,101,WA002,3040A-3045A-3053A-3055A-9999A,WA007,300992671,233472-1-1-109
36,2755.75,1,310724,1012512003,101,WA002,3040A-3045A-3053A-3055A-9999A,WA007,300992672,233472-1-1-109
36,2755.75,1,310724,1012512003,101,WA002,3040A-3045A-3053A-3055A-9999A,WA007,300992726,233472-1-1-109
36,2755.75,1,310724,1012512003,101,WA002,3040A-3045A-3053A-3055A-9999A,WA007,300992729,233472-1-1-109
36,2755.75,1,310724,1012512003,101,WA002,3040A-3045A-3053A-3055A-9999A,WA007,300992748,233472-1-1-109
36,2755.75,1,310724,1012512004,101,WA002,3040A-3045A-3053A-9999A,WA007,300992756,233472-1-1-109
36,2755.75,1,310724,1012512004,101,WA002,3040A-3045A-3053A-9999A,WA007,300992759,233472-1-1-109
36,2755.75,1,310724,1012512004,101,WA002,3040A-3045A-3053A-9999A,WA007,300992824,233472-1-1-109
36,2755.75,1,310724,1012512004,101,WA002,3040A-3045A-3053A-9999A,WA007,300992826,233472-1-1-109
36,2755.75,1,310724,1012512004,101,WA002,3040A-3045A-3053A-9999A,WA007,300992827,233472-1-1-109
36,2755.75,1,310724,1012512004,101,WA002,3040A-3045A-3053A-9999A,WA007,300992828,233472-1-1-109
36,2755.75,1,310724,1012512004,101,WA002,3040A-3045A-3053A-9999A,WA007,300992829,233472-1-1-109
36,2755.75,1,310724,1012512004,101,WA002,3040A-3045A-3053A-9999A,WA007,300992830,233472-1-1-109
36,2755.75,1,310726,1022512052,101,WA003,3002A-3005WGUM-3007DRYGUM-3007FO-3007S-3015A-3025S-3033A-3035A-9999A-9999C-9999CS-9999E,WA007,300993718,232128-1-7-128
36,2755.75,1,310726,1022512052,101,WA003,3002A-3005WGUM-3007DRYGUM-3007FO-3007S-3015A-3025S-3033A-3035A-9999A-9999C-9999CS-9999E,WA007,300993720,232128-1-7-128
36,2755.75,1,310726,1022512052,101,WA003,3002A-3005WGUM-3007DRYGUM-3007FO-3007S-3015A-3025S-3033A-3035A-9999A-9999C-9999CS-9999E,WA007,300993721,232128-1-7-128
36,2755.75,1,310726,1022512052,101,WA003,3002A-3005WGUM-3007DRYGUM-3007FO-3007S-3015A-3025S-3033A-3035A-9999A-9999C-9999CS-9999E,WA007,300993722,232128-1-7-128
36,2755.75,1,310726,1022512052,101,WA003,3002A-3005WGUM-3007DRYGUM-3007FO-3007S-3015A-3025S-3033A-3035A-9999A-9999C-9999CS-9999E,WA007,300993725,232128-1-7-128
36,2755.75,1,310726,1022512052,101,WA003,3002A-3005WGUM-3007DRYGUM-3007FO-3007S-3015A-3025S-3033A-3035A-9999A-9999C-9999CS-9999E,WA007,300993726,232128-1-7-128
36,2755.75,1,310726,1022512052,101,WA003,3002A-3005WGUM-3007DRYGUM-3007FO-3007S-3015A-3025S-3033A-3035A-9999A-9999C-9999CS-9999E,WA007,300993748,232128-1-7-128
36,2755.75,1,310726,1022512052,101,WA003,3002A-3005WGUM-3007DRYGUM-3007FO-3007S-3015A-3025S-3033A-3035A-9999A-9999C-9999CS-9999E,WA007,300993749,232128-1-7-128
36,2755.75,1,310726,1022512053,101,WA003,3002A-3005WGUM-3007DRYGUM-3007FO-3007S-3015A-3025S-3033A-3035A-9999A-9999C-9999CS-9999E,WA007,300993750,232128-1-7-128
36,2755.75,1,310726,1022512053,101,WA003,3002A-3005WGUM-3007DRYGUM-3007FO-3007S-3015A-3025S-3033A-3035A-9999A-9999C-9999CS-9999E,WA007,300993829,232128-1-7-128
36,2755.75,1,310726,1022512053,101,WA003,3002A-3005WGUM-3007DRYGUM-3007FO-3007S-3015A-3025S-3033A-3035A-9999A-9999C-9999CS-9999E,WA007,300993830,232128-1-7-128
36,2755.75,1,310726,1022512053,101,WA003,3002A-3005WGUM-3007DRYGUM-3007FO-3007S-3015A-3025S-3033A-3035A-9999A-9999C-9999CS-9999E,WA007,300993841,232128-1-7-128
36,2755.75,1,310726,1022512053,101,WA003,3002A-3005WGUM-3007DRYGUM-3007FO-3007S-3015A-3025S-3033A-3035A-9999A-9999C-9999CS-9999E,WA007,300993842,232128-1-7-128
36,2755.75,1,310726,1022512053,101,WA003,3002A-3005WGUM-3007DRYGUM-3007FO-3007S-3015A-3025S-3033A-3035A-9999A-9999C-9999CS-9999E,WA007,300993867,232128-1-7-128
36,2755.75,1,310726,1022512053,101,WA003,3002A-3005WGUM-3007DRYGUM-3007FO-3007S-3015A-3025S-3033A-3035A-9999A-9999C-9999CS-9999E,WA007,300993901,232128-1-7-128
36,2755.75,1,310726,1022512053,101,WA003,3002A-3005WGUM-3007DRYGUM-3007FO-3007S-3015A-3025S-3033A-3035A-9999A-9999C-9999CS-9999E,WA007,300993902,232128-1-7-128
36,2755.75,1,310726,1022512054,101,WA003,3002A-3005WGUM-3007DRYGUM-3007S-3015A-3025S-3033A-3035A-9999A-9999C-9999CS-9999E,WA007,300993903,232128-1-7-128
36,2755.75,1,310726,1022512054,101,WA003,3002A-3005WGUM-3007DRYGUM-3007S-3015A-3025S-3033A-3035A-9999A-9999C-9999CS-9999E,WA007,300993904,233241-1-1-102
36,2755.75,1,310726,1022512054,101,WA003,3002A-3005WGUM-3007DRYGUM-3007S-3015A-3025S-3033A-3035A-9999A-9999C-9999CS-9999E,WA007,300993905,233241-1-1-102
36,2755.75,1,310726,1022512054,101,WA003,3002A-3005WGUM-3007DRYGUM-3007S-3015A-3025S-3033A-3035A-9999A-9999C-9999CS-9999E,WA007,300993933,233241-1-1-102
36,2755.75,1,310726,1022512054,101,WA003,3002A-3005WGUM-3007DRYGUM-3007S-3015A-3025S-3033A-3035A-9999A-9999C-9999CS-9999E,WA007,300993934,233241-1-1-102
36,2755.75,1,310726,1022512054,101,WA003,3002A-3005WGUM-3007DRYGUM-3007S-3015A-3025S-3033A-3035A-9999A-9999C-9999CS-9999E,WA007,300993935,233241-1-1-102
36,2755.75,1,310726,1022512054,101,WA003,3002A-3005WGUM-3007DRYGUM-3007S-3015A-3025S-3033A-3035A-9999A-9999C-9999CS-9999E,WA007,300993980,233241-1-1-102
36,2755.75,1,310726,1022512054,101,WA003,3002A-3005WGUM-3007DRYGUM-3007S-3015A-3025S-3033A-3035A-9999A-9999C-9999CS-9999E,WA007,300993981,233241-1-1-102
36,2755.75,1,310726,1022512055,101,WA003,3002A-3005WGUM-3007DRYGUM-3007FO-3007S-3015A-3025S-3033A-3035A-9999A-9999C-9999CS-9999E,WA007,300993982,233241-1-1-102
36,2755.75,1,310726,1022512055,101,WA003,3002A-3005WGUM-3007DRYGUM-3007FO-3007S-3015A-3025S-3033A-3035A-9999A-9999C-9999CS-9999E,WA007,300993983,233241-1-1-102
36,2755.75,1,310726,1022512055,101,WA003,3002A-3005WGUM-3007DRYGUM-3007FO-3007S-3015A-3025S-3033A-3035A-9999A-9999C-9999CS-9999E,WA007,300993985,233241-1-1-102
36,2755.75,1,310726,1022512055,101,WA003,3002A-3005WGUM-3007DRYGUM-3007FO-3007S-3015A-3025S-3033A-3035A-9999A-9999C-9999CS-9999E,WA007,300993986,233241-1-1-102
36,2755.75,1,310726,1022512055,101,WA003,3002A-3005WGUM-3007DRYGUM-3007FO-3007S-3015A-3025S-3033A-3035A-9999A-9999C-9999CS-9999E,WA007,300993987,233241-1-1-102
36,2755.75,1,310726,1022512055,101,WA003,3002A-3005WGUM-3007DRYGUM-3007FO-3007S-3015A-3025S-3033A-3035A-9999A-9999C-9999CS-9999E,WA007,300994158,233241-1-1-102
36,2755.75,1,310726,1022512055,101,WA003,3002A-3005WGUM-3007DRYGUM-3007FO-3007S-3015A-3025S-3033A-3035A-9999A-9999C-9999CS-9999E,WA007,300994159,233241-1-1-102
36,2755.75,1,310726,1022512055,101,WA003,3002A-3005WGUM-3007DRYGUM-3007FO-3007S-3015A-3025S-3033A-3035A-9999A-9999C-9999CS-9999E,WA007,300994161,233241-1-1-102
36,2755.75,1,310726,1022512056,101,WA003,3002A-3005WGUM-3007DRYGUM-3007FO-3007S-3015A-3025S-3033A-3035A-9999A-9999C-9999CS-9999E,WA007,300994165,233241-1-1-102
36,2755.75,1,310726,1022512056,101,WA003,3002A-3005WGUM-3007DRYGUM-3007FO-3007S-3015A-3025S-3033A-3035A-9999A-9999C-9999CS-9999E,WA007,300994166,233241-1-1-102
36,2755.75,1,310726,1022512056,101,WA003,3002A-3005WGUM-3007DRYGUM-3007FO-3007S-3015A-3025S-3033A-3035A-9999A-9999C-9999CS-9999E,WA007,300994167,233241-1-1-102
36,2755.75,1,310726,1022512056,101,WA003,3002A-3005WGUM-3007DRYGUM-3007FO-3007S-3015A-3025S-3033A-3035A-9999A-9999C-9999CS-9999E,WA007,300994168,233241-1-1-102
36,2755.75,1,310726,1022512056,101,WA003,3002A-3005WGUM-3007DRYGUM-3007FO-3007S-3015A-3025S-3033A-3035A-9999A-9999C-9999CS-9999E,WA007,300994193,233241-1-1-102
36,2755.75,1,310726,1022512056,101,WA003,3002A-3005WGUM-3007DRYGUM-3007FO-3007S-3015A-3025S-3033A-3035A-9999A-9999C-9999CS-9999E,WA007,300994194,233241-1-1-102
36,2755.75,1,310726,1022512056,101,WA003,3002A-3005WGUM-3007DRYGUM-3007FO-3007S-3015A-3025S-3033A-3035A-9999A-9999C-9999CS-9999E,WA007,300994195,233241-1-1-102
36,2755.75,1,310726,1022512056,101,WA003,3002A-3005WGUM-3007DRYGUM-3007FO-3007S-3015A-3025S-3033A-3035A-9999A-9999C-9999CS-9999E,WA007,300994196,233241-1-1-102
36,2755.75,1,310726,1022512057,101,WA003,3002A-3005WGUM-3007DRYGUM-3007FO-3007S-3015A-3025S-3033A-3035A-9999A-9999C-9999CS-9999E,WA007,300994220,233241-1-1-102
36,2755.75,1,310726,1022512057,101,WA003,3002A-3005WGUM-3007DRYGUM-3007FO-3007S-3015A-3025S-3033A-3035A-9999A-9999C-9999CS-9999E,WA007,300994221,233241-1-1-102
36,2755.75,1,310726,1022512057,101,WA003,3002A-3005WGUM-3007DRYGUM-3007FO-3007S-3015A-3025S-3033A-3035A-9999A-9999C-9999CS-9999E,WA007,300994222,233241-1-1-102
36,2755.75,1,310726,1022512057,101,WA003,3002A-3005WGUM-3007DRYGUM-3007FO-3007S-3015A-3025S-3033A-3035A-9999A-9999C-9999CS-9999E,WA007,300994223,233241-1-1-102
36,2755.75,1,310726,1022512057,101,WA003,3002A-3005WGUM-3007DRYGUM-3007FO-3007S-3015A-3025S-3033A-3035A-9999A-9999C-9999CS-9999E,WA007,300994224,233241-1-1-102
36,2755.75,1,310726,1022512057,101,WA003,3002A-3005WGUM-3007DRYGUM-3007FO-3007S-3015A-3025S-3033A-3035A-9999A-9999C-9999CS-9999E,WA007,300994225,233241-1-1-102
36,2755.75,1,310726,1022512057,101,WA003,3002A-3005WGUM-3007DRYGUM-3007FO-3007S-3015A-3025S-3033A-3035A-9999A-9999C-9999CS-9999E,WA007,300994234,233241-1-1-102
36,2755.75,1,310726,1022512057,101,WA003,3002A-3005WGUM-3007DRYGUM-3007FO-3007S-3015A-3025S-3033A-3035A-9999A-9999C-9999CS-9999E,WA007,300994235,233241-1-1-102
36,2755.75,1,310726,1022512058,101,WA003,3002A-3005WGUM-3007DRYGUM-3007FO-3007S-3015A-3025S-3033A-3035A-9999A-9999C-9999CS-9999E,WA007,300994296,233241-1-1-102
36,2755.75,1,310726,1022512058,101,WA003,3002A-3005WGUM-3007DRYGUM-3007FO-3007S-3015A-3025S-3033A-3035A-9999A-9999C-9999CS-9999E,WA007,300994297,233241-1-1-102
36,2755.75,1,310726,1022512058,101,WA003,3002A-3005WGUM-3007DRYGUM-3007FO-3007S-3015A-3025S-3033A-3035A-9999A-9999C-9999CS-9999E,WA007,300994298,233241-1-1-102
36,2755.75,1,310726,1022512058,101,WA003,3002A-3005WGUM-3007DRYGUM-3007FO-3007S-3015A-3025S-3033A-3035A-9999A-9999C-9999CS-9999E,WA007,300994299,233241-1-1-102
36,2755.75,1,310726,1022512058,101,WA003,3002A-3005WGUM-3007DRYGUM-3007FO-3007S-3015A-3025S-3033A-3035A-9999A-9999C-9999CS-9999E,WA007,300994300,233241-1-1-102
36,2755.75,1,310726,1022512058,101,WA003,3002A-3005WGUM-3007DRYGUM-3007FO-3007S-3015A-3025S-3033A-3035A-9999A-9999C-9999CS-9999E,WA007,300994369,233241-1-1-102
36,2755.75,1,310726,1022512058,101,WA003,3002A-3005WGUM-3007DRYGUM-3007FO-3007S-3015A-3025S-3033A-3035A-9999A-9999C-9999CS-9999E,WA007,300994370,233241-1-1-102
36,2755.75,1,310726,1022512058,101,WA003,3002A-3005WGUM-3007DRYGUM-3007FO-3007S-3015A-3025S-3033A-3035A-9999A-9999C-9999CS-9999E,WA007,300994371,233241-1-1-102
36,2755.75,1,310726,1022512059,101,WA003,3002A-3005WGUM-3007DRYGUM-3007FO-3007S-3015A-3025S-3033A-3035A-9999A-9999C-9999CS-9999E,WA007,300994400,233241-1-1-102
36,2755.75,1,310726,1022512059,101,WA003,3002A-3005WGUM-3007DRYGUM-3007FO-3007S-3015A-3025S-3033A-3035A-9999A-9999C-9999CS-9999E,WA007,300994401,233241-1-1-102
36,2755.75,1,310726,1022512059,101,WA003,3002A-3005WGUM-3007DRYGUM-3007FO-3007S-3015A-3025S-3033A-3035A-9999A-9999C-9999CS-9999E,WA007,300994402,233241-1-1-102
36,2755.75,1,310726,1022512059,101,WA003,3002A-3005WGUM-3007DRYGUM-3007FO-3007S-3015A-3025S-3033A-3035A-9999A-9999C-9999CS-9999E,WA007,300994447,233241-1-1-102
36,2755.75,1,310726,1022512059,101,WA003,3002A-3005WGUM-3007DRYGUM-3007FO-3007S-3015A-3025S-3033A-3035A-9999A-9999C-9999CS-9999E,WA007,300994448,233241-1-1-102
36,2755.75,1,310726,1022512059,101,WA003,3002A-3005WGUM-3007DRYGUM-3007FO-3007S-3015A-3025S-3033A-3035A-9999A-9999C-9999CS-9999E,WA007,300994449,233241-1-1-102
36,2755.75,1,310726,1022512059,101,WA003,3002A-3005WGUM-3007DRYGUM-3007FO-3007S-3015A-3025S-3033A-3035A-9999A-9999C-9999CS-9999E,WA007,300994450,233241-1-1-102
36,2755.75,1,310726,1022512059,101,WA003,3002A-3005WGUM-3007DRYGUM-3007FO-3007S-3015A-3025S-3033A-3035A-9999A-9999C-9999CS-9999E,WA007,300994451,233241-1-1-102
36,2755.75,1,310726,1022512060,101,WA003,3002A-3005WGUM-3007DRYGUM-3007FO-3007S-3015A-3025S-3033A-3035A-9999A-9999C-9999CS-9999E,WA007,300994486,233241-1-1-102
36,2755.75,1,310726,1022512060,101,WA003,3002A-3005WGUM-3007DRYGUM-3007FO-3007S-3015A-3025S-3033A-3035A-9999A-9999C-9999CS-9999E,WA007,300994487,233241-1-1-102
36,2755.75,1,310726,1022512060,101,WA003,3002A-3005WGUM-3007DRYGUM-3007FO-3007S-3015A-3025S-3033A-3035A-9999A-9999C-9999CS-9999E,WA007,300994488,233241-1-1-102
36,2755.75,1,310726,1022512060,101,WA003,3002A-3005WGUM-3007DRYGUM-3007FO-3007S-3015A-3025S-3033A-3035A-9999A-9999C-9999CS-9999E,WA007,300994489,233241-1-1-102
36,2755.75,1,310726,1022512060,101,WA003,3002A-3005WGUM-3007DRYGUM-3007FO-3007S-3015A-3025S-3033A-3035A-9999A-9999C-9999CS-9999E,WA007,300994491,233241-1-1-102
36,2755.75,1,310726,1022512060,101,WA003,3002A-3005WGUM-3007DRYGUM-3007FO-3007S-3015A-3025S-3033A-3035A-9999A-9999C-9999CS-9999E,WA007,300994492,233241-1-1-102
36,2755.75,1,310726,1022512060,101,WA003,3002A-3005WGUM-3007DRYGUM-3007FO-3007S-3015A-3025S-3033A-3035A-9999A-9999C-9999CS-9999E,WA007,300994494,233241-1-1-102
36,2755.75,1,310726,1022512060,101,WA003,3002A-3005WGUM-3007DRYGUM-3007FO-3007S-3015A-3025S-3033A-3035A-9999A-9999C-9999CS-9999E,WA007,300994495,233241-1-1-102
36,2755.75,1,310726,1022512061,101,WA003,3002A-3005WGUM-3007DRYGUM-3007FO-3007S-3015A-3025S-3033A-3035A-9999A-9999C-9999CS-9999E,WA007,300994611,233241-1-1-102
36,2755.75,1,310726,1022512061,101,WA003,3002A-3005WGUM-3007DRYGUM-3007FO-3007S-3015A-3025S-3033A-3035A-9999A-9999C-9999CS-9999E,WA007,300994612,233241-1-1-102
36,2755.75,1,310726,1022512061,101,WA003,3002A-3005WGUM-3007DRYGUM-3007FO-3007S-3015A-3025S-3033A-3035A-9999A-9999C-9999CS-9999E,WA007,300994617,233241-1-1-102
36,2755.75,1,310726,1022512061,101,WA003,3002A-3005WGUM-3007DRYGUM-3007FO-3007S-3015A-3025S-3033A-3035A-9999A-9999C-9999CS-9999E,WA007,300994618,233241-1-1-102
36,2755.75,1,310726,1022512061,101,WA003,3002A-3005WGUM-3007DRYGUM-3007FO-3007S-3015A-3025S-3033A-3035A-9999A-9999C-9999CS-9999E,WA007,300994619,233241-1-1-102
36,2755.75,1,310726,1022512061,101,WA003,3002A-3005WGUM-3007DRYGUM-3007FO-3007S-3015A-3025S-3033A-3035A-9999A-9999C-9999CS-9999E,WA007,300994620,233241-1-1-102
36,2755.75,1,310726,1022512061,101,WA003,3002A-3005WGUM-3007DRYGUM-3007FO-3007S-3015A-3025S-3033A-3035A-9999A-9999C-9999CS-9999E,WA007,300994725,233241-1-1-102
36,2755.75,1,310726,1022512061,101,WA003,3002A-3005WGUM-3007DRYGUM-3007FO-3007S-3015A-3025S-3033A-3035A-9999A-9999C-9999CS-9999E,WA007,300994727,233241-1-1-102
36,2755.75,1,310726,1022512062,101,WA003,3002A-3005WGUM-3007DRYGUM-3007FO-3007S-3015A-3025S-3033A-3035A-9999A-9999C-9999CS-9999E,WA007,300994730,233241-1-1-102
36,2755.75,1,310726,1022512062,101,WA003,3002A-3005WGUM-3007DRYGUM-3007FO-3007S-3015A-3025S-3033A-3035A-9999A-9999C-9999CS-9999E,WA007,300994731,233241-1-1-102
36,2755.75,1,310726,1022512062,101,WA003,3002A-3005WGUM-3007DRYGUM-3007FO-3007S-3015A-3025S-3033A-3035A-9999A-9999C-9999CS-9999E,WA007,300994733,233241-1-1-102
36,2755.75,1,310726,1022512062,101,WA003,3002A-3005WGUM-3007DRYGUM-3007FO-3007S-3015A-3025S-3033A-3035A-9999A-9999C-9999CS-9999E,WA007,300994734,233241-1-1-102
36,2755.75,1,310726,1022512062,101,WA003,3002A-3005WGUM-3007DRYGUM-3007FO-3007S-3015A-3025S-3033A-3035A-9999A-9999C-9999CS-9999E,WA007,300994769,233241-1-1-102
36,2755.75,1,310726,1022512062,101,WA003,3002A-3005WGUM-3007DRYGUM-3007FO-3007S-3015A-3025S-3033A-3035A-9999A-9999C-9999CS-9999E,WA007,300994770,233241-1-1-102
36,2755.75,1,310726,1022512062,101,WA003,3002A-3005WGUM-3007DRYGUM-3007FO-3007S-3015A-3025S-3033A-3035A-9999A-9999C-9999CS-9999E,WA007,300994771,233241-1-1-102
36,2755.75,1,310726,1022512062,101,WA003,3002A-3005WGUM-3007DRYGUM-3007FO-3007S-3015A-3025S-3033A-3035A-9999A-9999C-9999CS-9999E,WA007,300994772,233241-1-1-102
36,2755.75,1,310726,1022512063,101,WA003,3002A-3005WGUM-3007DRYGUM-3007S-3015A-3025S-3033A-3035A-9999A-9999C-9999CS-9999E,WA007,300994941,233241-1-1-102
36,2755.75,1,310726,1022512063,101,WA003,3002A-3005WGUM-3007DRYGUM-3007S-3015A-3025S-3033A-3035A-9999A-9999C-9999CS-9999E,WA007,300994942,233241-1-1-102
36,2755.75,1,310726,1022512063,101,WA003,3002A-3005WGUM-3007DRYGUM-3007S-3015A-3025S-3033A-3035A-9999A-9999C-9999CS-9999E,WA007,300994943,233241-1-1-102
36,2755.75,1,310726,1022512063,101,WA003,3002A-3005WGUM-3007DRYGUM-3007S-3015A-3025S-3033A-3035A-9999A-9999C-9999CS-9999E,WA007,300994944,233241-1-1-102
36,2755.75,1,310726,1022512063,101,WA003,3002A-3005WGUM-3007DRYGUM-3007S-3015A-3025S-3033A-3035A-9999A-9999C-9999CS-9999E,WA007,300994945,233241-1-1-102
36,2755.75,1,310726,1022512063,101,WA003,3002A-3005WGUM-3007DRYGUM-3007S-3015A-3025S-3033A-3035A-9999A-9999C-9999CS-9999E,WA007,300994946,233241-1-1-102
36,2755.75,1,310726,1022512063,101,WA003,3002A-3005WGUM-3007DRYGUM-3007S-3015A-3025S-3033A-3035A-9999A-9999C-9999CS-9999E,WA007,300994956,233241-1-1-102
36,2755.75,1,310726,1022512063,101,WA003,3002A-3005WGUM-3007DRYGUM-3007S-3015A-3025S-3033A-3035A-9999A-9999C-9999CS-9999E,WA007,300994958,233241-1-1-102
37,2755.75,1,310726,1022511954,101,WA003,3005WGUM-3007DRYGUM-3007FO-3007S-3025S-3033A-3035A-9999A-9999C-9999CS-9999E,WA007,300992309,232128-1-7-128
37,2755.75,1,310726,1022511954,101,WA003,3005WGUM-3007DRYGUM-3007FO-3007S-3025S-3033A-3035A-9999A-9999C-9999CS-9999E,WA007,300992310,232128-1-7-128
37,2755.75,1,310726,1022511954,101,WA003,3005WGUM-3007DRYGUM-3007FO-3007S-3025S-3033A-3035A-9999A-9999C-9999CS-9999E,WA007,300992311,232128-1-7-128
37,2700.635,1,310726,1022511954,101,WA003,3005WGUM-3007DRYGUM-3007FO-3007S-3025S-3033A-3035A-9999A-9999C-9999CS-9999E,WA007,300992312,232128-1-7-128
37,2755.75,1,310726,1022511954,101,WA003,3005WGUM-3007DRYGUM-3007FO-3007S-3025S-3033A-3035A-9999A-9999C-9999CS-9999E,WA007,300992313,232128-1-7-128
37,2755.75,1,310726,1022511954,101,WA003,3005WGUM-3007DRYGUM-3007FO-3007S-3025S-3033A-3035A-9999A-9999C-9999CS-9999E,WA007,300992319,232128-1-7-128
37,2755.75,1,310726,1022511954,101,WA003,3005WGUM-3007DRYGUM-3007FO-3007S-3025S-3033A-3035A-9999A-9999C-9999CS-9999E,WA007,300992400,232128-1-7-128
37,2755.75,1,310726,1022511954,101,WA003,3005WGUM-3007DRYGUM-3007FO-3007S-3025S-3033A-3035A-9999A-9999C-9999CS-9999E,WA007,300992401,232128-1-7-128
37,2755.75,1,310726,1022511955,101,WA003,3005WGUM-3007DRYGUM-3007FO-3007S-3025S-3033A-3035A-9999A-9999C-9999CS-9999E,WA007,300992402,232128-1-7-128
37,2755.75,1,310726,1022511955,101,WA003,3005WGUM-3007DRYGUM-3007FO-3007S-3025S-3033A-3035A-9999A-9999C-9999CS-9999E,WA007,300992403,232128-1-7-128
37,2755.75,1,310726,1022511955,101,WA003,3005WGUM-3007DRYGUM-3007FO-3007S-3025S-3033A-3035A-9999A-9999C-9999CS-9999E,WA007,300992404,232128-1-7-128
37,2755.75,1,310726,1022511955,101,WA003,3005WGUM-3007DRYGUM-3007FO-3007S-3025S-3033A-3035A-9999A-9999C-9999CS-9999E,WA007,300992407,232128-1-7-128
37,2755.75,1,310726,1022511955,101,WA003,3005WGUM-3007DRYGUM-3007FO-3007S-3025S-3033A-3035A-9999A-9999C-9999CS-9999E,WA007,300992483,232128-1-7-128
37,2755.75,1,310726,1022511955,101,WA003,3005WGUM-3007DRYGUM-3007FO-3007S-3025S-3033A-3035A-9999A-9999C-9999CS-9999E,WA007,300992486,232128-1-7-128
37,2755.75,1,310726,1022511955,101,WA003,3005WGUM-3007DRYGUM-3007FO-3007S-3025S-3033A-3035A-9999A-9999C-9999CS-9999E,WA007,300992497,232128-1-7-128
37,2755.75,1,310726,1022511955,101,WA003,3005WGUM-3007DRYGUM-3007FO-3007S-3025S-3033A-3035A-9999A-9999C-9999CS-9999E,WA007,300992498,232128-1-7-128
37,2755.75,1,310726,1022511956,101,WA003,3005WGUM-3007DRYGUM-3007FO-3007S-3025S-3035A-9999A-9999C-9999CS-9999E,WA007,300992541,232128-1-7-128
37,2755.75,1,310726,1022511956,101,WA003,3005WGUM-3007DRYGUM-3007FO-3007S-3025S-3035A-9999A-9999C-9999CS-9999E,WA007,300992542,232128-1-7-128
37,2755.75,1,310726,1022511956,101,WA003,3005WGUM-3007DRYGUM-3007FO-3007S-3025S-3035A-9999A-9999C-9999CS-9999E,WA007,300992543,232128-1-7-128
37,2755.75,1,310726,1022511956,101,WA003,3005WGUM-3007DRYGUM-3007FO-3007S-3025S-3035A-9999A-9999C-9999CS-9999E,WA007,300992544,232128-1-7-128
37,2755.75,1,310726,1022511956,101,WA003,3005WGUM-3007DRYGUM-3007FO-3007S-3025S-3035A-9999A-9999C-9999CS-9999E,WA007,300992546,232128-1-7-128
37,2755.75,1,310726,1022511956,101,WA003,3005WGUM-3007DRYGUM-3007FO-3007S-3025S-3035A-9999A-9999C-9999CS-9999E,WA007,300992766,232128-1-7-128
37,2755.75,1,310726,1022511956,101,WA003,3005WGUM-3007DRYGUM-3007FO-3007S-3025S-3035A-9999A-9999C-9999CS-9999E,WA007,300992769,232128-1-7-128
37,2755.75,1,310726,1022511956,101,WA003,3005WGUM-3007DRYGUM-3007FO-3007S-3025S-3035A-9999A-9999C-9999CS-9999E,WA007,300992770,232128-1-7-128
37,2755.75,1,310726,1022511957,101,WA003,3002A-3005WGUM-3007DRYGUM-3007FO-3007S-3015A-3025S-3033A-3035A-9999A-9999C-9999CS-9999E,WA007,300992817,232128-1-7-128
37,2755.75,1,310726,1022511957,101,WA003,3002A-3005WGUM-3007DRYGUM-3007FO-3007S-3015A-3025S-3033A-3035A-9999A-9999C-9999CS-9999E,WA007,300992818,232128-1-7-128
37,2755.75,1,310726,1022511957,101,WA003,3002A-3005WGUM-3007DRYGUM-3007FO-3007S-3015A-3025S-3033A-3035A-9999A-9999C-9999CS-9999E,WA007,300992819,232128-1-7-128
37,2755.75,1,310726,1022511957,101,WA003,3002A-3005WGUM-3007DRYGUM-3007FO-3007S-3015A-3025S-3033A-3035A-9999A-9999C-9999CS-9999E,WA007,300992820,232128-1-7-128
37,2755.75,1,310726,1022511957,101,WA003,3002A-3005WGUM-3007DRYGUM-3007FO-3007S-3015A-3025S-3033A-3035A-9999A-9999C-9999CS-9999E,WA007,300992821,232128-1-7-128
37,2755.75,1,310726,1022511957,101,WA003,3002A-3005WGUM-3007DRYGUM-3007FO-3007S-3015A-3025S-3033A-3035A-9999A-9999C-9999CS-9999E,WA007,300992822,232128-1-7-128
37,2755.75,1,310726,1022511957,101,WA003,3002A-3005WGUM-3007DRYGUM-3007FO-3007S-3015A-3025S-3033A-3035A-9999A-9999C-9999CS-9999E,WA007,300992823,232128-1-7-128
37,2755.75,1,310726,1022511957,101,WA003,3002A-3005WGUM-3007DRYGUM-3007FO-3007S-3015A-3025S-3033A-3035A-9999A-9999C-9999CS-9999E,WA007,300992825,232128-1-7-128
37,2755.75,1,310726,1022511958,101,WA003,3002A-3005WGUM-3007DRYGUM-3007FO-3007S-3015A-3025S-3033A-3035A-9999A-9999C-9999CS-9999E,WA007,300992885,232128-1-7-128
37,2755.75,1,310726,1022511958,101,WA003,3002A-3005WGUM-3007DRYGUM-3007FO-3007S-3015A-3025S-3033A-3035A-9999A-9999C-9999CS-9999E,WA007,300992886,232128-1-7-128
37,2755.75,1,310726,1022511958,101,WA003,3002A-3005WGUM-3007DRYGUM-3007FO-3007S-3015A-3025S-3033A-3035A-9999A-9999C-9999CS-9999E,WA007,300992887,232128-1-7-128
37,2755.75,1,310726,1022511958,101,WA003,3002A-3005WGUM-3007DRYGUM-3007FO-3007S-3015A-3025S-3033A-3035A-9999A-9999C-9999CS-9999E,WA007,300992888,232128-1-7-128
37,2755.75,1,310726,1022511958,101,WA003,3002A-3005WGUM-3007DRYGUM-3007FO-3007S-3015A-3025S-3033A-3035A-9999A-9999C-9999CS-9999E,WA007,300992889,232128-1-7-128
37,2755.75,1,310726,1022511958,101,WA003,3002A-3005WGUM-3007DRYGUM-3007FO-3007S-3015A-3025S-3033A-3035A-9999A-9999C-9999CS-9999E,WA007,300992890,232128-1-7-128
37,2755.75,1,310726,1022511958,101,WA003,3002A-3005WGUM-3007DRYGUM-3007FO-3007S-3015A-3025S-3033A-3035A-9999A-9999C-9999CS-9999E,WA007,300992891,232128-1-7-128
37,2755.75,1,310726,1022511958,101,WA003,3002A-3005WGUM-3007DRYGUM-3007FO-3007S-3015A-3025S-3033A-3035A-9999A-9999C-9999CS-9999E,WA007,300992893,232128-1-7-128
37,2755.75,1,310726,1022511959,101,WA003,3002A-3005WGUM-3007DRYGUM-3007FO-3007S-3015A-3025S-3033A-3035A-9999A-9999C-9999CS-9999E,WA007,300993135,232128-1-7-128
37,2755.75,1,310726,1022511959,101,WA003,3002A-3005WGUM-3007DRYGUM-3007FO-3007S-3015A-3025S-3033A-3035A-9999A-9999C-9999CS-9999E,WA007,300993136,232128-1-7-128
37,2755.75,1,310726,1022511959,101,WA003,3002A-3005WGUM-3007DRYGUM-3007FO-3007S-3015A-3025S-3033A-3035A-9999A-9999C-9999CS-9999E,WA007,300993137,232128-1-7-128
37,2755.75,1,310726,1022511959,101,WA003,3002A-3005WGUM-3007DRYGUM-3007FO-3007S-3015A-3025S-3033A-3035A-9999A-9999C-9999CS-9999E,WA007,300993138,232128-1-7-128
37,2755.75,1,310726,1022511959,101,WA003,3002A-3005WGUM-3007DRYGUM-3007FO-3007S-3015A-3025S-3033A-3035A-9999A-9999C-9999CS-9999E,WA007,300993264,232128-1-7-128
37,2755.75,1,310726,1022511959,101,WA003,3002A-3005WGUM-3007DRYGUM-3007FO-3007S-3015A-3025S-3033A-3035A-9999A-9999C-9999CS-9999E,WA007,300993265,232128-1-7-128
37,2755.75,1,310726,1022511959,101,WA003,3002A-3005WGUM-3007DRYGUM-3007FO-3007S-3015A-3025S-3033A-3035A-9999A-9999C-9999CS-9999E,WA007,300993266,232128-1-7-128
37,2755.75,1,310726,1022511959,101,WA003,3002A-3005WGUM-3007DRYGUM-3007FO-3007S-3015A-3025S-3033A-3035A-9999A-9999C-9999CS-9999E,WA007,300993267,232128-1-7-128
37,2755.75,1,310726,1022511960,101,WA003,3002A-3005WGUM-3007DRYGUM-3007FO-3007S-3015A-3025S-3033A-3035A-9999A-9999C-9999CS-9999E,WA007,300993278,232128-1-7-128
37,2755.75,1,310726,1022511960,101,WA003,3002A-3005WGUM-3007DRYGUM-3007FO-3007S-3015A-3025S-3033A-3035A-9999A-9999C-9999CS-9999E,WA007,300993279,232128-1-7-128
37,2755.75,1,310726,1022511960,101,WA003,3002A-3005WGUM-3007DRYGUM-3007FO-3007S-3015A-3025S-3033A-3035A-9999A-9999C-9999CS-9999E,WA007,300993280,232128-1-7-128
37,2755.75,1,310726,1022511960,101,WA003,3002A-3005WGUM-3007DRYGUM-3007FO-3007S-3015A-3025S-3033A-3035A-9999A-9999C-9999CS-9999E,WA007,300993281,232128-1-7-128
37,2755.75,1,310726,1022511960,101,WA003,3002A-3005WGUM-3007DRYGUM-3007FO-3007S-3015A-3025S-3033A-3035A-9999A-9999C-9999CS-9999E,WA007,300993310,232128-1-7-128
37,2755.75,1,310726,1022511960,101,WA003,3002A-3005WGUM-3007DRYGUM-3007FO-3007S-3015A-3025S-3033A-3035A-9999A-9999C-9999CS-9999E,WA007,300993311,232128-1-7-128
37,2755.75,1,310726,1022511960,101,WA003,3002A-3005WGUM-3007DRYGUM-3007FO-3007S-3015A-3025S-3033A-3035A-9999A-9999C-9999CS-9999E,WA007,300993312,232128-1-7-128
37,2755.75,1,310726,1022511960,101,WA003,3002A-3005WGUM-3007DRYGUM-3007FO-3007S-3015A-3025S-3033A-3035A-9999A-9999C-9999CS-9999E,WA007,300993313,232128-1-7-128
37,2755.75,1,310726,1022511961,101,WA003,3002A-3005WGUM-3007DRYGUM-3007FO-3007S-3015A-3025S-3033A-3035A-9999A-9999C-9999CS-9999E,WA007,300993338,232128-1-7-128
37,2755.75,1,310726,1022511961,101,WA003,3002A-3005WGUM-3007DRYGUM-3007FO-3007S-3015A-3025S-3033A-3035A-9999A-9999C-9999CS-9999E,WA007,300993469,232128-1-7-128
37,2755.75,1,310726,1022511961,101,WA003,3002A-3005WGUM-3007DRYGUM-3007FO-3007S-3015A-3025S-3033A-3035A-9999A-9999C-9999CS-9999E,WA007,300993470,232128-1-7-128
37,2755.75,1,310726,1022511961,101,WA003,3002A-3005WGUM-3007DRYGUM-3007FO-3007S-3015A-3025S-3033A-3035A-9999A-9999C-9999CS-9999E,WA007,300993471,232128-1-7-128
37,2755.75,1,310726,1022511961,101,WA003,3002A-3005WGUM-3007DRYGUM-3007FO-3007S-3015A-3025S-3033A-3035A-9999A-9999C-9999CS-9999E,WA007,300993479,232128-1-7-128
37,2755.75,1,310726,1022511961,101,WA003,3002A-3005WGUM-3007DRYGUM-3007FO-3007S-3015A-3025S-3033A-3035A-9999A-9999C-9999CS-9999E,WA007,300993480,232128-1-7-128
37,2755.75,1,310726,1022511961,101,WA003,3002A-3005WGUM-3007DRYGUM-3007FO-3007S-3015A-3025S-3033A-3035A-9999A-9999C-9999CS-9999E,WA007,300993481,232128-1-7-128
37,2755.75,1,310726,1022511961,101,WA003,3002A-3005WGUM-3007DRYGUM-3007FO-3007S-3015A-3025S-3033A-3035A-9999A-9999C-9999CS-9999E,WA007,300993485,232128-1-7-128
37,2138,1,310768,1052511921,102,ID002,9999A,ID010,300990911,""
37,2100,1,310768,1052511921,102,ID002,9999A,ID010,300990912,""
37,2150,1,310768,1052511921,102,ID002,9999A,ID010,300990922,""
37,2052,1,310768,1052511921,102,ID002,9999A,ID010,300990923,""
37,2115,1,310768,1052511921,102,ID002,9999A,ID010,300990931,""
37,2080,1,310768,1052511921,102,ID002,9999A,ID010,300990932,""
37,2118,1,310768,1052511921,102,ID002,9999A,ID010,300990938,""
37,2020,1,310768,1052511921,102,ID002,9999A,ID010,300990939,""
37,2186,1,310768,1052511923,102,ID002,9999A,ID010,300990999,""
37,2040,1,310768,1052511923,102,ID002,9999A,ID010,300991000,""
37,2117,1,310768,1052511923,102,ID002,9999A,ID010,300991003,""
37,2033,1,310768,1052511923,102,ID002,9999A,ID010,300991004,""
37,2115,1,310768,1052511923,102,ID002,9999A,ID010,300991015,""
37,2033,1,310768,1052511923,102,ID002,9999A,ID010,300991016,""
37,2124,1,310768,1052511923,102,ID002,9999A,ID010,300991020,""
37,2083,1,310768,1052511923,102,ID002,9999A,ID010,300991021,""
37,2111,1,310768,1052511925,102,ID002,9999A,ID010,300991068,""
37,2045,1,310768,1052511925,102,ID002,9999A,ID010,300991069,""
37,2263,1,310768,1052511925,102,ID002,9999A,ID010,300991081,""
37,2047,1,310768,1052511925,102,ID002,9999A,ID010,300991082,""
37,2175,1,310768,1052511925,102,ID002,9999A,ID010,300991097,""
37,2027,1,310768,1052511925,102,ID002,9999A,ID010,300991098,""
37,2163,1,310768,1052511925,102,ID002,9999A,ID010,300991110,""
37,2077,1,310768,1052511925,102,ID002,9999A,ID010,300991111,""
37,2190,1,310768,1052511926,102,ID002,9999A,ID010,300991119,""
37,2096,1,310768,1052511926,102,ID002,9999A,ID010,300991120,""
37,2161,1,310768,1052511926,102,ID002,9999A,ID010,300991124,""
37,2038,1,310768,1052511926,102,ID002,9999A,ID010,300991125,""
37,2146,1,310768,1052511926,102,ID002,9999A,ID010,300991136,""
37,2040,1,310768,1052511926,102,ID002,9999A,ID010,300991138,""
37,2106,1,310768,1052511926,102,ID002,9999A,ID010,300991140,""
37,2025,1,310768,1052511926,102,ID002,9999A,ID010,300991143,""
37,2148,1,310768,1052511927,102,ID002,9999A,ID010,300991285,""
37,2057,1,310768,1052511927,102,ID002,9999A,ID010,300991286,""
37,2192,1,310768,1052511927,102,ID002,9999A,ID010,300991287,""
37,2044,1,310768,1052511927,102,ID002,9999A,ID010,300991288,""
37,2122,1,310768,1052511928,102,ID002,9999A,ID010,300991289,""
37,2114,1,310768,1052511928,102,ID002,9999A,ID010,300991290,""
37,2214,1,310768,1052511928,102,ID002,9999A,ID010,300991307,""
37,2095,1,310768,1052511928,102,ID002,9999A,ID010,300991308,""
37,2176,1,310768,1052511928,102,ID002,9999A,ID010,300991309,""
37,2075,1,310768,1052511928,102,ID002,9999A,ID010,300991310,""
37,2204,1,310768,1052511928,102,ID002,9999A,ID010,300991311,""
37,2081,1,310768,1052511928,102,ID002,9999A,ID010,300991312,""
37,2160,1,310768,1052511929,101,ID002,3200A-9999A,ID010,300991336,""
37,2121,1,310768,1052511929,101,ID002,3200A-9999A,ID010,300991337,""
37,2167,1,310768,1052511929,101,ID002,3200A-9999A,ID010,300991355,""
37,2104,1,310768,1052511929,101,ID002,3200A-9999A,ID010,300991356,""
37,2194,1,310768,1052511929,101,ID002,3200A-9999A,ID010,300991376,""
37,2078,1,310768,1052511929,101,ID002,3200A-9999A,ID010,300991377,""
37,2107,1,310768,1052511930,102,ID002,9999A,ID010,300991440,""
37,2106,1,310768,1052511930,102,ID002,9999A,ID010,300991441,""
37,2149,1,310768,1052511930,102,ID002,9999A,ID010,300991442,""
37,2093,1,310768,1052511930,102,ID002,9999A,ID010,300991443,""
37,2100,1,310768,1052511930,102,ID002,9999A,ID010,300991444,""
37,2099,1,310768,1052511930,102,ID002,9999A,ID010,300991445,""
37,2149,1,310768,1052511930,102,ID002,9999A,ID010,300991494,""
37,2106,1,310768,1052511930,102,ID002,9999A,ID010,300991495,""
37,2113,1,310768,1052511931,102,ID002,9999A,ID010,300991496,""
37,2081,1,310768,1052511931,102,ID002,9999A,ID010,300991497,""
37,2108,1,310768,1052511931,102,ID002,9999A,ID010,300991506,""
37,2080,1,310768,1052511931,102,ID002,9999A,ID010,300991508,""
37,2129,1,310768,1052511931,102,ID002,9999A,ID010,300991509,""
37,2099,1,310768,1052511931,102,ID002,9999A,ID010,300991510,""
37,2169,1,310768,1052511931,102,ID002,9999A,ID010,300991600,""
37,2099,1,310768,1052511931,102,ID002,9999A,ID010,300991601,""
37,2196,1,310768,1052511932,102,ID002,9999A,ID002,300991649,""
37,2133,1,310768,1052511932,102,ID002,9999A,ID002,300991650,""
37,2134,1,310768,1052511932,102,ID002,9999A,ID002,300991651,""
37,2112,1,310768,1052511933,102,ID002,9999A,ID010,300991673,""
37,2208,1,310768,1052511933,102,ID002,9999A,ID010,300991709,""
37,2130,1,310768,1052511933,102,ID002,9999A,ID010,300991710,""
37,2160,1,310768,1052511933,102,ID002,9999A,ID010,300991719,""
37,2110,1,310768,1052511933,102,ID002,9999A,ID010,300991726,""
37,2163,1,310768,1052511934,102,ID002,9999A,ID010,300991727,""
37,2115,1,310768,1052511934,102,ID002,9999A,ID010,300991729,""
37,2143,1,310768,1052511934,102,ID002,9999A,ID010,300991763,""
37,2149,1,310768,1052511934,102,ID002,9999A,ID010,300991764,""
37,2126,1,310768,1052511934,102,ID002,9999A,ID010,300991765,""
37,2110,1,310768,1052511934,102,ID002,9999A,ID010,300991766,""
37,2131,1,310768,1052511934,102,ID002,9999A,ID010,300991767,""
37,2196,1,310768,1052511934,102,ID002,9999A,ID010,300991768,""
37,2190,1,310768,1052511935,102,ID002,9999A,ID010,300991814,""
37,2174,1,310768,1052511935,102,ID002,9999A,ID010,300991817,""
37,1761,1,310768,1052511935,102,ID002,9999A,ID010,300991818,""
38,2755.75,1,310018,1002511801,102,WA001,9999A,WA018,300990290,""
38,2755.75,1,310018,1002511801,102,WA001,9999A,WA018,300990297,""
38,2755.75,1,310018,1002511801,102,WA001,9999A,WA018,300990298,""
38,2755.75,1,310018,1002511801,102,WA001,9999A,WA018,300990376,""
38,2755.75,1,310018,1002511803,102,WA001,9999A,WA001,300990536,""
38,2755.75,1,310018,1002511803,102,WA001,9999A,WA001,300990537,""
38,2755.75,1,310018,1002511803,102,WA001,9999A,WA001,300990538,""
38,2755.75,1,310018,1002511803,102,WA001,9999A,WA001,300990539,""
38,2755.75,1,310018,1002511803,102,WA001,9999A,WA001,300990540,""
38,2755.75,1,310018,1002511803,102,WA001,9999A,WA001,300990561,""
38,2755.75,1,310018,1002511803,102,WA001,9999A,WA001,300990562,""
38,2755.75,1,310018,1002511803,102,WA001,9999A,WA001,300990563,""
38,2755.75,1,310018,1002511804,102,WA001,9999A,WA001,300990605,""
38,2755.75,1,310018,1002511804,102,WA001,9999A,WA001,300990606,""
38,2755.75,1,310018,1002511804,102,WA001,9999A,WA001,300990607,""
38,2755.75,1,310018,1002511804,102,WA001,9999A,WA001,300990608,""
38,2755.75,1,310018,1002511804,102,WA001,9999A,WA001,300990631,""
38,2755.75,1,310018,1002511804,102,WA001,9999A,WA001,300990632,""
38,2755.75,1,310018,1002511804,102,WA001,9999A,WA001,300990633,""
38,2755.75,1,310018,1002511804,102,WA001,9999A,WA001,300990634,""
38,2755.75,1,310018,1002511805,102,WA001,9999A,WA001,300990710,""
38,2755.75,1,310018,1002511805,102,WA001,9999A,WA001,300990711,""
38,2755.75,1,310018,1002511805,102,WA001,9999A,WA001,300990712,""
38,2755.75,1,310018,1002511805,102,WA001,9999A,WA001,300990713,""
38,2755.75,1,310018,1002511805,102,WA001,9999A,WA001,300990741,""
38,2755.75,1,310018,1002511805,102,WA001,9999A,WA001,300990742,""
38,2755.75,1,310018,1002511805,102,WA001,9999A,WA001,300990783,""
38,2755.75,1,310018,1002511805,102,WA001,9999A,WA001,300990786,""
38,2755.75,1,310018,1002511806,102,WA001,9999A,WA001,300990796,""
38,2755.75,1,310018,1002511806,102,WA001,9999A,WA001,300990809,""
38,1708.565,1,310018,1002511806,102,WA001,9999A,WA001,300990826,""
38,2098,1,310086,1052511831,101,ID002,3139A-3140A-9999A,ID010,300989985,232869-1-5-124
38,2075,1,310086,1052511831,101,ID002,3139A-3140A-9999A,ID010,300989989,232869-1-5-124
38,2755.75,1,310726,1022511852,101,WA003,3002A-3005WGUM-3007DRYGUM-3007S-3015A-3025S-3035A-9999A-9999C-9999CS-9999E,WA007,300990841,232128-1-7-127
38,2755.75,1,310726,1022511852,101,WA003,3002A-3005WGUM-3007DRYGUM-3007S-3015A-3025S-3035A-9999A-9999C-9999CS-9999E,WA007,300990842,232128-1-7-127
38,2755.75,1,310726,1022511852,101,WA003,3002A-3005WGUM-3007DRYGUM-3007S-3015A-3025S-3035A-9999A-9999C-9999CS-9999E,WA007,300990852,232128-1-7-127
38,2755.75,1,310726,1022511852,101,WA003,3002A-3005WGUM-3007DRYGUM-3007S-3015A-3025S-3035A-9999A-9999C-9999CS-9999E,WA007,300990853,232128-1-7-127
38,2755.75,1,310726,1022511852,101,WA003,3002A-3005WGUM-3007DRYGUM-3007S-3015A-3025S-3035A-9999A-9999C-9999CS-9999E,WA007,300990854,232128-1-7-127
38,2755.75,1,310726,1022511852,101,WA003,3002A-3005WGUM-3007DRYGUM-3007S-3015A-3025S-3035A-9999A-9999C-9999CS-9999E,WA007,300990867,232128-1-7-127
38,2755.75,1,310726,1022511852,101,WA003,3002A-3005WGUM-3007DRYGUM-3007S-3015A-3025S-3035A-9999A-9999C-9999CS-9999E,WA007,300990868,232128-1-7-127
38,2755.75,1,310726,1022511852,101,WA003,3002A-3005WGUM-3007DRYGUM-3007S-3015A-3025S-3035A-9999A-9999C-9999CS-9999E,WA007,300990869,232128-1-7-127
38,2755.75,1,310726,1022511853,101,WA003,3002A-3005WGUM-3007DRYGUM-3007FO-3007S-3015A-3025S-3035A-9999A-9999C-9999CS-9999E,WA007,300990904,232128-1-7-127
38,2755.75,1,310726,1022511853,101,WA003,3002A-3005WGUM-3007DRYGUM-3007FO-3007S-3015A-3025S-3035A-9999A-9999C-9999CS-9999E,WA007,300990905,232128-1-7-127
38,2755.75,1,310726,1022511853,101,WA003,3002A-3005WGUM-3007DRYGUM-3007FO-3007S-3015A-3025S-3035A-9999A-9999C-9999CS-9999E,WA007,300990906,232128-1-7-127
38,2755.75,1,310726,1022511853,101,WA003,3002A-3005WGUM-3007DRYGUM-3007FO-3007S-3015A-3025S-3035A-9999A-9999C-9999CS-9999E,WA007,300990941,232128-1-7-127
38,2755.75,1,310726,1022511853,101,WA003,3002A-3005WGUM-3007DRYGUM-3007FO-3007S-3015A-3025S-3035A-9999A-9999C-9999CS-9999E,WA007,300990943,232128-1-7-127
38,2755.75,1,310726,1022511853,101,WA003,3002A-3005WGUM-3007DRYGUM-3007FO-3007S-3015A-3025S-3035A-9999A-9999C-9999CS-9999E,WA007,300990944,232128-1-7-127
38,2755.75,1,310726,1022511853,101,WA003,3002A-3005WGUM-3007DRYGUM-3007FO-3007S-3015A-3025S-3035A-9999A-9999C-9999CS-9999E,WA007,300990947,232128-1-7-127
38,2755.75,1,310726,1022511853,101,WA003,3002A-3005WGUM-3007DRYGUM-3007FO-3007S-3015A-3025S-3035A-9999A-9999C-9999CS-9999E,WA007,300990948,232128-1-7-127
38,2755.75,1,310726,1022511854,101,WA003,3002A-3005WGUM-3007DRYGUM-3007FO-3007S-3015A-3025S-3035A-9999A-9999C-9999CS-9999E,WA007,300990952,232128-1-7-127
38,2755.75,1,310726,1022511854,101,WA003,3002A-3005WGUM-3007DRYGUM-3007FO-3007S-3015A-3025S-3035A-9999A-9999C-9999CS-9999E,WA007,300991017,232128-1-7-127
38,2755.75,1,310726,1022511854,101,WA003,3002A-3005WGUM-3007DRYGUM-3007FO-3007S-3015A-3025S-3035A-9999A-9999C-9999CS-9999E,WA007,300991018,232128-1-7-127
38,2755.75,1,310726,1022511854,101,WA003,3002A-3005WGUM-3007DRYGUM-3007FO-3007S-3015A-3025S-3035A-9999A-9999C-9999CS-9999E,WA007,300991019,232128-1-7-127
38,2755.75,1,310726,1022511854,101,WA003,3002A-3005WGUM-3007DRYGUM-3007FO-3007S-3015A-3025S-3035A-9999A-9999C-9999CS-9999E,WA007,300991036,232128-1-7-127
38,2755.75,1,310726,1022511854,101,WA003,3002A-3005WGUM-3007DRYGUM-3007FO-3007S-3015A-3025S-3035A-9999A-9999C-9999CS-9999E,WA007,300991040,232128-1-7-127
38,2755.75,1,310726,1022511854,101,WA003,3002A-3005WGUM-3007DRYGUM-3007FO-3007S-3015A-3025S-3035A-9999A-9999C-9999CS-9999E,WA007,300991054,232128-1-7-127
38,2755.75,1,310726,1022511854,101,WA003,3002A-3005WGUM-3007DRYGUM-3007FO-3007S-3015A-3025S-3035A-9999A-9999C-9999CS-9999E,WA007,300991055,232128-1-7-127
38,2755.75,1,310726,1022511855,101,WA003,3002A-3005WGUM-3007DRYGUM-3007FO-3007S-3015A-3025S-3035A-9999A-9999C-9999CS-9999E,WA007,300991078,232128-1-7-127
38,2755.75,1,310726,1022511855,101,WA003,3002A-3005WGUM-3007DRYGUM-3007FO-3007S-3015A-3025S-3035A-9999A-9999C-9999CS-9999E,WA007,300991079,232128-1-7-127
38,2755.75,1,310726,1022511855,101,WA003,3002A-3005WGUM-3007DRYGUM-3007FO-3007S-3015A-3025S-3035A-9999A-9999C-9999CS-9999E,WA007,300991080,232128-1-7-127
38,2755.75,1,310726,1022511855,101,WA003,3002A-3005WGUM-3007DRYGUM-3007FO-3007S-3015A-3025S-3035A-9999A-9999C-9999CS-9999E,WA007,300991115,232128-1-7-127
38,2755.75,1,310726,1022511855,101,WA003,3002A-3005WGUM-3007DRYGUM-3007FO-3007S-3015A-3025S-3035A-9999A-9999C-9999CS-9999E,WA007,300991116,232128-1-7-127
38,2755.75,1,310726,1022511855,101,WA003,3002A-3005WGUM-3007DRYGUM-3007FO-3007S-3015A-3025S-3035A-9999A-9999C-9999CS-9999E,WA007,300991117,232128-1-7-127
38,2755.75,1,310726,1022511855,101,WA003,3002A-3005WGUM-3007DRYGUM-3007FO-3007S-3015A-3025S-3035A-9999A-9999C-9999CS-9999E,WA007,300991118,232128-1-7-127
38,2755.75,1,310726,1022511855,101,WA003,3002A-3005WGUM-3007DRYGUM-3007FO-3007S-3015A-3025S-3035A-9999A-9999C-9999CS-9999E,WA007,300993056,232128-1-7-127
38,2755.75,1,310726,1022511856,101,WA003,3002A-3005WGUM-3007DRYGUM-3007FO-3007S-3015A-3025S-3035A-9999A-9999C-9999CS-9999E,WA007,300991158,232128-1-7-127
38,2755.75,1,310726,1022511856,101,WA003,3002A-3005WGUM-3007DRYGUM-3007FO-3007S-3015A-3025S-3035A-9999A-9999C-9999CS-9999E,WA007,300991159,232128-1-7-127
38,2755.75,1,310726,1022511856,101,WA003,3002A-3005WGUM-3007DRYGUM-3007FO-3007S-3015A-3025S-3035A-9999A-9999C-9999CS-9999E,WA007,300991160,232128-1-7-127
38,2755.75,1,310726,1022511856,101,WA003,3002A-3005WGUM-3007DRYGUM-3007FO-3007S-3015A-3025S-3035A-9999A-9999C-9999CS-9999E,WA007,300991161,232128-1-7-127
38,2755.75,1,310726,1022511856,101,WA003,3002A-3005WGUM-3007DRYGUM-3007FO-3007S-3015A-3025S-3035A-9999A-9999C-9999CS-9999E,WA007,300991162,232128-1-7-127
38,2755.75,1,310726,1022511856,101,WA003,3002A-3005WGUM-3007DRYGUM-3007FO-3007S-3015A-3025S-3035A-9999A-9999C-9999CS-9999E,WA007,300991163,232128-1-7-127
38,2755.75,1,310726,1022511856,101,WA003,3002A-3005WGUM-3007DRYGUM-3007FO-3007S-3015A-3025S-3035A-9999A-9999C-9999CS-9999E,WA007,300991297,232128-1-7-127
38,2755.75,1,310726,1022511856,101,WA003,3002A-3005WGUM-3007DRYGUM-3007FO-3007S-3015A-3025S-3035A-9999A-9999C-9999CS-9999E,WA007,300991298,232128-1-7-127
38,2755.75,1,310726,1022511857,101,WA003,3002A-3005WGUM-3007DRYGUM-3007FO-3007S-3015A-3025S-3035A-9999A-9999C-9999CS-9999E,WA007,300991320,232128-1-7-127
38,2755.75,1,310726,1022511857,101,WA003,3002A-3005WGUM-3007DRYGUM-3007FO-3007S-3015A-3025S-3035A-9999A-9999C-9999CS-9999E,WA007,300991321,232128-1-7-127
38,2755.75,1,310726,1022511857,101,WA003,3002A-3005WGUM-3007DRYGUM-3007FO-3007S-3015A-3025S-3035A-9999A-9999C-9999CS-9999E,WA007,300991322,232128-1-7-127
38,2755.75,1,310726,1022511857,101,WA003,3002A-3005WGUM-3007DRYGUM-3007FO-3007S-3015A-3025S-3035A-9999A-9999C-9999CS-9999E,WA007,300991323,232128-1-7-127
38,2755.75,1,310726,1022511857,101,WA003,3002A-3005WGUM-3007DRYGUM-3007FO-3007S-3015A-3025S-3035A-9999A-9999C-9999CS-9999E,WA007,300991344,232128-1-7-127
38,2755.75,1,310726,1022511857,101,WA003,3002A-3005WGUM-3007DRYGUM-3007FO-3007S-3015A-3025S-3035A-9999A-9999C-9999CS-9999E,WA007,300991345,232128-1-7-127
38,2755.75,1,310726,1022511857,101,WA003,3002A-3005WGUM-3007DRYGUM-3007FO-3007S-3015A-3025S-3035A-9999A-9999C-9999CS-9999E,WA007,300991346,232128-1-7-127
38,2755.75,1,310726,1022511857,101,WA003,3002A-3005WGUM-3007DRYGUM-3007FO-3007S-3015A-3025S-3035A-9999A-9999C-9999CS-9999E,WA007,300991347,232128-1-7-127
38,2755.75,1,310726,1022511858,101,WA003,3002A-3005WGUM-3007DRYGUM-3007FO-3007S-3015A-3025S-3035A-9999A-9999C-9999CS-9999E,WA007,300991381,232128-1-7-127
38,2755.75,1,310726,1022511858,101,WA003,3002A-3005WGUM-3007DRYGUM-3007FO-3007S-3015A-3025S-3035A-9999A-9999C-9999CS-9999E,WA007,300991382,232128-1-7-127
38,2755.75,1,310726,1022511858,101,WA003,3002A-3005WGUM-3007DRYGUM-3007FO-3007S-3015A-3025S-3035A-9999A-9999C-9999CS-9999E,WA007,300991383,232128-1-7-127
38,2755.75,1,310726,1022511858,101,WA003,3002A-3005WGUM-3007DRYGUM-3007FO-3007S-3015A-3025S-3035A-9999A-9999C-9999CS-9999E,WA007,300991384,232128-1-7-127
38,2755.75,1,310726,1022511858,101,WA003,3002A-3005WGUM-3007DRYGUM-3007FO-3007S-3015A-3025S-3035A-9999A-9999C-9999CS-9999E,WA007,300991412,232128-1-7-128
38,2755.75,1,310726,1022511858,101,WA003,3002A-3005WGUM-3007DRYGUM-3007FO-3007S-3015A-3025S-3035A-9999A-9999C-9999CS-9999E,WA007,300991413,232128-1-7-128
38,2755.75,1,310726,1022511858,101,WA003,3002A-3005WGUM-3007DRYGUM-3007FO-3007S-3015A-3025S-3035A-9999A-9999C-9999CS-9999E,WA007,300991414,232128-1-7-128
38,2755.75,1,310726,1022511858,101,WA003,3002A-3005WGUM-3007DRYGUM-3007FO-3007S-3015A-3025S-3035A-9999A-9999C-9999CS-9999E,WA007,300991415,232128-1-7-128
38,2755.75,1,310726,1022511859,101,WA003,3002A-3005WGUM-3007DRYGUM-3007FO-3007S-3015A-3025S-3035A-9999A-9999C-9999CS-9999E,WA007,300991519,232128-1-7-128
38,2755.75,1,310726,1022511859,101,WA003,3002A-3005WGUM-3007DRYGUM-3007FO-3007S-3015A-3025S-3035A-9999A-9999C-9999CS-9999E,WA007,300991520,232128-1-7-128
38,2755.75,1,310726,1022511859,101,WA003,3002A-3005WGUM-3007DRYGUM-3007FO-3007S-3015A-3025S-3035A-9999A-9999C-9999CS-9999E,WA007,300991522,232128-1-7-128
38,2755.75,1,310726,1022511859,101,WA003,3002A-3005WGUM-3007DRYGUM-3007FO-3007S-3015A-3025S-3035A-9999A-9999C-9999CS-9999E,WA007,300991523,232128-1-7-128
38,2755.75,1,310726,1022511859,101,WA003,3002A-3005WGUM-3007DRYGUM-3007FO-3007S-3015A-3025S-3035A-9999A-9999C-9999CS-9999E,WA007,300991524,232128-1-7-128
38,2755.75,1,310726,1022511859,101,WA003,3002A-3005WGUM-3007DRYGUM-3007FO-3007S-3015A-3025S-3035A-9999A-9999C-9999CS-9999E,WA007,300991525,232128-1-7-128
38,2755.75,1,310726,1022511859,101,WA003,3002A-3005WGUM-3007DRYGUM-3007FO-3007S-3015A-3025S-3035A-9999A-9999C-9999CS-9999E,WA007,300991526,232128-1-7-128
38,2755.75,1,310726,1022511859,101,WA003,3002A-3005WGUM-3007DRYGUM-3007FO-3007S-3015A-3025S-3035A-9999A-9999C-9999CS-9999E,WA007,300991527,232128-1-7-128
38,2755.75,1,310726,1022511860,101,WA003,3002A-3005WGUM-3007DRYGUM-3007FO-3007S-3015A-3025S-3035A-9999A-9999C-9999CS-9999E,WA007,300991580,232128-1-7-128
38,2755.75,1,310726,1022511860,101,WA003,3002A-3005WGUM-3007DRYGUM-3007FO-3007S-3015A-3025S-3035A-9999A-9999C-9999CS-9999E,WA007,300991581,232128-1-7-128
38,2755.75,1,310726,1022511860,101,WA003,3002A-3005WGUM-3007DRYGUM-3007FO-3007S-3015A-3025S-3035A-9999A-9999C-9999CS-9999E,WA007,300991582,232128-1-7-128
38,2755.75,1,310726,1022511860,101,WA003,3002A-3005WGUM-3007DRYGUM-3007FO-3007S-3015A-3025S-3035A-9999A-9999C-9999CS-9999E,WA007,300991583,232128-1-7-128
38,2755.75,1,310726,1022511860,101,WA003,3002A-3005WGUM-3007DRYGUM-3007FO-3007S-3015A-3025S-3035A-9999A-9999C-9999CS-9999E,WA007,300991584,232128-1-7-128
38,2755.75,1,310726,1022511860,101,WA003,3002A-3005WGUM-3007DRYGUM-3007FO-3007S-3015A-3025S-3035A-9999A-9999C-9999CS-9999E,WA007,300991585,232128-1-7-128
38,826.725,0,310726,1022511860,101,WA003,3002A-3005WGUM-3007DRYGUM-3007FO-3007S-3015A-3025S-3035A-9999A-9999C-9999CS-9999E,WA007,300991592,232128-1-7-128
38,2115,1,310768,1052511821,102,ID002,9999A,ID010,300990748,""
38,2057,1,310768,1052511821,102,ID002,9999A,ID010,300990749,""
38,2195,1,310768,1052511821,102,ID002,9999A,ID010,300990750,""
38,2062,1,310768,1052511821,102,ID002,9999A,ID010,300990751,""
38,2168,1,310768,1052511821,102,ID002,9999A,ID010,300990755,""
38,2098,1,310768,1052511821,102,ID002,9999A,ID010,300990756,""
38,2160,1,310768,1052511821,102,ID002,9999A,ID010,300990758,""
38,2044,1,310768,1052511821,102,ID002,9999A,ID010,300990759,""
38,2170,1,310768,1052511822,102,ID002,9999A,ID010,300990775,""
38,2074,1,310768,1052511822,102,ID002,9999A,ID010,300990776,""
38,2170,1,310768,1052511822,102,ID002,9999A,ID010,300990787,""
38,2094,1,310768,1052511822,102,ID002,9999A,ID010,300990788,""
38,2175,1,310768,1052511822,102,ID002,9999A,ID010,300990794,""
38,2011,1,310768,1052511822,102,ID002,9999A,ID010,300990795,""
38,2173,1,310768,1052511822,102,ID002,9999A,ID010,300990797,""
38,2110,1,310768,1052511822,102,ID002,9999A,ID010,300990798,""
39,55.115,0,310015,1052511705,101,ID002,3117A-3123A-9999A-9999E,TX001,300988645,""
39,55.115,0,310015,1052511706,101,ID002,3117A-3123A-9999A-9999E,TX001,300988694,""
39,2755.75,1,310015,1052511707,101,ID002,3117A-3123A-9999A-9999E,TX001,300988732,233486-1-1-107
39,55.115,0,310015,1052511707,101,ID002,3117A-3123A-9999A-9999E,TX001,300988733,""
39,2700.635,1,310015,1052511707,101,ID002,3117A-3123A-9999A-9999E,TX001,300988733,233486-1-1-107
39,110.23,0,310015,1052511707,101,ID002,3117A-3123A-9999A-9999E,TX001,300988734,""
39,2645.52,1,310015,1052511707,101,ID002,3117A-3123A-9999A-9999E,TX001,300988734,233486-1-1-107
39,165.345,0,310015,1052511707,101,ID002,3117A-3123A-9999A-9999E,TX001,300988770,""
39,2590.405,1,310015,1052511707,101,ID002,3117A-3123A-9999A-9999E,TX001,300988770,233486-1-1-107
39,2590.405,1,310015,1052511707,101,ID002,3117A-3123A-9999A-9999E,TX001,300988771,233486-1-1-107
39,2755.75,1,310015,1052511707,101,ID002,3117A-3123A-9999A-9999E,TX001,300988772,233486-1-1-107
39,2755.75,1,310015,1052511707,101,ID002,3117A-3123A-9999A-9999E,TX001,300988773,233486-1-1-107
39,2755.75,1,310015,1052511708,101,ID002,3117A-3123A-9999A-9999E,TX001,300988817,233486-1-1-107
39,2755.75,1,310015,1052511708,101,ID002,3117A-3123A-9999A-9999E,TX001,300988818,233486-1-1-107
39,2755.75,1,310015,1052511708,101,ID002,3117A-3123A-9999A-9999E,TX001,300988819,233486-1-1-107
39,2755.75,1,310015,1052511708,101,ID002,3117A-3123A-9999A-9999E,TX001,300988820,233486-1-1-107
39,2755.75,1,310015,1052511708,101,ID002,3117A-3123A-9999A-9999E,TX001,300988821,233486-1-1-107
39,2755.75,1,310015,1052511708,101,ID002,3117A-3123A-9999A-9999E,TX001,300988822,233486-1-1-107
39,2755.75,1,310015,1052511708,101,ID002,3117A-3123A-9999A-9999E,TX001,300988823,233486-1-1-107
39,55.115,0,310015,1052511708,101,ID002,3117A-3123A-9999A-9999E,TX001,300988824,""
39,2700.635,1,310015,1052511708,101,ID002,3117A-3123A-9999A-9999E,TX001,300988824,233486-1-1-107
39,2755.75,1,310015,1052511709,101,ID002,3117A-3123A-9999A-9999E,TX001,300988851,233486-1-1-107
39,55.115,0,310015,1052511709,101,ID002,3117A-3123A-9999A-9999E,TX001,300988854,""
39,2700.635,1,310015,1052511709,101,ID002,3117A-3123A-9999A-9999E,TX001,300988854,233486-1-1-108
39,2755.75,1,310015,1052511709,101,ID002,3117A-3123A-9999A-9999E,TX001,300988856,233486-1-1-108
39,2755.75,1,310015,1052511709,101,ID002,3117A-3123A-9999A-9999E,TX001,300988859,233486-1-1-108
39,2755.75,1,310015,1052511709,101,ID002,3117A-3123A-9999A-9999E,TX001,300988860,233486-1-1-108
39,110.23,0,310015,1052511709,101,ID002,3117A-3123A-9999A-9999E,TX001,300988861,""
39,2645.52,1,310015,1052511709,101,ID002,3117A-3123A-9999A-9999E,TX001,300988861,233486-1-1-108
39,2755.75,1,310015,1052511709,101,ID002,3117A-3123A-9999A-9999E,TX001,300988862,233486-1-1-108
39,2755.75,1,310015,1052511709,101,ID002,3117A-3123A-9999A-9999E,TX001,300988863,233486-1-1-108
39,2755.75,1,310015,1052511710,101,ID002,3117A-3123A-9999A-9999E,TX001,300988958,233486-1-1-108
39,2755.75,1,310015,1052511710,101,ID002,3117A-3123A-9999A-9999E,TX001,300988960,233486-1-1-108
39,2755.75,1,310015,1052511710,101,ID002,3117A-3123A-9999A-9999E,TX001,300988962,233486-1-1-108
39,2755.75,1,310015,1052511710,101,ID002,3117A-3123A-9999A-9999E,TX001,300988964,233486-1-1-108
39,55.115,0,310015,1052511710,101,ID002,3117A-3123A-9999A-9999E,TX001,300988966,""
39,2700.635,1,310015,1052511710,101,ID002,3117A-3123A-9999A-9999E,TX001,300988966,233486-1-1-108
39,2755.75,1,310015,1052511710,101,ID002,3117A-3123A-9999A-9999E,TX001,300988968,233486-1-1-108
39,2755.75,1,310015,1052511710,101,ID002,3117A-3123A-9999A-9999E,TX001,300988969,233486-1-1-108
39,2755.75,1,310015,1052511710,101,ID002,3117A-3123A-9999A-9999E,TX001,300988970,233486-1-1-108
39,110.23,0,310015,1052511711,101,ID002,3117A-3123A-3132A-9999A-9999E,TX001,300989025,""
39,2645.52,1,310015,1052511711,101,ID002,3117A-3123A-3132A-9999A-9999E,TX001,300989025,233486-1-1-108
39,2755.75,1,310015,1052511711,101,ID002,3117A-3123A-3132A-9999A-9999E,TX001,300989026,233089-1-3-114
39,2755.75,1,310015,1052511711,101,ID002,3117A-3123A-3132A-9999A-9999E,TX001,300989027,233089-1-3-114
39,55.115,0,310015,1052511711,101,ID002,3117A-3123A-3132A-9999A-9999E,TX001,300989028,""
39,2700.635,1,310015,1052511711,101,ID002,3117A-3123A-3132A-9999A-9999E,TX001,300989028,233089-1-3-114
39,55.115,0,310015,1052511711,101,ID002,3117A-3123A-3132A-9999A-9999E,TX001,300989029,""
39,2700.635,1,310015,1052511711,101,ID002,3117A-3123A-3132A-9999A-9999E,TX001,300989029,233089-1-3-114
39,2755.75,1,310015,1052511711,101,ID002,3117A-3123A-3132A-9999A-9999E,TX001,300989030,233089-1-3-114
39,2755.75,1,310015,1052511711,101,ID002,3117A-3123A-3132A-9999A-9999E,TX001,300989031,233089-1-3-114
39,2755.75,1,310015,1052511711,101,ID002,3117A-3123A-3132A-9999A-9999E,TX001,300989032,233089-1-3-114
39,2755.75,1,310015,1052511712,101,ID002,3117A-3123A-3132A-9999A-9999E,TX001,300989064,233089-1-3-114
39,2755.75,1,310015,1052511712,101,ID002,3117A-3123A-3132A-9999A-9999E,TX001,300989065,233089-1-3-114
39,2755.75,1,310015,1052511712,101,ID002,3117A-3123A-3132A-9999A-9999E,TX001,300989066,233089-1-3-114
39,2755.75,1,310015,1052511712,101,ID002,3117A-3123A-3132A-9999A-9999E,TX001,300989067,233089-1-3-114
39,2755.75,1,310724,1012511704,101,WA002,3040A-3045A-3053A-9999A,WA007,300988839,233472-1-1-107
39,2755.75,1,310724,1012511704,101,WA002,3040A-3045A-3053A-9999A,WA007,300988840,233472-1-1-107
39,2755.75,1,310724,1012511704,101,WA002,3040A-3045A-3053A-9999A,WA007,300988843,233472-1-1-107
39,2755.75,1,310724,1012511704,101,WA002,3040A-3045A-3053A-9999A,WA007,300988864,233472-1-1-107
39,2755.75,1,310724,1012511704,101,WA002,3040A-3045A-3053A-9999A,WA007,300988904,233472-1-1-107
39,2755.75,1,310724,1012511704,101,WA002,3040A-3045A-3053A-9999A,WA007,300988905,233472-1-1-107
39,2755.75,1,310724,1012511704,101,WA002,3040A-3045A-3053A-9999A,WA007,300988906,233472-1-1-107
39,2755.75,1,310724,1012511704,101,WA002,3040A-3045A-3053A-9999A,WA007,300988914,233472-1-1-107
39,2755.75,1,310724,1012511706,101,WA002,3040A-3045A-3053A-9999A,WA007,300989013,233472-1-1-107
39,2755.75,1,310724,1012511706,101,WA002,3040A-3045A-3053A-9999A,WA007,300989014,233472-1-1-107
39,2755.75,1,310724,1012511706,101,WA002,3040A-3045A-3053A-9999A,WA007,300989015,233472-1-1-107
39,2755.75,1,310724,1012511706,101,WA002,3040A-3045A-3053A-9999A,WA007,300989033,233472-1-1-107
39,2755.75,1,310724,1012511706,101,WA002,3040A-3045A-3053A-9999A,WA007,300989034,233472-1-1-107
39,2755.75,1,310724,1012511706,101,WA002,3040A-3045A-3053A-9999A,WA007,300989035,233472-1-1-107
39,2755.75,1,310724,1012511706,101,WA002,3040A-3045A-3053A-9999A,WA007,300989161,233472-1-1-107
39,2755.75,1,310724,1012511706,101,WA002,3040A-3045A-3053A-9999A,WA007,300989162,233472-1-1-107
39,2755.75,1,310726,1022511752,101,WA003,3002A-3005WGUM-3007DRYGUM-3007FO-3007S-3015A-3025S-3033A-3035A-9999A-9999C-9999CS-9999E,WA007,300989542,232128-1-7-126
39,2755.75,1,310726,1022511752,101,WA003,3002A-3005WGUM-3007DRYGUM-3007FO-3007S-3015A-3025S-3033A-3035A-9999A-9999C-9999CS-9999E,WA007,300989543,232128-1-7-126
39,2755.75,1,310726,1022511752,101,WA003,3002A-3005WGUM-3007DRYGUM-3007FO-3007S-3015A-3025S-3033A-3035A-9999A-9999C-9999CS-9999E,WA007,300989544,232128-1-7-126
39,2755.75,1,310726,1022511752,101,WA003,3002A-3005WGUM-3007DRYGUM-3007FO-3007S-3015A-3025S-3033A-3035A-9999A-9999C-9999CS-9999E,WA007,300989545,232128-1-7-126
39,2755.75,1,310726,1022511752,101,WA003,3002A-3005WGUM-3007DRYGUM-3007FO-3007S-3015A-3025S-3033A-3035A-9999A-9999C-9999CS-9999E,WA007,300989606,232128-1-7-126
39,2755.75,1,310726,1022511752,101,WA003,3002A-3005WGUM-3007DRYGUM-3007FO-3007S-3015A-3025S-3033A-3035A-9999A-9999C-9999CS-9999E,WA007,300989607,232128-1-7-126
39,2755.75,1,310726,1022511752,101,WA003,3002A-3005WGUM-3007DRYGUM-3007FO-3007S-3015A-3025S-3033A-3035A-9999A-9999C-9999CS-9999E,WA007,300989608,232128-1-7-126
39,2755.75,1,310726,1022511752,101,WA003,3002A-3005WGUM-3007DRYGUM-3007FO-3007S-3015A-3025S-3033A-3035A-9999A-9999C-9999CS-9999E,WA007,300989610,232128-1-7-126
39,2755.75,1,310726,1022511753,101,WA003,3002A-3005WGUM-3007DRYGUM-3007FO-3007S-3015A-3025S-3033A-3035A-9999A-9999C-9999CS-9999E,WA007,300989665,232128-1-7-127
39,2755.75,1,310726,1022511753,101,WA003,3002A-3005WGUM-3007DRYGUM-3007FO-3007S-3015A-3025S-3033A-3035A-9999A-9999C-9999CS-9999E,WA007,300989666,232128-1-7-127
39,2755.75,1,310726,1022511753,101,WA003,3002A-3005WGUM-3007DRYGUM-3007FO-3007S-3015A-3025S-3033A-3035A-9999A-9999C-9999CS-9999E,WA007,300989667,232128-1-7-127
39,2755.75,1,310726,1022511753,101,WA003,3002A-3005WGUM-3007DRYGUM-3007FO-3007S-3015A-3025S-3033A-3035A-9999A-9999C-9999CS-9999E,WA007,300989668,232128-1-7-127
39,2755.75,1,310726,1022511753,101,WA003,3002A-3005WGUM-3007DRYGUM-3007FO-3007S-3015A-3025S-3033A-3035A-9999A-9999C-9999CS-9999E,WA007,300989680,232128-1-7-127
39,2755.75,1,310726,1022511753,101,WA003,3002A-3005WGUM-3007DRYGUM-3007FO-3007S-3015A-3025S-3033A-3035A-9999A-9999C-9999CS-9999E,WA007,300989681,232128-1-7-127
39,2755.75,1,310726,1022511753,101,WA003,3002A-3005WGUM-3007DRYGUM-3007FO-3007S-3015A-3025S-3033A-3035A-9999A-9999C-9999CS-9999E,WA007,300989682,232128-1-7-127
39,2755.75,1,310726,1022511753,101,WA003,3002A-3005WGUM-3007DRYGUM-3007FO-3007S-3015A-3025S-3033A-3035A-9999A-9999C-9999CS-9999E,WA007,300989683,232128-1-7-127
39,2755.75,1,310726,1022511754,101,WA003,3002A-3005WGUM-3007DRYGUM-3007FO-3007S-3015A-3025S-3033A-3035A-9999A-9999C-9999CS-9999E,WA007,300989691,232128-1-7-127
39,2755.75,1,310726,1022511754,101,WA003,3002A-3005WGUM-3007DRYGUM-3007FO-3007S-3015A-3025S-3033A-3035A-9999A-9999C-9999CS-9999E,WA007,300989692,232128-1-7-127
39,2755.75,1,310726,1022511754,101,WA003,3002A-3005WGUM-3007DRYGUM-3007FO-3007S-3015A-3025S-3033A-3035A-9999A-9999C-9999CS-9999E,WA007,300989697,232128-1-7-127
39,2755.75,1,310726,1022511754,101,WA003,3002A-3005WGUM-3007DRYGUM-3007FO-3007S-3015A-3025S-3033A-3035A-9999A-9999C-9999CS-9999E,WA007,300989698,232128-1-7-127
39,2755.75,1,310726,1022511754,101,WA003,3002A-3005WGUM-3007DRYGUM-3007FO-3007S-3015A-3025S-3033A-3035A-9999A-9999C-9999CS-9999E,WA007,300989699,232128-1-7-127
39,2755.75,1,310726,1022511754,101,WA003,3002A-3005WGUM-3007DRYGUM-3007FO-3007S-3015A-3025S-3033A-3035A-9999A-9999C-9999CS-9999E,WA007,300989712,232128-1-7-127
39,2755.75,1,310726,1022511754,101,WA003,3002A-3005WGUM-3007DRYGUM-3007FO-3007S-3015A-3025S-3033A-3035A-9999A-9999C-9999CS-9999E,WA007,300989713,232128-1-7-127
39,2755.75,1,310726,1022511754,101,WA003,3002A-3005WGUM-3007DRYGUM-3007FO-3007S-3015A-3025S-3033A-3035A-9999A-9999C-9999CS-9999E,WA007,300989714,232128-1-7-127
39,2755.75,1,310726,1022511755,101,WA003,3002A-3005WGUM-3007DRYGUM-3007FO-3007S-3015A-3025S-3033A-3035A-9999A-9999C-9999CS-9999E,WA007,300989756,232128-1-7-127
39,2755.75,1,310726,1022511755,101,WA003,3002A-3005WGUM-3007DRYGUM-3007FO-3007S-3015A-3025S-3033A-3035A-9999A-9999C-9999CS-9999E,WA007,300989757,232128-1-7-127
39,2755.75,1,310726,1022511755,101,WA003,3002A-3005WGUM-3007DRYGUM-3007FO-3007S-3015A-3025S-3033A-3035A-9999A-9999C-9999CS-9999E,WA007,300989758,232128-1-7-127
39,2755.75,1,310726,1022511755,101,WA003,3002A-3005WGUM-3007DRYGUM-3007FO-3007S-3015A-3025S-3033A-3035A-9999A-9999C-9999CS-9999E,WA007,300989759,232128-1-7-127
39,2755.75,1,310726,1022511755,101,WA003,3002A-3005WGUM-3007DRYGUM-3007FO-3007S-3015A-3025S-3033A-3035A-9999A-9999C-9999CS-9999E,WA007,300989761,232128-1-7-127
39,2755.75,1,310726,1022511755,101,WA003,3002A-3005WGUM-3007DRYGUM-3007FO-3007S-3015A-3025S-3033A-3035A-9999A-9999C-9999CS-9999E,WA007,300989762,232128-1-7-127
39,2755.75,1,310726,1022511755,101,WA003,3002A-3005WGUM-3007DRYGUM-3007FO-3007S-3015A-3025S-3033A-3035A-9999A-9999C-9999CS-9999E,WA007,300989767,232128-1-7-127
39,2755.75,1,310726,1022511755,101,WA003,3002A-3005WGUM-3007DRYGUM-3007FO-3007S-3015A-3025S-3033A-3035A-9999A-9999C-9999CS-9999E,WA007,300989768,232128-1-7-127
39,2755.75,1,310726,1022511756,101,WA003,3002A-3005WGUM-3007DRYGUM-3007FO-3007S-3015A-3025S-3033A-3035A-9999A-9999C-9999CS-9999E,WA007,300989771,232128-1-7-127
39,2755.75,1,310726,1022511756,101,WA003,3002A-3005WGUM-3007DRYGUM-3007FO-3007S-3015A-3025S-3033A-3035A-9999A-9999C-9999CS-9999E,WA007,300989773,232128-1-7-127
39,2755.75,1,310726,1022511756,101,WA003,3002A-3005WGUM-3007DRYGUM-3007FO-3007S-3015A-3025S-3033A-3035A-9999A-9999C-9999CS-9999E,WA007,300989782,232128-1-7-127
39,2755.75,1,310726,1022511756,101,WA003,3002A-3005WGUM-3007DRYGUM-3007FO-3007S-3015A-3025S-3033A-3035A-9999A-9999C-9999CS-9999E,WA007,300989944,232128-1-7-127
39,2755.75,1,310726,1022511756,101,WA003,3002A-3005WGUM-3007DRYGUM-3007FO-3007S-3015A-3025S-3033A-3035A-9999A-9999C-9999CS-9999E,WA007,300989945,232128-1-7-127
39,2755.75,1,310726,1022511756,101,WA003,3002A-3005WGUM-3007DRYGUM-3007FO-3007S-3015A-3025S-3033A-3035A-9999A-9999C-9999CS-9999E,WA007,300989950,232128-1-7-127
39,2755.75,1,310726,1022511756,101,WA003,3002A-3005WGUM-3007DRYGUM-3007FO-3007S-3015A-3025S-3033A-3035A-9999A-9999C-9999CS-9999E,WA007,300989960,232128-1-7-127
39,2755.75,1,310726,1022511756,101,WA003,3002A-3005WGUM-3007DRYGUM-3007FO-3007S-3015A-3025S-3033A-3035A-9999A-9999C-9999CS-9999E,WA007,300989961,232128-1-7-127
39,2755.75,1,310726,1022511762,101,WA003,3005WGUM-3007DRYGUM-3007FO-3007S-3025S-3033A-3035A-9999A-9999C-9999CS-9999E,WA007,300990479,232128-1-7-127
39,2755.75,1,310726,1022511762,101,WA003,3005WGUM-3007DRYGUM-3007FO-3007S-3025S-3033A-3035A-9999A-9999C-9999CS-9999E,WA007,300990480,232128-1-7-127
39,2755.75,1,310726,1022511762,101,WA003,3005WGUM-3007DRYGUM-3007FO-3007S-3025S-3033A-3035A-9999A-9999C-9999CS-9999E,WA007,300990481,232128-1-7-127
39,2755.75,1,310726,1022511762,101,WA003,3005WGUM-3007DRYGUM-3007FO-3007S-3025S-3033A-3035A-9999A-9999C-9999CS-9999E,WA007,300990482,232128-1-7-127
39,2755.75,1,310726,1022511762,101,WA003,3005WGUM-3007DRYGUM-3007FO-3007S-3025S-3033A-3035A-9999A-9999C-9999CS-9999E,WA007,300990541,232128-1-7-127
39,2755.75,1,310726,1022511762,101,WA003,3005WGUM-3007DRYGUM-3007FO-3007S-3025S-3033A-3035A-9999A-9999C-9999CS-9999E,WA007,300990542,232128-1-7-127
39,2755.75,1,310726,1022511762,101,WA003,3005WGUM-3007DRYGUM-3007FO-3007S-3025S-3033A-3035A-9999A-9999C-9999CS-9999E,WA007,300990543,232128-1-7-127
39,2755.75,1,310726,1022511762,101,WA003,3005WGUM-3007DRYGUM-3007FO-3007S-3025S-3033A-3035A-9999A-9999C-9999CS-9999E,WA007,300990668,232128-1-7-127
39,2755.75,1,310726,1022511763,101,WA003,3005WGUM-3007DRYGUM-3007FO-3007S-3025S-3035A-9999A-9999C-9999CS-9999E,WA007,300990680,232128-1-7-127
39,2755.75,1,310726,1022511763,101,WA003,3005WGUM-3007DRYGUM-3007FO-3007S-3025S-3035A-9999A-9999C-9999CS-9999E,WA007,300990681,232128-1-7-127
39,2755.75,1,310726,1022511763,101,WA003,3005WGUM-3007DRYGUM-3007FO-3007S-3025S-3035A-9999A-9999C-9999CS-9999E,WA007,300990692,232128-1-7-127
39,2755.75,1,310726,1022511763,101,WA003,3005WGUM-3007DRYGUM-3007FO-3007S-3025S-3035A-9999A-9999C-9999CS-9999E,WA007,300990705,232128-1-7-127
39,2755.75,1,310726,1022511763,101,WA003,3005WGUM-3007DRYGUM-3007FO-3007S-3025S-3035A-9999A-9999C-9999CS-9999E,WA007,300990715,232128-1-7-127
39,2755.75,1,310726,1022511763,101,WA003,3005WGUM-3007DRYGUM-3007FO-3007S-3025S-3035A-9999A-9999C-9999CS-9999E,WA007,300990716,232128-1-7-127
39,2755.75,1,310726,1022511763,101,WA003,3005WGUM-3007DRYGUM-3007FO-3007S-3025S-3035A-9999A-9999C-9999CS-9999E,WA007,300990717,232128-1-7-127
39,2755.75,1,310726,1022511763,101,WA003,3005WGUM-3007DRYGUM-3007FO-3007S-3025S-3035A-9999A-9999C-9999CS-9999E,WA007,300990718,232128-1-7-127
40,2755.75,1,310002,1002511601,102,WA001,9999A,TX001,300987241,""
40,2755.75,1,310002,1002511601,102,WA001,9999A,TX001,300987242,""
40,2755.75,1,310002,1002511601,102,WA001,9999A,TX001,300987243,""
40,2755.75,1,310002,1002511601,102,WA001,9999A,TX001,300987244,""
40,2755.75,1,310002,1002511601,102,WA001,9999A,TX001,300987245,""
40,2755.75,1,310002,1002511601,102,WA001,9999A,TX001,300987247,""
40,2755.75,1,310015,1052511601,101,ID002,3132A,TX001,300986866,233492-1-1-107
40,2700.635,1,310015,1052511601,101,ID002,3132A,TX001,300986867,233492-1-1-107
40,2755.75,1,310015,1052511601,101,ID002,3132A,TX001,300986868,233492-1-1-107
40,2755.75,1,310015,1052511601,101,ID002,3132A,TX001,300986869,233492-1-1-107
40,2755.75,1,310015,1052511601,101,ID002,3132A,TX001,300986877,233492-1-1-107
40,2755.75,1,310015,1052511601,101,ID002,3132A,TX001,300986880,233492-1-1-107
40,55.115,0,310015,1052511601,101,ID002,3132A,TX001,300986881,""
40,2700.635,1,310015,1052511601,101,ID002,3132A,TX001,300986881,233492-1-1-107
40,2755.75,1,310015,1052511601,101,ID002,3132A,TX001,300986882,233492-1-1-107
40,55.115,0,310015,1052511602,101,ID002,3132A,TX001,300986962,""
40,2700.635,1,310015,1052511602,101,ID002,3132A,TX001,300986962,233492-1-1-108
40,2755.75,1,310015,1052511602,101,ID002,3132A,TX001,300986965,233492-1-1-108
40,55.115,0,310015,1052511602,101,ID002,3132A,TX001,300986966,""
40,2700.635,1,310015,1052511602,101,ID002,3132A,TX001,300986966,233492-1-1-108
40,2755.75,1,310015,1052511602,101,ID002,3132A,TX001,300986967,233492-1-1-108
40,2755.75,1,310015,1052511602,101,ID002,3132A,TX001,300986968,233492-1-1-108
40,2755.75,1,310015,1052511602,101,ID002,3132A,TX001,300986969,233492-1-1-108
40,55.115,0,310015,1052511602,101,ID002,3132A,TX001,300986970,""
40,2700.635,1,310015,1052511602,101,ID002,3132A,TX001,300986970,233492-1-1-108
40,2755.75,1,310015,1052511602,101,ID002,3132A,TX001,300986971,233492-1-1-108
40,2755.75,1,310015,1052511603,101,ID002,3132A,TX001,300987043,233492-1-1-108
40,2755.75,1,310015,1052511603,101,ID002,3132A,TX001,300987045,233492-1-1-108
40,55.115,0,310015,1052511603,101,ID002,3132A,TX001,300987046,""
40,2700.635,1,310015,1052511603,101,ID002,3132A,TX001,300987046,233492-1-1-108
40,110.23,0,310015,1052511603,101,ID002,3132A,TX001,300987047,""
40,2645.52,1,310015,1052511603,101,ID002,3132A,TX001,300987047,233492-1-1-108
40,55.115,0,310015,1052511603,101,ID002,3132A,TX001,300987049,""
40,2700.635,1,310015,1052511603,101,ID002,3132A,TX001,300987049,233492-1-1-108
40,2755.75,1,310015,1052511603,101,ID002,3132A,TX001,300987051,233492-1-1-108
40,55.115,0,310015,1052511603,101,ID002,3132A,TX001,300987159,""
40,2700.635,1,310015,1052511603,101,ID002,3132A,TX001,300987159,233492-1-1-108
40,2755.75,1,310015,1052511603,101,ID002,3132A,TX001,300987164,233492-1-1-108
40,110.23,0,310015,1052511604,101,ID002,3132A,TX001,300987204,""
40,2645.52,1,310015,1052511604,101,ID002,3132A,TX001,300987204,233492-1-1-108
40,55.115,0,310015,1052511604,101,ID002,3132A,TX001,300987205,""
40,2700.635,1,310015,1052511604,101,ID002,3132A,TX001,300987205,233492-1-1-108
40,2755.75,1,310015,1052511604,101,ID002,3132A,TX001,300987206,233492-1-1-108
40,55.115,0,310015,1052511604,101,ID002,3132A,TX001,300987207,""
40,2700.635,1,310015,1052511604,101,ID002,3132A,TX001,300987207,233492-1-1-108
40,55.115,0,310015,1052511604,101,ID002,3132A,TX001,300987249,""
40,2700.635,1,310015,1052511604,101,ID002,3132A,TX001,300987249,233492-1-1-108
40,2755.75,1,310015,1052511604,101,ID002,3132A,TX001,300987251,233498-1-1-101
40,2755.75,1,310015,1052511604,101,ID002,3132A,TX001,300987253,233498-1-1-101
40,2755.75,1,310015,1052511604,101,ID002,3132A,TX001,300987255,233498-1-1-101
40,2755.75,1,310015,1052511606,101,ID002,3132A,TX001,300987427,233498-1-1-101
40,2755.75,1,310015,1052511606,101,ID002,3132A,TX001,300987428,233498-1-1-101
40,2755.75,1,310015,1052511606,101,ID002,3132A,TX001,300987429,233498-1-1-101
40,2755.75,1,310015,1052511607,101,ID002,3132A,TX001,300987550,233498-1-1-101
40,55.115,0,310015,1052511607,101,ID002,3132A,TX001,300987551,""
40,2700.635,1,310015,1052511607,101,ID002,3132A,TX001,300987551,233498-1-1-101
40,2755.75,1,310015,1052511607,101,ID002,3132A,TX001,300987552,233498-1-1-101
40,2755.75,1,310015,1052511607,101,ID002,3132A,TX001,300987553,233498-1-1-101
40,2755.75,1,310015,1052511607,101,ID002,3132A,TX001,300987554,233498-1-1-101
40,110.23,0,310015,1052511607,101,ID002,3132A,TX001,300987555,""
40,2645.52,1,310015,1052511607,101,ID002,3132A,TX001,300987555,233498-1-1-101
40,55.115,0,310015,1052511607,101,ID002,3132A,TX001,300987556,""
40,2700.635,1,310015,1052511607,101,ID002,3132A,TX001,300987556,233498-1-1-101
40,55.115,0,310015,1052511607,101,ID002,3132A,TX001,300987557,""
40,2700.635,1,310015,1052511607,101,ID002,3132A,TX001,300987557,233498-1-1-101
40,2755.75,1,310015,1052511608,101,ID002,3132A,TX001,300987597,233498-1-1-101
40,2755.75,1,310015,1052511608,101,ID002,3132A,TX001,300987598,233498-1-1-101
40,2755.75,1,310015,1052511608,101,ID002,3132A,TX001,300987599,233498-1-1-101
40,2755.75,1,310015,1052511608,101,ID002,3132A,TX001,300987600,233498-1-1-101
40,2755.75,1,310015,1052511608,101,ID002,3132A,TX001,300987601,233498-1-1-101
40,2755.75,1,310015,1052511608,101,ID002,3132A,TX001,300987602,233498-1-1-101
40,2755.75,1,310015,1052511608,101,ID002,3132A,TX001,300987603,233498-1-1-101
40,55.115,0,310015,1052511608,101,ID002,3132A,TX001,300987604,""
40,2700.635,1,310015,1052511608,101,ID002,3132A,TX001,300987604,233492-1-1-110
40,2755.75,1,310015,1052511609,101,ID002,3132A,TX001,300987653,233089-1-3-113
40,2755.75,1,310015,1052511609,101,ID002,3132A,TX001,300987655,233089-1-3-113
40,2755.75,1,310015,1052511609,101,ID002,3132A,TX001,300987657,233089-1-3-113
40,2755.75,1,310015,1052511609,101,ID002,3132A,TX001,300987659,233089-1-3-113
40,2755.75,1,310015,1052511609,101,ID002,3132A,TX001,300987676,233089-1-3-113
40,55.115,0,310015,1052511609,101,ID002,3132A,TX001,300987677,""
40,2700.635,1,310015,1052511609,101,ID002,3132A,TX001,300987677,233089-1-3-113
40,110.23,0,310015,1052511609,101,ID002,3132A,TX001,300987680,""
40,2645.52,1,310015,1052511609,101,ID002,3132A,TX001,300987680,233089-1-3-114
40,2755.75,1,310015,1052511609,101,ID002,3132A,TX001,300987684,233089-1-3-114
40,2755.75,1,310015,1052511610,101,ID002,3132A,TX001,300987700,233089-1-3-114
40,2755.75,1,310015,1052511610,101,ID002,3132A,TX001,300987701,233089-1-3-114
40,110.23,0,310015,1052511610,101,ID002,3132A,TX001,300987702,""
40,2645.52,1,310015,1052511610,101,ID002,3132A,TX001,300987702,233089-1-3-114
40,2755.75,1,310015,1052511610,101,ID002,3132A,TX001,300987703,233089-1-3-114
40,2755.75,1,310015,1052511610,101,ID002,3132A,TX001,300987744,233089-1-3-114
40,2755.75,1,310015,1052511610,101,ID002,3132A,TX001,300987745,233089-1-3-114
40,2755.75,1,310015,1052511610,101,ID002,3132A,TX001,300987747,233089-1-3-114
40,55.115,0,310015,1052511610,101,ID002,3132A,TX001,300987748,""
40,2700.635,1,310015,1052511610,101,ID002,3132A,TX001,300987748,233492-1-1-110
40,2755.75,1,310015,1052511611,101,ID002,3132A,TX001,300987753,233486-1-1-105
40,2755.75,1,310015,1052511611,101,ID002,3132A,TX001,300987754,233486-1-1-105
40,2755.75,1,310015,1052511611,101,ID002,3132A,TX001,300987755,233486-1-1-105
40,2755.75,1,310015,1052511611,101,ID002,3132A,TX001,300987756,233486-1-1-105
40,2755.75,1,310015,1052511611,101,ID002,3132A,TX001,300987771,233486-1-1-105
40,55.115,0,310015,1052511611,101,ID002,3132A,TX001,300987772,""
40,2700.635,1,310015,1052511611,101,ID002,3132A,TX001,300987772,233486-1-1-105
40,2755.75,1,310018,1002511602,102,WA001,9999A,WA001,300987715,""
40,2755.75,1,310018,1002511602,102,WA001,9999A,WA001,300987716,""
40,2755.75,1,310018,1002511602,102,WA001,9999A,WA001,300987717,""
40,2755.75,1,310018,1002511603,102,WA001,9999A,WA001,300987770,""
40,2755.75,1,310018,1002511603,102,WA001,9999A,WA001,300987780,""
40,2755.75,1,310018,1002511603,102,WA001,9999A,WA001,300987918,""
40,2755.75,1,310018,1002511603,102,WA001,9999A,WA001,300987919,""
40,2755.75,1,310018,1002511603,102,WA001,9999A,WA001,300987925,""
40,2755.75,1,310018,1002511603,102,WA001,9999A,WA001,300987944,""
40,2755.75,1,310018,1002511603,102,WA001,9999A,WA001,300987945,""
40,2755.75,1,310018,1002511603,102,WA001,9999A,WA001,300987946,""
40,2755.75,1,310018,1002511604,102,WA001,9999A,WA001,300987973,""
40,2755.75,1,310018,1002511604,102,WA001,9999A,WA001,300987980,""
40,2755.75,1,310018,1002511604,102,WA001,9999A,WA001,300987983,""
40,2755.75,1,310018,1002511604,102,WA001,9999A,WA001,300988001,""
40,2755.75,1,310018,1002511604,102,WA001,9999A,WA001,300988002,""
40,2755.75,1,310018,1002511604,102,WA001,9999A,WA001,300988003,""
40,2755.75,1,310018,1002511604,102,WA001,9999A,WA001,300988053,""
40,2755.75,1,310018,1002511604,102,WA001,9999A,WA001,300988054,""
40,2755.75,1,310018,1002511605,102,WA001,9999A,WA001,300988056,""
40,2755.75,1,310018,1002511605,102,WA001,9999A,WA001,300988057,""
40,2755.75,1,310018,1002511605,102,WA001,9999A,WA018,300988058,""
40,2755.75,1,310018,1002511605,102,WA001,9999A,WA018,300988059,""
40,2755.75,1,310724,1012511608,101,WA002,3040A-3045A-3053A-9999A,WA007,300987502,233472-1-1-105
40,2755.75,1,310724,1012511608,101,WA002,3040A-3045A-3053A-9999A,WA007,300987505,233472-1-1-105
40,2755.75,1,310724,1012511608,101,WA002,3040A-3045A-3053A-9999A,WA007,300987506,233472-1-1-105
40,2755.75,1,310724,1012511608,101,WA002,3040A-3045A-3053A-9999A,WA007,300987565,233472-1-1-105
40,2755.75,1,310724,1012511608,101,WA002,3040A-3045A-3053A-9999A,WA007,300987566,233472-1-1-105
40,2755.75,1,310724,1012511608,101,WA002,3040A-3045A-3053A-9999A,WA007,300987567,233472-1-1-106
40,2755.75,1,310724,1012511608,101,WA002,3040A-3045A-3053A-9999A,WA007,300987568,233472-1-1-106
40,2755.75,1,310724,1012511608,101,WA002,3040A-3045A-3053A-9999A,WA007,300987569,233472-1-1-106
40,2755.75,1,310724,1012511611,101,WA002,3040A-3045A-3053A-9999A,WA007,300987694,233472-1-1-106
40,2755.75,1,310724,1012511611,101,WA002,3040A-3045A-3053A-9999A,WA007,300987697,233472-1-1-106
40,2755.75,1,310724,1012511611,101,WA002,3040A-3045A-3053A-9999A,WA007,300987698,233472-1-1-106
40,2755.75,1,310724,1012511611,101,WA002,3040A-3045A-3053A-9999A,WA007,300987699,233472-1-1-106
40,2755.75,1,310724,1012511611,101,WA002,3040A-3045A-3053A-9999A,WA007,300987719,233472-1-1-106
40,2755.75,1,310724,1012511611,101,WA002,3040A-3045A-3053A-9999A,WA007,300987720,233472-1-1-106
40,2755.75,1,310724,1012511611,101,WA002,3040A-3045A-3053A-9999A,WA007,300987721,233472-1-1-106
40,2755.75,1,310724,1012511611,101,WA002,3040A-3045A-3053A-9999A,WA007,300987741,233472-1-1-106
40,2755.75,1,310724,1012511613,101,WA002,3040A-3045A-3053A-9999A,WA007,300987920,233472-1-1-106
40,2755.75,1,310724,1012511613,101,WA002,3040A-3045A-3053A-9999A,WA007,300987921,233472-1-1-106
40,2755.75,1,310724,1012511613,101,WA002,3040A-3045A-3053A-9999A,WA007,300987922,233472-1-1-106
40,2755.75,1,310724,1012511613,101,WA002,3040A-3045A-3053A-9999A,WA007,300987923,233472-1-1-106
40,2755.75,1,310724,1012511613,101,WA002,3040A-3045A-3053A-9999A,WA007,300987924,233472-1-1-106
40,2755.75,1,310724,1012511613,101,WA002,3040A-3045A-3053A-9999A,WA007,300987926,233472-1-1-106
40,2755.75,1,310724,1012511613,101,WA002,3040A-3045A-3053A-9999A,WA007,300987927,233472-1-1-106
40,2755.75,1,310724,1012511613,101,WA002,3040A-3045A-3053A-9999A,WA007,300987928,233472-1-1-107
40,2755.75,1,310726,1022511652,101,WA003,3002A-3005WGUM-3007DRYGUM-3007FO-3007S-3015A-3033A-3035A-9999A-9999C-9999CS-9999E,WA007,300988143,233244-1-1-101
40,2755.75,1,310726,1022511652,101,WA003,3002A-3005WGUM-3007DRYGUM-3007FO-3007S-3015A-3033A-3035A-9999A-9999C-9999CS-9999E,WA007,300988144,233244-1-1-101
40,2755.75,1,310726,1022511652,101,WA003,3002A-3005WGUM-3007DRYGUM-3007FO-3007S-3015A-3033A-3035A-9999A-9999C-9999CS-9999E,WA007,300988145,233244-1-1-101
40,2755.75,1,310726,1022511652,101,WA003,3002A-3005WGUM-3007DRYGUM-3007FO-3007S-3015A-3033A-3035A-9999A-9999C-9999CS-9999E,WA007,300988216,233244-1-1-101
40,2755.75,1,310726,1022511652,101,WA003,3002A-3005WGUM-3007DRYGUM-3007FO-3007S-3015A-3033A-3035A-9999A-9999C-9999CS-9999E,WA007,300988217,232128-1-7-126
40,2755.75,1,310726,1022511652,101,WA003,3002A-3005WGUM-3007DRYGUM-3007FO-3007S-3015A-3033A-3035A-9999A-9999C-9999CS-9999E,WA007,300988218,232128-1-7-126
40,2755.75,1,310726,1022511652,101,WA003,3002A-3005WGUM-3007DRYGUM-3007FO-3007S-3015A-3033A-3035A-9999A-9999C-9999CS-9999E,WA007,300988219,232128-1-7-126
40,2755.75,1,310726,1022511652,101,WA003,3002A-3005WGUM-3007DRYGUM-3007FO-3007S-3015A-3033A-3035A-9999A-9999C-9999CS-9999E,WA007,300988220,232128-1-7-126
40,2755.75,1,310726,1022511653,101,WA003,3002A-3005WGUM-3007DRYGUM-3007FO-3007S-3015A-3033A-3035A-9999A-9999C-9999CS-9999E,WA007,300988247,232128-1-7-126
40,2755.75,1,310726,1022511653,101,WA003,3002A-3005WGUM-3007DRYGUM-3007FO-3007S-3015A-3033A-3035A-9999A-9999C-9999CS-9999E,WA007,300988248,232128-1-7-126
40,2755.75,1,310726,1022511653,101,WA003,3002A-3005WGUM-3007DRYGUM-3007FO-3007S-3015A-3033A-3035A-9999A-9999C-9999CS-9999E,WA007,300988249,232128-1-7-126
40,2755.75,1,310726,1022511653,101,WA003,3002A-3005WGUM-3007DRYGUM-3007FO-3007S-3015A-3033A-3035A-9999A-9999C-9999CS-9999E,WA007,300988250,232128-1-7-126
40,2755.75,1,310726,1022511653,101,WA003,3002A-3005WGUM-3007DRYGUM-3007FO-3007S-3015A-3033A-3035A-9999A-9999C-9999CS-9999E,WA007,300988306,232128-1-7-126
40,2755.75,1,310726,1022511653,101,WA003,3002A-3005WGUM-3007DRYGUM-3007FO-3007S-3015A-3033A-3035A-9999A-9999C-9999CS-9999E,WA007,300988308,232128-1-7-126
40,2755.75,1,310726,1022511653,101,WA003,3002A-3005WGUM-3007DRYGUM-3007FO-3007S-3015A-3033A-3035A-9999A-9999C-9999CS-9999E,WA007,300988322,232128-1-7-126
40,2755.75,1,310726,1022511653,101,WA003,3002A-3005WGUM-3007DRYGUM-3007FO-3007S-3015A-3033A-3035A-9999A-9999C-9999CS-9999E,WA007,300988324,232128-1-7-126
40,2755.75,1,310726,1022511654,101,WA003,3002A-3005WGUM-3007DRYGUM-3007FO-3007S-3015A-3035A-9999A-9999C-9999CS-9999E,WA007,300988346,232128-1-7-126
40,2755.75,1,310726,1022511654,101,WA003,3002A-3005WGUM-3007DRYGUM-3007FO-3007S-3015A-3035A-9999A-9999C-9999CS-9999E,WA007,300988347,232128-1-7-126
40,2755.75,1,310726,1022511654,101,WA003,3002A-3005WGUM-3007DRYGUM-3007FO-3007S-3015A-3035A-9999A-9999C-9999CS-9999E,WA007,300988370,232128-1-7-126
40,2700.635,1,310726,1022511654,101,WA003,3002A-3005WGUM-3007DRYGUM-3007FO-3007S-3015A-3035A-9999A-9999C-9999CS-9999E,WA007,300988371,232128-1-7-126
40,2755.75,1,310726,1022511654,101,WA003,3002A-3005WGUM-3007DRYGUM-3007FO-3007S-3015A-3035A-9999A-9999C-9999CS-9999E,WA007,300988372,232128-1-7-126
40,2755.75,1,310726,1022511654,101,WA003,3002A-3005WGUM-3007DRYGUM-3007FO-3007S-3015A-3035A-9999A-9999C-9999CS-9999E,WA007,300988373,232128-1-7-126
40,2755.75,1,310726,1022511654,101,WA003,3002A-3005WGUM-3007DRYGUM-3007FO-3007S-3015A-3035A-9999A-9999C-9999CS-9999E,WA007,300988374,232128-1-7-126
40,2755.75,1,310726,1022511654,101,WA003,3002A-3005WGUM-3007DRYGUM-3007FO-3007S-3015A-3035A-9999A-9999C-9999CS-9999E,WA007,300988375,232128-1-7-126
40,2755.75,1,310726,1022511655,101,WA003,3002A-3005WGUM-3007DRYGUM-3007FO-3007S-3015A-3035A-9999A-9999C-9999CS-9999E,WA007,300988378,232128-1-7-126
40,2755.75,1,310726,1022511655,101,WA003,3002A-3005WGUM-3007DRYGUM-3007FO-3007S-3015A-3035A-9999A-9999C-9999CS-9999E,WA007,300988379,232128-1-7-126
40,2755.75,1,310726,1022511655,101,WA003,3002A-3005WGUM-3007DRYGUM-3007FO-3007S-3015A-3035A-9999A-9999C-9999CS-9999E,WA007,300988380,232128-1-7-126
40,2755.75,1,310726,1022511655,101,WA003,3002A-3005WGUM-3007DRYGUM-3007FO-3007S-3015A-3035A-9999A-9999C-9999CS-9999E,WA007,300988410,232128-1-7-126
40,2755.75,1,310726,1022511655,101,WA003,3002A-3005WGUM-3007DRYGUM-3007FO-3007S-3015A-3035A-9999A-9999C-9999CS-9999E,WA007,300988411,232128-1-7-126
40,2755.75,1,310726,1022511655,101,WA003,3002A-3005WGUM-3007DRYGUM-3007FO-3007S-3015A-3035A-9999A-9999C-9999CS-9999E,WA007,300988412,232128-1-7-126
40,2755.75,1,310726,1022511655,101,WA003,3002A-3005WGUM-3007DRYGUM-3007FO-3007S-3015A-3035A-9999A-9999C-9999CS-9999E,WA007,300988413,232128-1-7-126
40,2755.75,1,310726,1022511655,101,WA003,3002A-3005WGUM-3007DRYGUM-3007FO-3007S-3015A-3035A-9999A-9999C-9999CS-9999E,WA007,300988414,232128-1-7-126
40,2755.75,1,310726,1022511656,101,WA003,3002A-3005WGUM-3007DRYGUM-3007FO-3007S-3015A-3035A-9999A-9999C-9999CS-9999E,WA007,300988469,232128-1-7-126
40,2755.75,1,310726,1022511656,101,WA003,3002A-3005WGUM-3007DRYGUM-3007FO-3007S-3015A-3035A-9999A-9999C-9999CS-9999E,WA007,300988470,232128-1-7-126
40,2755.75,1,310726,1022511656,101,WA003,3002A-3005WGUM-3007DRYGUM-3007FO-3007S-3015A-3035A-9999A-9999C-9999CS-9999E,WA007,300988497,232128-1-7-126
40,2755.75,1,310726,1022511656,101,WA003,3002A-3005WGUM-3007DRYGUM-3007FO-3007S-3015A-3035A-9999A-9999C-9999CS-9999E,WA007,300988498,232128-1-7-126
40,2755.75,1,310726,1022511656,101,WA003,3002A-3005WGUM-3007DRYGUM-3007FO-3007S-3015A-3035A-9999A-9999C-9999CS-9999E,WA007,300988499,232128-1-7-126
40,2755.75,1,310726,1022511656,101,WA003,3002A-3005WGUM-3007DRYGUM-3007FO-3007S-3015A-3035A-9999A-9999C-9999CS-9999E,WA007,300988516,232128-1-7-126
40,2755.75,1,310726,1022511656,101,WA003,3002A-3005WGUM-3007DRYGUM-3007FO-3007S-3015A-3035A-9999A-9999C-9999CS-9999E,WA007,300988517,232128-1-7-126
40,2755.75,1,310726,1022511656,101,WA003,3002A-3005WGUM-3007DRYGUM-3007FO-3007S-3015A-3035A-9999A-9999C-9999CS-9999E,WA007,300988518,232128-1-7-126
40,2755.75,1,310726,1022511657,101,WA003,3002A-3005WGUM-3007DRYGUM-3007FO-3007S-3015A-3035A-9999A-9999C-9999CS-9999E,WA007,300988554,232128-1-7-126
40,2755.75,1,310726,1022511657,101,WA003,3002A-3005WGUM-3007DRYGUM-3007FO-3007S-3015A-3035A-9999A-9999C-9999CS-9999E,WA007,300988555,232128-1-7-126
40,2755.75,1,310726,1022511657,101,WA003,3002A-3005WGUM-3007DRYGUM-3007FO-3007S-3015A-3035A-9999A-9999C-9999CS-9999E,WA007,300988556,232128-1-7-126
40,2755.75,1,310726,1022511657,101,WA003,3002A-3005WGUM-3007DRYGUM-3007FO-3007S-3015A-3035A-9999A-9999C-9999CS-9999E,WA007,300988557,232128-1-7-126
40,2755.75,1,310726,1022511657,101,WA003,3002A-3005WGUM-3007DRYGUM-3007FO-3007S-3015A-3035A-9999A-9999C-9999CS-9999E,WA007,300988588,232128-1-7-126
40,2755.75,1,310726,1022511657,101,WA003,3002A-3005WGUM-3007DRYGUM-3007FO-3007S-3015A-3035A-9999A-9999C-9999CS-9999E,WA007,300988589,232128-1-7-126
40,2755.75,1,310726,1022511657,101,WA003,3002A-3005WGUM-3007DRYGUM-3007FO-3007S-3015A-3035A-9999A-9999C-9999CS-9999E,WA007,300988590,232128-1-7-126
40,2755.75,1,310726,1022511657,101,WA003,3002A-3005WGUM-3007DRYGUM-3007FO-3007S-3015A-3035A-9999A-9999C-9999CS-9999E,WA007,300988591,232128-1-7-126
40,2755.75,1,310726,1022511658,101,WA003,3002A-3005WGUM-3007DRYGUM-3007FO-3007S-3015A-3025S-9999A-9999C-9999CS-9999E,WA007,300988707,232128-1-7-126
40,2755.75,1,310726,1022511658,101,WA003,3002A-3005WGUM-3007DRYGUM-3007FO-3007S-3015A-3025S-9999A-9999C-9999CS-9999E,WA007,300988708,232128-1-7-126
40,2755.75,1,310726,1022511658,101,WA003,3002A-3005WGUM-3007DRYGUM-3007FO-3007S-3015A-3025S-9999A-9999C-9999CS-9999E,WA007,300988709,232128-1-7-126
40,2755.75,1,310726,1022511658,101,WA003,3002A-3005WGUM-3007DRYGUM-3007FO-3007S-3015A-3025S-9999A-9999C-9999CS-9999E,WA007,300988716,232128-1-7-126
40,2755.75,1,310726,1022511658,101,WA003,3002A-3005WGUM-3007DRYGUM-3007FO-3007S-3015A-3025S-9999A-9999C-9999CS-9999E,WA007,300988717,232128-1-7-126
40,2755.75,1,310726,1022511658,101,WA003,3002A-3005WGUM-3007DRYGUM-3007FO-3007S-3015A-3025S-9999A-9999C-9999CS-9999E,WA007,300988718,232128-1-7-126
40,2755.75,1,310726,1022511658,101,WA003,3002A-3005WGUM-3007DRYGUM-3007FO-3007S-3015A-3025S-9999A-9999C-9999CS-9999E,WA007,300988719,232128-1-7-126
40,2755.75,1,310726,1022511658,101,WA003,3002A-3005WGUM-3007DRYGUM-3007FO-3007S-3015A-3025S-9999A-9999C-9999CS-9999E,WA007,300988720,232128-1-7-126
40,2755.75,1,310726,1022511659,101,WA003,3002A-3005WGUM-3007DRYGUM-3007FO-3007S-3015A-3025S-3035A-9999A-9999C-9999CS-9999E,WA007,300988791,232128-1-7-126
40,2755.75,1,310726,1022511659,101,WA003,3002A-3005WGUM-3007DRYGUM-3007FO-3007S-3015A-3025S-3035A-9999A-9999C-9999CS-9999E,WA007,300988792,232128-1-7-126
40,2755.75,1,310726,1022511659,101,WA003,3002A-3005WGUM-3007DRYGUM-3007FO-3007S-3015A-3025S-3035A-9999A-9999C-9999CS-9999E,WA007,300988793,232128-1-7-126
40,2755.75,1,310726,1022511659,101,WA003,3002A-3005WGUM-3007DRYGUM-3007FO-3007S-3015A-3025S-3035A-9999A-9999C-9999CS-9999E,WA007,300988794,232128-1-7-126
40,2755.75,1,310726,1022511659,101,WA003,3002A-3005WGUM-3007DRYGUM-3007FO-3007S-3015A-3025S-3035A-9999A-9999C-9999CS-9999E,WA007,300988795,232128-1-7-126
40,2755.75,1,310726,1022511659,101,WA003,3002A-3005WGUM-3007DRYGUM-3007FO-3007S-3015A-3025S-3035A-9999A-9999C-9999CS-9999E,WA007,300988796,232128-1-7-126
40,2755.75,1,310726,1022511659,101,WA003,3002A-3005WGUM-3007DRYGUM-3007FO-3007S-3015A-3025S-3035A-9999A-9999C-9999CS-9999E,WA007,300988797,232128-1-7-126
40,2755.75,1,310726,1022511659,101,WA003,3002A-3005WGUM-3007DRYGUM-3007FO-3007S-3015A-3025S-3035A-9999A-9999C-9999CS-9999E,WA007,300988798,232128-1-7-126
40,2755.75,1,310726,1022511660,101,WA003,3002A-3005WGUM-3007DRYGUM-3007FO-3007S-3015A-3025S-9999A-9999C-9999CS-9999E,WA007,300988920,232128-1-7-126
40,2755.75,1,310726,1022511660,101,WA003,3002A-3005WGUM-3007DRYGUM-3007FO-3007S-3015A-3025S-9999A-9999C-9999CS-9999E,WA007,300988921,232128-1-7-126
40,2755.75,1,310726,1022511660,101,WA003,3002A-3005WGUM-3007DRYGUM-3007FO-3007S-3015A-3025S-9999A-9999C-9999CS-9999E,WA007,300988923,232128-1-7-126
40,2755.75,1,310726,1022511660,101,WA003,3002A-3005WGUM-3007DRYGUM-3007FO-3007S-3015A-3025S-9999A-9999C-9999CS-9999E,WA007,300988924,232128-1-7-126
40,2755.75,1,310726,1022511660,101,WA003,3002A-3005WGUM-3007DRYGUM-3007FO-3007S-3015A-3025S-9999A-9999C-9999CS-9999E,WA007,300988925,232128-1-7-126
40,2755.75,1,310726,1022511660,101,WA003,3002A-3005WGUM-3007DRYGUM-3007FO-3007S-3015A-3025S-9999A-9999C-9999CS-9999E,WA007,300988926,232128-1-7-126
40,2755.75,1,310726,1022511660,101,WA003,3002A-3005WGUM-3007DRYGUM-3007FO-3007S-3015A-3025S-9999A-9999C-9999CS-9999E,WA007,300988972,232128-1-7-126
40,2755.75,1,310726,1022511660,101,WA003,3002A-3005WGUM-3007DRYGUM-3007FO-3007S-3015A-3025S-9999A-9999C-9999CS-9999E,WA007,300988973,232128-1-7-126
40,2755.75,1,310726,1022511661,101,WA003,3002A-3005WGUM-3007DRYGUM-3007FO-3007S-3015A-3025S-3035A-9999A-9999C-9999CS-9999E,WA007,300989074,232128-1-7-126
40,2755.75,1,310726,1022511661,101,WA003,3002A-3005WGUM-3007DRYGUM-3007FO-3007S-3015A-3025S-3035A-9999A-9999C-9999CS-9999E,WA007,300989075,232128-1-7-126
40,2755.75,1,310726,1022511661,101,WA003,3002A-3005WGUM-3007DRYGUM-3007FO-3007S-3015A-3025S-3035A-9999A-9999C-9999CS-9999E,WA007,300989076,232128-1-7-126
40,2755.75,1,310726,1022511661,101,WA003,3002A-3005WGUM-3007DRYGUM-3007FO-3007S-3015A-3025S-3035A-9999A-9999C-9999CS-9999E,WA007,300989077,232128-1-7-126
40,2755.75,1,310726,1022511661,101,WA003,3002A-3005WGUM-3007DRYGUM-3007FO-3007S-3015A-3025S-3035A-9999A-9999C-9999CS-9999E,WA007,300989147,232128-1-7-126
40,2755.75,1,310726,1022511661,101,WA003,3002A-3005WGUM-3007DRYGUM-3007FO-3007S-3015A-3025S-3035A-9999A-9999C-9999CS-9999E,WA007,300989148,232128-1-7-126
40,2755.75,1,310726,1022511661,101,WA003,3002A-3005WGUM-3007DRYGUM-3007FO-3007S-3015A-3025S-3035A-9999A-9999C-9999CS-9999E,WA007,300989266,232128-1-7-126
40,2755.75,1,310726,1022511661,101,WA003,3002A-3005WGUM-3007DRYGUM-3007FO-3007S-3015A-3025S-3035A-9999A-9999C-9999CS-9999E,WA007,300989267,232128-1-7-126
40,2755.75,1,310726,1022511662,101,WA003,3002A-3005WGUM-3007DRYGUM-3007FO-3007S-3015A-3025S-3035A-9999A-9999C-9999CS-9999E,WA007,300989268,232128-1-7-126
40,2755.75,1,310726,1022511662,101,WA003,3002A-3005WGUM-3007DRYGUM-3007FO-3007S-3015A-3025S-3035A-9999A-9999C-9999CS-9999E,WA007,300989269,232128-1-7-126
40,2755.75,1,310726,1022511662,101,WA003,3002A-3005WGUM-3007DRYGUM-3007FO-3007S-3015A-3025S-3035A-9999A-9999C-9999CS-9999E,WA007,300989270,232128-1-7-126
40,2755.75,1,310726,1022511662,101,WA003,3002A-3005WGUM-3007DRYGUM-3007FO-3007S-3015A-3025S-3035A-9999A-9999C-9999CS-9999E,WA007,300989277,232128-1-7-126
40,2755.75,1,310726,1022511662,101,WA003,3002A-3005WGUM-3007DRYGUM-3007FO-3007S-3015A-3025S-3035A-9999A-9999C-9999CS-9999E,WA007,300989278,232128-1-7-126
40,2755.75,1,310726,1022511662,101,WA003,3002A-3005WGUM-3007DRYGUM-3007FO-3007S-3015A-3025S-3035A-9999A-9999C-9999CS-9999E,WA007,300989279,232128-1-7-126
40,2755.75,1,310726,1022511662,101,WA003,3002A-3005WGUM-3007DRYGUM-3007FO-3007S-3015A-3025S-3035A-9999A-9999C-9999CS-9999E,WA007,300989280,232128-1-7-126
40,2755.75,1,310726,1022511662,101,WA003,3002A-3005WGUM-3007DRYGUM-3007FO-3007S-3015A-3025S-3035A-9999A-9999C-9999CS-9999E,WA007,300989281,232128-1-7-126
40,2755.75,1,310726,1022511663,101,WA003,3002A-3005WGUM-3007DRYGUM-3007FO-3007S-3015A-3025S-3035A-9999A-9999C-9999CS-9999E,WA007,300989297,232128-1-7-126
40,2755.75,1,310726,1022511663,101,WA003,3002A-3005WGUM-3007DRYGUM-3007FO-3007S-3015A-3025S-3035A-9999A-9999C-9999CS-9999E,WA007,300989298,232128-1-7-126
40,2755.75,1,310726,1022511663,101,WA003,3002A-3005WGUM-3007DRYGUM-3007FO-3007S-3015A-3025S-3035A-9999A-9999C-9999CS-9999E,WA007,300989299,232128-1-7-126
40,2755.75,1,310726,1022511663,101,WA003,3002A-3005WGUM-3007DRYGUM-3007FO-3007S-3015A-3025S-3035A-9999A-9999C-9999CS-9999E,WA007,300989305,232128-1-7-126
40,2755.75,1,310726,1022511663,101,WA003,3002A-3005WGUM-3007DRYGUM-3007FO-3007S-3015A-3025S-3035A-9999A-9999C-9999CS-9999E,WA007,300989332,232128-1-7-126
40,2755.75,1,310726,1022511663,101,WA003,3002A-3005WGUM-3007DRYGUM-3007FO-3007S-3015A-3025S-3035A-9999A-9999C-9999CS-9999E,WA007,300989352,232128-1-7-126
40,2755.75,1,310726,1022511663,101,WA003,3002A-3005WGUM-3007DRYGUM-3007FO-3007S-3015A-3025S-3035A-9999A-9999C-9999CS-9999E,WA007,300989353,232128-1-7-126
40,2755.75,1,310726,1022511663,101,WA003,3002A-3005WGUM-3007DRYGUM-3007FO-3007S-3015A-3025S-3035A-9999A-9999C-9999CS-9999E,WA007,300989354,232128-1-7-126
41,2755.75,1,310002,1002511501,101,WA001,3405A-9999A-9999E,TX001,300986848,""
41,2755.75,1,310002,1002511501,101,WA001,3405A-9999A-9999E,TX001,300986883,""
41,2755.75,1,310002,1002511501,101,WA001,3405A-9999A-9999E,TX001,300986889,""
41,55.115,0,310015,1052511502,101,ID002,3132A,TX001,300985328,""
41,2700.635,1,310015,1052511502,101,ID002,3132A,TX001,300985328,233486-1-1-110
41,2755.75,1,310015,1052511502,101,ID002,3132A,TX001,300985329,233089-1-3-113
41,2755.75,1,310015,1052511502,101,ID002,3132A,TX001,300985330,233089-1-3-113
41,55.115,0,310015,1052511502,101,ID002,3132A,TX001,300985343,""
41,2590.405,1,310015,1052511502,101,ID002,3132A,TX001,300985343,233089-1-3-113
41,2755.75,1,310015,1052511502,101,ID002,3132A,TX001,300985344,233089-1-3-113
41,2755.75,1,310015,1052511502,101,ID002,3132A,TX001,300985345,233089-1-3-113
41,2755.75,1,310015,1052511502,101,ID002,3132A,TX001,300985346,233089-1-3-113
41,110.23,0,310015,1052511502,101,ID002,3132A,TX001,300985347,""
41,2645.52,1,310015,1052511502,101,ID002,3132A,TX001,300985347,233089-1-3-113
41,55.115,0,310015,1052511503,101,ID002,3132A,TX001,300985368,""
41,2700.635,1,310015,1052511503,101,ID002,3132A,TX001,300985368,233089-1-3-113
41,2755.75,1,310015,1052511503,101,ID002,3132A,TX001,300985369,233089-1-3-113
41,2755.75,1,310015,1052511503,101,ID002,3132A,TX001,300985370,233089-1-3-113
41,55.115,0,310015,1052511503,101,ID002,3132A,TX001,300985371,""
41,2700.635,1,310015,1052511503,101,ID002,3132A,TX001,300985371,233089-1-3-113
41,2755.75,1,310015,1052511503,101,ID002,3132A,TX001,300985387,233089-1-3-113
41,2755.75,1,310015,1052511503,101,ID002,3132A,TX001,300985388,233089-1-3-113
41,2755.75,1,310015,1052511503,101,ID002,3132A,TX001,300985390,233089-1-3-113
41,2755.75,1,310015,1052511503,101,ID002,3132A,TX001,300985391,233089-1-3-113
41,2204.6,1,310015,1052511514,101,ID002,3132A,ID010,300986606,""
41,2755.75,1,310015,1052511515,101,ID002,3132A,TX001,300986716,233492-1-1-107
41,2755.75,1,310015,1052511515,101,ID002,3132A,TX001,300986738,233492-1-1-107
41,2755.75,1,310018,1002511501,102,WA001,9999A,WA001,300985465,""
41,2755.75,1,310018,1002511501,102,WA001,9999A,WA001,300985466,""
41,2755.75,1,310018,1002511501,102,WA001,9999A,WA001,300985467,""
41,2755.75,1,310018,1002511501,102,WA001,9999A,WA001,300985485,""
41,2755.75,1,310018,1002511501,102,WA001,9999A,WA001,300985512,""
41,2755.75,1,310018,1002511501,102,WA001,9999A,WA001,300985513,""
41,2755.75,1,310018,1002511501,102,WA001,9999A,WA001,300985514,""
41,2755.75,1,310018,1002511501,102,WA001,9999A,WA001,300985515,""
41,2755.75,1,310018,1002511502,102,WA001,9999A,WA001,300985516,""
41,2755.75,1,310018,1002511502,102,WA001,9999A,WA001,300985592,""
41,2755.75,1,310018,1002511502,102,WA001,9999A,WA001,300985593,""
41,2755.75,1,310018,1002511502,102,WA001,9999A,WA001,300985594,""
41,2755.75,1,310018,1002511502,102,WA001,9999A,WA001,300985621,""
41,2755.75,1,310018,1002511502,102,WA001,9999A,WA001,300985622,""
41,2755.75,1,310018,1002511502,102,WA001,9999A,WA001,300985625,""
41,2755.75,1,310018,1002511502,102,WA001,9999A,WA001,300985628,""
41,2755.75,1,310018,1002511503,102,WA001,9999A,WA001,300985685,""
41,2755.75,1,310018,1002511503,102,WA001,9999A,WA001,300985686,""
41,2755.75,1,310724,1012511505,101,WA002,3040A-3041A-3043A-3045A-3053A-3055A-9999A-9999E,WA007,300985479,233229-1-1-101
41,2755.75,1,310724,1012511505,101,WA002,3040A-3041A-3043A-3045A-3053A-3055A-9999A-9999E,WA007,300985481,233229-1-1-101
41,2755.75,1,310726,1022511553,101,WA003,3002A-3005WGUM-3007DRYGUM-3007FO-3007S-3015A-3025S-3033A-3035A-9999A-9999C-9999CS-9999E,WA007,300986671,233244-1-1-101
41,2755.75,1,310726,1022511553,101,WA003,3002A-3005WGUM-3007DRYGUM-3007FO-3007S-3015A-3025S-3033A-3035A-9999A-9999C-9999CS-9999E,WA007,300986672,233244-1-1-101
41,2755.75,1,310726,1022511553,101,WA003,3002A-3005WGUM-3007DRYGUM-3007FO-3007S-3015A-3025S-3033A-3035A-9999A-9999C-9999CS-9999E,WA007,300986673,233244-1-1-101
41,2755.75,1,310726,1022511553,101,WA003,3002A-3005WGUM-3007DRYGUM-3007FO-3007S-3015A-3025S-3033A-3035A-9999A-9999C-9999CS-9999E,WA007,300986674,233244-1-1-101
41,2755.75,1,310726,1022511554,101,WA003,3002A-3005WGUM-3007DRYGUM-3007FO-3007S-3015A-3025S-3033A-3035A-9999A-9999C-9999CS-9999E,WA007,300986686,233244-1-1-101
41,2755.75,1,310726,1022511554,101,WA003,3002A-3005WGUM-3007DRYGUM-3007FO-3007S-3015A-3025S-3033A-3035A-9999A-9999C-9999CS-9999E,WA007,300986687,233244-1-1-101
41,2755.75,1,310726,1022511554,101,WA003,3002A-3005WGUM-3007DRYGUM-3007FO-3007S-3015A-3025S-3033A-3035A-9999A-9999C-9999CS-9999E,WA007,300986689,233244-1-1-101
41,2755.75,1,310726,1022511554,101,WA003,3002A-3005WGUM-3007DRYGUM-3007FO-3007S-3015A-3025S-3033A-3035A-9999A-9999C-9999CS-9999E,WA007,300986690,233244-1-1-101
41,2755.75,1,310726,1022511554,101,WA003,3002A-3005WGUM-3007DRYGUM-3007FO-3007S-3015A-3025S-3033A-3035A-9999A-9999C-9999CS-9999E,WA007,300986746,233244-1-1-101
41,2755.75,1,310726,1022511554,101,WA003,3002A-3005WGUM-3007DRYGUM-3007FO-3007S-3015A-3025S-3033A-3035A-9999A-9999C-9999CS-9999E,WA007,300986747,233244-1-1-101
41,2755.75,1,310726,1022511554,101,WA003,3002A-3005WGUM-3007DRYGUM-3007FO-3007S-3015A-3025S-3033A-3035A-9999A-9999C-9999CS-9999E,WA007,300986748,233244-1-1-101
41,2755.75,1,310726,1022511554,101,WA003,3002A-3005WGUM-3007DRYGUM-3007FO-3007S-3015A-3025S-3033A-3035A-9999A-9999C-9999CS-9999E,WA007,300986749,233244-1-1-101
41,2755.75,1,310726,1022511555,101,WA003,3002A-3005WGUM-3007DRYGUM-3007FO-3007S-3015A-3025S-3033A-3035A-9999A-9999C-9999CS-9999E,WA007,300986815,233244-1-1-101
41,2755.75,1,310726,1022511555,101,WA003,3002A-3005WGUM-3007DRYGUM-3007FO-3007S-3015A-3025S-3033A-3035A-9999A-9999C-9999CS-9999E,WA007,300986816,233244-1-1-101
41,2755.75,1,310726,1022511555,101,WA003,3002A-3005WGUM-3007DRYGUM-3007FO-3007S-3015A-3025S-3033A-3035A-9999A-9999C-9999CS-9999E,WA007,300986817,233244-1-1-101
41,2755.75,1,310726,1022511555,101,WA003,3002A-3005WGUM-3007DRYGUM-3007FO-3007S-3015A-3025S-3033A-3035A-9999A-9999C-9999CS-9999E,WA007,300986818,233244-1-1-101
41,2755.75,1,310726,1022511555,101,WA003,3002A-3005WGUM-3007DRYGUM-3007FO-3007S-3015A-3025S-3033A-3035A-9999A-9999C-9999CS-9999E,WA007,300986820,233244-1-1-101
41,2755.75,1,310726,1022511555,101,WA003,3002A-3005WGUM-3007DRYGUM-3007FO-3007S-3015A-3025S-3033A-3035A-9999A-9999C-9999CS-9999E,WA007,300986821,233244-1-1-101
41,2755.75,1,310726,1022511555,101,WA003,3002A-3005WGUM-3007DRYGUM-3007FO-3007S-3015A-3025S-3033A-3035A-9999A-9999C-9999CS-9999E,WA007,300986822,233244-1-1-101
41,2755.75,1,310726,1022511555,101,WA003,3002A-3005WGUM-3007DRYGUM-3007FO-3007S-3015A-3025S-3033A-3035A-9999A-9999C-9999CS-9999E,WA007,300986824,233244-1-1-101
41,2755.75,1,310726,1022511556,101,WA003,3002A-3005WGUM-3007DRYGUM-3007FO-3007S-3015A-3025S-3033A-3035A-9999A-9999C-9999CS-9999E,WA007,300986954,233244-1-1-101
41,2755.75,1,310726,1022511556,101,WA003,3002A-3005WGUM-3007DRYGUM-3007FO-3007S-3015A-3025S-3033A-3035A-9999A-9999C-9999CS-9999E,WA007,300986956,233244-1-1-101
41,2755.75,1,310726,1022511556,101,WA003,3002A-3005WGUM-3007DRYGUM-3007FO-3007S-3015A-3025S-3033A-3035A-9999A-9999C-9999CS-9999E,WA007,300986957,233244-1-1-101
41,2755.75,1,310726,1022511556,101,WA003,3002A-3005WGUM-3007DRYGUM-3007FO-3007S-3015A-3025S-3033A-3035A-9999A-9999C-9999CS-9999E,WA007,300986958,233244-1-1-101
41,2755.75,1,310726,1022511556,101,WA003,3002A-3005WGUM-3007DRYGUM-3007FO-3007S-3015A-3025S-3033A-3035A-9999A-9999C-9999CS-9999E,WA007,300986959,233244-1-1-101
41,2755.75,1,310726,1022511556,101,WA003,3002A-3005WGUM-3007DRYGUM-3007FO-3007S-3015A-3025S-3033A-3035A-9999A-9999C-9999CS-9999E,WA007,300986997,233244-1-1-101
41,2755.75,1,310726,1022511556,101,WA003,3002A-3005WGUM-3007DRYGUM-3007FO-3007S-3015A-3025S-3033A-3035A-9999A-9999C-9999CS-9999E,WA007,300986998,233244-1-1-101
41,2755.75,1,310726,1022511556,101,WA003,3002A-3005WGUM-3007DRYGUM-3007FO-3007S-3015A-3025S-3033A-3035A-9999A-9999C-9999CS-9999E,WA007,300986999,233244-1-1-101
41,2755.75,1,310726,1022511557,101,WA003,3002A-3005WGUM-3007DRYGUM-3007FO-3007S-3015A-3025S-3033A-3035A-9999A-9999C-9999CS-9999E,WA007,300987002,233244-1-1-101
41,2755.75,1,310726,1022511557,101,WA003,3002A-3005WGUM-3007DRYGUM-3007FO-3007S-3015A-3025S-3033A-3035A-9999A-9999C-9999CS-9999E,WA007,300987003,233244-1-1-101
41,2755.75,1,310726,1022511557,101,WA003,3002A-3005WGUM-3007DRYGUM-3007FO-3007S-3015A-3025S-3033A-3035A-9999A-9999C-9999CS-9999E,WA007,300987006,233244-1-1-101
41,2755.75,1,310726,1022511557,101,WA003,3002A-3005WGUM-3007DRYGUM-3007FO-3007S-3015A-3025S-3033A-3035A-9999A-9999C-9999CS-9999E,WA007,300987081,233244-1-1-101
41,2755.75,1,310726,1022511557,101,WA003,3002A-3005WGUM-3007DRYGUM-3007FO-3007S-3015A-3025S-3033A-3035A-9999A-9999C-9999CS-9999E,WA007,300987082,233244-1-1-101
41,2755.75,1,310726,1022511557,101,WA003,3002A-3005WGUM-3007DRYGUM-3007FO-3007S-3015A-3025S-3033A-3035A-9999A-9999C-9999CS-9999E,WA007,300987083,233244-1-1-101
41,2755.75,1,310726,1022511557,101,WA003,3002A-3005WGUM-3007DRYGUM-3007FO-3007S-3015A-3025S-3033A-3035A-9999A-9999C-9999CS-9999E,WA007,300987085,233244-1-1-101
41,2755.75,1,310726,1022511557,101,WA003,3002A-3005WGUM-3007DRYGUM-3007FO-3007S-3015A-3025S-3033A-3035A-9999A-9999C-9999CS-9999E,WA007,300987107,233244-1-1-101
41,2755.75,1,310726,1022511558,101,WA003,3002A-3005WGUM-3007DRYGUM-3007FO-3007S-3015A-3025S-3033A-3035A-9999A-9999C-9999CS-9999E,WA007,300987108,233244-1-1-101
41,2755.75,1,310726,1022511558,101,WA003,3002A-3005WGUM-3007DRYGUM-3007FO-3007S-3015A-3025S-3033A-3035A-9999A-9999C-9999CS-9999E,WA007,300987109,233244-1-1-101
41,2755.75,1,310726,1022511558,101,WA003,3002A-3005WGUM-3007DRYGUM-3007FO-3007S-3015A-3025S-3033A-3035A-9999A-9999C-9999CS-9999E,WA007,300987111,233244-1-1-101
41,2755.75,1,310726,1022511558,101,WA003,3002A-3005WGUM-3007DRYGUM-3007FO-3007S-3015A-3025S-3033A-3035A-9999A-9999C-9999CS-9999E,WA007,300987112,233244-1-1-101
41,2755.75,1,310726,1022511558,101,WA003,3002A-3005WGUM-3007DRYGUM-3007FO-3007S-3015A-3025S-3033A-3035A-9999A-9999C-9999CS-9999E,WA007,300987116,233244-1-1-101
41,2755.75,1,310726,1022511558,101,WA003,3002A-3005WGUM-3007DRYGUM-3007FO-3007S-3015A-3025S-3033A-3035A-9999A-9999C-9999CS-9999E,WA007,300987140,233244-1-1-101
41,2755.75,1,310726,1022511558,101,WA003,3002A-3005WGUM-3007DRYGUM-3007FO-3007S-3015A-3025S-3033A-3035A-9999A-9999C-9999CS-9999E,WA007,300987141,233244-1-1-101
41,2755.75,1,310726,1022511558,101,WA003,3002A-3005WGUM-3007DRYGUM-3007FO-3007S-3015A-3025S-3033A-3035A-9999A-9999C-9999CS-9999E,WA007,300987142,233244-1-1-101
41,2755.75,1,310726,1022511559,101,WA003,3002A-3005WGUM-3007DRYGUM-3007FO-3007S-3015A-3025S-3033A-3035A-9999A-9999C-9999CS-9999E,WA007,300987170,233244-1-1-101
41,2755.75,1,310726,1022511559,101,WA003,3002A-3005WGUM-3007DRYGUM-3007FO-3007S-3015A-3025S-3033A-3035A-9999A-9999C-9999CS-9999E,WA007,300987171,233244-1-1-101
41,2755.75,1,310726,1022511559,101,WA003,3002A-3005WGUM-3007DRYGUM-3007FO-3007S-3015A-3025S-3033A-3035A-9999A-9999C-9999CS-9999E,WA007,300987230,233244-1-1-101
41,2755.75,1,310726,1022511559,101,WA003,3002A-3005WGUM-3007DRYGUM-3007FO-3007S-3015A-3025S-3033A-3035A-9999A-9999C-9999CS-9999E,WA007,300987231,233244-1-1-101
41,2755.75,1,310726,1022511559,101,WA003,3002A-3005WGUM-3007DRYGUM-3007FO-3007S-3015A-3025S-3033A-3035A-9999A-9999C-9999CS-9999E,WA007,300987290,233244-1-1-101
41,2755.75,1,310726,1022511559,101,WA003,3002A-3005WGUM-3007DRYGUM-3007FO-3007S-3015A-3025S-3033A-3035A-9999A-9999C-9999CS-9999E,WA007,300987292,233244-1-1-101
41,2755.75,1,310726,1022511559,101,WA003,3002A-3005WGUM-3007DRYGUM-3007FO-3007S-3015A-3025S-3033A-3035A-9999A-9999C-9999CS-9999E,WA007,300987293,233244-1-1-101
41,2755.75,1,310726,1022511559,101,WA003,3002A-3005WGUM-3007DRYGUM-3007FO-3007S-3015A-3025S-3033A-3035A-9999A-9999C-9999CS-9999E,WA007,300987294,233244-1-1-101
41,2755.75,1,310726,1022511560,101,WA003,3002A-3005WGUM-3007DRYGUM-3007FO-3007S-3015A-3025S-3035A-9999A-9999C-9999CS-9999E,WA007,300987332,233244-1-1-101
41,2755.75,1,310726,1022511560,101,WA003,3002A-3005WGUM-3007DRYGUM-3007FO-3007S-3015A-3025S-3035A-9999A-9999C-9999CS-9999E,WA007,300987333,233244-1-1-101
41,2755.75,1,310726,1022511560,101,WA003,3002A-3005WGUM-3007DRYGUM-3007FO-3007S-3015A-3025S-3035A-9999A-9999C-9999CS-9999E,WA007,300987334,233244-1-1-101
41,2755.75,1,310726,1022511560,101,WA003,3002A-3005WGUM-3007DRYGUM-3007FO-3007S-3015A-3025S-3035A-9999A-9999C-9999CS-9999E,WA007,300987335,233244-1-1-101
41,2755.75,1,310726,1022511560,101,WA003,3002A-3005WGUM-3007DRYGUM-3007FO-3007S-3015A-3025S-3035A-9999A-9999C-9999CS-9999E,WA007,300987336,233244-1-1-101
41,2755.75,1,310726,1022511560,101,WA003,3002A-3005WGUM-3007DRYGUM-3007FO-3007S-3015A-3025S-3035A-9999A-9999C-9999CS-9999E,WA007,300987561,233244-1-1-101
41,2755.75,1,310726,1022511560,101,WA003,3002A-3005WGUM-3007DRYGUM-3007FO-3007S-3015A-3025S-3035A-9999A-9999C-9999CS-9999E,WA007,300987562,233244-1-1-101
41,2755.75,1,310726,1022511560,101,WA003,3002A-3005WGUM-3007DRYGUM-3007FO-3007S-3015A-3025S-3035A-9999A-9999C-9999CS-9999E,WA007,300987563,233244-1-1-101
41,2755.75,1,310726,1022511561,101,WA003,3002A-3005WGUM-3007DRYGUM-3007FO-3007S-3015A-3025S-3035A-9999A-9999C-9999CS-9999E,WA007,300987584,233244-1-1-101
41,2755.75,1,310726,1022511561,101,WA003,3002A-3005WGUM-3007DRYGUM-3007FO-3007S-3015A-3025S-3035A-9999A-9999C-9999CS-9999E,WA007,300987585,233244-1-1-101
41,2755.75,1,310726,1022511561,101,WA003,3002A-3005WGUM-3007DRYGUM-3007FO-3007S-3015A-3025S-3035A-9999A-9999C-9999CS-9999E,WA007,300987586,233244-1-1-101
41,2755.75,1,310726,1022511561,101,WA003,3002A-3005WGUM-3007DRYGUM-3007FO-3007S-3015A-3025S-3035A-9999A-9999C-9999CS-9999E,WA007,300987587,233244-1-1-101
41,2755.75,1,310726,1022511561,101,WA003,3002A-3005WGUM-3007DRYGUM-3007FO-3007S-3015A-3025S-3035A-9999A-9999C-9999CS-9999E,WA007,300987588,233244-1-1-101
41,2755.75,1,310726,1022511561,101,WA003,3002A-3005WGUM-3007DRYGUM-3007FO-3007S-3015A-3025S-3035A-9999A-9999C-9999CS-9999E,WA007,300987589,233244-1-1-101
41,2755.75,1,310726,1022511561,101,WA003,3002A-3005WGUM-3007DRYGUM-3007FO-3007S-3015A-3025S-3035A-9999A-9999C-9999CS-9999E,WA007,300987590,233244-1-1-101
41,2755.75,1,310726,1022511561,101,WA003,3002A-3005WGUM-3007DRYGUM-3007FO-3007S-3015A-3025S-3035A-9999A-9999C-9999CS-9999E,WA007,300987591,233244-1-1-101
41,2755.75,1,310726,1022511562,101,WA003,3002A-3005WGUM-3007DRYGUM-3007FO-3007S-3015A-3025S-3035A-9999A-9999C-9999CS-9999E,WA007,300987758,233244-1-1-101
41,2755.75,1,310726,1022511562,101,WA003,3002A-3005WGUM-3007DRYGUM-3007FO-3007S-3015A-3025S-3035A-9999A-9999C-9999CS-9999E,WA007,300987759,233244-1-1-101
41,2755.75,1,310726,1022511562,101,WA003,3002A-3005WGUM-3007DRYGUM-3007FO-3007S-3015A-3025S-3035A-9999A-9999C-9999CS-9999E,WA007,300987760,233244-1-1-101
41,2755.75,1,310726,1022511562,101,WA003,3002A-3005WGUM-3007DRYGUM-3007FO-3007S-3015A-3025S-3035A-9999A-9999C-9999CS-9999E,WA007,300987761,233244-1-1-101
41,2755.75,1,310726,1022511562,101,WA003,3002A-3005WGUM-3007DRYGUM-3007FO-3007S-3015A-3025S-3035A-9999A-9999C-9999CS-9999E,WA007,300987762,233244-1-1-101
41,2755.75,1,310726,1022511562,101,WA003,3002A-3005WGUM-3007DRYGUM-3007FO-3007S-3015A-3025S-3035A-9999A-9999C-9999CS-9999E,WA007,300987763,233244-1-1-101
41,2755.75,1,310726,1022511562,101,WA003,3002A-3005WGUM-3007DRYGUM-3007FO-3007S-3015A-3025S-3035A-9999A-9999C-9999CS-9999E,WA007,300987764,233244-1-1-101
41,2755.75,1,310726,1022511562,101,WA003,3002A-3005WGUM-3007DRYGUM-3007FO-3007S-3015A-3025S-3035A-9999A-9999C-9999CS-9999E,WA007,300987765,233244-1-1-101
42,2755.75,1,310002,1002511401,101,WA001,3405A-9999A-9999E,TX001,300984605,""
42,2755.75,1,310002,1002511402,102,WA001,9999A,TX001,300984625,""
42,2755.75,1,310002,1002511402,102,WA001,9999A,TX001,300984628,""
42,2755.75,1,310002,1002511402,102,WA001,9999A,TX001,300984630,""
42,2755.75,1,310002,1002511402,102,WA001,9999A,TX001,300984644,""
42,2755.75,1,310002,1002511402,102,WA001,9999A,TX001,300984651,""
42,2755.75,1,310002,1002511402,102,WA001,9999A,TX001,300984652,""
42,2755.75,1,310002,1002511402,102,WA001,9999A,TX001,300984705,""
42,2755.75,1,310002,1002511402,102,WA001,9999A,TX001,300984737,""
42,2755.75,1,310002,1002511403,102,WA001,9999A,TX001,300984755,""
42,2755.75,1,310002,1002511403,102,WA001,9999A,TX001,300984756,""
42,2755.75,1,310002,1002511403,102,WA001,9999A,TX001,300984757,""
42,2755.75,1,310002,1002511403,102,WA001,9999A,TX001,300984782,""
42,2755.75,1,310002,1002511403,102,WA001,9999A,TX001,300984784,""
42,2755.75,1,310002,1002511403,102,WA001,9999A,TX001,300984785,""
42,2755.75,1,310002,1002511403,102,WA001,9999A,TX001,300984792,""
42,2755.75,1,310002,1002511403,102,WA001,9999A,TX001,300984796,""
42,2755.75,1,310002,1002511404,102,WA001,9999A,TX001,300984821,""
42,2755.75,1,310002,1002511404,102,WA001,9999A,TX001,300984822,""
42,2755.75,1,310002,1002511404,102,WA001,9999A,TX001,300984823,""
42,2755.75,1,310002,1002511404,102,WA001,9999A,TX001,300984824,""
42,2755.75,1,310002,1002511404,102,WA001,9999A,TX001,300984853,""
42,2755.75,1,310002,1002511404,102,WA001,9999A,TX001,300984854,""
42,2755.75,1,310002,1002511404,102,WA001,9999A,TX001,300984855,""
42,2755.75,1,310002,1002511404,102,WA001,9999A,TX001,300984856,""
42,2755.75,1,310015,1052511404,101,ID002,3117A-3123A-3132A-9999A-9999E,TX001,300984277,233492-1-1-107
42,2755.75,1,310015,1052511404,101,ID002,3117A-3123A-3132A-9999A-9999E,TX001,300984281,233492-1-1-107
42,2755.75,1,310015,1052511405,101,ID002,3117A-3123A-3132A-9999A-9999E,TX001,300984289,233492-1-1-109
42,2755.75,1,310015,1052511405,101,ID002,3117A-3123A-3132A-9999A-9999E,TX001,300984303,233492-1-1-109
42,2755.75,1,310015,1052511405,101,ID002,3117A-3123A-3132A-9999A-9999E,TX001,300984314,233492-1-1-109
42,2755.75,1,310015,1052511405,101,ID002,3117A-3123A-3132A-9999A-9999E,TX001,300984315,233492-1-1-109
42,2755.75,1,310015,1052511405,101,ID002,3117A-3123A-3132A-9999A-9999E,TX001,300984349,233492-1-1-109
42,2755.75,1,310015,1052511405,101,ID002,3117A-3123A-3132A-9999A-9999E,TX001,300984350,233492-1-1-109
42,2755.75,1,310015,1052511405,101,ID002,3117A-3123A-3132A-9999A-9999E,TX001,300984363,233492-1-1-109
42,2755.75,1,310015,1052511405,101,ID002,3117A-3123A-3132A-9999A-9999E,TX001,300984364,233492-1-1-109
42,2755.75,1,310015,1052511406,101,ID002,3117A-3123A-3132A-9999A-9999E,TX001,300984376,233492-1-1-109
42,2755.75,1,310015,1052511406,101,ID002,3117A-3123A-3132A-9999A-9999E,TX001,300984377,233492-1-1-109
42,2755.75,1,310015,1052511406,101,ID002,3117A-3123A-3132A-9999A-9999E,TX001,300984388,233492-1-1-109
42,2755.75,1,310015,1052511406,101,ID002,3117A-3123A-3132A-9999A-9999E,TX001,300984389,233492-1-1-109
42,2755.75,1,310015,1052511406,101,ID002,3117A-3123A-3132A-9999A-9999E,TX001,300984418,233492-1-1-109
42,2755.75,1,310015,1052511406,101,ID002,3117A-3123A-3132A-9999A-9999E,TX001,300984419,233492-1-1-109
42,2755.75,1,310015,1052511406,101,ID002,3117A-3123A-3132A-9999A-9999E,TX001,300984434,233492-1-1-109
42,2755.75,1,310015,1052511406,101,ID002,3117A-3123A-3132A-9999A-9999E,TX001,300984435,233492-1-1-109
42,2755.75,1,310015,1052511407,101,ID002,3117A-3123A-3132A-9999A-9999E,TX001,300984442,233492-1-1-110
42,2755.75,1,310015,1052511407,101,ID002,3117A-3123A-3132A-9999A-9999E,TX001,300984443,233492-1-1-110
42,2755.75,1,310015,1052511407,101,ID002,3117A-3123A-3132A-9999A-9999E,TX001,300984460,233492-1-1-110
42,2755.75,1,310015,1052511407,101,ID002,3117A-3123A-3132A-9999A-9999E,TX001,300984461,233492-1-1-110
42,2755.75,1,310015,1052511407,101,ID002,3117A-3123A-3132A-9999A-9999E,TX001,300984467,233492-1-1-110
42,2755.75,1,310015,1052511407,101,ID002,3117A-3123A-3132A-9999A-9999E,TX001,300984468,233492-1-1-110
42,2645.52,1,310015,1052511407,101,ID002,3117A-3123A-3132A-9999A-9999E,TX001,300984485,233492-1-1-110
42,2755.75,1,310015,1052511407,101,ID002,3117A-3123A-3132A-9999A-9999E,TX001,300984486,233492-1-1-110
42,2755.75,1,310015,1052511408,101,ID002,3123A-3132A-9999A-9999E,TX001,300984505,233492-1-1-110
42,2755.75,1,310015,1052511408,101,ID002,3123A-3132A-9999A-9999E,TX001,300984506,233492-1-1-110
42,2755.75,1,310015,1052511408,101,ID002,3123A-3132A-9999A-9999E,TX001,300984507,233492-1-1-110
42,2755.75,1,310015,1052511408,101,ID002,3123A-3132A-9999A-9999E,TX001,300984508,233492-1-1-110
42,2755.75,1,310015,1052511408,101,ID002,3123A-3132A-9999A-9999E,TX001,300984509,233492-1-1-110
42,2755.75,1,310015,1052511408,101,ID002,3123A-3132A-9999A-9999E,TX001,300984510,233492-1-1-110
42,2755.75,1,310015,1052511408,101,ID002,3123A-3132A-9999A-9999E,TX001,300984522,233492-1-1-110
42,2755.75,1,310015,1052511408,101,ID002,3123A-3132A-9999A-9999E,TX001,300984523,233492-1-1-110
42,2755.75,1,310015,1052511409,101,ID002,3123A-3132A-9999A-9999E,TX001,300984553,233492-1-1-110
42,2755.75,1,310015,1052511409,101,ID002,3123A-3132A-9999A-9999E,TX001,300984554,233492-1-1-110
42,2755.75,1,310015,1052511409,101,ID002,3123A-3132A-9999A-9999E,TX001,300984572,233492-1-1-110
42,55.115,0,310015,1052511409,101,ID002,3123A-3132A-9999A-9999E,TX001,300984573,""
42,2700.635,1,310015,1052511409,101,ID002,3123A-3132A-9999A-9999E,TX001,300984573,233486-1-1-109
42,2755.75,1,310015,1052511409,101,ID002,3123A-3132A-9999A-9999E,TX001,300984577,233486-1-1-109
42,2755.75,1,310015,1052511409,101,ID002,3123A-3132A-9999A-9999E,TX001,300984578,233486-1-1-109
42,2755.75,1,310015,1052511409,101,ID002,3123A-3132A-9999A-9999E,TX001,300984597,233486-1-1-109
42,2755.75,1,310015,1052511409,101,ID002,3123A-3132A-9999A-9999E,TX001,300984598,233486-1-1-109
42,2755.75,1,310015,1052511410,101,ID002,3117A-3123A-3132A-9999A-9999E,TX001,300984608,233486-1-1-109
42,2755.75,1,310015,1052511410,101,ID002,3117A-3123A-3132A-9999A-9999E,TX001,300984663,233486-1-1-109
42,55.115,0,310015,1052511410,101,ID002,3117A-3123A-3132A-9999A-9999E,TX001,300984664,""
42,2700.635,1,310015,1052511410,101,ID002,3117A-3123A-3132A-9999A-9999E,TX001,300984664,233486-1-1-109
42,2755.75,1,310015,1052511410,101,ID002,3117A-3123A-3132A-9999A-9999E,TX001,300984665,233486-1-1-109
42,2755.75,1,310015,1052511410,101,ID002,3117A-3123A-3132A-9999A-9999E,TX001,300984687,233486-1-1-109
42,55.115,0,310015,1052511410,101,ID002,3117A-3123A-3132A-9999A-9999E,TX001,300984688,""
42,2700.635,1,310015,1052511410,101,ID002,3117A-3123A-3132A-9999A-9999E,TX001,300984688,233486-1-1-109
42,2755.75,1,310015,1052511410,101,ID002,3117A-3123A-3132A-9999A-9999E,TX001,300984689,233486-1-1-109
42,2755.75,1,310015,1052511410,101,ID002,3117A-3123A-3132A-9999A-9999E,TX001,300984690,233486-1-1-109
42,55.115,0,310015,1052511411,101,ID002,3123A-3132A-9999A-9999E,TX001,300984706,""
42,2700.635,1,310015,1052511411,101,ID002,3123A-3132A-9999A-9999E,TX001,300984706,233486-1-1-109
42,220.46,0,310015,1052511411,101,ID002,3123A-3132A-9999A-9999E,TX001,300984707,""
42,2535.29,1,310015,1052511411,101,ID002,3123A-3132A-9999A-9999E,TX001,300984707,233486-1-1-110
42,55.115,0,310015,1052511411,101,ID002,3123A-3132A-9999A-9999E,TX001,300984708,""
42,2700.635,1,310015,1052511411,101,ID002,3123A-3132A-9999A-9999E,TX001,300984708,233486-1-1-110
42,2755.75,1,310015,1052511411,101,ID002,3123A-3132A-9999A-9999E,TX001,300984835,233486-1-1-110
42,55.115,0,310015,1052511411,101,ID002,3123A-3132A-9999A-9999E,TX001,300984838,""
42,2700.635,1,310015,1052511411,101,ID002,3123A-3132A-9999A-9999E,TX001,300984838,233486-1-1-110
42,55.115,0,310015,1052511411,101,ID002,3123A-3132A-9999A-9999E,TX001,300984839,""
42,2700.635,1,310015,1052511411,101,ID002,3123A-3132A-9999A-9999E,TX001,300984839,233486-1-1-110
42,2755.75,1,310015,1052511411,101,ID002,3123A-3132A-9999A-9999E,TX001,300984840,233486-1-1-110
42,2755.75,1,310015,1052511411,101,ID002,3123A-3132A-9999A-9999E,TX001,300984841,233486-1-1-110
42,2755.75,1,310015,1052511412,101,ID002,3123A-3123A-3132A-9999A-3132A-9999A-9999E,TX001,300984884,233486-1-1-110
42,2755.75,1,310015,1052511412,101,ID002,3123A-3123A-3132A-9999A-3132A-9999A-9999E,TX001,300984885,233486-1-1-110
42,2755.75,1,310015,1052511412,101,ID002,3123A-3123A-3132A-9999A-3132A-9999A-9999E,TX001,300984886,233486-1-1-110
42,2755.75,1,310015,1052511412,101,ID002,3123A-3123A-3132A-9999A-3132A-9999A-9999E,TX001,300984887,233486-1-1-110
42,2755.75,1,310015,1052511412,101,ID002,3123A-3123A-3132A-9999A-3132A-9999A-9999E,TX001,300984921,233486-1-1-110
42,2755.75,1,310015,1052511412,101,ID002,3123A-3123A-3132A-9999A-3132A-9999A-9999E,TX001,300984922,233486-1-1-110
42,2755.75,1,310015,1052511412,101,ID002,3123A-3123A-3132A-9999A-3132A-9999A-9999E,TX001,300984923,233486-1-1-110
42,110.23,0,310015,1052511412,101,ID002,3123A-9999A-3132A-9999A-9999E,TX001,300984918,""
42,2645.52,1,310015,1052511412,101,ID002,3123A-9999A-3132A-9999A-9999E,TX001,300984918,233486-1-1-110
42,2755.75,1,310018,1002511401,102,WA001,9999A,WA001,300985055,""
42,2755.75,1,310018,1002511401,102,WA001,9999A,WA001,300985056,""
42,2755.75,1,310018,1002511401,102,WA001,9999A,WA001,300985057,""
42,2755.75,1,310018,1002511401,102,WA001,9999A,WA001,300985077,""
42,2755.75,1,310018,1002511401,102,WA001,9999A,WA001,300985078,""
42,2755.75,1,310018,1002511401,102,WA001,9999A,WA001,300985079,""
42,2755.75,1,310018,1002511401,102,WA001,9999A,WA001,300985080,""
42,2755.75,1,310018,1002511401,102,WA001,9999A,WA001,300985081,""
42,2755.75,1,310018,1002511402,102,WA001,9999A,WA001,300985146,""
42,2755.75,1,310018,1002511402,102,WA001,9999A,WA001,300985147,""
42,2755.75,1,310018,1002511402,102,WA001,9999A,WA001,300985148,""
42,2755.75,1,310018,1002511402,102,WA001,9999A,WA001,300985149,""
42,2755.75,1,310018,1002511402,102,WA001,9999A,WA001,300985224,""
42,2755.75,1,310018,1002511402,102,WA001,9999A,WA001,300985226,""
42,2755.75,1,310018,1002511402,102,WA001,9999A,WA001,300985250,""
42,2092,1,310086,1052511431,101,ID002,3139A-3140A-9999A,ID010,300983984,232869-1-5-123
42,2035,1,310086,1052511431,101,ID002,3139A-3140A-9999A,ID010,300983985,232869-1-5-123
42,2104,1,310086,1052511431,101,ID002,3139A-3140A-9999A,ID010,300983986,232869-1-5-123
42,2027,1,310086,1052511431,101,ID002,3139A-3140A-9999A,ID010,300983987,232869-1-5-123
42,2121,1,310086,1052511431,101,ID002,3139A-3140A-9999A,ID010,300983988,232869-1-5-123
42,2032,1,310086,1052511431,101,ID002,3139A-3140A-9999A,ID010,300983989,232869-1-5-123
42,2134,1,310086,1052511431,101,ID002,3139A-3140A-9999A,ID010,300983994,232869-1-5-123
42,2025,1,310086,1052511431,101,ID002,3139A-3140A-9999A,ID010,300983995,232869-1-5-123
42,2166,1,310086,1052511432,101,ID002,3139A-3140A-9999A,ID010,300984011,232869-1-5-123
42,2051,1,310086,1052511432,101,ID002,3139A-3140A-9999A,ID010,300984012,232869-1-5-123
42,2117,1,310086,1052511432,101,ID002,3139A-3140A-9999A,ID010,300984013,232869-1-5-123
42,2046,1,310086,1052511432,101,ID002,3139A-3140A-9999A,ID010,300984014,232869-1-5-123
42,2102,1,310086,1052511432,101,ID002,3139A-3140A-9999A,ID010,300984015,232869-1-5-125
42,2156,1,310086,1052511432,101,ID002,3139A-3140A-9999A,ID010,300984016,232869-1-5-125
42,2095,1,310086,1052511432,101,ID002,3139A-3140A-9999A,ID010,300984105,232869-1-5-125
42,2120,1,310086,1052511433,101,ID002,3139A-3140A-9999A,ID010,300984308,232869-1-5-124
42,2023,1,310086,1052511433,101,ID002,3139A-3140A-9999A,ID010,300984309,232869-1-5-124
42,2108,1,310086,1052511433,101,ID002,3139A-3140A-9999A,ID010,300985170,232869-1-5-124
42,2755.75,1,310724,1012511403,101,WA002,3040A-3045A-3053A-9999A,WA007,300984244,233472-1-1-104
42,2755.75,1,310724,1012511403,101,WA002,3040A-3045A-3053A-9999A,WA007,300984254,233472-1-1-104
42,2755.75,1,310724,1012511403,101,WA002,3040A-3045A-3053A-9999A,WA007,300984255,233472-1-1-104
42,2755.75,1,310724,1012511403,101,WA002,3040A-3045A-3053A-9999A,WA007,300984291,233472-1-1-105
42,2755.75,1,310724,1012511403,101,WA002,3040A-3045A-3053A-9999A,WA007,300984294,233472-1-1-105
42,2755.75,1,310724,1012511403,101,WA002,3040A-3045A-3053A-9999A,WA007,300984295,233472-1-1-105
42,2755.75,1,310724,1012511403,101,WA002,3040A-3045A-3053A-9999A,WA007,300984297,233472-1-1-105
42,2755.75,1,310724,1012511403,101,WA002,3040A-3045A-3053A-9999A,WA007,300984310,233472-1-1-105
42,2755.75,1,310724,1012511405,101,WA002,3040A-3045A-3053A-9999A,WA007,300984390,233472-1-1-105
42,2755.75,1,310724,1012511405,101,WA002,3040A-3045A-3053A-9999A,WA007,300984404,233472-1-1-105
42,2755.75,1,310724,1012511405,101,WA002,3040A-3045A-3053A-9999A,WA007,300984405,233472-1-1-105
42,2755.75,1,310724,1012511405,101,WA002,3040A-3045A-3053A-9999A,WA007,300984431,233472-1-1-105
42,2755.75,1,310724,1012511405,101,WA002,3040A-3045A-3053A-9999A,WA007,300984432,233472-1-1-105
42,2755.75,1,310724,1012511405,101,WA002,3040A-3045A-3053A-9999A,WA007,300984433,233472-1-1-105
42,2755.75,1,310724,1012511405,101,WA002,3040A-3045A-3053A-9999A,WA007,300984438,233472-1-1-105
42,2755.75,1,310724,1012511405,101,WA002,3040A-3045A-3053A-9999A,WA007,300984439,233472-1-1-105
42,2198,1,310774,1002511401,102,WA001,9999A,WA001,300984201,""
42,2206,1,310774,1002511401,102,WA001,9999A,WA001,300984215,""
42,2199,1,310774,1002511401,102,WA001,9999A,WA001,300984216,""
42,2199,1,310774,1002511401,102,WA001,9999A,WA001,300984222,""
42,2204,1,310774,1002511401,102,WA001,9999A,WA001,300984228,""
42,2199,1,310774,1002511401,102,WA001,9999A,WA001,300984231,""
42,2205,1,310774,1002511401,102,WA001,9999A,WA001,300984237,""
42,2199,1,310774,1002511401,102,WA001,9999A,WA001,300984251,""
42,2204,1,310774,1002511402,102,WA001,9999A,WA001,300984263,""
42,2203,1,310774,1002511402,102,WA001,9999A,WA001,300984268,""
42,2204,1,310774,1002511402,102,WA001,9999A,WA001,300984288,""
42,2199,1,310774,1002511402,102,WA001,9999A,WA001,300984302,""
42,2205,1,310774,1002511402,102,WA001,9999A,WA001,300984322,""
42,2198,1,310774,1002511402,102,WA001,9999A,WA001,300984335,""
42,2198,1,310774,1002511402,102,WA001,9999A,WA001,300984395,""
42,2199,1,310774,1002511402,102,WA001,9999A,WA001,300984400,""
42,2201,1,310774,1002511403,102,WA001,9999A,WA001,300984425,""
42,2198,1,310774,1002511403,102,WA001,9999A,WA001,300984428,""
42,2198,1,310774,1002511403,102,WA001,9999A,WA001,300984436,""
42,1661,1,310774,1002511403,102,WA001,9999A,WA001,300984456,""
43,1377.875,1,310015,1052511301,101,ID002,3117A-3123A-9999A-9999E,ID010,300982839,1460719
43,2755.75,1,310015,1052511303,101,ID002,3117A-3123A-9999A-9999E,TX001,300983789,233285-1-3-118
43,2755.75,1,310015,1052511303,101,ID002,3117A-3123A-9999A-9999E,TX001,300983790,233285-1-3-118
43,2755.75,1,310015,1052511303,101,ID002,3117A-3123A-9999A-9999E,TX001,300983791,233285-1-3-118
43,2755.75,1,310015,1052511303,101,ID002,3117A-3123A-9999A-9999E,TX001,300983792,233285-1-3-118
43,2700.635,1,310015,1052511303,101,ID002,3117A-3123A-9999A-9999E,TX001,300983793,233285-1-3-118
43,2755.75,1,310015,1052511303,101,ID002,3117A-3123A-9999A-9999E,TX001,300983794,233492-1-1-109
43,2755.75,1,310015,1052511303,101,ID002,3117A-3123A-9999A-9999E,TX001,300983795,233492-1-1-109
43,2755.75,1,310015,1052511303,101,ID002,3117A-3123A-9999A-9999E,TX001,300983796,233492-1-1-109
43,2755.75,1,310015,1052511304,101,ID002,3117A-3123A-3132A-9999A-9999E,TX001,300984081,233492-1-1-109
43,2134,1,310086,1052511332,101,ID002,3140A-9999A,ID010,300982953,232869-1-5-125
43,2067,1,310086,1052511332,101,ID002,3140A-9999A,ID010,300982954,232869-1-5-125
43,2037,1,310086,1052511333,101,ID002,3139A-3140A-9999A,ID010,300983037,233538-1-1-103
43,2162,1,310086,1052511334,101,ID002,3139A-3140A-9999A,ID010,300983041,233538-1-1-103
43,2097,1,310086,1052511334,101,ID002,3139A-3140A-9999A,ID010,300983042,233538-1-1-103
43,2159,1,310086,1052511334,101,ID002,3139A-3140A-9999A,ID010,300983064,233538-1-1-103
43,2052,1,310086,1052511334,101,ID002,3139A-3140A-9999A,ID010,300983065,233538-1-1-103
43,2123,1,310086,1052511334,101,ID002,3139A-3140A-9999A,ID010,300983072,233538-1-1-103
43,2101,1,310086,1052511334,101,ID002,3139A-3140A-9999A,ID010,300983073,233538-1-1-103
43,2153,1,310086,1052511334,101,ID002,3139A-3140A-9999A,ID010,300983182,233538-1-1-103
43,2038,1,310086,1052511334,101,ID002,3139A-3140A-9999A,ID010,300983183,233538-1-1-103
43,2141,1,310086,1052511335,101,ID002,3139A-3140A-9999A,ID010,300983080,233538-1-1-103
43,2022,1,310086,1052511335,101,ID002,3139A-3140A-9999A,ID010,300983081,233538-1-1-103
43,2133,1,310086,1052511335,101,ID002,3139A-3140A-9999A,ID010,300983087,233538-1-1-103
43,2027,1,310086,1052511335,101,ID002,3139A-3140A-9999A,ID010,300983088,233538-1-1-103
43,2116,1,310086,1052511335,101,ID002,3139A-3140A-9999A,ID010,300983099,233538-1-1-103
43,2037,1,310086,1052511335,101,ID002,3139A-3140A-9999A,ID010,300983100,233538-1-1-104
43,2107,1,310086,1052511335,101,ID002,3139A-3140A-9999A,ID010,300983116,233538-1-1-104
43,2021,1,310086,1052511335,101,ID002,3139A-3140A-9999A,ID010,300983117,233538-1-1-104
43,2113,1,310086,1052511336,101,ID002,3139A-3140A-9999A,ID010,300983122,233538-1-1-104
43,2040,1,310086,1052511336,101,ID002,3139A-3140A-9999A,ID010,300983123,233538-1-1-104
43,2116,1,310086,1052511336,101,ID002,3139A-3140A-9999A,ID010,300983127,233538-1-1-104
43,2032,1,310086,1052511336,101,ID002,3139A-3140A-9999A,ID010,300983128,233538-1-1-104
43,2158,1,310086,1052511336,101,ID002,3139A-3140A-9999A,ID010,300983147,233538-1-1-104
43,2031,1,310086,1052511336,101,ID002,3139A-3140A-9999A,ID010,300983148,233538-1-1-104
43,2115,1,310086,1052511336,101,ID002,3139A-3140A-9999A,ID010,300983152,233538-1-1-104
43,2033,1,310086,1052511336,101,ID002,3139A-3140A-9999A,ID010,300983153,233538-1-1-104
43,2028,1,310086,1052511337,101,ID002,3139A-3140A-9999A,ID002,300983228,""
43,2130,1,310086,1052511337,101,ID002,3139A-3140A-9999A,ID010,300983159,233538-1-1-104
43,2028,1,310086,1052511337,101,ID002,3139A-3140A-9999A,ID010,300983160,233538-1-1-104
43,2096,1,310086,1052511337,101,ID002,3139A-3140A-9999A,ID010,300983198,233538-1-1-104
43,2025,1,310086,1052511337,101,ID002,3139A-3140A-9999A,ID010,300983199,233538-1-1-104
43,2117,1,310086,1052511337,101,ID002,3139A-3140A-9999A,ID010,300983209,233538-1-1-104
43,2023,1,310086,1052511337,101,ID002,3139A-3140A-9999A,ID010,300983210,233538-1-1-104
43,2109,1,310086,1052511337,101,ID002,3139A-3140A-9999A,ID010,300983227,233538-1-1-104
43,2122,1,310086,1052511338,101,ID002,3139A-3140A-9999A,ID010,300983247,233538-1-1-104
43,2032,1,310086,1052511338,101,ID002,3139A-3140A-9999A,ID010,300983248,233538-1-1-105
43,2131,1,310086,1052511338,101,ID002,3139A-3140A-9999A,ID010,300983262,233538-1-1-105
43,2030,1,310086,1052511338,101,ID002,3139A-3140A-9999A,ID010,300983264,233538-1-1-105
43,2111,1,310086,1052511338,101,ID002,3139A-3140A-9999A,ID010,300983274,233538-1-1-105
43,2042,1,310086,1052511338,101,ID002,3139A-3140A-9999A,ID010,300983275,233538-1-1-105
43,2108,1,310086,1052511338,101,ID002,3139A-3140A-9999A,ID010,300983291,233538-1-1-105
43,2035,1,310086,1052511338,101,ID002,3139A-3140A-9999A,ID010,300983292,233538-1-1-105
43,2122,1,310086,1052511339,101,ID002,3139A-3140A-9999A,ID010,300983300,233538-1-1-105
43,2060,1,310086,1052511339,101,ID002,3139A-3140A-9999A,ID010,300983303,233538-1-1-105
43,2206,1,310086,1052511339,101,ID002,3139A-3140A-9999A,ID010,300983309,233538-1-1-105
43,2060,1,310086,1052511339,101,ID002,3139A-3140A-9999A,ID010,300983310,233538-1-1-105
43,2113,1,310086,1052511339,101,ID002,3139A-3140A-9999A,ID010,300983312,233538-1-1-105
43,2094,1,310086,1052511339,101,ID002,3139A-3140A-9999A,ID010,300983313,233538-1-1-105
43,2150,1,310086,1052511339,101,ID002,3139A-3140A-9999A,ID010,300983334,233538-1-1-105
43,2059,1,310086,1052511339,101,ID002,3139A-3140A-9999A,ID010,300983335,233538-1-1-105
43,2134,1,310086,1052511340,101,ID002,3139A-3140A-9999A,ID010,300983340,233538-1-1-105
43,2037,1,310086,1052511340,101,ID002,3139A-3140A-9999A,ID010,300983341,233538-1-1-105
43,2112,1,310086,1052511340,101,ID002,3139A-3140A-9999A,ID010,300983350,233538-1-1-105
43,2117,1,310086,1052511340,101,ID002,3139A-3140A-9999A,ID010,300983351,233538-1-1-105
43,2192,1,310086,1052511340,101,ID002,3139A-3140A-9999A,ID010,300983355,233479-1-2-101
43,2208,1,310086,1052511340,101,ID002,3139A-3140A-9999A,ID010,300983365,233479-1-2-101
43,2054,1,310086,1052511340,101,ID002,3139A-3140A-9999A,ID010,300983366,233479-1-2-101
43,2042,1,310086,1052511340,101,ID002,3139A-3140A-9999A,ID010,300984300,233479-1-2-101
43,2104,1,310086,1052511341,101,ID002,3139A-3140A-9999A,ID010,300983381,232869-1-5-121
43,2019,1,310086,1052511341,101,ID002,3139A-3140A-9999A,ID010,300983382,232869-1-5-121
43,2148,1,310086,1052511341,101,ID002,3139A-3140A-9999A,ID010,300983393,232869-1-5-121
43,2054,1,310086,1052511341,101,ID002,3139A-3140A-9999A,ID010,300983394,232869-1-5-121
43,2150,1,310086,1052511341,101,ID002,3139A-3140A-9999A,ID010,300983399,232869-1-5-121
43,2035,1,310086,1052511341,101,ID002,3139A-3140A-9999A,ID010,300983400,232869-1-5-121
43,2118,1,310086,1052511341,101,ID002,3139A-3140A-9999A,ID010,300983405,232869-1-5-121
43,2044,1,310086,1052511341,101,ID002,3139A-3140A-9999A,ID010,300983406,232869-1-5-121
43,2120,1,310086,1052511342,101,ID002,3139A-3140A-9999A,ID010,300983429,232869-1-5-121
43,2037,1,310086,1052511342,101,ID002,3139A-3140A-9999A,ID010,300983430,232869-1-5-121
43,2128,1,310086,1052511342,101,ID002,3139A-3140A-9999A,ID010,300983433,232869-1-5-121
43,2038,1,310086,1052511342,101,ID002,3139A-3140A-9999A,ID010,300983435,232869-1-5-121
43,2138,1,310086,1052511342,101,ID002,3139A-3140A-9999A,ID010,300983442,232869-1-5-121
43,2043,1,310086,1052511342,101,ID002,3139A-3140A-9999A,ID010,300983443,232869-1-5-121
43,2157,1,310086,1052511342,101,ID002,3139A-3140A-9999A,ID010,300983449,232869-1-5-122
43,2038,1,310086,1052511342,101,ID002,3139A-3140A-9999A,ID010,300983450,232869-1-5-122
43,2121,1,310086,1052511343,101,ID002,3139A-3140A-9999A,ID010,300983454,232869-1-5-122
43,2025,1,310086,1052511343,101,ID002,3139A-3140A-9999A,ID010,300983455,232869-1-5-122
43,2112,1,310086,1052511343,101,ID002,3139A-3140A-9999A,ID010,300983456,232869-1-5-122
43,2030,1,310086,1052511343,101,ID002,3139A-3140A-9999A,ID010,300983458,232869-1-5-122
43,2100,1,310086,1052511343,101,ID002,3139A-3140A-9999A,ID010,300983486,232869-1-5-122
43,2018,1,310086,1052511343,101,ID002,3139A-3140A-9999A,ID010,300983488,232869-1-5-122
43,2125,1,310086,1052511343,101,ID002,3139A-3140A-9999A,ID010,300983501,232869-1-5-122
43,2032,1,310086,1052511343,101,ID002,3139A-3140A-9999A,ID010,300984301,232869-1-5-122
43,1418,1,310086,1052511344,101,ID002,3139A-3140A-9999A,ID010,300983503,232869-1-5-122
43,2125,1,310086,1052511344,101,ID002,3139A-3140A-9999A,ID010,300983607,232869-1-5-122
43,2025,1,310086,1052511344,101,ID002,3139A-3140A-9999A,ID010,300983610,232869-1-5-122
43,2100,1,310086,1052511344,101,ID002,3139A-3140A-9999A,ID010,300983624,232869-1-5-122
43,2028,1,310086,1052511344,101,ID002,3139A-3140A-9999A,ID010,300983625,232869-1-5-122
43,2037,1,310086,1052511344,101,ID002,3139A-3140A-9999A,ID010,300983670,232869-1-5-122
43,2108,1,310086,1052511344,101,ID002,3139A-3140A-9999A,ID010,300983765,232869-1-5-122
43,2129,1,310086,1052511344,101,ID002,3139A-3140A-9999A,ID010,300983766,232869-1-5-122
43,2029,1,310086,1052511345,101,ID002,3139A-3140A-9999A,ID002,300983940,""
43,2135,1,310086,1052511345,101,ID002,3139A-3140A-9999A,ID010,300983767,232869-1-5-123
43,2033,1,310086,1052511345,101,ID002,3139A-3140A-9999A,ID010,300983768,232869-1-5-123
43,2168,1,310086,1052511345,101,ID002,3139A-3140A-9999A,ID010,300983769,232869-1-5-123
43,2028,1,310086,1052511345,101,ID002,3139A-3140A-9999A,ID010,300983770,232869-1-5-123
43,2186,1,310086,1052511345,101,ID002,3139A-3140A-9999A,ID010,300983782,232869-1-5-123
43,2131,1,310086,1052511345,101,ID002,3139A-3140A-9999A,ID010,300983938,232869-1-5-123
43,2135,1,310086,1052511345,101,ID002,3139A-3140A-9999A,ID010,300983939,232869-1-5-123
44,2755.75,1,310002,1002511201,101,WA001,3405A-9999A-9999E,TX001,300982475,232811-1-2-102
44,2755.75,1,310002,1002511201,101,WA001,3405A-9999A-9999E,TX001,300982476,232811-1-2-102
44,2755.75,1,310002,1002511201,101,WA001,3405A-9999A-9999E,TX001,300982477,232811-1-2-102
44,2755.75,1,310002,1002511201,101,WA001,3405A-9999A-9999E,TX001,300982478,""
44,2755.75,1,310015,1052511202,101,ID002,3117A-3123A-9999A-9999E,TX001,300981307,""
44,2755.75,1,310015,1052511205,101,ID002,3117A-3123A-9999A-9999E,TX001,300981580,""
44,2755.75,1,310015,1052511208,101,ID002,3117A-3123A-9999A-9999E,TX001,300981893,""
44,2755.75,1,310015,1052511210,101,ID002,3117A-3123A-9999A-9999E,TX001,300982046,233285-1-3-118
44,2755.75,1,310015,1052511210,101,ID002,3117A-3123A-9999A-9999E,TX001,300982047,233285-1-3-118
44,2755.75,1,310015,1052511210,101,ID002,3117A-3123A-9999A-9999E,TX001,300982066,233285-1-3-118
44,2755.75,1,310015,1052511210,101,ID002,3117A-3123A-9999A-9999E,TX001,300982067,233285-1-3-118
44,2755.75,1,310015,1052511210,101,ID002,3117A-3123A-9999A-9999E,TX001,300982070,233285-1-3-118
44,2755.75,1,310015,1052511210,101,ID002,3117A-3123A-9999A-9999E,TX001,300982071,233285-1-3-118
44,2755.75,1,310015,1052511210,101,ID002,3117A-3123A-9999A-9999E,TX001,300982072,233285-1-3-118
44,2755.75,1,310015,1052511210,101,ID002,3117A-3123A-9999A-9999E,TX001,300982073,233285-1-3-118
44,2755.75,1,310015,1052511211,101,ID002,3117A-3123A-9999A-9999E,TX001,300982123,233285-1-3-118
44,2755.75,1,310015,1052511211,101,ID002,3117A-3123A-9999A-9999E,TX001,300982124,233285-1-3-118
44,2755.75,1,310015,1052511211,101,ID002,3117A-3123A-9999A-9999E,TX001,300982125,233285-1-3-118
44,2755.75,1,310015,1052511211,101,ID002,3117A-3123A-9999A-9999E,TX001,300982127,233285-1-3-118
44,2755.75,1,310015,1052511211,101,ID002,3117A-3123A-9999A-9999E,TX001,300982260,233285-1-3-118
44,2755.75,1,310015,1052511211,101,ID002,3117A-3123A-9999A-9999E,TX001,300982261,233285-1-3-118
44,2755.75,1,310015,1052511211,101,ID002,3117A-3123A-9999A-9999E,TX001,300982262,233285-1-3-118
44,2755.75,1,310015,1052511211,101,ID002,3117A-3123A-9999A-9999E,TX001,300982263,233285-1-3-118
44,2755.75,1,310015,1052511212,101,ID002,3117A-3123A-9999A-9999E,TX001,300982344,""
44,2755.75,1,310015,1052511213,101,ID002,3117A-3123A-9999A-9999E,TX001,300982396,233492-1-1-109
44,1322.76,0,310015,1052511214,101,ID002,3117A-3123A-9999A-9999E,ID010,300982720,1460719
44,2110,1,310086,1052511231,101,ID002,3139A-3140A-9999A,ID010,300982128,233538-1-1-101
44,1995,1,310086,1052511231,101,ID002,3139A-3140A-9999A,ID010,300982130,233538-1-1-101
44,2132,1,310086,1052511231,101,ID002,3139A-3140A-9999A,ID010,300982334,233538-1-1-101
44,2041,1,310086,1052511231,101,ID002,3139A-3140A-9999A,ID010,300982335,233538-1-1-101
44,2082,1,310086,1052511231,101,ID002,3139A-3140A-9999A,ID010,300982336,233538-1-1-101
44,2009,1,310086,1052511231,101,ID002,3139A-3140A-9999A,ID010,300982338,233538-1-1-101
44,2111,1,310086,1052511231,101,ID002,3139A-3140A-9999A,ID010,300982340,233538-1-1-101
44,2003,1,310086,1052511231,101,ID002,3139A-3140A-9999A,ID010,300982341,233538-1-1-101
44,2096,1,310086,1052511232,101,ID002,3139A-3140A-9999A,ID010,300982406,233538-1-1-101
44,2014,1,310086,1052511232,101,ID002,3139A-3140A-9999A,ID010,300982407,233538-1-1-101
44,2045,1,310086,1052511232,101,ID002,3139A-3140A-9999A,ID010,300982408,233538-1-1-101
44,2004,1,310086,1052511232,101,ID002,3139A-3140A-9999A,ID010,300982409,233538-1-1-101
44,2104,1,310086,1052511232,101,ID002,3139A-3140A-9999A,ID010,300982410,233538-1-1-101
44,2021,1,310086,1052511232,101,ID002,3139A-3140A-9999A,ID010,300982411,233538-1-1-101
44,2094,1,310086,1052511232,101,ID002,3139A-3140A-9999A,ID010,300982412,233538-1-1-101
44,2040,1,310086,1052511232,101,ID002,3139A-3140A-9999A,ID010,300982414,233538-1-1-101
44,2097,1,310086,1052511233,101,ID002,3139A-3140A-9999A,ID010,300982530,233538-1-1-102
44,2058,1,310086,1052511233,101,ID002,3139A-3140A-9999A,ID010,300982531,233538-1-1-102
44,2102,1,310086,1052511233,101,ID002,3139A-3140A-9999A,ID010,300982532,233538-1-1-102
44,2032,1,310086,1052511233,101,ID002,3139A-3140A-9999A,ID010,300982533,233538-1-1-102
44,2089,1,310086,1052511233,101,ID002,3139A-3140A-9999A,ID010,300982534,233538-1-1-102
44,2036,1,310086,1052511233,101,ID002,3139A-3140A-9999A,ID010,300982535,233538-1-1-102
44,2150,1,310086,1052511233,101,ID002,3139A-3140A-9999A,ID010,300982536,233538-1-1-102
44,2141,1,310086,1052511233,101,ID002,3139A-3140A-9999A,ID010,300982537,233538-1-1-102
44,2092,1,310086,1052511234,101,ID002,3139A-3140A-9999A,ID010,300982546,233538-1-1-102
44,2211,1,310086,1052511234,101,ID002,3139A-3140A-9999A,ID010,300982547,233538-1-1-102
44,2143,1,310086,1052511234,101,ID002,3139A-3140A-9999A,ID010,300982548,233538-1-1-102
44,2131,1,310086,1052511234,101,ID002,3139A-3140A-9999A,ID010,300982549,233538-1-1-102
44,2157,1,310086,1052511234,101,ID002,3139A-3140A-9999A,ID010,300982550,233538-1-1-102
44,2139,1,310086,1052511234,101,ID002,3139A-3140A-9999A,ID010,300982551,233538-1-1-102
44,2067,1,310086,1052511234,101,ID002,3139A-3140A-9999A,ID010,300982552,233538-1-1-102
44,2228,1,310086,1052511234,101,ID002,3139A-3140A-9999A,ID010,300982560,233538-1-1-102
44,2129,1,310086,1052511235,101,ID002,3139A-3140A-9999A,ID010,300982602,233538-1-1-102
44,2080,1,310086,1052511235,101,ID002,3139A-3140A-9999A,ID010,300982603,233538-1-1-102
44,2196,1,310086,1052511235,101,ID002,3139A-3140A-9999A,ID010,300982604,233538-1-1-102
44,2066,1,310086,1052511235,101,ID002,3139A-3140A-9999A,ID010,300982605,233538-1-1-103
44,2221,1,310086,1052511235,101,ID002,3139A-3140A-9999A,ID010,300982606,233538-1-1-103
44,2130,1,310086,1052511235,101,ID002,3139A-3140A-9999A,ID010,300982607,233538-1-1-103
44,2136,1,310086,1052511235,101,ID002,3139A-3140A-9999A,ID010,300982652,233538-1-1-103
44,2113,1,310086,1052511235,101,ID002,3139A-3140A-9999A,ID010,300982654,233538-1-1-103
44,2755.75,1,310724,1012511205,101,WA002,3040A-9999A,WA007,300981623,233472-1-1-104
44,2755.75,1,310724,1012511205,101,WA002,3040A-9999A,WA007,300981624,233472-1-1-104
44,2755.75,1,310724,1012511205,101,WA002,3040A-9999A,WA007,300981625,233472-1-1-104
44,2755.75,1,310724,1012511205,101,WA002,3040A-9999A,WA007,300981626,233472-1-1-104
44,2755.75,1,310724,1012511205,101,WA002,3040A-9999A,WA007,300981627,233472-1-1-104
44,2755.75,1,310724,1012511205,101,WA002,3040A-9999A,WA007,300982222,233472-1-1-104
44,2755.75,1,310724,1012511205,101,WA002,3040A-9999A,WA007,300982223,233472-1-1-104
44,2755.75,1,310724,1012511205,101,WA002,3040A-9999A,WA007,300982225,233472-1-1-104
44,2755.75,1,310726,1022511254,101,WA003,3005WGUM-3007DRYGUM-3007FO-3007S-3025S-3033A-3035A-9999A-9999C-9999CS-9999E,WA007,300982638,233244-1-1-101
44,2755.75,1,310726,1022511254,101,WA003,3005WGUM-3007DRYGUM-3007FO-3007S-3025S-3033A-3035A-9999A-9999C-9999CS-9999E,WA007,300982672,233244-1-1-101
44,2755.75,1,310726,1022511254,101,WA003,3005WGUM-3007DRYGUM-3007FO-3007S-3025S-3033A-3035A-9999A-9999C-9999CS-9999E,WA007,300982673,233244-1-1-101
44,2755.75,1,310726,1022511254,101,WA003,3005WGUM-3007DRYGUM-3007FO-3007S-3025S-3033A-3035A-9999A-9999C-9999CS-9999E,WA007,300982674,233244-1-1-101
44,2755.75,1,310726,1022511255,101,WA003,3005WGUM-3007DRYGUM-3007FO-3007S-3025S-3033A-3035A-9999A-9999C-9999CS-9999E,WA007,300982842,233244-1-1-101
44,2755.75,1,310726,1022511255,101,WA003,3005WGUM-3007DRYGUM-3007FO-3007S-3025S-3033A-3035A-9999A-9999C-9999CS-9999E,WA007,300982843,233244-1-1-101
44,2755.75,1,310726,1022511255,101,WA003,3005WGUM-3007DRYGUM-3007FO-3007S-3025S-3033A-3035A-9999A-9999C-9999CS-9999E,WA007,300982930,233244-1-1-101
44,2755.75,1,310726,1022511255,101,WA003,3005WGUM-3007DRYGUM-3007FO-3007S-3025S-3033A-3035A-9999A-9999C-9999CS-9999E,WA007,300983069,233244-1-1-101
44,2755.75,1,310726,1022511255,101,WA003,3005WGUM-3007DRYGUM-3007FO-3007S-3025S-3033A-3035A-9999A-9999C-9999CS-9999E,WA007,300983070,233244-1-1-101
44,2755.75,1,310726,1022511255,101,WA003,3005WGUM-3007DRYGUM-3007FO-3007S-3025S-3033A-3035A-9999A-9999C-9999CS-9999E,WA007,300983079,233244-1-1-101
44,2755.75,1,310726,1022511255,101,WA003,3005WGUM-3007DRYGUM-3007FO-3007S-3025S-3033A-3035A-9999A-9999C-9999CS-9999E,WA007,300983162,233244-1-1-101
44,2755.75,1,310726,1022511255,101,WA003,3005WGUM-3007DRYGUM-3007FO-3007S-3025S-3033A-3035A-9999A-9999C-9999CS-9999E,WA007,300983163,233244-1-1-101
44,2755.75,1,310726,1022511256,101,WA003,3005WGUM-3007DRYGUM-3007FO-3007S-3025S-3035A-9999A-9999C-9999CS-9999E,WA007,300983164,233244-1-1-101
44,2755.75,1,310726,1022511256,101,WA003,3005WGUM-3007DRYGUM-3007FO-3007S-3025S-3035A-9999A-9999C-9999CS-9999E,WA007,300983165,233244-1-1-101
44,2755.75,1,310726,1022511256,101,WA003,3005WGUM-3007DRYGUM-3007FO-3007S-3025S-3035A-9999A-9999C-9999CS-9999E,WA007,300983166,233244-1-1-101
44,2755.75,1,310726,1022511256,101,WA003,3005WGUM-3007DRYGUM-3007FO-3007S-3025S-3035A-9999A-9999C-9999CS-9999E,WA007,300983168,233244-1-1-101
44,2755.75,1,310726,1022511256,101,WA003,3005WGUM-3007DRYGUM-3007FO-3007S-3025S-3035A-9999A-9999C-9999CS-9999E,WA007,300983176,233244-1-1-101
44,2755.75,1,310726,1022511256,101,WA003,3005WGUM-3007DRYGUM-3007FO-3007S-3025S-3035A-9999A-9999C-9999CS-9999E,WA007,300983238,233244-1-1-101
44,2755.75,1,310726,1022511256,101,WA003,3005WGUM-3007DRYGUM-3007FO-3007S-3025S-3035A-9999A-9999C-9999CS-9999E,WA007,300983239,233244-1-1-101
44,2755.75,1,310726,1022511256,101,WA003,3005WGUM-3007DRYGUM-3007FO-3007S-3025S-3035A-9999A-9999C-9999CS-9999E,WA007,300983240,233244-1-1-101
44,2755.75,1,310726,1022511257,101,WA003,3002A-3005WGUM-3007DRYGUM-3007FO-3007S-3015A-3025S-9999A-9999C-9999CS-9999E,WA007,300983246,233244-1-1-101
44,2755.75,1,310726,1022511257,101,WA003,3002A-3005WGUM-3007DRYGUM-3007FO-3007S-3015A-3025S-9999A-9999C-9999CS-9999E,WA007,300983251,233244-1-1-101
44,2755.75,1,310726,1022511257,101,WA003,3002A-3005WGUM-3007DRYGUM-3007FO-3007S-3015A-3025S-9999A-9999C-9999CS-9999E,WA007,300983252,233244-1-1-101
44,2755.75,1,310726,1022511257,101,WA003,3002A-3005WGUM-3007DRYGUM-3007FO-3007S-3015A-3025S-9999A-9999C-9999CS-9999E,WA007,300983253,233244-1-1-101
44,2755.75,1,310726,1022511257,101,WA003,3002A-3005WGUM-3007DRYGUM-3007FO-3007S-3015A-3025S-9999A-9999C-9999CS-9999E,WA007,300983295,233244-1-1-101
44,2755.75,1,310726,1022511257,101,WA003,3002A-3005WGUM-3007DRYGUM-3007FO-3007S-3015A-3025S-9999A-9999C-9999CS-9999E,WA007,300983296,233244-1-1-101
44,2755.75,1,310726,1022511257,101,WA003,3002A-3005WGUM-3007DRYGUM-3007FO-3007S-3015A-3025S-9999A-9999C-9999CS-9999E,WA007,300983297,233244-1-1-101
44,2755.75,1,310726,1022511257,101,WA003,3002A-3005WGUM-3007DRYGUM-3007FO-3007S-3015A-3025S-9999A-9999C-9999CS-9999E,WA007,300983298,233244-1-1-101
44,2755.75,1,310726,1022511258,101,WA003,3002A-3005WGUM-3007DRYGUM-3007FO-3007S-3015A-3025S-3035A-9999A-9999C-9999CS-9999E,WA007,300983367,233244-1-1-101
44,2755.75,1,310726,1022511258,101,WA003,3002A-3005WGUM-3007DRYGUM-3007FO-3007S-3015A-3025S-3035A-9999A-9999C-9999CS-9999E,WA007,300983368,233244-1-1-101
44,2755.75,1,310726,1022511258,101,WA003,3002A-3005WGUM-3007DRYGUM-3007FO-3007S-3015A-3025S-3035A-9999A-9999C-9999CS-9999E,WA007,300983369,233244-1-1-101
44,2755.75,1,310726,1022511258,101,WA003,3002A-3005WGUM-3007DRYGUM-3007FO-3007S-3015A-3025S-3035A-9999A-9999C-9999CS-9999E,WA007,300983370,233244-1-1-101
44,2755.75,1,310726,1022511258,101,WA003,3002A-3005WGUM-3007DRYGUM-3007FO-3007S-3015A-3025S-3035A-9999A-9999C-9999CS-9999E,WA007,300983409,233244-1-1-101
44,2755.75,1,310726,1022511258,101,WA003,3002A-3005WGUM-3007DRYGUM-3007FO-3007S-3015A-3025S-3035A-9999A-9999C-9999CS-9999E,WA007,300983410,233244-1-1-101
44,2755.75,1,310726,1022511258,101,WA003,3002A-3005WGUM-3007DRYGUM-3007FO-3007S-3015A-3025S-3035A-9999A-9999C-9999CS-9999E,WA007,300983411,233244-1-1-101
44,2755.75,1,310726,1022511258,101,WA003,3002A-3005WGUM-3007DRYGUM-3007FO-3007S-3015A-3025S-3035A-9999A-9999C-9999CS-9999E,WA007,300983412,233244-1-1-101
44,2755.75,1,310726,1022511259,101,WA003,3002A-3005WGUM-3007DRYGUM-3007FO-3007S-3015A-3025S-3035A-9999A-9999C-9999CS-9999E,WA007,300983413,233244-1-1-101
44,2755.75,1,310726,1022511259,101,WA003,3002A-3005WGUM-3007DRYGUM-3007FO-3007S-3015A-3025S-3035A-9999A-9999C-9999CS-9999E,WA007,300983414,233244-1-1-101
44,2755.75,1,310726,1022511259,101,WA003,3002A-3005WGUM-3007DRYGUM-3007FO-3007S-3015A-3025S-3035A-9999A-9999C-9999CS-9999E,WA007,300983416,233244-1-1-101
44,2755.75,1,310726,1022511259,101,WA003,3002A-3005WGUM-3007DRYGUM-3007FO-3007S-3015A-3025S-3035A-9999A-9999C-9999CS-9999E,WA007,300983417,233244-1-1-101
45,2755.75,1,310002,1002511103,102,WA001,9999A,TX001,300980647,232811-1-2-102
45,2755.75,1,310002,1002511103,102,WA001,9999A,TX001,300980648,232811-1-2-102
45,2755.75,1,310002,1002511103,102,WA001,9999A,TX001,300980649,232811-1-2-102
45,2755.75,1,310015,1052511103,101,ID002,3117A-9999A,TX001,300979887,""
45,2755.75,1,310015,1052511108,101,ID002,3117A-3123A-9999A-9999E,TX001,300980925,""
45,2755.75,1,310724,1012511104,101,WA002,3040A-3043A-3045A-3053A-3055A-9999A-9999E,WA007,300980200,232935-1-3-103
45,2755.75,1,310724,1012511104,101,WA002,3040A-3043A-3045A-3053A-3055A-9999A-9999E,WA007,300980201,232935-1-3-103
45,2755.75,1,310724,1012511104,101,WA002,3040A-3043A-3045A-3053A-3055A-9999A-9999E,WA007,300980242,232935-1-3-103
45,2755.75,1,310724,1012511104,101,WA002,3040A-3043A-3045A-3053A-3055A-9999A-9999E,WA007,300980243,232935-1-3-103
45,2755.75,1,310724,1012511105,101,WA002,3040A-3045A-3053A-3055A-9999A-9999E,WA007,300980244,232935-1-3-103
45,2755.75,1,310724,1012511105,101,WA002,3040A-3045A-3053A-3055A-9999A-9999E,WA007,300980245,232935-1-3-103
45,2755.75,1,310724,1012511105,101,WA002,3040A-3045A-3053A-3055A-9999A-9999E,WA007,300980246,232935-1-3-103
45,2755.75,1,310724,1012511105,101,WA002,3040A-3045A-3053A-3055A-9999A-9999E,WA007,300980247,232935-1-3-103
45,2755.75,1,310724,1012511105,101,WA002,3040A-3045A-3053A-3055A-9999A-9999E,WA007,300980250,232935-1-3-103
45,2755.75,1,310724,1012511105,101,WA002,3040A-3045A-3053A-3055A-9999A-9999E,WA007,300980251,232935-1-3-103
45,2755.75,1,310724,1012511105,101,WA002,3040A-3045A-3053A-3055A-9999A-9999E,WA007,300980372,232935-1-3-103
45,2755.75,1,310724,1012511105,101,WA002,3040A-3045A-3053A-3055A-9999A-9999E,WA007,300980739,232935-1-3-103
45,2755.75,1,310724,1012511106,101,WA002,3040A-3043A-3045A-3053A-3055A-9999A-9999C-9999E,WA007,300980740,232935-1-3-103
45,2755.75,1,310724,1012511106,101,WA002,3040A-3043A-3045A-3053A-3055A-9999A-9999C-9999E,WA007,300980741,232935-1-3-103
45,2755.75,1,310724,1012511106,101,WA002,3040A-3043A-3045A-3053A-3055A-9999A-9999C-9999E,WA007,300980778,232935-1-3-103
45,2755.75,1,310724,1012511106,101,WA002,3040A-3043A-3045A-3053A-3055A-9999A-9999C-9999E,WA007,300980779,232935-1-3-103
45,2755.75,1,310724,1012511106,101,WA002,3040A-3043A-3045A-3053A-3055A-9999A-9999C-9999E,WA007,300980784,232935-1-3-103
45,2755.75,1,310724,1012511106,101,WA002,3040A-3043A-3045A-3053A-3055A-9999A-9999C-9999E,WA007,300980785,232935-1-3-103
45,2755.75,1,310724,1012511106,101,WA002,3040A-3043A-3045A-3053A-3055A-9999A-9999C-9999E,WA007,300980786,232935-1-3-103
45,2755.75,1,310724,1012511106,101,WA002,3040A-3043A-3045A-3053A-3055A-9999A-9999C-9999E,WA007,300980787,232935-1-3-103
45,2755.75,1,310724,1012511107,101,WA002,3040A-3043A-3045A-3053A-3055A-9999A-9999C-9999E,WA007,300980798,232935-1-3-103
45,2755.75,1,310724,1012511107,101,WA002,3040A-3043A-3045A-3053A-3055A-9999A-9999C-9999E,WA007,300980799,232935-1-3-103
45,2755.75,1,310724,1012511107,101,WA002,3040A-3043A-3045A-3053A-3055A-9999A-9999C-9999E,WA007,300980800,232935-1-3-103
45,2755.75,1,310724,1012511107,101,WA002,3040A-3043A-3045A-3053A-3055A-9999A-9999C-9999E,WA007,300980805,232935-1-3-103
45,2755.75,1,310724,1012511107,101,WA002,3040A-3043A-3045A-3053A-3055A-9999A-9999C-9999E,WA007,300980806,232935-1-3-103
45,2755.75,1,310724,1012511107,101,WA002,3040A-3043A-3045A-3053A-3055A-9999A-9999C-9999E,WA007,300980807,232935-1-3-103
45,2755.75,1,310724,1012511107,101,WA002,3040A-3043A-3045A-3053A-3055A-9999A-9999C-9999E,WA007,300980808,232935-1-3-103
45,2755.75,1,310724,1012511107,101,WA002,3040A-3043A-3045A-3053A-3055A-9999A-9999C-9999E,WA007,300980810,232935-1-3-103
45,2755.75,1,310724,1012511108,101,WA002,3040A-3045A-3053A-3055A-9999A-9999C-9999E,WA007,300980811,232935-1-3-103
45,2755.75,1,310724,1012511108,101,WA002,3040A-3045A-3053A-3055A-9999A-9999C-9999E,WA007,300980812,232935-1-3-103
45,2755.75,1,310724,1012511108,101,WA002,3040A-3045A-3053A-3055A-9999A-9999C-9999E,WA007,300980848,232935-1-3-103
45,2755.75,1,310724,1012511108,101,WA002,3040A-3045A-3053A-3055A-9999A-9999C-9999E,WA007,300980849,232935-1-3-103
45,2755.75,1,310724,1012511108,101,WA002,3040A-3045A-3053A-3055A-9999A-9999C-9999E,WA007,300980850,232935-1-3-103
45,2755.75,1,310724,1012511108,101,WA002,3040A-3045A-3053A-3055A-9999A-9999C-9999E,WA007,300980851,232935-1-3-103
45,2755.75,1,310724,1012511108,101,WA002,3040A-3045A-3053A-3055A-9999A-9999C-9999E,WA007,300980858,232935-1-3-103
45,2755.75,1,310724,1012511108,101,WA002,3040A-3045A-3053A-3055A-9999A-9999C-9999E,WA007,300980859,232935-1-3-103
45,2755.75,1,310724,1012511109,101,WA002,3040A-3045A-3053A-3055A-9999A-9999C-9999E,WA007,300980862,232935-1-3-103
45,2755.75,1,310724,1012511109,101,WA002,3040A-3045A-3053A-3055A-9999A-9999C-9999E,WA007,300980863,232935-1-3-103
45,2755.75,1,310724,1012511109,101,WA002,3040A-3045A-3053A-3055A-9999A-9999C-9999E,WA007,300980864,232935-1-3-103
45,2755.75,1,310724,1012511109,101,WA002,3040A-3045A-3053A-3055A-9999A-9999C-9999E,WA007,300980865,232935-1-3-103
45,2755.75,1,310724,1012511110,101,WA002,3040A-3041A-3043A-3045A-3053A-3055A-9999A-9999C-9999E,WA007,300980991,233229-1-1-101
45,2755.75,1,310726,1022511152,101,WA003,3005WGUM-3007DRYGUM-3007FO-3007S-3025S-3033A-3035A-9999A-9999C-9999CS-9999E,WA007,300980998,233244-1-1-101
45,2755.75,1,310726,1022511152,101,WA003,3005WGUM-3007DRYGUM-3007FO-3007S-3025S-3033A-3035A-9999A-9999C-9999CS-9999E,WA007,300980999,233244-1-1-101
45,2755.75,1,310726,1022511152,101,WA003,3005WGUM-3007DRYGUM-3007FO-3007S-3025S-3033A-3035A-9999A-9999C-9999CS-9999E,WA007,300981000,233244-1-1-101
45,2755.75,1,310726,1022511152,101,WA003,3005WGUM-3007DRYGUM-3007FO-3007S-3025S-3033A-3035A-9999A-9999C-9999CS-9999E,WA007,300981001,233244-1-1-101
45,2755.75,1,310726,1022511153,101,WA003,3005WGUM-3007DRYGUM-3007FO-3007S-3025S-3033A-3035A-9999A-9999C-9999CS-9999E,WA007,300981034,233244-1-1-101
45,2755.75,1,310726,1022511153,101,WA003,3005WGUM-3007DRYGUM-3007FO-3007S-3025S-3033A-3035A-9999A-9999C-9999CS-9999E,WA007,300981035,233244-1-1-101
45,2755.75,1,310726,1022511153,101,WA003,3005WGUM-3007DRYGUM-3007FO-3007S-3025S-3033A-3035A-9999A-9999C-9999CS-9999E,WA007,300981036,233244-1-1-101
45,2755.75,1,310726,1022511153,101,WA003,3005WGUM-3007DRYGUM-3007FO-3007S-3025S-3033A-3035A-9999A-9999C-9999CS-9999E,WA007,300981037,233244-1-1-101
45,2755.75,1,310726,1022511153,101,WA003,3005WGUM-3007DRYGUM-3007FO-3007S-3025S-3033A-3035A-9999A-9999C-9999CS-9999E,WA007,300981058,233244-1-1-101
45,2755.75,1,310726,1022511153,101,WA003,3005WGUM-3007DRYGUM-3007FO-3007S-3025S-3033A-3035A-9999A-9999C-9999CS-9999E,WA007,300981059,233244-1-1-101
45,2755.75,1,310726,1022511153,101,WA003,3005WGUM-3007DRYGUM-3007FO-3007S-3025S-3033A-3035A-9999A-9999C-9999CS-9999E,WA007,300981061,233244-1-1-101
45,2755.75,1,310726,1022511153,101,WA003,3005WGUM-3007DRYGUM-3007FO-3007S-3025S-3033A-3035A-9999A-9999C-9999CS-9999E,WA007,300981062,233244-1-1-101
45,2755.75,1,310726,1022511154,101,WA003,3005WGUM-3007DRYGUM-3007FO-3007S-3025S-3033A-3035A-9999A-9999C-9999CS-9999E,WA007,300981100,233244-1-1-101
45,2755.75,1,310726,1022511154,101,WA003,3005WGUM-3007DRYGUM-3007FO-3007S-3025S-3033A-3035A-9999A-9999C-9999CS-9999E,WA007,300981101,233244-1-1-101
45,2755.75,1,310726,1022511154,101,WA003,3005WGUM-3007DRYGUM-3007FO-3007S-3025S-3033A-3035A-9999A-9999C-9999CS-9999E,WA007,300981102,233244-1-1-101
45,2755.75,1,310726,1022511154,101,WA003,3005WGUM-3007DRYGUM-3007FO-3007S-3025S-3033A-3035A-9999A-9999C-9999CS-9999E,WA007,300981103,233244-1-1-101
45,2755.75,1,310726,1022511154,101,WA003,3005WGUM-3007DRYGUM-3007FO-3007S-3025S-3033A-3035A-9999A-9999C-9999CS-9999E,WA007,300981127,233244-1-1-101
45,2755.75,1,310726,1022511154,101,WA003,3005WGUM-3007DRYGUM-3007FO-3007S-3025S-3033A-3035A-9999A-9999C-9999CS-9999E,WA007,300981128,233244-1-1-101
45,2755.75,1,310726,1022511154,101,WA003,3005WGUM-3007DRYGUM-3007FO-3007S-3025S-3033A-3035A-9999A-9999C-9999CS-9999E,WA007,300981170,233244-1-1-101
45,2755.75,1,310726,1022511154,101,WA003,3005WGUM-3007DRYGUM-3007FO-3007S-3025S-3033A-3035A-9999A-9999C-9999CS-9999E,WA007,300981171,233244-1-1-101
45,2755.75,1,310726,1022511155,101,WA003,3005WGUM-3007DRYGUM-3007FO-3007S-3025S-3033A-3035A-9999A-9999C-9999CS-9999E,WA007,300981172,233244-1-1-101
45,2755.75,1,310726,1022511155,101,WA003,3005WGUM-3007DRYGUM-3007FO-3007S-3025S-3033A-3035A-9999A-9999C-9999CS-9999E,WA007,300981173,233244-1-1-101
45,2755.75,1,310726,1022511155,101,WA003,3005WGUM-3007DRYGUM-3007FO-3007S-3025S-3033A-3035A-9999A-9999C-9999CS-9999E,WA007,300981174,233244-1-1-101
45,2755.75,1,310726,1022511155,101,WA003,3005WGUM-3007DRYGUM-3007FO-3007S-3025S-3033A-3035A-9999A-9999C-9999CS-9999E,WA007,300981175,233244-1-1-101
45,2755.75,1,310726,1022511155,101,WA003,3005WGUM-3007DRYGUM-3007FO-3007S-3025S-3033A-3035A-9999A-9999C-9999CS-9999E,WA007,300981297,233244-1-1-101
45,2755.75,1,310726,1022511155,101,WA003,3005WGUM-3007DRYGUM-3007FO-3007S-3025S-3033A-3035A-9999A-9999C-9999CS-9999E,WA007,300981298,233244-1-1-101
45,2755.75,1,310726,1022511155,101,WA003,3005WGUM-3007DRYGUM-3007FO-3007S-3025S-3033A-3035A-9999A-9999C-9999CS-9999E,WA007,300981299,233244-1-1-101
45,2755.75,1,310726,1022511155,101,WA003,3005WGUM-3007DRYGUM-3007FO-3007S-3025S-3033A-3035A-9999A-9999C-9999CS-9999E,WA007,300981300,233244-1-1-101
45,2755.75,1,310726,1022511156,101,WA003,3005WGUM-3007DRYGUM-3007FO-3007S-3025S-3033A-3035A-9999A-9999C-9999CS-9999E,WA007,300981376,233244-1-1-101
45,2755.75,1,310726,1022511156,101,WA003,3005WGUM-3007DRYGUM-3007FO-3007S-3025S-3033A-3035A-9999A-9999C-9999CS-9999E,WA007,300981377,233244-1-1-101
45,2755.75,1,310726,1022511156,101,WA003,3005WGUM-3007DRYGUM-3007FO-3007S-3025S-3033A-3035A-9999A-9999C-9999CS-9999E,WA007,300981378,233244-1-1-101
45,2755.75,1,310726,1022511156,101,WA003,3005WGUM-3007DRYGUM-3007FO-3007S-3025S-3033A-3035A-9999A-9999C-9999CS-9999E,WA007,300981379,233244-1-1-101
45,2755.75,1,310726,1022511156,101,WA003,3005WGUM-3007DRYGUM-3007FO-3007S-3025S-3033A-3035A-9999A-9999C-9999CS-9999E,WA007,300981418,233244-1-1-101
45,2755.75,1,310726,1022511156,101,WA003,3005WGUM-3007DRYGUM-3007FO-3007S-3025S-3033A-3035A-9999A-9999C-9999CS-9999E,WA007,300981429,233244-1-1-101
45,2755.75,1,310726,1022511156,101,WA003,3005WGUM-3007DRYGUM-3007FO-3007S-3025S-3033A-3035A-9999A-9999C-9999CS-9999E,WA007,300981439,233244-1-1-101
45,2755.75,1,310726,1022511156,101,WA003,3005WGUM-3007DRYGUM-3007FO-3007S-3025S-3033A-3035A-9999A-9999C-9999CS-9999E,WA007,300981440,233244-1-1-101
45,2755.75,1,310726,1022511157,101,WA003,3005WGUM-3007DRYGUM-3007FO-3007S-3025S-3033A-3035A-9999A-9999C-9999CS-9999E,WA007,300981562,233244-1-1-101
45,2755.75,1,310726,1022511157,101,WA003,3005WGUM-3007DRYGUM-3007FO-3007S-3025S-3033A-3035A-9999A-9999C-9999CS-9999E,WA007,300981563,233244-1-1-101
45,2755.75,1,310726,1022511157,101,WA003,3005WGUM-3007DRYGUM-3007FO-3007S-3025S-3033A-3035A-9999A-9999C-9999CS-9999E,WA007,300981564,233244-1-1-101
45,2755.75,1,310726,1022511157,101,WA003,3005WGUM-3007DRYGUM-3007FO-3007S-3025S-3033A-3035A-9999A-9999C-9999CS-9999E,WA007,300981565,233244-1-1-101
45,2205,1,310774,1002511103,102,WA001,9999A,WA001,300980965,""
45,2200,1,310774,1002511103,102,WA001,9999A,WA001,300980975,""
45,2201,1,310774,1002511103,102,WA001,9999A,WA001,300980995,""
45,2202,1,310774,1002511103,102,WA001,9999A,WA001,300981005,""
45,2204,1,310774,1002511103,102,WA001,9999A,WA001,300981024,""
45,2207,1,310774,1002511103,102,WA001,9999A,WA001,300981031,""
45,2205,1,310774,1002511103,102,WA001,9999A,WA001,300981041,""
45,2200,1,310774,1002511103,102,WA001,9999A,WA001,300981046,""
45,2200,1,310774,1002511104,102,WA001,9999A,WA001,300981081,""
45,2198,1,310774,1002511104,102,WA001,9999A,WA001,300981089,""
45,2199,1,310774,1002511104,102,WA001,9999A,WA001,300981105,""
45,2205,1,310774,1002511104,102,WA001,9999A,WA001,300981114,""
45,2205,1,310774,1002511104,102,WA001,9999A,WA001,300981126,""
45,2206,1,310774,1002511104,102,WA001,9999A,WA001,300981146,""
45,2198,1,310774,1002511104,102,WA001,9999A,WA001,300981155,""
46,2084,1,310086,1052511031,101,ID002,3139A-3140A-9999A,ID010,300978455,233511-1-1-105
46,2009,1,310086,1052511031,101,ID002,3139A-3140A-9999A,ID010,300978456,233511-1-1-105
46,2134,1,310086,1052511031,101,ID002,3139A-3140A-9999A,ID010,300978457,233511-1-1-105
46,2044,1,310086,1052511031,101,ID002,3139A-3140A-9999A,ID010,300978458,233511-1-1-105
46,2067,1,310086,1052511031,101,ID002,3139A-3140A-9999A,ID010,300978552,233511-1-1-105
46,2086,1,310086,1052511031,101,ID002,3139A-3140A-9999A,ID010,300978555,233511-1-1-105
46,2176,1,310086,1052511032,101,ID002,3139A-3140A-9999A,ID010,300978559,233511-1-1-105
46,2014,1,310086,1052511032,101,ID002,3139A-3140A-9999A,ID010,300978567,233511-1-1-105
46,2109,1,310086,1052511032,101,ID002,3139A-3140A-9999A,ID010,300978568,233511-1-1-105
46,2063,1,310086,1052511032,101,ID002,3139A-3140A-9999A,ID010,300978569,233511-1-1-105
46,2092,1,310086,1052511032,101,ID002,3139A-3140A-9999A,ID010,300978570,233511-1-1-105
46,2014,1,310086,1052511032,101,ID002,3139A-3140A-9999A,ID010,300978571,233538-1-1-101
46,2084,1,310086,1052511032,101,ID002,3139A-3140A-9999A,ID010,300978592,233538-1-1-101
46,1997,1,310086,1052511032,101,ID002,3139A-3140A-9999A,ID010,300978593,233538-1-1-101
48,2199,1,310774,1002510803,102,WA001,9999A,WA001,300976230,""
48,2202,1,310774,1002510803,102,WA001,9999A,WA001,300976247,""
48,2203,1,310774,1002510803,102,WA001,9999A,WA001,300976248,""
48,2208,1,310774,1002510803,102,WA001,9999A,WA001,300976249,""
48,2200,1,310774,1002510803,102,WA001,9999A,WA001,300976307,""
48,2202,1,310774,1002510803,102,WA001,9999A,WA001,300976308,""
48,2201,1,310774,1002510804,102,WA001,9999A,WA001,300976339,""
48,2202,1,310774,1002510804,102,WA001,9999A,WA001,300976341,""
48,2200,1,310774,1002510804,102,WA001,9999A,WA001,300976364,""
48,2200,1,310774,1002510804,102,WA001,9999A,WA001,300976367,""
48,2200,1,310774,1002510804,102,WA001,9999A,WA001,300976369,""
48,2204,1,310774,1002510804,102,WA001,9999A,WA001,300976378,""
53,2200,1,310774,1002510301,102,WA001,9999A,WA001,300969498,""
53,2205,1,310774,1002510301,102,WA001,9999A,WA001,300969506,""
55,2755.75,1,310726,1022510156,102,WA003,9999A,WA007,300966966,233433-1-1-101
55,2755.75,1,310726,1022510156,102,WA003,9999A,WA007,300966970,233433-1-1-101
55,2755.75,1,310726,1022510156,102,WA003,9999A,WA007,300966977,233433-1-1-101
55,2755.75,1,310726,1022510156,102,WA003,9999A,WA007,300966978,233433-1-1-101
55,2755.75,1,310726,1022510156,102,WA003,9999A,WA007,300966979,233433-1-1-101
55,2755.75,1,310726,1022510156,102,WA003,9999A,WA007,300967040,233433-1-1-101
55,2755.75,1,310726,1022510156,102,WA003,9999A,WA007,300967041,233433-1-1-101
55,2755.75,1,310726,1022510156,102,WA003,9999A,WA007,300967042,233433-1-1-101
56,2017,1,310086,1052510031,101,ID002,3139A-3140A-9999A,ID010,300965434,233511-1-1-105
56,706,0,310086,1052510031,101,ID002,3139A-3140A-9999A,ID010,300965435,""
56,2118,1,310768,1052510025,102,ID002,9999A,ID010,300966159,""
56,2060,1,310768,1052510025,102,ID002,9999A,ID010,300966160,""
57,1988,1,310086,1052509932,101,ID002,3139A-3140A-9999A,ID010,300963398,233511-1-1-102
57,2197,1,310086,1052509940,101,ID002,3139A-3140A-9999A,ID010,300963756,233511-1-1-102
57,2137,1,310086,1052509940,101,ID002,3139A-3140A-9999A,ID010,300963757,233511-1-1-102
57,2155,1,310086,1052509940,101,ID002,3139A-3140A-9999A,ID010,300963764,233511-1-1-102
57,2210,1,310086,1052509940,101,ID002,3139A-3140A-9999A,ID010,300963765,233511-1-1-102
57,2213,1,310086,1052509940,101,ID002,3139A-3140A-9999A,ID010,300963773,233511-1-1-102
57,2115,1,310086,1052509940,101,ID002,3139A-3140A-9999A,ID010,300963774,233511-1-1-102
57,2014,1,310086,1052509940,101,ID002,3139A-3140A-9999A,ID010,300963796,233511-1-1-102
57,2068,1,310086,1052509940,101,ID002,3139A-3140A-9999A,ID010,300963797,233511-1-1-102
57,2084,1,310086,1052509941,101,ID002,3139A-3140A-9999A,ID010,300963810,233511-1-1-102
57,2095,1,310086,1052509941,101,ID002,3139A-3140A-9999A,ID010,300963811,233511-1-1-102
57,2251,1,310086,1052509941,101,ID002,3139A-3140A-9999A,ID010,300963812,233511-1-1-102
57,2091,1,310086,1052509941,101,ID002,3139A-3140A-9999A,ID010,300963813,233511-1-1-102
57,2126,1,310086,1052509941,101,ID002,3139A-3140A-9999A,ID010,300963829,233511-1-1-102
57,2056,1,310086,1052509941,101,ID002,3139A-3140A-9999A,ID010,300963830,233511-1-1-102
57,2124,1,310086,1052509941,101,ID002,3139A-3140A-9999A,ID010,300963836,233511-1-1-102
57,2100,1,310086,1052509941,101,ID002,3139A-3140A-9999A,ID010,300963838,233511-1-1-102
57,2164,1,310086,1052509942,101,ID002,3139A-3140A-9999A,ID010,300963850,233511-1-1-102
57,2128,1,310086,1052509942,101,ID002,3139A-3140A-9999A,ID010,300963851,233511-1-1-102
57,2188,1,310086,1052509942,101,ID002,3139A-3140A-9999A,ID010,300963869,233511-1-1-103
57,2088,1,310086,1052509942,101,ID002,3139A-3140A-9999A,ID010,300963870,233511-1-1-103
57,2093,1,310086,1052509942,101,ID002,3139A-3140A-9999A,ID010,300963880,233511-1-1-103
57,2166,1,310086,1052509942,101,ID002,3139A-3140A-9999A,ID010,300963881,233511-1-1-103
57,2119,1,310086,1052509942,101,ID002,3139A-3140A-9999A,ID010,300963882,233511-1-1-103
57,2147,1,310086,1052509942,101,ID002,3139A-3140A-9999A,ID010,300965120,233511-1-1-103
57,2156,1,310086,1052509943,101,ID002,3139A-3140A-9999A,ID010,300963893,233511-1-1-103
57,2159,1,310086,1052509943,101,ID002,3139A-3140A-9999A,ID010,300963894,233511-1-1-103
57,2246,1,310086,1052509943,101,ID002,3139A-3140A-9999A,ID010,300963910,233511-1-1-103
57,2146,1,310086,1052509943,101,ID002,3139A-3140A-9999A,ID010,300963912,233511-1-1-103
57,2217,1,310086,1052509943,101,ID002,3139A-3140A-9999A,ID010,300963932,233511-1-1-103
57,2213,1,310086,1052509943,101,ID002,3139A-3140A-9999A,ID010,300963933,233511-1-1-103
57,2132,1,310086,1052509943,101,ID002,3139A-3140A-9999A,ID010,300963944,233511-1-1-103
57,2050,1,310086,1052509943,101,ID002,3139A-3140A-9999A,ID010,300963945,233511-1-1-103
57,2100,1,310086,1052509944,101,ID002,3139A-3140A-9999A,ID010,300963954,233511-1-1-103
57,2022,1,310086,1052509944,101,ID002,3139A-3140A-9999A,ID010,300963955,233511-1-1-103
57,2083,1,310086,1052509944,101,ID002,3139A-3140A-9999A,ID010,300963958,233511-1-1-103
57,2088,1,310086,1052509944,101,ID002,3139A-3140A-9999A,ID010,300963959,233511-1-1-103
57,2125,1,310086,1052509944,101,ID002,3139A-3140A-9999A,ID010,300963969,233511-1-1-104
57,2148,1,310086,1052509944,101,ID002,3139A-3140A-9999A,ID010,300963970,233511-1-1-104
57,2072,1,310086,1052509944,101,ID002,3139A-3140A-9999A,ID010,300963978,233511-1-1-104
57,2070,1,310086,1052509944,101,ID002,3139A-3140A-9999A,ID010,300963981,233511-1-1-104
57,2087,1,310086,1052509945,101,ID002,3139A-3140A-9999A,ID010,300963984,233511-1-1-104
57,2071,1,310086,1052509945,101,ID002,3139A-3140A-9999A,ID010,300963985,233511-1-1-104
57,2076,1,310086,1052509945,101,ID002,3139A-3140A-9999A,ID010,300963994,233511-1-1-104
57,2152,1,310086,1052509945,101,ID002,3139A-3140A-9999A,ID010,300963995,233511-1-1-104
57,2122,1,310086,1052509945,101,ID002,3139A-3140A-9999A,ID010,300964019,233511-1-1-104
57,2189,1,310086,1052509945,101,ID002,3139A-3140A-9999A,ID010,300964021,233511-1-1-104
57,2132,1,310086,1052509945,101,ID002,3139A-3140A-9999A,ID010,300964030,233511-1-1-104
57,2026,1,310086,1052509945,101,ID002,3139A-3140A-9999A,ID010,300964031,233511-1-1-104
57,2124,1,310086,1052509946,101,ID002,3139A-3140A-9999A,ID010,300964034,233511-1-1-104
57,2045,1,310086,1052509946,101,ID002,3139A-3140A-9999A,ID010,300964035,233511-1-1-104
57,2080,1,310086,1052509946,101,ID002,3139A-3140A-9999A,ID010,300964075,233511-1-1-104
57,2015,1,310086,1052509946,101,ID002,3139A-3140A-9999A,ID010,300964076,233511-1-1-104
57,2088,1,310086,1052509946,101,ID002,3139A-3140A-9999A,ID010,300964077,233511-1-1-104
57,2038,1,310086,1052509946,101,ID002,3139A-3140A-9999A,ID010,300964078,233511-1-1-104
57,2082,1,310086,1052509946,101,ID002,3139A-3140A-9999A,ID010,300964082,233511-1-1-104
57,2042,1,310086,1052509946,101,ID002,3139A-3140A-9999A,ID010,300964083,233511-1-1-105
57,2104,1,310086,1052509947,101,ID002,3139A-3140A-9999A,ID010,300964094,233511-1-1-105
57,2036,1,310086,1052509947,101,ID002,3139A-3140A-9999A,ID010,300964095,233511-1-1-105
57,2073,1,310086,1052509947,101,ID002,3139A-3140A-9999A,ID010,300964150,233511-1-1-105
57,2096,1,310086,1052509947,101,ID002,3139A-3140A-9999A,ID010,300964185,233511-1-1-105
57,2074,1,310086,1052509947,101,ID002,3139A-3140A-9999A,ID010,300964187,233511-1-1-105
57,601,0,310086,1052509947,101,ID002,3139A-3140A-9999A,ID010,300964189,""
57,2097,1,310086,1052509947,101,ID002,3139A-3140A-9999A,ID010,300964546,233511-1-1-105
57,2755.75,1,310724,1012509908,101,WA002,3040A-3043A-9999A,WA007,300963902,233472-1-1-103
57,2755.75,1,310724,1012509908,101,WA002,3040A-3043A-9999A,WA007,300963906,233472-1-1-104
57,2755.75,1,310724,1012509908,101,WA002,3040A-3043A-9999A,WA007,300963918,233472-1-1-104
57,2755.75,1,310724,1012509908,101,WA002,3040A-3043A-9999A,WA007,300963922,233472-1-1-104
57,2755.75,1,310724,1012509908,101,WA002,3040A-3043A-9999A,WA007,300963951,233472-1-1-104
57,2755.75,1,310724,1012509908,101,WA002,3040A-3043A-9999A,WA007,300963952,233472-1-1-104
57,2755.75,1,310724,1012509908,101,WA002,3040A-3043A-9999A,WA007,300963953,233472-1-1-104
57,2755.75,1,310724,1012509908,101,WA002,3040A-3043A-9999A,WA007,300963962,233472-1-1-104
58,2755.75,1,310015,1052509801,101,ID002,3117A-3123A-9999A-9999E,MEX002,300962020,""
58,2755.75,1,310015,1052509801,101,ID002,3117A-3123A-9999A-9999E,MEX002,300962021,""
58,2755.75,1,310015,1052509801,101,ID002,3117A-3123A-9999A-9999E,MEX002,300962022,""
58,2755.75,1,310015,1052509801,101,ID002,3117A-3123A-9999A-9999E,MEX002,300962023,""
58,2755.75,1,310015,1052509801,101,ID002,3117A-3123A-9999A-9999E,MEX002,300962024,""
58,2755.75,1,310015,1052509801,101,ID002,3117A-3123A-9999A-9999E,MEX002,300962025,""
58,2755.75,1,310015,1052509801,101,ID002,3117A-3123A-9999A-9999E,MEX002,300962026,""
58,2755.75,1,310015,1052509801,101,ID002,3117A-3123A-9999A-9999E,MEX002,300962027,""
58,2755.75,1,310015,1052509802,101,ID002,3117A-3123A-9999A-9999E,MEX002,300962052,""
58,2755.75,1,310015,1052509802,101,ID002,3117A-3123A-9999A-9999E,MEX002,300962053,""
58,2755.75,1,310015,1052509802,101,ID002,3117A-3123A-9999A-9999E,MEX002,300962054,""
58,2755.75,1,310015,1052509802,101,ID002,3117A-3123A-9999A-9999E,MEX002,300962055,""
58,2755.75,1,310015,1052509802,101,ID002,3117A-3123A-9999A-9999E,MEX002,300962089,""
58,2755.75,1,310015,1052509802,101,ID002,3117A-3123A-9999A-9999E,MEX002,300962090,""
58,2755.75,1,310015,1052509802,101,ID002,3117A-3123A-9999A-9999E,MEX002,300962091,""
58,2755.75,1,310015,1052509802,101,ID002,3117A-3123A-9999A-9999E,MEX002,300962092,""
58,2755.75,1,310015,1052509803,101,ID002,3117A-9999A,MEX002,300962093,""
58,2755.75,1,310015,1052509803,101,ID002,3117A-9999A,MEX002,300962094,""
58,2755.75,1,310015,1052509803,101,ID002,3117A-9999A,MEX002,300962095,""
58,2755.75,1,310015,1052509803,101,ID002,3117A-9999A,MEX002,300962096,""
58,2755.75,1,310015,1052509803,101,ID002,3117A-9999A,MEX002,300962115,""
58,2755.75,1,310015,1052509803,101,ID002,3117A-9999A,MEX002,300962116,""
58,2755.75,1,310015,1052509803,101,ID002,3117A-9999A,MEX002,300962118,""
58,2755.75,1,310015,1052509803,102,ID002,9999A,MEX002,300962117,""
58,2755.75,1,310015,1052509804,101,ID002,3117A-9999A,MEX002,300962156,""
58,2755.75,1,310015,1052509804,101,ID002,3117A-9999A,MEX002,300962157,""
58,2755.75,1,310015,1052509804,102,ID002,9999A,MEX002,300962158,""
58,2755.75,1,310015,1052509804,102,ID002,9999A,MEX002,300962159,""
58,2755.75,1,310015,1052509804,102,ID002,9999A,MEX002,300962160,""
58,2755.75,1,310015,1052509804,102,ID002,9999A,MEX002,300962191,""
58,2755.75,1,310015,1052509804,102,ID002,9999A,MEX002,300962192,""
58,2755.75,1,310015,1052509804,102,ID002,9999A,MEX002,300962193,""
58,2755.75,1,310015,1052509805,101,ID002,3117A-9999A-9999A,MEX002,300962289,""
58,2755.75,1,310015,1052509805,101,ID002,3117A-9999A-9999A,MEX002,300962290,""
58,2755.75,1,310015,1052509806,101,ID002,3117A-9999A,MEX002,300962329,""
58,2755.75,1,310015,1052509806,101,ID002,3117A-9999A,MEX002,300962331,""
58,2755.75,1,310015,1052509806,101,ID002,3117A-9999A,MEX002,300962332,""
58,2755.75,1,310015,1052509806,101,ID002,3117A-9999A,MEX002,300962333,""
58,2755.75,1,310015,1052509806,101,ID002,3117A-9999A,MEX002,300962334,""
58,2755.75,1,310015,1052509806,101,ID002,3117A-9999A,MEX002,300962351,""
58,2755.75,1,310015,1052509806,101,ID002,3117A-9999A,MEX002,300962352,""
58,2755.75,1,310015,1052509806,101,ID002,3117A-9999A,MEX002,300962353,""
58,2755.75,1,310015,1052509807,101,ID002,3117A-9999A,MEX002,300962402,""
58,2755.75,1,310015,1052509807,101,ID002,3117A-9999A,MEX002,300962403,""
58,2755.75,1,310015,1052509807,101,ID002,3117A-9999A,MEX002,300962404,""
58,2755.75,1,310015,1052509807,101,ID002,3117A-9999A,MEX002,300962405,""
58,2755.75,1,310015,1052509807,101,ID002,3117A-9999A,MEX002,300962454,""
58,2755.75,1,310015,1052509807,101,ID002,3117A-9999A,MEX002,300962455,""
58,2755.75,1,310015,1052509807,101,ID002,3117A-9999A,MEX002,300962456,""
58,2755.75,1,310015,1052509807,101,ID002,3117A-9999A,MEX002,300962457,""
58,2755.75,1,310015,1052509808,101,ID002,3117A-9999A,MEX002,300962539,""
58,2755.75,1,310015,1052509808,101,ID002,3117A-9999A,MEX002,300962544,""
58,2755.75,1,310015,1052509808,101,ID002,3117A-9999A,MEX002,300962546,""
58,2755.75,1,310015,1052509808,101,ID002,3117A-9999A,MEX002,300962547,""
58,2755.75,1,310015,1052509808,101,ID002,3117A-9999A,MEX002,300962548,""
58,2755.75,1,310015,1052509808,101,ID002,3117A-9999A,MEX002,300962549,""
58,2755.75,1,310015,1052509808,101,ID002,3117A-9999A,MEX002,300962550,""
58,2755.75,1,310015,1052509808,101,ID002,3117A-9999A,MEX002,300962551,""
58,2535.29,1,310015,1052509809,101,ID002,3117A-3123A-9999A-9999E,TX001,300962584,""
58,1880,1,310086,1052509831,101,ID002,3139A-3140A-9999A,ID010,300963126,233511-1-1-103
59,110.23,0,310015,1052509701,101,ID002,3117A-3123A-9999A-9999E,TX001,300960651,""
59,165.345,0,310015,1052509701,101,ID002,3117A-3123A-9999A-9999E,TX001,300960657,""
59,55.115,0,310015,1052509703,101,ID002,3117A-3123A-9999A-9999E,TX001,300960775,""
59,220.46,0,310015,1052509703,101,ID002,3117A-3123A-9999A-9999E,TX001,300960778,""
59,165.345,0,310015,1052509703,101,ID002,3117A-3123A-9999A-9999E,TX001,300960779,""
59,55.115,0,310015,1052509703,101,ID002,3117A-3123A-9999A-9999E,TX001,300960780,""
59,55.115,0,310015,1052509704,101,ID002,3117A-3123A-9999A-9999E,TX001,300960782,""
59,55.115,0,310015,1052509704,101,ID002,3117A-3123A-9999A-9999E,TX001,300960787,""
59,55.115,0,310015,1052509705,101,ID002,3117A-3123A-9999A-9999E,TX001,300960941,""
59,2755.75,1,310015,1052509706,101,ID002,3117A-3123A-9999A-9999E,MEX002,300961056,""
59,2755.75,1,310015,1052509706,101,ID002,3117A-3123A-9999A-9999E,MEX002,300961057,""
59,2755.75,1,310015,1052509706,101,ID002,3117A-3123A-9999A-9999E,MEX002,300961058,""
59,275.575,0,310015,1052509706,101,ID002,3117A-3123A-9999A-9999E,TX001,300961004,""
59,110.23,0,310015,1052509706,101,ID002,3117A-3123A-9999A-9999E,TX001,300961005,""
59,55.115,0,310015,1052509706,101,ID002,3117A-3123A-9999A-9999E,TX001,300961012,""
59,2755.75,1,310015,1052509707,101,ID002,3117A-3123A-9999A-9999E,MEX002,300961082,""
59,2755.75,1,310015,1052509707,101,ID002,3117A-3123A-9999A-9999E,MEX002,300961083,""
59,2755.75,1,310015,1052509707,101,ID002,3117A-3123A-9999A-9999E,MEX002,300961084,""
59,2755.75,1,310015,1052509707,101,ID002,3117A-3123A-9999A-9999E,MEX002,300961104,""
59,2755.75,1,310015,1052509707,101,ID002,3117A-3123A-9999A-9999E,MEX002,300961114,""
59,2755.75,1,310015,1052509707,101,ID002,3117A-3123A-9999A-9999E,MEX002,300961115,""
59,2755.75,1,310015,1052509707,101,ID002,3117A-3123A-9999A-9999E,MEX002,300961128,""
59,2755.75,1,310015,1052509707,101,ID002,3117A-3123A-9999A-9999E,MEX002,300961129,""
59,2755.75,1,310015,1052509708,101,ID002,3117A-3123A-9999A-9999E,MEX002,300961148,""
59,2755.75,1,310015,1052509708,101,ID002,3117A-3123A-9999A-9999E,MEX002,300961149,""
59,2755.75,1,310015,1052509708,101,ID002,3117A-3123A-9999A-9999E,MEX002,300961150,""
59,2755.75,1,310015,1052509708,101,ID002,3117A-3123A-9999A-9999E,MEX002,300961151,""
59,2755.75,1,310015,1052509708,101,ID002,3117A-3123A-9999A-9999E,MEX002,300961152,""
59,2755.75,1,310015,1052509708,101,ID002,3117A-3123A-9999A-9999E,MEX002,300961200,""
59,2755.75,1,310015,1052509708,101,ID002,3117A-3123A-9999A-9999E,MEX002,300961201,""
59,2755.75,1,310015,1052509708,101,ID002,3117A-3123A-9999A-9999E,MEX002,300961202,""
59,2755.75,1,310015,1052509709,101,ID002,3117A-3123A-9999A-9999E,MEX002,300961204,""
59,2755.75,1,310015,1052509709,101,ID002,3117A-3123A-9999A-9999E,MEX002,300961215,""
59,2755.75,1,310015,1052509709,101,ID002,3117A-3123A-9999A-9999E,MEX002,300961216,""
59,2755.75,1,310015,1052509709,101,ID002,3117A-3123A-9999A-9999E,MEX002,300961230,""
59,2755.75,1,310015,1052509709,101,ID002,3117A-3123A-9999A-9999E,MEX002,300961240,""
59,2755.75,1,310015,1052509709,101,ID002,3117A-3123A-9999A-9999E,MEX002,300961241,""
59,2755.75,1,310015,1052509709,101,ID002,3117A-3123A-9999A-9999E,MEX002,300961242,""
59,2755.75,1,310015,1052509709,101,ID002,3117A-3123A-9999A-9999E,MEX002,300961243,""
59,2755.75,1,310015,1052509710,101,ID002,3117A-3123A-9999A-9999E,MEX002,300961260,""
59,2755.75,1,310015,1052509710,101,ID002,3117A-3123A-9999A-9999E,MEX002,300961265,""
59,2755.75,1,310015,1052509710,101,ID002,3117A-3123A-9999A-9999E,MEX002,300961269,""
59,2755.75,1,310015,1052509710,101,ID002,3117A-3123A-9999A-9999E,MEX002,300961281,""
59,2755.75,1,310015,1052509710,101,ID002,3117A-3123A-9999A-9999E,MEX002,300961282,""
59,2755.75,1,310015,1052509710,101,ID002,3117A-3123A-9999A-9999E,MEX002,300961291,""
59,2755.75,1,310015,1052509710,101,ID002,3117A-3123A-9999A-9999E,MEX002,300961292,""
59,2755.75,1,310015,1052509710,101,ID002,3117A-3123A-9999A-9999E,MEX002,300961293,""
59,2755.75,1,310015,1052509711,101,ID002,3117A-3123A-9999A-9999E,MEX002,300961314,""
59,2755.75,1,310015,1052509711,101,ID002,3117A-3123A-9999A-9999E,MEX002,300961315,""
59,2755.75,1,310015,1052509711,101,ID002,3117A-3123A-9999A-9999E,MEX002,300961316,""
59,2755.75,1,310015,1052509711,101,ID002,3117A-3123A-9999A-9999E,MEX002,300961338,""
59,2755.75,1,310015,1052509711,101,ID002,3117A-3123A-9999A-9999E,MEX002,300961360,""
59,2700.635,1,310015,1052509711,101,ID002,3117A-3123A-9999A-9999E,MEX002,300961361,""
59,2755.75,1,310015,1052509711,101,ID002,3117A-3123A-9999A-9999E,MEX002,300961367,""
59,2755.75,1,310015,1052509711,101,ID002,3117A-3123A-9999A-9999E,MEX002,300961368,""
59,2755.75,1,310015,1052509712,101,ID002,3117A-3123A-9999A-9999E,MEX002,300961385,""
59,2755.75,1,310015,1052509712,101,ID002,3117A-3123A-9999A-9999E,MEX002,300961389,""
59,2755.75,1,310015,1052509712,101,ID002,3117A-3123A-9999A-9999E,MEX002,300961391,""
59,2755.75,1,310015,1052509712,101,ID002,3117A-3123A-9999A-9999E,MEX002,300961392,""
59,2755.75,1,310015,1052509712,101,ID002,3117A-3123A-9999A-9999E,MEX002,300961401,""
59,2755.75,1,310015,1052509712,101,ID002,3117A-3123A-9999A-9999E,MEX002,300961406,""
59,2755.75,1,310015,1052509712,101,ID002,3117A-3123A-9999A-9999E,MEX002,300961407,""
59,2755.75,1,310015,1052509712,101,ID002,3117A-3123A-9999A-9999E,MEX002,300961416,""
59,2755.75,1,310015,1052509713,101,ID002,3117A-3123A-9999A-9999E,MEX002,300961424,""
59,2755.75,1,310015,1052509713,101,ID002,3117A-3123A-9999A-9999E,MEX002,300961432,""
59,2755.75,1,310015,1052509713,101,ID002,3117A-3123A-9999A-9999E,MEX002,300961433,""
59,2755.75,1,310015,1052509713,101,ID002,3117A-3123A-9999A-9999E,MEX002,300961443,""
59,2755.75,1,310015,1052509713,101,ID002,3117A-3123A-9999A-9999E,MEX002,300961444,""
59,2755.75,1,310015,1052509713,101,ID002,3117A-3123A-9999A-9999E,MEX002,300961445,""
59,2755.75,1,310015,1052509713,101,ID002,3117A-3123A-9999A-9999E,MEX002,300961448,""
59,2755.75,1,310015,1052509713,101,ID002,3117A-3123A-9999A-9999E,MEX002,300961449,""
59,2755.75,1,310015,1052509714,101,ID002,3117A-3123A-9999A-9999E,MEX002,300961491,""
59,2755.75,1,310015,1052509714,101,ID002,3117A-3123A-9999A-9999E,MEX002,300961492,""
59,2755.75,1,310015,1052509714,101,ID002,3117A-3123A-9999A-9999E,MEX002,300961493,""
59,2755.75,1,310015,1052509714,101,ID002,3117A-3123A-9999A-9999E,MEX002,300961494,""
59,2755.75,1,310015,1052509714,101,ID002,3117A-3123A-9999A-9999E,MEX002,300961525,""
59,2755.75,1,310015,1052509714,101,ID002,3117A-3123A-9999A-9999E,MEX002,300961526,""
59,2755.75,1,310015,1052509714,101,ID002,3117A-3123A-9999A-9999E,MEX002,300961527,""
59,2755.75,1,310015,1052509715,101,ID002,3117A-3123A-9999A-9999E,MEX002,300961574,""
59,2755.75,1,310015,1052509715,101,ID002,3117A-3123A-9999A-9999E,MEX002,300961575,""
59,2755.75,1,310015,1052509715,101,ID002,3117A-3123A-9999A-9999E,MEX002,300961576,""
59,2755.75,1,310015,1052509715,101,ID002,3117A-3123A-9999A-9999E,MEX002,300961577,""
59,2755.75,1,310015,1052509715,101,ID002,3117A-3123A-9999A-9999E,MEX002,300961583,""
59,2755.75,1,310015,1052509715,101,ID002,3117A-3123A-9999A-9999E,MEX002,300961584,""
59,2755.75,1,310015,1052509715,101,ID002,3117A-3123A-9999A-9999E,MEX002,300961585,""
59,2755.75,1,310015,1052509715,101,ID002,3117A-3123A-9999A-9999E,MEX002,300961586,""
59,2755.75,1,310015,1052509716,101,ID002,3117A-3123A-9999A-9999E,MEX002,300961623,""
59,2755.75,1,310015,1052509716,101,ID002,3117A-3123A-9999A-9999E,MEX002,300961624,""
59,2755.75,1,310015,1052509716,101,ID002,3117A-3123A-9999A-9999E,MEX002,300961626,""
59,2755.75,1,310015,1052509716,101,ID002,3117A-3123A-9999A-9999E,MEX002,300961627,""
59,2755.75,1,310015,1052509716,101,ID002,3117A-3123A-9999A-9999E,MEX002,300961702,""
59,2755.75,1,310015,1052509716,101,ID002,3117A-3123A-9999A-9999E,MEX002,300961703,""
59,2755.75,1,310015,1052509716,101,ID002,3117A-3123A-9999A-9999E,MEX002,300961704,""
59,2755.75,1,310015,1052509716,101,ID002,3117A-3123A-9999A-9999E,MEX002,300961705,""
59,2755.75,1,310015,1052509717,101,ID002,3117A-3123A-9999A-9999E,MEX002,300961728,""
59,2755.75,1,310015,1052509717,101,ID002,3117A-3123A-9999A-9999E,MEX002,300961729,""
59,2755.75,1,310015,1052509717,101,ID002,3117A-3123A-9999A-9999E,MEX002,300961730,""
59,2755.75,1,310015,1052509717,101,ID002,3117A-3123A-9999A-9999E,MEX002,300961731,""
59,2755.75,1,310015,1052509717,101,ID002,3117A-3123A-9999A-9999E,MEX002,300961762,""
59,2755.75,1,310015,1052509717,101,ID002,3117A-3123A-9999A-9999E,MEX002,300961763,""
59,2755.75,1,310015,1052509717,101,ID002,3117A-3123A-9999A-9999E,MEX002,300961764,""
59,2755.75,1,310015,1052509717,101,ID002,3117A-3123A-9999A-9999E,MEX002,300961765,""
59,2755.75,1,310015,1052509718,101,ID002,3117A-3123A-9999A-9999E,MEX002,300961789,""
59,2755.75,1,310015,1052509718,101,ID002,3117A-3123A-9999A-9999E,MEX002,300961790,""
59,2755.75,1,310015,1052509718,101,ID002,3117A-3123A-9999A-9999E,MEX002,300961791,""
59,2755.75,1,310015,1052509718,101,ID002,3117A-3123A-9999A-9999E,MEX002,300961792,""
59,2755.75,1,310015,1052509718,101,ID002,3117A-3123A-9999A-9999E,MEX002,300961819,""
59,2755.75,1,310015,1052509718,101,ID002,3117A-3123A-9999A-9999E,MEX002,300961820,""
59,2755.75,1,310015,1052509718,101,ID002,3117A-3123A-9999A-9999E,MEX002,300961821,""
59,2755.75,1,310015,1052509718,101,ID002,3117A-3123A-9999A-9999E,MEX002,300961822,""
59,2755.75,1,310015,1052509719,101,ID002,3117A-3123A-9999A-9999E,MEX002,300961879,""
59,2755.75,1,310015,1052509719,101,ID002,3117A-3123A-9999A-9999E,MEX002,300961880,""
59,2755.75,1,310015,1052509719,101,ID002,3117A-3123A-9999A-9999E,MEX002,300961881,""
59,2755.75,1,310015,1052509719,101,ID002,3117A-3123A-9999A-9999E,MEX002,300961882,""
59,2755.75,1,310015,1052509719,101,ID002,3117A-3123A-9999A-9999E,MEX002,300961883,""
59,2755.75,1,310015,1052509719,101,ID002,3117A-3123A-9999A-9999E,MEX002,300961884,""
59,2755.75,1,310015,1052509719,101,ID002,3117A-3123A-9999A-9999E,MEX002,300961885,""
59,2755.75,1,310015,1052509719,101,ID002,3117A-3123A-9999A-9999E,MEX002,300961886,""
59,2755.75,1,310015,1052509720,101,ID002,3117A-3123A-9999A-9999E,MEX002,300961914,""
59,2755.75,1,310015,1052509720,101,ID002,3117A-3123A-9999A-9999E,MEX002,300961915,""
59,2755.75,1,310015,1052509720,101,ID002,3117A-3123A-9999A-9999E,MEX002,300961931,""
59,2755.75,1,310015,1052509720,101,ID002,3117A-3123A-9999A-9999E,MEX002,300961932,""
59,2755.75,1,310015,1052509720,101,ID002,3117A-3123A-9999A-9999E,MEX002,300961933,""
59,2755.75,1,310015,1052509720,101,ID002,3117A-3123A-9999A-9999E,MEX002,300961934,""
59,2755.75,1,310015,1052509720,101,ID002,3117A-3123A-9999A-9999E,MEX002,300961950,""
59,2755.75,1,310015,1052509720,101,ID002,3117A-3123A-9999A-9999E,MEX002,300961951,""
59,2755.75,1,310015,1052509721,101,ID002,3117A-9999A,MEX002,300961983,""
59,2755.75,1,310015,1052509721,101,ID002,3117A-9999A,MEX002,300961984,""
59,2755.75,1,310015,1052509721,101,ID002,3117A-9999A,MEX002,300961985,""
59,2755.75,1,310015,1052509721,101,ID002,3117A-9999A,MEX002,300961986,""
59,2755.75,1,310015,1052509721,101,ID002,3117A-9999A,MEX002,300961987,""
59,2755.75,1,310015,1052509721,101,ID002,3117A-9999A,MEX002,300961988,""
59,2755.75,1,310015,1052509721,101,ID002,3117A-9999A,MEX002,300961989,""
59,2755.75,1,310015,1052509721,101,ID002,3117A-9999A,MEX002,300961990,""
59,2755.75,1,310724,1012509703,101,WA002,3040A-3045A-3053A-9999A,WA007,300960806,233472-1-1-103
59,2755.75,1,310724,1012509703,101,WA002,3040A-3045A-3053A-9999A,WA007,300960807,233472-1-1-103
59,2755.75,1,310724,1012509703,101,WA002,3040A-3045A-3053A-9999A,WA007,300960808,233472-1-1-103
59,2755.75,1,310724,1012509703,101,WA002,3040A-3045A-3053A-9999A,WA007,300961397,233472-1-1-103
59,2755.75,1,310724,1012509703,101,WA002,3040A-3045A-3053A-9999A,WA007,300961398,233472-1-1-103
59,2755.75,1,310724,1012509703,101,WA002,3040A-3045A-3053A-9999A,WA007,300961400,233472-1-1-103
59,2755.75,1,310724,1012509703,101,WA002,3040A-3045A-3053A-9999A,WA007,300961402,233472-1-1-103
59,2755.75,1,310724,1012509703,101,WA002,3040A-3045A-3053A-9999A,WA007,300961403,233472-1-1-103
60,165.345,0,310015,1052509602,101,ID002,3117A-3123A-9999A-9999E,TX001,300959426,""
60,55.115,0,310015,1052509602,101,ID002,3117A-3123A-9999A-9999E,TX001,300959427,""
60,55.115,0,310015,1052509602,101,ID002,3117A-3123A-9999A-9999E,TX001,300959429,""
60,55.115,0,310015,1052509603,101,ID002,3117A-3123A-9999A-9999E,TX001,300960519,""
60,110.23,0,310015,1052509603,101,ID002,3117A-3123A-9999A-9999E,TX001,300960520,""
60,165.345,0,310015,1052509603,101,ID002,3117A-3123A-9999A-9999E,TX001,300960521,""
61,2755.75,1,310015,1012509501,101,WA002,3117A-3123A-9999A-9999E,WA017,300958034,10015710
61,2755.75,1,310015,1012509501,101,WA002,3117A-3123A-9999A-9999E,WA017,300958116,10015710
61,2755.75,1,310015,1012509501,101,WA002,3117A-3123A-9999A-9999E,WA017,300958117,10015710
61,2755.75,1,310015,1012509501,101,WA002,3117A-3123A-9999A-9999E,WA017,300958118,10015710
61,2755.75,1,310015,1012509501,101,WA002,3117A-3123A-9999A-9999E,WA017,300958119,10015710
61,2755.75,1,310015,1012509501,101,WA002,3117A-3123A-9999A-9999E,WA017,300958120,10015710
61,2755.75,1,310015,1012509501,101,WA002,3117A-3123A-9999A-9999E,WA017,300958147,10015710
61,2755.75,1,310015,1012509501,101,WA002,3117A-3123A-9999A-9999E,WA017,300958148,10015710
61,2755.75,1,310015,1012509502,101,WA002,3117A-3123A-9999A-9999E,WA017,300958149,10015710
61,2755.75,1,310015,1012509502,101,WA002,3117A-3123A-9999A-9999E,WA017,300958226,10015710
61,2755.75,1,310015,1012509502,101,WA002,3117A-3123A-9999A-9999E,WA017,300958227,10015710
61,2755.75,1,310015,1012509502,101,WA002,3117A-3123A-9999A-9999E,WA017,300958228,10015710
61,2755.75,1,310015,1012509502,101,WA002,3117A-3123A-9999A-9999E,WA017,300958231,10015710
61,2755.75,1,310015,1012509502,101,WA002,3117A-3123A-9999A-9999E,WA017,300958232,10015710
61,55.115,0,310015,1052509501,101,ID002,3117A-3123A-9999A-9999E,TX001,300957945,""
61,165.345,0,310015,1052509501,101,ID002,3117A-3123A-9999A-9999E,TX001,300957946,""
61,55.115,0,310015,1052509501,101,ID002,3117A-3123A-9999A-9999E,TX001,300957947,""
61,110.23,0,310015,1052509501,101,ID002,3117A-3123A-9999A-9999E,TX001,300957948,""
61,385.805,0,310015,1052509501,101,ID002,3117A-3123A-9999A-9999E,TX001,300957949,""
61,55.115,0,310015,1052509501,101,ID002,3117A-3123A-9999A-9999E,TX001,300957951,""
61,55.115,0,310015,1052509501,101,ID002,3117A-3123A-9999A-9999E,TX001,300957952,""
61,110.23,0,310015,1052509502,101,ID002,3117A-3123A-9999A-9999E,TX001,300957953,""
61,385.805,0,310015,1052509502,101,ID002,3117A-3123A-9999A-9999E,TX001,300957954,""
61,110.23,0,310015,1052509502,101,ID002,3117A-3123A-9999A-9999E,TX001,300957955,""
61,551.15,0,310015,1052509502,101,ID002,3117A-3123A-9999A-9999E,TX001,300957956,233486-1-1-109
61,165.345,0,310015,1052509502,101,ID002,3117A-3123A-9999A-9999E,TX001,300957958,""
61,55.115,0,310015,1052509502,101,ID002,3117A-3123A-9999A-9999E,TX001,300957959,""
61,165.345,0,310015,1052509502,101,ID002,3117A-3123A-9999A-9999E,TX001,300957960,""
61,275.575,0,310015,1052509503,101,ID002,3117A-3123A-9999A-9999E,TX001,300958073,""
61,330.69,0,310015,1052509503,101,ID002,3117A-3123A-9999A-9999E,TX001,300958074,""
61,2755.75,1,310015,1052509503,101,ID002,3117A-3123A-9999A-9999E,TX001,300958076,233486-1-1-109
61,165.345,0,310015,1052509503,101,ID002,3117A-3123A-9999A-9999E,TX001,300958078,""
61,165.345,0,310015,1052509503,101,ID002,3117A-3123A-9999A-9999E,TX001,300958079,""
61,220.46,0,310015,1052509503,101,ID002,3117A-3123A-9999A-9999E,TX001,300958080,""
61,55.115,0,310015,1052509503,101,ID002,3117A-3123A-9999A-9999E,TX001,300958081,""
61,110.23,0,310015,1052509504,101,ID002,3117A-3123A-9999A-9999E,TX001,300958152,""
61,165.345,0,310015,1052509504,101,ID002,3117A-3123A-9999A-9999E,TX001,300958153,""
61,55.115,0,310015,1052509504,101,ID002,3117A-3123A-9999A-9999E,TX001,300958154,""
61,220.46,0,310015,1052509504,101,ID002,3117A-3123A-9999A-9999E,TX001,300958156,""
61,2755.75,1,310015,1052509504,101,ID002,3117A-3123A-9999A-9999E,TX001,300958157,233486-1-1-104
61,2755.75,1,310015,1052509504,101,ID002,3117A-3123A-9999A-9999E,TX001,300958159,233486-1-1-104
61,55.115,0,310015,1052509504,101,ID002,3117A-3123A-9999A-9999E,TX001,300958160,""
61,2700.635,1,310015,1052509504,101,ID002,3117A-3123A-9999A-9999E,TX001,300958160,233486-1-1-104
61,2755.75,1,310015,1052509504,101,ID002,3117A-3123A-9999A-9999E,TX001,300958161,233486-1-1-104
61,165.345,0,310015,1052509505,101,ID002,3117A-3123A-9999A-9999E,TX001,300958168,""
61,2590.405,1,310015,1052509505,101,ID002,3117A-3123A-9999A-9999E,TX001,300958168,233486-1-1-104
61,165.345,0,310015,1052509505,101,ID002,3117A-3123A-9999A-9999E,TX001,300958169,""
61,2590.405,1,310015,1052509505,101,ID002,3117A-3123A-9999A-9999E,TX001,300958169,233486-1-1-104
61,2755.75,1,310015,1052509505,101,ID002,3117A-3123A-9999A-9999E,TX001,300958170,233486-1-1-104
61,2755.75,1,310015,1052509505,101,ID002,3117A-3123A-9999A-9999E,TX001,300958171,233486-1-1-104
61,165.345,0,310015,1052509505,101,ID002,3117A-3123A-9999A-9999E,TX001,300958173,""
61,2590.405,1,310015,1052509505,101,ID002,3117A-3123A-9999A-9999E,TX001,300958173,233486-1-1-104
61,385.805,0,310015,1052509505,101,ID002,3117A-3123A-9999A-9999E,TX001,300958174,""
61,2369.945,1,310015,1052509505,101,ID002,3117A-3123A-9999A-9999E,TX001,300958174,233486-1-1-104
61,2755.75,1,310015,1052509505,101,ID002,3117A-3123A-9999A-9999E,TX001,300958186,233486-1-1-104
61,165.345,0,310015,1052509505,101,ID002,3117A-3123A-9999A-9999E,TX001,300958321,""
61,2590.405,1,310015,1052509505,101,ID002,3117A-3123A-9999A-9999E,TX001,300958321,233486-1-1-104
61,220.46,0,310015,1052509506,101,ID002,3117A-3123A-9999A-9999E,TX001,300958323,""
61,2535.29,1,310015,1052509506,101,ID002,3117A-3123A-9999A-9999E,TX001,300958323,233486-1-1-104
61,110.23,0,310015,1052509506,101,ID002,3117A-3123A-9999A-9999E,TX001,300958324,""
61,2645.52,1,310015,1052509506,101,ID002,3117A-3123A-9999A-9999E,TX001,300958324,233486-1-1-104
61,110.23,0,310015,1052509506,101,ID002,3117A-3123A-9999A-9999E,TX001,300958325,""
61,2645.52,1,310015,1052509506,101,ID002,3117A-3123A-9999A-9999E,TX001,300958325,233486-1-1-104
61,2755.75,1,310015,1052509506,101,ID002,3117A-3123A-9999A-9999E,TX001,300958326,233486-1-1-104
61,2755.75,1,310015,1052509506,101,ID002,3117A-3123A-9999A-9999E,TX001,300958338,233486-1-1-105
61,55.115,0,310015,1052509506,101,ID002,3117A-3123A-9999A-9999E,TX001,300958339,""
61,2700.635,1,310015,1052509506,101,ID002,3117A-3123A-9999A-9999E,TX001,300958339,233486-1-1-105
61,2755.75,1,310015,1052509506,101,ID002,3117A-3123A-9999A-9999E,TX001,300958345,233486-1-1-105
61,2755.75,1,310015,1052509506,101,ID002,3117A-3123A-9999A-9999E,TX001,300958358,233486-1-1-105
61,55.115,0,310015,1052509507,101,ID002,3117A-3123A-9999A-9999E-9999A-9999E,TX001,300958361,""
61,2700.635,1,310015,1052509507,101,ID002,3117A-3123A-9999A-9999E-9999A-9999E,TX001,300958361,233486-1-1-105
61,55.115,0,310015,1052509507,101,ID002,3117A-3123A-9999A-9999E-9999A-9999E,TX001,300958362,""
61,2700.635,1,310015,1052509507,101,ID002,3117A-3123A-9999A-9999E-9999A-9999E,TX001,300958362,233486-1-1-105
61,55.115,0,310015,1052509507,101,ID002,3117A-3123A-9999A-9999E-9999A-9999E,TX001,300958363,""
61,2700.635,1,310015,1052509507,101,ID002,3117A-3123A-9999A-9999E-9999A-9999E,TX001,300958363,233486-1-1-105
61,110.23,0,310015,1052509507,101,ID002,3117A-3123A-9999A-9999E-9999A-9999E,TX001,300958364,""
61,2645.52,1,310015,1052509507,101,ID002,3117A-3123A-9999A-9999E-9999A-9999E,TX001,300958364,233486-1-1-105
61,55.115,0,310015,1052509507,101,ID002,3117A-3123A-9999A-9999E-9999A-9999E,TX001,300958407,""
61,2700.635,1,310015,1052509507,101,ID002,3117A-3123A-9999A-9999E-9999A-9999E,TX001,300958407,233486-1-1-105
61,220.46,0,310015,1052509507,101,ID002,3117A-3123A-9999A-9999E-9999A-9999E,TX001,300958408,""
61,2535.29,1,310015,1052509507,101,ID002,3117A-3123A-9999A-9999E-9999A-9999E,TX001,300958408,233486-1-1-105
61,2755.75,1,310724,1012509508,101,WA002,3040A-3045A-3053A-9999A,WA007,300958931,233472-1-1-103
61,2755.75,1,310724,1012509508,101,WA002,3040A-3045A-3053A-9999A,WA007,300958932,233472-1-1-103
61,2755.75,1,310724,1012509508,101,WA002,3040A-3045A-3053A-9999A,WA007,300958933,233472-1-1-103
61,2755.75,1,310724,1012509508,101,WA002,3040A-3045A-3053A-9999A,WA007,300958935,233472-1-1-103
61,2755.75,1,310724,1012509508,101,WA002,3040A-3045A-3053A-9999A,WA007,300958952,233472-1-1-103
61,2755.75,1,310724,1012509508,101,WA002,3040A-3045A-3053A-9999A,WA007,300958953,233472-1-1-103
61,2755.75,1,310724,1012509508,101,WA002,3040A-3045A-3053A-9999A,WA007,300958957,233472-1-1-103
61,2755.75,1,310724,1012509508,101,WA002,3040A-3045A-3053A-9999A,WA007,300958960,233472-1-1-103
62,2755.75,1,310015,1012509413,101,WA002,3117A-3123A-9999A-9999E,WA017,300957669,10015690
62,2755.75,1,310015,1012509413,101,WA002,3117A-3123A-9999A-9999E,WA017,300957674,10015690
62,2755.75,1,310015,1012509413,101,WA002,3117A-3123A-9999A-9999E,WA017,300957675,10015690
62,2755.75,1,310015,1012509413,101,WA002,3117A-3123A-9999A-9999E,WA017,300957676,10015690
62,2755.75,1,310015,1012509413,101,WA002,3117A-3123A-9999A-9999E,WA017,300957680,10015690
62,2755.75,1,310015,1012509413,101,WA002,3117A-3123A-9999A-9999E,WA017,300957682,10015690
62,2755.75,1,310015,1012509413,101,WA002,3117A-3123A-9999A-9999E,WA017,300957685,10015690
62,2755.75,1,310015,1012509414,101,WA002,3117A-3123A-9999A-9999E,WA017,300957688,10015690
62,2755.75,1,310015,1012509414,101,WA002,3117A-3123A-9999A-9999E,WA017,300957689,10015690
62,2755.75,1,310015,1012509414,101,WA002,3117A-3123A-9999A-9999E,WA017,300957690,10015690
62,2755.75,1,310015,1012509414,101,WA002,3117A-3123A-9999A-9999E,WA017,300957736,10015690
62,2755.75,1,310015,1012509414,101,WA002,3117A-3123A-9999A-9999E,WA017,300957737,10015690
62,2755.75,1,310015,1012509414,101,WA002,3117A-3123A-9999A-9999E,WA017,300957738,10015690
62,2755.75,1,310015,1012509414,101,WA002,3117A-3123A-9999A-9999E,WA017,300957753,10015690
62,2755.75,1,310015,1012509414,101,WA002,3117A-3123A-9999A-9999E,WA017,300957755,10015690
62,2755.75,1,310015,1012509416,101,WA002,3117A-3123A-9999A-9999E,WA017,300957927,10015710
62,110.23,0,310015,1052509407,101,ID002,3117A-3123A-9999A-9999E,TX001,300957871,""
62,55.115,0,310015,1052509407,101,ID002,3117A-3123A-9999A-9999E,TX001,300957875,""
62,2026,1,310086,1052509437,101,ID002,3140A-9999A,ID002,300957061,""
62,2023,1,310086,1052509437,101,ID002,3140A-9999A,ID010,300957045,232869-1-5-122
62,2026,1,310086,1052509439,101,ID002,3139A-3140A-9999A,ID010,300957157,232869-1-5-121
62,2039,1,310086,1052509439,101,ID002,3139A-3140A-9999A,ID010,300957158,232869-1-5-121
62,2025,1,310086,1052509439,101,ID002,3139A-3140A-9999A,ID010,300957167,232869-1-5-121
66,2755.75,1,310015,1052509002,101,ID002,3117A-3123A-9999A-9999E,TX001,300950977,233492-1-1-107
66,2755.75,1,310015,1052509006,101,ID002,3117A-3123A-9999A-9999E,TX001,300951341,233492-1-1-107
66,2755.75,1,310015,1052509009,101,ID002,3117A-3123A-9999A-9999E,TX001,300951482,233492-1-1-107
67,2755.75,1,310015,1052508902,101,ID002,3117A-3123A-9999A-9999E,TX001,300949361,233492-1-1-107
67,2755.75,1,310015,1052508912,101,ID002,3117A-3123A-9999A-9999E,TX001,300950637,233492-1-1-107
68,2755.75,1,310015,1052508812,101,ID002,3117A-3123A-9999A-9999E,TX001,300948716,233492-1-1-107
68,2700.635,1,310015,1052508816,101,ID002,3117A-3123A-9999A-9999E,TX001,300949063,233492-1-1-107
69,2755.75,1,310015,1052508710,101,ID002,3117A-3123A-9999A-9999E,TX001,300947169,233492-1-1-107
69,2755.75,1,310015,1052508715,101,ID002,3117A-3123A-9999A-9999E,TX001,300947584,233492-1-1-107
71,55.115,0,310015,1052508501,101,ID002,3117A-3123A-9999A-9999E,MEX002,300944163,""
71,55.115,0,310015,1052508502,101,ID002,3117A-3123A-9999A-9999E,MEX002,300944187,""
71,275.575,0,310015,1052508503,101,ID002,3117A-3123A-9999A-9999E,MEX002,300944278,""
71,2755.75,1,310015,1052508506,101,ID002,3117A-3123A-9999A-9999E,MEX002,300944502,232807-1-2-135
71,2755.75,1,310015,1052508506,101,ID002,3117A-3123A-9999A-9999E,MEX002,300944503,232807-1-2-135
71,165.345,0,310015,1052508506,101,ID002,3117A-3123A-9999A-9999E,MEX002,300944504,""
71,2535.29,1,310015,1052508506,101,ID002,3117A-3123A-9999A-9999E,MEX002,300944504,232807-1-2-135
71,2755.75,1,310015,1052508506,101,ID002,3117A-3123A-9999A-9999E,MEX002,300944505,232807-1-2-135
71,2755.75,1,310015,1052508506,101,ID002,3117A-3123A-9999A-9999E,MEX002,300944528,232807-1-2-135
71,2755.75,1,310015,1052508506,101,ID002,3117A-3123A-9999A-9999E,MEX002,300944529,232807-1-2-135
71,2755.75,1,310015,1052508506,101,ID002,3117A-3123A-9999A-9999E,MEX002,300944530,232807-1-2-135
71,2755.75,1,310015,1052508506,101,ID002,3117A-3123A-9999A-9999E,MEX002,300944531,232807-1-2-135
71,496.035,0,310015,1052508509,101,ID002,3117A-3123A-9999A-9999E,MEX002,300944682,""
71,2259.715,1,310015,1052508509,101,ID002,3117A-3123A-9999A-9999E,MEX002,300944682,232807-1-2-135
71,2755.75,1,310015,1052508509,101,ID002,3117A-3123A-9999A-9999E,MEX002,300944683,232807-1-2-135
71,2755.75,1,310015,1052508509,101,ID002,3117A-3123A-9999A-9999E,MEX002,300944684,232807-1-2-135
71,2755.75,1,310015,1052508509,101,ID002,3117A-3123A-9999A-9999E,MEX002,300944685,232807-1-2-135
71,2755.75,1,310015,1052508509,101,ID002,3117A-3123A-9999A-9999E,MEX002,300944711,232807-1-2-135
71,2755.75,1,310015,1052508509,101,ID002,3117A-3123A-9999A-9999E,MEX002,300944712,232807-1-2-135
71,2755.75,1,310015,1052508509,101,ID002,3117A-3123A-9999A-9999E,MEX002,300944713,232807-1-2-135
71,2755.75,1,310015,1052508509,101,ID002,3117A-3123A-9999A-9999E,MEX002,300944714,232807-1-2-135
71,330.69,0,310015,1052508510,101,ID002,3117A-3123A-9999A-9999E,MEX002,300944736,""
71,220.46,0,310015,1052508511,101,ID002,3117A-3123A-9999A-9999E,MEX002,300944897,""
71,275.575,0,310015,1052508512,101,ID002,3117A-3123A-9999A-9999E,MEX002,300944923,""
71,330.69,0,310015,1052508513,101,ID002,3117A-3123A-9999A-9999E,MEX002,300944982,""
71,330.69,0,310015,1052508514,101,ID002,3117A-3123A-9999A-9999E,MEX002,300945029,""
71,55.115,0,310015,1052508515,101,ID002,3117A-3123A-9999A-9999E,MEX002,300945121,""
71,55.115,0,310015,1052508516,101,ID002,3117A-3123A-9999A-9999E,MEX002,300945224,""
71,110.23,0,310015,1052508517,101,ID002,3117A-3123A-9999A-9999E,MEX002,300945284,""
72,220.46,0,310015,1052508403,101,ID002,3117A-3123A-9999A-9999E,MEX002,300944076,""
72,2535.29,1,310015,1052508403,101,ID002,3117A-3123A-9999A-9999E,MEX002,300944076,232807-1-2-135
72,2755.75,1,310015,1052508403,101,ID002,3117A-3123A-9999A-9999E,MEX002,300944077,232807-1-2-135
72,2755.75,1,310015,1052508403,101,ID002,3117A-3123A-9999A-9999E,MEX002,300944093,232807-1-2-135
72,2755.75,1,310015,1052508403,101,ID002,3117A-3123A-9999A-9999E,MEX002,300944094,232807-1-2-135
72,110.23,0,310015,1052508404,101,ID002,3117A-3123A-9999A-9999E,MEX002,300944132,""
72,2755.75,1,310724,1012508405,101,WA002,3040A-3045A-9999A-9999C,WA007,300943285,233472-1-1-101
72,2755.75,1,310724,1012508405,101,WA002,3040A-3045A-9999A-9999C,WA007,300943286,233472-1-1-101
72,2755.75,1,310724,1012508405,101,WA002,3040A-3045A-9999A-9999C,WA007,300943292,233472-1-1-101
72,2755.75,1,310724,1012508405,101,WA002,3040A-3045A-9999A-9999C,WA007,300943300,233472-1-1-101
72,2755.75,1,310724,1012508405,101,WA002,3040A-3045A-9999A-9999C,WA007,300943305,233472-1-1-101
72,2755.75,1,310724,1012508405,101,WA002,3040A-3045A-9999A-9999C,WA007,300943306,233472-1-1-101
72,2755.75,1,310724,1012508405,101,WA002,3040A-3045A-9999A-9999C,WA007,300943326,233472-1-1-101
72,2755.75,1,310724,1012508405,101,WA002,3040A-3045A-9999A-9999C,WA007,300943327,233472-1-1-101
72,2755.75,1,310724,1012508406,101,WA002,3040A-3045A-9999A,WA007,300943328,233472-1-1-101
72,2755.75,1,310724,1012508406,101,WA002,3040A-3045A-9999A,WA007,300943329,233472-1-1-101
72,2755.75,1,310724,1012508406,101,WA002,3040A-3045A-9999A,WA007,300943330,233472-1-1-101
72,2755.75,1,310724,1012508406,101,WA002,3040A-3045A-9999A,WA007,300943331,233472-1-1-101
72,2755.75,1,310724,1012508406,101,WA002,3040A-3045A-9999A,WA007,300943350,233472-1-1-101
72,2755.75,1,310724,1012508406,101,WA002,3040A-3045A-9999A,WA007,300943352,233472-1-1-101
72,2755.75,1,310724,1012508406,101,WA002,3040A-3045A-9999A,WA007,300943376,233472-1-1-101
72,2755.75,1,310724,1012508406,101,WA002,3040A-3045A-9999A,WA007,300943377,233472-1-1-101
72,2755.75,1,310724,1012508417,101,WA002,3040A-3045A-3053A-9999A,WA007,300943982,233472-1-1-102
72,2755.75,1,310724,1012508417,101,WA002,3040A-3045A-3053A-9999A,WA007,300943983,233472-1-1-102
72,2755.75,1,310724,1012508417,101,WA002,3040A-3045A-3053A-9999A,WA007,300943984,233472-1-1-102
72,2755.75,1,310724,1012508417,101,WA002,3040A-3045A-3053A-9999A,WA007,300944031,233472-1-1-102
72,2755.75,1,310724,1012508417,101,WA002,3040A-3045A-3053A-9999A,WA007,300944032,233472-1-1-102
72,2755.75,1,310724,1012508417,101,WA002,3040A-3045A-3053A-9999A,WA007,300944033,233472-1-1-102
72,2755.75,1,310724,1012508417,101,WA002,3040A-3045A-3053A-9999A,WA007,300944034,233472-1-1-102
72,2755.75,1,310724,1012508417,101,WA002,3040A-3045A-3053A-9999A,WA007,300944035,233472-1-1-102
72,2755.75,1,310724,1012508418,101,WA002,3040A-3045A-3053A-9999A,WA007,300944039,233472-1-1-102
72,2755.75,1,310724,1012508418,101,WA002,3040A-3045A-3053A-9999A,WA007,300944040,233472-1-1-102
72,2755.75,1,310724,1012508418,101,WA002,3040A-3045A-3053A-9999A,WA007,300944041,233472-1-1-102
72,2755.75,1,310724,1012508418,101,WA002,3040A-3045A-3053A-9999A,WA007,300944042,233472-1-1-102
72,2755.75,1,310724,1012508418,101,WA002,3040A-3045A-3053A-9999A,WA007,300944082,233472-1-1-102
72,2755.75,1,310724,1012508418,101,WA002,3040A-3045A-3053A-9999A,WA007,300944083,233472-1-1-102
72,2755.75,1,310724,1012508418,101,WA002,3040A-3045A-3053A-9999A,WA007,300944084,233472-1-1-102
72,2755.75,1,310724,1012508418,101,WA002,3040A-3045A-3053A-9999A,WA007,300944085,233472-1-1-102
72,2755.75,1,310724,1012508419,101,WA002,3040A-3045A-3053A-3055A-9999A,WA007,300944114,233472-1-1-102
72,2755.75,1,310724,1012508419,101,WA002,3040A-3045A-3053A-3055A-9999A,WA007,300944115,233472-1-1-102
72,2755.75,1,310724,1012508419,101,WA002,3040A-3045A-3053A-3055A-9999A,WA007,300944116,233472-1-1-103
72,2755.75,1,310726,1022508459,102,WA003,9999A,WA007,300944436,233433-1-1-101
72,2755.75,1,310726,1022508459,102,WA003,9999A,WA007,300944437,233433-1-1-101
72,2755.75,1,310726,1022508459,102,WA003,9999A,WA007,300944442,233433-1-1-101
72,2755.75,1,310726,1022508459,102,WA003,9999A,WA007,300944443,233433-1-1-101
72,2755.75,1,310726,1022508459,102,WA003,9999A,WA007,300944444,233433-1-1-101
72,2755.75,1,310726,1022508459,102,WA003,9999A,WA007,300944622,233433-1-1-101
73,2755.75,1,310724,1012508310,101,WA002,3040A-3045A-9999A,WA007,300942424,233472-1-1-101
73,2755.75,1,310724,1012508310,101,WA002,3040A-3045A-9999A,WA007,300942426,233472-1-1-101
74,55.115,0,310726,1022508256,101,WA003,3007S-3025S-3033A-3035A-9999A-9999E,WA007,300941359,""
75,585,0,310086,1052508138,101,ID002,3139A-3140A-9999A,ID010,300939577,""
77,2755.75,1,310002,1002507905,101,WA001,3405A-9999A-9999E,TX001,300936989,232811-1-2-102
77,2755.75,1,310002,1002507905,101,WA001,3405A-9999A-9999E,TX001,300936990,232811-1-2-102
80,2070,1,310086,1052507633,101,ID002,3139A-3140A-9999A,ID002,300932459,""
81,55.115,0,310015,1052507501,101,ID002,3117A-3123A-9999A,MEX002,300930207,""
81,881.84,0,310015,1052507502,101,ID002,3117A-3123A-9999A-9999A,MEX002,300930295,""
81,992.07,0,310015,1052507503,101,ID002,3117A-3123A-9999A,MEX002,300930446,""
81,826.725,0,310015,1052507504,101,ID002,3117A-3123A-9999A,MEX002,300930587,""
81,165.345,0,310015,1052507505,101,ID002,3117A-3123A-9999A,MEX002,300930655,""
81,330.69,0,310015,1052507507,101,ID002,3117A-3123A-9999A-9999E,MEX002,300930709,""
81,440.92,0,310015,1052507510,101,ID002,3117A-3123A-9999A-9999E,MEX002,300931008,""
81,165.345,0,310015,1052507511,101,ID002,3117A-3123A-9999A-9999E,MEX002,300931088,""
81,220.46,0,310015,1052507512,101,ID002,3117A-3123A-9999A-9999E,MEX002,300931337,""
82,55.115,0,310015,1052507407,101,ID002,3117A-3123A-9999A,MEX002,300929239,""
83,220.46,0,310015,1052507306,101,ID002,3117A-3123A-9999A-9999E,MEX002,300932392,""
84,2755.75,1,310018,1002507201,102,WA001,9999A,WA001,300927072,""
84,2755.75,1,310018,1002507201,102,WA001,9999A,WA001,300927073,""
84,2755.75,1,310018,1002507201,102,WA001,9999A,WA001,300927106,""
84,2755.75,1,310018,1002507201,102,WA001,9999A,WA001,300927107,""
84,2755.75,1,310018,1002507201,102,WA001,9999A,WA001,300927108,""
84,2755.75,1,310018,1002507201,102,WA001,9999A,WA001,300927109,""
84,2755.75,1,310018,1002507201,102,WA001,9999A,WA001,300927110,""
84,2755.75,1,310018,1002507201,102,WA001,9999A,WA001,300927112,""
84,2755.75,1,310018,1002507202,102,WA001,9999A,WA001,300927176,""
84,2755.75,1,310018,1002507202,102,WA001,9999A,WA001,300927177,""
84,2755.75,1,310018,1002507202,102,WA001,9999A,WA001,300927178,""
84,2755.75,1,310018,1002507202,102,WA001,9999A,WA001,300927180,""
84,2755.75,1,310018,1002507202,102,WA001,9999A,WA001,300927181,""
84,2755.75,1,310018,1002507202,102,WA001,9999A,WA001,300927233,""
84,2755.75,1,310018,1002507202,102,WA001,9999A,WA001,300927234,""
84,2755.75,1,310018,1002507202,102,WA001,9999A,WA018,300927179,""
84,2755.75,1,310018,1002507203,102,WA001,9999A,WA001,300927248,""
84,2755.75,1,310018,1002507203,102,WA001,9999A,WA001,300927249,""
84,2755.75,1,310018,1002507203,102,WA001,9999A,WA001,300927254,""
84,2755.75,1,310018,1002507203,102,WA001,9999A,WA001,300927255,""
84,2755.75,1,310018,1002507203,102,WA001,9999A,WA001,300927288,""
84,2755.75,1,310018,1002507203,102,WA001,9999A,WA001,300927312,""
84,2755.75,1,310018,1002507203,102,WA001,9999A,WA001,300927313,""
84,2755.75,1,310018,1002507203,102,WA001,9999A,WA001,300927314,""
85,2755.75,1,310726,1022507158,101,WA003,3007S-3025S-3033A-3035A-9999A-9999C-9999CS,WA007,300926472,233433-1-1-101
85,2755.75,1,310726,1022507158,101,WA003,3007S-3025S-3033A-3035A-9999A-9999C-9999CS,WA007,300926473,233433-1-1-101
85,2755.75,1,310726,1022507158,101,WA003,3007S-3025S-3033A-3035A-9999A-9999C-9999CS,WA007,300926474,233433-1-1-101
85,2755.75,1,310726,1022507158,101,WA003,3007S-3025S-3033A-3035A-9999A-9999C-9999CS,WA007,300926475,233433-1-1-101
85,2755.75,1,310726,1022507158,101,WA003,3007S-3025S-3033A-3035A-9999A-9999C-9999CS,WA007,300926501,233433-1-1-101
85,2755.75,1,310726,1022507158,101,WA003,3007S-3025S-3033A-3035A-9999A-9999C-9999CS,WA007,300926502,233433-1-1-101
85,2755.75,1,310726,1022507158,101,WA003,3007S-3025S-3033A-3035A-9999A-9999C-9999CS,WA007,300926503,233433-1-1-101
85,2755.75,1,310726,1022507158,101,WA003,3007S-3025S-3033A-3035A-9999A-9999C-9999CS,WA007,300926504,233433-1-1-101
85,2755.75,1,310726,1022507159,101,WA003,3007S-3025S-3033A-3035A-9999A-9999C-9999CS,WA007,300926516,233433-1-1-101
85,2755.75,1,310726,1022507159,101,WA003,3007S-3025S-3033A-3035A-9999A-9999C-9999CS,WA007,300926517,233433-1-1-101
85,2755.75,1,310726,1022507159,101,WA003,3007S-3025S-3033A-3035A-9999A-9999C-9999CS,WA007,300926518,233433-1-1-101
85,2755.75,1,310726,1022507159,101,WA003,3007S-3025S-3033A-3035A-9999A-9999C-9999CS,WA007,300926519,233433-1-1-101
85,2755.75,1,310726,1022507159,101,WA003,3007S-3025S-3033A-3035A-9999A-9999C-9999CS,WA007,300926625,233433-1-1-101
85,2755.75,1,310726,1022507159,101,WA003,3007S-3025S-3033A-3035A-9999A-9999C-9999CS,WA007,300926626,233433-1-1-101
85,2755.75,1,310726,1022507159,101,WA003,3007S-3025S-3033A-3035A-9999A-9999C-9999CS,WA007,300926627,233433-1-1-101
85,2755.75,1,310726,1022507159,101,WA003,3007S-3025S-3033A-3035A-9999A-9999C-9999CS,WA007,300926628,233433-1-1-101
86,1102.3,0,310002,1002507004,102,WA001,9999A,TX001,300923687,232811-1-2-102
87,440.92,0,310015,1052506901,101,ID002,3117A-3123A-9999A-9999E,MEX002,300921292,""
87,1653.45,1,310015,1052506903,101,ID002,9999A-9999E,ID010,300923233,1460719
88,1708.565,1,310002,1002506803,102,WA001,9999A,TX001,300920654,232811-1-2-102
88,110.23,0,310015,1052506801,101,ID002,3117A-3123A-9999A,MEX002,300920313,""
88,55.115,0,310015,1052506802,101,ID002,3117A-3123A-9999A,MEX002,300920349,""
88,55.115,0,310015,1052506806,101,ID002,3117A-3123A-9999A-9999E,MEX002,300920970,""
88,220.46,0,310015,1052506808,101,ID002,3117A-3123A-9999A-9999E,MEX002,300921121,""
88,992.07,0,310015,1052506809,101,ID002,3117A-3123A-9999A-9999E,MEX002,300921162,""
88,551.15,0,310015,1052506810,101,ID002,3117A-3123A-9999A-9999E,MEX002,300921221,""
89,771.61,0,310015,1052506701,101,ID002,3117A-3123A-9999A,MEX002,300918930,""
89,275.575,0,310015,1052506702,101,ID002,3117A-3123A-9999A,MEX002,300918983,""
89,165.345,0,310015,1052506703,101,ID002,3117A-3123A-9999A,MEX002,300919112,""
89,275.575,0,310015,1052506704,101,ID002,3117A-3123A-9999A,MEX002,300919257,""
89,110.23,0,310015,1052506705,101,ID002,3117A-3123A-9999A,MEX002,300919283,""
89,165.345,0,310015,1052506706,101,ID002,3117A-3123A-9999A,MEX002,300919328,""
89,606.265,0,310015,1052506707,101,ID002,3117A-3123A-9999A,MEX002,300919398,""
89,220.46,0,310015,1052506714,101,ID002,3117A-9999A,MEX002,300920055,""
89,496.035,0,310015,1052506715,101,ID002,3117A-9999A,MEX002,300920145,""
89,496.035,0,310015,1052506716,101,ID002,3117A-3123A-9999A,MEX002,300920195,""
89,661.38,0,310015,1052506717,101,ID002,3117A-3123A-9999A,MEX002,300920262,""
90,55.115,0,310015,1052506611,101,ID002,3117A-3123A-9999A-9999E,MEX002,300918731,""
90,275.575,0,310015,1052506612,101,ID002,3117A-3123A-9999A-9999E,MEX002,300918786,""
90,385.805,0,310015,1052506613,101,ID002,3117A-3123A-9999A-9999E,MEX002,300918859,""
91,1322.76,0,310015,1022506560,101,WA003,3117S-3123A-9999A-9999E,WA010,300918446,""
91,2590.405,1,310015,1022506561,101,WA003,3117S-3123A-9999A-9999E,WA010,300918451,""
91,220.46,0,310015,1052506501,101,ID002,3117A-3123A-9999A,MEX002,300916198,""
91,440.92,0,310015,1052506502,101,ID002,3117A-3123A-9999A,MEX002,300916213,""
91,55.115,0,310015,1052506503,101,ID002,3117A-3123A-9999A,MEX002,300916299,""
91,55.115,0,310015,1052506504,101,ID002,3117A-3123A-9999A,MEX002,300916386,""
91,165.345,0,310015,1052506505,101,ID002,3117A-3123A-9999A,MEX002,300916480,""
91,275.575,0,310015,1052506506,101,ID002,3117A-3123A-9999A,MEX002,300916494,""
91,330.69,0,310015,1052506507,101,ID002,3117A-3123A-9999A,MEX002,300916650,""
91,220.46,0,310015,1052506508,101,ID002,3117A-3123A-9999A,MEX002,300916741,""
91,55.115,0,310015,1052506508,101,ID002,3117A-3123A-9999A,MEX002,300916758,""
91,606.265,0,310015,1052506509,101,ID002,3117A-3123A-9999A,MEX002,300916854,""
91,440.92,0,310015,1052506510,101,ID002,3117A-3123A-9999A,MEX002,300916937,""
91,385.805,0,310015,1052506511,101,ID002,3117A-3123A-9999A,MEX002,300916987,""
91,330.69,0,310015,1052506512,101,ID002,3117A-3123A-9999A,MEX002,300917140,""
91,716.495,0,310015,1052506513,101,ID002,3117A-3123A-9999A,MEX002,300917231,""
91,2314.83,1,310015,1052506514,101,ID002,3117A-3123A-9999A,MEX002,300917332,""
91,220.46,0,310015,1052506515,101,ID002,3117A-3123A-9999A,MEX002,300917390,""
91,551.15,0,310015,1052506515,101,ID002,3117A-3123A-9999A,MEX002,300917391,""
92,440.92,0,310015,1052506414,101,ID002,3117A-3123A-9999A-9999E,MEX002,300916122,""
94,2755.75,1,310015,1012506206,101,WA002,3117A-3123A-9999A-9999E,WA018,300912310,""
94,55.115,0,310015,1012506207,101,WA002,3117A-3123A-9999A-9999E,WA018,300912485,""
94,2755.75,1,310015,1012506207,101,WA002,3117A-3123A-9999A-9999E,WA018,300912486,""
94,1432.99,1,310015,1012506207,101,WA002,3117A-3123A-9999A-9999E,WA018,300912511,""
94,2755.75,1,310015,1012506207,101,WA002,3117A-3123A-9999A-9999E,WA018,300912512,""
94,2755.75,1,310015,1012506208,101,WA002,3117A-3123A-9999A-9999E,WA018,300912513,""
94,2755.75,1,310015,1012506208,101,WA002,3117A-3123A-9999A-9999E,WA018,300912525,""
94,2061,1,310086,1052506231,101,ID002,3140A,ID010,300912841,232869-1-5-121
94,2071,1,310086,1052506231,101,ID002,3140A,ID010,300912845,232869-1-5-121
95,110.23,0,310015,1052506101,101,ID002,3117A-3123A-9999A,MEX002,300910140,""
95,55.115,0,310726,1022506157,101,WA003,3005WGUM-3007DRYGUM-3007FO,WA010,300911964,232381-1-2-102
95,55.115,0,310726,1022506158,101,WA003,3007S-3025S-3033A-3035A-9999A-9999C-9999CS-9999E,WA010,300912294,232381-1-2-102
95,55.115,0,310726,1022506158,101,WA003,3007S-3025S-3033A-3035A-9999A-9999C-9999CS-9999E,WA010,300912334,232381-1-2-102
95,55.115,0,310726,1022506161,101,WA003,3025S-3033A-9999A-9999C-9999CS,WA010,300912556,232381-1-2-102
96,440.92,0,310015,1052506001,101,ID002,3117A-3123A-9999A,MEX002,300908393,""
96,1047.185,0,310015,1052506002,101,ID002,3117A-3123A-9999A,MEX002,300908465,""
96,606.265,0,310015,1052506006,101,ID002,3117A-3123A-9999A,MEX002,300909027,""
96,385.805,0,310015,1052506007,101,ID002,3117A-3123A-9999A,MEX002,300909116,""
96,385.805,0,310015,1052506008,101,ID002,3117A-3123A-9999A,MEX002,300909275,""
96,220.46,0,310015,1052506012,101,ID002,3117A-9999A,MEX002,300909980,""
96,606.265,0,310015,1052506013,101,ID002,3117A-9999A,MEX002,300912481,""
97,220.46,0,310015,1052505912,101,ID002,3117A-3123A-9999A,MEX002,300908061,""
97,661.38,0,310015,1052505913,101,ID002,3117A-3123A-9999A,MEX002,300908186,""
97,496.035,0,310015,1052505914,101,ID002,3117A-3123A-9999A,MEX002,300908303,""
97,2755.75,1,310015,1052505914,101,ID002,3117A-3123A-9999A,MEX002,300908305,""
98,2425.06,1,310002,1002505801,102,WA001,9999A,WA001,300905709,""
100,2755.75,1,310002,1002505603,102,WA001,9999A,WA001,300903921,""
100,330.69,0,310015,1052505601,101,ID002,3117A-9999A,MEX002,300902816,""
100,275.575,0,310015,1052505602,101,ID002,3117A-9999A,MEX002,300902857,""
100,385.805,0,310015,1052505603,101,ID002,3117A-9999A,MEX002,300903712,""
100,110.23,0,310015,1052505604,101,ID002,3117A-9999A,MEX002,300903720,""
100,440.92,0,310015,1052505605,101,ID002,3117A-9999A,MEX002,300903797,""
100,2170,1,310086,1052505631,102,ID002,9999A,ID010,300903270,233479-1-2-101
100,2084,1,310086,1052505631,102,ID002,9999A,ID010,300903271,233479-1-2-101
100,2204,1,310086,1052505631,102,ID002,9999A,ID010,300903277,233479-1-2-101
100,2092,1,310086,1052505631,102,ID002,9999A,ID010,300903282,233479-1-2-101
100,2182,1,310086,1052505631,102,ID002,9999A,ID010,300903337,233479-1-2-101
100,2084,1,310086,1052505631,102,ID002,9999A,ID010,300903339,233479-1-2-101
100,2101,1,310086,1052505632,102,ID002,9999A,ID010,300903399,233479-1-2-101
101,55.115,0,310015,1052505501,101,ID002,3117A-3123A-9999A,MEX002,300901210,""
101,881.84,0,310015,1052505502,101,ID002,3117A-3123A-9999A,MEX002,300901242,""
101,220.46,0,310015,1052505506,101,ID002,3117A-3123A-9999A,MEX002,300901568,""
101,440.92,0,310015,1052505507,101,ID002,3117A-3123A-9999A,MEX002,300901694,""
101,661.38,0,310015,1052505508,101,ID002,3117A-3123A-9999A,MEX002,300901795,""
101,771.61,0,310015,1052505509,101,ID002,3117A-3123A-9999A,MEX002,300901855,""
101,2314.83,1,310015,1052505509,101,ID002,3117A-3123A-9999A,TX001,300901852,233486-1-1-109
101,165.345,0,310015,1052505510,101,ID002,3117A-3123A-9999A,MEX002,300901952,""
101,771.61,0,310015,1052505511,101,ID002,3117A-9999A,MEX002,300901987,""
101,330.69,0,310015,1052505512,101,ID002,3117A-9999A,MEX002,300902078,""
101,440.92,0,310015,1052505513,101,ID002,3117A-9999A,MEX002,300902424,""
101,220.46,0,310015,1052505514,101,ID002,3117A-9999A,MEX002,300902618,""
102,1873.91,1,310015,1052505408,101,ID002,3117A-9999A,MEX002,300901113,""
102,220.46,0,310015,1052505408,101,ID002,3117A-9999A,MEX002,300901114,""
102,165.345,0,310015,1052505409,101,ID002,3117A-9999A,MEX002,300901184,""
102,2755.75,1,310726,1022505455,101,WA003,3002A-3007S-3025S-3033A-3035A-9999A-9999E,WA007,300901224,""
102,2755.75,1,310726,1022505459,101,WA003,3007S-3025S-3033A-3035A-9999A-9999E,WA007,300901772,""
103,551.15,0,310015,1052505301,101,ID002,3117A-9999A,MEX002,300898074,""
103,826.725,0,310015,1052505301,101,ID002,3117A-9999A,MEX002,300898075,""
103,2755.75,1,310015,1052505301,101,ID002,3117A-9999A,MEX002,300898076,""
103,2755.75,1,310015,1052505301,101,ID002,3117A-9999A,MEX002,300898077,""
103,1818.795,1,310015,1052505302,101,ID002,3117A-9999A,MEX002,300898086,""
103,2755.75,1,310015,1052505302,101,ID002,3117A-9999A,MEX002,300898121,""
103,2755.75,1,310015,1052505302,101,ID002,3117A-9999A,MEX002,300898122,""
103,2755.75,1,310015,1052505302,101,ID002,3117A-9999A,MEX002,300898123,""
103,165.345,0,310015,1052505303,101,ID002,3117A-3123A-9999A-9999E,MEX002,300898224,""
104,55.115,0,310015,1052505201,101,ID002,3117A-3123A-9999A,MEX002,300896556,""
104,55.115,0,310015,1052505202,101,ID002,3117A-3123A-9999A,MEX002,300896561,""
104,826.725,0,310015,1052505202,101,ID002,3117A-3123A-9999A,MEX002,300896564,""
104,220.46,0,310015,1052505204,101,ID002,3117A-3123A-9999A,MEX002,300896662,""
104,2755.75,1,310015,1052505204,101,ID002,3117A-3123A-9999A,MEX002,300896664,""
104,2755.75,1,310015,1052505204,101,ID002,3117A-3123A-9999A,MEX002,300896665,""
104,2755.75,1,310015,1052505204,101,ID002,3117A-3123A-9999A,MEX002,300896666,""
104,2755.75,1,310015,1052505204,101,ID002,3117A-3123A-9999A,MEX002,300896667,""
104,2755.75,1,310015,1052505205,101,ID002,3117A-3123A-9999A,MEX002,300897922,""
104,2755.75,1,310015,1052505205,101,ID002,3117A-3123A-9999A,MEX002,300897924,""
104,2755.75,1,310015,1052505205,101,ID002,3117A-3123A-9999A,MEX002,300897925,""
106,165.345,0,310015,1052505001,101,ID002,3117A-3123A-9999A,MEX002,300893843,""
106,110.23,0,310015,1052505002,101,ID002,3117A-3123A-9999A,MEX002,300893883,""
106,330.69,0,310015,1052505003,101,ID002,3117A-3123A-9999A,MEX002,300894069,""
106,165.345,0,310015,1052505004,101,ID002,3117A-3123A-9999A,MEX002,300894380,""
106,55.115,0,310015,1052505007,101,ID002,3117A-3123A-9999A,MEX002,300894666,""
106,110.23,0,310015,1052505007,101,ID002,3117A-3123A-9999A,MEX002,300894669,""
106,2755.75,1,310015,1052505007,101,ID002,3117A-3123A-9999A,MEX002,300894670,""
106,220.46,0,310015,1052505008,101,ID002,3117A-3123A-9999A,MEX002,300894719,""
107,220.46,0,310015,1052504902,101,ID002,3117A-3123A-9999A,MEX002,300892329,""
107,110.23,0,310015,1052504903,101,ID002,3117A-3123A-9999A,MEX002,300892456,""
107,496.035,0,310015,1052504911,101,ID002,3117A-3123A-9999A,MEX002,300893320,""
107,385.805,0,310015,1052504912,101,ID002,3117A-3123A-9999A,MEX002,300893346,""
107,220.46,0,310015,1052504914,101,ID002,3117A-3123A-9999A,MEX002,300893611,""
107,110.23,0,310015,1052504914,101,ID002,3117A-3123A-9999A,MEX002,300893658,""
107,275.575,0,310015,1052504915,101,ID002,3117A-3123A-9999A,MEX002,300893709,""
109,2755.75,1,310726,1012504702,101,WA002,9999A-9999C,WA007,300890035,233433-1-1-101
110,2755.75,1,310002,1002504601,102,WA001,9999A,TX001,300889910,232811-1-2-102
110,2755.75,1,310726,1012504601,101,WA002,9999A-9999C,WA007,300888710,233397-1-1-108
110,2755.75,1,310726,1012504601,101,WA002,9999A-9999C,WA007,300888711,233397-1-1-108
110,2755.75,1,310726,1012504601,101,WA002,9999A-9999C,WA007,300888712,233397-1-1-109
110,2755.75,1,310726,1012504601,101,WA002,9999A-9999C,WA007,300888811,233397-1-1-109
110,2755.75,1,310726,1012504601,101,WA002,9999A-9999C,WA007,300888812,233397-1-1-109
110,2755.75,1,310726,1012504601,101,WA002,9999A-9999C,WA007,300888813,233397-1-1-109
110,2755.75,1,310726,1012504601,101,WA002,9999A-9999C,WA007,300888814,233397-1-1-109
110,2755.75,1,310726,1012504601,101,WA002,9999A-9999C,WA007,300888815,233397-1-1-109
110,2755.75,1,310726,1012504602,101,WA002,9999A-9999C,WA007,300888824,233397-1-1-109
110,2755.75,1,310726,1012504602,101,WA002,9999A-9999C,WA007,300888825,233397-1-1-109
110,2755.75,1,310726,1012504602,101,WA002,9999A-9999C,WA007,300888826,233397-1-1-109
110,2755.75,1,310726,1012504602,101,WA002,9999A-9999C,WA007,300888827,233397-1-1-109
110,2755.75,1,310726,1012504602,101,WA002,9999A-9999C,WA007,300888828,233397-1-1-109
110,2755.75,1,310726,1012504602,101,WA002,9999A-9999C,WA007,300888829,233397-1-1-109
110,2755.75,1,310726,1012504602,101,WA002,9999A-9999C,WA007,300888830,233397-1-1-109
110,2755.75,1,310726,1012504602,101,WA002,9999A-9999C,WA007,300888831,233397-1-1-109
110,2755.75,1,310726,1012504603,101,WA002,9999A-9999C-9999CS,WA007,300888984,233397-1-1-109
110,2755.75,1,310726,1012504603,101,WA002,9999A-9999C-9999CS,WA007,300888985,233397-1-1-109
110,2755.75,1,310726,1012504603,101,WA002,9999A-9999C-9999CS,WA007,300888992,233397-1-1-109
110,2755.75,1,310726,1012504603,101,WA002,9999A-9999C-9999CS,WA007,300888993,233397-1-1-109
110,2755.75,1,310726,1012504603,101,WA002,9999A-9999C-9999CS,WA007,300888994,233397-1-1-109
110,2755.75,1,310726,1012504603,101,WA002,9999A-9999C-9999CS,WA007,300888995,233397-1-1-109
110,2755.75,1,310726,1012504603,101,WA002,9999A-9999C-9999CS,WA007,300888996,233397-1-1-110
110,2755.75,1,310726,1012504603,101,WA002,9999A-9999C-9999CS,WA007,300888997,233397-1-1-110
110,2755.75,1,310726,1012504604,101,WA002,9999A-9999C-9999CS,WA007,300889019,233397-1-1-110
110,2755.75,1,310726,1012504604,101,WA002,9999A-9999C-9999CS,WA007,300889037,233397-1-1-110
110,2755.75,1,310726,1012504604,101,WA002,9999A-9999C-9999CS,WA007,300889038,233397-1-1-110
110,2755.75,1,310726,1012504604,101,WA002,9999A-9999C-9999CS,WA007,300889039,233397-1-1-110
110,2755.75,1,310726,1012504604,101,WA002,9999A-9999C-9999CS,WA007,300889041,233397-1-1-110
110,2755.75,1,310726,1012504604,101,WA002,9999A-9999C-9999CS,WA007,300889042,233397-1-1-110
110,2755.75,1,310726,1012504604,101,WA002,9999A-9999C-9999CS,WA007,300889074,233397-1-1-110
110,2755.75,1,310726,1012504604,101,WA002,9999A-9999C-9999CS,WA007,300889075,233397-1-1-110
110,2755.75,1,310726,1012504614,101,WA002,3035A-9999A-9999E,WA007,300889778,233397-1-1-110
110,2755.75,1,310726,1012504614,101,WA002,3035A-9999A-9999E,WA007,300889779,233397-1-1-110
110,2755.75,1,310726,1012504614,101,WA002,3035A-9999A-9999E,WA007,300889780,233397-1-1-110
110,2755.75,1,310726,1012504614,101,WA002,3035A-9999A-9999E,WA007,300889797,233397-1-1-110
110,2755.75,1,310726,1012504614,101,WA002,3035A-9999A-9999E,WA007,300889798,233397-1-1-110
110,2755.75,1,310726,1012504614,101,WA002,3035A-9999A-9999E,WA007,300889799,233397-1-1-110
110,2755.75,1,310726,1012504614,101,WA002,3035A-9999A-9999E,WA007,300889800,233397-1-1-110
110,2755.75,1,310726,1012504615,101,WA002,9999A-9999E,WA007,300889801,233397-1-1-110
110,2755.75,1,310726,1012504615,101,WA002,9999A-9999E,WA007,300889802,233397-1-1-110
110,2755.75,1,310726,1012504615,101,WA002,9999A-9999E,WA007,300889803,233397-1-1-110
111,2755.75,1,310002,1002504503,101,WA001,3405A-9999A-9999E,TX001,300888557,232811-1-2-102
111,2755.75,1,310002,1002504504,101,WA001,3405A-9999A-9999E,TX001,300888583,232811-1-2-102
111,2755.75,1,310002,1002504504,101,WA001,3405A-9999A-9999E,TX001,300888585,232811-1-2-102
111,2755.75,1,310002,1002504504,101,WA001,3405A-9999A-9999E,TX001,300888587,232811-1-2-102
111,2755.75,1,310002,1002504504,101,WA001,3405A-9999A-9999E,TX001,300888589,232811-1-2-102
111,2755.75,1,310002,1002504504,101,WA001,3405A-9999A-9999E,TX001,300888738,232811-1-2-102
111,2755.75,1,310002,1002504504,101,WA001,3405A-9999A-9999E,TX001,300888739,232811-1-2-102
111,2755.75,1,310002,1002504504,101,WA001,3405A-9999A-9999E,TX001,300888740,232811-1-2-102
111,2755.75,1,310002,1002504504,101,WA001,3405A-9999A-9999E,TX001,300888741,232811-1-2-102
111,2755.75,1,310726,1012504501,101,WA002,9999A-9999C,WA007,300887245,233397-1-1-106
111,2755.75,1,310726,1012504501,101,WA002,9999A-9999C,WA007,300887246,233397-1-1-106
111,2755.75,1,310726,1012504501,101,WA002,9999A-9999C,WA007,300887247,233397-1-1-106
111,2755.75,1,310726,1012504501,101,WA002,9999A-9999C,WA007,300887299,233397-1-1-106
111,2755.75,1,310726,1012504501,101,WA002,9999A-9999C,WA007,300887300,233397-1-1-106
111,2755.75,1,310726,1012504501,101,WA002,9999A-9999C,WA007,300887301,233397-1-1-106
111,2755.75,1,310726,1012504501,101,WA002,9999A-9999C,WA007,300887302,233397-1-1-106
111,2755.75,1,310726,1012504501,101,WA002,9999A-9999C,WA007,300887303,233397-1-1-106
111,2755.75,1,310726,1012504502,101,WA002,9999A-9999C,WA007,300887370,233397-1-1-106
111,2755.75,1,310726,1012504502,101,WA002,9999A-9999C,WA007,300887371,233397-1-1-106
111,2755.75,1,310726,1012504502,101,WA002,9999A-9999C,WA007,300887372,233397-1-1-107
111,2755.75,1,310726,1012504502,101,WA002,9999A-9999C,WA007,300887373,233397-1-1-107
111,2755.75,1,310726,1012504502,101,WA002,9999A-9999C,WA007,300887374,233397-1-1-107
111,2755.75,1,310726,1012504502,101,WA002,9999A-9999C,WA007,300887427,233397-1-1-107
111,2755.75,1,310726,1012504502,101,WA002,9999A-9999C,WA007,300887497,233397-1-1-107
111,2755.75,1,310726,1012504502,101,WA002,9999A-9999C,WA007,300887500,233397-1-1-107
111,2755.75,1,310726,1012504503,102,WA002,9999A,WA007,300887501,233397-1-1-107
111,2755.75,1,310726,1012504503,102,WA002,9999A,WA007,300887502,233397-1-1-107
111,2755.75,1,310726,1012504503,102,WA002,9999A,WA007,300887503,233397-1-1-107
111,2755.75,1,310726,1012504503,102,WA002,9999A,WA007,300887504,233397-1-1-107
111,2755.75,1,310726,1012504503,102,WA002,9999A,WA007,300887505,233397-1-1-107
111,2755.75,1,310726,1012504503,102,WA002,9999A,WA007,300887540,233397-1-1-107
111,2755.75,1,310726,1012504503,102,WA002,9999A,WA007,300887569,233397-1-1-107
111,2755.75,1,310726,1012504503,102,WA002,9999A,WA007,300887570,233397-1-1-107
111,2755.75,1,310726,1012504504,102,WA002,9999A,WA007,300887571,233397-1-1-107
111,2755.75,1,310726,1012504504,102,WA002,9999A,WA007,300887580,233397-1-1-107
111,2755.75,1,310726,1012504504,102,WA002,9999A,WA007,300887581,233397-1-1-107
111,2755.75,1,310726,1012504504,102,WA002,9999A,WA007,300887582,233397-1-1-107
111,2755.75,1,310726,1012504504,102,WA002,9999A,WA007,300887583,233397-1-1-107
111,2755.75,1,310726,1012504504,102,WA002,9999A,WA007,300887584,233397-1-1-107
111,2755.75,1,310726,1012504504,102,WA002,9999A,WA007,300887585,233397-1-1-108
111,2755.75,1,310726,1012504504,102,WA002,9999A,WA007,300887586,233397-1-1-108
111,2755.75,1,310726,1012504515,101,WA002,9999A-9999C,WA007,300888500,233397-1-1-108
111,2755.75,1,310726,1012504515,101,WA002,9999A-9999C,WA007,300888501,233397-1-1-108
111,2755.75,1,310726,1012504515,101,WA002,9999A-9999C,WA007,300888502,233397-1-1-108
111,2755.75,1,310726,1012504515,101,WA002,9999A-9999C,WA007,300888503,233397-1-1-108
111,2755.75,1,310726,1012504515,101,WA002,9999A-9999C,WA007,300888505,233397-1-1-108
111,2755.75,1,310726,1012504515,101,WA002,9999A-9999C,WA007,300888506,233397-1-1-108
111,2755.75,1,310726,1012504515,101,WA002,9999A-9999C,WA007,300888507,233397-1-1-108
111,2755.75,1,310726,1012504515,101,WA002,9999A-9999C,WA007,300888508,233397-1-1-108
111,2755.75,1,310726,1012504516,102,WA002,9999A,WA007,300888633,233397-1-1-108
111,2755.75,1,310726,1012504516,102,WA002,9999A,WA007,300888634,233397-1-1-108
111,2755.75,1,310726,1012504516,102,WA002,9999A,WA007,300888635,233397-1-1-108
111,2755.75,1,310726,1012504516,102,WA002,9999A,WA007,300888636,233397-1-1-108
111,2755.75,1,310726,1012504516,102,WA002,9999A,WA007,300888652,233397-1-1-108
111,2755.75,1,310726,1012504516,102,WA002,9999A,WA007,300888678,233397-1-1-108
111,2755.75,1,310726,1012504516,102,WA002,9999A,WA007,300888679,233397-1-1-108
111,2755.75,1,310726,1012504516,102,WA002,9999A,WA007,300888682,233397-1-1-108
112,2755.75,1,310726,1012504403,101,WA002,9999A-9999C,WA007,300885963,233397-1-1-102
112,2755.75,1,310726,1012504403,101,WA002,9999A-9999C,WA007,300885964,233397-1-1-102
112,2755.75,1,310726,1012504403,101,WA002,9999A-9999C,WA007,300885965,233397-1-1-103
112,2755.75,1,310726,1012504403,101,WA002,9999A-9999C,WA007,300886118,233397-1-1-103
112,2755.75,1,310726,1012504403,101,WA002,9999A-9999C,WA007,300886138,233397-1-1-103
112,2755.75,1,310726,1012504403,101,WA002,9999A-9999C,WA007,300886139,233397-1-1-103
112,2755.75,1,310726,1012504403,101,WA002,9999A-9999C,WA007,300886150,233397-1-1-103
112,2755.75,1,310726,1012504403,101,WA002,9999A-9999C,WA007,300886153,233397-1-1-103
112,2755.75,1,310726,1012504404,101,WA002,9999A-9999C,WA007,300886155,233397-1-1-103
112,2755.75,1,310726,1012504404,101,WA002,9999A-9999C,WA007,300886177,233397-1-1-103
112,2755.75,1,310726,1012504405,102,WA002,9999A,WA007,300886201,233397-1-1-103
112,2755.75,1,310726,1012504405,102,WA002,9999A,WA007,300886202,233397-1-1-103
112,2755.75,1,310726,1012504405,102,WA002,9999A,WA007,300886204,233397-1-1-103
112,2755.75,1,310726,1012504405,102,WA002,9999A,WA007,300886242,233397-1-1-103
112,2755.75,1,310726,1012504405,102,WA002,9999A,WA007,300886243,233397-1-1-103
112,2755.75,1,310726,1012504405,102,WA002,9999A,WA007,300886244,233397-1-1-103
112,2755.75,1,310726,1012504405,102,WA002,9999A,WA007,300886246,233397-1-1-103
112,2755.75,1,310726,1012504405,102,WA002,9999A,WA007,300886247,233397-1-1-103
112,2755.75,1,310726,1012504406,102,WA002,9999A,WA007,300886257,233397-1-1-103
112,2755.75,1,310726,1012504406,102,WA002,9999A,WA007,300886258,233397-1-1-103
112,2755.75,1,310726,1012504406,102,WA002,9999A,WA007,300886259,233397-1-1-103
112,2755.75,1,310726,1012504406,102,WA002,9999A,WA007,300886308,233397-1-1-103
112,2755.75,1,310726,1012504406,102,WA002,9999A,WA007,300886309,233397-1-1-104
112,2755.75,1,310726,1012504406,102,WA002,9999A,WA007,300886310,233397-1-1-104
112,2755.75,1,310726,1012504406,102,WA002,9999A,WA007,300886311,233397-1-1-104
112,2755.75,1,310726,1012504406,102,WA002,9999A,WA007,300886312,233397-1-1-104
112,2755.75,1,310726,1012504407,102,WA002,9999A,WA007,300886313,233397-1-1-104
112,2755.75,1,310726,1012504407,102,WA002,9999A,WA007,300886393,233397-1-1-104
112,2755.75,1,310726,1012504407,102,WA002,9999A,WA007,300886394,233397-1-1-104
112,2755.75,1,310726,1012504407,102,WA002,9999A,WA007,300886395,233397-1-1-104
112,2755.75,1,310726,1012504407,102,WA002,9999A,WA007,300886403,233397-1-1-104
112,2755.75,1,310726,1012504407,102,WA002,9999A,WA007,300886404,233397-1-1-104
112,2755.75,1,310726,1012504407,102,WA002,9999A,WA007,300886405,233397-1-1-104
112,2755.75,1,310726,1012504407,102,WA002,9999A,WA007,300886455,233397-1-1-104
112,2755.75,1,310726,1012504408,102,WA002,9999A,WA007,300886456,233397-1-1-104
112,2755.75,1,310726,1012504408,102,WA002,9999A,WA007,300886458,233397-1-1-104
112,2755.75,1,310726,1012504408,102,WA002,9999A,WA007,300886459,233397-1-1-104
112,2755.75,1,310726,1012504408,102,WA002,9999A,WA007,300886460,233397-1-1-104
112,2755.75,1,310726,1012504408,102,WA002,9999A,WA007,300886461,233397-1-1-104
112,2755.75,1,310726,1012504408,102,WA002,9999A,WA007,300886484,233397-1-1-104
112,2755.75,1,310726,1012504408,102,WA002,9999A,WA007,300886485,233397-1-1-104
112,2755.75,1,310726,1012504408,102,WA002,9999A,WA007,300886486,233397-1-1-104
112,2755.75,1,310726,1012504409,102,WA002,9999A,WA007,300886555,233397-1-1-105
112,2755.75,1,310726,1012504409,102,WA002,9999A,WA007,300886556,233397-1-1-105
112,2755.75,1,310726,1012504409,102,WA002,9999A,WA007,300886557,233397-1-1-105
112,2755.75,1,310726,1012504409,102,WA002,9999A,WA007,300886579,233397-1-1-105
112,2755.75,1,310726,1012504409,102,WA002,9999A,WA007,300886580,233397-1-1-105
112,2755.75,1,310726,1012504409,102,WA002,9999A,WA007,300886581,233397-1-1-105
112,2755.75,1,310726,1012504409,102,WA002,9999A,WA007,300886582,233397-1-1-105
112,2755.75,1,310726,1012504409,102,WA002,9999A,WA007,300886583,233397-1-1-105
112,2755.75,1,310726,1012504410,102,WA002,9999A,WA007,300886584,233397-1-1-105
112,2755.75,1,310726,1012504410,102,WA002,9999A,WA007,300886602,233397-1-1-105
112,2755.75,1,310726,1012504410,102,WA002,9999A,WA007,300886603,233397-1-1-105
112,2755.75,1,310726,1012504410,102,WA002,9999A,WA007,300886659,233397-1-1-105
112,2755.75,1,310726,1012504410,102,WA002,9999A,WA007,300886663,233397-1-1-105
112,2755.75,1,310726,1012504410,102,WA002,9999A,WA007,300886664,233397-1-1-105
112,2755.75,1,310726,1012504410,102,WA002,9999A,WA007,300886665,233397-1-1-105
112,2755.75,1,310726,1012504410,102,WA002,9999A,WA007,300886690,233397-1-1-105
112,2755.75,1,310726,1012504415,102,WA002,9999A,WA007,300887037,233397-1-1-105
112,2755.75,1,310726,1012504415,102,WA002,9999A,WA007,300887038,233397-1-1-105
112,2755.75,1,310726,1012504415,102,WA002,9999A,WA007,300887039,233397-1-1-105
112,2755.75,1,310726,1012504415,102,WA002,9999A,WA007,300887040,233397-1-1-105
112,2755.75,1,310726,1012504415,102,WA002,9999A,WA007,300887041,233397-1-1-106
112,2755.75,1,310726,1012504415,102,WA002,9999A,WA007,300887042,233397-1-1-106
112,2755.75,1,310726,1012504415,102,WA002,9999A,WA007,300887078,233397-1-1-106
112,2755.75,1,310726,1012504415,102,WA002,9999A,WA007,300887079,233397-1-1-106
112,2755.75,1,310726,1012504416,102,WA002,9999A,WA007,300887080,233397-1-1-106
112,2755.75,1,310726,1012504416,102,WA002,9999A,WA007,300887081,233397-1-1-106
112,2755.75,1,310726,1012504416,102,WA002,9999A,WA007,300887082,233397-1-1-106
112,2755.75,1,310726,1012504416,102,WA002,9999A,WA007,300887176,233397-1-1-106
112,2755.75,1,310726,1012504416,102,WA002,9999A,WA007,300887177,233397-1-1-106
112,2755.75,1,310726,1012504416,102,WA002,9999A,WA007,300887196,233397-1-1-106
113,2755.75,1,310726,1012504301,101,WA002,9999A-9999C,WA007,300885534,233397-1-1-101
113,2755.75,1,310726,1012504301,101,WA002,9999A-9999C,WA007,300885543,233397-1-1-101
113,2755.75,1,310726,1012504301,101,WA002,9999A-9999C,WA007,300885556,233397-1-1-101
113,2755.75,1,310726,1012504301,101,WA002,9999A-9999C,WA007,300885563,233397-1-1-101
113,2755.75,1,310726,1012504302,101,WA002,9999A-9999C,WA007,300885565,233397-1-1-101
113,2755.75,1,310726,1012504302,101,WA002,9999A-9999C,WA007,300885566,233397-1-1-101
113,2755.75,1,310726,1012504302,101,WA002,9999A-9999C,WA007,300885567,233397-1-1-101
113,2755.75,1,310726,1012504302,101,WA002,9999A-9999C,WA007,300885568,233397-1-1-101
113,2755.75,1,310726,1012504302,101,WA002,9999A-9999C,WA007,300885569,233397-1-1-102
113,2755.75,1,310726,1012504302,101,WA002,9999A-9999C,WA007,300885617,233397-1-1-102
113,2755.75,1,310726,1012504302,101,WA002,9999A-9999C,WA007,300885618,233397-1-1-102
113,2755.75,1,310726,1012504302,101,WA002,9999A-9999C,WA007,300885619,233397-1-1-102
113,2755.75,1,310726,1012504303,101,WA002,9999A-9999C,WA007,300885631,233397-1-1-102
113,2755.75,1,310726,1012504303,101,WA002,9999A-9999C,WA007,300885632,233397-1-1-102
113,2755.75,1,310726,1012504303,101,WA002,9999A-9999C,WA007,300885633,233397-1-1-102
113,2755.75,1,310726,1012504303,101,WA002,9999A-9999C,WA007,300885634,233397-1-1-102
113,2755.75,1,310726,1012504303,101,WA002,9999A-9999C,WA007,300885697,233397-1-1-102
113,2755.75,1,310726,1012504303,101,WA002,9999A-9999C,WA007,300885698,233397-1-1-102
113,2755.75,1,310726,1012504303,101,WA002,9999A-9999C,WA007,300885704,233397-1-1-102
113,2755.75,1,310726,1012504303,101,WA002,9999A-9999C,WA007,300885705,233397-1-1-102
113,2755.75,1,310726,1012504304,101,WA002,9999A-9999C,WA007,300885709,233397-1-1-102
113,2755.75,1,310726,1012504304,101,WA002,9999A-9999C,WA007,300885710,233397-1-1-102
113,2755.75,1,310726,1012504304,101,WA002,9999A-9999C,WA007,300885758,233397-1-1-102
113,2755.75,1,310726,1012504304,101,WA002,9999A-9999C,WA007,300885759,233397-1-1-102
113,2755.75,1,310726,1012504304,101,WA002,9999A-9999C,WA007,300885760,233397-1-1-102
113,2755.75,1,310726,1012504304,101,WA002,9999A-9999C,WA007,300885761,233397-1-1-102
114,165.345,0,310015,1052504208,101,ID002,3117A-3123A-9999A-9999E,MEX002,300884047,""
117,165.345,0,310015,1052503909,101,ID002,3117A-3123A-9999A-9999E,MEX002,300879735,""
117,716.495,0,310015,1052503911,101,ID002,3117A-3123A-9999A,MEX002,300879935,""
117,110.23,0,310015,1052503915,101,ID002,3117A-3123A-9999A,MEX002,300880171,""
118,220.46,0,310015,1052503801,101,ID002,3117A-3123A-9999A-9999E,MEX002,300877740,""
118,1708.565,1,310015,1052503802,101,ID002,3117A-3123A-9999A-9999E,MEX002,300877754,""
118,2755.75,1,310015,1052503802,101,ID002,3117A-3123A-9999A-9999E,MEX002,300877756,""
118,2755.75,1,310015,1052503802,101,ID002,3117A-3123A-9999A-9999E,MEX002,300877757,""
118,330.69,0,310015,1052503803,101,ID002,3117A-3123A-9999A-9999E,MEX002,300877836,""
118,2755.75,1,310015,1052503803,101,ID002,3117A-3123A-9999A-9999E,MEX002,300877837,""
118,440.92,0,310015,1052503804,101,ID002,3117A-3123A-9999A-9999E,MEX002,300877903,""
118,55.115,0,310015,1052503805,101,ID002,3117A-3123A-9999A-9999E,MEX002,300877931,""
118,165.345,0,310015,1052503815,101,ID002,3117A-3123A-9999A,MEX002,300878674,""
119,165.345,0,310015,1052503712,101,ID002,3117A-3123A-9999A,MEX002,300877472,""
119,1157.415,0,310015,1052503713,101,ID002,3117A-3123A-9999A,MEX002,300877539,""
119,165.345,0,310015,1052503714,101,ID002,3117A-3123A-9999A,MEX002,300877639,""
