Sum of AGE,Sum of Inventory LBS,Sum of Inventory Pallets,ITEM_NUMBER,LOT_NO,QC_GRADE,PRODUCTION_PLANT,SPEC,WHSE_CODE,SUBLOT_NO
8,2755.75,1,310724,1012512401,101,WA002,3040A-3045A-3053A-9999A-9999E,WA002,300997784
8,2755.75,1,310724,1012512401,101,WA002,3040A-3045A-3053A-9999A-9999E,WA002,300997785
8,2755.75,1,310724,1012512401,101,WA002,3040A-3045A-3053A-9999A-9999E,WA002,300997786
8,2755.75,1,310724,1012512401,101,WA002,3040A-3045A-3053A-9999A-9999E,WA002,300997787
8,2755.75,1,310724,1012512401,101,WA002,3040A-3045A-3053A-9999A-9999E,WA002,300997788
8,2755.75,1,310724,1012512401,101,WA002,3040A-3045A-3053A-9999A-9999E,WA002,300997793
8,2755.75,1,310724,1012512401,101,WA002,3040A-3045A-3053A-9999A-9999E,WA002,300997794
8,2755.75,1,310724,1012512401,101,WA002,3040A-3045A-3053A-9999A-9999E,WA002,300997795
8,2755.75,1,310724,1012512402,101,WA002,3040A-3045A-3053A-9999A-9999E,WA002,300997870
8,2755.75,1,310724,1012512402,101,WA002,3040A-3045A-3053A-9999A-9999E,WA002,300997871
8,2755.75,1,310724,1012512402,101,WA002,3040A-3045A-3053A-9999A-9999E,WA002,300997872
8,2755.75,1,310724,1012512402,101,WA002,3040A-3045A-3053A-9999A-9999E,WA002,300997873
8,2755.75,1,310724,1012512402,101,WA002,3040A-3045A-3053A-9999A-9999E,WA002,300997895
8,2755.75,1,310724,1012512402,101,WA002,3040A-3045A-3053A-9999A-9999E,WA002,300997897
8,2755.75,1,310724,1012512402,101,WA002,3040A-3045A-3053A-9999A-9999E,WA002,300997898
8,2755.75,1,310724,1012512402,101,WA002,3040A-3045A-3053A-9999A-9999E,WA002,300997899
8,2755.75,1,310724,1012512403,101,WA002,3040A-3045A-3053A-9999A-9999E,WA002,300997937
8,2755.75,1,310724,1012512403,101,WA002,3040A-3045A-3053A-9999A-9999E,WA002,300997938
8,2755.75,1,310724,1012512403,101,WA002,3040A-3045A-3053A-9999A-9999E,WA002,300997939
8,2755.75,1,310724,1012512403,101,WA002,3040A-3045A-3053A-9999A-9999E,WA002,300997952
8,2755.75,1,310724,1012512403,101,WA002,3040A-3045A-3053A-9999A-9999E,WA002,300997953
8,2755.75,1,310724,1012512403,101,WA002,3040A-3045A-3053A-9999A-9999E,WA002,300997954
8,2755.75,1,310724,1012512403,101,WA002,3040A-3045A-3053A-9999A-9999E,WA002,300997974
8,2755.75,1,310724,1012512403,101,WA002,3040A-3045A-3053A-9999A-9999E,WA002,300997975
8,2755.75,1,310724,1012512404,101,WA002,3040A-3045A-3053A-9999A,WA002,300997984
8,2755.75,1,310724,1012512404,101,WA002,3040A-3045A-3053A-9999A,WA002,300997989
8,2755.75,1,310724,1012512404,101,WA002,3040A-3045A-3053A-9999A,WA002,300998117
8,2755.75,1,310724,1012512404,101,WA002,3040A-3045A-3053A-9999A,WA002,300998119
8,2755.75,1,310724,1012512404,101,WA002,3040A-3045A-3053A-9999A,WA002,300998123
8,2755.75,1,310724,1012512404,101,WA002,3040A-3045A-3053A-9999A,WA002,300998124
8,2755.75,1,310724,1012512404,101,WA002,3040A-3045A-3053A-9999A,WA002,300998125
8,2755.75,1,310724,1012512404,101,WA002,3040A-3045A-3053A-9999A,WA002,300998126
8,2755.75,1,310724,1012512405,101,WA002,3040A-3045A-3053A-9999A,WA002,300998128
8,2755.75,1,310724,1012512405,101,WA002,3040A-3045A-3053A-9999A,WA002,300998130
8,2755.75,1,310724,1012512405,101,WA002,3040A-3045A-3053A-9999A,WA002,300998193
8,2755.75,1,310724,1012512405,101,WA002,3040A-3045A-3053A-9999A,WA002,300998194
8,2755.75,1,310724,1012512405,101,WA002,3040A-3045A-3053A-9999A,WA002,300998195
8,2755.75,1,310724,1012512405,101,WA002,3040A-3045A-3053A-9999A,WA002,300998205
8,2755.75,1,310724,1012512405,101,WA002,3040A-3045A-3053A-9999A,WA002,300998206
8,2755.75,1,310724,1012512405,101,WA002,3040A-3045A-3053A-9999A,WA002,300998207
8,2755.75,1,310724,1012512406,101,WA002,3040A-3043A-3045A-3053A-3055A-3055A-9999A-9999E,WA002,300998225
8,2755.75,1,310724,1012512406,101,WA002,3040A-3043A-3045A-3053A-3055A-3055A-9999A-9999E,WA002,300998228
8,2755.75,1,310724,1012512406,101,WA002,3040A-3043A-3045A-3053A-3055A-3055A-9999A-9999E,WA002,300998229
8,2755.75,1,310724,1012512406,101,WA002,3040A-3043A-3045A-3053A-3055A-3055A-9999A-9999E,WA002,300998273
8,2755.75,1,310724,1012512406,101,WA002,3040A-3043A-3045A-3053A-3055A-3055A-9999A-9999E,WA002,300998274
8,2755.75,1,310724,1012512406,101,WA002,3040A-3043A-3045A-3053A-3055A-3055A-9999A-9999E,WA002,300998275
8,2755.75,1,310724,1012512406,101,WA002,3040A-3043A-3045A-3053A-3055A-3055A-9999A-9999E,WA002,300998288
8,2755.75,1,310724,1012512406,101,WA002,3040A-3043A-3045A-3053A-3055A-3055A-9999A-9999E,WA002,300998289
8,2755.75,1,310724,1012512407,101,WA002,3040A-3045A-3053A-9999A,WA002,300998290
8,2755.75,1,310724,1012512407,101,WA002,3040A-3045A-3053A-9999A,WA002,300998329
8,2755.75,1,310724,1012512407,101,WA002,3040A-3045A-3053A-9999A,WA002,300998330
8,2755.75,1,310724,1012512407,101,WA002,3040A-3045A-3053A-9999A,WA002,300998331
8,2755.75,1,310724,1012512407,101,WA002,3040A-3045A-3053A-9999A,WA002,300998376
8,2755.75,1,310724,1012512407,101,WA002,3040A-3045A-3053A-9999A,WA002,300998377
8,2755.75,1,310724,1012512407,101,WA002,3040A-3045A-3053A-9999A,WA002,300998378
8,2755.75,1,310724,1012512407,101,WA002,3040A-3045A-3053A-9999A,WA002,300998396
8,2755.75,1,310724,1012512408,101,WA002,3040A-3045A-3053A-9999A,WA002,300998397
8,2755.75,1,310724,1012512408,101,WA002,3040A-3045A-3053A-9999A,WA002,300998398
8,2755.75,1,310724,1012512408,101,WA002,3040A-3045A-3053A-9999A,WA002,300998426
8,2755.75,1,310724,1012512408,101,WA002,3040A-3045A-3053A-9999A,WA002,300998428
8,2755.75,1,310724,1012512408,101,WA002,3040A-3045A-3053A-9999A,WA002,300998429
8,2755.75,1,310724,1012512408,101,WA002,3040A-3045A-3053A-9999A,WA002,300998436
8,2755.75,1,310724,1012512408,101,WA002,3040A-3045A-3053A-9999A,WA002,300998437
8,2755.75,1,310724,1012512408,101,WA002,3040A-3045A-3053A-9999A,WA002,300998438
8,2755.75,1,310724,1012512409,101,WA002,3040A-3045A-3053A-9999A,WA002,300998457
8,2755.75,1,310724,1012512409,101,WA002,3040A-3045A-3053A-9999A,WA002,300998458
8,2755.75,1,310724,1012512409,101,WA002,3040A-3045A-3053A-9999A,WA002,300998459
8,2755.75,1,310724,1012512409,101,WA002,3040A-3045A-3053A-9999A,WA002,300998516
8,2755.75,1,310724,1012512409,101,WA002,3040A-3045A-3053A-9999A,WA002,300998517
8,2755.75,1,310724,1012512409,101,WA002,3040A-3045A-3053A-9999A,WA002,300998518
8,2755.75,1,310724,1012512409,101,WA002,3040A-3045A-3053A-9999A,WA002,300998521
8,2755.75,1,310724,1012512409,101,WA002,3040A-3045A-3053A-9999A,WA002,300998522
8,2755.75,1,310724,1012512410,101,WA002,3040A-3045A-3053A-9999A,WA002,300998523
8,2755.75,1,310724,1012512410,101,WA002,3040A-3045A-3053A-9999A,WA002,300998555
8,2755.75,1,310724,1012512410,101,WA002,3040A-3045A-3053A-9999A,WA002,300998556
8,2755.75,1,310724,1012512410,101,WA002,3040A-3045A-3053A-9999A,WA002,300998557
8,2755.75,1,310724,1012512410,101,WA002,3040A-3045A-3053A-9999A,WA002,300998563
8,2755.75,1,310724,1012512410,101,WA002,3040A-3045A-3053A-9999A,WA002,300998565
8,2755.75,1,310724,1012512410,101,WA002,3040A-3045A-3053A-9999A,WA002,300998566
8,2755.75,1,310724,1012512410,101,WA002,3040A-3045A-3053A-9999A,WA002,300998582
8,2755.75,1,310724,1012512412,101,WA002,3040A-3045A-3053A-9999A,WA002,300998855
8,2755.75,1,310724,1012512412,101,WA002,3040A-3045A-3053A-9999A,WA002,300998856
8,2755.75,1,310724,1012512412,101,WA002,3040A-3045A-3053A-9999A,WA002,300998857
8,2755.75,1,310724,1012512412,101,WA002,3040A-3045A-3053A-9999A,WA002,300998858
8,2755.75,1,310724,1012512412,101,WA002,3040A-3045A-3053A-9999A,WA002,300998859
8,2755.75,1,310724,1012512412,101,WA002,3040A-3045A-3053A-9999A,WA002,300998860
8,2755.75,1,310724,1012512412,101,WA002,3040A-3045A-3053A-9999A,WA002,300998861
8,2755.75,1,310724,1012512412,101,WA002,3040A-3045A-3053A-9999A,WA002,300998862
8,2755.75,1,310724,1012512413,101,WA002,3040A-3045A-3053A-9999A-9999E,WA002,300998866
8,2755.75,1,310724,1012512413,101,WA002,3040A-3045A-3053A-9999A-9999E,WA002,300998867
8,2755.75,1,310724,1012512413,101,WA002,3040A-3045A-3053A-9999A-9999E,WA002,300998868
8,2755.75,1,310724,1012512413,101,WA002,3040A-3045A-3053A-9999A-9999E,WA002,300998869
8,2755.75,1,310724,1012512413,101,WA002,3040A-3045A-3053A-9999A-9999E,WA002,300998870
8,2755.75,1,310724,1012512413,101,WA002,3040A-3045A-3053A-9999A-9999E,WA002,300998871
8,2755.75,1,310724,1012512413,101,WA002,3040A-3045A-3053A-9999A-9999E,WA002,300998872
8,2755.75,1,310724,1012512413,101,WA002,3040A-3045A-3053A-9999A-9999E,WA002,300998873
8,2755.75,1,310724,1012512414,101,WA002,3040A-3045A-3053A-9999A-9999E,WA002,300998963
8,2755.75,1,310724,1012512414,101,WA002,3040A-3045A-3053A-9999A-9999E,WA002,300998964
8,2755.75,1,310724,1012512414,101,WA002,3040A-3045A-3053A-9999A-9999E,WA002,300998965
8,2755.75,1,310724,1012512414,101,WA002,3040A-3045A-3053A-9999A-9999E,WA002,300998966
8,2755.75,1,310724,1012512414,101,WA002,3040A-3045A-3053A-9999A-9999E,WA002,300998967
8,2755.75,1,310724,1012512414,101,WA002,3040A-3045A-3053A-9999A-9999E,WA002,300998968
8,2755.75,1,310724,1012512414,101,WA002,3040A-3045A-3053A-9999A-9999E,WA002,300998969
8,2755.75,1,310724,1012512414,101,WA002,3040A-3045A-3053A-9999A-9999E,WA002,300998970
8,2755.75,1,310724,1012512415,101,WA002,3040A-3045A-3053A-9999A-9999E,WA002,300998982
8,2755.75,1,310724,1012512415,101,WA002,3040A-3045A-3053A-9999A-9999E,WA002,300998983
8,2755.75,1,310724,1012512415,101,WA002,3040A-3045A-3053A-9999A-9999E,WA002,300998984
8,2755.75,1,310724,1012512415,101,WA002,3040A-3045A-3053A-9999A-9999E,WA002,300998985
8,2755.75,1,310724,1012512415,101,WA002,3040A-3045A-3053A-9999A-9999E,WA002,300998986
8,2755.75,1,310724,1012512415,101,WA002,3040A-3045A-3053A-9999A-9999E,WA002,300998987
8,2755.75,1,310724,1012512415,101,WA002,3040A-3045A-3053A-9999A-9999E,WA002,300998988
8,2755.75,1,310724,1012512415,101,WA002,3040A-3045A-3053A-9999A-9999E,WA002,300998989
8,2755.75,1,310724,1012512416,101,WA002,3040A-3045A-3053A-9999A-9999E,WA002,300998995
8,2755.75,1,310724,1012512416,101,WA002,3040A-3045A-3053A-9999A-9999E,WA002,300998996
8,2755.75,1,310724,1012512416,101,WA002,3040A-3045A-3053A-9999A-9999E,WA002,300998998
8,2755.75,1,310724,1012512416,101,WA002,3040A-3045A-3053A-9999A-9999E,WA002,300998999
8,2755.75,1,310724,1012512416,101,WA002,3040A-3045A-3053A-9999A-9999E,WA002,300999000
8,2755.75,1,310724,1012512416,101,WA002,3040A-3045A-3053A-9999A-9999E,WA002,300999001
8,2755.75,1,310724,1012512416,101,WA002,3040A-3045A-3053A-9999A-9999E,WA002,300999002
8,2755.75,1,310724,1012512416,101,WA002,3040A-3045A-3053A-9999A-9999E,WA002,300999003
8,2755.75,1,310724,1012512417,101,WA002,3040A-3043A-3045A-3053A-3055A-3055A-9999A-9999E,WA002,300999010
8,2755.75,1,310724,1012512417,101,WA002,3040A-3043A-3045A-3053A-3055A-3055A-9999A-9999E,WA002,300999011
8,2755.75,1,310724,1012512417,101,WA002,3040A-3043A-3045A-3053A-3055A-3055A-9999A-9999E,WA002,300999012
8,2755.75,1,310724,1012512417,101,WA002,3040A-3043A-3045A-3053A-3055A-3055A-9999A-9999E,WA002,300999013
8,2755.75,1,310724,1012512417,101,WA002,3040A-3043A-3045A-3053A-3055A-3055A-9999A-9999E,WA002,300999014
8,2755.75,1,310724,1012512417,101,WA002,3040A-3043A-3045A-3053A-3055A-3055A-9999A-9999E,WA002,300999015
8,2755.75,1,310724,1012512417,101,WA002,3040A-3043A-3045A-3053A-3055A-3055A-9999A-9999E,WA002,300999016
8,2755.75,1,310724,1012512417,101,WA002,3040A-3043A-3045A-3053A-3055A-3055A-9999A-9999E,WA002,300999018
9,2755.75,1,310015,1052512301,101,ID002,3117A-3123A-3132A-9999A-9999E,ID002,300996595
9,2755.75,1,310015,1052512301,101,ID002,3117A-3123A-3132A-9999A-9999E,ID002,300996596
9,2755.75,1,310015,1052512301,101,ID002,3117A-3123A-3132A-9999A-9999E,ID002,300996597
9,2755.75,1,310015,1052512301,101,ID002,3117A-3123A-3132A-9999A-9999E,ID002,300996598
9,2755.75,1,310015,1052512301,101,ID002,3117A-3123A-3132A-9999A-9999E,ID002,300996601
9,2755.75,1,310015,1052512301,101,ID002,3117A-3123A-3132A-9999A-9999E,ID002,300996609
9,2755.75,1,310015,1052512301,101,ID002,3117A-3123A-3132A-9999A-9999E,ID002,300996642
9,2755.75,1,310015,1052512301,101,ID002,3117A-3123A-3132A-9999A-9999E,ID002,300996643
9,2755.75,1,310015,1052512302,101,ID002,3117A-3123A-9999A-9999E,ID002,300996645
9,2755.75,1,310015,1052512302,101,ID002,3117A-3123A-9999A-9999E,ID002,300996646
9,2755.75,1,310015,1052512302,101,ID002,3117A-3123A-9999A-9999E,ID002,300996663
9,2755.75,1,310015,1052512302,101,ID002,3117A-3123A-9999A-9999E,ID002,300996664
9,2755.75,1,310015,1052512302,101,ID002,3117A-3123A-9999A-9999E,ID002,300996678
9,2755.75,1,310015,1052512302,101,ID002,3117A-3123A-9999A-9999E,ID002,300996683
9,2755.75,1,310015,1052512302,101,ID002,3117A-3123A-9999A-9999E,ID002,300996719
9,2755.75,1,310015,1052512302,101,ID002,3117A-3123A-9999A-9999E,ID002,300996720
9,2755.75,1,310015,1052512303,101,ID002,3117A-3123A-3132A-9999A-9999E,ID002,300996736
9,2755.75,1,310015,1052512303,101,ID002,3117A-3123A-3132A-9999A-9999E,ID002,300996737
9,2755.75,1,310015,1052512303,101,ID002,3117A-3123A-3132A-9999A-9999E,ID002,300996738
9,2755.75,1,310015,1052512303,101,ID002,3117A-3123A-3132A-9999A-9999E,ID002,300996739
9,2755.75,1,310015,1052512303,101,ID002,3117A-3123A-3132A-9999A-9999E,ID002,300996746
9,2755.75,1,310015,1052512303,101,ID002,3117A-3123A-3132A-9999A-9999E,ID002,300996747
9,2755.75,1,310015,1052512303,101,ID002,3117A-3123A-3132A-9999A-9999E,ID002,300996756
9,2755.75,1,310015,1052512303,101,ID002,3117A-3123A-3132A-9999A-9999E,ID002,300996757
9,2755.75,1,310015,1052512304,101,ID002,3123A-3132A-9999A-9999E,ID002,300996797
9,2755.75,1,310015,1052512304,101,ID002,3123A-3132A-9999A-9999E,ID002,300996801
9,2755.75,1,310015,1052512304,101,ID002,3123A-3132A-9999A-9999E,ID002,300996802
9,2755.75,1,310015,1052512304,101,ID002,3123A-3132A-9999A-9999E,ID002,300996804
9,2755.75,1,310015,1052512304,101,ID002,3123A-3132A-9999A-9999E,ID002,300996806
9,2755.75,1,310015,1052512304,101,ID002,3123A-3132A-9999A-9999E,ID002,300996811
9,2755.75,1,310015,1052512304,101,ID002,3123A-3132A-9999A-9999E,ID002,300996817
9,2755.75,1,310015,1052512304,101,ID002,3123A-3132A-9999A-9999E,ID002,300996818
9,2755.75,1,310015,1052512305,101,ID002,3123A-3132A-9999A-9999E,ID002,300996832
9,2755.75,1,310015,1052512305,101,ID002,3123A-3132A-9999A-9999E,ID002,300996834
9,2755.75,1,310015,1052512305,101,ID002,3123A-3132A-9999A-9999E,ID002,300996835
9,2755.75,1,310015,1052512305,101,ID002,3123A-3132A-9999A-9999E,ID002,300996856
9,2755.75,1,310015,1052512305,101,ID002,3123A-3132A-9999A-9999E,ID002,300996894
9,2755.75,1,310015,1052512305,101,ID002,3123A-3132A-9999A-9999E,ID002,300996895
9,2755.75,1,310015,1052512305,101,ID002,3123A-3132A-9999A-9999E,ID002,300996896
9,2755.75,1,310015,1052512305,101,ID002,3123A-3132A-9999A-9999E,ID002,300996906
9,2755.75,1,310015,1052512306,101,ID002,3117A-3123A-3132A-9999A-9999E,ID002,300996907
9,2755.75,1,310015,1052512306,101,ID002,3117A-3123A-3132A-9999A-9999E,ID002,300996917
9,2755.75,1,310015,1052512306,101,ID002,3117A-3123A-3132A-9999A-9999E,ID002,300996918
9,2755.75,1,310015,1052512306,101,ID002,3117A-3123A-3132A-9999A-9999E,ID002,300996919
9,2755.75,1,310015,1052512306,101,ID002,3117A-3123A-3132A-9999A-9999E,ID002,300996930
9,2755.75,1,310015,1052512306,101,ID002,3117A-3123A-3132A-9999A-9999E,ID002,300996931
9,2755.75,1,310015,1052512306,101,ID002,3117A-3123A-3132A-9999A-9999E,ID002,300996941
9,2755.75,1,310015,1052512306,101,ID002,3117A-3123A-3132A-9999A-9999E,ID002,300996942
9,2755.75,1,310015,1052512307,101,ID002,3117A-3123A-9999A-9999E,ID002,300996956
9,2755.75,1,310015,1052512307,101,ID002,3117A-3123A-9999A-9999E,ID002,300996957
9,2755.75,1,310015,1052512307,101,ID002,3117A-3123A-9999A-9999E,ID002,300996963
9,2755.75,1,310015,1052512307,101,ID002,3117A-3123A-9999A-9999E,ID002,300996964
9,2755.75,1,310015,1052512307,101,ID002,3117A-3123A-9999A-9999E,ID002,300996968
9,2755.75,1,310015,1052512307,101,ID002,3117A-3123A-9999A-9999E,ID002,300996969
9,2755.75,1,310015,1052512307,101,ID002,3117A-3123A-9999A-9999E,ID002,300996970
9,2755.75,1,310015,1052512307,101,ID002,3117A-3123A-9999A-9999E,ID002,300996971
9,2755.75,1,310015,1052512308,101,ID002,3117A-3123A-9999A-9999E,ID002,300996976
9,2755.75,1,310015,1052512308,101,ID002,3117A-3123A-9999A-9999E,ID002,300996977
9,2755.75,1,310015,1052512308,101,ID002,3117A-3123A-9999A-9999E,ID002,300996978
9,2755.75,1,310015,1052512308,101,ID002,3117A-3123A-9999A-9999E,ID002,300997021
9,2755.75,1,310015,1052512308,101,ID002,3117A-3123A-9999A-9999E,ID002,300997022
9,2755.75,1,310015,1052512308,101,ID002,3117A-3123A-9999A-9999E,ID002,300997033
9,2755.75,1,310015,1052512308,101,ID002,3117A-3123A-9999A-9999E,ID002,300997040
9,2755.75,1,310015,1052512308,101,ID002,3117A-3123A-9999A-9999E,ID002,300997042
9,2755.75,1,310015,1052512309,101,ID002,3117A-3123A-3132A-9999A-9999E,ID002,300997056
9,2755.75,1,310015,1052512309,101,ID002,3117A-3123A-3132A-9999A-9999E,ID002,300997057
9,2755.75,1,310015,1052512309,101,ID002,3117A-3123A-3132A-9999A-9999E,ID002,300997058
9,2755.75,1,310015,1052512309,101,ID002,3117A-3123A-3132A-9999A-9999E,ID002,300997059
9,2755.75,1,310015,1052512309,101,ID002,3117A-3123A-3132A-9999A-9999E,ID002,300997070
9,2755.75,1,310015,1052512309,101,ID002,3117A-3123A-3132A-9999A-9999E,ID002,300997071
9,2755.75,1,310015,1052512309,101,ID002,3117A-3123A-3132A-9999A-9999E,ID002,300997091
9,2755.75,1,310015,1052512309,101,ID002,3117A-3123A-3132A-9999A-9999E,ID002,300997092
9,2755.75,1,310015,1052512310,101,ID002,3117A-3123A-9999A-9999E,ID002,300997102
9,2755.75,1,310015,1052512310,101,ID002,3117A-3123A-9999A-9999E,ID002,300997103
9,2755.75,1,310015,1052512310,101,ID002,3117A-3123A-9999A-9999E,ID002,300997104
9,2755.75,1,310015,1052512310,101,ID002,3117A-3123A-9999A-9999E,ID002,300997114
9,2755.75,1,310015,1052512310,101,ID002,3117A-3123A-9999A-9999E,ID002,300997119
9,2755.75,1,310015,1052512310,101,ID002,3117A-3123A-9999A-9999E,ID002,300997127
9,2755.75,1,310015,1052512310,101,ID002,3117A-3123A-9999A-9999E,ID002,300997142
9,2755.75,1,310015,1052512310,101,ID002,3117A-3123A-9999A-9999E,ID002,300997411
9,2755.75,1,310015,1052512311,101,ID002,3117A-3123A-3132A-9999A-9999E,ID002,300997412
9,2755.75,1,310015,1052512311,101,ID002,3117A-3123A-3132A-9999A-9999E,ID002,300997413
9,2755.75,1,310015,1052512311,101,ID002,3117A-3123A-3132A-9999A-9999E,ID002,300997414
9,2755.75,1,310015,1052512311,101,ID002,3117A-3123A-3132A-9999A-9999E,ID002,300997415
9,2755.75,1,310015,1052512311,101,ID002,3117A-3123A-3132A-9999A-9999E,ID002,300997453
9,2755.75,1,310015,1052512311,101,ID002,3117A-3123A-3132A-9999A-9999E,ID002,300997454
9,2755.75,1,310015,1052512311,101,ID002,3117A-3123A-3132A-9999A-9999E,ID002,300997455
9,2755.75,1,310015,1052512311,101,ID002,3117A-3123A-3132A-9999A-9999E,ID002,300997456
9,2755.75,1,310015,1052512312,101,ID002,3117A-3123A-3132A-9999A-9999E,ID002,300997479
9,2755.75,1,310015,1052512312,101,ID002,3117A-3123A-3132A-9999A-9999E,ID002,300997480
9,2755.75,1,310015,1052512312,101,ID002,3117A-3123A-3132A-9999A-9999E,ID002,300997481
9,2755.75,1,310015,1052512312,101,ID002,3117A-3123A-3132A-9999A-9999E,ID002,300997483
9,2755.75,1,310015,1052512312,101,ID002,3117A-3123A-3132A-9999A-9999E,ID002,300997484
9,2755.75,1,310015,1052512312,101,ID002,3117A-3123A-3132A-9999A-9999E,ID002,300997485
9,2755.75,1,310015,1052512312,101,ID002,3117A-3123A-3132A-9999A-9999E,ID002,300997486
9,2755.75,1,310015,1052512312,101,ID002,3117A-3123A-3132A-9999A-9999E,ID002,300997487
9,2755.75,1,310015,1052512313,101,ID002,3117A-3123A-9999A-9999E,ID002,300997630
9,2755.75,1,310015,1052512313,101,ID002,3117A-3123A-9999A-9999E,ID002,300997631
9,2755.75,1,310015,1052512313,101,ID002,3117A-3123A-9999A-9999E,ID002,300997632
9,2755.75,1,310015,1052512313,101,ID002,3117A-3123A-9999A-9999E,ID002,300997633
9,2755.75,1,310015,1052512313,101,ID002,3117A-3123A-9999A-9999E,ID002,300997635
9,2755.75,1,310015,1052512313,101,ID002,3117A-3123A-9999A-9999E,ID002,300997637
9,2755.75,1,310015,1052512313,101,ID002,3117A-3123A-9999A-9999E,ID002,300997638
9,2755.75,1,310015,1052512313,101,ID002,3117A-3123A-9999A-9999E,ID002,300997639
9,2755.75,1,310724,1012512301,101,WA002,3040A-3045A-3053A-3055A-3055A-9999A-9999E,WA002,300996639
9,2755.75,1,310724,1012512301,101,WA002,3040A-3045A-3053A-3055A-3055A-9999A-9999E,WA002,300996640
9,2755.75,1,310724,1012512301,101,WA002,3040A-3045A-3053A-3055A-3055A-9999A-9999E,WA002,300996641
9,2755.75,1,310724,1012512301,101,WA002,3040A-3045A-3053A-3055A-3055A-9999A-9999E,WA002,300996674
9,2755.75,1,310724,1012512301,101,WA002,3040A-3045A-3053A-3055A-3055A-9999A-9999E,WA002,300996675
9,2755.75,1,310724,1012512302,101,WA002,3040A-3045A-3053A-3055A-3055A-9999A-9999E,WA002,300996676
9,2755.75,1,310724,1012512302,101,WA002,3040A-3045A-3053A-3055A-3055A-9999A-9999E,WA002,300996724
9,2755.75,1,310724,1012512302,101,WA002,3040A-3045A-3053A-3055A-3055A-9999A-9999E,WA002,300996725
9,2755.75,1,310724,1012512302,101,WA002,3040A-3045A-3053A-3055A-3055A-9999A-9999E,WA002,300996726
9,2755.75,1,310724,1012512302,101,WA002,3040A-3045A-3053A-3055A-3055A-9999A-9999E,WA002,300996727
9,2755.75,1,310724,1012512302,101,WA002,3040A-3045A-3053A-3055A-3055A-9999A-9999E,WA002,300996740
9,2755.75,1,310724,1012512302,101,WA002,3040A-3045A-3053A-3055A-3055A-9999A-9999E,WA002,300996743
9,2755.75,1,310724,1012512302,101,WA002,3040A-3045A-3053A-3055A-3055A-9999A-9999E,WA002,300996744
9,2755.75,1,310724,1012512303,101,WA002,3040A-3045A-3053A-9999A-9999E,WA002,300996748
9,2755.75,1,310724,1012512303,101,WA002,3040A-3045A-3053A-9999A-9999E,WA002,300996749
9,2755.75,1,310724,1012512303,101,WA002,3040A-3045A-3053A-9999A-9999E,WA002,300996767
9,2755.75,1,310724,1012512303,101,WA002,3040A-3045A-3053A-9999A-9999E,WA002,300996768
9,2755.75,1,310724,1012512303,101,WA002,3040A-3045A-3053A-9999A-9999E,WA002,300996769
9,2755.75,1,310724,1012512303,101,WA002,3040A-3045A-3053A-9999A-9999E,WA002,300996770
9,2755.75,1,310724,1012512303,101,WA002,3040A-3045A-3053A-9999A-9999E,WA002,300996821
9,2755.75,1,310724,1012512303,101,WA002,3040A-3045A-3053A-9999A-9999E,WA002,300996822
9,2755.75,1,310724,1012512304,101,WA002,3040A-3045A-3053A-9999A-9999E,WA002,300996824
9,2755.75,1,310724,1012512304,101,WA002,3040A-3045A-3053A-9999A-9999E,WA002,300996872
9,2755.75,1,310724,1012512304,101,WA002,3040A-3045A-3053A-9999A-9999E,WA002,300996873
9,2755.75,1,310724,1012512305,101,WA002,3040A-3045A-3053A-9999A-9999E,WA002,300996876
9,2755.75,1,310724,1012512305,101,WA002,3040A-3045A-3053A-9999A-9999E,WA002,300996922
9,2755.75,1,310724,1012512305,101,WA002,3040A-3045A-3053A-9999A-9999E,WA002,300996923
9,2755.75,1,310724,1012512305,101,WA002,3040A-3045A-3053A-9999A-9999E,WA002,300996924
9,2755.75,1,310724,1012512305,101,WA002,3040A-3045A-3053A-9999A-9999E,WA002,300996925
9,2755.75,1,310724,1012512305,101,WA002,3040A-3045A-3053A-9999A-9999E,WA002,300996926
9,2755.75,1,310724,1012512305,101,WA002,3040A-3045A-3053A-9999A-9999E,WA002,300996927
9,2755.75,1,310724,1012512305,101,WA002,3040A-3045A-3053A-9999A-9999E,WA002,300996932
9,2755.75,1,310724,1012512308,101,WA002,3040A-3043A-3045A-3053A-3055A-3055A-9999A-9999E,WA002,300997154
9,2755.75,1,310724,1012512308,101,WA002,3040A-3043A-3045A-3053A-3055A-3055A-9999A-9999E,WA002,300997155
9,2755.75,1,310724,1012512308,101,WA002,3040A-3043A-3045A-3053A-3055A-3055A-9999A-9999E,WA002,300997156
9,2755.75,1,310724,1012512308,101,WA002,3040A-3043A-3045A-3053A-3055A-3055A-9999A-9999E,WA002,300997157
9,2755.75,1,310724,1012512308,101,WA002,3040A-3043A-3045A-3053A-3055A-3055A-9999A-9999E,WA002,300997204
9,2755.75,1,310724,1012512308,101,WA002,3040A-3043A-3045A-3053A-3055A-3055A-9999A-9999E,WA002,300997205
9,2755.75,1,310724,1012512308,101,WA002,3040A-3043A-3045A-3053A-3055A-3055A-9999A-9999E,WA002,300997206
9,2755.75,1,310724,1012512308,101,WA002,3040A-3043A-3045A-3053A-3055A-3055A-9999A-9999E,WA002,300997213
9,2755.75,1,310724,1012512309,101,WA002,3040A-3045A-3053A-9999A-9999E,WA002,300997216
9,2755.75,1,310724,1012512309,101,WA002,3040A-3045A-3053A-9999A-9999E,WA002,300997217
9,2755.75,1,310724,1012512309,101,WA002,3040A-3045A-3053A-9999A-9999E,WA002,300997333
9,2755.75,1,310724,1012512309,101,WA002,3040A-3045A-3053A-9999A-9999E,WA002,300997334
9,2755.75,1,310724,1012512309,101,WA002,3040A-3045A-3053A-9999A-9999E,WA002,300997335
9,2755.75,1,310724,1012512309,101,WA002,3040A-3045A-3053A-9999A-9999E,WA002,300997373
9,2755.75,1,310724,1012512309,101,WA002,3040A-3045A-3053A-9999A-9999E,WA002,300997374
9,2755.75,1,310724,1012512309,101,WA002,3040A-3045A-3053A-9999A-9999E,WA002,300997375
9,2755.75,1,310724,1012512310,101,WA002,3040A-3045A-3053A-9999A-9999E,WA002,300997399
9,2755.75,1,310724,1012512310,101,WA002,3040A-3045A-3053A-9999A-9999E,WA002,300997400
9,2755.75,1,310724,1012512310,101,WA002,3040A-3045A-3053A-9999A-9999E,WA002,300997401
9,2755.75,1,310724,1012512310,101,WA002,3040A-3045A-3053A-9999A-9999E,WA002,300997419
9,2755.75,1,310724,1012512310,101,WA002,3040A-3045A-3053A-9999A-9999E,WA002,300997421
9,2755.75,1,310724,1012512310,101,WA002,3040A-3045A-3053A-9999A-9999E,WA002,300997422
9,2755.75,1,310724,1012512310,101,WA002,3040A-3045A-3053A-9999A-9999E,WA002,300997439
9,2755.75,1,310724,1012512310,101,WA002,3040A-3045A-3053A-9999A-9999E,WA002,300997440
9,2755.75,1,310724,1012512311,101,WA002,3040A-3045A-3053A-9999A-9999E,WA002,300997525
9,2755.75,1,310724,1012512311,101,WA002,3040A-3045A-3053A-9999A-9999E,WA002,300997527
9,2755.75,1,310724,1012512311,101,WA002,3040A-3045A-3053A-9999A-9999E,WA002,300997533
9,2755.75,1,310724,1012512311,101,WA002,3040A-3045A-3053A-9999A-9999E,WA002,300997534
9,2755.75,1,310724,1012512311,101,WA002,3040A-3045A-3053A-9999A-9999E,WA002,300997540
9,2755.75,1,310724,1012512311,101,WA002,3040A-3045A-3053A-9999A-9999E,WA002,300997541
9,2755.75,1,310724,1012512311,101,WA002,3040A-3045A-3053A-9999A-9999E,WA002,300997542
9,2755.75,1,310724,1012512311,101,WA002,3040A-3045A-3053A-9999A-9999E,WA002,300997543
9,2755.75,1,310724,1012512312,101,WA002,3040A-3045A-3053A-9999A-9999E,WA002,300997544
9,2755.75,1,310724,1012512312,101,WA002,3040A-3045A-3053A-9999A-9999E,WA002,300997545
9,2755.75,1,310724,1012512312,101,WA002,3040A-3045A-3053A-9999A-9999E,WA002,300997645
9,2755.75,1,310724,1012512312,101,WA002,3040A-3045A-3053A-9999A-9999E,WA002,300997646
9,2755.75,1,310724,1012512312,101,WA002,3040A-3045A-3053A-9999A-9999E,WA002,300997647
9,2755.75,1,310724,1012512312,101,WA002,3040A-3045A-3053A-9999A-9999E,WA002,300997648
9,2755.75,1,310724,1012512312,101,WA002,3040A-3045A-3053A-9999A-9999E,WA002,300997660
9,2755.75,1,310724,1012512312,101,WA002,3040A-3045A-3053A-9999A-9999E,WA002,300997661
9,2755.75,1,310724,1012512313,101,WA002,3040A-3045A-3053A-9999A-9999E,WA002,300997670
9,2755.75,1,310724,1012512313,101,WA002,3040A-3045A-3053A-9999A-9999E,WA002,300997674
9,2755.75,1,310724,1012512313,101,WA002,3040A-3045A-3053A-9999A-9999E,WA002,300997676
9,2755.75,1,310724,1012512313,101,WA002,3040A-3045A-3053A-9999A-9999E,WA002,300997677
9,2755.75,1,310724,1012512313,101,WA002,3040A-3045A-3053A-9999A-9999E,WA002,300997679
9,2755.75,1,310724,1012512313,101,WA002,3040A-3045A-3053A-9999A-9999E,WA002,300997680
9,2755.75,1,310724,1012512313,101,WA002,3040A-3045A-3053A-9999A-9999E,WA002,300997681
9,2755.75,1,310724,1012512313,101,WA002,3040A-3045A-3053A-9999A-9999E,WA002,300997682
9,2755.75,1,310726,1022512351,101,WA003,3002A-3025S-3033A-9999A-9999E,WA003,300997620
9,2755.75,1,310726,1022512351,101,WA003,3002A-3025S-3033A-9999A-9999E,WA003,300997621
9,2755.75,1,310726,1022512351,101,WA003,3002A-3025S-3033A-9999A-9999E,WA003,300997654
9,2755.75,1,310726,1022512351,101,WA003,3002A-3025S-3033A-9999A-9999E,WA003,300997655
9,2755.75,1,310726,1022512351,101,WA003,3002A-3025S-3033A-9999A-9999E,WA003,300997656
9,2755.75,1,310726,1022512351,101,WA003,3002A-3025S-3033A-9999A-9999E,WA003,300997657
9,2755.75,1,310726,1022512351,101,WA003,3002A-3025S-3033A-9999A-9999E,WA003,300997667
9,2755.75,1,310726,1022512351,101,WA003,3002A-3025S-3033A-9999A-9999E,WA003,300997668
9,2755.75,1,310726,1022512353,101,WA003,3002A-3007S-3025S-3033A-3035A-9999A-9999C-9999CS-9999E,WA003,300997775
9,2755.75,1,310726,1022512353,101,WA003,3002A-3007S-3025S-3033A-3035A-9999A-9999C-9999CS-9999E,WA003,300997776
9,2755.75,1,310726,1022512353,101,WA003,3002A-3007S-3025S-3033A-3035A-9999A-9999C-9999CS-9999E,WA003,300997777
9,2755.75,1,310726,1022512353,101,WA003,3002A-3007S-3025S-3033A-3035A-9999A-9999C-9999CS-9999E,WA003,300997778
9,2755.75,1,310726,1022512353,101,WA003,3002A-3007S-3025S-3033A-3035A-9999A-9999C-9999CS-9999E,WA003,300997779
9,2755.75,1,310726,1022512353,101,WA003,3002A-3007S-3025S-3033A-3035A-9999A-9999C-9999CS-9999E,WA003,300997780
9,2755.75,1,310726,1022512353,101,WA003,3002A-3007S-3025S-3033A-3035A-9999A-9999C-9999CS-9999E,WA003,300997781
9,2755.75,1,310726,1022512353,101,WA003,3002A-3007S-3025S-3033A-3035A-9999A-9999C-9999CS-9999E,WA003,300997915
9,2755.75,1,310726,1022512354,101,WA003,3002A-3005WGUM-3005WGUM-3007DRYGUM-3007FO-3007S-3025S-3035A-9999A-9999C-9999CS-9999E,WA003,300997916
9,2755.75,1,310726,1022512354,101,WA003,3002A-3005WGUM-3005WGUM-3007DRYGUM-3007FO-3007S-3025S-3035A-9999A-9999C-9999CS-9999E,WA003,300997917
9,2755.75,1,310726,1022512354,101,WA003,3002A-3005WGUM-3005WGUM-3007DRYGUM-3007FO-3007S-3025S-3035A-9999A-9999C-9999CS-9999E,WA003,300997918
9,2755.75,1,310726,1022512354,101,WA003,3002A-3005WGUM-3005WGUM-3007DRYGUM-3007FO-3007S-3025S-3035A-9999A-9999C-9999CS-9999E,WA003,300997926
9,2755.75,1,310726,1022512354,101,WA003,3002A-3005WGUM-3005WGUM-3007DRYGUM-3007FO-3007S-3025S-3035A-9999A-9999C-9999CS-9999E,WA003,300997934
9,2755.75,1,310726,1022512354,101,WA003,3002A-3005WGUM-3005WGUM-3007DRYGUM-3007FO-3007S-3025S-3035A-9999A-9999C-9999CS-9999E,WA003,300997935
9,2755.75,1,310726,1022512354,101,WA003,3002A-3005WGUM-3005WGUM-3007DRYGUM-3007FO-3007S-3025S-3035A-9999A-9999C-9999CS-9999E,WA003,300997978
9,2755.75,1,310726,1022512354,101,WA003,3002A-3005WGUM-3005WGUM-3007DRYGUM-3007FO-3007S-3025S-3035A-9999A-9999C-9999CS-9999E,WA003,300997979
9,2755.75,1,310726,1022512355,101,WA003,3002A-3005WGUM-3005WGUM-3007DRYGUM-3007FO-3007S-3015A-3025S-3033A-3035A-9999A-9999C-9999CS-9999E,WA003,300997980
9,2755.75,1,310726,1022512355,101,WA003,3002A-3005WGUM-3005WGUM-3007DRYGUM-3007FO-3007S-3015A-3025S-3033A-3035A-9999A-9999C-9999CS-9999E,WA003,300997981
9,2755.75,1,310726,1022512355,101,WA003,3002A-3005WGUM-3005WGUM-3007DRYGUM-3007FO-3007S-3015A-3025S-3033A-3035A-9999A-9999C-9999CS-9999E,WA003,300997982
9,2755.75,1,310726,1022512355,101,WA003,3002A-3005WGUM-3005WGUM-3007DRYGUM-3007FO-3007S-3015A-3025S-3033A-3035A-9999A-9999C-9999CS-9999E,WA003,300997983
9,2755.75,1,310726,1022512355,101,WA003,3002A-3005WGUM-3005WGUM-3007DRYGUM-3007FO-3007S-3015A-3025S-3033A-3035A-9999A-9999C-9999CS-9999E,WA003,300997987
9,2755.75,1,310726,1022512355,101,WA003,3002A-3005WGUM-3005WGUM-3007DRYGUM-3007FO-3007S-3015A-3025S-3033A-3035A-9999A-9999C-9999CS-9999E,WA003,300997988
9,2755.75,1,310726,1022512355,101,WA003,3002A-3005WGUM-3005WGUM-3007DRYGUM-3007FO-3007S-3015A-3025S-3033A-3035A-9999A-9999C-9999CS-9999E,WA003,300998004
9,2755.75,1,310726,1022512355,101,WA003,3002A-3005WGUM-3005WGUM-3007DRYGUM-3007FO-3007S-3015A-3025S-3033A-3035A-9999A-9999C-9999CS-9999E,WA003,300998005
9,2755.75,1,310726,1022512356,101,WA003,3002A-3005WGUM-3005WGUM-3007DRYGUM-3007FO-3007S-3025S-3035A-9999A-9999C-9999CS-9999E,WA003,300998007
9,2755.75,1,310726,1022512356,101,WA003,3002A-3005WGUM-3005WGUM-3007DRYGUM-3007FO-3007S-3025S-3035A-9999A-9999C-9999CS-9999E,WA003,300998008
9,2755.75,1,310726,1022512356,101,WA003,3002A-3005WGUM-3005WGUM-3007DRYGUM-3007FO-3007S-3025S-3035A-9999A-9999C-9999CS-9999E,WA003,300998186
9,2755.75,1,310726,1022512356,101,WA003,3002A-3005WGUM-3005WGUM-3007DRYGUM-3007FO-3007S-3025S-3035A-9999A-9999C-9999CS-9999E,WA003,300998187
9,2755.75,1,310726,1022512356,101,WA003,3002A-3005WGUM-3005WGUM-3007DRYGUM-3007FO-3007S-3025S-3035A-9999A-9999C-9999CS-9999E,WA003,300998208
9,2755.75,1,310726,1022512356,101,WA003,3002A-3005WGUM-3005WGUM-3007DRYGUM-3007FO-3007S-3025S-3035A-9999A-9999C-9999CS-9999E,WA003,300998253
9,2755.75,1,310726,1022512356,101,WA003,3002A-3005WGUM-3005WGUM-3007DRYGUM-3007FO-3007S-3025S-3035A-9999A-9999C-9999CS-9999E,WA003,300998254
9,2755.75,1,310726,1022512356,101,WA003,3002A-3005WGUM-3005WGUM-3007DRYGUM-3007FO-3007S-3025S-3035A-9999A-9999C-9999CS-9999E,WA003,300998255
9,2755.75,1,310726,1022512357,101,WA003,3002A-3005WGUM-3005WGUM-3007DRYGUM-3007FO-3007S-3025S-3035A-9999A-9999C-9999CS-9999E,WA003,300998257
9,2755.75,1,310726,1022512357,101,WA003,3002A-3005WGUM-3005WGUM-3007DRYGUM-3007FO-3007S-3025S-3035A-9999A-9999C-9999CS-9999E,WA003,300998258
9,2755.75,1,310726,1022512357,101,WA003,3002A-3005WGUM-3005WGUM-3007DRYGUM-3007FO-3007S-3025S-3035A-9999A-9999C-9999CS-9999E,WA003,300998259
9,2755.75,1,310726,1022512357,101,WA003,3002A-3005WGUM-3005WGUM-3007DRYGUM-3007FO-3007S-3025S-3035A-9999A-9999C-9999CS-9999E,WA003,300998293
9,2755.75,1,310726,1022512357,101,WA003,3002A-3005WGUM-3005WGUM-3007DRYGUM-3007FO-3007S-3025S-3035A-9999A-9999C-9999CS-9999E,WA003,300998295
9,2755.75,1,310726,1022512357,101,WA003,3002A-3005WGUM-3005WGUM-3007DRYGUM-3007FO-3007S-3025S-3035A-9999A-9999C-9999CS-9999E,WA003,300998296
9,2755.75,1,310726,1022512357,101,WA003,3002A-3005WGUM-3005WGUM-3007DRYGUM-3007FO-3007S-3025S-3035A-9999A-9999C-9999CS-9999E,WA003,300998297
9,2755.75,1,310726,1022512357,101,WA003,3002A-3005WGUM-3005WGUM-3007DRYGUM-3007FO-3007S-3025S-3035A-9999A-9999C-9999CS-9999E,WA003,300998298
9,2755.75,1,310726,1022512358,101,WA003,3005WGUM-3005WGUM-3007DRYGUM-3007FO-3007S-3025S-3033A-3035A-9999A-9999C-9999CS-9999E,WA003,300998324
9,2755.75,1,310726,1022512358,101,WA003,3005WGUM-3005WGUM-3007DRYGUM-3007FO-3007S-3025S-3033A-3035A-9999A-9999C-9999CS-9999E,WA003,300998325
9,2755.75,1,310726,1022512358,101,WA003,3005WGUM-3005WGUM-3007DRYGUM-3007FO-3007S-3025S-3033A-3035A-9999A-9999C-9999CS-9999E,WA003,300998326
9,2755.75,1,310726,1022512358,101,WA003,3005WGUM-3005WGUM-3007DRYGUM-3007FO-3007S-3025S-3033A-3035A-9999A-9999C-9999CS-9999E,WA003,300998380
9,2755.75,1,310726,1022512358,101,WA003,3005WGUM-3005WGUM-3007DRYGUM-3007FO-3007S-3025S-3033A-3035A-9999A-9999C-9999CS-9999E,WA003,300998381
9,2755.75,1,310726,1022512358,101,WA003,3005WGUM-3005WGUM-3007DRYGUM-3007FO-3007S-3025S-3033A-3035A-9999A-9999C-9999CS-9999E,WA003,300998382
9,2755.75,1,310726,1022512358,101,WA003,3005WGUM-3005WGUM-3007DRYGUM-3007FO-3007S-3025S-3033A-3035A-9999A-9999C-9999CS-9999E,WA003,300998383
9,2755.75,1,310726,1022512358,101,WA003,3005WGUM-3005WGUM-3007DRYGUM-3007FO-3007S-3025S-3033A-3035A-9999A-9999C-9999CS-9999E,WA003,300998384
9,2755.75,1,310726,1022512359,101,WA003,3005WGUM-3005WGUM-3007DRYGUM-3007FO-3007S-3025S-3033A-3035A-9999A-9999C-9999CS-9999E,WA003,300998400
9,2755.75,1,310726,1022512359,101,WA003,3005WGUM-3005WGUM-3007DRYGUM-3007FO-3007S-3025S-3033A-3035A-9999A-9999C-9999CS-9999E,WA003,300998401
9,2755.75,1,310726,1022512359,101,WA003,3005WGUM-3005WGUM-3007DRYGUM-3007FO-3007S-3025S-3033A-3035A-9999A-9999C-9999CS-9999E,WA003,300998402
9,2755.75,1,310726,1022512359,101,WA003,3005WGUM-3005WGUM-3007DRYGUM-3007FO-3007S-3025S-3033A-3035A-9999A-9999C-9999CS-9999E,WA003,300998404
9,2755.75,1,310726,1022512359,101,WA003,3005WGUM-3005WGUM-3007DRYGUM-3007FO-3007S-3025S-3033A-3035A-9999A-9999C-9999CS-9999E,WA003,300998451
9,2755.75,1,310726,1022512359,101,WA003,3005WGUM-3005WGUM-3007DRYGUM-3007FO-3007S-3025S-3033A-3035A-9999A-9999C-9999CS-9999E,WA003,300998452
9,2755.75,1,310726,1022512359,101,WA003,3005WGUM-3005WGUM-3007DRYGUM-3007FO-3007S-3025S-3033A-3035A-9999A-9999C-9999CS-9999E,WA003,300998453
9,2755.75,1,310726,1022512359,101,WA003,3005WGUM-3005WGUM-3007DRYGUM-3007FO-3007S-3025S-3033A-3035A-9999A-9999C-9999CS-9999E,WA003,300998454
9,2755.75,1,310726,1022512360,101,WA003,3005WGUM-3005WGUM-3007DRYGUM-3007FO-3007S-3025S-3033A-3035A-9999A-9999C-9999CS-9999E,WA003,300998533
9,2755.75,1,310726,1022512360,101,WA003,3005WGUM-3005WGUM-3007DRYGUM-3007FO-3007S-3025S-3033A-3035A-9999A-9999C-9999CS-9999E,WA003,300998535
9,2755.75,1,310726,1022512360,101,WA003,3005WGUM-3005WGUM-3007DRYGUM-3007FO-3007S-3025S-3033A-3035A-9999A-9999C-9999CS-9999E,WA003,300998536
9,2755.75,1,310726,1022512360,101,WA003,3005WGUM-3005WGUM-3007DRYGUM-3007FO-3007S-3025S-3033A-3035A-9999A-9999C-9999CS-9999E,WA003,300998537
9,2755.75,1,310726,1022512360,101,WA003,3005WGUM-3005WGUM-3007DRYGUM-3007FO-3007S-3025S-3033A-3035A-9999A-9999C-9999CS-9999E,WA003,300998538
9,2755.75,1,310726,1022512360,101,WA003,3005WGUM-3005WGUM-3007DRYGUM-3007FO-3007S-3025S-3033A-3035A-9999A-9999C-9999CS-9999E,WA003,300998616
9,2755.75,1,310726,1022512360,101,WA003,3005WGUM-3005WGUM-3007DRYGUM-3007FO-3007S-3025S-3033A-3035A-9999A-9999C-9999CS-9999E,WA003,300998617
9,2755.75,1,310726,1022512360,101,WA003,3005WGUM-3005WGUM-3007DRYGUM-3007FO-3007S-3025S-3033A-3035A-9999A-9999C-9999CS-9999E,WA003,300998622
9,2755.75,1,310726,1022512361,101,WA003,3005WGUM-3005WGUM-3007DRYGUM-3007FO-3007S-3025S-3033A-3035A-9999A-9999C-9999CS-9999E,WA003,300998629
9,2755.75,1,310726,1022512361,101,WA003,3005WGUM-3005WGUM-3007DRYGUM-3007FO-3007S-3025S-3033A-3035A-9999A-9999C-9999CS-9999E,WA003,300998643
9,2755.75,1,310726,1022512361,101,WA003,3005WGUM-3005WGUM-3007DRYGUM-3007FO-3007S-3025S-3033A-3035A-9999A-9999C-9999CS-9999E,WA003,300998644
9,2755.75,1,310726,1022512361,101,WA003,3005WGUM-3005WGUM-3007DRYGUM-3007FO-3007S-3025S-3033A-3035A-9999A-9999C-9999CS-9999E,WA003,300998650
9,2755.75,1,310726,1022512361,101,WA003,3005WGUM-3005WGUM-3007DRYGUM-3007FO-3007S-3025S-3033A-3035A-9999A-9999C-9999CS-9999E,WA003,300998651
9,2755.75,1,310726,1022512361,101,WA003,3005WGUM-3005WGUM-3007DRYGUM-3007FO-3007S-3025S-3033A-3035A-9999A-9999C-9999CS-9999E,WA003,300998654
9,2755.75,1,310726,1022512361,101,WA003,3005WGUM-3005WGUM-3007DRYGUM-3007FO-3007S-3025S-3033A-3035A-9999A-9999C-9999CS-9999E,WA003,300998673
9,2755.75,1,310726,1022512361,101,WA003,3005WGUM-3005WGUM-3007DRYGUM-3007FO-3007S-3025S-3033A-3035A-9999A-9999C-9999CS-9999E,WA003,300998674
9,2755.75,1,310726,1022512362,101,WA003,3007S-3025S-3033A-3035A-9999A-9999C-9999CS-9999E,WA003,300998700
9,2755.75,1,310726,1022512362,101,WA003,3007S-3025S-3033A-3035A-9999A-9999C-9999CS-9999E,WA003,300998703
9,2755.75,1,310726,1022512362,101,WA003,3007S-3025S-3033A-3035A-9999A-9999C-9999CS-9999E,WA003,300998704
9,2755.75,1,310726,1022512362,101,WA003,3007S-3025S-3033A-3035A-9999A-9999C-9999CS-9999E,WA003,300998707
9,2755.75,1,310726,1022512362,101,WA003,3007S-3025S-3033A-3035A-9999A-9999C-9999CS-9999E,WA003,300998723
9,2755.75,1,310726,1022512362,101,WA003,3007S-3025S-3033A-3035A-9999A-9999C-9999CS-9999E,WA003,300998724
9,2755.75,1,310726,1022512362,101,WA003,3007S-3025S-3033A-3035A-9999A-9999C-9999CS-9999E,WA003,300998727
9,2755.75,1,310726,1022512362,101,WA003,3007S-3025S-3033A-3035A-9999A-9999C-9999CS-9999E,WA003,300998729
9,2755.75,1,310726,1022512363,101,WA003,3007S-3025S-3033A-3035A-9999A-9999C-9999CS-9999E,WA003,300998743
9,2755.75,1,310726,1022512363,101,WA003,3007S-3025S-3033A-3035A-9999A-9999C-9999CS-9999E,WA003,300998744
9,2755.75,1,310726,1022512363,101,WA003,3007S-3025S-3033A-3035A-9999A-9999C-9999CS-9999E,WA003,300998745
9,2755.75,1,310726,1022512363,101,WA003,3007S-3025S-3033A-3035A-9999A-9999C-9999CS-9999E,WA003,300998750
9,2755.75,1,310726,1022512363,101,WA003,3007S-3025S-3033A-3035A-9999A-9999C-9999CS-9999E,WA003,300998754
9,2755.75,1,310726,1022512363,101,WA003,3007S-3025S-3033A-3035A-9999A-9999C-9999CS-9999E,WA003,300998756
9,2755.75,1,310726,1022512363,101,WA003,3007S-3025S-3033A-3035A-9999A-9999C-9999CS-9999E,WA003,300998757
9,2755.75,1,310726,1022512363,101,WA003,3007S-3025S-3033A-3035A-9999A-9999C-9999CS-9999E,WA003,300998758
9,2755.75,1,310726,1022512364,101,WA003,3007S-3025S-3035A-9999A-9999E,WA003,300998778
9,2755.75,1,310726,1022512364,101,WA003,3007S-3025S-3035A-9999A-9999E,WA003,300998779
9,2755.75,1,310726,1022512364,101,WA003,3007S-3025S-3035A-9999A-9999E,WA003,300998785
9,2755.75,1,310726,1022512364,101,WA003,3007S-3025S-3035A-9999A-9999E,WA003,300998786
9,2755.75,1,310726,1022512364,101,WA003,3007S-3025S-3035A-9999A-9999E,WA003,300998813
9,2755.75,1,310726,1022512364,101,WA003,3007S-3025S-3035A-9999A-9999E,WA003,300998814
9,2755.75,1,310726,1022512364,101,WA003,3007S-3025S-3035A-9999A-9999E,WA003,300998815
9,2094.37,1,310726,1022512364,101,WA003,3007S-3025S-3035A-9999A-9999E,WA003,300998835
10,2755.75,1,310015,1002512201,101,WA001,9999A-9999E,WA001,300995680
10,2755.75,1,310015,1002512201,101,WA001,9999A-9999E,WA001,300995732
10,2755.75,1,310015,1002512201,101,WA001,9999A-9999E,WA001,300995733
10,2755.75,1,310015,1002512201,101,WA001,9999A-9999E,WA001,300995734
10,2755.75,1,310015,1002512201,101,WA001,9999A-9999E,WA001,300995735
10,2755.75,1,310015,1002512201,101,WA001,9999A-9999E,WA001,300995736
10,2755.75,1,310015,1002512202,101,WA001,9999A-9999E,WA001,300995783
10,2755.75,1,310015,1002512202,101,WA001,9999A-9999E,WA001,300995784
10,2755.75,1,310015,1002512202,101,WA001,9999A-9999E,WA001,300995814
10,2755.75,1,310015,1002512202,101,WA001,9999A-9999E,WA001,300995816
10,2755.75,1,310015,1002512202,101,WA001,9999A-9999E,WA001,300995829
10,2755.75,1,310015,1002512202,101,WA001,9999A-9999E,WA001,300995861
10,2755.75,1,310015,1002512202,101,WA001,9999A-9999E,WA001,300995862
10,2755.75,1,310015,1002512202,101,WA001,9999A-9999E,WA001,300995863
10,2755.75,1,310015,1002512203,101,WA001,9999A-9999E,WA001,300995864
10,2755.75,1,310015,1002512203,101,WA001,9999A-9999E,WA001,300995922
10,2755.75,1,310015,1002512203,101,WA001,9999A-9999E,WA001,300995923
10,2755.75,1,310015,1002512203,101,WA001,9999A-9999E,WA001,300995924
10,2755.75,1,310015,1002512203,101,WA001,9999A-9999E,WA001,300995925
10,2755.75,1,310015,1002512203,101,WA001,9999A-9999E,WA001,300995974
10,2755.75,1,310015,1002512203,101,WA001,9999A-9999E,WA001,300995977
10,2755.75,1,310015,1002512203,101,WA001,9999A-9999E,WA001,300995978
10,2755.75,1,310015,1002512204,101,WA001,9999A-9999E,WA001,300996178
10,2755.75,1,310015,1002512204,101,WA001,9999A-9999E,WA001,300996180
10,2755.75,1,310015,1002512204,101,WA001,9999A-9999E,WA001,300996183
10,2755.75,1,310015,1002512204,101,WA001,9999A-9999E,WA001,300996326
10,2755.75,1,310015,1002512204,101,WA001,9999A-9999E,WA001,300996330
10,2755.75,1,310015,1002512204,101,WA001,9999A-9999E,WA001,300996336
10,2755.75,1,310015,1002512204,101,WA001,9999A-9999E,WA001,300996337
10,2755.75,1,310015,1002512204,101,WA001,9999A-9999E,WA001,300996342
10,2755.75,1,310015,1002512205,101,WA001,9999A-9999E,WA001,300996353
10,2755.75,1,310015,1002512205,101,WA001,9999A-9999E,WA001,300996367
10,2755.75,1,310015,1002512205,101,WA001,9999A-9999E,WA001,300996560
10,2755.75,1,310015,1002512205,101,WA001,9999A-9999E,WA001,300996561
10,2755.75,1,310015,1002512205,101,WA001,9999A-9999E,WA001,300996583
10,2755.75,1,310015,1002512205,101,WA001,9999A-9999E,WA001,300996584
10,2755.75,1,310015,1002512205,101,WA001,9999A-9999E,WA001,300996585
10,2755.75,1,310015,1002512205,101,WA001,9999A-9999E,WA001,300996586
10,2755.75,1,310015,1002512206,101,WA001,9999A-9999E,WA001,300996624
10,2755.75,1,310015,1002512206,101,WA001,9999A-9999E,WA001,300996625
10,2755.75,1,310015,1052512201,101,ID002,3117A-3123A-3132A-9999A-9999E,ID002,300995219
10,2755.75,1,310015,1052512201,101,ID002,3117A-3123A-3132A-9999A-9999E,ID002,300995220
10,2755.75,1,310015,1052512201,101,ID002,3117A-3123A-3132A-9999A-9999E,ID002,300995221
10,2755.75,1,310015,1052512201,101,ID002,3117A-3123A-3132A-9999A-9999E,ID002,300995222
10,2755.75,1,310015,1052512202,101,ID002,3117A-3123A-3132A-9999A-9999E,ID002,300995342
10,2755.75,1,310015,1052512202,101,ID002,3117A-3123A-3132A-9999A-9999E,ID002,300995343
10,2755.75,1,310015,1052512202,101,ID002,3117A-3123A-3132A-9999A-9999E,ID002,300995344
10,2755.75,1,310015,1052512202,101,ID002,3117A-3123A-3132A-9999A-9999E,ID002,300995345
10,2755.75,1,310015,1052512202,101,ID002,3117A-3123A-3132A-9999A-9999E,ID002,300995398
10,2755.75,1,310015,1052512202,101,ID002,3117A-3123A-3132A-9999A-9999E,ID002,300995399
10,2755.75,1,310015,1052512202,101,ID002,3117A-3123A-3132A-9999A-9999E,ID002,300995400
10,2755.75,1,310015,1052512202,101,ID002,3117A-3123A-3132A-9999A-9999E,ID002,300995401
10,2755.75,1,310015,1052512203,101,ID002,3117A-3123A-3132A-9999A-9999E,ID002,300995402
10,2755.75,1,310015,1052512203,101,ID002,3117A-3123A-3132A-9999A-9999E,ID002,300995403
10,2755.75,1,310015,1052512203,101,ID002,3117A-3123A-3132A-9999A-9999E,ID002,300995405
10,2755.75,1,310015,1052512203,101,ID002,3117A-3123A-3132A-9999A-9999E,ID002,300995406
10,2755.75,1,310015,1052512203,101,ID002,3117A-3123A-3132A-9999A-9999E,ID002,300995420
10,2755.75,1,310015,1052512203,101,ID002,3117A-3123A-3132A-9999A-9999E,ID002,300995421
10,2755.75,1,310015,1052512203,101,ID002,3117A-3123A-3132A-9999A-9999E,ID002,300995422
10,2755.75,1,310015,1052512203,101,ID002,3117A-3123A-3132A-9999A-9999E,ID002,300995423
10,2755.75,1,310015,1052512204,101,ID002,3117A-3123A-3132A-9999A-9999E,ID002,300995449
10,2755.75,1,310015,1052512204,101,ID002,3117A-3123A-3132A-9999A-9999E,ID002,300995450
10,2755.75,1,310015,1052512204,101,ID002,3117A-3123A-3132A-9999A-9999E,ID002,300995451
10,2755.75,1,310015,1052512204,101,ID002,3117A-3123A-3132A-9999A-9999E,ID002,300995452
10,2755.75,1,310015,1052512204,101,ID002,3117A-3123A-3132A-9999A-9999E,ID002,300995479
10,2755.75,1,310015,1052512204,101,ID002,3117A-3123A-3132A-9999A-9999E,ID002,300995480
10,2755.75,1,310015,1052512204,101,ID002,3117A-3123A-3132A-9999A-9999E,ID002,300995568
10,2755.75,1,310015,1052512204,101,ID002,3117A-3123A-3132A-9999A-9999E,ID002,300995580
10,2755.75,1,310015,1052512205,101,ID002,3132A,ID002,300995627
10,2755.75,1,310015,1052512205,101,ID002,3132A,ID002,300995628
10,2755.75,1,310015,1052512205,101,ID002,3132A,ID002,300995629
10,2755.75,1,310015,1052512205,101,ID002,3132A,ID002,300995630
10,2755.75,1,310015,1052512205,101,ID002,3132A,ID002,300995631
10,2755.75,1,310015,1052512205,101,ID002,3132A,ID002,300995632
10,2755.75,1,310015,1052512205,101,ID002,3132A,ID002,300995635
10,2755.75,1,310015,1052512205,101,ID002,3132A,ID002,300995636
10,2755.75,1,310015,1052512206,101,ID002,3117A-3123A-9999A-9999E,ID002,300995666
10,2755.75,1,310015,1052512206,101,ID002,3117A-3123A-9999A-9999E,ID002,300995667
10,2755.75,1,310015,1052512206,101,ID002,3117A-3123A-9999A-9999E,ID002,300995668
10,2755.75,1,310015,1052512206,101,ID002,3117A-3123A-9999A-9999E,ID002,300995669
10,2755.75,1,310015,1052512206,101,ID002,3117A-3123A-9999A-9999E,ID002,300995670
10,2755.75,1,310015,1052512206,101,ID002,3117A-3123A-9999A-9999E,ID002,300995673
10,2755.75,1,310015,1052512206,101,ID002,3117A-3123A-9999A-9999E,ID002,300995674
10,2755.75,1,310015,1052512206,101,ID002,3117A-3123A-9999A-9999E,ID002,300995675
10,2755.75,1,310015,1052512207,101,ID002,3117A-3123A-9999A-9999E,ID002,300995749
10,2755.75,1,310015,1052512207,101,ID002,3117A-3123A-9999A-9999E,ID002,300995751
10,2755.75,1,310015,1052512207,101,ID002,3117A-3123A-9999A-9999E,ID002,300995752
10,2755.75,1,310015,1052512207,101,ID002,3117A-3123A-9999A-9999E,ID002,300995753
10,2755.75,1,310015,1052512207,101,ID002,3117A-3123A-9999A-9999E,ID002,300995754
10,2755.75,1,310015,1052512207,101,ID002,3117A-3123A-9999A-9999E,ID002,300995803
10,2755.75,1,310015,1052512207,101,ID002,3117A-3123A-9999A-9999E,ID002,300995805
10,2755.75,1,310015,1052512207,101,ID002,3117A-3123A-9999A-9999E,ID002,300995806
10,2700.635,1,310015,1052512208,101,ID002,3117A-3123A-9999A-9999E,ID002,300995807
10,2755.75,1,310015,1052512208,101,ID002,3117A-3123A-9999A-9999E,ID002,300995809
10,2755.75,1,310015,1052512208,101,ID002,3117A-3123A-9999A-9999E,ID002,300995843
10,2755.75,1,310015,1052512208,101,ID002,3117A-3123A-9999A-9999E,ID002,300995845
10,2755.75,1,310015,1052512208,101,ID002,3117A-3123A-9999A-9999E,ID002,300995846
10,2755.75,1,310015,1052512208,101,ID002,3117A-3123A-9999A-9999E,ID002,300995847
10,2755.75,1,310015,1052512208,101,ID002,3117A-3123A-9999A-9999E,ID002,300995849
10,2755.75,1,310015,1052512208,101,ID002,3117A-3123A-9999A-9999E,ID002,300995850
10,2755.75,1,310015,1052512209,101,ID002,3117A-3123A-3132A-9999A-9999E,ID002,300995874
10,2755.75,1,310015,1052512209,101,ID002,3117A-3123A-3132A-9999A-9999E,ID002,300995875
10,2755.75,1,310015,1052512209,101,ID002,3117A-3123A-3132A-9999A-9999E,ID002,300995876
10,2755.75,1,310015,1052512209,101,ID002,3117A-3123A-3132A-9999A-9999E,ID002,300995877
10,2755.75,1,310015,1052512209,101,ID002,3117A-3123A-3132A-9999A-9999E,ID002,300995909
10,2755.75,1,310015,1052512209,101,ID002,3117A-3123A-3132A-9999A-9999E,ID002,300995919
10,2755.75,1,310015,1052512209,101,ID002,3117A-3123A-3132A-9999A-9999E,ID002,300995920
10,2755.75,1,310015,1052512209,101,ID002,3117A-3123A-3132A-9999A-9999E,ID002,300995921
10,2755.75,1,310015,1052512210,101,ID002,3117A-3123A-3132A-9999A-9999E,ID002,300995975
10,2755.75,1,310015,1052512210,101,ID002,3117A-3123A-3132A-9999A-9999E,ID002,300995976
10,2755.75,1,310015,1052512210,101,ID002,3117A-3123A-3132A-9999A-9999E,ID002,300995979
10,2755.75,1,310015,1052512210,101,ID002,3117A-3123A-3132A-9999A-9999E,ID002,300995980
10,2755.75,1,310015,1052512210,101,ID002,3117A-3123A-3132A-9999A-9999E,ID002,300995981
10,2755.75,1,310015,1052512210,101,ID002,3117A-3123A-3132A-9999A-9999E,ID002,300995982
10,2755.75,1,310015,1052512210,101,ID002,3117A-3123A-3132A-9999A-9999E,ID002,300995983
10,2755.75,1,310015,1052512210,101,ID002,3117A-3123A-3132A-9999A-9999E,ID002,300995984
10,2755.75,1,310015,1052512211,101,ID002,3117A-3123A-3132A-9999A-9999E,ID002,300996037
10,2755.75,1,310015,1052512211,101,ID002,3117A-3123A-3132A-9999A-9999E,ID002,300996038
10,2755.75,1,310015,1052512211,101,ID002,3117A-3123A-3132A-9999A-9999E,ID002,300996055
10,2755.75,1,310015,1052512211,101,ID002,3117A-3123A-3132A-9999A-9999E,ID002,300996056
10,2755.75,1,310015,1052512211,101,ID002,3117A-3123A-3132A-9999A-9999E,ID002,300996135
10,2755.75,1,310015,1052512211,101,ID002,3117A-3123A-3132A-9999A-9999E,ID002,300996140
10,2755.75,1,310015,1052512211,101,ID002,3117A-3123A-3132A-9999A-9999E,ID002,300996141
10,2755.75,1,310015,1052512211,101,ID002,3117A-3123A-3132A-9999A-9999E,ID002,300996146
10,2755.75,1,310015,1052512212,101,ID002,3117A-3123A-3132A-9999A-9999E,ID002,300996189
10,2755.75,1,310015,1052512212,101,ID002,3117A-3123A-3132A-9999A-9999E,ID002,300996190
10,2755.75,1,310015,1052512212,101,ID002,3117A-3123A-3132A-9999A-9999E,ID002,300996192
10,2755.75,1,310015,1052512212,101,ID002,3117A-3123A-3132A-9999A-9999E,ID002,300996193
10,2755.75,1,310015,1052512212,101,ID002,3117A-3123A-3132A-9999A-9999E,ID002,300996197
10,2755.75,1,310015,1052512212,101,ID002,3117A-3123A-3132A-9999A-9999E,ID002,300996198
10,2755.75,1,310015,1052512212,101,ID002,3117A-3123A-3132A-9999A-9999E,ID002,300996199
10,2755.75,1,310015,1052512212,101,ID002,3117A-3123A-3132A-9999A-9999E,ID002,300996200
10,2755.75,1,310015,1052512213,101,ID002,3117A-3123A-9999A-9999E,ID002,300996203
10,2755.75,1,310015,1052512213,101,ID002,3117A-3123A-9999A-9999E,ID002,300996205
10,2755.75,1,310015,1052512213,101,ID002,3117A-3123A-9999A-9999E,ID002,300996208
10,2755.75,1,310015,1052512213,101,ID002,3117A-3123A-9999A-9999E,ID002,300996282
10,2755.75,1,310015,1052512213,101,ID002,3117A-3123A-9999A-9999E,ID002,300996286
10,2755.75,1,310015,1052512213,101,ID002,3117A-3123A-9999A-9999E,ID002,300996287
10,2755.75,1,310015,1052512213,101,ID002,3117A-3123A-9999A-9999E,ID002,300996294
10,2755.75,1,310015,1052512213,101,ID002,3117A-3123A-9999A-9999E,ID002,300996296
10,2755.75,1,310015,1052512214,101,ID002,3117A-3123A-9999A-9999E,ID002,300996312
10,2755.75,1,310015,1052512214,101,ID002,3117A-3123A-9999A-9999E,ID002,300996313
10,2755.75,1,310015,1052512214,101,ID002,3117A-3123A-9999A-9999E,ID002,300996314
10,2755.75,1,310015,1052512214,101,ID002,3117A-3123A-9999A-9999E,ID002,300996315
10,2755.75,1,310015,1052512214,101,ID002,3117A-3123A-9999A-9999E,ID002,300996324
10,2755.75,1,310015,1052512214,101,ID002,3117A-3123A-9999A-9999E,ID002,300996325
10,2755.75,1,310015,1052512214,101,ID002,3117A-3123A-9999A-9999E,ID002,300996331
10,2755.75,1,310015,1052512214,101,ID002,3117A-3123A-9999A-9999E,ID002,300996332
10,2755.75,1,310015,1052512215,101,ID002,3117A-3123A-9999A-9999E,ID002,300996338
10,2755.75,1,310015,1052512215,101,ID002,3117A-3123A-9999A-9999E,ID002,300996339
10,2755.75,1,310015,1052512215,101,ID002,3117A-3123A-9999A-9999E,ID002,300996348
10,2755.75,1,310015,1052512215,101,ID002,3117A-3123A-9999A-9999E,ID002,300996349
10,2755.75,1,310015,1052512215,101,ID002,3117A-3123A-9999A-9999E,ID002,300996358
10,2755.75,1,310015,1052512215,101,ID002,3117A-3123A-9999A-9999E,ID002,300996359
10,2755.75,1,310015,1052512215,101,ID002,3117A-3123A-9999A-9999E,ID002,300996368
10,2755.75,1,310015,1052512215,101,ID002,3117A-3123A-9999A-9999E,ID002,300996369
10,2755.75,1,310015,1052512216,101,ID002,3117A-3123A-9999A-9999E,ID002,300996405
10,2755.75,1,310015,1052512216,101,ID002,3117A-3123A-9999A-9999E,ID002,300996406
10,2755.75,1,310015,1052512216,101,ID002,3117A-3123A-9999A-9999E,ID002,300996414
10,2755.75,1,310015,1052512216,101,ID002,3117A-3123A-9999A-9999E,ID002,300996417
10,2755.75,1,310015,1052512216,101,ID002,3117A-3123A-9999A-9999E,ID002,300996425
10,2755.75,1,310015,1052512216,101,ID002,3117A-3123A-9999A-9999E,ID002,300996426
10,2755.75,1,310015,1052512216,101,ID002,3117A-3123A-9999A-9999E,ID002,300996433
10,2755.75,1,310015,1052512216,101,ID002,3117A-3123A-9999A-9999E,ID002,300996434
10,2755.75,1,310015,1052512217,101,ID002,3117A-3123A-9999A-9999E,ID002,300996465
10,2755.75,1,310015,1052512217,101,ID002,3117A-3123A-9999A-9999E,ID002,300996467
10,2755.75,1,310015,1052512217,101,ID002,3117A-3123A-9999A-9999E,ID002,300996481
10,2755.75,1,310015,1052512217,101,ID002,3117A-3123A-9999A-9999E,ID002,300996482
10,2755.75,1,310015,1052512217,101,ID002,3117A-3123A-9999A-9999E,ID002,300996496
10,2755.75,1,310015,1052512217,101,ID002,3117A-3123A-9999A-9999E,ID002,300996497
10,2755.75,1,310015,1052512217,101,ID002,3117A-3123A-9999A-9999E,ID002,300996502
10,2755.75,1,310015,1052512217,101,ID002,3117A-3123A-9999A-9999E,ID002,300996503
10,2755.75,1,310015,1052512218,101,ID002,3117A-3123A-3132A-9999A-9999E,ID002,300996513
10,2755.75,1,310015,1052512218,101,ID002,3117A-3123A-3132A-9999A-9999E,ID002,300996514
10,2755.75,1,310015,1052512218,101,ID002,3117A-3123A-3132A-9999A-9999E,ID002,300996529
10,2755.75,1,310015,1052512218,101,ID002,3117A-3123A-3132A-9999A-9999E,ID002,300996530
10,2755.75,1,310015,1052512218,101,ID002,3117A-3123A-3132A-9999A-9999E,ID002,300996540
10,2755.75,1,310015,1052512218,101,ID002,3117A-3123A-3132A-9999A-9999E,ID002,300996541
10,2755.75,1,310015,1052512218,101,ID002,3117A-3123A-3132A-9999A-9999E,ID002,300996544
10,2755.75,1,310015,1052512218,101,ID002,3117A-3123A-3132A-9999A-9999E,ID002,300996545
10,2755.75,1,310724,1012512201,101,WA002,3040A-3045A-3053A-9999A,WA007,300995335
10,2755.75,1,310724,1012512201,101,WA002,3040A-3045A-3053A-9999A,WA007,300995360
10,2755.75,1,310724,1012512201,101,WA002,3040A-3045A-3053A-9999A,WA007,300995361
10,2755.75,1,310724,1012512201,101,WA002,3040A-3045A-3053A-9999A,WA007,300995367
10,2755.75,1,310724,1012512201,101,WA002,3040A-3045A-3053A-9999A,WA007,300995369
10,2755.75,1,310724,1012512201,101,WA002,3040A-3045A-3053A-9999A,WA007,300995391
10,2755.75,1,310724,1012512201,101,WA002,3040A-3045A-3053A-9999A,WA007,300995694
10,2755.75,1,310724,1012512202,101,WA002,3040A-3045A-3053A-3055A-3055A-9999A-9999E,WA007,300995706
10,2755.75,1,310724,1012512202,101,WA002,3040A-3045A-3053A-3055A-3055A-9999A-9999E,WA007,300995708
10,2755.75,1,310724,1012512202,101,WA002,3040A-3045A-3053A-3055A-3055A-9999A-9999E,WA007,300995711
10,2755.75,1,310724,1012512202,101,WA002,3040A-3045A-3053A-3055A-3055A-9999A-9999E,WA007,300995750
10,2755.75,1,310724,1012512202,101,WA002,3040A-3045A-3053A-3055A-3055A-9999A-9999E,WA007,300995785
10,2755.75,1,310724,1012512202,101,WA002,3040A-3045A-3053A-3055A-3055A-9999A-9999E,WA007,300995786
10,2755.75,1,310724,1012512202,101,WA002,3040A-3045A-3053A-3055A-3055A-9999A-9999E,WA007,300995787
10,2755.75,1,310724,1012512202,101,WA002,3040A-3045A-3053A-3055A-3055A-9999A-9999E,WA007,300995788
10,2755.75,1,310724,1012512203,101,WA002,3040A-3045A-3053A-3055A-3055A-9999A-9999E,WA007,300995793
10,2755.75,1,310724,1012512203,101,WA002,3040A-3045A-3053A-3055A-3055A-9999A-9999E,WA007,300995808
10,2755.75,1,310724,1012512203,101,WA002,3040A-3045A-3053A-3055A-3055A-9999A-9999E,WA007,300995880
10,2755.75,1,310724,1012512203,101,WA002,3040A-3045A-3053A-3055A-3055A-9999A-9999E,WA007,300995881
10,2755.75,1,310724,1012512203,101,WA002,3040A-3045A-3053A-3055A-3055A-9999A-9999E,WA007,300995886
10,2755.75,1,310724,1012512203,101,WA002,3040A-3045A-3053A-3055A-3055A-9999A-9999E,WA007,300995888
10,2755.75,1,310724,1012512203,101,WA002,3040A-3045A-3053A-3055A-3055A-9999A-9999E,WA007,300995889
10,2755.75,1,310724,1012512203,101,WA002,3040A-3045A-3053A-3055A-3055A-9999A-9999E,WA007,300995895
10,2755.75,1,310724,1012512204,101,WA002,3040A-3045A-3053A-3055A-3055A-9999A-9999C-9999E,WA007,300995935
10,2755.75,1,310724,1012512204,101,WA002,3040A-3045A-3053A-3055A-3055A-9999A-9999C-9999E,WA007,300995937
10,2755.75,1,310724,1012512204,101,WA002,3040A-3045A-3053A-3055A-3055A-9999A-9999C-9999E,WA007,300995939
10,2755.75,1,310724,1012512204,101,WA002,3040A-3045A-3053A-3055A-3055A-9999A-9999C-9999E,WA007,300995941
10,2755.75,1,310724,1012512204,101,WA002,3040A-3045A-3053A-3055A-3055A-9999A-9999C-9999E,WA007,300995944
10,2755.75,1,310724,1012512204,101,WA002,3040A-3045A-3053A-3055A-3055A-9999A-9999C-9999E,WA007,300995998
10,2755.75,1,310724,1012512204,101,WA002,3040A-3045A-3053A-3055A-3055A-9999A-9999C-9999E,WA007,300995999
10,2755.75,1,310724,1012512204,101,WA002,3040A-3045A-3053A-3055A-3055A-9999A-9999C-9999E,WA007,300996000
10,2755.75,1,310724,1012512205,101,WA002,3040A-3043A-3045A-3053A-3055A-3055A-9999A-9999E,WA007,300996013
10,2755.75,1,310724,1012512205,101,WA002,3040A-3043A-3045A-3053A-3055A-3055A-9999A-9999E,WA007,300996014
10,2755.75,1,310724,1012512205,101,WA002,3040A-3043A-3045A-3053A-3055A-3055A-9999A-9999E,WA007,300996015
10,2755.75,1,310724,1012512208,101,WA002,3040A-3043A-3045A-3053A-3055A-3055A-9999A-9999E,WA007,300996408
10,2755.75,1,310724,1012512208,101,WA002,3040A-3043A-3045A-3053A-3055A-3055A-9999A-9999E,WA007,300996409
10,2755.75,1,310726,1022512251,101,WA003,3002A-3007S-3015A-3025S-3033A-3035A-9999A-9999E,WA003,300996574
10,2755.75,1,310726,1022512251,101,WA003,3002A-3007S-3015A-3025S-3033A-3035A-9999A-9999E,WA003,300996575
10,2755.75,1,310726,1022512251,101,WA003,3002A-3007S-3015A-3025S-3033A-3035A-9999A-9999E,WA003,300996613
10,2755.75,1,310726,1022512251,101,WA003,3002A-3007S-3015A-3025S-3033A-3035A-9999A-9999E,WA003,300996614
10,2755.75,1,310726,1022512251,101,WA003,3002A-3007S-3015A-3025S-3033A-3035A-9999A-9999E,WA003,300996615
10,2755.75,1,310726,1022512251,101,WA003,3002A-3007S-3015A-3025S-3033A-3035A-9999A-9999E,WA003,300996616
10,2755.75,1,310726,1022512251,101,WA003,3002A-3007S-3015A-3025S-3033A-3035A-9999A-9999E,WA003,300996617
10,2755.75,1,310726,1022512252,101,WA003,3002A-3007S-3015A-3025S-3033A-3035A-9999A-9999C-9999CS-9999E,WA003,300996631
10,2755.75,1,310726,1022512261,101,WA003,3002A-3007S-3015A-3025S-3033A-3035A-9999A-9999C-9999CS-9999E,WA007,300997186
10,2755.75,1,310726,1022512261,101,WA003,3002A-3007S-3015A-3025S-3033A-3035A-9999A-9999C-9999CS-9999E,WA007,300997187
10,2755.75,1,310726,1022512261,101,WA003,3002A-3007S-3015A-3025S-3033A-3035A-9999A-9999C-9999CS-9999E,WA007,300997198
10,2755.75,1,310726,1022512261,101,WA003,3002A-3007S-3015A-3025S-3033A-3035A-9999A-9999C-9999CS-9999E,WA007,300997199
10,2755.75,1,310726,1022512261,101,WA003,3002A-3007S-3015A-3025S-3033A-3035A-9999A-9999C-9999CS-9999E,WA007,300997214
10,2755.75,1,310726,1022512261,101,WA003,3002A-3007S-3015A-3025S-3033A-3035A-9999A-9999C-9999CS-9999E,WA007,300997215
10,2755.75,1,310726,1022512261,101,WA003,3002A-3007S-3015A-3025S-3033A-3035A-9999A-9999C-9999CS-9999E,WA007,300997221
10,2755.75,1,310726,1022512261,101,WA003,3002A-3007S-3015A-3025S-3033A-3035A-9999A-9999C-9999CS-9999E,WA007,300997226
10,2755.75,1,310726,1022512262,101,WA003,3007S-3015A-3025S-3033A-3035A-9999A-9999C-9999CS-9999E,WA007,300997276
10,2755.75,1,310726,1022512262,101,WA003,3007S-3015A-3025S-3033A-3035A-9999A-9999C-9999CS-9999E,WA007,300997277
10,2755.75,1,310726,1022512262,101,WA003,3007S-3015A-3025S-3033A-3035A-9999A-9999C-9999CS-9999E,WA007,300997280
10,2755.75,1,310726,1022512262,101,WA003,3007S-3015A-3025S-3033A-3035A-9999A-9999C-9999CS-9999E,WA007,300997281
10,2755.75,1,310726,1022512262,101,WA003,3007S-3015A-3025S-3033A-3035A-9999A-9999C-9999CS-9999E,WA007,300997282
10,2755.75,1,310726,1022512262,101,WA003,3007S-3015A-3025S-3033A-3035A-9999A-9999C-9999CS-9999E,WA007,300997283
10,2755.75,1,310726,1022512262,101,WA003,3007S-3015A-3025S-3033A-3035A-9999A-9999C-9999CS-9999E,WA007,300997284
10,2755.75,1,310726,1022512262,101,WA003,3007S-3015A-3025S-3033A-3035A-9999A-9999C-9999CS-9999E,WA007,300997285
10,2755.75,1,310726,1022512263,101,WA003,3007S-3015A-3025S-3033A-3035A-9999A-9999C-9999CS-9999E,WA007,300997444
10,2755.75,1,310726,1022512263,101,WA003,3007S-3015A-3025S-3033A-3035A-9999A-9999C-9999CS-9999E,WA007,300997445
10,2755.75,1,310726,1022512263,101,WA003,3007S-3015A-3025S-3033A-3035A-9999A-9999C-9999CS-9999E,WA007,300997446
10,2755.75,1,310726,1022512263,101,WA003,3007S-3015A-3025S-3033A-3035A-9999A-9999C-9999CS-9999E,WA007,300997447
10,2755.75,1,310726,1022512263,101,WA003,3007S-3015A-3025S-3033A-3035A-9999A-9999C-9999CS-9999E,WA007,300997448
10,2755.75,1,310726,1022512263,101,WA003,3007S-3015A-3025S-3033A-3035A-9999A-9999C-9999CS-9999E,WA007,300997449
10,2755.75,1,310726,1022512263,101,WA003,3007S-3015A-3025S-3033A-3035A-9999A-9999C-9999CS-9999E,WA007,300997450
10,2755.75,1,310726,1022512263,101,WA003,3007S-3015A-3025S-3033A-3035A-9999A-9999C-9999CS-9999E,WA007,300997451
10,2755.75,1,310726,1022512264,101,WA003,3025S-3033A-9999A-9999E,WA007,300997469
10,2755.75,1,310726,1022512264,101,WA003,3025S-3033A-9999A-9999E,WA007,300997475
10,2755.75,1,310726,1022512264,101,WA003,3025S-3033A-9999A-9999E,WA007,300997476
10,2755.75,1,310726,1022512264,101,WA003,3025S-3033A-9999A-9999E,WA007,300997504
10,496.035,0,310726,1022512264,101,WA003,3025S-3033A-9999A-9999E,WA007,300997539
11,2755.75,1,310002,1002512101,102,WA001,9999A,WA001,300994864
11,2755.75,1,310002,1002512101,102,WA001,9999A,WA001,300994865
11,2755.75,1,310002,1002512101,102,WA001,9999A,WA001,300994883
11,2755.75,1,310002,1002512101,102,WA001,9999A,WA001,300994886
11,2755.75,1,310002,1002512101,102,WA001,9999A,WA001,300994894
11,2755.75,1,310002,1002512101,102,WA001,9999A,WA001,300994911
11,2755.75,1,310015,1002512101,101,WA001,9999A-9999E,WA001,300994028
11,2755.75,1,310015,1002512101,101,WA001,9999A-9999E,WA001,300994113
11,2755.75,1,310015,1002512101,101,WA001,9999A-9999E,WA001,300994114
11,2755.75,1,310015,1002512101,101,WA001,9999A-9999E,WA001,300994115
11,2755.75,1,310015,1002512101,101,WA001,9999A-9999E,WA001,300994149
11,2755.75,1,310015,1002512101,101,WA001,9999A-9999E,WA001,300994150
11,2755.75,1,310015,1002512101,101,WA001,9999A-9999E,WA001,300994151
11,2755.75,1,310015,1002512101,101,WA001,9999A-9999E,WA001,300994153
11,2755.75,1,310015,1002512102,101,WA001,9999A-9999E,WA001,300994174
11,2755.75,1,310015,1002512102,101,WA001,9999A-9999E,WA001,300994204
11,2755.75,1,310015,1002512102,101,WA001,9999A-9999E,WA001,300994208
11,2755.75,1,310015,1002512102,101,WA001,9999A-9999E,WA001,300994236
11,2755.75,1,310015,1002512102,101,WA001,9999A-9999E,WA001,300994237
11,2755.75,1,310015,1002512102,101,WA001,9999A-9999E,WA001,300994252
11,2755.75,1,310015,1002512102,101,WA001,9999A-9999E,WA001,300994273
11,2755.75,1,310015,1002512102,101,WA001,9999A-9999E,WA001,300994276
11,2755.75,1,310015,1002512103,101,WA001,9999A-9999E,WA001,300994281
11,2755.75,1,310015,1002512103,101,WA001,9999A-9999E,WA001,300994352
11,2755.75,1,310015,1002512103,101,WA001,9999A-9999E,WA001,300994354
11,2755.75,1,310015,1002512103,101,WA001,9999A-9999E,WA001,300994406
11,2755.75,1,310015,1002512103,101,WA001,9999A-9999E,WA001,300994414
11,2755.75,1,310015,1002512103,101,WA001,9999A-9999E,WA001,300994433
11,2094.37,1,310015,1002512103,101,WA001,9999A-9999E,WA001,300994826
11,2755.75,1,310015,1052512101,101,ID002,3117A-3123A-9999A-9999E,ID010,300993761
11,2755.75,1,310015,1052512101,101,ID002,3117A-3123A-9999A-9999E,ID010,300993770
11,2755.75,1,310015,1052512101,101,ID002,3117A-3123A-9999A-9999E,ID010,300993813
11,2755.75,1,310015,1052512101,101,ID002,3117A-3123A-9999A-9999E,ID010,300993814
11,2755.75,1,310015,1052512102,101,ID002,3117A-3123A-9999A-9999E,ID010,300993831
11,2755.75,1,310015,1052512102,101,ID002,3117A-3123A-9999A-9999E,ID010,300993832
11,2755.75,1,310015,1052512102,101,ID002,3117A-3123A-9999A-9999E,ID010,300993833
11,2755.75,1,310015,1052512102,101,ID002,3117A-3123A-9999A-9999E,ID010,300993834
11,2755.75,1,310015,1052512102,101,ID002,3117A-3123A-9999A-9999E,ID010,300993852
11,2755.75,1,310015,1052512102,101,ID002,3117A-3123A-9999A-9999E,ID010,300993853
11,2755.75,1,310015,1052512102,101,ID002,3117A-3123A-9999A-9999E,ID010,300993854
11,2755.75,1,310015,1052512102,101,ID002,3117A-3123A-9999A-9999E,ID010,300993855
11,2755.75,1,310015,1052512103,101,ID002,3117A-3123A-9999A-9999E,ID010,300993890
11,2755.75,1,310015,1052512103,101,ID002,3117A-3123A-9999A-9999E,ID010,300993895
11,2755.75,1,310015,1052512103,101,ID002,3117A-3123A-9999A-9999E,ID010,300993896
11,2755.75,1,310015,1052512103,101,ID002,3117A-3123A-9999A-9999E,ID010,300993898
11,2755.75,1,310015,1052512103,101,ID002,3117A-3123A-9999A-9999E,ID010,300993899
11,2755.75,1,310015,1052512103,101,ID002,3117A-3123A-9999A-9999E,ID010,300993900
11,2755.75,1,310015,1052512103,101,ID002,3117A-3123A-9999A-9999E,ID010,300993931
11,2755.75,1,310015,1052512103,101,ID002,3117A-3123A-9999A-9999E,ID010,300993932
11,2755.75,1,310015,1052512104,101,ID002,3117A-3123A-9999A-9999E,ID010,300993937
11,2755.75,1,310015,1052512104,101,ID002,3117A-3123A-9999A-9999E,ID010,300993938
11,2755.75,1,310015,1052512104,101,ID002,3117A-3123A-9999A-9999E,ID010,300993939
11,2755.75,1,310015,1052512104,101,ID002,3117A-3123A-9999A-9999E,ID010,300993940
11,2755.75,1,310015,1052512104,101,ID002,3117A-3123A-9999A-9999E,ID010,300993942
11,2755.75,1,310015,1052512104,101,ID002,3117A-3123A-9999A-9999E,ID010,300993943
11,2094.37,1,310015,1052512104,101,ID002,3117A-3123A-9999A-9999E,ID010,300993992
11,2755.75,1,310015,1052512104,101,ID002,3117A-3123A-9999A-9999E,ID010,300994017
11,2755.75,1,310015,1052512105,101,ID002,3117A-3123A-9999A-9999E,ID010,300994036
11,2755.75,1,310015,1052512105,101,ID002,3117A-3123A-9999A-9999E,ID010,300994037
11,2755.75,1,310015,1052512105,101,ID002,3117A-3123A-9999A-9999E,ID010,300994038
11,2755.75,1,310015,1052512105,101,ID002,3117A-3123A-9999A-9999E,ID010,300994039
11,2755.75,1,310015,1052512105,101,ID002,3117A-3123A-9999A-9999E,ID010,300994058
11,2755.75,1,310015,1052512105,101,ID002,3117A-3123A-9999A-9999E,ID010,300994059
11,2755.75,1,310015,1052512105,101,ID002,3117A-3123A-9999A-9999E,ID010,300994060
11,2755.75,1,310015,1052512105,101,ID002,3117A-3123A-9999A-9999E,ID010,300994061
11,2755.75,1,310015,1052512106,101,ID002,3117A-3123A-9999A-9999E,ID010,300994092
11,2755.75,1,310015,1052512106,101,ID002,3117A-3123A-9999A-9999E,ID010,300994094
11,2755.75,1,310015,1052512106,101,ID002,3117A-3123A-9999A-9999E,ID010,300994095
11,2755.75,1,310015,1052512106,101,ID002,3117A-3123A-9999A-9999E,ID010,300994097
11,2755.75,1,310015,1052512106,101,ID002,3117A-3123A-9999A-9999E,ID010,300994127
11,2755.75,1,310015,1052512106,101,ID002,3117A-3123A-9999A-9999E,ID010,300994128
11,2755.75,1,310015,1052512106,101,ID002,3117A-3123A-9999A-9999E,ID010,300994129
11,2755.75,1,310015,1052512106,101,ID002,3117A-3123A-9999A-9999E,ID010,300994131
11,2755.75,1,310015,1052512107,101,ID002,3117A-3123A-9999A-9999E,ID010,300994160
11,2755.75,1,310015,1052512107,101,ID002,3117A-3123A-9999A-9999E,ID010,300994162
11,2755.75,1,310015,1052512107,101,ID002,3117A-3123A-9999A-9999E,ID010,300994163
11,2755.75,1,310015,1052512107,101,ID002,3117A-3123A-9999A-9999E,ID010,300994164
11,2755.75,1,310015,1052512107,101,ID002,3117A-3123A-9999A-9999E,ID010,300994187
11,2755.75,1,310015,1052512107,101,ID002,3117A-3123A-9999A-9999E,ID010,300994188
11,2755.75,1,310015,1052512107,101,ID002,3117A-3123A-9999A-9999E,ID010,300994189
11,2755.75,1,310015,1052512107,101,ID002,3117A-3123A-9999A-9999E,ID010,300994190
11,2755.75,1,310015,1052512108,101,ID002,3117A-3123A-9999A-9999E,ID010,300994245
11,2755.75,1,310015,1052512108,101,ID002,3117A-3123A-9999A-9999E,ID010,300994246
11,2755.75,1,310015,1052512108,101,ID002,3117A-3123A-9999A-9999E,ID010,300994247
11,2755.75,1,310015,1052512108,101,ID002,3117A-3123A-9999A-9999E,ID010,300994248
11,2755.75,1,310015,1052512108,101,ID002,3117A-3123A-9999A-9999E,ID010,300994249
11,2755.75,1,310015,1052512108,101,ID002,3117A-3123A-9999A-9999E,ID010,300994250
11,2755.75,1,310015,1052512108,101,ID002,3117A-3123A-9999A-9999E,ID010,300994286
11,2755.75,1,310015,1052512108,101,ID002,3117A-3123A-9999A-9999E,ID010,300994287
11,2755.75,1,310015,1052512109,101,ID002,3117A-3123A-9999A-9999E,ID002,300994301
11,2755.75,1,310015,1052512109,101,ID002,3117A-3123A-9999A-9999E,ID002,300994303
11,2755.75,1,310015,1052512109,101,ID002,3117A-3123A-9999A-9999E,ID002,300994304
11,2755.75,1,310015,1052512109,101,ID002,3117A-3123A-9999A-9999E,ID002,300994305
11,2755.75,1,310015,1052512109,101,ID002,3117A-3123A-9999A-9999E,ID002,300994327
11,2755.75,1,310015,1052512109,101,ID002,3117A-3123A-9999A-9999E,ID002,300994328
11,2755.75,1,310015,1052512109,101,ID002,3117A-3123A-9999A-9999E,ID002,300994330
11,2755.75,1,310015,1052512109,101,ID002,3117A-3123A-9999A-9999E,ID010,300994329
11,2755.75,1,310015,1052512110,101,ID002,3117A-3123A-9999A-9999E,ID010,300994382
11,2755.75,1,310015,1052512110,101,ID002,3117A-3123A-9999A-9999E,ID010,300994387
11,2755.75,1,310015,1052512110,101,ID002,3117A-3123A-9999A-9999E,ID010,300994389
11,2755.75,1,310015,1052512110,101,ID002,3117A-3123A-9999A-9999E,ID010,300994390
11,2755.75,1,310015,1052512110,101,ID002,3117A-3123A-9999A-9999E,ID010,300994432
11,2755.75,1,310015,1052512110,101,ID002,3117A-3123A-9999A-9999E,ID010,300994950
11,2755.75,1,310015,1052512110,101,ID002,3117A-3123A-9999A-9999E,ID010,300995089
11,2755.75,1,310015,1052512110,101,ID002,3117A-3123A-9999A-9999E,ID010,300995101
11,2755.75,1,310015,1052512111,101,ID002,3117A-3123A-9999A-9999E,ID010,300995102
11,2755.75,1,310015,1052512111,101,ID002,3117A-3123A-9999A-9999E,ID010,300995103
11,2755.75,1,310015,1052512111,101,ID002,3117A-3123A-9999A-9999E,ID010,300995104
11,2755.75,1,310015,1052512111,101,ID002,3117A-3123A-9999A-9999E,ID010,300995105
11,2755.75,1,310015,1052512111,101,ID002,3117A-3123A-9999A-9999E,ID010,300995129
11,2755.75,1,310015,1052512111,101,ID002,3117A-3123A-9999A-9999E,ID010,300995130
11,2755.75,1,310015,1052512111,101,ID002,3117A-3123A-9999A-9999E,ID010,300995144
11,2755.75,1,310015,1052512111,101,ID002,3117A-3123A-9999A-9999E,ID010,300995145
11,2755.75,1,310015,1052512112,101,ID002,3117A-3123A-9999A-9999E,ID010,300995162
11,2755.75,1,310015,1052512112,101,ID002,3117A-3123A-9999A-9999E,ID010,300995163
11,2755.75,1,310015,1052512112,101,ID002,3117A-3123A-9999A-9999E,ID010,300995174
11,2755.75,1,310015,1052512112,101,ID002,3117A-3123A-9999A-9999E,ID010,300995175
11,2755.75,1,310724,1012512101,101,WA002,3040A-3045A-3053A-9999A,WA007,300993763
11,2755.75,1,310724,1012512103,101,WA002,3040A-3043A-3045A-3053A-3055A-3055A-9999A-9999E,WA007,300994055
11,2755.75,1,310724,1012512103,101,WA002,3040A-3043A-3045A-3053A-3055A-3055A-9999A-9999E,WA007,300994056
11,2755.75,1,310724,1012512103,101,WA002,3040A-3043A-3045A-3053A-3055A-3055A-9999A-9999E,WA007,300994062
11,2755.75,1,310724,1012512103,101,WA002,3040A-3043A-3045A-3053A-3055A-3055A-9999A-9999E,WA007,300994064
11,2755.75,1,310724,1012512104,101,WA002,3040A-3045A-3053A-3055A-3055A-9999A-9999E,WA007,300994090
11,2755.75,1,310724,1012512104,101,WA002,3040A-3045A-3053A-3055A-3055A-9999A-9999E,WA007,300994093
11,2755.75,1,310724,1012512104,101,WA002,3040A-3045A-3053A-3055A-3055A-9999A-9999E,WA007,300994096
11,2755.75,1,310724,1012512104,101,WA002,3040A-3045A-3053A-3055A-3055A-9999A-9999E,WA007,300994098
11,2755.75,1,310724,1012512104,101,WA002,3040A-3045A-3053A-3055A-3055A-9999A-9999E,WA007,300994110
11,2755.75,1,310724,1012512104,101,WA002,3040A-3045A-3053A-3055A-3055A-9999A-9999E,WA007,300994144
11,2755.75,1,310724,1012512104,101,WA002,3040A-3045A-3053A-3055A-3055A-9999A-9999E,WA007,300994145
11,2755.75,1,310724,1012512104,101,WA002,3040A-3045A-3053A-3055A-3055A-9999A-9999E,WA007,300994146
11,2755.75,1,310724,1012512105,101,WA002,3040A-3045A-3053A-9999A-9999E,WA007,300994147
11,2755.75,1,310724,1012512105,101,WA002,3040A-3045A-3053A-9999A-9999E,WA007,300994148
11,2755.75,1,310724,1012512105,101,WA002,3040A-3045A-3053A-9999A-9999E,WA007,300994203
11,2755.75,1,310724,1012512105,101,WA002,3040A-3045A-3053A-9999A-9999E,WA007,300994205
11,2755.75,1,310724,1012512105,101,WA002,3040A-3045A-3053A-9999A-9999E,WA007,300994206
11,2755.75,1,310724,1012512105,101,WA002,3040A-3045A-3053A-9999A-9999E,WA007,300994207
11,2755.75,1,310724,1012512105,101,WA002,3040A-3045A-3053A-9999A-9999E,WA007,300994214
11,2755.75,1,310724,1012512105,101,WA002,3040A-3045A-3053A-9999A-9999E,WA007,300994215
11,2755.75,1,310724,1012512106,101,WA002,3040A-3045A-3053A-9999A-9999E,WA007,300994238
11,2755.75,1,310724,1012512106,101,WA002,3040A-3045A-3053A-9999A-9999E,WA007,300994239
11,2755.75,1,310724,1012512106,101,WA002,3040A-3045A-3053A-9999A-9999E,WA007,300994240
11,2755.75,1,310724,1012512106,101,WA002,3040A-3045A-3053A-9999A-9999E,WA007,300994269
11,2755.75,1,310724,1012512106,101,WA002,3040A-3045A-3053A-9999A-9999E,WA007,300994270
11,2755.75,1,310724,1012512106,101,WA002,3040A-3045A-3053A-9999A-9999E,WA007,300994271
11,2755.75,1,310724,1012512106,101,WA002,3040A-3045A-3053A-9999A-9999E,WA007,300994285
11,2755.75,1,310724,1012512106,101,WA002,3040A-3045A-3053A-9999A-9999E,WA007,300994289
11,2755.75,1,310724,1012512107,101,WA002,3040A-3045A-3053A-9999A-9999E,WA007,300994334
11,2755.75,1,310724,1012512107,101,WA002,3040A-3045A-3053A-9999A-9999E,WA007,300994335
11,2755.75,1,310724,1012512107,101,WA002,3040A-3045A-3053A-9999A-9999E,WA007,300994336
11,2755.75,1,310724,1012512107,101,WA002,3040A-3045A-3053A-9999A-9999E,WA007,300994337
11,2755.75,1,310724,1012512107,101,WA002,3040A-3045A-3053A-9999A-9999E,WA007,300994350
11,2755.75,1,310724,1012512107,101,WA002,3040A-3045A-3053A-9999A-9999E,WA007,300994351
11,2755.75,1,310724,1012512107,101,WA002,3040A-3045A-3053A-9999A-9999E,WA007,300994353
11,2755.75,1,310724,1012512109,101,WA002,3040A-3045A-3053A-9999A-9999E,WA007,300994510
11,2755.75,1,310724,1012512110,101,WA002,3040A-3045A-3053A-9999A-9999E,WA007,300994511
11,2755.75,1,310724,1012512110,101,WA002,3040A-3045A-3053A-9999A-9999E,WA007,300994533
11,2755.75,1,310724,1012512110,101,WA002,3040A-3045A-3053A-9999A-9999E,WA007,300994534
11,2755.75,1,310724,1012512110,101,WA002,3040A-3045A-3053A-9999A-9999E,WA007,300994535
11,2755.75,1,310724,1012512110,101,WA002,3040A-3045A-3053A-9999A-9999E,WA007,300994576
11,2755.75,1,310724,1012512110,101,WA002,3040A-3045A-3053A-9999A-9999E,WA007,300994577
11,2755.75,1,310724,1012512110,101,WA002,3040A-3045A-3053A-9999A-9999E,WA007,300994578
11,2755.75,1,310724,1012512110,101,WA002,3040A-3045A-3053A-9999A-9999E,WA007,300994583
11,2755.75,1,310724,1012512111,101,WA002,3040A-3045A-3053A-9999A-9999E,WA007,300994586
11,2755.75,1,310724,1012512111,101,WA002,3040A-3045A-3053A-9999A-9999E,WA007,300994587
11,2755.75,1,310724,1012512113,101,WA002,3040A-3045A-3053A-9999A-9999E,WA007,300994937
11,2755.75,1,310724,1012512113,101,WA002,3040A-3045A-3053A-9999A-9999E,WA007,300994980
11,2755.75,1,310724,1012512113,101,WA002,3040A-3045A-3053A-9999A-9999E,WA007,300994981
11,2755.75,1,310724,1012512114,101,WA002,3040A-3045A-3053A-3055A-3055A-9999A-9999E,WA007,300994982
11,2755.75,1,310726,1022512151,101,WA003,3007S-3025S-3033A-3035A-9999A-9999E,WA007,300995189
11,2755.75,1,310726,1022512151,101,WA003,3007S-3025S-3033A-3035A-9999A-9999E,WA007,300995190
11,2755.75,1,310726,1022512151,101,WA003,3007S-3025S-3033A-3035A-9999A-9999E,WA007,300995191
11,2755.75,1,310726,1022512151,101,WA003,3007S-3025S-3033A-3035A-9999A-9999E,WA007,300995192
11,2755.75,1,310726,1022512151,101,WA003,3007S-3025S-3033A-3035A-9999A-9999E,WA007,300995196
11,2755.75,1,310726,1022512151,101,WA003,3007S-3025S-3033A-3035A-9999A-9999E,WA007,300995197
11,2755.75,1,310726,1022512151,101,WA003,3007S-3025S-3033A-3035A-9999A-9999E,WA007,300995198
11,2755.75,1,310726,1022512151,101,WA003,3007S-3025S-3033A-3035A-9999A-9999E,WA007,300995199
11,2755.75,1,310726,1022512152,101,WA003,3005WGUM-3005WGUM-3007DRYGUM-3007FO-3007S-3025S-3033A-3035A-9999A-9999C-9999CS-9999E,WA007,300995244
11,2755.75,1,310726,1022512152,101,WA003,3005WGUM-3005WGUM-3007DRYGUM-3007FO-3007S-3025S-3033A-3035A-9999A-9999C-9999CS-9999E,WA007,300995245
11,2755.75,1,310726,1022512152,101,WA003,3005WGUM-3005WGUM-3007DRYGUM-3007FO-3007S-3025S-3033A-3035A-9999A-9999C-9999CS-9999E,WA007,300995246
11,2755.75,1,310726,1022512152,101,WA003,3005WGUM-3005WGUM-3007DRYGUM-3007FO-3007S-3025S-3033A-3035A-9999A-9999C-9999CS-9999E,WA007,300995263
11,2755.75,1,310726,1022512152,101,WA003,3005WGUM-3005WGUM-3007DRYGUM-3007FO-3007S-3025S-3033A-3035A-9999A-9999C-9999CS-9999E,WA007,300995392
11,2755.75,1,310726,1022512152,101,WA003,3005WGUM-3005WGUM-3007DRYGUM-3007FO-3007S-3025S-3033A-3035A-9999A-9999C-9999CS-9999E,WA007,300995394
11,2755.75,1,310726,1022512152,101,WA003,3005WGUM-3005WGUM-3007DRYGUM-3007FO-3007S-3025S-3033A-3035A-9999A-9999C-9999CS-9999E,WA007,300995395
11,2755.75,1,310726,1022512152,101,WA003,3005WGUM-3005WGUM-3007DRYGUM-3007FO-3007S-3025S-3033A-3035A-9999A-9999C-9999CS-9999E,WA007,300995396
11,2755.75,1,310726,1022512153,101,WA003,3005WGUM-3005WGUM-3007DRYGUM-3007FO-3007S-3025S-3033A-3035A-9999A-9999C-9999CS-9999E,WA003,300995404
11,2755.75,1,310726,1022512153,101,WA003,3005WGUM-3005WGUM-3007DRYGUM-3007FO-3007S-3025S-3033A-3035A-9999A-9999C-9999CS-9999E,WA003,300995443
11,2755.75,1,310726,1022512153,101,WA003,3005WGUM-3005WGUM-3007DRYGUM-3007FO-3007S-3025S-3033A-3035A-9999A-9999C-9999CS-9999E,WA003,300995444
11,2755.75,1,310726,1022512153,101,WA003,3005WGUM-3005WGUM-3007DRYGUM-3007FO-3007S-3025S-3033A-3035A-9999A-9999C-9999CS-9999E,WA003,300995445
11,2755.75,1,310726,1022512153,101,WA003,3005WGUM-3005WGUM-3007DRYGUM-3007FO-3007S-3025S-3033A-3035A-9999A-9999C-9999CS-9999E,WA003,300995446
11,2755.75,1,310726,1022512153,101,WA003,3005WGUM-3005WGUM-3007DRYGUM-3007FO-3007S-3025S-3033A-3035A-9999A-9999C-9999CS-9999E,WA003,300995467
11,2755.75,1,310726,1022512153,101,WA003,3005WGUM-3005WGUM-3007DRYGUM-3007FO-3007S-3025S-3033A-3035A-9999A-9999C-9999CS-9999E,WA003,300995468
11,2755.75,1,310726,1022512153,101,WA003,3005WGUM-3005WGUM-3007DRYGUM-3007FO-3007S-3025S-3033A-3035A-9999A-9999C-9999CS-9999E,WA003,300995469
11,2755.75,1,310726,1022512154,101,WA003,3005WGUM-3005WGUM-3007DRYGUM-3007FO-3007S-3025S-3033A-3035A-9999A-9999C-9999CS-9999E,WA007,300995584
11,2755.75,1,310726,1022512154,101,WA003,3005WGUM-3005WGUM-3007DRYGUM-3007FO-3007S-3025S-3033A-3035A-9999A-9999C-9999CS-9999E,WA007,300995585
11,2755.75,1,310726,1022512155,101,WA003,3005WGUM-3005WGUM-3007DRYGUM-3007FO-3007S-3025S-3033A-3035A-9999A-9999C-9999CS-9999E,WA003,300995592
11,2755.75,1,310726,1022512155,101,WA003,3005WGUM-3005WGUM-3007DRYGUM-3007FO-3007S-3025S-3033A-3035A-9999A-9999C-9999CS-9999E,WA003,300995593
11,2755.75,1,310726,1022512155,101,WA003,3005WGUM-3005WGUM-3007DRYGUM-3007FO-3007S-3025S-3033A-3035A-9999A-9999C-9999CS-9999E,WA003,300995682
11,2755.75,1,310726,1022512155,101,WA003,3005WGUM-3005WGUM-3007DRYGUM-3007FO-3007S-3025S-3033A-3035A-9999A-9999C-9999CS-9999E,WA003,300995689
11,2755.75,1,310726,1022512155,101,WA003,3005WGUM-3005WGUM-3007DRYGUM-3007FO-3007S-3025S-3033A-3035A-9999A-9999C-9999CS-9999E,WA003,300995690
11,2755.75,1,310726,1022512155,101,WA003,3005WGUM-3005WGUM-3007DRYGUM-3007FO-3007S-3025S-3033A-3035A-9999A-9999C-9999CS-9999E,WA003,300995691
11,2755.75,1,310726,1022512155,101,WA003,3005WGUM-3005WGUM-3007DRYGUM-3007FO-3007S-3025S-3033A-3035A-9999A-9999C-9999CS-9999E,WA003,300995692
11,2755.75,1,310726,1022512155,101,WA003,3005WGUM-3005WGUM-3007DRYGUM-3007FO-3007S-3025S-3033A-3035A-9999A-9999C-9999CS-9999E,WA003,300995693
11,2755.75,1,310726,1022512156,101,WA003,3005WGUM-3005WGUM-3007DRYGUM-3007FO-3007S-3025S-3033A-3035A-9999A-9999C-9999CS-9999E,WA003,300995712
11,2755.75,1,310726,1022512156,101,WA003,3005WGUM-3005WGUM-3007DRYGUM-3007FO-3007S-3025S-3033A-3035A-9999A-9999C-9999CS-9999E,WA003,300995714
11,2755.75,1,310726,1022512156,101,WA003,3005WGUM-3005WGUM-3007DRYGUM-3007FO-3007S-3025S-3033A-3035A-9999A-9999C-9999CS-9999E,WA003,300995795
11,2755.75,1,310726,1022512156,101,WA003,3005WGUM-3005WGUM-3007DRYGUM-3007FO-3007S-3025S-3033A-3035A-9999A-9999C-9999CS-9999E,WA003,300995796
11,2755.75,1,310726,1022512156,101,WA003,3005WGUM-3005WGUM-3007DRYGUM-3007FO-3007S-3025S-3033A-3035A-9999A-9999C-9999CS-9999E,WA003,300995797
11,2755.75,1,310726,1022512156,101,WA003,3005WGUM-3005WGUM-3007DRYGUM-3007FO-3007S-3025S-3033A-3035A-9999A-9999C-9999CS-9999E,WA003,300995798
11,2755.75,1,310726,1022512156,101,WA003,3005WGUM-3005WGUM-3007DRYGUM-3007FO-3007S-3025S-3033A-3035A-9999A-9999C-9999CS-9999E,WA003,300995799
11,2755.75,1,310726,1022512156,101,WA003,3005WGUM-3005WGUM-3007DRYGUM-3007FO-3007S-3025S-3033A-3035A-9999A-9999C-9999CS-9999E,WA003,300995800
11,2755.75,1,310726,1022512157,101,WA003,3005WGUM-3005WGUM-3007DRYGUM-3007FO-3007S-3025S-3033A-3035A-9999A-9999C-9999CS-9999E,WA003,300995801
11,2755.75,1,310726,1022512157,101,WA003,3005WGUM-3005WGUM-3007DRYGUM-3007FO-3007S-3025S-3033A-3035A-9999A-9999C-9999CS-9999E,WA003,300995802
11,2755.75,1,310726,1022512157,101,WA003,3005WGUM-3005WGUM-3007DRYGUM-3007FO-3007S-3025S-3033A-3035A-9999A-9999C-9999CS-9999E,WA003,300995804
11,2755.75,1,310726,1022512157,101,WA003,3005WGUM-3005WGUM-3007DRYGUM-3007FO-3007S-3025S-3033A-3035A-9999A-9999C-9999CS-9999E,WA003,300995950
11,2755.75,1,310726,1022512157,101,WA003,3005WGUM-3005WGUM-3007DRYGUM-3007FO-3007S-3025S-3033A-3035A-9999A-9999C-9999CS-9999E,WA003,300995951
11,2755.75,1,310726,1022512157,101,WA003,3005WGUM-3005WGUM-3007DRYGUM-3007FO-3007S-3025S-3033A-3035A-9999A-9999C-9999CS-9999E,WA003,300995952
11,2755.75,1,310726,1022512157,101,WA003,3005WGUM-3005WGUM-3007DRYGUM-3007FO-3007S-3025S-3033A-3035A-9999A-9999C-9999CS-9999E,WA003,300995953
11,2755.75,1,310726,1022512157,101,WA003,3005WGUM-3005WGUM-3007DRYGUM-3007FO-3007S-3025S-3033A-3035A-9999A-9999C-9999CS-9999E,WA003,300995954
11,2755.75,1,310726,1022512158,101,WA003,3005WGUM-3005WGUM-3007DRYGUM-3007S-3025S-3033A-3035A-9999A-9999C-9999CS-9999E,WA003,300995956
11,2755.75,1,310726,1022512158,101,WA003,3005WGUM-3005WGUM-3007DRYGUM-3007S-3025S-3033A-3035A-9999A-9999C-9999CS-9999E,WA003,300995957
11,2755.75,1,310726,1022512158,101,WA003,3005WGUM-3005WGUM-3007DRYGUM-3007S-3025S-3033A-3035A-9999A-9999C-9999CS-9999E,WA003,300995958
11,2755.75,1,310726,1022512158,101,WA003,3005WGUM-3005WGUM-3007DRYGUM-3007S-3025S-3033A-3035A-9999A-9999C-9999CS-9999E,WA003,300995959
11,2755.75,1,310726,1022512158,101,WA003,3005WGUM-3005WGUM-3007DRYGUM-3007S-3025S-3033A-3035A-9999A-9999C-9999CS-9999E,WA003,300995964
11,2755.75,1,310726,1022512158,101,WA003,3005WGUM-3005WGUM-3007DRYGUM-3007S-3025S-3033A-3035A-9999A-9999C-9999CS-9999E,WA003,300995965
11,2755.75,1,310726,1022512158,101,WA003,3005WGUM-3005WGUM-3007DRYGUM-3007S-3025S-3033A-3035A-9999A-9999C-9999CS-9999E,WA003,300995966
11,2755.75,1,310726,1022512158,101,WA003,3005WGUM-3005WGUM-3007DRYGUM-3007S-3025S-3033A-3035A-9999A-9999C-9999CS-9999E,WA003,300995967
11,2755.75,1,310726,1022512159,101,WA003,3005WGUM-3005WGUM-3007DRYGUM-3007FO-3007S-3025S-3035A-9999A-9999C-9999CS-9999E,WA003,300996008
11,2755.75,1,310726,1022512159,101,WA003,3005WGUM-3005WGUM-3007DRYGUM-3007FO-3007S-3025S-3035A-9999A-9999C-9999CS-9999E,WA003,300996009
11,2755.75,1,310726,1022512159,101,WA003,3005WGUM-3005WGUM-3007DRYGUM-3007FO-3007S-3025S-3035A-9999A-9999C-9999CS-9999E,WA003,300996010
11,2755.75,1,310726,1022512159,101,WA003,3005WGUM-3005WGUM-3007DRYGUM-3007FO-3007S-3025S-3035A-9999A-9999C-9999CS-9999E,WA003,300996125
11,2755.75,1,310726,1022512159,101,WA003,3005WGUM-3005WGUM-3007DRYGUM-3007FO-3007S-3025S-3035A-9999A-9999C-9999CS-9999E,WA003,300996126
11,2755.75,1,310726,1022512159,101,WA003,3005WGUM-3005WGUM-3007DRYGUM-3007FO-3007S-3025S-3035A-9999A-9999C-9999CS-9999E,WA003,300996127
11,2755.75,1,310726,1022512159,101,WA003,3005WGUM-3005WGUM-3007DRYGUM-3007FO-3007S-3025S-3035A-9999A-9999C-9999CS-9999E,WA003,300996128
11,2755.75,1,310726,1022512159,101,WA003,3005WGUM-3005WGUM-3007DRYGUM-3007FO-3007S-3025S-3035A-9999A-9999C-9999CS-9999E,WA003,300996130
11,2755.75,1,310726,1022512160,101,WA003,3007S-3025S-3033A-3035A-9999A-9999C-9999CS-9999E,WA003,300996147
11,2755.75,1,310726,1022512160,101,WA003,3007S-3025S-3033A-3035A-9999A-9999C-9999CS-9999E,WA003,300996148
11,2755.75,1,310726,1022512160,101,WA003,3007S-3025S-3033A-3035A-9999A-9999C-9999CS-9999E,WA003,300996149
11,2755.75,1,310726,1022512160,101,WA003,3007S-3025S-3033A-3035A-9999A-9999C-9999CS-9999E,WA003,300996150
11,2755.75,1,310726,1022512160,101,WA003,3007S-3025S-3033A-3035A-9999A-9999C-9999CS-9999E,WA003,300996151
11,2755.75,1,310726,1022512160,101,WA003,3007S-3025S-3033A-3035A-9999A-9999C-9999CS-9999E,WA003,300996354
11,2755.75,1,310726,1022512160,101,WA003,3007S-3025S-3033A-3035A-9999A-9999C-9999CS-9999E,WA003,300996355
11,2755.75,1,310726,1022512160,101,WA003,3007S-3025S-3033A-3035A-9999A-9999C-9999CS-9999E,WA003,300996356
11,2755.75,1,310726,1022512161,101,WA003,3007S-3025S-3033A-3035A-9999A-9999C-9999CS-9999E,WA003,300996357
11,2755.75,1,310726,1022512161,101,WA003,3007S-3025S-3033A-3035A-9999A-9999C-9999CS-9999E,WA003,300996370
11,2755.75,1,310726,1022512161,101,WA003,3007S-3025S-3033A-3035A-9999A-9999C-9999CS-9999E,WA003,300996371
11,2755.75,1,310726,1022512161,101,WA003,3007S-3025S-3033A-3035A-9999A-9999C-9999CS-9999E,WA003,300996372
11,2755.75,1,310726,1022512161,101,WA003,3007S-3025S-3033A-3035A-9999A-9999C-9999CS-9999E,WA003,300996401
11,2755.75,1,310726,1022512161,101,WA003,3007S-3025S-3033A-3035A-9999A-9999C-9999CS-9999E,WA003,300996402
11,2755.75,1,310726,1022512161,101,WA003,3007S-3025S-3033A-3035A-9999A-9999C-9999CS-9999E,WA003,300996403
11,2755.75,1,310726,1022512161,101,WA003,3007S-3025S-3033A-3035A-9999A-9999C-9999CS-9999E,WA003,300996404
11,2755.75,1,310726,1022512162,101,WA003,3007S-3025S-3033A-3035A-9999A-9999C-9999CS-9999E,WA003,300996412
11,2755.75,1,310726,1022512162,101,WA003,3007S-3025S-3033A-3035A-9999A-9999C-9999CS-9999E,WA003,300996428
11,2755.75,1,310726,1022512162,101,WA003,3007S-3025S-3033A-3035A-9999A-9999C-9999CS-9999E,WA003,300996429
11,2755.75,1,310726,1022512162,101,WA003,3007S-3025S-3033A-3035A-9999A-9999C-9999CS-9999E,WA003,300996430
11,2755.75,1,310726,1022512162,101,WA003,3007S-3025S-3033A-3035A-9999A-9999C-9999CS-9999E,WA003,300996472
11,2755.75,1,310726,1022512162,101,WA003,3007S-3025S-3033A-3035A-9999A-9999C-9999CS-9999E,WA003,300996473
11,2755.75,1,310726,1022512162,101,WA003,3007S-3025S-3033A-3035A-9999A-9999C-9999CS-9999E,WA003,300996474
11,2755.75,1,310726,1022512162,101,WA003,3007S-3025S-3033A-3035A-9999A-9999C-9999CS-9999E,WA003,300996475
11,2755.75,1,310726,1022512163,101,WA003,3007S-3025S-3033A-3035A-9999A-9999E,WA003,300996477
11,2755.75,1,310726,1022512163,101,WA003,3007S-3025S-3033A-3035A-9999A-9999E,WA003,300996478
11,2755.75,1,310726,1022512163,101,WA003,3007S-3025S-3033A-3035A-9999A-9999E,WA003,300996491
11,2755.75,1,310726,1022512163,101,WA003,3007S-3025S-3033A-3035A-9999A-9999E,WA003,300996520
11,2755.75,1,310726,1022512163,101,WA003,3007S-3025S-3033A-3035A-9999A-9999E,WA003,300996521
11,2755.75,1,310726,1022512163,101,WA003,3007S-3025S-3033A-3035A-9999A-9999E,WA003,300996522
11,1322.76,0,310726,1022512163,101,WA003,3007S-3025S-3033A-3035A-9999A-9999E,WA003,300996523
12,2755.75,1,310002,1002512001,102,WA001,9999A,WA001,300993659
12,2755.75,1,310002,1002512001,102,WA001,9999A,WA001,300993691
12,2755.75,1,310015,1052512001,101,ID002,3117A-3123A-9999A-9999E,ID010,300992424
12,2755.75,1,310015,1052512001,101,ID002,3117A-3123A-9999A-9999E,ID010,300992425
12,2755.75,1,310015,1052512001,101,ID002,3117A-3123A-9999A-9999E,ID010,300992445
12,2755.75,1,310015,1052512001,101,ID002,3117A-3123A-9999A-9999E,ID010,300992448
12,2755.75,1,310015,1052512001,101,ID002,3117A-3123A-9999A-9999E,ID010,300992449
12,2755.75,1,310015,1052512001,101,ID002,3117A-3123A-9999A-9999E,ID010,300992463
12,2755.75,1,310015,1052512001,101,ID002,3117A-3123A-9999A-9999E,ID010,300992464
12,2755.75,1,310015,1052512001,101,ID002,3117A-3123A-9999A-9999E,ID010,300994185
12,2755.75,1,310015,1052512002,101,ID002,3117A-3123A-3132A-9999A-9999E,ID010,300992466
12,2755.75,1,310015,1052512002,101,ID002,3117A-3123A-3132A-9999A-9999E,ID010,300992467
12,2755.75,1,310015,1052512002,101,ID002,3117A-3123A-3132A-9999A-9999E,ID010,300992470
12,2755.75,1,310015,1052512002,101,ID002,3117A-3123A-3132A-9999A-9999E,ID010,300992471
12,2755.75,1,310015,1052512002,101,ID002,3117A-3123A-3132A-9999A-9999E,ID010,300992474
12,2755.75,1,310015,1052512002,101,ID002,3117A-3123A-3132A-9999A-9999E,ID010,300992477
12,2755.75,1,310015,1052512002,101,ID002,3117A-3123A-3132A-9999A-9999E,ID010,300992493
12,2755.75,1,310015,1052512002,101,ID002,3117A-3123A-3132A-9999A-9999E,ID010,300992494
12,2755.75,1,310015,1052512003,101,ID002,3117A-3123A-9999A-9999E,ID010,300992511
12,2755.75,1,310015,1052512003,101,ID002,3117A-3123A-9999A-9999E,ID010,300992512
12,2755.75,1,310015,1052512003,101,ID002,3117A-3123A-9999A-9999E,ID010,300992521
12,2755.75,1,310015,1052512003,101,ID002,3117A-3123A-9999A-9999E,ID010,300992522
12,2755.75,1,310015,1052512003,101,ID002,3117A-3123A-9999A-9999E,ID010,300992525
12,2755.75,1,310015,1052512003,101,ID002,3117A-3123A-9999A-9999E,ID010,300992526
12,2755.75,1,310015,1052512003,101,ID002,3117A-3123A-9999A-9999E,ID010,300992538
12,2755.75,1,310015,1052512003,101,ID002,3117A-3123A-9999A-9999E,ID010,300992539
12,2755.75,1,310015,1052512004,101,ID002,3117A-3123A-9999A-9999E,ID010,300992592
12,2755.75,1,310015,1052512004,101,ID002,3117A-3123A-9999A-9999E,ID010,300992593
12,2755.75,1,310015,1052512004,101,ID002,3117A-3123A-9999A-9999E,ID010,300992594
12,2755.75,1,310015,1052512004,101,ID002,3117A-3123A-9999A-9999E,ID010,300992595
12,2755.75,1,310015,1052512004,101,ID002,3117A-3123A-9999A-9999E,ID010,300992652
12,2755.75,1,310015,1052512004,101,ID002,3117A-3123A-9999A-9999E,ID010,300992653
12,2755.75,1,310015,1052512004,101,ID002,3117A-3123A-9999A-9999E,ID010,300992654
12,2755.75,1,310015,1052512004,101,ID002,3117A-3123A-9999A-9999E,ID010,300992655
12,2755.75,1,310015,1052512005,101,ID002,3117A-3123A-3132A-9999A-9999E,ID010,300992656
12,2755.75,1,310015,1052512005,101,ID002,3117A-3123A-3132A-9999A-9999E,ID010,300992658
12,2755.75,1,310015,1052512005,101,ID002,3117A-3123A-3132A-9999A-9999E,ID010,300992659
12,2755.75,1,310015,1052512005,101,ID002,3117A-3123A-3132A-9999A-9999E,ID010,300992660
12,2755.75,1,310015,1052512005,101,ID002,3117A-3123A-3132A-9999A-9999E,ID010,300992735
12,2755.75,1,310015,1052512005,101,ID002,3117A-3123A-3132A-9999A-9999E,ID010,300992736
12,2755.75,1,310015,1052512005,101,ID002,3117A-3123A-3132A-9999A-9999E,ID010,300992737
12,2755.75,1,310015,1052512005,101,ID002,3117A-3123A-3132A-9999A-9999E,ID010,300993284
12,2755.75,1,310015,1052512006,101,ID002,3117A-3123A-3132A-9999A-9999E,ID010,300992779
12,2755.75,1,310015,1052512006,101,ID002,3117A-3123A-3132A-9999A-9999E,ID010,300992786
12,2755.75,1,310015,1052512006,101,ID002,3117A-3123A-3132A-9999A-9999E,ID010,300992787
12,2755.75,1,310015,1052512006,101,ID002,3117A-3123A-3132A-9999A-9999E,ID010,300992788
12,2755.75,1,310015,1052512006,101,ID002,3117A-3123A-3132A-9999A-9999E,ID010,300992807
12,2755.75,1,310015,1052512006,101,ID002,3117A-3123A-3132A-9999A-9999E,ID010,300992857
12,2755.75,1,310015,1052512006,101,ID002,3117A-3123A-3132A-9999A-9999E,ID010,300992859
12,2755.75,1,310015,1052512006,101,ID002,3117A-3123A-3132A-9999A-9999E,ID010,300992861
12,2755.75,1,310015,1052512007,101,ID002,3117A-3123A-3132A-9999A-9999E,ID010,300992904
12,2755.75,1,310015,1052512009,101,ID002,3117A-3123A-9999A-9999E,ID010,300993081
12,2755.75,1,310015,1052512009,101,ID002,3117A-3123A-9999A-9999E,ID010,300993082
12,2755.75,1,310015,1052512009,101,ID002,3117A-3123A-9999A-9999E,ID010,300993083
12,2755.75,1,310015,1052512009,101,ID002,3117A-3123A-9999A-9999E,ID010,300993084
12,2755.75,1,310015,1052512009,101,ID002,3117A-3123A-9999A-9999E,ID010,300993110
12,2755.75,1,310015,1052512009,101,ID002,3117A-3123A-9999A-9999E,ID010,300993112
12,2755.75,1,310015,1052512009,101,ID002,3117A-3123A-9999A-9999E,ID010,300993114
12,2755.75,1,310015,1052512009,101,ID002,3117A-3123A-9999A-9999E,ID010,300993117
12,2755.75,1,310015,1052512010,101,ID002,3117A-3123A-9999A-9999E,ID010,300993164
12,2755.75,1,310015,1052512010,101,ID002,3117A-3123A-9999A-9999E,ID010,300993166
12,2755.75,1,310015,1052512010,101,ID002,3117A-3123A-9999A-9999E,ID010,300993167
12,2755.75,1,310015,1052512010,101,ID002,3117A-3123A-9999A-9999E,ID010,300993168
12,2755.75,1,310015,1052512010,101,ID002,3117A-3123A-9999A-9999E,ID010,300993199
12,2755.75,1,310015,1052512010,101,ID002,3117A-3123A-9999A-9999E,ID010,300993200
12,2755.75,1,310015,1052512010,101,ID002,3117A-3123A-9999A-9999E,ID010,300993458
12,2755.75,1,310015,1052512010,101,ID002,3117A-3123A-9999A-9999E,ID010,300993459
12,2755.75,1,310015,1052512011,101,ID002,3117A-3123A-9999A-9999E,ID010,300993472
12,2755.75,1,310015,1052512011,101,ID002,3117A-3123A-9999A-9999E,ID010,300993474
12,2755.75,1,310015,1052512011,101,ID002,3117A-3123A-9999A-9999E,ID010,300993475
12,2755.75,1,310015,1052512011,101,ID002,3117A-3123A-9999A-9999E,ID010,300993486
12,2755.75,1,310015,1052512011,101,ID002,3117A-3123A-9999A-9999E,ID010,300993487
12,2755.75,1,310015,1052512011,101,ID002,3117A-3123A-9999A-9999E,ID010,300993488
12,2755.75,1,310015,1052512011,101,ID002,3117A-3123A-9999A-9999E,ID010,300993490
12,2755.75,1,310015,1052512011,101,ID002,3117A-3123A-9999A-9999E,ID010,300994121
12,2755.75,1,310015,1052512012,101,ID002,3117A-3123A-9999A-9999E,ID010,300993533
12,2755.75,1,310015,1052512012,101,ID002,3117A-3123A-9999A-9999E,ID010,300993546
12,2755.75,1,310015,1052512012,101,ID002,3117A-3123A-9999A-9999E,ID010,300993547
12,2755.75,1,310015,1052512012,101,ID002,3117A-3123A-9999A-9999E,ID010,300993582
12,2755.75,1,310015,1052512012,101,ID002,3117A-3123A-9999A-9999E,ID010,300993583
12,2755.75,1,310015,1052512012,101,ID002,3117A-3123A-9999A-9999E,ID010,300993584
12,2755.75,1,310015,1052512012,101,ID002,3117A-3123A-9999A-9999E,ID010,300993585
12,2755.75,1,310015,1052512012,101,ID002,3117A-3123A-9999A-9999E,ID010,300993586
12,2755.75,1,310015,1052512013,101,ID002,3117A-3123A-9999A-9999E,ID010,300993603
12,2755.75,1,310015,1052512013,101,ID002,3117A-3123A-9999A-9999E,ID010,300993615
12,2755.75,1,310015,1052512013,101,ID002,3117A-3123A-9999A-9999E,ID010,300993621
12,2755.75,1,310015,1052512013,101,ID002,3117A-3123A-9999A-9999E,ID010,300993629
12,2755.75,1,310015,1052512013,101,ID002,3117A-3123A-9999A-9999E,ID010,300993636
12,2755.75,1,310015,1052512013,101,ID002,3117A-3123A-9999A-9999E,ID010,300993646
12,2755.75,1,310015,1052512013,101,ID002,3117A-3123A-9999A-9999E,ID010,300993651
12,2755.75,1,310015,1052512013,101,ID002,3117A-3123A-9999A-9999E,ID010,300993654
12,2755.75,1,310015,1052512014,101,ID002,3117A-3123A-9999A-9999E,ID010,300993668
12,2755.75,1,310015,1052512014,101,ID002,3117A-3123A-9999A-9999E,ID010,300993674
12,2755.75,1,310015,1052512014,101,ID002,3117A-3123A-9999A-9999E,ID010,300993683
12,2755.75,1,310015,1052512014,101,ID002,3117A-3123A-9999A-9999E,ID010,300993694
12,2755.75,1,310724,1012512001,101,WA002,3040A-3045A-3053A-9999A,WA007,300992321
12,2755.75,1,310724,1012512001,101,WA002,3040A-3045A-3053A-9999A,WA007,300992322
12,2755.75,1,310724,1012512001,101,WA002,3040A-3045A-3053A-9999A,WA007,300992323
12,2755.75,1,310724,1012512001,101,WA002,3040A-3045A-3053A-9999A,WA007,300992420
12,2755.75,1,310724,1012512001,101,WA002,3040A-3045A-3053A-9999A,WA007,300992421
12,2755.75,1,310724,1012512004,101,WA002,3040A-3045A-3053A-9999A,WA007,300992756
12,2755.75,1,310724,1012512004,101,WA002,3040A-3045A-3053A-9999A,WA007,300992759
12,2755.75,1,310724,1012512004,101,WA002,3040A-3045A-3053A-9999A,WA007,300992824
12,2755.75,1,310724,1012512004,101,WA002,3040A-3045A-3053A-9999A,WA007,300992826
12,2755.75,1,310724,1012512004,101,WA002,3040A-3045A-3053A-9999A,WA007,300992827
12,2755.75,1,310724,1012512004,101,WA002,3040A-3045A-3053A-9999A,WA007,300992828
12,2755.75,1,310724,1012512004,101,WA002,3040A-3045A-3053A-9999A,WA007,300992829
12,2755.75,1,310724,1012512004,101,WA002,3040A-3045A-3053A-9999A,WA007,300992830
12,2755.75,1,310724,1012512007,101,WA002,3040A-3045A-3053A-3055A-3055A-9999A-9999E,WA007,300993120
12,2755.75,1,310724,1012512007,101,WA002,3040A-3045A-3053A-3055A-3055A-9999A-9999E,WA007,300993121
12,2755.75,1,310724,1012512007,101,WA002,3040A-3045A-3053A-3055A-3055A-9999A-9999E,WA007,300993122
12,2755.75,1,310724,1012512007,101,WA002,3040A-3045A-3053A-3055A-3055A-9999A-9999E,WA007,300993123
12,2755.75,1,310724,1012512007,101,WA002,3040A-3045A-3053A-3055A-3055A-9999A-9999E,WA007,300993124
12,2755.75,1,310724,1012512008,101,WA002,3040A-3045A-3053A-3055A-3055A-9999A-9999C-9999E,WA007,300993125
12,2755.75,1,310724,1012512008,101,WA002,3040A-3045A-3053A-3055A-3055A-9999A-9999C-9999E,WA007,300993126
12,2755.75,1,310724,1012512008,101,WA002,3040A-3045A-3053A-3055A-3055A-9999A-9999C-9999E,WA007,300993145
12,2755.75,1,310724,1012512008,101,WA002,3040A-3045A-3053A-3055A-3055A-9999A-9999C-9999E,WA007,300993159
12,2755.75,1,310724,1012512008,101,WA002,3040A-3045A-3053A-3055A-3055A-9999A-9999C-9999E,WA007,300993160
12,2755.75,1,310724,1012512008,101,WA002,3040A-3045A-3053A-3055A-3055A-9999A-9999C-9999E,WA007,300993161
12,2755.75,1,310724,1012512008,101,WA002,3040A-3045A-3053A-3055A-3055A-9999A-9999C-9999E,WA007,300993180
12,2755.75,1,310724,1012512008,101,WA002,3040A-3045A-3053A-3055A-3055A-9999A-9999C-9999E,WA007,300993181
12,2755.75,1,310724,1012512009,101,WA002,3040A-3045A-3053A-3055A-3055A-9999A-9999E,WA007,300993182
12,2755.75,1,310724,1012512009,101,WA002,3040A-3045A-3053A-3055A-3055A-9999A-9999E,WA007,300993196
12,2755.75,1,310724,1012512009,101,WA002,3040A-3045A-3053A-3055A-3055A-9999A-9999E,WA007,300993345
12,2755.75,1,310724,1012512009,101,WA002,3040A-3045A-3053A-3055A-3055A-9999A-9999E,WA007,300993346
12,2755.75,1,310724,1012512009,101,WA002,3040A-3045A-3053A-3055A-3055A-9999A-9999E,WA007,300993347
12,2755.75,1,310724,1012512009,101,WA002,3040A-3045A-3053A-3055A-3055A-9999A-9999E,WA007,300993380
12,2755.75,1,310724,1012512009,101,WA002,3040A-3045A-3053A-3055A-3055A-9999A-9999E,WA007,300993381
12,2755.75,1,310724,1012512009,101,WA002,3040A-3045A-3053A-3055A-3055A-9999A-9999E,WA007,300993382
12,2755.75,1,310724,1012512010,101,WA002,3040A-3045A-3053A-3055A-3055A-9999A-9999C-9999E,WA007,300993390
12,2755.75,1,310724,1012512010,101,WA002,3040A-3045A-3053A-3055A-3055A-9999A-9999C-9999E,WA007,300993391
12,2755.75,1,310724,1012512010,101,WA002,3040A-3045A-3053A-3055A-3055A-9999A-9999C-9999E,WA007,300993392
12,2755.75,1,310724,1012512010,101,WA002,3040A-3045A-3053A-3055A-3055A-9999A-9999C-9999E,WA007,300993393
12,2755.75,1,310724,1012512010,101,WA002,3040A-3045A-3053A-3055A-3055A-9999A-9999C-9999E,WA007,300993407
12,2755.75,1,310724,1012512010,101,WA002,3040A-3045A-3053A-3055A-3055A-9999A-9999C-9999E,WA007,300993408
12,2755.75,1,310724,1012512010,101,WA002,3040A-3045A-3053A-3055A-3055A-9999A-9999C-9999E,WA007,300993409
12,2755.75,1,310724,1012512010,101,WA002,3040A-3045A-3053A-3055A-3055A-9999A-9999C-9999E,WA007,300993410
12,2755.75,1,310724,1012512011,101,WA002,3040A-3045A-3053A-3055A-3055A-9999A-9999E,WA007,300993412
12,2755.75,1,310724,1012512011,101,WA002,3040A-3045A-3053A-3055A-3055A-9999A-9999E,WA007,300993413
12,2755.75,1,310724,1012512011,101,WA002,3040A-3045A-3053A-3055A-3055A-9999A-9999E,WA007,300993414
12,2755.75,1,310724,1012512011,101,WA002,3040A-3045A-3053A-3055A-3055A-9999A-9999E,WA007,300993460
12,2755.75,1,310724,1012512011,101,WA002,3040A-3045A-3053A-3055A-3055A-9999A-9999E,WA007,300993461
12,2755.75,1,310724,1012512011,101,WA002,3040A-3045A-3053A-3055A-3055A-9999A-9999E,WA007,300993462
12,2755.75,1,310724,1012512011,101,WA002,3040A-3045A-3053A-3055A-3055A-9999A-9999E,WA007,300993502
12,2755.75,1,310724,1012512011,101,WA002,3040A-3045A-3053A-3055A-3055A-9999A-9999E,WA007,300993503
12,2755.75,1,310724,1012512012,101,WA002,3040A-3043A-3045A-3053A-3055A-3055A-9999A-9999E,WA007,300993527
12,2755.75,1,310724,1012512012,101,WA002,3040A-3043A-3045A-3053A-3055A-3055A-9999A-9999E,WA007,300993528
12,2755.75,1,310724,1012512012,101,WA002,3040A-3043A-3045A-3053A-3055A-3055A-9999A-9999E,WA007,300993529
12,2755.75,1,310724,1012512012,101,WA002,3040A-3043A-3045A-3053A-3055A-3055A-9999A-9999E,WA007,300993530
12,2755.75,1,310724,1012512012,101,WA002,3040A-3043A-3045A-3053A-3055A-3055A-9999A-9999E,WA007,300993560
12,2755.75,1,310724,1012512012,101,WA002,3040A-3043A-3045A-3053A-3055A-3055A-9999A-9999E,WA007,300993562
12,2755.75,1,310724,1012512012,101,WA002,3040A-3043A-3045A-3053A-3055A-3055A-9999A-9999E,WA007,300993575
12,2755.75,1,310724,1012512012,101,WA002,3040A-3043A-3045A-3053A-3055A-3055A-9999A-9999E,WA007,300993576
12,2755.75,1,310724,1012512013,101,WA002,3040A-3045A-3053A-9999A-9999E,WA007,300993600
12,2755.75,1,310724,1012512013,101,WA002,3040A-3045A-3053A-9999A-9999E,WA007,300993601
12,2755.75,1,310724,1012512013,101,WA002,3040A-3045A-3053A-9999A-9999E,WA007,300993602
12,2755.75,1,310724,1012512013,101,WA002,3040A-3045A-3053A-9999A-9999E,WA007,300993622
12,2755.75,1,310724,1012512013,101,WA002,3040A-3045A-3053A-9999A-9999E,WA007,300993623
12,2755.75,1,310724,1012512013,101,WA002,3040A-3045A-3053A-9999A-9999E,WA007,300993624
12,2755.75,1,310724,1012512013,101,WA002,3040A-3045A-3053A-9999A-9999E,WA007,300993632
12,2755.75,1,310724,1012512013,101,WA002,3040A-3045A-3053A-9999A-9999E,WA007,300993633
12,2755.75,1,310724,1012512014,101,WA002,3040A-3045A-3053A-3055A-3055A-9999A-9999E,WA007,300993681
12,2755.75,1,310724,1012512014,101,WA002,3040A-3045A-3053A-3055A-3055A-9999A-9999E,WA007,300993682
12,2755.75,1,310724,1012512014,101,WA002,3040A-3045A-3053A-3055A-3055A-9999A-9999E,WA007,300993687
12,2755.75,1,310724,1012512014,101,WA002,3040A-3045A-3053A-3055A-3055A-9999A-9999E,WA007,300993701
12,2755.75,1,310724,1012512014,101,WA002,3040A-3045A-3053A-3055A-3055A-9999A-9999E,WA007,300993738
12,2755.75,1,310724,1012512014,101,WA002,3040A-3045A-3053A-3055A-3055A-9999A-9999E,WA007,300993739
12,2755.75,1,310724,1012512014,101,WA002,3040A-3045A-3053A-3055A-3055A-9999A-9999E,WA007,300993752
12,2755.75,1,310724,1012512014,101,WA002,3040A-3045A-3053A-3055A-3055A-9999A-9999E,WA007,300993753
12,2755.75,1,310726,1022512051,101,WA003,3002A-3007S-3015A-3025S-3033A-3035A-9999A-9999E,WA007,300993614
12,2755.75,1,310726,1022512051,101,WA003,3002A-3007S-3015A-3025S-3033A-3035A-9999A-9999E,WA007,300993616
12,2755.75,1,310726,1022512051,101,WA003,3002A-3007S-3015A-3025S-3033A-3035A-9999A-9999E,WA007,300993639
12,2755.75,1,310726,1022512051,101,WA003,3002A-3007S-3015A-3025S-3033A-3035A-9999A-9999E,WA007,300993640
12,2755.75,1,310726,1022512051,101,WA003,3002A-3007S-3015A-3025S-3033A-3035A-9999A-9999E,WA007,300993641
12,2755.75,1,310726,1022512051,101,WA003,3002A-3007S-3015A-3025S-3033A-3035A-9999A-9999E,WA007,300993643
12,2755.75,1,310726,1022512051,101,WA003,3002A-3007S-3015A-3025S-3033A-3035A-9999A-9999E,WA007,300993644
12,2755.75,1,310726,1022512051,101,WA003,3002A-3007S-3015A-3025S-3033A-3035A-9999A-9999E,WA007,300993655
12,2755.75,1,310726,1022512052,101,WA003,3002A-3005WGUM-3005WGUM-3007DRYGUM-3007FO-3007S-3015A-3025S-3033A-3035A-9999A-9999C-9999CS-9999E,WA007,300993718
12,2755.75,1,310726,1022512052,101,WA003,3002A-3005WGUM-3005WGUM-3007DRYGUM-3007FO-3007S-3015A-3025S-3033A-3035A-9999A-9999C-9999CS-9999E,WA007,300993720
12,2755.75,1,310726,1022512052,101,WA003,3002A-3005WGUM-3005WGUM-3007DRYGUM-3007FO-3007S-3015A-3025S-3033A-3035A-9999A-9999C-9999CS-9999E,WA007,300993721
12,2755.75,1,310726,1022512052,101,WA003,3002A-3005WGUM-3005WGUM-3007DRYGUM-3007FO-3007S-3015A-3025S-3033A-3035A-9999A-9999C-9999CS-9999E,WA007,300993722
12,2755.75,1,310726,1022512052,101,WA003,3002A-3005WGUM-3005WGUM-3007DRYGUM-3007FO-3007S-3015A-3025S-3033A-3035A-9999A-9999C-9999CS-9999E,WA007,300993725
12,2755.75,1,310726,1022512052,101,WA003,3002A-3005WGUM-3005WGUM-3007DRYGUM-3007FO-3007S-3015A-3025S-3033A-3035A-9999A-9999C-9999CS-9999E,WA007,300993726
12,2755.75,1,310726,1022512052,101,WA003,3002A-3005WGUM-3005WGUM-3007DRYGUM-3007FO-3007S-3015A-3025S-3033A-3035A-9999A-9999C-9999CS-9999E,WA007,300993748
12,2755.75,1,310726,1022512052,101,WA003,3002A-3005WGUM-3005WGUM-3007DRYGUM-3007FO-3007S-3015A-3025S-3033A-3035A-9999A-9999C-9999CS-9999E,WA007,300993749
12,2755.75,1,310726,1022512053,101,WA003,3002A-3005WGUM-3005WGUM-3007DRYGUM-3007FO-3007S-3015A-3025S-3033A-3035A-9999A-9999C-9999CS-9999E,WA007,300993750
12,2755.75,1,310726,1022512053,101,WA003,3002A-3005WGUM-3005WGUM-3007DRYGUM-3007FO-3007S-3015A-3025S-3033A-3035A-9999A-9999C-9999CS-9999E,WA007,300993829
12,2755.75,1,310726,1022512053,101,WA003,3002A-3005WGUM-3005WGUM-3007DRYGUM-3007FO-3007S-3015A-3025S-3033A-3035A-9999A-9999C-9999CS-9999E,WA007,300993830
12,2755.75,1,310726,1022512053,101,WA003,3002A-3005WGUM-3005WGUM-3007DRYGUM-3007FO-3007S-3015A-3025S-3033A-3035A-9999A-9999C-9999CS-9999E,WA007,300993841
12,2755.75,1,310726,1022512053,101,WA003,3002A-3005WGUM-3005WGUM-3007DRYGUM-3007FO-3007S-3015A-3025S-3033A-3035A-9999A-9999C-9999CS-9999E,WA007,300993842
12,2755.75,1,310726,1022512053,101,WA003,3002A-3005WGUM-3005WGUM-3007DRYGUM-3007FO-3007S-3015A-3025S-3033A-3035A-9999A-9999C-9999CS-9999E,WA007,300993867
12,2755.75,1,310726,1022512053,101,WA003,3002A-3005WGUM-3005WGUM-3007DRYGUM-3007FO-3007S-3015A-3025S-3033A-3035A-9999A-9999C-9999CS-9999E,WA007,300993901
12,2755.75,1,310726,1022512053,101,WA003,3002A-3005WGUM-3005WGUM-3007DRYGUM-3007FO-3007S-3015A-3025S-3033A-3035A-9999A-9999C-9999CS-9999E,WA007,300993902
12,2755.75,1,310726,1022512054,101,WA003,3002A-3005WGUM-3005WGUM-3007DRYGUM-3007S-3015A-3025S-3033A-3035A-9999A-9999C-9999CS-9999E,WA007,300993903
12,2755.75,1,310726,1022512054,101,WA003,3002A-3005WGUM-3005WGUM-3007DRYGUM-3007S-3015A-3025S-3033A-3035A-9999A-9999C-9999CS-9999E,WA007,300993904
12,2755.75,1,310726,1022512054,101,WA003,3002A-3005WGUM-3005WGUM-3007DRYGUM-3007S-3015A-3025S-3033A-3035A-9999A-9999C-9999CS-9999E,WA007,300993905
12,2755.75,1,310726,1022512054,101,WA003,3002A-3005WGUM-3005WGUM-3007DRYGUM-3007S-3015A-3025S-3033A-3035A-9999A-9999C-9999CS-9999E,WA007,300993933
12,2755.75,1,310726,1022512054,101,WA003,3002A-3005WGUM-3005WGUM-3007DRYGUM-3007S-3015A-3025S-3033A-3035A-9999A-9999C-9999CS-9999E,WA007,300993934
12,2755.75,1,310726,1022512054,101,WA003,3002A-3005WGUM-3005WGUM-3007DRYGUM-3007S-3015A-3025S-3033A-3035A-9999A-9999C-9999CS-9999E,WA007,300993935
12,2755.75,1,310726,1022512054,101,WA003,3002A-3005WGUM-3005WGUM-3007DRYGUM-3007S-3015A-3025S-3033A-3035A-9999A-9999C-9999CS-9999E,WA007,300993980
12,2755.75,1,310726,1022512054,101,WA003,3002A-3005WGUM-3005WGUM-3007DRYGUM-3007S-3015A-3025S-3033A-3035A-9999A-9999C-9999CS-9999E,WA007,300993981
12,2755.75,1,310726,1022512055,101,WA003,3002A-3005WGUM-3005WGUM-3007DRYGUM-3007FO-3007S-3015A-3025S-3033A-3035A-9999A-9999C-9999CS-9999E,WA007,300993982
12,2755.75,1,310726,1022512055,101,WA003,3002A-3005WGUM-3005WGUM-3007DRYGUM-3007FO-3007S-3015A-3025S-3033A-3035A-9999A-9999C-9999CS-9999E,WA007,300993983
12,2755.75,1,310726,1022512055,101,WA003,3002A-3005WGUM-3005WGUM-3007DRYGUM-3007FO-3007S-3015A-3025S-3033A-3035A-9999A-9999C-9999CS-9999E,WA007,300993985
12,2755.75,1,310726,1022512055,101,WA003,3002A-3005WGUM-3005WGUM-3007DRYGUM-3007FO-3007S-3015A-3025S-3033A-3035A-9999A-9999C-9999CS-9999E,WA007,300993986
12,2755.75,1,310726,1022512055,101,WA003,3002A-3005WGUM-3005WGUM-3007DRYGUM-3007FO-3007S-3015A-3025S-3033A-3035A-9999A-9999C-9999CS-9999E,WA007,300993987
12,2755.75,1,310726,1022512055,101,WA003,3002A-3005WGUM-3005WGUM-3007DRYGUM-3007FO-3007S-3015A-3025S-3033A-3035A-9999A-9999C-9999CS-9999E,WA007,300994158
12,2755.75,1,310726,1022512055,101,WA003,3002A-3005WGUM-3005WGUM-3007DRYGUM-3007FO-3007S-3015A-3025S-3033A-3035A-9999A-9999C-9999CS-9999E,WA007,300994159
12,2755.75,1,310726,1022512055,101,WA003,3002A-3005WGUM-3005WGUM-3007DRYGUM-3007FO-3007S-3015A-3025S-3033A-3035A-9999A-9999C-9999CS-9999E,WA007,300994161
12,2755.75,1,310726,1022512056,101,WA003,3002A-3005WGUM-3005WGUM-3007DRYGUM-3007FO-3007S-3015A-3025S-3033A-3035A-9999A-9999C-9999CS-9999E,WA007,300994165
12,2755.75,1,310726,1022512056,101,WA003,3002A-3005WGUM-3005WGUM-3007DRYGUM-3007FO-3007S-3015A-3025S-3033A-3035A-9999A-9999C-9999CS-9999E,WA007,300994166
12,2755.75,1,310726,1022512056,101,WA003,3002A-3005WGUM-3005WGUM-3007DRYGUM-3007FO-3007S-3015A-3025S-3033A-3035A-9999A-9999C-9999CS-9999E,WA007,300994167
12,2755.75,1,310726,1022512056,101,WA003,3002A-3005WGUM-3005WGUM-3007DRYGUM-3007FO-3007S-3015A-3025S-3033A-3035A-9999A-9999C-9999CS-9999E,WA007,300994168
12,2755.75,1,310726,1022512056,101,WA003,3002A-3005WGUM-3005WGUM-3007DRYGUM-3007FO-3007S-3015A-3025S-3033A-3035A-9999A-9999C-9999CS-9999E,WA007,300994193
12,2755.75,1,310726,1022512056,101,WA003,3002A-3005WGUM-3005WGUM-3007DRYGUM-3007FO-3007S-3015A-3025S-3033A-3035A-9999A-9999C-9999CS-9999E,WA007,300994194
12,2755.75,1,310726,1022512056,101,WA003,3002A-3005WGUM-3005WGUM-3007DRYGUM-3007FO-3007S-3015A-3025S-3033A-3035A-9999A-9999C-9999CS-9999E,WA007,300994195
12,2755.75,1,310726,1022512056,101,WA003,3002A-3005WGUM-3005WGUM-3007DRYGUM-3007FO-3007S-3015A-3025S-3033A-3035A-9999A-9999C-9999CS-9999E,WA007,300994196
12,2755.75,1,310726,1022512057,101,WA003,3002A-3005WGUM-3005WGUM-3007DRYGUM-3007FO-3007S-3015A-3025S-3033A-3035A-9999A-9999C-9999CS-9999E,WA007,300994220
12,2755.75,1,310726,1022512057,101,WA003,3002A-3005WGUM-3005WGUM-3007DRYGUM-3007FO-3007S-3015A-3025S-3033A-3035A-9999A-9999C-9999CS-9999E,WA007,300994221
12,2755.75,1,310726,1022512057,101,WA003,3002A-3005WGUM-3005WGUM-3007DRYGUM-3007FO-3007S-3015A-3025S-3033A-3035A-9999A-9999C-9999CS-9999E,WA007,300994222
12,2755.75,1,310726,1022512057,101,WA003,3002A-3005WGUM-3005WGUM-3007DRYGUM-3007FO-3007S-3015A-3025S-3033A-3035A-9999A-9999C-9999CS-9999E,WA007,300994223
12,2755.75,1,310726,1022512057,101,WA003,3002A-3005WGUM-3005WGUM-3007DRYGUM-3007FO-3007S-3015A-3025S-3033A-3035A-9999A-9999C-9999CS-9999E,WA007,300994224
12,2755.75,1,310726,1022512057,101,WA003,3002A-3005WGUM-3005WGUM-3007DRYGUM-3007FO-3007S-3015A-3025S-3033A-3035A-9999A-9999C-9999CS-9999E,WA007,300994225
12,2755.75,1,310726,1022512057,101,WA003,3002A-3005WGUM-3005WGUM-3007DRYGUM-3007FO-3007S-3015A-3025S-3033A-3035A-9999A-9999C-9999CS-9999E,WA007,300994234
12,2755.75,1,310726,1022512057,101,WA003,3002A-3005WGUM-3005WGUM-3007DRYGUM-3007FO-3007S-3015A-3025S-3033A-3035A-9999A-9999C-9999CS-9999E,WA007,300994235
12,2755.75,1,310726,1022512058,101,WA003,3002A-3005WGUM-3005WGUM-3007DRYGUM-3007FO-3007S-3015A-3025S-3033A-3035A-9999A-9999C-9999CS-9999E,WA007,300994296
12,2755.75,1,310726,1022512058,101,WA003,3002A-3005WGUM-3005WGUM-3007DRYGUM-3007FO-3007S-3015A-3025S-3033A-3035A-9999A-9999C-9999CS-9999E,WA007,300994297
12,2755.75,1,310726,1022512058,101,WA003,3002A-3005WGUM-3005WGUM-3007DRYGUM-3007FO-3007S-3015A-3025S-3033A-3035A-9999A-9999C-9999CS-9999E,WA007,300994298
12,2755.75,1,310726,1022512058,101,WA003,3002A-3005WGUM-3005WGUM-3007DRYGUM-3007FO-3007S-3015A-3025S-3033A-3035A-9999A-9999C-9999CS-9999E,WA007,300994299
12,2755.75,1,310726,1022512058,101,WA003,3002A-3005WGUM-3005WGUM-3007DRYGUM-3007FO-3007S-3015A-3025S-3033A-3035A-9999A-9999C-9999CS-9999E,WA007,300994300
12,2755.75,1,310726,1022512058,101,WA003,3002A-3005WGUM-3005WGUM-3007DRYGUM-3007FO-3007S-3015A-3025S-3033A-3035A-9999A-9999C-9999CS-9999E,WA007,300994369
12,2755.75,1,310726,1022512058,101,WA003,3002A-3005WGUM-3005WGUM-3007DRYGUM-3007FO-3007S-3015A-3025S-3033A-3035A-9999A-9999C-9999CS-9999E,WA007,300994370
12,2755.75,1,310726,1022512058,101,WA003,3002A-3005WGUM-3005WGUM-3007DRYGUM-3007FO-3007S-3015A-3025S-3033A-3035A-9999A-9999C-9999CS-9999E,WA007,300994371
12,2755.75,1,310726,1022512059,101,WA003,3002A-3005WGUM-3005WGUM-3007DRYGUM-3007FO-3007S-3015A-3025S-3033A-3035A-9999A-9999C-9999CS-9999E,WA007,300994400
12,2755.75,1,310726,1022512059,101,WA003,3002A-3005WGUM-3005WGUM-3007DRYGUM-3007FO-3007S-3015A-3025S-3033A-3035A-9999A-9999C-9999CS-9999E,WA007,300994401
12,2755.75,1,310726,1022512059,101,WA003,3002A-3005WGUM-3005WGUM-3007DRYGUM-3007FO-3007S-3015A-3025S-3033A-3035A-9999A-9999C-9999CS-9999E,WA007,300994402
12,2755.75,1,310726,1022512059,101,WA003,3002A-3005WGUM-3005WGUM-3007DRYGUM-3007FO-3007S-3015A-3025S-3033A-3035A-9999A-9999C-9999CS-9999E,WA007,300994447
12,2755.75,1,310726,1022512059,101,WA003,3002A-3005WGUM-3005WGUM-3007DRYGUM-3007FO-3007S-3015A-3025S-3033A-3035A-9999A-9999C-9999CS-9999E,WA007,300994448
12,2755.75,1,310726,1022512059,101,WA003,3002A-3005WGUM-3005WGUM-3007DRYGUM-3007FO-3007S-3015A-3025S-3033A-3035A-9999A-9999C-9999CS-9999E,WA007,300994449
12,2755.75,1,310726,1022512059,101,WA003,3002A-3005WGUM-3005WGUM-3007DRYGUM-3007FO-3007S-3015A-3025S-3033A-3035A-9999A-9999C-9999CS-9999E,WA007,300994450
12,2755.75,1,310726,1022512059,101,WA003,3002A-3005WGUM-3005WGUM-3007DRYGUM-3007FO-3007S-3015A-3025S-3033A-3035A-9999A-9999C-9999CS-9999E,WA007,300994451
12,2755.75,1,310726,1022512060,101,WA003,3002A-3005WGUM-3005WGUM-3007DRYGUM-3007FO-3007S-3015A-3025S-3033A-3035A-9999A-9999C-9999CS-9999E,WA007,300994486
12,2755.75,1,310726,1022512060,101,WA003,3002A-3005WGUM-3005WGUM-3007DRYGUM-3007FO-3007S-3015A-3025S-3033A-3035A-9999A-9999C-9999CS-9999E,WA007,300994487
12,2755.75,1,310726,1022512060,101,WA003,3002A-3005WGUM-3005WGUM-3007DRYGUM-3007FO-3007S-3015A-3025S-3033A-3035A-9999A-9999C-9999CS-9999E,WA007,300994488
12,2755.75,1,310726,1022512060,101,WA003,3002A-3005WGUM-3005WGUM-3007DRYGUM-3007FO-3007S-3015A-3025S-3033A-3035A-9999A-9999C-9999CS-9999E,WA007,300994489
12,2755.75,1,310726,1022512060,101,WA003,3002A-3005WGUM-3005WGUM-3007DRYGUM-3007FO-3007S-3015A-3025S-3033A-3035A-9999A-9999C-9999CS-9999E,WA007,300994491
12,2755.75,1,310726,1022512060,101,WA003,3002A-3005WGUM-3005WGUM-3007DRYGUM-3007FO-3007S-3015A-3025S-3033A-3035A-9999A-9999C-9999CS-9999E,WA007,300994492
12,2755.75,1,310726,1022512060,101,WA003,3002A-3005WGUM-3005WGUM-3007DRYGUM-3007FO-3007S-3015A-3025S-3033A-3035A-9999A-9999C-9999CS-9999E,WA007,300994494
12,2755.75,1,310726,1022512060,101,WA003,3002A-3005WGUM-3005WGUM-3007DRYGUM-3007FO-3007S-3015A-3025S-3033A-3035A-9999A-9999C-9999CS-9999E,WA007,300994495
12,2755.75,1,310726,1022512061,101,WA003,3002A-3005WGUM-3005WGUM-3007DRYGUM-3007FO-3007S-3015A-3025S-3033A-3035A-9999A-9999C-9999CS-9999E,WA007,300994611
12,2755.75,1,310726,1022512061,101,WA003,3002A-3005WGUM-3005WGUM-3007DRYGUM-3007FO-3007S-3015A-3025S-3033A-3035A-9999A-9999C-9999CS-9999E,WA007,300994612
12,2755.75,1,310726,1022512061,101,WA003,3002A-3005WGUM-3005WGUM-3007DRYGUM-3007FO-3007S-3015A-3025S-3033A-3035A-9999A-9999C-9999CS-9999E,WA007,300994617
12,2755.75,1,310726,1022512061,101,WA003,3002A-3005WGUM-3005WGUM-3007DRYGUM-3007FO-3007S-3015A-3025S-3033A-3035A-9999A-9999C-9999CS-9999E,WA007,300994618
12,2755.75,1,310726,1022512061,101,WA003,3002A-3005WGUM-3005WGUM-3007DRYGUM-3007FO-3007S-3015A-3025S-3033A-3035A-9999A-9999C-9999CS-9999E,WA007,300994619
12,2755.75,1,310726,1022512061,101,WA003,3002A-3005WGUM-3005WGUM-3007DRYGUM-3007FO-3007S-3015A-3025S-3033A-3035A-9999A-9999C-9999CS-9999E,WA007,300994620
12,2755.75,1,310726,1022512061,101,WA003,3002A-3005WGUM-3005WGUM-3007DRYGUM-3007FO-3007S-3015A-3025S-3033A-3035A-9999A-9999C-9999CS-9999E,WA007,300994725
12,2755.75,1,310726,1022512061,101,WA003,3002A-3005WGUM-3005WGUM-3007DRYGUM-3007FO-3007S-3015A-3025S-3033A-3035A-9999A-9999C-9999CS-9999E,WA007,300994727
12,2755.75,1,310726,1022512063,101,WA003,3002A-3005WGUM-3005WGUM-3007DRYGUM-3007S-3015A-3025S-3033A-3035A-9999A-9999C-9999CS-9999E,WA003,300994941
12,2755.75,1,310726,1022512063,101,WA003,3002A-3005WGUM-3005WGUM-3007DRYGUM-3007S-3015A-3025S-3033A-3035A-9999A-9999C-9999CS-9999E,WA003,300994942
12,2755.75,1,310726,1022512063,101,WA003,3002A-3005WGUM-3005WGUM-3007DRYGUM-3007S-3015A-3025S-3033A-3035A-9999A-9999C-9999CS-9999E,WA003,300994943
12,2755.75,1,310726,1022512063,101,WA003,3002A-3005WGUM-3005WGUM-3007DRYGUM-3007S-3015A-3025S-3033A-3035A-9999A-9999C-9999CS-9999E,WA003,300994944
12,2755.75,1,310726,1022512063,101,WA003,3002A-3005WGUM-3005WGUM-3007DRYGUM-3007S-3015A-3025S-3033A-3035A-9999A-9999C-9999CS-9999E,WA003,300994945
12,2755.75,1,310726,1022512063,101,WA003,3002A-3005WGUM-3005WGUM-3007DRYGUM-3007S-3015A-3025S-3033A-3035A-9999A-9999C-9999CS-9999E,WA003,300994946
12,2755.75,1,310726,1022512063,101,WA003,3002A-3005WGUM-3005WGUM-3007DRYGUM-3007S-3015A-3025S-3033A-3035A-9999A-9999C-9999CS-9999E,WA003,300994956
12,2755.75,1,310726,1022512063,101,WA003,3002A-3005WGUM-3005WGUM-3007DRYGUM-3007S-3015A-3025S-3033A-3035A-9999A-9999C-9999CS-9999E,WA003,300994958
12,2755.75,1,310726,1022512064,101,WA003,3002A-3007S-3015A-3025S-3033A-3035A-9999A-9999E,WA003,300994986
12,2755.75,1,310726,1022512064,101,WA003,3002A-3007S-3015A-3025S-3033A-3035A-9999A-9999E,WA003,300994997
12,2755.75,1,310726,1022512064,101,WA003,3002A-3007S-3015A-3025S-3033A-3035A-9999A-9999E,WA007,300995001
12,2755.75,1,310726,1022512064,101,WA003,3002A-3007S-3015A-3025S-3033A-3035A-9999A-9999E,WA007,300995036
13,2755.75,1,310002,1002511901,101,WA001,3405A-9999A-9999E,WA001,300991732
13,2755.75,1,310002,1002511901,101,WA001,3405A-9999A-9999E,WA001,300991733
13,2755.75,1,310002,1002511901,101,WA001,3405A-9999A-9999E,WA001,300991734
13,2755.75,1,310002,1002511901,101,WA001,3405A-9999A-9999E,WA001,300991735
13,2755.75,1,310002,1002511901,101,WA001,3405A-9999A-9999E,WA001,300991736
13,2755.75,1,310002,1002511901,101,WA001,3405A-9999A-9999E,WA001,300991770
13,2755.75,1,310002,1002511901,101,WA001,3405A-9999A-9999E,WA001,300991772
13,2755.75,1,310002,1002511901,101,WA001,3405A-9999A-9999E,WA001,300991776
13,2755.75,1,310002,1002511903,101,WA001,3405A-9999A-9999E,WA001,300991921
13,2755.75,1,310002,1002511904,101,WA001,3405A-9999A-9999E,WA001,300991927
13,2755.75,1,310002,1002511904,101,WA001,3405A-9999A-9999E,WA001,300991931
13,2755.75,1,310002,1002511904,101,WA001,3405A-9999A-9999E,WA001,300991932
13,2755.75,1,310002,1002511904,101,WA001,3405A-9999A-9999E,WA001,300991933
13,2755.75,1,310002,1002511904,101,WA001,3405A-9999A-9999E,WA001,300992118
13,2755.75,1,310002,1002511904,101,WA001,3405A-9999A-9999E,WA001,300992119
13,2755.75,1,310002,1002511904,101,WA001,3405A-9999A-9999E,WA001,300992120
13,2755.75,1,310002,1002511904,101,WA001,3405A-9999A-9999E,WA001,300992121
13,2755.75,1,310002,1002511905,101,WA001,3405A-9999A-9999E,WA001,300992126
13,2755.75,1,310002,1002511905,101,WA001,3405A-9999A-9999E,WA001,300992127
13,2755.75,1,310002,1002511905,101,WA001,3405A-9999A-9999E,WA001,300992128
13,2755.75,1,310002,1002511905,101,WA001,3405A-9999A-9999E,WA001,300992129
13,2755.75,1,310002,1002511905,101,WA001,3405A-9999A-9999E,WA001,300992408
13,2755.75,1,310002,1002511905,101,WA001,3405A-9999A-9999E,WA001,300992409
13,2755.75,1,310002,1002511905,101,WA001,3405A-9999A-9999E,WA001,300992410
13,2755.75,1,310002,1002511905,101,WA001,3405A-9999A-9999E,WA001,300992411
13,2755.75,1,310015,1002511901,101,WA001,3117A-3123A-9999A-9999E,WA001,300991244
13,2755.75,1,310015,1002511901,101,WA001,3117A-3123A-9999A-9999E,WA001,300991261
13,2755.75,1,310015,1002511901,101,WA001,3117A-3123A-9999A-9999E,WA001,300991262
13,2755.75,1,310015,1002511901,101,WA001,3117A-3123A-9999A-9999E,WA001,300991263
13,2755.75,1,310015,1002511901,101,WA001,3117A-3123A-9999A-9999E,WA001,300991264
13,2755.75,1,310015,1002511901,101,WA001,3117A-3123A-9999A-9999E,WA001,300991265
13,2755.75,1,310015,1002511901,101,WA001,3117A-3123A-9999A-9999E,WA001,300991266
13,2755.75,1,310015,1002511901,101,WA001,3117A-3123A-9999A-9999E,WA001,300991283
13,2755.75,1,310015,1002511902,101,WA001,3117A-3123A-9999A-9999E,WA001,300991328
13,2755.75,1,310015,1002511902,101,WA001,3117A-3123A-9999A-9999E,WA001,300991364
13,2755.75,1,310015,1002511902,101,WA001,3117A-3123A-9999A-9999E,WA001,300991368
13,2755.75,1,310015,1002511902,101,WA001,3117A-3123A-9999A-9999E,WA001,300991387
13,2755.75,1,310015,1002511902,101,WA001,3117A-3123A-9999A-9999E,WA001,300991403
13,2755.75,1,310015,1002511902,101,WA001,3117A-3123A-9999A-9999E,WA001,300991407
13,2755.75,1,310015,1002511902,101,WA001,3117A-3123A-9999A-9999E,WA001,300991416
13,2755.75,1,310015,1002511902,101,WA001,3117A-3123A-9999A-9999E,WA001,300991439
13,2755.75,1,310015,1002511903,101,WA001,3117A-3123A-9999A-9999E,WA001,300991460
13,2755.75,1,310015,1002511903,101,WA001,3117A-3123A-9999A-9999E,WA001,300991461
13,2755.75,1,310015,1002511903,101,WA001,3117A-3123A-9999A-9999E,WA001,300991462
13,2755.75,1,310015,1002511903,101,WA001,3117A-3123A-9999A-9999E,WA001,300991463
13,2755.75,1,310015,1002511903,101,WA001,3117A-3123A-9999A-9999E,WA001,300991545
13,2755.75,1,310015,1002511903,101,WA001,3117A-3123A-9999A-9999E,WA001,300991546
13,2755.75,1,310015,1002511903,101,WA001,3117A-3123A-9999A-9999E,WA001,300991547
13,2755.75,1,310015,1002511903,101,WA001,3117A-3123A-9999A-9999E,WA001,300991548
13,2755.75,1,310015,1002511904,101,WA001,3117A-3123A-9999A-9999E,WA001,300991593
13,2755.75,1,310015,1002511904,101,WA001,3117A-3123A-9999A-9999E,WA001,300991619
13,2755.75,1,310015,1002511904,101,WA001,3117A-3123A-9999A-9999E,WA001,300991631
13,2755.75,1,310015,1002511904,101,WA001,3117A-3123A-9999A-9999E,WA001,300991633
13,2755.75,1,310015,1002511904,101,WA001,3117A-3123A-9999A-9999E,WA001,300991643
13,2755.75,1,310015,1002511904,101,WA001,3117A-3123A-9999A-9999E,WA001,300991656
13,2755.75,1,310015,1002511904,101,WA001,3117A-3123A-9999A-9999E,WA001,300991657
13,2755.75,1,310015,1002511904,101,WA001,3117A-3123A-9999A-9999E,WA001,300991675
13,2755.75,1,310015,1052511901,101,ID002,3117A-3123A-3132A-9999A-9999E,ID010,300992056
13,2755.75,1,310015,1052511901,101,ID002,3117A-3123A-3132A-9999A-9999E,ID010,300992057
13,2755.75,1,310015,1052511901,101,ID002,3117A-3123A-3132A-9999A-9999E,ID010,300992059
13,2755.75,1,310015,1052511901,101,ID002,3117A-3123A-3132A-9999A-9999E,ID010,300992060
13,2755.75,1,310015,1052511901,101,ID002,3117A-3123A-3132A-9999A-9999E,ID010,300992066
13,2755.75,1,310015,1052511901,101,ID002,3117A-3123A-3132A-9999A-9999E,ID010,300992067
13,2755.75,1,310015,1052511901,101,ID002,3117A-3123A-3132A-9999A-9999E,ID010,300992086
13,2755.75,1,310015,1052511901,101,ID002,3117A-3123A-3132A-9999A-9999E,ID010,300992087
13,2755.75,1,310015,1052511902,101,ID002,3117A-3123A-9999A-9999E,ID010,300992099
13,2755.75,1,310015,1052511902,101,ID002,3117A-3123A-9999A-9999E,ID010,300992100
13,2755.75,1,310015,1052511902,101,ID002,3117A-3123A-9999A-9999E,ID010,300992130
13,2755.75,1,310015,1052511902,101,ID002,3117A-3123A-9999A-9999E,ID010,300992131
13,2755.75,1,310015,1052511902,101,ID002,3117A-3123A-9999A-9999E,ID010,300992149
13,2755.75,1,310015,1052511902,101,ID002,3117A-3123A-9999A-9999E,ID010,300992157
13,2755.75,1,310015,1052511902,101,ID002,3117A-3123A-9999A-9999E,ID010,300992159
13,2755.75,1,310015,1052511902,101,ID002,3117A-3123A-9999A-9999E,ID010,300992160
13,2755.75,1,310015,1052511903,101,ID002,3117A-3123A-9999A-9999E,ID010,300992168
13,2755.75,1,310015,1052511903,101,ID002,3117A-3123A-9999A-9999E,ID010,300992169
13,2755.75,1,310015,1052511903,101,ID002,3117A-3123A-9999A-9999E,ID010,300992190
13,2755.75,1,310015,1052511903,101,ID002,3117A-3123A-9999A-9999E,ID010,300992191
13,2755.75,1,310015,1052511903,101,ID002,3117A-3123A-9999A-9999E,ID010,300992197
13,2755.75,1,310015,1052511903,101,ID002,3117A-3123A-9999A-9999E,ID010,300992199
13,2755.75,1,310015,1052511903,101,ID002,3117A-3123A-9999A-9999E,ID010,300992204
13,2755.75,1,310015,1052511903,101,ID002,3117A-3123A-9999A-9999E,ID010,300992209
13,2755.75,1,310724,1012511902,101,WA002,3040A-3045A-3053A-3055A-3055A-9999A-9999C-9999E,WA007,300991112
13,2755.75,1,310724,1012511902,101,WA002,3040A-3045A-3053A-3055A-3055A-9999A-9999C-9999E,WA007,300991113
13,2755.75,1,310724,1012511902,101,WA002,3040A-3045A-3053A-3055A-3055A-9999A-9999C-9999E,WA007,300991114
13,2755.75,1,310724,1012511902,101,WA002,3040A-3045A-3053A-3055A-3055A-9999A-9999C-9999E,WA007,300991127
13,2755.75,1,310724,1012511903,101,WA002,3040A-3045A-3053A-3055A-3055A-9999A-9999E,WA007,300991132
13,2755.75,1,310724,1012511903,101,WA002,3040A-3045A-3053A-3055A-3055A-9999A-9999E,WA007,300991234
13,2755.75,1,310724,1012511903,101,WA002,3040A-3045A-3053A-3055A-3055A-9999A-9999E,WA007,300991242
13,2755.75,1,310724,1012511903,101,WA002,3040A-3045A-3053A-3055A-3055A-9999A-9999E,WA007,300991243
13,2755.75,1,310724,1012511903,101,WA002,3040A-3045A-3053A-3055A-3055A-9999A-9999E,WA007,300991245
13,2755.75,1,310724,1012511903,101,WA002,3040A-3045A-3053A-3055A-3055A-9999A-9999E,WA007,300991246
13,2755.75,1,310724,1012511903,101,WA002,3040A-3045A-3053A-3055A-3055A-9999A-9999E,WA007,300991247
13,2755.75,1,310724,1012511903,101,WA002,3040A-3045A-3053A-3055A-3055A-9999A-9999E,WA007,300991251
13,2755.75,1,310724,1012511904,101,WA002,3040A-3045A-3053A-3055A-3055A-9999A-9999E,WA007,300991252
13,2755.75,1,310724,1012511904,101,WA002,3040A-3045A-3053A-3055A-3055A-9999A-9999E,WA007,300991253
13,2755.75,1,310724,1012511904,101,WA002,3040A-3045A-3053A-3055A-3055A-9999A-9999E,WA007,300991255
13,2755.75,1,310724,1012511904,101,WA002,3040A-3045A-3053A-3055A-3055A-9999A-9999E,WA007,300991256
13,2755.75,1,310724,1012511904,101,WA002,3040A-3045A-3053A-3055A-3055A-9999A-9999E,WA007,300991257
13,2755.75,1,310724,1012511904,101,WA002,3040A-3045A-3053A-3055A-3055A-9999A-9999E,WA007,300991258
13,2755.75,1,310724,1012511904,101,WA002,3040A-3045A-3053A-3055A-3055A-9999A-9999E,WA007,300991259
13,2755.75,1,310724,1012511904,101,WA002,3040A-3045A-3053A-3055A-3055A-9999A-9999E,WA007,300991260
13,2755.75,1,310724,1012511905,101,WA002,3040A-3045A-3053A-3055A-3055A-9999A-9999E,WA007,300991325
13,2755.75,1,310724,1012511905,101,WA002,3040A-3045A-3053A-3055A-3055A-9999A-9999E,WA007,300991326
13,2755.75,1,310724,1012511905,101,WA002,3040A-3045A-3053A-3055A-3055A-9999A-9999E,WA007,300991327
13,2755.75,1,310724,1012511905,101,WA002,3040A-3045A-3053A-3055A-3055A-9999A-9999E,WA007,300991358
13,2755.75,1,310724,1012511905,101,WA002,3040A-3045A-3053A-3055A-3055A-9999A-9999E,WA007,300991359
13,2755.75,1,310724,1012511905,101,WA002,3040A-3045A-3053A-3055A-3055A-9999A-9999E,WA007,300991360
13,2755.75,1,310724,1012511905,101,WA002,3040A-3045A-3053A-3055A-3055A-9999A-9999E,WA007,300991361
13,2755.75,1,310724,1012511905,101,WA002,3040A-3045A-3053A-3055A-3055A-9999A-9999E,WA007,300991362
13,2755.75,1,310724,1012511906,101,WA002,3040A-3045A-3053A-3055A-3055A-9999A-9999E,WA007,300991363
13,2755.75,1,310724,1012511906,101,WA002,3040A-3045A-3053A-3055A-3055A-9999A-9999E,WA007,300991378
13,2755.75,1,310724,1012511906,101,WA002,3040A-3045A-3053A-3055A-3055A-9999A-9999E,WA007,300991379
13,2755.75,1,310724,1012511906,101,WA002,3040A-3045A-3053A-3055A-3055A-9999A-9999E,WA007,300991380
13,2755.75,1,310724,1012511906,101,WA002,3040A-3045A-3053A-3055A-3055A-9999A-9999E,WA007,300991391
13,2755.75,1,310724,1012511906,101,WA002,3040A-3045A-3053A-3055A-3055A-9999A-9999E,WA007,300991392
13,2755.75,1,310724,1012511906,101,WA002,3040A-3045A-3053A-3055A-3055A-9999A-9999E,WA007,300991393
13,2755.75,1,310724,1012511906,101,WA002,3040A-3045A-3053A-3055A-3055A-9999A-9999E,WA007,300991457
13,2755.75,1,310724,1012511907,101,WA002,3040A-3043A-3045A-3053A-3055A-3055A-9999A-9999E,WA007,300991458
13,2755.75,1,310724,1012511907,101,WA002,3040A-3043A-3045A-3053A-3055A-3055A-9999A-9999E,WA007,300991459
13,2755.75,1,310724,1012511907,101,WA002,3040A-3043A-3045A-3053A-3055A-3055A-9999A-9999E,WA007,300991486
13,2755.75,1,310724,1012511907,101,WA002,3040A-3043A-3045A-3053A-3055A-3055A-9999A-9999E,WA007,300991487
13,2755.75,1,310724,1012511907,101,WA002,3040A-3043A-3045A-3053A-3055A-3055A-9999A-9999E,WA007,300991488
13,2755.75,1,310724,1012511907,101,WA002,3040A-3043A-3045A-3053A-3055A-3055A-9999A-9999E,WA007,300991498
13,2755.75,1,310724,1012511907,101,WA002,3040A-3043A-3045A-3053A-3055A-3055A-9999A-9999E,WA007,300991499
13,2755.75,1,310724,1012511907,101,WA002,3040A-3043A-3045A-3053A-3055A-3055A-9999A-9999E,WA007,300991500
13,2755.75,1,310724,1012511908,101,WA002,3040A-3043A-3045A-3053A-3055A-3055A-9999A-9999E,WA007,300991532
13,2755.75,1,310724,1012511908,101,WA002,3040A-3043A-3045A-3053A-3055A-3055A-9999A-9999E,WA007,300991533
13,2755.75,1,310724,1012511908,101,WA002,3040A-3043A-3045A-3053A-3055A-3055A-9999A-9999E,WA007,300991534
13,2755.75,1,310724,1012511908,101,WA002,3040A-3043A-3045A-3053A-3055A-3055A-9999A-9999E,WA007,300991597
13,2755.75,1,310724,1012511908,101,WA002,3040A-3043A-3045A-3053A-3055A-3055A-9999A-9999E,WA007,300991598
13,2755.75,1,310724,1012511908,101,WA002,3040A-3043A-3045A-3053A-3055A-3055A-9999A-9999E,WA007,300991599
13,2755.75,1,310724,1012511908,101,WA002,3040A-3043A-3045A-3053A-3055A-3055A-9999A-9999E,WA007,300991621
13,2755.75,1,310724,1012511908,101,WA002,3040A-3043A-3045A-3053A-3055A-3055A-9999A-9999E,WA007,300991622
13,2755.75,1,310724,1012511909,101,WA002,3040A-3043A-3045A-3053A-3055A-3055A-9999A-9999E,WA007,300991623
13,2755.75,1,310724,1012511909,101,WA002,3040A-3043A-3045A-3053A-3055A-3055A-9999A-9999E,WA007,300991628
13,2755.75,1,310724,1012511909,101,WA002,3040A-3043A-3045A-3053A-3055A-3055A-9999A-9999E,WA007,300991629
13,2755.75,1,310724,1012511909,101,WA002,3040A-3043A-3045A-3053A-3055A-3055A-9999A-9999E,WA007,300991630
13,2755.75,1,310724,1012511909,101,WA002,3040A-3043A-3045A-3053A-3055A-3055A-9999A-9999E,WA007,300991634
13,2755.75,1,310724,1012511909,101,WA002,3040A-3043A-3045A-3053A-3055A-3055A-9999A-9999E,WA007,300991635
13,2755.75,1,310724,1012511909,101,WA002,3040A-3043A-3045A-3053A-3055A-3055A-9999A-9999E,WA007,300991636
13,2755.75,1,310724,1012511909,101,WA002,3040A-3043A-3045A-3053A-3055A-3055A-9999A-9999E,WA007,300991696
13,2755.75,1,310724,1012511910,101,WA002,3040A-3045A-3053A-3055A-3055A-9999A-9999E,WA007,300991697
13,2755.75,1,310724,1012511910,101,WA002,3040A-3045A-3053A-3055A-3055A-9999A-9999E,WA007,300991698
13,2755.75,1,310724,1012511910,101,WA002,3040A-3045A-3053A-3055A-3055A-9999A-9999E,WA007,300991724
13,2755.75,1,310724,1012511910,101,WA002,3040A-3045A-3053A-3055A-3055A-9999A-9999E,WA007,300991725
13,2755.75,1,310724,1012511910,101,WA002,3040A-3045A-3053A-3055A-3055A-9999A-9999E,WA007,300991728
13,2755.75,1,310724,1012511910,101,WA002,3040A-3045A-3053A-3055A-3055A-9999A-9999E,WA007,300991771
13,2755.75,1,310724,1012511910,101,WA002,3040A-3045A-3053A-3055A-3055A-9999A-9999E,WA007,300991775
13,2700.635,1,310724,1012511910,101,WA002,3040A-3045A-3053A-3055A-3055A-9999A-9999E,WA007,300991778
13,2755.75,1,310724,1012511911,101,WA002,3040A-3043A-3045A-3053A-3055A-3055A-9999A-9999E,WA007,300991907
13,2755.75,1,310724,1012511911,101,WA002,3040A-3043A-3045A-3053A-3055A-3055A-9999A-9999E,WA007,300991908
13,2755.75,1,310724,1012511911,101,WA002,3040A-3043A-3045A-3053A-3055A-3055A-9999A-9999E,WA007,300991909
13,2755.75,1,310724,1012511911,101,WA002,3040A-3043A-3045A-3053A-3055A-3055A-9999A-9999E,WA007,300991942
13,2755.75,1,310724,1012511911,101,WA002,3040A-3043A-3045A-3053A-3055A-3055A-9999A-9999E,WA007,300991943
13,2755.75,1,310724,1012511911,101,WA002,3040A-3043A-3045A-3053A-3055A-3055A-9999A-9999E,WA007,300991944
13,2755.75,1,310724,1012511911,101,WA002,3040A-3043A-3045A-3053A-3055A-3055A-9999A-9999E,WA007,300991945
13,2755.75,1,310724,1012511911,101,WA002,3040A-3043A-3045A-3053A-3055A-3055A-9999A-9999E,WA007,300991946
13,2755.75,1,310724,1012511912,101,WA002,3040A-3045A-3053A-3055A-3055A-9999A-9999E,WA007,300991968
13,2755.75,1,310724,1012511912,101,WA002,3040A-3045A-3053A-3055A-3055A-9999A-9999E,WA007,300991969
13,2755.75,1,310724,1012511912,101,WA002,3040A-3045A-3053A-3055A-3055A-9999A-9999E,WA007,300991970
13,2755.75,1,310724,1012511912,101,WA002,3040A-3045A-3053A-3055A-3055A-9999A-9999E,WA007,300991984
13,2755.75,1,310724,1012511912,101,WA002,3040A-3045A-3053A-3055A-3055A-9999A-9999E,WA007,300991985
13,2755.75,1,310724,1012511912,101,WA002,3040A-3045A-3053A-3055A-3055A-9999A-9999E,WA007,300991986
13,2755.75,1,310724,1012511912,101,WA002,3040A-3045A-3053A-3055A-3055A-9999A-9999E,WA007,300991987
13,2755.75,1,310724,1012511912,101,WA002,3040A-3045A-3053A-3055A-3055A-9999A-9999E,WA007,300991988
13,2755.75,1,310724,1012511913,101,WA002,3040A-3045A-3053A-3055A-3055A-9999A-9999E,WA007,300991997
13,2755.75,1,310724,1012511913,101,WA002,3040A-3045A-3053A-3055A-3055A-9999A-9999E,WA007,300991998
13,2755.75,1,310724,1012511913,101,WA002,3040A-3045A-3053A-3055A-3055A-9999A-9999E,WA007,300992027
13,2755.75,1,310724,1012511913,101,WA002,3040A-3045A-3053A-3055A-3055A-9999A-9999E,WA007,300992028
13,2755.75,1,310724,1012511913,101,WA002,3040A-3045A-3053A-3055A-3055A-9999A-9999E,WA007,300992029
13,2755.75,1,310724,1012511913,101,WA002,3040A-3045A-3053A-3055A-3055A-9999A-9999E,WA007,300992063
13,2755.75,1,310724,1012511913,101,WA002,3040A-3045A-3053A-3055A-3055A-9999A-9999E,WA007,300992064
13,2755.75,1,310724,1012511913,101,WA002,3040A-3045A-3053A-3055A-3055A-9999A-9999E,WA007,300992065
13,2755.75,1,310724,1012511914,101,WA002,3040A-3045A-3053A-3055A-3055A-9999A-9999E,WA007,300992073
13,2755.75,1,310724,1012511914,101,WA002,3040A-3045A-3053A-3055A-3055A-9999A-9999E,WA007,300992074
13,2755.75,1,310724,1012511914,101,WA002,3040A-3045A-3053A-3055A-3055A-9999A-9999E,WA007,300992075
13,2755.75,1,310724,1012511914,101,WA002,3040A-3045A-3053A-3055A-3055A-9999A-9999E,WA007,300992076
13,2755.75,1,310724,1012511914,101,WA002,3040A-3045A-3053A-3055A-3055A-9999A-9999E,WA007,300992077
13,2755.75,1,310724,1012511914,101,WA002,3040A-3045A-3053A-3055A-3055A-9999A-9999E,WA007,300992134
13,2755.75,1,310724,1012511914,101,WA002,3040A-3045A-3053A-3055A-3055A-9999A-9999E,WA007,300992135
13,2755.75,1,310724,1012511914,101,WA002,3040A-3045A-3053A-3055A-3055A-9999A-9999E,WA007,300992136
13,2755.75,1,310724,1012511915,101,WA002,3040A-3045A-3053A-9999A-9999E,WA007,300992137
13,2755.75,1,310724,1012511915,101,WA002,3040A-3045A-3053A-9999A-9999E,WA007,300992138
13,2755.75,1,310724,1012511915,101,WA002,3040A-3045A-3053A-9999A-9999E,WA007,300992139
13,2755.75,1,310724,1012511915,101,WA002,3040A-3045A-3053A-9999A-9999E,WA007,300992140
13,2755.75,1,310724,1012511915,101,WA002,3040A-3045A-3053A-9999A-9999E,WA007,300992211
13,2755.75,1,310724,1012511915,101,WA002,3040A-3045A-3053A-9999A-9999E,WA007,300992212
13,2755.75,1,310724,1012511915,101,WA002,3040A-3045A-3053A-9999A-9999E,WA007,300992257
13,2755.75,1,310724,1012511915,101,WA002,3040A-3045A-3053A-9999A-9999E,WA007,300992258
13,2755.75,1,310724,1012511916,101,WA002,3040A-3045A-3053A-3055A-3055A-9999A-9999E,WA007,300992285
13,2755.75,1,310724,1012511916,101,WA002,3040A-3045A-3053A-3055A-3055A-9999A-9999E,WA007,300992286
13,2755.75,1,310724,1012511916,101,WA002,3040A-3045A-3053A-3055A-3055A-9999A-9999E,WA007,300992287
13,2755.75,1,310726,1022511951,101,WA003,3025S-3033A-9999A-9999E,WA007,300992166
13,2755.75,1,310726,1022511951,101,WA003,3025S-3033A-9999A-9999E,WA007,300992167
13,2755.75,1,310726,1022511951,101,WA003,3025S-3033A-9999A-9999E,WA007,300992172
13,2755.75,1,310726,1022511951,101,WA003,3025S-3033A-9999A-9999E,WA007,300992173
13,2755.75,1,310726,1022511951,101,WA003,3025S-3033A-9999A-9999E,WA007,300992175
13,2755.75,1,310726,1022511951,101,WA003,3025S-3033A-9999A-9999E,WA007,300992192
13,2755.75,1,310726,1022511951,101,WA003,3025S-3033A-9999A-9999E,WA007,300992193
13,2755.75,1,310726,1022511951,101,WA003,3025S-3033A-9999A-9999E,WA007,300992194
13,2755.75,1,310726,1022511952,101,WA003,3007S-3025S-3033A-3035A-9999A-9999C-9999CS-9999E,WA007,300992200
13,2755.75,1,310726,1022511952,101,WA003,3007S-3025S-3033A-3035A-9999A-9999C-9999CS-9999E,WA007,300992201
13,2755.75,1,310726,1022511952,101,WA003,3007S-3025S-3033A-3035A-9999A-9999C-9999CS-9999E,WA007,300992202
13,2755.75,1,310726,1022511952,101,WA003,3007S-3025S-3033A-3035A-9999A-9999C-9999CS-9999E,WA007,300992210
13,2755.75,1,310726,1022511952,101,WA003,3007S-3025S-3033A-3035A-9999A-9999C-9999CS-9999E,WA007,300992244
13,2755.75,1,310726,1022511952,101,WA003,3007S-3025S-3033A-3035A-9999A-9999C-9999CS-9999E,WA007,300992245
13,2755.75,1,310726,1022511952,101,WA003,3007S-3025S-3033A-3035A-9999A-9999C-9999CS-9999E,WA007,300992246
13,2755.75,1,310726,1022511952,101,WA003,3007S-3025S-3033A-3035A-9999A-9999C-9999CS-9999E,WA007,300992247
13,2755.75,1,310726,1022511953,101,WA003,3007S-3025S-3033A-3035A-9999A-9999C-9999CS-9999E,WA007,300992249
13,2755.75,1,310726,1022511953,101,WA003,3007S-3025S-3033A-3035A-9999A-9999C-9999CS-9999E,WA007,300992250
13,2755.75,1,310726,1022511953,101,WA003,3007S-3025S-3033A-3035A-9999A-9999C-9999CS-9999E,WA007,300992266
13,2755.75,1,310726,1022511953,101,WA003,3007S-3025S-3033A-3035A-9999A-9999C-9999CS-9999E,WA007,300992267
13,2755.75,1,310726,1022511953,101,WA003,3007S-3025S-3033A-3035A-9999A-9999C-9999CS-9999E,WA007,300992280
13,2755.75,1,310726,1022511953,101,WA003,3007S-3025S-3033A-3035A-9999A-9999C-9999CS-9999E,WA007,300992281
13,2755.75,1,310726,1022511953,101,WA003,3007S-3025S-3033A-3035A-9999A-9999C-9999CS-9999E,WA007,300992284
13,2755.75,1,310726,1022511953,101,WA003,3007S-3025S-3033A-3035A-9999A-9999C-9999CS-9999E,WA007,300992289
13,2755.75,1,310726,1022511954,101,WA003,3005WGUM-3005WGUM-3007DRYGUM-3007FO-3007S-3025S-3033A-3035A-9999A-9999C-9999CS-9999E,WA007,300992309
13,2755.75,1,310726,1022511954,101,WA003,3005WGUM-3005WGUM-3007DRYGUM-3007FO-3007S-3025S-3033A-3035A-9999A-9999C-9999CS-9999E,WA007,300992310
13,2755.75,1,310726,1022511954,101,WA003,3005WGUM-3005WGUM-3007DRYGUM-3007FO-3007S-3025S-3033A-3035A-9999A-9999C-9999CS-9999E,WA007,300992311
13,2700.635,1,310726,1022511954,101,WA003,3005WGUM-3005WGUM-3007DRYGUM-3007FO-3007S-3025S-3033A-3035A-9999A-9999C-9999CS-9999E,WA007,300992312
13,2755.75,1,310726,1022511954,101,WA003,3005WGUM-3005WGUM-3007DRYGUM-3007FO-3007S-3025S-3033A-3035A-9999A-9999C-9999CS-9999E,WA007,300992313
13,2755.75,1,310726,1022511954,101,WA003,3005WGUM-3005WGUM-3007DRYGUM-3007FO-3007S-3025S-3033A-3035A-9999A-9999C-9999CS-9999E,WA007,300992319
13,2755.75,1,310726,1022511954,101,WA003,3005WGUM-3005WGUM-3007DRYGUM-3007FO-3007S-3025S-3033A-3035A-9999A-9999C-9999CS-9999E,WA007,300992400
13,2755.75,1,310726,1022511954,101,WA003,3005WGUM-3005WGUM-3007DRYGUM-3007FO-3007S-3025S-3033A-3035A-9999A-9999C-9999CS-9999E,WA007,300992401
13,2755.75,1,310726,1022511955,101,WA003,3005WGUM-3005WGUM-3007DRYGUM-3007FO-3007S-3025S-3033A-3035A-9999A-9999C-9999CS-9999E,WA007,300992402
13,2755.75,1,310726,1022511955,101,WA003,3005WGUM-3005WGUM-3007DRYGUM-3007FO-3007S-3025S-3033A-3035A-9999A-9999C-9999CS-9999E,WA007,300992403
13,2755.75,1,310726,1022511955,101,WA003,3005WGUM-3005WGUM-3007DRYGUM-3007FO-3007S-3025S-3033A-3035A-9999A-9999C-9999CS-9999E,WA007,300992404
13,2755.75,1,310726,1022511955,101,WA003,3005WGUM-3005WGUM-3007DRYGUM-3007FO-3007S-3025S-3033A-3035A-9999A-9999C-9999CS-9999E,WA007,300992407
13,2755.75,1,310726,1022511955,101,WA003,3005WGUM-3005WGUM-3007DRYGUM-3007FO-3007S-3025S-3033A-3035A-9999A-9999C-9999CS-9999E,WA007,300992483
13,2755.75,1,310726,1022511955,101,WA003,3005WGUM-3005WGUM-3007DRYGUM-3007FO-3007S-3025S-3033A-3035A-9999A-9999C-9999CS-9999E,WA007,300992486
13,2755.75,1,310726,1022511955,101,WA003,3005WGUM-3005WGUM-3007DRYGUM-3007FO-3007S-3025S-3033A-3035A-9999A-9999C-9999CS-9999E,WA007,300992497
13,2755.75,1,310726,1022511955,101,WA003,3005WGUM-3005WGUM-3007DRYGUM-3007FO-3007S-3025S-3033A-3035A-9999A-9999C-9999CS-9999E,WA007,300992498
13,2755.75,1,310726,1022511956,101,WA003,3005WGUM-3005WGUM-3007DRYGUM-3007FO-3007S-3025S-3035A-9999A-9999C-9999CS-9999E,WA007,300992541
13,2755.75,1,310726,1022511956,101,WA003,3005WGUM-3005WGUM-3007DRYGUM-3007FO-3007S-3025S-3035A-9999A-9999C-9999CS-9999E,WA007,300992542
13,2755.75,1,310726,1022511956,101,WA003,3005WGUM-3005WGUM-3007DRYGUM-3007FO-3007S-3025S-3035A-9999A-9999C-9999CS-9999E,WA007,300992543
13,2755.75,1,310726,1022511956,101,WA003,3005WGUM-3005WGUM-3007DRYGUM-3007FO-3007S-3025S-3035A-9999A-9999C-9999CS-9999E,WA007,300992544
13,2755.75,1,310726,1022511956,101,WA003,3005WGUM-3005WGUM-3007DRYGUM-3007FO-3007S-3025S-3035A-9999A-9999C-9999CS-9999E,WA007,300992546
13,2755.75,1,310726,1022511956,101,WA003,3005WGUM-3005WGUM-3007DRYGUM-3007FO-3007S-3025S-3035A-9999A-9999C-9999CS-9999E,WA007,300992766
13,2755.75,1,310726,1022511956,101,WA003,3005WGUM-3005WGUM-3007DRYGUM-3007FO-3007S-3025S-3035A-9999A-9999C-9999CS-9999E,WA007,300992769
13,2755.75,1,310726,1022511956,101,WA003,3005WGUM-3005WGUM-3007DRYGUM-3007FO-3007S-3025S-3035A-9999A-9999C-9999CS-9999E,WA007,300992770
13,2755.75,1,310726,1022511957,101,WA003,3002A-3005WGUM-3005WGUM-3007DRYGUM-3007FO-3007S-3015A-3025S-3033A-3035A-9999A-9999C-9999CS-9999E,WA007,300992817
13,2755.75,1,310726,1022511957,101,WA003,3002A-3005WGUM-3005WGUM-3007DRYGUM-3007FO-3007S-3015A-3025S-3033A-3035A-9999A-9999C-9999CS-9999E,WA007,300992818
13,2755.75,1,310726,1022511957,101,WA003,3002A-3005WGUM-3005WGUM-3007DRYGUM-3007FO-3007S-3015A-3025S-3033A-3035A-9999A-9999C-9999CS-9999E,WA007,300992819
13,2755.75,1,310726,1022511957,101,WA003,3002A-3005WGUM-3005WGUM-3007DRYGUM-3007FO-3007S-3015A-3025S-3033A-3035A-9999A-9999C-9999CS-9999E,WA007,300992820
13,2755.75,1,310726,1022511957,101,WA003,3002A-3005WGUM-3005WGUM-3007DRYGUM-3007FO-3007S-3015A-3025S-3033A-3035A-9999A-9999C-9999CS-9999E,WA007,300992821
13,2755.75,1,310726,1022511957,101,WA003,3002A-3005WGUM-3005WGUM-3007DRYGUM-3007FO-3007S-3015A-3025S-3033A-3035A-9999A-9999C-9999CS-9999E,WA007,300992822
13,2755.75,1,310726,1022511957,101,WA003,3002A-3005WGUM-3005WGUM-3007DRYGUM-3007FO-3007S-3015A-3025S-3033A-3035A-9999A-9999C-9999CS-9999E,WA007,300992823
13,2755.75,1,310726,1022511957,101,WA003,3002A-3005WGUM-3005WGUM-3007DRYGUM-3007FO-3007S-3015A-3025S-3033A-3035A-9999A-9999C-9999CS-9999E,WA007,300992825
13,2755.75,1,310726,1022511958,101,WA003,3002A-3005WGUM-3005WGUM-3007DRYGUM-3007FO-3007S-3015A-3025S-3033A-3035A-9999A-9999C-9999CS-9999E,WA007,300992885
13,2755.75,1,310726,1022511958,101,WA003,3002A-3005WGUM-3005WGUM-3007DRYGUM-3007FO-3007S-3015A-3025S-3033A-3035A-9999A-9999C-9999CS-9999E,WA007,300992886
13,2755.75,1,310726,1022511958,101,WA003,3002A-3005WGUM-3005WGUM-3007DRYGUM-3007FO-3007S-3015A-3025S-3033A-3035A-9999A-9999C-9999CS-9999E,WA007,300992887
13,2755.75,1,310726,1022511958,101,WA003,3002A-3005WGUM-3005WGUM-3007DRYGUM-3007FO-3007S-3015A-3025S-3033A-3035A-9999A-9999C-9999CS-9999E,WA007,300992888
13,2755.75,1,310726,1022511958,101,WA003,3002A-3005WGUM-3005WGUM-3007DRYGUM-3007FO-3007S-3015A-3025S-3033A-3035A-9999A-9999C-9999CS-9999E,WA007,300992889
13,2755.75,1,310726,1022511958,101,WA003,3002A-3005WGUM-3005WGUM-3007DRYGUM-3007FO-3007S-3015A-3025S-3033A-3035A-9999A-9999C-9999CS-9999E,WA007,300992890
13,2755.75,1,310726,1022511958,101,WA003,3002A-3005WGUM-3005WGUM-3007DRYGUM-3007FO-3007S-3015A-3025S-3033A-3035A-9999A-9999C-9999CS-9999E,WA007,300992891
13,2755.75,1,310726,1022511958,101,WA003,3002A-3005WGUM-3005WGUM-3007DRYGUM-3007FO-3007S-3015A-3025S-3033A-3035A-9999A-9999C-9999CS-9999E,WA007,300992893
13,2755.75,1,310726,1022511959,101,WA003,3002A-3005WGUM-3005WGUM-3007DRYGUM-3007FO-3007S-3015A-3025S-3033A-3035A-9999A-9999C-9999CS-9999E,WA007,300993135
13,2755.75,1,310726,1022511959,101,WA003,3002A-3005WGUM-3005WGUM-3007DRYGUM-3007FO-3007S-3015A-3025S-3033A-3035A-9999A-9999C-9999CS-9999E,WA007,300993136
13,2755.75,1,310726,1022511959,101,WA003,3002A-3005WGUM-3005WGUM-3007DRYGUM-3007FO-3007S-3015A-3025S-3033A-3035A-9999A-9999C-9999CS-9999E,WA007,300993137
13,2755.75,1,310726,1022511959,101,WA003,3002A-3005WGUM-3005WGUM-3007DRYGUM-3007FO-3007S-3015A-3025S-3033A-3035A-9999A-9999C-9999CS-9999E,WA007,300993138
13,2755.75,1,310726,1022511959,101,WA003,3002A-3005WGUM-3005WGUM-3007DRYGUM-3007FO-3007S-3015A-3025S-3033A-3035A-9999A-9999C-9999CS-9999E,WA007,300993264
13,2755.75,1,310726,1022511959,101,WA003,3002A-3005WGUM-3005WGUM-3007DRYGUM-3007FO-3007S-3015A-3025S-3033A-3035A-9999A-9999C-9999CS-9999E,WA007,300993265
13,2755.75,1,310726,1022511959,101,WA003,3002A-3005WGUM-3005WGUM-3007DRYGUM-3007FO-3007S-3015A-3025S-3033A-3035A-9999A-9999C-9999CS-9999E,WA007,300993266
13,2755.75,1,310726,1022511959,101,WA003,3002A-3005WGUM-3005WGUM-3007DRYGUM-3007FO-3007S-3015A-3025S-3033A-3035A-9999A-9999C-9999CS-9999E,WA007,300993267
13,2755.75,1,310726,1022511960,101,WA003,3002A-3005WGUM-3005WGUM-3007DRYGUM-3007FO-3007S-3015A-3025S-3033A-3035A-9999A-9999C-9999CS-9999E,WA007,300993278
13,2755.75,1,310726,1022511960,101,WA003,3002A-3005WGUM-3005WGUM-3007DRYGUM-3007FO-3007S-3015A-3025S-3033A-3035A-9999A-9999C-9999CS-9999E,WA007,300993279
13,2755.75,1,310726,1022511960,101,WA003,3002A-3005WGUM-3005WGUM-3007DRYGUM-3007FO-3007S-3015A-3025S-3033A-3035A-9999A-9999C-9999CS-9999E,WA007,300993280
13,2755.75,1,310726,1022511960,101,WA003,3002A-3005WGUM-3005WGUM-3007DRYGUM-3007FO-3007S-3015A-3025S-3033A-3035A-9999A-9999C-9999CS-9999E,WA007,300993281
13,2755.75,1,310726,1022511960,101,WA003,3002A-3005WGUM-3005WGUM-3007DRYGUM-3007FO-3007S-3015A-3025S-3033A-3035A-9999A-9999C-9999CS-9999E,WA007,300993310
13,2755.75,1,310726,1022511960,101,WA003,3002A-3005WGUM-3005WGUM-3007DRYGUM-3007FO-3007S-3015A-3025S-3033A-3035A-9999A-9999C-9999CS-9999E,WA007,300993311
13,2755.75,1,310726,1022511960,101,WA003,3002A-3005WGUM-3005WGUM-3007DRYGUM-3007FO-3007S-3015A-3025S-3033A-3035A-9999A-9999C-9999CS-9999E,WA007,300993312
13,2755.75,1,310726,1022511960,101,WA003,3002A-3005WGUM-3005WGUM-3007DRYGUM-3007FO-3007S-3015A-3025S-3033A-3035A-9999A-9999C-9999CS-9999E,WA007,300993313
13,2755.75,1,310726,1022511961,101,WA003,3002A-3005WGUM-3005WGUM-3007DRYGUM-3007FO-3007S-3015A-3025S-3033A-3035A-9999A-9999C-9999CS-9999E,WA007,300993338
13,2755.75,1,310726,1022511961,101,WA003,3002A-3005WGUM-3005WGUM-3007DRYGUM-3007FO-3007S-3015A-3025S-3033A-3035A-9999A-9999C-9999CS-9999E,WA007,300993469
13,2755.75,1,310726,1022511961,101,WA003,3002A-3005WGUM-3005WGUM-3007DRYGUM-3007FO-3007S-3015A-3025S-3033A-3035A-9999A-9999C-9999CS-9999E,WA007,300993470
13,2755.75,1,310726,1022511961,101,WA003,3002A-3005WGUM-3005WGUM-3007DRYGUM-3007FO-3007S-3015A-3025S-3033A-3035A-9999A-9999C-9999CS-9999E,WA007,300993471
13,2755.75,1,310726,1022511961,101,WA003,3002A-3005WGUM-3005WGUM-3007DRYGUM-3007FO-3007S-3015A-3025S-3033A-3035A-9999A-9999C-9999CS-9999E,WA007,300993479
13,2755.75,1,310726,1022511961,101,WA003,3002A-3005WGUM-3005WGUM-3007DRYGUM-3007FO-3007S-3015A-3025S-3033A-3035A-9999A-9999C-9999CS-9999E,WA007,300993480
13,2755.75,1,310726,1022511961,101,WA003,3002A-3005WGUM-3005WGUM-3007DRYGUM-3007FO-3007S-3015A-3025S-3033A-3035A-9999A-9999C-9999CS-9999E,WA007,300993481
13,2755.75,1,310726,1022511961,101,WA003,3002A-3005WGUM-3005WGUM-3007DRYGUM-3007FO-3007S-3015A-3025S-3033A-3035A-9999A-9999C-9999CS-9999E,WA007,300993485
13,2755.75,1,310726,1022511962,101,WA003,3002A-3007S-3015A-3025S-3033A-3035A-9999A-9999E,WA007,300993493
13,2755.75,1,310726,1022511962,101,WA003,3002A-3007S-3015A-3025S-3033A-3035A-9999A-9999E,WA007,300993494
13,2755.75,1,310726,1022511962,101,WA003,3002A-3007S-3015A-3025S-3033A-3035A-9999A-9999E,WA007,300993495
13,2149.485,1,310726,1022511962,101,WA003,3002A-3007S-3015A-3025S-3033A-3035A-9999A-9999E,WA007,300993536
14,2755.75,1,310015,1002511801,101,WA001,9999A-9999E,WA001,300989894
14,2755.75,1,310015,1002511801,101,WA001,9999A-9999E,WA001,300989895
14,2755.75,1,310015,1002511801,101,WA001,9999A-9999E,WA001,300989896
14,2755.75,1,310015,1002511801,101,WA001,9999A-9999E,WA001,300989897
14,2755.75,1,310015,1002511801,101,WA001,9999A-9999E,WA001,300989986
14,2755.75,1,310015,1002511801,101,WA001,9999A-9999E,WA001,300989987
14,2755.75,1,310015,1002511801,101,WA001,9999A-9999E,WA001,300989988
14,2755.75,1,310015,1002511801,101,WA001,9999A-9999E,WA001,300989990
14,2755.75,1,310015,1002511803,101,WA001,9999A-9999E,WA001,300990843
14,2755.75,1,310015,1002511803,101,WA001,9999A-9999E,WA001,300990844
14,2755.75,1,310015,1002511803,101,WA001,9999A-9999E,WA001,300990845
14,2755.75,1,310015,1002511803,101,WA001,9999A-9999E,WA001,300990846
14,2755.75,1,310015,1002511803,101,WA001,9999A-9999E,WA001,300990847
14,2755.75,1,310015,1002511803,101,WA001,9999A-9999E,WA001,300990848
14,2755.75,1,310015,1002511803,101,WA001,9999A-9999E,WA001,300990849
14,2755.75,1,310015,1002511803,101,WA001,9999A-9999E,WA001,300990850
14,2755.75,1,310015,1002511804,101,WA001,9999A-9999E,WA001,300990934
14,2755.75,1,310015,1002511804,101,WA001,9999A-9999E,WA001,300990935
14,2755.75,1,310015,1002511804,101,WA001,9999A-9999E,WA001,300990936
14,2755.75,1,310015,1002511804,101,WA001,9999A-9999E,WA001,300990963
14,2755.75,1,310015,1002511804,101,WA001,9999A-9999E,WA001,300990980
14,2755.75,1,310015,1052511801,101,ID002,3117A-3123A-9999A-9999E,ID010,300989474
14,2755.75,1,310015,1052511801,101,ID002,3117A-3123A-9999A-9999E,ID010,300989475
14,2755.75,1,310015,1052511801,101,ID002,3117A-3123A-9999A-9999E,ID010,300989476
14,2755.75,1,310015,1052511801,101,ID002,3117A-3123A-9999A-9999E,ID010,300989478
14,2755.75,1,310015,1052511801,101,ID002,3117A-3123A-9999A-9999E,ID010,300989479
14,2755.75,1,310015,1052511802,101,ID002,3117A-3123A-9999A-9999E,ID010,300989492
14,2755.75,1,310015,1052511802,101,ID002,3117A-3123A-9999A-9999E,ID010,300989493
14,2755.75,1,310015,1052511802,101,ID002,3117A-3123A-9999A-9999E,ID010,300989495
14,2755.75,1,310015,1052511802,101,ID002,3117A-3123A-9999A-9999E,ID010,300989496
14,2755.75,1,310015,1052511802,101,ID002,3117A-3123A-9999A-9999E,ID010,300989546
14,2755.75,1,310015,1052511802,101,ID002,3117A-3123A-9999A-9999E,ID010,300989547
14,2755.75,1,310015,1052511802,101,ID002,3117A-3123A-9999A-9999E,ID010,300989548
14,2755.75,1,310015,1052511802,101,ID002,3117A-3123A-9999A-9999E,ID010,300989549
14,2755.75,1,310015,1052511803,101,ID002,3117A-3123A-9999A-9999E,ID010,300989577
14,2755.75,1,310015,1052511803,101,ID002,3117A-3123A-9999A-9999E,ID010,300989579
14,2755.75,1,310015,1052511803,101,ID002,3117A-3123A-9999A-9999E,ID010,300989580
14,2755.75,1,310015,1052511803,101,ID002,3117A-3123A-9999A-9999E,ID010,300989581
14,2755.75,1,310015,1052511803,101,ID002,3117A-3123A-9999A-9999E,ID010,300989629
14,2755.75,1,310015,1052511803,101,ID002,3117A-3123A-9999A-9999E,ID010,300989630
14,2755.75,1,310015,1052511803,101,ID002,3117A-3123A-9999A-9999E,ID010,300989631
14,2755.75,1,310015,1052511803,101,ID002,3117A-3123A-9999A-9999E,ID010,300989632
14,2755.75,1,310015,1052511804,101,ID002,3117A-3123A-9999A-9999E,ID010,300989661
14,2755.75,1,310015,1052511804,101,ID002,3117A-3123A-9999A-9999E,ID010,300989662
14,2755.75,1,310015,1052511804,101,ID002,3117A-3123A-9999A-9999E,ID010,300989663
14,2755.75,1,310015,1052511804,101,ID002,3117A-3123A-9999A-9999E,ID010,300989664
14,2755.75,1,310015,1052511804,101,ID002,3117A-3123A-9999A-9999E,ID010,300989679
14,2755.75,1,310015,1052511804,101,ID002,3117A-3123A-9999A-9999E,ID010,300989778
14,2755.75,1,310015,1052511804,101,ID002,3117A-3123A-9999A-9999E,ID010,300989779
14,2755.75,1,310015,1052511804,101,ID002,3117A-3123A-9999A-9999E,ID010,300989780
14,2755.75,1,310015,1052511805,101,ID002,3117A-3123A-9999A-9999E,ID010,300989790
14,2755.75,1,310015,1052511805,101,ID002,3117A-3123A-9999A-9999E,ID010,300989791
14,2755.75,1,310015,1052511805,101,ID002,3117A-3123A-9999A-9999E,ID010,300989792
14,2755.75,1,310015,1052511805,101,ID002,3117A-3123A-9999A-9999E,ID010,300989793
14,2755.75,1,310015,1052511805,101,ID002,3117A-3123A-9999A-9999E,ID010,300989881
14,2755.75,1,310015,1052511805,101,ID002,3117A-3123A-9999A-9999E,ID010,300989882
14,2755.75,1,310015,1052511805,101,ID002,3117A-3123A-9999A-9999E,ID010,300989883
14,2755.75,1,310015,1052511805,101,ID002,3117A-3123A-9999A-9999E,ID010,300989884
14,2755.75,1,310015,1052511806,101,ID002,3117A-3123A-9999A-9999E,ID010,300989927
14,2755.75,1,310015,1052511806,101,ID002,3117A-3123A-9999A-9999E,ID010,300989928
14,2755.75,1,310015,1052511806,101,ID002,3117A-3123A-9999A-9999E,ID010,300989929
14,2755.75,1,310015,1052511806,101,ID002,3117A-3123A-9999A-9999E,ID010,300989930
14,2755.75,1,310015,1052511806,101,ID002,3117A-3123A-9999A-9999E,ID010,300989931
14,2755.75,1,310015,1052511806,101,ID002,3117A-3123A-9999A-9999E,ID010,300989932
14,2755.75,1,310015,1052511806,101,ID002,3117A-3123A-9999A-9999E,ID010,300989976
14,2755.75,1,310015,1052511806,101,ID002,3117A-3123A-9999A-9999E,ID010,300989977
14,2755.75,1,310015,1052511807,101,ID002,3117A-3123A-9999A-9999E,ID010,300990006
14,2755.75,1,310015,1052511807,101,ID002,3117A-3123A-9999A-9999E,ID010,300990007
14,2755.75,1,310015,1052511807,101,ID002,3117A-3123A-9999A-9999E,ID010,300990008
14,2755.75,1,310015,1052511807,101,ID002,3117A-3123A-9999A-9999E,ID010,300990009
14,2755.75,1,310015,1052511807,101,ID002,3117A-3123A-9999A-9999E,ID010,300990010
14,2755.75,1,310015,1052511807,101,ID002,3117A-3123A-9999A-9999E,ID010,300990011
14,2755.75,1,310015,1052511807,101,ID002,3117A-3123A-9999A-9999E,ID010,300990012
14,2755.75,1,310015,1052511807,101,ID002,3117A-3123A-9999A-9999E,ID010,300990013
14,2755.75,1,310015,1052511808,101,ID002,3117A-3123A-9999A-9999E,ID010,300990072
14,2755.75,1,310015,1052511808,101,ID002,3117A-3123A-9999A-9999E,ID010,300990073
14,2755.75,1,310015,1052511808,101,ID002,3117A-3123A-9999A-9999E,ID010,300990074
14,2755.75,1,310015,1052511808,101,ID002,3117A-3123A-9999A-9999E,ID010,300990075
14,2755.75,1,310015,1052511808,101,ID002,3117A-3123A-9999A-9999E,ID010,300990076
14,2755.75,1,310015,1052511808,101,ID002,3117A-3123A-9999A-9999E,ID010,300990077
14,2755.75,1,310015,1052511808,101,ID002,3117A-3123A-9999A-9999E,ID010,300990078
14,2755.75,1,310015,1052511808,101,ID002,3117A-3123A-9999A-9999E,ID010,300990079
14,2700.635,1,310015,1052511809,101,ID002,3117A-3123A-9999A-9999E,ID010,300990105
14,2755.75,1,310015,1052511809,101,ID002,3117A-3123A-9999A-9999E,ID010,300990106
14,2755.75,1,310015,1052511809,101,ID002,3117A-3123A-9999A-9999E,ID010,300990107
14,2755.75,1,310015,1052511809,101,ID002,3117A-3123A-9999A-9999E,ID010,300990108
14,2755.75,1,310015,1052511809,101,ID002,3117A-3123A-9999A-9999E,ID010,300990148
14,2755.75,1,310015,1052511809,101,ID002,3117A-3123A-9999A-9999E,ID010,300990149
14,2755.75,1,310015,1052511809,101,ID002,3117A-3123A-9999A-9999E,ID010,300990150
14,2755.75,1,310015,1052511809,101,ID002,3117A-3123A-9999A-9999E,ID010,300990151
14,2755.75,1,310015,1052511810,101,ID002,3117A-3123A-9999A-9999E,ID010,300990238
14,2755.75,1,310015,1052511810,101,ID002,3117A-3123A-9999A-9999E,ID010,300990239
14,2755.75,1,310015,1052511810,101,ID002,3117A-3123A-9999A-9999E,ID010,300990240
14,2755.75,1,310015,1052511810,101,ID002,3117A-3123A-9999A-9999E,ID010,300990241
14,2755.75,1,310015,1052511810,101,ID002,3117A-3123A-9999A-9999E,ID010,300990242
14,2755.75,1,310015,1052511810,101,ID002,3117A-3123A-9999A-9999E,ID010,300990243
14,2755.75,1,310015,1052511810,101,ID002,3117A-3123A-9999A-9999E,ID010,300990244
14,2755.75,1,310015,1052511810,101,ID002,3117A-3123A-9999A-9999E,ID010,300990245
14,2755.75,1,310015,1052511811,101,ID002,3117A-3123A-9999A-9999E,ID010,300990276
14,2755.75,1,310015,1052511811,101,ID002,3117A-3123A-9999A-9999E,ID010,300990277
14,2755.75,1,310015,1052511811,101,ID002,3117A-3123A-9999A-9999E,ID010,300990278
14,2755.75,1,310015,1052511811,101,ID002,3117A-3123A-9999A-9999E,ID010,300990279
14,2755.75,1,310015,1052511811,101,ID002,3117A-3123A-9999A-9999E,ID010,300990280
14,2755.75,1,310015,1052511811,101,ID002,3117A-3123A-9999A-9999E,ID010,300990281
14,2755.75,1,310015,1052511811,101,ID002,3117A-3123A-9999A-9999E,ID010,300990282
14,2755.75,1,310015,1052511811,101,ID002,3117A-3123A-9999A-9999E,ID010,300990283
14,2755.75,1,310015,1052511812,101,ID002,3117A-3123A-9999A-9999E,ID010,300990358
14,2755.75,1,310015,1052511812,101,ID002,3117A-3123A-9999A-9999E,ID010,300990359
14,2755.75,1,310015,1052511812,101,ID002,3117A-3123A-9999A-9999E,ID010,300990360
14,2755.75,1,310015,1052511812,101,ID002,3117A-3123A-9999A-9999E,ID010,300990361
14,2755.75,1,310015,1052511812,101,ID002,3117A-3123A-9999A-9999E,ID010,300990362
14,2755.75,1,310015,1052511812,101,ID002,3117A-3123A-9999A-9999E,ID010,300990363
14,2755.75,1,310015,1052511812,101,ID002,3117A-3123A-9999A-9999E,ID010,300990484
14,2755.75,1,310015,1052511812,101,ID002,3117A-3123A-9999A-9999E,ID010,300990485
14,2755.75,1,310015,1052511813,101,ID002,3117A-3123A-9999A-9999E,ID010,300990490
14,2755.75,1,310015,1052511813,101,ID002,3117A-3123A-9999A-9999E,ID010,300990491
14,2755.75,1,310015,1052511813,101,ID002,3117A-3123A-9999A-9999E,ID010,300990492
14,2755.75,1,310015,1052511813,101,ID002,3117A-3123A-9999A-9999E,ID010,300990493
14,2755.75,1,310015,1052511813,101,ID002,3117A-3123A-9999A-9999E,ID010,300990601
14,2755.75,1,310015,1052511813,101,ID002,3117A-3123A-9999A-9999E,ID010,300990602
14,2755.75,1,310015,1052511813,101,ID002,3117A-3123A-9999A-9999E,ID010,300990603
14,2755.75,1,310015,1052511813,101,ID002,3117A-3123A-9999A-9999E,ID010,300990604
14,2755.75,1,310015,1052511814,101,ID002,3117A-3123A-9999A-9999E,ID010,300990650
14,2755.75,1,310015,1052511814,101,ID002,3117A-3123A-9999A-9999E,ID010,300990651
14,2755.75,1,310015,1052511814,101,ID002,3117A-3123A-9999A-9999E,ID010,300990652
14,2755.75,1,310015,1052511814,101,ID002,3117A-3123A-9999A-9999E,ID010,300990653
14,2755.75,1,310018,1002511801,102,WA001,9999A,WA001,300990290
14,2755.75,1,310018,1002511801,102,WA001,9999A,WA001,300990297
14,2755.75,1,310018,1002511801,102,WA001,9999A,WA001,300990298
14,2755.75,1,310018,1002511801,102,WA001,9999A,WA001,300990376
14,2755.75,1,310018,1002511803,102,WA001,9999A,WA001,300990536
14,2755.75,1,310018,1002511803,102,WA001,9999A,WA001,300990537
14,2755.75,1,310018,1002511803,102,WA001,9999A,WA001,300990538
14,2755.75,1,310018,1002511803,102,WA001,9999A,WA001,300990539
14,2755.75,1,310018,1002511803,102,WA001,9999A,WA001,300990540
14,2755.75,1,310018,1002511803,102,WA001,9999A,WA001,300990561
14,2755.75,1,310018,1002511803,102,WA001,9999A,WA001,300990562
14,2755.75,1,310018,1002511803,102,WA001,9999A,WA001,300990563
14,2755.75,1,310018,1002511804,102,WA001,9999A,WA001,300990605
14,2755.75,1,310018,1002511804,102,WA001,9999A,WA001,300990606
14,2755.75,1,310018,1002511804,102,WA001,9999A,WA001,300990607
14,2755.75,1,310018,1002511804,102,WA001,9999A,WA001,300990608
14,2755.75,1,310018,1002511804,102,WA001,9999A,WA001,300990631
14,2755.75,1,310018,1002511804,102,WA001,9999A,WA001,300990632
14,2755.75,1,310018,1002511804,102,WA001,9999A,WA001,300990633
14,2755.75,1,310018,1002511804,102,WA001,9999A,WA001,300990634
14,2755.75,1,310018,1002511805,102,WA001,9999A,WA001,300990710
14,2755.75,1,310018,1002511805,102,WA001,9999A,WA001,300990711
14,2755.75,1,310018,1002511805,102,WA001,9999A,WA001,300990712
14,2755.75,1,310018,1002511805,102,WA001,9999A,WA001,300990713
14,2755.75,1,310018,1002511805,102,WA001,9999A,WA001,300990741
14,2755.75,1,310018,1002511805,102,WA001,9999A,WA001,300990742
14,2755.75,1,310018,1002511805,102,WA001,9999A,WA001,300990783
14,2755.75,1,310018,1002511805,102,WA001,9999A,WA001,300990786
14,2755.75,1,310018,1002511806,102,WA001,9999A,WA001,300990796
14,2755.75,1,310018,1002511806,102,WA001,9999A,WA001,300990809
14,1708.565,1,310018,1002511806,102,WA001,9999A,WA001,300990826
14,2098,1,310086,1052511831,101,ID002,3139A-3140A-9999A,ID002,300989985
14,2075,1,310086,1052511831,101,ID002,3139A-3140A-9999A,ID002,300989989
14,2755.75,1,310724,1012511801,101,WA002,3040A-3043A-3045A-3053A-3055A-3055A-9999A-9999E,WA007,300989481
14,2755.75,1,310724,1012511801,101,WA002,3040A-3043A-3045A-3053A-3055A-3055A-9999A-9999E,WA007,300989482
14,2755.75,1,310724,1012511801,101,WA002,3040A-3043A-3045A-3053A-3055A-3055A-9999A-9999E,WA007,300989483
14,2755.75,1,310724,1012511801,101,WA002,3040A-3043A-3045A-3053A-3055A-3055A-9999A-9999E,WA007,300989484
14,2755.75,1,310724,1012511801,101,WA002,3040A-3043A-3045A-3053A-3055A-3055A-9999A-9999E,WA007,300989485
14,2755.75,1,310724,1012511801,101,WA002,3040A-3043A-3045A-3053A-3055A-3055A-9999A-9999E,WA007,300989490
14,2755.75,1,310724,1012511801,101,WA002,3040A-3043A-3045A-3053A-3055A-3055A-9999A-9999E,WA007,300989491
14,2755.75,1,310724,1012511801,101,WA002,3040A-3043A-3045A-3053A-3055A-3055A-9999A-9999E,WA007,300989536
14,2755.75,1,310724,1012511802,101,WA002,3040A-3043A-3045A-3053A-3055A-3055A-9999A-9999E,WA007,300989557
14,2755.75,1,310724,1012511802,101,WA002,3040A-3043A-3045A-3053A-3055A-3055A-9999A-9999E,WA007,300989558
14,2755.75,1,310724,1012511802,101,WA002,3040A-3043A-3045A-3053A-3055A-3055A-9999A-9999E,WA007,300989568
14,2755.75,1,310724,1012511802,101,WA002,3040A-3043A-3045A-3053A-3055A-3055A-9999A-9999E,WA007,300989569
14,2755.75,1,310724,1012511802,101,WA002,3040A-3043A-3045A-3053A-3055A-3055A-9999A-9999E,WA007,300989570
14,2755.75,1,310724,1012511802,101,WA002,3040A-3043A-3045A-3053A-3055A-3055A-9999A-9999E,WA007,300989587
14,2755.75,1,310724,1012511802,101,WA002,3040A-3043A-3045A-3053A-3055A-3055A-9999A-9999E,WA007,300989588
14,2755.75,1,310724,1012511802,101,WA002,3040A-3043A-3045A-3053A-3055A-3055A-9999A-9999E,WA007,300989635
14,2755.75,1,310724,1012511803,101,WA002,3040A-3043A-3045A-3053A-3055A-3055A-9999A-9999E,WA007,300989636
14,2755.75,1,310724,1012511803,101,WA002,3040A-3043A-3045A-3053A-3055A-3055A-9999A-9999E,WA007,300989642
14,2755.75,1,310724,1012511803,101,WA002,3040A-3043A-3045A-3053A-3055A-3055A-9999A-9999E,WA007,300989643
14,2755.75,1,310724,1012511803,101,WA002,3040A-3043A-3045A-3053A-3055A-3055A-9999A-9999E,WA007,300989644
14,2755.75,1,310724,1012511803,101,WA002,3040A-3043A-3045A-3053A-3055A-3055A-9999A-9999E,WA007,300989674
14,2755.75,1,310724,1012511803,101,WA002,3040A-3043A-3045A-3053A-3055A-3055A-9999A-9999E,WA007,300989684
14,2755.75,1,310724,1012511803,101,WA002,3040A-3043A-3045A-3053A-3055A-3055A-9999A-9999E,WA007,300989685
14,2755.75,1,310724,1012511803,101,WA002,3040A-3043A-3045A-3053A-3055A-3055A-9999A-9999E,WA007,300989873
14,2755.75,1,310724,1012511804,101,WA002,3040A-3045A-3053A-3055A-3055A-9999A-9999E,WA007,300989887
14,2755.75,1,310724,1012511804,101,WA002,3040A-3045A-3053A-3055A-3055A-9999A-9999E,WA007,300989888
14,2755.75,1,310724,1012511804,101,WA002,3040A-3045A-3053A-3055A-3055A-9999A-9999E,WA007,300989889
14,2755.75,1,310724,1012511804,101,WA002,3040A-3045A-3053A-3055A-3055A-9999A-9999E,WA007,300989890
14,2755.75,1,310724,1012511804,101,WA002,3040A-3045A-3053A-3055A-3055A-9999A-9999E,WA007,300989918
14,2755.75,1,310724,1012511804,101,WA002,3040A-3045A-3053A-3055A-3055A-9999A-9999E,WA007,300989919
14,2755.75,1,310724,1012511804,101,WA002,3040A-3045A-3053A-3055A-3055A-9999A-9999E,WA007,300989920
14,2755.75,1,310724,1012511804,101,WA002,3040A-3045A-3053A-3055A-3055A-9999A-9999E,WA007,300990049
14,2755.75,1,310724,1012511805,101,WA002,3040A-3045A-3053A-3055A-3055A-9999A-9999E,WA007,300990050
14,2755.75,1,310724,1012511805,101,WA002,3040A-3045A-3053A-3055A-3055A-9999A-9999E,WA007,300990051
14,2755.75,1,310724,1012511805,101,WA002,3040A-3045A-3053A-3055A-3055A-9999A-9999E,WA007,300990096
14,2755.75,1,310724,1012511805,101,WA002,3040A-3045A-3053A-3055A-3055A-9999A-9999E,WA007,300990097
14,2755.75,1,310724,1012511805,101,WA002,3040A-3045A-3053A-3055A-3055A-9999A-9999E,WA007,300990098
14,2755.75,1,310724,1012511805,101,WA002,3040A-3045A-3053A-3055A-3055A-9999A-9999E,WA007,300990099
14,2755.75,1,310724,1012511805,101,WA002,3040A-3045A-3053A-3055A-3055A-9999A-9999E,WA007,300990100
14,2755.75,1,310724,1012511805,101,WA002,3040A-3045A-3053A-3055A-3055A-9999A-9999E,WA007,300990102
14,2755.75,1,310724,1012511806,101,WA002,3040A-3045A-3053A-9999A-9999E,WA007,300990115
14,2755.75,1,310724,1012511806,101,WA002,3040A-3045A-3053A-9999A-9999E,WA007,300990116
14,2755.75,1,310724,1012511806,101,WA002,3040A-3045A-3053A-9999A-9999E,WA007,300990123
14,2755.75,1,310724,1012511806,101,WA002,3040A-3045A-3053A-9999A-9999E,WA007,300990156
14,2755.75,1,310724,1012511806,101,WA002,3040A-3045A-3053A-9999A-9999E,WA007,300990157
14,2755.75,1,310724,1012511806,101,WA002,3040A-3045A-3053A-9999A-9999E,WA007,300990158
14,2755.75,1,310724,1012511806,101,WA002,3040A-3045A-3053A-9999A-9999E,WA007,300990186
14,2755.75,1,310724,1012511806,101,WA002,3040A-3045A-3053A-9999A-9999E,WA007,300990187
14,2755.75,1,310724,1012511807,101,WA002,3040A-3045A-3053A-3055A-3055A-9999A-9999E,WA007,300990188
14,2755.75,1,310724,1012511807,101,WA002,3040A-3045A-3053A-3055A-3055A-9999A-9999E,WA007,300990215
14,2755.75,1,310724,1012511807,101,WA002,3040A-3045A-3053A-3055A-3055A-9999A-9999E,WA007,300990216
14,2755.75,1,310724,1012511807,101,WA002,3040A-3045A-3053A-3055A-3055A-9999A-9999E,WA007,300990217
14,2755.75,1,310724,1012511807,101,WA002,3040A-3045A-3053A-3055A-3055A-9999A-9999E,WA007,300990255
14,2755.75,1,310724,1012511807,101,WA002,3040A-3045A-3053A-3055A-3055A-9999A-9999E,WA007,300990256
14,2755.75,1,310724,1012511807,101,WA002,3040A-3045A-3053A-3055A-3055A-9999A-9999E,WA007,300990318
14,2755.75,1,310724,1012511807,101,WA002,3040A-3045A-3053A-3055A-3055A-9999A-9999E,WA007,300990326
14,2755.75,1,310724,1012511808,101,WA002,3040A-3045A-3053A-3055A-3055A-9999A-9999E,WA007,300990327
14,2755.75,1,310724,1012511808,101,WA002,3040A-3045A-3053A-3055A-3055A-9999A-9999E,WA007,300990328
14,2755.75,1,310724,1012511808,101,WA002,3040A-3045A-3053A-3055A-3055A-9999A-9999E,WA007,300990370
14,2755.75,1,310724,1012511808,101,WA002,3040A-3045A-3053A-3055A-3055A-9999A-9999E,WA007,300990371
14,2755.75,1,310724,1012511808,101,WA002,3040A-3045A-3053A-3055A-3055A-9999A-9999E,WA007,300990372
14,2755.75,1,310724,1012511808,101,WA002,3040A-3045A-3053A-3055A-3055A-9999A-9999E,WA007,300990375
14,2755.75,1,310724,1012511808,101,WA002,3040A-3045A-3053A-3055A-3055A-9999A-9999E,WA007,300990390
14,2755.75,1,310724,1012511808,101,WA002,3040A-3045A-3053A-3055A-3055A-9999A-9999E,WA007,300990402
14,2755.75,1,310724,1012511809,101,WA002,3040A-3045A-3053A-3055A-3055A-9999A-9999E,WA007,300990415
14,2755.75,1,310724,1012511809,101,WA002,3040A-3045A-3053A-3055A-3055A-9999A-9999E,WA007,300990429
14,2755.75,1,310724,1012511809,101,WA002,3040A-3045A-3053A-3055A-3055A-9999A-9999E,WA007,300990567
14,2755.75,1,310724,1012511809,101,WA002,3040A-3045A-3053A-3055A-3055A-9999A-9999E,WA007,300990568
14,2755.75,1,310724,1012511809,101,WA002,3040A-3045A-3053A-3055A-3055A-9999A-9999E,WA007,300990569
14,2755.75,1,310724,1012511809,101,WA002,3040A-3045A-3053A-3055A-3055A-9999A-9999E,WA007,300990570
14,2755.75,1,310724,1012511809,101,WA002,3040A-3045A-3053A-3055A-3055A-9999A-9999E,WA007,300990576
14,2755.75,1,310724,1012511809,101,WA002,3040A-3045A-3053A-3055A-3055A-9999A-9999E,WA007,300990577
14,2755.75,1,310724,1012511810,101,WA002,3040A-3045A-3053A-3055A-3055A-9999A-9999E,WA007,300990578
14,2755.75,1,310724,1012511810,101,WA002,3040A-3045A-3053A-3055A-3055A-9999A-9999E,WA007,300990579
14,2755.75,1,310724,1012511810,101,WA002,3040A-3045A-3053A-3055A-3055A-9999A-9999E,WA007,300990580
14,2755.75,1,310724,1012511810,101,WA002,3040A-3045A-3053A-3055A-3055A-9999A-9999E,WA007,300990615
14,2755.75,1,310724,1012511810,101,WA002,3040A-3045A-3053A-3055A-3055A-9999A-9999E,WA007,300990616
14,2755.75,1,310724,1012511810,101,WA002,3040A-3045A-3053A-3055A-3055A-9999A-9999E,WA007,300990647
14,2755.75,1,310724,1012511810,101,WA002,3040A-3045A-3053A-3055A-3055A-9999A-9999E,WA007,300990648
14,2755.75,1,310724,1012511810,101,WA002,3040A-3045A-3053A-3055A-3055A-9999A-9999E,WA007,300990649
14,2755.75,1,310724,1012511811,101,WA002,3040A-3043A-3045A-3053A-3055A-3055A-9999A-9999C-9999E,WA007,300990660
14,2755.75,1,310724,1012511811,101,WA002,3040A-3043A-3045A-3053A-3055A-3055A-9999A-9999C-9999E,WA007,300990661
14,2755.75,1,310724,1012511811,101,WA002,3040A-3043A-3045A-3053A-3055A-3055A-9999A-9999C-9999E,WA007,300990662
14,2755.75,1,310724,1012511811,101,WA002,3040A-3043A-3045A-3053A-3055A-3055A-9999A-9999C-9999E,WA007,300990683
14,2755.75,1,310724,1012511811,101,WA002,3040A-3043A-3045A-3053A-3055A-3055A-9999A-9999C-9999E,WA007,300990684
14,2755.75,1,310724,1012511811,101,WA002,3040A-3043A-3045A-3053A-3055A-3055A-9999A-9999C-9999E,WA007,300990685
14,2755.75,1,310724,1012511811,101,WA002,3040A-3043A-3045A-3053A-3055A-3055A-9999A-9999C-9999E,WA007,300990701
14,2755.75,1,310724,1012511811,101,WA002,3040A-3043A-3045A-3053A-3055A-3055A-9999A-9999C-9999E,WA007,300990702
14,2755.75,1,310724,1012511812,101,WA002,3040A-3043A-3045A-3053A-3055A-3055A-9999A-9999C-9999E,WA007,300990703
14,2755.75,1,310724,1012511812,101,WA002,3040A-3043A-3045A-3053A-3055A-3055A-9999A-9999C-9999E,WA007,300990704
14,2755.75,1,310724,1012511812,101,WA002,3040A-3043A-3045A-3053A-3055A-3055A-9999A-9999C-9999E,WA007,300990722
14,2755.75,1,310724,1012511812,101,WA002,3040A-3043A-3045A-3053A-3055A-3055A-9999A-9999C-9999E,WA007,300990791
14,2755.75,1,310724,1012511812,101,WA002,3040A-3043A-3045A-3053A-3055A-3055A-9999A-9999C-9999E,WA007,300990792
14,2755.75,1,310724,1012511812,101,WA002,3040A-3043A-3045A-3053A-3055A-3055A-9999A-9999C-9999E,WA007,300990793
14,2755.75,1,310726,1022511853,101,WA003,3002A-3005WGUM-3005WGUM-3007DRYGUM-3007FO-3007S-3015A-3025S-3035A-9999A-9999C-9999CS-9999E,WA007,300990904
14,2755.75,1,310726,1022511853,101,WA003,3002A-3005WGUM-3005WGUM-3007DRYGUM-3007FO-3007S-3015A-3025S-3035A-9999A-9999C-9999CS-9999E,WA007,300990905
14,2755.75,1,310726,1022511853,101,WA003,3002A-3005WGUM-3005WGUM-3007DRYGUM-3007FO-3007S-3015A-3025S-3035A-9999A-9999C-9999CS-9999E,WA007,300990906
14,2755.75,1,310726,1022511853,101,WA003,3002A-3005WGUM-3005WGUM-3007DRYGUM-3007FO-3007S-3015A-3025S-3035A-9999A-9999C-9999CS-9999E,WA007,300990941
14,2755.75,1,310726,1022511853,101,WA003,3002A-3005WGUM-3005WGUM-3007DRYGUM-3007FO-3007S-3015A-3025S-3035A-9999A-9999C-9999CS-9999E,WA007,300990943
14,2755.75,1,310726,1022511853,101,WA003,3002A-3005WGUM-3005WGUM-3007DRYGUM-3007FO-3007S-3015A-3025S-3035A-9999A-9999C-9999CS-9999E,WA007,300990944
14,2755.75,1,310726,1022511853,101,WA003,3002A-3005WGUM-3005WGUM-3007DRYGUM-3007FO-3007S-3015A-3025S-3035A-9999A-9999C-9999CS-9999E,WA007,300990947
14,2755.75,1,310726,1022511853,101,WA003,3002A-3005WGUM-3005WGUM-3007DRYGUM-3007FO-3007S-3015A-3025S-3035A-9999A-9999C-9999CS-9999E,WA007,300990948
14,2755.75,1,310726,1022511854,101,WA003,3002A-3005WGUM-3005WGUM-3007DRYGUM-3007FO-3007S-3015A-3025S-3035A-9999A-9999C-9999CS-9999E,WA007,300990952
14,2755.75,1,310726,1022511854,101,WA003,3002A-3005WGUM-3005WGUM-3007DRYGUM-3007FO-3007S-3015A-3025S-3035A-9999A-9999C-9999CS-9999E,WA007,300991017
14,2755.75,1,310726,1022511854,101,WA003,3002A-3005WGUM-3005WGUM-3007DRYGUM-3007FO-3007S-3015A-3025S-3035A-9999A-9999C-9999CS-9999E,WA007,300991018
14,2755.75,1,310726,1022511854,101,WA003,3002A-3005WGUM-3005WGUM-3007DRYGUM-3007FO-3007S-3015A-3025S-3035A-9999A-9999C-9999CS-9999E,WA007,300991019
14,2755.75,1,310726,1022511854,101,WA003,3002A-3005WGUM-3005WGUM-3007DRYGUM-3007FO-3007S-3015A-3025S-3035A-9999A-9999C-9999CS-9999E,WA007,300991036
14,2755.75,1,310726,1022511854,101,WA003,3002A-3005WGUM-3005WGUM-3007DRYGUM-3007FO-3007S-3015A-3025S-3035A-9999A-9999C-9999CS-9999E,WA007,300991040
14,2755.75,1,310726,1022511854,101,WA003,3002A-3005WGUM-3005WGUM-3007DRYGUM-3007FO-3007S-3015A-3025S-3035A-9999A-9999C-9999CS-9999E,WA007,300991054
14,2755.75,1,310726,1022511854,101,WA003,3002A-3005WGUM-3005WGUM-3007DRYGUM-3007FO-3007S-3015A-3025S-3035A-9999A-9999C-9999CS-9999E,WA007,300991055
14,2755.75,1,310726,1022511855,101,WA003,3002A-3005WGUM-3005WGUM-3007DRYGUM-3007FO-3007S-3015A-3025S-3035A-9999A-9999C-9999CS-9999E,WA007,300991078
14,2755.75,1,310726,1022511855,101,WA003,3002A-3005WGUM-3005WGUM-3007DRYGUM-3007FO-3007S-3015A-3025S-3035A-9999A-9999C-9999CS-9999E,WA007,300991079
14,2755.75,1,310726,1022511855,101,WA003,3002A-3005WGUM-3005WGUM-3007DRYGUM-3007FO-3007S-3015A-3025S-3035A-9999A-9999C-9999CS-9999E,WA007,300991080
14,2755.75,1,310726,1022511855,101,WA003,3002A-3005WGUM-3005WGUM-3007DRYGUM-3007FO-3007S-3015A-3025S-3035A-9999A-9999C-9999CS-9999E,WA007,300991115
14,2755.75,1,310726,1022511855,101,WA003,3002A-3005WGUM-3005WGUM-3007DRYGUM-3007FO-3007S-3015A-3025S-3035A-9999A-9999C-9999CS-9999E,WA007,300991116
14,2755.75,1,310726,1022511855,101,WA003,3002A-3005WGUM-3005WGUM-3007DRYGUM-3007FO-3007S-3015A-3025S-3035A-9999A-9999C-9999CS-9999E,WA007,300991117
14,2755.75,1,310726,1022511855,101,WA003,3002A-3005WGUM-3005WGUM-3007DRYGUM-3007FO-3007S-3015A-3025S-3035A-9999A-9999C-9999CS-9999E,WA007,300991118
14,2755.75,1,310726,1022511855,101,WA003,3002A-3005WGUM-3005WGUM-3007DRYGUM-3007FO-3007S-3015A-3025S-3035A-9999A-9999C-9999CS-9999E,WA007,300993056
14,2755.75,1,310726,1022511856,101,WA003,3002A-3005WGUM-3005WGUM-3007DRYGUM-3007FO-3007S-3015A-3025S-3035A-9999A-9999C-9999CS-9999E,WA007,300991158
14,2755.75,1,310726,1022511856,101,WA003,3002A-3005WGUM-3005WGUM-3007DRYGUM-3007FO-3007S-3015A-3025S-3035A-9999A-9999C-9999CS-9999E,WA007,300991159
14,2755.75,1,310726,1022511856,101,WA003,3002A-3005WGUM-3005WGUM-3007DRYGUM-3007FO-3007S-3015A-3025S-3035A-9999A-9999C-9999CS-9999E,WA007,300991160
14,2755.75,1,310726,1022511856,101,WA003,3002A-3005WGUM-3005WGUM-3007DRYGUM-3007FO-3007S-3015A-3025S-3035A-9999A-9999C-9999CS-9999E,WA007,300991161
14,2755.75,1,310726,1022511856,101,WA003,3002A-3005WGUM-3005WGUM-3007DRYGUM-3007FO-3007S-3015A-3025S-3035A-9999A-9999C-9999CS-9999E,WA007,300991162
14,2755.75,1,310726,1022511856,101,WA003,3002A-3005WGUM-3005WGUM-3007DRYGUM-3007FO-3007S-3015A-3025S-3035A-9999A-9999C-9999CS-9999E,WA007,300991163
14,2755.75,1,310726,1022511856,101,WA003,3002A-3005WGUM-3005WGUM-3007DRYGUM-3007FO-3007S-3015A-3025S-3035A-9999A-9999C-9999CS-9999E,WA007,300991297
14,2755.75,1,310726,1022511856,101,WA003,3002A-3005WGUM-3005WGUM-3007DRYGUM-3007FO-3007S-3015A-3025S-3035A-9999A-9999C-9999CS-9999E,WA007,300991298
14,2755.75,1,310726,1022511857,101,WA003,3002A-3005WGUM-3005WGUM-3007DRYGUM-3007FO-3007S-3015A-3025S-3035A-9999A-9999C-9999CS-9999E,WA007,300991320
14,2755.75,1,310726,1022511857,101,WA003,3002A-3005WGUM-3005WGUM-3007DRYGUM-3007FO-3007S-3015A-3025S-3035A-9999A-9999C-9999CS-9999E,WA007,300991321
14,2755.75,1,310726,1022511857,101,WA003,3002A-3005WGUM-3005WGUM-3007DRYGUM-3007FO-3007S-3015A-3025S-3035A-9999A-9999C-9999CS-9999E,WA007,300991322
14,2755.75,1,310726,1022511857,101,WA003,3002A-3005WGUM-3005WGUM-3007DRYGUM-3007FO-3007S-3015A-3025S-3035A-9999A-9999C-9999CS-9999E,WA007,300991323
14,2755.75,1,310726,1022511857,101,WA003,3002A-3005WGUM-3005WGUM-3007DRYGUM-3007FO-3007S-3015A-3025S-3035A-9999A-9999C-9999CS-9999E,WA007,300991344
14,2755.75,1,310726,1022511857,101,WA003,3002A-3005WGUM-3005WGUM-3007DRYGUM-3007FO-3007S-3015A-3025S-3035A-9999A-9999C-9999CS-9999E,WA007,300991345
14,2755.75,1,310726,1022511857,101,WA003,3002A-3005WGUM-3005WGUM-3007DRYGUM-3007FO-3007S-3015A-3025S-3035A-9999A-9999C-9999CS-9999E,WA007,300991346
14,2755.75,1,310726,1022511857,101,WA003,3002A-3005WGUM-3005WGUM-3007DRYGUM-3007FO-3007S-3015A-3025S-3035A-9999A-9999C-9999CS-9999E,WA007,300991347
14,2755.75,1,310726,1022511858,101,WA003,3002A-3005WGUM-3005WGUM-3007DRYGUM-3007FO-3007S-3015A-3025S-3035A-9999A-9999C-9999CS-9999E,WA007,300991381
14,2755.75,1,310726,1022511858,101,WA003,3002A-3005WGUM-3005WGUM-3007DRYGUM-3007FO-3007S-3015A-3025S-3035A-9999A-9999C-9999CS-9999E,WA007,300991382
14,2755.75,1,310726,1022511858,101,WA003,3002A-3005WGUM-3005WGUM-3007DRYGUM-3007FO-3007S-3015A-3025S-3035A-9999A-9999C-9999CS-9999E,WA007,300991383
14,2755.75,1,310726,1022511858,101,WA003,3002A-3005WGUM-3005WGUM-3007DRYGUM-3007FO-3007S-3015A-3025S-3035A-9999A-9999C-9999CS-9999E,WA007,300991384
14,2755.75,1,310726,1022511858,101,WA003,3002A-3005WGUM-3005WGUM-3007DRYGUM-3007FO-3007S-3015A-3025S-3035A-9999A-9999C-9999CS-9999E,WA007,300991412
14,2755.75,1,310726,1022511858,101,WA003,3002A-3005WGUM-3005WGUM-3007DRYGUM-3007FO-3007S-3015A-3025S-3035A-9999A-9999C-9999CS-9999E,WA007,300991413
14,2755.75,1,310726,1022511858,101,WA003,3002A-3005WGUM-3005WGUM-3007DRYGUM-3007FO-3007S-3015A-3025S-3035A-9999A-9999C-9999CS-9999E,WA007,300991414
14,2755.75,1,310726,1022511858,101,WA003,3002A-3005WGUM-3005WGUM-3007DRYGUM-3007FO-3007S-3015A-3025S-3035A-9999A-9999C-9999CS-9999E,WA007,300991415
14,2755.75,1,310726,1022511859,101,WA003,3002A-3005WGUM-3005WGUM-3007DRYGUM-3007FO-3007S-3015A-3025S-3035A-9999A-9999C-9999CS-9999E,WA007,300991519
14,2755.75,1,310726,1022511859,101,WA003,3002A-3005WGUM-3005WGUM-3007DRYGUM-3007FO-3007S-3015A-3025S-3035A-9999A-9999C-9999CS-9999E,WA007,300991520
14,2755.75,1,310726,1022511859,101,WA003,3002A-3005WGUM-3005WGUM-3007DRYGUM-3007FO-3007S-3015A-3025S-3035A-9999A-9999C-9999CS-9999E,WA007,300991522
14,2755.75,1,310726,1022511859,101,WA003,3002A-3005WGUM-3005WGUM-3007DRYGUM-3007FO-3007S-3015A-3025S-3035A-9999A-9999C-9999CS-9999E,WA007,300991523
14,2755.75,1,310726,1022511859,101,WA003,3002A-3005WGUM-3005WGUM-3007DRYGUM-3007FO-3007S-3015A-3025S-3035A-9999A-9999C-9999CS-9999E,WA007,300991524
14,2755.75,1,310726,1022511859,101,WA003,3002A-3005WGUM-3005WGUM-3007DRYGUM-3007FO-3007S-3015A-3025S-3035A-9999A-9999C-9999CS-9999E,WA007,300991525
14,2755.75,1,310726,1022511859,101,WA003,3002A-3005WGUM-3005WGUM-3007DRYGUM-3007FO-3007S-3015A-3025S-3035A-9999A-9999C-9999CS-9999E,WA007,300991526
14,2755.75,1,310726,1022511859,101,WA003,3002A-3005WGUM-3005WGUM-3007DRYGUM-3007FO-3007S-3015A-3025S-3035A-9999A-9999C-9999CS-9999E,WA007,300991527
14,2755.75,1,310726,1022511860,101,WA003,3002A-3005WGUM-3005WGUM-3007DRYGUM-3007FO-3007S-3015A-3025S-3035A-9999A-9999C-9999CS-9999E,WA007,300991580
14,2755.75,1,310726,1022511860,101,WA003,3002A-3005WGUM-3005WGUM-3007DRYGUM-3007FO-3007S-3015A-3025S-3035A-9999A-9999C-9999CS-9999E,WA007,300991581
14,2755.75,1,310726,1022511860,101,WA003,3002A-3005WGUM-3005WGUM-3007DRYGUM-3007FO-3007S-3015A-3025S-3035A-9999A-9999C-9999CS-9999E,WA007,300991582
14,2755.75,1,310726,1022511860,101,WA003,3002A-3005WGUM-3005WGUM-3007DRYGUM-3007FO-3007S-3015A-3025S-3035A-9999A-9999C-9999CS-9999E,WA007,300991583
14,2755.75,1,310726,1022511860,101,WA003,3002A-3005WGUM-3005WGUM-3007DRYGUM-3007FO-3007S-3015A-3025S-3035A-9999A-9999C-9999CS-9999E,WA007,300991584
14,2755.75,1,310726,1022511860,101,WA003,3002A-3005WGUM-3005WGUM-3007DRYGUM-3007FO-3007S-3015A-3025S-3035A-9999A-9999C-9999CS-9999E,WA007,300991585
14,826.725,0,310726,1022511860,101,WA003,3002A-3005WGUM-3005WGUM-3007DRYGUM-3007FO-3007S-3015A-3025S-3035A-9999A-9999C-9999CS-9999E,WA007,300991592
14,2755.75,1,310726,1022511861,101,WA003,3002A-3007S-3015A-3025S-3033A-3035A-9999A-9999E,WA007,300991624
14,2755.75,1,310726,1022511861,101,WA003,3002A-3007S-3015A-3025S-3033A-3035A-9999A-9999E,WA007,300991625
14,716.495,0,310726,1022511861,101,WA003,3002A-3007S-3015A-3025S-3033A-3035A-9999A-9999E,WA007,300991626
15,2755.75,1,310002,1002511701,102,WA001,9999A,WA001,300989178
15,2755.75,1,310002,1002511701,102,WA001,9999A,WA001,300989179
15,2755.75,1,310002,1002511704,102,WA001,9999A,WA001,300989300
15,2755.75,1,310002,1002511704,102,WA001,9999A,WA001,300989301
15,2755.75,1,310002,1002511704,102,WA001,9999A,WA001,300989302
15,2755.75,1,310002,1002511704,102,WA001,9999A,WA001,300989304
15,2755.75,1,310002,1002511704,102,WA001,9999A,WA001,300989367
15,2755.75,1,310002,1002511704,102,WA001,9999A,WA001,300989368
15,2755.75,1,310002,1002511704,102,WA001,9999A,WA001,300989369
15,2755.75,1,310002,1002511704,102,WA001,9999A,WA001,300989370
15,2755.75,1,310002,1002511705,102,WA001,9999A,WA001,300989371
15,2755.75,1,310002,1002511705,102,WA001,9999A,WA001,300989372
15,2755.75,1,310002,1002511705,102,WA001,9999A,WA001,300989373
15,2755.75,1,310002,1002511705,102,WA001,9999A,WA001,300989374
15,2755.75,1,310002,1002511705,102,WA001,9999A,WA001,300989439
15,2755.75,1,310002,1002511705,102,WA001,9999A,WA001,300989440
15,2755.75,1,310002,1002511705,102,WA001,9999A,WA001,300989441
15,2700.635,1,310002,1002511705,102,WA001,9999A,WA001,300989458
15,2755.75,1,310015,1002511701,101,WA001,9999A-9999E,WA001,300988612
15,2755.75,1,310015,1002511701,101,WA001,9999A-9999E,WA001,300988613
15,2755.75,1,310015,1002511701,101,WA001,9999A-9999E,WA001,300988615
15,2755.75,1,310015,1002511701,101,WA001,9999A-9999E,WA001,300988631
15,2755.75,1,310015,1002511701,101,WA001,9999A-9999E,WA001,300988632
15,2755.75,1,310015,1002511701,101,WA001,9999A-9999E,WA001,300988655
15,2755.75,1,310015,1002511701,101,WA001,9999A-9999E,WA001,300988656
15,2755.75,1,310015,1002511701,101,WA001,9999A-9999E,WA001,300988657
15,2755.75,1,310015,1002511702,101,WA001,9999A-9999E,WA001,300988658
15,2755.75,1,310015,1002511702,101,WA001,9999A-9999E,WA001,300988659
15,2755.75,1,310015,1002511702,101,WA001,9999A-9999E,WA001,300988742
15,2755.75,1,310015,1002511702,101,WA001,9999A-9999E,WA001,300988743
15,2755.75,1,310015,1002511702,101,WA001,9999A-9999E,WA001,300988744
15,2755.75,1,310015,1002511702,101,WA001,9999A-9999E,WA001,300988756
15,2755.75,1,310015,1002511702,101,WA001,9999A-9999E,WA001,300988757
15,2755.75,1,310015,1002511702,101,WA001,9999A-9999E,WA001,300988763
15,2755.75,1,310015,1002511703,101,WA001,9999A-9999E,WA001,300988764
15,2755.75,1,310015,1002511703,101,WA001,9999A-9999E,WA001,300988765
15,2755.75,1,310015,1002511703,101,WA001,9999A-9999E,WA001,300988813
15,2755.75,1,310015,1002511703,101,WA001,9999A-9999E,WA001,300988814
15,2755.75,1,310015,1002511703,101,WA001,9999A-9999E,WA001,300988834
15,2755.75,1,310015,1002511703,101,WA001,9999A-9999E,WA001,300988835
15,2755.75,1,310015,1002511703,101,WA001,9999A-9999E,WA001,300988873
15,2755.75,1,310015,1002511703,101,WA001,9999A-9999E,WA001,300988874
15,2755.75,1,310015,1002511704,101,WA001,9999A-9999E,WA001,300988875
15,2700.635,1,310015,1002511704,101,WA001,9999A-9999E,WA001,300988876
15,2755.75,1,310015,1002511704,101,WA001,9999A-9999E,WA001,300988927
15,2755.75,1,310015,1002511704,101,WA001,9999A-9999E,WA001,300988932
15,2755.75,1,310015,1002511704,101,WA001,9999A-9999E,WA001,300988939
15,2755.75,1,310015,1002511704,101,WA001,9999A-9999E,WA001,300988980
15,2755.75,1,310015,1002511704,101,WA001,9999A-9999E,WA001,300988981
15,2755.75,1,310015,1002511704,101,WA001,9999A-9999E,WA001,300988982
15,2755.75,1,310015,1052511701,101,ID002,3132A,ID010,300988351
15,2755.75,1,310015,1052511701,101,ID002,3132A,ID010,300988352
15,2755.75,1,310015,1052511702,101,ID002,3132A,ID010,300988353
15,2755.75,1,310015,1052511702,101,ID002,3132A,ID010,300988354
15,2755.75,1,310015,1052511702,101,ID002,3132A,ID010,300988390
15,2755.75,1,310015,1052511702,101,ID002,3132A,ID010,300988391
15,2755.75,1,310015,1052511702,101,ID002,3132A,ID010,300988392
15,2755.75,1,310015,1052511702,101,ID002,3132A,ID010,300988393
15,2755.75,1,310015,1052511702,101,ID002,3132A,ID010,300988394
15,2755.75,1,310015,1052511702,101,ID002,3132A,ID010,300988395
15,2755.75,1,310015,1052511703,101,ID002,3117A-3123A-9999A-9999E,ID010,300988396
15,2755.75,1,310015,1052511703,101,ID002,3117A-3123A-9999A-9999E,ID010,300988397
15,2755.75,1,310015,1052511703,101,ID002,3117A-3123A-9999A-9999E,ID010,300988459
15,2755.75,1,310015,1052511703,101,ID002,3117A-3123A-9999A-9999E,ID010,300988460
15,2755.75,1,310015,1052511703,101,ID002,3117A-3123A-9999A-9999E,ID010,300988461
15,2755.75,1,310015,1052511703,101,ID002,3117A-3123A-9999A-9999E,ID010,300988462
15,2755.75,1,310015,1052511703,101,ID002,3117A-3123A-9999A-9999E,ID010,300988463
15,2755.75,1,310015,1052511703,101,ID002,3117A-3123A-9999A-9999E,ID010,300988464
15,2755.75,1,310015,1052511704,101,ID002,3117A-3123A-9999A-9999E,ID010,300988487
15,2755.75,1,310015,1052511704,101,ID002,3117A-3123A-9999A-9999E,ID010,300988488
15,2755.75,1,310015,1052511704,101,ID002,3117A-3123A-9999A-9999E,ID010,300988593
15,2755.75,1,310015,1052511704,101,ID002,3117A-3123A-9999A-9999E,ID010,300988594
15,2755.75,1,310015,1052511704,101,ID002,3117A-3123A-9999A-9999E,ID010,300988601
15,2755.75,1,310015,1052511704,101,ID002,3117A-3123A-9999A-9999E,ID010,300988602
15,2755.75,1,310015,1052511704,101,ID002,3117A-3123A-9999A-9999E,ID010,300988603
15,2755.75,1,310015,1052511704,101,ID002,3117A-3123A-9999A-9999E,ID010,300988604
15,55.115,0,310015,1052511706,101,ID002,3117A-3123A-9999A-9999E,ID002,300988693
15,2700.635,1,310015,1052511706,101,ID002,3117A-3123A-9999A-9999E,ID010,300988693
15,2755.75,1,310015,1052511712,101,ID002,3117A-3123A-3132A-9999A-9999E,ID010,300989107
15,2755.75,1,310015,1052511712,101,ID002,3117A-3123A-3132A-9999A-9999E,ID010,300989108
15,2755.75,1,310015,1052511712,101,ID002,3117A-3123A-3132A-9999A-9999E,ID010,300989109
15,2755.75,1,310015,1052511712,101,ID002,3117A-3123A-3132A-9999A-9999E,ID010,300989110
15,2755.75,1,310015,1052511713,101,ID002,3117A-3123A-3132A-9999A-9999E,ID010,300989128
15,2755.75,1,310015,1052511713,101,ID002,3117A-3123A-3132A-9999A-9999E,ID010,300989246
15,2755.75,1,310015,1052511713,101,ID002,3117A-3123A-3132A-9999A-9999E,ID010,300989247
15,2755.75,1,310015,1052511713,101,ID002,3117A-3123A-3132A-9999A-9999E,ID010,300989248
15,2755.75,1,310015,1052511713,101,ID002,3117A-3123A-3132A-9999A-9999E,ID010,300989249
15,2755.75,1,310015,1052511713,101,ID002,3117A-3123A-3132A-9999A-9999E,ID010,300989250
15,2755.75,1,310015,1052511713,101,ID002,3117A-3123A-3132A-9999A-9999E,ID010,300989291
15,2755.75,1,310015,1052511713,101,ID002,3117A-3123A-3132A-9999A-9999E,ID010,300989292
15,2755.75,1,310015,1052511714,101,ID002,3117A-3123A-3132A-9999A-9999E,ID010,300989307
15,2755.75,1,310015,1052511714,101,ID002,3117A-3123A-3132A-9999A-9999E,ID010,300989310
15,2755.75,1,310015,1052511714,101,ID002,3117A-3123A-3132A-9999A-9999E,ID010,300989312
15,2755.75,1,310015,1052511714,101,ID002,3117A-3123A-3132A-9999A-9999E,ID010,300989318
15,2755.75,1,310015,1052511714,101,ID002,3117A-3123A-3132A-9999A-9999E,ID010,300989342
15,2755.75,1,310015,1052511714,101,ID002,3117A-3123A-3132A-9999A-9999E,ID010,300989343
15,2755.75,1,310015,1052511714,101,ID002,3117A-3123A-3132A-9999A-9999E,ID010,300989344
15,2755.75,1,310015,1052511714,101,ID002,3117A-3123A-3132A-9999A-9999E,ID010,300989345
15,2755.75,1,310015,1052511715,101,ID002,3117A-3123A-9999A-9999E,ID010,300989382
15,2755.75,1,310015,1052511715,101,ID002,3117A-3123A-9999A-9999E,ID010,300989383
15,2755.75,1,310015,1052511715,101,ID002,3117A-3123A-9999A-9999E,ID010,300989384
15,2755.75,1,310015,1052511715,101,ID002,3117A-3123A-9999A-9999E,ID010,300989385
15,2755.75,1,310015,1052511715,101,ID002,3117A-3123A-9999A-9999E,ID010,300989386
15,2755.75,1,310015,1052511715,101,ID002,3117A-3123A-9999A-9999E,ID010,300989387
15,2755.75,1,310015,1052511715,101,ID002,3117A-3123A-9999A-9999E,ID010,300989398
15,2755.75,1,310015,1052511715,101,ID002,3117A-3123A-9999A-9999E,ID010,300989400
15,2755.75,1,310015,1052511716,101,ID002,3117A-3123A-9999A-9999E,ID010,300989428
15,2755.75,1,310015,1052511716,101,ID002,3117A-3123A-9999A-9999E,ID010,300989429
15,2755.75,1,310015,1052511716,101,ID002,3117A-3123A-9999A-9999E,ID010,300989430
15,2755.75,1,310724,1012511701,101,WA002,3040A-3045A-3053A-9999A-9999E,WA007,300988630
15,2755.75,1,310724,1012511701,101,WA002,3040A-3045A-3053A-9999A-9999E,WA007,300988652
15,2755.75,1,310724,1012511701,101,WA002,3040A-3045A-3053A-9999A-9999E,WA007,300988653
15,2755.75,1,310724,1012511701,101,WA002,3040A-3045A-3053A-9999A-9999E,WA007,300988654
15,2755.75,1,310724,1012511701,101,WA002,3040A-3045A-3053A-9999A-9999E,WA007,300988665
15,2755.75,1,310724,1012511701,101,WA002,3040A-3045A-3053A-9999A-9999E,WA007,300988686
15,2755.75,1,310724,1012511701,101,WA002,3040A-3045A-3053A-9999A-9999E,WA007,300988689
15,2755.75,1,310724,1012511701,101,WA002,3040A-3045A-3053A-9999A-9999E,WA007,300988690
15,2755.75,1,310724,1012511702,101,WA002,3040A-3045A-3053A-9999A-9999E,WA007,300988704
15,2755.75,1,310724,1012511702,101,WA002,3040A-3045A-3053A-9999A-9999E,WA007,300988705
15,2755.75,1,310724,1012511702,101,WA002,3040A-3045A-3053A-9999A-9999E,WA007,300988739
15,2755.75,1,310724,1012511702,101,WA002,3040A-3045A-3053A-9999A-9999E,WA007,300988740
15,2755.75,1,310724,1012511702,101,WA002,3040A-3045A-3053A-9999A-9999E,WA007,300988741
15,2755.75,1,310724,1012511702,101,WA002,3040A-3045A-3053A-9999A-9999E,WA007,300988750
15,2755.75,1,310724,1012511702,101,WA002,3040A-3045A-3053A-9999A-9999E,WA007,300988753
15,2755.75,1,310724,1012511702,101,WA002,3040A-3045A-3053A-9999A-9999E,WA007,300988759
15,2755.75,1,310724,1012511703,101,WA002,3040A-3045A-3053A-9999A-9999E,WA007,300988785
15,2755.75,1,310724,1012511703,101,WA002,3040A-3045A-3053A-9999A-9999E,WA007,300988786
15,2755.75,1,310724,1012511703,101,WA002,3040A-3045A-3053A-9999A-9999E,WA007,300988787
15,2755.75,1,310724,1012511703,101,WA002,3040A-3045A-3053A-9999A-9999E,WA007,300988799
15,2755.75,1,310724,1012511703,101,WA002,3040A-3045A-3053A-9999A-9999E,WA007,300988800
15,2755.75,1,310724,1012511703,101,WA002,3040A-3045A-3053A-9999A-9999E,WA007,300988801
15,2755.75,1,310724,1012511703,101,WA002,3040A-3045A-3053A-9999A-9999E,WA007,300988837
15,2755.75,1,310724,1012511703,101,WA002,3040A-3045A-3053A-9999A-9999E,WA007,300988838
15,2755.75,1,310724,1012511704,101,WA002,3040A-3045A-3053A-9999A,WA007,300988839
15,2755.75,1,310724,1012511704,101,WA002,3040A-3045A-3053A-9999A,WA007,300988840
15,2755.75,1,310724,1012511704,101,WA002,3040A-3045A-3053A-9999A,WA007,300988843
15,2755.75,1,310724,1012511704,101,WA002,3040A-3045A-3053A-9999A,WA007,300988864
15,2755.75,1,310724,1012511704,101,WA002,3040A-3045A-3053A-9999A,WA007,300988904
15,2755.75,1,310724,1012511704,101,WA002,3040A-3045A-3053A-9999A,WA007,300988905
15,2755.75,1,310724,1012511704,101,WA002,3040A-3045A-3053A-9999A,WA007,300988906
15,2755.75,1,310724,1012511704,101,WA002,3040A-3045A-3053A-9999A,WA007,300988914
15,2755.75,1,310724,1012511705,101,WA002,3040A-3045A-3053A-9999A-9999E,WA007,300988916
15,2755.75,1,310724,1012511705,101,WA002,3040A-3045A-3053A-9999A-9999E,WA007,300988922
15,2755.75,1,310724,1012511705,101,WA002,3040A-3045A-3053A-9999A-9999E,WA007,300988936
15,2755.75,1,310724,1012511705,101,WA002,3040A-3045A-3053A-9999A-9999E,WA007,300988937
15,2755.75,1,310724,1012511705,101,WA002,3040A-3045A-3053A-9999A-9999E,WA007,300988941
15,2755.75,1,310724,1012511705,101,WA002,3040A-3045A-3053A-9999A-9999E,WA007,300988956
15,2755.75,1,310724,1012511705,101,WA002,3040A-3045A-3053A-9999A-9999E,WA007,300988971
15,2755.75,1,310724,1012511705,101,WA002,3040A-3045A-3053A-9999A-9999E,WA007,300988975
15,2755.75,1,310724,1012511706,101,WA002,3040A-3045A-3053A-9999A,WA007,300989013
15,2755.75,1,310724,1012511706,101,WA002,3040A-3045A-3053A-9999A,WA007,300989014
15,2755.75,1,310724,1012511706,101,WA002,3040A-3045A-3053A-9999A,WA007,300989015
15,2755.75,1,310724,1012511706,101,WA002,3040A-3045A-3053A-9999A,WA007,300989033
15,2755.75,1,310724,1012511706,101,WA002,3040A-3045A-3053A-9999A,WA007,300989034
15,2755.75,1,310724,1012511706,101,WA002,3040A-3045A-3053A-9999A,WA007,300989035
15,2755.75,1,310724,1012511706,101,WA002,3040A-3045A-3053A-9999A,WA007,300989161
15,2755.75,1,310724,1012511706,101,WA002,3040A-3045A-3053A-9999A,WA007,300989162
15,2755.75,1,310724,1012511707,101,WA002,3040A-3045A-3053A-3055A-3055A-9999A-9999E,WA007,300989168
15,2755.75,1,310724,1012511707,101,WA002,3040A-3045A-3053A-3055A-3055A-9999A-9999E,WA007,300989169
15,2755.75,1,310724,1012511707,101,WA002,3040A-3045A-3053A-3055A-3055A-9999A-9999E,WA007,300989170
15,2755.75,1,310724,1012511707,101,WA002,3040A-3045A-3053A-3055A-3055A-9999A-9999E,WA007,300989183
15,2755.75,1,310724,1012511707,101,WA002,3040A-3045A-3053A-3055A-3055A-9999A-9999E,WA007,300989184
15,2755.75,1,310724,1012511707,101,WA002,3040A-3045A-3053A-3055A-3055A-9999A-9999E,WA007,300989185
15,2755.75,1,310724,1012511707,101,WA002,3040A-3045A-3053A-3055A-3055A-9999A-9999E,WA007,300989186
15,2755.75,1,310724,1012511707,101,WA002,3040A-3045A-3053A-3055A-3055A-9999A-9999E,WA007,300989187
15,2755.75,1,310724,1012511708,101,WA002,3040A-3043A-3045A-3053A-3055A-3055A-9999A-9999E,WA007,300989203
15,2755.75,1,310724,1012511708,101,WA002,3040A-3043A-3045A-3053A-3055A-3055A-9999A-9999E,WA007,300989204
15,2755.75,1,310724,1012511708,101,WA002,3040A-3043A-3045A-3053A-3055A-3055A-9999A-9999E,WA007,300989205
15,2755.75,1,310724,1012511708,101,WA002,3040A-3043A-3045A-3053A-3055A-3055A-9999A-9999E,WA007,300989206
15,2755.75,1,310724,1012511708,101,WA002,3040A-3043A-3045A-3053A-3055A-3055A-9999A-9999E,WA007,300989228
15,2755.75,1,310724,1012511708,101,WA002,3040A-3043A-3045A-3053A-3055A-3055A-9999A-9999E,WA007,300989229
15,2755.75,1,310724,1012511708,101,WA002,3040A-3043A-3045A-3053A-3055A-3055A-9999A-9999E,WA007,300989244
15,2755.75,1,310724,1012511708,101,WA002,3040A-3043A-3045A-3053A-3055A-3055A-9999A-9999E,WA007,300989245
15,2755.75,1,310724,1012511709,101,WA002,3040A-3043A-3045A-3053A-3055A-3055A-9999A-9999E,WA007,300989263
15,2755.75,1,310724,1012511709,101,WA002,3040A-3043A-3045A-3053A-3055A-3055A-9999A-9999E,WA007,300989264
15,2755.75,1,310724,1012511709,101,WA002,3040A-3043A-3045A-3053A-3055A-3055A-9999A-9999E,WA007,300989265
15,2755.75,1,310724,1012511709,101,WA002,3040A-3043A-3045A-3053A-3055A-3055A-9999A-9999E,WA007,300989273
15,2755.75,1,310724,1012511709,101,WA002,3040A-3043A-3045A-3053A-3055A-3055A-9999A-9999E,WA007,300989274
15,2755.75,1,310724,1012511709,101,WA002,3040A-3043A-3045A-3053A-3055A-3055A-9999A-9999E,WA007,300989275
15,2755.75,1,310724,1012511709,101,WA002,3040A-3043A-3045A-3053A-3055A-3055A-9999A-9999E,WA007,300989282
15,2755.75,1,310724,1012511709,101,WA002,3040A-3043A-3045A-3053A-3055A-3055A-9999A-9999E,WA007,300989283
15,2755.75,1,310724,1012511710,101,WA002,3040A-3043A-3045A-3053A-3055A-3055A-9999A-9999E,WA007,300989285
15,2755.75,1,310724,1012511710,101,WA002,3040A-3043A-3045A-3053A-3055A-3055A-9999A-9999E,WA007,300989286
15,2755.75,1,310724,1012511710,101,WA002,3040A-3043A-3045A-3053A-3055A-3055A-9999A-9999E,WA007,300989287
15,2755.75,1,310724,1012511710,101,WA002,3040A-3043A-3045A-3053A-3055A-3055A-9999A-9999E,WA007,300989337
15,2755.75,1,310724,1012511710,101,WA002,3040A-3043A-3045A-3053A-3055A-3055A-9999A-9999E,WA007,300989338
15,2755.75,1,310724,1012511710,101,WA002,3040A-3043A-3045A-3053A-3055A-3055A-9999A-9999E,WA007,300989339
15,2755.75,1,310724,1012511710,101,WA002,3040A-3043A-3045A-3053A-3055A-3055A-9999A-9999E,WA007,300989340
15,2755.75,1,310724,1012511710,101,WA002,3040A-3043A-3045A-3053A-3055A-3055A-9999A-9999E,WA007,300989341
15,2755.75,1,310724,1012511711,101,WA002,3040A-3043A-3045A-3053A-3055A-3055A-9999A-9999E,WA007,300989375
15,2755.75,1,310724,1012511711,101,WA002,3040A-3043A-3045A-3053A-3055A-3055A-9999A-9999E,WA007,300989376
15,2755.75,1,310724,1012511711,101,WA002,3040A-3043A-3045A-3053A-3055A-3055A-9999A-9999E,WA007,300989377
15,2755.75,1,310724,1012511711,101,WA002,3040A-3043A-3045A-3053A-3055A-3055A-9999A-9999E,WA007,300989378
15,2755.75,1,310724,1012511711,101,WA002,3040A-3043A-3045A-3053A-3055A-3055A-9999A-9999E,WA007,300989412
15,2755.75,1,310724,1012511711,101,WA002,3040A-3043A-3045A-3053A-3055A-3055A-9999A-9999E,WA007,300989413
15,2755.75,1,310724,1012511711,101,WA002,3040A-3043A-3045A-3053A-3055A-3055A-9999A-9999E,WA007,300989418
15,2755.75,1,310724,1012511711,101,WA002,3040A-3043A-3045A-3053A-3055A-3055A-9999A-9999E,WA007,300989419
15,2755.75,1,310724,1012511712,101,WA002,3040A-3043A-3045A-3053A-3055A-3055A-9999A-9999E,WA007,300989437
15,2755.75,1,310724,1012511712,101,WA002,3040A-3043A-3045A-3053A-3055A-3055A-9999A-9999E,WA007,300989438
15,2755.75,1,310726,1022511751,101,WA003,3002A-3007S-3015A-3025S-3033A-3035A-9999A-9999E,WA007,300989462
15,2755.75,1,310726,1022511751,101,WA003,3002A-3007S-3015A-3025S-3033A-3035A-9999A-9999E,WA007,300989463
15,2755.75,1,310726,1022511751,101,WA003,3002A-3007S-3015A-3025S-3033A-3035A-9999A-9999E,WA007,300989464
15,2755.75,1,310726,1022511751,101,WA003,3002A-3007S-3015A-3025S-3033A-3035A-9999A-9999E,WA007,300989465
15,2755.75,1,310726,1022511751,101,WA003,3002A-3007S-3015A-3025S-3033A-3035A-9999A-9999E,WA007,300989539
15,2755.75,1,310726,1022511751,101,WA003,3002A-3007S-3015A-3025S-3033A-3035A-9999A-9999E,WA007,300989540
15,2755.75,1,310726,1022511752,101,WA003,3002A-3005WGUM-3005WGUM-3007DRYGUM-3007FO-3007S-3015A-3025S-3033A-3035A-9999A-9999C-9999CS-9999E,WA007,300989542
15,2755.75,1,310726,1022511752,101,WA003,3002A-3005WGUM-3005WGUM-3007DRYGUM-3007FO-3007S-3015A-3025S-3033A-3035A-9999A-9999C-9999CS-9999E,WA007,300989543
15,2755.75,1,310726,1022511752,101,WA003,3002A-3005WGUM-3005WGUM-3007DRYGUM-3007FO-3007S-3015A-3025S-3033A-3035A-9999A-9999C-9999CS-9999E,WA007,300989544
15,2755.75,1,310726,1022511752,101,WA003,3002A-3005WGUM-3005WGUM-3007DRYGUM-3007FO-3007S-3015A-3025S-3033A-3035A-9999A-9999C-9999CS-9999E,WA007,300989545
15,2755.75,1,310726,1022511752,101,WA003,3002A-3005WGUM-3005WGUM-3007DRYGUM-3007FO-3007S-3015A-3025S-3033A-3035A-9999A-9999C-9999CS-9999E,WA007,300989606
15,2755.75,1,310726,1022511752,101,WA003,3002A-3005WGUM-3005WGUM-3007DRYGUM-3007FO-3007S-3015A-3025S-3033A-3035A-9999A-9999C-9999CS-9999E,WA007,300989607
15,2755.75,1,310726,1022511752,101,WA003,3002A-3005WGUM-3005WGUM-3007DRYGUM-3007FO-3007S-3015A-3025S-3033A-3035A-9999A-9999C-9999CS-9999E,WA007,300989608
15,2755.75,1,310726,1022511752,101,WA003,3002A-3005WGUM-3005WGUM-3007DRYGUM-3007FO-3007S-3015A-3025S-3033A-3035A-9999A-9999C-9999CS-9999E,WA007,300989610
15,2755.75,1,310726,1022511755,101,WA003,3002A-3005WGUM-3005WGUM-3007DRYGUM-3007FO-3007S-3015A-3025S-3033A-3035A-9999A-9999C-9999CS-9999E,WA007,300989756
15,2755.75,1,310726,1022511755,101,WA003,3002A-3005WGUM-3005WGUM-3007DRYGUM-3007FO-3007S-3015A-3025S-3033A-3035A-9999A-9999C-9999CS-9999E,WA007,300989757
15,2755.75,1,310726,1022511755,101,WA003,3002A-3005WGUM-3005WGUM-3007DRYGUM-3007FO-3007S-3015A-3025S-3033A-3035A-9999A-9999C-9999CS-9999E,WA007,300989758
15,2755.75,1,310726,1022511755,101,WA003,3002A-3005WGUM-3005WGUM-3007DRYGUM-3007FO-3007S-3015A-3025S-3033A-3035A-9999A-9999C-9999CS-9999E,WA007,300989759
15,2755.75,1,310726,1022511755,101,WA003,3002A-3005WGUM-3005WGUM-3007DRYGUM-3007FO-3007S-3015A-3025S-3033A-3035A-9999A-9999C-9999CS-9999E,WA007,300989761
15,2755.75,1,310726,1022511755,101,WA003,3002A-3005WGUM-3005WGUM-3007DRYGUM-3007FO-3007S-3015A-3025S-3033A-3035A-9999A-9999C-9999CS-9999E,WA007,300989762
15,2755.75,1,310726,1022511755,101,WA003,3002A-3005WGUM-3005WGUM-3007DRYGUM-3007FO-3007S-3015A-3025S-3033A-3035A-9999A-9999C-9999CS-9999E,WA007,300989767
15,2755.75,1,310726,1022511755,101,WA003,3002A-3005WGUM-3005WGUM-3007DRYGUM-3007FO-3007S-3015A-3025S-3033A-3035A-9999A-9999C-9999CS-9999E,WA007,300989768
15,2755.75,1,310726,1022511756,101,WA003,3002A-3005WGUM-3005WGUM-3007DRYGUM-3007FO-3007S-3015A-3025S-3033A-3035A-9999A-9999C-9999CS-9999E,WA007,300989771
15,2755.75,1,310726,1022511756,101,WA003,3002A-3005WGUM-3005WGUM-3007DRYGUM-3007FO-3007S-3015A-3025S-3033A-3035A-9999A-9999C-9999CS-9999E,WA007,300989773
15,2755.75,1,310726,1022511756,101,WA003,3002A-3005WGUM-3005WGUM-3007DRYGUM-3007FO-3007S-3015A-3025S-3033A-3035A-9999A-9999C-9999CS-9999E,WA007,300989782
15,2755.75,1,310726,1022511756,101,WA003,3002A-3005WGUM-3005WGUM-3007DRYGUM-3007FO-3007S-3015A-3025S-3033A-3035A-9999A-9999C-9999CS-9999E,WA007,300989944
15,2755.75,1,310726,1022511756,101,WA003,3002A-3005WGUM-3005WGUM-3007DRYGUM-3007FO-3007S-3015A-3025S-3033A-3035A-9999A-9999C-9999CS-9999E,WA007,300989945
15,2755.75,1,310726,1022511756,101,WA003,3002A-3005WGUM-3005WGUM-3007DRYGUM-3007FO-3007S-3015A-3025S-3033A-3035A-9999A-9999C-9999CS-9999E,WA007,300989950
15,2755.75,1,310726,1022511756,101,WA003,3002A-3005WGUM-3005WGUM-3007DRYGUM-3007FO-3007S-3015A-3025S-3033A-3035A-9999A-9999C-9999CS-9999E,WA007,300989960
15,2755.75,1,310726,1022511756,101,WA003,3002A-3005WGUM-3005WGUM-3007DRYGUM-3007FO-3007S-3015A-3025S-3033A-3035A-9999A-9999C-9999CS-9999E,WA007,300989961
15,2755.75,1,310726,1022511757,101,WA003,3002A-3007S-3015A-3025S-3033A-3035A-9999A-9999C-9999CS-9999E,WA007,300989999
15,2755.75,1,310726,1022511757,101,WA003,3002A-3007S-3015A-3025S-3033A-3035A-9999A-9999C-9999CS-9999E,WA007,300990000
15,2755.75,1,310726,1022511757,101,WA003,3002A-3007S-3015A-3025S-3033A-3035A-9999A-9999C-9999CS-9999E,WA007,300990003
15,2755.75,1,310726,1022511757,101,WA003,3002A-3007S-3015A-3025S-3033A-3035A-9999A-9999C-9999CS-9999E,WA007,300990004
15,2755.75,1,310726,1022511757,101,WA003,3002A-3007S-3015A-3025S-3033A-3035A-9999A-9999C-9999CS-9999E,WA007,300990043
15,2755.75,1,310726,1022511757,101,WA003,3002A-3007S-3015A-3025S-3033A-3035A-9999A-9999C-9999CS-9999E,WA007,300990044
15,2755.75,1,310726,1022511757,101,WA003,3002A-3007S-3015A-3025S-3033A-3035A-9999A-9999C-9999CS-9999E,WA007,300990045
15,2755.75,1,310726,1022511757,101,WA003,3002A-3007S-3015A-3025S-3033A-3035A-9999A-9999C-9999CS-9999E,WA007,300990046
15,2755.75,1,310726,1022511758,101,WA003,3007S-3025S-3033A-3035A-9999A-9999C-9999CS-9999E,WA007,300990062
15,2755.75,1,310726,1022511758,101,WA003,3007S-3025S-3033A-3035A-9999A-9999C-9999CS-9999E,WA007,300990063
15,2755.75,1,310726,1022511758,101,WA003,3007S-3025S-3033A-3035A-9999A-9999C-9999CS-9999E,WA007,300990064
15,2755.75,1,310726,1022511758,101,WA003,3007S-3025S-3033A-3035A-9999A-9999C-9999CS-9999E,WA007,300990065
15,2755.75,1,310726,1022511758,101,WA003,3007S-3025S-3033A-3035A-9999A-9999C-9999CS-9999E,WA007,300990190
15,2755.75,1,310726,1022511758,101,WA003,3007S-3025S-3033A-3035A-9999A-9999C-9999CS-9999E,WA007,300990191
15,2755.75,1,310726,1022511758,101,WA003,3007S-3025S-3033A-3035A-9999A-9999C-9999CS-9999E,WA007,300990192
15,2755.75,1,310726,1022511758,101,WA003,3007S-3025S-3033A-3035A-9999A-9999C-9999CS-9999E,WA007,300990193
15,2755.75,1,310726,1022511759,101,WA003,3025S-3033A-9999A-9999C-9999CS-9999E,WA007,300990198
15,2755.75,1,310726,1022511759,101,WA003,3025S-3033A-9999A-9999C-9999CS-9999E,WA007,300990200
15,2755.75,1,310726,1022511759,101,WA003,3025S-3033A-9999A-9999C-9999CS-9999E,WA007,300990202
15,2755.75,1,310726,1022511759,101,WA003,3025S-3033A-9999A-9999C-9999CS-9999E,WA007,300990246
15,2755.75,1,310726,1022511759,101,WA003,3025S-3033A-9999A-9999C-9999CS-9999E,WA007,300990247
15,2755.75,1,310726,1022511759,101,WA003,3025S-3033A-9999A-9999C-9999CS-9999E,WA007,300990248
15,2755.75,1,310726,1022511759,101,WA003,3025S-3033A-9999A-9999C-9999CS-9999E,WA007,300990249
15,2755.75,1,310726,1022511759,101,WA003,3025S-3033A-9999A-9999C-9999CS-9999E,WA007,300990252
15,2755.75,1,310726,1022511760,101,WA003,3007S-3025S-3033A-3035A-9999A-9999C-9999CS-9999E,WA007,300990347
15,2755.75,1,310726,1022511760,101,WA003,3007S-3025S-3033A-3035A-9999A-9999C-9999CS-9999E,WA007,300990348
15,2755.75,1,310726,1022511760,101,WA003,3007S-3025S-3033A-3035A-9999A-9999C-9999CS-9999E,WA007,300990349
15,2755.75,1,310726,1022511760,101,WA003,3007S-3025S-3033A-3035A-9999A-9999C-9999CS-9999E,WA007,300990351
15,2755.75,1,310726,1022511760,101,WA003,3007S-3025S-3033A-3035A-9999A-9999C-9999CS-9999E,WA007,300990421
15,2755.75,1,310726,1022511760,101,WA003,3007S-3025S-3033A-3035A-9999A-9999C-9999CS-9999E,WA007,300990422
15,2755.75,1,310726,1022511760,101,WA003,3007S-3025S-3033A-3035A-9999A-9999C-9999CS-9999E,WA007,300990423
15,2755.75,1,310726,1022511760,101,WA003,3007S-3025S-3033A-3035A-9999A-9999C-9999CS-9999E,WA007,300990424
15,2755.75,1,310726,1022511761,101,WA003,3007S-3025S-3033A-3035A-9999A-9999C-9999CS-9999E,WA007,300990425
15,2755.75,1,310726,1022511761,101,WA003,3007S-3025S-3033A-3035A-9999A-9999C-9999CS-9999E,WA007,300990426
15,2755.75,1,310726,1022511761,101,WA003,3007S-3025S-3033A-3035A-9999A-9999C-9999CS-9999E,WA007,300990427
15,2755.75,1,310726,1022511761,101,WA003,3007S-3025S-3033A-3035A-9999A-9999C-9999CS-9999E,WA007,300990428
15,2755.75,1,310726,1022511761,101,WA003,3007S-3025S-3033A-3035A-9999A-9999C-9999CS-9999E,WA007,300990439
15,2755.75,1,310726,1022511761,101,WA003,3007S-3025S-3033A-3035A-9999A-9999C-9999CS-9999E,WA007,300990440
15,2755.75,1,310726,1022511761,101,WA003,3007S-3025S-3033A-3035A-9999A-9999C-9999CS-9999E,WA007,300990441
15,2755.75,1,310726,1022511761,101,WA003,3007S-3025S-3033A-3035A-9999A-9999C-9999CS-9999E,WA007,300990444
15,2755.75,1,310726,1022511762,101,WA003,3005WGUM-3005WGUM-3007DRYGUM-3007FO-3007S-3025S-3033A-3035A-9999A-9999C-9999CS-9999E,WA007,300990479
15,2755.75,1,310726,1022511762,101,WA003,3005WGUM-3005WGUM-3007DRYGUM-3007FO-3007S-3025S-3033A-3035A-9999A-9999C-9999CS-9999E,WA007,300990480
15,2755.75,1,310726,1022511762,101,WA003,3005WGUM-3005WGUM-3007DRYGUM-3007FO-3007S-3025S-3033A-3035A-9999A-9999C-9999CS-9999E,WA007,300990481
15,2755.75,1,310726,1022511762,101,WA003,3005WGUM-3005WGUM-3007DRYGUM-3007FO-3007S-3025S-3033A-3035A-9999A-9999C-9999CS-9999E,WA007,300990482
15,2755.75,1,310726,1022511762,101,WA003,3005WGUM-3005WGUM-3007DRYGUM-3007FO-3007S-3025S-3033A-3035A-9999A-9999C-9999CS-9999E,WA007,300990541
15,2755.75,1,310726,1022511762,101,WA003,3005WGUM-3005WGUM-3007DRYGUM-3007FO-3007S-3025S-3033A-3035A-9999A-9999C-9999CS-9999E,WA007,300990542
15,2755.75,1,310726,1022511762,101,WA003,3005WGUM-3005WGUM-3007DRYGUM-3007FO-3007S-3025S-3033A-3035A-9999A-9999C-9999CS-9999E,WA007,300990543
15,2755.75,1,310726,1022511762,101,WA003,3005WGUM-3005WGUM-3007DRYGUM-3007FO-3007S-3025S-3033A-3035A-9999A-9999C-9999CS-9999E,WA007,300990668
15,2755.75,1,310726,1022511763,101,WA003,3005WGUM-3005WGUM-3007DRYGUM-3007FO-3007S-3025S-3035A-9999A-9999C-9999CS-9999E,WA007,300990680
15,2755.75,1,310726,1022511763,101,WA003,3005WGUM-3005WGUM-3007DRYGUM-3007FO-3007S-3025S-3035A-9999A-9999C-9999CS-9999E,WA007,300990681
15,2755.75,1,310726,1022511763,101,WA003,3005WGUM-3005WGUM-3007DRYGUM-3007FO-3007S-3025S-3035A-9999A-9999C-9999CS-9999E,WA007,300990692
15,2755.75,1,310726,1022511763,101,WA003,3005WGUM-3005WGUM-3007DRYGUM-3007FO-3007S-3025S-3035A-9999A-9999C-9999CS-9999E,WA007,300990705
15,2755.75,1,310726,1022511763,101,WA003,3005WGUM-3005WGUM-3007DRYGUM-3007FO-3007S-3025S-3035A-9999A-9999C-9999CS-9999E,WA007,300990715
15,2755.75,1,310726,1022511763,101,WA003,3005WGUM-3005WGUM-3007DRYGUM-3007FO-3007S-3025S-3035A-9999A-9999C-9999CS-9999E,WA007,300990716
15,2755.75,1,310726,1022511763,101,WA003,3005WGUM-3005WGUM-3007DRYGUM-3007FO-3007S-3025S-3035A-9999A-9999C-9999CS-9999E,WA007,300990717
15,2755.75,1,310726,1022511763,101,WA003,3005WGUM-3005WGUM-3007DRYGUM-3007FO-3007S-3025S-3035A-9999A-9999C-9999CS-9999E,WA007,300990718
16,2755.75,1,310015,1002511601,101,WA001,9999A-9999E,WA001,300988287
16,2755.75,1,310015,1002511601,101,WA001,9999A-9999E,WA001,300988290
16,2755.75,1,310015,1002511601,101,WA001,9999A-9999E,WA001,300988292
16,2755.75,1,310015,1002511601,101,WA001,9999A-9999E,WA001,300988293
16,2755.75,1,310015,1002511601,101,WA001,9999A-9999E,WA001,300988316
16,2755.75,1,310015,1002511601,101,WA001,9999A-9999E,WA001,300988317
16,2755.75,1,310015,1002511601,101,WA001,9999A-9999E,WA001,300988348
16,2755.75,1,310015,1002511601,101,WA001,9999A-9999E,WA001,300988349
16,2755.75,1,310015,1002511602,101,WA001,9999A-9999E,WA001,300988356
16,2755.75,1,310015,1002511602,101,WA001,9999A-9999E,WA001,300988364
16,2755.75,1,310015,1002511602,101,WA001,9999A-9999E,WA001,300988368
16,2755.75,1,310015,1052511605,101,ID002,3132A,ID010,300987257
16,2755.75,1,310015,1052511605,101,ID002,3132A,ID010,300987258
16,2755.75,1,310015,1052511605,101,ID002,3132A,ID010,300987259
16,2755.75,1,310015,1052511605,101,ID002,3132A,ID010,300987260
16,2755.75,1,310015,1052511605,101,ID002,3132A,ID010,300987337
16,2755.75,1,310015,1052511605,101,ID002,3132A,ID010,300987338
16,2755.75,1,310015,1052511605,101,ID002,3132A,ID010,300987339
16,2755.75,1,310015,1052511605,101,ID002,3132A,ID010,300987340
16,2755.75,1,310015,1052511606,101,ID002,3132A,ID010,300987388
16,2755.75,1,310015,1052511606,101,ID002,3132A,ID010,300987389
16,2755.75,1,310015,1052511606,101,ID002,3132A,ID010,300987390
16,2755.75,1,310015,1052511606,101,ID002,3132A,ID010,300987391
16,2755.75,1,310015,1052511606,101,ID002,3132A,ID010,300987426
16,2755.75,1,310015,1052511611,101,ID002,3132A,ID010,300987773
16,2755.75,1,310015,1052511611,101,ID002,3132A,ID010,300987774
16,2755.75,1,310015,1052511612,101,ID002,3132A,ID010,300987801
16,2755.75,1,310015,1052511612,101,ID002,3132A,ID010,300987802
16,2755.75,1,310015,1052511612,101,ID002,3132A,ID010,300987803
16,2755.75,1,310015,1052511612,101,ID002,3132A,ID010,300987804
16,2755.75,1,310015,1052511612,101,ID002,3132A,ID010,300988099
16,2755.75,1,310015,1052511612,101,ID002,3132A,ID010,300988100
16,2755.75,1,310015,1052511612,101,ID002,3132A,ID010,300988101
16,2755.75,1,310015,1052511612,101,ID002,3132A,ID010,300988102
16,2755.75,1,310015,1052511613,101,ID002,3123A-3132A-9999A-9999E,ID010,300988182
16,2755.75,1,310015,1052511613,101,ID002,3123A-3132A-9999A-9999E,ID010,300988183
16,2755.75,1,310015,1052511613,101,ID002,3123A-3132A-9999A-9999E,ID010,300988184
16,2755.75,1,310015,1052511613,101,ID002,3123A-3132A-9999A-9999E,ID010,300988185
16,2755.75,1,310015,1052511613,101,ID002,3123A-3132A-9999A-9999E,ID010,300988186
16,2755.75,1,310015,1052511613,101,ID002,3123A-3132A-9999A-9999E,ID010,300988187
16,2755.75,1,310015,1052511613,101,ID002,3123A-3132A-9999A-9999E,ID010,300988188
16,2755.75,1,310015,1052511613,101,ID002,3123A-3132A-9999A-9999E,ID010,300988189
16,2755.75,1,310015,1052511614,101,ID002,3123A-3132A-9999A-9999E,ID010,300988258
16,2755.75,1,310015,1052511614,101,ID002,3123A-3132A-9999A-9999E,ID010,300988260
16,2755.75,1,310015,1052511614,101,ID002,3123A-3132A-9999A-9999E,ID010,300988261
16,2755.75,1,310015,1052511614,101,ID002,3123A-3132A-9999A-9999E,ID010,300988266
16,2755.75,1,310015,1052511614,101,ID002,3123A-3132A-9999A-9999E,ID010,300988294
16,2755.75,1,310015,1052511614,101,ID002,3123A-3132A-9999A-9999E,ID010,300988295
16,2755.75,1,310018,1002511602,102,WA001,9999A,WA001,300987715
16,2755.75,1,310018,1002511602,102,WA001,9999A,WA001,300987716
16,2755.75,1,310018,1002511602,102,WA001,9999A,WA001,300987717
16,2755.75,1,310018,1002511603,102,WA001,9999A,WA001,300987770
16,2755.75,1,310018,1002511603,102,WA001,9999A,WA001,300987780
16,2755.75,1,310018,1002511603,102,WA001,9999A,WA001,300987918
16,2755.75,1,310018,1002511603,102,WA001,9999A,WA001,300987919
16,2755.75,1,310018,1002511603,102,WA001,9999A,WA001,300987925
16,2755.75,1,310018,1002511603,102,WA001,9999A,WA001,300987944
16,2755.75,1,310018,1002511603,102,WA001,9999A,WA001,300987945
16,2755.75,1,310018,1002511603,102,WA001,9999A,WA001,300987946
16,2755.75,1,310018,1002511604,102,WA001,9999A,WA001,300987973
16,2755.75,1,310018,1002511604,102,WA001,9999A,WA001,300987980
16,2755.75,1,310018,1002511604,102,WA001,9999A,WA001,300987983
16,2755.75,1,310018,1002511604,102,WA001,9999A,WA001,300988001
16,2755.75,1,310018,1002511604,102,WA001,9999A,WA001,300988002
16,2755.75,1,310018,1002511604,102,WA001,9999A,WA001,300988003
16,2755.75,1,310018,1002511604,102,WA001,9999A,WA001,300988053
16,2755.75,1,310018,1002511604,102,WA001,9999A,WA001,300988054
16,2755.75,1,310018,1002511605,102,WA001,9999A,WA001,300988056
16,2755.75,1,310018,1002511605,102,WA001,9999A,WA001,300988057
16,2755.75,1,310018,1002511605,102,WA001,9999A,WA001,300988058
16,2755.75,1,310018,1002511605,102,WA001,9999A,WA001,300988059
16,2755.75,1,310724,1012511601,101,WA002,3040A-3045A-3053A-3055A-3055A-9999A-9999E,WA007,300986840
16,2755.75,1,310724,1012511601,101,WA002,3040A-3045A-3053A-3055A-3055A-9999A-9999E,WA007,300986842
16,2755.75,1,310724,1012511601,101,WA002,3040A-3045A-3053A-3055A-3055A-9999A-9999E,WA007,300986843
16,2755.75,1,310724,1012511601,101,WA002,3040A-3045A-3053A-3055A-3055A-9999A-9999E,WA007,300986844
16,2755.75,1,310724,1012511601,101,WA002,3040A-3045A-3053A-3055A-3055A-9999A-9999E,WA007,300986845
16,2755.75,1,310724,1012511601,101,WA002,3040A-3045A-3053A-3055A-3055A-9999A-9999E,WA007,300986846
16,2755.75,1,310724,1012511601,101,WA002,3040A-3045A-3053A-3055A-3055A-9999A-9999E,WA007,300986928
16,2755.75,1,310724,1012511601,101,WA002,3040A-3045A-3053A-3055A-3055A-9999A-9999E,WA007,300986929
16,2755.75,1,310724,1012511602,101,WA002,3040A-3043A-3045A-3053A-3055A-3055A-9999A-9999E,WA007,300986936
16,2755.75,1,310724,1012511602,101,WA002,3040A-3043A-3045A-3053A-3055A-3055A-9999A-9999E,WA007,300986937
16,2755.75,1,310724,1012511602,101,WA002,3040A-3043A-3045A-3053A-3055A-3055A-9999A-9999E,WA007,300986938
16,2755.75,1,310724,1012511602,101,WA002,3040A-3043A-3045A-3053A-3055A-3055A-9999A-9999E,WA007,300986939
16,2755.75,1,310724,1012511602,101,WA002,3040A-3043A-3045A-3053A-3055A-3055A-9999A-9999E,WA007,300986972
16,2755.75,1,310724,1012511602,101,WA002,3040A-3043A-3045A-3053A-3055A-3055A-9999A-9999E,WA007,300986973
16,2755.75,1,310724,1012511602,101,WA002,3040A-3043A-3045A-3053A-3055A-3055A-9999A-9999E,WA007,300986974
16,2755.75,1,310724,1012511602,101,WA002,3040A-3043A-3045A-3053A-3055A-3055A-9999A-9999E,WA007,300986975
16,2755.75,1,310724,1012511603,101,WA002,3040A-3045A-3053A-3055A-3055A-9999A-9999E,WA007,300987010
16,2755.75,1,310724,1012511603,101,WA002,3040A-3045A-3053A-3055A-3055A-9999A-9999E,WA007,300987012
16,2755.75,1,310724,1012511603,101,WA002,3040A-3045A-3053A-3055A-3055A-9999A-9999E,WA007,300987013
16,2755.75,1,310724,1012511603,101,WA002,3040A-3045A-3053A-3055A-3055A-9999A-9999E,WA007,300987037
16,2755.75,1,310724,1012511603,101,WA002,3040A-3045A-3053A-3055A-3055A-9999A-9999E,WA007,300987038
16,2755.75,1,310724,1012511603,101,WA002,3040A-3045A-3053A-3055A-3055A-9999A-9999E,WA007,300987039
16,2755.75,1,310724,1012511603,101,WA002,3040A-3045A-3053A-3055A-3055A-9999A-9999E,WA007,300987064
16,2755.75,1,310724,1012511603,101,WA002,3040A-3045A-3053A-3055A-3055A-9999A-9999E,WA007,300987148
16,2755.75,1,310724,1012511604,101,WA002,3040A-3045A-3053A-9999A-9999E,WA007,300987149
16,2755.75,1,310724,1012511604,101,WA002,3040A-3045A-3053A-9999A-9999E,WA007,300987154
16,2755.75,1,310724,1012511604,101,WA002,3040A-3045A-3053A-9999A-9999E,WA007,300987174
16,2755.75,1,310724,1012511604,101,WA002,3040A-3045A-3053A-9999A-9999E,WA007,300987193
16,2755.75,1,310724,1012511604,101,WA002,3040A-3045A-3053A-9999A-9999E,WA007,300987194
16,2755.75,1,310724,1012511604,101,WA002,3040A-3045A-3053A-9999A-9999E,WA007,300987195
16,2755.75,1,310724,1012511604,101,WA002,3040A-3045A-3053A-9999A-9999E,WA007,300987236
16,2755.75,1,310724,1012511604,101,WA002,3040A-3045A-3053A-9999A-9999E,WA007,300987237
16,2755.75,1,310724,1012511605,101,WA002,3040A-3043A-3045A-3053A-3055A-3055A-9999A-9999E,WA007,300987269
16,2755.75,1,310724,1012511605,101,WA002,3040A-3043A-3045A-3053A-3055A-3055A-9999A-9999E,WA007,300987305
16,2755.75,1,310724,1012511605,101,WA002,3040A-3043A-3045A-3053A-3055A-3055A-9999A-9999E,WA007,300987307
16,2755.75,1,310724,1012511605,101,WA002,3040A-3043A-3045A-3053A-3055A-3055A-9999A-9999E,WA007,300987308
16,2755.75,1,310724,1012511605,101,WA002,3040A-3043A-3045A-3053A-3055A-3055A-9999A-9999E,WA007,300987309
16,2755.75,1,310724,1012511605,101,WA002,3040A-3043A-3045A-3053A-3055A-3055A-9999A-9999E,WA007,300987310
16,2755.75,1,310724,1012511605,101,WA002,3040A-3043A-3045A-3053A-3055A-3055A-9999A-9999E,WA007,300987352
16,2755.75,1,310724,1012511605,101,WA002,3040A-3043A-3045A-3053A-3055A-3055A-9999A-9999E,WA007,300987354
16,2755.75,1,310724,1012511606,101,WA002,3040A-3043A-3045A-3053A-3055A-3055A-9999A-9999C-9999E,WA007,300987355
16,2755.75,1,310724,1012511606,101,WA002,3040A-3043A-3045A-3053A-3055A-3055A-9999A-9999C-9999E,WA007,300987356
16,2755.75,1,310724,1012511606,101,WA002,3040A-3043A-3045A-3053A-3055A-3055A-9999A-9999C-9999E,WA007,300987370
16,2755.75,1,310724,1012511606,101,WA002,3040A-3043A-3045A-3053A-3055A-3055A-9999A-9999C-9999E,WA007,300987373
16,2755.75,1,310724,1012511606,101,WA002,3040A-3043A-3045A-3053A-3055A-3055A-9999A-9999C-9999E,WA007,300987415
16,2755.75,1,310724,1012511606,101,WA002,3040A-3043A-3045A-3053A-3055A-3055A-9999A-9999C-9999E,WA007,300987416
16,2755.75,1,310724,1012511606,101,WA002,3040A-3043A-3045A-3053A-3055A-3055A-9999A-9999C-9999E,WA007,300987425
16,2755.75,1,310724,1012511606,101,WA002,3040A-3043A-3045A-3053A-3055A-3055A-9999A-9999C-9999E,WA007,300987434
16,2755.75,1,310724,1012511607,101,WA002,3040A-3045A-3053A-9999A-9999E,WA007,300987441
16,2755.75,1,310724,1012511607,101,WA002,3040A-3045A-3053A-9999A-9999E,WA007,300987446
16,2755.75,1,310724,1012511607,101,WA002,3040A-3045A-3053A-9999A-9999E,WA007,300987450
16,2755.75,1,310724,1012511607,101,WA002,3040A-3045A-3053A-9999A-9999E,WA007,300987490
16,2755.75,1,310724,1012511607,101,WA002,3040A-3045A-3053A-9999A-9999E,WA007,300987491
16,2755.75,1,310724,1012511607,101,WA002,3040A-3045A-3053A-9999A-9999E,WA007,300987492
16,2755.75,1,310724,1012511607,101,WA002,3040A-3045A-3053A-9999A-9999E,WA007,300987500
16,2755.75,1,310724,1012511607,101,WA002,3040A-3045A-3053A-9999A-9999E,WA007,300987501
16,2755.75,1,310724,1012511608,101,WA002,3040A-3045A-3053A-9999A,WA007,300987502
16,2755.75,1,310724,1012511608,101,WA002,3040A-3045A-3053A-9999A,WA007,300987505
16,2755.75,1,310724,1012511608,101,WA002,3040A-3045A-3053A-9999A,WA007,300987506
16,2755.75,1,310724,1012511608,101,WA002,3040A-3045A-3053A-9999A,WA007,300987565
16,2755.75,1,310724,1012511608,101,WA002,3040A-3045A-3053A-9999A,WA007,300987566
16,2755.75,1,310724,1012511608,101,WA002,3040A-3045A-3053A-9999A,WA007,300987567
16,2755.75,1,310724,1012511608,101,WA002,3040A-3045A-3053A-9999A,WA007,300987568
16,2755.75,1,310724,1012511608,101,WA002,3040A-3045A-3053A-9999A,WA007,300987569
16,2755.75,1,310724,1012511609,101,WA002,3040A-3045A-3053A-9999A-9999E,WA007,300987594
16,2755.75,1,310724,1012511609,101,WA002,3040A-3045A-3053A-9999A-9999E,WA007,300987596
16,2755.75,1,310724,1012511609,101,WA002,3040A-3045A-3053A-9999A-9999E,WA007,300987636
16,2755.75,1,310724,1012511609,101,WA002,3040A-3045A-3053A-9999A-9999E,WA007,300987637
16,2755.75,1,310724,1012511609,101,WA002,3040A-3045A-3053A-9999A-9999E,WA007,300987638
16,2755.75,1,310724,1012511609,101,WA002,3040A-3045A-3053A-9999A-9999E,WA007,300987639
16,2755.75,1,310724,1012511609,101,WA002,3040A-3045A-3053A-9999A-9999E,WA007,300987640
16,2755.75,1,310724,1012511609,101,WA002,3040A-3045A-3053A-9999A-9999E,WA007,300987641
16,2755.75,1,310724,1012511610,101,WA002,3040A-3045A-3053A-9999A-9999E,WA007,300987642
16,2755.75,1,310724,1012511610,101,WA002,3040A-3045A-3053A-9999A-9999E,WA007,300987643
16,2755.75,1,310724,1012511610,101,WA002,3040A-3045A-3053A-9999A-9999E,WA007,300987644
16,2755.75,1,310724,1012511610,101,WA002,3040A-3045A-3053A-9999A-9999E,WA007,300987687
16,2755.75,1,310724,1012511610,101,WA002,3040A-3045A-3053A-9999A-9999E,WA007,300987688
16,2755.75,1,310724,1012511610,101,WA002,3040A-3045A-3053A-9999A-9999E,WA007,300987689
16,2755.75,1,310724,1012511610,101,WA002,3040A-3045A-3053A-9999A-9999E,WA007,300987692
16,2755.75,1,310724,1012511610,101,WA002,3040A-3045A-3053A-9999A-9999E,WA007,300987693
16,2755.75,1,310724,1012511611,101,WA002,3040A-3045A-3053A-9999A,WA007,300987694
16,2755.75,1,310724,1012511611,101,WA002,3040A-3045A-3053A-9999A,WA007,300987697
16,2755.75,1,310724,1012511611,101,WA002,3040A-3045A-3053A-9999A,WA007,300987698
16,2755.75,1,310724,1012511611,101,WA002,3040A-3045A-3053A-9999A,WA007,300987699
16,2755.75,1,310724,1012511611,101,WA002,3040A-3045A-3053A-9999A,WA007,300987719
16,2755.75,1,310724,1012511611,101,WA002,3040A-3045A-3053A-9999A,WA007,300987720
16,2755.75,1,310724,1012511611,101,WA002,3040A-3045A-3053A-9999A,WA007,300987721
16,2755.75,1,310724,1012511611,101,WA002,3040A-3045A-3053A-9999A,WA007,300987741
16,2755.75,1,310724,1012511612,101,WA002,3040A-3045A-3053A-9999A-9999E,WA007,300987881
16,2755.75,1,310724,1012511612,101,WA002,3040A-3045A-3053A-9999A-9999E,WA007,300987882
16,2755.75,1,310724,1012511612,101,WA002,3040A-3045A-3053A-9999A-9999E,WA007,300987883
16,2755.75,1,310724,1012511612,101,WA002,3040A-3045A-3053A-9999A-9999E,WA007,300987884
16,2755.75,1,310724,1012511612,101,WA002,3040A-3045A-3053A-9999A-9999E,WA007,300987893
16,2755.75,1,310724,1012511612,101,WA002,3040A-3045A-3053A-9999A-9999E,WA007,300987894
16,2755.75,1,310724,1012511612,101,WA002,3040A-3045A-3053A-9999A-9999E,WA007,300987895
16,2755.75,1,310724,1012511612,101,WA002,3040A-3045A-3053A-9999A-9999E,WA007,300987896
16,2755.75,1,310724,1012511613,101,WA002,3040A-3045A-3053A-9999A,WA007,300987920
16,2755.75,1,310724,1012511613,101,WA002,3040A-3045A-3053A-9999A,WA007,300987921
16,2755.75,1,310724,1012511613,101,WA002,3040A-3045A-3053A-9999A,WA007,300987922
16,2755.75,1,310724,1012511613,101,WA002,3040A-3045A-3053A-9999A,WA007,300987923
16,2755.75,1,310724,1012511613,101,WA002,3040A-3045A-3053A-9999A,WA007,300987924
16,2755.75,1,310724,1012511613,101,WA002,3040A-3045A-3053A-9999A,WA007,300987926
16,2755.75,1,310724,1012511613,101,WA002,3040A-3045A-3053A-9999A,WA007,300987927
16,2755.75,1,310724,1012511613,101,WA002,3040A-3045A-3053A-9999A,WA007,300987928
16,2755.75,1,310724,1012511614,101,WA002,3040A-3045A-3053A-9999A-9999E,WA007,300987947
16,2755.75,1,310724,1012511614,101,WA002,3040A-3045A-3053A-9999A-9999E,WA007,300987948
16,2755.75,1,310724,1012511614,101,WA002,3040A-3045A-3053A-9999A-9999E,WA007,300987949
16,2755.75,1,310724,1012511614,101,WA002,3040A-3045A-3053A-9999A-9999E,WA007,300987950
16,2755.75,1,310724,1012511614,101,WA002,3040A-3045A-3053A-9999A-9999E,WA007,300987951
16,2755.75,1,310724,1012511614,101,WA002,3040A-3045A-3053A-9999A-9999E,WA007,300987952
16,2755.75,1,310724,1012511614,101,WA002,3040A-3045A-3053A-9999A-9999E,WA007,300987953
16,2755.75,1,310724,1012511614,101,WA002,3040A-3045A-3053A-9999A-9999E,WA007,300987954
16,2755.75,1,310724,1012511615,101,WA002,3040A-3045A-3053A-9999A-9999E,WA007,300987992
16,2755.75,1,310724,1012511615,101,WA002,3040A-3045A-3053A-9999A-9999E,WA007,300987993
16,2755.75,1,310724,1012511615,101,WA002,3040A-3045A-3053A-9999A-9999E,WA007,300987994
16,2755.75,1,310724,1012511615,101,WA002,3040A-3045A-3053A-9999A-9999E,WA007,300987995
16,2755.75,1,310724,1012511615,101,WA002,3040A-3045A-3053A-9999A-9999E,WA007,300988061
16,2755.75,1,310724,1012511615,101,WA002,3040A-3045A-3053A-9999A-9999E,WA007,300988062
16,2755.75,1,310724,1012511615,101,WA002,3040A-3045A-3053A-9999A-9999E,WA007,300988063
16,2755.75,1,310724,1012511615,101,WA002,3040A-3045A-3053A-9999A-9999E,WA007,300988064
16,2755.75,1,310724,1012511616,101,WA002,3040A-3045A-3053A-9999A-9999E,WA007,300988113
16,2755.75,1,310724,1012511616,101,WA002,3040A-3045A-3053A-9999A-9999E,WA007,300988114
16,2755.75,1,310724,1012511616,101,WA002,3040A-3045A-3053A-9999A-9999E,WA007,300988115
16,2755.75,1,310724,1012511616,101,WA002,3040A-3045A-3053A-9999A-9999E,WA007,300988120
16,2755.75,1,310724,1012511616,101,WA002,3040A-3045A-3053A-9999A-9999E,WA007,300988121
16,2755.75,1,310724,1012511616,101,WA002,3040A-3045A-3053A-9999A-9999E,WA007,300988122
16,2755.75,1,310724,1012511616,101,WA002,3040A-3045A-3053A-9999A-9999E,WA007,300988123
16,2755.75,1,310724,1012511616,101,WA002,3040A-3045A-3053A-9999A-9999E,WA007,300988124
16,2755.75,1,310724,1012511617,101,WA002,3040A-3045A-3053A-9999A-9999E,WA007,300988190
16,2755.75,1,310724,1012511617,101,WA002,3040A-3045A-3053A-9999A-9999E,WA007,300988197
16,2755.75,1,310724,1012511617,101,WA002,3040A-3045A-3053A-9999A-9999E,WA007,300988198
16,2755.75,1,310724,1012511617,101,WA002,3040A-3045A-3053A-9999A-9999E,WA007,300988199
16,2755.75,1,310724,1012511617,101,WA002,3040A-3045A-3053A-9999A-9999E,WA007,300988202
16,2755.75,1,310724,1012511617,101,WA002,3040A-3045A-3053A-9999A-9999E,WA007,300988227
16,2755.75,1,310724,1012511617,101,WA002,3040A-3045A-3053A-9999A-9999E,WA007,300988228
16,2755.75,1,310724,1012511617,101,WA002,3040A-3045A-3053A-9999A-9999E,WA007,300988232
16,2755.75,1,310724,1012511618,101,WA002,3040A-3045A-3053A-9999A-9999E,WA007,300988244
16,2755.75,1,310724,1012511618,101,WA002,3040A-3045A-3053A-9999A-9999E,WA007,300988251
16,2755.75,1,310724,1012511618,101,WA002,3040A-3045A-3053A-9999A-9999E,WA007,300988279
16,2755.75,1,310724,1012511618,101,WA002,3040A-3045A-3053A-9999A-9999E,WA007,300988315
16,2755.75,1,310726,1022511651,101,WA003,3002A-3007S-3015A-3033A-3035A-9999A-9999E,WA007,300988027
16,2755.75,1,310726,1022511651,101,WA003,3002A-3007S-3015A-3033A-3035A-9999A-9999E,WA007,300988028
16,2755.75,1,310726,1022511651,101,WA003,3002A-3007S-3015A-3033A-3035A-9999A-9999E,WA007,300988029
16,2755.75,1,310726,1022511651,101,WA003,3002A-3007S-3015A-3033A-3035A-9999A-9999E,WA007,300988030
16,2755.75,1,310726,1022511651,101,WA003,3002A-3007S-3015A-3033A-3035A-9999A-9999E,WA007,300988066
16,2755.75,1,310726,1022511651,101,WA003,3002A-3007S-3015A-3033A-3035A-9999A-9999E,WA007,300988067
16,2755.75,1,310726,1022511651,101,WA003,3002A-3007S-3015A-3033A-3035A-9999A-9999E,WA007,300988068
16,2755.75,1,310726,1022511651,101,WA003,3002A-3007S-3015A-3033A-3035A-9999A-9999E,WA007,300988141
16,2755.75,1,310726,1022511652,101,WA003,3002A-3005WGUM-3005WGUM-3007DRYGUM-3007FO-3007S-3015A-3033A-3035A-9999A-9999C-9999CS-9999E,WA007,300988143
16,2755.75,1,310726,1022511652,101,WA003,3002A-3005WGUM-3005WGUM-3007DRYGUM-3007FO-3007S-3015A-3033A-3035A-9999A-9999C-9999CS-9999E,WA007,300988144
16,2755.75,1,310726,1022511652,101,WA003,3002A-3005WGUM-3005WGUM-3007DRYGUM-3007FO-3007S-3015A-3033A-3035A-9999A-9999C-9999CS-9999E,WA007,300988145
16,2755.75,1,310726,1022511652,101,WA003,3002A-3005WGUM-3005WGUM-3007DRYGUM-3007FO-3007S-3015A-3033A-3035A-9999A-9999C-9999CS-9999E,WA007,300988216
16,2755.75,1,310726,1022511652,101,WA003,3002A-3005WGUM-3005WGUM-3007DRYGUM-3007FO-3007S-3015A-3033A-3035A-9999A-9999C-9999CS-9999E,WA007,300988217
16,2755.75,1,310726,1022511652,101,WA003,3002A-3005WGUM-3005WGUM-3007DRYGUM-3007FO-3007S-3015A-3033A-3035A-9999A-9999C-9999CS-9999E,WA007,300988218
16,2755.75,1,310726,1022511652,101,WA003,3002A-3005WGUM-3005WGUM-3007DRYGUM-3007FO-3007S-3015A-3033A-3035A-9999A-9999C-9999CS-9999E,WA007,300988219
16,2755.75,1,310726,1022511652,101,WA003,3002A-3005WGUM-3005WGUM-3007DRYGUM-3007FO-3007S-3015A-3033A-3035A-9999A-9999C-9999CS-9999E,WA007,300988220
16,2755.75,1,310726,1022511653,101,WA003,3002A-3005WGUM-3005WGUM-3007DRYGUM-3007FO-3007S-3015A-3033A-3035A-9999A-9999C-9999CS-9999E,WA007,300988247
16,2755.75,1,310726,1022511653,101,WA003,3002A-3005WGUM-3005WGUM-3007DRYGUM-3007FO-3007S-3015A-3033A-3035A-9999A-9999C-9999CS-9999E,WA007,300988248
16,2755.75,1,310726,1022511653,101,WA003,3002A-3005WGUM-3005WGUM-3007DRYGUM-3007FO-3007S-3015A-3033A-3035A-9999A-9999C-9999CS-9999E,WA007,300988249
16,2755.75,1,310726,1022511653,101,WA003,3002A-3005WGUM-3005WGUM-3007DRYGUM-3007FO-3007S-3015A-3033A-3035A-9999A-9999C-9999CS-9999E,WA007,300988250
16,2755.75,1,310726,1022511653,101,WA003,3002A-3005WGUM-3005WGUM-3007DRYGUM-3007FO-3007S-3015A-3033A-3035A-9999A-9999C-9999CS-9999E,WA007,300988306
16,2755.75,1,310726,1022511653,101,WA003,3002A-3005WGUM-3005WGUM-3007DRYGUM-3007FO-3007S-3015A-3033A-3035A-9999A-9999C-9999CS-9999E,WA007,300988308
16,2755.75,1,310726,1022511653,101,WA003,3002A-3005WGUM-3005WGUM-3007DRYGUM-3007FO-3007S-3015A-3033A-3035A-9999A-9999C-9999CS-9999E,WA007,300988322
16,2755.75,1,310726,1022511653,101,WA003,3002A-3005WGUM-3005WGUM-3007DRYGUM-3007FO-3007S-3015A-3033A-3035A-9999A-9999C-9999CS-9999E,WA007,300988324
16,2755.75,1,310726,1022511654,101,WA003,3002A-3005WGUM-3005WGUM-3007DRYGUM-3007FO-3007S-3015A-3035A-9999A-9999C-9999CS-9999E,WA007,300988346
16,2755.75,1,310726,1022511654,101,WA003,3002A-3005WGUM-3005WGUM-3007DRYGUM-3007FO-3007S-3015A-3035A-9999A-9999C-9999CS-9999E,WA007,300988347
16,2755.75,1,310726,1022511654,101,WA003,3002A-3005WGUM-3005WGUM-3007DRYGUM-3007FO-3007S-3015A-3035A-9999A-9999C-9999CS-9999E,WA007,300988370
16,2700.635,1,310726,1022511654,101,WA003,3002A-3005WGUM-3005WGUM-3007DRYGUM-3007FO-3007S-3015A-3035A-9999A-9999C-9999CS-9999E,WA007,300988371
16,2755.75,1,310726,1022511654,101,WA003,3002A-3005WGUM-3005WGUM-3007DRYGUM-3007FO-3007S-3015A-3035A-9999A-9999C-9999CS-9999E,WA007,300988372
16,2755.75,1,310726,1022511654,101,WA003,3002A-3005WGUM-3005WGUM-3007DRYGUM-3007FO-3007S-3015A-3035A-9999A-9999C-9999CS-9999E,WA007,300988373
16,2755.75,1,310726,1022511654,101,WA003,3002A-3005WGUM-3005WGUM-3007DRYGUM-3007FO-3007S-3015A-3035A-9999A-9999C-9999CS-9999E,WA007,300988374
16,2755.75,1,310726,1022511654,101,WA003,3002A-3005WGUM-3005WGUM-3007DRYGUM-3007FO-3007S-3015A-3035A-9999A-9999C-9999CS-9999E,WA007,300988375
16,2755.75,1,310726,1022511655,101,WA003,3002A-3005WGUM-3005WGUM-3007DRYGUM-3007FO-3007S-3015A-3035A-9999A-9999C-9999CS-9999E,WA007,300988378
16,2755.75,1,310726,1022511655,101,WA003,3002A-3005WGUM-3005WGUM-3007DRYGUM-3007FO-3007S-3015A-3035A-9999A-9999C-9999CS-9999E,WA007,300988379
16,2755.75,1,310726,1022511655,101,WA003,3002A-3005WGUM-3005WGUM-3007DRYGUM-3007FO-3007S-3015A-3035A-9999A-9999C-9999CS-9999E,WA007,300988380
16,2755.75,1,310726,1022511655,101,WA003,3002A-3005WGUM-3005WGUM-3007DRYGUM-3007FO-3007S-3015A-3035A-9999A-9999C-9999CS-9999E,WA007,300988410
16,2755.75,1,310726,1022511655,101,WA003,3002A-3005WGUM-3005WGUM-3007DRYGUM-3007FO-3007S-3015A-3035A-9999A-9999C-9999CS-9999E,WA007,300988411
16,2755.75,1,310726,1022511655,101,WA003,3002A-3005WGUM-3005WGUM-3007DRYGUM-3007FO-3007S-3015A-3035A-9999A-9999C-9999CS-9999E,WA007,300988412
16,2755.75,1,310726,1022511655,101,WA003,3002A-3005WGUM-3005WGUM-3007DRYGUM-3007FO-3007S-3015A-3035A-9999A-9999C-9999CS-9999E,WA007,300988413
16,2755.75,1,310726,1022511655,101,WA003,3002A-3005WGUM-3005WGUM-3007DRYGUM-3007FO-3007S-3015A-3035A-9999A-9999C-9999CS-9999E,WA007,300988414
16,2755.75,1,310726,1022511656,101,WA003,3002A-3005WGUM-3005WGUM-3007DRYGUM-3007FO-3007S-3015A-3035A-9999A-9999C-9999CS-9999E,WA007,300988469
16,2755.75,1,310726,1022511656,101,WA003,3002A-3005WGUM-3005WGUM-3007DRYGUM-3007FO-3007S-3015A-3035A-9999A-9999C-9999CS-9999E,WA007,300988470
16,2755.75,1,310726,1022511656,101,WA003,3002A-3005WGUM-3005WGUM-3007DRYGUM-3007FO-3007S-3015A-3035A-9999A-9999C-9999CS-9999E,WA007,300988497
16,2755.75,1,310726,1022511656,101,WA003,3002A-3005WGUM-3005WGUM-3007DRYGUM-3007FO-3007S-3015A-3035A-9999A-9999C-9999CS-9999E,WA007,300988498
16,2755.75,1,310726,1022511656,101,WA003,3002A-3005WGUM-3005WGUM-3007DRYGUM-3007FO-3007S-3015A-3035A-9999A-9999C-9999CS-9999E,WA007,300988499
16,2755.75,1,310726,1022511656,101,WA003,3002A-3005WGUM-3005WGUM-3007DRYGUM-3007FO-3007S-3015A-3035A-9999A-9999C-9999CS-9999E,WA007,300988516
16,2755.75,1,310726,1022511656,101,WA003,3002A-3005WGUM-3005WGUM-3007DRYGUM-3007FO-3007S-3015A-3035A-9999A-9999C-9999CS-9999E,WA007,300988517
16,2755.75,1,310726,1022511656,101,WA003,3002A-3005WGUM-3005WGUM-3007DRYGUM-3007FO-3007S-3015A-3035A-9999A-9999C-9999CS-9999E,WA007,300988518
16,2755.75,1,310726,1022511657,101,WA003,3002A-3005WGUM-3005WGUM-3007DRYGUM-3007FO-3007S-3015A-3035A-9999A-9999C-9999CS-9999E,WA007,300988554
16,2755.75,1,310726,1022511657,101,WA003,3002A-3005WGUM-3005WGUM-3007DRYGUM-3007FO-3007S-3015A-3035A-9999A-9999C-9999CS-9999E,WA007,300988555
16,2755.75,1,310726,1022511657,101,WA003,3002A-3005WGUM-3005WGUM-3007DRYGUM-3007FO-3007S-3015A-3035A-9999A-9999C-9999CS-9999E,WA007,300988556
16,2755.75,1,310726,1022511657,101,WA003,3002A-3005WGUM-3005WGUM-3007DRYGUM-3007FO-3007S-3015A-3035A-9999A-9999C-9999CS-9999E,WA007,300988557
16,2755.75,1,310726,1022511657,101,WA003,3002A-3005WGUM-3005WGUM-3007DRYGUM-3007FO-3007S-3015A-3035A-9999A-9999C-9999CS-9999E,WA007,300988588
16,2755.75,1,310726,1022511657,101,WA003,3002A-3005WGUM-3005WGUM-3007DRYGUM-3007FO-3007S-3015A-3035A-9999A-9999C-9999CS-9999E,WA007,300988589
16,2755.75,1,310726,1022511657,101,WA003,3002A-3005WGUM-3005WGUM-3007DRYGUM-3007FO-3007S-3015A-3035A-9999A-9999C-9999CS-9999E,WA007,300988590
16,2755.75,1,310726,1022511657,101,WA003,3002A-3005WGUM-3005WGUM-3007DRYGUM-3007FO-3007S-3015A-3035A-9999A-9999C-9999CS-9999E,WA007,300988591
16,2755.75,1,310726,1022511658,101,WA003,3002A-3005WGUM-3005WGUM-3007DRYGUM-3007FO-3007S-3015A-3025S-9999A-9999C-9999CS-9999E,WA007,300988707
16,2755.75,1,310726,1022511658,101,WA003,3002A-3005WGUM-3005WGUM-3007DRYGUM-3007FO-3007S-3015A-3025S-9999A-9999C-9999CS-9999E,WA007,300988708
16,2755.75,1,310726,1022511658,101,WA003,3002A-3005WGUM-3005WGUM-3007DRYGUM-3007FO-3007S-3015A-3025S-9999A-9999C-9999CS-9999E,WA007,300988709
16,2755.75,1,310726,1022511658,101,WA003,3002A-3005WGUM-3005WGUM-3007DRYGUM-3007FO-3007S-3015A-3025S-9999A-9999C-9999CS-9999E,WA007,300988716
16,2755.75,1,310726,1022511658,101,WA003,3002A-3005WGUM-3005WGUM-3007DRYGUM-3007FO-3007S-3015A-3025S-9999A-9999C-9999CS-9999E,WA007,300988717
16,2755.75,1,310726,1022511658,101,WA003,3002A-3005WGUM-3005WGUM-3007DRYGUM-3007FO-3007S-3015A-3025S-9999A-9999C-9999CS-9999E,WA007,300988718
16,2755.75,1,310726,1022511658,101,WA003,3002A-3005WGUM-3005WGUM-3007DRYGUM-3007FO-3007S-3015A-3025S-9999A-9999C-9999CS-9999E,WA007,300988719
16,2755.75,1,310726,1022511658,101,WA003,3002A-3005WGUM-3005WGUM-3007DRYGUM-3007FO-3007S-3015A-3025S-9999A-9999C-9999CS-9999E,WA007,300988720
16,2755.75,1,310726,1022511659,101,WA003,3002A-3005WGUM-3005WGUM-3007DRYGUM-3007FO-3007S-3015A-3025S-3035A-9999A-9999C-9999CS-9999E,WA007,300988791
16,2755.75,1,310726,1022511659,101,WA003,3002A-3005WGUM-3005WGUM-3007DRYGUM-3007FO-3007S-3015A-3025S-3035A-9999A-9999C-9999CS-9999E,WA007,300988792
16,2755.75,1,310726,1022511659,101,WA003,3002A-3005WGUM-3005WGUM-3007DRYGUM-3007FO-3007S-3015A-3025S-3035A-9999A-9999C-9999CS-9999E,WA007,300988793
16,2755.75,1,310726,1022511659,101,WA003,3002A-3005WGUM-3005WGUM-3007DRYGUM-3007FO-3007S-3015A-3025S-3035A-9999A-9999C-9999CS-9999E,WA007,300988794
16,2755.75,1,310726,1022511659,101,WA003,3002A-3005WGUM-3005WGUM-3007DRYGUM-3007FO-3007S-3015A-3025S-3035A-9999A-9999C-9999CS-9999E,WA007,300988795
16,2755.75,1,310726,1022511659,101,WA003,3002A-3005WGUM-3005WGUM-3007DRYGUM-3007FO-3007S-3015A-3025S-3035A-9999A-9999C-9999CS-9999E,WA007,300988796
16,2755.75,1,310726,1022511659,101,WA003,3002A-3005WGUM-3005WGUM-3007DRYGUM-3007FO-3007S-3015A-3025S-3035A-9999A-9999C-9999CS-9999E,WA007,300988797
16,2755.75,1,310726,1022511659,101,WA003,3002A-3005WGUM-3005WGUM-3007DRYGUM-3007FO-3007S-3015A-3025S-3035A-9999A-9999C-9999CS-9999E,WA007,300988798
16,2755.75,1,310726,1022511660,101,WA003,3002A-3005WGUM-3005WGUM-3007DRYGUM-3007FO-3007S-3015A-3025S-9999A-9999C-9999CS-9999E,WA007,300988920
16,2755.75,1,310726,1022511660,101,WA003,3002A-3005WGUM-3005WGUM-3007DRYGUM-3007FO-3007S-3015A-3025S-9999A-9999C-9999CS-9999E,WA007,300988921
16,2755.75,1,310726,1022511660,101,WA003,3002A-3005WGUM-3005WGUM-3007DRYGUM-3007FO-3007S-3015A-3025S-9999A-9999C-9999CS-9999E,WA007,300988923
16,2755.75,1,310726,1022511660,101,WA003,3002A-3005WGUM-3005WGUM-3007DRYGUM-3007FO-3007S-3015A-3025S-9999A-9999C-9999CS-9999E,WA007,300988924
16,2755.75,1,310726,1022511660,101,WA003,3002A-3005WGUM-3005WGUM-3007DRYGUM-3007FO-3007S-3015A-3025S-9999A-9999C-9999CS-9999E,WA007,300988925
16,2755.75,1,310726,1022511660,101,WA003,3002A-3005WGUM-3005WGUM-3007DRYGUM-3007FO-3007S-3015A-3025S-9999A-9999C-9999CS-9999E,WA007,300988926
16,2755.75,1,310726,1022511660,101,WA003,3002A-3005WGUM-3005WGUM-3007DRYGUM-3007FO-3007S-3015A-3025S-9999A-9999C-9999CS-9999E,WA007,300988972
16,2755.75,1,310726,1022511660,101,WA003,3002A-3005WGUM-3005WGUM-3007DRYGUM-3007FO-3007S-3015A-3025S-9999A-9999C-9999CS-9999E,WA007,300988973
16,2755.75,1,310726,1022511661,101,WA003,3002A-3005WGUM-3005WGUM-3007DRYGUM-3007FO-3007S-3015A-3025S-3035A-9999A-9999C-9999CS-9999E,WA007,300989074
16,2755.75,1,310726,1022511661,101,WA003,3002A-3005WGUM-3005WGUM-3007DRYGUM-3007FO-3007S-3015A-3025S-3035A-9999A-9999C-9999CS-9999E,WA007,300989075
16,2755.75,1,310726,1022511661,101,WA003,3002A-3005WGUM-3005WGUM-3007DRYGUM-3007FO-3007S-3015A-3025S-3035A-9999A-9999C-9999CS-9999E,WA007,300989076
16,2755.75,1,310726,1022511661,101,WA003,3002A-3005WGUM-3005WGUM-3007DRYGUM-3007FO-3007S-3015A-3025S-3035A-9999A-9999C-9999CS-9999E,WA007,300989077
16,2755.75,1,310726,1022511661,101,WA003,3002A-3005WGUM-3005WGUM-3007DRYGUM-3007FO-3007S-3015A-3025S-3035A-9999A-9999C-9999CS-9999E,WA007,300989147
16,2755.75,1,310726,1022511661,101,WA003,3002A-3005WGUM-3005WGUM-3007DRYGUM-3007FO-3007S-3015A-3025S-3035A-9999A-9999C-9999CS-9999E,WA007,300989148
16,2755.75,1,310726,1022511661,101,WA003,3002A-3005WGUM-3005WGUM-3007DRYGUM-3007FO-3007S-3015A-3025S-3035A-9999A-9999C-9999CS-9999E,WA007,300989266
16,2755.75,1,310726,1022511661,101,WA003,3002A-3005WGUM-3005WGUM-3007DRYGUM-3007FO-3007S-3015A-3025S-3035A-9999A-9999C-9999CS-9999E,WA007,300989267
16,2755.75,1,310726,1022511662,101,WA003,3002A-3005WGUM-3005WGUM-3007DRYGUM-3007FO-3007S-3015A-3025S-3035A-9999A-9999C-9999CS-9999E,WA007,300989268
16,2755.75,1,310726,1022511662,101,WA003,3002A-3005WGUM-3005WGUM-3007DRYGUM-3007FO-3007S-3015A-3025S-3035A-9999A-9999C-9999CS-9999E,WA007,300989269
16,2755.75,1,310726,1022511662,101,WA003,3002A-3005WGUM-3005WGUM-3007DRYGUM-3007FO-3007S-3015A-3025S-3035A-9999A-9999C-9999CS-9999E,WA007,300989270
16,2755.75,1,310726,1022511662,101,WA003,3002A-3005WGUM-3005WGUM-3007DRYGUM-3007FO-3007S-3015A-3025S-3035A-9999A-9999C-9999CS-9999E,WA007,300989277
16,2755.75,1,310726,1022511662,101,WA003,3002A-3005WGUM-3005WGUM-3007DRYGUM-3007FO-3007S-3015A-3025S-3035A-9999A-9999C-9999CS-9999E,WA007,300989278
16,2755.75,1,310726,1022511662,101,WA003,3002A-3005WGUM-3005WGUM-3007DRYGUM-3007FO-3007S-3015A-3025S-3035A-9999A-9999C-9999CS-9999E,WA007,300989279
16,2755.75,1,310726,1022511662,101,WA003,3002A-3005WGUM-3005WGUM-3007DRYGUM-3007FO-3007S-3015A-3025S-3035A-9999A-9999C-9999CS-9999E,WA007,300989280
16,2755.75,1,310726,1022511662,101,WA003,3002A-3005WGUM-3005WGUM-3007DRYGUM-3007FO-3007S-3015A-3025S-3035A-9999A-9999C-9999CS-9999E,WA007,300989281
16,2755.75,1,310726,1022511663,101,WA003,3002A-3005WGUM-3005WGUM-3007DRYGUM-3007FO-3007S-3015A-3025S-3035A-9999A-9999C-9999CS-9999E,WA007,300989297
16,2755.75,1,310726,1022511663,101,WA003,3002A-3005WGUM-3005WGUM-3007DRYGUM-3007FO-3007S-3015A-3025S-3035A-9999A-9999C-9999CS-9999E,WA007,300989298
16,2755.75,1,310726,1022511663,101,WA003,3002A-3005WGUM-3005WGUM-3007DRYGUM-3007FO-3007S-3015A-3025S-3035A-9999A-9999C-9999CS-9999E,WA007,300989299
16,2755.75,1,310726,1022511663,101,WA003,3002A-3005WGUM-3005WGUM-3007DRYGUM-3007FO-3007S-3015A-3025S-3035A-9999A-9999C-9999CS-9999E,WA007,300989305
16,2755.75,1,310726,1022511663,101,WA003,3002A-3005WGUM-3005WGUM-3007DRYGUM-3007FO-3007S-3015A-3025S-3035A-9999A-9999C-9999CS-9999E,WA007,300989332
16,2755.75,1,310726,1022511663,101,WA003,3002A-3005WGUM-3005WGUM-3007DRYGUM-3007FO-3007S-3015A-3025S-3035A-9999A-9999C-9999CS-9999E,WA007,300989352
16,2755.75,1,310726,1022511663,101,WA003,3002A-3005WGUM-3005WGUM-3007DRYGUM-3007FO-3007S-3015A-3025S-3035A-9999A-9999C-9999CS-9999E,WA007,300989353
16,2755.75,1,310726,1022511663,101,WA003,3002A-3005WGUM-3005WGUM-3007DRYGUM-3007FO-3007S-3015A-3025S-3035A-9999A-9999C-9999CS-9999E,WA007,300989354
16,2755.75,1,310726,1022511664,101,WA003,3002A-3007S-3015A-3025S-3035A-9999A-9999E,WA007,300989361
16,2755.75,1,310726,1022511664,101,WA003,3002A-3007S-3015A-3025S-3035A-9999A-9999E,WA007,300989362
16,2755.75,1,310726,1022511664,101,WA003,3002A-3007S-3015A-3025S-3035A-9999A-9999E,WA007,300989363
16,2755.75,1,310726,1022511664,101,WA003,3002A-3007S-3015A-3025S-3035A-9999A-9999E,WA007,300989364
16,2755.75,1,310726,1022511664,101,WA003,3002A-3007S-3015A-3025S-3035A-9999A-9999E,WA007,300989365
16,2755.75,1,310726,1022511664,101,WA003,3002A-3007S-3015A-3025S-3035A-9999A-9999E,WA007,300989366
16,2755.75,1,310726,1022511664,101,WA003,3002A-3007S-3015A-3025S-3035A-9999A-9999E,WA007,300989409
16,2755.75,1,310726,1022511664,101,WA003,3002A-3007S-3015A-3025S-3035A-9999A-9999E,WA007,300989410
16,2755.75,1,310726,1022511665,101,WA003,3002A-3007S-3015A-3025S-9999A-9999E,WA007,300989414
16,992.07,0,310726,1022511665,101,WA003,3002A-3007S-3015A-3025S-9999A-9999E,WA007,300989415
17,2755.75,1,310015,1002511501,101,WA001,9999A-9999E,WA001,300985785
17,2755.75,1,310015,1002511501,101,WA001,9999A-9999E,WA001,300985866
17,2755.75,1,310015,1002511501,101,WA001,9999A-9999E,WA001,300985867
17,2755.75,1,310015,1002511501,101,WA001,9999A-9999E,WA001,300985868
17,2755.75,1,310015,1002511501,101,WA001,9999A-9999E,WA001,300985903
17,2755.75,1,310015,1002511501,101,WA001,9999A-9999E,WA001,300985904
17,2755.75,1,310015,1002511501,101,WA001,9999A-9999E,WA001,300985905
17,2755.75,1,310015,1002511501,101,WA001,9999A-9999E,WA001,300985906
17,2755.75,1,310015,1002511502,101,WA001,9999A-9999E,WA001,300985955
17,2755.75,1,310015,1002511502,101,WA001,9999A-9999E,WA001,300985956
17,2755.75,1,310015,1002511502,101,WA001,9999A-9999E,WA001,300985957
17,2755.75,1,310015,1002511502,101,WA001,9999A-9999E,WA001,300986008
17,2755.75,1,310015,1002511502,101,WA001,9999A-9999E,WA001,300986009
17,2755.75,1,310015,1002511502,101,WA001,9999A-9999E,WA001,300986010
17,2755.75,1,310015,1002511502,101,WA001,9999A-9999E,WA001,300986036
17,2755.75,1,310015,1002511502,101,WA001,9999A-9999E,WA001,300986037
17,2755.75,1,310015,1002511503,101,WA001,9999A-9999E,WA001,300986063
17,2755.75,1,310015,1002511503,101,WA001,9999A-9999E,WA001,300986100
17,2755.75,1,310015,1002511503,101,WA001,9999A-9999E,WA001,300986101
17,2755.75,1,310015,1002511503,101,WA001,9999A-9999E,WA001,300986102
17,2755.75,1,310015,1002511503,101,WA001,9999A-9999E,WA001,300986301
17,2755.75,1,310015,1002511503,101,WA001,9999A-9999E,WA001,300986325
17,2755.75,1,310015,1002511503,101,WA001,9999A-9999E,WA001,300986327
17,2755.75,1,310015,1002511503,101,WA001,9999A-9999E,WA001,300986352
17,2755.75,1,310015,1002511504,101,WA001,9999A-9999E,WA001,300986394
17,2755.75,1,310015,1002511504,101,WA001,9999A-9999E,WA001,300986410
17,2755.75,1,310015,1002511504,101,WA001,9999A-9999E,WA001,300986423
17,1102.3,0,310015,1002511504,101,WA001,9999A-9999E,WA001,300986432
17,2755.75,1,310015,1002511504,101,WA001,9999A-9999E,WA001,300986440
17,2755.75,1,310015,1002511504,101,WA001,9999A-9999E,WA001,300986441
17,2755.75,1,310015,1002511504,101,WA001,9999A-9999E,WA001,300986442
17,2755.75,1,310015,1002511504,101,WA001,9999A-9999E,WA001,300986443
17,2755.75,1,310015,1002511505,101,WA001,9999A-9999E,WA001,300986514
17,2755.75,1,310015,1002511505,101,WA001,9999A-9999E,WA001,300986515
17,2755.75,1,310015,1002511505,101,WA001,9999A-9999E,WA001,300986516
17,2755.75,1,310015,1002511505,101,WA001,9999A-9999E,WA001,300986517
17,2755.75,1,310015,1002511505,101,WA001,9999A-9999E,WA001,300986518
17,2755.75,1,310015,1002511505,101,WA001,9999A-9999E,WA001,300986519
17,2755.75,1,310015,1002511505,101,WA001,9999A-9999E,WA001,300986584
17,2755.75,1,310015,1002511505,101,WA001,9999A-9999E,WA001,300986585
17,2755.75,1,310015,1002511506,101,WA001,9999A-9999E,WA001,300986634
17,2755.75,1,310015,1002511506,101,WA001,9999A-9999E,WA001,300986635
17,2755.75,1,310015,1002511506,101,WA001,9999A-9999E,WA001,300986636
17,2755.75,1,310015,1002511506,101,WA001,9999A-9999E,WA001,300986663
17,2755.75,1,310015,1002511506,101,WA001,9999A-9999E,WA001,300986664
17,2755.75,1,310015,1002511506,101,WA001,9999A-9999E,WA001,300986679
17,2755.75,1,310015,1002511506,101,WA001,9999A-9999E,WA001,300986697
17,2755.75,1,310015,1002511506,101,WA001,9999A-9999E,WA001,300986698
17,2755.75,1,310015,1002511507,101,WA001,9999A-9999E,WA001,300986750
17,2755.75,1,310015,1002511507,101,WA001,9999A-9999E,WA001,300986751
17,2755.75,1,310015,1002511507,101,WA001,9999A-9999E,WA001,300986766
17,2755.75,1,310015,1002511507,101,WA001,9999A-9999E,WA001,300986767
17,2204.6,1,310015,1052511514,101,ID002,3132A,ID010,300986606
17,2480.175,1,310015,1052511515,101,ID002,3132A,ID010,300986680
17,2755.75,1,310018,1002511501,102,WA001,9999A,WA001,300985465
17,2755.75,1,310018,1002511501,102,WA001,9999A,WA001,300985466
17,2755.75,1,310018,1002511501,102,WA001,9999A,WA001,300985467
17,2755.75,1,310018,1002511501,102,WA001,9999A,WA001,300985485
17,2755.75,1,310018,1002511501,102,WA001,9999A,WA001,300985512
17,2755.75,1,310018,1002511501,102,WA001,9999A,WA001,300985513
17,2755.75,1,310018,1002511501,102,WA001,9999A,WA001,300985514
17,2755.75,1,310018,1002511501,102,WA001,9999A,WA001,300985515
17,2755.75,1,310018,1002511502,102,WA001,9999A,WA001,300985516
17,2755.75,1,310018,1002511502,102,WA001,9999A,WA001,300985592
17,2755.75,1,310018,1002511502,102,WA001,9999A,WA001,300985593
17,2755.75,1,310018,1002511502,102,WA001,9999A,WA001,300985594
17,2755.75,1,310018,1002511502,102,WA001,9999A,WA001,300985621
17,2755.75,1,310018,1002511502,102,WA001,9999A,WA001,300985622
17,2755.75,1,310018,1002511502,102,WA001,9999A,WA001,300985625
17,2755.75,1,310018,1002511502,102,WA001,9999A,WA001,300985628
17,2755.75,1,310018,1002511503,102,WA001,9999A,WA001,300985685
17,2755.75,1,310018,1002511503,102,WA001,9999A,WA001,300985686
17,2755.75,1,310724,1012511501,101,WA002,3040A-3045A-3053A-3055A-3055A-9999A-9999C-9999E,WA007,300985179
17,2755.75,1,310724,1012511501,101,WA002,3040A-3045A-3053A-3055A-3055A-9999A-9999C-9999E,WA007,300985180
17,2755.75,1,310724,1012511501,101,WA002,3040A-3045A-3053A-3055A-3055A-9999A-9999C-9999E,WA007,300985181
17,2755.75,1,310724,1012511501,101,WA002,3040A-3045A-3053A-3055A-3055A-9999A-9999C-9999E,WA007,300985182
17,2755.75,1,310724,1012511501,101,WA002,3040A-3045A-3053A-3055A-3055A-9999A-9999C-9999E,WA007,300985247
17,2755.75,1,310724,1012511501,101,WA002,3040A-3045A-3053A-3055A-3055A-9999A-9999C-9999E,WA007,300985248
17,2755.75,1,310724,1012511501,101,WA002,3040A-3045A-3053A-3055A-3055A-9999A-9999C-9999E,WA007,300985249
17,2755.75,1,310724,1012511501,101,WA002,3040A-3045A-3053A-3055A-3055A-9999A-9999C-9999E,WA007,300985265
17,2755.75,1,310724,1012511502,101,WA002,3040A-3045A-3053A-3055A-3055A-9999A-9999E,WA007,300985266
17,2755.75,1,310724,1012511502,101,WA002,3040A-3045A-3053A-3055A-3055A-9999A-9999E,WA007,300985267
17,2755.75,1,310724,1012511502,101,WA002,3040A-3045A-3053A-3055A-3055A-9999A-9999E,WA007,300985339
17,2755.75,1,310724,1012511502,101,WA002,3040A-3045A-3053A-3055A-3055A-9999A-9999E,WA007,300985340
17,2755.75,1,310724,1012511502,101,WA002,3040A-3045A-3053A-3055A-3055A-9999A-9999E,WA007,300985341
17,2755.75,1,310724,1012511502,101,WA002,3040A-3045A-3053A-3055A-3055A-9999A-9999E,WA007,300985349
17,2755.75,1,310724,1012511502,101,WA002,3040A-3045A-3053A-3055A-3055A-9999A-9999E,WA007,300985350
17,2755.75,1,310724,1012511502,101,WA002,3040A-3045A-3053A-3055A-3055A-9999A-9999E,WA007,300985351
17,2755.75,1,310724,1012511503,101,WA002,3040A-3045A-3053A-3055A-3055A-9999A-9999E,WA007,300985398
17,2755.75,1,310724,1012511503,101,WA002,3040A-3045A-3053A-3055A-3055A-9999A-9999E,WA007,300985399
17,2755.75,1,310724,1012511503,101,WA002,3040A-3045A-3053A-3055A-3055A-9999A-9999E,WA007,300985400
17,2755.75,1,310724,1012511503,101,WA002,3040A-3045A-3053A-3055A-3055A-9999A-9999E,WA007,300985401
17,2755.75,1,310724,1012511503,101,WA002,3040A-3045A-3053A-3055A-3055A-9999A-9999E,WA007,300985402
17,2755.75,1,310724,1012511503,101,WA002,3040A-3045A-3053A-3055A-3055A-9999A-9999E,WA007,300985404
17,2755.75,1,310724,1012511503,101,WA002,3040A-3045A-3053A-3055A-3055A-9999A-9999E,WA007,300985405
17,2755.75,1,310724,1012511503,101,WA002,3040A-3045A-3053A-3055A-3055A-9999A-9999E,WA007,300985406
17,2755.75,1,310724,1012511504,101,WA002,3040A-3045A-3053A-3055A-3055A-9999A-9999E,WA007,300985454
17,2755.75,1,310724,1012511504,101,WA002,3040A-3045A-3053A-3055A-3055A-9999A-9999E,WA007,300985456
17,2755.75,1,310724,1012511504,101,WA002,3040A-3045A-3053A-3055A-3055A-9999A-9999E,WA007,300985458
17,2755.75,1,310724,1012511504,101,WA002,3040A-3045A-3053A-3055A-3055A-9999A-9999E,WA007,300985459
17,2755.75,1,310724,1012511504,101,WA002,3040A-3045A-3053A-3055A-3055A-9999A-9999E,WA007,300985475
17,2755.75,1,310724,1012511504,101,WA002,3040A-3045A-3053A-3055A-3055A-9999A-9999E,WA007,300985476
17,2755.75,1,310724,1012511504,101,WA002,3040A-3045A-3053A-3055A-3055A-9999A-9999E,WA007,300985477
17,2755.75,1,310724,1012511504,101,WA002,3040A-3045A-3053A-3055A-3055A-9999A-9999E,WA007,300985478
17,2755.75,1,310724,1012511505,101,WA002,3040A-3041A-3043A-3045A-3053A-3055A-3055A-9999A-9999E,WA007,300985479
17,2755.75,1,310724,1012511505,101,WA002,3040A-3041A-3043A-3045A-3053A-3055A-3055A-9999A-9999E,WA007,300985481
17,2755.75,1,310724,1012511507,101,WA002,3040A-3043A-3045A-3053A-3055A-3055A-9999A-9999E,WA007,300985683
17,2755.75,1,310724,1012511507,101,WA002,3040A-3043A-3045A-3053A-3055A-3055A-9999A-9999E,WA007,300985693
17,2755.75,1,310724,1012511507,101,WA002,3040A-3043A-3045A-3053A-3055A-3055A-9999A-9999E,WA007,300985709
17,2755.75,1,310724,1012511507,101,WA002,3040A-3043A-3045A-3053A-3055A-3055A-9999A-9999E,WA007,300985710
17,2755.75,1,310724,1012511507,101,WA002,3040A-3043A-3045A-3053A-3055A-3055A-9999A-9999E,WA007,300985712
17,2755.75,1,310724,1012511507,101,WA002,3040A-3043A-3045A-3053A-3055A-3055A-9999A-9999E,WA007,300985739
17,2755.75,1,310724,1012511507,101,WA002,3040A-3043A-3045A-3053A-3055A-3055A-9999A-9999E,WA007,300985772
17,2755.75,1,310724,1012511507,101,WA002,3040A-3043A-3045A-3053A-3055A-3055A-9999A-9999E,WA007,300985774
17,2755.75,1,310724,1012511508,101,WA002,3040A-3043A-3045A-3053A-3055A-3055A-9999A-9999E,WA007,300985775
17,2755.75,1,310724,1012511508,101,WA002,3040A-3043A-3045A-3053A-3055A-3055A-9999A-9999E,WA007,300985791
17,2755.75,1,310724,1012511508,101,WA002,3040A-3043A-3045A-3053A-3055A-3055A-9999A-9999E,WA007,300985798
17,2755.75,1,310724,1012511508,101,WA002,3040A-3043A-3045A-3053A-3055A-3055A-9999A-9999E,WA007,300985892
17,2755.75,1,310724,1012511508,101,WA002,3040A-3043A-3045A-3053A-3055A-3055A-9999A-9999E,WA007,300985893
17,2755.75,1,310724,1012511508,101,WA002,3040A-3043A-3045A-3053A-3055A-3055A-9999A-9999E,WA007,300985896
17,2755.75,1,310724,1012511508,101,WA002,3040A-3043A-3045A-3053A-3055A-3055A-9999A-9999E,WA007,300985897
17,2755.75,1,310724,1012511508,101,WA002,3040A-3043A-3045A-3053A-3055A-3055A-9999A-9999E,WA007,300985898
17,2755.75,1,310724,1012511509,101,WA002,3040A-3043A-3045A-3053A-3055A-3055A-9999A-9999E,WA007,300985951
17,2755.75,1,310724,1012511509,101,WA002,3040A-3043A-3045A-3053A-3055A-3055A-9999A-9999E,WA007,300985952
17,2755.75,1,310724,1012511509,101,WA002,3040A-3043A-3045A-3053A-3055A-3055A-9999A-9999E,WA007,300985953
17,2755.75,1,310724,1012511509,101,WA002,3040A-3043A-3045A-3053A-3055A-3055A-9999A-9999E,WA007,300985954
17,2755.75,1,310724,1012511509,101,WA002,3040A-3043A-3045A-3053A-3055A-3055A-9999A-9999E,WA007,300985962
17,2755.75,1,310724,1012511509,101,WA002,3040A-3043A-3045A-3053A-3055A-3055A-9999A-9999E,WA007,300985978
17,2755.75,1,310724,1012511509,101,WA002,3040A-3043A-3045A-3053A-3055A-3055A-9999A-9999E,WA007,300985988
17,2755.75,1,310724,1012511509,101,WA002,3040A-3043A-3045A-3053A-3055A-3055A-9999A-9999E,WA007,300985992
17,2755.75,1,310724,1012511510,101,WA002,3040A-3043A-3045A-3053A-3055A-3055A-9999A-9999E,WA007,300986057
17,2755.75,1,310724,1012511510,101,WA002,3040A-3043A-3045A-3053A-3055A-3055A-9999A-9999E,WA007,300986061
17,2755.75,1,310724,1012511510,101,WA002,3040A-3043A-3045A-3053A-3055A-3055A-9999A-9999E,WA007,300986062
17,2755.75,1,310724,1012511510,101,WA002,3040A-3043A-3045A-3053A-3055A-3055A-9999A-9999E,WA007,300986297
17,2755.75,1,310724,1012511510,101,WA002,3040A-3043A-3045A-3053A-3055A-3055A-9999A-9999E,WA007,300986298
17,2755.75,1,310724,1012511510,101,WA002,3040A-3043A-3045A-3053A-3055A-3055A-9999A-9999E,WA007,300986299
17,2755.75,1,310724,1012511510,101,WA002,3040A-3043A-3045A-3053A-3055A-3055A-9999A-9999E,WA007,300986316
17,2755.75,1,310724,1012511510,101,WA002,3040A-3043A-3045A-3053A-3055A-3055A-9999A-9999E,WA007,300986317
17,2755.75,1,310724,1012511511,101,WA002,3040A-3043A-3045A-3053A-3055A-3055A-9999A-9999C-9999E,WA007,300986329
17,2755.75,1,310724,1012511511,101,WA002,3040A-3043A-3045A-3053A-3055A-3055A-9999A-9999C-9999E,WA007,300986331
17,2755.75,1,310724,1012511511,101,WA002,3040A-3043A-3045A-3053A-3055A-3055A-9999A-9999C-9999E,WA007,300986332
17,2755.75,1,310724,1012511511,101,WA002,3040A-3043A-3045A-3053A-3055A-3055A-9999A-9999C-9999E,WA007,300986356
17,2755.75,1,310724,1012511511,101,WA002,3040A-3043A-3045A-3053A-3055A-3055A-9999A-9999C-9999E,WA007,300986357
17,2755.75,1,310724,1012511511,101,WA002,3040A-3043A-3045A-3053A-3055A-3055A-9999A-9999C-9999E,WA007,300986358
17,2755.75,1,310724,1012511511,101,WA002,3040A-3043A-3045A-3053A-3055A-3055A-9999A-9999C-9999E,WA007,300986403
17,2755.75,1,310724,1012511511,101,WA002,3040A-3043A-3045A-3053A-3055A-3055A-9999A-9999C-9999E,WA007,300986404
17,2755.75,1,310724,1012511512,101,WA002,3040A-3045A-3053A-3055A-3055A-9999A-9999C-9999E,WA007,300986405
17,2755.75,1,310724,1012511512,101,WA002,3040A-3045A-3053A-3055A-3055A-9999A-9999C-9999E,WA007,300986406
17,2755.75,1,310724,1012511512,101,WA002,3040A-3045A-3053A-3055A-3055A-9999A-9999C-9999E,WA007,300986407
17,2755.75,1,310724,1012511512,101,WA002,3040A-3045A-3053A-3055A-3055A-9999A-9999C-9999E,WA007,300986437
17,2755.75,1,310724,1012511512,101,WA002,3040A-3045A-3053A-3055A-3055A-9999A-9999C-9999E,WA007,300986438
17,2755.75,1,310724,1012511512,101,WA002,3040A-3045A-3053A-3055A-3055A-9999A-9999C-9999E,WA007,300986458
17,2755.75,1,310724,1012511512,101,WA002,3040A-3045A-3053A-3055A-3055A-9999A-9999C-9999E,WA007,300986461
17,2755.75,1,310724,1012511512,101,WA002,3040A-3045A-3053A-3055A-3055A-9999A-9999C-9999E,WA007,300986462
17,2755.75,1,310724,1012511513,101,WA002,3040A-3045A-3053A-9999A-9999E,WA007,300986503
17,2755.75,1,310724,1012511513,101,WA002,3040A-3045A-3053A-9999A-9999E,WA007,300986504
17,2755.75,1,310724,1012511513,101,WA002,3040A-3045A-3053A-9999A-9999E,WA007,300986505
17,2755.75,1,310724,1012511513,101,WA002,3040A-3045A-3053A-9999A-9999E,WA007,300986506
17,2755.75,1,310724,1012511513,101,WA002,3040A-3045A-3053A-9999A-9999E,WA007,300986529
17,2755.75,1,310724,1012511513,101,WA002,3040A-3045A-3053A-9999A-9999E,WA007,300986530
17,2755.75,1,310724,1012511513,101,WA002,3040A-3045A-3053A-9999A-9999E,WA007,300986531
17,2755.75,1,310724,1012511513,101,WA002,3040A-3045A-3053A-9999A-9999E,WA007,300986533
17,2755.75,1,310724,1012511514,101,WA002,3040A-3043A-3045A-3053A-3055A-3055A-9999A-9999C-9999E,WA007,300986590
17,2755.75,1,310724,1012511514,101,WA002,3040A-3043A-3045A-3053A-3055A-3055A-9999A-9999C-9999E,WA007,300986592
17,2755.75,1,310724,1012511514,101,WA002,3040A-3043A-3045A-3053A-3055A-3055A-9999A-9999C-9999E,WA007,300986593
17,2755.75,1,310724,1012511514,101,WA002,3040A-3043A-3045A-3053A-3055A-3055A-9999A-9999C-9999E,WA007,300986650
17,2755.75,1,310724,1012511514,101,WA002,3040A-3043A-3045A-3053A-3055A-3055A-9999A-9999C-9999E,WA007,300986651
17,2755.75,1,310724,1012511514,101,WA002,3040A-3043A-3045A-3053A-3055A-3055A-9999A-9999C-9999E,WA007,300986652
17,2755.75,1,310724,1012511514,101,WA002,3040A-3043A-3045A-3053A-3055A-3055A-9999A-9999C-9999E,WA007,300986669
17,2755.75,1,310724,1012511514,101,WA002,3040A-3043A-3045A-3053A-3055A-3055A-9999A-9999C-9999E,WA007,300986670
17,2755.75,1,310724,1012511515,101,WA002,3040A-3043A-3045A-3053A-3055A-3055A-9999A-9999E,WA007,300986737
17,2755.75,1,310724,1012511515,101,WA002,3040A-3043A-3045A-3053A-3055A-3055A-9999A-9999E,WA007,300986797
17,2755.75,1,310724,1012511515,101,WA002,3040A-3043A-3045A-3053A-3055A-3055A-9999A-9999E,WA007,300986798
17,2755.75,1,310726,1022511551,101,WA003,3002A-3007S-3015A-3025S-3033A-3035A-9999A-9999E,WA007,300986448
17,2755.75,1,310726,1022511551,101,WA003,3002A-3007S-3015A-3025S-3033A-3035A-9999A-9999E,WA007,300986449
17,2755.75,1,310726,1022511551,101,WA003,3002A-3007S-3015A-3025S-3033A-3035A-9999A-9999E,WA007,300986474
17,2645.52,1,310726,1022511551,101,WA003,3002A-3007S-3015A-3025S-3033A-3035A-9999A-9999E,WA007,300986475
17,2755.75,1,310726,1022511551,101,WA003,3002A-3007S-3015A-3025S-3033A-3035A-9999A-9999E,WA007,300986499
17,2755.75,1,310726,1022511551,101,WA003,3002A-3007S-3015A-3025S-3033A-3035A-9999A-9999E,WA007,300986500
17,2755.75,1,310726,1022511551,101,WA003,3002A-3007S-3015A-3025S-3033A-3035A-9999A-9999E,WA007,300986501
17,2755.75,1,310726,1022511551,101,WA003,3002A-3007S-3015A-3025S-3033A-3035A-9999A-9999E,WA007,300986502
17,2755.75,1,310726,1022511552,101,WA003,3002A-3005WGUM-3005WGUM-3007DRYGUM-3007FO-3007S-3015A-3025S-3033A-3035A-9999A-9999C-9999CS-9999E,WA007,300986538
17,2755.75,1,310726,1022511552,101,WA003,3002A-3005WGUM-3005WGUM-3007DRYGUM-3007FO-3007S-3015A-3025S-3033A-3035A-9999A-9999C-9999CS-9999E,WA007,300986539
17,2755.75,1,310726,1022511552,101,WA003,3002A-3005WGUM-3005WGUM-3007DRYGUM-3007FO-3007S-3015A-3025S-3033A-3035A-9999A-9999C-9999CS-9999E,WA007,300986540
17,2755.75,1,310726,1022511552,101,WA003,3002A-3005WGUM-3005WGUM-3007DRYGUM-3007FO-3007S-3015A-3025S-3033A-3035A-9999A-9999C-9999CS-9999E,WA007,300986564
17,2755.75,1,310726,1022511552,101,WA003,3002A-3005WGUM-3005WGUM-3007DRYGUM-3007FO-3007S-3015A-3025S-3033A-3035A-9999A-9999C-9999CS-9999E,WA007,300986565
17,2755.75,1,310726,1022511552,101,WA003,3002A-3005WGUM-3005WGUM-3007DRYGUM-3007FO-3007S-3015A-3025S-3033A-3035A-9999A-9999C-9999CS-9999E,WA007,300986566
17,2755.75,1,310726,1022511552,101,WA003,3002A-3005WGUM-3005WGUM-3007DRYGUM-3007FO-3007S-3015A-3025S-3033A-3035A-9999A-9999C-9999CS-9999E,WA007,300986621
17,2755.75,1,310726,1022511552,101,WA003,3002A-3005WGUM-3005WGUM-3007DRYGUM-3007FO-3007S-3015A-3025S-3033A-3035A-9999A-9999C-9999CS-9999E,WA007,300986622
17,2755.75,1,310726,1022511553,101,WA003,3002A-3005WGUM-3005WGUM-3007DRYGUM-3007FO-3007S-3015A-3025S-3033A-3035A-9999A-9999C-9999CS-9999E,WA007,300986623
17,2755.75,1,310726,1022511553,101,WA003,3002A-3005WGUM-3005WGUM-3007DRYGUM-3007FO-3007S-3015A-3025S-3033A-3035A-9999A-9999C-9999CS-9999E,WA007,300986627
17,2755.75,1,310726,1022511553,101,WA003,3002A-3005WGUM-3005WGUM-3007DRYGUM-3007FO-3007S-3015A-3025S-3033A-3035A-9999A-9999C-9999CS-9999E,WA007,300986628
17,2755.75,1,310726,1022511553,101,WA003,3002A-3005WGUM-3005WGUM-3007DRYGUM-3007FO-3007S-3015A-3025S-3033A-3035A-9999A-9999C-9999CS-9999E,WA007,300986629
17,2755.75,1,310726,1022511553,101,WA003,3002A-3005WGUM-3005WGUM-3007DRYGUM-3007FO-3007S-3015A-3025S-3033A-3035A-9999A-9999C-9999CS-9999E,WA007,300986671
17,2755.75,1,310726,1022511553,101,WA003,3002A-3005WGUM-3005WGUM-3007DRYGUM-3007FO-3007S-3015A-3025S-3033A-3035A-9999A-9999C-9999CS-9999E,WA007,300986672
17,2755.75,1,310726,1022511553,101,WA003,3002A-3005WGUM-3005WGUM-3007DRYGUM-3007FO-3007S-3015A-3025S-3033A-3035A-9999A-9999C-9999CS-9999E,WA007,300986673
17,2755.75,1,310726,1022511553,101,WA003,3002A-3005WGUM-3005WGUM-3007DRYGUM-3007FO-3007S-3015A-3025S-3033A-3035A-9999A-9999C-9999CS-9999E,WA007,300986674
17,2755.75,1,310726,1022511554,101,WA003,3002A-3005WGUM-3005WGUM-3007DRYGUM-3007FO-3007S-3015A-3025S-3033A-3035A-9999A-9999C-9999CS-9999E,WA007,300986686
17,2755.75,1,310726,1022511554,101,WA003,3002A-3005WGUM-3005WGUM-3007DRYGUM-3007FO-3007S-3015A-3025S-3033A-3035A-9999A-9999C-9999CS-9999E,WA007,300986687
17,2755.75,1,310726,1022511554,101,WA003,3002A-3005WGUM-3005WGUM-3007DRYGUM-3007FO-3007S-3015A-3025S-3033A-3035A-9999A-9999C-9999CS-9999E,WA007,300986689
17,2755.75,1,310726,1022511554,101,WA003,3002A-3005WGUM-3005WGUM-3007DRYGUM-3007FO-3007S-3015A-3025S-3033A-3035A-9999A-9999C-9999CS-9999E,WA007,300986690
17,2755.75,1,310726,1022511554,101,WA003,3002A-3005WGUM-3005WGUM-3007DRYGUM-3007FO-3007S-3015A-3025S-3033A-3035A-9999A-9999C-9999CS-9999E,WA007,300986746
17,2755.75,1,310726,1022511554,101,WA003,3002A-3005WGUM-3005WGUM-3007DRYGUM-3007FO-3007S-3015A-3025S-3033A-3035A-9999A-9999C-9999CS-9999E,WA007,300986747
17,2755.75,1,310726,1022511554,101,WA003,3002A-3005WGUM-3005WGUM-3007DRYGUM-3007FO-3007S-3015A-3025S-3033A-3035A-9999A-9999C-9999CS-9999E,WA007,300986748
17,2755.75,1,310726,1022511554,101,WA003,3002A-3005WGUM-3005WGUM-3007DRYGUM-3007FO-3007S-3015A-3025S-3033A-3035A-9999A-9999C-9999CS-9999E,WA007,300986749
17,2755.75,1,310726,1022511555,101,WA003,3002A-3005WGUM-3005WGUM-3007DRYGUM-3007FO-3007S-3015A-3025S-3033A-3035A-9999A-9999C-9999CS-9999E,WA007,300986815
17,2755.75,1,310726,1022511555,101,WA003,3002A-3005WGUM-3005WGUM-3007DRYGUM-3007FO-3007S-3015A-3025S-3033A-3035A-9999A-9999C-9999CS-9999E,WA007,300986816
17,2755.75,1,310726,1022511555,101,WA003,3002A-3005WGUM-3005WGUM-3007DRYGUM-3007FO-3007S-3015A-3025S-3033A-3035A-9999A-9999C-9999CS-9999E,WA007,300986817
17,2755.75,1,310726,1022511555,101,WA003,3002A-3005WGUM-3005WGUM-3007DRYGUM-3007FO-3007S-3015A-3025S-3033A-3035A-9999A-9999C-9999CS-9999E,WA007,300986818
17,2755.75,1,310726,1022511555,101,WA003,3002A-3005WGUM-3005WGUM-3007DRYGUM-3007FO-3007S-3015A-3025S-3033A-3035A-9999A-9999C-9999CS-9999E,WA007,300986820
17,2755.75,1,310726,1022511555,101,WA003,3002A-3005WGUM-3005WGUM-3007DRYGUM-3007FO-3007S-3015A-3025S-3033A-3035A-9999A-9999C-9999CS-9999E,WA007,300986821
17,2755.75,1,310726,1022511555,101,WA003,3002A-3005WGUM-3005WGUM-3007DRYGUM-3007FO-3007S-3015A-3025S-3033A-3035A-9999A-9999C-9999CS-9999E,WA007,300986822
17,2755.75,1,310726,1022511555,101,WA003,3002A-3005WGUM-3005WGUM-3007DRYGUM-3007FO-3007S-3015A-3025S-3033A-3035A-9999A-9999C-9999CS-9999E,WA007,300986824
17,2755.75,1,310726,1022511556,101,WA003,3002A-3005WGUM-3005WGUM-3007DRYGUM-3007FO-3007S-3015A-3025S-3033A-3035A-9999A-9999C-9999CS-9999E,WA007,300986954
17,2755.75,1,310726,1022511556,101,WA003,3002A-3005WGUM-3005WGUM-3007DRYGUM-3007FO-3007S-3015A-3025S-3033A-3035A-9999A-9999C-9999CS-9999E,WA007,300986956
17,2755.75,1,310726,1022511556,101,WA003,3002A-3005WGUM-3005WGUM-3007DRYGUM-3007FO-3007S-3015A-3025S-3033A-3035A-9999A-9999C-9999CS-9999E,WA007,300986957
17,2755.75,1,310726,1022511556,101,WA003,3002A-3005WGUM-3005WGUM-3007DRYGUM-3007FO-3007S-3015A-3025S-3033A-3035A-9999A-9999C-9999CS-9999E,WA007,300986958
17,2755.75,1,310726,1022511556,101,WA003,3002A-3005WGUM-3005WGUM-3007DRYGUM-3007FO-3007S-3015A-3025S-3033A-3035A-9999A-9999C-9999CS-9999E,WA007,300986959
17,2755.75,1,310726,1022511556,101,WA003,3002A-3005WGUM-3005WGUM-3007DRYGUM-3007FO-3007S-3015A-3025S-3033A-3035A-9999A-9999C-9999CS-9999E,WA007,300986997
17,2755.75,1,310726,1022511556,101,WA003,3002A-3005WGUM-3005WGUM-3007DRYGUM-3007FO-3007S-3015A-3025S-3033A-3035A-9999A-9999C-9999CS-9999E,WA007,300986998
17,2755.75,1,310726,1022511556,101,WA003,3002A-3005WGUM-3005WGUM-3007DRYGUM-3007FO-3007S-3015A-3025S-3033A-3035A-9999A-9999C-9999CS-9999E,WA007,300986999
17,2755.75,1,310726,1022511557,101,WA003,3002A-3005WGUM-3005WGUM-3007DRYGUM-3007FO-3007S-3015A-3025S-3033A-3035A-9999A-9999C-9999CS-9999E,WA007,300987002
17,2755.75,1,310726,1022511557,101,WA003,3002A-3005WGUM-3005WGUM-3007DRYGUM-3007FO-3007S-3015A-3025S-3033A-3035A-9999A-9999C-9999CS-9999E,WA007,300987003
17,2755.75,1,310726,1022511557,101,WA003,3002A-3005WGUM-3005WGUM-3007DRYGUM-3007FO-3007S-3015A-3025S-3033A-3035A-9999A-9999C-9999CS-9999E,WA007,300987006
17,2755.75,1,310726,1022511557,101,WA003,3002A-3005WGUM-3005WGUM-3007DRYGUM-3007FO-3007S-3015A-3025S-3033A-3035A-9999A-9999C-9999CS-9999E,WA007,300987081
17,2755.75,1,310726,1022511557,101,WA003,3002A-3005WGUM-3005WGUM-3007DRYGUM-3007FO-3007S-3015A-3025S-3033A-3035A-9999A-9999C-9999CS-9999E,WA007,300987082
17,2755.75,1,310726,1022511557,101,WA003,3002A-3005WGUM-3005WGUM-3007DRYGUM-3007FO-3007S-3015A-3025S-3033A-3035A-9999A-9999C-9999CS-9999E,WA007,300987083
17,2755.75,1,310726,1022511557,101,WA003,3002A-3005WGUM-3005WGUM-3007DRYGUM-3007FO-3007S-3015A-3025S-3033A-3035A-9999A-9999C-9999CS-9999E,WA007,300987085
17,2755.75,1,310726,1022511557,101,WA003,3002A-3005WGUM-3005WGUM-3007DRYGUM-3007FO-3007S-3015A-3025S-3033A-3035A-9999A-9999C-9999CS-9999E,WA007,300987107
17,2755.75,1,310726,1022511558,101,WA003,3002A-3005WGUM-3005WGUM-3007DRYGUM-3007FO-3007S-3015A-3025S-3033A-3035A-9999A-9999C-9999CS-9999E,WA007,300987108
17,2755.75,1,310726,1022511558,101,WA003,3002A-3005WGUM-3005WGUM-3007DRYGUM-3007FO-3007S-3015A-3025S-3033A-3035A-9999A-9999C-9999CS-9999E,WA007,300987109
17,2755.75,1,310726,1022511558,101,WA003,3002A-3005WGUM-3005WGUM-3007DRYGUM-3007FO-3007S-3015A-3025S-3033A-3035A-9999A-9999C-9999CS-9999E,WA007,300987111
17,2755.75,1,310726,1022511558,101,WA003,3002A-3005WGUM-3005WGUM-3007DRYGUM-3007FO-3007S-3015A-3025S-3033A-3035A-9999A-9999C-9999CS-9999E,WA007,300987112
17,2755.75,1,310726,1022511558,101,WA003,3002A-3005WGUM-3005WGUM-3007DRYGUM-3007FO-3007S-3015A-3025S-3033A-3035A-9999A-9999C-9999CS-9999E,WA007,300987116
17,2755.75,1,310726,1022511558,101,WA003,3002A-3005WGUM-3005WGUM-3007DRYGUM-3007FO-3007S-3015A-3025S-3033A-3035A-9999A-9999C-9999CS-9999E,WA007,300987140
17,2755.75,1,310726,1022511558,101,WA003,3002A-3005WGUM-3005WGUM-3007DRYGUM-3007FO-3007S-3015A-3025S-3033A-3035A-9999A-9999C-9999CS-9999E,WA007,300987141
17,2755.75,1,310726,1022511558,101,WA003,3002A-3005WGUM-3005WGUM-3007DRYGUM-3007FO-3007S-3015A-3025S-3033A-3035A-9999A-9999C-9999CS-9999E,WA007,300987142
17,2755.75,1,310726,1022511559,101,WA003,3002A-3005WGUM-3005WGUM-3007DRYGUM-3007FO-3007S-3015A-3025S-3033A-3035A-9999A-9999C-9999CS-9999E,WA007,300987170
17,2755.75,1,310726,1022511559,101,WA003,3002A-3005WGUM-3005WGUM-3007DRYGUM-3007FO-3007S-3015A-3025S-3033A-3035A-9999A-9999C-9999CS-9999E,WA007,300987171
17,2755.75,1,310726,1022511559,101,WA003,3002A-3005WGUM-3005WGUM-3007DRYGUM-3007FO-3007S-3015A-3025S-3033A-3035A-9999A-9999C-9999CS-9999E,WA007,300987230
17,2755.75,1,310726,1022511559,101,WA003,3002A-3005WGUM-3005WGUM-3007DRYGUM-3007FO-3007S-3015A-3025S-3033A-3035A-9999A-9999C-9999CS-9999E,WA007,300987231
17,2755.75,1,310726,1022511559,101,WA003,3002A-3005WGUM-3005WGUM-3007DRYGUM-3007FO-3007S-3015A-3025S-3033A-3035A-9999A-9999C-9999CS-9999E,WA007,300987290
17,2755.75,1,310726,1022511559,101,WA003,3002A-3005WGUM-3005WGUM-3007DRYGUM-3007FO-3007S-3015A-3025S-3033A-3035A-9999A-9999C-9999CS-9999E,WA007,300987292
17,2755.75,1,310726,1022511559,101,WA003,3002A-3005WGUM-3005WGUM-3007DRYGUM-3007FO-3007S-3015A-3025S-3033A-3035A-9999A-9999C-9999CS-9999E,WA007,300987293
17,2755.75,1,310726,1022511559,101,WA003,3002A-3005WGUM-3005WGUM-3007DRYGUM-3007FO-3007S-3015A-3025S-3033A-3035A-9999A-9999C-9999CS-9999E,WA007,300987294
17,2755.75,1,310726,1022511560,101,WA003,3002A-3005WGUM-3005WGUM-3007DRYGUM-3007FO-3007S-3015A-3025S-3035A-9999A-9999C-9999CS-9999E,WA007,300987332
17,2755.75,1,310726,1022511560,101,WA003,3002A-3005WGUM-3005WGUM-3007DRYGUM-3007FO-3007S-3015A-3025S-3035A-9999A-9999C-9999CS-9999E,WA007,300987333
17,2755.75,1,310726,1022511560,101,WA003,3002A-3005WGUM-3005WGUM-3007DRYGUM-3007FO-3007S-3015A-3025S-3035A-9999A-9999C-9999CS-9999E,WA007,300987334
17,2755.75,1,310726,1022511560,101,WA003,3002A-3005WGUM-3005WGUM-3007DRYGUM-3007FO-3007S-3015A-3025S-3035A-9999A-9999C-9999CS-9999E,WA007,300987335
17,2755.75,1,310726,1022511560,101,WA003,3002A-3005WGUM-3005WGUM-3007DRYGUM-3007FO-3007S-3015A-3025S-3035A-9999A-9999C-9999CS-9999E,WA007,300987336
17,2755.75,1,310726,1022511560,101,WA003,3002A-3005WGUM-3005WGUM-3007DRYGUM-3007FO-3007S-3015A-3025S-3035A-9999A-9999C-9999CS-9999E,WA007,300987561
17,2755.75,1,310726,1022511560,101,WA003,3002A-3005WGUM-3005WGUM-3007DRYGUM-3007FO-3007S-3015A-3025S-3035A-9999A-9999C-9999CS-9999E,WA007,300987562
17,2755.75,1,310726,1022511560,101,WA003,3002A-3005WGUM-3005WGUM-3007DRYGUM-3007FO-3007S-3015A-3025S-3035A-9999A-9999C-9999CS-9999E,WA007,300987563
17,2755.75,1,310726,1022511561,101,WA003,3002A-3005WGUM-3005WGUM-3007DRYGUM-3007FO-3007S-3015A-3025S-3035A-9999A-9999C-9999CS-9999E,WA007,300987584
17,2755.75,1,310726,1022511561,101,WA003,3002A-3005WGUM-3005WGUM-3007DRYGUM-3007FO-3007S-3015A-3025S-3035A-9999A-9999C-9999CS-9999E,WA007,300987585
17,2755.75,1,310726,1022511561,101,WA003,3002A-3005WGUM-3005WGUM-3007DRYGUM-3007FO-3007S-3015A-3025S-3035A-9999A-9999C-9999CS-9999E,WA007,300987586
17,2755.75,1,310726,1022511561,101,WA003,3002A-3005WGUM-3005WGUM-3007DRYGUM-3007FO-3007S-3015A-3025S-3035A-9999A-9999C-9999CS-9999E,WA007,300987587
17,2755.75,1,310726,1022511561,101,WA003,3002A-3005WGUM-3005WGUM-3007DRYGUM-3007FO-3007S-3015A-3025S-3035A-9999A-9999C-9999CS-9999E,WA007,300987588
17,2755.75,1,310726,1022511561,101,WA003,3002A-3005WGUM-3005WGUM-3007DRYGUM-3007FO-3007S-3015A-3025S-3035A-9999A-9999C-9999CS-9999E,WA007,300987589
17,2755.75,1,310726,1022511561,101,WA003,3002A-3005WGUM-3005WGUM-3007DRYGUM-3007FO-3007S-3015A-3025S-3035A-9999A-9999C-9999CS-9999E,WA007,300987590
17,2755.75,1,310726,1022511561,101,WA003,3002A-3005WGUM-3005WGUM-3007DRYGUM-3007FO-3007S-3015A-3025S-3035A-9999A-9999C-9999CS-9999E,WA007,300987591
17,2755.75,1,310726,1022511562,101,WA003,3002A-3005WGUM-3005WGUM-3007DRYGUM-3007FO-3007S-3015A-3025S-3035A-9999A-9999C-9999CS-9999E,WA007,300987758
17,2755.75,1,310726,1022511562,101,WA003,3002A-3005WGUM-3005WGUM-3007DRYGUM-3007FO-3007S-3015A-3025S-3035A-9999A-9999C-9999CS-9999E,WA007,300987759
17,2755.75,1,310726,1022511562,101,WA003,3002A-3005WGUM-3005WGUM-3007DRYGUM-3007FO-3007S-3015A-3025S-3035A-9999A-9999C-9999CS-9999E,WA007,300987760
17,2755.75,1,310726,1022511562,101,WA003,3002A-3005WGUM-3005WGUM-3007DRYGUM-3007FO-3007S-3015A-3025S-3035A-9999A-9999C-9999CS-9999E,WA007,300987761
17,2755.75,1,310726,1022511562,101,WA003,3002A-3005WGUM-3005WGUM-3007DRYGUM-3007FO-3007S-3015A-3025S-3035A-9999A-9999C-9999CS-9999E,WA007,300987762
17,2755.75,1,310726,1022511562,101,WA003,3002A-3005WGUM-3005WGUM-3007DRYGUM-3007FO-3007S-3015A-3025S-3035A-9999A-9999C-9999CS-9999E,WA007,300987763
17,2755.75,1,310726,1022511562,101,WA003,3002A-3005WGUM-3005WGUM-3007DRYGUM-3007FO-3007S-3015A-3025S-3035A-9999A-9999C-9999CS-9999E,WA007,300987764
17,2755.75,1,310726,1022511562,101,WA003,3002A-3005WGUM-3005WGUM-3007DRYGUM-3007FO-3007S-3015A-3025S-3035A-9999A-9999C-9999CS-9999E,WA007,300987765
17,2755.75,1,310726,1022511563,101,WA003,3002A-3007S-3015A-3025S-3035A-9999A-9999E,WA007,300987814
17,2755.75,1,310726,1022511563,101,WA003,3002A-3007S-3015A-3025S-3035A-9999A-9999E,WA007,300987815
17,2755.75,1,310726,1022511563,101,WA003,3002A-3007S-3015A-3025S-3035A-9999A-9999E,WA007,300987816
17,2204.6,1,310726,1022511563,101,WA003,3002A-3007S-3015A-3025S-3035A-9999A-9999E,WA007,300987819
18,2755.75,1,310002,1002511401,101,WA001,3405A-9999A-9999E,WA001,300984446
18,2755.75,1,310002,1002511401,101,WA001,3405A-9999A-9999E,WA001,300984449
18,2755.75,1,310002,1002511401,101,WA001,3405A-9999A-9999E,WA001,300984602
18,2755.75,1,310002,1002511401,101,WA001,3405A-9999A-9999E,WA001,300984603
18,2755.75,1,310002,1002511401,101,WA001,3405A-9999A-9999E,WA001,300984604
18,2755.75,1,310002,1002511403,102,WA001,9999A,TX001,300984756
18,2755.75,1,310002,1002511403,102,WA001,9999A,TX001,300984757
18,2755.75,1,310002,1002511403,102,WA001,9999A,TX001,300984782
18,2755.75,1,310002,1002511403,102,WA001,9999A,TX001,300984784
18,2755.75,1,310002,1002511403,102,WA001,9999A,TX001,300984785
18,2755.75,1,310002,1002511403,102,WA001,9999A,TX001,300984792
18,2755.75,1,310002,1002511403,102,WA001,9999A,TX001,300984796
18,2755.75,1,310002,1002511404,102,WA001,9999A,TX001,300984821
18,2755.75,1,310002,1002511404,102,WA001,9999A,TX001,300984822
18,2755.75,1,310002,1002511404,102,WA001,9999A,TX001,300984823
18,2755.75,1,310002,1002511404,102,WA001,9999A,TX001,300984824
18,2755.75,1,310002,1002511404,102,WA001,9999A,TX001,300984853
18,2755.75,1,310002,1002511404,102,WA001,9999A,TX001,300984854
18,2755.75,1,310002,1002511404,102,WA001,9999A,TX001,300984855
18,2755.75,1,310002,1002511404,102,WA001,9999A,TX001,300984856
18,2755.75,1,310015,1002511401,101,WA001,9999A-9999E,WA001,300984182
18,2755.75,1,310015,1002511401,101,WA001,9999A-9999E,WA001,300984183
18,2755.75,1,310015,1002511401,101,WA001,9999A-9999E,WA001,300984184
18,2755.75,1,310015,1002511401,101,WA001,9999A-9999E,WA001,300984185
18,2755.75,1,310015,1002511401,101,WA001,9999A-9999E,WA001,300984186
18,2755.75,1,310015,1002511401,101,WA001,9999A-9999E,WA001,300984187
18,2755.75,1,310015,1002511401,101,WA001,9999A-9999E,WA001,300984188
18,2755.75,1,310015,1002511401,101,WA001,9999A-9999E,WA001,300984189
18,2755.75,1,310015,1002511402,101,WA001,9999A-9999E,WA001,300984269
18,2755.75,1,310015,1002511402,101,WA001,9999A-9999E,WA001,300984271
18,2755.75,1,310015,1002511402,101,WA001,9999A-9999E,WA001,300984272
18,2755.75,1,310015,1002511402,101,WA001,9999A-9999E,WA001,300984273
18,2755.75,1,310015,1002511402,101,WA001,9999A-9999E,WA001,300984372
18,2755.75,1,310015,1002511402,101,WA001,9999A-9999E,WA001,300984373
18,2755.75,1,310015,1002511402,101,WA001,9999A-9999E,WA001,300984374
18,2755.75,1,310015,1002511402,101,WA001,9999A-9999E,WA001,300984375
18,2755.75,1,310015,1052511401,101,ID002,3123A-3132A-9999A-9999E,TX001,300984087
18,2755.75,1,310015,1052511401,101,ID002,3123A-3132A-9999A-9999E,TX001,300984088
18,2755.75,1,310015,1052511401,101,ID002,3123A-3132A-9999A-9999E,TX001,300984089
18,2755.75,1,310015,1052511401,101,ID002,3123A-3132A-9999A-9999E,TX001,300984090
18,2755.75,1,310015,1052511401,101,ID002,3123A-3132A-9999A-9999E,TX001,300984091
18,2755.75,1,310015,1052511401,101,ID002,3123A-3132A-9999A-9999E,TX001,300984093
18,2755.75,1,310015,1052511401,101,ID002,3123A-3132A-9999A-9999E,TX001,300984094
18,2755.75,1,310015,1052511401,101,ID002,3123A-3132A-9999A-9999E,TX001,300984095
18,2755.75,1,310015,1052511402,101,ID002,3117A-3123A-3132A-9999A-9999E,TX001,300984133
18,2755.75,1,310015,1052511402,101,ID002,3117A-3123A-3132A-9999A-9999E,TX001,300984134
18,2755.75,1,310015,1052511402,101,ID002,3117A-3123A-3132A-9999A-9999E,TX001,300984135
18,2755.75,1,310015,1052511402,101,ID002,3117A-3123A-3132A-9999A-9999E,TX001,300984136
18,2755.75,1,310015,1052511402,101,ID002,3117A-3123A-3132A-9999A-9999E,TX001,300984172
18,2755.75,1,310015,1052511402,101,ID002,3117A-3123A-3132A-9999A-9999E,TX001,300984173
18,2755.75,1,310015,1052511402,101,ID002,3117A-3123A-3132A-9999A-9999E,TX001,300984178
18,2755.75,1,310015,1052511402,101,ID002,3117A-3123A-3132A-9999A-9999E,TX001,300984181
18,2755.75,1,310015,1052511403,101,ID002,3123A-3132A-9999A-9999E,TX001,300984198
18,2755.75,1,310015,1052511403,101,ID002,3123A-3132A-9999A-9999E,TX001,300984199
18,2755.75,1,310015,1052511403,101,ID002,3123A-3132A-9999A-9999E,TX001,300984209
18,2755.75,1,310015,1052511403,101,ID002,3123A-3132A-9999A-9999E,TX001,300984210
18,2755.75,1,310015,1052511403,101,ID002,3123A-3132A-9999A-9999E,TX001,300984220
18,2755.75,1,310015,1052511403,101,ID002,3123A-3132A-9999A-9999E,TX001,300984221
18,2755.75,1,310015,1052511403,101,ID002,3123A-3132A-9999A-9999E,TX001,300984227
18,2755.75,1,310015,1052511403,101,ID002,3123A-3132A-9999A-9999E,TX001,300984229
18,2755.75,1,310015,1052511404,101,ID002,3117A-3123A-3132A-9999A-9999E,TX001,300984234
18,2755.75,1,310015,1052511404,101,ID002,3117A-3123A-3132A-9999A-9999E,TX001,300984235
18,2755.75,1,310015,1052511404,101,ID002,3117A-3123A-3132A-9999A-9999E,TX001,300984252
18,2755.75,1,310015,1052511404,101,ID002,3117A-3123A-3132A-9999A-9999E,TX001,300984253
18,2755.75,1,310015,1052511404,101,ID002,3117A-3123A-3132A-9999A-9999E,TX001,300984264
18,2755.75,1,310015,1052511404,101,ID002,3117A-3123A-3132A-9999A-9999E,TX001,300984265
18,2755.75,1,310015,1052511404,101,ID002,3117A-3123A-3132A-9999A-9999E,TX001,300984277
18,2755.75,1,310015,1052511404,101,ID002,3117A-3123A-3132A-9999A-9999E,TX001,300984281
18,2755.75,1,310018,1002511401,102,WA001,9999A,WA001,300985055
18,2755.75,1,310018,1002511401,102,WA001,9999A,WA001,300985056
18,2755.75,1,310018,1002511401,102,WA001,9999A,WA001,300985057
18,2755.75,1,310018,1002511401,102,WA001,9999A,WA001,300985077
18,2755.75,1,310018,1002511401,102,WA001,9999A,WA001,300985078
18,2755.75,1,310018,1002511401,102,WA001,9999A,WA001,300985079
18,2755.75,1,310018,1002511401,102,WA001,9999A,WA001,300985080
18,2755.75,1,310018,1002511401,102,WA001,9999A,WA001,300985081
18,2755.75,1,310018,1002511402,102,WA001,9999A,WA001,300985146
18,2755.75,1,310018,1002511402,102,WA001,9999A,WA001,300985147
18,2755.75,1,310018,1002511402,102,WA001,9999A,WA001,300985148
18,2755.75,1,310018,1002511402,102,WA001,9999A,WA001,300985149
18,2755.75,1,310018,1002511402,102,WA001,9999A,WA001,300985224
18,2755.75,1,310018,1002511402,102,WA001,9999A,WA001,300985226
18,2755.75,1,310018,1002511402,102,WA001,9999A,WA001,300985250
18,2092,1,310086,1052511431,101,ID002,3139A-3140A-9999A,ID002,300983984
18,2035,1,310086,1052511431,101,ID002,3139A-3140A-9999A,ID002,300983985
18,2104,1,310086,1052511431,101,ID002,3139A-3140A-9999A,ID002,300983986
18,2027,1,310086,1052511431,101,ID002,3139A-3140A-9999A,ID002,300983987
18,2121,1,310086,1052511431,101,ID002,3139A-3140A-9999A,ID002,300983988
18,2032,1,310086,1052511431,101,ID002,3139A-3140A-9999A,ID002,300983989
18,2134,1,310086,1052511431,101,ID002,3139A-3140A-9999A,ID002,300983994
18,2025,1,310086,1052511431,101,ID002,3139A-3140A-9999A,ID002,300983995
18,2166,1,310086,1052511432,101,ID002,3139A-3140A-9999A,ID002,300984011
18,2051,1,310086,1052511432,101,ID002,3139A-3140A-9999A,ID002,300984012
18,2117,1,310086,1052511432,101,ID002,3139A-3140A-9999A,ID002,300984013
18,2046,1,310086,1052511432,101,ID002,3139A-3140A-9999A,ID002,300984014
18,2102,1,310086,1052511432,101,ID002,3139A-3140A-9999A,ID002,300984015
18,2156,1,310086,1052511432,101,ID002,3139A-3140A-9999A,ID002,300984016
18,2113,1,310086,1052511432,101,ID002,3139A-3140A-9999A,ID002,300984104
18,2095,1,310086,1052511432,101,ID002,3139A-3140A-9999A,ID002,300984105
18,2120,1,310086,1052511433,101,ID002,3139A-3140A-9999A,ID002,300984308
18,2023,1,310086,1052511433,101,ID002,3139A-3140A-9999A,ID002,300984309
18,2108,1,310086,1052511433,101,ID002,3139A-3140A-9999A,ID002,300985170
18,2755.75,1,310724,1012511401,101,WA002,3040A-3045A-3053A-3055A-3055A-9999A-9999E,WA007,300984161
18,2755.75,1,310724,1012511401,101,WA002,3040A-3045A-3053A-3055A-3055A-9999A-9999E,WA007,300984165
18,2755.75,1,310724,1012511401,101,WA002,3040A-3045A-3053A-3055A-3055A-9999A-9999E,WA007,300984171
18,2755.75,1,310724,1012511401,101,WA002,3040A-3045A-3053A-3055A-3055A-9999A-9999E,WA007,300984175
18,2755.75,1,310724,1012511401,101,WA002,3040A-3045A-3053A-3055A-3055A-9999A-9999E,WA007,300984176
18,2755.75,1,310724,1012511401,101,WA002,3040A-3045A-3053A-3055A-3055A-9999A-9999E,WA007,300984195
18,2755.75,1,310724,1012511401,101,WA002,3040A-3045A-3053A-3055A-3055A-9999A-9999E,WA007,300984196
18,2755.75,1,310724,1012511401,101,WA002,3040A-3045A-3053A-3055A-3055A-9999A-9999E,WA007,300984197
18,2755.75,1,310724,1012511402,101,WA002,3040A-3045A-3053A-9999A-9999E,WA007,300984202
18,2755.75,1,310724,1012511402,101,WA002,3040A-3045A-3053A-9999A-9999E,WA007,300984211
18,2755.75,1,310724,1012511402,101,WA002,3040A-3045A-3053A-9999A-9999E,WA007,300984212
18,2755.75,1,310724,1012511402,101,WA002,3040A-3045A-3053A-9999A-9999E,WA007,300984224
18,2755.75,1,310724,1012511402,101,WA002,3040A-3045A-3053A-9999A-9999E,WA007,300984225
18,2755.75,1,310724,1012511402,101,WA002,3040A-3045A-3053A-9999A-9999E,WA007,300984226
18,2755.75,1,310724,1012511402,101,WA002,3040A-3045A-3053A-9999A-9999E,WA007,300984242
18,2755.75,1,310724,1012511402,101,WA002,3040A-3045A-3053A-9999A-9999E,WA007,300984243
18,2755.75,1,310724,1012511403,101,WA002,3040A-3045A-3053A-9999A,WA007,300984244
18,2755.75,1,310724,1012511403,101,WA002,3040A-3045A-3053A-9999A,WA007,300984254
18,2755.75,1,310724,1012511403,101,WA002,3040A-3045A-3053A-9999A,WA007,300984255
18,2755.75,1,310724,1012511403,101,WA002,3040A-3045A-3053A-9999A,WA007,300984291
18,2755.75,1,310724,1012511403,101,WA002,3040A-3045A-3053A-9999A,WA007,300984294
18,2755.75,1,310724,1012511403,101,WA002,3040A-3045A-3053A-9999A,WA007,300984295
18,2755.75,1,310724,1012511403,101,WA002,3040A-3045A-3053A-9999A,WA007,300984297
18,2755.75,1,310724,1012511403,101,WA002,3040A-3045A-3053A-9999A,WA007,300984310
18,2755.75,1,310724,1012511404,101,WA002,3040A-3045A-3053A-9999A-9999E,WA007,300984311
18,2755.75,1,310724,1012511404,101,WA002,3040A-3045A-3053A-9999A-9999E,WA007,300984312
18,2755.75,1,310724,1012511404,101,WA002,3040A-3045A-3053A-9999A-9999E,WA007,300984329
18,2755.75,1,310724,1012511404,101,WA002,3040A-3045A-3053A-9999A-9999E,WA007,300984367
18,2755.75,1,310724,1012511404,101,WA002,3040A-3045A-3053A-9999A-9999E,WA007,300984368
18,2755.75,1,310724,1012511404,101,WA002,3040A-3045A-3053A-9999A-9999E,WA007,300984369
18,2755.75,1,310724,1012511404,101,WA002,3040A-3045A-3053A-9999A-9999E,WA007,300984371
18,2755.75,1,310724,1012511404,101,WA002,3040A-3045A-3053A-9999A-9999E,WA007,300984378
18,2755.75,1,310724,1012511405,101,WA002,3040A-3045A-3053A-9999A,WA007,300984390
18,2755.75,1,310724,1012511405,101,WA002,3040A-3045A-3053A-9999A,WA007,300984404
18,2755.75,1,310724,1012511405,101,WA002,3040A-3045A-3053A-9999A,WA007,300984405
18,2755.75,1,310724,1012511405,101,WA002,3040A-3045A-3053A-9999A,WA007,300984431
18,2755.75,1,310724,1012511405,101,WA002,3040A-3045A-3053A-9999A,WA007,300984432
18,2755.75,1,310724,1012511405,101,WA002,3040A-3045A-3053A-9999A,WA007,300984433
18,2755.75,1,310724,1012511405,101,WA002,3040A-3045A-3053A-9999A,WA007,300984438
18,2755.75,1,310724,1012511405,101,WA002,3040A-3045A-3053A-9999A,WA007,300984439
18,2755.75,1,310724,1012511406,101,WA002,3040A-3045A-3053A-3055A-3055A-9999A-9999E,WA007,300984440
18,2755.75,1,310724,1012511406,101,WA002,3040A-3045A-3053A-3055A-3055A-9999A-9999E,WA007,300984450
18,2755.75,1,310724,1012511406,101,WA002,3040A-3045A-3053A-3055A-3055A-9999A-9999E,WA007,300984491
18,2755.75,1,310724,1012511406,101,WA002,3040A-3045A-3053A-3055A-3055A-9999A-9999E,WA007,300984492
18,2755.75,1,310724,1012511406,101,WA002,3040A-3045A-3053A-3055A-3055A-9999A-9999E,WA007,300984493
18,2755.75,1,310724,1012511406,101,WA002,3040A-3045A-3053A-3055A-3055A-9999A-9999E,WA007,300984494
18,2755.75,1,310724,1012511406,101,WA002,3040A-3045A-3053A-3055A-3055A-9999A-9999E,WA007,300984495
18,2755.75,1,310724,1012511406,101,WA002,3040A-3045A-3053A-3055A-3055A-9999A-9999E,WA007,300984496
18,2755.75,1,310724,1012511407,101,WA002,3040A-3043A-3045A-3053A-3055A-3055A-9999A-9999E,WA007,300984564
18,2755.75,1,310724,1012511407,101,WA002,3040A-3043A-3045A-3053A-3055A-3055A-9999A-9999E,WA007,300984565
18,2755.75,1,310724,1012511407,101,WA002,3040A-3043A-3045A-3053A-3055A-3055A-9999A-9999E,WA007,300984568
18,2755.75,1,310724,1012511407,101,WA002,3040A-3043A-3045A-3053A-3055A-3055A-9999A-9999E,WA007,300984569
18,2755.75,1,310724,1012511407,101,WA002,3040A-3043A-3045A-3053A-3055A-3055A-9999A-9999E,WA007,300984570
18,2755.75,1,310724,1012511407,101,WA002,3040A-3043A-3045A-3053A-3055A-3055A-9999A-9999E,WA007,300984588
18,2755.75,1,310724,1012511407,101,WA002,3040A-3043A-3045A-3053A-3055A-3055A-9999A-9999E,WA007,300984589
18,2755.75,1,310724,1012511407,101,WA002,3040A-3043A-3045A-3053A-3055A-3055A-9999A-9999E,WA007,300984590
18,2755.75,1,310724,1012511408,101,WA002,3040A-3043A-3045A-3053A-9999A-9999E,WA007,300984600
18,2755.75,1,310724,1012511408,101,WA002,3040A-3043A-3045A-3053A-9999A-9999E,WA007,300984601
18,2755.75,1,310724,1012511408,101,WA002,3040A-3043A-3045A-3053A-9999A-9999E,WA007,300984612
18,2755.75,1,310724,1012511408,101,WA002,3040A-3043A-3045A-3053A-9999A-9999E,WA007,300984637
18,2755.75,1,310724,1012511408,101,WA002,3040A-3043A-3045A-3053A-9999A-9999E,WA007,300984638
18,2755.75,1,310724,1012511408,101,WA002,3040A-3043A-3045A-3053A-9999A-9999E,WA007,300984639
18,2755.75,1,310724,1012511408,101,WA002,3040A-3043A-3045A-3053A-9999A-9999E,WA007,300984642
18,2755.75,1,310724,1012511408,101,WA002,3040A-3043A-3045A-3053A-9999A-9999E,WA007,300984643
18,2755.75,1,310724,1012511409,101,WA002,3040A-3045A-3053A-3055A-3055A-9999A-9999E,WA007,300984645
18,2755.75,1,310724,1012511409,101,WA002,3040A-3045A-3053A-3055A-3055A-9999A-9999E,WA007,300984646
18,2755.75,1,310724,1012511409,101,WA002,3040A-3045A-3053A-3055A-3055A-9999A-9999E,WA007,300984830
18,2755.75,1,310724,1012511409,101,WA002,3040A-3045A-3053A-3055A-3055A-9999A-9999E,WA007,300984831
18,2755.75,1,310724,1012511409,101,WA002,3040A-3045A-3053A-3055A-3055A-9999A-9999E,WA007,300984832
18,2755.75,1,310724,1012511409,101,WA002,3040A-3045A-3053A-3055A-3055A-9999A-9999E,WA007,300984833
18,2755.75,1,310724,1012511409,101,WA002,3040A-3045A-3053A-3055A-3055A-9999A-9999E,WA007,300984834
18,2755.75,1,310724,1012511409,101,WA002,3040A-3045A-3053A-3055A-3055A-9999A-9999E,WA007,300984857
18,2755.75,1,310724,1012511410,101,WA002,3040A-3045A-3053A-3055A-3055A-9999A-9999C-9999E,WA007,300984861
18,2755.75,1,310724,1012511410,101,WA002,3040A-3045A-3053A-3055A-3055A-9999A-9999C-9999E,WA007,300984862
18,2755.75,1,310724,1012511410,101,WA002,3040A-3045A-3053A-3055A-3055A-9999A-9999C-9999E,WA007,300984863
18,2755.75,1,310724,1012511410,101,WA002,3040A-3045A-3053A-3055A-3055A-9999A-9999C-9999E,WA007,300984874
18,2755.75,1,310724,1012511410,101,WA002,3040A-3045A-3053A-3055A-3055A-9999A-9999C-9999E,WA007,300984875
18,2755.75,1,310724,1012511410,101,WA002,3040A-3045A-3053A-3055A-3055A-9999A-9999C-9999E,WA007,300984876
18,2755.75,1,310724,1012511410,101,WA002,3040A-3045A-3053A-3055A-3055A-9999A-9999C-9999E,WA007,300984880
18,2755.75,1,310724,1012511410,101,WA002,3040A-3045A-3053A-3055A-3055A-9999A-9999C-9999E,WA007,300984881
18,2755.75,1,310724,1012511411,101,WA002,3040A-3045A-3053A-9999A-9999E,WA007,300984914
18,2755.75,1,310724,1012511411,101,WA002,3040A-3045A-3053A-9999A-9999E,WA007,300984915
18,2755.75,1,310724,1012511411,101,WA002,3040A-3045A-3053A-9999A-9999E,WA007,300984924
18,2755.75,1,310724,1012511411,101,WA002,3040A-3045A-3053A-9999A-9999E,WA007,300984958
18,2755.75,1,310724,1012511411,101,WA002,3040A-3045A-3053A-9999A-9999E,WA007,300984959
18,2755.75,1,310724,1012511411,101,WA002,3040A-3045A-3053A-9999A-9999E,WA007,300984960
18,2755.75,1,310724,1012511411,101,WA002,3040A-3045A-3053A-9999A-9999E,WA007,300984969
18,2755.75,1,310724,1012511411,101,WA002,3040A-3045A-3053A-9999A-9999E,WA007,300984970
18,2755.75,1,310724,1012511412,101,WA002,3040A-3045A-3053A-3055A-3055A-9999A-9999E,WA007,300984971
18,2755.75,1,310724,1012511412,101,WA002,3040A-3045A-3053A-3055A-3055A-9999A-9999E,WA007,300984972
18,2755.75,1,310724,1012511412,101,WA002,3040A-3045A-3053A-3055A-3055A-9999A-9999E,WA007,300984973
18,2755.75,1,310724,1012511412,101,WA002,3040A-3045A-3053A-3055A-3055A-9999A-9999E,WA007,300984974
18,2755.75,1,310724,1012511412,101,WA002,3040A-3045A-3053A-3055A-3055A-9999A-9999E,WA007,300985004
18,2755.75,1,310724,1012511412,101,WA002,3040A-3045A-3053A-3055A-3055A-9999A-9999E,WA007,300985005
18,2755.75,1,310724,1012511412,101,WA002,3040A-3045A-3053A-3055A-3055A-9999A-9999E,WA007,300985010
18,2755.75,1,310724,1012511412,101,WA002,3040A-3045A-3053A-3055A-3055A-9999A-9999E,WA007,300985011
18,2755.75,1,310724,1012511413,101,WA002,3040A-3045A-3053A-3055A-3055A-9999A-9999E,WA007,300985012
18,2755.75,1,310724,1012511413,101,WA002,3040A-3045A-3053A-3055A-3055A-9999A-9999E,WA007,300985013
18,2755.75,1,310724,1012511413,101,WA002,3040A-3045A-3053A-3055A-3055A-9999A-9999E,WA007,300985014
18,2755.75,1,310724,1012511413,101,WA002,3040A-3045A-3053A-3055A-3055A-9999A-9999E,WA007,300985015
18,2755.75,1,310724,1012511413,101,WA002,3040A-3045A-3053A-3055A-3055A-9999A-9999E,WA007,300985016
18,2755.75,1,310724,1012511413,101,WA002,3040A-3045A-3053A-3055A-3055A-9999A-9999E,WA007,300985084
18,2755.75,1,310724,1012511413,101,WA002,3040A-3045A-3053A-3055A-3055A-9999A-9999E,WA007,300985085
18,2755.75,1,310724,1012511413,101,WA002,3040A-3045A-3053A-3055A-3055A-9999A-9999E,WA007,300985086
18,2755.75,1,310724,1012511414,101,WA002,3040A-3045A-3053A-9999A-9999E,WA007,300985102
18,2755.75,1,310724,1012511414,101,WA002,3040A-3045A-3053A-9999A-9999E,WA007,300985115
18,2755.75,1,310724,1012511414,101,WA002,3040A-3045A-3053A-9999A-9999E,WA007,300985116
18,2755.75,1,310724,1012511414,101,WA002,3040A-3045A-3053A-9999A-9999E,WA007,300985119
18,2755.75,1,310724,1012511414,101,WA002,3040A-3045A-3053A-9999A-9999E,WA007,300985120
18,2755.75,1,310724,1012511414,101,WA002,3040A-3045A-3053A-9999A-9999E,WA007,300985121
18,2755.75,1,310724,1012511414,101,WA002,3040A-3045A-3053A-9999A-9999E,WA007,300985155
18,2755.75,1,310724,1012511414,101,WA002,3040A-3045A-3053A-9999A-9999E,WA007,300985156
18,2755.75,1,310726,1022511451,101,WA003,3002A-3007S-3015A-3025S-3033A-3035A-9999A-9999E,WA007,300985006
18,2755.75,1,310726,1022511451,101,WA003,3002A-3007S-3015A-3025S-3033A-3035A-9999A-9999E,WA007,300985007
18,2204.6,1,310726,1022511451,101,WA003,3002A-3007S-3015A-3025S-3033A-3035A-9999A-9999E,WA007,300985017
18,2204.6,1,310726,1022511451,101,WA003,3002A-3007S-3015A-3025S-3033A-3035A-9999A-9999E,WA007,300985018
18,2204.6,1,310726,1022511451,101,WA003,3002A-3007S-3015A-3025S-3033A-3035A-9999A-9999E,WA007,300985089
18,2204.6,1,310726,1022511451,101,WA003,3002A-3007S-3015A-3025S-3033A-3035A-9999A-9999E,WA007,300985090
18,1929.025,1,310726,1022511451,101,WA003,3002A-3007S-3015A-3025S-3033A-3035A-9999A-9999E,WA007,300985185
18,2755.75,1,310726,1022511452,101,WA003,3002A-3025S-3033A-9999A-9999C-9999CS-9999E,WA007,300985252
18,2755.75,1,310726,1022511452,101,WA003,3002A-3025S-3033A-9999A-9999C-9999CS-9999E,WA007,300985253
18,2755.75,1,310726,1022511452,101,WA003,3002A-3025S-3033A-9999A-9999C-9999CS-9999E,WA007,300985254
18,2755.75,1,310726,1022511452,101,WA003,3002A-3025S-3033A-9999A-9999C-9999CS-9999E,WA007,300985255
18,2755.75,1,310726,1022511452,101,WA003,3002A-3025S-3033A-9999A-9999C-9999CS-9999E,WA007,300985256
18,2755.75,1,310726,1022511452,101,WA003,3002A-3025S-3033A-9999A-9999C-9999CS-9999E,WA007,300985331
18,2755.75,1,310726,1022511452,101,WA003,3002A-3025S-3033A-9999A-9999C-9999CS-9999E,WA007,300985332
18,2755.75,1,310726,1022511452,101,WA003,3002A-3025S-3033A-9999A-9999C-9999CS-9999E,WA007,300985333
18,2755.75,1,310726,1022511453,101,WA003,3002A-3007S-3015A-3025S-3033A-3035A-9999A-9999C-9999CS-9999E,WA007,300985334
18,2755.75,1,310726,1022511453,101,WA003,3002A-3007S-3015A-3025S-3033A-3035A-9999A-9999C-9999CS-9999E,WA007,300985335
18,2755.75,1,310726,1022511453,101,WA003,3002A-3007S-3015A-3025S-3033A-3035A-9999A-9999C-9999CS-9999E,WA007,300985352
18,2755.75,1,310726,1022511453,101,WA003,3002A-3007S-3015A-3025S-3033A-3035A-9999A-9999C-9999CS-9999E,WA007,300985360
18,2755.75,1,310726,1022511453,101,WA003,3002A-3007S-3015A-3025S-3033A-3035A-9999A-9999C-9999CS-9999E,WA007,300985361
18,2755.75,1,310726,1022511453,101,WA003,3002A-3007S-3015A-3025S-3033A-3035A-9999A-9999C-9999CS-9999E,WA007,300985362
18,2755.75,1,310726,1022511453,101,WA003,3002A-3007S-3015A-3025S-3033A-3035A-9999A-9999C-9999CS-9999E,WA007,300985381
18,2755.75,1,310726,1022511453,101,WA003,3002A-3007S-3015A-3025S-3033A-3035A-9999A-9999C-9999CS-9999E,WA007,300985382
18,2755.75,1,310726,1022511454,101,WA003,3002A-3007S-3015A-3025S-3033A-3035A-9999A-9999C-9999CS-9999E,WA007,300985383
18,2755.75,1,310726,1022511454,101,WA003,3002A-3007S-3015A-3025S-3033A-3035A-9999A-9999C-9999CS-9999E,WA007,300985385
18,2755.75,1,310726,1022511454,101,WA003,3002A-3007S-3015A-3025S-3033A-3035A-9999A-9999C-9999CS-9999E,WA007,300985389
18,2755.75,1,310726,1022511454,101,WA003,3002A-3007S-3015A-3025S-3033A-3035A-9999A-9999C-9999CS-9999E,WA007,300985426
18,2755.75,1,310726,1022511454,101,WA003,3002A-3007S-3015A-3025S-3033A-3035A-9999A-9999C-9999CS-9999E,WA007,300985427
18,2755.75,1,310726,1022511454,101,WA003,3002A-3007S-3015A-3025S-3033A-3035A-9999A-9999C-9999CS-9999E,WA007,300985428
18,2755.75,1,310726,1022511454,101,WA003,3002A-3007S-3015A-3025S-3033A-3035A-9999A-9999C-9999CS-9999E,WA007,300985543
18,2755.75,1,310726,1022511454,101,WA003,3002A-3007S-3015A-3025S-3033A-3035A-9999A-9999C-9999CS-9999E,WA007,300985544
18,2755.75,1,310726,1022511455,101,WA003,3002A-3005WGUM-3005WGUM-3007DRYGUM-3007FO-3007S-3015A-3025S-3035A-9999A-9999C-9999CS-9999E,WA007,300985545
18,2755.75,1,310726,1022511455,101,WA003,3002A-3005WGUM-3005WGUM-3007DRYGUM-3007FO-3007S-3015A-3025S-3035A-9999A-9999C-9999CS-9999E,WA007,300985546
18,2755.75,1,310726,1022511455,101,WA003,3002A-3005WGUM-3005WGUM-3007DRYGUM-3007FO-3007S-3015A-3025S-3035A-9999A-9999C-9999CS-9999E,WA007,300985547
18,2755.75,1,310726,1022511455,101,WA003,3002A-3005WGUM-3005WGUM-3007DRYGUM-3007FO-3007S-3015A-3025S-3035A-9999A-9999C-9999CS-9999E,WA007,300985548
18,2755.75,1,310726,1022511455,101,WA003,3002A-3005WGUM-3005WGUM-3007DRYGUM-3007FO-3007S-3015A-3025S-3035A-9999A-9999C-9999CS-9999E,WA007,300985586
18,2755.75,1,310726,1022511455,101,WA003,3002A-3005WGUM-3005WGUM-3007DRYGUM-3007FO-3007S-3015A-3025S-3035A-9999A-9999C-9999CS-9999E,WA007,300985587
18,2755.75,1,310726,1022511455,101,WA003,3002A-3005WGUM-3005WGUM-3007DRYGUM-3007FO-3007S-3015A-3025S-3035A-9999A-9999C-9999CS-9999E,WA007,300985588
18,2755.75,1,310726,1022511455,101,WA003,3002A-3005WGUM-3005WGUM-3007DRYGUM-3007FO-3007S-3015A-3025S-3035A-9999A-9999C-9999CS-9999E,WA007,300985589
18,2755.75,1,310726,1022511456,101,WA003,3002A-3005WGUM-3005WGUM-3007DRYGUM-3007FO-3007S-3015A-3025S-3035A-9999A-9999C-9999CS-9999E,WA007,300985632
18,2755.75,1,310726,1022511456,101,WA003,3002A-3005WGUM-3005WGUM-3007DRYGUM-3007FO-3007S-3015A-3025S-3035A-9999A-9999C-9999CS-9999E,WA007,300985633
18,2755.75,1,310726,1022511456,101,WA003,3002A-3005WGUM-3005WGUM-3007DRYGUM-3007FO-3007S-3015A-3025S-3035A-9999A-9999C-9999CS-9999E,WA007,300985634
18,2755.75,1,310726,1022511456,101,WA003,3002A-3005WGUM-3005WGUM-3007DRYGUM-3007FO-3007S-3015A-3025S-3035A-9999A-9999C-9999CS-9999E,WA007,300985635
18,2755.75,1,310726,1022511456,101,WA003,3002A-3005WGUM-3005WGUM-3007DRYGUM-3007FO-3007S-3015A-3025S-3035A-9999A-9999C-9999CS-9999E,WA007,300985636
18,2755.75,1,310726,1022511456,101,WA003,3002A-3005WGUM-3005WGUM-3007DRYGUM-3007FO-3007S-3015A-3025S-3035A-9999A-9999C-9999CS-9999E,WA007,300985637
18,2755.75,1,310726,1022511456,101,WA003,3002A-3005WGUM-3005WGUM-3007DRYGUM-3007FO-3007S-3015A-3025S-3035A-9999A-9999C-9999CS-9999E,WA007,300985715
18,2755.75,1,310726,1022511456,101,WA003,3002A-3005WGUM-3005WGUM-3007DRYGUM-3007FO-3007S-3015A-3025S-3035A-9999A-9999C-9999CS-9999E,WA007,300985716
18,2755.75,1,310726,1022511457,101,WA003,3002A-3007S-3015A-3025S-3035A-9999A-9999E,WA007,300985717
18,2755.75,1,310726,1022511457,101,WA003,3002A-3007S-3015A-3025S-3035A-9999A-9999E,WA007,300985752
18,2755.75,1,310726,1022511457,101,WA003,3002A-3007S-3015A-3025S-3035A-9999A-9999E,WA007,300985754
18,2755.75,1,310726,1022511457,101,WA003,3002A-3007S-3015A-3025S-3035A-9999A-9999E,WA007,300985755
18,2755.75,1,310726,1022511457,101,WA003,3002A-3007S-3015A-3025S-3035A-9999A-9999E,WA007,300985756
18,2755.75,1,310726,1022511457,101,WA003,3002A-3007S-3015A-3025S-3035A-9999A-9999E,WA007,300985771
18,1763.68,1,310726,1022511457,101,WA003,3002A-3007S-3015A-3025S-3035A-9999A-9999E,WA007,300985773
18,2198,1,310774,1002511401,102,WA001,9999A,WA001,300984201
18,2206,1,310774,1002511401,102,WA001,9999A,WA001,300984215
18,2199,1,310774,1002511401,102,WA001,9999A,WA001,300984216
18,2199,1,310774,1002511401,102,WA001,9999A,WA001,300984222
18,2204,1,310774,1002511401,102,WA001,9999A,WA001,300984228
18,2199,1,310774,1002511401,102,WA001,9999A,WA001,300984231
18,2205,1,310774,1002511401,102,WA001,9999A,WA001,300984237
18,2199,1,310774,1002511401,102,WA001,9999A,WA001,300984251
18,2204,1,310774,1002511402,102,WA001,9999A,WA001,300984263
18,2203,1,310774,1002511402,102,WA001,9999A,WA001,300984268
18,2204,1,310774,1002511402,102,WA001,9999A,WA001,300984288
18,2199,1,310774,1002511402,102,WA001,9999A,WA001,300984302
18,2205,1,310774,1002511402,102,WA001,9999A,WA001,300984322
18,2198,1,310774,1002511402,102,WA001,9999A,WA001,300984335
18,2198,1,310774,1002511402,102,WA001,9999A,WA001,300984395
18,2199,1,310774,1002511402,102,WA001,9999A,WA001,300984400
18,2201,1,310774,1002511403,102,WA001,9999A,WA001,300984425
18,2198,1,310774,1002511403,102,WA001,9999A,WA001,300984428
18,2198,1,310774,1002511403,102,WA001,9999A,WA001,300984436
18,1661,1,310774,1002511403,102,WA001,9999A,WA001,300984456
19,2755.75,1,310002,1002511302,101,WA001,3405A-9999A-9999E,WA001,300983219
19,2755.75,1,310002,1002511302,101,WA001,3405A-9999A-9999E,WA001,300983237
19,2755.75,1,310002,1002511302,101,WA001,3405A-9999A-9999E,WA001,300983255
19,2755.75,1,310002,1002511302,101,WA001,3405A-9999A-9999E,WA001,300983268
19,2755.75,1,310002,1002511302,101,WA001,3405A-9999A-9999E,WA001,300983286
19,2755.75,1,310015,1002511301,101,WA001,9999A-9999E,WA001,300983293
19,2755.75,1,310015,1002511301,101,WA001,9999A-9999E,WA001,300983294
19,2755.75,1,310015,1002511301,101,WA001,9999A-9999E,WA001,300983347
19,2755.75,1,310015,1002511301,101,WA001,9999A-9999E,WA001,300983348
19,2755.75,1,310015,1002511301,101,WA001,9999A-9999E,WA001,300983349
19,2755.75,1,310015,1002511301,101,WA001,9999A-9999E,WA001,300983378
19,2755.75,1,310015,1002511301,101,WA001,9999A-9999E,WA001,300983379
19,2755.75,1,310015,1002511301,101,WA001,9999A-9999E,WA001,300983383
19,2755.75,1,310015,1002511302,101,WA001,9999A-9999E,WA001,300983384
19,2755.75,1,310015,1002511302,101,WA001,9999A-9999E,WA001,300983385
19,2755.75,1,310015,1002511302,101,WA001,9999A-9999E,WA001,300983432
19,2755.75,1,310015,1002511302,101,WA001,9999A-9999E,WA001,300983434
19,2755.75,1,310015,1002511302,101,WA001,9999A-9999E,WA001,300983472
19,2755.75,1,310015,1002511302,101,WA001,9999A-9999E,WA001,300983544
19,2755.75,1,310015,1002511302,101,WA001,9999A-9999E,WA001,300983551
19,2755.75,1,310015,1002511302,101,WA001,9999A-9999E,WA001,300983552
19,2755.75,1,310015,1002511303,101,WA001,9999A-9999E,WA001,300983553
19,2755.75,1,310015,1002511303,101,WA001,9999A-9999E,WA001,300983554
19,2755.75,1,310015,1002511303,101,WA001,9999A-9999E,WA001,300983603
19,2755.75,1,310015,1002511303,101,WA001,9999A-9999E,WA001,300983608
19,2755.75,1,310015,1002511303,101,WA001,9999A-9999E,WA001,300983651
19,2755.75,1,310015,1002511303,101,WA001,9999A-9999E,WA001,300983653
19,2755.75,1,310015,1002511303,101,WA001,9999A-9999E,WA001,300983656
19,2755.75,1,310015,1002511303,101,WA001,9999A-9999E,WA001,300983660
19,2755.75,1,310015,1002511304,101,WA001,9999A-9999E,WA001,300983661
19,2755.75,1,310015,1002511304,101,WA001,9999A-9999E,WA001,300983662
19,2755.75,1,310015,1002511304,101,WA001,9999A-9999E,WA001,300983663
19,2755.75,1,310015,1002511304,101,WA001,9999A-9999E,WA001,300983664
19,2755.75,1,310015,1002511304,101,WA001,9999A-9999E,WA001,300983665
19,2755.75,1,310015,1002511304,101,WA001,9999A-9999E,WA001,300983667
19,2755.75,1,310015,1002511304,101,WA001,9999A-9999E,WA001,300983668
19,2755.75,1,310015,1002511304,101,WA001,9999A-9999E,WA001,300983669
19,2755.75,1,310015,1002511305,101,WA001,3117A-3123A-9999A-9999E,WA001,300983736
19,2755.75,1,310015,1002511305,101,WA001,3117A-3123A-9999A-9999E,WA001,300983737
19,2755.75,1,310015,1002511305,101,WA001,3117A-3123A-9999A-9999E,WA001,300983738
19,2755.75,1,310015,1002511305,101,WA001,3117A-3123A-9999A-9999E,WA001,300983739
19,2755.75,1,310015,1002511305,101,WA001,3117A-3123A-9999A-9999E,WA001,300983798
19,2755.75,1,310015,1002511305,101,WA001,3117A-3123A-9999A-9999E,WA001,300983799
19,2755.75,1,310015,1002511305,101,WA001,3117A-3123A-9999A-9999E,WA001,300983800
19,2755.75,1,310015,1002511305,101,WA001,3117A-3123A-9999A-9999E,WA001,300983801
19,2755.75,1,310015,1002511306,101,WA001,3117A-3123A-9999A-9999E,WA001,300983836
19,2755.75,1,310015,1002511306,101,WA001,3117A-3123A-9999A-9999E,WA001,300983837
19,2755.75,1,310015,1002511306,101,WA001,3117A-3123A-9999A-9999E,WA001,300983838
19,2755.75,1,310015,1002511306,101,WA001,3117A-3123A-9999A-9999E,WA001,300983839
19,2755.75,1,310015,1002511306,101,WA001,3117A-3123A-9999A-9999E,WA001,300983856
19,2755.75,1,310015,1002511306,101,WA001,3117A-3123A-9999A-9999E,WA001,300983857
19,2755.75,1,310015,1002511306,101,WA001,3117A-3123A-9999A-9999E,WA001,300983858
19,2755.75,1,310015,1002511306,101,WA001,3117A-3123A-9999A-9999E,WA001,300983859
19,2755.75,1,310015,1002511307,101,WA001,3117A-3123A-9999A-9999E,WA001,300983883
19,2755.75,1,310015,1002511307,101,WA001,3117A-3123A-9999A-9999E,WA001,300983884
19,2755.75,1,310015,1002511307,101,WA001,3117A-3123A-9999A-9999E,WA001,300983885
19,2755.75,1,310015,1002511307,101,WA001,3117A-3123A-9999A-9999E,WA001,300983886
19,2755.75,1,310015,1002511307,101,WA001,3117A-3123A-9999A-9999E,WA001,300983888
19,2755.75,1,310015,1002511307,101,WA001,3117A-3123A-9999A-9999E,WA001,300983889
19,2755.75,1,310015,1002511307,101,WA001,3117A-3123A-9999A-9999E,WA001,300983890
19,2755.75,1,310015,1002511307,101,WA001,3117A-3123A-9999A-9999E,WA001,300983891
19,2755.75,1,310015,1002511308,101,WA001,3117A-3123A-9999A-9999E,WA001,300983949
19,2755.75,1,310015,1002511308,101,WA001,3117A-3123A-9999A-9999E,WA001,300983950
19,2755.75,1,310015,1002511308,101,WA001,3117A-3123A-9999A-9999E,WA001,300983959
19,2755.75,1,310015,1002511308,101,WA001,3117A-3123A-9999A-9999E,WA001,300983960
19,2755.75,1,310015,1002511308,101,WA001,3117A-3123A-9999A-9999E,WA001,300983963
19,2755.75,1,310015,1002511308,101,WA001,3117A-3123A-9999A-9999E,WA001,300983990
19,2755.75,1,310015,1002511308,101,WA001,3117A-3123A-9999A-9999E,WA001,300983991
19,2755.75,1,310015,1002511308,101,WA001,3117A-3123A-9999A-9999E,WA001,300983992
19,1377.875,1,310015,1052511301,101,ID002,3117A-3123A-9999A-9999E,ID010,300982839
19,2755.75,1,310015,1052511301,101,ID002,3117A-3123A-9999A-9999E,ID010,300982840
19,2755.75,1,310015,1052511301,101,ID002,3117A-3123A-9999A-9999E,ID010,300982841
19,2755.75,1,310015,1052511301,101,ID002,3117A-3123A-9999A-9999E,ID010,300982852
19,2755.75,1,310015,1052511301,101,ID002,3117A-3123A-9999A-9999E,ID010,300982893
19,2755.75,1,310015,1052511301,101,ID002,3117A-3123A-9999A-9999E,ID010,300982894
19,2700.635,1,310015,1052511301,101,ID002,3117A-3123A-9999A-9999E,ID010,300982895
19,2755.75,1,310015,1052511301,101,ID002,3117A-3123A-9999A-9999E,ID010,300982896
19,2755.75,1,310015,1052511302,101,ID002,3117A-3123A-9999A-9999E,ID010,300982910
19,2755.75,1,310015,1052511302,101,ID002,3117A-3123A-9999A-9999E,ID010,300982911
19,2755.75,1,310015,1052511302,101,ID002,3117A-3123A-9999A-9999E,ID010,300982912
19,2755.75,1,310015,1052511302,101,ID002,3117A-3123A-9999A-9999E,ID010,300983589
19,2755.75,1,310015,1052511302,101,ID002,3117A-3123A-9999A-9999E,ID010,300983590
19,2755.75,1,310015,1052511302,101,ID002,3117A-3123A-9999A-9999E,ID010,300983591
19,2755.75,1,310015,1052511302,101,ID002,3117A-3123A-9999A-9999E,ID010,300983592
19,2755.75,1,310015,1052511302,101,ID002,3117A-3123A-9999A-9999E,ID010,300983593
19,2134,1,310086,1052511332,101,ID002,3140A-9999A,ID002,300982953
19,2067,1,310086,1052511332,101,ID002,3140A-9999A,ID002,300982954
19,2037,1,310086,1052511333,101,ID002,3139A-3140A-9999A,ID002,300983037
19,2162,1,310086,1052511334,101,ID002,3139A-3140A-9999A,ID002,300983041
19,2097,1,310086,1052511334,101,ID002,3139A-3140A-9999A,ID002,300983042
19,2159,1,310086,1052511334,101,ID002,3139A-3140A-9999A,ID002,300983064
19,2052,1,310086,1052511334,101,ID002,3139A-3140A-9999A,ID002,300983065
19,2123,1,310086,1052511334,101,ID002,3139A-3140A-9999A,ID002,300983072
19,2101,1,310086,1052511334,101,ID002,3139A-3140A-9999A,ID002,300983073
19,2153,1,310086,1052511334,101,ID002,3139A-3140A-9999A,ID002,300983182
19,2038,1,310086,1052511334,101,ID002,3139A-3140A-9999A,ID002,300983183
19,2141,1,310086,1052511335,101,ID002,3139A-3140A-9999A,ID002,300983080
19,2022,1,310086,1052511335,101,ID002,3139A-3140A-9999A,ID002,300983081
19,2133,1,310086,1052511335,101,ID002,3139A-3140A-9999A,ID002,300983087
19,2027,1,310086,1052511335,101,ID002,3139A-3140A-9999A,ID002,300983088
19,2116,1,310086,1052511335,101,ID002,3139A-3140A-9999A,ID002,300983099
19,2037,1,310086,1052511335,101,ID002,3139A-3140A-9999A,ID002,300983100
19,2107,1,310086,1052511335,101,ID002,3139A-3140A-9999A,ID002,300983116
19,2021,1,310086,1052511335,101,ID002,3139A-3140A-9999A,ID002,300983117
19,2113,1,310086,1052511336,101,ID002,3139A-3140A-9999A,ID002,300983122
19,2040,1,310086,1052511336,101,ID002,3139A-3140A-9999A,ID002,300983123
19,2116,1,310086,1052511336,101,ID002,3139A-3140A-9999A,ID002,300983127
19,2032,1,310086,1052511336,101,ID002,3139A-3140A-9999A,ID002,300983128
19,2158,1,310086,1052511336,101,ID002,3139A-3140A-9999A,ID002,300983147
19,2031,1,310086,1052511336,101,ID002,3139A-3140A-9999A,ID002,300983148
19,2115,1,310086,1052511336,101,ID002,3139A-3140A-9999A,ID002,300983152
19,2033,1,310086,1052511336,101,ID002,3139A-3140A-9999A,ID002,300983153
19,2130,1,310086,1052511337,101,ID002,3139A-3140A-9999A,ID002,300983159
19,2028,1,310086,1052511337,101,ID002,3139A-3140A-9999A,ID002,300983160
19,2096,1,310086,1052511337,101,ID002,3139A-3140A-9999A,ID002,300983198
19,2025,1,310086,1052511337,101,ID002,3139A-3140A-9999A,ID002,300983199
19,2117,1,310086,1052511337,101,ID002,3139A-3140A-9999A,ID002,300983209
19,2023,1,310086,1052511337,101,ID002,3139A-3140A-9999A,ID002,300983210
19,2109,1,310086,1052511337,101,ID002,3139A-3140A-9999A,ID002,300983227
19,2028,1,310086,1052511337,101,ID002,3139A-3140A-9999A,ID002,300983228
19,2122,1,310086,1052511338,101,ID002,3139A-3140A-9999A,ID010,300983247
19,2032,1,310086,1052511338,101,ID002,3139A-3140A-9999A,ID010,300983248
19,2131,1,310086,1052511338,101,ID002,3139A-3140A-9999A,ID010,300983262
19,2030,1,310086,1052511338,101,ID002,3139A-3140A-9999A,ID010,300983264
19,2111,1,310086,1052511338,101,ID002,3139A-3140A-9999A,ID010,300983274
19,2042,1,310086,1052511338,101,ID002,3139A-3140A-9999A,ID010,300983275
19,2108,1,310086,1052511338,101,ID002,3139A-3140A-9999A,ID010,300983291
19,2035,1,310086,1052511338,101,ID002,3139A-3140A-9999A,ID010,300983292
19,2122,1,310086,1052511339,101,ID002,3139A-3140A-9999A,ID010,300983300
19,2060,1,310086,1052511339,101,ID002,3139A-3140A-9999A,ID010,300983303
19,2206,1,310086,1052511339,101,ID002,3139A-3140A-9999A,ID010,300983309
19,2060,1,310086,1052511339,101,ID002,3139A-3140A-9999A,ID010,300983310
19,2113,1,310086,1052511339,101,ID002,3139A-3140A-9999A,ID010,300983312
19,2094,1,310086,1052511339,101,ID002,3139A-3140A-9999A,ID010,300983313
19,2150,1,310086,1052511339,101,ID002,3139A-3140A-9999A,ID010,300983334
19,2059,1,310086,1052511339,101,ID002,3139A-3140A-9999A,ID010,300983335
19,2134,1,310086,1052511340,101,ID002,3139A-3140A-9999A,ID010,300983340
19,2037,1,310086,1052511340,101,ID002,3139A-3140A-9999A,ID010,300983341
19,2112,1,310086,1052511340,101,ID002,3139A-3140A-9999A,ID010,300983350
19,2117,1,310086,1052511340,101,ID002,3139A-3140A-9999A,ID010,300983351
19,2192,1,310086,1052511340,101,ID002,3139A-3140A-9999A,ID010,300983355
19,2208,1,310086,1052511340,101,ID002,3139A-3140A-9999A,ID010,300983365
19,2054,1,310086,1052511340,101,ID002,3139A-3140A-9999A,ID010,300983366
19,2042,1,310086,1052511340,101,ID002,3139A-3140A-9999A,ID010,300984300
19,2104,1,310086,1052511341,101,ID002,3139A-3140A-9999A,ID010,300983381
19,2019,1,310086,1052511341,101,ID002,3139A-3140A-9999A,ID010,300983382
19,2148,1,310086,1052511341,101,ID002,3139A-3140A-9999A,ID010,300983393
19,2054,1,310086,1052511341,101,ID002,3139A-3140A-9999A,ID010,300983394
19,2150,1,310086,1052511341,101,ID002,3139A-3140A-9999A,ID010,300983399
19,2035,1,310086,1052511341,101,ID002,3139A-3140A-9999A,ID010,300983400
19,2118,1,310086,1052511341,101,ID002,3139A-3140A-9999A,ID010,300983405
19,2044,1,310086,1052511341,101,ID002,3139A-3140A-9999A,ID010,300983406
19,2120,1,310086,1052511342,101,ID002,3139A-3140A-9999A,ID010,300983429
19,2037,1,310086,1052511342,101,ID002,3139A-3140A-9999A,ID010,300983430
19,2128,1,310086,1052511342,101,ID002,3139A-3140A-9999A,ID010,300983433
19,2038,1,310086,1052511342,101,ID002,3139A-3140A-9999A,ID010,300983435
19,2138,1,310086,1052511342,101,ID002,3139A-3140A-9999A,ID010,300983442
19,2043,1,310086,1052511342,101,ID002,3139A-3140A-9999A,ID010,300983443
19,2157,1,310086,1052511342,101,ID002,3139A-3140A-9999A,ID010,300983449
19,2038,1,310086,1052511342,101,ID002,3139A-3140A-9999A,ID010,300983450
19,2121,1,310086,1052511343,101,ID002,3139A-3140A-9999A,ID010,300983454
19,2025,1,310086,1052511343,101,ID002,3139A-3140A-9999A,ID010,300983455
19,2112,1,310086,1052511343,101,ID002,3139A-3140A-9999A,ID010,300983456
19,2030,1,310086,1052511343,101,ID002,3139A-3140A-9999A,ID010,300983458
19,2100,1,310086,1052511343,101,ID002,3139A-3140A-9999A,ID010,300983486
19,2018,1,310086,1052511343,101,ID002,3139A-3140A-9999A,ID010,300983488
19,2125,1,310086,1052511343,101,ID002,3139A-3140A-9999A,ID010,300983501
19,2032,1,310086,1052511343,101,ID002,3139A-3140A-9999A,ID010,300984301
19,1418,1,310086,1052511344,101,ID002,3139A-3140A-9999A,ID010,300983503
19,2125,1,310086,1052511344,101,ID002,3139A-3140A-9999A,ID010,300983607
19,2025,1,310086,1052511344,101,ID002,3139A-3140A-9999A,ID010,300983610
19,2100,1,310086,1052511344,101,ID002,3139A-3140A-9999A,ID010,300983624
19,2028,1,310086,1052511344,101,ID002,3139A-3140A-9999A,ID010,300983625
19,2037,1,310086,1052511344,101,ID002,3139A-3140A-9999A,ID010,300983670
19,2108,1,310086,1052511344,101,ID002,3139A-3140A-9999A,ID010,300983765
19,2129,1,310086,1052511344,101,ID002,3139A-3140A-9999A,ID010,300983766
19,2029,1,310086,1052511345,101,ID002,3139A-3140A-9999A,ID002,300983940
19,2135,1,310086,1052511345,101,ID002,3139A-3140A-9999A,ID010,300983767
19,2033,1,310086,1052511345,101,ID002,3139A-3140A-9999A,ID010,300983768
19,2168,1,310086,1052511345,101,ID002,3139A-3140A-9999A,ID010,300983769
19,2028,1,310086,1052511345,101,ID002,3139A-3140A-9999A,ID010,300983770
19,2186,1,310086,1052511345,101,ID002,3139A-3140A-9999A,ID010,300983782
19,2131,1,310086,1052511345,101,ID002,3139A-3140A-9999A,ID010,300983938
19,2135,1,310086,1052511345,101,ID002,3139A-3140A-9999A,ID010,300983939
19,2755.75,1,310724,1012511301,101,WA002,3040A-3043A-3045A-3053A-3055A-3055A-9999A-9999E,WA007,300982701
19,2755.75,1,310724,1012511301,101,WA002,3040A-3043A-3045A-3053A-3055A-3055A-9999A-9999E,WA007,300982703
19,2755.75,1,310724,1012511301,101,WA002,3040A-3043A-3045A-3053A-3055A-3055A-9999A-9999E,WA007,300982704
19,2755.75,1,310724,1012511301,101,WA002,3040A-3043A-3045A-3053A-3055A-3055A-9999A-9999E,WA007,300982705
19,2755.75,1,310724,1012511301,101,WA002,3040A-3043A-3045A-3053A-3055A-3055A-9999A-9999E,WA007,300982706
19,2755.75,1,310724,1012511301,101,WA002,3040A-3043A-3045A-3053A-3055A-3055A-9999A-9999E,WA007,300982833
19,2755.75,1,310724,1012511301,101,WA002,3040A-3043A-3045A-3053A-3055A-3055A-9999A-9999E,WA007,300982834
19,2755.75,1,310724,1012511301,101,WA002,3040A-3043A-3045A-3053A-3055A-3055A-9999A-9999E,WA007,300982835
19,2755.75,1,310724,1012511303,101,WA002,3040A-3045A-3053A-3055A-3055A-9999A-9999E,WA007,300982897
19,2755.75,1,310724,1012511303,101,WA002,3040A-3045A-3053A-3055A-3055A-9999A-9999E,WA007,300982917
19,2755.75,1,310724,1012511303,101,WA002,3040A-3045A-3053A-3055A-3055A-9999A-9999E,WA007,300982918
19,2755.75,1,310724,1012511303,101,WA002,3040A-3045A-3053A-3055A-3055A-9999A-9999E,WA007,300982923
19,2755.75,1,310724,1012511303,101,WA002,3040A-3045A-3053A-3055A-3055A-9999A-9999E,WA007,300983026
19,2755.75,1,310724,1012511303,101,WA002,3040A-3045A-3053A-3055A-3055A-9999A-9999E,WA007,300983038
19,2755.75,1,310724,1012511303,101,WA002,3040A-3045A-3053A-3055A-3055A-9999A-9999E,WA007,300983039
19,2755.75,1,310724,1012511303,101,WA002,3040A-3045A-3053A-3055A-3055A-9999A-9999E,WA007,300983066
19,2755.75,1,310724,1012511305,101,WA002,3040A-3043A-3045A-3053A-3055A-3055A-9999A-9999E,WA007,300983151
19,2755.75,1,310724,1012511305,101,WA002,3040A-3043A-3045A-3053A-3055A-3055A-9999A-9999E,WA007,300983170
19,2755.75,1,310724,1012511305,101,WA002,3040A-3043A-3045A-3053A-3055A-3055A-9999A-9999E,WA007,300983177
19,2755.75,1,310724,1012511305,101,WA002,3040A-3043A-3045A-3053A-3055A-3055A-9999A-9999E,WA007,300983193
19,2755.75,1,310724,1012511305,101,WA002,3040A-3043A-3045A-3053A-3055A-3055A-9999A-9999E,WA007,300983216
19,2755.75,1,310724,1012511305,101,WA002,3040A-3043A-3045A-3053A-3055A-3055A-9999A-9999E,WA007,300983217
19,2755.75,1,310724,1012511305,101,WA002,3040A-3043A-3045A-3053A-3055A-3055A-9999A-9999E,WA007,300983257
19,2755.75,1,310724,1012511305,101,WA002,3040A-3043A-3045A-3053A-3055A-3055A-9999A-9999E,WA007,300983258
19,2755.75,1,310724,1012511307,101,WA002,3040A-3043A-3045A-3053A-9999A-9999C-9999E,WA007,300983345
19,2755.75,1,310724,1012511307,101,WA002,3040A-3043A-3045A-3053A-9999A-9999C-9999E,WA007,300983346
19,2755.75,1,310724,1012511307,101,WA002,3040A-3043A-3045A-3053A-9999A-9999C-9999E,WA007,300983353
19,2755.75,1,310724,1012511307,101,WA002,3040A-3043A-3045A-3053A-9999A-9999C-9999E,WA007,300983396
19,2755.75,1,310724,1012511307,101,WA002,3040A-3043A-3045A-3053A-9999A-9999C-9999E,WA007,300983397
19,2755.75,1,310724,1012511307,101,WA002,3040A-3043A-3045A-3053A-9999A-9999C-9999E,WA007,300983401
19,2755.75,1,310724,1012511307,101,WA002,3040A-3043A-3045A-3053A-9999A-9999C-9999E,WA007,300983402
19,2755.75,1,310724,1012511307,101,WA002,3040A-3043A-3045A-3053A-9999A-9999C-9999E,WA007,300983403
19,2755.75,1,310724,1012511308,101,WA002,3040A-3043A-3045A-3053A-9999A-9999C-9999E,WA007,300983418
19,2755.75,1,310724,1012511308,101,WA002,3040A-3043A-3045A-3053A-9999A-9999C-9999E,WA007,300983420
19,2755.75,1,310724,1012511308,101,WA002,3040A-3043A-3045A-3053A-9999A-9999C-9999E,WA007,300983421
19,2755.75,1,310724,1012511308,101,WA002,3040A-3043A-3045A-3053A-9999A-9999C-9999E,WA007,300983427
19,2755.75,1,310726,1022511351,101,WA003,3002A-3007S-3025S-3033A-3035A-9999A-9999E,WA007,300983901
19,2755.75,1,310726,1022511351,101,WA003,3002A-3007S-3025S-3033A-3035A-9999A-9999E,WA007,300983902
19,2755.75,1,310726,1022511351,101,WA003,3002A-3007S-3025S-3033A-3035A-9999A-9999E,WA007,300983903
19,2755.75,1,310726,1022511351,101,WA003,3002A-3007S-3025S-3033A-3035A-9999A-9999E,WA007,300983904
19,2755.75,1,310726,1022511351,101,WA003,3002A-3007S-3025S-3033A-3035A-9999A-9999E,WA007,300983905
19,2755.75,1,310726,1022511351,101,WA003,3002A-3007S-3025S-3033A-3035A-9999A-9999E,WA007,300983906
19,2755.75,1,310726,1022511351,101,WA003,3002A-3007S-3025S-3033A-3035A-9999A-9999E,WA007,300983907
19,2755.75,1,310726,1022511351,101,WA003,3002A-3007S-3025S-3033A-3035A-9999A-9999E,WA007,300983910
19,2755.75,1,310726,1022511352,101,WA003,3002A-3007S-3015A-3025S-3033A-3035A-9999A-9999E,WA007,300983911
19,2755.75,1,310726,1022511352,101,WA003,3002A-3007S-3015A-3025S-3033A-3035A-9999A-9999E,WA007,300983946
19,2755.75,1,310726,1022511352,101,WA003,3002A-3007S-3015A-3025S-3033A-3035A-9999A-9999E,WA007,300983947
19,2755.75,1,310726,1022511352,101,WA003,3002A-3007S-3015A-3025S-3033A-3035A-9999A-9999E,WA007,300983948
19,2755.75,1,310726,1022511352,101,WA003,3002A-3007S-3015A-3025S-3033A-3035A-9999A-9999E,WA007,300984032
19,2755.75,1,310726,1022511352,101,WA003,3002A-3007S-3015A-3025S-3033A-3035A-9999A-9999E,WA007,300984036
19,2755.75,1,310726,1022511352,101,WA003,3002A-3007S-3015A-3025S-3033A-3035A-9999A-9999E,WA007,300984055
19,2755.75,1,310726,1022511352,101,WA003,3002A-3007S-3015A-3025S-3033A-3035A-9999A-9999E,WA007,300984056
19,2755.75,1,310726,1022511353,101,WA003,3002A-3007S-3015A-3025S-3033A-3035A-9999A-9999E,WA007,300984064
19,2755.75,1,310726,1022511353,101,WA003,3002A-3007S-3015A-3025S-3033A-3035A-9999A-9999E,WA007,300984067
19,2755.75,1,310726,1022511353,101,WA003,3002A-3007S-3015A-3025S-3033A-3035A-9999A-9999E,WA007,300984077
19,2755.75,1,310726,1022511353,101,WA003,3002A-3007S-3015A-3025S-3033A-3035A-9999A-9999E,WA007,300984078
19,2755.75,1,310726,1022511353,101,WA003,3002A-3007S-3015A-3025S-3033A-3035A-9999A-9999E,WA007,300984079
19,2755.75,1,310726,1022511353,101,WA003,3002A-3007S-3015A-3025S-3033A-3035A-9999A-9999E,WA007,300984086
19,2755.75,1,310726,1022511353,101,WA003,3002A-3007S-3015A-3025S-3033A-3035A-9999A-9999E,WA007,300984102
19,2755.75,1,310726,1022511353,101,WA003,3002A-3007S-3015A-3025S-3033A-3035A-9999A-9999E,WA007,300984103
19,2755.75,1,310726,1022511354,101,WA003,3002A-3007S-3015A-3025S-3033A-3035A-9999A-9999E,WA007,300984110
19,2755.75,1,310726,1022511354,101,WA003,3002A-3007S-3015A-3025S-3033A-3035A-9999A-9999E,WA007,300984131
19,2755.75,1,310726,1022511354,101,WA003,3002A-3007S-3015A-3025S-3033A-3035A-9999A-9999E,WA007,300984140
19,2755.75,1,310726,1022511354,101,WA003,3002A-3007S-3015A-3025S-3033A-3035A-9999A-9999E,WA007,300984141
19,2755.75,1,310726,1022511354,101,WA003,3002A-3007S-3015A-3025S-3033A-3035A-9999A-9999E,WA007,300984153
19,2755.75,1,310726,1022511354,101,WA003,3002A-3007S-3015A-3025S-3033A-3035A-9999A-9999E,WA007,300984154
19,2755.75,1,310726,1022511354,101,WA003,3002A-3007S-3015A-3025S-3033A-3035A-9999A-9999E,WA007,300984274
19,2755.75,1,310726,1022511354,101,WA003,3002A-3007S-3015A-3025S-3033A-3035A-9999A-9999E,WA007,300984275
19,2755.75,1,310726,1022511355,101,WA003,3002A-3007S-3015A-3025S-3035A-9999A-9999E,WA007,300984276
19,2755.75,1,310726,1022511355,101,WA003,3002A-3007S-3015A-3025S-3035A-9999A-9999E,WA007,300984278
19,2755.75,1,310726,1022511355,101,WA003,3002A-3007S-3015A-3025S-3035A-9999A-9999E,WA007,300984279
19,2755.75,1,310726,1022511355,101,WA003,3002A-3007S-3015A-3025S-3035A-9999A-9999E,WA007,300984280
19,2755.75,1,310726,1022511355,101,WA003,3002A-3007S-3015A-3025S-3035A-9999A-9999E,WA007,300984336
19,2755.75,1,310726,1022511355,101,WA003,3002A-3007S-3015A-3025S-3035A-9999A-9999E,WA007,300984337
19,2755.75,1,310726,1022511355,101,WA003,3002A-3007S-3015A-3025S-3035A-9999A-9999E,WA007,300984338
19,2755.75,1,310726,1022511355,101,WA003,3002A-3007S-3015A-3025S-3035A-9999A-9999E,WA007,300984339
19,2755.75,1,310726,1022511356,101,WA003,3002A-3007S-3015A-3025S-3035A-9999A-9999E,WA007,300984409
19,2755.75,1,310726,1022511356,101,WA003,3002A-3007S-3015A-3025S-3035A-9999A-9999E,WA007,300984411
19,2755.75,1,310726,1022511356,101,WA003,3002A-3007S-3015A-3025S-3035A-9999A-9999E,WA007,300984412
19,2755.75,1,310726,1022511356,101,WA003,3002A-3007S-3015A-3025S-3035A-9999A-9999E,WA007,300984414
19,2755.75,1,310726,1022511356,101,WA003,3002A-3007S-3015A-3025S-3035A-9999A-9999E,WA007,300984415
19,2755.75,1,310726,1022511356,101,WA003,3002A-3007S-3015A-3025S-3035A-9999A-9999E,WA007,300984470
19,2755.75,1,310726,1022511356,101,WA003,3002A-3007S-3015A-3025S-3035A-9999A-9999E,WA007,300984471
19,2755.75,1,310726,1022511356,101,WA003,3002A-3007S-3015A-3025S-3035A-9999A-9999E,WA007,300984472
19,2755.75,1,310726,1022511357,101,WA003,3002A-3007S-3015A-3025S-3035A-9999A-9999E,WA007,300984511
19,2755.75,1,310726,1022511357,101,WA003,3002A-3007S-3015A-3025S-3035A-9999A-9999E,WA007,300984512
19,2755.75,1,310726,1022511357,101,WA003,3002A-3007S-3015A-3025S-3035A-9999A-9999E,WA007,300984513
19,2755.75,1,310726,1022511357,101,WA003,3002A-3007S-3015A-3025S-3035A-9999A-9999E,WA007,300984514
19,2755.75,1,310726,1022511357,101,WA003,3002A-3007S-3015A-3025S-3035A-9999A-9999E,WA007,300984515
19,2755.75,1,310726,1022511357,101,WA003,3002A-3007S-3015A-3025S-3035A-9999A-9999E,WA007,300984516
19,2755.75,1,310726,1022511357,101,WA003,3002A-3007S-3015A-3025S-3035A-9999A-9999E,WA007,300984517
19,2755.75,1,310726,1022511357,101,WA003,3002A-3007S-3015A-3025S-3035A-9999A-9999E,WA007,300984518
19,2755.75,1,310726,1022511358,101,WA003,3002A-3007S-3015A-3025S-3033A-3035A-9999A-9999E,WA007,300984555
19,2755.75,1,310726,1022511358,101,WA003,3002A-3007S-3015A-3025S-3033A-3035A-9999A-9999E,WA007,300984556
19,2755.75,1,310726,1022511358,101,WA003,3002A-3007S-3015A-3025S-3033A-3035A-9999A-9999E,WA007,300984557
19,2755.75,1,310726,1022511358,101,WA003,3002A-3007S-3015A-3025S-3033A-3035A-9999A-9999E,WA007,300984574
19,2755.75,1,310726,1022511358,101,WA003,3002A-3007S-3015A-3025S-3033A-3035A-9999A-9999E,WA007,300984575
19,2755.75,1,310726,1022511358,101,WA003,3002A-3007S-3015A-3025S-3033A-3035A-9999A-9999E,WA007,300984617
19,2755.75,1,310726,1022511358,101,WA003,3002A-3007S-3015A-3025S-3033A-3035A-9999A-9999E,WA007,300984618
19,2755.75,1,310726,1022511358,101,WA003,3002A-3007S-3015A-3025S-3033A-3035A-9999A-9999E,WA007,300984632
19,2755.75,1,310726,1022511359,101,WA003,9999A-9999E,WA007,300984634
19,2755.75,1,310726,1022511359,101,WA003,9999A-9999E,WA007,300984635
19,2755.75,1,310726,1022511359,101,WA003,9999A-9999E,WA007,300984636
19,2755.75,1,310726,1022511359,101,WA003,9999A-9999E,WA007,300984682
19,2755.75,1,310726,1022511359,101,WA003,9999A-9999E,WA007,300984683
19,2755.75,1,310726,1022511359,101,WA003,9999A-9999E,WA007,300984684
19,2755.75,1,310726,1022511359,101,WA003,9999A-9999E,WA007,300984685
19,2755.75,1,310726,1022511359,101,WA003,9999A-9999E,WA007,300984686
19,2755.75,1,310726,1022511360,101,WA003,3002A-3007S-3015A-3025S-3033A-3035A-9999A-9999E,WA007,300984691
19,2755.75,1,310726,1022511360,101,WA003,3002A-3007S-3015A-3025S-3033A-3035A-9999A-9999E,WA007,300984692
19,2755.75,1,310726,1022511360,101,WA003,3002A-3007S-3015A-3025S-3033A-3035A-9999A-9999E,WA007,300984693
19,2755.75,1,310726,1022511360,101,WA003,3002A-3007S-3015A-3025S-3033A-3035A-9999A-9999E,WA007,300984760
19,2755.75,1,310726,1022511360,101,WA003,3002A-3007S-3015A-3025S-3033A-3035A-9999A-9999E,WA007,300984761
19,2755.75,1,310726,1022511360,101,WA003,3002A-3007S-3015A-3025S-3033A-3035A-9999A-9999E,WA007,300984762
19,2755.75,1,310726,1022511360,101,WA003,3002A-3007S-3015A-3025S-3033A-3035A-9999A-9999E,WA007,300984763
19,2755.75,1,310726,1022511360,101,WA003,3002A-3007S-3015A-3025S-3033A-3035A-9999A-9999E,WA007,300984768
20,2480.175,1,310015,1002511201,101,WA001,3117A-3123A-9999A-9999E,WA001,300981571
20,2755.75,1,310015,1002511201,101,WA001,3117A-3123A-9999A-9999E,WA001,300981637
20,2755.75,1,310015,1002511201,101,WA001,3117A-3123A-9999A-9999E,WA001,300981638
20,2755.75,1,310015,1002511201,101,WA001,3117A-3123A-9999A-9999E,WA001,300981639
20,2755.75,1,310015,1002511201,101,WA001,3117A-3123A-9999A-9999E,WA001,300981662
20,2755.75,1,310015,1002511201,101,WA001,3117A-3123A-9999A-9999E,WA001,300981664
20,2755.75,1,310015,1002511201,101,WA001,3117A-3123A-9999A-9999E,WA001,300981665
20,2755.75,1,310015,1002511201,101,WA001,3117A-3123A-9999A-9999E,WA001,300981667
20,2755.75,1,310015,1002511202,101,WA001,3117A-3123A-9999A-9999E,WA001,300981747
20,2755.75,1,310015,1002511202,101,WA001,3117A-3123A-9999A-9999E,WA001,300981748
20,2755.75,1,310015,1002511202,101,WA001,3117A-3123A-9999A-9999E,WA001,300981749
20,2755.75,1,310015,1002511202,101,WA001,3117A-3123A-9999A-9999E,WA001,300981759
20,2755.75,1,310015,1002511202,101,WA001,3117A-3123A-9999A-9999E,WA001,300981760
20,2755.75,1,310015,1002511202,101,WA001,3117A-3123A-9999A-9999E,WA001,300981774
20,2755.75,1,310015,1002511202,101,WA001,3117A-3123A-9999A-9999E,WA001,300981787
20,2755.75,1,310015,1002511202,101,WA001,3117A-3123A-9999A-9999E,WA001,300981788
20,2755.75,1,310015,1002511203,101,WA001,3117A-3123A-9999A-9999E,WA001,300981858
20,2755.75,1,310015,1002511203,101,WA001,3117A-3123A-9999A-9999E,WA001,300981859
20,2755.75,1,310015,1002511203,101,WA001,3117A-3123A-9999A-9999E,WA001,300981860
20,2755.75,1,310015,1002511203,101,WA001,3117A-3123A-9999A-9999E,WA001,300981861
20,2755.75,1,310015,1002511203,101,WA001,3117A-3123A-9999A-9999E,WA001,300981983
20,2755.75,1,310015,1002511203,101,WA001,3117A-3123A-9999A-9999E,WA001,300981984
20,2755.75,1,310015,1002511203,101,WA001,3117A-3123A-9999A-9999E,WA001,300981985
20,2755.75,1,310015,1002511203,101,WA001,3117A-3123A-9999A-9999E,WA001,300981986
20,2755.75,1,310015,1002511204,101,WA001,3117A-3123A-9999A-9999E,WA001,300982048
20,2755.75,1,310015,1002511204,101,WA001,3117A-3123A-9999A-9999E,WA001,300982049
20,2755.75,1,310015,1002511204,101,WA001,3117A-3123A-9999A-9999E,WA001,300982050
20,2755.75,1,310015,1002511204,101,WA001,3117A-3123A-9999A-9999E,WA001,300982061
20,2755.75,1,310015,1002511204,101,WA001,3117A-3123A-9999A-9999E,WA001,300982078
20,2755.75,1,310015,1002511204,101,WA001,3117A-3123A-9999A-9999E,WA001,300982082
20,2755.75,1,310015,1002511204,101,WA001,3117A-3123A-9999A-9999E,WA001,300982111
20,2755.75,1,310015,1002511204,101,WA001,3117A-3123A-9999A-9999E,WA001,300982126
20,2755.75,1,310015,1002511205,101,WA001,3117A-3123A-9999A-9999E,WA001,300982151
20,2755.75,1,310015,1002511205,101,WA001,3117A-3123A-9999A-9999E,WA001,300982152
20,2755.75,1,310015,1002511205,101,WA001,3117A-3123A-9999A-9999E,WA001,300982153
20,2755.75,1,310015,1002511205,101,WA001,3117A-3123A-9999A-9999E,WA001,300982154
20,2755.75,1,310015,1002511205,101,WA001,3117A-3123A-9999A-9999E,WA001,300982155
20,2755.75,1,310015,1002511205,101,WA001,3117A-3123A-9999A-9999E,WA001,300982156
20,2755.75,1,310015,1002511205,101,WA001,3117A-3123A-9999A-9999E,WA001,300982178
20,2755.75,1,310015,1002511205,101,WA001,3117A-3123A-9999A-9999E,WA001,300982179
20,2755.75,1,310015,1002511206,101,WA001,3117A-3123A-9999A-9999E,WA001,300982213
20,2755.75,1,310015,1002511206,101,WA001,3117A-3123A-9999A-9999E,WA001,300982214
20,2755.75,1,310015,1002511206,101,WA001,3117A-3123A-9999A-9999E,WA001,300982215
20,2755.75,1,310015,1002511206,101,WA001,3117A-3123A-9999A-9999E,WA001,300982216
20,2755.75,1,310015,1002511206,101,WA001,3117A-3123A-9999A-9999E,WA001,300982217
20,2755.75,1,310015,1002511206,101,WA001,3117A-3123A-9999A-9999E,WA001,300982220
20,2755.75,1,310015,1002511206,101,WA001,3117A-3123A-9999A-9999E,WA001,300982221
20,2755.75,1,310015,1002511206,101,WA001,3117A-3123A-9999A-9999E,WA001,300982224
20,2755.75,1,310015,1002511207,101,WA001,3117A-3123A-9999A-9999E,WA001,300982376
20,2755.75,1,310015,1002511207,101,WA001,3117A-3123A-9999A-9999E,WA001,300982377
20,2755.75,1,310015,1002511207,101,WA001,3117A-3123A-9999A-9999E,WA001,300982378
20,2755.75,1,310015,1002511207,101,WA001,3117A-3123A-9999A-9999E,WA001,300982451
20,2755.75,1,310015,1002511207,101,WA001,3117A-3123A-9999A-9999E,WA001,300982455
20,2755.75,1,310015,1002511207,101,WA001,3117A-3123A-9999A-9999E,WA001,300982463
20,2755.75,1,310015,1002511207,101,WA001,3117A-3123A-9999A-9999E,WA001,300982470
20,2755.75,1,310015,1002511207,101,WA001,3117A-3123A-9999A-9999E,WA001,300982471
20,2755.75,1,310015,1052511201,101,ID002,3117A-3123A-3132A-9999A-9999E,TX001,300981158
20,2755.75,1,310015,1052511201,101,ID002,3117A-3123A-3132A-9999A-9999E,TX001,300981159
20,2755.75,1,310015,1052511201,101,ID002,3117A-3123A-3132A-9999A-9999E,TX001,300981178
20,2755.75,1,310015,1052511201,101,ID002,3117A-3123A-3132A-9999A-9999E,TX001,300981181
20,2755.75,1,310015,1052511201,101,ID002,3117A-3123A-3132A-9999A-9999E,TX001,300981183
20,2755.75,1,310015,1052511201,101,ID002,3117A-3123A-3132A-9999A-9999E,TX001,300981184
20,2755.75,1,310015,1052511202,101,ID002,3117A-3123A-9999A-9999E,TX001,300981185
20,2755.75,1,310015,1052511202,101,ID002,3117A-3123A-9999A-9999E,TX001,300981186
20,2755.75,1,310015,1052511202,101,ID002,3117A-3123A-9999A-9999E,TX001,300981302
20,2755.75,1,310015,1052511202,101,ID002,3117A-3123A-9999A-9999E,TX001,300981303
20,2755.75,1,310015,1052511202,101,ID002,3117A-3123A-9999A-9999E,TX001,300981304
20,2755.75,1,310015,1052511202,101,ID002,3117A-3123A-9999A-9999E,TX001,300981305
20,2755.75,1,310015,1052511202,101,ID002,3117A-3123A-9999A-9999E,TX001,300981306
20,2755.75,1,310015,1052511202,101,ID002,3117A-3123A-9999A-9999E,TX001,300981307
20,2755.75,1,310015,1052511203,101,ID002,3117A-3123A-9999A-9999E,TX001,300981333
20,2755.75,1,310015,1052511203,101,ID002,3117A-3123A-9999A-9999E,TX001,300981334
20,2755.75,1,310015,1052511203,101,ID002,3117A-3123A-9999A-9999E,TX001,300981335
20,2755.75,1,310015,1052511203,101,ID002,3117A-3123A-9999A-9999E,TX001,300981336
20,2755.75,1,310015,1052511203,101,ID002,3117A-3123A-9999A-9999E,TX001,300981395
20,2755.75,1,310015,1052511203,101,ID002,3117A-3123A-9999A-9999E,TX001,300981396
20,2755.75,1,310015,1052511203,101,ID002,3117A-3123A-9999A-9999E,TX001,300981397
20,2755.75,1,310015,1052511203,101,ID002,3117A-3123A-9999A-9999E,TX001,300981398
20,2755.75,1,310015,1052511204,101,ID002,3117A-3123A-9999A-9999E,TX001,300981399
20,2755.75,1,310015,1052511204,101,ID002,3117A-3123A-9999A-9999E,TX001,300981400
20,2755.75,1,310015,1052511204,101,ID002,3117A-3123A-9999A-9999E,TX001,300981490
20,2755.75,1,310015,1052511204,101,ID002,3117A-3123A-9999A-9999E,TX001,300981491
20,2755.75,1,310015,1052511204,101,ID002,3117A-3123A-9999A-9999E,TX001,300981527
20,2755.75,1,310015,1052511204,101,ID002,3117A-3123A-9999A-9999E,TX001,300981528
20,2755.75,1,310015,1052511204,101,ID002,3117A-3123A-9999A-9999E,TX001,300981529
20,2755.75,1,310015,1052511204,101,ID002,3117A-3123A-9999A-9999E,TX001,300981531
20,2755.75,1,310015,1052511205,101,ID002,3117A-3123A-9999A-9999E,TX001,300981554
20,2755.75,1,310015,1052511205,101,ID002,3117A-3123A-9999A-9999E,TX001,300981555
20,2755.75,1,310015,1052511205,101,ID002,3117A-3123A-9999A-9999E,TX001,300981557
20,2755.75,1,310015,1052511205,101,ID002,3117A-3123A-9999A-9999E,TX001,300981558
20,2755.75,1,310015,1052511205,101,ID002,3117A-3123A-9999A-9999E,TX001,300981580
20,2755.75,1,310015,1052511205,101,ID002,3117A-3123A-9999A-9999E,TX001,300981581
20,2755.75,1,310015,1052511205,101,ID002,3117A-3123A-9999A-9999E,TX001,300981582
20,2755.75,1,310015,1052511205,101,ID002,3117A-3123A-9999A-9999E,TX001,300981586
20,2755.75,1,310015,1052511206,101,ID002,3117A-3123A-9999A-9999E,TX001,300981660
20,2755.75,1,310015,1052511206,101,ID002,3117A-3123A-9999A-9999E,TX001,300981661
20,2755.75,1,310015,1052511206,101,ID002,3117A-3123A-9999A-9999E,TX001,300981663
20,2755.75,1,310015,1052511206,101,ID002,3117A-3123A-9999A-9999E,TX001,300981666
20,2755.75,1,310015,1052511206,101,ID002,3117A-3123A-9999A-9999E,TX001,300981722
20,2755.75,1,310015,1052511206,101,ID002,3117A-3123A-9999A-9999E,TX001,300981723
20,2755.75,1,310015,1052511206,101,ID002,3117A-3123A-9999A-9999E,TX001,300981724
20,2755.75,1,310015,1052511206,101,ID002,3117A-3123A-9999A-9999E,TX001,300981725
20,2755.75,1,310015,1052511207,101,ID002,3117A-3123A-9999A-9999E,TX001,300981808
20,2755.75,1,310015,1052511207,101,ID002,3117A-3123A-9999A-9999E,TX001,300981809
20,2755.75,1,310015,1052511207,101,ID002,3117A-3123A-9999A-9999E,TX001,300981810
20,2755.75,1,310015,1052511207,101,ID002,3117A-3123A-9999A-9999E,TX001,300981811
20,2755.75,1,310015,1052511207,101,ID002,3117A-3123A-9999A-9999E,TX001,300981824
20,2755.75,1,310015,1052511207,101,ID002,3117A-3123A-9999A-9999E,TX001,300981825
20,2755.75,1,310015,1052511207,101,ID002,3117A-3123A-9999A-9999E,TX001,300981826
20,2755.75,1,310015,1052511207,101,ID002,3117A-3123A-9999A-9999E,TX001,300981827
20,2755.75,1,310015,1052511208,101,ID002,3117A-3123A-9999A-9999E,TX001,300981888
20,2755.75,1,310015,1052511208,101,ID002,3117A-3123A-9999A-9999E,TX001,300981893
20,2755.75,1,310015,1052511208,101,ID002,3117A-3123A-9999A-9999E,TX001,300981894
20,2755.75,1,310015,1052511208,101,ID002,3117A-3123A-9999A-9999E,TX001,300981896
20,2755.75,1,310015,1052511208,101,ID002,3117A-3123A-9999A-9999E,TX001,300981939
20,2755.75,1,310015,1052511208,101,ID002,3117A-3123A-9999A-9999E,TX001,300981940
20,2755.75,1,310015,1052511208,101,ID002,3117A-3123A-9999A-9999E,TX001,300981941
20,2755.75,1,310015,1052511208,101,ID002,3117A-3123A-9999A-9999E,TX001,300981942
20,2755.75,1,310015,1052511209,101,ID002,3117A-3123A-9999A-9999E,TX001,300981971
20,2755.75,1,310015,1052511209,101,ID002,3117A-3123A-9999A-9999E,TX001,300981972
20,2755.75,1,310015,1052511209,101,ID002,3117A-3123A-9999A-9999E,TX001,300981973
20,2755.75,1,310015,1052511209,101,ID002,3117A-3123A-9999A-9999E,TX001,300981974
20,2755.75,1,310015,1052511209,101,ID002,3117A-3123A-9999A-9999E,TX001,300982010
20,2755.75,1,310015,1052511209,101,ID002,3117A-3123A-9999A-9999E,TX001,300982036
20,2755.75,1,310015,1052511209,101,ID002,3117A-3123A-9999A-9999E,TX001,300982044
20,2755.75,1,310015,1052511209,101,ID002,3117A-3123A-9999A-9999E,TX001,300982045
20,2755.75,1,310015,1052511212,101,ID002,3117A-3123A-9999A-9999E,TX001,300982264
20,2755.75,1,310015,1052511212,101,ID002,3117A-3123A-9999A-9999E,TX001,300982265
20,2755.75,1,310015,1052511212,101,ID002,3117A-3123A-9999A-9999E,TX001,300982266
20,2755.75,1,310015,1052511212,101,ID002,3117A-3123A-9999A-9999E,TX001,300982267
20,2755.75,1,310015,1052511212,101,ID002,3117A-3123A-9999A-9999E,TX001,300982342
20,2755.75,1,310015,1052511212,101,ID002,3117A-3123A-9999A-9999E,TX001,300982343
20,2755.75,1,310015,1052511212,101,ID002,3117A-3123A-9999A-9999E,TX001,300982344
20,2755.75,1,310015,1052511212,101,ID002,3117A-3123A-9999A-9999E,TX001,300982345
20,2755.75,1,310015,1052511213,101,ID002,3117A-3123A-9999A-9999E,ID010,300982346
20,2755.75,1,310015,1052511213,101,ID002,3117A-3123A-9999A-9999E,ID010,300982347
20,2755.75,1,310015,1052511213,101,ID002,3117A-3123A-9999A-9999E,ID010,300982384
20,2755.75,1,310015,1052511213,101,ID002,3117A-3123A-9999A-9999E,ID010,300982385
20,2755.75,1,310015,1052511213,101,ID002,3117A-3123A-9999A-9999E,ID010,300982387
20,2755.75,1,310015,1052511213,101,ID002,3117A-3123A-9999A-9999E,ID010,300982389
20,2755.75,1,310015,1052511213,101,ID002,3117A-3123A-9999A-9999E,ID010,300982392
20,1322.76,0,310015,1052511214,101,ID002,3117A-3123A-9999A-9999E,ID010,300982720
20,2110,1,310086,1052511231,101,ID002,3139A-3140A-9999A,ID002,300982128
20,1995,1,310086,1052511231,101,ID002,3139A-3140A-9999A,ID002,300982130
20,2132,1,310086,1052511231,101,ID002,3139A-3140A-9999A,ID002,300982334
20,2041,1,310086,1052511231,101,ID002,3139A-3140A-9999A,ID002,300982335
20,2082,1,310086,1052511231,101,ID002,3139A-3140A-9999A,ID002,300982336
20,2009,1,310086,1052511231,101,ID002,3139A-3140A-9999A,ID002,300982338
20,2111,1,310086,1052511231,101,ID002,3139A-3140A-9999A,ID002,300982340
20,2003,1,310086,1052511231,101,ID002,3139A-3140A-9999A,ID002,300982341
20,2096,1,310086,1052511232,101,ID002,3139A-3140A-9999A,ID002,300982406
20,2014,1,310086,1052511232,101,ID002,3139A-3140A-9999A,ID002,300982407
20,2045,1,310086,1052511232,101,ID002,3139A-3140A-9999A,ID002,300982408
20,2004,1,310086,1052511232,101,ID002,3139A-3140A-9999A,ID002,300982409
20,2104,1,310086,1052511232,101,ID002,3139A-3140A-9999A,ID010,300982410
20,2021,1,310086,1052511232,101,ID002,3139A-3140A-9999A,ID010,300982411
20,2094,1,310086,1052511232,101,ID002,3139A-3140A-9999A,ID010,300982412
20,2040,1,310086,1052511232,101,ID002,3139A-3140A-9999A,ID010,300982414
20,2097,1,310086,1052511233,101,ID002,3139A-3140A-9999A,ID010,300982530
20,2058,1,310086,1052511233,101,ID002,3139A-3140A-9999A,ID010,300982531
20,2102,1,310086,1052511233,101,ID002,3139A-3140A-9999A,ID010,300982532
20,2032,1,310086,1052511233,101,ID002,3139A-3140A-9999A,ID010,300982533
20,2089,1,310086,1052511233,101,ID002,3139A-3140A-9999A,ID010,300982534
20,2036,1,310086,1052511233,101,ID002,3139A-3140A-9999A,ID010,300982535
20,2150,1,310086,1052511233,101,ID002,3139A-3140A-9999A,ID010,300982536
20,2141,1,310086,1052511233,101,ID002,3139A-3140A-9999A,ID010,300982537
20,2092,1,310086,1052511234,101,ID002,3139A-3140A-9999A,ID010,300982546
20,2211,1,310086,1052511234,101,ID002,3139A-3140A-9999A,ID010,300982547
20,2143,1,310086,1052511234,101,ID002,3139A-3140A-9999A,ID010,300982548
20,2131,1,310086,1052511234,101,ID002,3139A-3140A-9999A,ID010,300982549
20,2157,1,310086,1052511234,101,ID002,3139A-3140A-9999A,ID010,300982550
20,2139,1,310086,1052511234,101,ID002,3139A-3140A-9999A,ID010,300982551
20,2067,1,310086,1052511234,101,ID002,3139A-3140A-9999A,ID010,300982552
20,2228,1,310086,1052511234,101,ID002,3139A-3140A-9999A,ID010,300982560
20,2129,1,310086,1052511235,101,ID002,3139A-3140A-9999A,ID002,300982602
20,2080,1,310086,1052511235,101,ID002,3139A-3140A-9999A,ID002,300982603
20,2196,1,310086,1052511235,101,ID002,3139A-3140A-9999A,ID002,300982604
20,2066,1,310086,1052511235,101,ID002,3139A-3140A-9999A,ID002,300982605
20,2221,1,310086,1052511235,101,ID002,3139A-3140A-9999A,ID002,300982606
20,2130,1,310086,1052511235,101,ID002,3139A-3140A-9999A,ID002,300982607
20,2136,1,310086,1052511235,101,ID002,3139A-3140A-9999A,ID002,300982652
20,2113,1,310086,1052511235,101,ID002,3139A-3140A-9999A,ID002,300982654
20,2755.75,1,310724,1012511201,101,WA002,3040A-3043A-3053A-9999A-9999E,WA007,300981138
20,2755.75,1,310724,1012511201,101,WA002,3040A-3043A-3053A-9999A-9999E,WA007,300981139
20,2755.75,1,310724,1012511201,101,WA002,3040A-3043A-3053A-9999A-9999E,WA007,300981140
20,2755.75,1,310724,1012511201,101,WA002,3040A-3043A-3053A-9999A-9999E,WA007,300981141
20,2755.75,1,310724,1012511201,101,WA002,3040A-3043A-3053A-9999A-9999E,WA007,300981142
20,2755.75,1,310724,1012511201,101,WA002,3040A-3043A-3053A-9999A-9999E,WA007,300981143
20,2755.75,1,310724,1012511201,101,WA002,3040A-3043A-3053A-9999A-9999E,WA007,300981144
20,2755.75,1,310724,1012511201,101,WA002,3040A-3043A-3053A-9999A-9999E,WA007,300981145
20,2755.75,1,310724,1012511202,101,WA002,3040A-3053A-9999A-9999E,WA007,300981203
20,2755.75,1,310724,1012511202,101,WA002,3040A-3053A-9999A-9999E,WA007,300981204
20,2755.75,1,310724,1012511202,101,WA002,3040A-3053A-9999A-9999E,WA007,300981205
20,2755.75,1,310724,1012511202,101,WA002,3040A-3053A-9999A-9999E,WA007,300981207
20,2755.75,1,310724,1012511202,101,WA002,3040A-3053A-9999A-9999E,WA007,300981209
20,2755.75,1,310724,1012511202,101,WA002,3040A-3053A-9999A-9999E,WA007,300981329
20,2755.75,1,310724,1012511202,101,WA002,3040A-3053A-9999A-9999E,WA007,300981330
20,2755.75,1,310724,1012511202,101,WA002,3040A-3053A-9999A-9999E,WA007,300981331
20,2755.75,1,310724,1012511203,101,WA002,3040A-3043A-3053A-9999A-9999E,WA007,300981338
20,2755.75,1,310724,1012511203,101,WA002,3040A-3043A-3053A-9999A-9999E,WA007,300981339
20,2755.75,1,310724,1012511203,101,WA002,3040A-3043A-3053A-9999A-9999E,WA007,300981340
20,2755.75,1,310724,1012511203,101,WA002,3040A-3043A-3053A-9999A-9999E,WA007,300981341
20,2755.75,1,310724,1012511203,101,WA002,3040A-3043A-3053A-9999A-9999E,WA007,300981356
20,2755.75,1,310724,1012511203,101,WA002,3040A-3043A-3053A-9999A-9999E,WA007,300981357
20,2755.75,1,310724,1012511203,101,WA002,3040A-3043A-3053A-9999A-9999E,WA007,300981380
20,2755.75,1,310724,1012511203,101,WA002,3040A-3043A-3053A-9999A-9999E,WA007,300981381
20,2755.75,1,310724,1012511205,101,WA002,3040A-9999A,WA007,300981623
20,2755.75,1,310724,1012511205,101,WA002,3040A-9999A,WA007,300981624
20,2755.75,1,310724,1012511205,101,WA002,3040A-9999A,WA007,300981625
20,2755.75,1,310724,1012511205,101,WA002,3040A-9999A,WA007,300981626
20,2755.75,1,310724,1012511205,101,WA002,3040A-9999A,WA007,300981627
20,2755.75,1,310724,1012511205,101,WA002,3040A-9999A,WA007,300982222
20,2755.75,1,310724,1012511205,101,WA002,3040A-9999A,WA007,300982223
20,2755.75,1,310724,1012511205,101,WA002,3040A-9999A,WA007,300982225
20,2755.75,1,310724,1012511206,101,WA002,3040A-3043A-3045A-3053A-9999A-9999C-9999E,WA007,300982236
20,2755.75,1,310724,1012511206,101,WA002,3040A-3043A-3045A-3053A-9999A-9999C-9999E,WA007,300982237
20,2755.75,1,310724,1012511206,101,WA002,3040A-3043A-3045A-3053A-9999A-9999C-9999E,WA007,300982238
20,2755.75,1,310724,1012511206,101,WA002,3040A-3043A-3045A-3053A-9999A-9999C-9999E,WA007,300982252
20,2755.75,1,310724,1012511206,101,WA002,3040A-3043A-3045A-3053A-9999A-9999C-9999E,WA007,300982253
20,2755.75,1,310724,1012511206,101,WA002,3040A-3043A-3045A-3053A-9999A-9999C-9999E,WA007,300982254
20,2755.75,1,310724,1012511206,101,WA002,3040A-3043A-3045A-3053A-9999A-9999C-9999E,WA007,300982282
20,2755.75,1,310724,1012511206,101,WA002,3040A-3043A-3045A-3053A-9999A-9999C-9999E,WA007,300982283
20,2755.75,1,310724,1012511207,101,WA002,3040A-3043A-3045A-3053A-3055A-3055A-9999A-9999C-9999E,WA007,300982286
20,2755.75,1,310724,1012511207,101,WA002,3040A-3043A-3045A-3053A-3055A-3055A-9999A-9999C-9999E,WA007,300982287
20,2755.75,1,310724,1012511207,101,WA002,3040A-3043A-3045A-3053A-3055A-3055A-9999A-9999C-9999E,WA007,300982288
20,2755.75,1,310724,1012511207,101,WA002,3040A-3043A-3045A-3053A-3055A-3055A-9999A-9999C-9999E,WA007,300982289
20,2755.75,1,310724,1012511207,101,WA002,3040A-3043A-3045A-3053A-3055A-3055A-9999A-9999C-9999E,WA007,300982290
20,2755.75,1,310724,1012511207,101,WA002,3040A-3043A-3045A-3053A-3055A-3055A-9999A-9999C-9999E,WA007,300982291
20,2755.75,1,310724,1012511207,101,WA002,3040A-3043A-3045A-3053A-3055A-3055A-9999A-9999C-9999E,WA007,300982292
20,2755.75,1,310724,1012511207,101,WA002,3040A-3043A-3045A-3053A-3055A-3055A-9999A-9999C-9999E,WA007,300982381
20,2755.75,1,310724,1012511208,101,WA002,3040A-3045A-3053A-3055A-3055A-9999A-9999C-9999E,WA007,300982388
20,2755.75,1,310724,1012511208,101,WA002,3040A-3045A-3053A-3055A-3055A-9999A-9999C-9999E,WA007,300982390
20,2755.75,1,310724,1012511208,101,WA002,3040A-3045A-3053A-3055A-3055A-9999A-9999C-9999E,WA007,300982391
20,2755.75,1,310724,1012511208,101,WA002,3040A-3045A-3053A-3055A-3055A-9999A-9999C-9999E,WA007,300982393
20,2755.75,1,310724,1012511208,101,WA002,3040A-3045A-3053A-3055A-3055A-9999A-9999C-9999E,WA007,300982404
20,2755.75,1,310724,1012511208,101,WA002,3040A-3045A-3053A-3055A-3055A-9999A-9999C-9999E,WA007,300982405
20,2755.75,1,310724,1012511208,101,WA002,3040A-3045A-3053A-3055A-3055A-9999A-9999C-9999E,WA007,300982429
20,2755.75,1,310724,1012511208,101,WA002,3040A-3045A-3053A-3055A-3055A-9999A-9999C-9999E,WA007,300982430
20,2755.75,1,310724,1012511209,101,WA002,3040A-3043A-3045A-3053A-3055A-3055A-9999A-9999C-9999E,WA007,300982431
20,2755.75,1,310724,1012511209,101,WA002,3040A-3043A-3045A-3053A-3055A-3055A-9999A-9999C-9999E,WA007,300982432
20,2755.75,1,310724,1012511209,101,WA002,3040A-3043A-3045A-3053A-3055A-3055A-9999A-9999C-9999E,WA007,300982433
20,2755.75,1,310724,1012511209,101,WA002,3040A-3043A-3045A-3053A-3055A-3055A-9999A-9999C-9999E,WA007,300982434
20,2755.75,1,310724,1012511209,101,WA002,3040A-3043A-3045A-3053A-3055A-3055A-9999A-9999C-9999E,WA007,300982435
20,2755.75,1,310724,1012511209,101,WA002,3040A-3043A-3045A-3053A-3055A-3055A-9999A-9999C-9999E,WA007,300982449
20,2755.75,1,310724,1012511209,101,WA002,3040A-3043A-3045A-3053A-3055A-3055A-9999A-9999C-9999E,WA007,300982519
20,2755.75,1,310724,1012511209,101,WA002,3040A-3043A-3045A-3053A-3055A-3055A-9999A-9999C-9999E,WA007,300982520
20,2755.75,1,310724,1012511210,101,WA002,3040A-3043A-3045A-3053A-3055A-3055A-9999A-9999C-9999E,WA007,300982521
20,2755.75,1,310724,1012511210,101,WA002,3040A-3043A-3045A-3053A-3055A-3055A-9999A-9999C-9999E,WA007,300982522
20,2755.75,1,310724,1012511210,101,WA002,3040A-3043A-3045A-3053A-3055A-3055A-9999A-9999C-9999E,WA007,300982523
20,2755.75,1,310724,1012511210,101,WA002,3040A-3043A-3045A-3053A-3055A-3055A-9999A-9999C-9999E,WA007,300982589
20,2755.75,1,310724,1012511210,101,WA002,3040A-3043A-3045A-3053A-3055A-3055A-9999A-9999C-9999E,WA007,300982590
20,2755.75,1,310724,1012511210,101,WA002,3040A-3043A-3045A-3053A-3055A-3055A-9999A-9999C-9999E,WA007,300982591
20,2755.75,1,310724,1012511210,101,WA002,3040A-3043A-3045A-3053A-3055A-3055A-9999A-9999C-9999E,WA007,300982592
20,2755.75,1,310724,1012511210,101,WA002,3040A-3043A-3045A-3053A-3055A-3055A-9999A-9999C-9999E,WA007,300982593
20,2755.75,1,310724,1012511211,101,WA002,3040A-3043A-3045A-3053A-3055A-3055A-9999A-9999C-9999E,WA007,300982630
20,2755.75,1,310724,1012511211,101,WA002,3040A-3043A-3045A-3053A-3055A-3055A-9999A-9999C-9999E,WA007,300982676
20,2755.75,1,310724,1012511211,101,WA002,3040A-3043A-3045A-3053A-3055A-3055A-9999A-9999C-9999E,WA007,300982677
20,2755.75,1,310724,1012511211,101,WA002,3040A-3043A-3045A-3053A-3055A-3055A-9999A-9999C-9999E,WA007,300982678
20,2755.75,1,310724,1012511211,101,WA002,3040A-3043A-3045A-3053A-3055A-3055A-9999A-9999C-9999E,WA007,300982679
20,2755.75,1,310724,1012511211,101,WA002,3040A-3043A-3045A-3053A-3055A-3055A-9999A-9999C-9999E,WA007,300982686
20,2755.75,1,310724,1012511211,101,WA002,3040A-3043A-3045A-3053A-3055A-3055A-9999A-9999C-9999E,WA007,300982693
20,2755.75,1,310724,1012511211,101,WA002,3040A-3043A-3045A-3053A-3055A-3055A-9999A-9999C-9999E,WA007,300982694
20,2755.75,1,310726,1022511251,101,WA003,3007S-3025S-3033A-3035A-9999A-9999E,WA007,300982375
20,2755.75,1,310726,1022511251,101,WA003,3007S-3025S-3033A-3035A-9999A-9999E,WA007,300982399
20,2755.75,1,310726,1022511251,101,WA003,3007S-3025S-3033A-3035A-9999A-9999E,WA007,300982400
20,2755.75,1,310726,1022511251,101,WA003,3007S-3025S-3033A-3035A-9999A-9999E,WA007,300982401
20,2755.75,1,310726,1022511251,101,WA003,3007S-3025S-3033A-3035A-9999A-9999E,WA007,300982456
20,2755.75,1,310726,1022511251,101,WA003,3007S-3025S-3033A-3035A-9999A-9999E,WA007,300982457
20,2755.75,1,310726,1022511251,101,WA003,3007S-3025S-3033A-3035A-9999A-9999E,WA007,300982458
20,2755.75,1,310726,1022511251,101,WA003,3007S-3025S-3033A-3035A-9999A-9999E,WA007,300982459
20,2755.75,1,310726,1022511252,101,WA003,3005WGUM-3005WGUM-3007DRYGUM-3007FO-3007S-3025S-3033A-3035A-9999A-9999C-9999CS-9999E,WA007,300982460
20,2755.75,1,310726,1022511252,101,WA003,3005WGUM-3005WGUM-3007DRYGUM-3007FO-3007S-3025S-3033A-3035A-9999A-9999C-9999CS-9999E,WA007,300982461
20,2755.75,1,310726,1022511252,101,WA003,3005WGUM-3005WGUM-3007DRYGUM-3007FO-3007S-3025S-3033A-3035A-9999A-9999C-9999CS-9999E,WA007,300982462
20,2755.75,1,310726,1022511252,101,WA003,3005WGUM-3005WGUM-3007DRYGUM-3007FO-3007S-3025S-3033A-3035A-9999A-9999C-9999CS-9999E,WA007,300982472
20,2755.75,1,310726,1022511252,101,WA003,3005WGUM-3005WGUM-3007DRYGUM-3007FO-3007S-3025S-3033A-3035A-9999A-9999C-9999CS-9999E,WA007,300982473
20,2755.75,1,310726,1022511252,101,WA003,3005WGUM-3005WGUM-3007DRYGUM-3007FO-3007S-3025S-3033A-3035A-9999A-9999C-9999CS-9999E,WA007,300982474
20,2755.75,1,310726,1022511252,101,WA003,3005WGUM-3005WGUM-3007DRYGUM-3007FO-3007S-3025S-3033A-3035A-9999A-9999C-9999CS-9999E,WA007,300982553
20,2755.75,1,310726,1022511252,101,WA003,3005WGUM-3005WGUM-3007DRYGUM-3007FO-3007S-3025S-3033A-3035A-9999A-9999C-9999CS-9999E,WA007,300982554
20,2755.75,1,310726,1022511253,101,WA003,3005WGUM-3005WGUM-3007DRYGUM-3007FO-3007S-3025S-3033A-3035A-9999A-9999C-9999CS-9999E,WA007,300982556
20,2755.75,1,310726,1022511253,101,WA003,3005WGUM-3005WGUM-3007DRYGUM-3007FO-3007S-3025S-3033A-3035A-9999A-9999C-9999CS-9999E,WA007,300982557
20,2755.75,1,310726,1022511253,101,WA003,3005WGUM-3005WGUM-3007DRYGUM-3007FO-3007S-3025S-3033A-3035A-9999A-9999C-9999CS-9999E,WA007,300982558
20,2755.75,1,310726,1022511253,101,WA003,3005WGUM-3005WGUM-3007DRYGUM-3007FO-3007S-3025S-3033A-3035A-9999A-9999C-9999CS-9999E,WA007,300982559
20,2755.75,1,310726,1022511253,101,WA003,3005WGUM-3005WGUM-3007DRYGUM-3007FO-3007S-3025S-3033A-3035A-9999A-9999C-9999CS-9999E,WA007,300982611
20,2755.75,1,310726,1022511253,101,WA003,3005WGUM-3005WGUM-3007DRYGUM-3007FO-3007S-3025S-3033A-3035A-9999A-9999C-9999CS-9999E,WA007,300982612
20,2755.75,1,310726,1022511253,101,WA003,3005WGUM-3005WGUM-3007DRYGUM-3007FO-3007S-3025S-3033A-3035A-9999A-9999C-9999CS-9999E,WA007,300982613
20,2755.75,1,310726,1022511253,101,WA003,3005WGUM-3005WGUM-3007DRYGUM-3007FO-3007S-3025S-3033A-3035A-9999A-9999C-9999CS-9999E,WA007,300982614
20,2755.75,1,310726,1022511254,101,WA003,3005WGUM-3005WGUM-3007DRYGUM-3007FO-3007S-3025S-3033A-3035A-9999A-9999C-9999CS-9999E,WA007,300982624
20,2755.75,1,310726,1022511254,101,WA003,3005WGUM-3005WGUM-3007DRYGUM-3007FO-3007S-3025S-3033A-3035A-9999A-9999C-9999CS-9999E,WA007,300982625
20,2755.75,1,310726,1022511254,101,WA003,3005WGUM-3005WGUM-3007DRYGUM-3007FO-3007S-3025S-3033A-3035A-9999A-9999C-9999CS-9999E,WA007,300982626
20,2755.75,1,310726,1022511254,101,WA003,3005WGUM-3005WGUM-3007DRYGUM-3007FO-3007S-3025S-3033A-3035A-9999A-9999C-9999CS-9999E,WA007,300982637
20,2755.75,1,310726,1022511254,101,WA003,3005WGUM-3005WGUM-3007DRYGUM-3007FO-3007S-3025S-3033A-3035A-9999A-9999C-9999CS-9999E,WA007,300982638
20,2755.75,1,310726,1022511254,101,WA003,3005WGUM-3005WGUM-3007DRYGUM-3007FO-3007S-3025S-3033A-3035A-9999A-9999C-9999CS-9999E,WA007,300982672
20,2755.75,1,310726,1022511254,101,WA003,3005WGUM-3005WGUM-3007DRYGUM-3007FO-3007S-3025S-3033A-3035A-9999A-9999C-9999CS-9999E,WA007,300982673
20,2755.75,1,310726,1022511254,101,WA003,3005WGUM-3005WGUM-3007DRYGUM-3007FO-3007S-3025S-3033A-3035A-9999A-9999C-9999CS-9999E,WA007,300982674
20,2755.75,1,310726,1022511255,101,WA003,3005WGUM-3005WGUM-3007DRYGUM-3007FO-3007S-3025S-3033A-3035A-9999A-9999C-9999CS-9999E,WA007,300982842
20,2755.75,1,310726,1022511255,101,WA003,3005WGUM-3005WGUM-3007DRYGUM-3007FO-3007S-3025S-3033A-3035A-9999A-9999C-9999CS-9999E,WA007,300982843
20,2755.75,1,310726,1022511255,101,WA003,3005WGUM-3005WGUM-3007DRYGUM-3007FO-3007S-3025S-3033A-3035A-9999A-9999C-9999CS-9999E,WA007,300982930
20,2755.75,1,310726,1022511255,101,WA003,3005WGUM-3005WGUM-3007DRYGUM-3007FO-3007S-3025S-3033A-3035A-9999A-9999C-9999CS-9999E,WA007,300983069
20,2755.75,1,310726,1022511255,101,WA003,3005WGUM-3005WGUM-3007DRYGUM-3007FO-3007S-3025S-3033A-3035A-9999A-9999C-9999CS-9999E,WA007,300983070
20,2755.75,1,310726,1022511255,101,WA003,3005WGUM-3005WGUM-3007DRYGUM-3007FO-3007S-3025S-3033A-3035A-9999A-9999C-9999CS-9999E,WA007,300983079
20,2755.75,1,310726,1022511255,101,WA003,3005WGUM-3005WGUM-3007DRYGUM-3007FO-3007S-3025S-3033A-3035A-9999A-9999C-9999CS-9999E,WA007,300983162
20,2755.75,1,310726,1022511255,101,WA003,3005WGUM-3005WGUM-3007DRYGUM-3007FO-3007S-3025S-3033A-3035A-9999A-9999C-9999CS-9999E,WA007,300983163
20,2755.75,1,310726,1022511256,101,WA003,3005WGUM-3005WGUM-3007DRYGUM-3007FO-3007S-3025S-3035A-9999A-9999C-9999CS-9999E,WA007,300983164
20,2755.75,1,310726,1022511256,101,WA003,3005WGUM-3005WGUM-3007DRYGUM-3007FO-3007S-3025S-3035A-9999A-9999C-9999CS-9999E,WA007,300983165
20,2755.75,1,310726,1022511256,101,WA003,3005WGUM-3005WGUM-3007DRYGUM-3007FO-3007S-3025S-3035A-9999A-9999C-9999CS-9999E,WA007,300983166
20,2755.75,1,310726,1022511256,101,WA003,3005WGUM-3005WGUM-3007DRYGUM-3007FO-3007S-3025S-3035A-9999A-9999C-9999CS-9999E,WA007,300983168
20,2755.75,1,310726,1022511256,101,WA003,3005WGUM-3005WGUM-3007DRYGUM-3007FO-3007S-3025S-3035A-9999A-9999C-9999CS-9999E,WA007,300983176
20,2755.75,1,310726,1022511256,101,WA003,3005WGUM-3005WGUM-3007DRYGUM-3007FO-3007S-3025S-3035A-9999A-9999C-9999CS-9999E,WA007,300983238
20,2755.75,1,310726,1022511256,101,WA003,3005WGUM-3005WGUM-3007DRYGUM-3007FO-3007S-3025S-3035A-9999A-9999C-9999CS-9999E,WA007,300983239
20,2755.75,1,310726,1022511256,101,WA003,3005WGUM-3005WGUM-3007DRYGUM-3007FO-3007S-3025S-3035A-9999A-9999C-9999CS-9999E,WA007,300983240
20,2755.75,1,310726,1022511257,101,WA003,3002A-3005WGUM-3005WGUM-3007DRYGUM-3007FO-3007S-3015A-3025S-9999A-9999C-9999CS-9999E,WA007,300983246
20,2755.75,1,310726,1022511257,101,WA003,3002A-3005WGUM-3005WGUM-3007DRYGUM-3007FO-3007S-3015A-3025S-9999A-9999C-9999CS-9999E,WA007,300983251
20,2755.75,1,310726,1022511257,101,WA003,3002A-3005WGUM-3005WGUM-3007DRYGUM-3007FO-3007S-3015A-3025S-9999A-9999C-9999CS-9999E,WA007,300983252
20,2755.75,1,310726,1022511257,101,WA003,3002A-3005WGUM-3005WGUM-3007DRYGUM-3007FO-3007S-3015A-3025S-9999A-9999C-9999CS-9999E,WA007,300983253
20,2755.75,1,310726,1022511257,101,WA003,3002A-3005WGUM-3005WGUM-3007DRYGUM-3007FO-3007S-3015A-3025S-9999A-9999C-9999CS-9999E,WA007,300983295
20,2755.75,1,310726,1022511257,101,WA003,3002A-3005WGUM-3005WGUM-3007DRYGUM-3007FO-3007S-3015A-3025S-9999A-9999C-9999CS-9999E,WA007,300983296
20,2755.75,1,310726,1022511257,101,WA003,3002A-3005WGUM-3005WGUM-3007DRYGUM-3007FO-3007S-3015A-3025S-9999A-9999C-9999CS-9999E,WA007,300983297
20,2755.75,1,310726,1022511257,101,WA003,3002A-3005WGUM-3005WGUM-3007DRYGUM-3007FO-3007S-3015A-3025S-9999A-9999C-9999CS-9999E,WA007,300983298
20,2755.75,1,310726,1022511258,101,WA003,3002A-3005WGUM-3005WGUM-3007DRYGUM-3007FO-3007S-3015A-3025S-3035A-9999A-9999C-9999CS-9999E,WA007,300983367
20,2755.75,1,310726,1022511258,101,WA003,3002A-3005WGUM-3005WGUM-3007DRYGUM-3007FO-3007S-3015A-3025S-3035A-9999A-9999C-9999CS-9999E,WA007,300983368
20,2755.75,1,310726,1022511258,101,WA003,3002A-3005WGUM-3005WGUM-3007DRYGUM-3007FO-3007S-3015A-3025S-3035A-9999A-9999C-9999CS-9999E,WA007,300983369
20,2755.75,1,310726,1022511258,101,WA003,3002A-3005WGUM-3005WGUM-3007DRYGUM-3007FO-3007S-3015A-3025S-3035A-9999A-9999C-9999CS-9999E,WA007,300983370
20,2755.75,1,310726,1022511258,101,WA003,3002A-3005WGUM-3005WGUM-3007DRYGUM-3007FO-3007S-3015A-3025S-3035A-9999A-9999C-9999CS-9999E,WA007,300983409
20,2755.75,1,310726,1022511258,101,WA003,3002A-3005WGUM-3005WGUM-3007DRYGUM-3007FO-3007S-3015A-3025S-3035A-9999A-9999C-9999CS-9999E,WA007,300983410
20,2755.75,1,310726,1022511258,101,WA003,3002A-3005WGUM-3005WGUM-3007DRYGUM-3007FO-3007S-3015A-3025S-3035A-9999A-9999C-9999CS-9999E,WA007,300983411
20,2755.75,1,310726,1022511258,101,WA003,3002A-3005WGUM-3005WGUM-3007DRYGUM-3007FO-3007S-3015A-3025S-3035A-9999A-9999C-9999CS-9999E,WA007,300983412
20,2755.75,1,310726,1022511259,101,WA003,3002A-3005WGUM-3005WGUM-3007DRYGUM-3007FO-3007S-3015A-3025S-3035A-9999A-9999C-9999CS-9999E,WA007,300983413
20,2755.75,1,310726,1022511259,101,WA003,3002A-3005WGUM-3005WGUM-3007DRYGUM-3007FO-3007S-3015A-3025S-3035A-9999A-9999C-9999CS-9999E,WA007,300983414
20,2755.75,1,310726,1022511259,101,WA003,3002A-3005WGUM-3005WGUM-3007DRYGUM-3007FO-3007S-3015A-3025S-3035A-9999A-9999C-9999CS-9999E,WA007,300983416
20,2755.75,1,310726,1022511259,101,WA003,3002A-3005WGUM-3005WGUM-3007DRYGUM-3007FO-3007S-3015A-3025S-3035A-9999A-9999C-9999CS-9999E,WA007,300983417
20,2755.75,1,310726,1022511259,101,WA003,3002A-3005WGUM-3005WGUM-3007DRYGUM-3007FO-3007S-3015A-3025S-3035A-9999A-9999C-9999CS-9999E,WA007,300983437
20,2755.75,1,310726,1022511259,101,WA003,3002A-3005WGUM-3005WGUM-3007DRYGUM-3007FO-3007S-3015A-3025S-3035A-9999A-9999C-9999CS-9999E,WA007,300983438
20,2755.75,1,310726,1022511259,101,WA003,3002A-3005WGUM-3005WGUM-3007DRYGUM-3007FO-3007S-3015A-3025S-3035A-9999A-9999C-9999CS-9999E,WA007,300983439
20,2755.75,1,310726,1022511259,101,WA003,3002A-3005WGUM-3005WGUM-3007DRYGUM-3007FO-3007S-3015A-3025S-3035A-9999A-9999C-9999CS-9999E,WA007,300983440
20,2755.75,1,310726,1022511260,101,WA003,3002A-3005WGUM-3005WGUM-3007DRYGUM-3007FO-3007S-3015A-3025S-3033A-3035A-9999A-9999C-9999CS-9999E,WA007,300983473
20,2755.75,1,310726,1022511260,101,WA003,3002A-3005WGUM-3005WGUM-3007DRYGUM-3007FO-3007S-3015A-3025S-3033A-3035A-9999A-9999C-9999CS-9999E,WA007,300983474
20,2755.75,1,310726,1022511260,101,WA003,3002A-3005WGUM-3005WGUM-3007DRYGUM-3007FO-3007S-3015A-3025S-3033A-3035A-9999A-9999C-9999CS-9999E,WA007,300983475
20,2755.75,1,310726,1022511260,101,WA003,3002A-3005WGUM-3005WGUM-3007DRYGUM-3007FO-3007S-3015A-3025S-3033A-3035A-9999A-9999C-9999CS-9999E,WA007,300983476
20,2755.75,1,310726,1022511260,101,WA003,3002A-3005WGUM-3005WGUM-3007DRYGUM-3007FO-3007S-3015A-3025S-3033A-3035A-9999A-9999C-9999CS-9999E,WA007,300983481
20,2755.75,1,310726,1022511260,101,WA003,3002A-3005WGUM-3005WGUM-3007DRYGUM-3007FO-3007S-3015A-3025S-3033A-3035A-9999A-9999C-9999CS-9999E,WA007,300983482
20,2755.75,1,310726,1022511260,101,WA003,3002A-3005WGUM-3005WGUM-3007DRYGUM-3007FO-3007S-3015A-3025S-3033A-3035A-9999A-9999C-9999CS-9999E,WA007,300983483
20,2755.75,1,310726,1022511260,101,WA003,3002A-3005WGUM-3005WGUM-3007DRYGUM-3007FO-3007S-3015A-3025S-3033A-3035A-9999A-9999C-9999CS-9999E,WA007,300983487
20,2755.75,1,310726,1022511261,101,WA003,3002A-3007S-3015A-3025S-3035A-9999A-9999E,WA007,300983504
20,2755.75,1,310726,1022511261,101,WA003,3002A-3007S-3015A-3025S-3035A-9999A-9999E,WA007,300983505
20,2755.75,1,310726,1022511261,101,WA003,3002A-3007S-3015A-3025S-3035A-9999A-9999E,WA007,300983506
21,2755.75,1,310015,1002509005,101,WA001,9999A-9999E,WA001,300951764
21,2755.75,1,310015,1002511101,101,WA001,9999A-9999E,WA001,300980172
21,2755.75,1,310015,1002511101,101,WA001,9999A-9999E,WA001,300980173
21,2755.75,1,310015,1002511101,101,WA001,9999A-9999E,WA001,300980174
21,2755.75,1,310015,1002511101,101,WA001,9999A-9999E,WA001,300980175
21,2755.75,1,310015,1002511101,101,WA001,9999A-9999E,WA001,300980217
21,2755.75,1,310015,1002511101,101,WA001,9999A-9999E,WA001,300980218
21,2755.75,1,310015,1002511101,101,WA001,9999A-9999E,WA001,300980219
21,2755.75,1,310015,1002511101,101,WA001,9999A-9999E,WA001,300980220
21,2755.75,1,310015,1002511102,101,WA001,9999A-9999E,WA001,300980257
21,2755.75,1,310015,1002511102,101,WA001,9999A-9999E,WA001,300980276
21,2755.75,1,310015,1002511102,101,WA001,9999A-9999E,WA001,300980277
21,2755.75,1,310015,1002511102,101,WA001,9999A-9999E,WA001,300980301
21,2755.75,1,310015,1002511102,101,WA001,9999A-9999E,WA001,300980315
21,2755.75,1,310015,1002511102,101,WA001,9999A-9999E,WA001,300980335
21,2755.75,1,310015,1002511102,101,WA001,9999A-9999E,WA001,300980380
21,275.575,0,310015,1002511102,101,WA001,9999A-9999E,WA001,300980385
21,2755.75,1,310015,1052511101,101,ID002,"",TX001,300979790
21,2755.75,1,310015,1052511101,101,ID002,"",TX001,300979791
21,2755.75,1,310015,1052511101,101,ID002,"",TX001,300979792
21,2755.75,1,310015,1052511101,101,ID002,"",TX001,300979793
21,2755.75,1,310015,1052511101,101,ID002,"",TX001,300979794
21,2755.75,1,310015,1052511101,101,ID002,"",TX001,300979795
21,2755.75,1,310015,1052511101,101,ID002,"",TX001,300979796
21,2755.75,1,310015,1052511101,101,ID002,"",TX001,300979797
21,2755.75,1,310015,1052511102,101,ID002,3117A-3123A-9999A-9999E,TX001,300979825
21,2755.75,1,310015,1052511102,101,ID002,3117A-3123A-9999A-9999E,TX001,300979826
21,2755.75,1,310015,1052511102,101,ID002,3117A-3123A-9999A-9999E,TX001,300979827
21,2755.75,1,310015,1052511102,101,ID002,3117A-3123A-9999A-9999E,TX001,300979828
21,2755.75,1,310015,1052511102,101,ID002,3117A-3123A-9999A-9999E,TX001,300979844
21,2755.75,1,310015,1052511102,101,ID002,3117A-3123A-9999A-9999E,TX001,300979845
21,2755.75,1,310015,1052511102,101,ID002,3117A-3123A-9999A-9999E,TX001,300979846
21,2755.75,1,310015,1052511102,101,ID002,3117A-3123A-9999A-9999E,TX001,300979847
21,2755.75,1,310015,1052511103,101,ID002,3117A-9999A,TX001,300979880
21,2755.75,1,310015,1052511103,101,ID002,3117A-9999A,TX001,300979881
21,2755.75,1,310015,1052511103,101,ID002,3117A-9999A,TX001,300979882
21,2755.75,1,310015,1052511103,101,ID002,3117A-9999A,TX001,300979883
21,2755.75,1,310015,1052511103,101,ID002,3117A-9999A,TX001,300979884
21,2755.75,1,310015,1052511103,101,ID002,3117A-9999A,TX001,300979885
21,2755.75,1,310015,1052511103,101,ID002,3117A-9999A,TX001,300979886
21,2755.75,1,310015,1052511103,101,ID002,3117A-9999A,TX001,300979887
21,2755.75,1,310015,1052511104,101,ID002,3117A-9999A,TX001,300979943
21,2755.75,1,310015,1052511104,101,ID002,3117A-9999A,TX001,300979944
21,2755.75,1,310015,1052511104,101,ID002,3117A-9999A,TX001,300979945
21,2755.75,1,310015,1052511104,101,ID002,3117A-9999A,TX001,300979948
21,2755.75,1,310015,1052511104,101,ID002,3117A-9999A,TX001,300979949
21,2755.75,1,310015,1052511104,101,ID002,3117A-9999A,TX001,300979950
21,2755.75,1,310015,1052511104,101,ID002,3117A-9999A,TX001,300979952
21,2755.75,1,310015,1052511104,101,ID002,3117A-9999A,TX001,300979955
21,2755.75,1,310015,1052511105,101,ID002,3117A-3123A-9999A-9999E,TX001,300980027
21,2755.75,1,310015,1052511105,101,ID002,3117A-3123A-9999A-9999E,TX001,300980043
21,2755.75,1,310015,1052511105,101,ID002,3117A-3123A-9999A-9999E,TX001,300980049
21,2755.75,1,310015,1052511105,101,ID002,3117A-3123A-9999A-9999E,TX001,300980050
21,2755.75,1,310015,1052511105,101,ID002,3117A-3123A-9999A-9999E,TX001,300980055
21,2755.75,1,310015,1052511105,101,ID002,3117A-3123A-9999A-9999E,TX001,300980065
21,2755.75,1,310015,1052511105,101,ID002,3117A-3123A-9999A-9999E,TX001,300980075
21,2755.75,1,310015,1052511105,101,ID002,3117A-3123A-9999A-9999E,TX001,300980076
21,2755.75,1,310015,1052511106,101,ID002,3117A-3123A-9999A-9999E,TX001,300980151
21,2755.75,1,310015,1052511106,101,ID002,3117A-3123A-9999A-9999E,TX001,300980162
21,2755.75,1,310015,1052511106,101,ID002,3117A-3123A-9999A-9999E,TX001,300980590
21,2755.75,1,310015,1052511106,101,ID002,3117A-3123A-9999A-9999E,TX001,300980592
21,2755.75,1,310015,1052511106,101,ID002,3117A-3123A-9999A-9999E,TX001,300980698
21,2755.75,1,310015,1052511106,101,ID002,3117A-3123A-9999A-9999E,TX001,300980699
21,2755.75,1,310015,1052511106,101,ID002,3117A-3123A-9999A-9999E,TX001,300980700
21,2755.75,1,310015,1052511106,101,ID002,3117A-3123A-9999A-9999E,TX001,300980701
21,2755.75,1,310015,1052511107,101,ID002,3117A-3123A-9999A-9999E,TX001,300980840
21,2755.75,1,310015,1052511107,101,ID002,3117A-3123A-9999A-9999E,TX001,300980841
21,2755.75,1,310015,1052511107,101,ID002,3117A-3123A-9999A-9999E,TX001,300980871
21,2755.75,1,310015,1052511107,101,ID002,3117A-3123A-9999A-9999E,TX001,300980872
21,2755.75,1,310015,1052511107,101,ID002,3117A-3123A-9999A-9999E,TX001,300980873
21,2755.75,1,310015,1052511107,101,ID002,3117A-3123A-9999A-9999E,TX001,300980874
21,2755.75,1,310015,1052511107,101,ID002,3117A-3123A-9999A-9999E,TX001,300980904
21,2755.75,1,310015,1052511107,101,ID002,3117A-3123A-9999A-9999E,TX001,300980905
21,2755.75,1,310015,1052511108,101,ID002,3117A-3123A-9999A-9999E,TX001,300980923
21,2755.75,1,310015,1052511108,101,ID002,3117A-3123A-9999A-9999E,TX001,300980924
21,2755.75,1,310015,1052511108,101,ID002,3117A-3123A-9999A-9999E,TX001,300980925
21,2755.75,1,310015,1052511108,101,ID002,3117A-3123A-9999A-9999E,TX001,300980926
21,2755.75,1,310015,1052511108,101,ID002,3117A-3123A-9999A-9999E,TX001,300980955
21,2755.75,1,310015,1052511108,101,ID002,3117A-3123A-9999A-9999E,TX001,300980956
21,2755.75,1,310015,1052511108,101,ID002,3117A-3123A-9999A-9999E,TX001,300980957
21,2755.75,1,310015,1052511108,101,ID002,3117A-3123A-9999A-9999E,TX001,300980958
21,2755.75,1,310015,1052511109,101,ID002,3117A-3123A-9999A-9999E,TX001,300981095
21,2755.75,1,310015,1052511109,101,ID002,3117A-3123A-9999A-9999E,TX001,300981099
21,2755.75,1,310724,1012511102,101,WA002,3040A-3043A-3045A-3053A-3055A-3055A-9999A-9999E,WA007,300979838
21,2755.75,1,310724,1012511102,101,WA002,3040A-3043A-3045A-3053A-3055A-3055A-9999A-9999E,WA007,300979839
21,2755.75,1,310724,1012511102,101,WA002,3040A-3043A-3045A-3053A-3055A-3055A-9999A-9999E,WA007,300979840
21,2755.75,1,310724,1012511102,101,WA002,3040A-3043A-3045A-3053A-3055A-3055A-9999A-9999E,WA007,300979856
21,2755.75,1,310724,1012511102,101,WA002,3040A-3043A-3045A-3053A-3055A-3055A-9999A-9999E,WA007,300979858
21,2755.75,1,310724,1012511102,101,WA002,3040A-3043A-3045A-3053A-3055A-3055A-9999A-9999E,WA007,300979859
21,2755.75,1,310724,1012511102,101,WA002,3040A-3043A-3045A-3053A-3055A-3055A-9999A-9999E,WA007,300979874
21,2755.75,1,310724,1012511102,101,WA002,3040A-3043A-3045A-3053A-3055A-3055A-9999A-9999E,WA007,300979876
21,2755.75,1,310724,1012511103,101,WA002,3040A-3043A-3045A-3053A-9999A-9999E,WA007,300979932
21,2755.75,1,310724,1012511103,101,WA002,3040A-3043A-3045A-3053A-9999A-9999E,WA007,300979933
21,2755.75,1,310724,1012511103,101,WA002,3040A-3043A-3045A-3053A-9999A-9999E,WA007,300979942
21,2755.75,1,310724,1012511103,101,WA002,3040A-3043A-3045A-3053A-9999A-9999E,WA007,300979971
21,2755.75,1,310724,1012511103,101,WA002,3040A-3043A-3045A-3053A-9999A-9999E,WA007,300980022
21,2755.75,1,310724,1012511103,101,WA002,3040A-3043A-3045A-3053A-9999A-9999E,WA007,300980105
21,2755.75,1,310724,1012511103,101,WA002,3040A-3043A-3045A-3053A-9999A-9999E,WA007,300980106
21,2755.75,1,310724,1012511103,101,WA002,3040A-3043A-3045A-3053A-9999A-9999E,WA007,300980107
21,2755.75,1,310724,1012511104,101,WA002,3040A-3043A-3045A-3053A-3055A-3055A-9999A-9999E,WA007,300980167
21,2755.75,1,310724,1012511104,101,WA002,3040A-3043A-3045A-3053A-3055A-3055A-9999A-9999E,WA007,300980178
21,2755.75,1,310724,1012511104,101,WA002,3040A-3043A-3045A-3053A-3055A-3055A-9999A-9999E,WA007,300980179
21,2755.75,1,310724,1012511104,101,WA002,3040A-3043A-3045A-3053A-3055A-3055A-9999A-9999E,WA007,300980199
21,2755.75,1,310724,1012511104,101,WA002,3040A-3043A-3045A-3053A-3055A-3055A-9999A-9999E,WA007,300980200
21,2755.75,1,310724,1012511104,101,WA002,3040A-3043A-3045A-3053A-3055A-3055A-9999A-9999E,WA007,300980201
21,2755.75,1,310724,1012511104,101,WA002,3040A-3043A-3045A-3053A-3055A-3055A-9999A-9999E,WA007,300980242
21,2755.75,1,310724,1012511104,101,WA002,3040A-3043A-3045A-3053A-3055A-3055A-9999A-9999E,WA007,300980243
21,2755.75,1,310724,1012511105,101,WA002,3040A-3045A-3053A-3055A-3055A-9999A-9999E,WA007,300980244
21,2755.75,1,310724,1012511105,101,WA002,3040A-3045A-3053A-3055A-3055A-9999A-9999E,WA007,300980245
21,2755.75,1,310724,1012511105,101,WA002,3040A-3045A-3053A-3055A-3055A-9999A-9999E,WA007,300980246
21,2755.75,1,310724,1012511105,101,WA002,3040A-3045A-3053A-3055A-3055A-9999A-9999E,WA007,300980247
21,2755.75,1,310724,1012511105,101,WA002,3040A-3045A-3053A-3055A-3055A-9999A-9999E,WA007,300980250
21,2755.75,1,310724,1012511105,101,WA002,3040A-3045A-3053A-3055A-3055A-9999A-9999E,WA007,300980251
21,2755.75,1,310724,1012511105,101,WA002,3040A-3045A-3053A-3055A-3055A-9999A-9999E,WA007,300980372
21,2755.75,1,310724,1012511105,101,WA002,3040A-3045A-3053A-3055A-3055A-9999A-9999E,WA007,300980739
21,2755.75,1,310724,1012511106,101,WA002,3040A-3043A-3045A-3053A-3055A-3055A-9999A-9999C-9999E,WA007,300980740
21,2755.75,1,310724,1012511106,101,WA002,3040A-3043A-3045A-3053A-3055A-3055A-9999A-9999C-9999E,WA007,300980741
21,2755.75,1,310724,1012511106,101,WA002,3040A-3043A-3045A-3053A-3055A-3055A-9999A-9999C-9999E,WA007,300980778
21,2755.75,1,310724,1012511106,101,WA002,3040A-3043A-3045A-3053A-3055A-3055A-9999A-9999C-9999E,WA007,300980779
21,2755.75,1,310724,1012511106,101,WA002,3040A-3043A-3045A-3053A-3055A-3055A-9999A-9999C-9999E,WA007,300980784
21,2755.75,1,310724,1012511106,101,WA002,3040A-3043A-3045A-3053A-3055A-3055A-9999A-9999C-9999E,WA007,300980785
21,2755.75,1,310724,1012511106,101,WA002,3040A-3043A-3045A-3053A-3055A-3055A-9999A-9999C-9999E,WA007,300980786
21,2755.75,1,310724,1012511106,101,WA002,3040A-3043A-3045A-3053A-3055A-3055A-9999A-9999C-9999E,WA007,300980787
21,2755.75,1,310724,1012511107,101,WA002,3040A-3043A-3045A-3053A-3055A-3055A-9999A-9999C-9999E,WA007,300980798
21,2755.75,1,310724,1012511107,101,WA002,3040A-3043A-3045A-3053A-3055A-3055A-9999A-9999C-9999E,WA007,300980799
21,2755.75,1,310724,1012511107,101,WA002,3040A-3043A-3045A-3053A-3055A-3055A-9999A-9999C-9999E,WA007,300980800
21,2755.75,1,310724,1012511107,101,WA002,3040A-3043A-3045A-3053A-3055A-3055A-9999A-9999C-9999E,WA007,300980805
21,2755.75,1,310724,1012511107,101,WA002,3040A-3043A-3045A-3053A-3055A-3055A-9999A-9999C-9999E,WA007,300980806
21,2755.75,1,310724,1012511107,101,WA002,3040A-3043A-3045A-3053A-3055A-3055A-9999A-9999C-9999E,WA007,300980807
21,2755.75,1,310724,1012511107,101,WA002,3040A-3043A-3045A-3053A-3055A-3055A-9999A-9999C-9999E,WA007,300980808
21,2755.75,1,310724,1012511107,101,WA002,3040A-3043A-3045A-3053A-3055A-3055A-9999A-9999C-9999E,WA007,300980810
21,2755.75,1,310724,1012511108,101,WA002,3040A-3045A-3053A-3055A-3055A-9999A-9999C-9999E,WA007,300980811
21,2755.75,1,310724,1012511108,101,WA002,3040A-3045A-3053A-3055A-3055A-9999A-9999C-9999E,WA007,300980812
21,2755.75,1,310724,1012511108,101,WA002,3040A-3045A-3053A-3055A-3055A-9999A-9999C-9999E,WA007,300980848
21,2755.75,1,310724,1012511108,101,WA002,3040A-3045A-3053A-3055A-3055A-9999A-9999C-9999E,WA007,300980849
21,2755.75,1,310724,1012511108,101,WA002,3040A-3045A-3053A-3055A-3055A-9999A-9999C-9999E,WA007,300980850
21,2755.75,1,310724,1012511108,101,WA002,3040A-3045A-3053A-3055A-3055A-9999A-9999C-9999E,WA007,300980851
21,2755.75,1,310724,1012511108,101,WA002,3040A-3045A-3053A-3055A-3055A-9999A-9999C-9999E,WA007,300980858
21,2755.75,1,310724,1012511108,101,WA002,3040A-3045A-3053A-3055A-3055A-9999A-9999C-9999E,WA007,300980859
21,2755.75,1,310724,1012511109,101,WA002,3040A-3045A-3053A-3055A-3055A-9999A-9999C-9999E,WA007,300980862
21,2755.75,1,310724,1012511109,101,WA002,3040A-3045A-3053A-3055A-3055A-9999A-9999C-9999E,WA007,300980863
21,2755.75,1,310724,1012511109,101,WA002,3040A-3045A-3053A-3055A-3055A-9999A-9999C-9999E,WA007,300980864
21,2755.75,1,310724,1012511109,101,WA002,3040A-3045A-3053A-3055A-3055A-9999A-9999C-9999E,WA007,300980865
21,2755.75,1,310724,1012511109,101,WA002,3040A-3045A-3053A-3055A-3055A-9999A-9999C-9999E,WA007,300980866
21,2755.75,1,310724,1012511109,101,WA002,3040A-3045A-3053A-3055A-3055A-9999A-9999C-9999E,WA007,300980867
21,2755.75,1,310724,1012511109,101,WA002,3040A-3045A-3053A-3055A-3055A-9999A-9999C-9999E,WA007,300980989
21,2755.75,1,310724,1012511109,101,WA002,3040A-3045A-3053A-3055A-3055A-9999A-9999C-9999E,WA007,300980990
21,2755.75,1,310724,1012511110,101,WA002,3040A-3041A-3043A-3045A-3053A-3055A-3055A-9999A-9999C-9999E,WA007,300980991
21,2755.75,1,310724,1012511111,101,WA002,3040A-3043A-3045A-3053A-3055A-3055A-9999A-9999E,WA007,300981096
21,2755.75,1,310724,1012511111,101,WA002,3040A-3043A-3045A-3053A-3055A-3055A-9999A-9999E,WA007,300981097
21,2755.75,1,310724,1012511111,101,WA002,3040A-3043A-3045A-3053A-3055A-3055A-9999A-9999E,WA007,300981098
21,2755.75,1,310724,1012511111,101,WA002,3040A-3043A-3045A-3053A-3055A-3055A-9999A-9999E,WA007,300981112
21,2755.75,1,310726,1022511151,101,WA003,3007S-3025S-3033A-3035A-9999A-9999E,WA007,300980834
21,2755.75,1,310726,1022511151,101,WA003,3007S-3025S-3033A-3035A-9999A-9999E,WA007,300980883
21,2755.75,1,310726,1022511151,101,WA003,3007S-3025S-3033A-3035A-9999A-9999E,WA007,300980884
21,2755.75,1,310726,1022511151,101,WA003,3007S-3025S-3033A-3035A-9999A-9999E,WA007,300980885
21,2755.75,1,310726,1022511151,101,WA003,3007S-3025S-3033A-3035A-9999A-9999E,WA007,300980886
21,2755.75,1,310726,1022511151,101,WA003,3007S-3025S-3033A-3035A-9999A-9999E,WA007,300980887
21,2755.75,1,310726,1022511151,101,WA003,3007S-3025S-3033A-3035A-9999A-9999E,WA007,300980918
21,2755.75,1,310726,1022511151,101,WA003,3007S-3025S-3033A-3035A-9999A-9999E,WA007,300980919
21,2755.75,1,310726,1022511152,101,WA003,3005WGUM-3005WGUM-3007DRYGUM-3007FO-3007S-3025S-3033A-3035A-9999A-9999C-9999CS-9999E,WA007,300980920
21,2755.75,1,310726,1022511152,101,WA003,3005WGUM-3005WGUM-3007DRYGUM-3007FO-3007S-3025S-3033A-3035A-9999A-9999C-9999CS-9999E,WA007,300980921
21,2755.75,1,310726,1022511152,101,WA003,3005WGUM-3005WGUM-3007DRYGUM-3007FO-3007S-3025S-3033A-3035A-9999A-9999C-9999CS-9999E,WA007,300980996
21,2755.75,1,310726,1022511152,101,WA003,3005WGUM-3005WGUM-3007DRYGUM-3007FO-3007S-3025S-3033A-3035A-9999A-9999C-9999CS-9999E,WA007,300980997
21,2755.75,1,310726,1022511152,101,WA003,3005WGUM-3005WGUM-3007DRYGUM-3007FO-3007S-3025S-3033A-3035A-9999A-9999C-9999CS-9999E,WA007,300980998
21,2755.75,1,310726,1022511152,101,WA003,3005WGUM-3005WGUM-3007DRYGUM-3007FO-3007S-3025S-3033A-3035A-9999A-9999C-9999CS-9999E,WA007,300980999
21,2755.75,1,310726,1022511152,101,WA003,3005WGUM-3005WGUM-3007DRYGUM-3007FO-3007S-3025S-3033A-3035A-9999A-9999C-9999CS-9999E,WA007,300981000
21,2755.75,1,310726,1022511152,101,WA003,3005WGUM-3005WGUM-3007DRYGUM-3007FO-3007S-3025S-3033A-3035A-9999A-9999C-9999CS-9999E,WA007,300981001
21,2755.75,1,310726,1022511153,101,WA003,3005WGUM-3005WGUM-3007DRYGUM-3007FO-3007S-3025S-3033A-3035A-9999A-9999C-9999CS-9999E,WA007,300981034
21,2755.75,1,310726,1022511153,101,WA003,3005WGUM-3005WGUM-3007DRYGUM-3007FO-3007S-3025S-3033A-3035A-9999A-9999C-9999CS-9999E,WA007,300981035
21,2755.75,1,310726,1022511153,101,WA003,3005WGUM-3005WGUM-3007DRYGUM-3007FO-3007S-3025S-3033A-3035A-9999A-9999C-9999CS-9999E,WA007,300981036
21,2755.75,1,310726,1022511153,101,WA003,3005WGUM-3005WGUM-3007DRYGUM-3007FO-3007S-3025S-3033A-3035A-9999A-9999C-9999CS-9999E,WA007,300981037
21,2755.75,1,310726,1022511153,101,WA003,3005WGUM-3005WGUM-3007DRYGUM-3007FO-3007S-3025S-3033A-3035A-9999A-9999C-9999CS-9999E,WA007,300981058
21,2755.75,1,310726,1022511153,101,WA003,3005WGUM-3005WGUM-3007DRYGUM-3007FO-3007S-3025S-3033A-3035A-9999A-9999C-9999CS-9999E,WA007,300981059
21,2755.75,1,310726,1022511153,101,WA003,3005WGUM-3005WGUM-3007DRYGUM-3007FO-3007S-3025S-3033A-3035A-9999A-9999C-9999CS-9999E,WA007,300981061
21,2755.75,1,310726,1022511153,101,WA003,3005WGUM-3005WGUM-3007DRYGUM-3007FO-3007S-3025S-3033A-3035A-9999A-9999C-9999CS-9999E,WA007,300981062
21,2755.75,1,310726,1022511154,101,WA003,3005WGUM-3005WGUM-3007DRYGUM-3007FO-3007S-3025S-3033A-3035A-9999A-9999C-9999CS-9999E,WA007,300981100
21,2755.75,1,310726,1022511154,101,WA003,3005WGUM-3005WGUM-3007DRYGUM-3007FO-3007S-3025S-3033A-3035A-9999A-9999C-9999CS-9999E,WA007,300981101
21,2755.75,1,310726,1022511154,101,WA003,3005WGUM-3005WGUM-3007DRYGUM-3007FO-3007S-3025S-3033A-3035A-9999A-9999C-9999CS-9999E,WA007,300981102
21,2755.75,1,310726,1022511154,101,WA003,3005WGUM-3005WGUM-3007DRYGUM-3007FO-3007S-3025S-3033A-3035A-9999A-9999C-9999CS-9999E,WA007,300981103
21,2755.75,1,310726,1022511154,101,WA003,3005WGUM-3005WGUM-3007DRYGUM-3007FO-3007S-3025S-3033A-3035A-9999A-9999C-9999CS-9999E,WA007,300981127
21,2755.75,1,310726,1022511154,101,WA003,3005WGUM-3005WGUM-3007DRYGUM-3007FO-3007S-3025S-3033A-3035A-9999A-9999C-9999CS-9999E,WA007,300981128
21,2755.75,1,310726,1022511154,101,WA003,3005WGUM-3005WGUM-3007DRYGUM-3007FO-3007S-3025S-3033A-3035A-9999A-9999C-9999CS-9999E,WA007,300981170
21,2755.75,1,310726,1022511154,101,WA003,3005WGUM-3005WGUM-3007DRYGUM-3007FO-3007S-3025S-3033A-3035A-9999A-9999C-9999CS-9999E,WA007,300981171
21,2755.75,1,310726,1022511155,101,WA003,3005WGUM-3005WGUM-3007DRYGUM-3007FO-3007S-3025S-3033A-3035A-9999A-9999C-9999CS-9999E,WA007,300981172
21,2755.75,1,310726,1022511155,101,WA003,3005WGUM-3005WGUM-3007DRYGUM-3007FO-3007S-3025S-3033A-3035A-9999A-9999C-9999CS-9999E,WA007,300981173
21,2755.75,1,310726,1022511155,101,WA003,3005WGUM-3005WGUM-3007DRYGUM-3007FO-3007S-3025S-3033A-3035A-9999A-9999C-9999CS-9999E,WA007,300981174
21,2755.75,1,310726,1022511155,101,WA003,3005WGUM-3005WGUM-3007DRYGUM-3007FO-3007S-3025S-3033A-3035A-9999A-9999C-9999CS-9999E,WA007,300981175
21,2755.75,1,310726,1022511155,101,WA003,3005WGUM-3005WGUM-3007DRYGUM-3007FO-3007S-3025S-3033A-3035A-9999A-9999C-9999CS-9999E,WA007,300981297
21,2755.75,1,310726,1022511155,101,WA003,3005WGUM-3005WGUM-3007DRYGUM-3007FO-3007S-3025S-3033A-3035A-9999A-9999C-9999CS-9999E,WA007,300981298
21,2755.75,1,310726,1022511155,101,WA003,3005WGUM-3005WGUM-3007DRYGUM-3007FO-3007S-3025S-3033A-3035A-9999A-9999C-9999CS-9999E,WA007,300981299
21,2755.75,1,310726,1022511155,101,WA003,3005WGUM-3005WGUM-3007DRYGUM-3007FO-3007S-3025S-3033A-3035A-9999A-9999C-9999CS-9999E,WA007,300981300
21,2755.75,1,310726,1022511156,101,WA003,3005WGUM-3005WGUM-3007DRYGUM-3007FO-3007S-3025S-3033A-3035A-9999A-9999C-9999CS-9999E,WA007,300981376
21,2755.75,1,310726,1022511156,101,WA003,3005WGUM-3005WGUM-3007DRYGUM-3007FO-3007S-3025S-3033A-3035A-9999A-9999C-9999CS-9999E,WA007,300981377
21,2755.75,1,310726,1022511156,101,WA003,3005WGUM-3005WGUM-3007DRYGUM-3007FO-3007S-3025S-3033A-3035A-9999A-9999C-9999CS-9999E,WA007,300981378
21,2755.75,1,310726,1022511156,101,WA003,3005WGUM-3005WGUM-3007DRYGUM-3007FO-3007S-3025S-3033A-3035A-9999A-9999C-9999CS-9999E,WA007,300981379
21,2755.75,1,310726,1022511156,101,WA003,3005WGUM-3005WGUM-3007DRYGUM-3007FO-3007S-3025S-3033A-3035A-9999A-9999C-9999CS-9999E,WA007,300981418
21,2755.75,1,310726,1022511156,101,WA003,3005WGUM-3005WGUM-3007DRYGUM-3007FO-3007S-3025S-3033A-3035A-9999A-9999C-9999CS-9999E,WA007,300981429
21,2755.75,1,310726,1022511156,101,WA003,3005WGUM-3005WGUM-3007DRYGUM-3007FO-3007S-3025S-3033A-3035A-9999A-9999C-9999CS-9999E,WA007,300981439
21,2755.75,1,310726,1022511156,101,WA003,3005WGUM-3005WGUM-3007DRYGUM-3007FO-3007S-3025S-3033A-3035A-9999A-9999C-9999CS-9999E,WA007,300981440
21,2755.75,1,310726,1022511157,101,WA003,3005WGUM-3005WGUM-3007DRYGUM-3007FO-3007S-3025S-3033A-3035A-9999A-9999C-9999CS-9999E,WA007,300981562
21,2755.75,1,310726,1022511157,101,WA003,3005WGUM-3005WGUM-3007DRYGUM-3007FO-3007S-3025S-3033A-3035A-9999A-9999C-9999CS-9999E,WA007,300981563
21,2755.75,1,310726,1022511157,101,WA003,3005WGUM-3005WGUM-3007DRYGUM-3007FO-3007S-3025S-3033A-3035A-9999A-9999C-9999CS-9999E,WA007,300981564
21,2755.75,1,310726,1022511157,101,WA003,3005WGUM-3005WGUM-3007DRYGUM-3007FO-3007S-3025S-3033A-3035A-9999A-9999C-9999CS-9999E,WA007,300981565
21,2755.75,1,310726,1022511157,101,WA003,3005WGUM-3005WGUM-3007DRYGUM-3007FO-3007S-3025S-3033A-3035A-9999A-9999C-9999CS-9999E,WA007,300981567
21,2755.75,1,310726,1022511157,101,WA003,3005WGUM-3005WGUM-3007DRYGUM-3007FO-3007S-3025S-3033A-3035A-9999A-9999C-9999CS-9999E,WA007,300981568
21,2755.75,1,310726,1022511157,101,WA003,3005WGUM-3005WGUM-3007DRYGUM-3007FO-3007S-3025S-3033A-3035A-9999A-9999C-9999CS-9999E,WA007,300981569
21,2755.75,1,310726,1022511157,101,WA003,3005WGUM-3005WGUM-3007DRYGUM-3007FO-3007S-3025S-3033A-3035A-9999A-9999C-9999CS-9999E,WA007,300981570
21,2755.75,1,310726,1022511158,101,WA003,3005WGUM-3005WGUM-3007DRYGUM-3007FO-3007S-3025S-3033A-3035A-9999A-9999C-9999CS-9999E,WA007,300981656
21,2755.75,1,310726,1022511158,101,WA003,3005WGUM-3005WGUM-3007DRYGUM-3007FO-3007S-3025S-3033A-3035A-9999A-9999C-9999CS-9999E,WA007,300981657
21,2755.75,1,310726,1022511158,101,WA003,3005WGUM-3005WGUM-3007DRYGUM-3007FO-3007S-3025S-3033A-3035A-9999A-9999C-9999CS-9999E,WA007,300981658
21,2755.75,1,310726,1022511158,101,WA003,3005WGUM-3005WGUM-3007DRYGUM-3007FO-3007S-3025S-3033A-3035A-9999A-9999C-9999CS-9999E,WA007,300981659
21,2755.75,1,310726,1022511158,101,WA003,3005WGUM-3005WGUM-3007DRYGUM-3007FO-3007S-3025S-3033A-3035A-9999A-9999C-9999CS-9999E,WA007,300981668
21,2755.75,1,310726,1022511158,101,WA003,3005WGUM-3005WGUM-3007DRYGUM-3007FO-3007S-3025S-3033A-3035A-9999A-9999C-9999CS-9999E,WA007,300981669
21,2755.75,1,310726,1022511158,101,WA003,3005WGUM-3005WGUM-3007DRYGUM-3007FO-3007S-3025S-3033A-3035A-9999A-9999C-9999CS-9999E,WA007,300981670
21,2755.75,1,310726,1022511158,101,WA003,3005WGUM-3005WGUM-3007DRYGUM-3007FO-3007S-3025S-3033A-3035A-9999A-9999C-9999CS-9999E,WA007,300981671
21,2755.75,1,310726,1022511159,101,WA003,3005WGUM-3005WGUM-3007DRYGUM-3007FO-3007S-3025S-3035A-9999A-9999C-9999CS-9999E,WA007,300981751
21,2755.75,1,310726,1022511159,101,WA003,3005WGUM-3005WGUM-3007DRYGUM-3007FO-3007S-3025S-3035A-9999A-9999C-9999CS-9999E,WA007,300981752
21,2755.75,1,310726,1022511159,101,WA003,3005WGUM-3005WGUM-3007DRYGUM-3007FO-3007S-3025S-3035A-9999A-9999C-9999CS-9999E,WA007,300981753
21,2755.75,1,310726,1022511159,101,WA003,3005WGUM-3005WGUM-3007DRYGUM-3007FO-3007S-3025S-3035A-9999A-9999C-9999CS-9999E,WA007,300981754
21,2755.75,1,310726,1022511159,101,WA003,3005WGUM-3005WGUM-3007DRYGUM-3007FO-3007S-3025S-3035A-9999A-9999C-9999CS-9999E,WA007,300981756
21,2755.75,1,310726,1022511159,101,WA003,3005WGUM-3005WGUM-3007DRYGUM-3007FO-3007S-3025S-3035A-9999A-9999C-9999CS-9999E,WA007,300981849
21,2755.75,1,310726,1022511159,101,WA003,3005WGUM-3005WGUM-3007DRYGUM-3007FO-3007S-3025S-3035A-9999A-9999C-9999CS-9999E,WA007,300981850
21,2755.75,1,310726,1022511159,101,WA003,3005WGUM-3005WGUM-3007DRYGUM-3007FO-3007S-3025S-3035A-9999A-9999C-9999CS-9999E,WA007,300981851
21,2755.75,1,310726,1022511160,101,WA003,3007S-3025S-3035A-9999A-9999E,WA007,300981900
21,2755.75,1,310726,1022511160,101,WA003,3007S-3025S-3035A-9999A-9999E,WA007,300981901
21,1873.91,1,310726,1022511160,101,WA003,3007S-3025S-3035A-9999A-9999E,WA007,300982023
21,2198,1,310774,1002511101,102,WA001,9999A,WA001,300980809
21,2198,1,310774,1002511101,102,WA001,9999A,WA001,300980813
21,2201,1,310774,1002511101,102,WA001,9999A,WA001,300980814
21,2199,1,310774,1002511101,102,WA001,9999A,WA001,300980818
21,2199,1,310774,1002511101,102,WA001,9999A,WA001,300980819
21,2201,1,310774,1002511101,102,WA001,9999A,WA001,300980820
21,2198,1,310774,1002511101,102,WA001,9999A,WA001,300980821
21,2198,1,310774,1002511101,102,WA001,9999A,WA001,300980822
21,2202,1,310774,1002511102,102,WA001,9999A,WA001,300980845
21,2198,1,310774,1002511102,102,WA001,9999A,WA001,300980846
21,2199,1,310774,1002511102,102,WA001,9999A,WA001,300980847
21,2201,1,310774,1002511102,102,WA001,9999A,WA001,300980868
21,2200,1,310774,1002511102,102,WA001,9999A,WA001,300980879
21,2198,1,310774,1002511102,102,WA001,9999A,WA001,300980891
21,2198,1,310774,1002511102,102,WA001,9999A,WA001,300980893
21,2199,1,310774,1002511102,102,WA001,9999A,WA001,300980898
21,2205,1,310774,1002511103,102,WA001,9999A,WA001,300980965
21,2200,1,310774,1002511103,102,WA001,9999A,WA001,300980975
21,2201,1,310774,1002511103,102,WA001,9999A,WA001,300980995
21,2202,1,310774,1002511103,102,WA001,9999A,WA001,300981005
21,2204,1,310774,1002511103,102,WA001,9999A,WA001,300981024
21,2207,1,310774,1002511103,102,WA001,9999A,WA001,300981031
21,2205,1,310774,1002511103,102,WA001,9999A,WA001,300981041
21,2200,1,310774,1002511103,102,WA001,9999A,WA001,300981046
21,2200,1,310774,1002511104,102,WA001,9999A,WA001,300981081
21,2198,1,310774,1002511104,102,WA001,9999A,WA001,300981089
21,2199,1,310774,1002511104,102,WA001,9999A,WA001,300981105
21,2205,1,310774,1002511104,102,WA001,9999A,WA001,300981114
21,2205,1,310774,1002511104,102,WA001,9999A,WA001,300981126
21,2203,1,310774,1002511104,102,WA001,9999A,WA001,300981129
21,2206,1,310774,1002511104,102,WA001,9999A,WA001,300981146
21,2198,1,310774,1002511104,102,WA001,9999A,WA001,300981155
22,330.69,0,310015,1002511001,101,WA001,9999A-9999E,WA001,300979167
22,2755.75,1,310015,1002511001,101,WA001,9999A-9999E,WA001,300979274
22,2755.75,1,310015,1002511001,101,WA001,9999A-9999E,WA001,300979294
22,2755.75,1,310015,1002511001,101,WA001,9999A-9999E,WA001,300979295
22,2755.75,1,310015,1002511001,101,WA001,9999A-9999E,WA001,300979296
22,2755.75,1,310015,1002511001,101,WA001,9999A-9999E,WA001,300979307
22,2755.75,1,310015,1002511001,101,WA001,9999A-9999E,WA001,300979315
22,2755.75,1,310015,1002511001,101,WA001,9999A-9999E,WA001,300979316
22,2755.75,1,310015,1002511002,101,WA001,9999A-9999E,WA001,300979317
22,2755.75,1,310015,1002511002,101,WA001,9999A-9999E,WA001,300979357
22,2755.75,1,310015,1002511002,101,WA001,9999A-9999E,WA001,300979358
22,2755.75,1,310015,1002511002,101,WA001,9999A-9999E,WA001,300979359
22,2755.75,1,310015,1002511002,101,WA001,9999A-9999E,WA001,300979360
22,2755.75,1,310015,1002511002,101,WA001,9999A-9999E,WA001,300979361
22,2755.75,1,310015,1002511002,101,WA001,9999A-9999E,WA001,300979384
22,2755.75,1,310015,1002511002,101,WA001,9999A-9999E,WA001,300979386
22,2755.75,1,310015,1002511003,101,WA001,9999A-9999E,WA001,300979399
22,2755.75,1,310015,1002511003,101,WA001,9999A-9999E,WA001,300979436
22,2755.75,1,310015,1002511003,101,WA001,9999A-9999E,WA001,300979437
22,2755.75,1,310015,1002511003,101,WA001,9999A-9999E,WA001,300979438
22,2755.75,1,310015,1002511003,101,WA001,9999A-9999E,WA001,300979439
22,2755.75,1,310015,1002511003,101,WA001,9999A-9999E,WA001,300979440
22,2755.75,1,310015,1002511003,101,WA001,9999A-9999E,WA001,300979441
22,2755.75,1,310015,1002511003,101,WA001,9999A-9999E,WA001,300979442
22,2755.75,1,310015,1002511004,101,WA001,9999A-9999E,WA001,300979463
22,2755.75,1,310015,1002511004,101,WA001,9999A-9999E,WA001,300979464
22,2755.75,1,310015,1002511004,101,WA001,9999A-9999E,WA001,300979465
22,2755.75,1,310015,1002511004,101,WA001,9999A-9999E,WA001,300979466
22,2755.75,1,310015,1002511004,101,WA001,9999A-9999E,WA001,300979480
22,2755.75,1,310015,1002511004,101,WA001,9999A-9999E,WA001,300979481
22,2755.75,1,310015,1002511004,101,WA001,9999A-9999E,WA001,300979486
22,2755.75,1,310015,1002511004,101,WA001,9999A-9999E,WA001,300979487
22,2755.75,1,310015,1002511005,101,WA001,9999A-9999E,WA001,300979511
22,2755.75,1,310015,1002511005,101,WA001,9999A-9999E,WA001,300979512
22,2755.75,1,310015,1002511005,101,WA001,9999A-9999E,WA001,300979513
22,2755.75,1,310015,1002511005,101,WA001,9999A-9999E,WA001,300979514
22,2755.75,1,310015,1002511005,101,WA001,9999A-9999E,WA001,300979571
22,2755.75,1,310015,1002511005,101,WA001,9999A-9999E,WA001,300979572
22,2755.75,1,310015,1002511005,101,WA001,9999A-9999E,WA001,300979573
22,2755.75,1,310015,1002511005,101,WA001,9999A-9999E,WA001,300979574
22,2755.75,1,310015,1002511006,101,WA001,9999A-9999E,WA001,300979593
22,2755.75,1,310015,1002511006,101,WA001,9999A-9999E,WA001,300979594
22,2755.75,1,310015,1002511006,101,WA001,9999A-9999E,WA001,300979595
22,2755.75,1,310015,1002511006,101,WA001,9999A-9999E,WA001,300979596
22,2755.75,1,310015,1002511006,101,WA001,9999A-9999E,WA001,300979754
22,2755.75,1,310015,1002511006,101,WA001,9999A-9999E,WA001,300979765
22,2755.75,1,310015,1052511001,101,ID002,3117A-3123A-9999A-9999E,TX001,300978791
22,2755.75,1,310015,1052511001,101,ID002,3117A-3123A-9999A-9999E,TX001,300978792
22,2755.75,1,310015,1052511001,101,ID002,3117A-3123A-9999A-9999E,TX001,300978793
22,2755.75,1,310015,1052511001,101,ID002,3117A-3123A-9999A-9999E,TX001,300978841
22,2755.75,1,310015,1052511001,101,ID002,3117A-3123A-9999A-9999E,TX001,300978843
22,2755.75,1,310015,1052511001,101,ID002,3117A-3123A-9999A-9999E,TX001,300978844
22,2755.75,1,310015,1052511001,101,ID002,3117A-3123A-9999A-9999E,TX001,300978845
22,2755.75,1,310015,1052511001,101,ID002,3117A-3123A-9999A-9999E,TX001,300980283
22,2755.75,1,310015,1052511002,101,ID002,3117A-3123A-3132A-9999A-9999E,TX001,300978913
22,2755.75,1,310015,1052511002,101,ID002,3117A-3123A-3132A-9999A-9999E,TX001,300978919
22,2755.75,1,310015,1052511002,101,ID002,3117A-3123A-3132A-9999A-9999E,TX001,300978923
22,2755.75,1,310015,1052511002,101,ID002,3117A-3123A-3132A-9999A-9999E,TX001,300978926
22,2755.75,1,310015,1052511002,101,ID002,3117A-3123A-3132A-9999A-9999E,TX001,300978978
22,2755.75,1,310015,1052511002,101,ID002,3117A-3123A-3132A-9999A-9999E,TX001,300978979
22,2755.75,1,310015,1052511002,101,ID002,3117A-3123A-3132A-9999A-9999E,TX001,300978980
22,2755.75,1,310015,1052511002,101,ID002,3117A-3123A-3132A-9999A-9999E,TX001,300980284
22,2755.75,1,310015,1052511003,101,ID002,3117A-3123A-9999A-9999E,TX001,300979026
22,2755.75,1,310015,1052511003,101,ID002,3117A-3123A-9999A-9999E,TX001,300979027
22,2755.75,1,310015,1052511003,101,ID002,3117A-3123A-9999A-9999E,TX001,300979028
22,2755.75,1,310015,1052511003,101,ID002,3117A-3123A-9999A-9999E,TX001,300979029
22,2755.75,1,310015,1052511003,101,ID002,3117A-3123A-9999A-9999E,TX001,300979030
22,2755.75,1,310015,1052511003,101,ID002,3117A-3123A-9999A-9999E,TX001,300979031
22,2755.75,1,310015,1052511003,101,ID002,3117A-3123A-9999A-9999E,TX001,300979032
22,2755.75,1,310015,1052511003,101,ID002,3117A-3123A-9999A-9999E,TX001,300979033
22,2755.75,1,310015,1052511004,101,ID002,3117A-3123A-9999A-9999E,TX001,300979048
22,2755.75,1,310015,1052511004,101,ID002,3117A-3123A-9999A-9999E,TX001,300979050
22,2755.75,1,310015,1052511004,101,ID002,3117A-3123A-9999A-9999E,TX001,300979051
22,2755.75,1,310015,1052511004,101,ID002,3117A-3123A-9999A-9999E,TX001,300979052
22,2755.75,1,310015,1052511004,101,ID002,3117A-3123A-9999A-9999E,TX001,300979099
22,2755.75,1,310015,1052511004,101,ID002,3117A-3123A-9999A-9999E,TX001,300979100
22,2755.75,1,310015,1052511004,101,ID002,3117A-3123A-9999A-9999E,TX001,300979102
22,2755.75,1,310015,1052511004,101,ID002,3117A-3123A-9999A-9999E,TX001,300979103
22,2755.75,1,310015,1052511006,101,ID002,3117A-3123A-3132A-9999A,ID010,300979179
22,2755.75,1,310015,1052511006,101,ID002,3117A-3123A-3132A-9999A,ID010,300979180
22,2755.75,1,310015,1052511006,101,ID002,3117A-3123A-3132A-9999A,ID010,300979181
22,2755.75,1,310015,1052511006,101,ID002,3117A-3123A-3132A-9999A,ID010,300979182
22,2755.75,1,310015,1052511006,101,ID002,3117A-3123A-3132A-9999A,ID010,300979183
22,2755.75,1,310015,1052511006,101,ID002,3117A-3123A-3132A-9999A,ID010,300979184
22,2755.75,1,310015,1052511006,101,ID002,3117A-3123A-3132A-9999A,ID010,300979185
22,2755.75,1,310015,1052511007,101,ID002,3117A-3123A-9999A,ID010,300979262
22,2755.75,1,310015,1052511007,101,ID002,3117A-3123A-9999A,ID010,300979263
22,2755.75,1,310015,1052511007,101,ID002,3117A-3123A-9999A,ID010,300979264
22,2755.75,1,310015,1052511007,101,ID002,3117A-3123A-9999A,ID010,300979265
22,2755.75,1,310015,1052511007,101,ID002,3117A-3123A-9999A,ID010,300979267
22,2755.75,1,310015,1052511007,101,ID002,3117A-3123A-9999A,ID010,300979269
22,2755.75,1,310015,1052511007,101,ID002,3117A-3123A-9999A,ID010,300979271
22,2755.75,1,310015,1052511007,101,ID002,3117A-3123A-9999A,ID010,300979273
22,2755.75,1,310015,1052511008,101,ID002,3117A-3123A-3132A-9999A,ID010,300979311
22,2755.75,1,310015,1052511008,101,ID002,3117A-3123A-3132A-9999A,ID010,300979312
22,2755.75,1,310015,1052511008,101,ID002,3117A-3123A-3132A-9999A,ID010,300979313
22,2755.75,1,310015,1052511008,101,ID002,3117A-3123A-3132A-9999A,ID010,300979325
22,2755.75,1,310015,1052511008,101,ID002,3117A-3123A-3132A-9999A,ID010,300979333
22,2755.75,1,310015,1052511008,101,ID002,3117A-3123A-3132A-9999A,ID010,300979334
22,2755.75,1,310015,1052511008,101,ID002,3117A-3123A-3132A-9999A,ID010,300979335
22,2755.75,1,310015,1052511008,101,ID002,3117A-3123A-3132A-9999A,ID010,300979336
22,2755.75,1,310015,1052511009,101,ID002,3117A-3123A-3132A-9999A,TX001,300979395
22,2755.75,1,310015,1052511009,101,ID002,3117A-3123A-3132A-9999A,TX001,300979396
22,2755.75,1,310015,1052511009,101,ID002,3117A-3123A-3132A-9999A,TX001,300979397
22,2755.75,1,310015,1052511009,101,ID002,3117A-3123A-3132A-9999A,TX001,300979398
22,2755.75,1,310015,1052511009,101,ID002,3117A-3123A-3132A-9999A,TX001,300979453
22,2755.75,1,310015,1052511009,101,ID002,3117A-3123A-3132A-9999A,TX001,300979454
22,2755.75,1,310015,1052511009,101,ID002,3117A-3123A-3132A-9999A,TX001,300979455
22,2755.75,1,310015,1052511009,101,ID002,3117A-3123A-3132A-9999A,TX001,300979456
22,2755.75,1,310015,1052511010,101,ID002,3117A-3123A-3132A-9999A,TX001,300979473
22,2755.75,1,310015,1052511010,101,ID002,3117A-3123A-3132A-9999A,TX001,300979474
22,2755.75,1,310015,1052511010,101,ID002,3117A-3123A-3132A-9999A,TX001,300979475
22,2755.75,1,310015,1052511010,101,ID002,3117A-3123A-3132A-9999A,TX001,300979476
22,2755.75,1,310015,1052511010,101,ID002,3117A-3123A-3132A-9999A,TX001,300979488
22,2755.75,1,310015,1052511010,101,ID002,3117A-3123A-3132A-9999A,TX001,300979489
22,2755.75,1,310015,1052511010,101,ID002,3117A-3123A-3132A-9999A,TX001,300979490
22,2755.75,1,310015,1052511010,101,ID002,3117A-3123A-3132A-9999A,TX001,300979491
22,2755.75,1,310015,1052511011,101,ID002,3117A-3123A-3132A-9999A-9999E,TX001,300979505
22,2755.75,1,310015,1052511011,101,ID002,3117A-3123A-3132A-9999A-9999E,TX001,300979506
22,2755.75,1,310015,1052511011,101,ID002,3117A-3123A-3132A-9999A-9999E,TX001,300979508
22,2755.75,1,310015,1052511011,101,ID002,3117A-3123A-3132A-9999A-9999E,TX001,300979526
22,2755.75,1,310015,1052511011,101,ID002,3117A-3123A-3132A-9999A-9999E,TX001,300979527
22,2755.75,1,310015,1052511011,101,ID002,3117A-3123A-3132A-9999A-9999E,TX001,300979528
22,2755.75,1,310015,1052511011,101,ID002,3117A-3123A-3132A-9999A-9999E,TX001,300979529
22,2535.29,1,310015,1052511011,101,ID002,3117A-3123A-3132A-9999A-9999E,TX001,300979645
22,2755.75,1,310015,1052511012,101,ID002,3117A-3123A-3132A-9999A-9999E,TX001,300979581
22,2755.75,1,310015,1052511012,101,ID002,3117A-3123A-3132A-9999A-9999E,TX001,300979582
22,2755.75,1,310015,1052511012,101,ID002,3117A-3123A-3132A-9999A-9999E,TX001,300979583
22,2755.75,1,310015,1052511012,101,ID002,3117A-3123A-3132A-9999A-9999E,TX001,300979584
22,2755.75,1,310015,1052511012,101,ID002,3117A-3123A-3132A-9999A-9999E,TX001,300979585
22,2755.75,1,310015,1052511012,101,ID002,3117A-3123A-3132A-9999A-9999E,TX001,300979586
22,2755.75,1,310015,1052511012,101,ID002,3117A-3123A-3132A-9999A-9999E,TX001,300979587
22,2755.75,1,310015,1052511012,101,ID002,3117A-3123A-3132A-9999A-9999E,TX001,300979588
22,2755.75,1,310015,1052511013,101,ID002,3117A-3123A-9999A-9999E,TX001,300979598
22,2755.75,1,310015,1052511013,101,ID002,3117A-3123A-9999A-9999E,TX001,300979599
22,2755.75,1,310015,1052511013,101,ID002,3117A-3123A-9999A-9999E,TX001,300979600
22,2755.75,1,310015,1052511013,101,ID002,3117A-3123A-9999A-9999E,TX001,300979601
22,2755.75,1,310015,1052511013,101,ID002,3117A-3123A-9999A-9999E,TX001,300979646
22,2755.75,1,310015,1052511013,101,ID002,3117A-3123A-9999A-9999E,TX001,300979647
22,2755.75,1,310015,1052511013,101,ID002,3117A-3123A-9999A-9999E,TX001,300979648
22,2755.75,1,310015,1052511013,101,ID002,3117A-3123A-9999A-9999E,TX001,300979649
22,2755.75,1,310015,1052511014,101,ID002,3117A-3123A-9999A-9999E,TX001,300979686
22,2755.75,1,310015,1052511014,101,ID002,3117A-3123A-9999A-9999E,TX001,300979689
22,2755.75,1,310015,1052511014,101,ID002,3117A-3123A-9999A-9999E,TX001,300979690
22,2755.75,1,310015,1052511014,101,ID002,3117A-3123A-9999A-9999E,TX001,300979691
22,2755.75,1,310015,1052511014,101,ID002,3117A-3123A-9999A-9999E,TX001,300979692
22,2755.75,1,310015,1052511014,101,ID002,3117A-3123A-9999A-9999E,TX001,300979693
22,2755.75,1,310015,1052511014,101,ID002,3117A-3123A-9999A-9999E,TX001,300979694
22,2755.75,1,310015,1052511014,101,ID002,3117A-3123A-9999A-9999E,TX001,300979695
22,2755.75,1,310015,1052511015,101,ID002,3117A-3123A-9999A-9999E,TX001,300979736
22,2755.75,1,310015,1052511015,101,ID002,3117A-3123A-9999A-9999E,TX001,300979737
22,2755.75,1,310015,1052511015,101,ID002,3117A-3123A-9999A-9999E,TX001,300979738
22,2755.75,1,310015,1052511015,101,ID002,3117A-3123A-9999A-9999E,TX001,300979739
22,2755.75,1,310015,1052511015,101,ID002,3117A-3123A-9999A-9999E,TX001,300979740
22,2755.75,1,310015,1052511015,101,ID002,3117A-3123A-9999A-9999E,TX001,300979741
22,2755.75,1,310015,1052511015,101,ID002,3117A-3123A-9999A-9999E,TX001,300979742
22,2755.75,1,310015,1052511015,101,ID002,3117A-3123A-9999A-9999E,TX001,300979743
22,2084,1,310086,1052511031,101,ID002,3139A-3140A-9999A,ID010,300978455
22,2009,1,310086,1052511031,101,ID002,3139A-3140A-9999A,ID010,300978456
22,2134,1,310086,1052511031,101,ID002,3139A-3140A-9999A,ID010,300978457
22,2044,1,310086,1052511031,101,ID002,3139A-3140A-9999A,ID010,300978458
22,2067,1,310086,1052511031,101,ID002,3139A-3140A-9999A,ID010,300978552
22,2086,1,310086,1052511031,101,ID002,3139A-3140A-9999A,ID010,300978555
22,2176,1,310086,1052511032,101,ID002,3139A-3140A-9999A,ID010,300978559
22,2014,1,310086,1052511032,101,ID002,3139A-3140A-9999A,ID010,300978567
22,2109,1,310086,1052511032,101,ID002,3139A-3140A-9999A,ID010,300978568
22,2063,1,310086,1052511032,101,ID002,3139A-3140A-9999A,ID010,300978569
22,2092,1,310086,1052511032,101,ID002,3139A-3140A-9999A,ID010,300978570
22,2014,1,310086,1052511032,101,ID002,3139A-3140A-9999A,ID010,300978571
22,2084,1,310086,1052511032,101,ID002,3139A-3140A-9999A,ID010,300978592
22,1997,1,310086,1052511032,101,ID002,3139A-3140A-9999A,ID010,300978593
22,2755.75,1,310724,1012511001,101,WA002,3040A-3043A-3045A-3053A-3055A-3055A-9999A-9999C-9999E,WA007,300978436
22,2755.75,1,310724,1012511001,101,WA002,3040A-3043A-3045A-3053A-3055A-3055A-9999A-9999C-9999E,WA007,300978438
22,2755.75,1,310724,1012511001,101,WA002,3040A-3043A-3045A-3053A-3055A-3055A-9999A-9999C-9999E,WA007,300978439
22,2755.75,1,310724,1012511001,101,WA002,3040A-3043A-3045A-3053A-3055A-3055A-9999A-9999C-9999E,WA007,300978440
22,55.115,0,310724,1012511014,101,WA002,3040A-3043A-3045A-3053A-3055A-3055A-9999A-9999C-9999E,WA007,300979551
22,2755.75,1,310726,1022511051,101,WA003,3002A-3007S-3015A-3025S-3033A-3035A-9999A-9999E,WA007,300979523
22,2755.75,1,310726,1022511051,101,WA003,3002A-3007S-3015A-3025S-3033A-3035A-9999A-9999E,WA007,300979524
22,2755.75,1,310726,1022511051,101,WA003,3002A-3007S-3015A-3025S-3033A-3035A-9999A-9999E,WA007,300979534
22,2755.75,1,310726,1022511051,101,WA003,3002A-3007S-3015A-3025S-3033A-3035A-9999A-9999E,WA007,300979535
22,2755.75,1,310726,1022511051,101,WA003,3002A-3007S-3015A-3025S-3033A-3035A-9999A-9999E,WA007,300979575
22,2755.75,1,310726,1022511051,101,WA003,3002A-3007S-3015A-3025S-3033A-3035A-9999A-9999E,WA007,300979576
22,2755.75,1,310726,1022511051,101,WA003,3002A-3007S-3015A-3025S-3033A-3035A-9999A-9999E,WA007,300979577
22,2755.75,1,310726,1022511051,101,WA003,3002A-3007S-3015A-3025S-3033A-3035A-9999A-9999E,WA007,300979578
22,2755.75,1,310726,1022511052,101,WA003,3002A-3007S-3015A-3025S-3035A-9999A-9999C-9999CS-9999E,WA007,300979658
22,2755.75,1,310726,1022511052,101,WA003,3002A-3007S-3015A-3025S-3035A-9999A-9999C-9999CS-9999E,WA007,300979659
22,2755.75,1,310726,1022511052,101,WA003,3002A-3007S-3015A-3025S-3035A-9999A-9999C-9999CS-9999E,WA007,300979662
22,2755.75,1,310726,1022511052,101,WA003,3002A-3007S-3015A-3025S-3035A-9999A-9999C-9999CS-9999E,WA007,300979664
22,2755.75,1,310726,1022511052,101,WA003,3002A-3007S-3015A-3025S-3035A-9999A-9999C-9999CS-9999E,WA007,300979667
22,2755.75,1,310726,1022511052,101,WA003,3002A-3007S-3015A-3025S-3035A-9999A-9999C-9999CS-9999E,WA007,300979732
22,2755.75,1,310726,1022511052,101,WA003,3002A-3007S-3015A-3025S-3035A-9999A-9999C-9999CS-9999E,WA007,300979733
22,2755.75,1,310726,1022511052,101,WA003,3002A-3007S-3015A-3025S-3035A-9999A-9999C-9999CS-9999E,WA007,300979734
22,2755.75,1,310726,1022511053,101,WA003,3002A-3007S-3015A-3025S-3035A-9999A-9999C-9999CS-9999E,WA007,300979759
22,2755.75,1,310726,1022511053,101,WA003,3002A-3007S-3015A-3025S-3035A-9999A-9999C-9999CS-9999E,WA007,300979760
22,2755.75,1,310726,1022511053,101,WA003,3002A-3007S-3015A-3025S-3035A-9999A-9999C-9999CS-9999E,WA007,300979761
22,2755.75,1,310726,1022511053,101,WA003,3002A-3007S-3015A-3025S-3035A-9999A-9999C-9999CS-9999E,WA007,300979762
22,2755.75,1,310726,1022511053,101,WA003,3002A-3007S-3015A-3025S-3035A-9999A-9999C-9999CS-9999E,WA007,300979786
22,2755.75,1,310726,1022511053,101,WA003,3002A-3007S-3015A-3025S-3035A-9999A-9999C-9999CS-9999E,WA007,300979787
22,2755.75,1,310726,1022511053,101,WA003,3002A-3007S-3015A-3025S-3035A-9999A-9999C-9999CS-9999E,WA007,300979788
22,2755.75,1,310726,1022511053,101,WA003,3002A-3007S-3015A-3025S-3035A-9999A-9999C-9999CS-9999E,WA007,300979789
22,2755.75,1,310726,1022511054,101,WA003,3002A-3025S-3033A-9999A-9999C-9999CS-9999E,WA007,300979807
22,2755.75,1,310726,1022511054,101,WA003,3002A-3025S-3033A-9999A-9999C-9999CS-9999E,WA007,300979808
22,2755.75,1,310726,1022511054,101,WA003,3002A-3025S-3033A-9999A-9999C-9999CS-9999E,WA007,300979809
22,2755.75,1,310726,1022511054,101,WA003,3002A-3025S-3033A-9999A-9999C-9999CS-9999E,WA007,300979868
22,2755.75,1,310726,1022511054,101,WA003,3002A-3025S-3033A-9999A-9999C-9999CS-9999E,WA007,300979869
22,2755.75,1,310726,1022511054,101,WA003,3002A-3025S-3033A-9999A-9999C-9999CS-9999E,WA007,300979870
22,2755.75,1,310726,1022511054,101,WA003,3002A-3025S-3033A-9999A-9999C-9999CS-9999E,WA007,300979908
22,2755.75,1,310726,1022511054,101,WA003,3002A-3025S-3033A-9999A-9999C-9999CS-9999E,WA007,300979909
22,2755.75,1,310726,1022511055,101,WA003,3002A-3007S-3015A-3025S-3033A-3035A-9999A-9999C-9999CS-9999E,WA007,300979910
22,2755.75,1,310726,1022511055,101,WA003,3002A-3007S-3015A-3025S-3033A-3035A-9999A-9999C-9999CS-9999E,WA007,300979911
22,2755.75,1,310726,1022511055,101,WA003,3002A-3007S-3015A-3025S-3033A-3035A-9999A-9999C-9999CS-9999E,WA007,300979912
22,2755.75,1,310726,1022511055,101,WA003,3002A-3007S-3015A-3025S-3033A-3035A-9999A-9999C-9999CS-9999E,WA007,300979951
22,2755.75,1,310726,1022511055,101,WA003,3002A-3007S-3015A-3025S-3033A-3035A-9999A-9999C-9999CS-9999E,WA007,300979953
22,2755.75,1,310726,1022511055,101,WA003,3002A-3007S-3015A-3025S-3033A-3035A-9999A-9999C-9999CS-9999E,WA007,300979954
22,2755.75,1,310726,1022511055,101,WA003,3002A-3007S-3015A-3025S-3033A-3035A-9999A-9999C-9999CS-9999E,WA007,300979956
22,2755.75,1,310726,1022511055,101,WA003,3002A-3007S-3015A-3025S-3033A-3035A-9999A-9999C-9999CS-9999E,WA007,300979957
22,2755.75,1,310726,1022511056,101,WA003,3002A-3007S-3015A-3025S-3033A-3035A-9999A-9999C-9999CS-9999E,WA007,300979986
22,2755.75,1,310726,1022511056,101,WA003,3002A-3007S-3015A-3025S-3033A-3035A-9999A-9999C-9999CS-9999E,WA007,300979987
22,2755.75,1,310726,1022511056,101,WA003,3002A-3007S-3015A-3025S-3033A-3035A-9999A-9999C-9999CS-9999E,WA007,300979988
22,2755.75,1,310726,1022511056,101,WA003,3002A-3007S-3015A-3025S-3033A-3035A-9999A-9999C-9999CS-9999E,WA007,300979989
22,2755.75,1,310726,1022511056,101,WA003,3002A-3007S-3015A-3025S-3033A-3035A-9999A-9999C-9999CS-9999E,WA007,300979996
22,2755.75,1,310726,1022511056,101,WA003,3002A-3007S-3015A-3025S-3033A-3035A-9999A-9999C-9999CS-9999E,WA007,300979997
22,2755.75,1,310726,1022511056,101,WA003,3002A-3007S-3015A-3025S-3033A-3035A-9999A-9999C-9999CS-9999E,WA007,300979998
22,2755.75,1,310726,1022511056,101,WA003,3002A-3007S-3015A-3025S-3033A-3035A-9999A-9999C-9999CS-9999E,WA007,300980017
22,2755.75,1,310726,1022511057,101,WA003,3002A-3005WGUM-3005WGUM-3007DRYGUM-3007FO-3007S-3015A-3025S-3033A-3035A-9999A-9999C-9999CS-9999E,WA007,300980019
22,2755.75,1,310726,1022511057,101,WA003,3002A-3005WGUM-3005WGUM-3007DRYGUM-3007FO-3007S-3015A-3025S-3033A-3035A-9999A-9999C-9999CS-9999E,WA007,300980021
22,2755.75,1,310726,1022511057,101,WA003,3002A-3005WGUM-3005WGUM-3007DRYGUM-3007FO-3007S-3015A-3025S-3033A-3035A-9999A-9999C-9999CS-9999E,WA007,300980028
22,2755.75,1,310726,1022511057,101,WA003,3002A-3005WGUM-3005WGUM-3007DRYGUM-3007FO-3007S-3015A-3025S-3033A-3035A-9999A-9999C-9999CS-9999E,WA007,300980056
22,2755.75,1,310726,1022511057,101,WA003,3002A-3005WGUM-3005WGUM-3007DRYGUM-3007FO-3007S-3015A-3025S-3033A-3035A-9999A-9999C-9999CS-9999E,WA007,300980057
22,2755.75,1,310726,1022511057,101,WA003,3002A-3005WGUM-3005WGUM-3007DRYGUM-3007FO-3007S-3015A-3025S-3033A-3035A-9999A-9999C-9999CS-9999E,WA007,300980223
22,2755.75,1,310726,1022511057,101,WA003,3002A-3005WGUM-3005WGUM-3007DRYGUM-3007FO-3007S-3015A-3025S-3033A-3035A-9999A-9999C-9999CS-9999E,WA007,300980224
22,2755.75,1,310726,1022511057,101,WA003,3002A-3005WGUM-3005WGUM-3007DRYGUM-3007FO-3007S-3015A-3025S-3033A-3035A-9999A-9999C-9999CS-9999E,WA007,300980225
22,2755.75,1,310726,1022511058,101,WA003,3002A-3005WGUM-3005WGUM-3007DRYGUM-3007FO-3007S-3015A-3025S-3033A-3035A-9999A-9999C-9999CS-9999E,WA007,300980227
22,2755.75,1,310726,1022511058,101,WA003,3002A-3005WGUM-3005WGUM-3007DRYGUM-3007FO-3007S-3015A-3025S-3033A-3035A-9999A-9999C-9999CS-9999E,WA007,300980228
22,2755.75,1,310726,1022511058,101,WA003,3002A-3005WGUM-3005WGUM-3007DRYGUM-3007FO-3007S-3015A-3025S-3033A-3035A-9999A-9999C-9999CS-9999E,WA007,300980229
22,2755.75,1,310726,1022511058,101,WA003,3002A-3005WGUM-3005WGUM-3007DRYGUM-3007FO-3007S-3015A-3025S-3033A-3035A-9999A-9999C-9999CS-9999E,WA007,300980230
22,2755.75,1,310726,1022511058,101,WA003,3002A-3005WGUM-3005WGUM-3007DRYGUM-3007FO-3007S-3015A-3025S-3033A-3035A-9999A-9999C-9999CS-9999E,WA007,300980258
22,2755.75,1,310726,1022511058,101,WA003,3002A-3005WGUM-3005WGUM-3007DRYGUM-3007FO-3007S-3015A-3025S-3033A-3035A-9999A-9999C-9999CS-9999E,WA007,300980259
22,2755.75,1,310726,1022511058,101,WA003,3002A-3005WGUM-3005WGUM-3007DRYGUM-3007FO-3007S-3015A-3025S-3033A-3035A-9999A-9999C-9999CS-9999E,WA007,300980260
22,2755.75,1,310726,1022511058,101,WA003,3002A-3005WGUM-3005WGUM-3007DRYGUM-3007FO-3007S-3015A-3025S-3033A-3035A-9999A-9999C-9999CS-9999E,WA007,300980261
22,2755.75,1,310726,1022511059,101,WA003,3002A-3005WGUM-3005WGUM-3007DRYGUM-3007FO-3007S-3015A-3025S-3033A-3035A-9999A-9999C-9999CS-9999E,WA007,300980337
22,2755.75,1,310726,1022511059,101,WA003,3002A-3005WGUM-3005WGUM-3007DRYGUM-3007FO-3007S-3015A-3025S-3033A-3035A-9999A-9999C-9999CS-9999E,WA007,300980338
22,2755.75,1,310726,1022511059,101,WA003,3002A-3005WGUM-3005WGUM-3007DRYGUM-3007FO-3007S-3015A-3025S-3033A-3035A-9999A-9999C-9999CS-9999E,WA007,300980339
22,2755.75,1,310726,1022511059,101,WA003,3002A-3005WGUM-3005WGUM-3007DRYGUM-3007FO-3007S-3015A-3025S-3033A-3035A-9999A-9999C-9999CS-9999E,WA007,300980340
22,2755.75,1,310726,1022511059,101,WA003,3002A-3005WGUM-3005WGUM-3007DRYGUM-3007FO-3007S-3015A-3025S-3033A-3035A-9999A-9999C-9999CS-9999E,WA007,300980343
22,2755.75,1,310726,1022511059,101,WA003,3002A-3005WGUM-3005WGUM-3007DRYGUM-3007FO-3007S-3015A-3025S-3033A-3035A-9999A-9999C-9999CS-9999E,WA007,300980344
22,2755.75,1,310726,1022511059,101,WA003,3002A-3005WGUM-3005WGUM-3007DRYGUM-3007FO-3007S-3015A-3025S-3033A-3035A-9999A-9999C-9999CS-9999E,WA007,300980345
22,2755.75,1,310726,1022511059,101,WA003,3002A-3005WGUM-3005WGUM-3007DRYGUM-3007FO-3007S-3015A-3025S-3033A-3035A-9999A-9999C-9999CS-9999E,WA007,300980346
22,2755.75,1,310726,1022511060,101,WA003,3002A-3007S-3015A-3025S-3033A-3035A-9999A-9999E,WA007,300980375
22,2755.75,1,310726,1022511060,101,WA003,3002A-3007S-3015A-3025S-3033A-3035A-9999A-9999E,WA007,300980376
22,2755.75,1,310726,1022511060,101,WA003,3002A-3007S-3015A-3025S-3033A-3035A-9999A-9999E,WA007,300980383
22,2755.75,1,310726,1022511060,101,WA003,3002A-3007S-3015A-3025S-3033A-3035A-9999A-9999E,WA007,300980384
22,1598.335,1,310726,1022511060,101,WA003,3002A-3007S-3015A-3025S-3033A-3035A-9999A-9999E,WA007,300980432
23,2755.75,1,310015,1002510901,101,WA001,9999A-9999E,WA001,300977455
23,2755.75,1,310015,1002510901,101,WA001,9999A-9999E,WA001,300977456
23,2755.75,1,310015,1002510901,101,WA001,9999A-9999E,WA001,300977457
23,2755.75,1,310015,1002510901,101,WA001,9999A-9999E,WA001,300977458
23,2755.75,1,310015,1002510901,101,WA001,9999A-9999E,WA001,300977465
23,2755.75,1,310015,1002510901,101,WA001,9999A-9999E,WA001,300977466
23,2755.75,1,310015,1002510901,101,WA001,9999A-9999E,WA001,300977468
23,2755.75,1,310015,1002510901,101,WA001,9999A-9999E,WA001,300977469
23,2755.75,1,310015,1002510902,101,WA001,9999A-9999E,WA001,300977531
23,2755.75,1,310015,1002510902,101,WA001,9999A-9999E,WA001,300977532
23,2755.75,1,310015,1002510902,101,WA001,9999A-9999E,WA001,300977533
23,2755.75,1,310015,1002510902,101,WA001,9999A-9999E,WA001,300977628
23,2755.75,1,310015,1002510902,101,WA001,9999A-9999E,WA001,300977638
23,2755.75,1,310015,1002510902,101,WA001,9999A-9999E,WA001,300977656
23,2755.75,1,310015,1002510902,101,WA001,9999A-9999E,WA001,300977657
23,2755.75,1,310015,1002510902,101,WA001,9999A-9999E,WA001,300977658
23,2755.75,1,310015,1002510903,101,WA001,9999A-9999E,WA001,300977659
23,2755.75,1,310015,1002510903,101,WA001,9999A-9999E,WA001,300977660
23,2755.75,1,310015,1002510903,101,WA001,9999A-9999E,WA001,300977770
23,2755.75,1,310015,1002510903,101,WA001,9999A-9999E,WA001,300977771
23,2755.75,1,310015,1002510903,101,WA001,9999A-9999E,WA001,300977893
23,2755.75,1,310015,1002510903,101,WA001,9999A-9999E,WA001,300977894
23,2755.75,1,310015,1002510903,101,WA001,9999A-9999E,WA001,300977895
23,2755.75,1,310015,1002510903,101,WA001,9999A-9999E,WA001,300977896
23,2755.75,1,310015,1002510904,101,WA001,9999A-9999E,WA001,300977925
23,2755.75,1,310015,1002510904,101,WA001,9999A-9999E,WA001,300977926
23,2755.75,1,310015,1002510904,101,WA001,9999A-9999E,WA001,300977927
23,2755.75,1,310015,1002510904,101,WA001,9999A-9999E,WA001,300977966
23,2755.75,1,310015,1002510904,101,WA001,9999A-9999E,WA001,300977967
23,2755.75,1,310015,1002510904,101,WA001,9999A-9999E,WA001,300977985
23,2755.75,1,310015,1002510904,101,WA001,9999A-9999E,WA001,300977986
23,2755.75,1,310015,1002510904,101,WA001,9999A-9999E,WA001,300977987
23,2755.75,1,310015,1002510905,101,WA001,9999A-9999E,WA001,300978096
23,2755.75,1,310015,1002510905,101,WA001,9999A-9999E,WA001,300978097
23,2755.75,1,310015,1002510905,101,WA001,9999A-9999E,WA001,300978098
23,2755.75,1,310015,1002510905,101,WA001,9999A-9999E,WA001,300978106
23,2755.75,1,310015,1002510905,101,WA001,9999A-9999E,WA001,300978114
23,2755.75,1,310015,1002510905,101,WA001,9999A-9999E,WA001,300978136
23,2755.75,1,310015,1002510905,101,WA001,9999A-9999E,WA001,300978152
23,2755.75,1,310015,1002510905,101,WA001,9999A-9999E,WA001,300978154
23,2755.75,1,310015,1002510906,101,WA001,9999A-9999E,WA001,300978164
23,2755.75,1,310015,1002510906,101,WA001,9999A-9999E,WA001,300978165
23,2755.75,1,310015,1002510906,101,WA001,9999A-9999E,WA001,300978167
23,2755.75,1,310015,1002510906,101,WA001,9999A-9999E,WA001,300978189
23,2755.75,1,310015,1002510906,101,WA001,9999A-9999E,WA001,300978190
23,2755.75,1,310015,1002510906,101,WA001,9999A-9999E,WA001,300978191
23,2755.75,1,310015,1002510906,101,WA001,9999A-9999E,WA001,300978192
23,2755.75,1,310015,1002510906,101,WA001,9999A-9999E,WA001,300978193
23,2755.75,1,310015,1002510907,101,WA001,9999A-9999E,WA001,300978237
23,2755.75,1,310015,1002510907,101,WA001,9999A-9999E,WA001,300978238
23,2755.75,1,310015,1002510907,101,WA001,9999A-9999E,WA001,300978239
23,2755.75,1,310015,1002510907,101,WA001,9999A-9999E,WA001,300978240
23,2755.75,1,310015,1002510907,101,WA001,9999A-9999E,WA001,300978241
23,2755.75,1,310015,1002510907,101,WA001,9999A-9999E,WA001,300978246
23,2755.75,1,310015,1002510907,101,WA001,9999A-9999E,WA001,300978255
23,2755.75,1,310015,1002510907,101,WA001,9999A-9999E,WA001,300978285
23,2755.75,1,310015,1002510908,101,WA001,3117A-3123A-9999A-9999E,WA001,300978286
23,2755.75,1,310015,1002510908,101,WA001,3117A-3123A-9999A-9999E,WA001,300978287
23,2755.75,1,310015,1002510908,101,WA001,3117A-3123A-9999A-9999E,WA001,300978288
23,2755.75,1,310015,1002510908,101,WA001,3117A-3123A-9999A-9999E,WA001,300978301
23,2755.75,1,310015,1002510908,101,WA001,3117A-3123A-9999A-9999E,WA001,300978365
23,2755.75,1,310015,1002510908,101,WA001,3117A-3123A-9999A-9999E,WA001,300978366
23,2425.06,1,310015,1002510908,101,WA001,3117A-3123A-9999A-9999E,WA001,300978367
23,2755.75,1,310015,1052510901,101,ID002,3117A-3123A-9999A-9999E,TX001,300977160
23,2755.75,1,310015,1052510901,101,ID002,3117A-3123A-9999A-9999E,TX001,300977162
23,2755.75,1,310015,1052510901,101,ID002,3117A-3123A-9999A-9999E,TX001,300977163
23,2755.75,1,310015,1052510901,101,ID002,3117A-3123A-9999A-9999E,TX001,300977165
23,2755.75,1,310015,1052510902,101,ID002,3117A-3123A-9999A-9999E,TX001,300977166
23,2755.75,1,310015,1052510902,101,ID002,3117A-3123A-9999A-9999E,TX001,300977167
23,2755.75,1,310015,1052510902,101,ID002,3117A-3123A-9999A-9999E,TX001,300977169
23,2755.75,1,310015,1052510902,101,ID002,3117A-3123A-9999A-9999E,TX001,300977170
23,2755.75,1,310015,1052510902,101,ID002,3117A-3123A-9999A-9999E,TX001,300977171
23,2755.75,1,310015,1052510902,101,ID002,3117A-3123A-9999A-9999E,TX001,300977173
23,2755.75,1,310015,1052510902,101,ID002,3117A-3123A-9999A-9999E,TX001,300977174
23,2755.75,1,310015,1052510902,101,ID002,3117A-3123A-9999A-9999E,TX001,300977175
23,2755.75,1,310015,1052510903,101,ID002,3117A-3123A-9999A-9999E,TX001,300977227
23,2755.75,1,310015,1052510903,101,ID002,3117A-3123A-9999A-9999E,TX001,300977228
23,2755.75,1,310015,1052510903,101,ID002,3117A-3123A-9999A-9999E,TX001,300977229
23,2755.75,1,310015,1052510903,101,ID002,3117A-3123A-9999A-9999E,TX001,300977230
23,2755.75,1,310015,1052510903,101,ID002,3117A-3123A-9999A-9999E,TX001,300977231
23,2755.75,1,310015,1052510903,101,ID002,3117A-3123A-9999A-9999E,TX001,300977232
23,2755.75,1,310015,1052510903,101,ID002,3117A-3123A-9999A-9999E,TX001,300977233
23,2755.75,1,310015,1052510903,101,ID002,3117A-3123A-9999A-9999E,TX001,300977234
23,2755.75,1,310015,1052510904,101,ID002,3117A-3123A-9999A-9999E,TX001,300977280
23,2755.75,1,310015,1052510904,101,ID002,3117A-3123A-9999A-9999E,TX001,300977281
23,2755.75,1,310015,1052510904,101,ID002,3117A-3123A-9999A-9999E,TX001,300977282
23,2755.75,1,310015,1052510904,101,ID002,3117A-3123A-9999A-9999E,TX001,300977283
23,2755.75,1,310015,1052510904,101,ID002,3117A-3123A-9999A-9999E,TX001,300977304
23,2755.75,1,310015,1052510904,101,ID002,3117A-3123A-9999A-9999E,TX001,300977306
23,2755.75,1,310015,1052510904,101,ID002,3117A-3123A-9999A-9999E,TX001,300977308
23,2755.75,1,310015,1052510904,101,ID002,3117A-3123A-9999A-9999E,TX001,300977403
23,2755.75,1,310015,1052510905,101,ID002,3117A-3123A-9999A-9999E,TX001,300977407
23,2755.75,1,310015,1052510905,101,ID002,3117A-3123A-9999A-9999E,TX001,300977408
23,2755.75,1,310015,1052510905,101,ID002,3117A-3123A-9999A-9999E,TX001,300977409
23,2755.75,1,310015,1052510905,101,ID002,3117A-3123A-9999A-9999E,TX001,300977411
23,2755.75,1,310015,1052510905,101,ID002,3117A-3123A-9999A-9999E,TX001,300977418
23,2755.75,1,310015,1052510905,101,ID002,3117A-3123A-9999A-9999E,TX001,300977419
23,2755.75,1,310015,1052510905,101,ID002,3117A-3123A-9999A-9999E,TX001,300977420
23,2755.75,1,310015,1052510905,101,ID002,3117A-3123A-9999A-9999E,TX001,300977421
23,2755.75,1,310015,1052510906,101,ID002,3117A-3123A-9999A-9999E,TX001,300977459
23,2755.75,1,310015,1052510906,101,ID002,3117A-3123A-9999A-9999E,TX001,300977460
23,2755.75,1,310015,1052510906,101,ID002,3117A-3123A-9999A-9999E,TX001,300977461
23,2755.75,1,310015,1052510906,101,ID002,3117A-3123A-9999A-9999E,TX001,300977462
23,2755.75,1,310015,1052510906,101,ID002,3117A-3123A-9999A-9999E,TX001,300977482
23,2755.75,1,310015,1052510906,101,ID002,3117A-3123A-9999A-9999E,TX001,300977483
23,2755.75,1,310015,1052510906,101,ID002,3117A-3123A-9999A-9999E,TX001,300977484
23,2700.635,1,310015,1052510906,101,ID002,3117A-3123A-9999A-9999E,TX001,300977485
23,2755.75,1,310015,1052510907,101,ID002,3117A-3123A-9999A-9999E,TX001,300977505
23,2755.75,1,310015,1052510907,101,ID002,3117A-3123A-9999A-9999E,TX001,300977506
23,2755.75,1,310015,1052510907,101,ID002,3117A-3123A-9999A-9999E,TX001,300977507
23,2755.75,1,310015,1052510907,101,ID002,3117A-3123A-9999A-9999E,TX001,300977508
23,2755.75,1,310015,1052510907,101,ID002,3117A-3123A-9999A-9999E,TX001,300977519
23,2700.635,1,310015,1052510907,101,ID002,3117A-3123A-9999A-9999E,TX001,300977520
23,2755.75,1,310015,1052510907,101,ID002,3117A-3123A-9999A-9999E,TX001,300977521
23,2755.75,1,310015,1052510907,101,ID002,3117A-3123A-9999A-9999E,TX001,300977522
23,2755.75,1,310015,1052510908,101,ID002,3117A-3123A-9999A-9999E,TX001,300977611
23,2755.75,1,310015,1052510908,101,ID002,3117A-3123A-9999A-9999E,TX001,300977612
23,2755.75,1,310015,1052510908,101,ID002,3117A-3123A-9999A-9999E,TX001,300977613
23,2755.75,1,310015,1052510908,101,ID002,3117A-3123A-9999A-9999E,TX001,300977615
23,2755.75,1,310015,1052510908,101,ID002,3117A-3123A-9999A-9999E,TX001,300977649
23,2755.75,1,310015,1052510908,101,ID002,3117A-3123A-9999A-9999E,TX001,300977650
23,2755.75,1,310015,1052510908,101,ID002,3117A-3123A-9999A-9999E,TX001,300977651
23,2755.75,1,310015,1052510908,101,ID002,3117A-3123A-9999A-9999E,TX001,300977652
23,2755.75,1,310015,1052510909,101,ID002,3117A-3123A-3123A-9999A-9999E,TX001,300977680
23,2755.75,1,310015,1052510909,101,ID002,3117A-3123A-3123A-9999A-9999E,TX001,300977681
23,2755.75,1,310015,1052510909,101,ID002,3117A-3123A-3123A-9999A-9999E,TX001,300977682
23,2755.75,1,310015,1052510909,101,ID002,3117A-3123A-3123A-9999A-9999E,TX001,300977683
23,2755.75,1,310015,1052510909,101,ID002,3117A-3123A-3123A-9999A-9999E,TX001,300977702
23,2755.75,1,310015,1052510909,101,ID002,3117A-3123A-3123A-9999A-9999E,TX001,300977703
23,2755.75,1,310015,1052510909,101,ID002,3117A-3123A-3123A-9999A-9999E,TX001,300977705
23,2755.75,1,310015,1052510909,101,ID002,3117A-3123A-3123A-9999A-9999E,TX001,300977706
23,2755.75,1,310015,1052510910,101,ID002,3117A-3123A-3132A-9999A-9999E,TX001,300978009
23,2755.75,1,310015,1052510910,101,ID002,3117A-3123A-3132A-9999A-9999E,TX001,300978014
23,2755.75,1,310015,1052510910,101,ID002,3117A-3123A-3132A-9999A-9999E,TX001,300978215
23,2755.75,1,310015,1052510910,101,ID002,3117A-3123A-3132A-9999A-9999E,TX001,300978216
23,2755.75,1,310015,1052510910,101,ID002,3117A-3123A-3132A-9999A-9999E,TX001,300978217
23,2755.75,1,310015,1052510910,101,ID002,3117A-3123A-3132A-9999A-9999E,TX001,300978218
23,2755.75,1,310015,1052510910,101,ID002,3117A-3123A-3132A-9999A-9999E,TX001,300978219
23,2755.75,1,310015,1052510910,101,ID002,3117A-3123A-3132A-9999A-9999E,TX001,300978220
23,2755.75,1,310015,1052510911,101,ID002,3117A-3123A-3132A-9999A-9999E,TX001,300978607
23,2755.75,1,310015,1052510911,101,ID002,3117A-3123A-3132A-9999A-9999E,TX001,300978608
23,2755.75,1,310015,1052510911,101,ID002,3117A-3123A-3132A-9999A-9999E,TX001,300978609
23,2755.75,1,310015,1052510911,101,ID002,3117A-3123A-3132A-9999A-9999E,TX001,300978610
23,55.115,0,310724,1012510903,101,WA002,3040A-3045A-3053A-3055A-3055A-9999A-9999E,WA007,300977297
23,2755.75,1,310724,1012510911,101,WA002,3040A-3043A-3045A-3053A-3055A-3055A-9999A-9999E,WA007,300978104
23,2755.75,1,310724,1012510911,101,WA002,3040A-3043A-3045A-3053A-3055A-3055A-9999A-9999E,WA007,300978105
23,2755.75,1,310724,1012510911,101,WA002,3040A-3043A-3045A-3053A-3055A-3055A-9999A-9999E,WA007,300978174
23,2755.75,1,310724,1012510911,101,WA002,3040A-3043A-3045A-3053A-3055A-3055A-9999A-9999E,WA007,300978175
23,2755.75,1,310724,1012510912,101,WA002,3040A-3043A-3045A-3053A-3055A-3055A-9999A-9999C-9999E,WA007,300978207
23,2755.75,1,310724,1012510912,101,WA002,3040A-3043A-3045A-3053A-3055A-3055A-9999A-9999C-9999E,WA007,300978208
23,2755.75,1,310724,1012510912,101,WA002,3040A-3043A-3045A-3053A-3055A-3055A-9999A-9999C-9999E,WA007,300978209
23,2755.75,1,310724,1012510912,101,WA002,3040A-3043A-3045A-3053A-3055A-3055A-9999A-9999C-9999E,WA007,300978210
23,2755.75,1,310724,1012510912,101,WA002,3040A-3043A-3045A-3053A-3055A-3055A-9999A-9999C-9999E,WA007,300978211
23,2755.75,1,310724,1012510912,101,WA002,3040A-3043A-3045A-3053A-3055A-3055A-9999A-9999C-9999E,WA007,300978212
23,2755.75,1,310724,1012510912,101,WA002,3040A-3043A-3045A-3053A-3055A-3055A-9999A-9999C-9999E,WA007,300978213
23,2755.75,1,310724,1012510912,101,WA002,3040A-3043A-3045A-3053A-3055A-3055A-9999A-9999C-9999E,WA007,300978214
23,2755.75,1,310724,1012510913,101,WA002,3040A-3043A-3045A-3053A-3055A-3055A-9999A-9999C-9999E,WA007,300978256
23,2755.75,1,310724,1012510913,101,WA002,3040A-3043A-3045A-3053A-3055A-3055A-9999A-9999C-9999E,WA007,300978257
23,2755.75,1,310724,1012510913,101,WA002,3040A-3043A-3045A-3053A-3055A-3055A-9999A-9999C-9999E,WA007,300978258
23,2755.75,1,310724,1012510913,101,WA002,3040A-3043A-3045A-3053A-3055A-3055A-9999A-9999C-9999E,WA007,300978259
23,2755.75,1,310726,1022510951,101,WA003,3002A-3007S-3015A-3025S-3033A-3035A-9999A-9999E,WA007,300978071
23,2755.75,1,310726,1022510951,101,WA003,3002A-3007S-3015A-3025S-3033A-3035A-9999A-9999E,WA007,300978072
23,2755.75,1,310726,1022510951,101,WA003,3002A-3007S-3015A-3025S-3033A-3035A-9999A-9999E,WA007,300978073
23,2755.75,1,310726,1022510951,101,WA003,3002A-3007S-3015A-3025S-3033A-3035A-9999A-9999E,WA007,300978074
23,2755.75,1,310726,1022510951,101,WA003,3002A-3007S-3015A-3025S-3033A-3035A-9999A-9999E,WA007,300978142
23,2755.75,1,310726,1022510951,101,WA003,3002A-3007S-3015A-3025S-3033A-3035A-9999A-9999E,WA007,300978143
23,2755.75,1,310726,1022510951,101,WA003,3002A-3007S-3015A-3025S-3033A-3035A-9999A-9999E,WA007,300978145
23,2755.75,1,310726,1022510951,101,WA003,3002A-3007S-3015A-3025S-3033A-3035A-9999A-9999E,WA007,300978146
23,2755.75,1,310726,1022510952,101,WA003,3002A-3005WGUM-3005WGUM-3007DRYGUM-3007FO-3007S-3015A-3025S-3033A-3035A-9999A-9999C-9999CS-9999E,WA007,300978147
23,2755.75,1,310726,1022510952,101,WA003,3002A-3005WGUM-3005WGUM-3007DRYGUM-3007FO-3007S-3015A-3025S-3033A-3035A-9999A-9999C-9999CS-9999E,WA007,300978149
23,2755.75,1,310726,1022510952,101,WA003,3002A-3005WGUM-3005WGUM-3007DRYGUM-3007FO-3007S-3015A-3025S-3033A-3035A-9999A-9999C-9999CS-9999E,WA007,300978150
23,2755.75,1,310726,1022510952,101,WA003,3002A-3005WGUM-3005WGUM-3007DRYGUM-3007FO-3007S-3015A-3025S-3033A-3035A-9999A-9999C-9999CS-9999E,WA007,300978151
23,2755.75,1,310726,1022510952,101,WA003,3002A-3005WGUM-3005WGUM-3007DRYGUM-3007FO-3007S-3015A-3025S-3033A-3035A-9999A-9999C-9999CS-9999E,WA007,300978857
23,2755.75,1,310726,1022510952,101,WA003,3002A-3005WGUM-3005WGUM-3007DRYGUM-3007FO-3007S-3015A-3025S-3033A-3035A-9999A-9999C-9999CS-9999E,WA007,300978858
23,2755.75,1,310726,1022510952,101,WA003,3002A-3005WGUM-3005WGUM-3007DRYGUM-3007FO-3007S-3015A-3025S-3033A-3035A-9999A-9999C-9999CS-9999E,WA007,300978859
23,2755.75,1,310726,1022510952,101,WA003,3002A-3005WGUM-3005WGUM-3007DRYGUM-3007FO-3007S-3015A-3025S-3033A-3035A-9999A-9999C-9999CS-9999E,WA007,300978860
23,2755.75,1,310726,1022510953,101,WA003,3002A-3005WGUM-3005WGUM-3007DRYGUM-3007FO-3007S-3015A-3025S-3033A-3035A-9999A-9999C-9999CS-9999E,WA007,300978862
23,2755.75,1,310726,1022510953,101,WA003,3002A-3005WGUM-3005WGUM-3007DRYGUM-3007FO-3007S-3015A-3025S-3033A-3035A-9999A-9999C-9999CS-9999E,WA007,300978863
23,2755.75,1,310726,1022510953,101,WA003,3002A-3005WGUM-3005WGUM-3007DRYGUM-3007FO-3007S-3015A-3025S-3033A-3035A-9999A-9999C-9999CS-9999E,WA007,300978864
23,2755.75,1,310726,1022510953,101,WA003,3002A-3005WGUM-3005WGUM-3007DRYGUM-3007FO-3007S-3015A-3025S-3033A-3035A-9999A-9999C-9999CS-9999E,WA007,300978865
23,2755.75,1,310726,1022510953,101,WA003,3002A-3005WGUM-3005WGUM-3007DRYGUM-3007FO-3007S-3015A-3025S-3033A-3035A-9999A-9999C-9999CS-9999E,WA007,300978866
23,2755.75,1,310726,1022510953,101,WA003,3002A-3005WGUM-3005WGUM-3007DRYGUM-3007FO-3007S-3015A-3025S-3033A-3035A-9999A-9999C-9999CS-9999E,WA007,300978867
23,2755.75,1,310726,1022510953,101,WA003,3002A-3005WGUM-3005WGUM-3007DRYGUM-3007FO-3007S-3015A-3025S-3033A-3035A-9999A-9999C-9999CS-9999E,WA007,300978868
23,2755.75,1,310726,1022510953,101,WA003,3002A-3005WGUM-3005WGUM-3007DRYGUM-3007FO-3007S-3015A-3025S-3033A-3035A-9999A-9999C-9999CS-9999E,WA007,300978869
23,2755.75,1,310726,1022510954,101,WA003,3002A-3005WGUM-3005WGUM-3007DRYGUM-3007FO-3007S-3015A-3025S-3035A-9999A-9999C-9999CS-9999E,WA007,300978871
23,2755.75,1,310726,1022510954,101,WA003,3002A-3005WGUM-3005WGUM-3007DRYGUM-3007FO-3007S-3015A-3025S-3035A-9999A-9999C-9999CS-9999E,WA007,300978872
23,2755.75,1,310726,1022510954,101,WA003,3002A-3005WGUM-3005WGUM-3007DRYGUM-3007FO-3007S-3015A-3025S-3035A-9999A-9999C-9999CS-9999E,WA007,300978873
23,2755.75,1,310726,1022510954,101,WA003,3002A-3005WGUM-3005WGUM-3007DRYGUM-3007FO-3007S-3015A-3025S-3035A-9999A-9999C-9999CS-9999E,WA007,300978874
23,2755.75,1,310726,1022510954,101,WA003,3002A-3005WGUM-3005WGUM-3007DRYGUM-3007FO-3007S-3015A-3025S-3035A-9999A-9999C-9999CS-9999E,WA007,300978875
23,2755.75,1,310726,1022510954,101,WA003,3002A-3005WGUM-3005WGUM-3007DRYGUM-3007FO-3007S-3015A-3025S-3035A-9999A-9999C-9999CS-9999E,WA007,300978876
23,2755.75,1,310726,1022510954,101,WA003,3002A-3005WGUM-3005WGUM-3007DRYGUM-3007FO-3007S-3015A-3025S-3035A-9999A-9999C-9999CS-9999E,WA007,300978877
23,2755.75,1,310726,1022510954,101,WA003,3002A-3005WGUM-3005WGUM-3007DRYGUM-3007FO-3007S-3015A-3025S-3035A-9999A-9999C-9999CS-9999E,WA007,300978878
23,2755.75,1,310726,1022510955,101,WA003,3002A-3005WGUM-3005WGUM-3007DRYGUM-3007FO-3007S-3015A-3025S-3033A-3035A-9999A-9999C-9999CS-9999E,WA007,300978879
23,2755.75,1,310726,1022510955,101,WA003,3002A-3005WGUM-3005WGUM-3007DRYGUM-3007FO-3007S-3015A-3025S-3033A-3035A-9999A-9999C-9999CS-9999E,WA007,300978880
23,2755.75,1,310726,1022510955,101,WA003,3002A-3005WGUM-3005WGUM-3007DRYGUM-3007FO-3007S-3015A-3025S-3033A-3035A-9999A-9999C-9999CS-9999E,WA007,300978881
23,2755.75,1,310726,1022510955,101,WA003,3002A-3005WGUM-3005WGUM-3007DRYGUM-3007FO-3007S-3015A-3025S-3033A-3035A-9999A-9999C-9999CS-9999E,WA007,300978882
23,2755.75,1,310726,1022510955,101,WA003,3002A-3005WGUM-3005WGUM-3007DRYGUM-3007FO-3007S-3015A-3025S-3033A-3035A-9999A-9999C-9999CS-9999E,WA007,300978883
23,2755.75,1,310726,1022510955,101,WA003,3002A-3005WGUM-3005WGUM-3007DRYGUM-3007FO-3007S-3015A-3025S-3033A-3035A-9999A-9999C-9999CS-9999E,WA007,300978884
23,2755.75,1,310726,1022510955,101,WA003,3002A-3005WGUM-3005WGUM-3007DRYGUM-3007FO-3007S-3015A-3025S-3033A-3035A-9999A-9999C-9999CS-9999E,WA007,300978885
23,2755.75,1,310726,1022510955,101,WA003,3002A-3005WGUM-3005WGUM-3007DRYGUM-3007FO-3007S-3015A-3025S-3033A-3035A-9999A-9999C-9999CS-9999E,WA007,300978886
23,2755.75,1,310726,1022510956,101,WA003,3002A-3005WGUM-3005WGUM-3007DRYGUM-3007FO-3007S-3015A-3025S-3033A-3035A-9999A-9999C-9999CS-9999E,WA007,300978893
23,2755.75,1,310726,1022510956,101,WA003,3002A-3005WGUM-3005WGUM-3007DRYGUM-3007FO-3007S-3015A-3025S-3033A-3035A-9999A-9999C-9999CS-9999E,WA007,300978894
23,2755.75,1,310726,1022510956,101,WA003,3002A-3005WGUM-3005WGUM-3007DRYGUM-3007FO-3007S-3015A-3025S-3033A-3035A-9999A-9999C-9999CS-9999E,WA007,300978897
23,2755.75,1,310726,1022510956,101,WA003,3002A-3005WGUM-3005WGUM-3007DRYGUM-3007FO-3007S-3015A-3025S-3033A-3035A-9999A-9999C-9999CS-9999E,WA007,300978901
23,2755.75,1,310726,1022510956,101,WA003,3002A-3005WGUM-3005WGUM-3007DRYGUM-3007FO-3007S-3015A-3025S-3033A-3035A-9999A-9999C-9999CS-9999E,WA007,300978902
23,2755.75,1,310726,1022510956,101,WA003,3002A-3005WGUM-3005WGUM-3007DRYGUM-3007FO-3007S-3015A-3025S-3033A-3035A-9999A-9999C-9999CS-9999E,WA007,300978903
23,2755.75,1,310726,1022510956,101,WA003,3002A-3005WGUM-3005WGUM-3007DRYGUM-3007FO-3007S-3015A-3025S-3033A-3035A-9999A-9999C-9999CS-9999E,WA007,300978904
23,2755.75,1,310726,1022510956,101,WA003,3002A-3005WGUM-3005WGUM-3007DRYGUM-3007FO-3007S-3015A-3025S-3033A-3035A-9999A-9999C-9999CS-9999E,WA007,300978905
23,2755.75,1,310726,1022510957,101,WA003,3002A-3005WGUM-3005WGUM-3007DRYGUM-3007FO-3007S-3015A-3025S-3033A-3035A-9999A-9999C-9999CS-9999E,WA007,300978911
23,2755.75,1,310726,1022510957,101,WA003,3002A-3005WGUM-3005WGUM-3007DRYGUM-3007FO-3007S-3015A-3025S-3033A-3035A-9999A-9999C-9999CS-9999E,WA007,300978912
23,2755.75,1,310726,1022510957,101,WA003,3002A-3005WGUM-3005WGUM-3007DRYGUM-3007FO-3007S-3015A-3025S-3033A-3035A-9999A-9999C-9999CS-9999E,WA007,300978914
23,2755.75,1,310726,1022510957,101,WA003,3002A-3005WGUM-3005WGUM-3007DRYGUM-3007FO-3007S-3015A-3025S-3033A-3035A-9999A-9999C-9999CS-9999E,WA007,300978915
23,2755.75,1,310726,1022510957,101,WA003,3002A-3005WGUM-3005WGUM-3007DRYGUM-3007FO-3007S-3015A-3025S-3033A-3035A-9999A-9999C-9999CS-9999E,WA007,300978916
23,2755.75,1,310726,1022510957,101,WA003,3002A-3005WGUM-3005WGUM-3007DRYGUM-3007FO-3007S-3015A-3025S-3033A-3035A-9999A-9999C-9999CS-9999E,WA007,300978917
23,2755.75,1,310726,1022510957,101,WA003,3002A-3005WGUM-3005WGUM-3007DRYGUM-3007FO-3007S-3015A-3025S-3033A-3035A-9999A-9999C-9999CS-9999E,WA007,300978918
23,2755.75,1,310726,1022510957,101,WA003,3002A-3005WGUM-3005WGUM-3007DRYGUM-3007FO-3007S-3015A-3025S-3033A-3035A-9999A-9999C-9999CS-9999E,WA007,300978920
23,2755.75,1,310726,1022510958,101,WA003,3002A-3005WGUM-3005WGUM-3007DRYGUM-3007FO-3007S-3015A-3025S-3033A-3035A-9999A-9999C-9999CS-9999E,WA007,300978935
23,2755.75,1,310726,1022510958,101,WA003,3002A-3005WGUM-3005WGUM-3007DRYGUM-3007FO-3007S-3015A-3025S-3033A-3035A-9999A-9999C-9999CS-9999E,WA007,300978936
23,2755.75,1,310726,1022510958,101,WA003,3002A-3005WGUM-3005WGUM-3007DRYGUM-3007FO-3007S-3015A-3025S-3033A-3035A-9999A-9999C-9999CS-9999E,WA007,300978937
23,2755.75,1,310726,1022510958,101,WA003,3002A-3005WGUM-3005WGUM-3007DRYGUM-3007FO-3007S-3015A-3025S-3033A-3035A-9999A-9999C-9999CS-9999E,WA007,300978938
23,2755.75,1,310726,1022510958,101,WA003,3002A-3005WGUM-3005WGUM-3007DRYGUM-3007FO-3007S-3015A-3025S-3033A-3035A-9999A-9999C-9999CS-9999E,WA007,300978939
23,2755.75,1,310726,1022510958,101,WA003,3002A-3005WGUM-3005WGUM-3007DRYGUM-3007FO-3007S-3015A-3025S-3033A-3035A-9999A-9999C-9999CS-9999E,WA007,300978940
23,2755.75,1,310726,1022510958,101,WA003,3002A-3005WGUM-3005WGUM-3007DRYGUM-3007FO-3007S-3015A-3025S-3033A-3035A-9999A-9999C-9999CS-9999E,WA007,300978941
23,2755.75,1,310726,1022510958,101,WA003,3002A-3005WGUM-3005WGUM-3007DRYGUM-3007FO-3007S-3015A-3025S-3033A-3035A-9999A-9999C-9999CS-9999E,WA007,300978942
23,2755.75,1,310726,1022510959,101,WA003,3005WGUM-3005WGUM-3007DRYGUM-3007FO-3007S-3025S-3033A-3035A-9999A-9999C-9999CS-9999E,WA007,300978948
23,2755.75,1,310726,1022510959,101,WA003,3005WGUM-3005WGUM-3007DRYGUM-3007FO-3007S-3025S-3033A-3035A-9999A-9999C-9999CS-9999E,WA007,300978949
23,2755.75,1,310726,1022510959,101,WA003,3005WGUM-3005WGUM-3007DRYGUM-3007FO-3007S-3025S-3033A-3035A-9999A-9999C-9999CS-9999E,WA007,300978950
23,2755.75,1,310726,1022510959,101,WA003,3005WGUM-3005WGUM-3007DRYGUM-3007FO-3007S-3025S-3033A-3035A-9999A-9999C-9999CS-9999E,WA007,300978951
23,2755.75,1,310726,1022510959,101,WA003,3005WGUM-3005WGUM-3007DRYGUM-3007FO-3007S-3025S-3033A-3035A-9999A-9999C-9999CS-9999E,WA007,300978952
23,2755.75,1,310726,1022510959,101,WA003,3005WGUM-3005WGUM-3007DRYGUM-3007FO-3007S-3025S-3033A-3035A-9999A-9999C-9999CS-9999E,WA007,300978953
23,2755.75,1,310726,1022510959,101,WA003,3005WGUM-3005WGUM-3007DRYGUM-3007FO-3007S-3025S-3033A-3035A-9999A-9999C-9999CS-9999E,WA007,300978955
23,2755.75,1,310726,1022510959,101,WA003,3005WGUM-3005WGUM-3007DRYGUM-3007FO-3007S-3025S-3033A-3035A-9999A-9999C-9999CS-9999E,WA007,300978956
23,2755.75,1,310726,1022510960,101,WA003,3005WGUM-3005WGUM-3007DRYGUM-3007FO-3007S-3025S-3033A-3035A-9999A-9999C-9999CS-9999E,WA007,300978960
23,2755.75,1,310726,1022510960,101,WA003,3005WGUM-3005WGUM-3007DRYGUM-3007FO-3007S-3025S-3033A-3035A-9999A-9999C-9999CS-9999E,WA007,300978961
23,2755.75,1,310726,1022510960,101,WA003,3005WGUM-3005WGUM-3007DRYGUM-3007FO-3007S-3025S-3033A-3035A-9999A-9999C-9999CS-9999E,WA007,300978962
23,2755.75,1,310726,1022510960,101,WA003,3005WGUM-3005WGUM-3007DRYGUM-3007FO-3007S-3025S-3033A-3035A-9999A-9999C-9999CS-9999E,WA007,300978987
23,2755.75,1,310726,1022510960,101,WA003,3005WGUM-3005WGUM-3007DRYGUM-3007FO-3007S-3025S-3033A-3035A-9999A-9999C-9999CS-9999E,WA007,300978992
23,2755.75,1,310726,1022510960,101,WA003,3005WGUM-3005WGUM-3007DRYGUM-3007FO-3007S-3025S-3033A-3035A-9999A-9999C-9999CS-9999E,WA007,300979005
23,2755.75,1,310726,1022510960,101,WA003,3005WGUM-3005WGUM-3007DRYGUM-3007FO-3007S-3025S-3033A-3035A-9999A-9999C-9999CS-9999E,WA007,300979006
23,2755.75,1,310726,1022510960,101,WA003,3005WGUM-3005WGUM-3007DRYGUM-3007FO-3007S-3025S-3033A-3035A-9999A-9999C-9999CS-9999E,WA007,300979007
23,2755.75,1,310726,1022510961,101,WA003,3005WGUM-3005WGUM-3007DRYGUM-3007S-3025S-3033A-3035A-9999A-9999C-9999CS-9999E,WA007,300979045
23,2755.75,1,310726,1022510961,101,WA003,3005WGUM-3005WGUM-3007DRYGUM-3007S-3025S-3033A-3035A-9999A-9999C-9999CS-9999E,WA007,300979046
23,2755.75,1,310726,1022510961,101,WA003,3005WGUM-3005WGUM-3007DRYGUM-3007S-3025S-3033A-3035A-9999A-9999C-9999CS-9999E,WA007,300979047
23,2755.75,1,310726,1022510961,101,WA003,3005WGUM-3005WGUM-3007DRYGUM-3007S-3025S-3033A-3035A-9999A-9999C-9999CS-9999E,WA007,300979074
23,2755.75,1,310726,1022510961,101,WA003,3005WGUM-3005WGUM-3007DRYGUM-3007S-3025S-3033A-3035A-9999A-9999C-9999CS-9999E,WA007,300979075
23,2755.75,1,310726,1022510961,101,WA003,3005WGUM-3005WGUM-3007DRYGUM-3007S-3025S-3033A-3035A-9999A-9999C-9999CS-9999E,WA007,300979077
23,2755.75,1,310726,1022510961,101,WA003,3005WGUM-3005WGUM-3007DRYGUM-3007S-3025S-3033A-3035A-9999A-9999C-9999CS-9999E,WA007,300979105
23,2755.75,1,310726,1022510961,101,WA003,3005WGUM-3005WGUM-3007DRYGUM-3007S-3025S-3033A-3035A-9999A-9999C-9999CS-9999E,WA007,300979106
23,2755.75,1,310726,1022510962,101,WA003,3005WGUM-3005WGUM-3025S-3033A-3035A-9999A-9999C-9999CS-9999E,WA007,300979124
23,2755.75,1,310726,1022510962,101,WA003,3005WGUM-3005WGUM-3025S-3033A-3035A-9999A-9999C-9999CS-9999E,WA007,300979125
23,2755.75,1,310726,1022510962,101,WA003,3005WGUM-3005WGUM-3025S-3033A-3035A-9999A-9999C-9999CS-9999E,WA007,300979186
23,2755.75,1,310726,1022510962,101,WA003,3005WGUM-3005WGUM-3025S-3033A-3035A-9999A-9999C-9999CS-9999E,WA007,300979187
23,2755.75,1,310726,1022510962,101,WA003,3005WGUM-3005WGUM-3025S-3033A-3035A-9999A-9999C-9999CS-9999E,WA007,300979188
23,2755.75,1,310726,1022510962,101,WA003,3005WGUM-3005WGUM-3025S-3033A-3035A-9999A-9999C-9999CS-9999E,WA007,300979189
23,2755.75,1,310726,1022510962,101,WA003,3005WGUM-3005WGUM-3025S-3033A-3035A-9999A-9999C-9999CS-9999E,WA007,300979190
23,2755.75,1,310726,1022510962,101,WA003,3005WGUM-3005WGUM-3025S-3033A-3035A-9999A-9999C-9999CS-9999E,WA007,300979191
23,2755.75,1,310726,1022510963,101,WA003,3025S-3033A-3035A-9999A-9999C-9999CS-9999E,WA007,300979252
23,2755.75,1,310726,1022510963,101,WA003,3025S-3033A-3035A-9999A-9999C-9999CS-9999E,WA007,300979253
23,2755.75,1,310726,1022510963,101,WA003,3025S-3033A-3035A-9999A-9999C-9999CS-9999E,WA007,300979254
23,2755.75,1,310726,1022510963,101,WA003,3025S-3033A-3035A-9999A-9999C-9999CS-9999E,WA007,300979255
23,2755.75,1,310726,1022510963,101,WA003,3025S-3033A-3035A-9999A-9999C-9999CS-9999E,WA007,300979256
23,2755.75,1,310726,1022510963,101,WA003,3025S-3033A-3035A-9999A-9999C-9999CS-9999E,WA007,300979257
23,2755.75,1,310726,1022510963,101,WA003,3025S-3033A-3035A-9999A-9999C-9999CS-9999E,WA007,300979258
23,2755.75,1,310726,1022510963,101,WA003,3025S-3033A-3035A-9999A-9999C-9999CS-9999E,WA007,300979261
23,2755.75,1,310726,1022510964,101,WA003,3025S-3035A-9999A-9999C-9999CS-9999E,WA007,300979364
23,2755.75,1,310726,1022510964,101,WA003,3025S-3035A-9999A-9999C-9999CS-9999E,WA007,300979365
23,2755.75,1,310726,1022510964,101,WA003,3025S-3035A-9999A-9999C-9999CS-9999E,WA007,300979369
23,2755.75,1,310726,1022510964,101,WA003,3025S-3035A-9999A-9999C-9999CS-9999E,WA007,300979370
23,2755.75,1,310726,1022510964,101,WA003,3025S-3035A-9999A-9999C-9999CS-9999E,WA007,300979371
23,2755.75,1,310726,1022510964,101,WA003,3025S-3035A-9999A-9999C-9999CS-9999E,WA007,300979372
23,2755.75,1,310726,1022510964,101,WA003,3025S-3035A-9999A-9999C-9999CS-9999E,WA007,300979373
23,2755.75,1,310726,1022510964,101,WA003,3025S-3035A-9999A-9999C-9999CS-9999E,WA007,300979374
23,2755.75,1,310726,1022510965,101,WA003,3025S-3035A-9999A-9999E,WA007,300979392
23,2755.75,1,310726,1022510965,101,WA003,3025S-3035A-9999A-9999E,WA007,300979393
23,2755.75,1,310726,1022510965,101,WA003,3025S-3035A-9999A-9999E,WA007,300979407
23,2755.75,1,310726,1022510965,101,WA003,3025S-3035A-9999A-9999E,WA007,300979408
23,2755.75,1,310726,1022510965,101,WA003,3025S-3035A-9999A-9999E,WA007,300979430
23,2755.75,1,310726,1022510965,101,WA003,3025S-3035A-9999A-9999E,WA007,300979431
23,2755.75,1,310726,1022510965,101,WA003,3025S-3035A-9999A-9999E,WA007,300979432
24,2755.75,1,310015,1002510801,101,WA001,9999A-9999E,WA001,300975927
24,2755.75,1,310015,1002510801,101,WA001,9999A-9999E,WA001,300975998
24,2755.75,1,310015,1002510801,101,WA001,9999A-9999E,WA001,300975999
24,2755.75,1,310015,1002510801,101,WA001,9999A-9999E,WA001,300976015
24,2755.75,1,310015,1052510817,101,ID002,3117A-3123A-9999A-9999E,TX001,300977076
24,2755.75,1,310015,1052510817,101,ID002,3117A-3123A-9999A-9999E,TX001,300977078
24,2755.75,1,310015,1052510817,101,ID002,3117A-3123A-9999A-9999E,TX001,300977079
24,2755.75,1,310015,1052510817,101,ID002,3117A-3123A-9999A-9999E,TX001,300977080
24,2755.75,1,310724,1012510801,101,WA002,3040A-3043A-3045A-3053A-3055A-3055A-9999A-9999E,WA007,300975628
24,2755.75,1,310724,1012510801,101,WA002,3040A-3043A-3045A-3053A-3055A-3055A-9999A-9999E,WA007,300975629
24,2755.75,1,310724,1012510801,101,WA002,3040A-3043A-3045A-3053A-3055A-3055A-9999A-9999E,WA007,300975630
24,2755.75,1,310724,1012510801,101,WA002,3040A-3043A-3045A-3053A-3055A-3055A-9999A-9999E,WA007,300975750
24,2755.75,1,310724,1012510801,101,WA002,3040A-3043A-3045A-3053A-3055A-3055A-9999A-9999E,WA007,300975757
24,2755.75,1,310724,1012510801,101,WA002,3040A-3043A-3045A-3053A-3055A-3055A-9999A-9999E,WA007,300975768
24,2755.75,1,310724,1012510801,101,WA002,3040A-3043A-3045A-3053A-3055A-3055A-9999A-9999E,WA007,300975769
24,2755.75,1,310724,1012510801,101,WA002,3040A-3043A-3045A-3053A-3055A-3055A-9999A-9999E,WA007,300975770
24,2755.75,1,310724,1012510802,101,WA002,3040A-3043A-3045A-3053A-3055A-3055A-9999A-9999E,WA007,300975832
24,2755.75,1,310724,1012510802,101,WA002,3040A-3043A-3045A-3053A-3055A-3055A-9999A-9999E,WA007,300975847
24,2755.75,1,310724,1012510802,101,WA002,3040A-3043A-3045A-3053A-3055A-3055A-9999A-9999E,WA007,300975890
24,2755.75,1,310724,1012510802,101,WA002,3040A-3043A-3045A-3053A-3055A-3055A-9999A-9999E,WA007,300975891
24,2755.75,1,310724,1012510802,101,WA002,3040A-3043A-3045A-3053A-3055A-3055A-9999A-9999E,WA007,300975895
24,2755.75,1,310724,1012510802,101,WA002,3040A-3043A-3045A-3053A-3055A-3055A-9999A-9999E,WA007,300975908
24,2755.75,1,310724,1012510802,101,WA002,3040A-3043A-3045A-3053A-3055A-3055A-9999A-9999E,WA007,300975909
24,2755.75,1,310724,1012510802,101,WA002,3040A-3043A-3045A-3053A-3055A-3055A-9999A-9999E,WA007,300975910
24,2755.75,1,310724,1012510803,101,WA002,3040A-3043A-3045A-3053A-9999A-9999C-9999E,WA007,300975918
24,2755.75,1,310724,1012510803,101,WA002,3040A-3043A-3045A-3053A-9999A-9999C-9999E,WA007,300975941
24,2755.75,1,310724,1012510803,101,WA002,3040A-3043A-3045A-3053A-9999A-9999C-9999E,WA007,300975943
24,2755.75,1,310724,1012510803,101,WA002,3040A-3043A-3045A-3053A-9999A-9999C-9999E,WA007,300975955
24,2755.75,1,310724,1012510803,101,WA002,3040A-3043A-3045A-3053A-9999A-9999C-9999E,WA007,300975956
24,2755.75,1,310724,1012510803,101,WA002,3040A-3043A-3045A-3053A-9999A-9999C-9999E,WA007,300975975
24,2755.75,1,310724,1012510803,101,WA002,3040A-3043A-3045A-3053A-9999A-9999C-9999E,WA007,300975976
24,2755.75,1,310724,1012510803,101,WA002,3040A-3043A-3045A-3053A-9999A-9999C-9999E,WA007,300975977
24,2755.75,1,310724,1012510804,101,WA002,3040A-3043A-3045A-3053A-9999A-9999C-9999E,WA007,300975992
24,2755.75,1,310724,1012510804,101,WA002,3040A-3043A-3045A-3053A-9999A-9999C-9999E,WA007,300975993
24,2755.75,1,310724,1012510804,101,WA002,3040A-3043A-3045A-3053A-9999A-9999C-9999E,WA007,300975994
24,2755.75,1,310724,1012510804,101,WA002,3040A-3043A-3045A-3053A-9999A-9999C-9999E,WA007,300975995
24,2755.75,1,310724,1012510804,101,WA002,3040A-3043A-3045A-3053A-9999A-9999C-9999E,WA007,300976000
24,2755.75,1,310724,1012510804,101,WA002,3040A-3043A-3045A-3053A-9999A-9999C-9999E,WA007,300976020
24,2755.75,1,310724,1012510804,101,WA002,3040A-3043A-3045A-3053A-9999A-9999C-9999E,WA007,300976021
24,2755.75,1,310724,1012510809,101,WA002,3040A-3043A-3045A-3053A-3055A-3055A-9999A-9999E,WA007,300976508
24,2755.75,1,310724,1012510810,101,WA002,3040A-3043A-3045A-3053A-3055A-3055A-9999A-9999C-9999E,WA007,300976521
24,2755.75,1,310724,1012510810,101,WA002,3040A-3043A-3045A-3053A-3055A-3055A-9999A-9999C-9999E,WA007,300976664
24,2755.75,1,310724,1012510810,101,WA002,3040A-3043A-3045A-3053A-3055A-3055A-9999A-9999C-9999E,WA007,300976665
24,2755.75,1,310724,1012510810,101,WA002,3040A-3043A-3045A-3053A-3055A-3055A-9999A-9999C-9999E,WA007,300976666
24,2755.75,1,310724,1012510810,101,WA002,3040A-3043A-3045A-3053A-3055A-3055A-9999A-9999C-9999E,WA007,300976667
24,2755.75,1,310724,1012510810,101,WA002,3040A-3043A-3045A-3053A-3055A-3055A-9999A-9999C-9999E,WA007,300976704
24,2755.75,1,310724,1012510810,101,WA002,3040A-3043A-3045A-3053A-3055A-3055A-9999A-9999C-9999E,WA007,300976705
24,2755.75,1,310724,1012510810,101,WA002,3040A-3043A-3045A-3053A-3055A-3055A-9999A-9999C-9999E,WA007,300976706
24,2755.75,1,310724,1012510811,101,WA002,3040A-3043A-3045A-3053A-3055A-3055A-9999A-9999C-9999E,WA007,300976762
24,2755.75,1,310724,1012510811,101,WA002,3040A-3043A-3045A-3053A-3055A-3055A-9999A-9999C-9999E,WA007,300976763
24,2755.75,1,310724,1012510811,101,WA002,3040A-3043A-3045A-3053A-3055A-3055A-9999A-9999C-9999E,WA007,300976764
24,2755.75,1,310724,1012510811,101,WA002,3040A-3043A-3045A-3053A-3055A-3055A-9999A-9999C-9999E,WA007,300976765
24,2755.75,1,310724,1012510811,101,WA002,3040A-3043A-3045A-3053A-3055A-3055A-9999A-9999C-9999E,WA007,300976823
24,2755.75,1,310724,1012510811,101,WA002,3040A-3043A-3045A-3053A-3055A-3055A-9999A-9999C-9999E,WA007,300976824
24,2755.75,1,310724,1012510811,101,WA002,3040A-3043A-3045A-3053A-3055A-3055A-9999A-9999C-9999E,WA007,300976825
24,2755.75,1,310724,1012510811,101,WA002,3040A-3043A-3045A-3053A-3055A-3055A-9999A-9999C-9999E,WA007,300976826
24,2755.75,1,310724,1012510812,101,WA002,3040A-3043A-3045A-3053A-3055A-3055A-9999A-9999E,WA007,300976841
24,2755.75,1,310724,1012510812,101,WA002,3040A-3043A-3045A-3053A-3055A-3055A-9999A-9999E,WA007,300976842
24,2755.75,1,310724,1012510812,101,WA002,3040A-3043A-3045A-3053A-3055A-3055A-9999A-9999E,WA007,300976843
24,2755.75,1,310726,1022510851,101,WA003,3025S-3033A-9999A-9999E,WA007,300976896
24,2755.75,1,310726,1022510851,101,WA003,3025S-3033A-9999A-9999E,WA007,300976897
24,2755.75,1,310726,1022510851,101,WA003,3025S-3033A-9999A-9999E,WA007,300976899
24,2755.75,1,310726,1022510851,101,WA003,3025S-3033A-9999A-9999E,WA007,300976906
24,2755.75,1,310726,1022510851,101,WA003,3025S-3033A-9999A-9999E,WA007,300977061
24,2755.75,1,310726,1022510851,101,WA003,3025S-3033A-9999A-9999E,WA007,300977062
24,1267.645,0,310726,1022510851,101,WA003,3025S-3033A-9999A-9999E,WA007,300977063
24,2755.75,1,310726,1022510852,101,WA003,3025S-3033A-9999A-9999C-9999CS-9999E,WA007,300977100
24,2755.75,1,310726,1022510852,101,WA003,3025S-3033A-9999A-9999C-9999CS-9999E,WA007,300977101
24,2755.75,1,310726,1022510852,101,WA003,3025S-3033A-9999A-9999C-9999CS-9999E,WA007,300977102
24,2755.75,1,310726,1022510852,101,WA003,3025S-3033A-9999A-9999C-9999CS-9999E,WA007,300977105
24,2755.75,1,310726,1022510852,101,WA003,3025S-3033A-9999A-9999C-9999CS-9999E,WA007,300977116
24,2755.75,1,310726,1022510852,101,WA003,3025S-3033A-9999A-9999C-9999CS-9999E,WA007,300977117
24,2755.75,1,310726,1022510852,101,WA003,3025S-3033A-9999A-9999C-9999CS-9999E,WA007,300977133
24,2755.75,1,310726,1022510852,101,WA003,3025S-3033A-9999A-9999C-9999CS-9999E,WA007,300977152
24,2755.75,1,310726,1022510853,101,WA003,3007S-3025S-9999A-9999C-9999CS-9999E,WA007,300977217
24,2755.75,1,310726,1022510853,101,WA003,3007S-3025S-9999A-9999C-9999CS-9999E,WA007,300977219
24,2755.75,1,310726,1022510853,101,WA003,3007S-3025S-9999A-9999C-9999CS-9999E,WA007,300977220
24,2755.75,1,310726,1022510853,101,WA003,3007S-3025S-9999A-9999C-9999CS-9999E,WA007,300977221
24,2755.75,1,310726,1022510853,101,WA003,3007S-3025S-9999A-9999C-9999CS-9999E,WA007,300977249
24,2755.75,1,310726,1022510853,101,WA003,3007S-3025S-9999A-9999C-9999CS-9999E,WA007,300977250
24,2755.75,1,310726,1022510853,101,WA003,3007S-3025S-9999A-9999C-9999CS-9999E,WA007,300977251
24,2755.75,1,310726,1022510853,101,WA003,3007S-3025S-9999A-9999C-9999CS-9999E,WA007,300977252
24,2755.75,1,310726,1022510854,101,WA003,3007S-3025S-9999A-9999C-9999CS-9999E,WA007,300977278
24,2755.75,1,310726,1022510854,101,WA003,3007S-3025S-9999A-9999C-9999CS-9999E,WA007,300977287
24,2755.75,1,310726,1022510854,101,WA003,3007S-3025S-9999A-9999C-9999CS-9999E,WA007,300977288
24,2755.75,1,310726,1022510854,101,WA003,3007S-3025S-9999A-9999C-9999CS-9999E,WA007,300977289
24,2755.75,1,310726,1022510854,101,WA003,3007S-3025S-9999A-9999C-9999CS-9999E,WA007,300977290
24,2755.75,1,310726,1022510854,101,WA003,3007S-3025S-9999A-9999C-9999CS-9999E,WA007,300977352
24,2755.75,1,310726,1022510854,101,WA003,3007S-3025S-9999A-9999C-9999CS-9999E,WA007,300977353
24,2755.75,1,310726,1022510854,101,WA003,3007S-3025S-9999A-9999C-9999CS-9999E,WA007,300977354
24,2755.75,1,310726,1022510855,101,WA003,3025S-9999A-9999C-9999CS-9999E,WA007,300977355
24,2755.75,1,310726,1022510855,101,WA003,3025S-9999A-9999C-9999CS-9999E,WA007,300977356
24,2755.75,1,310726,1022510855,101,WA003,3025S-9999A-9999C-9999CS-9999E,WA007,300977374
24,2755.75,1,310726,1022510855,101,WA003,3025S-9999A-9999C-9999CS-9999E,WA007,300977376
24,2755.75,1,310726,1022510855,101,WA003,3025S-9999A-9999C-9999CS-9999E,WA007,300977377
24,2755.75,1,310726,1022510855,101,WA003,3025S-9999A-9999C-9999CS-9999E,WA007,300977378
24,2755.75,1,310726,1022510855,101,WA003,3025S-9999A-9999C-9999CS-9999E,WA007,300977401
24,2755.75,1,310726,1022510855,101,WA003,3025S-9999A-9999C-9999CS-9999E,WA007,300977402
24,2755.75,1,310726,1022510856,101,WA003,3007S-3025S-3033A-3035A-9999A-9999C-9999CS-9999E,WA007,300977512
24,2755.75,1,310726,1022510856,101,WA003,3007S-3025S-3033A-3035A-9999A-9999C-9999CS-9999E,WA007,300977513
24,2755.75,1,310726,1022510856,101,WA003,3007S-3025S-3033A-3035A-9999A-9999C-9999CS-9999E,WA007,300977514
24,2755.75,1,310726,1022510856,101,WA003,3007S-3025S-3033A-3035A-9999A-9999C-9999CS-9999E,WA007,300977515
24,2755.75,1,310726,1022510856,101,WA003,3007S-3025S-3033A-3035A-9999A-9999C-9999CS-9999E,WA007,300977516
24,2755.75,1,310726,1022510856,101,WA003,3007S-3025S-3033A-3035A-9999A-9999C-9999CS-9999E,WA007,300977517
24,2755.75,1,310726,1022510856,101,WA003,3007S-3025S-3033A-3035A-9999A-9999C-9999CS-9999E,WA007,300977534
24,2755.75,1,310726,1022510856,101,WA003,3007S-3025S-3033A-3035A-9999A-9999C-9999CS-9999E,WA007,300977535
24,2755.75,1,310726,1022510857,101,WA003,3007S-3025S-3033A-3035A-9999A-9999C-9999CS-9999E,WA007,300977578
24,2755.75,1,310726,1022510857,101,WA003,3007S-3025S-3033A-3035A-9999A-9999C-9999CS-9999E,WA007,300977579
24,2755.75,1,310726,1022510857,101,WA003,3007S-3025S-3033A-3035A-9999A-9999C-9999CS-9999E,WA007,300977580
24,2755.75,1,310726,1022510857,101,WA003,3007S-3025S-3033A-3035A-9999A-9999C-9999CS-9999E,WA007,300977581
24,2755.75,1,310726,1022510857,101,WA003,3007S-3025S-3033A-3035A-9999A-9999C-9999CS-9999E,WA007,300977641
24,2755.75,1,310726,1022510857,101,WA003,3007S-3025S-3033A-3035A-9999A-9999C-9999CS-9999E,WA007,300977642
24,2755.75,1,310726,1022510857,101,WA003,3007S-3025S-3033A-3035A-9999A-9999C-9999CS-9999E,WA007,300977643
24,2755.75,1,310726,1022510857,101,WA003,3007S-3025S-3033A-3035A-9999A-9999C-9999CS-9999E,WA007,300977644
24,2755.75,1,310726,1022510858,101,WA003,3007S-3025S-3033A-3035A-9999A-9999C-9999CS-9999E,WA007,300977672
24,2755.75,1,310726,1022510858,101,WA003,3007S-3025S-3033A-3035A-9999A-9999C-9999CS-9999E,WA007,300977673
24,2755.75,1,310726,1022510858,101,WA003,3007S-3025S-3033A-3035A-9999A-9999C-9999CS-9999E,WA007,300977675
24,2755.75,1,310726,1022510858,101,WA003,3007S-3025S-3033A-3035A-9999A-9999C-9999CS-9999E,WA007,300977676
24,2755.75,1,310726,1022510858,101,WA003,3007S-3025S-3033A-3035A-9999A-9999C-9999CS-9999E,WA007,300977730
24,2755.75,1,310726,1022510858,101,WA003,3007S-3025S-3033A-3035A-9999A-9999C-9999CS-9999E,WA007,300977731
24,2755.75,1,310726,1022510858,101,WA003,3007S-3025S-3033A-3035A-9999A-9999C-9999CS-9999E,WA007,300977732
24,2755.75,1,310726,1022510858,101,WA003,3007S-3025S-3033A-3035A-9999A-9999C-9999CS-9999E,WA007,300977733
24,2755.75,1,310726,1022510859,101,WA003,3025S-9999A-9999C-9999CS-9999E,WA007,300977734
24,2755.75,1,310726,1022510859,101,WA003,3025S-9999A-9999C-9999CS-9999E,WA007,300977735
24,2755.75,1,310726,1022510859,101,WA003,3025S-9999A-9999C-9999CS-9999E,WA007,300977736
24,2755.75,1,310726,1022510859,101,WA003,3025S-9999A-9999C-9999CS-9999E,WA007,300977737
24,2755.75,1,310726,1022510859,101,WA003,3025S-9999A-9999C-9999CS-9999E,WA007,300977826
24,2755.75,1,310726,1022510859,101,WA003,3025S-9999A-9999C-9999CS-9999E,WA007,300977827
24,2755.75,1,310726,1022510859,101,WA003,3025S-9999A-9999C-9999CS-9999E,WA007,300977828
24,2755.75,1,310726,1022510859,101,WA003,3025S-9999A-9999C-9999CS-9999E,WA007,300977829
24,2755.75,1,310726,1022510860,101,WA003,3025S-3035A-9999A-9999E,WA007,300977830
24,1267.645,0,310726,1022510860,101,WA003,3025S-3035A-9999A-9999E,WA007,300977831
24,2199,1,310774,1002510803,102,WA001,9999A,WA001,300976230
24,2202,1,310774,1002510803,102,WA001,9999A,WA001,300976247
24,2203,1,310774,1002510803,102,WA001,9999A,WA001,300976248
24,2208,1,310774,1002510803,102,WA001,9999A,WA001,300976249
24,2200,1,310774,1002510803,102,WA001,9999A,WA001,300976305
24,2200,1,310774,1002510803,102,WA001,9999A,WA001,300976307
24,2202,1,310774,1002510803,102,WA001,9999A,WA001,300976308
24,2201,1,310774,1002510804,102,WA001,9999A,WA001,300976339
24,2202,1,310774,1002510804,102,WA001,9999A,WA001,300976341
24,2200,1,310774,1002510804,102,WA001,9999A,WA001,300976364
24,2200,1,310774,1002510804,102,WA001,9999A,WA001,300976367
24,2200,1,310774,1002510804,102,WA001,9999A,WA001,300976369
24,2204,1,310774,1002510804,102,WA001,9999A,WA001,300976378
25,2755.75,1,310015,1002510701,101,WA001,9999A-9999E,WA001,300974697
25,2755.75,1,310015,1002510701,101,WA001,9999A-9999E,WA001,300974701
25,2755.75,1,310015,1002510701,101,WA001,9999A-9999E,WA001,300974702
25,2755.75,1,310015,1002510701,101,WA001,9999A-9999E,WA001,300974751
25,2755.75,1,310015,1002510701,101,WA001,9999A-9999E,WA001,300974752
25,2755.75,1,310015,1002510701,101,WA001,9999A-9999E,WA001,300974763
25,2755.75,1,310015,1002510701,101,WA001,9999A-9999E,WA001,300974764
25,2755.75,1,310015,1002510701,101,WA001,9999A-9999E,WA001,300974765
25,2755.75,1,310015,1002510702,101,WA001,9999A-9999E,WA001,300974766
25,2755.75,1,310015,1002510702,101,WA001,9999A-9999E,WA001,300974821
25,2755.75,1,310015,1002510702,101,WA001,9999A-9999E,WA001,300974822
25,2755.75,1,310015,1002510705,101,WA001,9999A-9999E,WA001,300975381
25,2755.75,1,310015,1002510705,101,WA001,9999A-9999E,WA001,300975382
25,2755.75,1,310015,1002510705,101,WA001,9999A-9999E,WA001,300975401
25,2755.75,1,310015,1002510706,101,WA001,9999A-9999E,WA001,300975402
25,2755.75,1,310015,1002510706,101,WA001,9999A-9999E,WA001,300975427
25,2755.75,1,310015,1002510706,101,WA001,9999A-9999E,WA001,300975428
25,2755.75,1,310015,1002510706,101,WA001,9999A-9999E,WA001,300975433
25,2755.75,1,310015,1002510706,101,WA001,9999A-9999E,WA001,300975443
25,2755.75,1,310015,1002510706,101,WA001,9999A-9999E,WA001,300975448
25,2755.75,1,310015,1002510706,101,WA001,9999A-9999E,WA001,300975449
25,2755.75,1,310015,1002510706,101,WA001,9999A-9999E,WA001,300975450
25,2755.75,1,310015,1002510707,101,WA001,9999A-9999E,WA001,300975507
25,2755.75,1,310015,1002510707,101,WA001,9999A-9999E,WA001,300975508
25,2755.75,1,310015,1002510707,101,WA001,9999A-9999E,WA001,300975509
25,2755.75,1,310015,1002510707,101,WA001,9999A-9999E,WA001,300975510
25,2755.75,1,310015,1002510707,101,WA001,9999A-9999E,WA001,300975568
25,2755.75,1,310015,1002510707,101,WA001,9999A-9999E,WA001,300975569
25,2755.75,1,310015,1002510707,101,WA001,9999A-9999E,WA001,300975570
25,2755.75,1,310015,1002510707,101,WA001,9999A-9999E,WA001,300975571
25,2755.75,1,310015,1002510708,101,WA001,9999A-9999E,WA001,300975671
25,2755.75,1,310015,1002510708,101,WA001,9999A-9999E,WA001,300975672
25,2755.75,1,310015,1052510701,101,ID002,3117A-3123A-9999A-9999E,TX001,300974449
25,2755.75,1,310015,1052510701,101,ID002,3117A-3123A-9999A-9999E,TX001,300974450
25,2755.75,1,310015,1052510701,101,ID002,3117A-3123A-9999A-9999E,TX001,300974453
25,2755.75,1,310015,1052510703,101,ID002,3117A-3123A-9999A-9999E,TX001,300974528
25,2755.75,1,310015,1052510703,101,ID002,3117A-3123A-9999A-9999E,TX001,300974529
25,2755.75,1,310015,1052510703,101,ID002,3117A-3123A-9999A-9999E,TX001,300974530
25,2755.75,1,310015,1052510703,101,ID002,3117A-3123A-9999A-9999E,TX001,300974559
25,2755.75,1,310015,1052510703,101,ID002,3117A-3123A-9999A-9999E,TX001,300974560
25,2755.75,1,310015,1052510703,101,ID002,3117A-3123A-9999A-9999E,TX001,300974561
25,2755.75,1,310015,1052510703,101,ID002,3117A-3123A-9999A-9999E,TX001,300974562
25,2755.75,1,310015,1052510704,101,ID002,3117A-3123A-9999A-9999E,TX001,300974596
25,2755.75,1,310015,1052510704,101,ID002,3117A-3123A-9999A-9999E,TX001,300974597
25,2755.75,1,310015,1052510704,101,ID002,3117A-3123A-9999A-9999E,TX001,300974598
25,2755.75,1,310015,1052510704,101,ID002,3117A-3123A-9999A-9999E,TX001,300974599
25,2755.75,1,310015,1052510704,101,ID002,3117A-3123A-9999A-9999E,TX001,300974600
25,2755.75,1,310015,1052510704,101,ID002,3117A-3123A-9999A-9999E,TX001,300974601
25,2755.75,1,310015,1052510704,101,ID002,3117A-3123A-9999A-9999E,TX001,300974602
25,2755.75,1,310015,1052510704,101,ID002,3117A-3123A-9999A-9999E,TX001,300974603
25,2755.75,1,310015,1052510705,101,ID002,3117A-3123A-9999A-9999E,TX001,300974648
25,2755.75,1,310015,1052510705,101,ID002,3117A-3123A-9999A-9999E,TX001,300974649
25,2755.75,1,310015,1052510705,101,ID002,3117A-3123A-9999A-9999E,TX001,300974650
25,2755.75,1,310015,1052510705,101,ID002,3117A-3123A-9999A-9999E,TX001,300974651
25,2755.75,1,310015,1052510705,101,ID002,3117A-3123A-9999A-9999E,TX001,300974705
25,2755.75,1,310015,1052510705,101,ID002,3117A-3123A-9999A-9999E,TX001,300974706
25,2755.75,1,310015,1052510705,101,ID002,3117A-3123A-9999A-9999E,TX001,300974707
25,2755.75,1,310015,1052510705,101,ID002,3117A-3123A-9999A-9999E,TX001,300974708
25,2755.75,1,310015,1052510706,101,ID002,3117A-3123A-3132A-9999A-9999E,TX001,300974717
25,2755.75,1,310015,1052510706,101,ID002,3117A-3123A-3132A-9999A-9999E,TX001,300974718
25,2755.75,1,310015,1052510706,101,ID002,3117A-3123A-3132A-9999A-9999E,TX001,300974719
25,2755.75,1,310015,1052510706,101,ID002,3117A-3123A-3132A-9999A-9999E,TX001,300974720
25,2755.75,1,310015,1052510706,101,ID002,3117A-3123A-3132A-9999A-9999E,TX001,300974759
25,2755.75,1,310015,1052510706,101,ID002,3117A-3123A-3132A-9999A-9999E,TX001,300974760
25,2755.75,1,310015,1052510706,101,ID002,3117A-3123A-3132A-9999A-9999E,TX001,300974761
25,2755.75,1,310015,1052510706,101,ID002,3117A-3123A-3132A-9999A-9999E,TX001,300974762
25,2755.75,1,310015,1052510707,101,ID002,3117A-3123A-9999A-9999E,TX001,300974778
25,2755.75,1,310015,1052510707,101,ID002,3117A-3123A-9999A-9999E,TX001,300974779
25,2755.75,1,310015,1052510707,101,ID002,3117A-3123A-9999A-9999E,TX001,300974780
25,2755.75,1,310015,1052510707,101,ID002,3117A-3123A-9999A-9999E,TX001,300974781
25,2755.75,1,310015,1052510707,101,ID002,3117A-3123A-9999A-9999E,TX001,300974839
25,2755.75,1,310015,1052510707,101,ID002,3117A-3123A-9999A-9999E,TX001,300974841
25,2755.75,1,310015,1052510707,101,ID002,3117A-3123A-9999A-9999E,TX001,300974842
25,2755.75,1,310015,1052510707,101,ID002,3117A-3123A-9999A-9999E,TX001,300974843
25,2755.75,1,310015,1052510708,101,ID002,3117A-3123A-9999A-9999E,TX001,300974846
25,2755.75,1,310015,1052510708,101,ID002,3117A-3123A-9999A-9999E,TX001,300974847
25,2755.75,1,310015,1052510708,101,ID002,3117A-3123A-9999A-9999E,TX001,300974848
25,2755.75,1,310015,1052510708,101,ID002,3117A-3123A-9999A-9999E,TX001,300974849
25,2755.75,1,310015,1052510708,101,ID002,3117A-3123A-9999A-9999E,TX001,300974884
25,2755.75,1,310015,1052510708,101,ID002,3117A-3123A-9999A-9999E,TX001,300974885
25,2755.75,1,310015,1052510710,101,ID002,3117A-3123A-9999A-9999E,TX001,300974951
25,2755.75,1,310015,1052510710,101,ID002,3117A-3123A-9999A-9999E,TX001,300974952
25,2755.75,1,310015,1052510710,101,ID002,3117A-3123A-9999A-9999E,TX001,300974953
25,2755.75,1,310015,1052510711,101,ID002,3117A-3123A-9999A-9999E,TX001,300974965
25,2755.75,1,310015,1052510711,101,ID002,3117A-3123A-9999A-9999E,TX001,300974966
25,2755.75,1,310015,1052510711,101,ID002,3117A-3123A-9999A-9999E,TX001,300974981
25,2755.75,1,310015,1052510711,101,ID002,3117A-3123A-9999A-9999E,TX001,300974982
25,2755.75,1,310015,1052510711,101,ID002,3117A-3123A-9999A-9999E,TX001,300974992
25,2755.75,1,310015,1052510711,101,ID002,3117A-3123A-9999A-9999E,TX001,300974993
25,2755.75,1,310015,1052510711,101,ID002,3117A-3123A-9999A-9999E,TX001,300974994
25,2755.75,1,310015,1052510711,101,ID002,3117A-3123A-9999A-9999E,TX001,300974995
25,2755.75,1,310015,1052510712,101,ID002,3117A-3123A-9999A-9999E,TX001,300975000
25,2755.75,1,310015,1052510712,101,ID002,3117A-3123A-9999A-9999E,TX001,300975013
25,2755.75,1,310015,1052510712,101,ID002,3117A-3123A-9999A-9999E,TX001,300975019
25,2755.75,1,310015,1052510712,101,ID002,3117A-3123A-9999A-9999E,TX001,300975020
25,2755.75,1,310015,1052510714,101,ID002,3117A-3123A-9999A-9999E,TX001,300975263
25,2755.75,1,310015,1052510714,101,ID002,3117A-3123A-9999A-9999E,TX001,300975264
25,2755.75,1,310015,1052510714,101,ID002,3117A-3123A-9999A-9999E,TX001,300975265
25,2755.75,1,310015,1052510714,101,ID002,3117A-3123A-9999A-9999E,TX001,300975267
25,2755.75,1,310015,1052510714,101,ID002,3117A-3123A-9999A-9999E,TX001,300975269
25,2755.75,1,310015,1052510715,101,ID002,3117A-9999A,TX001,300975331
25,2755.75,1,310015,1052510715,101,ID002,3117A-9999A,TX001,300975332
25,2755.75,1,310015,1052510715,101,ID002,3117A-9999A,TX001,300975333
25,2755.75,1,310015,1052510715,101,ID002,3117A-9999A,TX001,300975334
25,2755.75,1,310015,1052510715,101,ID002,3117A-9999A,TX001,300975355
25,2755.75,1,310015,1052510715,101,ID002,3117A-9999A,TX001,300975356
25,2755.75,1,310015,1052510715,101,ID002,3117A-9999A,TX001,300975358
25,2755.75,1,310015,1052510715,101,ID002,3117A-9999A,TX001,300975359
25,2755.75,1,310015,1052510716,101,ID002,3117A-9999A,TX001,300975391
25,2755.75,1,310015,1052510716,101,ID002,3117A-9999A,TX001,300975392
25,2755.75,1,310724,1012510715,101,WA002,3040A-3043A-3045A-3053A-3055A-3055A-9999A-9999E,WA007,300975522
25,2755.75,1,310724,1012510715,101,WA002,3040A-3043A-3045A-3053A-3055A-3055A-9999A-9999E,WA007,300975523
25,2755.75,1,310724,1012510715,101,WA002,3040A-3043A-3045A-3053A-3055A-3055A-9999A-9999E,WA007,300975540
25,2755.75,1,310724,1012510715,101,WA002,3040A-3043A-3045A-3053A-3055A-3055A-9999A-9999E,WA007,300975541
25,2755.75,1,310724,1012510715,101,WA002,3040A-3043A-3045A-3053A-3055A-3055A-9999A-9999E,WA007,300975542
25,2755.75,1,310724,1012510716,101,WA002,3040A-3045A-3053A-3055A-3055A-9999A-9999E,WA007,300975559
25,2755.75,1,310724,1012510716,101,WA002,3040A-3045A-3053A-3055A-3055A-9999A-9999E,WA007,300975560
25,2755.75,1,310724,1012510716,101,WA002,3040A-3045A-3053A-3055A-3055A-9999A-9999E,WA007,300975604
25,2755.75,1,310724,1012510716,101,WA002,3040A-3045A-3053A-3055A-3055A-9999A-9999E,WA007,300975605
25,2755.75,1,310726,1022510751,101,WA003,3002A-3007S-3015A-3025S-3033A-3035A-9999A-9999E,WA007,300975108
25,2755.75,1,310726,1022510751,101,WA003,3002A-3007S-3015A-3025S-3033A-3035A-9999A-9999E,WA007,300975109
25,2755.75,1,310726,1022510751,101,WA003,3002A-3007S-3015A-3025S-3033A-3035A-9999A-9999E,WA007,300975111
25,2755.75,1,310726,1022510751,101,WA003,3002A-3007S-3015A-3025S-3033A-3035A-9999A-9999E,WA007,300975112
25,2755.75,1,310726,1022510751,101,WA003,3002A-3007S-3015A-3025S-3033A-3035A-9999A-9999E,WA007,300975113
25,2755.75,1,310726,1022510751,101,WA003,3002A-3007S-3015A-3025S-3033A-3035A-9999A-9999E,WA007,300975114
25,2755.75,1,310726,1022510751,101,WA003,3002A-3007S-3015A-3025S-3033A-3035A-9999A-9999E,WA007,300975115
25,2755.75,1,310726,1022510751,101,WA003,3002A-3007S-3015A-3025S-3033A-3035A-9999A-9999E,WA007,300975116
25,2755.75,1,310726,1022510752,101,WA003,3002A-3005WGUM-3005WGUM-3007DRYGUM-3007FO-3007S-3015A-3025S-3033A-3035A-9999A-9999C-9999CS-9999E,WA007,300975125
25,2755.75,1,310726,1022510752,101,WA003,3002A-3005WGUM-3005WGUM-3007DRYGUM-3007FO-3007S-3015A-3025S-3033A-3035A-9999A-9999C-9999CS-9999E,WA007,300975126
25,2755.75,1,310726,1022510752,101,WA003,3002A-3005WGUM-3005WGUM-3007DRYGUM-3007FO-3007S-3015A-3025S-3033A-3035A-9999A-9999C-9999CS-9999E,WA007,300975127
25,2755.75,1,310726,1022510752,101,WA003,3002A-3005WGUM-3005WGUM-3007DRYGUM-3007FO-3007S-3015A-3025S-3033A-3035A-9999A-9999C-9999CS-9999E,WA007,300975128
25,2755.75,1,310726,1022510752,101,WA003,3002A-3005WGUM-3005WGUM-3007DRYGUM-3007FO-3007S-3015A-3025S-3033A-3035A-9999A-9999C-9999CS-9999E,WA007,300975129
25,2755.75,1,310726,1022510752,101,WA003,3002A-3005WGUM-3005WGUM-3007DRYGUM-3007FO-3007S-3015A-3025S-3033A-3035A-9999A-9999C-9999CS-9999E,WA007,300975130
25,2755.75,1,310726,1022510752,101,WA003,3002A-3005WGUM-3005WGUM-3007DRYGUM-3007FO-3007S-3015A-3025S-3033A-3035A-9999A-9999C-9999CS-9999E,WA007,300975131
25,2755.75,1,310726,1022510752,101,WA003,3002A-3005WGUM-3005WGUM-3007DRYGUM-3007FO-3007S-3015A-3025S-3033A-3035A-9999A-9999C-9999CS-9999E,WA007,300975205
25,2755.75,1,310726,1022510753,101,WA003,3002A-3005WGUM-3005WGUM-3007DRYGUM-3007FO-3007S-3015A-3025S-3033A-3035A-9999A-9999C-9999CS-9999E,WA007,300975210
25,2755.75,1,310726,1022510753,101,WA003,3002A-3005WGUM-3005WGUM-3007DRYGUM-3007FO-3007S-3015A-3025S-3033A-3035A-9999A-9999C-9999CS-9999E,WA007,300975276
25,2755.75,1,310726,1022510753,101,WA003,3002A-3005WGUM-3005WGUM-3007DRYGUM-3007FO-3007S-3015A-3025S-3033A-3035A-9999A-9999C-9999CS-9999E,WA007,300975277
25,2755.75,1,310726,1022510753,101,WA003,3002A-3005WGUM-3005WGUM-3007DRYGUM-3007FO-3007S-3015A-3025S-3033A-3035A-9999A-9999C-9999CS-9999E,WA007,300975324
25,2755.75,1,310726,1022510753,101,WA003,3002A-3005WGUM-3005WGUM-3007DRYGUM-3007FO-3007S-3015A-3025S-3033A-3035A-9999A-9999C-9999CS-9999E,WA007,300975325
25,2755.75,1,310726,1022510753,101,WA003,3002A-3005WGUM-3005WGUM-3007DRYGUM-3007FO-3007S-3015A-3025S-3033A-3035A-9999A-9999C-9999CS-9999E,WA007,300975326
25,2755.75,1,310726,1022510753,101,WA003,3002A-3005WGUM-3005WGUM-3007DRYGUM-3007FO-3007S-3015A-3025S-3033A-3035A-9999A-9999C-9999CS-9999E,WA007,300975327
25,2755.75,1,310726,1022510753,101,WA003,3002A-3005WGUM-3005WGUM-3007DRYGUM-3007FO-3007S-3015A-3025S-3033A-3035A-9999A-9999C-9999CS-9999E,WA007,300975329
25,2755.75,1,310726,1022510754,101,WA003,3002A-3005WGUM-3005WGUM-3007DRYGUM-3007FO-3007S-3015A-3025S-3033A-3035A-9999A-9999C-9999CS-9999E,WA007,300975346
25,2755.75,1,310726,1022510754,101,WA003,3002A-3005WGUM-3005WGUM-3007DRYGUM-3007FO-3007S-3015A-3025S-3033A-3035A-9999A-9999C-9999CS-9999E,WA007,300975347
25,2755.75,1,310726,1022510754,101,WA003,3002A-3005WGUM-3005WGUM-3007DRYGUM-3007FO-3007S-3015A-3025S-3033A-3035A-9999A-9999C-9999CS-9999E,WA007,300975348
25,2755.75,1,310726,1022510754,101,WA003,3002A-3005WGUM-3005WGUM-3007DRYGUM-3007FO-3007S-3015A-3025S-3033A-3035A-9999A-9999C-9999CS-9999E,WA007,300975349
25,2755.75,1,310726,1022510754,101,WA003,3002A-3005WGUM-3005WGUM-3007DRYGUM-3007FO-3007S-3015A-3025S-3033A-3035A-9999A-9999C-9999CS-9999E,WA007,300975429
25,2755.75,1,310726,1022510754,101,WA003,3002A-3005WGUM-3005WGUM-3007DRYGUM-3007FO-3007S-3015A-3025S-3033A-3035A-9999A-9999C-9999CS-9999E,WA007,300975430
25,2755.75,1,310726,1022510754,101,WA003,3002A-3005WGUM-3005WGUM-3007DRYGUM-3007FO-3007S-3015A-3025S-3033A-3035A-9999A-9999C-9999CS-9999E,WA007,300975431
25,2755.75,1,310726,1022510754,101,WA003,3002A-3005WGUM-3005WGUM-3007DRYGUM-3007FO-3007S-3015A-3025S-3033A-3035A-9999A-9999C-9999CS-9999E,WA007,300975432
25,2755.75,1,310726,1022510755,101,WA003,3002A-3005WGUM-3005WGUM-3007DRYGUM-3007FO-3007S-3015A-3025S-3033A-3035A-9999A-9999C-9999CS-9999E,WA007,300975444
25,2755.75,1,310726,1022510755,101,WA003,3002A-3005WGUM-3005WGUM-3007DRYGUM-3007FO-3007S-3015A-3025S-3033A-3035A-9999A-9999C-9999CS-9999E,WA007,300975445
25,2755.75,1,310726,1022510755,101,WA003,3002A-3005WGUM-3005WGUM-3007DRYGUM-3007FO-3007S-3015A-3025S-3033A-3035A-9999A-9999C-9999CS-9999E,WA007,300975447
25,2755.75,1,310726,1022510755,101,WA003,3002A-3005WGUM-3005WGUM-3007DRYGUM-3007FO-3007S-3015A-3025S-3033A-3035A-9999A-9999C-9999CS-9999E,WA007,300975455
25,2755.75,1,310726,1022510755,101,WA003,3002A-3005WGUM-3005WGUM-3007DRYGUM-3007FO-3007S-3015A-3025S-3033A-3035A-9999A-9999C-9999CS-9999E,WA007,300975524
25,2755.75,1,310726,1022510755,101,WA003,3002A-3005WGUM-3005WGUM-3007DRYGUM-3007FO-3007S-3015A-3025S-3033A-3035A-9999A-9999C-9999CS-9999E,WA007,300975525
25,2755.75,1,310726,1022510755,101,WA003,3002A-3005WGUM-3005WGUM-3007DRYGUM-3007FO-3007S-3015A-3025S-3033A-3035A-9999A-9999C-9999CS-9999E,WA007,300975552
25,2755.75,1,310726,1022510755,101,WA003,3002A-3005WGUM-3005WGUM-3007DRYGUM-3007FO-3007S-3015A-3025S-3033A-3035A-9999A-9999C-9999CS-9999E,WA007,300975553
25,2755.75,1,310726,1022510756,101,WA003,3002A-3005WGUM-3005WGUM-3007DRYGUM-3007FO-3007S-3015A-3025S-3035A-9999A-9999C-9999CS-9999E,WA007,300975600
25,2755.75,1,310726,1022510756,101,WA003,3002A-3005WGUM-3005WGUM-3007DRYGUM-3007FO-3007S-3015A-3025S-3035A-9999A-9999C-9999CS-9999E,WA007,300975601
25,2755.75,1,310726,1022510756,101,WA003,3002A-3005WGUM-3005WGUM-3007DRYGUM-3007FO-3007S-3015A-3025S-3035A-9999A-9999C-9999CS-9999E,WA007,300975602
25,2755.75,1,310726,1022510756,101,WA003,3002A-3005WGUM-3005WGUM-3007DRYGUM-3007FO-3007S-3015A-3025S-3035A-9999A-9999C-9999CS-9999E,WA007,300975613
25,2755.75,1,310726,1022510756,101,WA003,3002A-3005WGUM-3005WGUM-3007DRYGUM-3007FO-3007S-3015A-3025S-3035A-9999A-9999C-9999CS-9999E,WA007,300975614
25,2755.75,1,310726,1022510756,101,WA003,3002A-3005WGUM-3005WGUM-3007DRYGUM-3007FO-3007S-3015A-3025S-3035A-9999A-9999C-9999CS-9999E,WA007,300975715
25,2755.75,1,310726,1022510756,101,WA003,3002A-3005WGUM-3005WGUM-3007DRYGUM-3007FO-3007S-3015A-3025S-3035A-9999A-9999C-9999CS-9999E,WA007,300975717
25,2755.75,1,310726,1022510756,101,WA003,3002A-3005WGUM-3005WGUM-3007DRYGUM-3007FO-3007S-3015A-3025S-3035A-9999A-9999C-9999CS-9999E,WA007,300975718
25,2755.75,1,310726,1022510757,101,WA003,3002A-3005WGUM-3005WGUM-3007DRYGUM-3007FO-3007S-3015A-3025S-3033A-3035A-9999A-9999C-9999CS-9999E,WA007,300975720
25,2755.75,1,310726,1022510757,101,WA003,3002A-3005WGUM-3005WGUM-3007DRYGUM-3007FO-3007S-3015A-3025S-3033A-3035A-9999A-9999C-9999CS-9999E,WA007,300975722
25,2755.75,1,310726,1022510757,101,WA003,3002A-3005WGUM-3005WGUM-3007DRYGUM-3007FO-3007S-3015A-3025S-3033A-3035A-9999A-9999C-9999CS-9999E,WA007,300975723
25,2755.75,1,310726,1022510757,101,WA003,3002A-3005WGUM-3005WGUM-3007DRYGUM-3007FO-3007S-3015A-3025S-3033A-3035A-9999A-9999C-9999CS-9999E,WA007,300975774
25,2755.75,1,310726,1022510757,101,WA003,3002A-3005WGUM-3005WGUM-3007DRYGUM-3007FO-3007S-3015A-3025S-3033A-3035A-9999A-9999C-9999CS-9999E,WA007,300975775
25,2755.75,1,310726,1022510757,101,WA003,3002A-3005WGUM-3005WGUM-3007DRYGUM-3007FO-3007S-3015A-3025S-3033A-3035A-9999A-9999C-9999CS-9999E,WA007,300975776
25,2755.75,1,310726,1022510757,101,WA003,3002A-3005WGUM-3005WGUM-3007DRYGUM-3007FO-3007S-3015A-3025S-3033A-3035A-9999A-9999C-9999CS-9999E,WA007,300975778
25,2755.75,1,310726,1022510757,101,WA003,3002A-3005WGUM-3005WGUM-3007DRYGUM-3007FO-3007S-3015A-3025S-3033A-3035A-9999A-9999C-9999CS-9999E,WA007,300975779
25,2755.75,1,310726,1022510758,101,WA003,3005WGUM-3005WGUM-3007DRYGUM-3007FO-3007S-3025S-3033A-3035A-9999A-9999C-9999CS-9999E,WA007,300975781
25,2755.75,1,310726,1022510758,101,WA003,3005WGUM-3005WGUM-3007DRYGUM-3007FO-3007S-3025S-3033A-3035A-9999A-9999C-9999CS-9999E,WA007,300975788
25,2755.75,1,310726,1022510758,101,WA003,3005WGUM-3005WGUM-3007DRYGUM-3007FO-3007S-3025S-3033A-3035A-9999A-9999C-9999CS-9999E,WA007,300975789
25,2755.75,1,310726,1022510758,101,WA003,3005WGUM-3005WGUM-3007DRYGUM-3007FO-3007S-3025S-3033A-3035A-9999A-9999C-9999CS-9999E,WA007,300975801
25,2755.75,1,310726,1022510758,101,WA003,3005WGUM-3005WGUM-3007DRYGUM-3007FO-3007S-3025S-3033A-3035A-9999A-9999C-9999CS-9999E,WA007,300975802
25,2755.75,1,310726,1022510758,101,WA003,3005WGUM-3005WGUM-3007DRYGUM-3007FO-3007S-3025S-3033A-3035A-9999A-9999C-9999CS-9999E,WA007,300975803
25,2755.75,1,310726,1022510758,101,WA003,3005WGUM-3005WGUM-3007DRYGUM-3007FO-3007S-3025S-3033A-3035A-9999A-9999C-9999CS-9999E,WA007,300975804
25,2755.75,1,310726,1022510758,101,WA003,3005WGUM-3005WGUM-3007DRYGUM-3007FO-3007S-3025S-3033A-3035A-9999A-9999C-9999CS-9999E,WA007,300975805
25,2755.75,1,310726,1022510759,101,WA003,3005WGUM-3005WGUM-3007DRYGUM-3007FO-3007S-3025S-3033A-3035A-9999A-9999C-9999CS-9999E,WA007,300975859
25,2755.75,1,310726,1022510759,101,WA003,3005WGUM-3005WGUM-3007DRYGUM-3007FO-3007S-3025S-3033A-3035A-9999A-9999C-9999CS-9999E,WA007,300975860
25,2755.75,1,310726,1022510759,101,WA003,3005WGUM-3005WGUM-3007DRYGUM-3007FO-3007S-3025S-3033A-3035A-9999A-9999C-9999CS-9999E,WA007,300975861
25,2755.75,1,310726,1022510759,101,WA003,3005WGUM-3005WGUM-3007DRYGUM-3007FO-3007S-3025S-3033A-3035A-9999A-9999C-9999CS-9999E,WA007,300975862
25,2755.75,1,310726,1022510759,101,WA003,3005WGUM-3005WGUM-3007DRYGUM-3007FO-3007S-3025S-3033A-3035A-9999A-9999C-9999CS-9999E,WA007,300975879
25,2755.75,1,310726,1022510759,101,WA003,3005WGUM-3005WGUM-3007DRYGUM-3007FO-3007S-3025S-3033A-3035A-9999A-9999C-9999CS-9999E,WA007,300975880
25,2755.75,1,310726,1022510759,101,WA003,3005WGUM-3005WGUM-3007DRYGUM-3007FO-3007S-3025S-3033A-3035A-9999A-9999C-9999CS-9999E,WA007,300975881
25,2755.75,1,310726,1022510759,101,WA003,3005WGUM-3005WGUM-3007DRYGUM-3007FO-3007S-3025S-3033A-3035A-9999A-9999C-9999CS-9999E,WA007,300975882
25,2755.75,1,310726,1022510760,101,WA003,3005WGUM-3005WGUM-3007DRYGUM-3007S-3025S-3033A-3035A-9999A-9999C-9999CS-9999E,WA007,300975887
25,2755.75,1,310726,1022510760,101,WA003,3005WGUM-3005WGUM-3007DRYGUM-3007S-3025S-3033A-3035A-9999A-9999C-9999CS-9999E,WA007,300975888
25,2755.75,1,310726,1022510760,101,WA003,3005WGUM-3005WGUM-3007DRYGUM-3007S-3025S-3033A-3035A-9999A-9999C-9999CS-9999E,WA007,300975889
25,2755.75,1,310726,1022510760,101,WA003,3005WGUM-3005WGUM-3007DRYGUM-3007S-3025S-3033A-3035A-9999A-9999C-9999CS-9999E,WA007,300975903
25,2755.75,1,310726,1022510760,101,WA003,3005WGUM-3005WGUM-3007DRYGUM-3007S-3025S-3033A-3035A-9999A-9999C-9999CS-9999E,WA007,300975904
25,2755.75,1,310726,1022510760,101,WA003,3005WGUM-3005WGUM-3007DRYGUM-3007S-3025S-3033A-3035A-9999A-9999C-9999CS-9999E,WA007,300975905
25,2755.75,1,310726,1022510760,101,WA003,3005WGUM-3005WGUM-3007DRYGUM-3007S-3025S-3033A-3035A-9999A-9999C-9999CS-9999E,WA007,300976002
25,2755.75,1,310726,1022510760,101,WA003,3005WGUM-3005WGUM-3007DRYGUM-3007S-3025S-3033A-3035A-9999A-9999C-9999CS-9999E,WA007,300976003
25,2755.75,1,310726,1022510761,101,WA003,3025S-9999A-9999E,WA007,300976004
25,2755.75,1,310726,1022510761,101,WA003,3025S-9999A-9999E,WA007,300976005
25,2755.75,1,310726,1022510761,101,WA003,3025S-9999A-9999E,WA007,300976006
25,2755.75,1,310726,1022510761,101,WA003,3025S-9999A-9999E,WA007,300976007
25,2755.75,1,310726,1022510761,101,WA003,3025S-9999A-9999E,WA007,300976012
25,2755.75,1,310726,1022510761,101,WA003,3025S-9999A-9999E,WA007,300976071
25,2755.75,1,310726,1022510761,101,WA003,3025S-9999A-9999E,WA007,300976073
25,2755.75,1,310726,1022510761,101,WA003,3025S-9999A-9999E,WA007,300976075
25,2755.75,1,310726,1022510762,101,WA003,3025S-9999A-9999E,WA007,300976077
25,2755.75,1,310726,1022510762,101,WA003,3025S-9999A-9999E,WA007,300976078
25,2755.75,1,310726,1022510762,101,WA003,3025S-9999A-9999E,WA007,300976080
25,2755.75,1,310726,1022510762,101,WA003,3025S-9999A-9999E,WA007,300976092
25,2755.75,1,310726,1022510762,101,WA003,3025S-9999A-9999E,WA007,300976121
25,2755.75,1,310726,1022510762,101,WA003,3025S-9999A-9999E,WA007,300976122
25,2755.75,1,310726,1022510762,101,WA003,3025S-9999A-9999E,WA007,300976123
25,2755.75,1,310726,1022510762,101,WA003,3025S-9999A-9999E,WA007,300976124
26,2755.75,1,310015,1052510601,101,ID002,3117A-3123A-3123A-9999A-9999E,TX001,300973135
26,2755.75,1,310015,1052510601,101,ID002,3117A-3123A-3123A-9999A-9999E,TX001,300973136
26,2755.75,1,310015,1052510601,101,ID002,3117A-3123A-3123A-9999A-9999E,TX001,300973137
26,2755.75,1,310015,1052510601,101,ID002,3117A-3123A-3123A-9999A-9999E,TX001,300973138
26,2755.75,1,310015,1052510601,101,ID002,3117A-3123A-3123A-9999A-9999E,TX001,300973139
26,2755.75,1,310015,1052510601,101,ID002,3117A-3123A-3123A-9999A-9999E,TX001,300973140
26,2755.75,1,310015,1052510602,101,ID002,3117A-3117A-3117S-3123A-3123A-3123A-9999A-9999E-9999A-9999E,TX001,300973203
26,2755.75,1,310015,1052510602,101,ID002,3117A-3117A-3117S-3123A-3123A-3123A-9999A-9999E-9999A-9999E,TX001,300973204
26,2755.75,1,310015,1052510602,101,ID002,3117A-3117A-3117S-3123A-3123A-3123A-9999A-9999E-9999A-9999E,TX001,300973205
26,2755.75,1,310015,1052510602,101,ID002,3117A-3117A-3117S-3123A-3123A-3123A-9999A-9999E-9999A-9999E,TX001,300973305
26,2590.405,1,310015,1052510602,101,ID002,3117A-3117A-3117S-3123A-3123A-3123A-9999A-9999E-9999A-9999E,TX001,300973379
26,2755.75,1,310015,1052510603,101,ID002,3117A-3123A-9999A-9999E,TX001,300973387
26,2755.75,1,310015,1052510603,101,ID002,3117A-3123A-9999A-9999E,TX001,300973390
26,2755.75,1,310015,1052510603,101,ID002,3117A-3123A-9999A-9999E,TX001,300973391
26,2755.75,1,310015,1052510603,101,ID002,3117A-3123A-9999A-9999E,TX001,300973392
26,2755.75,1,310015,1052510603,101,ID002,3117A-3123A-9999A-9999E,TX001,300973405
26,2755.75,1,310015,1052510603,101,ID002,3117A-3123A-9999A-9999E,TX001,300973406
26,2755.75,1,310015,1052510603,101,ID002,3117A-3123A-9999A-9999E,TX001,300973407
26,2755.75,1,310015,1052510603,101,ID002,3117A-3123A-9999A-9999E,TX001,300973408
26,2755.75,1,310015,1052510604,101,ID002,3117A-3123A-9999A-9999E,TX001,300973460
26,2755.75,1,310015,1052510604,101,ID002,3117A-3123A-9999A-9999E,TX001,300973462
26,2755.75,1,310015,1052510604,101,ID002,3117A-3123A-9999A-9999E,TX001,300973463
26,2755.75,1,310015,1052510604,101,ID002,3117A-3123A-9999A-9999E,TX001,300973465
26,2755.75,1,310015,1052510604,101,ID002,3117A-3123A-9999A-9999E,TX001,300973467
26,2755.75,1,310015,1052510604,101,ID002,3117A-3123A-9999A-9999E,TX001,300973469
26,2755.75,1,310015,1052510604,101,ID002,3117A-3123A-9999A-9999E,TX001,300973470
26,2755.75,1,310015,1052510604,101,ID002,3117A-3123A-9999A-9999E,TX001,300973473
26,2755.75,1,310015,1052510606,101,ID002,3117A-3123A-9999A-9999E,TX001,300973648
26,2755.75,1,310015,1052510607,101,ID002,3117A-9999A,TX001,300973649
26,2755.75,1,310015,1052510607,101,ID002,3117A-9999A,TX001,300973650
26,2755.75,1,310015,1052510607,101,ID002,3117A-9999A,TX001,300973651
26,2755.75,1,310015,1052510607,101,ID002,3117A-9999A,TX001,300973652
26,2755.75,1,310015,1052510607,101,ID002,3117A-9999A,TX001,300973653
26,2755.75,1,310015,1052510607,101,ID002,3117A-9999A,TX001,300973654
26,2755.75,1,310015,1052510607,101,ID002,3117A-9999A,TX001,300973655
26,2755.75,1,310015,1052510607,101,ID002,3117A-9999A,TX001,300973656
26,2755.75,1,310015,1052510608,101,ID002,3117A-9999A,TX001,300973682
26,2755.75,1,310015,1052510608,101,ID002,3117A-9999A,TX001,300973683
26,2755.75,1,310015,1052510608,101,ID002,3117A-9999A,TX001,300973684
26,2755.75,1,310015,1052510608,101,ID002,3117A-9999A,TX001,300973685
26,2755.75,1,310015,1052510608,101,ID002,3117A-9999A,TX001,300973836
26,2755.75,1,310015,1052510608,101,ID002,3117A-9999A,TX001,300973838
26,2755.75,1,310015,1052510610,101,ID002,3117A-3123A-9999A-9999E,TX001,300974069
26,2755.75,1,310015,1052510610,101,ID002,3117A-3123A-9999A-9999E,TX001,300974117
26,2755.75,1,310015,1052510610,101,ID002,3117A-3123A-9999A-9999E,TX001,300974118
26,2755.75,1,310015,1052510611,101,ID002,3117A-3123A-9999A-9999E,TX001,300974121
26,2755.75,1,310015,1052510611,101,ID002,3117A-3123A-9999A-9999E,TX001,300974122
26,2755.75,1,310015,1052510611,101,ID002,3117A-3123A-9999A-9999E,TX001,300974123
26,2755.75,1,310015,1052510611,101,ID002,3117A-3123A-9999A-9999E,TX001,300974124
26,2755.75,1,310015,1052510611,101,ID002,3117A-3123A-9999A-9999E,TX001,300974126
26,2755.75,1,310015,1052510611,101,ID002,3117A-3123A-9999A-9999E,TX001,300974129
26,2755.75,1,310015,1052510611,101,ID002,3117A-3123A-9999A-9999E,TX001,300974130
26,2755.75,1,310015,1052510611,101,ID002,3117A-3123A-9999A-9999E,TX001,300974132
26,2700.635,1,310015,1052510612,101,ID002,3117A-3123A-9999A-9999E,TX001,300974203
26,2755.75,1,310015,1052510612,101,ID002,3117A-3123A-9999A-9999E,TX001,300974204
26,2755.75,1,310015,1052510612,101,ID002,3117A-3123A-9999A-9999E,TX001,300974205
26,2755.75,1,310015,1052510612,101,ID002,3117A-3123A-9999A-9999E,TX001,300974206
26,2755.75,1,310015,1052510612,101,ID002,3117A-3123A-9999A-9999E,TX001,300974207
26,2755.75,1,310015,1052510612,101,ID002,3117A-3123A-9999A-9999E,TX001,300974208
26,2755.75,1,310015,1052510612,101,ID002,3117A-3123A-9999A-9999E,TX001,300974215
26,2755.75,1,310015,1052510612,101,ID002,3117A-3123A-9999A-9999E,TX001,300974216
26,2755.75,1,310015,1052510613,101,ID002,3117A-3123A-9999A-9999E,TX001,300974270
26,2755.75,1,310015,1052510613,101,ID002,3117A-3123A-9999A-9999E,TX001,300974271
26,2755.75,1,310015,1052510613,101,ID002,3117A-3123A-9999A-9999E,TX001,300974272
26,2755.75,1,310015,1052510613,101,ID002,3117A-3123A-9999A-9999E,TX001,300974273
26,2755.75,1,310015,1052510613,101,ID002,3117A-3123A-9999A-9999E,TX001,300974274
26,2755.75,1,310015,1052510613,101,ID002,3117A-3123A-9999A-9999E,TX001,300974275
26,2755.75,1,310015,1052510613,101,ID002,3117A-3123A-9999A-9999E,TX001,300974276
26,2755.75,1,310015,1052510613,101,ID002,3117A-3123A-9999A-9999E,TX001,300974277
26,2755.75,1,310015,1052510614,101,ID002,3117A-3123A-9999A-9999E,TX001,300974335
26,2755.75,1,310015,1052510614,101,ID002,3117A-3123A-9999A-9999E,TX001,300974336
26,2755.75,1,310015,1052510614,101,ID002,3117A-3123A-9999A-9999E,TX001,300974337
26,2755.75,1,310015,1052510614,101,ID002,3117A-3123A-9999A-9999E,TX001,300974361
26,2755.75,1,310015,1052510614,101,ID002,3117A-3123A-9999A-9999E,TX001,300974362
26,2755.75,1,310015,1052510614,101,ID002,3117A-3123A-9999A-9999E,TX001,300974363
26,2755.75,1,310015,1052510614,101,ID002,3117A-3123A-9999A-9999E,TX001,300974364
26,55.115,0,310724,1012510607,101,WA002,3040A-3043A-3045A-3053A-9999A-9999C-9999E,WA007,300973638
26,2755.75,1,310726,1022510651,101,WA003,3002A-3007S-3025S-3033A-3035A-9999A-9999E,WA007,300973805
26,2755.75,1,310726,1022510651,101,WA003,3002A-3007S-3025S-3033A-3035A-9999A-9999E,WA007,300973883
26,2755.75,1,310726,1022510651,101,WA003,3002A-3007S-3025S-3033A-3035A-9999A-9999E,WA007,300973885
26,2755.75,1,310726,1022510651,101,WA003,3002A-3007S-3025S-3033A-3035A-9999A-9999E,WA007,300973911
26,2755.75,1,310726,1022510651,101,WA003,3002A-3007S-3025S-3033A-3035A-9999A-9999E,WA007,300973912
26,2755.75,1,310726,1022510651,101,WA003,3002A-3007S-3025S-3033A-3035A-9999A-9999E,WA007,300973913
26,2755.75,1,310726,1022510651,101,WA003,3002A-3007S-3025S-3033A-3035A-9999A-9999E,WA007,300973914
26,2755.75,1,310726,1022510651,101,WA003,3002A-3007S-3025S-3033A-3035A-9999A-9999E,WA007,300973915
26,2755.75,1,310726,1022510652,101,WA003,3002A-3005WGUM-3005WGUM-3007DRYGUM-3007FO-3007S-3015A-3025S-3033A-3035A-9999A-9999C-9999CS-9999E,WA007,300973942
26,2755.75,1,310726,1022510652,101,WA003,3002A-3005WGUM-3005WGUM-3007DRYGUM-3007FO-3007S-3015A-3025S-3033A-3035A-9999A-9999C-9999CS-9999E,WA007,300973943
26,2755.75,1,310726,1022510652,101,WA003,3002A-3005WGUM-3005WGUM-3007DRYGUM-3007FO-3007S-3015A-3025S-3033A-3035A-9999A-9999C-9999CS-9999E,WA007,300973944
26,2755.75,1,310726,1022510652,101,WA003,3002A-3005WGUM-3005WGUM-3007DRYGUM-3007FO-3007S-3015A-3025S-3033A-3035A-9999A-9999C-9999CS-9999E,WA007,300973945
26,2755.75,1,310726,1022510652,101,WA003,3002A-3005WGUM-3005WGUM-3007DRYGUM-3007FO-3007S-3015A-3025S-3033A-3035A-9999A-9999C-9999CS-9999E,WA007,300973947
26,2755.75,1,310726,1022510652,101,WA003,3002A-3005WGUM-3005WGUM-3007DRYGUM-3007FO-3007S-3015A-3025S-3033A-3035A-9999A-9999C-9999CS-9999E,WA007,300973948
26,2755.75,1,310726,1022510652,101,WA003,3002A-3005WGUM-3005WGUM-3007DRYGUM-3007FO-3007S-3015A-3025S-3033A-3035A-9999A-9999C-9999CS-9999E,WA007,300973949
26,2755.75,1,310726,1022510652,101,WA003,3002A-3005WGUM-3005WGUM-3007DRYGUM-3007FO-3007S-3015A-3025S-3033A-3035A-9999A-9999C-9999CS-9999E,WA007,300973952
26,2755.75,1,310726,1022510653,101,WA003,3002A-3005WGUM-3005WGUM-3007DRYGUM-3007FO-3007S-3015A-3025S-3033A-3035A-9999A-9999C-9999CS-9999E,WA007,300974023
26,2755.75,1,310726,1022510653,101,WA003,3002A-3005WGUM-3005WGUM-3007DRYGUM-3007FO-3007S-3015A-3025S-3033A-3035A-9999A-9999C-9999CS-9999E,WA007,300974024
26,2755.75,1,310726,1022510653,101,WA003,3002A-3005WGUM-3005WGUM-3007DRYGUM-3007FO-3007S-3015A-3025S-3033A-3035A-9999A-9999C-9999CS-9999E,WA007,300974025
26,2755.75,1,310726,1022510653,101,WA003,3002A-3005WGUM-3005WGUM-3007DRYGUM-3007FO-3007S-3015A-3025S-3033A-3035A-9999A-9999C-9999CS-9999E,WA007,300974026
26,2755.75,1,310726,1022510653,101,WA003,3002A-3005WGUM-3005WGUM-3007DRYGUM-3007FO-3007S-3015A-3025S-3033A-3035A-9999A-9999C-9999CS-9999E,WA007,300974070
26,2755.75,1,310726,1022510653,101,WA003,3002A-3005WGUM-3005WGUM-3007DRYGUM-3007FO-3007S-3015A-3025S-3033A-3035A-9999A-9999C-9999CS-9999E,WA007,300974071
26,2755.75,1,310726,1022510653,101,WA003,3002A-3005WGUM-3005WGUM-3007DRYGUM-3007FO-3007S-3015A-3025S-3033A-3035A-9999A-9999C-9999CS-9999E,WA007,300974072
26,2755.75,1,310726,1022510653,101,WA003,3002A-3005WGUM-3005WGUM-3007DRYGUM-3007FO-3007S-3015A-3025S-3033A-3035A-9999A-9999C-9999CS-9999E,WA007,300974073
26,2755.75,1,310726,1022510654,101,WA003,3002A-3005WGUM-3005WGUM-3007DRYGUM-3007FO-3007S-3015A-3025S-3033A-3035A-9999A-9999C-9999CS-9999E,WA007,300974229
26,2755.75,1,310726,1022510654,101,WA003,3002A-3005WGUM-3005WGUM-3007DRYGUM-3007FO-3007S-3015A-3025S-3033A-3035A-9999A-9999C-9999CS-9999E,WA007,300974230
26,2755.75,1,310726,1022510654,101,WA003,3002A-3005WGUM-3005WGUM-3007DRYGUM-3007FO-3007S-3015A-3025S-3033A-3035A-9999A-9999C-9999CS-9999E,WA007,300974232
26,2755.75,1,310726,1022510654,101,WA003,3002A-3005WGUM-3005WGUM-3007DRYGUM-3007FO-3007S-3015A-3025S-3033A-3035A-9999A-9999C-9999CS-9999E,WA007,300974233
26,2755.75,1,310726,1022510654,101,WA003,3002A-3005WGUM-3005WGUM-3007DRYGUM-3007FO-3007S-3015A-3025S-3033A-3035A-9999A-9999C-9999CS-9999E,WA007,300974248
26,2755.75,1,310726,1022510654,101,WA003,3002A-3005WGUM-3005WGUM-3007DRYGUM-3007FO-3007S-3015A-3025S-3033A-3035A-9999A-9999C-9999CS-9999E,WA007,300974249
26,2755.75,1,310726,1022510654,101,WA003,3002A-3005WGUM-3005WGUM-3007DRYGUM-3007FO-3007S-3015A-3025S-3033A-3035A-9999A-9999C-9999CS-9999E,WA007,300974259
26,2755.75,1,310726,1022510654,101,WA003,3002A-3005WGUM-3005WGUM-3007DRYGUM-3007FO-3007S-3015A-3025S-3033A-3035A-9999A-9999C-9999CS-9999E,WA007,300974260
26,2755.75,1,310726,1022510655,101,WA003,3002A-3005WGUM-3005WGUM-3007DRYGUM-3007FO-3007S-3015A-3025S-3033A-3035A-9999A-9999C-9999CS-9999E,WA007,300974303
26,2755.75,1,310726,1022510655,101,WA003,3002A-3005WGUM-3005WGUM-3007DRYGUM-3007FO-3007S-3015A-3025S-3033A-3035A-9999A-9999C-9999CS-9999E,WA007,300974304
26,2755.75,1,310726,1022510655,101,WA003,3002A-3005WGUM-3005WGUM-3007DRYGUM-3007FO-3007S-3015A-3025S-3033A-3035A-9999A-9999C-9999CS-9999E,WA007,300974306
26,2755.75,1,310726,1022510655,101,WA003,3002A-3005WGUM-3005WGUM-3007DRYGUM-3007FO-3007S-3015A-3025S-3033A-3035A-9999A-9999C-9999CS-9999E,WA007,300974307
26,2755.75,1,310726,1022510655,101,WA003,3002A-3005WGUM-3005WGUM-3007DRYGUM-3007FO-3007S-3015A-3025S-3033A-3035A-9999A-9999C-9999CS-9999E,WA007,300974318
26,2755.75,1,310726,1022510655,101,WA003,3002A-3005WGUM-3005WGUM-3007DRYGUM-3007FO-3007S-3015A-3025S-3033A-3035A-9999A-9999C-9999CS-9999E,WA007,300974319
26,2755.75,1,310726,1022510655,101,WA003,3002A-3005WGUM-3005WGUM-3007DRYGUM-3007FO-3007S-3015A-3025S-3033A-3035A-9999A-9999C-9999CS-9999E,WA007,300974320
26,2755.75,1,310726,1022510655,101,WA003,3002A-3005WGUM-3005WGUM-3007DRYGUM-3007FO-3007S-3015A-3025S-3033A-3035A-9999A-9999C-9999CS-9999E,WA007,300974321
26,2755.75,1,310726,1022510656,101,WA003,3002A-3005WGUM-3005WGUM-3007DRYGUM-3007FO-3007S-3015A-3025S-3033A-3035A-9999A-9999C-9999CS-9999E,WA007,300974333
26,2755.75,1,310726,1022510656,101,WA003,3002A-3005WGUM-3005WGUM-3007DRYGUM-3007FO-3007S-3015A-3025S-3033A-3035A-9999A-9999C-9999CS-9999E,WA007,300974334
26,2755.75,1,310726,1022510656,101,WA003,3002A-3005WGUM-3005WGUM-3007DRYGUM-3007FO-3007S-3015A-3025S-3033A-3035A-9999A-9999C-9999CS-9999E,WA007,300974347
26,2755.75,1,310726,1022510656,101,WA003,3002A-3005WGUM-3005WGUM-3007DRYGUM-3007FO-3007S-3015A-3025S-3033A-3035A-9999A-9999C-9999CS-9999E,WA007,300974366
26,2755.75,1,310726,1022510656,101,WA003,3002A-3005WGUM-3005WGUM-3007DRYGUM-3007FO-3007S-3015A-3025S-3033A-3035A-9999A-9999C-9999CS-9999E,WA007,300974367
26,2755.75,1,310726,1022510656,101,WA003,3002A-3005WGUM-3005WGUM-3007DRYGUM-3007FO-3007S-3015A-3025S-3033A-3035A-9999A-9999C-9999CS-9999E,WA007,300974368
26,2755.75,1,310726,1022510656,101,WA003,3002A-3005WGUM-3005WGUM-3007DRYGUM-3007FO-3007S-3015A-3025S-3033A-3035A-9999A-9999C-9999CS-9999E,WA007,300974413
26,2755.75,1,310726,1022510656,101,WA003,3002A-3005WGUM-3005WGUM-3007DRYGUM-3007FO-3007S-3015A-3025S-3033A-3035A-9999A-9999C-9999CS-9999E,WA007,300974414
26,2755.75,1,310726,1022510657,101,WA003,3002A-3005WGUM-3005WGUM-3007DRYGUM-3007FO-3007S-3015A-3025S-3033A-3035A-9999A-9999C-9999CS-9999E,WA007,300974418
26,2755.75,1,310726,1022510657,101,WA003,3002A-3005WGUM-3005WGUM-3007DRYGUM-3007FO-3007S-3015A-3025S-3033A-3035A-9999A-9999C-9999CS-9999E,WA007,300974433
26,2755.75,1,310726,1022510657,101,WA003,3002A-3005WGUM-3005WGUM-3007DRYGUM-3007FO-3007S-3015A-3025S-3033A-3035A-9999A-9999C-9999CS-9999E,WA007,300974439
26,2755.75,1,310726,1022510657,101,WA003,3002A-3005WGUM-3005WGUM-3007DRYGUM-3007FO-3007S-3015A-3025S-3033A-3035A-9999A-9999C-9999CS-9999E,WA007,300974445
26,2755.75,1,310726,1022510657,101,WA003,3002A-3005WGUM-3005WGUM-3007DRYGUM-3007FO-3007S-3015A-3025S-3033A-3035A-9999A-9999C-9999CS-9999E,WA007,300974473
26,2755.75,1,310726,1022510657,101,WA003,3002A-3005WGUM-3005WGUM-3007DRYGUM-3007FO-3007S-3015A-3025S-3033A-3035A-9999A-9999C-9999CS-9999E,WA007,300974474
26,2755.75,1,310726,1022510657,101,WA003,3002A-3005WGUM-3005WGUM-3007DRYGUM-3007FO-3007S-3015A-3025S-3033A-3035A-9999A-9999C-9999CS-9999E,WA007,300974475
26,2755.75,1,310726,1022510657,101,WA003,3002A-3005WGUM-3005WGUM-3007DRYGUM-3007FO-3007S-3015A-3025S-3033A-3035A-9999A-9999C-9999CS-9999E,WA007,300974476
26,2755.75,1,310726,1022510658,101,WA003,3005WGUM-3005WGUM-3007DRYGUM-3007S-3025S-3033A-3035A-9999A-9999C-9999CS-9999E,WA007,300974485
26,2755.75,1,310726,1022510658,101,WA003,3005WGUM-3005WGUM-3007DRYGUM-3007S-3025S-3033A-3035A-9999A-9999C-9999CS-9999E,WA007,300974486
26,2755.75,1,310726,1022510658,101,WA003,3005WGUM-3005WGUM-3007DRYGUM-3007S-3025S-3033A-3035A-9999A-9999C-9999CS-9999E,WA007,300974496
26,2755.75,1,310726,1022510658,101,WA003,3005WGUM-3005WGUM-3007DRYGUM-3007S-3025S-3033A-3035A-9999A-9999C-9999CS-9999E,WA007,300974497
26,2755.75,1,310726,1022510658,101,WA003,3005WGUM-3005WGUM-3007DRYGUM-3007S-3025S-3033A-3035A-9999A-9999C-9999CS-9999E,WA007,300974575
26,2755.75,1,310726,1022510658,101,WA003,3005WGUM-3005WGUM-3007DRYGUM-3007S-3025S-3033A-3035A-9999A-9999C-9999CS-9999E,WA007,300974576
26,2755.75,1,310726,1022510658,101,WA003,3005WGUM-3005WGUM-3007DRYGUM-3007S-3025S-3033A-3035A-9999A-9999C-9999CS-9999E,WA007,300974577
26,2755.75,1,310726,1022510658,101,WA003,3005WGUM-3005WGUM-3007DRYGUM-3007S-3025S-3033A-3035A-9999A-9999C-9999CS-9999E,WA007,300974578
26,2755.75,1,310726,1022510659,101,WA003,3005WGUM-3005WGUM-3007DRYGUM-3007FO-3007S-3025S-3033A-3035A-9999A-9999C-9999CS-9999E,WA007,300974579
26,2755.75,1,310726,1022510659,101,WA003,3005WGUM-3005WGUM-3007DRYGUM-3007FO-3007S-3025S-3033A-3035A-9999A-9999C-9999CS-9999E,WA007,300974580
26,2755.75,1,310726,1022510659,101,WA003,3005WGUM-3005WGUM-3007DRYGUM-3007FO-3007S-3025S-3033A-3035A-9999A-9999C-9999CS-9999E,WA007,300974582
26,2755.75,1,310726,1022510659,101,WA003,3005WGUM-3005WGUM-3007DRYGUM-3007FO-3007S-3025S-3033A-3035A-9999A-9999C-9999CS-9999E,WA007,300974594
26,2755.75,1,310726,1022510659,101,WA003,3005WGUM-3005WGUM-3007DRYGUM-3007FO-3007S-3025S-3033A-3035A-9999A-9999C-9999CS-9999E,WA007,300974595
26,2755.75,1,310726,1022510659,101,WA003,3005WGUM-3005WGUM-3007DRYGUM-3007FO-3007S-3025S-3033A-3035A-9999A-9999C-9999CS-9999E,WA007,300974626
26,2755.75,1,310726,1022510659,101,WA003,3005WGUM-3005WGUM-3007DRYGUM-3007FO-3007S-3025S-3033A-3035A-9999A-9999C-9999CS-9999E,WA007,300974627
26,2755.75,1,310726,1022510659,101,WA003,3005WGUM-3005WGUM-3007DRYGUM-3007FO-3007S-3025S-3033A-3035A-9999A-9999C-9999CS-9999E,WA007,300974628
26,2755.75,1,310726,1022510660,101,WA003,3005WGUM-3005WGUM-3007DRYGUM-3007S-3025S-3033A-3035A-9999A-9999C-9999CS-9999E,WA007,300974638
26,2755.75,1,310726,1022510660,101,WA003,3005WGUM-3005WGUM-3007DRYGUM-3007S-3025S-3033A-3035A-9999A-9999C-9999CS-9999E,WA007,300974639
26,2755.75,1,310726,1022510660,101,WA003,3005WGUM-3005WGUM-3007DRYGUM-3007S-3025S-3033A-3035A-9999A-9999C-9999CS-9999E,WA007,300974640
26,2755.75,1,310726,1022510660,101,WA003,3005WGUM-3005WGUM-3007DRYGUM-3007S-3025S-3033A-3035A-9999A-9999C-9999CS-9999E,WA007,300974652
26,2755.75,1,310726,1022510660,101,WA003,3005WGUM-3005WGUM-3007DRYGUM-3007S-3025S-3033A-3035A-9999A-9999C-9999CS-9999E,WA007,300974653
26,2755.75,1,310726,1022510660,101,WA003,3005WGUM-3005WGUM-3007DRYGUM-3007S-3025S-3033A-3035A-9999A-9999C-9999CS-9999E,WA007,300974654
26,2755.75,1,310726,1022510660,101,WA003,3005WGUM-3005WGUM-3007DRYGUM-3007S-3025S-3033A-3035A-9999A-9999C-9999CS-9999E,WA007,300974655
26,2755.75,1,310726,1022510660,101,WA003,3005WGUM-3005WGUM-3007DRYGUM-3007S-3025S-3033A-3035A-9999A-9999C-9999CS-9999E,WA007,300974656
26,2755.75,1,310726,1022510661,101,WA003,3005WGUM-3005WGUM-3007DRYGUM-3007FO-3007S-3025S-3033A-3035A-9999A-9999C-9999CS-9999E,WA007,300974689
26,2755.75,1,310726,1022510661,101,WA003,3005WGUM-3005WGUM-3007DRYGUM-3007FO-3007S-3025S-3033A-3035A-9999A-9999C-9999CS-9999E,WA007,300974692
26,2755.75,1,310726,1022510661,101,WA003,3005WGUM-3005WGUM-3007DRYGUM-3007FO-3007S-3025S-3033A-3035A-9999A-9999C-9999CS-9999E,WA007,300974693
26,2755.75,1,310726,1022510661,101,WA003,3005WGUM-3005WGUM-3007DRYGUM-3007FO-3007S-3025S-3033A-3035A-9999A-9999C-9999CS-9999E,WA007,300974756
26,2755.75,1,310726,1022510661,101,WA003,3005WGUM-3005WGUM-3007DRYGUM-3007FO-3007S-3025S-3033A-3035A-9999A-9999C-9999CS-9999E,WA007,300974757
26,2755.75,1,310726,1022510661,101,WA003,3005WGUM-3005WGUM-3007DRYGUM-3007FO-3007S-3025S-3033A-3035A-9999A-9999C-9999CS-9999E,WA007,300974758
26,2755.75,1,310726,1022510661,101,WA003,3005WGUM-3005WGUM-3007DRYGUM-3007FO-3007S-3025S-3033A-3035A-9999A-9999C-9999CS-9999E,WA007,300974782
26,2755.75,1,310726,1022510661,101,WA003,3005WGUM-3005WGUM-3007DRYGUM-3007FO-3007S-3025S-3033A-3035A-9999A-9999C-9999CS-9999E,WA007,300974783
26,2755.75,1,310726,1022510662,101,WA003,3025S-3035A-9999A-9999C-9999CS-9999E,WA007,300974784
26,2755.75,1,310726,1022510662,101,WA003,3025S-3035A-9999A-9999C-9999CS-9999E,WA007,300974785
26,2755.75,1,310726,1022510662,101,WA003,3025S-3035A-9999A-9999C-9999CS-9999E,WA007,300974786
26,2755.75,1,310726,1022510662,101,WA003,3025S-3035A-9999A-9999C-9999CS-9999E,WA007,300974787
26,2755.75,1,310726,1022510662,101,WA003,3025S-3035A-9999A-9999C-9999CS-9999E,WA007,300974788
26,2755.75,1,310726,1022510662,101,WA003,3025S-3035A-9999A-9999C-9999CS-9999E,WA007,300974789
26,2755.75,1,310726,1022510662,101,WA003,3025S-3035A-9999A-9999C-9999CS-9999E,WA007,300974819
26,2755.75,1,310726,1022510662,101,WA003,3025S-3035A-9999A-9999C-9999CS-9999E,WA007,300974820
26,2755.75,1,310726,1022510663,101,WA003,3025S-3035A-9999A-9999C-9999CS-9999E,WA007,300974852
26,2755.75,1,310726,1022510663,101,WA003,3025S-3035A-9999A-9999C-9999CS-9999E,WA007,300974854
26,2755.75,1,310726,1022510663,101,WA003,3025S-3035A-9999A-9999C-9999CS-9999E,WA007,300974856
26,2755.75,1,310726,1022510663,101,WA003,3025S-3035A-9999A-9999C-9999CS-9999E,WA007,300974858
26,2755.75,1,310726,1022510663,101,WA003,3025S-3035A-9999A-9999C-9999CS-9999E,WA007,300974860
26,2755.75,1,310726,1022510663,101,WA003,3025S-3035A-9999A-9999C-9999CS-9999E,WA007,300974875
26,2755.75,1,310726,1022510663,101,WA003,3025S-3035A-9999A-9999C-9999CS-9999E,WA007,300974876
26,2755.75,1,310726,1022510663,101,WA003,3025S-3035A-9999A-9999C-9999CS-9999E,WA007,300974882
26,2755.75,1,310726,1022510664,101,WA003,3025S-3033A-3035A-9999A-9999E,WA007,300974888
26,2755.75,1,310726,1022510664,101,WA003,3025S-3033A-3035A-9999A-9999E,WA007,300974889
26,2755.75,1,310726,1022510664,101,WA003,3025S-3033A-3035A-9999A-9999E,WA007,300974890
26,2755.75,1,310726,1022510664,101,WA003,3025S-3033A-3035A-9999A-9999E,WA007,300974903
26,1873.91,1,310726,1022510664,101,WA003,3025S-3033A-3035A-9999A-9999E,WA007,300974905
27,2755.75,1,310015,1002510501,101,WA001,9999A-9999E,WA001,300972361
27,2755.75,1,310015,1002510501,101,WA001,9999A-9999E,WA001,300972362
27,2755.75,1,310015,1002510501,101,WA001,9999A-9999E,WA001,300972363
27,2755.75,1,310015,1002510501,101,WA001,9999A-9999E,WA001,300972364
27,2755.75,1,310015,1002510501,101,WA001,9999A-9999E,WA001,300972369
27,2755.75,1,310015,1002510503,101,WA001,9999A-9999E,WA001,300972519
27,2755.75,1,310015,1002510503,101,WA001,9999A-9999E,WA001,300972520
27,2755.75,1,310015,1002510503,101,WA001,9999A-9999E,WA001,300972522
27,2755.75,1,310015,1002510503,101,WA001,9999A-9999E,WA001,300972528
27,2755.75,1,310015,1002510503,101,WA001,9999A-9999E,WA001,300972535
27,1432.99,1,310015,1002510503,101,WA001,9999A-9999E,WA001,300972541
27,2755.75,1,310015,1052510501,101,ID002,3117A-3123A-9999A-9999E,TX001,300973000
27,2755.75,1,310015,1052510501,101,ID002,3117A-3123A-9999A-9999E,TX001,300973001
27,2755.75,1,310015,1052510501,101,ID002,3117A-3123A-9999A-9999E,TX001,300973041
27,2755.75,1,310015,1052510501,101,ID002,3117A-3123A-9999A-9999E,TX001,300973042
27,2755.75,1,310015,1052510501,101,ID002,3117A-3123A-9999A-9999E,TX001,300973043
27,2755.75,1,310015,1052510501,101,ID002,3117A-3123A-9999A-9999E,TX001,300973044
27,2755.75,1,310015,1052510502,101,ID002,3117A-3123A-9999A-9999E,TX001,300973066
27,2755.75,1,310015,1052510502,101,ID002,3117A-3123A-9999A-9999E,TX001,300973067
27,2755.75,1,310726,1022510551,101,WA003,3007S-3025S-3033A-3035A-9999A-9999E,WA007,300972525
27,2755.75,1,310726,1022510551,101,WA003,3007S-3025S-3033A-3035A-9999A-9999E,WA007,300972536
27,2755.75,1,310726,1022510551,101,WA003,3007S-3025S-3033A-3035A-9999A-9999E,WA007,300972537
27,2755.75,1,310726,1022510551,101,WA003,3007S-3025S-3033A-3035A-9999A-9999E,WA007,300972544
27,2755.75,1,310726,1022510551,101,WA003,3007S-3025S-3033A-3035A-9999A-9999E,WA007,300972545
27,2755.75,1,310726,1022510551,101,WA003,3007S-3025S-3033A-3035A-9999A-9999E,WA007,300972546
27,2755.75,1,310726,1022510551,101,WA003,3007S-3025S-3033A-3035A-9999A-9999E,WA007,300972559
27,2755.75,1,310726,1022510551,101,WA003,3007S-3025S-3033A-3035A-9999A-9999E,WA007,300972560
27,2755.75,1,310726,1022510552,101,WA003,3005WGUM-3005WGUM-3007DRYGUM-3007FO-3007S-3025S-3035A-9999A-9999C-9999CS-9999E,WA007,300972594
27,2755.75,1,310726,1022510552,101,WA003,3005WGUM-3005WGUM-3007DRYGUM-3007FO-3007S-3025S-3035A-9999A-9999C-9999CS-9999E,WA007,300972595
27,2755.75,1,310726,1022510552,101,WA003,3005WGUM-3005WGUM-3007DRYGUM-3007FO-3007S-3025S-3035A-9999A-9999C-9999CS-9999E,WA007,300972596
27,2755.75,1,310726,1022510552,101,WA003,3005WGUM-3005WGUM-3007DRYGUM-3007FO-3007S-3025S-3035A-9999A-9999C-9999CS-9999E,WA007,300972597
27,2755.75,1,310726,1022510552,101,WA003,3005WGUM-3005WGUM-3007DRYGUM-3007FO-3007S-3025S-3035A-9999A-9999C-9999CS-9999E,WA007,300972598
27,2755.75,1,310726,1022510552,101,WA003,3005WGUM-3005WGUM-3007DRYGUM-3007FO-3007S-3025S-3035A-9999A-9999C-9999CS-9999E,WA007,300972644
27,2755.75,1,310726,1022510552,101,WA003,3005WGUM-3005WGUM-3007DRYGUM-3007FO-3007S-3025S-3035A-9999A-9999C-9999CS-9999E,WA007,300972645
27,2755.75,1,310726,1022510552,101,WA003,3005WGUM-3005WGUM-3007DRYGUM-3007FO-3007S-3025S-3035A-9999A-9999C-9999CS-9999E,WA007,300972646
27,2755.75,1,310726,1022510553,101,WA003,3005WGUM-3005WGUM-3007DRYGUM-3007FO-3007S-3025S-3033A-3035A-9999A-9999C-9999CS-9999E,WA007,300972647
27,2755.75,1,310726,1022510553,101,WA003,3005WGUM-3005WGUM-3007DRYGUM-3007FO-3007S-3025S-3033A-3035A-9999A-9999C-9999CS-9999E,WA007,300972648
27,2755.75,1,310726,1022510553,101,WA003,3005WGUM-3005WGUM-3007DRYGUM-3007FO-3007S-3025S-3033A-3035A-9999A-9999C-9999CS-9999E,WA007,300972649
27,2755.75,1,310726,1022510553,101,WA003,3005WGUM-3005WGUM-3007DRYGUM-3007FO-3007S-3025S-3033A-3035A-9999A-9999C-9999CS-9999E,WA007,300972650
27,2755.75,1,310726,1022510553,101,WA003,3005WGUM-3005WGUM-3007DRYGUM-3007FO-3007S-3025S-3033A-3035A-9999A-9999C-9999CS-9999E,WA007,300972688
27,2755.75,1,310726,1022510553,101,WA003,3005WGUM-3005WGUM-3007DRYGUM-3007FO-3007S-3025S-3033A-3035A-9999A-9999C-9999CS-9999E,WA007,300972689
27,2755.75,1,310726,1022510553,101,WA003,3005WGUM-3005WGUM-3007DRYGUM-3007FO-3007S-3025S-3033A-3035A-9999A-9999C-9999CS-9999E,WA007,300972690
27,2755.75,1,310726,1022510553,101,WA003,3005WGUM-3005WGUM-3007DRYGUM-3007FO-3007S-3025S-3033A-3035A-9999A-9999C-9999CS-9999E,WA007,300972691
27,2755.75,1,310726,1022510554,101,WA003,3005WGUM-3005WGUM-3007DRYGUM-3007FO-3007S-3025S-3033A-3035A-9999A-9999C-9999CS-9999E,WA007,300972713
27,2755.75,1,310726,1022510554,101,WA003,3005WGUM-3005WGUM-3007DRYGUM-3007FO-3007S-3025S-3033A-3035A-9999A-9999C-9999CS-9999E,WA007,300972714
27,2755.75,1,310726,1022510554,101,WA003,3005WGUM-3005WGUM-3007DRYGUM-3007FO-3007S-3025S-3033A-3035A-9999A-9999C-9999CS-9999E,WA007,300972715
27,2755.75,1,310726,1022510554,101,WA003,3005WGUM-3005WGUM-3007DRYGUM-3007FO-3007S-3025S-3033A-3035A-9999A-9999C-9999CS-9999E,WA007,300972744
27,2755.75,1,310726,1022510554,101,WA003,3005WGUM-3005WGUM-3007DRYGUM-3007FO-3007S-3025S-3033A-3035A-9999A-9999C-9999CS-9999E,WA007,300972745
27,2755.75,1,310726,1022510554,101,WA003,3005WGUM-3005WGUM-3007DRYGUM-3007FO-3007S-3025S-3033A-3035A-9999A-9999C-9999CS-9999E,WA007,300972746
27,2755.75,1,310726,1022510554,101,WA003,3005WGUM-3005WGUM-3007DRYGUM-3007FO-3007S-3025S-3033A-3035A-9999A-9999C-9999CS-9999E,WA007,300972747
27,2755.75,1,310726,1022510554,101,WA003,3005WGUM-3005WGUM-3007DRYGUM-3007FO-3007S-3025S-3033A-3035A-9999A-9999C-9999CS-9999E,WA007,300972748
27,2755.75,1,310726,1022510555,101,WA003,3005WGUM-3005WGUM-3007DRYGUM-3007FO-3007S-3025S-3033A-3035A-9999A-9999C-9999CS-9999E,WA007,300972820
27,2755.75,1,310726,1022510555,101,WA003,3005WGUM-3005WGUM-3007DRYGUM-3007FO-3007S-3025S-3033A-3035A-9999A-9999C-9999CS-9999E,WA007,300972821
27,2755.75,1,310726,1022510555,101,WA003,3005WGUM-3005WGUM-3007DRYGUM-3007FO-3007S-3025S-3033A-3035A-9999A-9999C-9999CS-9999E,WA007,300972822
27,2755.75,1,310726,1022510555,101,WA003,3005WGUM-3005WGUM-3007DRYGUM-3007FO-3007S-3025S-3033A-3035A-9999A-9999C-9999CS-9999E,WA007,300972823
27,2755.75,1,310726,1022510555,101,WA003,3005WGUM-3005WGUM-3007DRYGUM-3007FO-3007S-3025S-3033A-3035A-9999A-9999C-9999CS-9999E,WA007,300972824
27,2755.75,1,310726,1022510555,101,WA003,3005WGUM-3005WGUM-3007DRYGUM-3007FO-3007S-3025S-3033A-3035A-9999A-9999C-9999CS-9999E,WA007,300972825
27,2755.75,1,310726,1022510555,101,WA003,3005WGUM-3005WGUM-3007DRYGUM-3007FO-3007S-3025S-3033A-3035A-9999A-9999C-9999CS-9999E,WA007,300972828
27,2755.75,1,310726,1022510555,101,WA003,3005WGUM-3005WGUM-3007DRYGUM-3007FO-3007S-3025S-3033A-3035A-9999A-9999C-9999CS-9999E,WA007,300972829
27,2755.75,1,310726,1022510556,101,WA003,3005WGUM-3005WGUM-3007DRYGUM-3007FO-3007S-3025S-3033A-3035A-9999A-9999C-9999CS-9999E,WA007,300972830
27,2755.75,1,310726,1022510556,101,WA003,3005WGUM-3005WGUM-3007DRYGUM-3007FO-3007S-3025S-3033A-3035A-9999A-9999C-9999CS-9999E,WA007,300972836
27,2755.75,1,310726,1022510556,101,WA003,3005WGUM-3005WGUM-3007DRYGUM-3007FO-3007S-3025S-3033A-3035A-9999A-9999C-9999CS-9999E,WA007,300972857
27,2755.75,1,310726,1022510556,101,WA003,3005WGUM-3005WGUM-3007DRYGUM-3007FO-3007S-3025S-3033A-3035A-9999A-9999C-9999CS-9999E,WA007,300972858
27,2755.75,1,310726,1022510556,101,WA003,3005WGUM-3005WGUM-3007DRYGUM-3007FO-3007S-3025S-3033A-3035A-9999A-9999C-9999CS-9999E,WA007,300972860
27,2755.75,1,310726,1022510556,101,WA003,3005WGUM-3005WGUM-3007DRYGUM-3007FO-3007S-3025S-3033A-3035A-9999A-9999C-9999CS-9999E,WA007,300972878
27,2755.75,1,310726,1022510556,101,WA003,3005WGUM-3005WGUM-3007DRYGUM-3007FO-3007S-3025S-3033A-3035A-9999A-9999C-9999CS-9999E,WA007,300972879
27,2755.75,1,310726,1022510556,101,WA003,3005WGUM-3005WGUM-3007DRYGUM-3007FO-3007S-3025S-3033A-3035A-9999A-9999C-9999CS-9999E,WA007,300972895
27,2755.75,1,310726,1022510557,101,WA003,3005WGUM-3005WGUM-3007DRYGUM-3007FO-3007S-3025S-3033A-3035A-9999A-9999C-9999CS-9999E,WA007,300972896
27,2755.75,1,310726,1022510557,101,WA003,3005WGUM-3005WGUM-3007DRYGUM-3007FO-3007S-3025S-3033A-3035A-9999A-9999C-9999CS-9999E,WA007,300972925
27,2755.75,1,310726,1022510557,101,WA003,3005WGUM-3005WGUM-3007DRYGUM-3007FO-3007S-3025S-3033A-3035A-9999A-9999C-9999CS-9999E,WA007,300972926
27,2755.75,1,310726,1022510557,101,WA003,3005WGUM-3005WGUM-3007DRYGUM-3007FO-3007S-3025S-3033A-3035A-9999A-9999C-9999CS-9999E,WA007,300972927
27,2755.75,1,310726,1022510557,101,WA003,3005WGUM-3005WGUM-3007DRYGUM-3007FO-3007S-3025S-3033A-3035A-9999A-9999C-9999CS-9999E,WA007,300972928
27,2755.75,1,310726,1022510557,101,WA003,3005WGUM-3005WGUM-3007DRYGUM-3007FO-3007S-3025S-3033A-3035A-9999A-9999C-9999CS-9999E,WA007,300972944
27,2755.75,1,310726,1022510557,101,WA003,3005WGUM-3005WGUM-3007DRYGUM-3007FO-3007S-3025S-3033A-3035A-9999A-9999C-9999CS-9999E,WA007,300972950
27,2755.75,1,310726,1022510557,101,WA003,3005WGUM-3005WGUM-3007DRYGUM-3007FO-3007S-3025S-3033A-3035A-9999A-9999C-9999CS-9999E,WA007,300972951
27,2755.75,1,310726,1022510558,101,WA003,3005WGUM-3005WGUM-3007DRYGUM-3007FO-3007S-3025S-3033A-3035A-9999A-9999C-9999CS-9999E,WA007,300972972
27,2755.75,1,310726,1022510558,101,WA003,3005WGUM-3005WGUM-3007DRYGUM-3007FO-3007S-3025S-3033A-3035A-9999A-9999C-9999CS-9999E,WA007,300972973
27,2755.75,1,310726,1022510558,101,WA003,3005WGUM-3005WGUM-3007DRYGUM-3007FO-3007S-3025S-3033A-3035A-9999A-9999C-9999CS-9999E,WA007,300973009
27,2755.75,1,310726,1022510558,101,WA003,3005WGUM-3005WGUM-3007DRYGUM-3007FO-3007S-3025S-3033A-3035A-9999A-9999C-9999CS-9999E,WA007,300973010
27,2755.75,1,310726,1022510558,101,WA003,3005WGUM-3005WGUM-3007DRYGUM-3007FO-3007S-3025S-3033A-3035A-9999A-9999C-9999CS-9999E,WA007,300973011
27,2755.75,1,310726,1022510558,101,WA003,3005WGUM-3005WGUM-3007DRYGUM-3007FO-3007S-3025S-3033A-3035A-9999A-9999C-9999CS-9999E,WA007,300973012
27,2755.75,1,310726,1022510558,101,WA003,3005WGUM-3005WGUM-3007DRYGUM-3007FO-3007S-3025S-3033A-3035A-9999A-9999C-9999CS-9999E,WA007,300973013
27,2755.75,1,310726,1022510558,101,WA003,3005WGUM-3005WGUM-3007DRYGUM-3007FO-3007S-3025S-3033A-3035A-9999A-9999C-9999CS-9999E,WA007,300973023
27,2755.75,1,310726,1022510559,101,WA003,3005WGUM-3005WGUM-3007DRYGUM-3007FO-3007S-3025S-3033A-3035A-9999A-9999C-9999CS-9999E,WA007,300973055
27,2755.75,1,310726,1022510559,101,WA003,3005WGUM-3005WGUM-3007DRYGUM-3007FO-3007S-3025S-3033A-3035A-9999A-9999C-9999CS-9999E,WA007,300973056
27,2755.75,1,310726,1022510559,101,WA003,3005WGUM-3005WGUM-3007DRYGUM-3007FO-3007S-3025S-3033A-3035A-9999A-9999C-9999CS-9999E,WA007,300973057
27,2755.75,1,310726,1022510559,101,WA003,3005WGUM-3005WGUM-3007DRYGUM-3007FO-3007S-3025S-3033A-3035A-9999A-9999C-9999CS-9999E,WA007,300973058
27,2755.75,1,310726,1022510559,101,WA003,3005WGUM-3005WGUM-3007DRYGUM-3007FO-3007S-3025S-3033A-3035A-9999A-9999C-9999CS-9999E,WA007,300973073
27,2755.75,1,310726,1022510559,101,WA003,3005WGUM-3005WGUM-3007DRYGUM-3007FO-3007S-3025S-3033A-3035A-9999A-9999C-9999CS-9999E,WA007,300973074
27,2755.75,1,310726,1022510559,101,WA003,3005WGUM-3005WGUM-3007DRYGUM-3007FO-3007S-3025S-3033A-3035A-9999A-9999C-9999CS-9999E,WA007,300973075
27,2755.75,1,310726,1022510559,101,WA003,3005WGUM-3005WGUM-3007DRYGUM-3007FO-3007S-3025S-3033A-3035A-9999A-9999C-9999CS-9999E,WA007,300973076
27,2755.75,1,310726,1022510560,101,WA003,3005WGUM-3005WGUM-3007DRYGUM-3007FO-3007S-3025S-3033A-3035A-9999A-9999C-9999CS-9999E,WA007,300973081
27,2755.75,1,310726,1022510560,101,WA003,3005WGUM-3005WGUM-3007DRYGUM-3007FO-3007S-3025S-3033A-3035A-9999A-9999C-9999CS-9999E,WA007,300973082
27,2755.75,1,310726,1022510560,101,WA003,3005WGUM-3005WGUM-3007DRYGUM-3007FO-3007S-3025S-3033A-3035A-9999A-9999C-9999CS-9999E,WA007,300973083
27,2755.75,1,310726,1022510560,101,WA003,3005WGUM-3005WGUM-3007DRYGUM-3007FO-3007S-3025S-3033A-3035A-9999A-9999C-9999CS-9999E,WA007,300973121
27,2755.75,1,310726,1022510560,101,WA003,3005WGUM-3005WGUM-3007DRYGUM-3007FO-3007S-3025S-3033A-3035A-9999A-9999C-9999CS-9999E,WA007,300973122
27,2755.75,1,310726,1022510560,101,WA003,3005WGUM-3005WGUM-3007DRYGUM-3007FO-3007S-3025S-3033A-3035A-9999A-9999C-9999CS-9999E,WA007,300973123
27,2755.75,1,310726,1022510560,101,WA003,3005WGUM-3005WGUM-3007DRYGUM-3007FO-3007S-3025S-3033A-3035A-9999A-9999C-9999CS-9999E,WA007,300973164
27,2755.75,1,310726,1022510560,101,WA003,3005WGUM-3005WGUM-3007DRYGUM-3007FO-3007S-3025S-3033A-3035A-9999A-9999C-9999CS-9999E,WA007,300973165
27,2755.75,1,310726,1022510561,101,WA003,3025S-3033A-3035A-9999A-9999C-9999CS-9999E,WA007,300973166
27,2755.75,1,310726,1022510561,101,WA003,3025S-3033A-3035A-9999A-9999C-9999CS-9999E,WA007,300973167
27,2755.75,1,310726,1022510561,101,WA003,3025S-3033A-3035A-9999A-9999C-9999CS-9999E,WA007,300973168
27,2755.75,1,310726,1022510561,101,WA003,3025S-3033A-3035A-9999A-9999C-9999CS-9999E,WA007,300973172
27,2755.75,1,310726,1022510561,101,WA003,3025S-3033A-3035A-9999A-9999C-9999CS-9999E,WA007,300973173
27,2755.75,1,310726,1022510561,101,WA003,3025S-3033A-3035A-9999A-9999C-9999CS-9999E,WA007,300973187
27,2755.75,1,310726,1022510561,101,WA003,3025S-3033A-3035A-9999A-9999C-9999CS-9999E,WA007,300973188
27,2755.75,1,310726,1022510561,101,WA003,3025S-3033A-3035A-9999A-9999C-9999CS-9999E,WA007,300973192
27,2755.75,1,310726,1022510562,101,WA003,3025S-3033A-3035A-9999A-9999C-9999CS-9999E,WA007,300973193
27,2755.75,1,310726,1022510562,101,WA003,3025S-3033A-3035A-9999A-9999C-9999CS-9999E,WA007,300973199
27,2755.75,1,310726,1022510562,101,WA003,3025S-3033A-3035A-9999A-9999C-9999CS-9999E,WA007,300973221
27,2755.75,1,310726,1022510562,101,WA003,3025S-3033A-3035A-9999A-9999C-9999CS-9999E,WA007,300973222
27,2755.75,1,310726,1022510562,101,WA003,3025S-3033A-3035A-9999A-9999C-9999CS-9999E,WA007,300973223
27,2755.75,1,310726,1022510562,101,WA003,3025S-3033A-3035A-9999A-9999C-9999CS-9999E,WA007,300973269
27,2755.75,1,310726,1022510562,101,WA003,3025S-3033A-3035A-9999A-9999C-9999CS-9999E,WA007,300973275
27,2755.75,1,310726,1022510562,101,WA003,3025S-3033A-3035A-9999A-9999C-9999CS-9999E,WA007,300973276
27,2755.75,1,310726,1022510563,101,WA003,3025S-3035A-9999A-9999C-9999CS-9999E,WA007,300973278
27,2755.75,1,310726,1022510563,101,WA003,3025S-3035A-9999A-9999C-9999CS-9999E,WA007,300973279
27,2755.75,1,310726,1022510563,101,WA003,3025S-3035A-9999A-9999C-9999CS-9999E,WA007,300973288
27,2755.75,1,310726,1022510563,101,WA003,3025S-3035A-9999A-9999C-9999CS-9999E,WA007,300973289
27,2755.75,1,310726,1022510563,101,WA003,3025S-3035A-9999A-9999C-9999CS-9999E,WA007,300973299
27,2755.75,1,310726,1022510563,101,WA003,3025S-3035A-9999A-9999C-9999CS-9999E,WA007,300973300
27,2755.75,1,310726,1022510563,101,WA003,3025S-3035A-9999A-9999C-9999CS-9999E,WA007,300973301
27,2755.75,1,310726,1022510563,101,WA003,3025S-3035A-9999A-9999C-9999CS-9999E,WA007,300973309
27,2755.75,1,310726,1022510564,101,WA003,3035A-9999A-9999C-9999CS-9999E,WA007,300973418
27,2755.75,1,310726,1022510564,101,WA003,3035A-9999A-9999C-9999CS-9999E,WA007,300973419
27,2755.75,1,310726,1022510564,101,WA003,3035A-9999A-9999C-9999CS-9999E,WA007,300973420
27,2755.75,1,310726,1022510564,101,WA003,3035A-9999A-9999C-9999CS-9999E,WA007,300973421
27,2755.75,1,310726,1022510564,101,WA003,3035A-9999A-9999C-9999CS-9999E,WA007,300973449
27,2755.75,1,310726,1022510564,101,WA003,3035A-9999A-9999C-9999CS-9999E,WA007,300973452
27,2755.75,1,310726,1022510564,101,WA003,3035A-9999A-9999C-9999CS-9999E,WA007,300973454
27,2755.75,1,310726,1022510564,101,WA003,3035A-9999A-9999C-9999CS-9999E,WA007,300973456
27,2755.75,1,310726,1022510565,101,WA003,3035A-9999A-9999E,WA007,300973508
27,2755.75,1,310726,1022510565,101,WA003,3035A-9999A-9999E,WA007,300973525
27,2755.75,1,310726,1022510565,101,WA003,3035A-9999A-9999E,WA007,300973526
27,2755.75,1,310726,1022510565,101,WA003,3035A-9999A-9999E,WA007,300973559
27,2201,1,310774,1002510501,102,WA001,9999A,WA001,300972581
28,2755.75,1,310015,1002510401,101,WA001,9999A-9999E,WA001,300971546
28,2755.75,1,310015,1002510401,101,WA001,9999A-9999E,WA001,300971547
28,2755.75,1,310015,1002510401,101,WA001,9999A-9999E,WA001,300971548
28,2755.75,1,310015,1002510401,101,WA001,9999A-9999E,WA001,300971558
28,2755.75,1,310015,1002510401,101,WA001,9999A-9999E,WA001,300971559
28,2755.75,1,310015,1002510401,101,WA001,9999A-9999E,WA001,300971560
28,2755.75,1,310015,1002510401,101,WA001,9999A-9999E,WA001,300971573
28,2755.75,1,310015,1002510405,101,WA001,9999A-9999E,WA001,300972014
28,2755.75,1,310015,1002510405,101,WA001,9999A-9999E,WA001,300972015
28,2755.75,1,310015,1002510405,101,WA001,9999A-9999E,WA001,300972016
28,2755.75,1,310015,1002510405,101,WA001,9999A-9999E,WA001,300972064
28,2755.75,1,310015,1002510405,101,WA001,9999A-9999E,WA001,300972065
28,2755.75,1,310015,1002510405,101,WA001,9999A-9999E,WA001,300972066
28,2755.75,1,310015,1002510405,101,WA001,9999A-9999E,WA001,300972067
28,110.23,0,310724,1012510407,101,WA002,3040A-3043A-3045A-3053A-3055A-3055A-9999A-9999E,WA007,300971205
28,2755.75,1,310726,1022510451,101,WA003,3002A-3007S-3015A-3025S-3033A-3035A-9999A-9999E,WA007,300971172
28,2755.75,1,310726,1022510451,101,WA003,3002A-3007S-3015A-3025S-3033A-3035A-9999A-9999E,WA007,300971173
28,2755.75,1,310726,1022510451,101,WA003,3002A-3007S-3015A-3025S-3033A-3035A-9999A-9999E,WA007,300971210
28,2755.75,1,310726,1022510451,101,WA003,3002A-3007S-3015A-3025S-3033A-3035A-9999A-9999E,WA007,300971211
28,2755.75,1,310726,1022510451,101,WA003,3002A-3007S-3015A-3025S-3033A-3035A-9999A-9999E,WA007,300971239
28,2700.635,1,310726,1022510451,101,WA003,3002A-3007S-3015A-3025S-3033A-3035A-9999A-9999E,WA007,300971241
28,2755.75,1,310726,1022510451,101,WA003,3002A-3007S-3015A-3025S-3033A-3035A-9999A-9999E,WA007,300971243
28,2755.75,1,310726,1022510451,101,WA003,3002A-3007S-3015A-3025S-3033A-3035A-9999A-9999E,WA007,300971245
28,2755.75,1,310726,1022510452,101,WA003,3002A-3005WGUM-3005WGUM-3007DRYGUM-3007FO-3007S-3015A-3025S-3033A-3035A-9999A-9999C-9999CS-9999E,WA007,300971307
28,2755.75,1,310726,1022510452,101,WA003,3002A-3005WGUM-3005WGUM-3007DRYGUM-3007FO-3007S-3015A-3025S-3033A-3035A-9999A-9999C-9999CS-9999E,WA007,300971308
28,2755.75,1,310726,1022510452,101,WA003,3002A-3005WGUM-3005WGUM-3007DRYGUM-3007FO-3007S-3015A-3025S-3033A-3035A-9999A-9999C-9999CS-9999E,WA007,300971309
28,2755.75,1,310726,1022510452,101,WA003,3002A-3005WGUM-3005WGUM-3007DRYGUM-3007FO-3007S-3015A-3025S-3033A-3035A-9999A-9999C-9999CS-9999E,WA007,300971310
28,2755.75,1,310726,1022510452,101,WA003,3002A-3005WGUM-3005WGUM-3007DRYGUM-3007FO-3007S-3015A-3025S-3033A-3035A-9999A-9999C-9999CS-9999E,WA007,300971378
28,2755.75,1,310726,1022510452,101,WA003,3002A-3005WGUM-3005WGUM-3007DRYGUM-3007FO-3007S-3015A-3025S-3033A-3035A-9999A-9999C-9999CS-9999E,WA007,300971379
28,2755.75,1,310726,1022510452,101,WA003,3002A-3005WGUM-3005WGUM-3007DRYGUM-3007FO-3007S-3015A-3025S-3033A-3035A-9999A-9999C-9999CS-9999E,WA007,300971380
28,2700.635,1,310726,1022510452,101,WA003,3002A-3005WGUM-3005WGUM-3007DRYGUM-3007FO-3007S-3015A-3025S-3033A-3035A-9999A-9999C-9999CS-9999E,WA007,300971381
28,2755.75,1,310726,1022510453,101,WA003,3002A-3005WGUM-3005WGUM-3007DRYGUM-3007FO-3007S-3015A-3025S-3033A-3035A-9999A-9999C-9999CS-9999E,WA007,300971385
28,2755.75,1,310726,1022510453,101,WA003,3002A-3005WGUM-3005WGUM-3007DRYGUM-3007FO-3007S-3015A-3025S-3033A-3035A-9999A-9999C-9999CS-9999E,WA007,300971386
28,2755.75,1,310726,1022510453,101,WA003,3002A-3005WGUM-3005WGUM-3007DRYGUM-3007FO-3007S-3015A-3025S-3033A-3035A-9999A-9999C-9999CS-9999E,WA007,300971387
28,2755.75,1,310726,1022510453,101,WA003,3002A-3005WGUM-3005WGUM-3007DRYGUM-3007FO-3007S-3015A-3025S-3033A-3035A-9999A-9999C-9999CS-9999E,WA007,300971403
28,2755.75,1,310726,1022510453,101,WA003,3002A-3005WGUM-3005WGUM-3007DRYGUM-3007FO-3007S-3015A-3025S-3033A-3035A-9999A-9999C-9999CS-9999E,WA007,300971503
28,2755.75,1,310726,1022510453,101,WA003,3002A-3005WGUM-3005WGUM-3007DRYGUM-3007FO-3007S-3015A-3025S-3033A-3035A-9999A-9999C-9999CS-9999E,WA007,300971504
28,2755.75,1,310726,1022510453,101,WA003,3002A-3005WGUM-3005WGUM-3007DRYGUM-3007FO-3007S-3015A-3025S-3033A-3035A-9999A-9999C-9999CS-9999E,WA007,300971505
28,2755.75,1,310726,1022510453,101,WA003,3002A-3005WGUM-3005WGUM-3007DRYGUM-3007FO-3007S-3015A-3025S-3033A-3035A-9999A-9999C-9999CS-9999E,WA007,300971506
28,2755.75,1,310726,1022510454,101,WA003,3002A-3005WGUM-3005WGUM-3007DRYGUM-3007FO-3007S-3015A-3025S-3033A-3035A-9999A-9999C-9999CS-9999E,WA007,300971514
28,2755.75,1,310726,1022510454,101,WA003,3002A-3005WGUM-3005WGUM-3007DRYGUM-3007FO-3007S-3015A-3025S-3033A-3035A-9999A-9999C-9999CS-9999E,WA007,300971515
28,2755.75,1,310726,1022510454,101,WA003,3002A-3005WGUM-3005WGUM-3007DRYGUM-3007FO-3007S-3015A-3025S-3033A-3035A-9999A-9999C-9999CS-9999E,WA007,300971516
28,2755.75,1,310726,1022510454,101,WA003,3002A-3005WGUM-3005WGUM-3007DRYGUM-3007FO-3007S-3015A-3025S-3033A-3035A-9999A-9999C-9999CS-9999E,WA007,300971517
28,2755.75,1,310726,1022510454,101,WA003,3002A-3005WGUM-3005WGUM-3007DRYGUM-3007FO-3007S-3015A-3025S-3033A-3035A-9999A-9999C-9999CS-9999E,WA007,300971518
28,2755.75,1,310726,1022510454,101,WA003,3002A-3005WGUM-3005WGUM-3007DRYGUM-3007FO-3007S-3015A-3025S-3033A-3035A-9999A-9999C-9999CS-9999E,WA007,300971519
28,2755.75,1,310726,1022510454,101,WA003,3002A-3005WGUM-3005WGUM-3007DRYGUM-3007FO-3007S-3015A-3025S-3033A-3035A-9999A-9999C-9999CS-9999E,WA007,300971609
28,2755.75,1,310726,1022510454,101,WA003,3002A-3005WGUM-3005WGUM-3007DRYGUM-3007FO-3007S-3015A-3025S-3033A-3035A-9999A-9999C-9999CS-9999E,WA007,300971610
28,2755.75,1,310726,1022510455,101,WA003,3002A-3005WGUM-3005WGUM-3007DRYGUM-3007FO-3007S-3015A-3025S-3033A-3035A-9999A-9999C-9999CS-9999E,WA007,300971611
28,2755.75,1,310726,1022510455,101,WA003,3002A-3005WGUM-3005WGUM-3007DRYGUM-3007FO-3007S-3015A-3025S-3033A-3035A-9999A-9999C-9999CS-9999E,WA007,300971612
28,2755.75,1,310726,1022510455,101,WA003,3002A-3005WGUM-3005WGUM-3007DRYGUM-3007FO-3007S-3015A-3025S-3033A-3035A-9999A-9999C-9999CS-9999E,WA007,300971613
28,2755.75,1,310726,1022510455,101,WA003,3002A-3005WGUM-3005WGUM-3007DRYGUM-3007FO-3007S-3015A-3025S-3033A-3035A-9999A-9999C-9999CS-9999E,WA007,300971614
28,2755.75,1,310726,1022510455,101,WA003,3002A-3005WGUM-3005WGUM-3007DRYGUM-3007FO-3007S-3015A-3025S-3033A-3035A-9999A-9999C-9999CS-9999E,WA007,300971615
28,2755.75,1,310726,1022510455,101,WA003,3002A-3005WGUM-3005WGUM-3007DRYGUM-3007FO-3007S-3015A-3025S-3033A-3035A-9999A-9999C-9999CS-9999E,WA007,300971616
28,2755.75,1,310726,1022510455,101,WA003,3002A-3005WGUM-3005WGUM-3007DRYGUM-3007FO-3007S-3015A-3025S-3033A-3035A-9999A-9999C-9999CS-9999E,WA007,300971617
28,2755.75,1,310726,1022510455,101,WA003,3002A-3005WGUM-3005WGUM-3007DRYGUM-3007FO-3007S-3015A-3025S-3033A-3035A-9999A-9999C-9999CS-9999E,WA007,300971618
28,2755.75,1,310726,1022510456,101,WA003,3002A-3005WGUM-3005WGUM-3007DRYGUM-3007FO-3007S-3015A-3025S-3033A-3035A-9999A-9999C-9999CS-9999E,WA007,300971678
28,2755.75,1,310726,1022510456,101,WA003,3002A-3005WGUM-3005WGUM-3007DRYGUM-3007FO-3007S-3015A-3025S-3033A-3035A-9999A-9999C-9999CS-9999E,WA007,300971679
28,2755.75,1,310726,1022510456,101,WA003,3002A-3005WGUM-3005WGUM-3007DRYGUM-3007FO-3007S-3015A-3025S-3033A-3035A-9999A-9999C-9999CS-9999E,WA007,300971680
28,2755.75,1,310726,1022510456,101,WA003,3002A-3005WGUM-3005WGUM-3007DRYGUM-3007FO-3007S-3015A-3025S-3033A-3035A-9999A-9999C-9999CS-9999E,WA007,300971681
28,2755.75,1,310726,1022510456,101,WA003,3002A-3005WGUM-3005WGUM-3007DRYGUM-3007FO-3007S-3015A-3025S-3033A-3035A-9999A-9999C-9999CS-9999E,WA007,300971682
28,2755.75,1,310726,1022510456,101,WA003,3002A-3005WGUM-3005WGUM-3007DRYGUM-3007FO-3007S-3015A-3025S-3033A-3035A-9999A-9999C-9999CS-9999E,WA007,300971683
28,2755.75,1,310726,1022510456,101,WA003,3002A-3005WGUM-3005WGUM-3007DRYGUM-3007FO-3007S-3015A-3025S-3033A-3035A-9999A-9999C-9999CS-9999E,WA007,300971684
28,2755.75,1,310726,1022510456,101,WA003,3002A-3005WGUM-3005WGUM-3007DRYGUM-3007FO-3007S-3015A-3025S-3033A-3035A-9999A-9999C-9999CS-9999E,WA007,300971685
28,2755.75,1,310726,1022510457,101,WA003,3002A-3005WGUM-3005WGUM-3007DRYGUM-3007FO-3007S-3015A-3025S-3033A-3035A-9999A-9999C-9999CS-9999E,WA007,300971712
28,2755.75,1,310726,1022510457,101,WA003,3002A-3005WGUM-3005WGUM-3007DRYGUM-3007FO-3007S-3015A-3025S-3033A-3035A-9999A-9999C-9999CS-9999E,WA007,300971713
28,2755.75,1,310726,1022510457,101,WA003,3002A-3005WGUM-3005WGUM-3007DRYGUM-3007FO-3007S-3015A-3025S-3033A-3035A-9999A-9999C-9999CS-9999E,WA007,300971714
28,2755.75,1,310726,1022510457,101,WA003,3002A-3005WGUM-3005WGUM-3007DRYGUM-3007FO-3007S-3015A-3025S-3033A-3035A-9999A-9999C-9999CS-9999E,WA007,300971715
28,2755.75,1,310726,1022510457,101,WA003,3002A-3005WGUM-3005WGUM-3007DRYGUM-3007FO-3007S-3015A-3025S-3033A-3035A-9999A-9999C-9999CS-9999E,WA007,300971716
28,2755.75,1,310726,1022510457,101,WA003,3002A-3005WGUM-3005WGUM-3007DRYGUM-3007FO-3007S-3015A-3025S-3033A-3035A-9999A-9999C-9999CS-9999E,WA007,300971783
28,2755.75,1,310726,1022510457,101,WA003,3002A-3005WGUM-3005WGUM-3007DRYGUM-3007FO-3007S-3015A-3025S-3033A-3035A-9999A-9999C-9999CS-9999E,WA007,300971784
28,2755.75,1,310726,1022510457,101,WA003,3002A-3005WGUM-3005WGUM-3007DRYGUM-3007FO-3007S-3015A-3025S-3033A-3035A-9999A-9999C-9999CS-9999E,WA007,300971788
28,2755.75,1,310726,1022510458,101,WA003,3005WGUM-3005WGUM-3007DRYGUM-3007FO-3007S-3025S-3033A-3035A-9999A-9999C-9999CS-9999E,WA007,300971802
28,2755.75,1,310726,1022510458,101,WA003,3005WGUM-3005WGUM-3007DRYGUM-3007FO-3007S-3025S-3033A-3035A-9999A-9999C-9999CS-9999E,WA007,300971803
28,2755.75,1,310726,1022510458,101,WA003,3005WGUM-3005WGUM-3007DRYGUM-3007FO-3007S-3025S-3033A-3035A-9999A-9999C-9999CS-9999E,WA007,300971804
28,2755.75,1,310726,1022510458,101,WA003,3005WGUM-3005WGUM-3007DRYGUM-3007FO-3007S-3025S-3033A-3035A-9999A-9999C-9999CS-9999E,WA007,300971836
28,2755.75,1,310726,1022510458,101,WA003,3005WGUM-3005WGUM-3007DRYGUM-3007FO-3007S-3025S-3033A-3035A-9999A-9999C-9999CS-9999E,WA007,300971838
28,2755.75,1,310726,1022510458,101,WA003,3005WGUM-3005WGUM-3007DRYGUM-3007FO-3007S-3025S-3033A-3035A-9999A-9999C-9999CS-9999E,WA007,300971839
28,2755.75,1,310726,1022510458,101,WA003,3005WGUM-3005WGUM-3007DRYGUM-3007FO-3007S-3025S-3033A-3035A-9999A-9999C-9999CS-9999E,WA007,300971843
28,2755.75,1,310726,1022510458,101,WA003,3005WGUM-3005WGUM-3007DRYGUM-3007FO-3007S-3025S-3033A-3035A-9999A-9999C-9999CS-9999E,WA007,300971861
28,2755.75,1,310726,1022510459,101,WA003,3005WGUM-3005WGUM-3007DRYGUM-3007FO-3007S-3025S-3033A-3035A-9999A-9999C-9999CS-9999E,WA007,300971867
28,2755.75,1,310726,1022510459,101,WA003,3005WGUM-3005WGUM-3007DRYGUM-3007FO-3007S-3025S-3033A-3035A-9999A-9999C-9999CS-9999E,WA007,300971868
28,2755.75,1,310726,1022510459,101,WA003,3005WGUM-3005WGUM-3007DRYGUM-3007FO-3007S-3025S-3033A-3035A-9999A-9999C-9999CS-9999E,WA007,300971882
28,2755.75,1,310726,1022510459,101,WA003,3005WGUM-3005WGUM-3007DRYGUM-3007FO-3007S-3025S-3033A-3035A-9999A-9999C-9999CS-9999E,WA007,300971883
28,2755.75,1,310726,1022510459,101,WA003,3005WGUM-3005WGUM-3007DRYGUM-3007FO-3007S-3025S-3033A-3035A-9999A-9999C-9999CS-9999E,WA007,300971894
28,2755.75,1,310726,1022510459,101,WA003,3005WGUM-3005WGUM-3007DRYGUM-3007FO-3007S-3025S-3033A-3035A-9999A-9999C-9999CS-9999E,WA007,300971895
28,2755.75,1,310726,1022510459,101,WA003,3005WGUM-3005WGUM-3007DRYGUM-3007FO-3007S-3025S-3033A-3035A-9999A-9999C-9999CS-9999E,WA007,300971926
28,2755.75,1,310726,1022510459,101,WA003,3005WGUM-3005WGUM-3007DRYGUM-3007FO-3007S-3025S-3033A-3035A-9999A-9999C-9999CS-9999E,WA007,300971927
28,2755.75,1,310726,1022510460,101,WA003,3005WGUM-3005WGUM-3007DRYGUM-3007FO-3007S-3025S-3033A-3035A-9999A-9999C-9999CS-9999E,WA007,300971928
28,2755.75,1,310726,1022510460,101,WA003,3005WGUM-3005WGUM-3007DRYGUM-3007FO-3007S-3025S-3033A-3035A-9999A-9999C-9999CS-9999E,WA007,300971973
28,2755.75,1,310726,1022510460,101,WA003,3005WGUM-3005WGUM-3007DRYGUM-3007FO-3007S-3025S-3033A-3035A-9999A-9999C-9999CS-9999E,WA007,300971974
28,2755.75,1,310726,1022510460,101,WA003,3005WGUM-3005WGUM-3007DRYGUM-3007FO-3007S-3025S-3033A-3035A-9999A-9999C-9999CS-9999E,WA007,300971975
28,2755.75,1,310726,1022510460,101,WA003,3005WGUM-3005WGUM-3007DRYGUM-3007FO-3007S-3025S-3033A-3035A-9999A-9999C-9999CS-9999E,WA007,300971976
28,2755.75,1,310726,1022510460,101,WA003,3005WGUM-3005WGUM-3007DRYGUM-3007FO-3007S-3025S-3033A-3035A-9999A-9999C-9999CS-9999E,WA007,300971979
28,2755.75,1,310726,1022510460,101,WA003,3005WGUM-3005WGUM-3007DRYGUM-3007FO-3007S-3025S-3033A-3035A-9999A-9999C-9999CS-9999E,WA007,300971981
28,2755.75,1,310726,1022510460,101,WA003,3005WGUM-3005WGUM-3007DRYGUM-3007FO-3007S-3025S-3033A-3035A-9999A-9999C-9999CS-9999E,WA007,300971982
28,2755.75,1,310726,1022510461,101,WA003,3005WGUM-3005WGUM-3025S-3033A-3035A-9999A-9999C-9999CS-9999E,WA007,300972022
28,2755.75,1,310726,1022510461,101,WA003,3005WGUM-3005WGUM-3025S-3033A-3035A-9999A-9999C-9999CS-9999E,WA007,300972023
28,2755.75,1,310726,1022510461,101,WA003,3005WGUM-3005WGUM-3025S-3033A-3035A-9999A-9999C-9999CS-9999E,WA007,300972030
28,2755.75,1,310726,1022510461,101,WA003,3005WGUM-3005WGUM-3025S-3033A-3035A-9999A-9999C-9999CS-9999E,WA007,300972040
28,2755.75,1,310726,1022510461,101,WA003,3005WGUM-3005WGUM-3025S-3033A-3035A-9999A-9999C-9999CS-9999E,WA007,300972049
28,2755.75,1,310726,1022510461,101,WA003,3005WGUM-3005WGUM-3025S-3033A-3035A-9999A-9999C-9999CS-9999E,WA007,300972072
28,2755.75,1,310726,1022510461,101,WA003,3005WGUM-3005WGUM-3025S-3033A-3035A-9999A-9999C-9999CS-9999E,WA007,300972073
28,2755.75,1,310726,1022510461,101,WA003,3005WGUM-3005WGUM-3025S-3033A-3035A-9999A-9999C-9999CS-9999E,WA007,300972074
28,2755.75,1,310726,1022510462,101,WA003,3025S-3035A-9999A-9999C-9999CS-9999E,WA007,300972076
28,2755.75,1,310726,1022510462,101,WA003,3025S-3035A-9999A-9999C-9999CS-9999E,WA007,300972078
28,2755.75,1,310726,1022510462,101,WA003,3025S-3035A-9999A-9999C-9999CS-9999E,WA007,300972082
28,2755.75,1,310726,1022510462,101,WA003,3025S-3035A-9999A-9999C-9999CS-9999E,WA007,300972120
28,2755.75,1,310726,1022510462,101,WA003,3025S-3035A-9999A-9999C-9999CS-9999E,WA007,300972121
28,2755.75,1,310726,1022510462,101,WA003,3025S-3035A-9999A-9999C-9999CS-9999E,WA007,300972122
28,2755.75,1,310726,1022510462,101,WA003,3025S-3035A-9999A-9999C-9999CS-9999E,WA007,300972123
28,2755.75,1,310726,1022510462,101,WA003,3025S-3035A-9999A-9999C-9999CS-9999E,WA007,300972133
28,2755.75,1,310726,1022510463,101,WA003,3035A-9999A-9999C-9999CS-9999E,WA007,300972135
28,2755.75,1,310726,1022510463,101,WA003,3035A-9999A-9999C-9999CS-9999E,WA007,300972136
28,2755.75,1,310726,1022510463,101,WA003,3035A-9999A-9999C-9999CS-9999E,WA007,300972168
28,2755.75,1,310726,1022510463,101,WA003,3035A-9999A-9999C-9999CS-9999E,WA007,300972169
28,2755.75,1,310726,1022510463,101,WA003,3035A-9999A-9999C-9999CS-9999E,WA007,300972170
28,2755.75,1,310726,1022510463,101,WA003,3035A-9999A-9999C-9999CS-9999E,WA007,300972171
28,2755.75,1,310726,1022510463,101,WA003,3035A-9999A-9999C-9999CS-9999E,WA007,300972172
28,2755.75,1,310726,1022510463,101,WA003,3035A-9999A-9999C-9999CS-9999E,WA007,300972175
28,2755.75,1,310726,1022510464,101,WA003,3035A-9999A-9999C-9999CS-9999E,WA007,300972176
28,2755.75,1,310726,1022510464,101,WA003,3035A-9999A-9999C-9999CS-9999E,WA007,300972177
28,2755.75,1,310726,1022510464,101,WA003,3035A-9999A-9999C-9999CS-9999E,WA007,300972192
28,2755.75,1,310726,1022510464,101,WA003,3035A-9999A-9999C-9999CS-9999E,WA007,300972193
28,2755.75,1,310726,1022510464,101,WA003,3035A-9999A-9999C-9999CS-9999E,WA007,300972210
28,2755.75,1,310726,1022510464,101,WA003,3035A-9999A-9999C-9999CS-9999E,WA007,300972211
28,2755.75,1,310726,1022510464,101,WA003,3035A-9999A-9999C-9999CS-9999E,WA007,300972212
28,2755.75,1,310726,1022510464,101,WA003,3035A-9999A-9999C-9999CS-9999E,WA007,300972218
28,2755.75,1,310726,1022510465,101,WA003,3035A-9999A-9999E,WA007,300972297
28,2755.75,1,310726,1022510465,101,WA003,3035A-9999A-9999E,WA007,300972298
28,2755.75,1,310726,1022510465,101,WA003,3035A-9999A-9999E,WA007,300972299
28,1543.22,1,310726,1022510465,101,WA003,3035A-9999A-9999E,WA007,300972300
28,2198,1,310774,1002510401,102,WA001,9999A,WA001,300971390
28,2198,1,310774,1002510401,102,WA001,9999A,WA001,300971400
28,2198,1,310774,1002510401,102,WA001,9999A,WA001,300971426
28,2198,1,310774,1002510401,102,WA001,9999A,WA001,300971457
28,2199,1,310774,1002510401,102,WA001,9999A,WA001,300971461
28,2205,1,310774,1002510401,102,WA001,9999A,WA001,300971462
28,2198,1,310774,1002510401,102,WA001,9999A,WA001,300971469
28,2206,1,310774,1002510401,102,WA001,9999A,WA001,300971483
28,2198,1,310774,1002510402,102,WA001,9999A,WA001,300971694
28,2200,1,310774,1002510402,102,WA001,9999A,WA001,300971695
28,2200,1,310774,1002510402,102,WA001,9999A,WA001,300971696
28,2198,1,310774,1002510402,102,WA001,9999A,WA001,300971725
28,2199,1,310774,1002510402,102,WA001,9999A,WA001,300971726
28,2120,1,310774,1002510402,102,WA001,9999A,WA001,300971738
28,2200,1,310774,1002510402,102,WA001,9999A,WA001,300971776
28,2201,1,310774,1002510402,102,WA001,9999A,WA001,300971777
29,2755.75,1,310015,1002510305,101,WA001,9999A-9999E,WA001,300970469
29,2755.75,1,310015,1002510306,101,WA001,9999A-9999E,WA001,300970596
29,2755.75,1,310015,1002510306,101,WA001,9999A-9999E,WA001,300970597
29,2755.75,1,310015,1002510306,101,WA001,9999A-9999E,WA001,300970598
29,2755.75,1,310015,1002510306,101,WA001,9999A-9999E,WA001,300970599
29,2755.75,1,310015,1002510306,101,WA001,9999A-9999E,WA001,300970618
29,2755.75,1,310015,1002510306,101,WA001,9999A-9999E,WA001,300970619
29,2755.75,1,310015,1002510306,101,WA001,9999A-9999E,WA001,300970620
29,2755.75,1,310015,1002510306,101,WA001,9999A-9999E,WA001,300970621
29,55.115,0,310724,1012510305,101,WA002,3040A-3043A-3045A-3053A-3055A-3055A-9999A-9999C-9999E,WA007,300969534
29,2755.75,1,310726,1022510351,101,WA003,3025S-3035A-9999A-9999E,WA007,300969713
29,2755.75,1,310726,1022510351,101,WA003,3025S-3035A-9999A-9999E,WA007,300969714
29,2700.635,1,310726,1022510351,101,WA003,3025S-3035A-9999A-9999E,WA007,300969716
29,2755.75,1,310726,1022510351,101,WA003,3025S-3035A-9999A-9999E,WA007,300969717
29,2755.75,1,310726,1022510351,101,WA003,3025S-3035A-9999A-9999E,WA007,300969718
29,2755.75,1,310726,1022510351,101,WA003,3025S-3035A-9999A-9999E,WA007,300969719
29,2755.75,1,310726,1022510351,101,WA003,3025S-3035A-9999A-9999E,WA007,300969720
29,2755.75,1,310726,1022510351,101,WA003,3025S-3035A-9999A-9999E,WA007,300969721
29,2755.75,1,310726,1022510352,101,WA003,3007DRYGUM-3007FO-3007S-3025S-3033A-3035A-9999A-9999C-9999CS-9999E,WA007,300969823
29,2755.75,1,310726,1022510352,101,WA003,3007DRYGUM-3007FO-3007S-3025S-3033A-3035A-9999A-9999C-9999CS-9999E,WA007,300969824
29,2755.75,1,310726,1022510352,101,WA003,3007DRYGUM-3007FO-3007S-3025S-3033A-3035A-9999A-9999C-9999CS-9999E,WA007,300969825
29,2755.75,1,310726,1022510352,101,WA003,3007DRYGUM-3007FO-3007S-3025S-3033A-3035A-9999A-9999C-9999CS-9999E,WA007,300969826
29,2755.75,1,310726,1022510352,101,WA003,3007DRYGUM-3007FO-3007S-3025S-3033A-3035A-9999A-9999C-9999CS-9999E,WA007,300969827
29,2755.75,1,310726,1022510352,101,WA003,3007DRYGUM-3007FO-3007S-3025S-3033A-3035A-9999A-9999C-9999CS-9999E,WA007,300969882
29,2755.75,1,310726,1022510352,101,WA003,3007DRYGUM-3007FO-3007S-3025S-3033A-3035A-9999A-9999C-9999CS-9999E,WA007,300969883
29,2755.75,1,310726,1022510352,101,WA003,3007DRYGUM-3007FO-3007S-3025S-3033A-3035A-9999A-9999C-9999CS-9999E,WA007,300969884
29,2755.75,1,310726,1022510353,101,WA003,3005WGUM-3005WGUM-3007DRYGUM-3007FO-3007S-3025S-3033A-3035A-9999A-9999C-9999CS-9999E,WA007,300969891
29,2755.75,1,310726,1022510353,101,WA003,3005WGUM-3005WGUM-3007DRYGUM-3007FO-3007S-3025S-3033A-3035A-9999A-9999C-9999CS-9999E,WA007,300969892
29,2755.75,1,310726,1022510353,101,WA003,3005WGUM-3005WGUM-3007DRYGUM-3007FO-3007S-3025S-3033A-3035A-9999A-9999C-9999CS-9999E,WA007,300969893
29,2755.75,1,310726,1022510353,101,WA003,3005WGUM-3005WGUM-3007DRYGUM-3007FO-3007S-3025S-3033A-3035A-9999A-9999C-9999CS-9999E,WA007,300969894
29,2755.75,1,310726,1022510353,101,WA003,3005WGUM-3005WGUM-3007DRYGUM-3007FO-3007S-3025S-3033A-3035A-9999A-9999C-9999CS-9999E,WA007,300969895
29,2755.75,1,310726,1022510353,101,WA003,3005WGUM-3005WGUM-3007DRYGUM-3007FO-3007S-3025S-3033A-3035A-9999A-9999C-9999CS-9999E,WA007,300969896
29,2755.75,1,310726,1022510353,101,WA003,3005WGUM-3005WGUM-3007DRYGUM-3007FO-3007S-3025S-3033A-3035A-9999A-9999C-9999CS-9999E,WA007,300969897
29,2755.75,1,310726,1022510353,101,WA003,3005WGUM-3005WGUM-3007DRYGUM-3007FO-3007S-3025S-3033A-3035A-9999A-9999C-9999CS-9999E,WA007,300969898
29,2755.75,1,310726,1022510354,101,WA003,3005WGUM-3005WGUM-3007DRYGUM-3007FO-3007S-3025S-3033A-3035A-9999A-9999C-9999CS-9999E,WA007,300970009
29,2755.75,1,310726,1022510354,101,WA003,3005WGUM-3005WGUM-3007DRYGUM-3007FO-3007S-3025S-3033A-3035A-9999A-9999C-9999CS-9999E,WA007,300970010
29,2755.75,1,310726,1022510354,101,WA003,3005WGUM-3005WGUM-3007DRYGUM-3007FO-3007S-3025S-3033A-3035A-9999A-9999C-9999CS-9999E,WA007,300970011
29,2755.75,1,310726,1022510354,101,WA003,3005WGUM-3005WGUM-3007DRYGUM-3007FO-3007S-3025S-3033A-3035A-9999A-9999C-9999CS-9999E,WA007,300970012
29,2755.75,1,310726,1022510354,101,WA003,3005WGUM-3005WGUM-3007DRYGUM-3007FO-3007S-3025S-3033A-3035A-9999A-9999C-9999CS-9999E,WA007,300970066
29,2755.75,1,310726,1022510354,101,WA003,3005WGUM-3005WGUM-3007DRYGUM-3007FO-3007S-3025S-3033A-3035A-9999A-9999C-9999CS-9999E,WA007,300970067
29,2755.75,1,310726,1022510354,101,WA003,3005WGUM-3005WGUM-3007DRYGUM-3007FO-3007S-3025S-3033A-3035A-9999A-9999C-9999CS-9999E,WA007,300970068
29,2755.75,1,310726,1022510354,101,WA003,3005WGUM-3005WGUM-3007DRYGUM-3007FO-3007S-3025S-3033A-3035A-9999A-9999C-9999CS-9999E,WA007,300970069
29,2755.75,1,310726,1022510355,101,WA003,3005WGUM-3005WGUM-3007DRYGUM-3007FO-3007S-3025S-3033A-3035A-9999A-9999C-9999CS-9999E,WA007,300970100
29,2755.75,1,310726,1022510355,101,WA003,3005WGUM-3005WGUM-3007DRYGUM-3007FO-3007S-3025S-3033A-3035A-9999A-9999C-9999CS-9999E,WA007,300970101
29,2755.75,1,310726,1022510355,101,WA003,3005WGUM-3005WGUM-3007DRYGUM-3007FO-3007S-3025S-3033A-3035A-9999A-9999C-9999CS-9999E,WA007,300970102
29,2755.75,1,310726,1022510355,101,WA003,3005WGUM-3005WGUM-3007DRYGUM-3007FO-3007S-3025S-3033A-3035A-9999A-9999C-9999CS-9999E,WA007,300970104
29,2755.75,1,310726,1022510355,101,WA003,3005WGUM-3005WGUM-3007DRYGUM-3007FO-3007S-3025S-3033A-3035A-9999A-9999C-9999CS-9999E,WA007,300970124
29,2755.75,1,310726,1022510355,101,WA003,3005WGUM-3005WGUM-3007DRYGUM-3007FO-3007S-3025S-3033A-3035A-9999A-9999C-9999CS-9999E,WA007,300970125
29,2755.75,1,310726,1022510355,101,WA003,3005WGUM-3005WGUM-3007DRYGUM-3007FO-3007S-3025S-3033A-3035A-9999A-9999C-9999CS-9999E,WA007,300970147
29,2755.75,1,310726,1022510355,101,WA003,3005WGUM-3005WGUM-3007DRYGUM-3007FO-3007S-3025S-3033A-3035A-9999A-9999C-9999CS-9999E,WA007,300970148
29,2755.75,1,310726,1022510356,101,WA003,3005WGUM-3005WGUM-3007DRYGUM-3007FO-3007S-3025S-3033A-3035A-9999A-9999C-9999CS-9999E,WA007,300970249
29,2755.75,1,310726,1022510356,101,WA003,3005WGUM-3005WGUM-3007DRYGUM-3007FO-3007S-3025S-3033A-3035A-9999A-9999C-9999CS-9999E,WA007,300970250
29,2755.75,1,310726,1022510356,101,WA003,3005WGUM-3005WGUM-3007DRYGUM-3007FO-3007S-3025S-3033A-3035A-9999A-9999C-9999CS-9999E,WA007,300970251
29,2755.75,1,310726,1022510356,101,WA003,3005WGUM-3005WGUM-3007DRYGUM-3007FO-3007S-3025S-3033A-3035A-9999A-9999C-9999CS-9999E,WA007,300970252
29,2755.75,1,310726,1022510356,101,WA003,3005WGUM-3005WGUM-3007DRYGUM-3007FO-3007S-3025S-3033A-3035A-9999A-9999C-9999CS-9999E,WA007,300970274
29,2755.75,1,310726,1022510356,101,WA003,3005WGUM-3005WGUM-3007DRYGUM-3007FO-3007S-3025S-3033A-3035A-9999A-9999C-9999CS-9999E,WA007,300970275
29,2755.75,1,310726,1022510356,101,WA003,3005WGUM-3005WGUM-3007DRYGUM-3007FO-3007S-3025S-3033A-3035A-9999A-9999C-9999CS-9999E,WA007,300970276
29,2755.75,1,310726,1022510356,101,WA003,3005WGUM-3005WGUM-3007DRYGUM-3007FO-3007S-3025S-3033A-3035A-9999A-9999C-9999CS-9999E,WA007,300970277
29,2755.75,1,310726,1022510357,101,WA003,3005WGUM-3005WGUM-3007DRYGUM-3007FO-3007S-3025S-3033A-3035A-9999A-9999C-9999CS-9999E,WA007,300970320
29,2755.75,1,310726,1022510357,101,WA003,3005WGUM-3005WGUM-3007DRYGUM-3007FO-3007S-3025S-3033A-3035A-9999A-9999C-9999CS-9999E,WA007,300970321
29,2755.75,1,310726,1022510357,101,WA003,3005WGUM-3005WGUM-3007DRYGUM-3007FO-3007S-3025S-3033A-3035A-9999A-9999C-9999CS-9999E,WA007,300970322
29,2755.75,1,310726,1022510357,101,WA003,3005WGUM-3005WGUM-3007DRYGUM-3007FO-3007S-3025S-3033A-3035A-9999A-9999C-9999CS-9999E,WA007,300970323
29,2755.75,1,310726,1022510357,101,WA003,3005WGUM-3005WGUM-3007DRYGUM-3007FO-3007S-3025S-3033A-3035A-9999A-9999C-9999CS-9999E,WA007,300970326
29,2755.75,1,310726,1022510357,101,WA003,3005WGUM-3005WGUM-3007DRYGUM-3007FO-3007S-3025S-3033A-3035A-9999A-9999C-9999CS-9999E,WA007,300970341
29,2755.75,1,310726,1022510357,101,WA003,3005WGUM-3005WGUM-3007DRYGUM-3007FO-3007S-3025S-3033A-3035A-9999A-9999C-9999CS-9999E,WA007,300970342
29,2755.75,1,310726,1022510357,101,WA003,3005WGUM-3005WGUM-3007DRYGUM-3007FO-3007S-3025S-3033A-3035A-9999A-9999C-9999CS-9999E,WA007,300970343
29,2755.75,1,310726,1022510358,101,WA003,3025S-3033A-3035A-9999A-9999C-9999CS-9999E,WA007,300970371
29,2755.75,1,310726,1022510358,101,WA003,3025S-3033A-3035A-9999A-9999C-9999CS-9999E,WA007,300970373
29,2755.75,1,310726,1022510358,101,WA003,3025S-3033A-3035A-9999A-9999C-9999CS-9999E,WA007,300970374
29,2755.75,1,310726,1022510358,101,WA003,3025S-3033A-3035A-9999A-9999C-9999CS-9999E,WA007,300970398
29,2755.75,1,310726,1022510358,101,WA003,3025S-3033A-3035A-9999A-9999C-9999CS-9999E,WA007,300970399
29,2755.75,1,310726,1022510358,101,WA003,3025S-3033A-3035A-9999A-9999C-9999CS-9999E,WA007,300970400
29,2755.75,1,310726,1022510358,101,WA003,3025S-3033A-3035A-9999A-9999C-9999CS-9999E,WA007,300970497
29,2755.75,1,310726,1022510358,101,WA003,3025S-3033A-3035A-9999A-9999C-9999CS-9999E,WA007,300970498
29,2755.75,1,310726,1022510359,101,WA003,3025S-3033A-3035A-9999A-9999C-9999CS-9999E,WA007,300970499
29,2755.75,1,310726,1022510359,101,WA003,3025S-3033A-3035A-9999A-9999C-9999CS-9999E,WA007,300970500
29,2755.75,1,310726,1022510359,101,WA003,3025S-3033A-3035A-9999A-9999C-9999CS-9999E,WA007,300970501
29,2755.75,1,310726,1022510359,101,WA003,3025S-3033A-3035A-9999A-9999C-9999CS-9999E,WA007,300970503
29,2755.75,1,310726,1022510359,101,WA003,3025S-3033A-3035A-9999A-9999C-9999CS-9999E,WA007,300970525
29,2755.75,1,310726,1022510359,101,WA003,3025S-3033A-3035A-9999A-9999C-9999CS-9999E,WA007,300970526
29,2755.75,1,310726,1022510359,101,WA003,3025S-3033A-3035A-9999A-9999C-9999CS-9999E,WA007,300970573
29,2755.75,1,310726,1022510359,101,WA003,3025S-3033A-3035A-9999A-9999C-9999CS-9999E,WA007,300970575
29,2755.75,1,310726,1022510360,101,WA003,3025S-3035A-9999A-9999C-9999CS-9999E,WA007,300970576
29,2755.75,1,310726,1022510360,101,WA003,3025S-3035A-9999A-9999C-9999CS-9999E,WA007,300970577
29,2755.75,1,310726,1022510360,101,WA003,3025S-3035A-9999A-9999C-9999CS-9999E,WA007,300970578
29,2755.75,1,310726,1022510360,101,WA003,3025S-3035A-9999A-9999C-9999CS-9999E,WA007,300970699
29,2755.75,1,310726,1022510360,101,WA003,3025S-3035A-9999A-9999C-9999CS-9999E,WA007,300970700
29,2755.75,1,310726,1022510360,101,WA003,3025S-3035A-9999A-9999C-9999CS-9999E,WA007,300970701
29,2755.75,1,310726,1022510360,101,WA003,3025S-3035A-9999A-9999C-9999CS-9999E,WA007,300970707
29,2755.75,1,310726,1022510360,101,WA003,3025S-3035A-9999A-9999C-9999CS-9999E,WA007,300970708
29,2755.75,1,310726,1022510361,101,WA003,3015A-3035A-9999A-9999C-9999CS-9999E,WA007,300970772
29,2755.75,1,310726,1022510361,101,WA003,3015A-3035A-9999A-9999C-9999CS-9999E,WA007,300970773
29,2755.75,1,310726,1022510361,101,WA003,3015A-3035A-9999A-9999C-9999CS-9999E,WA007,300970774
29,2755.75,1,310726,1022510361,101,WA003,3015A-3035A-9999A-9999C-9999CS-9999E,WA007,300970775
29,2755.75,1,310726,1022510361,101,WA003,3015A-3035A-9999A-9999C-9999CS-9999E,WA007,300970784
29,2755.75,1,310726,1022510361,101,WA003,3015A-3035A-9999A-9999C-9999CS-9999E,WA007,300970785
29,2755.75,1,310726,1022510361,101,WA003,3015A-3035A-9999A-9999C-9999CS-9999E,WA007,300970846
29,2755.75,1,310726,1022510361,101,WA003,3015A-3035A-9999A-9999C-9999CS-9999E,WA007,300970847
29,2755.75,1,310726,1022510362,101,WA003,9999A-9999C-9999E,WA007,300970849
29,2755.75,1,310726,1022510362,101,WA003,9999A-9999C-9999E,WA007,300970850
29,2755.75,1,310726,1022510362,101,WA003,9999A-9999C-9999E,WA007,300970851
29,2755.75,1,310726,1022510362,101,WA003,9999A-9999C-9999E,WA007,300970853
29,2755.75,1,310726,1022510362,101,WA003,9999A-9999C-9999E,WA007,300970858
29,2755.75,1,310726,1022510362,101,WA003,9999A-9999C-9999E,WA007,300970859
29,2755.75,1,310726,1022510362,101,WA003,9999A-9999C-9999E,WA007,300970860
29,2755.75,1,310726,1022510362,101,WA003,9999A-9999C-9999E,WA007,300970861
29,2755.75,1,310726,1022510363,101,WA003,3015A-3035A-9999A-9999C-9999CS-9999E,WA007,300970888
29,2755.75,1,310726,1022510363,101,WA003,3015A-3035A-9999A-9999C-9999CS-9999E,WA007,300970889
29,2755.75,1,310726,1022510363,101,WA003,3015A-3035A-9999A-9999C-9999CS-9999E,WA007,300970904
29,2755.75,1,310726,1022510363,101,WA003,3015A-3035A-9999A-9999C-9999CS-9999E,WA007,300970908
29,2755.75,1,310726,1022510363,101,WA003,3015A-3035A-9999A-9999C-9999CS-9999E,WA007,300970937
29,2755.75,1,310726,1022510363,101,WA003,3015A-3035A-9999A-9999C-9999CS-9999E,WA007,300970938
29,2755.75,1,310726,1022510363,101,WA003,3015A-3035A-9999A-9999C-9999CS-9999E,WA007,300970939
29,2755.75,1,310726,1022510363,101,WA003,3015A-3035A-9999A-9999C-9999CS-9999E,WA007,300970941
29,2755.75,1,310726,1022510364,101,WA003,3015A-3035A-9999A-9999E,WA007,300970972
29,2259.715,1,310726,1022510364,101,WA003,3015A-3035A-9999A-9999E,WA007,300971016
29,2200,1,310774,1002510301,102,WA001,9999A,WA001,300969498
29,2205,1,310774,1002510301,102,WA001,9999A,WA001,300969506
29,2221,1,310774,1002510301,102,WA001,9999A,WA001,300969525
29,2202,1,310774,1002510301,102,WA001,9999A,WA001,300969541
29,2198,1,310774,1002510301,102,WA001,9999A,WA001,300969584
29,2199,1,310774,1002510301,102,WA001,9999A,WA001,300969612
29,2202,1,310774,1002510301,102,WA001,9999A,WA001,300969627
29,2201,1,310774,1002510301,102,WA001,9999A,WA001,300969637
29,2201,1,310774,1002510302,102,WA001,9999A,WA001,300969656
29,2199,1,310774,1002510302,102,WA001,9999A,WA001,300969668
29,2199,1,310774,1002510302,102,WA001,9999A,WA001,300969673
29,2198,1,310774,1002510302,102,WA001,9999A,WA001,300969690
29,2199,1,310774,1002510302,102,WA001,9999A,WA001,300969705
29,2199,1,310774,1002510302,102,WA001,9999A,WA001,300969722
29,2199,1,310774,1002510302,102,WA001,9999A,WA001,300969741
29,2160,1,310774,1002510302,102,WA001,9999A,WA001,300969770
30,2755.75,1,310726,1022510251,101,WA003,3007S-3025S-3033A-3035A-9999A-9999E,WA007,300967974
30,2755.75,1,310726,1022510251,101,WA003,3007S-3025S-3033A-3035A-9999A-9999E,WA007,300967975
30,2755.75,1,310726,1022510251,101,WA003,3007S-3025S-3033A-3035A-9999A-9999E,WA007,300967976
30,2755.75,1,310726,1022510251,101,WA003,3007S-3025S-3033A-3035A-9999A-9999E,WA007,300967977
30,2755.75,1,310726,1022510251,101,WA003,3007S-3025S-3033A-3035A-9999A-9999E,WA007,300967980
30,2755.75,1,310726,1022510251,101,WA003,3007S-3025S-3033A-3035A-9999A-9999E,WA007,300967983
30,2755.75,1,310726,1022510251,101,WA003,3007S-3025S-3033A-3035A-9999A-9999E,WA007,300967987
30,2755.75,1,310726,1022510251,101,WA003,3007S-3025S-3033A-3035A-9999A-9999E,WA007,300967989
30,2755.75,1,310726,1022510252,101,WA003,3005WGUM-3005WGUM-3007DRYGUM-3007FO-3007S-3025S-9999A-9999C-9999CS-9999E,WA007,300968112
30,2755.75,1,310726,1022510252,101,WA003,3005WGUM-3005WGUM-3007DRYGUM-3007FO-3007S-3025S-9999A-9999C-9999CS-9999E,WA007,300968113
30,2755.75,1,310726,1022510252,101,WA003,3005WGUM-3005WGUM-3007DRYGUM-3007FO-3007S-3025S-9999A-9999C-9999CS-9999E,WA007,300968114
30,2755.75,1,310726,1022510252,101,WA003,3005WGUM-3005WGUM-3007DRYGUM-3007FO-3007S-3025S-9999A-9999C-9999CS-9999E,WA007,300968115
30,2755.75,1,310726,1022510252,101,WA003,3005WGUM-3005WGUM-3007DRYGUM-3007FO-3007S-3025S-9999A-9999C-9999CS-9999E,WA007,300968116
30,2755.75,1,310726,1022510252,101,WA003,3005WGUM-3005WGUM-3007DRYGUM-3007FO-3007S-3025S-9999A-9999C-9999CS-9999E,WA007,300968128
30,2755.75,1,310726,1022510252,101,WA003,3005WGUM-3005WGUM-3007DRYGUM-3007FO-3007S-3025S-9999A-9999C-9999CS-9999E,WA007,300968129
30,2755.75,1,310726,1022510252,101,WA003,3005WGUM-3005WGUM-3007DRYGUM-3007FO-3007S-3025S-9999A-9999C-9999CS-9999E,WA007,300968199
30,2755.75,1,310726,1022510253,101,WA003,3005WGUM-3005WGUM-3007DRYGUM-3007FO-3007S-3025S-3035A-9999A-9999C-9999CS-9999E,WA007,300968200
30,2755.75,1,310726,1022510253,101,WA003,3005WGUM-3005WGUM-3007DRYGUM-3007FO-3007S-3025S-3035A-9999A-9999C-9999CS-9999E,WA007,300968201
30,2755.75,1,310726,1022510253,101,WA003,3005WGUM-3005WGUM-3007DRYGUM-3007FO-3007S-3025S-3035A-9999A-9999C-9999CS-9999E,WA007,300968202
30,2755.75,1,310726,1022510253,101,WA003,3005WGUM-3005WGUM-3007DRYGUM-3007FO-3007S-3025S-3035A-9999A-9999C-9999CS-9999E,WA007,300968203
30,2755.75,1,310726,1022510253,101,WA003,3005WGUM-3005WGUM-3007DRYGUM-3007FO-3007S-3025S-3035A-9999A-9999C-9999CS-9999E,WA007,300968204
30,2755.75,1,310726,1022510253,101,WA003,3005WGUM-3005WGUM-3007DRYGUM-3007FO-3007S-3025S-3035A-9999A-9999C-9999CS-9999E,WA007,300968205
30,2755.75,1,310726,1022510253,101,WA003,3005WGUM-3005WGUM-3007DRYGUM-3007FO-3007S-3025S-3035A-9999A-9999C-9999CS-9999E,WA007,300968206
30,2755.75,1,310726,1022510253,101,WA003,3005WGUM-3005WGUM-3007DRYGUM-3007FO-3007S-3025S-3035A-9999A-9999C-9999CS-9999E,WA007,300968274
30,2755.75,1,310726,1022510254,101,WA003,3005WGUM-3005WGUM-3007DRYGUM-3007FO-3007S-3025S-3035A-9999A-9999C-9999CS-9999E,WA007,300968275
30,2755.75,1,310726,1022510254,101,WA003,3005WGUM-3005WGUM-3007DRYGUM-3007FO-3007S-3025S-3035A-9999A-9999C-9999CS-9999E,WA007,300968276
30,2755.75,1,310726,1022510254,101,WA003,3005WGUM-3005WGUM-3007DRYGUM-3007FO-3007S-3025S-3035A-9999A-9999C-9999CS-9999E,WA007,300968277
30,2755.75,1,310726,1022510254,101,WA003,3005WGUM-3005WGUM-3007DRYGUM-3007FO-3007S-3025S-3035A-9999A-9999C-9999CS-9999E,WA007,300968394
30,2755.75,1,310726,1022510254,101,WA003,3005WGUM-3005WGUM-3007DRYGUM-3007FO-3007S-3025S-3035A-9999A-9999C-9999CS-9999E,WA007,300968395
30,2755.75,1,310726,1022510254,101,WA003,3005WGUM-3005WGUM-3007DRYGUM-3007FO-3007S-3025S-3035A-9999A-9999C-9999CS-9999E,WA007,300968396
30,2755.75,1,310726,1022510254,101,WA003,3005WGUM-3005WGUM-3007DRYGUM-3007FO-3007S-3025S-3035A-9999A-9999C-9999CS-9999E,WA007,300968397
30,2755.75,1,310726,1022510254,101,WA003,3005WGUM-3005WGUM-3007DRYGUM-3007FO-3007S-3025S-3035A-9999A-9999C-9999CS-9999E,WA007,300968398
30,2755.75,1,310726,1022510255,101,WA003,3005WGUM-3005WGUM-3007DRYGUM-3007FO-3007S-3025S-3035A-9999A-9999C-9999CS-9999E,WA007,300968426
30,2755.75,1,310726,1022510255,101,WA003,3005WGUM-3005WGUM-3007DRYGUM-3007FO-3007S-3025S-3035A-9999A-9999C-9999CS-9999E,WA007,300968427
30,2755.75,1,310726,1022510255,101,WA003,3005WGUM-3005WGUM-3007DRYGUM-3007FO-3007S-3025S-3035A-9999A-9999C-9999CS-9999E,WA007,300968428
30,2755.75,1,310726,1022510255,101,WA003,3005WGUM-3005WGUM-3007DRYGUM-3007FO-3007S-3025S-3035A-9999A-9999C-9999CS-9999E,WA007,300968429
30,2755.75,1,310726,1022510255,101,WA003,3005WGUM-3005WGUM-3007DRYGUM-3007FO-3007S-3025S-3035A-9999A-9999C-9999CS-9999E,WA007,300968431
30,2755.75,1,310726,1022510255,101,WA003,3005WGUM-3005WGUM-3007DRYGUM-3007FO-3007S-3025S-3035A-9999A-9999C-9999CS-9999E,WA007,300968432
30,2755.75,1,310726,1022510255,101,WA003,3005WGUM-3005WGUM-3007DRYGUM-3007FO-3007S-3025S-3035A-9999A-9999C-9999CS-9999E,WA007,300968433
30,2755.75,1,310726,1022510255,101,WA003,3005WGUM-3005WGUM-3007DRYGUM-3007FO-3007S-3025S-3035A-9999A-9999C-9999CS-9999E,WA007,300968434
30,2755.75,1,310726,1022510256,101,WA003,3005WGUM-3005WGUM-3007DRYGUM-3007FO-3007S-3025S-3035A-9999A-9999C-9999CS-9999E,WA007,300968484
30,2755.75,1,310726,1022510256,101,WA003,3005WGUM-3005WGUM-3007DRYGUM-3007FO-3007S-3025S-3035A-9999A-9999C-9999CS-9999E,WA007,300968485
30,2755.75,1,310726,1022510256,101,WA003,3005WGUM-3005WGUM-3007DRYGUM-3007FO-3007S-3025S-3035A-9999A-9999C-9999CS-9999E,WA007,300968486
30,2755.75,1,310726,1022510256,101,WA003,3005WGUM-3005WGUM-3007DRYGUM-3007FO-3007S-3025S-3035A-9999A-9999C-9999CS-9999E,WA007,300968529
30,2755.75,1,310726,1022510256,101,WA003,3005WGUM-3005WGUM-3007DRYGUM-3007FO-3007S-3025S-3035A-9999A-9999C-9999CS-9999E,WA007,300968530
30,2755.75,1,310726,1022510256,101,WA003,3005WGUM-3005WGUM-3007DRYGUM-3007FO-3007S-3025S-3035A-9999A-9999C-9999CS-9999E,WA007,300968552
30,2755.75,1,310726,1022510256,101,WA003,3005WGUM-3005WGUM-3007DRYGUM-3007FO-3007S-3025S-3035A-9999A-9999C-9999CS-9999E,WA007,300968553
30,2755.75,1,310726,1022510256,101,WA003,3005WGUM-3005WGUM-3007DRYGUM-3007FO-3007S-3025S-3035A-9999A-9999C-9999CS-9999E,WA007,300968554
30,2755.75,1,310726,1022510257,101,WA003,3005WGUM-3005WGUM-3007DRYGUM-3007FO-3007S-3025S-3035A-9999A-9999C-9999CS-9999E,WA007,300968628
30,2755.75,1,310726,1022510257,101,WA003,3005WGUM-3005WGUM-3007DRYGUM-3007FO-3007S-3025S-3035A-9999A-9999C-9999CS-9999E,WA007,300968629
30,2755.75,1,310726,1022510257,101,WA003,3005WGUM-3005WGUM-3007DRYGUM-3007FO-3007S-3025S-3035A-9999A-9999C-9999CS-9999E,WA007,300968662
30,2755.75,1,310726,1022510257,101,WA003,3005WGUM-3005WGUM-3007DRYGUM-3007FO-3007S-3025S-3035A-9999A-9999C-9999CS-9999E,WA007,300968663
30,2755.75,1,310726,1022510257,101,WA003,3005WGUM-3005WGUM-3007DRYGUM-3007FO-3007S-3025S-3035A-9999A-9999C-9999CS-9999E,WA007,300968664
30,2755.75,1,310726,1022510257,101,WA003,3005WGUM-3005WGUM-3007DRYGUM-3007FO-3007S-3025S-3035A-9999A-9999C-9999CS-9999E,WA007,300968669
30,2755.75,1,310726,1022510257,101,WA003,3005WGUM-3005WGUM-3007DRYGUM-3007FO-3007S-3025S-3035A-9999A-9999C-9999CS-9999E,WA007,300968670
30,2755.75,1,310726,1022510257,101,WA003,3005WGUM-3005WGUM-3007DRYGUM-3007FO-3007S-3025S-3035A-9999A-9999C-9999CS-9999E,WA007,300968721
30,2755.75,1,310726,1022510258,101,WA003,3005WGUM-3005WGUM-3007DRYGUM-3007FO-3007S-3025S-3035A-9999A-9999C-9999CS-9999E,WA007,300968723
30,2755.75,1,310726,1022510258,101,WA003,3005WGUM-3005WGUM-3007DRYGUM-3007FO-3007S-3025S-3035A-9999A-9999C-9999CS-9999E,WA007,300968724
30,2755.75,1,310726,1022510258,101,WA003,3005WGUM-3005WGUM-3007DRYGUM-3007FO-3007S-3025S-3035A-9999A-9999C-9999CS-9999E,WA007,300968725
30,2755.75,1,310726,1022510258,101,WA003,3005WGUM-3005WGUM-3007DRYGUM-3007FO-3007S-3025S-3035A-9999A-9999C-9999CS-9999E,WA007,300968726
30,2755.75,1,310726,1022510258,101,WA003,3005WGUM-3005WGUM-3007DRYGUM-3007FO-3007S-3025S-3035A-9999A-9999C-9999CS-9999E,WA007,300968727
30,2755.75,1,310726,1022510258,101,WA003,3005WGUM-3005WGUM-3007DRYGUM-3007FO-3007S-3025S-3035A-9999A-9999C-9999CS-9999E,WA007,300968728
30,2755.75,1,310726,1022510258,101,WA003,3005WGUM-3005WGUM-3007DRYGUM-3007FO-3007S-3025S-3035A-9999A-9999C-9999CS-9999E,WA007,300968744
30,2755.75,1,310726,1022510258,101,WA003,3005WGUM-3005WGUM-3007DRYGUM-3007FO-3007S-3025S-3035A-9999A-9999C-9999CS-9999E,WA007,300968797
30,2755.75,1,310726,1022510259,101,WA003,3005WGUM-3005WGUM-3007DRYGUM-3007FO-3007S-3025S-3035A-9999A-9999C-9999CS-9999E,WA007,300968799
30,2755.75,1,310726,1022510259,101,WA003,3005WGUM-3005WGUM-3007DRYGUM-3007FO-3007S-3025S-3035A-9999A-9999C-9999CS-9999E,WA007,300968800
30,2755.75,1,310726,1022510259,101,WA003,3005WGUM-3005WGUM-3007DRYGUM-3007FO-3007S-3025S-3035A-9999A-9999C-9999CS-9999E,WA007,300968801
30,2755.75,1,310726,1022510259,101,WA003,3005WGUM-3005WGUM-3007DRYGUM-3007FO-3007S-3025S-3035A-9999A-9999C-9999CS-9999E,WA007,300968919
30,2755.75,1,310726,1022510259,101,WA003,3005WGUM-3005WGUM-3007DRYGUM-3007FO-3007S-3025S-3035A-9999A-9999C-9999CS-9999E,WA007,300968920
30,2755.75,1,310726,1022510259,101,WA003,3005WGUM-3005WGUM-3007DRYGUM-3007FO-3007S-3025S-3035A-9999A-9999C-9999CS-9999E,WA007,300968921
30,2755.75,1,310726,1022510259,101,WA003,3005WGUM-3005WGUM-3007DRYGUM-3007FO-3007S-3025S-3035A-9999A-9999C-9999CS-9999E,WA007,300968922
30,2755.75,1,310726,1022510259,101,WA003,3005WGUM-3005WGUM-3007DRYGUM-3007FO-3007S-3025S-3035A-9999A-9999C-9999CS-9999E,WA007,300968924
30,2755.75,1,310726,1022510260,101,WA003,3025S-3035A-9999A-9999C-9999CS-9999E,WA007,300968949
30,2755.75,1,310726,1022510260,101,WA003,3025S-3035A-9999A-9999C-9999CS-9999E,WA007,300968950
30,2755.75,1,310726,1022510260,101,WA003,3025S-3035A-9999A-9999C-9999CS-9999E,WA007,300968951
30,2755.75,1,310726,1022510260,101,WA003,3025S-3035A-9999A-9999C-9999CS-9999E,WA007,300968952
30,2755.75,1,310726,1022510260,101,WA003,3025S-3035A-9999A-9999C-9999CS-9999E,WA007,300968958
30,2755.75,1,310726,1022510260,101,WA003,3025S-3035A-9999A-9999C-9999CS-9999E,WA007,300968959
30,2755.75,1,310726,1022510260,101,WA003,3025S-3035A-9999A-9999C-9999CS-9999E,WA007,300968972
30,2755.75,1,310726,1022510260,101,WA003,3025S-3035A-9999A-9999C-9999CS-9999E,WA007,300968973
30,2755.75,1,310726,1022510261,101,WA003,3025S-3035A-9999A-9999C-9999CS-9999E,WA007,300969007
30,2755.75,1,310726,1022510261,101,WA003,3025S-3035A-9999A-9999C-9999CS-9999E,WA007,300969008
30,2755.75,1,310726,1022510261,101,WA003,3025S-3035A-9999A-9999C-9999CS-9999E,WA007,300969009
30,2755.75,1,310726,1022510261,101,WA003,3025S-3035A-9999A-9999C-9999CS-9999E,WA007,300969010
30,2755.75,1,310726,1022510261,101,WA003,3025S-3035A-9999A-9999C-9999CS-9999E,WA007,300969011
30,2755.75,1,310726,1022510261,101,WA003,3025S-3035A-9999A-9999C-9999CS-9999E,WA007,300969076
30,2755.75,1,310726,1022510261,101,WA003,3025S-3035A-9999A-9999C-9999CS-9999E,WA007,300969078
30,2755.75,1,310726,1022510261,101,WA003,3025S-3035A-9999A-9999C-9999CS-9999E,WA007,300969079
30,2755.75,1,310726,1022510262,101,WA003,3035A-9999A-9999C-9999CS-9999E,WA007,300969080
30,2755.75,1,310726,1022510262,101,WA003,3035A-9999A-9999C-9999CS-9999E,WA007,300969081
30,2755.75,1,310726,1022510262,101,WA003,3035A-9999A-9999C-9999CS-9999E,WA007,300969082
30,2755.75,1,310726,1022510262,101,WA003,3035A-9999A-9999C-9999CS-9999E,WA007,300969153
30,2755.75,1,310726,1022510262,101,WA003,3035A-9999A-9999C-9999CS-9999E,WA007,300969248
30,2755.75,1,310726,1022510262,101,WA003,3035A-9999A-9999C-9999CS-9999E,WA007,300969250
30,2755.75,1,310726,1022510262,101,WA003,3035A-9999A-9999C-9999CS-9999E,WA007,300969251
30,2755.75,1,310726,1022510262,101,WA003,3035A-9999A-9999C-9999CS-9999E,WA007,300969252
30,2755.75,1,310726,1022510263,101,WA003,3025S-3035A-9999A-9999C-9999CS-9999E,WA007,300969279
30,2755.75,1,310726,1022510263,101,WA003,3025S-3035A-9999A-9999C-9999CS-9999E,WA007,300969281
30,2755.75,1,310726,1022510263,101,WA003,3025S-3035A-9999A-9999C-9999CS-9999E,WA007,300969282
30,2755.75,1,310726,1022510263,101,WA003,3025S-3035A-9999A-9999C-9999CS-9999E,WA007,300969283
30,2755.75,1,310726,1022510263,101,WA003,3025S-3035A-9999A-9999C-9999CS-9999E,WA007,300969284
30,2755.75,1,310726,1022510263,101,WA003,3025S-3035A-9999A-9999C-9999CS-9999E,WA007,300969296
30,2755.75,1,310726,1022510263,101,WA003,3025S-3035A-9999A-9999C-9999CS-9999E,WA007,300969297
30,2755.75,1,310726,1022510263,101,WA003,3025S-3035A-9999A-9999C-9999CS-9999E,WA007,300969323
30,2755.75,1,310726,1022510264,101,WA003,3035A-9999A-9999E,WA007,300969325
30,2755.75,1,310726,1022510264,101,WA003,3035A-9999A-9999E,WA007,300969326
30,2755.75,1,310726,1022510264,101,WA003,3035A-9999A-9999E,WA007,300969329
30,2755.75,1,310726,1022510264,101,WA003,3035A-9999A-9999E,WA007,300969338
30,2094.37,1,310726,1022510264,101,WA003,3035A-9999A-9999E,WA007,300969340
31,771.61,0,310015,1002510101,101,WA001,"",WA001,300966609
31,2755.75,1,310015,1002510101,101,WA001,"",WA001,300966612
31,2755.75,1,310015,1002510101,101,WA001,"",WA001,300966613
31,2755.75,1,310015,1002510101,101,WA001,"",WA001,300966614
31,2755.75,1,310015,1002510101,101,WA001,"",WA001,300966651
31,2755.75,1,310015,1002510101,101,WA001,"",WA001,300966652
31,2755.75,1,310015,1002510101,101,WA001,"",WA001,300966676
31,2755.75,1,310015,1002510101,101,WA001,"",WA001,300966677
31,2755.75,1,310015,1002510102,101,WA001,"",WA001,300966678
31,2755.75,1,310015,1002510102,101,WA001,"",WA001,300966729
31,2755.75,1,310015,1002510102,101,WA001,"",WA001,300966730
31,2755.75,1,310015,1002510102,101,WA001,"",WA001,300966731
31,661.38,0,310015,1002510102,101,WA001,"",WA001,300966835
31,2755.75,1,310015,1002510102,101,WA001,"",WA001,300966859
31,2755.75,1,310015,1002510102,101,WA001,"",WA001,300966860
31,2755.75,1,310015,1002510102,101,WA001,"",WA001,300966861
31,2755.75,1,310015,1002510103,101,WA001,9999A-9999E,WA001,300966884
31,2755.75,1,310015,1002510103,101,WA001,9999A-9999E,WA001,300966885
31,2755.75,1,310015,1002510103,101,WA001,9999A-9999E,WA001,300966907
31,2755.75,1,310015,1002510103,101,WA001,9999A-9999E,WA001,300966921
31,2755.75,1,310015,1002510103,101,WA001,9999A-9999E,WA001,300966943
31,2755.75,1,310015,1002510103,101,WA001,9999A-9999E,WA001,300966958
31,2755.75,1,310015,1002510103,101,WA001,9999A-9999E,WA001,300966971
31,2755.75,1,310015,1002510103,101,WA001,9999A-9999E,WA001,300966972
31,2755.75,1,310015,1002510104,101,WA001,9999A-9999E,WA001,300967013
31,2755.75,1,310015,1002510104,101,WA001,9999A-9999E,WA001,300967014
31,2755.75,1,310015,1002510104,101,WA001,9999A-9999E,WA001,300967015
31,2755.75,1,310015,1002510104,101,WA001,9999A-9999E,WA001,300967017
31,2755.75,1,310015,1002510104,101,WA001,9999A-9999E,WA001,300967035
31,2755.75,1,310015,1002510104,101,WA001,9999A-9999E,WA001,300967036
31,2755.75,1,310015,1002510104,101,WA001,9999A-9999E,WA001,300967037
31,2755.75,1,310015,1002510104,101,WA001,9999A-9999E,WA001,300967038
31,2755.75,1,310015,1002510105,101,WA001,9999A-9999E,WA001,300967065
31,55.115,0,310724,1012510101,101,WA002,3040A-3043A-3045A-3053A-3055A-3055A-9999A-9999E,WA007,300966314
31,165.345,0,310724,1012510102,101,WA002,3040A-3043A-3045A-3053A-3055A-3055A-9999A-9999E,WA007,300966322
31,2755.75,1,310726,1022510151,101,WA003,3007S-3025S-9999A-9999E,WA007,300966517
31,2755.75,1,310726,1022510151,101,WA003,3007S-3025S-9999A-9999E,WA007,300966520
31,2755.75,1,310726,1022510151,101,WA003,3007S-3025S-9999A-9999E,WA007,300966539
31,2755.75,1,310726,1022510151,101,WA003,3007S-3025S-9999A-9999E,WA007,300966552
31,2755.75,1,310726,1022510151,101,WA003,3007S-3025S-9999A-9999E,WA007,300966553
31,2755.75,1,310726,1022510151,101,WA003,3007S-3025S-9999A-9999E,WA007,300966568
31,2755.75,1,310726,1022510151,101,WA003,3007S-3025S-9999A-9999E,WA007,300966569
31,2755.75,1,310726,1022510151,101,WA003,3007S-3025S-9999A-9999E,WA007,300966570
31,2755.75,1,310726,1022510152,101,WA003,3005WGUM-3005WGUM-3007DRYGUM-3007FO-3007S-3025S-9999A-9999C-9999CS-9999E,WA007,300966579
31,2755.75,1,310726,1022510152,101,WA003,3005WGUM-3005WGUM-3007DRYGUM-3007FO-3007S-3025S-9999A-9999C-9999CS-9999E,WA007,300966697
31,2755.75,1,310726,1022510152,101,WA003,3005WGUM-3005WGUM-3007DRYGUM-3007FO-3007S-3025S-9999A-9999C-9999CS-9999E,WA007,300966698
31,2755.75,1,310726,1022510152,101,WA003,3005WGUM-3005WGUM-3007DRYGUM-3007FO-3007S-3025S-9999A-9999C-9999CS-9999E,WA007,300966699
31,2755.75,1,310726,1022510152,101,WA003,3005WGUM-3005WGUM-3007DRYGUM-3007FO-3007S-3025S-9999A-9999C-9999CS-9999E,WA007,300966701
31,2755.75,1,310726,1022510152,101,WA003,3005WGUM-3005WGUM-3007DRYGUM-3007FO-3007S-3025S-9999A-9999C-9999CS-9999E,WA007,300966702
31,2755.75,1,310726,1022510152,101,WA003,3005WGUM-3005WGUM-3007DRYGUM-3007FO-3007S-3025S-9999A-9999C-9999CS-9999E,WA007,300966703
31,2755.75,1,310726,1022510152,101,WA003,3005WGUM-3005WGUM-3007DRYGUM-3007FO-3007S-3025S-9999A-9999C-9999CS-9999E,WA007,300966742
31,2755.75,1,310726,1022510153,101,WA003,3005WGUM-3005WGUM-3007DRYGUM-3007FO-3007S-3025S-9999A-9999C-9999CS-9999E,WA007,300966745
31,2755.75,1,310726,1022510153,101,WA003,3005WGUM-3005WGUM-3007DRYGUM-3007FO-3007S-3025S-9999A-9999C-9999CS-9999E,WA007,300966746
31,2755.75,1,310726,1022510153,101,WA003,3005WGUM-3005WGUM-3007DRYGUM-3007FO-3007S-3025S-9999A-9999C-9999CS-9999E,WA007,300966747
31,2755.75,1,310726,1022510153,101,WA003,3005WGUM-3005WGUM-3007DRYGUM-3007FO-3007S-3025S-9999A-9999C-9999CS-9999E,WA007,300966748
31,2755.75,1,310726,1022510153,101,WA003,3005WGUM-3005WGUM-3007DRYGUM-3007FO-3007S-3025S-9999A-9999C-9999CS-9999E,WA007,300966749
31,2755.75,1,310726,1022510153,101,WA003,3005WGUM-3005WGUM-3007DRYGUM-3007FO-3007S-3025S-9999A-9999C-9999CS-9999E,WA007,300966751
31,2755.75,1,310726,1022510153,101,WA003,3005WGUM-3005WGUM-3007DRYGUM-3007FO-3007S-3025S-9999A-9999C-9999CS-9999E,WA007,300966752
31,2755.75,1,310726,1022510153,101,WA003,3005WGUM-3005WGUM-3007DRYGUM-3007FO-3007S-3025S-9999A-9999C-9999CS-9999E,WA007,300966753
31,2755.75,1,310726,1022510154,101,WA003,3007S-3025S-9999A-9999C-9999CS-9999E,WA007,300966821
31,2755.75,1,310726,1022510154,101,WA003,3007S-3025S-9999A-9999C-9999CS-9999E,WA007,300966823
31,2755.75,1,310726,1022510154,101,WA003,3007S-3025S-9999A-9999C-9999CS-9999E,WA007,300966825
31,2755.75,1,310726,1022510154,101,WA003,3007S-3025S-9999A-9999C-9999CS-9999E,WA007,300966827
31,2755.75,1,310726,1022510154,101,WA003,3007S-3025S-9999A-9999C-9999CS-9999E,WA007,300966828
31,2755.75,1,310726,1022510154,101,WA003,3007S-3025S-9999A-9999C-9999CS-9999E,WA007,300966829
31,2755.75,1,310726,1022510154,101,WA003,3007S-3025S-9999A-9999C-9999CS-9999E,WA007,300966830
31,2755.75,1,310726,1022510154,101,WA003,3007S-3025S-9999A-9999C-9999CS-9999E,WA007,300966831
31,2755.75,1,310726,1022510155,101,WA003,3007S-3025S-9999A-9999C-9999CS-9999E,WA007,300966895
31,2755.75,1,310726,1022510155,101,WA003,3007S-3025S-9999A-9999C-9999CS-9999E,WA007,300966897
31,2755.75,1,310726,1022510155,101,WA003,3007S-3025S-9999A-9999C-9999CS-9999E,WA007,300966898
31,2755.75,1,310726,1022510155,101,WA003,3007S-3025S-9999A-9999C-9999CS-9999E,WA007,300966899
31,2755.75,1,310726,1022510155,101,WA003,3007S-3025S-9999A-9999C-9999CS-9999E,WA007,300966900
31,2755.75,1,310726,1022510155,101,WA003,3007S-3025S-9999A-9999C-9999CS-9999E,WA007,300966959
31,2755.75,1,310726,1022510155,101,WA003,3007S-3025S-9999A-9999C-9999CS-9999E,WA007,300966960
31,2755.75,1,310726,1022510155,101,WA003,3007S-3025S-9999A-9999C-9999CS-9999E,WA007,300966961
31,2755.75,1,310726,1022510156,102,WA003,9999A,WA007,300966966
31,2755.75,1,310726,1022510156,102,WA003,9999A,WA007,300966970
31,2755.75,1,310726,1022510156,102,WA003,9999A,WA007,300966977
31,2755.75,1,310726,1022510156,102,WA003,9999A,WA007,300966978
31,2755.75,1,310726,1022510156,102,WA003,9999A,WA007,300966979
31,2755.75,1,310726,1022510156,102,WA003,9999A,WA007,300967040
31,2755.75,1,310726,1022510156,102,WA003,9999A,WA007,300967041
31,2755.75,1,310726,1022510156,102,WA003,9999A,WA007,300967042
31,2755.75,1,310726,1022510157,101,WA003,3007S-3025S-9999A-9999C-9999CS-9999E,WA007,300967043
31,2755.75,1,310726,1022510157,101,WA003,3007S-3025S-9999A-9999C-9999CS-9999E,WA007,300967044
31,2755.75,1,310726,1022510157,101,WA003,3007S-3025S-9999A-9999C-9999CS-9999E,WA007,300967045
31,2755.75,1,310726,1022510157,101,WA003,3007S-3025S-9999A-9999C-9999CS-9999E,WA007,300967046
31,2755.75,1,310726,1022510157,101,WA003,3007S-3025S-9999A-9999C-9999CS-9999E,WA007,300967047
31,2755.75,1,310726,1022510157,101,WA003,3007S-3025S-9999A-9999C-9999CS-9999E,WA007,300967049
31,2755.75,1,310726,1022510157,101,WA003,3007S-3025S-9999A-9999C-9999CS-9999E,WA007,300967051
31,2755.75,1,310726,1022510157,101,WA003,3007S-3025S-9999A-9999C-9999CS-9999E,WA007,300967052
31,2755.75,1,310726,1022510158,101,WA003,3025S-9999A-9999C-9999CS-9999E,WA007,300967059
31,2755.75,1,310726,1022510158,101,WA003,3025S-9999A-9999C-9999CS-9999E,WA007,300967060
31,2755.75,1,310726,1022510158,101,WA003,3025S-9999A-9999C-9999CS-9999E,WA007,300967061
31,2755.75,1,310726,1022510158,101,WA003,3025S-9999A-9999C-9999CS-9999E,WA007,300967062
31,2755.75,1,310726,1022510158,101,WA003,3025S-9999A-9999C-9999CS-9999E,WA007,300967063
31,2755.75,1,310726,1022510158,101,WA003,3025S-9999A-9999C-9999CS-9999E,WA007,300967163
31,2755.75,1,310726,1022510158,101,WA003,3025S-9999A-9999C-9999CS-9999E,WA007,300967164
31,2755.75,1,310726,1022510159,101,WA003,3005WGUM-3005WGUM-3007DRYGUM-3007FO-3007S-3025S-9999A-9999C-9999CS-9999E,WA007,300967166
31,2755.75,1,310726,1022510159,101,WA003,3005WGUM-3005WGUM-3007DRYGUM-3007FO-3007S-3025S-9999A-9999C-9999CS-9999E,WA007,300967167
31,2755.75,1,310726,1022510159,101,WA003,3005WGUM-3005WGUM-3007DRYGUM-3007FO-3007S-3025S-9999A-9999C-9999CS-9999E,WA007,300967168
31,2755.75,1,310726,1022510159,101,WA003,3005WGUM-3005WGUM-3007DRYGUM-3007FO-3007S-3025S-9999A-9999C-9999CS-9999E,WA007,300967169
31,2755.75,1,310726,1022510159,101,WA003,3005WGUM-3005WGUM-3007DRYGUM-3007FO-3007S-3025S-9999A-9999C-9999CS-9999E,WA007,300967179
31,2755.75,1,310726,1022510159,101,WA003,3005WGUM-3005WGUM-3007DRYGUM-3007FO-3007S-3025S-9999A-9999C-9999CS-9999E,WA007,300967180
31,2755.75,1,310726,1022510159,101,WA003,3005WGUM-3005WGUM-3007DRYGUM-3007FO-3007S-3025S-9999A-9999C-9999CS-9999E,WA007,300967181
31,2755.75,1,310726,1022510159,101,WA003,3005WGUM-3005WGUM-3007DRYGUM-3007FO-3007S-3025S-9999A-9999C-9999CS-9999E,WA007,300967182
31,2755.75,1,310726,1022510164,101,WA003,9999A-9999C-9999E,WA007,300967533
31,2755.75,1,310726,1022510164,101,WA003,9999A-9999C-9999E,WA007,300967534
31,2755.75,1,310726,1022510164,101,WA003,9999A-9999C-9999E,WA007,300967535
31,2755.75,1,310726,1022510164,101,WA003,9999A-9999C-9999E,WA007,300967537
31,2755.75,1,310726,1022510164,101,WA003,9999A-9999C-9999E,WA007,300967538
31,2755.75,1,310726,1022510164,101,WA003,9999A-9999C-9999E,WA007,300967598
31,2755.75,1,310726,1022510164,101,WA003,9999A-9999C-9999E,WA007,300967617
31,2755.75,1,310726,1022510164,101,WA003,9999A-9999C-9999E,WA007,300967618
31,2755.75,1,310726,1022510165,101,WA003,3025S-9999A-9999E,WA007,300967629
31,2755.75,1,310726,1022510165,101,WA003,3025S-9999A-9999E,WA007,300967630
31,2755.75,1,310726,1022510165,101,WA003,3025S-9999A-9999E,WA007,300967644
31,2755.75,1,310726,1022510165,101,WA003,3025S-9999A-9999E,WA007,300967646
31,1102.3,0,310726,1022510165,101,WA003,3025S-9999A-9999E,WA007,300967687
32,2755.75,1,310015,1002510006,101,WA001,9999A-9999E,WA001,300965630
32,2755.75,1,310015,1002510007,101,WA001,9999A-9999E,WA001,300965730
32,1984.14,1,310015,1002510008,101,WA001,9999A-9999E,WA001,300965834
32,2755.75,1,310015,1052510002,101,ID002,3117A-3123A-9999A-9999E,TX001,300964721
32,2755.75,1,310015,1052510002,101,ID002,3117A-3123A-9999A-9999E,TX001,300964742
32,2755.75,1,310015,1052510002,101,ID002,3117A-3123A-9999A-9999E,TX001,300964744
32,2755.75,1,310015,1052510002,101,ID002,3117A-3123A-9999A-9999E,TX001,300964745
32,2755.75,1,310015,1052510002,101,ID002,3117A-3123A-9999A-9999E,TX001,300964747
32,2755.75,1,310015,1052510003,101,ID002,3117A-3123A-9999A-9999E,TX001,300964780
32,2755.75,1,310015,1052510003,101,ID002,3117A-3123A-9999A-9999E,TX001,300964782
32,2755.75,1,310015,1052510003,101,ID002,3117A-3123A-9999A-9999E,TX001,300964783
32,2755.75,1,310015,1052510003,101,ID002,3117A-3123A-9999A-9999E,TX001,300964784
32,2755.75,1,310015,1052510003,101,ID002,3117A-3123A-9999A-9999E,TX001,300964878
32,2755.75,1,310015,1052510003,101,ID002,3117A-3123A-9999A-9999E,TX001,300964879
32,2755.75,1,310015,1052510003,101,ID002,3117A-3123A-9999A-9999E,TX001,300964880
32,2755.75,1,310015,1052510003,101,ID002,3117A-3123A-9999A-9999E,TX001,300964881
32,2755.75,1,310015,1052510004,101,ID002,3117A-3123A-9999A-9999E,ID010,300964956
32,2755.75,1,310015,1052510004,101,ID002,3117A-3123A-9999A-9999E,ID010,300965041
32,2755.75,1,310015,1052510004,101,ID002,3117A-3123A-9999A-9999E,ID010,300965042
32,2755.75,1,310015,1052510004,101,ID002,3117A-3123A-9999A-9999E,ID010,300965043
32,2755.75,1,310015,1052510004,101,ID002,3117A-3123A-9999A-9999E,ID010,300965044
32,2755.75,1,310015,1052510004,101,ID002,3117A-3123A-9999A-9999E,ID010,300965045
32,2755.75,1,310015,1052510004,101,ID002,3117A-3123A-9999A-9999E,TX001,300964954
32,2755.75,1,310015,1052510004,101,ID002,3117A-3123A-9999A-9999E,TX001,300964955
32,2755.75,1,310015,1052510005,101,ID002,3117A-3123A-9999A-9999E,ID010,300965075
32,2755.75,1,310015,1052510005,101,ID002,3117A-3123A-9999A-9999E,ID010,300965077
32,2755.75,1,310015,1052510005,101,ID002,3117A-3123A-9999A-9999E,ID010,300965078
32,2755.75,1,310015,1052510005,101,ID002,3117A-3123A-9999A-9999E,ID010,300965079
32,2755.75,1,310015,1052510005,101,ID002,3117A-3123A-9999A-9999E,ID010,300965088
32,2755.75,1,310015,1052510005,101,ID002,3117A-3123A-9999A-9999E,ID010,300965089
32,2755.75,1,310015,1052510005,101,ID002,3117A-3123A-9999A-9999E,ID010,300965090
32,2755.75,1,310015,1052510005,101,ID002,3117A-3123A-9999A-9999E,ID010,300965091
32,2755.75,1,310015,1052510007,101,ID002,3117A-3123A-9999A-9999E,ID010,300965553
32,2017,1,310086,1052510031,101,ID002,3139A-3140A-9999A,ID010,300965434
32,706,0,310086,1052510031,101,ID002,3139A-3140A-9999A,ID010,300965435
32,2128,1,310768,1052510021,101,ID002,3200A-9999A,ID010,300965914
32,2095,1,310768,1052510021,101,ID002,3200A-9999A,ID010,300965916
32,2066,1,310768,1052510021,101,ID002,3200A-9999A,ID010,300965917
32,2021,1,310768,1052510021,101,ID002,3200A-9999A,ID010,300965918
32,2095,1,310768,1052510021,101,ID002,3200A-9999A,ID010,300965919
32,2118,1,310768,1052510024,101,ID002,3200A-9999A,ID002,300966122
32,2059,1,310768,1052510024,101,ID002,3200A-9999A,ID002,300966123
32,2112,1,310768,1052510024,101,ID002,3200A-9999A,ID010,300966124
32,2028,1,310768,1052510024,101,ID002,3200A-9999A,ID010,300966125
32,2075,1,310768,1052510024,101,ID002,3200A-9999A,ID010,300966126
32,2027,1,310768,1052510024,101,ID002,3200A-9999A,ID010,300966127
32,2135,1,310768,1052510024,101,ID002,3200A-9999A,ID010,300966129
32,2027,1,310768,1052510024,101,ID002,3200A-9999A,ID010,300966130
32,2118,1,310768,1052510025,102,ID002,9999A,ID002,300966159
32,2060,1,310768,1052510025,102,ID002,9999A,ID002,300966160
33,2755.75,1,310015,1052509901,101,ID002,3117A-3123A-9999A-9999E,TX001,300964309
33,2755.75,1,310015,1052509901,101,ID002,3117A-3123A-9999A-9999E,TX001,300964310
33,2755.75,1,310015,1052509901,101,ID002,3117A-3123A-9999A-9999E,TX001,300964340
33,2755.75,1,310015,1052509901,101,ID002,3117A-3123A-9999A-9999E,TX001,300964343
33,2755.75,1,310015,1052509901,101,ID002,3117A-3123A-9999A-9999E,TX001,300964344
33,2755.75,1,310015,1052509901,101,ID002,3117A-3123A-9999A-9999E,TX001,300964345
33,2755.75,1,310015,1052509901,101,ID002,3117A-3123A-9999A-9999E,TX001,300964346
33,2755.75,1,310015,1052509901,101,ID002,3117A-3123A-9999A-9999E,TX001,300964348
33,2755.75,1,310015,1052509902,101,ID002,3117A-3123A-9999A-9999E,TX001,300964425
33,2755.75,1,310015,1052509902,101,ID002,3117A-3123A-9999A-9999E,TX001,300964426
33,2755.75,1,310015,1052509902,101,ID002,3117A-3123A-9999A-9999E,TX001,300964427
33,2755.75,1,310015,1052509902,101,ID002,3117A-3123A-9999A-9999E,TX001,300964428
33,2755.75,1,310015,1052509902,101,ID002,3117A-3123A-9999A-9999E,TX001,300964432
33,2755.75,1,310015,1052509902,101,ID002,3117A-3123A-9999A-9999E,TX001,300964433
33,2755.75,1,310015,1052509902,101,ID002,3117A-3123A-9999A-9999E,TX001,300964434
33,2755.75,1,310015,1052509902,101,ID002,3117A-3123A-9999A-9999E,TX001,300964435
33,2755.75,1,310015,1052509903,101,ID002,3117A-3123A-9999A-9999E,TX001,300964480
33,2755.75,1,310015,1052509903,101,ID002,3117A-3123A-9999A-9999E,TX001,300964481
33,2755.75,1,310015,1052509903,101,ID002,3117A-3123A-9999A-9999E,TX001,300964482
33,2755.75,1,310015,1052509903,101,ID002,3117A-3123A-9999A-9999E,TX001,300964483
33,2755.75,1,310015,1052509903,101,ID002,3117A-3123A-9999A-9999E,TX001,300964485
33,2755.75,1,310015,1052509903,101,ID002,3117A-3123A-9999A-9999E,TX001,300964486
33,2755.75,1,310015,1052509903,101,ID002,3117A-3123A-9999A-9999E,TX001,300964487
33,2755.75,1,310015,1052509903,101,ID002,3117A-3123A-9999A-9999E,TX001,300964488
33,2755.75,1,310015,1052509904,101,ID002,3117A-3123A-9999A-9999E,TX001,300964553
33,2755.75,1,310015,1052509904,101,ID002,3117A-3123A-9999A-9999E,TX001,300964554
33,2755.75,1,310015,1052509904,101,ID002,3117A-3123A-9999A-9999E,TX001,300964555
33,2755.75,1,310015,1052509904,101,ID002,3117A-3123A-9999A-9999E,TX001,300964556
33,2755.75,1,310015,1052509904,101,ID002,3117A-3123A-9999A-9999E,TX001,300964557
33,2755.75,1,310015,1052509904,101,ID002,3117A-3123A-9999A-9999E,TX001,300964558
33,2755.75,1,310015,1052509904,101,ID002,3117A-3123A-9999A-9999E,TX001,300964559
33,2755.75,1,310015,1052509904,101,ID002,3117A-3123A-9999A-9999E,TX001,300964560
33,2755.75,1,310015,1052509905,101,ID002,3117A-3123A-9999A-9999E,TX001,300964577
33,2755.75,1,310015,1052509905,101,ID002,3117A-3123A-9999A-9999E,TX001,300964578
33,2755.75,1,310015,1052509905,101,ID002,3117A-3123A-9999A-9999E,TX001,300964624
33,2755.75,1,310015,1052509905,101,ID002,3117A-3123A-9999A-9999E,TX001,300964625
33,2020,1,310086,1052509931,101,ID002,3139A-3140A-9999A,ID010,300963342
33,2047,1,310086,1052509931,101,ID002,3139A-3140A-9999A,ID010,300963343
33,2055,1,310086,1052509931,101,ID002,3139A-3140A-9999A,ID010,300963344
33,2030,1,310086,1052509931,101,ID002,3139A-3140A-9999A,ID010,300963345
33,2017,1,310086,1052509931,101,ID002,3139A-3140A-9999A,ID010,300963346
33,2042,1,310086,1052509931,101,ID002,3139A-3140A-9999A,ID010,300963347
33,2017,1,310086,1052509931,101,ID002,3139A-3140A-9999A,ID010,300963348
33,2132,1,310086,1052509931,101,ID002,3139A-3140A-9999A,ID010,300963349
33,2188,1,310086,1052509932,101,ID002,3139A-3140A-9999A,ID010,300963350
33,2136,1,310086,1052509932,101,ID002,3139A-3140A-9999A,ID010,300963351
33,2151,1,310086,1052509932,101,ID002,3139A-3140A-9999A,ID010,300963352
33,2170,1,310086,1052509932,101,ID002,3139A-3140A-9999A,ID010,300963354
33,2070,1,310086,1052509932,101,ID002,3139A-3140A-9999A,ID010,300963355
33,2111,1,310086,1052509932,101,ID002,3139A-3140A-9999A,ID010,300963356
33,2020,1,310086,1052509932,101,ID002,3139A-3140A-9999A,ID010,300963397
33,1988,1,310086,1052509932,101,ID002,3139A-3140A-9999A,ID010,300963398
33,2019,1,310086,1052509933,101,ID002,3139A-3140A-9999A,ID010,300963400
33,1889,1,310086,1052509933,101,ID002,3139A-3140A-9999A,ID010,300963401
33,2025,1,310086,1052509933,101,ID002,3139A-3140A-9999A,ID010,300963402
33,2020,1,310086,1052509933,101,ID002,3139A-3140A-9999A,ID010,300963404
33,2043,1,310086,1052509933,101,ID002,3139A-3140A-9999A,ID010,300963406
33,2038,1,310086,1052509933,101,ID002,3139A-3140A-9999A,ID010,300963407
33,2020,1,310086,1052509933,101,ID002,3139A-3140A-9999A,ID010,300963408
33,1986,1,310086,1052509933,101,ID002,3139A-3140A-9999A,ID010,300963409
33,2129,1,310086,1052509934,101,ID002,3139A-3140A-9999A,ID010,300963419
33,2074,1,310086,1052509934,101,ID002,3139A-3140A-9999A,ID010,300963420
33,2062,1,310086,1052509934,101,ID002,3139A-3140A-9999A,ID010,300963421
33,1987,1,310086,1052509934,101,ID002,3139A-3140A-9999A,ID010,300963422
33,2077,1,310086,1052509934,101,ID002,3139A-3140A-9999A,ID010,300963480
33,2042,1,310086,1052509934,101,ID002,3139A-3140A-9999A,ID010,300963481
33,2079,1,310086,1052509934,101,ID002,3139A-3140A-9999A,ID010,300963486
33,1993,1,310086,1052509934,101,ID002,3139A-3140A-9999A,ID010,300963487
33,2034,1,310086,1052509935,101,ID002,3139A-3140A-9999A,ID010,300963511
33,2012,1,310086,1052509935,101,ID002,3139A-3140A-9999A,ID010,300963512
33,2037,1,310086,1052509935,101,ID002,3139A-3140A-9999A,ID010,300963513
33,1997,1,310086,1052509935,101,ID002,3139A-3140A-9999A,ID010,300963514
33,2054,1,310086,1052509935,101,ID002,3139A-3140A-9999A,ID010,300963532
33,2061,1,310086,1052509935,101,ID002,3139A-3140A-9999A,ID010,300963533
33,2043,1,310086,1052509935,101,ID002,3139A-3140A-9999A,ID010,300963534
33,2058,1,310086,1052509935,101,ID002,3139A-3140A-9999A,ID010,300963535
33,2048,1,310086,1052509936,101,ID002,3139A-3140A-9999A,ID010,300963544
33,2048,1,310086,1052509936,101,ID002,3139A-3140A-9999A,ID010,300963545
33,2059,1,310086,1052509936,101,ID002,3139A-3140A-9999A,ID010,300963562
33,2066,1,310086,1052509936,101,ID002,3139A-3140A-9999A,ID010,300963563
33,2037,1,310086,1052509936,101,ID002,3139A-3140A-9999A,ID010,300963566
33,2092,1,310086,1052509936,101,ID002,3139A-3140A-9999A,ID010,300963567
33,2063,1,310086,1052509936,101,ID002,3139A-3140A-9999A,ID010,300963590
33,2083,1,310086,1052509936,101,ID002,3139A-3140A-9999A,ID010,300963594
33,2051,1,310086,1052509937,101,ID002,3139A-3140A-9999A,ID010,300963628
33,2075,1,310086,1052509937,101,ID002,3139A-3140A-9999A,ID010,300963629
33,2038,1,310086,1052509937,101,ID002,3139A-3140A-9999A,ID010,300963630
33,2152,1,310086,1052509937,101,ID002,3139A-3140A-9999A,ID010,300963631
33,2034,1,310086,1052509937,101,ID002,3139A-3140A-9999A,ID010,300963633
33,2066,1,310086,1052509937,101,ID002,3139A-3140A-9999A,ID010,300963634
33,2085,1,310086,1052509937,101,ID002,3139A-3140A-9999A,ID010,300963655
33,2126,1,310086,1052509937,101,ID002,3139A-3140A-9999A,ID010,300963656
33,2073,1,310086,1052509938,101,ID002,3139A-3140A-9999A,ID010,300963665
33,2060,1,310086,1052509938,101,ID002,3139A-3140A-9999A,ID010,300963666
33,2055,1,310086,1052509938,101,ID002,3139A-3140A-9999A,ID010,300963672
33,2046,1,310086,1052509938,101,ID002,3139A-3140A-9999A,ID010,300963673
33,2063,1,310086,1052509938,101,ID002,3139A-3140A-9999A,ID010,300963686
33,2054,1,310086,1052509938,101,ID002,3139A-3140A-9999A,ID010,300963687
33,2109,1,310086,1052509938,101,ID002,3139A-3140A-9999A,ID010,300963714
33,2098,1,310086,1052509938,101,ID002,3139A-3140A-9999A,ID010,300963715
33,2132,1,310086,1052509939,101,ID002,3139A-3140A-9999A,ID010,300963738
33,2185,1,310086,1052509939,101,ID002,3139A-3140A-9999A,ID010,300963739
33,2127,1,310086,1052509939,101,ID002,3139A-3140A-9999A,ID010,300963740
33,2179,1,310086,1052509939,101,ID002,3139A-3140A-9999A,ID010,300963741
33,2131,1,310086,1052509939,101,ID002,3139A-3140A-9999A,ID010,300963749
33,2183,1,310086,1052509939,101,ID002,3139A-3140A-9999A,ID010,300963750
33,2176,1,310086,1052509939,101,ID002,3139A-3140A-9999A,ID010,300963752
33,2158,1,310086,1052509939,101,ID002,3139A-3140A-9999A,ID010,300963753
33,2197,1,310086,1052509940,101,ID002,3139A-3140A-9999A,ID010,300963756
33,2137,1,310086,1052509940,101,ID002,3139A-3140A-9999A,ID010,300963757
33,2155,1,310086,1052509940,101,ID002,3139A-3140A-9999A,ID010,300963764
33,2210,1,310086,1052509940,101,ID002,3139A-3140A-9999A,ID010,300963765
33,2213,1,310086,1052509940,101,ID002,3139A-3140A-9999A,ID010,300963773
33,2115,1,310086,1052509940,101,ID002,3139A-3140A-9999A,ID010,300963774
33,2014,1,310086,1052509940,101,ID002,3139A-3140A-9999A,ID010,300963796
33,2068,1,310086,1052509940,101,ID002,3139A-3140A-9999A,ID010,300963797
33,2084,1,310086,1052509941,101,ID002,3139A-3140A-9999A,ID010,300963810
33,2095,1,310086,1052509941,101,ID002,3139A-3140A-9999A,ID010,300963811
33,2251,1,310086,1052509941,101,ID002,3139A-3140A-9999A,ID010,300963812
33,2091,1,310086,1052509941,101,ID002,3139A-3140A-9999A,ID010,300963813
33,2126,1,310086,1052509941,101,ID002,3139A-3140A-9999A,ID010,300963829
33,2056,1,310086,1052509941,101,ID002,3139A-3140A-9999A,ID010,300963830
33,2124,1,310086,1052509941,101,ID002,3139A-3140A-9999A,ID010,300963836
33,2100,1,310086,1052509941,101,ID002,3139A-3140A-9999A,ID010,300963838
33,2164,1,310086,1052509942,101,ID002,3139A-3140A-9999A,ID010,300963850
33,2128,1,310086,1052509942,101,ID002,3139A-3140A-9999A,ID010,300963851
33,2188,1,310086,1052509942,101,ID002,3139A-3140A-9999A,ID010,300963869
33,2088,1,310086,1052509942,101,ID002,3139A-3140A-9999A,ID010,300963870
33,2093,1,310086,1052509942,101,ID002,3139A-3140A-9999A,ID010,300963880
33,2166,1,310086,1052509942,101,ID002,3139A-3140A-9999A,ID010,300963881
33,2119,1,310086,1052509942,101,ID002,3139A-3140A-9999A,ID010,300963882
33,2147,1,310086,1052509942,101,ID002,3139A-3140A-9999A,ID010,300965120
33,2156,1,310086,1052509943,101,ID002,3139A-3140A-9999A,ID010,300963893
33,2159,1,310086,1052509943,101,ID002,3139A-3140A-9999A,ID010,300963894
33,2246,1,310086,1052509943,101,ID002,3139A-3140A-9999A,ID010,300963910
33,2146,1,310086,1052509943,101,ID002,3139A-3140A-9999A,ID010,300963912
33,2217,1,310086,1052509943,101,ID002,3139A-3140A-9999A,ID010,300963932
33,2213,1,310086,1052509943,101,ID002,3139A-3140A-9999A,ID010,300963933
33,2132,1,310086,1052509943,101,ID002,3139A-3140A-9999A,ID010,300963944
33,2050,1,310086,1052509943,101,ID002,3139A-3140A-9999A,ID010,300963945
33,2100,1,310086,1052509944,101,ID002,3139A-3140A-9999A,ID010,300963954
33,2022,1,310086,1052509944,101,ID002,3139A-3140A-9999A,ID010,300963955
33,2083,1,310086,1052509944,101,ID002,3139A-3140A-9999A,ID010,300963958
33,2088,1,310086,1052509944,101,ID002,3139A-3140A-9999A,ID010,300963959
33,2125,1,310086,1052509944,101,ID002,3139A-3140A-9999A,ID010,300963969
33,2148,1,310086,1052509944,101,ID002,3139A-3140A-9999A,ID010,300963970
33,2072,1,310086,1052509944,101,ID002,3139A-3140A-9999A,ID010,300963978
33,2070,1,310086,1052509944,101,ID002,3139A-3140A-9999A,ID010,300963981
33,2087,1,310086,1052509945,101,ID002,3139A-3140A-9999A,ID010,300963984
33,2071,1,310086,1052509945,101,ID002,3139A-3140A-9999A,ID010,300963985
33,2076,1,310086,1052509945,101,ID002,3139A-3140A-9999A,ID010,300963994
33,2152,1,310086,1052509945,101,ID002,3139A-3140A-9999A,ID010,300963995
33,2122,1,310086,1052509945,101,ID002,3139A-3140A-9999A,ID010,300964019
33,2189,1,310086,1052509945,101,ID002,3139A-3140A-9999A,ID010,300964021
33,2132,1,310086,1052509945,101,ID002,3139A-3140A-9999A,ID010,300964030
33,2026,1,310086,1052509945,101,ID002,3139A-3140A-9999A,ID010,300964031
33,2124,1,310086,1052509946,101,ID002,3139A-3140A-9999A,ID010,300964034
33,2045,1,310086,1052509946,101,ID002,3139A-3140A-9999A,ID010,300964035
33,2080,1,310086,1052509946,101,ID002,3139A-3140A-9999A,ID010,300964075
33,2015,1,310086,1052509946,101,ID002,3139A-3140A-9999A,ID010,300964076
33,2088,1,310086,1052509946,101,ID002,3139A-3140A-9999A,ID010,300964077
33,2038,1,310086,1052509946,101,ID002,3139A-3140A-9999A,ID010,300964078
33,2082,1,310086,1052509946,101,ID002,3139A-3140A-9999A,ID010,300964082
33,2042,1,310086,1052509946,101,ID002,3139A-3140A-9999A,ID010,300964083
33,2104,1,310086,1052509947,101,ID002,3139A-3140A-9999A,ID002,300964094
33,2036,1,310086,1052509947,101,ID002,3139A-3140A-9999A,ID002,300964095
33,2073,1,310086,1052509947,101,ID002,3139A-3140A-9999A,ID002,300964150
33,2096,1,310086,1052509947,101,ID002,3139A-3140A-9999A,ID010,300964185
33,2074,1,310086,1052509947,101,ID002,3139A-3140A-9999A,ID010,300964187
33,601,0,310086,1052509947,101,ID002,3139A-3140A-9999A,ID010,300964189
33,2097,1,310086,1052509947,101,ID002,3139A-3140A-9999A,ID010,300964546
33,2755.75,1,310724,1012509908,101,WA002,3040A-3043A-9999A,WA007,300963902
33,2755.75,1,310724,1012509908,101,WA002,3040A-3043A-9999A,WA007,300963906
33,2755.75,1,310724,1012509908,101,WA002,3040A-3043A-9999A,WA007,300963918
33,2755.75,1,310724,1012509908,101,WA002,3040A-3043A-9999A,WA007,300963922
33,2755.75,1,310724,1012509908,101,WA002,3040A-3043A-9999A,WA007,300963951
33,2755.75,1,310724,1012509908,101,WA002,3040A-3043A-9999A,WA007,300963952
33,2755.75,1,310724,1012509908,101,WA002,3040A-3043A-9999A,WA007,300963953
33,2755.75,1,310724,1012509908,101,WA002,3040A-3043A-9999A,WA007,300963962
33,2755.75,1,310726,1022509951,101,WA003,3002A-3007S-3015A-3025S-3033A-3035A-9999A-9999E,WA007,300964968
33,2755.75,1,310726,1022509951,101,WA003,3002A-3007S-3015A-3025S-3033A-3035A-9999A-9999E,WA007,300964980
33,2755.75,1,310726,1022509951,101,WA003,3002A-3007S-3015A-3025S-3033A-3035A-9999A-9999E,WA007,300964981
33,2755.75,1,310726,1022509951,101,WA003,3002A-3007S-3015A-3025S-3033A-3035A-9999A-9999E,WA007,300964982
33,2755.75,1,310726,1022509951,101,WA003,3002A-3007S-3015A-3025S-3033A-3035A-9999A-9999E,WA007,300964994
33,2755.75,1,310726,1022509951,101,WA003,3002A-3007S-3015A-3025S-3033A-3035A-9999A-9999E,WA007,300964995
33,2755.75,1,310726,1022509951,101,WA003,3002A-3007S-3015A-3025S-3033A-3035A-9999A-9999E,WA007,300965022
33,2755.75,1,310726,1022509951,101,WA003,3002A-3007S-3015A-3025S-3033A-3035A-9999A-9999E,WA007,300965023
33,2755.75,1,310726,1022509952,101,WA003,3002A-3007S-3015A-3025S-3033A-3035A-9999A-9999C-9999CS-9999E,WA007,300965024
33,2755.75,1,310726,1022509952,101,WA003,3002A-3007S-3015A-3025S-3033A-3035A-9999A-9999C-9999CS-9999E,WA007,300965035
33,2755.75,1,310726,1022509952,101,WA003,3002A-3007S-3015A-3025S-3033A-3035A-9999A-9999C-9999CS-9999E,WA007,300965036
33,2755.75,1,310726,1022509952,101,WA003,3002A-3007S-3015A-3025S-3033A-3035A-9999A-9999C-9999CS-9999E,WA007,300965264
33,2755.75,1,310726,1022509952,101,WA003,3002A-3007S-3015A-3025S-3033A-3035A-9999A-9999C-9999CS-9999E,WA007,300965265
33,2755.75,1,310726,1022509952,101,WA003,3002A-3007S-3015A-3025S-3033A-3035A-9999A-9999C-9999CS-9999E,WA007,300965266
33,2755.75,1,310726,1022509952,101,WA003,3002A-3007S-3015A-3025S-3033A-3035A-9999A-9999C-9999CS-9999E,WA007,300965267
33,2755.75,1,310726,1022509952,101,WA003,3002A-3007S-3015A-3025S-3033A-3035A-9999A-9999C-9999CS-9999E,WA007,300965272
33,2755.75,1,310726,1022509953,101,WA003,3002A-3007S-3015A-3025S-3033A-3035A-9999A-9999C-9999CS-9999E,WA007,300965332
33,2755.75,1,310726,1022509953,101,WA003,3002A-3007S-3015A-3025S-3033A-3035A-9999A-9999C-9999CS-9999E,WA007,300965333
33,2755.75,1,310726,1022509953,101,WA003,3002A-3007S-3015A-3025S-3033A-3035A-9999A-9999C-9999CS-9999E,WA007,300965334
33,2755.75,1,310726,1022509953,101,WA003,3002A-3007S-3015A-3025S-3033A-3035A-9999A-9999C-9999CS-9999E,WA007,300965335
33,2755.75,1,310726,1022509953,101,WA003,3002A-3007S-3015A-3025S-3033A-3035A-9999A-9999C-9999CS-9999E,WA007,300965336
33,2755.75,1,310726,1022509953,101,WA003,3002A-3007S-3015A-3025S-3033A-3035A-9999A-9999C-9999CS-9999E,WA007,300965338
33,2755.75,1,310726,1022509953,101,WA003,3002A-3007S-3015A-3025S-3033A-3035A-9999A-9999C-9999CS-9999E,WA007,300965339
33,2755.75,1,310726,1022509953,101,WA003,3002A-3007S-3015A-3025S-3033A-3035A-9999A-9999C-9999CS-9999E,WA007,300965411
33,2755.75,1,310726,1022509954,101,WA003,3002A-3007S-3015A-3025S-3033A-3035A-9999A-9999C-9999CS-9999E,WA007,300965412
33,2755.75,1,310726,1022509954,101,WA003,3002A-3007S-3015A-3025S-3033A-3035A-9999A-9999C-9999CS-9999E,WA007,300965413
33,2755.75,1,310726,1022509954,101,WA003,3002A-3007S-3015A-3025S-3033A-3035A-9999A-9999C-9999CS-9999E,WA007,300965414
33,2755.75,1,310726,1022509954,101,WA003,3002A-3007S-3015A-3025S-3033A-3035A-9999A-9999C-9999CS-9999E,WA007,300965415
33,2755.75,1,310726,1022509954,101,WA003,3002A-3007S-3015A-3025S-3033A-3035A-9999A-9999C-9999CS-9999E,WA007,300965452
33,2755.75,1,310726,1022509954,101,WA003,3002A-3007S-3015A-3025S-3033A-3035A-9999A-9999C-9999CS-9999E,WA007,300965453
33,2755.75,1,310726,1022509954,101,WA003,3002A-3007S-3015A-3025S-3033A-3035A-9999A-9999C-9999CS-9999E,WA007,300965454
33,2755.75,1,310726,1022509954,101,WA003,3002A-3007S-3015A-3025S-3033A-3035A-9999A-9999C-9999CS-9999E,WA007,300965455
33,2755.75,1,310726,1022509959,101,WA003,3002A-3007S-3015A-3025S-3033A-3035A-9999A-9999C-9999CS-9999E,WA007,300965822
33,2755.75,1,310726,1022509959,101,WA003,3002A-3007S-3015A-3025S-3033A-3035A-9999A-9999C-9999CS-9999E,WA007,300965823
33,2755.75,1,310726,1022509959,101,WA003,3002A-3007S-3015A-3025S-3033A-3035A-9999A-9999C-9999CS-9999E,WA007,300965826
33,2755.75,1,310726,1022509959,101,WA003,3002A-3007S-3015A-3025S-3033A-3035A-9999A-9999C-9999CS-9999E,WA007,300965924
33,2755.75,1,310726,1022509959,101,WA003,3002A-3007S-3015A-3025S-3033A-3035A-9999A-9999C-9999CS-9999E,WA007,300965925
33,2755.75,1,310726,1022509959,101,WA003,3002A-3007S-3015A-3025S-3033A-3035A-9999A-9999C-9999CS-9999E,WA007,300965926
33,2755.75,1,310726,1022509959,101,WA003,3002A-3007S-3015A-3025S-3033A-3035A-9999A-9999C-9999CS-9999E,WA007,300965928
33,2700.635,1,310726,1022509959,101,WA003,3002A-3007S-3015A-3025S-3033A-3035A-9999A-9999C-9999CS-9999E,WA007,300965929
33,2755.75,1,310726,1022509960,101,WA003,3002A-3007S-3015A-3025S-3033A-3035A-9999A-9999C-9999CS-9999E,WA007,300965947
33,2755.75,1,310726,1022509960,101,WA003,3002A-3007S-3015A-3025S-3033A-3035A-9999A-9999C-9999CS-9999E,WA007,300965948
33,2755.75,1,310726,1022509960,101,WA003,3002A-3007S-3015A-3025S-3033A-3035A-9999A-9999C-9999CS-9999E,WA007,300965949
33,2755.75,1,310726,1022509960,101,WA003,3002A-3007S-3015A-3025S-3033A-3035A-9999A-9999C-9999CS-9999E,WA007,300965966
33,2755.75,1,310726,1022509960,101,WA003,3002A-3007S-3015A-3025S-3033A-3035A-9999A-9999C-9999CS-9999E,WA007,300965967
33,2755.75,1,310726,1022509960,101,WA003,3002A-3007S-3015A-3025S-3033A-3035A-9999A-9999C-9999CS-9999E,WA007,300965968
33,2755.75,1,310726,1022509960,101,WA003,3002A-3007S-3015A-3025S-3033A-3035A-9999A-9999C-9999CS-9999E,WA007,300965969
33,2755.75,1,310726,1022509960,101,WA003,3002A-3007S-3015A-3025S-3033A-3035A-9999A-9999C-9999CS-9999E,WA007,300965973
33,2755.75,1,310726,1022509961,101,WA003,3002A-3007S-3015A-3025S-3033A-3035A-9999A-9999C-9999CS-9999E,WA007,300966002
33,2755.75,1,310726,1022509961,101,WA003,3002A-3007S-3015A-3025S-3033A-3035A-9999A-9999C-9999CS-9999E,WA007,300966004
33,2755.75,1,310726,1022509961,101,WA003,3002A-3007S-3015A-3025S-3033A-3035A-9999A-9999C-9999CS-9999E,WA007,300966005
33,2755.75,1,310726,1022509961,101,WA003,3002A-3007S-3015A-3025S-3033A-3035A-9999A-9999C-9999CS-9999E,WA007,300966006
33,2755.75,1,310726,1022509961,101,WA003,3002A-3007S-3015A-3025S-3033A-3035A-9999A-9999C-9999CS-9999E,WA007,300966033
33,2755.75,1,310726,1022509961,101,WA003,3002A-3007S-3015A-3025S-3033A-3035A-9999A-9999C-9999CS-9999E,WA007,300966051
33,2755.75,1,310726,1022509961,101,WA003,3002A-3007S-3015A-3025S-3033A-3035A-9999A-9999C-9999CS-9999E,WA007,300966052
33,2755.75,1,310726,1022509961,101,WA003,3002A-3007S-3015A-3025S-3033A-3035A-9999A-9999C-9999CS-9999E,WA007,300966053
33,2755.75,1,310726,1022509963,101,WA003,3002A-3007S-3015A-3025S-3033A-3035A-9999A-9999C-9999CS-9999E,WA007,300966142
33,2755.75,1,310726,1022509963,101,WA003,3002A-3007S-3015A-3025S-3033A-3035A-9999A-9999C-9999CS-9999E,WA007,300966143
33,2755.75,1,310726,1022509963,101,WA003,3002A-3007S-3015A-3025S-3033A-3035A-9999A-9999C-9999CS-9999E,WA007,300966144
33,2755.75,1,310726,1022509963,101,WA003,3002A-3007S-3015A-3025S-3033A-3035A-9999A-9999C-9999CS-9999E,WA007,300966145
33,2755.75,1,310726,1022509963,101,WA003,3002A-3007S-3015A-3025S-3033A-3035A-9999A-9999C-9999CS-9999E,WA007,300966149
33,2755.75,1,310726,1022509963,101,WA003,3002A-3007S-3015A-3025S-3033A-3035A-9999A-9999C-9999CS-9999E,WA007,300966150
33,2755.75,1,310726,1022509963,101,WA003,3002A-3007S-3015A-3025S-3033A-3035A-9999A-9999C-9999CS-9999E,WA007,300966164
33,2755.75,1,310726,1022509963,101,WA003,3002A-3007S-3015A-3025S-3033A-3035A-9999A-9999C-9999CS-9999E,WA007,300966165
34,2535.29,1,310015,1052509809,101,ID002,3117A-3123A-9999A-9999E,TX001,300962584
34,2755.75,1,310015,1052509809,101,ID002,3117A-3123A-9999A-9999E,TX001,300962585
34,2755.75,1,310015,1052509809,101,ID002,3117A-3123A-9999A-9999E,TX001,300962586
34,2755.75,1,310015,1052509809,101,ID002,3117A-3123A-9999A-9999E,TX001,300962587
34,2755.75,1,310015,1052509809,101,ID002,3117A-3123A-9999A-9999E,TX001,300962617
34,2755.75,1,310015,1052509809,101,ID002,3117A-3123A-9999A-9999E,TX001,300962618
34,2755.75,1,310015,1052509809,101,ID002,3117A-3123A-9999A-9999E,TX001,300962619
34,2755.75,1,310015,1052509809,101,ID002,3117A-3123A-9999A-9999E,TX001,300962620
34,2755.75,1,310015,1052509810,101,ID002,3117A-3123A-9999A-9999E,TX001,300962653
34,2755.75,1,310015,1052509810,101,ID002,3117A-3123A-9999A-9999E,TX001,300962657
34,2755.75,1,310015,1052509810,101,ID002,3117A-3123A-9999A-9999E,TX001,300962658
34,2755.75,1,310015,1052509810,101,ID002,3117A-3123A-9999A-9999E,TX001,300962659
34,2755.75,1,310015,1052509810,101,ID002,3117A-3123A-9999A-9999E,TX001,300962674
34,2755.75,1,310015,1052509810,101,ID002,3117A-3123A-9999A-9999E,TX001,300962675
34,2755.75,1,310015,1052509810,101,ID002,3117A-3123A-9999A-9999E,TX001,300962676
34,2755.75,1,310015,1052509810,101,ID002,3117A-3123A-9999A-9999E,TX001,300962678
34,2755.75,1,310015,1052509811,101,ID002,3117A-3123A-9999A-9999E,TX001,300962708
34,2755.75,1,310015,1052509811,101,ID002,3117A-3123A-9999A-9999E,TX001,300962709
34,2755.75,1,310015,1052509811,101,ID002,3117A-3123A-9999A-9999E,TX001,300962710
34,2755.75,1,310015,1052509811,101,ID002,3117A-3123A-9999A-9999E,TX001,300962711
34,2755.75,1,310015,1052509811,101,ID002,3117A-3123A-9999A-9999E,TX001,300963027
34,2755.75,1,310015,1052509811,101,ID002,3117A-3123A-9999A-9999E,TX001,300963028
34,2755.75,1,310015,1052509811,101,ID002,3117A-3123A-9999A-9999E,TX001,300963029
34,2755.75,1,310015,1052509811,101,ID002,3117A-3123A-9999A-9999E,TX001,300963030
34,1968,1,310086,1052509831,101,ID002,3139A-3140A-9999A,ID010,300963074
34,1911,1,310086,1052509831,101,ID002,3139A-3140A-9999A,ID010,300963075
34,1974,1,310086,1052509831,101,ID002,3139A-3140A-9999A,ID010,300963078
34,2061,1,310086,1052509831,101,ID002,3139A-3140A-9999A,ID010,300963079
34,2025,1,310086,1052509831,101,ID002,3139A-3140A-9999A,ID010,300963092
34,1997,1,310086,1052509831,101,ID002,3139A-3140A-9999A,ID010,300963093
34,1939,1,310086,1052509831,101,ID002,3139A-3140A-9999A,ID010,300963125
34,1880,1,310086,1052509831,101,ID002,3139A-3140A-9999A,ID010,300963126
34,2075,1,310086,1052509832,101,ID002,3139A-3140A-9999A,ID010,300963135
34,2114,1,310086,1052509832,101,ID002,3139A-3140A-9999A,ID010,300963137
34,2093,1,310086,1052509832,101,ID002,3139A-3140A-9999A,ID010,300963140
34,2104,1,310086,1052509832,101,ID002,3139A-3140A-9999A,ID010,300963141
34,2078,1,310086,1052509832,101,ID002,3139A-3140A-9999A,ID010,300963144
34,2151,1,310086,1052509832,101,ID002,3139A-3140A-9999A,ID010,300963145
34,2117,1,310086,1052509832,101,ID002,3139A-3140A-9999A,ID010,300963146
34,2101,1,310086,1052509832,101,ID002,3139A-3140A-9999A,ID010,300963147
34,2153,1,310086,1052509833,101,ID002,3139A-3140A-9999A,ID010,300963184
34,2108,1,310086,1052509833,101,ID002,3139A-3140A-9999A,ID010,300963185
34,2131,1,310086,1052509833,101,ID002,3139A-3140A-9999A,ID010,300963188
34,2063,1,310086,1052509833,101,ID002,3139A-3140A-9999A,ID010,300963216
34,2081,1,310086,1052509833,101,ID002,3139A-3140A-9999A,ID010,300963218
34,2108,1,310086,1052509833,101,ID002,3139A-3140A-9999A,ID010,300963219
34,2075,1,310086,1052509833,101,ID002,3139A-3140A-9999A,ID010,300963220
34,2142,1,310086,1052509834,101,ID002,3139A-3140A-9999A,ID010,300963228
34,2112,1,310086,1052509834,101,ID002,3139A-3140A-9999A,ID010,300963229
34,2065,1,310086,1052509834,101,ID002,3139A-3140A-9999A,ID010,300963231
34,2096,1,310086,1052509834,101,ID002,3139A-3140A-9999A,ID010,300963232
34,2020,1,310086,1052509834,101,ID002,3139A-3140A-9999A,ID010,300963233
34,2036,1,310086,1052509834,101,ID002,3139A-3140A-9999A,ID010,300963237
34,2030,1,310086,1052509834,101,ID002,3139A-3140A-9999A,ID010,300963276
34,2046,1,310086,1052509834,101,ID002,3139A-3140A-9999A,ID010,300963277
35,2755.75,1,310724,1012509703,101,WA002,3040A-3045A-3053A-9999A,WA007,300960806
35,2755.75,1,310724,1012509703,101,WA002,3040A-3045A-3053A-9999A,WA007,300960807
35,2755.75,1,310724,1012509703,101,WA002,3040A-3045A-3053A-9999A,WA007,300960808
35,2755.75,1,310724,1012509703,101,WA002,3040A-3045A-3053A-9999A,WA007,300961397
35,2755.75,1,310724,1012509703,101,WA002,3040A-3045A-3053A-9999A,WA007,300961398
35,2755.75,1,310724,1012509703,101,WA002,3040A-3045A-3053A-9999A,WA007,300961400
35,2755.75,1,310724,1012509703,101,WA002,3040A-3045A-3053A-9999A,WA007,300961402
35,2755.75,1,310724,1012509703,101,WA002,3040A-3045A-3053A-9999A,WA007,300961403
35,55.115,0,310724,1012509707,101,WA002,3040A-3043A-3045A-3053A-3055A-3055A-9999A-9999E,WA007,300961778
35,2755.75,1,310726,1022509751,101,WA003,3007S-3025S-3033A-3035A-9999A-9999E,WA007,300962069
35,2755.75,1,310726,1022509751,101,WA003,3007S-3025S-3033A-3035A-9999A-9999E,WA007,300962070
35,2755.75,1,310726,1022509751,101,WA003,3007S-3025S-3033A-3035A-9999A-9999E,WA007,300962071
35,2755.75,1,310726,1022509751,101,WA003,3007S-3025S-3033A-3035A-9999A-9999E,WA007,300962072
35,2755.75,1,310726,1022509751,101,WA003,3007S-3025S-3033A-3035A-9999A-9999E,WA007,300962100
35,2755.75,1,310726,1022509751,101,WA003,3007S-3025S-3033A-3035A-9999A-9999E,WA007,300962101
35,2755.75,1,310726,1022509751,101,WA003,3007S-3025S-3033A-3035A-9999A-9999E,WA007,300962102
35,2755.75,1,310726,1022509751,101,WA003,3007S-3025S-3033A-3035A-9999A-9999E,WA007,300962103
35,2755.75,1,310726,1022509755,101,WA003,3007S-3025S-3033A-3035A-9999A-9999C-9999CS-9999E,WA007,300962421
35,2755.75,1,310726,1022509755,101,WA003,3007S-3025S-3033A-3035A-9999A-9999C-9999CS-9999E,WA007,300962422
35,2755.75,1,310726,1022509755,101,WA003,3007S-3025S-3033A-3035A-9999A-9999C-9999CS-9999E,WA007,300962423
35,2755.75,1,310726,1022509755,101,WA003,3007S-3025S-3033A-3035A-9999A-9999C-9999CS-9999E,WA007,300962424
35,2755.75,1,310726,1022509755,101,WA003,3007S-3025S-3033A-3035A-9999A-9999C-9999CS-9999E,WA007,300962532
35,2755.75,1,310726,1022509755,101,WA003,3007S-3025S-3033A-3035A-9999A-9999C-9999CS-9999E,WA007,300962533
35,2755.75,1,310726,1022509755,101,WA003,3007S-3025S-3033A-3035A-9999A-9999C-9999CS-9999E,WA007,300962534
35,2755.75,1,310726,1022509755,101,WA003,3007S-3025S-3033A-3035A-9999A-9999C-9999CS-9999E,WA007,300962535
35,2755.75,1,310726,1022509756,101,WA003,3007S-3025S-3033A-3035A-9999A-9999E,WA007,300962540
35,2755.75,1,310726,1022509756,101,WA003,3007S-3025S-3033A-3035A-9999A-9999E,WA007,300962541
35,2755.75,1,310726,1022509756,101,WA003,3007S-3025S-3033A-3035A-9999A-9999E,WA007,300962542
35,2755.75,1,310726,1022509756,101,WA003,3007S-3025S-3033A-3035A-9999A-9999E,WA007,300962543
35,2755.75,1,310726,1022509756,101,WA003,3007S-3025S-3033A-3035A-9999A-9999E,WA007,300962545
35,1377.875,1,310726,1022509756,101,WA003,3007S-3025S-3033A-3035A-9999A-9999E,WA007,300970911
36,2755.75,1,310015,1052509603,101,ID002,3117A-3123A-9999A-9999E,ID002,300961234
36,2755.75,1,310015,1052509603,101,ID002,3117A-3123A-9999A-9999E,ID002,300961236
36,2755.75,1,310015,1052509603,101,ID002,3117A-3123A-9999A-9999E,ID002,300961237
36,2755.75,1,310726,1022509651,101,WA003,3007S-3025S-3033A-3035A-9999A-9999E,WA007,300960393
36,2755.75,1,310726,1022509651,101,WA003,3007S-3025S-3033A-3035A-9999A-9999E,WA007,300960398
36,2755.75,1,310726,1022509651,101,WA003,3007S-3025S-3033A-3035A-9999A-9999E,WA007,300960429
36,2755.75,1,310726,1022509651,101,WA003,3007S-3025S-3033A-3035A-9999A-9999E,WA007,300960430
36,2755.75,1,310726,1022509651,101,WA003,3007S-3025S-3033A-3035A-9999A-9999E,WA007,300960498
36,2755.75,1,310726,1022509651,101,WA003,3007S-3025S-3033A-3035A-9999A-9999E,WA007,300960499
36,2755.75,1,310726,1022509651,101,WA003,3007S-3025S-3033A-3035A-9999A-9999E,WA007,300960523
36,2755.75,1,310726,1022509651,101,WA003,3007S-3025S-3033A-3035A-9999A-9999E,WA007,300960524
36,2755.75,1,310726,1022509652,101,WA003,3007S-3025S-3033A-3035A-9999A-9999C-9999CS-9999E,WA007,300960542
36,2755.75,1,310726,1022509652,101,WA003,3007S-3025S-3033A-3035A-9999A-9999C-9999CS-9999E,WA007,300960567
36,2755.75,1,310726,1022509652,101,WA003,3007S-3025S-3033A-3035A-9999A-9999C-9999CS-9999E,WA007,300960568
36,2755.75,1,310726,1022509652,101,WA003,3007S-3025S-3033A-3035A-9999A-9999C-9999CS-9999E,WA007,300960569
36,2755.75,1,310726,1022509652,101,WA003,3007S-3025S-3033A-3035A-9999A-9999C-9999CS-9999E,WA007,300960570
36,2755.75,1,310726,1022509652,101,WA003,3007S-3025S-3033A-3035A-9999A-9999C-9999CS-9999E,WA007,300960571
36,2755.75,1,310726,1022509652,101,WA003,3007S-3025S-3033A-3035A-9999A-9999C-9999CS-9999E,WA007,300960572
36,2755.75,1,310726,1022509652,101,WA003,3007S-3025S-3033A-3035A-9999A-9999C-9999CS-9999E,WA007,300960591
36,2755.75,1,310726,1022509653,101,WA003,3007S-3025S-3033A-3035A-9999A-9999C-9999CS-9999E,WA007,300960603
36,2755.75,1,310726,1022509653,101,WA003,3007S-3025S-3033A-3035A-9999A-9999C-9999CS-9999E,WA007,300960606
36,2755.75,1,310726,1022509653,101,WA003,3007S-3025S-3033A-3035A-9999A-9999C-9999CS-9999E,WA007,300960615
36,2755.75,1,310726,1022509653,101,WA003,3007S-3025S-3033A-3035A-9999A-9999C-9999CS-9999E,WA007,300960716
36,2755.75,1,310726,1022509653,101,WA003,3007S-3025S-3033A-3035A-9999A-9999C-9999CS-9999E,WA007,300960717
36,2755.75,1,310726,1022509653,101,WA003,3007S-3025S-3033A-3035A-9999A-9999C-9999CS-9999E,WA007,300960718
36,2755.75,1,310726,1022509653,101,WA003,3007S-3025S-3033A-3035A-9999A-9999C-9999CS-9999E,WA007,300960721
36,2755.75,1,310726,1022509653,101,WA003,3007S-3025S-3033A-3035A-9999A-9999C-9999CS-9999E,WA007,300973705
36,2755.75,1,310726,1022509654,101,WA003,3007S-3025S-3033A-3035A-9999A-9999C-9999CS-9999E,WA007,300960725
36,2755.75,1,310726,1022509654,101,WA003,3007S-3025S-3033A-3035A-9999A-9999C-9999CS-9999E,WA007,300960753
36,2755.75,1,310726,1022509654,101,WA003,3007S-3025S-3033A-3035A-9999A-9999C-9999CS-9999E,WA007,300960754
36,2755.75,1,310726,1022509654,101,WA003,3007S-3025S-3033A-3035A-9999A-9999C-9999CS-9999E,WA007,300960755
36,2755.75,1,310726,1022509654,101,WA003,3007S-3025S-3033A-3035A-9999A-9999C-9999CS-9999E,WA007,300960756
36,2755.75,1,310726,1022509654,101,WA003,3007S-3025S-3033A-3035A-9999A-9999C-9999CS-9999E,WA007,300960767
36,2755.75,1,310726,1022509654,101,WA003,3007S-3025S-3033A-3035A-9999A-9999C-9999CS-9999E,WA007,300960791
36,2755.75,1,310726,1022509654,101,WA003,3007S-3025S-3033A-3035A-9999A-9999C-9999CS-9999E,WA007,300960792
36,2755.75,1,310726,1022509655,101,WA003,3007S-3025S-3033A-3035A-9999A-9999C-9999CS-9999E,WA007,300960820
36,2755.75,1,310726,1022509655,101,WA003,3007S-3025S-3033A-3035A-9999A-9999C-9999CS-9999E,WA007,300960821
36,2755.75,1,310726,1022509655,101,WA003,3007S-3025S-3033A-3035A-9999A-9999C-9999CS-9999E,WA007,300960822
36,2755.75,1,310726,1022509655,101,WA003,3007S-3025S-3033A-3035A-9999A-9999C-9999CS-9999E,WA007,300960823
36,2755.75,1,310726,1022509655,101,WA003,3007S-3025S-3033A-3035A-9999A-9999C-9999CS-9999E,WA007,300960922
36,2755.75,1,310726,1022509655,101,WA003,3007S-3025S-3033A-3035A-9999A-9999C-9999CS-9999E,WA007,300960923
36,2755.75,1,310726,1022509655,101,WA003,3007S-3025S-3033A-3035A-9999A-9999C-9999CS-9999E,WA007,300960924
36,2755.75,1,310726,1022509655,101,WA003,3007S-3025S-3033A-3035A-9999A-9999C-9999CS-9999E,WA007,300960926
36,2700.635,1,310726,1022509656,101,WA003,3007S-3025S-3033A-3035A-9999A-9999C-9999CS-9999E,WA007,300960942
36,2755.75,1,310726,1022509656,101,WA003,3007S-3025S-3033A-3035A-9999A-9999C-9999CS-9999E,WA007,300960961
36,2755.75,1,310726,1022509656,101,WA003,3007S-3025S-3033A-3035A-9999A-9999C-9999CS-9999E,WA007,300960963
36,2755.75,1,310726,1022509656,101,WA003,3007S-3025S-3033A-3035A-9999A-9999C-9999CS-9999E,WA007,300960965
36,2755.75,1,310726,1022509656,101,WA003,3007S-3025S-3033A-3035A-9999A-9999C-9999CS-9999E,WA007,300961001
36,2755.75,1,310726,1022509656,101,WA003,3007S-3025S-3033A-3035A-9999A-9999C-9999CS-9999E,WA007,300961121
36,2755.75,1,310726,1022509656,101,WA003,3007S-3025S-3033A-3035A-9999A-9999C-9999CS-9999E,WA007,300961122
36,2755.75,1,310726,1022509656,101,WA003,3007S-3025S-3033A-3035A-9999A-9999C-9999CS-9999E,WA007,300961123
36,2755.75,1,310726,1022509657,101,WA003,3007S-3025S-3035A-9999A-9999C-9999CS-9999E,WA007,300961164
36,2755.75,1,310726,1022509657,101,WA003,3007S-3025S-3035A-9999A-9999C-9999CS-9999E,WA007,300961168
36,2755.75,1,310726,1022509657,101,WA003,3007S-3025S-3035A-9999A-9999C-9999CS-9999E,WA007,300961169
36,2755.75,1,310726,1022509657,101,WA003,3007S-3025S-3035A-9999A-9999C-9999CS-9999E,WA007,300961170
36,2755.75,1,310726,1022509657,101,WA003,3007S-3025S-3035A-9999A-9999C-9999CS-9999E,WA007,300961172
36,2755.75,1,310726,1022509657,101,WA003,3007S-3025S-3035A-9999A-9999C-9999CS-9999E,WA007,300961173
36,2755.75,1,310726,1022509657,101,WA003,3007S-3025S-3035A-9999A-9999C-9999CS-9999E,WA007,300961174
36,2755.75,1,310726,1022509657,101,WA003,3007S-3025S-3035A-9999A-9999C-9999CS-9999E,WA007,300961175
36,2755.75,1,310726,1022509658,101,WA003,3007S-3025S-3033A-3035A-9999A-9999C-9999CS-9999E,WA007,300961271
36,2755.75,1,310726,1022509658,101,WA003,3007S-3025S-3033A-3035A-9999A-9999C-9999CS-9999E,WA007,300961272
36,2755.75,1,310726,1022509658,101,WA003,3007S-3025S-3033A-3035A-9999A-9999C-9999CS-9999E,WA007,300961273
36,2755.75,1,310726,1022509658,101,WA003,3007S-3025S-3033A-3035A-9999A-9999C-9999CS-9999E,WA007,300961274
36,2755.75,1,310726,1022509658,101,WA003,3007S-3025S-3033A-3035A-9999A-9999C-9999CS-9999E,WA007,300961276
36,2755.75,1,310726,1022509658,101,WA003,3007S-3025S-3033A-3035A-9999A-9999C-9999CS-9999E,WA007,300961277
36,2755.75,1,310726,1022509658,101,WA003,3007S-3025S-3033A-3035A-9999A-9999C-9999CS-9999E,WA007,300961278
36,2755.75,1,310726,1022509658,101,WA003,3007S-3025S-3033A-3035A-9999A-9999C-9999CS-9999E,WA007,300961279
36,2755.75,1,310726,1022509659,101,WA003,3007S-3025S-3033A-3035A-9999A-9999C-9999CS-9999E,WA007,300961325
36,2755.75,1,310726,1022509659,101,WA003,3007S-3025S-3033A-3035A-9999A-9999C-9999CS-9999E,WA007,300961327
36,2755.75,1,310726,1022509659,101,WA003,3007S-3025S-3033A-3035A-9999A-9999C-9999CS-9999E,WA007,300961328
36,2755.75,1,310726,1022509659,101,WA003,3007S-3025S-3033A-3035A-9999A-9999C-9999CS-9999E,WA007,300961329
36,2755.75,1,310726,1022509659,101,WA003,3007S-3025S-3033A-3035A-9999A-9999C-9999CS-9999E,WA007,300961376
36,2755.75,1,310726,1022509659,101,WA003,3007S-3025S-3033A-3035A-9999A-9999C-9999CS-9999E,WA007,300961377
36,2755.75,1,310726,1022509659,101,WA003,3007S-3025S-3033A-3035A-9999A-9999C-9999CS-9999E,WA007,300961378
36,2755.75,1,310726,1022509659,101,WA003,3007S-3025S-3033A-3035A-9999A-9999C-9999CS-9999E,WA007,300961379
36,2755.75,1,310726,1022509660,101,WA003,3007S-3025S-3033A-3035A-9999A-9999C-9999CS-9999E,WA007,300961417
36,2755.75,1,310726,1022509660,101,WA003,3007S-3025S-3033A-3035A-9999A-9999C-9999CS-9999E,WA007,300961418
36,2755.75,1,310726,1022509660,101,WA003,3007S-3025S-3033A-3035A-9999A-9999C-9999CS-9999E,WA007,300961419
36,2755.75,1,310726,1022509660,101,WA003,3007S-3025S-3033A-3035A-9999A-9999C-9999CS-9999E,WA007,300961420
36,2755.75,1,310726,1022509660,101,WA003,3007S-3025S-3033A-3035A-9999A-9999C-9999CS-9999E,WA007,300961428
36,2755.75,1,310726,1022509660,101,WA003,3007S-3025S-3033A-3035A-9999A-9999C-9999CS-9999E,WA007,300961429
36,2755.75,1,310726,1022509660,101,WA003,3007S-3025S-3033A-3035A-9999A-9999C-9999CS-9999E,WA007,300961430
36,2755.75,1,310726,1022509660,101,WA003,3007S-3025S-3033A-3035A-9999A-9999C-9999CS-9999E,WA007,300961431
36,2755.75,1,310726,1022509661,101,WA003,3007S-3025S-3035A-9999A-9999C-9999CS-9999E,WA007,300961471
36,2755.75,1,310726,1022509661,101,WA003,3007S-3025S-3035A-9999A-9999C-9999CS-9999E,WA007,300961472
36,2755.75,1,310726,1022509661,101,WA003,3007S-3025S-3035A-9999A-9999C-9999CS-9999E,WA007,300961473
36,2755.75,1,310726,1022509661,101,WA003,3007S-3025S-3035A-9999A-9999C-9999CS-9999E,WA007,300961474
36,2755.75,1,310726,1022509661,101,WA003,3007S-3025S-3035A-9999A-9999C-9999CS-9999E,WA007,300961569
36,2755.75,1,310726,1022509661,101,WA003,3007S-3025S-3035A-9999A-9999C-9999CS-9999E,WA007,300961571
36,2755.75,1,310726,1022509661,101,WA003,3007S-3025S-3035A-9999A-9999C-9999CS-9999E,WA007,300961572
36,2755.75,1,310726,1022509661,101,WA003,3007S-3025S-3035A-9999A-9999C-9999CS-9999E,WA007,300961573
36,2755.75,1,310726,1022509662,101,WA003,3007S-3025S-3033A-3035A-9999A-9999C-9999CS-9999E,WA007,300961614
36,2755.75,1,310726,1022509662,101,WA003,3007S-3025S-3033A-3035A-9999A-9999C-9999CS-9999E,WA007,300961615
36,2755.75,1,310726,1022509662,101,WA003,3007S-3025S-3033A-3035A-9999A-9999C-9999CS-9999E,WA007,300961616
36,2755.75,1,310726,1022509662,101,WA003,3007S-3025S-3033A-3035A-9999A-9999C-9999CS-9999E,WA007,300961617
36,2755.75,1,310726,1022509662,101,WA003,3007S-3025S-3033A-3035A-9999A-9999C-9999CS-9999E,WA007,300961634
36,2755.75,1,310726,1022509662,101,WA003,3007S-3025S-3033A-3035A-9999A-9999C-9999CS-9999E,WA007,300961635
36,2755.75,1,310726,1022509662,101,WA003,3007S-3025S-3033A-3035A-9999A-9999C-9999CS-9999E,WA007,300961663
36,2755.75,1,310726,1022509662,101,WA003,3007S-3025S-3033A-3035A-9999A-9999C-9999CS-9999E,WA007,300961664
36,2755.75,1,310726,1022509663,101,WA003,3007S-3025S-3033A-3035A-9999A-9999C-9999CS-9999E,WA007,300961665
36,2755.75,1,310726,1022509663,101,WA003,3007S-3025S-3033A-3035A-9999A-9999C-9999CS-9999E,WA007,300961666
36,2755.75,1,310726,1022509663,101,WA003,3007S-3025S-3033A-3035A-9999A-9999C-9999CS-9999E,WA007,300961706
36,2755.75,1,310726,1022509663,101,WA003,3007S-3025S-3033A-3035A-9999A-9999C-9999CS-9999E,WA007,300961707
36,2755.75,1,310726,1022509663,101,WA003,3007S-3025S-3033A-3035A-9999A-9999C-9999CS-9999E,WA007,300961708
36,2755.75,1,310726,1022509663,101,WA003,3007S-3025S-3033A-3035A-9999A-9999C-9999CS-9999E,WA007,300961709
36,2755.75,1,310726,1022509663,101,WA003,3007S-3025S-3033A-3035A-9999A-9999C-9999CS-9999E,WA007,300961711
36,2755.75,1,310726,1022509663,101,WA003,3007S-3025S-3033A-3035A-9999A-9999C-9999CS-9999E,WA007,300961712
36,2755.75,1,310726,1022509664,101,WA003,3025S-3033A-9999A-9999C-9999CS-9999E,WA007,300961818
36,2755.75,1,310726,1022509664,101,WA003,3025S-3033A-9999A-9999C-9999CS-9999E,WA007,300961829
36,2755.75,1,310726,1022509664,101,WA003,3025S-3033A-9999A-9999C-9999CS-9999E,WA007,300961831
36,2755.75,1,310726,1022509665,101,WA003,3025S-3033A-9999A-9999E,WA007,300961844
36,2755.75,1,310726,1022509665,101,WA003,3025S-3033A-9999A-9999E,WA007,300961887
36,2480.175,1,310726,1022509665,101,WA003,3025S-3033A-9999A-9999E,WA007,300961928
37,2755.75,1,310015,1012509501,101,WA002,3117A-3123A-9999A-9999E,WA017,300958034
37,2755.75,1,310015,1012509501,101,WA002,3117A-3123A-9999A-9999E,WA017,300958116
37,2755.75,1,310015,1012509501,101,WA002,3117A-3123A-9999A-9999E,WA017,300958117
37,2755.75,1,310015,1012509501,101,WA002,3117A-3123A-9999A-9999E,WA017,300958118
37,2755.75,1,310015,1012509501,101,WA002,3117A-3123A-9999A-9999E,WA017,300958119
37,2755.75,1,310015,1012509501,101,WA002,3117A-3123A-9999A-9999E,WA017,300958120
37,2755.75,1,310015,1012509501,101,WA002,3117A-3123A-9999A-9999E,WA017,300958147
37,2755.75,1,310015,1012509501,101,WA002,3117A-3123A-9999A-9999E,WA017,300958148
37,2755.75,1,310015,1012509502,101,WA002,3117A-3123A-9999A-9999E,WA017,300958149
37,2755.75,1,310015,1012509502,101,WA002,3117A-3123A-9999A-9999E,WA017,300958226
37,2755.75,1,310015,1012509502,101,WA002,3117A-3123A-9999A-9999E,WA017,300958227
37,2755.75,1,310015,1012509502,101,WA002,3117A-3123A-9999A-9999E,WA017,300958228
37,2755.75,1,310015,1012509502,101,WA002,3117A-3123A-9999A-9999E,WA017,300958231
37,2755.75,1,310015,1012509502,101,WA002,3117A-3123A-9999A-9999E,WA017,300958232
37,2755.75,1,310015,1012509502,101,WA002,3117A-3123A-9999A-9999E,WA017,300958234
37,2137,1,310086,1052509531,101,ID002,3139A-3140A-9999A,ID010,300958959
37,2166,1,310086,1052509531,101,ID002,3139A-3140A-9999A,ID010,300958976
37,2142,1,310086,1052509531,101,ID002,3139A-3140A-9999A,ID010,300958977
37,2192,1,310086,1052509531,101,ID002,3139A-3140A-9999A,ID010,300958978
37,2100,1,310086,1052509531,101,ID002,3139A-3140A-9999A,ID010,300958979
37,2177,1,310086,1052509531,101,ID002,3139A-3140A-9999A,ID010,300959002
37,2151,1,310086,1052509531,101,ID002,3139A-3140A-9999A,ID010,300959003
37,2169,1,310086,1052509532,101,ID002,3139A-3140A-9999A,ID010,300959019
37,2143,1,310086,1052509532,101,ID002,3139A-3140A-9999A,ID010,300959020
37,2178,1,310086,1052509532,101,ID002,3139A-3140A-9999A,ID010,300959021
37,2145,1,310086,1052509532,101,ID002,3139A-3140A-9999A,ID010,300959022
37,2197,1,310086,1052509532,101,ID002,3139A-3140A-9999A,ID010,300959041
37,2155,1,310086,1052509532,101,ID002,3139A-3140A-9999A,ID010,300959043
37,2201,1,310086,1052509532,101,ID002,3139A-3140A-9999A,ID010,300959044
37,2144,1,310086,1052509532,101,ID002,3139A-3140A-9999A,ID010,300959046
37,2289,1,310086,1052509533,101,ID002,3139A-3140A-9999A,ID010,300959070
37,2208,1,310086,1052509533,101,ID002,3139A-3140A-9999A,ID010,300959071
37,2285,1,310086,1052509533,101,ID002,3139A-3140A-9999A,ID010,300959072
37,2201,1,310086,1052509533,101,ID002,3139A-3140A-9999A,ID010,300959073
37,2240,1,310086,1052509533,101,ID002,3139A-3140A-9999A,ID010,300959077
37,2154,1,310086,1052509533,101,ID002,3139A-3140A-9999A,ID010,300959078
37,2192,1,310086,1052509533,101,ID002,3139A-3140A-9999A,ID010,300959107
37,2142,1,310086,1052509533,101,ID002,3139A-3140A-9999A,ID010,300959108
37,2236,1,310086,1052509534,101,ID002,3139A-3140A-9999A,ID010,300959111
37,2176,1,310086,1052509534,101,ID002,3139A-3140A-9999A,ID010,300959113
37,2221,1,310086,1052509534,101,ID002,3139A-3140A-9999A,ID010,300959132
37,2111,1,310086,1052509534,101,ID002,3139A-3140A-9999A,ID010,300959133
37,2211,1,310086,1052509534,101,ID002,3139A-3140A-9999A,ID010,300959134
37,2149,1,310086,1052509534,101,ID002,3139A-3140A-9999A,ID010,300959135
37,2221,1,310086,1052509534,101,ID002,3139A-3140A-9999A,ID010,300959145
37,2163,1,310086,1052509534,101,ID002,3139A-3140A-9999A,ID010,300959146
37,2206,1,310086,1052509535,101,ID002,3139A-3140A-9999A,ID010,300959147
37,2142,1,310086,1052509535,101,ID002,3139A-3140A-9999A,ID010,300959148
37,2232,1,310086,1052509535,101,ID002,3139A-3140A-9999A,ID010,300959162
37,2142,1,310086,1052509535,101,ID002,3139A-3140A-9999A,ID010,300959163
37,2226,1,310086,1052509535,101,ID002,3139A-3140A-9999A,ID010,300959164
37,2169,1,310086,1052509535,101,ID002,3139A-3140A-9999A,ID010,300959165
37,2470,1,310086,1052509535,101,ID002,3139A-3140A-9999A,ID010,300959171
37,2364,1,310086,1052509535,101,ID002,3139A-3140A-9999A,ID010,300959172
37,55.115,0,310724,1012509507,101,WA002,3040A-3043A-3045A-3053A-3055A-3055A-9999A-9999C-9999E,WA007,300958810
37,2755.75,1,310724,1012509508,101,WA002,3040A-3045A-3053A-9999A,WA007,300958931
37,2755.75,1,310724,1012509508,101,WA002,3040A-3045A-3053A-9999A,WA007,300958932
37,2755.75,1,310724,1012509508,101,WA002,3040A-3045A-3053A-9999A,WA007,300958933
37,2755.75,1,310724,1012509508,101,WA002,3040A-3045A-3053A-9999A,WA007,300958935
37,2755.75,1,310724,1012509508,101,WA002,3040A-3045A-3053A-9999A,WA007,300958952
37,2755.75,1,310724,1012509508,101,WA002,3040A-3045A-3053A-9999A,WA007,300958953
37,2755.75,1,310724,1012509508,101,WA002,3040A-3045A-3053A-9999A,WA007,300958957
37,2755.75,1,310724,1012509508,101,WA002,3040A-3045A-3053A-9999A,WA007,300958960
37,2755.75,1,310726,1022509563,101,WA003,3025S-3033A-3035A-9999A-9999C-9999CS-9999E,WA007,300959890
37,2755.75,1,310726,1022509563,101,WA003,3025S-3033A-3035A-9999A-9999C-9999CS-9999E,WA007,300959891
37,2755.75,1,310726,1022509563,101,WA003,3025S-3033A-3035A-9999A-9999C-9999CS-9999E,WA007,300959892
37,2755.75,1,310726,1022509563,101,WA003,3025S-3033A-3035A-9999A-9999C-9999CS-9999E,WA007,300959950
37,2755.75,1,310726,1022509563,101,WA003,3025S-3033A-3035A-9999A-9999C-9999CS-9999E,WA007,300959951
37,2755.75,1,310726,1022509563,101,WA003,3025S-3033A-3035A-9999A-9999C-9999CS-9999E,WA007,300959952
37,2755.75,1,310726,1022509563,101,WA003,3025S-3033A-3035A-9999A-9999C-9999CS-9999E,WA007,300959953
37,2755.75,1,310726,1022509563,101,WA003,3025S-3033A-3035A-9999A-9999C-9999CS-9999E,WA007,300959967
37,2755.75,1,310726,1022509564,101,WA003,3025S-3033A-3035A-9999A-9999C-9999CS-9999E,WA007,300959968
37,2755.75,1,310726,1022509564,101,WA003,3025S-3033A-3035A-9999A-9999C-9999CS-9999E,WA007,300959969
37,2755.75,1,310726,1022509564,101,WA003,3025S-3033A-3035A-9999A-9999C-9999CS-9999E,WA007,300959970
37,2755.75,1,310726,1022509564,101,WA003,3025S-3033A-3035A-9999A-9999C-9999CS-9999E,WA007,300960031
37,2755.75,1,310726,1022509564,101,WA003,3025S-3033A-3035A-9999A-9999C-9999CS-9999E,WA007,300960032
37,2755.75,1,310726,1022509564,101,WA003,3025S-3033A-3035A-9999A-9999C-9999CS-9999E,WA007,300960033
37,2755.75,1,310726,1022509564,101,WA003,3025S-3033A-3035A-9999A-9999C-9999CS-9999E,WA007,300960034
37,2755.75,1,310726,1022509564,101,WA003,3025S-3033A-3035A-9999A-9999C-9999CS-9999E,WA007,300960035
37,2755.75,1,310726,1022509565,101,WA003,3025S-3035A-9999A-9999C-9999CS-9999E,WA007,300960062
37,2755.75,1,310726,1022509565,101,WA003,3025S-3035A-9999A-9999C-9999CS-9999E,WA007,300960063
37,2755.75,1,310726,1022509565,101,WA003,3025S-3035A-9999A-9999C-9999CS-9999E,WA007,300960064
37,55.115,0,310726,1022509565,101,WA003,3025S-3035A-9999A-9999C-9999CS-9999E,WA007,300970910
38,2755.75,1,310015,1012509402,101,WA002,3117A-3123A-9999A-9999E,WA017,300956760
38,2755.75,1,310015,1012509402,101,WA002,3117A-3123A-9999A-9999E,WA017,300956761
38,2755.75,1,310015,1012509402,101,WA002,3117A-3123A-9999A-9999E,WA017,300956762
38,2755.75,1,310015,1012509402,101,WA002,3117A-3123A-9999A-9999E,WA017,300956764
38,2755.75,1,310015,1012509402,101,WA002,3117A-3123A-9999A-9999E,WA017,300956766
38,2755.75,1,310015,1012509402,101,WA002,3117A-3123A-9999A-9999E,WA017,300956767
38,2755.75,1,310015,1012509402,101,WA002,3117A-3123A-9999A-9999E,WA017,300956770
38,2755.75,1,310015,1012509402,101,WA002,3117A-3123A-9999A-9999E,WA017,300956833
38,2755.75,1,310015,1012509403,101,WA002,3117A-3123A-9999A-9999E,WA017,300956851
38,2755.75,1,310015,1012509403,101,WA002,3117A-3123A-9999A-9999E,WA017,300956852
38,2755.75,1,310015,1012509403,101,WA002,3117A-3123A-9999A-9999E,WA017,300956853
38,2755.75,1,310015,1012509403,101,WA002,3117A-3123A-9999A-9999E,WA017,300956907
38,2755.75,1,310015,1012509403,101,WA002,3117A-3123A-9999A-9999E,WA017,300956909
38,2755.75,1,310015,1012509403,101,WA002,3117A-3123A-9999A-9999E,WA017,300956910
38,2755.75,1,310015,1012509403,101,WA002,3117A-3123A-9999A-9999E,WA017,300956911
38,2755.75,1,310015,1012509403,101,WA002,3117A-3123A-9999A-9999E,WA017,300956912
38,2755.75,1,310015,1012509404,101,WA002,3117A-3123A-9999A-9999E,WA017,300957031
38,2755.75,1,310015,1012509404,101,WA002,3117A-3123A-9999A-9999E,WA017,300957032
38,2755.75,1,310015,1012509404,101,WA002,3117A-3123A-9999A-9999E,WA017,300957038
38,2755.75,1,310015,1012509404,101,WA002,3117A-3123A-9999A-9999E,WA017,300957039
38,2755.75,1,310015,1012509404,101,WA002,3117A-3123A-9999A-9999E,WA017,300957040
38,2755.75,1,310015,1012509404,101,WA002,3117A-3123A-9999A-9999E,WA017,300957073
38,2755.75,1,310015,1012509404,101,WA002,3117A-3123A-9999A-9999E,WA017,300957075
38,2755.75,1,310015,1012509404,101,WA002,3117A-3123A-9999A-9999E,WA017,300957102
38,2755.75,1,310015,1012509405,101,WA002,3117A-3123A-9999A-9999E,WA017,300957127
38,2755.75,1,310015,1012509405,101,WA002,3117A-3123A-9999A-9999E,WA017,300957130
38,2755.75,1,310015,1012509405,101,WA002,3117A-3123A-9999A-9999E,WA017,300957131
38,2755.75,1,310015,1012509405,101,WA002,3117A-3123A-9999A-9999E,WA017,300957132
38,2755.75,1,310015,1012509405,101,WA002,3117A-3123A-9999A-9999E,WA017,300957143
38,2755.75,1,310015,1012509405,101,WA002,3117A-3123A-9999A-9999E,WA017,300957145
38,2755.75,1,310015,1012509405,101,WA002,3117A-3123A-9999A-9999E,WA017,300957146
38,2755.75,1,310015,1012509405,101,WA002,3117A-3123A-9999A-9999E,WA017,300957147
38,2755.75,1,310015,1012509406,101,WA002,3117A-3123A-9999A-9999E,WA017,300957148
38,2755.75,1,310015,1012509406,101,WA002,3117A-3123A-9999A-9999E,WA017,300957149
38,2755.75,1,310015,1012509406,101,WA002,3117A-3123A-9999A-9999E,WA017,300957183
38,2755.75,1,310015,1012509406,101,WA002,3117A-3123A-9999A-9999E,WA017,300957184
38,2755.75,1,310015,1012509406,101,WA002,3117A-3123A-9999A-9999E,WA017,300957185
38,2755.75,1,310015,1012509406,101,WA002,3117A-3123A-9999A-9999E,WA017,300957216
38,2755.75,1,310015,1012509406,101,WA002,3117A-3123A-9999A-9999E,WA017,300957219
38,2755.75,1,310015,1012509406,101,WA002,3117A-3123A-9999A-9999E,WA017,300957220
38,2755.75,1,310015,1012509407,101,WA002,3117A-3123A-9999A-9999E,WA017,300957222
38,2755.75,1,310015,1012509407,101,WA002,3117A-3123A-9999A-9999E,WA017,300957223
38,2755.75,1,310015,1012509407,101,WA002,3117A-3123A-9999A-9999E,WA017,300957224
38,2755.75,1,310015,1012509407,101,WA002,3117A-3123A-9999A-9999E,WA017,300957233
38,2755.75,1,310015,1012509407,101,WA002,3117A-3123A-9999A-9999E,WA017,300957234
38,2755.75,1,310015,1012509407,101,WA002,3117A-3123A-9999A-9999E,WA017,300957275
38,2755.75,1,310015,1012509407,101,WA002,3117A-3123A-9999A-9999E,WA017,300957276
38,2755.75,1,310015,1012509407,101,WA002,3117A-3123A-9999A-9999E,WA017,300957277
38,2755.75,1,310015,1012509408,101,WA002,3117A-3123A-9999A-9999E,WA017,300957278
38,2755.75,1,310015,1012509408,101,WA002,3117A-3123A-9999A-9999E,WA017,300957279
38,2755.75,1,310015,1012509408,101,WA002,3117A-3123A-9999A-9999E,WA017,300957280
38,2755.75,1,310015,1012509408,101,WA002,3117A-3123A-9999A-9999E,WA017,300957281
38,2755.75,1,310015,1012509408,101,WA002,3117A-3123A-9999A-9999E,WA017,300957330
38,2755.75,1,310015,1012509408,101,WA002,3117A-3123A-9999A-9999E,WA017,300957331
38,2755.75,1,310015,1012509408,101,WA002,3117A-3123A-9999A-9999E,WA017,300957334
38,2755.75,1,310015,1012509408,101,WA002,3117A-3123A-9999A-9999E,WA017,300957335
38,2755.75,1,310015,1012509409,101,WA002,3117A-3123A-9999A-9999E,WA017,300957336
38,2755.75,1,310015,1012509409,101,WA002,3117A-3123A-9999A-9999E,WA017,300957378
38,2755.75,1,310015,1012509409,101,WA002,3117A-3123A-9999A-9999E,WA017,300957379
38,2755.75,1,310015,1012509409,101,WA002,3117A-3123A-9999A-9999E,WA017,300957380
38,2755.75,1,310015,1012509409,101,WA002,3117A-3123A-9999A-9999E,WA017,300957381
38,2755.75,1,310015,1012509409,101,WA002,3117A-3123A-9999A-9999E,WA017,300957382
38,2755.75,1,310015,1012509409,101,WA002,3117A-3123A-9999A-9999E,WA017,300957383
38,2755.75,1,310015,1012509409,101,WA002,3117A-3123A-9999A-9999E,WA017,300957384
38,2755.75,1,310015,1012509410,101,WA002,3117A-3123A-9999A-9999E,WA017,300957428
38,2755.75,1,310015,1012509410,101,WA002,3117A-3123A-9999A-9999E,WA017,300957430
38,2755.75,1,310015,1012509410,101,WA002,3117A-3123A-9999A-9999E,WA017,300957431
38,2755.75,1,310015,1012509410,101,WA002,3117A-3123A-9999A-9999E,WA017,300957446
38,2755.75,1,310015,1012509410,101,WA002,3117A-3123A-9999A-9999E,WA017,300957447
38,2755.75,1,310015,1012509410,101,WA002,3117A-3123A-9999A-9999E,WA017,300957448
38,2755.75,1,310015,1012509410,101,WA002,3117A-3123A-9999A-9999E,WA017,300957487
38,2755.75,1,310015,1012509410,101,WA002,3117A-3123A-9999A-9999E,WA017,300957488
38,2755.75,1,310015,1012509411,101,WA002,3117A-3123A-9999A-9999E,WA017,300957489
38,2755.75,1,310015,1012509411,101,WA002,3117A-3123A-9999A-9999E,WA017,300957490
38,2755.75,1,310015,1012509411,101,WA002,3117A-3123A-9999A-9999E,WA017,300957561
38,2755.75,1,310015,1012509411,101,WA002,3117A-3123A-9999A-9999E,WA017,300957569
38,2755.75,1,310015,1012509411,101,WA002,3117A-3123A-9999A-9999E,WA017,300957570
38,2755.75,1,310015,1012509411,101,WA002,3117A-3123A-9999A-9999E,WA017,300957571
38,2755.75,1,310015,1012509411,101,WA002,3117A-3123A-9999A-9999E,WA017,300957599
38,2755.75,1,310015,1012509411,101,WA002,3117A-3123A-9999A-9999E,WA017,300957601
38,2755.75,1,310015,1012509412,101,WA002,3117A-3123A-9999A-9999E,WA017,300957602
38,2755.75,1,310015,1012509412,101,WA002,3117A-3123A-9999A-9999E,WA017,300957603
38,2755.75,1,310015,1012509412,101,WA002,3117A-3123A-9999A-9999E,WA017,300957614
38,2755.75,1,310015,1012509412,101,WA002,3117A-3123A-9999A-9999E,WA017,300957617
38,2755.75,1,310015,1012509412,101,WA002,3117A-3123A-9999A-9999E,WA017,300957638
38,2755.75,1,310015,1012509412,101,WA002,3117A-3123A-9999A-9999E,WA017,300957639
38,2755.75,1,310015,1012509412,101,WA002,3117A-3123A-9999A-9999E,WA017,300957640
38,2755.75,1,310015,1012509412,101,WA002,3117A-3123A-9999A-9999E,WA017,300957666
38,2755.75,1,310015,1012509413,101,WA002,3117A-3123A-9999A-9999E,WA017,300957667
38,2755.75,1,310015,1012509413,101,WA002,3117A-3123A-9999A-9999E,WA017,300957669
38,2755.75,1,310015,1012509413,101,WA002,3117A-3123A-9999A-9999E,WA017,300957674
38,2755.75,1,310015,1012509413,101,WA002,3117A-3123A-9999A-9999E,WA017,300957675
38,2755.75,1,310015,1012509413,101,WA002,3117A-3123A-9999A-9999E,WA017,300957676
38,2755.75,1,310015,1012509413,101,WA002,3117A-3123A-9999A-9999E,WA017,300957680
38,2755.75,1,310015,1012509413,101,WA002,3117A-3123A-9999A-9999E,WA017,300957682
38,2755.75,1,310015,1012509413,101,WA002,3117A-3123A-9999A-9999E,WA017,300957685
38,2755.75,1,310015,1012509414,101,WA002,3117A-3123A-9999A-9999E,WA017,300957688
38,2755.75,1,310015,1012509414,101,WA002,3117A-3123A-9999A-9999E,WA017,300957689
38,2755.75,1,310015,1012509414,101,WA002,3117A-3123A-9999A-9999E,WA017,300957690
38,2755.75,1,310015,1012509414,101,WA002,3117A-3123A-9999A-9999E,WA017,300957736
38,2755.75,1,310015,1012509414,101,WA002,3117A-3123A-9999A-9999E,WA017,300957737
38,2755.75,1,310015,1012509414,101,WA002,3117A-3123A-9999A-9999E,WA017,300957738
38,2755.75,1,310015,1012509414,101,WA002,3117A-3123A-9999A-9999E,WA017,300957753
38,2755.75,1,310015,1012509414,101,WA002,3117A-3123A-9999A-9999E,WA017,300957755
38,2755.75,1,310015,1012509415,101,WA002,3117A-3123A-3132A-9999A-9999E,WA017,300957756
38,2755.75,1,310015,1012509415,101,WA002,3117A-3123A-3132A-9999A-9999E,WA017,300957801
38,2755.75,1,310015,1012509415,101,WA002,3117A-3123A-3132A-9999A-9999E,WA017,300957802
38,2755.75,1,310015,1012509415,101,WA002,3117A-3123A-3132A-9999A-9999E,WA017,300957803
38,2755.75,1,310015,1012509415,101,WA002,3117A-3123A-3132A-9999A-9999E,WA017,300957813
38,2755.75,1,310015,1012509415,101,WA002,3117A-3123A-3132A-9999A-9999E,WA017,300957814
38,2755.75,1,310015,1012509415,101,WA002,3117A-3123A-3132A-9999A-9999E,WA017,300957815
38,2755.75,1,310015,1012509415,101,WA002,3117A-3123A-3132A-9999A-9999E,WA017,300957838
38,2755.75,1,310015,1012509416,101,WA002,3117A-3123A-9999A-9999E,WA017,300957839
38,2755.75,1,310015,1012509416,101,WA002,3117A-3123A-9999A-9999E,WA017,300957840
38,2755.75,1,310015,1012509416,101,WA002,3117A-3123A-9999A-9999E,WA017,300957922
38,2755.75,1,310015,1012509416,101,WA002,3117A-3123A-9999A-9999E,WA017,300957923
38,2755.75,1,310015,1012509416,101,WA002,3117A-3123A-9999A-9999E,WA017,300957924
38,2755.75,1,310015,1012509416,101,WA002,3117A-3123A-9999A-9999E,WA017,300957925
38,2755.75,1,310015,1012509416,101,WA002,3117A-3123A-9999A-9999E,WA017,300957926
38,2755.75,1,310015,1012509416,101,WA002,3117A-3123A-9999A-9999E,WA017,300957927
38,2755.75,1,310015,1052509401,101,ID002,3117A-3123A-9999A-9999E,TX001,300957294
38,2755.75,1,310015,1052509401,101,ID002,3117A-3123A-9999A-9999E,TX001,300957510
38,2755.75,1,310015,1052509401,101,ID002,3117A-3123A-9999A-9999E,TX001,300957587
38,2755.75,1,310015,1052509402,101,ID002,3117A-3123A-9999A-9999E,TX001,300957608
38,2755.75,1,310015,1052509402,101,ID002,3117A-3123A-9999A-9999E,TX001,300957609
38,2755.75,1,310015,1052509402,101,ID002,3117A-3123A-9999A-9999E,TX001,300957610
38,2755.75,1,310015,1052509402,101,ID002,3117A-3123A-9999A-9999E,TX001,300957611
38,2755.75,1,310015,1052509402,101,ID002,3117A-3123A-9999A-9999E,TX001,300957612
38,2755.75,1,310015,1052509402,101,ID002,3117A-3123A-9999A-9999E,TX001,300957613
38,2755.75,1,310015,1052509402,101,ID002,3117A-3123A-9999A-9999E,TX001,300957615
38,2755.75,1,310015,1052509402,101,ID002,3117A-3123A-9999A-9999E,TX001,300957616
38,2755.75,1,310015,1052509403,101,ID002,3117A-3123A-9999A-9999E,TX001,300957646
38,2755.75,1,310015,1052509403,101,ID002,3117A-3123A-9999A-9999E,TX001,300957647
38,2755.75,1,310015,1052509403,101,ID002,3117A-3123A-9999A-9999E,TX001,300957648
38,2755.75,1,310015,1052509403,101,ID002,3117A-3123A-9999A-9999E,TX001,300957649
38,2755.75,1,310015,1052509403,101,ID002,3117A-3123A-9999A-9999E,TX001,300957650
38,2755.75,1,310015,1052509403,101,ID002,3117A-3123A-9999A-9999E,TX001,300957651
38,2755.75,1,310015,1052509403,101,ID002,3117A-3123A-9999A-9999E,TX001,300957652
38,2755.75,1,310015,1052509403,101,ID002,3117A-3123A-9999A-9999E,TX001,300957653
38,2755.75,1,310015,1052509404,101,ID002,3117A-3123A-9999A-9999E,TX001,300957727
38,2755.75,1,310015,1052509404,101,ID002,3117A-3123A-9999A-9999E,TX001,300957728
38,2755.75,1,310015,1052509404,101,ID002,3117A-3123A-9999A-9999E,TX001,300957729
38,2755.75,1,310015,1052509404,101,ID002,3117A-3123A-9999A-9999E,TX001,300957730
38,2755.75,1,310015,1052509404,101,ID002,3117A-3123A-9999A-9999E,TX001,300957731
38,2755.75,1,310015,1052509404,101,ID002,3117A-3123A-9999A-9999E,TX001,300957732
38,2755.75,1,310015,1052509404,101,ID002,3117A-3123A-9999A-9999E,TX001,300957733
38,2755.75,1,310015,1052509404,101,ID002,3117A-3123A-9999A-9999E,TX001,300957734
38,2755.75,1,310015,1052509405,101,ID002,3117A-3123A-9999A-9999E,TX001,300957759
38,2755.75,1,310015,1052509405,101,ID002,3117A-3123A-9999A-9999E,TX001,300957760
38,2755.75,1,310015,1052509405,101,ID002,3117A-3123A-9999A-9999E,TX001,300957761
38,2755.75,1,310015,1052509405,101,ID002,3117A-3123A-9999A-9999E,TX001,300957762
38,2755.75,1,310015,1052509405,101,ID002,3117A-3123A-9999A-9999E,TX001,300957763
38,2755.75,1,310015,1052509405,101,ID002,3117A-3123A-9999A-9999E,TX001,300957764
38,2755.75,1,310015,1052509405,101,ID002,3117A-3123A-9999A-9999E,TX001,300957765
38,2755.75,1,310015,1052509405,101,ID002,3117A-3123A-9999A-9999E,TX001,300957766
38,2755.75,1,310015,1052509406,101,ID002,3117A-3123A-9999A-9999E,TX001,300957779
38,2755.75,1,310015,1052509406,101,ID002,3117A-3123A-9999A-9999E,TX001,300957780
38,2755.75,1,310015,1052509406,101,ID002,3117A-3123A-9999A-9999E,TX001,300957781
38,2755.75,1,310015,1052509406,101,ID002,3117A-3123A-9999A-9999E,TX001,300957782
38,2755.75,1,310015,1052509406,101,ID002,3117A-3123A-9999A-9999E,TX001,300957783
38,2755.75,1,310015,1052509406,101,ID002,3117A-3123A-9999A-9999E,TX001,300957784
38,2755.75,1,310015,1052509406,101,ID002,3117A-3123A-9999A-9999E,TX001,300957785
38,2755.75,1,310015,1052509406,101,ID002,3117A-3123A-9999A-9999E,TX001,300957786
38,2755.75,1,310015,1052509407,101,ID002,3117A-3123A-9999A-9999E,TX001,300957868
38,2755.75,1,310015,1052509407,101,ID002,3117A-3123A-9999A-9999E,TX001,300957869
38,2035,1,310086,1052509435,101,ID002,3139A-3140A-9999A,ID010,300956920
38,2042,1,310086,1052509435,101,ID002,3139A-3140A-9999A,ID010,300956925
38,2032,1,310086,1052509435,101,ID002,3139A-3140A-9999A,ID010,300956936
38,2077,1,310086,1052509435,101,ID002,3139A-3140A-9999A,ID010,300956940
38,2034,1,310086,1052509435,101,ID002,3139A-3140A-9999A,ID010,300956943
38,2032,1,310086,1052509435,101,ID002,3139A-3140A-9999A,ID010,300956945
38,2060,1,310086,1052509435,101,ID002,3139A-3140A-9999A,ID010,300956951
38,2063,1,310086,1052509435,101,ID002,3139A-3140A-9999A,ID010,300956954
38,2067,1,310086,1052509436,101,ID002,3139A-3140A-9999A,ID010,300956990
38,2030,1,310086,1052509436,101,ID002,3139A-3140A-9999A,ID010,300957028
38,2023,1,310086,1052509437,101,ID002,3140A-9999A,ID002,300957045
38,2026,1,310086,1052509437,101,ID002,3140A-9999A,ID002,300957061
38,2026,1,310086,1052509439,101,ID002,3139A-3140A-9999A,ID010,300957157
38,2039,1,310086,1052509439,101,ID002,3139A-3140A-9999A,ID010,300957158
38,2025,1,310086,1052509439,101,ID002,3139A-3140A-9999A,ID010,300957167
38,2044,1,310086,1052509439,101,ID002,3139A-3140A-9999A,ID010,300957168
38,2029,1,310086,1052509439,101,ID002,3139A-3140A-9999A,ID010,300957174
38,2057,1,310086,1052509439,101,ID002,3139A-3140A-9999A,ID010,300957175
38,2025,1,310086,1052509439,101,ID002,3139A-3140A-9999A,ID010,300957181
38,2047,1,310086,1052509439,101,ID002,3139A-3140A-9999A,ID010,300957182
38,2032,1,310086,1052509440,101,ID002,3139A-3140A-9999A,ID010,300957196
38,2060,1,310086,1052509440,101,ID002,3139A-3140A-9999A,ID010,300957197
38,2038,1,310086,1052509440,101,ID002,3139A-3140A-9999A,ID010,300957200
38,2033,1,310086,1052509440,101,ID002,3139A-3140A-9999A,ID010,300957206
38,2025,1,310086,1052509440,101,ID002,3139A-3140A-9999A,ID010,300957210
38,2026,1,310086,1052509443,101,ID002,3139A-3140A-9999A,ID010,300957373
38,2076,1,310086,1052509443,101,ID002,3139A-3140A-9999A,ID010,300957374
38,2027,1,310086,1052509443,101,ID002,3139A-3140A-9999A,ID010,300957387
38,2137,1,310086,1052509443,101,ID002,3139A-3140A-9999A,ID010,300957388
38,2035,1,310086,1052509443,101,ID002,3139A-3140A-9999A,ID010,300957408
38,2128,1,310086,1052509443,101,ID002,3139A-3140A-9999A,ID010,300957409
38,2031,1,310086,1052509443,101,ID002,3139A-3140A-9999A,ID010,300957410
38,2118,1,310086,1052509443,101,ID002,3139A-3140A-9999A,ID010,300957411
38,2033,1,310086,1052509444,101,ID002,3139A-3140A-9999A,ID010,300957413
38,2067,1,310086,1052509444,101,ID002,3139A-3140A-9999A,ID010,300957414
38,2755.75,1,310726,1022509454,101,WA003,3007S-3025S-9999A-9999C-9999CS-9999E,WA007,300957618
38,2755.75,1,310726,1022509454,101,WA003,3007S-3025S-9999A-9999C-9999CS-9999E,WA007,300957694
38,2755.75,1,310726,1022509454,101,WA003,3007S-3025S-9999A-9999C-9999CS-9999E,WA007,300957695
38,2755.75,1,310726,1022509455,101,WA003,3007S-3025S-9999A-9999C-9999CS-9999E,WA007,300957696
38,2755.75,1,310726,1022509455,101,WA003,3007S-3025S-9999A-9999C-9999CS-9999E,WA007,300957697
38,2755.75,1,310726,1022509455,101,WA003,3007S-3025S-9999A-9999C-9999CS-9999E,WA007,300957698
38,2755.75,1,310726,1022509455,101,WA003,3007S-3025S-9999A-9999C-9999CS-9999E,WA007,300957699
38,2755.75,1,310726,1022509455,101,WA003,3007S-3025S-9999A-9999C-9999CS-9999E,WA007,300957700
38,2755.75,1,310726,1022509455,101,WA003,3007S-3025S-9999A-9999C-9999CS-9999E,WA007,300957701
38,2755.75,1,310726,1022509455,101,WA003,3007S-3025S-9999A-9999C-9999CS-9999E,WA007,300957702
38,2755.75,1,310726,1022509455,101,WA003,3007S-3025S-9999A-9999C-9999CS-9999E,WA007,300957703
38,2755.75,1,310726,1022509456,101,WA003,3007S-3025S-9999A-9999C-9999CS-9999E,WA007,300957792
38,2755.75,1,310726,1022509456,101,WA003,3007S-3025S-9999A-9999C-9999CS-9999E,WA007,300957794
38,2755.75,1,310726,1022509456,101,WA003,3007S-3025S-9999A-9999C-9999CS-9999E,WA007,300957795
38,2755.75,1,310726,1022509456,101,WA003,3007S-3025S-9999A-9999C-9999CS-9999E,WA007,300957796
38,2755.75,1,310726,1022509456,101,WA003,3007S-3025S-9999A-9999C-9999CS-9999E,WA007,300957797
38,2755.75,1,310726,1022509456,101,WA003,3007S-3025S-9999A-9999C-9999CS-9999E,WA007,300957798
38,2755.75,1,310726,1022509456,101,WA003,3007S-3025S-9999A-9999C-9999CS-9999E,WA007,300957799
38,2755.75,1,310726,1022509456,101,WA003,3007S-3025S-9999A-9999C-9999CS-9999E,WA007,300957800
38,2755.75,1,310726,1022509457,101,WA003,3007S-3025S-9999A-9999C-9999CS-9999E,WA007,300957817
38,2755.75,1,310726,1022509457,101,WA003,3007S-3025S-9999A-9999C-9999CS-9999E,WA007,300957818
38,2755.75,1,310726,1022509457,101,WA003,3007S-3025S-9999A-9999C-9999CS-9999E,WA007,300957819
38,2755.75,1,310726,1022509457,101,WA003,3007S-3025S-9999A-9999C-9999CS-9999E,WA007,300957820
38,2755.75,1,310726,1022509457,101,WA003,3007S-3025S-9999A-9999C-9999CS-9999E,WA007,300957821
38,2755.75,1,310726,1022509457,101,WA003,3007S-3025S-9999A-9999C-9999CS-9999E,WA007,300957822
38,2755.75,1,310726,1022509457,101,WA003,3007S-3025S-9999A-9999C-9999CS-9999E,WA007,300957823
38,2755.75,1,310726,1022509457,101,WA003,3007S-3025S-9999A-9999C-9999CS-9999E,WA007,300957824
38,2755.75,1,310726,1022509462,101,WA003,3025S-9999A-9999C-9999CS-9999E,WA007,300958237
38,2755.75,1,310726,1022509462,101,WA003,3025S-9999A-9999C-9999CS-9999E,WA007,300958238
38,2755.75,1,310726,1022509462,101,WA003,3025S-9999A-9999C-9999CS-9999E,WA007,300958239
38,2755.75,1,310726,1022509462,101,WA003,3025S-9999A-9999C-9999CS-9999E,WA007,300958240
38,2755.75,1,310726,1022509462,101,WA003,3025S-9999A-9999C-9999CS-9999E,WA007,300958255
38,2755.75,1,310726,1022509462,101,WA003,3025S-9999A-9999C-9999CS-9999E,WA007,300958256
38,2755.75,1,310726,1022509462,101,WA003,3025S-9999A-9999C-9999CS-9999E,WA007,300958328
38,2755.75,1,310726,1022509462,101,WA003,3025S-9999A-9999C-9999CS-9999E,WA007,300958331
38,2755.75,1,310726,1022509463,101,WA003,3025S-9999A-9999C-9999CS-9999E,WA007,300958335
38,2755.75,1,310726,1022509463,101,WA003,3025S-9999A-9999C-9999CS-9999E,WA007,300958355
38,2700.635,1,310726,1022509463,101,WA003,3025S-9999A-9999C-9999CS-9999E,WA007,300958356
38,2755.75,1,310726,1022509463,101,WA003,3025S-9999A-9999C-9999CS-9999E,WA007,300958357
38,2755.75,1,310726,1022509463,101,WA003,3025S-9999A-9999C-9999CS-9999E,WA007,300958369
38,2755.75,1,310726,1022509463,101,WA003,3025S-9999A-9999C-9999CS-9999E,WA007,300958370
38,2755.75,1,310726,1022509463,101,WA003,3025S-9999A-9999C-9999CS-9999E,WA007,300958388
38,2755.75,1,310726,1022509463,101,WA003,3025S-9999A-9999C-9999CS-9999E,WA007,300958390
38,2755.75,1,310726,1022509464,101,WA003,3025S-9999A-9999C-9999CS-9999E,WA007,300958393
38,2755.75,1,310726,1022509464,101,WA003,3025S-9999A-9999C-9999CS-9999E,WA007,300958394
38,2755.75,1,310726,1022509464,101,WA003,3025S-9999A-9999C-9999CS-9999E,WA007,300958395
38,2755.75,1,310726,1022509464,101,WA003,3025S-9999A-9999C-9999CS-9999E,WA007,300958412
38,2755.75,1,310726,1022509464,101,WA003,3025S-9999A-9999C-9999CS-9999E,WA007,300958413
38,2755.75,1,310726,1022509464,101,WA003,3025S-9999A-9999C-9999CS-9999E,WA007,300958421
38,2755.75,1,310726,1022509464,101,WA003,3025S-9999A-9999C-9999CS-9999E,WA007,300958436
38,2755.75,1,310726,1022509464,101,WA003,3025S-9999A-9999C-9999CS-9999E,WA007,300958437
38,2755.75,1,310726,1022509466,101,WA003,3025S-9999A-9999E,WA007,300958602
38,2755.75,1,310726,1022509466,101,WA003,3025S-9999A-9999E,WA007,300958603
38,2755.75,1,310726,1022509466,101,WA003,3025S-9999A-9999E,WA007,300958611
38,2755.75,1,310726,1022509466,101,WA003,3025S-9999A-9999E,WA007,300958612
38,2755.75,1,310726,1022509466,101,WA003,3025S-9999A-9999E,WA007,300958613
38,385.805,0,310726,1022509466,101,WA003,3025S-9999A-9999E,WA007,300958816
39,992.07,0,310015,1002509301,101,WA001,9999A-9999E,WA001,300955348
39,2755.75,1,310015,1002509301,101,WA001,9999A-9999E,WA001,300955355
39,2755.75,1,310015,1002509301,101,WA001,9999A-9999E,WA001,300955381
39,2755.75,1,310015,1002509301,101,WA001,9999A-9999E,WA001,300955382
39,2755.75,1,310015,1002509301,101,WA001,9999A-9999E,WA001,300955383
39,2755.75,1,310015,1002509301,101,WA001,9999A-9999E,WA001,300955412
39,2755.75,1,310015,1012509301,101,WA002,3117A-3123A-3132A-9999A-9999E,WA017,300955190
39,2755.75,1,310015,1012509301,101,WA002,3117A-3123A-3132A-9999A-9999E,WA017,300955193
39,2755.75,1,310015,1012509301,101,WA002,3117A-3123A-3132A-9999A-9999E,WA017,300955195
39,2755.75,1,310015,1012509301,101,WA002,3117A-3123A-3132A-9999A-9999E,WA017,300955198
39,2755.75,1,310015,1012509301,101,WA002,3117A-3123A-3132A-9999A-9999E,WA017,300955200
39,2755.75,1,310015,1012509302,101,WA002,3117A-3123A-9999A-9999E,WA017,300955208
39,2755.75,1,310015,1012509302,101,WA002,3117A-3123A-9999A-9999E,WA017,300955209
39,2755.75,1,310015,1012509302,101,WA002,3117A-3123A-9999A-9999E,WA017,300955210
39,2755.75,1,310015,1012509302,101,WA002,3117A-3123A-9999A-9999E,WA017,300955211
39,2755.75,1,310015,1012509302,101,WA002,3117A-3123A-9999A-9999E,WA017,300955286
39,2755.75,1,310015,1012509302,101,WA002,3117A-3123A-9999A-9999E,WA017,300955287
39,2755.75,1,310015,1012509302,101,WA002,3117A-3123A-9999A-9999E,WA017,300955288
39,2755.75,1,310015,1012509302,101,WA002,3117A-3123A-9999A-9999E,WA017,300955289
39,2755.75,1,310015,1012509303,101,WA002,3117A-3123A-9999A-9999E,WA017,300955314
39,2755.75,1,310015,1012509304,101,WA002,3117A-3123A-3132A-9999A-9999E,WA017,300955520
39,2755.75,1,310015,1012509305,101,WA002,3117A-3123A-9999A-9999E,WA017,300955556
39,2755.75,1,310015,1012509305,101,WA002,3117A-3123A-9999A-9999E,WA017,300955557
39,2755.75,1,310015,1012509305,101,WA002,3117A-3123A-9999A-9999E,WA017,300955565
39,2755.75,1,310015,1012509305,101,WA002,3117A-3123A-9999A-9999E,WA017,300955575
39,2755.75,1,310015,1012509305,101,WA002,3117A-3123A-9999A-9999E,WA017,300955624
39,2755.75,1,310015,1012509305,101,WA002,3117A-3123A-9999A-9999E,WA017,300955625
39,2755.75,1,310015,1012509305,101,WA002,3117A-3123A-9999A-9999E,WA017,300955626
39,2755.75,1,310015,1012509305,101,WA002,3117A-3123A-9999A-9999E,WA017,300955630
39,2755.75,1,310015,1012509306,101,WA002,3117A-3123A-9999A-9999E,WA017,300955631
39,2755.75,1,310015,1012509306,101,WA002,3117A-3123A-9999A-9999E,WA017,300955632
39,2755.75,1,310015,1012509306,101,WA002,3117A-3123A-9999A-9999E,WA017,300955671
39,2755.75,1,310015,1012509306,101,WA002,3117A-3123A-9999A-9999E,WA017,300955672
39,2755.75,1,310015,1012509306,101,WA002,3117A-3123A-9999A-9999E,WA017,300955673
39,2755.75,1,310015,1012509306,101,WA002,3117A-3123A-9999A-9999E,WA017,300955674
39,2755.75,1,310015,1012509306,101,WA002,3117A-3123A-9999A-9999E,WA017,300955675
39,2755.75,1,310015,1012509306,101,WA002,3117A-3123A-9999A-9999E,WA017,300955679
39,2755.75,1,310015,1012509307,101,WA002,3117A-3123A-9999A-9999E,WA017,300955682
39,2755.75,1,310015,1012509307,101,WA002,3117A-3123A-9999A-9999E,WA017,300955690
39,2755.75,1,310015,1012509307,101,WA002,3117A-3123A-9999A-9999E,WA017,300955695
39,2755.75,1,310015,1012509307,101,WA002,3117A-3123A-9999A-9999E,WA017,300955725
39,2755.75,1,310015,1012509307,101,WA002,3117A-3123A-9999A-9999E,WA017,300955726
39,2755.75,1,310015,1012509307,101,WA002,3117A-3123A-9999A-9999E,WA017,300955727
39,2755.75,1,310015,1012509307,101,WA002,3117A-3123A-9999A-9999E,WA017,300955734
39,2755.75,1,310015,1012509307,101,WA002,3117A-3123A-9999A-9999E,WA017,300955735
39,2755.75,1,310015,1012509308,101,WA002,3117A-3123A-9999A-9999E,WA017,300955736
39,2755.75,1,310015,1012509308,101,WA002,3117A-3123A-9999A-9999E,WA017,300955791
39,2755.75,1,310015,1012509308,101,WA002,3117A-3123A-9999A-9999E,WA017,300955792
39,2755.75,1,310015,1012509308,101,WA002,3117A-3123A-9999A-9999E,WA017,300955793
39,2755.75,1,310015,1012509308,101,WA002,3117A-3123A-9999A-9999E,WA017,300955794
39,2755.75,1,310015,1012509308,101,WA002,3117A-3123A-9999A-9999E,WA017,300955795
39,2755.75,1,310015,1012509308,101,WA002,3117A-3123A-9999A-9999E,WA017,300955800
39,2755.75,1,310015,1012509308,101,WA002,3117A-3123A-9999A-9999E,WA017,300955870
39,2755.75,1,310015,1012509309,101,WA002,3117A-3123A-9999A-9999E,WA017,300955872
39,2755.75,1,310015,1012509309,101,WA002,3117A-3123A-9999A-9999E,WA017,300955873
39,2755.75,1,310015,1012509309,101,WA002,3117A-3123A-9999A-9999E,WA017,300955874
39,2755.75,1,310015,1012509309,101,WA002,3117A-3123A-9999A-9999E,WA017,300955876
39,2755.75,1,310015,1012509309,101,WA002,3117A-3123A-9999A-9999E,WA017,300955877
39,2755.75,1,310015,1012509309,101,WA002,3117A-3123A-9999A-9999E,WA017,300955924
39,2755.75,1,310015,1012509309,101,WA002,3117A-3123A-9999A-9999E,WA017,300955925
39,2755.75,1,310015,1012509309,101,WA002,3117A-3123A-9999A-9999E,WA017,300955926
39,2755.75,1,310015,1012509310,101,WA002,3117A-3123A-9999A-9999E,WA017,300955933
39,2755.75,1,310015,1012509310,101,WA002,3117A-3123A-9999A-9999E,WA017,300955934
39,2755.75,1,310015,1012509310,101,WA002,3117A-3123A-9999A-9999E,WA017,300955939
39,2755.75,1,310015,1012509310,101,WA002,3117A-3123A-9999A-9999E,WA017,300955948
39,2755.75,1,310015,1012509314,101,WA002,3117A-3123A-9999A-9999E,WA017,300956490
39,2755.75,1,310015,1012509315,101,WA002,3117A-3123A-9999A-9999E,WA017,300956499
39,2755.75,1,310015,1012509315,101,WA002,3117A-3123A-9999A-9999E,WA017,300956500
39,2755.75,1,310015,1012509315,101,WA002,3117A-3123A-9999A-9999E,WA017,300956501
39,2755.75,1,310015,1012509315,101,WA002,3117A-3123A-9999A-9999E,WA017,300956502
39,2755.75,1,310015,1012509315,101,WA002,3117A-3123A-9999A-9999E,WA017,300956503
39,2755.75,1,310015,1012509315,101,WA002,3117A-3123A-9999A-9999E,WA017,300956504
39,2755.75,1,310015,1012509315,101,WA002,3117A-3123A-9999A-9999E,WA017,300956506
39,2755.75,1,310015,1012509315,101,WA002,3117A-3123A-9999A-9999E,WA017,300956507
39,2755.75,1,310015,1012509316,101,WA002,3117A-3123A-9999A-9999E,WA017,300956605
39,2755.75,1,310015,1012509316,101,WA002,3117A-3123A-9999A-9999E,WA017,300956606
39,2755.75,1,310015,1012509316,101,WA002,3117A-3123A-9999A-9999E,WA017,300956607
39,2755.75,1,310015,1012509316,101,WA002,3117A-3123A-9999A-9999E,WA017,300956627
39,2755.75,1,310015,1012509316,101,WA002,3117A-3123A-9999A-9999E,WA017,300956628
39,2755.75,1,310015,1012509316,101,WA002,3117A-3123A-9999A-9999E,WA017,300956630
39,2755.75,1,310015,1012509316,101,WA002,3117A-3123A-9999A-9999E,WA017,300956658
39,2755.75,1,310015,1012509316,101,WA002,3117A-3123A-9999A-9999E,WA017,300956659
39,2755.75,1,310015,1052509303,101,ID002,3117A-3123A-9999A-9999E,TX001,300955274
39,2700.635,1,310015,1052509303,101,ID002,3117A-3123A-9999A-9999E,TX001,300955276
39,2755.75,1,310015,1052509303,101,ID002,3117A-3123A-9999A-9999E,TX001,300955279
39,2755.75,1,310015,1052509303,101,ID002,3117A-3123A-9999A-9999E,TX001,300955280
39,2755.75,1,310015,1052509303,101,ID002,3117A-3123A-9999A-9999E,TX001,300955302
39,2755.75,1,310015,1052509303,101,ID002,3117A-3123A-9999A-9999E,TX001,300955303
39,2755.75,1,310015,1052509303,101,ID002,3117A-3123A-9999A-9999E,TX001,300955304
39,2755.75,1,310015,1052509303,101,ID002,3117A-3123A-9999A-9999E,TX001,300955305
39,2755.75,1,310015,1052509304,101,ID002,3117A-3123A-9999A-9999E,TX001,300955340
39,2700.635,1,310015,1052509304,101,ID002,3117A-3123A-9999A-9999E,TX001,300955341
39,2755.75,1,310015,1052509304,101,ID002,3117A-3123A-9999A-9999E,TX001,300955342
39,2755.75,1,310015,1052509304,101,ID002,3117A-3123A-9999A-9999E,TX001,300955343
39,2755.75,1,310015,1052509304,101,ID002,3117A-3123A-9999A-9999E,TX001,300955445
39,2755.75,1,310015,1052509304,101,ID002,3117A-3123A-9999A-9999E,TX001,300955447
39,2755.75,1,310015,1052509304,101,ID002,3117A-3123A-9999A-9999E,TX001,300955449
39,2755.75,1,310015,1052509304,101,ID002,3117A-3123A-9999A-9999E,TX001,300955450
39,2755.75,1,310015,1052509305,101,ID002,3117A-3123A-9999A-9999E,TX001,300955547
39,2755.75,1,310015,1052509305,101,ID002,3117A-3123A-9999A-9999E,TX001,300955548
39,2755.75,1,310015,1052509305,101,ID002,3117A-3123A-9999A-9999E,TX001,300955549
39,2755.75,1,310015,1052509305,101,ID002,3117A-3123A-9999A-9999E,TX001,300955550
39,2645.52,1,310015,1052509305,101,ID002,3117A-3123A-9999A-9999E,TX001,300956231
39,55.115,0,310726,1022509356,101,WA003,3007S-3025S-3033A-3035A-9999A-9999C-9999CS-9999E,WA007,300956330
39,2755.75,1,310726,1022509364,101,WA003,3025S-9999A-9999C-9999CS-9999E,WA007,300957070
39,2755.75,1,310726,1022509364,101,WA003,3025S-9999A-9999C-9999CS-9999E,WA007,300957084
39,2755.75,1,310726,1022509364,101,WA003,3025S-9999A-9999C-9999CS-9999E,WA007,300957085
39,2755.75,1,310726,1022509364,101,WA003,3025S-9999A-9999C-9999CS-9999E,WA007,300957103
39,2755.75,1,310726,1022509364,101,WA003,3025S-9999A-9999C-9999CS-9999E,WA007,300957104
39,1212.53,0,310726,1022509364,101,WA003,3025S-9999A-9999C-9999CS-9999E,WA007,300957105
40,1708.565,1,310015,1002509211,101,WA001,9999A-9999E,WA001,300955338
40,2755.75,1,310015,1052509201,101,ID002,3117A-3123A-9999A-9999E,TX001,300953869
40,2755.75,1,310015,1052509201,101,ID002,3117A-3123A-9999A-9999E,TX001,300953870
40,2755.75,1,310015,1052509201,101,ID002,3117A-3123A-9999A-9999E,TX001,300953871
40,2755.75,1,310015,1052509201,101,ID002,3117A-3123A-9999A-9999E,TX001,300953872
40,2755.75,1,310015,1052509201,101,ID002,3117A-3123A-9999A-9999E,TX001,300953873
40,2755.75,1,310015,1052509201,101,ID002,3117A-3123A-9999A-9999E,TX001,300953874
40,2755.75,1,310015,1052509201,101,ID002,3117A-3123A-9999A-9999E,TX001,300953875
40,2755.75,1,310015,1052509201,101,ID002,3117A-3123A-9999A-9999E,TX001,300953876
40,2755.75,1,310015,1052509202,101,ID002,3117A-3123A-9999A-9999E,TX001,300953909
40,2755.75,1,310015,1052509202,101,ID002,3117A-3123A-9999A-9999E,TX001,300953910
40,2755.75,1,310015,1052509202,101,ID002,3117A-3123A-9999A-9999E,TX001,300953911
40,2755.75,1,310015,1052509202,101,ID002,3117A-3123A-9999A-9999E,TX001,300953920
40,2755.75,1,310015,1052509202,101,ID002,3117A-3123A-9999A-9999E,TX001,300953971
40,2755.75,1,310015,1052509202,101,ID002,3117A-3123A-9999A-9999E,TX001,300953972
40,2755.75,1,310015,1052509202,101,ID002,3117A-3123A-9999A-9999E,TX001,300953973
40,2755.75,1,310015,1052509202,101,ID002,3117A-3123A-9999A-9999E,TX001,300953974
40,2755.75,1,310015,1052509203,101,ID002,3117A-3123A-9999A-9999E,TX001,300953975
40,2755.75,1,310015,1052509203,101,ID002,3117A-3123A-9999A-9999E,TX001,300953976
40,2755.75,1,310015,1052509203,101,ID002,3117A-3123A-9999A-9999E,TX001,300953977
40,2755.75,1,310015,1052509203,101,ID002,3117A-3123A-9999A-9999E,TX001,300953978
40,2755.75,1,310015,1052509203,101,ID002,3117A-3123A-9999A-9999E,TX001,300953980
40,2755.75,1,310015,1052509203,101,ID002,3117A-3123A-9999A-9999E,TX001,300953981
40,2755.75,1,310015,1052509203,101,ID002,3117A-3123A-9999A-9999E,TX001,300953983
40,2755.75,1,310015,1052509203,101,ID002,3117A-3123A-9999A-9999E,TX001,300953984
40,2755.75,1,310015,1052509204,101,ID002,3117A-3123A-9999A-9999E,TX001,300954063
40,2755.75,1,310015,1052509204,101,ID002,3117A-3123A-9999A-9999E,TX001,300954064
40,2755.75,1,310015,1052509204,101,ID002,3117A-3123A-9999A-9999E,TX001,300954065
40,2755.75,1,310015,1052509204,101,ID002,3117A-3123A-9999A-9999E,TX001,300954066
40,2755.75,1,310015,1052509204,101,ID002,3117A-3123A-9999A-9999E,TX001,300954067
40,2755.75,1,310015,1052509204,101,ID002,3117A-3123A-9999A-9999E,TX001,300954068
40,2755.75,1,310015,1052509204,101,ID002,3117A-3123A-9999A-9999E,TX001,300954069
40,2755.75,1,310015,1052509204,101,ID002,3117A-3123A-9999A-9999E,TX001,300954070
40,2755.75,1,310015,1052509205,101,ID002,3117A-3123A-9999A-9999E,TX001,300954138
40,2755.75,1,310015,1052509205,101,ID002,3117A-3123A-9999A-9999E,TX001,300954139
40,2755.75,1,310015,1052509205,101,ID002,3117A-3123A-9999A-9999E,TX001,300954140
40,2755.75,1,310015,1052509205,101,ID002,3117A-3123A-9999A-9999E,TX001,300954141
40,2755.75,1,310015,1052509205,101,ID002,3117A-3123A-9999A-9999E,TX001,300954142
40,2755.75,1,310015,1052509205,101,ID002,3117A-3123A-9999A-9999E,TX001,300954144
40,2755.75,1,310015,1052509205,101,ID002,3117A-3123A-9999A-9999E,TX001,300954145
40,2755.75,1,310015,1052509205,101,ID002,3117A-3123A-9999A-9999E,TX001,300954146
40,2755.75,1,310015,1052509206,101,ID002,3117A-3123A-9999A-9999E,TX001,300954228
40,2755.75,1,310015,1052509206,101,ID002,3117A-3123A-9999A-9999E,TX001,300954240
40,2755.75,1,310015,1052509206,101,ID002,3117A-3123A-9999A-9999E,TX001,300954241
40,2755.75,1,310015,1052509206,101,ID002,3117A-3123A-9999A-9999E,TX001,300954248
40,2755.75,1,310015,1052509206,101,ID002,3117A-3123A-9999A-9999E,TX001,300954253
40,2755.75,1,310015,1052509206,101,ID002,3117A-3123A-9999A-9999E,TX001,300954254
40,2755.75,1,310015,1052509206,101,ID002,3117A-3123A-9999A-9999E,TX001,300954278
40,2755.75,1,310015,1052509206,101,ID002,3117A-3123A-9999A-9999E,TX001,300954281
40,2755.75,1,310015,1052509207,101,ID002,3117A-3123A-9999A-9999E,TX001,300954283
40,2755.75,1,310015,1052509207,101,ID002,3117A-3123A-9999A-9999E,TX001,300954285
40,2755.75,1,310015,1052509207,101,ID002,3117A-3123A-9999A-9999E,TX001,300954286
40,2755.75,1,310015,1052509207,101,ID002,3117A-3123A-9999A-9999E,TX001,300954287
40,2755.75,1,310015,1052509207,101,ID002,3117A-3123A-9999A-9999E,TX001,300954737
40,2755.75,1,310015,1052509207,101,ID002,3117A-3123A-9999A-9999E,TX001,300954738
40,2755.75,1,310015,1052509207,101,ID002,3117A-3123A-9999A-9999E,TX001,300954739
40,2755.75,1,310015,1052509207,101,ID002,3117A-3123A-9999A-9999E,TX001,300954742
40,2755.75,1,310015,1052509208,101,ID002,3117A-3123A-9999A-9999E,TX001,300954793
40,2755.75,1,310015,1052509208,101,ID002,3117A-3123A-9999A-9999E,TX001,300954794
40,2755.75,1,310015,1052509208,101,ID002,3117A-3123A-9999A-9999E,TX001,300954795
40,2755.75,1,310015,1052509208,101,ID002,3117A-3123A-9999A-9999E,TX001,300954796
40,2755.75,1,310015,1052509208,101,ID002,3117A-3123A-9999A-9999E,TX001,300954972
40,2755.75,1,310015,1052509208,101,ID002,3117A-3123A-9999A-9999E,TX001,300955073
40,2755.75,1,310015,1052509208,101,ID002,3117A-3123A-9999A-9999E,TX001,300955077
40,2755.75,1,310015,1052509208,101,ID002,3117A-3123A-9999A-9999E,TX001,300955079
40,2755.75,1,310726,1022509251,101,WA003,3025S-3033A-9999A-9999E,WA007,300953944
40,2755.75,1,310726,1022509251,101,WA003,3025S-3033A-9999A-9999E,WA007,300953946
40,2755.75,1,310726,1022509251,101,WA003,3025S-3033A-9999A-9999E,WA007,300953953
40,2755.75,1,310726,1022509251,101,WA003,3025S-3033A-9999A-9999E,WA007,300953954
40,2755.75,1,310726,1022509251,101,WA003,3025S-3033A-9999A-9999E,WA007,300953955
40,2755.75,1,310726,1022509251,101,WA003,3025S-3033A-9999A-9999E,WA007,300953956
40,2755.75,1,310726,1022509251,101,WA003,3025S-3033A-9999A-9999E,WA007,300953996
40,2755.75,1,310726,1022509251,101,WA003,3025S-3033A-9999A-9999E,WA007,300953997
40,2755.75,1,310726,1022509252,101,WA003,3025S-3033A-3035A-9999A-9999C-9999CS-9999E,WA007,300954147
40,2755.75,1,310726,1022509252,101,WA003,3025S-3033A-3035A-9999A-9999C-9999CS-9999E,WA007,300954185
40,2755.75,1,310726,1022509252,101,WA003,3025S-3033A-3035A-9999A-9999C-9999CS-9999E,WA007,300954186
40,2755.75,1,310726,1022509252,101,WA003,3025S-3033A-3035A-9999A-9999C-9999CS-9999E,WA007,300954187
40,2755.75,1,310726,1022509252,101,WA003,3025S-3033A-3035A-9999A-9999C-9999CS-9999E,WA007,300954505
40,2755.75,1,310726,1022509252,101,WA003,3025S-3033A-3035A-9999A-9999C-9999CS-9999E,WA007,300954506
40,2755.75,1,310726,1022509252,101,WA003,3025S-3033A-3035A-9999A-9999C-9999CS-9999E,WA007,300954507
40,2755.75,1,310726,1022509252,101,WA003,3025S-3033A-3035A-9999A-9999C-9999CS-9999E,WA007,300954657
40,2755.75,1,310726,1022509260,101,WA003,3025S-9999A-9999C-9999CS-9999E,WA007,300955227
40,2755.75,1,310726,1022509260,101,WA003,3025S-9999A-9999C-9999CS-9999E,WA007,300955228
40,2755.75,1,310726,1022509260,101,WA003,3025S-9999A-9999C-9999CS-9999E,WA007,300955241
40,2755.75,1,310726,1022509260,101,WA003,3025S-9999A-9999C-9999CS-9999E,WA007,300955242
40,2755.75,1,310726,1022509260,101,WA003,3025S-9999A-9999C-9999CS-9999E,WA007,300955297
40,2755.75,1,310726,1022509260,101,WA003,3025S-9999A-9999C-9999CS-9999E,WA007,300955298
40,2755.75,1,310726,1022509260,101,WA003,3025S-9999A-9999C-9999CS-9999E,WA007,300955299
40,2755.75,1,310726,1022509260,101,WA003,3025S-9999A-9999C-9999CS-9999E,WA007,300955300
40,2755.75,1,310726,1022509261,101,WA003,3025S-9999A-9999E,WA007,300955322
40,2755.75,1,310726,1022509261,101,WA003,3025S-9999A-9999E,WA007,300955323
40,2755.75,1,310726,1022509261,101,WA003,3025S-9999A-9999E,WA007,300955324
41,2755.75,1,310015,1002509109,101,WA001,9999A-9999E,WA001,300953632
41,2755.75,1,310015,1002509110,101,WA001,9999A-9999E,WA001,300953719
41,2755.75,1,310015,1002509110,101,WA001,9999A-9999E,WA001,300953720
41,2755.75,1,310015,1002509110,101,WA001,9999A-9999E,WA001,300953721
41,2755.75,1,310015,1002509110,101,WA001,9999A-9999E,WA001,300953722
41,2755.75,1,310015,1052509104,101,ID002,9999A-9999E-9999A-9999E,TX001,300952587
41,2755.75,1,310015,1052509105,101,ID002,3117A-9999A-9999A,TX001,300952617
41,2755.75,1,310015,1052509105,101,ID002,3117A-9999A-9999A,TX001,300952618
41,2755.75,1,310015,1052509105,101,ID002,3117A-9999A-9999A,TX001,300952619
41,2755.75,1,310015,1052509105,101,ID002,3117A-9999A-9999A,TX001,300952621
41,2755.75,1,310015,1052509105,101,ID002,3117A-9999A-9999A,TX001,300952637
41,2755.75,1,310015,1052509105,101,ID002,3117A-9999A-9999A,TX001,300952639
41,2755.75,1,310015,1052509105,101,ID002,3117A-9999A-9999A,TX001,300952640
41,2755.75,1,310015,1052509105,102,ID002,9999A-9999A,TX001,300952638
41,2755.75,1,310015,1052509106,101,ID002,3117A-9999A-9999A,TX001,300952673
41,2755.75,1,310015,1052509106,101,ID002,3117A-9999A-9999A,TX001,300952834
41,2755.75,1,310015,1052509106,101,ID002,3117A-9999A-9999A,TX001,300952835
41,2755.75,1,310015,1052509106,101,ID002,3117A-9999A-9999A,TX001,300952848
41,2755.75,1,310015,1052509106,101,ID002,3117A-9999A-9999A,TX001,300952849
41,2755.75,1,310015,1052509106,101,ID002,3117A-9999A-9999A,TX001,300952850
41,2755.75,1,310015,1052509106,101,ID002,3117A-9999A-9999A,TX001,300952851
41,2755.75,1,310015,1052509106,102,ID002,9999A-9999A,TX001,300952837
41,2755.75,1,310015,1052509107,101,ID002,3117A-9999A,TX001,300952893
41,2755.75,1,310015,1052509107,101,ID002,3117A-9999A,TX001,300952894
41,2755.75,1,310015,1052509107,101,ID002,3117A-9999A,TX001,300952903
41,2755.75,1,310015,1052509107,101,ID002,3117A-9999A,TX001,300952904
41,2755.75,1,310015,1052509107,101,ID002,3117A-9999A,TX001,300952905
41,2755.75,1,310015,1052509107,101,ID002,3117A-9999A,TX001,300952906
41,2755.75,1,310015,1052509107,101,ID002,3117A-9999A,TX001,300952935
41,2755.75,1,310015,1052509107,101,ID002,3117A-9999A,TX001,300952936
41,2755.75,1,310015,1052509108,101,ID002,3117A-9999A,TX001,300952957
41,2755.75,1,310015,1052509108,101,ID002,3117A-9999A,TX001,300952958
41,2755.75,1,310015,1052509108,101,ID002,3117A-9999A,TX001,300952959
41,2755.75,1,310015,1052509108,101,ID002,3117A-9999A,TX001,300952960
41,2755.75,1,310015,1052509108,101,ID002,3117A-9999A,TX001,300952998
41,2755.75,1,310015,1052509108,101,ID002,3117A-9999A,TX001,300952999
41,2755.75,1,310015,1052509108,101,ID002,3117A-9999A,TX001,300953016
41,2755.75,1,310015,1052509108,101,ID002,3117A-9999A,TX001,300953017
41,2755.75,1,310015,1052509109,101,ID002,3117A-3123A-9999A-9999E,TX001,300953036
41,2755.75,1,310015,1052509109,101,ID002,3117A-3123A-9999A-9999E,TX001,300953037
41,2755.75,1,310015,1052509109,101,ID002,3117A-3123A-9999A-9999E,TX001,300953038
41,2755.75,1,310015,1052509109,101,ID002,3117A-3123A-9999A-9999E,TX001,300953039
41,2755.75,1,310015,1052509109,101,ID002,3117A-3123A-9999A-9999E,TX001,300953057
41,2755.75,1,310015,1052509109,101,ID002,3117A-3123A-9999A-9999E,TX001,300953058
41,2755.75,1,310015,1052509109,101,ID002,3117A-3123A-9999A-9999E,TX001,300953059
41,2755.75,1,310015,1052509109,101,ID002,3117A-3123A-9999A-9999E,TX001,300953060
41,2755.75,1,310015,1052509110,101,ID002,3117A-3123A-9999A-9999E,TX001,300953105
41,2755.75,1,310015,1052509110,101,ID002,3117A-3123A-9999A-9999E,TX001,300953107
41,2755.75,1,310015,1052509110,101,ID002,3117A-3123A-9999A-9999E,TX001,300953108
41,2755.75,1,310015,1052509110,101,ID002,3117A-3123A-9999A-9999E,TX001,300953109
41,2755.75,1,310015,1052509110,101,ID002,3117A-3123A-9999A-9999E,TX001,300953134
41,2755.75,1,310015,1052509110,101,ID002,3117A-3123A-9999A-9999E,TX001,300953135
41,2755.75,1,310015,1052509110,101,ID002,3117A-3123A-9999A-9999E,TX001,300953138
41,2755.75,1,310015,1052509110,101,ID002,3117A-3123A-9999A-9999E,TX001,300953140
41,2755.75,1,310015,1052509111,101,ID002,3117A-3123A-9999A-9999E,TX001,300953332
41,2755.75,1,310015,1052509111,101,ID002,3117A-3123A-9999A-9999E,TX001,300953333
41,2755.75,1,310015,1052509111,101,ID002,3117A-3123A-9999A-9999E,TX001,300953335
41,2755.75,1,310015,1052509111,101,ID002,3117A-3123A-9999A-9999E,TX001,300953337
41,2755.75,1,310015,1052509111,101,ID002,3117A-3123A-9999A-9999E,TX001,300953338
41,2755.75,1,310015,1052509111,101,ID002,3117A-3123A-9999A-9999E,TX001,300953339
41,2755.75,1,310015,1052509111,101,ID002,3117A-3123A-9999A-9999E,TX001,300953438
41,2755.75,1,310015,1052509111,101,ID002,3117A-3123A-9999A-9999E,TX001,300953439
41,2755.75,1,310015,1052509112,101,ID002,3117A-3123A-9999A-9999E,TX001,300953440
41,2755.75,1,310015,1052509112,101,ID002,3117A-3123A-9999A-9999E,TX001,300953442
41,2755.75,1,310015,1052509112,101,ID002,3117A-3123A-9999A-9999E,TX001,300953443
41,2755.75,1,310015,1052509112,101,ID002,3117A-3123A-9999A-9999E,TX001,300953444
41,2755.75,1,310015,1052509112,101,ID002,3117A-3123A-9999A-9999E,TX001,300953445
41,2755.75,1,310015,1052509112,101,ID002,3117A-3123A-9999A-9999E,TX001,300953446
41,2755.75,1,310015,1052509112,101,ID002,3117A-3123A-9999A-9999E,TX001,300953447
41,2755.75,1,310015,1052509112,101,ID002,3117A-3123A-9999A-9999E,TX001,300953448
41,2755.75,1,310015,1052509113,101,ID002,3117A-3123A-9999A-9999E,TX001,300953455
41,2755.75,1,310015,1052509113,101,ID002,3117A-3123A-9999A-9999E,TX001,300953456
41,2755.75,1,310015,1052509113,101,ID002,3117A-3123A-9999A-9999E,TX001,300953457
41,2755.75,1,310015,1052509113,101,ID002,3117A-3123A-9999A-9999E,TX001,300953458
41,2755.75,1,310015,1052509113,101,ID002,3117A-3123A-9999A-9999E,TX001,300953459
41,2755.75,1,310015,1052509113,101,ID002,3117A-3123A-9999A-9999E,TX001,300953460
41,2755.75,1,310015,1052509113,101,ID002,3117A-3123A-9999A-9999E,TX001,300953461
41,2755.75,1,310015,1052509113,101,ID002,3117A-3123A-9999A-9999E,TX001,300953462
41,2755.75,1,310015,1052509114,101,ID002,3117A-3123A-9999A-9999E,TX001,300953520
41,2755.75,1,310015,1052509114,101,ID002,3117A-3123A-9999A-9999E,TX001,300953525
41,2755.75,1,310015,1052509114,101,ID002,3117A-3123A-9999A-9999E,TX001,300953526
41,2755.75,1,310015,1052509114,101,ID002,3117A-3123A-9999A-9999E,TX001,300953527
41,2755.75,1,310015,1052509115,101,ID002,3117A-3123A-9999A-9999E,TX001,300953651
41,2755.75,1,310015,1052509115,101,ID002,3117A-3123A-9999A-9999E,TX001,300953652
41,2755.75,1,310015,1052509116,101,ID002,3117A-3123A-9999A-9999E,TX001,300953653
41,2755.75,1,310015,1052509116,101,ID002,3117A-3123A-9999A-9999E,TX001,300953654
41,2755.75,1,310015,1052509116,101,ID002,3117A-3123A-9999A-9999E,TX001,300953655
41,2755.75,1,310015,1052509116,101,ID002,3117A-3123A-9999A-9999E,TX001,300953656
41,2755.75,1,310015,1052509116,101,ID002,3117A-3123A-9999A-9999E,TX001,300953657
41,2755.75,1,310015,1052509116,101,ID002,3117A-3123A-9999A-9999E,TX001,300953658
41,2755.75,1,310015,1052509116,101,ID002,3117A-3123A-9999A-9999E,TX001,300953659
41,2755.75,1,310015,1052509116,101,ID002,3117A-3123A-9999A-9999E,TX001,300953661
42,2755.75,1,310015,1052509002,101,ID002,3117A-3123A-9999A-9999E,TX001,300950977
42,2755.75,1,310015,1052509002,101,ID002,3117A-3123A-9999A-9999E,TX001,300950978
42,2755.75,1,310015,1052509002,101,ID002,3117A-3123A-9999A-9999E,TX001,300950979
42,2755.75,1,310015,1052509002,101,ID002,3117A-3123A-9999A-9999E,TX001,300950980
42,2755.75,1,310015,1052509002,101,ID002,3117A-3123A-9999A-9999E,TX001,300950982
42,2755.75,1,310015,1052509003,101,ID002,3117A-3123A-9999A-9999E,TX001,300951028
42,2755.75,1,310015,1052509003,101,ID002,3117A-3123A-9999A-9999E,TX001,300951029
42,2755.75,1,310015,1052509003,101,ID002,3117A-3123A-9999A-9999E,TX001,300951030
42,2755.75,1,310015,1052509005,101,ID002,3117A-3123A-9999A-9999E,TX001,300951257
42,2755.75,1,310015,1052509005,101,ID002,3117A-3123A-9999A-9999E,TX001,300951258
42,2755.75,1,310015,1052509005,101,ID002,3117A-3123A-9999A-9999E,TX001,300951317
42,2755.75,1,310015,1052509005,101,ID002,3117A-3123A-9999A-9999E,TX001,300951318
42,2755.75,1,310015,1052509005,101,ID002,3117A-3123A-9999A-9999E,TX001,300951319
42,2755.75,1,310015,1052509005,101,ID002,3117A-3123A-9999A-9999E,TX001,300951320
42,2755.75,1,310015,1052509006,101,ID002,3117A-3123A-9999A-9999E,TX001,300951324
42,2755.75,1,310015,1052509006,101,ID002,3117A-3123A-9999A-9999E,TX001,300951325
42,2755.75,1,310015,1052509006,101,ID002,3117A-3123A-9999A-9999E,TX001,300951326
42,2755.75,1,310015,1052509006,101,ID002,3117A-3123A-9999A-9999E,TX001,300951327
42,2755.75,1,310015,1052509006,101,ID002,3117A-3123A-9999A-9999E,TX001,300951338
42,2755.75,1,310015,1052509006,101,ID002,3117A-3123A-9999A-9999E,TX001,300951339
42,2755.75,1,310015,1052509006,101,ID002,3117A-3123A-9999A-9999E,TX001,300951340
42,2755.75,1,310015,1052509006,101,ID002,3117A-3123A-9999A-9999E,TX001,300951341
42,2755.75,1,310015,1052509007,101,ID002,3117A-3123A-9999A-9999E,TX001,300951371
42,2755.75,1,310015,1052509007,101,ID002,3117A-3123A-9999A-9999E,TX001,300951372
42,2755.75,1,310015,1052509007,101,ID002,3117A-3123A-9999A-9999E,TX001,300951373
42,2755.75,1,310015,1052509007,101,ID002,3117A-3123A-9999A-9999E,TX001,300951374
42,2755.75,1,310015,1052509007,101,ID002,3117A-3123A-9999A-9999E,TX001,300951399
42,2755.75,1,310015,1052509007,101,ID002,3117A-3123A-9999A-9999E,TX001,300951400
42,2755.75,1,310015,1052509007,101,ID002,3117A-3123A-9999A-9999E,TX001,300951401
42,2755.75,1,310015,1052509007,101,ID002,3117A-3123A-9999A-9999E,TX001,300951402
42,2755.75,1,310015,1052509008,101,ID002,3117A-3123A-9999A-9999E,TX001,300951419
42,2755.75,1,310015,1052509008,101,ID002,3117A-3123A-9999A-9999E,TX001,300951420
42,2755.75,1,310015,1052509008,101,ID002,3117A-3123A-9999A-9999E,TX001,300951421
42,2755.75,1,310015,1052509008,101,ID002,3117A-3123A-9999A-9999E,TX001,300951422
42,2755.75,1,310015,1052509008,101,ID002,3117A-3123A-9999A-9999E,TX001,300951432
42,2755.75,1,310015,1052509008,101,ID002,3117A-3123A-9999A-9999E,TX001,300951433
42,2755.75,1,310015,1052509008,101,ID002,3117A-3123A-9999A-9999E,TX001,300951434
42,2755.75,1,310015,1052509008,101,ID002,3117A-3123A-9999A-9999E,TX001,300951435
42,2755.75,1,310015,1052509009,101,ID002,3117A-3123A-9999A-9999E,TX001,300951455
42,2755.75,1,310015,1052509009,101,ID002,3117A-3123A-9999A-9999E,TX001,300951457
42,2755.75,1,310015,1052509009,101,ID002,3117A-3123A-9999A-9999E,TX001,300951459
42,2755.75,1,310015,1052509009,101,ID002,3117A-3123A-9999A-9999E,TX001,300951460
42,2755.75,1,310015,1052509009,101,ID002,3117A-3123A-9999A-9999E,TX001,300951482
42,2755.75,1,310015,1052509009,101,ID002,3117A-3123A-9999A-9999E,TX001,300951484
42,2755.75,1,310015,1052509009,101,ID002,3117A-3123A-9999A-9999E,TX001,300951485
42,2755.75,1,310015,1052509009,101,ID002,3117A-3123A-9999A-9999E,TX001,300951486
42,2755.75,1,310015,1052509010,101,ID002,3117A-3123A-9999A-9999E,TX001,300951508
42,2755.75,1,310015,1052509010,101,ID002,3117A-3123A-9999A-9999E,TX001,300951509
42,2755.75,1,310015,1052509010,101,ID002,3117A-3123A-9999A-9999E,TX001,300951510
42,2755.75,1,310015,1052509010,101,ID002,3117A-3123A-9999A-9999E,TX001,300951511
42,2755.75,1,310015,1052509010,101,ID002,3117A-3123A-9999A-9999E,TX001,300951558
42,2755.75,1,310015,1052509010,101,ID002,3117A-3123A-9999A-9999E,TX001,300951560
42,2755.75,1,310015,1052509010,101,ID002,3117A-3123A-9999A-9999E,TX001,300951561
42,2755.75,1,310015,1052509010,101,ID002,3117A-3123A-9999A-9999E,TX001,300951562
42,2755.75,1,310015,1052509011,101,ID002,3117A-9999A,TX001,300951577
42,2755.75,1,310015,1052509011,101,ID002,3117A-9999A,TX001,300951578
42,2755.75,1,310015,1052509011,101,ID002,3117A-9999A,TX001,300951612
42,2755.75,1,310015,1052509011,101,ID002,3117A-9999A,TX001,300951613
42,2755.75,1,310015,1052509011,101,ID002,3117A-9999A,TX001,300951638
42,2755.75,1,310015,1052509011,101,ID002,3117A-9999A,TX001,300951639
42,2755.75,1,310015,1052509011,101,ID002,3117A-9999A,TX001,300951640
42,2755.75,1,310015,1052509011,101,ID002,3117A-9999A,TX001,300951641
42,2755.75,1,310015,1052509012,101,ID002,3117A-9999A,ID002,300951687
42,2755.75,1,310015,1052509012,101,ID002,3117A-9999A,TX001,300951694
42,2755.75,1,310015,1052509012,101,ID002,3117A-9999A,TX001,300951696
42,2755.75,1,310015,1052509012,101,ID002,3117A-9999A,TX001,300951697
42,2755.75,1,310015,1052509012,101,ID002,3117A-9999A,TX001,300951706
42,2755.75,1,310015,1052509012,101,ID002,3117A-9999A,TX001,300951707
42,2755.75,1,310015,1052509012,101,ID002,3117A-9999A,TX001,300951708
42,2755.75,1,310015,1052509012,101,ID002,3117A-9999A,TX001,300951709
42,2755.75,1,310015,1052509013,101,ID002,3117A-9999A,TX001,300951718
42,2755.75,1,310015,1052509013,101,ID002,3117A-9999A,TX001,300951737
42,2755.75,1,310015,1052509013,101,ID002,3117A-9999A,TX001,300951738
42,2755.75,1,310015,1052509013,101,ID002,3117A-9999A,TX001,300951739
42,2755.75,1,310015,1052509013,101,ID002,3117A-9999A,TX001,300951909
42,2755.75,1,310015,1052509013,101,ID002,3117A-9999A,TX001,300951910
42,2755.75,1,310015,1052509013,101,ID002,3117A-9999A,TX001,300951912
42,2755.75,1,310015,1052509013,101,ID002,3117A-9999A,TX001,300951913
42,2755.75,1,310015,1052509014,101,ID002,3117A-9999A,TX001,300951914
42,2755.75,1,310015,1052509014,101,ID002,3117A-9999A,TX001,300951915
42,2755.75,1,310015,1052509014,101,ID002,3117A-9999A,TX001,300951916
42,2755.75,1,310015,1052509014,101,ID002,3117A-9999A,TX001,300951917
42,2755.75,1,310015,1052509014,101,ID002,3117A-9999A,TX001,300951918
42,2755.75,1,310015,1052509014,101,ID002,3117A-9999A,TX001,300951919
42,2755.75,1,310015,1052509014,101,ID002,3117A-9999A,TX001,300951920
42,2755.75,1,310015,1052509014,101,ID002,3117A-9999A,TX001,300951921
42,2755.75,1,310015,1052509015,101,ID002,3117A-9999A,TX001,300952042
42,2755.75,1,310015,1052509015,101,ID002,3117A-9999A,TX001,300952043
42,2755.75,1,310015,1052509015,101,ID002,3117A-9999A,TX001,300952044
42,2755.75,1,310015,1052509015,101,ID002,3117A-9999A,TX001,300952045
42,2755.75,1,310015,1052509015,101,ID002,3117A-9999A,TX001,300952046
42,2755.75,1,310015,1052509015,101,ID002,3117A-9999A,TX001,300952047
42,2755.75,1,310015,1052509015,101,ID002,3117A-9999A,TX001,300952048
42,2755.75,1,310015,1052509015,101,ID002,3117A-9999A,TX001,300952049
42,2755.75,1,310015,1052509016,101,ID002,3117A-3117A-9999A-9999A,TX001,300952051
42,2755.75,1,310015,1052509016,101,ID002,3117A-3117A-9999A-9999A,TX001,300952052
42,2755.75,1,310015,1052509016,101,ID002,3117A-3117A-9999A-9999A,TX001,300952053
42,2755.75,1,310015,1052509016,101,ID002,3117A-3117A-9999A-9999A,TX001,300952054
42,2755.75,1,310015,1052509016,101,ID002,3117A-3117A-9999A-9999A,TX001,300952055
42,2755.75,1,310015,1052509016,101,ID002,3117A-3117A-9999A-9999A,TX001,300952057
42,2755.75,1,310015,1052509016,101,ID002,3117A-3117A-9999A-9999A,TX001,300952058
42,2755.75,1,310015,1052509016,102,ID002,3117A-9999A-9999A,TX001,300952056
42,2755.75,1,310015,1052509017,101,ID002,3117A-9999A,TX001,300952232
42,2755.75,1,310015,1052509017,101,ID002,3117A-9999A,TX001,300952233
42,2755.75,1,310015,1052509017,101,ID002,3117A-9999A,TX001,300952234
42,2755.75,1,310015,1052509017,101,ID002,3117A-9999A,TX001,300952235
42,2755.75,1,310015,1052509017,101,ID002,3117A-9999A,TX001,300952236
42,2755.75,1,310015,1052509017,101,ID002,3117A-9999A,TX001,300952237
42,2755.75,1,310015,1052509017,101,ID002,3117A-9999A,TX001,300952238
42,2755.75,1,310015,1052509017,101,ID002,3117A-9999A,TX001,300952239
42,2755.75,1,310726,1022509051,101,WA003,3007S-3025S-3033A-3035A-9999A-9999E,WA007,300951715
42,2755.75,1,310726,1022509051,101,WA003,3007S-3025S-3033A-3035A-9999A-9999E,WA007,300951719
42,2755.75,1,310726,1022509051,101,WA003,3007S-3025S-3033A-3035A-9999A-9999E,WA007,300951742
42,2755.75,1,310726,1022509051,101,WA003,3007S-3025S-3033A-3035A-9999A-9999E,WA007,300951743
42,2755.75,1,310726,1022509051,101,WA003,3007S-3025S-3033A-3035A-9999A-9999E,WA007,300951744
42,2755.75,1,310726,1022509051,101,WA003,3007S-3025S-3033A-3035A-9999A-9999E,WA007,300951746
42,2755.75,1,310726,1022509051,101,WA003,3007S-3025S-3033A-3035A-9999A-9999E,WA007,300951753
42,2755.75,1,310726,1022509051,101,WA003,3007S-3025S-3033A-3035A-9999A-9999E,WA007,300951754
42,2755.75,1,310726,1022509052,101,WA003,3007S-3025S-3033A-3035A-9999A-9999C-9999CS-9999E,WA007,300951763
42,2755.75,1,310726,1022509052,101,WA003,3007S-3025S-3033A-3035A-9999A-9999C-9999CS-9999E,WA007,300951780
42,2755.75,1,310726,1022509052,101,WA003,3007S-3025S-3033A-3035A-9999A-9999C-9999CS-9999E,WA007,300951784
42,2755.75,1,310726,1022509052,101,WA003,3007S-3025S-3033A-3035A-9999A-9999C-9999CS-9999E,WA007,300951785
42,2755.75,1,310726,1022509062,101,WA003,3025S-3035A-9999A-9999C-9999CS-9999E,WA007,300952536
42,2755.75,1,310726,1022509062,101,WA003,3025S-3035A-9999A-9999C-9999CS-9999E,WA007,300952601
42,2755.75,1,310726,1022509062,101,WA003,3025S-3035A-9999A-9999C-9999CS-9999E,WA007,300952607
42,2755.75,1,310726,1022509062,101,WA003,3025S-3035A-9999A-9999C-9999CS-9999E,WA007,300952608
42,2755.75,1,310726,1022509062,101,WA003,3025S-3035A-9999A-9999C-9999CS-9999E,WA007,300952615
42,2755.75,1,310726,1022509062,101,WA003,3025S-3035A-9999A-9999C-9999CS-9999E,WA007,300952616
42,2755.75,1,310726,1022509062,101,WA003,3025S-3035A-9999A-9999C-9999CS-9999E,WA007,300952622
42,2755.75,1,310726,1022509062,101,WA003,3025S-3035A-9999A-9999C-9999CS-9999E,WA007,300952664
42,2755.75,1,310726,1022509063,101,WA003,3025S-3035A-9999A-9999C-9999CS-9999E,WA007,300952665
42,2755.75,1,310726,1022509063,101,WA003,3025S-3035A-9999A-9999C-9999CS-9999E,WA007,300952666
42,2755.75,1,310726,1022509063,101,WA003,3025S-3035A-9999A-9999C-9999CS-9999E,WA007,300952679
42,2755.75,1,310726,1022509063,101,WA003,3025S-3035A-9999A-9999C-9999CS-9999E,WA007,300952680
42,2755.75,1,310726,1022509063,101,WA003,3025S-3035A-9999A-9999C-9999CS-9999E,WA007,300952690
42,2755.75,1,310726,1022509063,101,WA003,3025S-3035A-9999A-9999C-9999CS-9999E,WA007,300952700
42,2755.75,1,310726,1022509063,101,WA003,3025S-3035A-9999A-9999C-9999CS-9999E,WA007,300952702
42,2755.75,1,310726,1022509063,101,WA003,3025S-3035A-9999A-9999C-9999CS-9999E,WA007,300952707
43,2755.75,1,310015,1052508901,101,ID002,3117A-3123A-9999A-9999E,TX001,300949258
43,2755.75,1,310015,1052508901,101,ID002,3117A-3123A-9999A-9999E,TX001,300949260
43,2755.75,1,310015,1052508901,101,ID002,3117A-3123A-9999A-9999E,TX001,300949262
43,2755.75,1,310015,1052508901,101,ID002,3117A-3123A-9999A-9999E,TX001,300949263
43,2755.75,1,310015,1052508901,101,ID002,3117A-3123A-9999A-9999E,TX001,300949288
43,2755.75,1,310015,1052508901,101,ID002,3117A-3123A-9999A-9999E,TX001,300949289
43,2755.75,1,310015,1052508901,101,ID002,3117A-3123A-9999A-9999E,TX001,300949291
43,2755.75,1,310015,1052508901,101,ID002,3117A-3123A-9999A-9999E,TX001,300949307
43,2755.75,1,310015,1052508902,101,ID002,3117A-3123A-9999A-9999E,TX001,300949290
43,2755.75,1,310015,1052508902,101,ID002,3117A-3123A-9999A-9999E,TX001,300949360
43,2755.75,1,310015,1052508902,101,ID002,3117A-3123A-9999A-9999E,TX001,300949361
43,2755.75,1,310015,1052508902,101,ID002,3117A-3123A-9999A-9999E,TX001,300949362
43,2755.75,1,310015,1052508902,101,ID002,3117A-3123A-9999A-9999E,TX001,300949363
43,2755.75,1,310015,1052508902,101,ID002,3117A-3123A-9999A-9999E,TX001,300949364
43,2755.75,1,310015,1052508902,101,ID002,3117A-3123A-9999A-9999E,TX001,300949365
43,2755.75,1,310015,1052508902,101,ID002,3117A-3123A-9999A-9999E,TX001,300949366
43,2755.75,1,310015,1052508903,101,ID002,3117A-3123A-9999A-9999E,TX001,300949468
43,2755.75,1,310015,1052508903,101,ID002,3117A-3123A-9999A-9999E,TX001,300949469
43,2755.75,1,310015,1052508903,101,ID002,3117A-3123A-9999A-9999E,TX001,300949470
43,2755.75,1,310015,1052508903,101,ID002,3117A-3123A-9999A-9999E,TX001,300949471
43,2755.75,1,310015,1052508903,101,ID002,3117A-3123A-9999A-9999E,TX001,300949522
43,2755.75,1,310015,1052508903,101,ID002,3117A-3123A-9999A-9999E,TX001,300949523
43,2755.75,1,310015,1052508903,101,ID002,3117A-3123A-9999A-9999E,TX001,300949524
43,2755.75,1,310015,1052508903,101,ID002,3117A-3123A-9999A-9999E,TX001,300949525
43,2755.75,1,310015,1052508904,101,ID002,3117A-3123A-9999A-9999E,TX001,300949541
43,2755.75,1,310015,1052508904,101,ID002,3117A-3123A-9999A-9999E,TX001,300949543
43,2755.75,1,310015,1052508904,101,ID002,3117A-3123A-9999A-9999E,TX001,300949893
43,2755.75,1,310015,1052508904,101,ID002,3117A-3123A-9999A-9999E,TX001,300949894
43,2755.75,1,310015,1052508904,101,ID002,3117A-3123A-9999A-9999E,TX001,300949897
43,2755.75,1,310015,1052508904,101,ID002,3117A-3123A-9999A-9999E,TX001,300949898
43,2755.75,1,310015,1052508904,101,ID002,3117A-3123A-9999A-9999E,TX001,300949900
43,2755.75,1,310015,1052508904,101,ID002,3117A-3123A-9999A-9999E,TX001,300949901
43,2755.75,1,310015,1052508905,101,ID002,3117A-3123A-9999A-9999E,TX001,300949966
43,2755.75,1,310015,1052508905,101,ID002,3117A-3123A-9999A-9999E,TX001,300949967
43,2755.75,1,310015,1052508905,101,ID002,3117A-3123A-9999A-9999E,TX001,300949968
43,2755.75,1,310015,1052508905,101,ID002,3117A-3123A-9999A-9999E,TX001,300949969
43,2755.75,1,310015,1052508905,101,ID002,3117A-3123A-9999A-9999E,TX001,300949970
43,2755.75,1,310015,1052508905,101,ID002,3117A-3123A-9999A-9999E,TX001,300949971
43,2755.75,1,310015,1052508905,101,ID002,3117A-3123A-9999A-9999E,TX001,300949972
43,2755.75,1,310015,1052508905,101,ID002,3117A-3123A-9999A-9999E,TX001,300949973
43,2755.75,1,310015,1052508906,101,ID002,3117A-3123A-9999A-9999E,TX001,300950076
43,2755.75,1,310015,1052508906,101,ID002,3117A-3123A-9999A-9999E,TX001,300950077
43,2755.75,1,310015,1052508906,101,ID002,3117A-3123A-9999A-9999E,TX001,300950078
43,2755.75,1,310015,1052508906,101,ID002,3117A-3123A-9999A-9999E,TX001,300950079
43,2755.75,1,310015,1052508906,101,ID002,3117A-3123A-9999A-9999E,TX001,300950080
43,2700.635,1,310015,1052508906,101,ID002,3117A-3123A-9999A-9999E,TX001,300950081
43,2755.75,1,310015,1052508906,101,ID002,3117A-3123A-9999A-9999E,TX001,300950083
43,2755.75,1,310015,1052508906,101,ID002,3117A-3123A-9999A-9999E,TX001,300950084
43,2755.75,1,310015,1052508907,101,ID002,3117A-3123A-9999A-9999E,TX001,300950138
43,2755.75,1,310015,1052508907,101,ID002,3117A-3123A-9999A-9999E,TX001,300950139
43,2755.75,1,310015,1052508907,101,ID002,3117A-3123A-9999A-9999E,TX001,300950140
43,2755.75,1,310015,1052508907,101,ID002,3117A-3123A-9999A-9999E,TX001,300950141
43,2755.75,1,310015,1052508907,101,ID002,3117A-3123A-9999A-9999E,TX001,300950142
43,2755.75,1,310015,1052508907,101,ID002,3117A-3123A-9999A-9999E,TX001,300950143
43,2755.75,1,310015,1052508907,101,ID002,3117A-3123A-9999A-9999E,TX001,300950144
43,2755.75,1,310015,1052508907,101,ID002,3117A-3123A-9999A-9999E,TX001,300950145
43,2755.75,1,310015,1052508908,101,ID002,3117A-3123A-9999A-9999E,TX001,300950201
43,2755.75,1,310015,1052508908,101,ID002,3117A-3123A-9999A-9999E,TX001,300950202
43,2755.75,1,310015,1052508908,101,ID002,3117A-3123A-9999A-9999E,TX001,300950203
43,2755.75,1,310015,1052508908,101,ID002,3117A-3123A-9999A-9999E,TX001,300950204
43,2755.75,1,310015,1052508908,101,ID002,3117A-3123A-9999A-9999E,TX001,300950205
43,2755.75,1,310015,1052508908,101,ID002,3117A-3123A-9999A-9999E,TX001,300950206
43,2755.75,1,310015,1052508908,101,ID002,3117A-3123A-9999A-9999E,TX001,300950207
43,2755.75,1,310015,1052508908,101,ID002,3117A-3123A-9999A-9999E,TX001,300950208
43,2755.75,1,310015,1052508909,101,ID002,3117A-3123A-9999A-9999E,TX001,300950265
43,2755.75,1,310015,1052508909,101,ID002,3117A-3123A-9999A-9999E,TX001,300950266
43,2755.75,1,310015,1052508909,101,ID002,3117A-3123A-9999A-9999E,TX001,300950267
43,2755.75,1,310015,1052508909,101,ID002,3117A-3123A-9999A-9999E,TX001,300950268
43,2755.75,1,310015,1052508909,101,ID002,3117A-3123A-9999A-9999E,TX001,300950269
43,2755.75,1,310015,1052508909,101,ID002,3117A-3123A-9999A-9999E,TX001,300950270
43,2755.75,1,310015,1052508909,101,ID002,3117A-3123A-9999A-9999E,TX001,300950271
43,2755.75,1,310015,1052508909,101,ID002,3117A-3123A-9999A-9999E,TX001,300950272
43,2755.75,1,310015,1052508910,101,ID002,3117A-3123A-9999A-9999E,TX001,300950520
43,2755.75,1,310015,1052508910,101,ID002,3117A-3123A-9999A-9999E,TX001,300950521
43,2755.75,1,310015,1052508912,101,ID002,3117A-3123A-9999A-9999E,TX001,300950637
43,55.115,0,310726,1022508951,101,WA003,3025S-3033A-9999A-9999E,WA007,300949887
43,110.23,0,310726,1022508952,101,WA003,3025S-3033A-9999A-9999C-9999CS-9999E,WA007,300949993
43,2755.75,1,310726,1022508952,101,WA003,3025S-3033A-9999A-9999C-9999CS-9999E,WA007,300949994
43,2755.75,1,310726,1022508952,101,WA003,3025S-3033A-9999A-9999C-9999CS-9999E,WA007,300949995
43,2755.75,1,310726,1022508952,101,WA003,3025S-3033A-9999A-9999C-9999CS-9999E,WA007,300949996
43,2755.75,1,310726,1022508952,101,WA003,3025S-3033A-9999A-9999C-9999CS-9999E,WA007,300949997
43,2755.75,1,310726,1022508952,101,WA003,3025S-3033A-9999A-9999C-9999CS-9999E,WA007,300949998
43,2755.75,1,310726,1022508952,101,WA003,3025S-3033A-9999A-9999C-9999CS-9999E,WA007,300949999
43,2755.75,1,310726,1022508952,101,WA003,3025S-3033A-9999A-9999C-9999CS-9999E,WA007,300950001
43,55.115,0,310726,1022508954,101,WA003,3007S-3025S-3033A-3035A-9999A-9999C-9999CS-9999E,WA007,300950161
43,110.23,0,310726,1022508955,101,WA003,3007S-3025S-3033A-3035A-9999A-9999C-9999CS-9999E,WA007,300950329
43,2755.75,1,310726,1022508959,101,WA003,3025S-3033A-9999A-9999C-9999CS-9999E,WA007,300950682
43,2755.75,1,310726,1022508959,101,WA003,3025S-3033A-9999A-9999C-9999CS-9999E,WA007,300950683
43,2755.75,1,310726,1022508959,101,WA003,3025S-3033A-9999A-9999C-9999CS-9999E,WA007,300950684
43,55.115,0,310726,1022508960,101,WA003,3007S-3025S-3033A-3035A-9999A-9999C-9999CS-9999E,WA007,300950792
43,55.115,0,310726,1022508960,101,WA003,3007S-3025S-3033A-3035A-9999A-9999C-9999CS-9999E,WA007,300950793
43,2755.75,1,310726,1022508964,101,WA003,3025S-3033A-3035A-9999A-9999C-9999CS-9999E,WA007,300951120
43,2755.75,1,310726,1022508964,101,WA003,3025S-3033A-3035A-9999A-9999C-9999CS-9999E,WA007,300951123
43,2755.75,1,310726,1022508964,101,WA003,3025S-3033A-3035A-9999A-9999C-9999CS-9999E,WA007,300951131
43,2755.75,1,310726,1022508964,101,WA003,3025S-3033A-3035A-9999A-9999C-9999CS-9999E,WA007,300951141
43,2755.75,1,310726,1022508964,101,WA003,3025S-3033A-3035A-9999A-9999C-9999CS-9999E,WA007,300951142
43,2755.75,1,310726,1022508964,101,WA003,3025S-3033A-3035A-9999A-9999C-9999CS-9999E,WA007,300951143
43,2755.75,1,310726,1022508964,101,WA003,3025S-3033A-3035A-9999A-9999C-9999CS-9999E,WA007,300951146
43,2755.75,1,310726,1022508964,101,WA003,3025S-3033A-3035A-9999A-9999C-9999CS-9999E,WA007,300951147
44,2755.75,1,310015,1052508809,101,ID002,3117A-3123A-9999A,TX001,300948332
44,2755.75,1,310015,1052508810,101,ID002,3117A-3123A-9999A,TX001,300948562
44,2755.75,1,310015,1052508810,101,ID002,3117A-3123A-9999A,TX001,300948563
44,2755.75,1,310015,1052508810,101,ID002,3117A-3123A-9999A,TX001,300948564
44,2755.75,1,310015,1052508810,101,ID002,3117A-3123A-9999A,TX001,300948565
44,2755.75,1,310015,1052508810,101,ID002,3117A-3123A-9999A,TX001,300948566
44,2755.75,1,310015,1052508810,101,ID002,3117A-3123A-9999A,TX001,300948567
44,2755.75,1,310015,1052508810,101,ID002,3117A-3123A-9999A,TX001,300948568
44,2755.75,1,310015,1052508810,101,ID002,3117A-3123A-9999A,TX001,300948569
44,2755.75,1,310015,1052508811,101,ID002,3117A-3123A-9999A-9999E,TX001,300948628
44,2755.75,1,310015,1052508811,101,ID002,3117A-3123A-9999A-9999E,TX001,300948629
44,2755.75,1,310015,1052508811,101,ID002,3117A-3123A-9999A-9999E,TX001,300948630
44,2755.75,1,310015,1052508811,101,ID002,3117A-3123A-9999A-9999E,TX001,300948631
44,2755.75,1,310015,1052508811,101,ID002,3117A-3123A-9999A-9999E,TX001,300948632
44,2755.75,1,310015,1052508811,101,ID002,3117A-3123A-9999A-9999E,TX001,300948633
44,2755.75,1,310015,1052508811,101,ID002,3117A-3123A-9999A-9999E,TX001,300948634
44,2755.75,1,310015,1052508811,101,ID002,3117A-3123A-9999A-9999E,TX001,300948635
44,2755.75,1,310015,1052508812,101,ID002,3117A-3123A-9999A-9999E,TX001,300948713
44,2755.75,1,310015,1052508812,101,ID002,3117A-3123A-9999A-9999E,TX001,300948714
44,2755.75,1,310015,1052508812,101,ID002,3117A-3123A-9999A-9999E,TX001,300948715
44,2755.75,1,310015,1052508812,101,ID002,3117A-3123A-9999A-9999E,TX001,300948716
44,2755.75,1,310015,1052508812,101,ID002,3117A-3123A-9999A-9999E,TX001,300948717
44,2755.75,1,310015,1052508812,101,ID002,3117A-3123A-9999A-9999E,TX001,300948718
44,2755.75,1,310015,1052508812,101,ID002,3117A-3123A-9999A-9999E,TX001,300948719
44,2755.75,1,310015,1052508812,101,ID002,3117A-3123A-9999A-9999E,TX001,300948720
44,2755.75,1,310015,1052508813,101,ID002,3117A-3123A-9999A-9999E,TX001,300948781
44,2755.75,1,310015,1052508813,101,ID002,3117A-3123A-9999A-9999E,TX001,300948869
44,2755.75,1,310015,1052508813,101,ID002,3117A-3123A-9999A-9999E,TX001,300948870
44,2755.75,1,310015,1052508813,101,ID002,3117A-3123A-9999A-9999E,TX001,300948871
44,2755.75,1,310015,1052508813,101,ID002,3117A-3123A-9999A-9999E,TX001,300948891
44,2755.75,1,310015,1052508813,101,ID002,3117A-3123A-9999A-9999E,TX001,300948892
44,2755.75,1,310015,1052508813,101,ID002,3117A-3123A-9999A-9999E,TX001,300948893
44,2755.75,1,310015,1052508813,101,ID002,3117A-3123A-9999A-9999E,TX001,300948894
44,2755.75,1,310015,1052508814,101,ID002,3117A-3123A-9999A-9999E,TX001,300948929
44,2755.75,1,310015,1052508814,101,ID002,3117A-3123A-9999A-9999E,TX001,300948930
44,2755.75,1,310015,1052508814,101,ID002,3117A-3123A-9999A-9999E,TX001,300948931
44,2755.75,1,310015,1052508814,101,ID002,3117A-3123A-9999A-9999E,TX001,300948952
44,2755.75,1,310015,1052508814,101,ID002,3117A-3123A-9999A-9999E,TX001,300948954
44,2755.75,1,310015,1052508814,101,ID002,3117A-3123A-9999A-9999E,TX001,300948955
44,2755.75,1,310015,1052508814,101,ID002,3117A-3123A-9999A-9999E,TX001,300948960
44,2755.75,1,310015,1052508814,101,ID002,3117A-3123A-9999A-9999E,TX001,300948963
44,2755.75,1,310015,1052508815,101,ID002,3117A-3123A-9999A-9999E,TX001,300948973
44,2755.75,1,310015,1052508815,101,ID002,3117A-3123A-9999A-9999E,TX001,300948974
44,2755.75,1,310015,1052508815,101,ID002,3117A-3123A-9999A-9999E,TX001,300948975
44,2755.75,1,310015,1052508815,101,ID002,3117A-3123A-9999A-9999E,TX001,300948976
44,2755.75,1,310015,1052508815,101,ID002,3117A-3123A-9999A-9999E,TX001,300949023
44,2755.75,1,310015,1052508815,101,ID002,3117A-3123A-9999A-9999E,TX001,300949024
44,2755.75,1,310015,1052508815,101,ID002,3117A-3123A-9999A-9999E,TX001,300949025
44,2755.75,1,310015,1052508815,101,ID002,3117A-3123A-9999A-9999E,TX001,300949026
44,2755.75,1,310015,1052508816,101,ID002,3117A-3123A-9999A-9999E,TX001,300949062
44,2700.635,1,310015,1052508816,101,ID002,3117A-3123A-9999A-9999E,TX001,300949063
44,2755.75,1,310015,1052508816,101,ID002,3117A-3123A-9999A-9999E,TX001,300949064
44,2755.75,1,310015,1052508816,101,ID002,3117A-3123A-9999A-9999E,TX001,300949065
44,2755.75,1,310015,1052508816,101,ID002,3117A-3123A-9999A-9999E,TX001,300949073
44,2755.75,1,310015,1052508816,101,ID002,3117A-3123A-9999A-9999E,TX001,300949074
44,2755.75,1,310015,1052508816,101,ID002,3117A-3123A-9999A-9999E,TX001,300949075
44,2755.75,1,310015,1052508816,101,ID002,3117A-3123A-9999A-9999E,TX001,300949076
44,2755.75,1,310015,1052508817,101,ID002,3117A-3123A-9999A-9999E,TX001,300949105
44,2755.75,1,310015,1052508817,101,ID002,3117A-3123A-9999A-9999E,TX001,300949106
44,2755.75,1,310015,1052508817,101,ID002,3117A-3123A-9999A-9999E,TX001,300949107
44,2755.75,1,310015,1052508817,101,ID002,3117A-3123A-9999A-9999E,TX001,300949108
44,2755.75,1,310015,1052508817,101,ID002,3117A-3123A-9999A-9999E,TX001,300949122
44,2755.75,1,310015,1052508817,101,ID002,3117A-3123A-9999A-9999E,TX001,300949123
44,2755.75,1,310015,1052508817,101,ID002,3117A-3123A-9999A-9999E,TX001,300949126
44,2755.75,1,310015,1052508817,101,ID002,3117A-3123A-9999A-9999E,TX001,300949127
44,2755.75,1,310015,1052508818,101,ID002,3117A-3123A-9999A-9999E,TX001,300949161
44,2755.75,1,310015,1052508818,101,ID002,3117A-3123A-9999A-9999E,TX001,300949162
44,2755.75,1,310015,1052508818,101,ID002,3117A-3123A-9999A-9999E,TX001,300949163
44,2755.75,1,310015,1052508818,101,ID002,3117A-3123A-9999A-9999E,TX001,300949164
44,2755.75,1,310015,1052508818,101,ID002,3117A-3123A-9999A-9999E,TX001,300949186
44,2755.75,1,310015,1052508818,101,ID002,3117A-3123A-9999A-9999E,TX001,300949187
44,2755.75,1,310015,1052508818,101,ID002,3117A-3123A-9999A-9999E,TX001,300949188
44,2755.75,1,310015,1052508818,101,ID002,3117A-3123A-9999A-9999E,TX001,300949189
44,2755.75,1,310726,1022508853,101,WA003,3007S-3025S-3033A-3035A-9999A-9999C-9999CS-9999E,WA007,300948291
44,2755.75,1,310726,1022508853,101,WA003,3007S-3025S-3033A-3035A-9999A-9999C-9999CS-9999E,WA007,300948294
44,2755.75,1,310726,1022508853,101,WA003,3007S-3025S-3033A-3035A-9999A-9999C-9999CS-9999E,WA007,300948302
44,2755.75,1,310726,1022508853,101,WA003,3007S-3025S-3033A-3035A-9999A-9999C-9999CS-9999E,WA007,300948310
44,2755.75,1,310726,1022508853,101,WA003,3007S-3025S-3033A-3035A-9999A-9999C-9999CS-9999E,WA007,300948311
44,2755.75,1,310726,1022508853,101,WA003,3007S-3025S-3033A-3035A-9999A-9999C-9999CS-9999E,WA007,300948316
44,2755.75,1,310726,1022508853,101,WA003,3007S-3025S-3033A-3035A-9999A-9999C-9999CS-9999E,WA007,300948317
44,2755.75,1,310726,1022508854,101,WA003,3007S-3025S-3033A-3035A-9999A-9999C-9999CS-9999E,WA007,300948379
44,2755.75,1,310726,1022508854,101,WA003,3007S-3025S-3033A-3035A-9999A-9999C-9999CS-9999E,WA007,300948380
44,2755.75,1,310726,1022508854,101,WA003,3007S-3025S-3033A-3035A-9999A-9999C-9999CS-9999E,WA007,300948381
44,2755.75,1,310726,1022508854,101,WA003,3007S-3025S-3033A-3035A-9999A-9999C-9999CS-9999E,WA007,300948386
44,2755.75,1,310726,1022508854,101,WA003,3007S-3025S-3033A-3035A-9999A-9999C-9999CS-9999E,WA007,300948418
44,2755.75,1,310726,1022508854,101,WA003,3007S-3025S-3033A-3035A-9999A-9999C-9999CS-9999E,WA007,300948419
44,2755.75,1,310726,1022508854,101,WA003,3007S-3025S-3033A-3035A-9999A-9999C-9999CS-9999E,WA007,300948420
44,2755.75,1,310726,1022508854,101,WA003,3007S-3025S-3033A-3035A-9999A-9999C-9999CS-9999E,WA007,300948427
44,2755.75,1,310726,1022508855,101,WA003,3007S-3025S-3033A-3035A-9999A-9999C-9999CS-9999E,WA007,300948428
44,2755.75,1,310726,1022508855,101,WA003,3007S-3025S-3033A-3035A-9999A-9999C-9999CS-9999E,WA007,300948516
44,2755.75,1,310726,1022508855,101,WA003,3007S-3025S-3033A-3035A-9999A-9999C-9999CS-9999E,WA007,300948517
44,2755.75,1,310726,1022508855,101,WA003,3007S-3025S-3033A-3035A-9999A-9999C-9999CS-9999E,WA007,300948518
44,2755.75,1,310726,1022508855,101,WA003,3007S-3025S-3033A-3035A-9999A-9999C-9999CS-9999E,WA007,300948519
44,2755.75,1,310726,1022508855,101,WA003,3007S-3025S-3033A-3035A-9999A-9999C-9999CS-9999E,WA007,300948520
44,2755.75,1,310726,1022508855,101,WA003,3007S-3025S-3033A-3035A-9999A-9999C-9999CS-9999E,WA007,300948541
44,2755.75,1,310726,1022508855,101,WA003,3007S-3025S-3033A-3035A-9999A-9999C-9999CS-9999E,WA007,300948557
44,2755.75,1,310726,1022508856,101,WA003,3007S-3025S-3033A-3035A-9999A-9999C-9999CS-9999E,WA007,300948558
44,2755.75,1,310726,1022508856,101,WA003,3007S-3025S-3033A-3035A-9999A-9999C-9999CS-9999E,WA007,300948585
44,2755.75,1,310726,1022508856,101,WA003,3007S-3025S-3033A-3035A-9999A-9999C-9999CS-9999E,WA007,300948586
44,2755.75,1,310726,1022508856,101,WA003,3007S-3025S-3033A-3035A-9999A-9999C-9999CS-9999E,WA007,300948588
44,2755.75,1,310726,1022508856,101,WA003,3007S-3025S-3033A-3035A-9999A-9999C-9999CS-9999E,WA007,300948593
44,2755.75,1,310726,1022508856,101,WA003,3007S-3025S-3033A-3035A-9999A-9999C-9999CS-9999E,WA007,300948594
44,2755.75,1,310726,1022508856,101,WA003,3007S-3025S-3033A-3035A-9999A-9999C-9999CS-9999E,WA007,300948611
44,2755.75,1,310726,1022508856,101,WA003,3007S-3025S-3033A-3035A-9999A-9999C-9999CS-9999E,WA007,300948618
45,2755.75,1,310015,1052508701,101,ID002,3117A-3123A-9999A-9999E,TX001,300946640
45,2755.75,1,310015,1052508701,101,ID002,3117A-3123A-9999A-9999E,TX001,300946641
45,2755.75,1,310015,1052508701,101,ID002,3117A-3123A-9999A-9999E,TX001,300946642
45,2755.75,1,310015,1052508701,101,ID002,3117A-3123A-9999A-9999E,TX001,300946643
45,2755.75,1,310015,1052508701,101,ID002,3117A-3123A-9999A-9999E,TX001,300946644
45,2755.75,1,310015,1052508701,101,ID002,3117A-3123A-9999A-9999E,TX001,300946645
45,2755.75,1,310015,1052508701,101,ID002,3117A-3123A-9999A-9999E,TX001,300946646
45,2755.75,1,310015,1052508703,101,ID002,3117A-3123A-9999A-9999E,TX001,300946704
45,2755.75,1,310015,1052508703,101,ID002,3117A-3123A-9999A-9999E,TX001,300946705
45,2755.75,1,310015,1052508704,101,ID002,3117A-3123A-9999A-9999E,TX001,300946754
45,2755.75,1,310015,1052508704,101,ID002,3117A-3123A-9999A-9999E,TX001,300946755
45,2755.75,1,310015,1052508704,101,ID002,3117A-3123A-9999A-9999E,TX001,300946756
45,2755.75,1,310015,1052508704,101,ID002,3117A-3123A-9999A-9999E,TX001,300946791
45,2755.75,1,310015,1052508707,101,ID002,3117A-3117A-3123A-3123A-3123A-9999A-9999E-9999A-9999E,ID002,300947178
45,2755.75,1,310015,1052508707,101,ID002,3117A-3117A-3123A-3123A-3123A-9999A-9999E-9999A-9999E,ID002,300947179
45,2755.75,1,310015,1052508707,101,ID002,3117A-3117A-3123A-3123A-3123A-9999A-9999E-9999A-9999E,ID002,300947180
45,2755.75,1,310015,1052508707,101,ID002,3117A-3117A-3123A-3123A-3123A-9999A-9999E-9999A-9999E,ID002,300947181
45,2480.175,1,310015,1052508707,101,ID002,3117A-3117A-3123A-3123A-3123A-9999A-9999E-9999A-9999E,ID002,300947182
45,2755.75,1,310015,1052508710,101,ID002,3117A-3123A-9999A-9999E,TX001,300947169
45,2755.75,1,310015,1052508715,101,ID002,3117A-3123A-9999A-9999E,TX001,300947584
46,2755.75,1,310015,1052508602,101,ID002,3117A-3123A-9999A,TX001,300945615
46,2755.75,1,310015,1052508602,101,ID002,3117A-3123A-9999A,TX001,300945616
46,2755.75,1,310015,1052508602,101,ID002,3117A-3123A-9999A,TX001,300945617
46,2755.75,1,310015,1052508603,101,ID002,3117A-3123A-9999A,TX001,300945656
46,2755.75,1,310015,1052508603,101,ID002,3117A-3123A-9999A,TX001,300945657
46,2755.75,1,310015,1052508603,101,ID002,3117A-3123A-9999A,TX001,300945658
46,2755.75,1,310015,1052508603,101,ID002,3117A-3123A-9999A,TX001,300945659
46,2755.75,1,310015,1052508603,101,ID002,3117A-3123A-9999A,TX001,300945660
46,2755.75,1,310015,1052508603,101,ID002,3117A-3123A-9999A,TX001,300945827
46,2755.75,1,310015,1052508603,101,ID002,3117A-3123A-9999A,TX001,300945828
46,2755.75,1,310015,1052508603,101,ID002,3117A-3123A-9999A,TX001,300945829
46,2755.75,1,310015,1052508604,101,ID002,3117A-3123A-9999A,TX001,300946271
46,2755.75,1,310015,1052508604,101,ID002,3117A-3123A-9999A,TX001,300946272
46,2755.75,1,310015,1052508604,101,ID002,3117A-3123A-9999A,TX001,300946273
46,2314.83,1,310015,1052508604,101,ID002,3117A-3123A-9999A,TX001,300946348
46,2755.75,1,310015,1052508604,101,ID002,3117A-3123A-9999A,TX001,300946443
46,2755.75,1,310015,1052508604,101,ID002,3117A-3123A-9999A,TX001,300946446
46,2755.75,1,310015,1052508604,101,ID002,3117A-3123A-9999A,TX001,300946447
46,2700.635,1,310015,1052508604,101,ID002,3117A-3123A-9999A,TX001,300946508
46,2755.75,1,310015,1052508605,101,ID002,3117A-3123A-9999A,TX001,300946487
46,2755.75,1,310015,1052508605,101,ID002,3117A-3123A-9999A,TX001,300946488
46,2755.75,1,310015,1052508605,101,ID002,3117A-3123A-9999A,TX001,300946489
46,2755.75,1,310015,1052508605,101,ID002,3117A-3123A-9999A,TX001,300946490
46,2755.75,1,310015,1052508605,101,ID002,3117A-3123A-9999A,TX001,300946559
46,2755.75,1,310015,1052508605,101,ID002,3117A-3123A-9999A,TX001,300946560
46,2755.75,1,310015,1052508605,101,ID002,3117A-3123A-9999A,TX001,300946561
46,2755.75,1,310015,1052508605,101,ID002,3117A-3123A-9999A,TX001,300946562
46,55.115,0,310726,1022508666,101,WA003,3025S-3035A-9999A-9999C-9999CS-9999E,WA007,300947785
47,2755.75,1,310015,1052508508,101,ID002,3117A-3123A-9999A-9999E,TX001,300944657
47,2755.75,1,310015,1052508520,101,ID002,3117A-3123A-9999A-9999E,TX001,300945428
47,2755.75,1,310015,1052508520,101,ID002,3117A-3123A-9999A-9999E,TX001,300945429
47,2755.75,1,310015,1052508520,101,ID002,3117A-3123A-9999A-9999E,TX001,300945430
47,2755.75,1,310015,1052508520,101,ID002,3117A-3123A-9999A-9999E,TX001,300945431
47,2755.75,1,310015,1052508520,101,ID002,3117A-3123A-9999A-9999E,TX001,300945432
47,2755.75,1,310015,1052508520,101,ID002,3117A-3123A-9999A-9999E,TX001,300945433
47,55.115,0,310726,1022508563,101,WA003,3025S-3033A-3035A-9999A-9999C-9999CS-9999E,WA007,300946193
48,2755.75,1,310724,1012508405,101,WA002,3040A-3045A-9999A-9999C,WA007,300943285
48,2755.75,1,310724,1012508405,101,WA002,3040A-3045A-9999A-9999C,WA007,300943286
48,2755.75,1,310724,1012508405,101,WA002,3040A-3045A-9999A-9999C,WA007,300943292
48,2755.75,1,310724,1012508405,101,WA002,3040A-3045A-9999A-9999C,WA007,300943300
48,2755.75,1,310724,1012508405,101,WA002,3040A-3045A-9999A-9999C,WA007,300943305
48,2755.75,1,310724,1012508405,101,WA002,3040A-3045A-9999A-9999C,WA007,300943306
48,2755.75,1,310724,1012508405,101,WA002,3040A-3045A-9999A-9999C,WA007,300943326
48,2755.75,1,310724,1012508405,101,WA002,3040A-3045A-9999A-9999C,WA007,300943327
48,2755.75,1,310724,1012508406,101,WA002,3040A-3045A-9999A,WA007,300943328
48,2755.75,1,310724,1012508406,101,WA002,3040A-3045A-9999A,WA007,300943329
48,2755.75,1,310724,1012508406,101,WA002,3040A-3045A-9999A,WA007,300943330
48,2755.75,1,310724,1012508406,101,WA002,3040A-3045A-9999A,WA007,300943331
48,2755.75,1,310724,1012508406,101,WA002,3040A-3045A-9999A,WA007,300943350
48,2755.75,1,310724,1012508406,101,WA002,3040A-3045A-9999A,WA007,300943352
48,2755.75,1,310724,1012508406,101,WA002,3040A-3045A-9999A,WA007,300943376
48,2755.75,1,310724,1012508406,101,WA002,3040A-3045A-9999A,WA007,300943377
48,2755.75,1,310724,1012508417,101,WA002,3040A-3045A-3053A-9999A,WA007,300943982
48,2755.75,1,310724,1012508417,101,WA002,3040A-3045A-3053A-9999A,WA007,300943983
48,2755.75,1,310724,1012508417,101,WA002,3040A-3045A-3053A-9999A,WA007,300943984
48,2755.75,1,310724,1012508417,101,WA002,3040A-3045A-3053A-9999A,WA007,300944031
48,2755.75,1,310724,1012508417,101,WA002,3040A-3045A-3053A-9999A,WA007,300944032
48,2755.75,1,310724,1012508417,101,WA002,3040A-3045A-3053A-9999A,WA007,300944033
48,2755.75,1,310724,1012508417,101,WA002,3040A-3045A-3053A-9999A,WA007,300944034
48,2755.75,1,310724,1012508417,101,WA002,3040A-3045A-3053A-9999A,WA007,300944035
48,2755.75,1,310724,1012508418,101,WA002,3040A-3045A-3053A-9999A,WA007,300944039
48,2755.75,1,310724,1012508418,101,WA002,3040A-3045A-3053A-9999A,WA007,300944040
48,2755.75,1,310724,1012508418,101,WA002,3040A-3045A-3053A-9999A,WA007,300944041
48,2755.75,1,310724,1012508418,101,WA002,3040A-3045A-3053A-9999A,WA007,300944042
48,2755.75,1,310724,1012508418,101,WA002,3040A-3045A-3053A-9999A,WA007,300944082
48,2755.75,1,310724,1012508418,101,WA002,3040A-3045A-3053A-9999A,WA007,300944083
48,2755.75,1,310724,1012508418,101,WA002,3040A-3045A-3053A-9999A,WA007,300944084
48,2755.75,1,310724,1012508418,101,WA002,3040A-3045A-3053A-9999A,WA007,300944085
48,2755.75,1,310724,1012508419,101,WA002,3040A-3045A-3053A-3055A-3055A-9999A,WA007,300944114
48,2755.75,1,310724,1012508419,101,WA002,3040A-3045A-3053A-3055A-3055A-9999A,WA007,300944115
48,2755.75,1,310724,1012508419,101,WA002,3040A-3045A-3053A-3055A-3055A-9999A,WA007,300944116
48,2755.75,1,310726,1022508459,102,WA003,9999A,WA007,300944436
48,2755.75,1,310726,1022508459,102,WA003,9999A,WA007,300944437
48,2755.75,1,310726,1022508459,102,WA003,9999A,WA007,300944442
48,2755.75,1,310726,1022508459,102,WA003,9999A,WA007,300944443
48,2755.75,1,310726,1022508459,102,WA003,9999A,WA007,300944444
48,2755.75,1,310726,1022508459,102,WA003,9999A,WA007,300944622
49,2755.75,1,310015,1002508301,101,WA001,9999A-9999E,WA004,300942294
49,2755.75,1,310015,1052508301,101,ID002,3117A-3123A-9999A-9999E,TX001,300941490
49,2755.75,1,310015,1052508301,101,ID002,3117A-3123A-9999A-9999E,TX001,300941492
49,2755.75,1,310015,1052508301,101,ID002,3117A-3123A-9999A-9999E,TX001,300941493
49,2755.75,1,310015,1052508301,101,ID002,3117A-3123A-9999A-9999E,TX001,300941494
49,2755.75,1,310015,1052508301,101,ID002,3117A-3123A-9999A-9999E,TX001,300941495
49,2755.75,1,310015,1052508301,101,ID002,3117A-3123A-9999A-9999E,TX001,300941496
49,2755.75,1,310015,1052508301,101,ID002,3117A-3123A-9999A-9999E,TX001,300941497
49,2755.75,1,310015,1052508301,101,ID002,3117A-3123A-9999A-9999E,TX001,300941498
49,2755.75,1,310015,1052508302,101,ID002,3117A-3123A-9999A-9999E,TX001,300941546
49,2755.75,1,310015,1052508302,101,ID002,3117A-3123A-9999A-9999E,TX001,300941547
49,2755.75,1,310015,1052508302,101,ID002,3117A-3123A-9999A-9999E,TX001,300941548
49,2755.75,1,310015,1052508302,101,ID002,3117A-3123A-9999A-9999E,TX001,300941549
49,2755.75,1,310015,1052508302,101,ID002,3117A-3123A-9999A-9999E,TX001,300941592
49,2755.75,1,310015,1052508302,101,ID002,3117A-3123A-9999A-9999E,TX001,300941593
49,2755.75,1,310015,1052508302,101,ID002,3117A-3123A-9999A-9999E,TX001,300941594
49,2755.75,1,310015,1052508302,101,ID002,3117A-3123A-9999A-9999E,TX001,300941596
49,2755.75,1,310015,1052508303,101,ID002,3117A-3123A-9999A-9999E,TX001,300941653
49,2755.75,1,310015,1052508303,101,ID002,3117A-3123A-9999A-9999E,TX001,300941654
49,2755.75,1,310015,1052508303,101,ID002,3117A-3123A-9999A-9999E,TX001,300941655
49,2755.75,1,310015,1052508303,101,ID002,3117A-3123A-9999A-9999E,TX001,300941656
49,2755.75,1,310724,1012508309,101,WA002,3040A-3045A-9999A,WA007,300942288
49,2755.75,1,310724,1012508309,101,WA002,3040A-3045A-9999A,WA007,300942303
49,2755.75,1,310724,1012508309,101,WA002,3040A-3045A-9999A,WA007,300942350
49,2755.75,1,310724,1012508309,101,WA002,3040A-3045A-9999A,WA007,300942352
49,2755.75,1,310724,1012508309,101,WA002,3040A-3045A-9999A,WA007,300942357
49,2755.75,1,310724,1012508309,101,WA002,3040A-3045A-9999A,WA007,300942358
49,2755.75,1,310724,1012508309,101,WA002,3040A-3045A-9999A,WA007,300942359
49,2755.75,1,310724,1012508309,101,WA002,3040A-3045A-9999A,WA007,300942364
49,2755.75,1,310724,1012508310,101,WA002,3040A-3045A-9999A,WA007,300942365
49,2755.75,1,310724,1012508310,101,WA002,3040A-3045A-9999A,WA007,300942388
49,2755.75,1,310724,1012508310,101,WA002,3040A-3045A-9999A,WA007,300942409
49,2755.75,1,310724,1012508310,101,WA002,3040A-3045A-9999A,WA007,300942410
49,2755.75,1,310724,1012508310,101,WA002,3040A-3045A-9999A,WA007,300942411
49,2755.75,1,310724,1012508310,101,WA002,3040A-3045A-9999A,WA007,300942423
49,2755.75,1,310724,1012508310,101,WA002,3040A-3045A-9999A,WA007,300942424
49,2755.75,1,310724,1012508310,101,WA002,3040A-3045A-9999A,WA007,300942426
49,2755.75,1,310726,1022508359,101,WA003,3002A-3025S-3033A-9999A-9999E,WA007,300943283
49,2755.75,1,310726,1022508359,101,WA003,3002A-3025S-3033A-9999A-9999E,WA007,300943284
49,2755.75,1,310726,1022508359,101,WA003,3002A-3025S-3033A-9999A-9999E,WA007,300943293
49,2755.75,1,310726,1022508359,101,WA003,3002A-3025S-3033A-9999A-9999E,WA007,300943301
49,2755.75,1,310726,1022508359,101,WA003,3002A-3025S-3033A-9999A-9999E,WA007,300943303
49,2755.75,1,310726,1022508359,101,WA003,3002A-3025S-3033A-9999A-9999E,WA007,300943307
49,2755.75,1,310726,1022508359,101,WA003,3002A-3025S-3033A-9999A-9999E,WA007,300943374
49,2755.75,1,310726,1022508359,101,WA003,3002A-3025S-3033A-9999A-9999E,WA007,300943375
49,2755.75,1,310726,1022508360,101,WA003,3002A-3025S-3033A-9999A-9999E,WA007,300943381
49,2755.75,1,310726,1022508360,101,WA003,3002A-3025S-3033A-9999A-9999E,WA007,300943387
49,2755.75,1,310726,1022508360,101,WA003,3002A-3025S-3033A-9999A-9999E,WA007,300943411
49,2755.75,1,310726,1022508360,101,WA003,3002A-3025S-3033A-9999A-9999E,WA007,300943412
49,2755.75,1,310726,1022508360,101,WA003,3002A-3025S-3033A-9999A-9999E,WA007,300943418
49,2755.75,1,310726,1022508360,101,WA003,3002A-3025S-3033A-9999A-9999E,WA007,300943422
49,2755.75,1,310726,1022508360,101,WA003,3002A-3025S-3033A-9999A-9999E,WA007,300943435
49,2755.75,1,310726,1022508360,101,WA003,3002A-3025S-3033A-9999A-9999E,WA007,300943436
49,2755.75,1,310726,1022508361,101,WA003,3002A-3025S-3033A-9999A-9999E,WA007,300943437
49,2755.75,1,310726,1022508361,101,WA003,3002A-3025S-3033A-9999A-9999E,WA007,300943438
49,2755.75,1,310726,1022508361,101,WA003,3002A-3025S-3033A-9999A-9999E,WA007,300943443
49,2755.75,1,310726,1022508361,101,WA003,3002A-3025S-3033A-9999A-9999E,WA007,300943450
49,55.115,0,310726,1022508361,101,WA003,3002A-3025S-3033A-9999A-9999E,WA007,300943467
50,2755.75,1,310015,1002508207,101,WA001,9999A-9999E,WA004,300941022
50,2755.75,1,310015,1002508207,101,WA001,9999A-9999E,WA004,300941023
50,2755.75,1,310015,1002508207,101,WA001,9999A-9999E,WA004,300941076
50,2755.75,1,310015,1002508207,101,WA001,9999A-9999E,WA004,300941077
50,2755.75,1,310015,1002508207,101,WA001,9999A-9999E,WA004,300941078
50,2755.75,1,310015,1002508207,101,WA001,9999A-9999E,WA004,300941079
50,2755.75,1,310015,1002508208,101,WA001,9999A-9999E,WA004,300941081
50,2755.75,1,310015,1002508208,101,WA001,9999A-9999E,WA004,300941082
50,2755.75,1,310015,1002508208,101,WA001,9999A-9999E,WA004,300941083
50,2755.75,1,310015,1002508208,101,WA001,9999A-9999E,WA004,300941084
50,2755.75,1,310015,1002508208,101,WA001,9999A-9999E,WA004,300941085
50,2755.75,1,310015,1002508208,101,WA001,9999A-9999E,WA004,300941086
50,2755.75,1,310015,1002508208,101,WA001,9999A-9999E,WA004,300941087
50,2755.75,1,310015,1002508208,101,WA001,9999A-9999E,WA004,300941088
50,2755.75,1,310015,1052508201,101,ID002,3117A-3123A-9999A-9999E,TX001,300940086
50,2755.75,1,310015,1052508201,101,ID002,3117A-3123A-9999A-9999E,TX001,300940087
50,2755.75,1,310015,1052508201,101,ID002,3117A-3123A-9999A-9999E,TX001,300940088
50,2755.75,1,310015,1052508201,101,ID002,3117A-3123A-9999A-9999E,TX001,300940089
50,2755.75,1,310015,1052508201,101,ID002,3117A-3123A-9999A-9999E,TX001,300940090
50,2755.75,1,310015,1052508201,101,ID002,3117A-3123A-9999A-9999E,TX001,300940092
50,2755.75,1,310015,1052508201,101,ID002,3117A-3123A-9999A-9999E,TX001,300940094
50,2755.75,1,310015,1052508201,101,ID002,3117A-3123A-9999A-9999E,TX001,300940095
50,2755.75,1,310015,1052508202,101,ID002,3117A-3123A-9999A-9999E,TX001,300940137
50,2755.75,1,310015,1052508202,101,ID002,3117A-3123A-9999A-9999E,TX001,300940138
50,2755.75,1,310015,1052508202,101,ID002,3117A-3123A-9999A-9999E,TX001,300940139
50,2755.75,1,310015,1052508202,101,ID002,3117A-3123A-9999A-9999E,TX001,300940140
50,2755.75,1,310015,1052508202,101,ID002,3117A-3123A-9999A-9999E,TX001,300940141
50,2755.75,1,310015,1052508202,101,ID002,3117A-3123A-9999A-9999E,TX001,300940142
50,2755.75,1,310015,1052508202,101,ID002,3117A-3123A-9999A-9999E,TX001,300940143
50,2755.75,1,310015,1052508202,101,ID002,3117A-3123A-9999A-9999E,TX001,300940144
50,2755.75,1,310015,1052508203,101,ID002,3117A-3123A-9999A-9999E,TX001,300940220
50,2755.75,1,310015,1052508203,101,ID002,3117A-3123A-9999A-9999E,TX001,300940221
50,2755.75,1,310015,1052508203,101,ID002,3117A-3123A-9999A-9999E,TX001,300940222
50,2755.75,1,310015,1052508203,101,ID002,3117A-3123A-9999A-9999E,TX001,300940223
50,2755.75,1,310015,1052508203,101,ID002,3117A-3123A-9999A-9999E,TX001,300940224
50,2755.75,1,310015,1052508203,101,ID002,3117A-3123A-9999A-9999E,TX001,300940225
50,2755.75,1,310015,1052508203,101,ID002,3117A-3123A-9999A-9999E,TX001,300940226
50,2755.75,1,310015,1052508203,101,ID002,3117A-3123A-9999A-9999E,TX001,300940227
50,2755.75,1,310015,1052508204,101,ID002,3117A-3123A-9999A-9999E,TX001,300940305
50,2755.75,1,310015,1052508204,101,ID002,3117A-3123A-9999A-9999E,TX001,300940306
50,2755.75,1,310015,1052508204,101,ID002,3117A-3123A-9999A-9999E,TX001,300940307
50,2755.75,1,310015,1052508204,101,ID002,3117A-3123A-9999A-9999E,TX001,300940308
50,2700.635,1,310015,1052508204,101,ID002,3117A-3123A-9999A-9999E,TX001,300940309
50,2755.75,1,310015,1052508204,101,ID002,3117A-3123A-9999A-9999E,TX001,300940310
50,2755.75,1,310015,1052508204,101,ID002,3117A-3123A-9999A-9999E,TX001,300940311
50,2755.75,1,310015,1052508204,101,ID002,3117A-3123A-9999A-9999E,TX001,300940312
50,2755.75,1,310015,1052508205,101,ID002,3117A-3123A-9999A-9999E,TX001,300940331
50,2755.75,1,310015,1052508205,101,ID002,3117A-3123A-9999A-9999E,TX001,300940332
50,2755.75,1,310015,1052508205,101,ID002,3117A-3123A-9999A-9999E,TX001,300940333
50,2755.75,1,310015,1052508205,101,ID002,3117A-3123A-9999A-9999E,TX001,300940455
50,2755.75,1,310015,1052508205,101,ID002,3117A-3123A-9999A-9999E,TX001,300940456
50,2755.75,1,310015,1052508205,101,ID002,3117A-3123A-9999A-9999E,TX001,300940457
50,2755.75,1,310015,1052508205,101,ID002,3117A-3123A-9999A-9999E,TX001,300940458
50,2755.75,1,310015,1052508205,101,ID002,3117A-3123A-9999A-9999E,TX001,300940459
50,2755.75,1,310015,1052508206,101,ID002,3117A-3123A-9999A-9999E,TX001,300940550
50,2755.75,1,310015,1052508206,101,ID002,3117A-3123A-9999A-9999E,TX001,300940551
50,2755.75,1,310015,1052508206,101,ID002,3117A-3123A-9999A-9999E,TX001,300940552
50,2755.75,1,310015,1052508206,101,ID002,3117A-3123A-9999A-9999E,TX001,300940553
50,2755.75,1,310015,1052508206,101,ID002,3117A-3123A-9999A-9999E,TX001,300940590
50,2755.75,1,310015,1052508206,101,ID002,3117A-3123A-9999A-9999E,TX001,300940591
50,2755.75,1,310015,1052508206,101,ID002,3117A-3123A-9999A-9999E,TX001,300940592
50,2755.75,1,310015,1052508206,101,ID002,3117A-3123A-9999A-9999E,TX001,300940593
50,2755.75,1,310015,1052508207,101,ID002,3117A-3123A-9999A-9999E,TX001,300940626
50,2755.75,1,310015,1052508207,101,ID002,3117A-3123A-9999A-9999E,TX001,300940628
50,2755.75,1,310015,1052508207,101,ID002,3117A-3123A-9999A-9999E,TX001,300940629
50,2755.75,1,310015,1052508207,101,ID002,3117A-3123A-9999A-9999E,TX001,300940630
50,2755.75,1,310015,1052508207,101,ID002,3117A-3123A-9999A-9999E,TX001,300940631
50,2755.75,1,310015,1052508207,101,ID002,3117A-3123A-9999A-9999E,TX001,300940636
50,2755.75,1,310015,1052508207,101,ID002,3117A-3123A-9999A-9999E,TX001,300940637
50,2755.75,1,310015,1052508207,101,ID002,3117A-3123A-9999A-9999E,TX001,300940638
50,2755.75,1,310015,1052508208,101,ID002,3117A-3123A-9999A-9999E,TX001,300940666
50,2755.75,1,310015,1052508208,101,ID002,3117A-3123A-9999A-9999E,TX001,300940667
50,2755.75,1,310015,1052508208,101,ID002,3117A-3123A-9999A-9999E,TX001,300940668
50,2755.75,1,310015,1052508208,101,ID002,3117A-3123A-9999A-9999E,TX001,300940669
50,2755.75,1,310015,1052508208,101,ID002,3117A-3123A-9999A-9999E,TX001,300940689
50,2755.75,1,310015,1052508208,101,ID002,3117A-3123A-9999A-9999E,TX001,300940691
50,2755.75,1,310015,1052508208,101,ID002,3117A-3123A-9999A-9999E,TX001,300940692
50,2755.75,1,310015,1052508208,101,ID002,3117A-3123A-9999A-9999E,TX001,300940694
50,2755.75,1,310015,1052508209,101,ID002,3117A-3123A-9999A-9999E,TX001,300940705
50,2755.75,1,310015,1052508209,101,ID002,3117A-3123A-9999A-9999E,TX001,300940706
50,2755.75,1,310015,1052508209,101,ID002,3117A-3123A-9999A-9999E,TX001,300940707
50,2755.75,1,310015,1052508209,101,ID002,3117A-3123A-9999A-9999E,TX001,300940708
50,2755.75,1,310015,1052508209,101,ID002,3117A-3123A-9999A-9999E,TX001,300940713
50,2755.75,1,310015,1052508209,101,ID002,3117A-3123A-9999A-9999E,TX001,300940714
50,2755.75,1,310015,1052508209,101,ID002,3117A-3123A-9999A-9999E,TX001,300940748
50,2755.75,1,310015,1052508209,101,ID002,3117A-3123A-9999A-9999E,TX001,300940749
50,2755.75,1,310015,1052508210,101,ID002,3117A-3123A-9999A-9999E,TX001,300940779
50,2755.75,1,310015,1052508210,101,ID002,3117A-3123A-9999A-9999E,TX001,300940780
50,2755.75,1,310015,1052508210,101,ID002,3117A-3123A-9999A-9999E,TX001,300940782
50,2755.75,1,310015,1052508210,101,ID002,3117A-3123A-9999A-9999E,TX001,300940783
50,2755.75,1,310015,1052508210,101,ID002,3117A-3123A-9999A-9999E,TX001,300940806
50,2755.75,1,310015,1052508210,101,ID002,3117A-3123A-9999A-9999E,TX001,300940807
50,2755.75,1,310015,1052508210,101,ID002,3117A-3123A-9999A-9999E,TX001,300940808
50,2755.75,1,310015,1052508210,101,ID002,3117A-3123A-9999A-9999E,TX001,300940809
50,2755.75,1,310015,1052508211,101,ID002,3117A-3123A-9999A-9999E,TX001,300940836
50,2755.75,1,310015,1052508211,101,ID002,3117A-3123A-9999A-9999E,TX001,300940838
50,2755.75,1,310015,1052508211,101,ID002,3117A-3123A-9999A-9999E,TX001,300940840
50,2755.75,1,310015,1052508211,101,ID002,3117A-3123A-9999A-9999E,TX001,300940841
50,2755.75,1,310015,1052508211,101,ID002,3117A-3123A-9999A-9999E,TX001,300940847
50,2755.75,1,310015,1052508211,101,ID002,3117A-3123A-9999A-9999E,TX001,300940848
50,2755.75,1,310015,1052508211,101,ID002,3117A-3123A-9999A-9999E,TX001,300940970
50,2755.75,1,310015,1052508211,101,ID002,3117A-3123A-9999A-9999E,TX001,300941207
50,2755.75,1,310015,1052508212,101,ID002,3117A-3123A-9999A-9999E,TX001,300941208
50,2755.75,1,310015,1052508212,101,ID002,3117A-3123A-9999A-9999E,TX001,300941209
50,2755.75,1,310015,1052508212,101,ID002,3117A-3123A-9999A-9999E,TX001,300941210
50,2755.75,1,310015,1052508212,101,ID002,3117A-3123A-9999A-9999E,TX001,300941212
50,2755.75,1,310015,1052508212,101,ID002,3117A-3123A-9999A-9999E,TX001,300941303
50,2755.75,1,310015,1052508212,101,ID002,3117A-3123A-9999A-9999E,TX001,300941304
50,2755.75,1,310015,1052508212,101,ID002,3117A-3123A-9999A-9999E,TX001,300941305
50,2755.75,1,310015,1052508212,101,ID002,3117A-3123A-9999A-9999E,TX001,300941306
50,2755.75,1,310015,1052508213,101,ID002,3117A-3123A-9999A-9999E,TX001,300941325
50,2755.75,1,310015,1052508213,101,ID002,3117A-3123A-9999A-9999E,TX001,300941326
50,2755.75,1,310015,1052508213,101,ID002,3117A-3123A-9999A-9999E,TX001,300941327
50,2755.75,1,310015,1052508213,101,ID002,3117A-3123A-9999A-9999E,TX001,300941328
50,2755.75,1,310015,1052508213,101,ID002,3117A-3123A-9999A-9999E,TX001,300941329
50,2755.75,1,310015,1052508213,101,ID002,3117A-3123A-9999A-9999E,TX001,300941330
50,2755.75,1,310015,1052508213,101,ID002,3117A-3123A-9999A-9999E,TX001,300941331
50,2755.75,1,310015,1052508213,101,ID002,3117A-3123A-9999A-9999E,TX001,300941332
50,2755.75,1,310015,1052508214,101,ID002,3117A-3123A-9999A-9999E,TX001,300941388
50,2755.75,1,310015,1052508214,101,ID002,3117A-3123A-9999A-9999E,TX001,300941389
50,2755.75,1,310015,1052508214,101,ID002,3117A-3123A-9999A-9999E,TX001,300941390
50,2755.75,1,310015,1052508214,101,ID002,3117A-3123A-9999A-9999E,TX001,300941391
50,2755.75,1,310015,1052508214,101,ID002,3117A-3123A-9999A-9999E,TX001,300941413
50,2755.75,1,310015,1052508214,101,ID002,3117A-3123A-9999A-9999E,TX001,300941414
50,2755.75,1,310015,1052508214,101,ID002,3117A-3123A-9999A-9999E,TX001,300941417
50,2755.75,1,310015,1052508214,101,ID002,3117A-3123A-9999A-9999E,TX001,300941418
50,2755.75,1,310724,1012508204,101,WA002,3040A-3045A-9999A,WA007,300940425
50,2755.75,1,310724,1012508205,101,WA002,3040A-3045A-9999A,WA007,300940427
50,2755.75,1,310724,1012508205,101,WA002,3040A-3045A-9999A,WA007,300940428
50,2755.75,1,310724,1012508205,101,WA002,3040A-3045A-9999A,WA007,300940433
50,2755.75,1,310724,1012508205,101,WA002,3040A-3045A-9999A,WA007,300940434
50,2755.75,1,310724,1012508205,101,WA002,3040A-3045A-9999A,WA007,300940435
50,2755.75,1,310724,1012508205,101,WA002,3040A-3045A-9999A,WA007,300940448
50,2755.75,1,310724,1012508205,101,WA002,3040A-3045A-9999A,WA007,300940449
50,2755.75,1,310724,1012508205,101,WA002,3040A-3045A-9999A,WA007,300940450
50,2755.75,1,310724,1012508206,101,WA002,3040A-3045A-9999A,WA007,300940474
50,2755.75,1,310724,1012508206,101,WA002,3040A-3045A-9999A,WA007,300940475
50,2700.635,1,310724,1012508206,101,WA002,3040A-3045A-9999A,WA007,300940476
50,2755.75,1,310724,1012508206,101,WA002,3040A-3045A-9999A,WA007,300940514
50,2755.75,1,310724,1012508206,101,WA002,3040A-3045A-9999A,WA007,300940515
50,2755.75,1,310724,1012508206,101,WA002,3040A-3045A-9999A,WA007,300940516
50,2755.75,1,310724,1012508206,101,WA002,3040A-3045A-9999A,WA007,300940527
50,2755.75,1,310724,1012508206,101,WA002,3040A-3045A-9999A,WA007,300940528
50,2755.75,1,310724,1012508215,101,WA002,3040A-3045A-9999A-9999C,WA007,300940986
50,2755.75,1,310724,1012508215,101,WA002,3040A-3045A-9999A-9999C,WA007,300940987
50,2755.75,1,310724,1012508215,101,WA002,3040A-3045A-9999A-9999C,WA007,300940990
50,2755.75,1,310724,1012508215,101,WA002,3040A-3045A-9999A-9999C,WA007,300940992
50,2755.75,1,310724,1012508215,101,WA002,3040A-3045A-9999A-9999C,WA007,300940997
50,2755.75,1,310724,1012508215,101,WA002,3040A-3045A-9999A-9999C,WA007,300941009
50,2755.75,1,310724,1012508215,101,WA002,3040A-3045A-9999A-9999C,WA007,300941057
50,2755.75,1,310724,1012508215,101,WA002,3040A-3045A-9999A-9999C,WA007,300941058
50,2755.75,1,310724,1012508216,101,WA002,3040A-3045A-9999A-9999C,WA007,300941059
50,2755.75,1,310724,1012508216,101,WA002,3040A-3045A-9999A-9999C,WA007,300941060
50,2755.75,1,310724,1012508216,101,WA002,3040A-3045A-9999A-9999C,WA007,300941103
50,2700.635,1,310724,1012508216,101,WA002,3040A-3045A-9999A-9999C,WA007,300941104
50,2755.75,1,310724,1012508216,101,WA002,3040A-3045A-9999A-9999C,WA007,300941105
50,2755.75,1,310724,1012508216,101,WA002,3040A-3045A-9999A-9999C,WA007,300941106
50,2755.75,1,310724,1012508216,101,WA002,3040A-3045A-9999A-9999C,WA007,300941107
50,2755.75,1,310724,1012508216,101,WA002,3040A-3045A-9999A-9999C,WA007,300941108
50,2755.75,1,310724,1012508217,101,WA002,3040A-3045A-9999A-9999C,WA007,300941127
50,2755.75,1,310724,1012508217,101,WA002,3040A-3045A-9999A-9999C,WA007,300941135
50,2755.75,1,310724,1012508217,101,WA002,3040A-3045A-9999A-9999C,WA007,300941136
50,2755.75,1,310724,1012508217,101,WA002,3040A-3045A-9999A-9999C,WA007,300941137
50,2755.75,1,310724,1012508217,101,WA002,3040A-3045A-9999A-9999C,WA007,300941170
50,2755.75,1,310724,1012508217,101,WA002,3040A-3045A-9999A-9999C,WA007,300941171
50,2755.75,1,310724,1012508217,101,WA002,3040A-3045A-9999A-9999C,WA007,300941173
50,2755.75,1,310724,1012508217,101,WA002,3040A-3045A-9999A-9999C,WA007,300941174
50,2755.75,1,310724,1012508218,101,WA002,3040A-3045A-9999A-9999C,WA007,300941239
50,2755.75,1,310724,1012508218,101,WA002,3040A-3045A-9999A-9999C,WA007,300941240
50,2755.75,1,310724,1012508218,101,WA002,3040A-3045A-9999A-9999C,WA007,300941241
50,2755.75,1,310724,1012508218,101,WA002,3040A-3045A-9999A-9999C,WA007,300941242
50,2755.75,1,310724,1012508218,101,WA002,3040A-3045A-9999A-9999C,WA007,300941243
50,2755.75,1,310724,1012508218,101,WA002,3040A-3045A-9999A-9999C,WA007,300941244
50,2755.75,1,310724,1012508218,101,WA002,3040A-3045A-9999A-9999C,WA007,300941298
50,2755.75,1,310724,1012508218,101,WA002,3040A-3045A-9999A-9999C,WA007,300941299
51,2755.75,1,310015,1052508101,101,ID002,3117A-3123A-9999A-9999E,TX001,300939535
51,2755.75,1,310015,1052508104,101,ID002,3117A-3123A-9999A-9999E,TX001,300939807
51,2755.75,1,310015,1052508104,101,ID002,3117A-3123A-9999A-9999E,TX001,300939808
51,2755.75,1,310015,1052508104,101,ID002,3117A-3123A-9999A-9999E,TX001,300939809
51,2755.75,1,310015,1052508106,101,ID002,3117A-3123A-9999A-9999E,TX001,300940005
51,2755.75,1,310015,1052508106,101,ID002,3117A-3123A-9999A-9999E,TX001,300940006
51,2755.75,1,310015,1052508106,101,ID002,3117A-3123A-9999A-9999E,TX001,300940007
51,2755.75,1,310015,1052508106,101,ID002,3117A-3123A-9999A-9999E,TX001,300940008
51,2755.75,1,310015,1052508106,101,ID002,3117A-3123A-9999A-9999E,TX001,300940009
51,2755.75,1,310015,1052508106,101,ID002,3117A-3123A-9999A-9999E,TX001,300940010
51,2755.75,1,310015,1052508106,101,ID002,3117A-3123A-9999A-9999E,TX001,300940011
51,2755.75,1,310015,1052508106,101,ID002,3117A-3123A-9999A-9999E,TX001,300940012
51,585,0,310086,1052508138,101,ID002,3139A-3140A-9999A,ID002,300939577
51,2755.75,1,310724,1012508117,101,WA002,3040A-3045A-9999A,WA007,300939767
51,2755.75,1,310724,1012508117,101,WA002,3040A-3045A-9999A,WA007,300939768
51,2755.75,1,310724,1012508117,101,WA002,3040A-3045A-9999A,WA007,300939780
51,2755.75,1,310724,1012508117,101,WA002,3040A-3045A-9999A,WA007,300939785
51,2755.75,1,310724,1012508117,101,WA002,3040A-3045A-9999A,WA007,300939799
51,2755.75,1,310724,1012508117,101,WA002,3040A-3045A-9999A,WA007,300939811
51,2755.75,1,310724,1012508117,101,WA002,3040A-3045A-9999A,WA007,300939813
51,2755.75,1,310724,1012508117,101,WA002,3040A-3045A-9999A,WA007,300939827
51,2755.75,1,310724,1012508118,101,WA002,3040A-3045A-9999A,WA007,300939849
51,2755.75,1,310724,1012508118,101,WA002,3040A-3045A-9999A,WA007,300939852
51,2755.75,1,310724,1012508118,101,WA002,3040A-3045A-9999A,WA007,300939869
51,2755.75,1,310724,1012508118,101,WA002,3040A-3045A-9999A,WA007,300939885
51,2755.75,1,310724,1012508118,101,WA002,3040A-3045A-9999A,WA007,300939888
51,2755.75,1,310724,1012508118,101,WA002,3040A-3045A-9999A,WA007,300939894
51,2755.75,1,310724,1012508118,101,WA002,3040A-3045A-9999A,WA007,300939912
51,2755.75,1,310724,1012508118,101,WA002,3040A-3045A-9999A,WA007,300939913
51,2755.75,1,310724,1012508119,101,WA002,3040A-3045A-9999A,WA007,300939920
51,2755.75,1,310724,1012508119,101,WA002,3040A-3045A-9999A,WA007,300939921
51,2755.75,1,310724,1012508119,101,WA002,3040A-3045A-9999A,WA007,300939931
51,2755.75,1,310724,1012508119,101,WA002,3040A-3045A-9999A,WA007,300939932
51,2755.75,1,310724,1012508119,101,WA002,3040A-3045A-9999A,WA007,300939955
51,2755.75,1,310724,1012508119,101,WA002,3040A-3045A-9999A,WA007,300939956
51,2755.75,1,310724,1012508119,101,WA002,3040A-3045A-9999A,WA007,300939957
51,2755.75,1,310724,1012508119,101,WA002,3040A-3045A-9999A,WA007,300939958
51,2755.75,1,310724,1012508120,101,WA002,3040A-3045A-9999A-9999C,WA007,300939968
51,2755.75,1,310724,1012508120,101,WA002,3040A-3045A-9999A-9999C,WA007,300939969
51,2755.75,1,310724,1012508120,101,WA002,3040A-3045A-9999A-9999C,WA007,300939970
51,2755.75,1,310724,1012508120,101,WA002,3040A-3045A-9999A-9999C,WA007,300939971
51,2755.75,1,310724,1012508120,101,WA002,3040A-3045A-9999A-9999C,WA007,300939983
51,2755.75,1,310724,1012508120,101,WA002,3040A-3045A-9999A-9999C,WA007,300939991
51,2755.75,1,310724,1012508120,101,WA002,3040A-3045A-9999A-9999C,WA007,300940022
51,2755.75,1,310724,1012508120,101,WA002,3040A-3045A-9999A-9999C,WA007,300940023
51,55.115,0,310726,1022508165,101,WA003,3007S-3025S-3033A-3035A-9999A-9999C-9999CS-9999E,WA007,300940759
52,2755.75,1,310015,1052508002,101,ID002,3117A-3123A-9999A-9999E,TX001,300937650
52,2755.75,1,310015,1052508002,101,ID002,3117A-3123A-9999A-9999E,TX001,300937667
52,2755.75,1,310015,1052508002,101,ID002,3117A-3123A-9999A-9999E,TX001,300937668
52,2755.75,1,310015,1052508004,101,ID002,3117A-3123A-9999A-9999E,TX001,300937809
52,2755.75,1,310015,1052508004,101,ID002,3117A-3123A-9999A-9999E,TX001,300937810
52,2755.75,1,310015,1052508007,101,ID002,3117A-3123A-9999A-9999E,TX001,300937949
52,2755.75,1,310015,1052508007,101,ID002,3117A-3123A-9999A-9999E,TX001,300937950
52,2755.75,1,310015,1052508007,101,ID002,3117A-3123A-9999A-9999E,TX001,300937951
52,2755.75,1,310015,1052508012,101,ID002,3117A-3123A-9999A-9999E,TX001,300938598
52,2755.75,1,310015,1052508012,101,ID002,3117A-3123A-9999A-9999E,TX001,300938599
52,2755.75,1,310015,1052508012,101,ID002,3117A-3123A-9999A-9999E,TX001,300938600
52,2755.75,1,310015,1052508015,101,ID002,3117A-3123A-9999A-9999E,TX001,300938702
52,2755.75,1,310015,1052508015,101,ID002,3117A-3123A-9999A-9999E,TX001,300938703
52,2755.75,1,310724,1012508001,101,WA002,3040A-3045A-9999A,WA007,300937659
52,2755.75,1,310724,1012508001,101,WA002,3040A-3045A-9999A,WA007,300937673
52,2755.75,1,310724,1012508001,101,WA002,3040A-3045A-9999A,WA007,300937674
52,2755.75,1,310724,1012508001,101,WA002,3040A-3045A-9999A,WA007,300937675
52,2755.75,1,310724,1012508001,101,WA002,3040A-3045A-9999A,WA007,300937676
52,2755.75,1,310724,1012508001,101,WA002,3040A-3045A-9999A,WA007,300937677
52,2755.75,1,310724,1012508001,101,WA002,3040A-3045A-9999A,WA007,300937678
52,2755.75,1,310724,1012508001,101,WA002,3040A-3045A-9999A,WA007,300937679
52,2755.75,1,310724,1012508002,101,WA002,3040A-3045A-9999A,WA007,300937714
52,2755.75,1,310724,1012508002,101,WA002,3040A-3045A-9999A,WA007,300937715
52,2755.75,1,310724,1012508002,101,WA002,3040A-3045A-9999A,WA007,300937716
52,2755.75,1,310724,1012508002,101,WA002,3040A-3045A-9999A,WA007,300937717
52,2755.75,1,310724,1012508002,101,WA002,3040A-3045A-9999A,WA007,300937736
52,2755.75,1,310724,1012508002,101,WA002,3040A-3045A-9999A,WA007,300937737
52,2755.75,1,310724,1012508002,101,WA002,3040A-3045A-9999A,WA007,300937743
52,2755.75,1,310724,1012508002,101,WA002,3040A-3045A-9999A,WA007,300937744
52,2755.75,1,310724,1012508007,101,WA002,3040A-3045A-9999A-9999C,WA007,300938176
52,2755.75,1,310724,1012508007,101,WA002,3040A-3045A-9999A-9999C,WA007,300938229
52,2755.75,1,310724,1012508007,101,WA002,3040A-3045A-9999A-9999C,WA007,300938230
52,2755.75,1,310724,1012508007,101,WA002,3040A-3045A-9999A-9999C,WA007,300938231
52,2755.75,1,310724,1012508007,101,WA002,3040A-3045A-9999A-9999C,WA007,300938244
52,2755.75,1,310724,1012508007,101,WA002,3040A-3045A-9999A-9999C,WA007,300938245
52,2755.75,1,310724,1012508007,101,WA002,3040A-3045A-9999A-9999C,WA007,300938304
52,2755.75,1,310724,1012508007,101,WA002,3040A-3045A-9999A-9999C,WA007,300938309
53,2755.75,1,310724,1012507901,101,WA002,3040A-3045A-9999A,WA007,300937213
53,2700.635,1,310724,1012507901,101,WA002,3040A-3045A-9999A,WA007,300937237
53,2755.75,1,310724,1012507901,101,WA002,3040A-3045A-9999A,WA007,300937246
53,2755.75,1,310724,1012507901,101,WA002,3040A-3045A-9999A,WA007,300937247
53,2700.635,1,310724,1012507901,101,WA002,3040A-3045A-9999A,WA007,300937248
53,2755.75,1,310724,1012507901,101,WA002,3040A-3045A-9999A,WA007,300937254
53,2755.75,1,310724,1012507901,101,WA002,3040A-3045A-9999A,WA007,300937282
53,2755.75,1,310724,1012507901,101,WA002,3040A-3045A-9999A,WA007,300937283
53,2755.75,1,310724,1012507902,101,WA002,3040A-3045A-9999A,WA007,300937303
53,2755.75,1,310724,1012507902,101,WA002,3040A-3045A-9999A,WA007,300937304
53,2755.75,1,310724,1012507902,101,WA002,3040A-3045A-9999A,WA007,300937305
53,2755.75,1,310724,1012507902,101,WA002,3040A-3045A-9999A,WA007,300937306
53,2755.75,1,310724,1012507902,101,WA002,3040A-3045A-9999A,WA007,300937321
53,2755.75,1,310724,1012507902,101,WA002,3040A-3045A-9999A,WA007,300937322
53,2755.75,1,310724,1012507902,101,WA002,3040A-3045A-9999A,WA007,300937323
53,2755.75,1,310724,1012507902,101,WA002,3040A-3045A-9999A,WA007,300937324
54,55.115,0,310015,1052507808,101,ID002,3117A-3123A-9999A-9999E,TX001,300935557
56,55.115,0,310015,1052507601,101,ID002,3117A-3123A-9999A,TX001,300931700
56,110.23,0,310015,1052507601,101,ID002,3117A-3123A-9999A,TX001,300931701
56,55.115,0,310015,1052507601,101,ID002,3117A-3123A-9999A,TX001,300931702
56,165.345,0,310015,1052507602,101,ID002,3117A-3123A-9999A,TX001,300931794
56,55.115,0,310015,1052507602,101,ID002,3117A-3123A-9999A,TX001,300931795
56,55.115,0,310015,1052507602,101,ID002,3117A-3123A-9999A,TX001,300931808
56,55.115,0,310015,1052507602,101,ID002,3117A-3123A-9999A,TX001,300931824
56,110.23,0,310015,1052507603,101,ID002,3117A-3123A-9999A,TX001,300931839
56,55.115,0,310015,1052507603,101,ID002,3117A-3123A-9999A,TX001,300931841
56,55.115,0,310015,1052507603,101,ID002,3117A-3123A-9999A,TX001,300931854
56,55.115,0,310015,1052507605,101,ID002,3117A-3123A-9999A,TX001,300932062
56,55.115,0,310015,1052507605,101,ID002,3117A-3123A-9999A,TX001,300932064
56,55.115,0,310015,1052507605,101,ID002,3117A-3123A-9999A,TX001,300932100
56,55.115,0,310015,1052507605,101,ID002,3117A-3123A-9999A,TX001,300932103
56,2070,1,310086,1052507633,101,ID002,3139A-3140A-9999A,ID002,300932459
57,165.345,0,310015,1052507513,101,ID002,3117A-3123A-9999A-9999E,TX001,300931371
57,220.46,0,310015,1052507513,101,ID002,3117A-3123A-9999A-9999E,TX001,300931549
57,55.115,0,310015,1052507513,101,ID002,3117A-3123A-9999A-9999E,TX001,300931550
57,55.115,0,310015,1052507513,101,ID002,3117A-3123A-9999A-9999E,TX001,300931552
57,55.115,0,310015,1052507514,101,ID002,3117A-3123A-9999A-9999E,TX001,300931583
57,55.115,0,310015,1052507514,101,ID002,3117A-3123A-9999A-9999E,TX001,300931612
57,55.115,0,310726,1022507564,101,WA003,3025S-3033A-9999A-9999C-9999CS-9999E,WA007,300933266
58,2755.75,1,310002,1002507402,102,WA001,9999A,WA001,300930059
58,2755.75,1,310726,1022507452,101,WA003,3002A-3007S-3015A-3025S-3033A-3035A-9999A-9999C-9999CS-9999E,WA007,300930488
58,2755.75,1,310726,1022507452,101,WA003,3002A-3007S-3015A-3025S-3033A-3035A-9999A-9999C-9999CS-9999E,WA007,300930489
58,2755.75,1,310726,1022507452,101,WA003,3002A-3007S-3015A-3025S-3033A-3035A-9999A-9999C-9999CS-9999E,WA007,300930490
58,2755.75,1,310726,1022507452,101,WA003,3002A-3007S-3015A-3025S-3033A-3035A-9999A-9999C-9999CS-9999E,WA007,300930491
58,2755.75,1,310726,1022507452,101,WA003,3002A-3007S-3015A-3025S-3033A-3035A-9999A-9999C-9999CS-9999E,WA007,300930492
58,2755.75,1,310726,1022507452,101,WA003,3002A-3007S-3015A-3025S-3033A-3035A-9999A-9999C-9999CS-9999E,WA007,300930493
58,2755.75,1,310726,1022507452,101,WA003,3002A-3007S-3015A-3025S-3033A-3035A-9999A-9999C-9999CS-9999E,WA007,300930494
58,2755.75,1,310726,1022507452,101,WA003,3002A-3007S-3015A-3025S-3033A-3035A-9999A-9999C-9999CS-9999E,WA007,300930495
58,2755.75,1,310726,1022507453,101,WA003,3002A-3007S-3015A-3025S-3033A-3035A-9999A-9999C-9999CS-9999E,WA007,300930534
58,2755.75,1,310726,1022507453,101,WA003,3002A-3007S-3015A-3025S-3033A-3035A-9999A-9999C-9999CS-9999E,WA007,300930535
58,2755.75,1,310726,1022507453,101,WA003,3002A-3007S-3015A-3025S-3033A-3035A-9999A-9999C-9999CS-9999E,WA007,300930536
58,2755.75,1,310726,1022507453,101,WA003,3002A-3007S-3015A-3025S-3033A-3035A-9999A-9999C-9999CS-9999E,WA007,300930537
58,2755.75,1,310726,1022507453,101,WA003,3002A-3007S-3015A-3025S-3033A-3035A-9999A-9999C-9999CS-9999E,WA007,300930563
58,2755.75,1,310726,1022507453,101,WA003,3002A-3007S-3015A-3025S-3033A-3035A-9999A-9999C-9999CS-9999E,WA007,300930674
58,2755.75,1,310726,1022507453,101,WA003,3002A-3007S-3015A-3025S-3033A-3035A-9999A-9999C-9999CS-9999E,WA007,300930688
58,2755.75,1,310726,1022507453,101,WA003,3002A-3007S-3015A-3025S-3033A-3035A-9999A-9999C-9999CS-9999E,WA007,300930690
58,2755.75,1,310726,1022507454,101,WA003,3002A-3007S-3015A-3025S-3033A-3035A-9999A-9999C-9999CS-9999E,WA007,300930751
58,2755.75,1,310726,1022507454,101,WA003,3002A-3007S-3015A-3025S-3033A-3035A-9999A-9999C-9999CS-9999E,WA007,300930752
58,2755.75,1,310726,1022507454,101,WA003,3002A-3007S-3015A-3025S-3033A-3035A-9999A-9999C-9999CS-9999E,WA007,300930753
58,2755.75,1,310726,1022507454,101,WA003,3002A-3007S-3015A-3025S-3033A-3035A-9999A-9999C-9999CS-9999E,WA007,300930754
58,2755.75,1,310726,1022507454,101,WA003,3002A-3007S-3015A-3025S-3033A-3035A-9999A-9999C-9999CS-9999E,WA007,300930755
58,2755.75,1,310726,1022507454,101,WA003,3002A-3007S-3015A-3025S-3033A-3035A-9999A-9999C-9999CS-9999E,WA007,300930756
58,2755.75,1,310726,1022507454,101,WA003,3002A-3007S-3015A-3025S-3033A-3035A-9999A-9999C-9999CS-9999E,WA007,300930766
58,2755.75,1,310726,1022507454,101,WA003,3002A-3007S-3015A-3025S-3033A-3035A-9999A-9999C-9999CS-9999E,WA007,300930767
58,2755.75,1,310726,1022507455,101,WA003,3002A-3007S-3015A-3025S-3033A-3035A-9999A-9999C-9999CS-9999E,WA007,300930809
58,2755.75,1,310726,1022507455,101,WA003,3002A-3007S-3015A-3025S-3033A-3035A-9999A-9999C-9999CS-9999E,WA007,300930810
58,2755.75,1,310726,1022507455,101,WA003,3002A-3007S-3015A-3025S-3033A-3035A-9999A-9999C-9999CS-9999E,WA007,300930811
58,2755.75,1,310726,1022507455,101,WA003,3002A-3007S-3015A-3025S-3033A-3035A-9999A-9999C-9999CS-9999E,WA007,300930812
58,2755.75,1,310726,1022507455,101,WA003,3002A-3007S-3015A-3025S-3033A-3035A-9999A-9999C-9999CS-9999E,WA007,300930814
58,2755.75,1,310726,1022507455,101,WA003,3002A-3007S-3015A-3025S-3033A-3035A-9999A-9999C-9999CS-9999E,WA007,300930815
58,2755.75,1,310726,1022507455,101,WA003,3002A-3007S-3015A-3025S-3033A-3035A-9999A-9999C-9999CS-9999E,WA007,300930853
58,2755.75,1,310726,1022507455,101,WA003,3002A-3007S-3015A-3025S-3033A-3035A-9999A-9999C-9999CS-9999E,WA007,300930878
58,2755.75,1,310726,1022507456,101,WA003,3002A-3007S-3015A-3025S-3033A-3035A-9999A-9999C-9999CS-9999E,WA007,300930879
58,2755.75,1,310726,1022507456,101,WA003,3002A-3007S-3015A-3025S-3033A-3035A-9999A-9999C-9999CS-9999E,WA007,300930880
58,2755.75,1,310726,1022507456,101,WA003,3002A-3007S-3015A-3025S-3033A-3035A-9999A-9999C-9999CS-9999E,WA007,300930898
58,2755.75,1,310726,1022507456,101,WA003,3002A-3007S-3015A-3025S-3033A-3035A-9999A-9999C-9999CS-9999E,WA007,300930901
58,2755.75,1,310726,1022507456,101,WA003,3002A-3007S-3015A-3025S-3033A-3035A-9999A-9999C-9999CS-9999E,WA007,300930910
58,2755.75,1,310726,1022507456,101,WA003,3002A-3007S-3015A-3025S-3033A-3035A-9999A-9999C-9999CS-9999E,WA007,300930956
58,2755.75,1,310726,1022507456,101,WA003,3002A-3007S-3015A-3025S-3033A-3035A-9999A-9999C-9999CS-9999E,WA007,300930957
58,2755.75,1,310726,1022507456,101,WA003,3002A-3007S-3015A-3025S-3033A-3035A-9999A-9999C-9999CS-9999E,WA007,300930958
58,2755.75,1,310726,1022507457,101,WA003,3002A-3007S-3025S-3033A-3035A-9999A-9999C-9999CS-9999E,WA007,300930961
58,2755.75,1,310726,1022507457,101,WA003,3002A-3007S-3025S-3033A-3035A-9999A-9999C-9999CS-9999E,WA007,300930963
58,2755.75,1,310726,1022507457,101,WA003,3002A-3007S-3025S-3033A-3035A-9999A-9999C-9999CS-9999E,WA007,300930964
58,2755.75,1,310726,1022507457,101,WA003,3002A-3007S-3025S-3033A-3035A-9999A-9999C-9999CS-9999E,WA007,300930967
58,2755.75,1,310726,1022507457,101,WA003,3002A-3007S-3025S-3033A-3035A-9999A-9999C-9999CS-9999E,WA007,300930980
58,2755.75,1,310726,1022507457,101,WA003,3002A-3007S-3025S-3033A-3035A-9999A-9999C-9999CS-9999E,WA007,300930991
58,2755.75,1,310726,1022507457,101,WA003,3002A-3007S-3025S-3033A-3035A-9999A-9999C-9999CS-9999E,WA007,300930992
58,2755.75,1,310726,1022507457,101,WA003,3002A-3007S-3025S-3033A-3035A-9999A-9999C-9999CS-9999E,WA007,300931039
58,2755.75,1,310726,1022507458,101,WA003,3002A-3007S-3015A-3025S-3033A-3035A-9999A-9999C-9999CS-9999E,WA007,300931041
58,2755.75,1,310726,1022507458,101,WA003,3002A-3007S-3015A-3025S-3033A-3035A-9999A-9999C-9999CS-9999E,WA007,300931042
58,2755.75,1,310726,1022507458,101,WA003,3002A-3007S-3015A-3025S-3033A-3035A-9999A-9999C-9999CS-9999E,WA007,300931112
58,2755.75,1,310726,1022507458,101,WA003,3002A-3007S-3015A-3025S-3033A-3035A-9999A-9999C-9999CS-9999E,WA007,300931113
58,2755.75,1,310726,1022507458,101,WA003,3002A-3007S-3015A-3025S-3033A-3035A-9999A-9999C-9999CS-9999E,WA007,300931114
58,2755.75,1,310726,1022507458,101,WA003,3002A-3007S-3015A-3025S-3033A-3035A-9999A-9999C-9999CS-9999E,WA007,300931115
58,2755.75,1,310726,1022507458,101,WA003,3002A-3007S-3015A-3025S-3033A-3035A-9999A-9999C-9999CS-9999E,WA007,300931118
58,2755.75,1,310726,1022507458,101,WA003,3002A-3007S-3015A-3025S-3033A-3035A-9999A-9999C-9999CS-9999E,WA007,300931119
58,2755.75,1,310726,1022507459,101,WA003,3007S-3025S-3033A-3035A-9999A-9999C-9999CS-9999E,WA007,300931142
58,2755.75,1,310726,1022507459,101,WA003,3007S-3025S-3033A-3035A-9999A-9999C-9999CS-9999E,WA007,300931143
58,2755.75,1,310726,1022507459,101,WA003,3007S-3025S-3033A-3035A-9999A-9999C-9999CS-9999E,WA007,300931144
58,2755.75,1,310726,1022507459,101,WA003,3007S-3025S-3033A-3035A-9999A-9999C-9999CS-9999E,WA007,300931145
58,2755.75,1,310726,1022507459,101,WA003,3007S-3025S-3033A-3035A-9999A-9999C-9999CS-9999E,WA007,300931226
58,2755.75,1,310726,1022507459,101,WA003,3007S-3025S-3033A-3035A-9999A-9999C-9999CS-9999E,WA007,300931227
58,2755.75,1,310726,1022507459,101,WA003,3007S-3025S-3033A-3035A-9999A-9999C-9999CS-9999E,WA007,300931228
58,2755.75,1,310726,1022507459,101,WA003,3007S-3025S-3033A-3035A-9999A-9999C-9999CS-9999E,WA007,300931229
58,2755.75,1,310726,1022507460,101,WA003,3007S-3025S-3033A-3035A-9999A-9999C-9999CS-9999E,WA007,300931259
58,2755.75,1,310726,1022507460,101,WA003,3007S-3025S-3033A-3035A-9999A-9999C-9999CS-9999E,WA007,300931260
58,2755.75,1,310726,1022507460,101,WA003,3007S-3025S-3033A-3035A-9999A-9999C-9999CS-9999E,WA007,300931262
58,2755.75,1,310726,1022507460,101,WA003,3007S-3025S-3033A-3035A-9999A-9999C-9999CS-9999E,WA007,300931263
58,2755.75,1,310726,1022507460,101,WA003,3007S-3025S-3033A-3035A-9999A-9999C-9999CS-9999E,WA007,300931264
58,2755.75,1,310726,1022507460,101,WA003,3007S-3025S-3033A-3035A-9999A-9999C-9999CS-9999E,WA007,300931265
58,2755.75,1,310726,1022507460,101,WA003,3007S-3025S-3033A-3035A-9999A-9999C-9999CS-9999E,WA007,300931266
58,2755.75,1,310726,1022507460,101,WA003,3007S-3025S-3033A-3035A-9999A-9999C-9999CS-9999E,WA007,300931267
58,2755.75,1,310726,1022507461,101,WA003,3007S-3025S-3033A-3035A-9999A-9999C-9999CS-9999E,WA007,300931294
58,2755.75,1,310726,1022507461,101,WA003,3007S-3025S-3033A-3035A-9999A-9999C-9999CS-9999E,WA007,300931295
58,2755.75,1,310726,1022507461,101,WA003,3007S-3025S-3033A-3035A-9999A-9999C-9999CS-9999E,WA007,300931296
58,2755.75,1,310726,1022507461,101,WA003,3007S-3025S-3033A-3035A-9999A-9999C-9999CS-9999E,WA007,300931297
58,2755.75,1,310726,1022507461,101,WA003,3007S-3025S-3033A-3035A-9999A-9999C-9999CS-9999E,WA007,300931385
58,2755.75,1,310726,1022507461,101,WA003,3007S-3025S-3033A-3035A-9999A-9999C-9999CS-9999E,WA007,300931386
58,2755.75,1,310726,1022507461,101,WA003,3007S-3025S-3033A-3035A-9999A-9999C-9999CS-9999E,WA007,300931387
58,2755.75,1,310726,1022507461,101,WA003,3007S-3025S-3033A-3035A-9999A-9999C-9999CS-9999E,WA007,300931389
58,2755.75,1,310726,1022507462,101,WA003,3007S-3025S-3033A-3035A-9999A-9999C-9999CS-9999E,WA007,300931416
58,2755.75,1,310726,1022507462,101,WA003,3007S-3025S-3033A-3035A-9999A-9999C-9999CS-9999E,WA007,300931417
58,2755.75,1,310726,1022507462,101,WA003,3007S-3025S-3033A-3035A-9999A-9999C-9999CS-9999E,WA007,300931418
58,2755.75,1,310726,1022507462,101,WA003,3007S-3025S-3033A-3035A-9999A-9999C-9999CS-9999E,WA007,300931419
58,2755.75,1,310726,1022507462,101,WA003,3007S-3025S-3033A-3035A-9999A-9999C-9999CS-9999E,WA007,300931420
58,2755.75,1,310726,1022507462,101,WA003,3007S-3025S-3033A-3035A-9999A-9999C-9999CS-9999E,WA007,300931421
58,2755.75,1,310726,1022507462,101,WA003,3007S-3025S-3033A-3035A-9999A-9999C-9999CS-9999E,WA007,300931422
58,2755.75,1,310726,1022507462,101,WA003,3007S-3025S-3033A-3035A-9999A-9999C-9999CS-9999E,WA007,300931423
59,2755.75,1,310015,1052507304,101,ID002,3117A-3123A-9999A-9999E,MEX002,300928212
59,2755.75,1,310015,1052507305,101,ID002,3117A-3123A-9999A-9999E,MEX002,300928251
59,2755.75,1,310015,1052507305,101,ID002,3117A-3123A-9999A-9999E,MEX002,300928252
59,2755.75,1,310015,1052507305,101,ID002,3117A-3123A-9999A-9999E,MEX002,300928253
59,2755.75,1,310015,1052507305,101,ID002,3117A-3123A-9999A-9999E,MEX002,300928254
59,2755.75,1,310015,1052507305,101,ID002,3117A-3123A-9999A-9999E,MEX002,300928255
59,2755.75,1,310015,1052507305,101,ID002,3117A-3123A-9999A-9999E,MEX002,300928256
59,2755.75,1,310015,1052507305,101,ID002,3117A-3123A-9999A-9999E,MEX002,300928257
59,2755.75,1,310015,1052507305,101,ID002,3117A-3123A-9999A-9999E,MEX002,300928258
59,2755.75,1,310015,1052507306,101,ID002,3117A-3123A-9999A-9999E,MEX002,300928333
59,2755.75,1,310015,1052507306,101,ID002,3117A-3123A-9999A-9999E,MEX002,300928335
59,2755.75,1,310015,1052507306,101,ID002,3117A-3123A-9999A-9999E,MEX002,300928390
59,2755.75,1,310015,1052507306,101,ID002,3117A-3123A-9999A-9999E,MEX002,300928391
59,2755.75,1,310015,1052507306,101,ID002,3117A-3123A-9999A-9999E,MEX002,300928393
59,2755.75,1,310015,1052507306,101,ID002,3117A-3123A-9999A-9999E,MEX002,300928395
59,2755.75,1,310015,1052507306,101,ID002,3117A-3123A-9999A-9999E,MEX002,300928396
59,2755.75,1,310015,1052507306,101,ID002,3117A-3123A-9999A-9999E,MEX002,300932392
59,2755.75,1,310724,1012507304,101,WA002,3040A-3045A-3053A-9999A,WA007,300927702
59,2755.75,1,310724,1012507304,101,WA002,3040A-3045A-3053A-9999A,WA007,300927703
59,2755.75,1,310724,1012507304,101,WA002,3040A-3045A-3053A-9999A,WA007,300927704
59,2755.75,1,310724,1012507304,101,WA002,3040A-3045A-3053A-9999A,WA007,300927709
59,2755.75,1,310726,1022507354,101,WA003,3007DRYGUM-3007FO-3007S-3025S-3033A-3035A-9999A-9999C-9999CS-9999E,WA007,300929205
59,2755.75,1,310726,1022507354,101,WA003,3007DRYGUM-3007FO-3007S-3025S-3033A-3035A-9999A-9999C-9999CS-9999E,WA007,300929206
59,2755.75,1,310726,1022507354,101,WA003,3007DRYGUM-3007FO-3007S-3025S-3033A-3035A-9999A-9999C-9999CS-9999E,WA007,300929220
59,2755.75,1,310726,1022507354,101,WA003,3007DRYGUM-3007FO-3007S-3025S-3033A-3035A-9999A-9999C-9999CS-9999E,WA007,300929240
59,2755.75,1,310726,1022507354,101,WA003,3007DRYGUM-3007FO-3007S-3025S-3033A-3035A-9999A-9999C-9999CS-9999E,WA007,300929241
59,2755.75,1,310726,1022507354,101,WA003,3007DRYGUM-3007FO-3007S-3025S-3033A-3035A-9999A-9999C-9999CS-9999E,WA007,300929242
59,2755.75,1,310726,1022507354,101,WA003,3007DRYGUM-3007FO-3007S-3025S-3033A-3035A-9999A-9999C-9999CS-9999E,WA007,300929250
59,2755.75,1,310726,1022507354,101,WA003,3007DRYGUM-3007FO-3007S-3025S-3033A-3035A-9999A-9999C-9999CS-9999E,WA007,300929251
59,2755.75,1,310726,1022507355,101,WA003,3007DRYGUM-3007FO-3007S-3025S-3033A-3035A-9999A-9999C-9999CS-9999E,WA007,300929263
59,2755.75,1,310726,1022507355,101,WA003,3007DRYGUM-3007FO-3007S-3025S-3033A-3035A-9999A-9999C-9999CS-9999E,WA007,300929304
59,2755.75,1,310726,1022507355,101,WA003,3007DRYGUM-3007FO-3007S-3025S-3033A-3035A-9999A-9999C-9999CS-9999E,WA007,300929305
59,2755.75,1,310726,1022507355,101,WA003,3007DRYGUM-3007FO-3007S-3025S-3033A-3035A-9999A-9999C-9999CS-9999E,WA007,300929306
59,2755.75,1,310726,1022507355,101,WA003,3007DRYGUM-3007FO-3007S-3025S-3033A-3035A-9999A-9999C-9999CS-9999E,WA007,300929307
59,2755.75,1,310726,1022507355,101,WA003,3007DRYGUM-3007FO-3007S-3025S-3033A-3035A-9999A-9999C-9999CS-9999E,WA007,300929308
59,2755.75,1,310726,1022507355,101,WA003,3007DRYGUM-3007FO-3007S-3025S-3033A-3035A-9999A-9999C-9999CS-9999E,WA007,300929398
59,2755.75,1,310726,1022507355,101,WA003,3007DRYGUM-3007FO-3007S-3025S-3033A-3035A-9999A-9999C-9999CS-9999E,WA007,300929399
59,2755.75,1,310726,1022507356,101,WA003,3007DRYGUM-3007FO-3007S-3025S-3033A-3035A-9999A-9999C-9999CS-9999E,WA007,300929400
59,2755.75,1,310726,1022507356,101,WA003,3007DRYGUM-3007FO-3007S-3025S-3033A-3035A-9999A-9999C-9999CS-9999E,WA007,300929401
59,2755.75,1,310726,1022507356,101,WA003,3007DRYGUM-3007FO-3007S-3025S-3033A-3035A-9999A-9999C-9999CS-9999E,WA007,300929407
59,2755.75,1,310726,1022507356,101,WA003,3007DRYGUM-3007FO-3007S-3025S-3033A-3035A-9999A-9999C-9999CS-9999E,WA007,300929425
59,2755.75,1,310726,1022507356,101,WA003,3007DRYGUM-3007FO-3007S-3025S-3033A-3035A-9999A-9999C-9999CS-9999E,WA007,300929426
59,2755.75,1,310726,1022507356,101,WA003,3007DRYGUM-3007FO-3007S-3025S-3033A-3035A-9999A-9999C-9999CS-9999E,WA007,300929427
59,2755.75,1,310726,1022507356,101,WA003,3007DRYGUM-3007FO-3007S-3025S-3033A-3035A-9999A-9999C-9999CS-9999E,WA007,300929428
59,2755.75,1,310726,1022507356,101,WA003,3007DRYGUM-3007FO-3007S-3025S-3033A-3035A-9999A-9999C-9999CS-9999E,WA007,300929429
59,2755.75,1,310726,1022507357,101,WA003,3007DRYGUM-3007FO-3007S-3025S-3033A-3035A-9999A-9999C-9999CS-9999E,WA007,300929441
59,2755.75,1,310726,1022507357,101,WA003,3007DRYGUM-3007FO-3007S-3025S-3033A-3035A-9999A-9999C-9999CS-9999E,WA007,300929442
59,2755.75,1,310726,1022507357,101,WA003,3007DRYGUM-3007FO-3007S-3025S-3033A-3035A-9999A-9999C-9999CS-9999E,WA007,300929443
59,2755.75,1,310726,1022507357,101,WA003,3007DRYGUM-3007FO-3007S-3025S-3033A-3035A-9999A-9999C-9999CS-9999E,WA007,300929516
59,2755.75,1,310726,1022507357,101,WA003,3007DRYGUM-3007FO-3007S-3025S-3033A-3035A-9999A-9999C-9999CS-9999E,WA007,300929517
59,2755.75,1,310726,1022507357,101,WA003,3007DRYGUM-3007FO-3007S-3025S-3033A-3035A-9999A-9999C-9999CS-9999E,WA007,300929519
59,2755.75,1,310726,1022507357,101,WA003,3007DRYGUM-3007FO-3007S-3025S-3033A-3035A-9999A-9999C-9999CS-9999E,WA007,300929530
59,2755.75,1,310726,1022507357,101,WA003,3007DRYGUM-3007FO-3007S-3025S-3033A-3035A-9999A-9999C-9999CS-9999E,WA007,300929531
59,2755.75,1,310726,1022507358,101,WA003,3007DRYGUM-3007FO-3007S-3025S-3033A-3035A-9999A-9999C-9999CS-9999E,WA007,300929532
59,2755.75,1,310726,1022507358,101,WA003,3007DRYGUM-3007FO-3007S-3025S-3033A-3035A-9999A-9999C-9999CS-9999E,WA007,300929533
59,2755.75,1,310726,1022507358,101,WA003,3007DRYGUM-3007FO-3007S-3025S-3033A-3035A-9999A-9999C-9999CS-9999E,WA007,300929556
59,2755.75,1,310726,1022507358,101,WA003,3007DRYGUM-3007FO-3007S-3025S-3033A-3035A-9999A-9999C-9999CS-9999E,WA007,300929557
59,2755.75,1,310726,1022507358,101,WA003,3007DRYGUM-3007FO-3007S-3025S-3033A-3035A-9999A-9999C-9999CS-9999E,WA007,300929559
59,2755.75,1,310726,1022507358,101,WA003,3007DRYGUM-3007FO-3007S-3025S-3033A-3035A-9999A-9999C-9999CS-9999E,WA007,300929580
59,2755.75,1,310726,1022507358,101,WA003,3007DRYGUM-3007FO-3007S-3025S-3033A-3035A-9999A-9999C-9999CS-9999E,WA007,300929581
59,2755.75,1,310726,1022507358,101,WA003,3007DRYGUM-3007FO-3007S-3025S-3033A-3035A-9999A-9999C-9999CS-9999E,WA007,300929582
59,2755.75,1,310726,1022507359,101,WA003,3007DRYGUM-3007FO-3007S-3025S-3033A-3035A-9999A-9999C-9999CS-9999E,WA007,300929603
59,2755.75,1,310726,1022507359,101,WA003,3007DRYGUM-3007FO-3007S-3025S-3033A-3035A-9999A-9999C-9999CS-9999E,WA007,300929604
59,2755.75,1,310726,1022507359,101,WA003,3007DRYGUM-3007FO-3007S-3025S-3033A-3035A-9999A-9999C-9999CS-9999E,WA007,300929605
59,2755.75,1,310726,1022507359,101,WA003,3007DRYGUM-3007FO-3007S-3025S-3033A-3035A-9999A-9999C-9999CS-9999E,WA007,300929701
59,2755.75,1,310726,1022507359,101,WA003,3007DRYGUM-3007FO-3007S-3025S-3033A-3035A-9999A-9999C-9999CS-9999E,WA007,300929702
59,2755.75,1,310726,1022507359,101,WA003,3007DRYGUM-3007FO-3007S-3025S-3033A-3035A-9999A-9999C-9999CS-9999E,WA007,300929703
59,2755.75,1,310726,1022507359,101,WA003,3007DRYGUM-3007FO-3007S-3025S-3033A-3035A-9999A-9999C-9999CS-9999E,WA007,300929732
59,2755.75,1,310726,1022507359,101,WA003,3007DRYGUM-3007FO-3007S-3025S-3033A-3035A-9999A-9999C-9999CS-9999E,WA007,300929733
59,2755.75,1,310726,1022507360,101,WA003,3007DRYGUM-3007FO-3007S-3025S-3033A-3035A-9999A-9999C-9999CS-9999E,WA007,300929734
59,2755.75,1,310726,1022507360,101,WA003,3007DRYGUM-3007FO-3007S-3025S-3033A-3035A-9999A-9999C-9999CS-9999E,WA007,300929735
59,2755.75,1,310726,1022507360,101,WA003,3007DRYGUM-3007FO-3007S-3025S-3033A-3035A-9999A-9999C-9999CS-9999E,WA007,300929805
59,2755.75,1,310726,1022507360,101,WA003,3007DRYGUM-3007FO-3007S-3025S-3033A-3035A-9999A-9999C-9999CS-9999E,WA007,300929806
59,2755.75,1,310726,1022507360,101,WA003,3007DRYGUM-3007FO-3007S-3025S-3033A-3035A-9999A-9999C-9999CS-9999E,WA007,300929807
59,2755.75,1,310726,1022507360,101,WA003,3007DRYGUM-3007FO-3007S-3025S-3033A-3035A-9999A-9999C-9999CS-9999E,WA007,300929808
59,2755.75,1,310726,1022507360,101,WA003,3007DRYGUM-3007FO-3007S-3025S-3033A-3035A-9999A-9999C-9999CS-9999E,WA007,300929809
59,2755.75,1,310726,1022507360,101,WA003,3007DRYGUM-3007FO-3007S-3025S-3033A-3035A-9999A-9999C-9999CS-9999E,WA007,300930103
59,2755.75,1,310726,1022507361,101,WA003,3007DRYGUM-3007FO-3007S-3025S-3033A-3035A-9999A-9999C-9999CS-9999E,WA007,300930104
59,2755.75,1,310726,1022507361,101,WA003,3007DRYGUM-3007FO-3007S-3025S-3033A-3035A-9999A-9999C-9999CS-9999E,WA007,300930105
59,2755.75,1,310726,1022507361,101,WA003,3007DRYGUM-3007FO-3007S-3025S-3033A-3035A-9999A-9999C-9999CS-9999E,WA007,300930118
59,2755.75,1,310726,1022507361,101,WA003,3007DRYGUM-3007FO-3007S-3025S-3033A-3035A-9999A-9999C-9999CS-9999E,WA007,300930119
59,2755.75,1,310726,1022507361,101,WA003,3007DRYGUM-3007FO-3007S-3025S-3033A-3035A-9999A-9999C-9999CS-9999E,WA007,300930138
59,2755.75,1,310726,1022507361,101,WA003,3007DRYGUM-3007FO-3007S-3025S-3033A-3035A-9999A-9999C-9999CS-9999E,WA007,300930139
59,2755.75,1,310726,1022507361,101,WA003,3007DRYGUM-3007FO-3007S-3025S-3033A-3035A-9999A-9999C-9999CS-9999E,WA007,300930140
59,2755.75,1,310726,1022507361,101,WA003,3007DRYGUM-3007FO-3007S-3025S-3033A-3035A-9999A-9999C-9999CS-9999E,WA007,300930141
60,2755.75,1,310018,1002507201,102,WA001,9999A,WA001,300927072
60,2755.75,1,310018,1002507201,102,WA001,9999A,WA001,300927073
60,2755.75,1,310018,1002507201,102,WA001,9999A,WA001,300927106
60,2755.75,1,310018,1002507201,102,WA001,9999A,WA001,300927107
60,2755.75,1,310018,1002507201,102,WA001,9999A,WA001,300927108
60,2755.75,1,310018,1002507201,102,WA001,9999A,WA001,300927109
60,2755.75,1,310018,1002507201,102,WA001,9999A,WA001,300927110
60,2755.75,1,310018,1002507201,102,WA001,9999A,WA001,300927112
60,2755.75,1,310018,1002507202,102,WA001,9999A,WA001,300927176
60,2755.75,1,310018,1002507202,102,WA001,9999A,WA001,300927177
60,2755.75,1,310018,1002507202,102,WA001,9999A,WA001,300927178
60,2755.75,1,310018,1002507202,102,WA001,9999A,WA001,300927179
60,2755.75,1,310018,1002507202,102,WA001,9999A,WA001,300927180
60,2755.75,1,310018,1002507202,102,WA001,9999A,WA001,300927181
60,2755.75,1,310018,1002507202,102,WA001,9999A,WA001,300927233
60,2755.75,1,310018,1002507202,102,WA001,9999A,WA001,300927234
60,2755.75,1,310018,1002507203,102,WA001,9999A,WA001,300927248
60,2755.75,1,310018,1002507203,102,WA001,9999A,WA001,300927249
60,2755.75,1,310018,1002507203,102,WA001,9999A,WA001,300927254
60,2755.75,1,310018,1002507203,102,WA001,9999A,WA001,300927255
60,2755.75,1,310018,1002507203,102,WA001,9999A,WA001,300927288
60,2755.75,1,310018,1002507203,102,WA001,9999A,WA001,300927312
60,2755.75,1,310018,1002507203,102,WA001,9999A,WA001,300927313
60,2755.75,1,310018,1002507203,102,WA001,9999A,WA001,300927314
60,2755.75,1,310726,1022507252,101,WA003,3007S-3025S-9999A-9999C-9999CS-9999E,WA007,300927292
60,2755.75,1,310726,1022507252,101,WA003,3007S-3025S-9999A-9999C-9999CS-9999E,WA007,300927293
60,2755.75,1,310726,1022507252,101,WA003,3007S-3025S-9999A-9999C-9999CS-9999E,WA007,300927294
60,2755.75,1,310726,1022507252,101,WA003,3007S-3025S-9999A-9999C-9999CS-9999E,WA007,300927295
60,2755.75,1,310726,1022507252,101,WA003,3007S-3025S-9999A-9999C-9999CS-9999E,WA007,300927296
60,2755.75,1,310726,1022507252,101,WA003,3007S-3025S-9999A-9999C-9999CS-9999E,WA007,300927297
60,2755.75,1,310726,1022507252,101,WA003,3007S-3025S-9999A-9999C-9999CS-9999E,WA007,300927298
60,2755.75,1,310726,1022507252,101,WA003,3007S-3025S-9999A-9999C-9999CS-9999E,WA007,300927299
60,2755.75,1,310726,1022507253,101,WA003,3007S-3025S-9999A-9999C-9999CS-9999E,WA007,300927360
60,2755.75,1,310726,1022507253,101,WA003,3007S-3025S-9999A-9999C-9999CS-9999E,WA007,300927361
60,2755.75,1,310726,1022507253,101,WA003,3007S-3025S-9999A-9999C-9999CS-9999E,WA007,300927362
60,2755.75,1,310726,1022507253,101,WA003,3007S-3025S-9999A-9999C-9999CS-9999E,WA007,300927363
60,2755.75,1,310726,1022507253,101,WA003,3007S-3025S-9999A-9999C-9999CS-9999E,WA007,300927364
60,2755.75,1,310726,1022507253,101,WA003,3007S-3025S-9999A-9999C-9999CS-9999E,WA007,300927365
60,2755.75,1,310726,1022507253,101,WA003,3007S-3025S-9999A-9999C-9999CS-9999E,WA007,300927366
60,2755.75,1,310726,1022507253,101,WA003,3007S-3025S-9999A-9999C-9999CS-9999E,WA007,300927367
60,2755.75,1,310726,1022507254,101,WA003,3007S-3025S-9999A-9999C-9999CS-9999E,WA007,300927499
60,2755.75,1,310726,1022507254,101,WA003,3007S-3025S-9999A-9999C-9999CS-9999E,WA007,300927500
60,2755.75,1,310726,1022507254,101,WA003,3007S-3025S-9999A-9999C-9999CS-9999E,WA007,300927501
60,2755.75,1,310726,1022507254,101,WA003,3007S-3025S-9999A-9999C-9999CS-9999E,WA007,300927502
60,2755.75,1,310726,1022507254,101,WA003,3007S-3025S-9999A-9999C-9999CS-9999E,WA007,300927503
60,2755.75,1,310726,1022507254,101,WA003,3007S-3025S-9999A-9999C-9999CS-9999E,WA007,300927504
60,2755.75,1,310726,1022507254,101,WA003,3007S-3025S-9999A-9999C-9999CS-9999E,WA007,300927505
60,2755.75,1,310726,1022507254,101,WA003,3007S-3025S-9999A-9999C-9999CS-9999E,WA007,300927506
60,2755.75,1,310726,1022507255,101,WA003,3007S-3025S-9999A-9999C-9999CS-9999E,WA007,300927565
60,2755.75,1,310726,1022507255,101,WA003,3007S-3025S-9999A-9999C-9999CS-9999E,WA007,300927566
60,2755.75,1,310726,1022507255,101,WA003,3007S-3025S-9999A-9999C-9999CS-9999E,WA007,300927567
60,2755.75,1,310726,1022507255,101,WA003,3007S-3025S-9999A-9999C-9999CS-9999E,WA007,300927568
60,2755.75,1,310726,1022507255,101,WA003,3007S-3025S-9999A-9999C-9999CS-9999E,WA007,300927569
60,2755.75,1,310726,1022507255,101,WA003,3007S-3025S-9999A-9999C-9999CS-9999E,WA007,300927570
60,2755.75,1,310726,1022507255,101,WA003,3007S-3025S-9999A-9999C-9999CS-9999E,WA007,300927572
60,2755.75,1,310726,1022507255,101,WA003,3007S-3025S-9999A-9999C-9999CS-9999E,WA007,300927574
60,2755.75,1,310726,1022507256,101,WA003,3007S-3025S-9999A-9999C-9999CS-9999E,WA007,300927668
60,2755.75,1,310726,1022507256,101,WA003,3007S-3025S-9999A-9999C-9999CS-9999E,WA007,300927669
60,2755.75,1,310726,1022507256,101,WA003,3007S-3025S-9999A-9999C-9999CS-9999E,WA007,300927869
60,2755.75,1,310726,1022507256,101,WA003,3007S-3025S-9999A-9999C-9999CS-9999E,WA007,300927870
60,2755.75,1,310726,1022507256,101,WA003,3007S-3025S-9999A-9999C-9999CS-9999E,WA007,300927871
60,2755.75,1,310726,1022507256,101,WA003,3007S-3025S-9999A-9999C-9999CS-9999E,WA007,300927894
60,2755.75,1,310726,1022507256,101,WA003,3007S-3025S-9999A-9999C-9999CS-9999E,WA007,300927895
60,2755.75,1,310726,1022507256,101,WA003,3007S-3025S-9999A-9999C-9999CS-9999E,WA007,300927896
60,2755.75,1,310726,1022507257,101,WA003,3007S-3025S-9999A-9999C-9999CS-9999E,WA007,300927904
60,2755.75,1,310726,1022507257,101,WA003,3007S-3025S-9999A-9999C-9999CS-9999E,WA007,300927905
60,2755.75,1,310726,1022507257,101,WA003,3007S-3025S-9999A-9999C-9999CS-9999E,WA007,300927917
60,2755.75,1,310726,1022507257,101,WA003,3007S-3025S-9999A-9999C-9999CS-9999E,WA007,300927918
60,2755.75,1,310726,1022507257,101,WA003,3007S-3025S-9999A-9999C-9999CS-9999E,WA007,300927948
60,2755.75,1,310726,1022507257,101,WA003,3007S-3025S-9999A-9999C-9999CS-9999E,WA007,300927957
60,2755.75,1,310726,1022507257,101,WA003,3007S-3025S-9999A-9999C-9999CS-9999E,WA007,300927958
60,2755.75,1,310726,1022507257,101,WA003,3007S-3025S-9999A-9999C-9999CS-9999E,WA007,300927959
60,2755.75,1,310726,1022507258,101,WA003,3007S-3025S-9999A-9999C-9999CS-9999E,WA007,300927966
60,2755.75,1,310726,1022507258,101,WA003,3007S-3025S-9999A-9999C-9999CS-9999E,WA007,300927967
60,2755.75,1,310726,1022507258,101,WA003,3007S-3025S-9999A-9999C-9999CS-9999E,WA007,300927968
60,2755.75,1,310726,1022507258,101,WA003,3007S-3025S-9999A-9999C-9999CS-9999E,WA007,300928119
60,2755.75,1,310726,1022507258,101,WA003,3007S-3025S-9999A-9999C-9999CS-9999E,WA007,300928120
60,2755.75,1,310726,1022507258,101,WA003,3007S-3025S-9999A-9999C-9999CS-9999E,WA007,300928121
60,2755.75,1,310726,1022507258,101,WA003,3007S-3025S-9999A-9999C-9999CS-9999E,WA007,300928133
60,2755.75,1,310726,1022507258,101,WA003,3007S-3025S-9999A-9999C-9999CS-9999E,WA007,300928134
60,2755.75,1,310726,1022507259,101,WA003,3007S-3025S-9999A-9999C-9999CS-9999E,WA007,300928154
60,2755.75,1,310726,1022507259,101,WA003,3007S-3025S-9999A-9999C-9999CS-9999E,WA007,300928155
60,2755.75,1,310726,1022507259,101,WA003,3007S-3025S-9999A-9999C-9999CS-9999E,WA007,300928157
60,2755.75,1,310726,1022507259,101,WA003,3007S-3025S-9999A-9999C-9999CS-9999E,WA007,300928178
60,2755.75,1,310726,1022507259,101,WA003,3007S-3025S-9999A-9999C-9999CS-9999E,WA007,300928179
60,2755.75,1,310726,1022507259,101,WA003,3007S-3025S-9999A-9999C-9999CS-9999E,WA007,300928180
60,2755.75,1,310726,1022507259,101,WA003,3007S-3025S-9999A-9999C-9999CS-9999E,WA007,300928181
60,2755.75,1,310726,1022507259,101,WA003,3007S-3025S-9999A-9999C-9999CS-9999E,WA007,300928182
60,2755.75,1,310726,1022507260,101,WA003,3007S-3025S-9999A-9999C-9999CS-9999E,WA007,300928195
60,2755.75,1,310726,1022507260,101,WA003,3007S-3025S-9999A-9999C-9999CS-9999E,WA007,300928233
60,2755.75,1,310726,1022507260,101,WA003,3007S-3025S-9999A-9999C-9999CS-9999E,WA007,300928234
60,2755.75,1,310726,1022507260,101,WA003,3007S-3025S-9999A-9999C-9999CS-9999E,WA007,300928247
60,2755.75,1,310726,1022507260,101,WA003,3007S-3025S-9999A-9999C-9999CS-9999E,WA007,300928248
60,2755.75,1,310726,1022507260,101,WA003,3007S-3025S-9999A-9999C-9999CS-9999E,WA007,300928261
60,2755.75,1,310726,1022507260,101,WA003,3007S-3025S-9999A-9999C-9999CS-9999E,WA007,300928262
60,2755.75,1,310726,1022507260,101,WA003,3007S-3025S-9999A-9999C-9999CS-9999E,WA007,300928263
60,2755.75,1,310726,1022507261,101,WA003,3007S-3025S-9999A-9999C-9999CS-9999E,WA007,300928289
60,2755.75,1,310726,1022507261,101,WA003,3007S-3025S-9999A-9999C-9999CS-9999E,WA007,300928290
60,2755.75,1,310726,1022507261,101,WA003,3007S-3025S-9999A-9999C-9999CS-9999E,WA007,300928291
60,2755.75,1,310726,1022507261,101,WA003,3007S-3025S-9999A-9999C-9999CS-9999E,WA007,300928309
60,2755.75,1,310726,1022507261,101,WA003,3007S-3025S-9999A-9999C-9999CS-9999E,WA007,300928310
60,2755.75,1,310726,1022507261,101,WA003,3007S-3025S-9999A-9999C-9999CS-9999E,WA007,300928329
60,2755.75,1,310726,1022507261,101,WA003,3007S-3025S-9999A-9999C-9999CS-9999E,WA007,300928330
60,2755.75,1,310726,1022507261,101,WA003,3007S-3025S-9999A-9999C-9999CS-9999E,WA007,300928331
60,2755.75,1,310726,1022507262,101,WA003,3007S-3025S-9999A-9999C-9999CS-9999E,WA007,300928359
60,2755.75,1,310726,1022507262,101,WA003,3007S-3025S-9999A-9999C-9999CS-9999E,WA007,300928360
60,2755.75,1,310726,1022507262,101,WA003,3007S-3025S-9999A-9999C-9999CS-9999E,WA007,300928362
60,2755.75,1,310726,1022507262,101,WA003,3007S-3025S-9999A-9999C-9999CS-9999E,WA007,300928366
60,2755.75,1,310726,1022507262,101,WA003,3007S-3025S-9999A-9999C-9999CS-9999E,WA007,300928379
60,2755.75,1,310726,1022507262,101,WA003,3007S-3025S-9999A-9999C-9999CS-9999E,WA007,300928380
60,2755.75,1,310726,1022507262,101,WA003,3007S-3025S-9999A-9999C-9999CS-9999E,WA007,300928392
60,2755.75,1,310726,1022507262,101,WA003,3007S-3025S-9999A-9999C-9999CS-9999E,WA007,300928394
60,2755.75,1,310726,1022507265,101,WA003,3007S-3025S-9999A-9999C-9999CS-9999E,WA007,300928674
60,2755.75,1,310726,1022507265,101,WA003,3007S-3025S-9999A-9999C-9999CS-9999E,WA007,300928675
60,2755.75,1,310726,1022507265,101,WA003,3007S-3025S-9999A-9999C-9999CS-9999E,WA007,300928677
60,2755.75,1,310726,1022507265,101,WA003,3007S-3025S-9999A-9999C-9999CS-9999E,WA007,300928706
60,2755.75,1,310726,1022507265,101,WA003,3007S-3025S-9999A-9999C-9999CS-9999E,WA007,300928707
60,2755.75,1,310726,1022507265,101,WA003,3007S-3025S-9999A-9999C-9999CS-9999E,WA007,300928708
60,2755.75,1,310726,1022507265,101,WA003,3007S-3025S-9999A-9999C-9999CS-9999E,WA007,300928709
60,2755.75,1,310726,1022507265,101,WA003,3007S-3025S-9999A-9999C-9999CS-9999E,WA007,300928739
61,2755.75,1,310724,1012507108,101,WA002,3040A-3045A-3053A-9999A,WA007,300925030
61,2755.75,1,310724,1012507108,101,WA002,3040A-3045A-3053A-9999A,WA007,300925031
61,2755.75,1,310724,1012507108,101,WA002,3040A-3045A-3053A-9999A,WA007,300925032
61,2755.75,1,310724,1012507108,101,WA002,3040A-3045A-3053A-9999A,WA007,300925035
61,2755.75,1,310724,1012507108,101,WA002,3040A-3045A-3053A-9999A,WA007,300925036
61,2755.75,1,310724,1012507108,101,WA002,3040A-3045A-3053A-9999A,WA007,300925037
61,2755.75,1,310724,1012507108,101,WA002,3040A-3045A-3053A-9999A,WA007,300925051
61,2755.75,1,310724,1012507108,101,WA002,3040A-3045A-3053A-9999A,WA007,300925052
61,2755.75,1,310726,1022507152,101,WA003,3007S-3025S-3033A-3035A-9999A-9999C-9999CS-9999E,WA007,300925865
61,2755.75,1,310726,1022507152,101,WA003,3007S-3025S-3033A-3035A-9999A-9999C-9999CS-9999E,WA007,300925866
61,2755.75,1,310726,1022507152,101,WA003,3007S-3025S-3033A-3035A-9999A-9999C-9999CS-9999E,WA007,300925867
61,2755.75,1,310726,1022507152,101,WA003,3007S-3025S-3033A-3035A-9999A-9999C-9999CS-9999E,WA007,300925868
61,2755.75,1,310726,1022507152,101,WA003,3007S-3025S-3033A-3035A-9999A-9999C-9999CS-9999E,WA007,300925870
61,2755.75,1,310726,1022507152,101,WA003,3007S-3025S-3033A-3035A-9999A-9999C-9999CS-9999E,WA007,300925871
61,2755.75,1,310726,1022507152,101,WA003,3007S-3025S-3033A-3035A-9999A-9999C-9999CS-9999E,WA007,300925872
61,2755.75,1,310726,1022507152,101,WA003,3007S-3025S-3033A-3035A-9999A-9999C-9999CS-9999E,WA007,300925873
61,2755.75,1,310726,1022507153,101,WA003,3007S-3025S-3033A-3035A-9999A-9999C-9999CS-9999E,WA007,300925914
61,2755.75,1,310726,1022507153,101,WA003,3007S-3025S-3033A-3035A-9999A-9999C-9999CS-9999E,WA007,300925915
61,2755.75,1,310726,1022507153,101,WA003,3007S-3025S-3033A-3035A-9999A-9999C-9999CS-9999E,WA007,300925916
61,2755.75,1,310726,1022507153,101,WA003,3007S-3025S-3033A-3035A-9999A-9999C-9999CS-9999E,WA007,300925917
61,2755.75,1,310726,1022507153,101,WA003,3007S-3025S-3033A-3035A-9999A-9999C-9999CS-9999E,WA007,300925918
61,2755.75,1,310726,1022507153,101,WA003,3007S-3025S-3033A-3035A-9999A-9999C-9999CS-9999E,WA007,300925919
61,2755.75,1,310726,1022507153,101,WA003,3007S-3025S-3033A-3035A-9999A-9999C-9999CS-9999E,WA007,300925920
61,2755.75,1,310726,1022507153,101,WA003,3007S-3025S-3033A-3035A-9999A-9999C-9999CS-9999E,WA007,300925921
61,2755.75,1,310726,1022507154,101,WA003,3007S-3025S-3033A-3035A-9999A-9999C-9999CS-9999E,WA007,300926044
61,2755.75,1,310726,1022507154,101,WA003,3007S-3025S-3033A-3035A-9999A-9999C-9999CS-9999E,WA007,300926045
61,2755.75,1,310726,1022507154,101,WA003,3007S-3025S-3033A-3035A-9999A-9999C-9999CS-9999E,WA007,300926046
61,2755.75,1,310726,1022507154,101,WA003,3007S-3025S-3033A-3035A-9999A-9999C-9999CS-9999E,WA007,300926047
61,2755.75,1,310726,1022507154,101,WA003,3007S-3025S-3033A-3035A-9999A-9999C-9999CS-9999E,WA007,300926048
61,2755.75,1,310726,1022507154,101,WA003,3007S-3025S-3033A-3035A-9999A-9999C-9999CS-9999E,WA007,300926049
61,2755.75,1,310726,1022507154,101,WA003,3007S-3025S-3033A-3035A-9999A-9999C-9999CS-9999E,WA007,300926050
61,2755.75,1,310726,1022507154,101,WA003,3007S-3025S-3033A-3035A-9999A-9999C-9999CS-9999E,WA007,300926051
61,2755.75,1,310726,1022507155,101,WA003,3007S-3025S-3033A-3035A-9999A-9999C-9999CS-9999E,WA007,300926081
61,2755.75,1,310726,1022507155,101,WA003,3007S-3025S-3033A-3035A-9999A-9999C-9999CS-9999E,WA007,300926082
61,2755.75,1,310726,1022507155,101,WA003,3007S-3025S-3033A-3035A-9999A-9999C-9999CS-9999E,WA007,300926083
61,2755.75,1,310726,1022507155,101,WA003,3007S-3025S-3033A-3035A-9999A-9999C-9999CS-9999E,WA007,300926084
61,2755.75,1,310726,1022507155,101,WA003,3007S-3025S-3033A-3035A-9999A-9999C-9999CS-9999E,WA007,300926085
61,2755.75,1,310726,1022507155,101,WA003,3007S-3025S-3033A-3035A-9999A-9999C-9999CS-9999E,WA007,300926086
61,2755.75,1,310726,1022507155,101,WA003,3007S-3025S-3033A-3035A-9999A-9999C-9999CS-9999E,WA007,300926087
61,2755.75,1,310726,1022507155,101,WA003,3007S-3025S-3033A-3035A-9999A-9999C-9999CS-9999E,WA007,300926088
61,2755.75,1,310726,1022507156,101,WA003,3007S-3025S-3033A-3035A-9999A-9999C-9999CS-9999E,WA007,300926149
61,2755.75,1,310726,1022507156,101,WA003,3007S-3025S-3033A-3035A-9999A-9999C-9999CS-9999E,WA007,300926153
61,2755.75,1,310726,1022507156,101,WA003,3007S-3025S-3033A-3035A-9999A-9999C-9999CS-9999E,WA007,300926357
61,2755.75,1,310726,1022507156,101,WA003,3007S-3025S-3033A-3035A-9999A-9999C-9999CS-9999E,WA007,300926358
61,2755.75,1,310726,1022507156,101,WA003,3007S-3025S-3033A-3035A-9999A-9999C-9999CS-9999E,WA007,300926359
61,2755.75,1,310726,1022507156,101,WA003,3007S-3025S-3033A-3035A-9999A-9999C-9999CS-9999E,WA007,300926360
61,2755.75,1,310726,1022507156,101,WA003,3007S-3025S-3033A-3035A-9999A-9999C-9999CS-9999E,WA007,300926361
61,2755.75,1,310726,1022507156,101,WA003,3007S-3025S-3033A-3035A-9999A-9999C-9999CS-9999E,WA007,300926362
61,2755.75,1,310726,1022507157,101,WA003,3007S-3025S-3033A-3035A-9999A-9999C-9999CS-9999E,WA007,300926373
61,2755.75,1,310726,1022507157,101,WA003,3007S-3025S-3033A-3035A-9999A-9999C-9999CS-9999E,WA007,300926375
61,2755.75,1,310726,1022507157,101,WA003,3007S-3025S-3033A-3035A-9999A-9999C-9999CS-9999E,WA007,300926410
61,2755.75,1,310726,1022507157,101,WA003,3007S-3025S-3033A-3035A-9999A-9999C-9999CS-9999E,WA007,300926411
61,2755.75,1,310726,1022507157,101,WA003,3007S-3025S-3033A-3035A-9999A-9999C-9999CS-9999E,WA007,300926412
61,2755.75,1,310726,1022507157,101,WA003,3007S-3025S-3033A-3035A-9999A-9999C-9999CS-9999E,WA007,300926413
61,2755.75,1,310726,1022507157,101,WA003,3007S-3025S-3033A-3035A-9999A-9999C-9999CS-9999E,WA007,300926470
61,2755.75,1,310726,1022507157,101,WA003,3007S-3025S-3033A-3035A-9999A-9999C-9999CS-9999E,WA007,300926471
61,2755.75,1,310726,1022507158,101,WA003,3007S-3025S-3033A-3035A-9999A-9999C-9999CS,WA007,300926472
61,2755.75,1,310726,1022507158,101,WA003,3007S-3025S-3033A-3035A-9999A-9999C-9999CS,WA007,300926473
61,2755.75,1,310726,1022507158,101,WA003,3007S-3025S-3033A-3035A-9999A-9999C-9999CS,WA007,300926474
61,2755.75,1,310726,1022507158,101,WA003,3007S-3025S-3033A-3035A-9999A-9999C-9999CS,WA007,300926475
61,2755.75,1,310726,1022507158,101,WA003,3007S-3025S-3033A-3035A-9999A-9999C-9999CS,WA007,300926501
61,2755.75,1,310726,1022507158,101,WA003,3007S-3025S-3033A-3035A-9999A-9999C-9999CS,WA007,300926502
61,2755.75,1,310726,1022507158,101,WA003,3007S-3025S-3033A-3035A-9999A-9999C-9999CS,WA007,300926503
61,2755.75,1,310726,1022507158,101,WA003,3007S-3025S-3033A-3035A-9999A-9999C-9999CS,WA007,300926504
61,2755.75,1,310726,1022507159,101,WA003,3007S-3025S-3033A-3035A-9999A-9999C-9999CS,WA007,300926516
61,2755.75,1,310726,1022507159,101,WA003,3007S-3025S-3033A-3035A-9999A-9999C-9999CS,WA007,300926517
61,2755.75,1,310726,1022507159,101,WA003,3007S-3025S-3033A-3035A-9999A-9999C-9999CS,WA007,300926518
61,2755.75,1,310726,1022507159,101,WA003,3007S-3025S-3033A-3035A-9999A-9999C-9999CS,WA007,300926519
61,2755.75,1,310726,1022507159,101,WA003,3007S-3025S-3033A-3035A-9999A-9999C-9999CS,WA007,300926625
61,2755.75,1,310726,1022507159,101,WA003,3007S-3025S-3033A-3035A-9999A-9999C-9999CS,WA007,300926626
61,2755.75,1,310726,1022507159,101,WA003,3007S-3025S-3033A-3035A-9999A-9999C-9999CS,WA007,300926627
61,2755.75,1,310726,1022507159,101,WA003,3007S-3025S-3033A-3035A-9999A-9999C-9999CS,WA007,300926628
62,2755.75,1,310726,1022507052,101,WA003,3007S-3025S-3033A-3035A-9999A-9999C-9999CS-9999E,WA007,300924186
62,2755.75,1,310726,1022507052,101,WA003,3007S-3025S-3033A-3035A-9999A-9999C-9999CS-9999E,WA007,300924187
62,2755.75,1,310726,1022507052,101,WA003,3007S-3025S-3033A-3035A-9999A-9999C-9999CS-9999E,WA007,300924188
62,2755.75,1,310726,1022507052,101,WA003,3007S-3025S-3033A-3035A-9999A-9999C-9999CS-9999E,WA007,300924300
62,2755.75,1,310726,1022507052,101,WA003,3007S-3025S-3033A-3035A-9999A-9999C-9999CS-9999E,WA007,300924301
62,2755.75,1,310726,1022507052,101,WA003,3007S-3025S-3033A-3035A-9999A-9999C-9999CS-9999E,WA007,300924302
62,2755.75,1,310726,1022507052,101,WA003,3007S-3025S-3033A-3035A-9999A-9999C-9999CS-9999E,WA007,300924303
62,2755.75,1,310726,1022507052,101,WA003,3007S-3025S-3033A-3035A-9999A-9999C-9999CS-9999E,WA007,300924325
62,2755.75,1,310726,1022507053,101,WA003,3007S-3025S-3033A-3035A-9999A-9999C-9999CS-9999E,WA007,300924326
62,2755.75,1,310726,1022507053,101,WA003,3007S-3025S-3033A-3035A-9999A-9999C-9999CS-9999E,WA007,300924327
62,2755.75,1,310726,1022507053,101,WA003,3007S-3025S-3033A-3035A-9999A-9999C-9999CS-9999E,WA007,300924328
62,2755.75,1,310726,1022507053,101,WA003,3007S-3025S-3033A-3035A-9999A-9999C-9999CS-9999E,WA007,300924331
62,2755.75,1,310726,1022507053,101,WA003,3007S-3025S-3033A-3035A-9999A-9999C-9999CS-9999E,WA007,300924332
62,2755.75,1,310726,1022507053,101,WA003,3007S-3025S-3033A-3035A-9999A-9999C-9999CS-9999E,WA007,300924333
62,2755.75,1,310726,1022507053,101,WA003,3007S-3025S-3033A-3035A-9999A-9999C-9999CS-9999E,WA007,300924334
62,2755.75,1,310726,1022507053,101,WA003,3007S-3025S-3033A-3035A-9999A-9999C-9999CS-9999E,WA007,300924335
62,2755.75,1,310726,1022507054,101,WA003,3007S-3025S-3033A-3035A-9999A-9999C-9999CS-9999E,WA007,300924432
62,2755.75,1,310726,1022507054,101,WA003,3007S-3025S-3033A-3035A-9999A-9999C-9999CS-9999E,WA007,300924433
62,2755.75,1,310726,1022507054,101,WA003,3007S-3025S-3033A-3035A-9999A-9999C-9999CS-9999E,WA007,300924434
62,2755.75,1,310726,1022507054,101,WA003,3007S-3025S-3033A-3035A-9999A-9999C-9999CS-9999E,WA007,300924442
62,2645.52,1,310726,1022507054,101,WA003,3007S-3025S-3033A-3035A-9999A-9999C-9999CS-9999E,WA007,300924605
62,2755.75,1,310726,1022507054,101,WA003,3007S-3025S-3033A-3035A-9999A-9999C-9999CS-9999E,WA007,300924606
62,2755.75,1,310726,1022507054,101,WA003,3007S-3025S-3033A-3035A-9999A-9999C-9999CS-9999E,WA007,300924607
62,2755.75,1,310726,1022507054,101,WA003,3007S-3025S-3033A-3035A-9999A-9999C-9999CS-9999E,WA007,300924608
62,2755.75,1,310726,1022507055,101,WA003,3007S-3025S-3033A-3035A-9999A-9999C-9999CS-9999E,WA007,300924655
62,2755.75,1,310726,1022507055,101,WA003,3007S-3025S-3033A-3035A-9999A-9999C-9999CS-9999E,WA007,300924715
62,2755.75,1,310726,1022507055,101,WA003,3007S-3025S-3033A-3035A-9999A-9999C-9999CS-9999E,WA007,300924716
62,2755.75,1,310726,1022507055,101,WA003,3007S-3025S-3033A-3035A-9999A-9999C-9999CS-9999E,WA007,300924717
62,2755.75,1,310726,1022507055,101,WA003,3007S-3025S-3033A-3035A-9999A-9999C-9999CS-9999E,WA007,300924719
62,2755.75,1,310726,1022507055,101,WA003,3007S-3025S-3033A-3035A-9999A-9999C-9999CS-9999E,WA007,300924721
62,2755.75,1,310726,1022507055,101,WA003,3007S-3025S-3033A-3035A-9999A-9999C-9999CS-9999E,WA007,300924722
62,2755.75,1,310726,1022507055,101,WA003,3007S-3025S-3033A-3035A-9999A-9999C-9999CS-9999E,WA007,300924723
62,2755.75,1,310726,1022507056,101,WA003,3007S-3025S-3033A-3035A-9999A-9999C-9999CS-9999E,WA007,300924802
62,2755.75,1,310726,1022507056,101,WA003,3007S-3025S-3033A-3035A-9999A-9999C-9999CS-9999E,WA007,300924803
62,2755.75,1,310726,1022507056,101,WA003,3007S-3025S-3033A-3035A-9999A-9999C-9999CS-9999E,WA007,300924804
62,2755.75,1,310726,1022507056,101,WA003,3007S-3025S-3033A-3035A-9999A-9999C-9999CS-9999E,WA007,300924805
62,2755.75,1,310726,1022507056,101,WA003,3007S-3025S-3033A-3035A-9999A-9999C-9999CS-9999E,WA007,300924855
62,2755.75,1,310726,1022507056,101,WA003,3007S-3025S-3033A-3035A-9999A-9999C-9999CS-9999E,WA007,300924856
62,2755.75,1,310726,1022507056,101,WA003,3007S-3025S-3033A-3035A-9999A-9999C-9999CS-9999E,WA007,300924857
62,2755.75,1,310726,1022507056,101,WA003,3007S-3025S-3033A-3035A-9999A-9999C-9999CS-9999E,WA007,300924858
62,2755.75,1,310726,1022507057,101,WA003,3007S-3025S-3033A-3035A-9999A-9999C-9999CS-9999E,WA007,300924863
62,2755.75,1,310726,1022507057,101,WA003,3007S-3025S-3033A-3035A-9999A-9999C-9999CS-9999E,WA007,300924864
62,2755.75,1,310726,1022507057,101,WA003,3007S-3025S-3033A-3035A-9999A-9999C-9999CS-9999E,WA007,300924894
62,2755.75,1,310726,1022507057,101,WA003,3007S-3025S-3033A-3035A-9999A-9999C-9999CS-9999E,WA007,300924895
62,2755.75,1,310726,1022507057,101,WA003,3007S-3025S-3033A-3035A-9999A-9999C-9999CS-9999E,WA007,300924896
62,2755.75,1,310726,1022507057,101,WA003,3007S-3025S-3033A-3035A-9999A-9999C-9999CS-9999E,WA007,300924897
62,2755.75,1,310726,1022507057,101,WA003,3007S-3025S-3033A-3035A-9999A-9999C-9999CS-9999E,WA007,300924898
62,2755.75,1,310726,1022507057,101,WA003,3007S-3025S-3033A-3035A-9999A-9999C-9999CS-9999E,WA007,300924905
62,2755.75,1,310726,1022507058,101,WA003,3007S-3025S-3033A-3035A-9999A-9999C-9999CS-9999E,WA007,300924934
62,2755.75,1,310726,1022507058,101,WA003,3007S-3025S-3033A-3035A-9999A-9999C-9999CS-9999E,WA007,300924935
62,2755.75,1,310726,1022507058,101,WA003,3007S-3025S-3033A-3035A-9999A-9999C-9999CS-9999E,WA007,300924936
62,2755.75,1,310726,1022507058,101,WA003,3007S-3025S-3033A-3035A-9999A-9999C-9999CS-9999E,WA007,300925009
62,2755.75,1,310726,1022507058,101,WA003,3007S-3025S-3033A-3035A-9999A-9999C-9999CS-9999E,WA007,300925010
62,2755.75,1,310726,1022507058,101,WA003,3007S-3025S-3033A-3035A-9999A-9999C-9999CS-9999E,WA007,300925011
62,2755.75,1,310726,1022507058,101,WA003,3007S-3025S-3033A-3035A-9999A-9999C-9999CS-9999E,WA007,300925012
62,2755.75,1,310726,1022507058,101,WA003,3007S-3025S-3033A-3035A-9999A-9999C-9999CS-9999E,WA007,300925060
62,2755.75,1,310726,1022507059,101,WA003,3007S-3025S-3033A-3035A-9999A-9999C-9999CS-9999E,WA007,300925061
62,2755.75,1,310726,1022507059,101,WA003,3007S-3025S-3033A-3035A-9999A-9999C-9999CS-9999E,WA007,300925062
62,2755.75,1,310726,1022507059,101,WA003,3007S-3025S-3033A-3035A-9999A-9999C-9999CS-9999E,WA007,300925063
62,2755.75,1,310726,1022507059,101,WA003,3007S-3025S-3033A-3035A-9999A-9999C-9999CS-9999E,WA007,300925064
62,2755.75,1,310726,1022507059,101,WA003,3007S-3025S-3033A-3035A-9999A-9999C-9999CS-9999E,WA007,300925096
62,2755.75,1,310726,1022507059,101,WA003,3007S-3025S-3033A-3035A-9999A-9999C-9999CS-9999E,WA007,300925097
62,2755.75,1,310726,1022507059,101,WA003,3007S-3025S-3033A-3035A-9999A-9999C-9999CS-9999E,WA007,300925098
62,2755.75,1,310726,1022507059,101,WA003,3007S-3025S-3033A-3035A-9999A-9999C-9999CS-9999E,WA007,300925099
62,2755.75,1,310726,1022507060,101,WA003,3007S-3025S-3033A-3035A-9999A-9999C-9999CS-9999E,WA007,300925160
62,2755.75,1,310726,1022507060,101,WA003,3007S-3025S-3033A-3035A-9999A-9999C-9999CS-9999E,WA007,300925161
62,2755.75,1,310726,1022507060,101,WA003,3007S-3025S-3033A-3035A-9999A-9999C-9999CS-9999E,WA007,300925162
62,2755.75,1,310726,1022507060,101,WA003,3007S-3025S-3033A-3035A-9999A-9999C-9999CS-9999E,WA007,300925163
62,2755.75,1,310726,1022507060,101,WA003,3007S-3025S-3033A-3035A-9999A-9999C-9999CS-9999E,WA007,300925164
62,2755.75,1,310726,1022507060,101,WA003,3007S-3025S-3033A-3035A-9999A-9999C-9999CS-9999E,WA007,300925165
62,2755.75,1,310726,1022507060,101,WA003,3007S-3025S-3033A-3035A-9999A-9999C-9999CS-9999E,WA007,300925167
62,2755.75,1,310726,1022507060,101,WA003,3007S-3025S-3033A-3035A-9999A-9999C-9999CS-9999E,WA007,300925168
62,2755.75,1,310726,1022507061,101,WA003,3007S-3025S-3033A-3035A-9999A-9999C-9999CS-9999E,WA007,300925189
62,2755.75,1,310726,1022507061,101,WA003,3007S-3025S-3033A-3035A-9999A-9999C-9999CS-9999E,WA007,300925190
62,2755.75,1,310726,1022507061,101,WA003,3007S-3025S-3033A-3035A-9999A-9999C-9999CS-9999E,WA007,300925305
62,2755.75,1,310726,1022507061,101,WA003,3007S-3025S-3033A-3035A-9999A-9999C-9999CS-9999E,WA007,300925306
62,2755.75,1,310726,1022507061,101,WA003,3007S-3025S-3033A-3035A-9999A-9999C-9999CS-9999E,WA007,300925307
62,2755.75,1,310726,1022507061,101,WA003,3007S-3025S-3033A-3035A-9999A-9999C-9999CS-9999E,WA007,300925308
62,2755.75,1,310726,1022507061,101,WA003,3007S-3025S-3033A-3035A-9999A-9999C-9999CS-9999E,WA007,300925310
62,2755.75,1,310726,1022507061,101,WA003,3007S-3025S-3033A-3035A-9999A-9999C-9999CS-9999E,WA007,300925311
63,2755.75,1,310015,1052506901,101,ID002,3117A-3123A-9999A-9999E,MEX002,300921234
63,2755.75,1,310015,1052506901,101,ID002,3117A-3123A-9999A-9999E,MEX002,300921235
63,2755.75,1,310015,1052506901,101,ID002,3117A-3123A-9999A-9999E,MEX002,300921236
63,2755.75,1,310015,1052506901,101,ID002,3117A-3123A-9999A-9999E,MEX002,300921237
63,2755.75,1,310015,1052506901,101,ID002,3117A-3123A-9999A-9999E,MEX002,300921289
63,2755.75,1,310015,1052506901,101,ID002,3117A-3123A-9999A-9999E,MEX002,300921290
63,2755.75,1,310015,1052506901,101,ID002,3117A-3123A-9999A-9999E,MEX002,300921291
63,2755.75,1,310015,1052506901,101,ID002,3117A-3123A-9999A-9999E,MEX002,300921292
63,2755.75,1,310015,1052506902,101,ID002,3117A-3123A-3123A-9999A-9999E,MEX002,300921307
63,2755.75,1,310015,1052506902,101,ID002,3117A-3123A-3123A-9999A-9999E,MEX002,300921308
63,2755.75,1,310015,1052506902,101,ID002,3117A-3123A-3123A-9999A-9999E,MEX002,300921309
63,1653.45,1,310015,1052506903,101,ID002,9999A-9999E,ID010,300923233
63,2755.75,1,310015,1052506903,101,ID002,9999A-9999E,MEX002,300921382
63,2755.75,1,310015,1052506903,101,ID002,9999A-9999E,MEX002,300921383
63,2755.75,1,310015,1052506903,101,ID002,9999A-9999E,MEX002,300921391
63,2755.75,1,310726,1022506952,101,WA003,3007S-3025S-3033A-3035A-9999A-9999C-9999CS-9999E,WA007,300922563
63,2755.75,1,310726,1022506952,101,WA003,3007S-3025S-3033A-3035A-9999A-9999C-9999CS-9999E,WA007,300922566
63,2755.75,1,310726,1022506952,101,WA003,3007S-3025S-3033A-3035A-9999A-9999C-9999CS-9999E,WA007,300922569
63,2755.75,1,310726,1022506952,101,WA003,3007S-3025S-3033A-3035A-9999A-9999C-9999CS-9999E,WA007,300922570
63,2755.75,1,310726,1022506952,101,WA003,3007S-3025S-3033A-3035A-9999A-9999C-9999CS-9999E,WA007,300922586
63,2755.75,1,310726,1022506952,101,WA003,3007S-3025S-3033A-3035A-9999A-9999C-9999CS-9999E,WA007,300922587
63,2755.75,1,310726,1022506952,101,WA003,3007S-3025S-3033A-3035A-9999A-9999C-9999CS-9999E,WA007,300922588
63,2755.75,1,310726,1022506952,101,WA003,3007S-3025S-3033A-3035A-9999A-9999C-9999CS-9999E,WA007,300922589
63,2755.75,1,310726,1022506953,101,WA003,3007S-3025S-3033A-3035A-9999A-9999C-9999CS-9999E,WA007,300922614
63,2755.75,1,310726,1022506953,101,WA003,3007S-3025S-3033A-3035A-9999A-9999C-9999CS-9999E,WA007,300922615
63,2755.75,1,310726,1022506953,101,WA003,3007S-3025S-3033A-3035A-9999A-9999C-9999CS-9999E,WA007,300922616
63,2755.75,1,310726,1022506953,101,WA003,3007S-3025S-3033A-3035A-9999A-9999C-9999CS-9999E,WA007,300922617
63,2755.75,1,310726,1022506953,101,WA003,3007S-3025S-3033A-3035A-9999A-9999C-9999CS-9999E,WA007,300922690
63,2755.75,1,310726,1022506953,101,WA003,3007S-3025S-3033A-3035A-9999A-9999C-9999CS-9999E,WA007,300922691
63,2755.75,1,310726,1022506953,101,WA003,3007S-3025S-3033A-3035A-9999A-9999C-9999CS-9999E,WA007,300922692
63,2755.75,1,310726,1022506953,101,WA003,3007S-3025S-3033A-3035A-9999A-9999C-9999CS-9999E,WA007,300922693
63,2755.75,1,310726,1022506954,101,WA003,3007S-3025S-3033A-3035A-9999A-9999C-9999CS-9999E,WA007,300922703
63,2755.75,1,310726,1022506954,101,WA003,3007S-3025S-3033A-3035A-9999A-9999C-9999CS-9999E,WA007,300922704
63,2755.75,1,310726,1022506954,101,WA003,3007S-3025S-3033A-3035A-9999A-9999C-9999CS-9999E,WA007,300922705
63,2755.75,1,310726,1022506954,101,WA003,3007S-3025S-3033A-3035A-9999A-9999C-9999CS-9999E,WA007,300922706
63,2755.75,1,310726,1022506954,101,WA003,3007S-3025S-3033A-3035A-9999A-9999C-9999CS-9999E,WA007,300922737
63,2755.75,1,310726,1022506954,101,WA003,3007S-3025S-3033A-3035A-9999A-9999C-9999CS-9999E,WA007,300922738
63,2755.75,1,310726,1022506954,101,WA003,3007S-3025S-3033A-3035A-9999A-9999C-9999CS-9999E,WA007,300922739
63,2755.75,1,310726,1022506954,101,WA003,3007S-3025S-3033A-3035A-9999A-9999C-9999CS-9999E,WA007,300922740
63,2755.75,1,310726,1022506955,101,WA003,3007S-3025S-3033A-3035A-9999A-9999C-9999CS-9999E,WA007,300922870
63,2755.75,1,310726,1022506955,101,WA003,3007S-3025S-3033A-3035A-9999A-9999C-9999CS-9999E,WA007,300922871
63,2755.75,1,310726,1022506955,101,WA003,3007S-3025S-3033A-3035A-9999A-9999C-9999CS-9999E,WA007,300922872
63,2755.75,1,310726,1022506955,101,WA003,3007S-3025S-3033A-3035A-9999A-9999C-9999CS-9999E,WA007,300922873
63,2755.75,1,310726,1022506955,101,WA003,3007S-3025S-3033A-3035A-9999A-9999C-9999CS-9999E,WA007,300922913
63,2755.75,1,310726,1022506955,101,WA003,3007S-3025S-3033A-3035A-9999A-9999C-9999CS-9999E,WA007,300922914
63,2755.75,1,310726,1022506955,101,WA003,3007S-3025S-3033A-3035A-9999A-9999C-9999CS-9999E,WA007,300922915
63,2755.75,1,310726,1022506955,101,WA003,3007S-3025S-3033A-3035A-9999A-9999C-9999CS-9999E,WA007,300922916
63,2755.75,1,310726,1022506956,101,WA003,3007S-3025S-3033A-3035A-9999A-9999C-9999CS-9999E,WA007,300922919
63,2755.75,1,310726,1022506956,101,WA003,3007S-3025S-3033A-3035A-9999A-9999C-9999CS-9999E,WA007,300922920
63,2755.75,1,310726,1022506956,101,WA003,3007S-3025S-3033A-3035A-9999A-9999C-9999CS-9999E,WA007,300922921
63,2755.75,1,310726,1022506956,101,WA003,3007S-3025S-3033A-3035A-9999A-9999C-9999CS-9999E,WA007,300923031
63,2755.75,1,310726,1022506956,101,WA003,3007S-3025S-3033A-3035A-9999A-9999C-9999CS-9999E,WA007,300923032
63,2755.75,1,310726,1022506956,101,WA003,3007S-3025S-3033A-3035A-9999A-9999C-9999CS-9999E,WA007,300923033
63,2755.75,1,310726,1022506956,101,WA003,3007S-3025S-3033A-3035A-9999A-9999C-9999CS-9999E,WA007,300923034
63,2755.75,1,310726,1022506956,101,WA003,3007S-3025S-3033A-3035A-9999A-9999C-9999CS-9999E,WA007,300923036
63,2755.75,1,310726,1022506957,101,WA003,3007S-3025S-3033A-3035A-9999A-9999C-9999CS-9999E,WA007,300923041
63,2755.75,1,310726,1022506957,101,WA003,3007S-3025S-3033A-3035A-9999A-9999C-9999CS-9999E,WA007,300923042
63,2755.75,1,310726,1022506957,101,WA003,3007S-3025S-3033A-3035A-9999A-9999C-9999CS-9999E,WA007,300923069
63,2755.75,1,310726,1022506957,101,WA003,3007S-3025S-3033A-3035A-9999A-9999C-9999CS-9999E,WA007,300923070
63,2755.75,1,310726,1022506957,101,WA003,3007S-3025S-3033A-3035A-9999A-9999C-9999CS-9999E,WA007,300923184
63,2755.75,1,310726,1022506957,101,WA003,3007S-3025S-3033A-3035A-9999A-9999C-9999CS-9999E,WA007,300923186
63,2755.75,1,310726,1022506957,101,WA003,3007S-3025S-3033A-3035A-9999A-9999C-9999CS-9999E,WA007,300923187
63,2755.75,1,310726,1022506957,101,WA003,3007S-3025S-3033A-3035A-9999A-9999C-9999CS-9999E,WA007,300923188
63,2755.75,1,310726,1022506958,101,WA003,3007S-3025S-3033A-3035A-9999A-9999C-9999CS-9999E,WA007,300923209
63,2755.75,1,310726,1022506958,101,WA003,3007S-3025S-3033A-3035A-9999A-9999C-9999CS-9999E,WA007,300923210
63,2755.75,1,310726,1022506958,101,WA003,3007S-3025S-3033A-3035A-9999A-9999C-9999CS-9999E,WA007,300923211
63,2755.75,1,310726,1022506958,101,WA003,3007S-3025S-3033A-3035A-9999A-9999C-9999CS-9999E,WA007,300923212
63,2755.75,1,310726,1022506958,101,WA003,3007S-3025S-3033A-3035A-9999A-9999C-9999CS-9999E,WA007,300923236
63,2755.75,1,310726,1022506958,101,WA003,3007S-3025S-3033A-3035A-9999A-9999C-9999CS-9999E,WA007,300923237
63,2755.75,1,310726,1022506958,101,WA003,3007S-3025S-3033A-3035A-9999A-9999C-9999CS-9999E,WA007,300923239
63,2755.75,1,310726,1022506958,101,WA003,3007S-3025S-3033A-3035A-9999A-9999C-9999CS-9999E,WA007,300923267
63,2755.75,1,310726,1022506959,101,WA003,3007S-3025S-3033A-3035A-9999A-9999C-9999CS-9999E,WA007,300923280
63,2755.75,1,310726,1022506959,101,WA003,3007S-3025S-3033A-3035A-9999A-9999C-9999CS-9999E,WA007,300923281
63,2755.75,1,310726,1022506959,101,WA003,3007S-3025S-3033A-3035A-9999A-9999C-9999CS-9999E,WA007,300923282
63,2755.75,1,310726,1022506959,101,WA003,3007S-3025S-3033A-3035A-9999A-9999C-9999CS-9999E,WA007,300923283
63,2755.75,1,310726,1022506959,101,WA003,3007S-3025S-3033A-3035A-9999A-9999C-9999CS-9999E,WA007,300923297
63,2755.75,1,310726,1022506959,101,WA003,3007S-3025S-3033A-3035A-9999A-9999C-9999CS-9999E,WA007,300923298
63,2755.75,1,310726,1022506959,101,WA003,3007S-3025S-3033A-3035A-9999A-9999C-9999CS-9999E,WA007,300923299
63,2755.75,1,310726,1022506959,101,WA003,3007S-3025S-3033A-3035A-9999A-9999C-9999CS-9999E,WA007,300923313
63,2755.75,1,310726,1022506960,101,WA003,3007S-3025S-3033A-3035A-9999A-9999C-9999CS-9999E,WA007,300923314
63,2755.75,1,310726,1022506960,101,WA003,3007S-3025S-3033A-3035A-9999A-9999C-9999CS-9999E,WA007,300923315
63,2755.75,1,310726,1022506960,101,WA003,3007S-3025S-3033A-3035A-9999A-9999C-9999CS-9999E,WA007,300923357
63,2755.75,1,310726,1022506960,101,WA003,3007S-3025S-3033A-3035A-9999A-9999C-9999CS-9999E,WA007,300923358
63,2755.75,1,310726,1022506960,101,WA003,3007S-3025S-3033A-3035A-9999A-9999C-9999CS-9999E,WA007,300923376
63,2755.75,1,310726,1022506960,101,WA003,3007S-3025S-3033A-3035A-9999A-9999C-9999CS-9999E,WA007,300923377
63,2755.75,1,310726,1022506960,101,WA003,3007S-3025S-3033A-3035A-9999A-9999C-9999CS-9999E,WA007,300923380
63,2755.75,1,310726,1022506960,101,WA003,3007S-3025S-3033A-3035A-9999A-9999C-9999CS-9999E,WA007,300923382
63,2755.75,1,310726,1022506964,101,WA003,3007S-3025S-3033A-3035A-9999A-9999C-9999CS-9999E,WA007,300923671
63,2755.75,1,310726,1022506964,101,WA003,3007S-3025S-3033A-3035A-9999A-9999C-9999CS-9999E,WA007,300923676
63,2755.75,1,310726,1022506964,101,WA003,3007S-3025S-3033A-3035A-9999A-9999C-9999CS-9999E,WA007,300923678
63,2755.75,1,310726,1022506964,101,WA003,3007S-3025S-3033A-3035A-9999A-9999C-9999CS-9999E,WA007,300923693
63,826.725,0,310726,1022506964,101,WA003,3007S-3025S-3033A-3035A-9999A-9999C-9999CS-9999E,WA007,300923694
63,2755.75,1,310726,1022506964,101,WA003,3007S-3025S-3033A-3035A-9999A-9999C-9999CS-9999E,WA007,300923819
63,2755.75,1,310726,1022506964,101,WA003,3007S-3025S-3033A-3035A-9999A-9999C-9999CS-9999E,WA007,300923821
63,2755.75,1,310726,1022506964,101,WA003,3007S-3025S-3033A-3035A-9999A-9999C-9999CS-9999E,WA007,300923822
64,2755.75,1,310015,1052506801,101,ID002,3117A-3123A-9999A,MEX002,300920305
64,2755.75,1,310015,1052506801,101,ID002,3117A-3123A-9999A,MEX002,300920306
64,2755.75,1,310015,1052506801,101,ID002,3117A-3123A-9999A,MEX002,300920307
64,2755.75,1,310015,1052506801,101,ID002,3117A-3123A-9999A,MEX002,300920308
64,2755.75,1,310015,1052506801,101,ID002,3117A-3123A-9999A,MEX002,300920309
64,2755.75,1,310015,1052506801,101,ID002,3117A-3123A-9999A,MEX002,300920310
64,2755.75,1,310015,1052506801,101,ID002,3117A-3123A-9999A,MEX002,300920311
64,2755.75,1,310015,1052506801,101,ID002,3117A-3123A-9999A,MEX002,300920313
64,2755.75,1,310015,1052506802,101,ID002,3117A-3123A-9999A,MEX002,300920347
64,2755.75,1,310015,1052506802,101,ID002,3117A-3123A-9999A,MEX002,300920348
64,2755.75,1,310015,1052506802,101,ID002,3117A-3123A-9999A,MEX002,300920349
64,2755.75,1,310015,1052506806,101,ID002,3117A-3123A-9999A-9999E,MEX002,300920970
64,2755.75,1,310015,1052506806,101,ID002,3117A-3123A-9999A-9999E,MEX002,300920972
64,2755.75,1,310015,1052506806,101,ID002,3117A-3123A-9999A-9999E,MEX002,300920974
64,2755.75,1,310015,1052506806,101,ID002,3117A-3123A-9999A-9999E,MEX002,300920988
64,2755.75,1,310015,1052506806,101,ID002,3117A-3123A-9999A-9999E,MEX002,300920989
64,2755.75,1,310015,1052506807,101,ID002,3117A-3123A-9999A-9999E,MEX002,300921023
64,2755.75,1,310015,1052506807,101,ID002,3117A-3123A-9999A-9999E,MEX002,300921024
64,2755.75,1,310015,1052506807,101,ID002,3117A-3123A-9999A-9999E,MEX002,300921025
64,2755.75,1,310015,1052506807,101,ID002,3117A-3123A-9999A-9999E,MEX002,300921026
64,2755.75,1,310015,1052506807,101,ID002,3117A-3123A-9999A-9999E,MEX002,300921028
64,2755.75,1,310015,1052506807,101,ID002,3117A-3123A-9999A-9999E,MEX002,300921029
64,2755.75,1,310015,1052506807,101,ID002,3117A-3123A-9999A-9999E,MEX002,300921054
64,2755.75,1,310015,1052506807,101,ID002,3117A-3123A-9999A-9999E,MEX002,300921055
64,2755.75,1,310015,1052506808,101,ID002,3117A-3123A-9999A-9999E,MEX002,300921056
64,2755.75,1,310015,1052506808,101,ID002,3117A-3123A-9999A-9999E,MEX002,300921057
64,2755.75,1,310015,1052506808,101,ID002,3117A-3123A-9999A-9999E,MEX002,300921090
64,2755.75,1,310015,1052506808,101,ID002,3117A-3123A-9999A-9999E,MEX002,300921091
64,2755.75,1,310015,1052506808,101,ID002,3117A-3123A-9999A-9999E,MEX002,300921092
64,2755.75,1,310015,1052506808,101,ID002,3117A-3123A-9999A-9999E,MEX002,300921093
64,2755.75,1,310015,1052506808,101,ID002,3117A-3123A-9999A-9999E,MEX002,300921120
64,2755.75,1,310015,1052506808,101,ID002,3117A-3123A-9999A-9999E,MEX002,300921121
64,2755.75,1,310015,1052506809,101,ID002,3117A-3123A-9999A-9999E,MEX002,300921154
64,2755.75,1,310015,1052506809,101,ID002,3117A-3123A-9999A-9999E,MEX002,300921155
64,2755.75,1,310015,1052506809,101,ID002,3117A-3123A-9999A-9999E,MEX002,300921156
64,2755.75,1,310015,1052506809,101,ID002,3117A-3123A-9999A-9999E,MEX002,300921157
64,2755.75,1,310015,1052506809,101,ID002,3117A-3123A-9999A-9999E,MEX002,300921158
64,2755.75,1,310015,1052506809,101,ID002,3117A-3123A-9999A-9999E,MEX002,300921159
64,2755.75,1,310015,1052506809,101,ID002,3117A-3123A-9999A-9999E,MEX002,300921160
64,2755.75,1,310015,1052506809,101,ID002,3117A-3123A-9999A-9999E,MEX002,300921162
64,2755.75,1,310015,1052506810,101,ID002,3117A-3123A-9999A-9999E,MEX002,300921176
64,2755.75,1,310015,1052506810,101,ID002,3117A-3123A-9999A-9999E,MEX002,300921177
64,2755.75,1,310015,1052506810,101,ID002,3117A-3123A-9999A-9999E,MEX002,300921178
64,2755.75,1,310015,1052506810,101,ID002,3117A-3123A-9999A-9999E,MEX002,300921179
64,2755.75,1,310015,1052506810,101,ID002,3117A-3123A-9999A-9999E,MEX002,300921218
64,2755.75,1,310015,1052506810,101,ID002,3117A-3123A-9999A-9999E,MEX002,300921219
64,2755.75,1,310015,1052506810,101,ID002,3117A-3123A-9999A-9999E,MEX002,300921220
64,2755.75,1,310015,1052506810,101,ID002,3117A-3123A-9999A-9999E,MEX002,300921221
64,2755.75,1,310726,1022506852,101,WA003,3007S-3025S-3033A-3035A-9999A-9999C-9999CS-9999E,WA007,300921010
64,2755.75,1,310726,1022506853,101,WA003,3007S-3025S-3033A-3035A-9999A-9999C-9999CS-9999E,WA007,300921058
64,2755.75,1,310726,1022506853,101,WA003,3007S-3025S-3033A-3035A-9999A-9999C-9999CS-9999E,WA007,300921059
64,2755.75,1,310726,1022506853,101,WA003,3007S-3025S-3033A-3035A-9999A-9999C-9999CS-9999E,WA007,300921060
64,2755.75,1,310726,1022506853,101,WA003,3007S-3025S-3033A-3035A-9999A-9999C-9999CS-9999E,WA007,300921062
64,2755.75,1,310726,1022506853,101,WA003,3007S-3025S-3033A-3035A-9999A-9999C-9999CS-9999E,WA007,300921063
64,2755.75,1,310726,1022506853,101,WA003,3007S-3025S-3033A-3035A-9999A-9999C-9999CS-9999E,WA007,300921076
64,2755.75,1,310726,1022506853,101,WA003,3007S-3025S-3033A-3035A-9999A-9999C-9999CS-9999E,WA007,300921077
64,2755.75,1,310726,1022506853,101,WA003,3007S-3025S-3033A-3035A-9999A-9999C-9999CS-9999E,WA007,300921078
64,2755.75,1,310726,1022506854,101,WA003,3007S-3025S-3033A-3035A-9999A-9999C-9999CS-9999E,WA007,300921079
64,2755.75,1,310726,1022506854,101,WA003,3007S-3025S-3033A-3035A-9999A-9999C-9999CS-9999E,WA007,300921080
64,2755.75,1,310726,1022506854,101,WA003,3007S-3025S-3033A-3035A-9999A-9999C-9999CS-9999E,WA007,300921081
64,2755.75,1,310726,1022506854,101,WA003,3007S-3025S-3033A-3035A-9999A-9999C-9999CS-9999E,WA007,300921082
64,2755.75,1,310726,1022506854,101,WA003,3007S-3025S-3033A-3035A-9999A-9999C-9999CS-9999E,WA007,300921083
64,2755.75,1,310726,1022506854,101,WA003,3007S-3025S-3033A-3035A-9999A-9999C-9999CS-9999E,WA007,300921103
64,2755.75,1,310726,1022506854,101,WA003,3007S-3025S-3033A-3035A-9999A-9999C-9999CS-9999E,WA007,300921104
64,2755.75,1,310726,1022506854,101,WA003,3007S-3025S-3033A-3035A-9999A-9999C-9999CS-9999E,WA007,300921105
64,2755.75,1,310726,1022506855,101,WA003,3007S-3025S-3033A-3035A-9999A-9999C-9999CS-9999E,WA007,300921106
64,2755.75,1,310726,1022506855,101,WA003,3007S-3025S-3033A-3035A-9999A-9999C-9999CS-9999E,WA007,300921107
64,2755.75,1,310726,1022506855,101,WA003,3007S-3025S-3033A-3035A-9999A-9999C-9999CS-9999E,WA007,300921108
64,2755.75,1,310726,1022506855,101,WA003,3007S-3025S-3033A-3035A-9999A-9999C-9999CS-9999E,WA007,300921109
64,2755.75,1,310726,1022506855,101,WA003,3007S-3025S-3033A-3035A-9999A-9999C-9999CS-9999E,WA007,300921187
64,2755.75,1,310726,1022506855,101,WA003,3007S-3025S-3033A-3035A-9999A-9999C-9999CS-9999E,WA007,300921188
64,2755.75,1,310726,1022506855,101,WA003,3007S-3025S-3033A-3035A-9999A-9999C-9999CS-9999E,WA007,300921189
64,2755.75,1,310726,1022506855,101,WA003,3007S-3025S-3033A-3035A-9999A-9999C-9999CS-9999E,WA007,300921190
64,2755.75,1,310726,1022506856,101,WA003,3007S-3025S-3033A-3035A-9999A-9999C-9999CS-9999E,WA007,300921229
64,2755.75,1,310726,1022506856,101,WA003,3007S-3025S-3033A-3035A-9999A-9999C-9999CS-9999E,WA007,300921230
64,2755.75,1,310726,1022506856,101,WA003,3007S-3025S-3033A-3035A-9999A-9999C-9999CS-9999E,WA007,300921231
64,2755.75,1,310726,1022506856,101,WA003,3007S-3025S-3033A-3035A-9999A-9999C-9999CS-9999E,WA007,300921375
64,2755.75,1,310726,1022506856,101,WA003,3007S-3025S-3033A-3035A-9999A-9999C-9999CS-9999E,WA007,300921376
64,2755.75,1,310726,1022506856,101,WA003,3007S-3025S-3033A-3035A-9999A-9999C-9999CS-9999E,WA007,300921377
64,2755.75,1,310726,1022506856,101,WA003,3007S-3025S-3033A-3035A-9999A-9999C-9999CS-9999E,WA007,300921378
64,2755.75,1,310726,1022506856,101,WA003,3007S-3025S-3033A-3035A-9999A-9999C-9999CS-9999E,WA007,300921425
64,2755.75,1,310726,1022506857,101,WA003,3007S-3025S-3033A-3035A-9999A-9999C-9999CS-9999E,WA007,300921426
64,2755.75,1,310726,1022506857,101,WA003,3007S-3025S-3033A-3035A-9999A-9999C-9999CS-9999E,WA007,300921427
64,2755.75,1,310726,1022506857,101,WA003,3007S-3025S-3033A-3035A-9999A-9999C-9999CS-9999E,WA007,300921428
64,2755.75,1,310726,1022506857,101,WA003,3007S-3025S-3033A-3035A-9999A-9999C-9999CS-9999E,WA007,300921430
64,2755.75,1,310726,1022506857,101,WA003,3007S-3025S-3033A-3035A-9999A-9999C-9999CS-9999E,WA007,300921431
64,2755.75,1,310726,1022506857,101,WA003,3007S-3025S-3033A-3035A-9999A-9999C-9999CS-9999E,WA007,300921432
64,2755.75,1,310726,1022506857,101,WA003,3007S-3025S-3033A-3035A-9999A-9999C-9999CS-9999E,WA007,300921481
64,2755.75,1,310726,1022506857,101,WA003,3007S-3025S-3033A-3035A-9999A-9999C-9999CS-9999E,WA007,300921482
64,2755.75,1,310726,1022506858,101,WA003,3007S-3025S-3033A-3035A-9999A-9999C-9999CS-9999E,WA007,300921528
64,2755.75,1,310726,1022506858,101,WA003,3007S-3025S-3033A-3035A-9999A-9999C-9999CS-9999E,WA007,300921529
64,2755.75,1,310726,1022506858,101,WA003,3007S-3025S-3033A-3035A-9999A-9999C-9999CS-9999E,WA007,300921530
64,2755.75,1,310726,1022506858,101,WA003,3007S-3025S-3033A-3035A-9999A-9999C-9999CS-9999E,WA007,300921531
64,2755.75,1,310726,1022506858,101,WA003,3007S-3025S-3033A-3035A-9999A-9999C-9999CS-9999E,WA007,300921640
64,2755.75,1,310726,1022506858,101,WA003,3007S-3025S-3033A-3035A-9999A-9999C-9999CS-9999E,WA007,300921664
64,2755.75,1,310726,1022506858,101,WA003,3007S-3025S-3033A-3035A-9999A-9999C-9999CS-9999E,WA007,300921665
64,2755.75,1,310726,1022506858,101,WA003,3007S-3025S-3033A-3035A-9999A-9999C-9999CS-9999E,WA007,300921666
64,2755.75,1,310726,1022506859,101,WA003,3007S-3025S-3033A-3035A-9999A-9999C-9999CS-9999E,WA007,300921678
64,2755.75,1,310726,1022506859,101,WA003,3007S-3025S-3033A-3035A-9999A-9999C-9999CS-9999E,WA007,300921679
64,2755.75,1,310726,1022506859,101,WA003,3007S-3025S-3033A-3035A-9999A-9999C-9999CS-9999E,WA007,300921680
64,2755.75,1,310726,1022506859,101,WA003,3007S-3025S-3033A-3035A-9999A-9999C-9999CS-9999E,WA007,300921681
64,2755.75,1,310726,1022506859,101,WA003,3007S-3025S-3033A-3035A-9999A-9999C-9999CS-9999E,WA007,300921689
64,2755.75,1,310726,1022506859,101,WA003,3007S-3025S-3033A-3035A-9999A-9999C-9999CS-9999E,WA007,300921690
64,2755.75,1,310726,1022506859,101,WA003,3007S-3025S-3033A-3035A-9999A-9999C-9999CS-9999E,WA007,300921732
64,2755.75,1,310726,1022506859,101,WA003,3007S-3025S-3033A-3035A-9999A-9999C-9999CS-9999E,WA007,300921733
64,2755.75,1,310726,1022506860,101,WA003,3007S-3025S-3033A-3035A-9999A-9999C-9999CS-9999E,WA007,300921758
64,2755.75,1,310726,1022506860,101,WA003,3007S-3025S-3033A-3035A-9999A-9999C-9999CS-9999E,WA007,300921759
64,2755.75,1,310726,1022506860,101,WA003,3007S-3025S-3033A-3035A-9999A-9999C-9999CS-9999E,WA007,300921760
64,2755.75,1,310726,1022506860,101,WA003,3007S-3025S-3033A-3035A-9999A-9999C-9999CS-9999E,WA007,300921761
64,2755.75,1,310726,1022506860,101,WA003,3007S-3025S-3033A-3035A-9999A-9999C-9999CS-9999E,WA007,300921775
64,2755.75,1,310726,1022506860,101,WA003,3007S-3025S-3033A-3035A-9999A-9999C-9999CS-9999E,WA007,300921776
64,2755.75,1,310726,1022506860,101,WA003,3007S-3025S-3033A-3035A-9999A-9999C-9999CS-9999E,WA007,300921783
64,2755.75,1,310726,1022506860,101,WA003,3007S-3025S-3033A-3035A-9999A-9999C-9999CS-9999E,WA007,300921796
64,2755.75,1,310726,1022506861,101,WA003,3025S-3033A-3035A-9999A-9999C-9999CS-9999E,WA007,300921797
64,2755.75,1,310726,1022506861,101,WA003,3025S-3033A-3035A-9999A-9999C-9999CS-9999E,WA007,300921885
64,2755.75,1,310726,1022506861,101,WA003,3025S-3033A-3035A-9999A-9999C-9999CS-9999E,WA007,300921898
64,2755.75,1,310726,1022506861,101,WA003,3025S-3033A-3035A-9999A-9999C-9999CS-9999E,WA007,300921899
64,2755.75,1,310726,1022506861,101,WA003,3025S-3033A-3035A-9999A-9999C-9999CS-9999E,WA007,300921927
64,2755.75,1,310726,1022506861,101,WA003,3025S-3033A-3035A-9999A-9999C-9999CS-9999E,WA007,300921928
64,2755.75,1,310726,1022506861,101,WA003,3025S-3033A-3035A-9999A-9999C-9999CS-9999E,WA007,300921929
64,2755.75,1,310726,1022506861,101,WA003,3025S-3033A-3035A-9999A-9999C-9999CS-9999E,WA007,300921933
64,2755.75,1,310726,1022506862,101,WA003,3025S-3033A-3035A-9999A-9999C-9999CS-9999E,WA007,300921947
64,2755.75,1,310726,1022506862,101,WA003,3025S-3033A-3035A-9999A-9999C-9999CS-9999E,WA007,300921949
64,2755.75,1,310726,1022506862,101,WA003,3025S-3033A-3035A-9999A-9999C-9999CS-9999E,WA007,300921975
64,2755.75,1,310726,1022506862,101,WA003,3025S-3033A-3035A-9999A-9999C-9999CS-9999E,WA007,300921976
64,2755.75,1,310726,1022506862,101,WA003,3025S-3033A-3035A-9999A-9999C-9999CS-9999E,WA007,300921977
64,2755.75,1,310726,1022506862,101,WA003,3025S-3033A-3035A-9999A-9999C-9999CS-9999E,WA007,300922004
64,2755.75,1,310726,1022506862,101,WA003,3025S-3033A-3035A-9999A-9999C-9999CS-9999E,WA007,300922005
64,2755.75,1,310726,1022506862,101,WA003,3025S-3033A-3035A-9999A-9999C-9999CS-9999E,WA007,300922006
65,2755.75,1,310015,1002506705,101,WA001,3117A-3123A-9999A-9999E,WA001,300919769
65,2755.75,1,310015,1052506701,101,ID002,3117A-3123A-9999A,MEX002,300918862
65,2755.75,1,310015,1052506701,101,ID002,3117A-3123A-9999A,MEX002,300918864
65,2755.75,1,310015,1052506701,101,ID002,3117A-3123A-9999A,MEX002,300918923
65,2755.75,1,310015,1052506701,101,ID002,3117A-3123A-9999A,MEX002,300918924
65,2755.75,1,310015,1052506701,101,ID002,3117A-3123A-9999A,MEX002,300918925
65,2755.75,1,310015,1052506701,101,ID002,3117A-3123A-9999A,MEX002,300918926
65,2755.75,1,310015,1052506701,101,ID002,3117A-3123A-9999A,MEX002,300918927
65,2755.75,1,310015,1052506701,101,ID002,3117A-3123A-9999A,MEX002,300918930
65,2755.75,1,310015,1052506702,101,ID002,3117A-3123A-9999A,MEX002,300918948
65,2755.75,1,310015,1052506702,101,ID002,3117A-3123A-9999A,MEX002,300918949
65,2755.75,1,310015,1052506702,101,ID002,3117A-3123A-9999A,MEX002,300918950
65,2755.75,1,310015,1052506702,101,ID002,3117A-3123A-9999A,MEX002,300918951
65,2755.75,1,310015,1052506702,101,ID002,3117A-3123A-9999A,MEX002,300918980
65,2755.75,1,310015,1052506702,101,ID002,3117A-3123A-9999A,MEX002,300918981
65,2755.75,1,310015,1052506702,101,ID002,3117A-3123A-9999A,MEX002,300918982
65,2755.75,1,310015,1052506702,101,ID002,3117A-3123A-9999A,MEX002,300918983
65,2755.75,1,310015,1052506703,101,ID002,3117A-3123A-9999A,MEX002,300919109
65,2755.75,1,310015,1052506703,101,ID002,3117A-3123A-9999A,MEX002,300919110
65,2755.75,1,310015,1052506703,101,ID002,3117A-3123A-9999A,MEX002,300919111
65,2755.75,1,310015,1052506703,101,ID002,3117A-3123A-9999A,MEX002,300919112
65,2755.75,1,310015,1052506703,101,ID002,3117A-3123A-9999A,MEX002,300919113
65,2755.75,1,310015,1052506703,101,ID002,3117A-3123A-9999A,MEX002,300919114
65,2755.75,1,310015,1052506703,101,ID002,3117A-3123A-9999A,MEX002,300919115
65,2755.75,1,310015,1052506703,101,ID002,3117A-3123A-9999A,MEX002,300919116
65,2755.75,1,310015,1052506704,101,ID002,3117A-3123A-9999A,MEX002,300919139
65,2755.75,1,310015,1052506704,101,ID002,3117A-3123A-9999A,MEX002,300919140
65,2755.75,1,310015,1052506704,101,ID002,3117A-3123A-9999A,MEX002,300919141
65,2755.75,1,310015,1052506704,101,ID002,3117A-3123A-9999A,MEX002,300919144
65,2755.75,1,310015,1052506704,101,ID002,3117A-3123A-9999A,MEX002,300919145
65,2755.75,1,310015,1052506704,101,ID002,3117A-3123A-9999A,MEX002,300919255
65,2755.75,1,310015,1052506704,101,ID002,3117A-3123A-9999A,MEX002,300919256
65,2755.75,1,310015,1052506704,101,ID002,3117A-3123A-9999A,MEX002,300919257
65,2755.75,1,310015,1052506705,101,ID002,3117A-3123A-9999A,MEX002,300919270
65,2755.75,1,310015,1052506705,101,ID002,3117A-3123A-9999A,MEX002,300919271
65,2755.75,1,310015,1052506705,101,ID002,3117A-3123A-9999A,MEX002,300919272
65,2755.75,1,310015,1052506705,101,ID002,3117A-3123A-9999A,MEX002,300919273
65,2755.75,1,310015,1052506705,101,ID002,3117A-3123A-9999A,MEX002,300919280
65,2755.75,1,310015,1052506705,101,ID002,3117A-3123A-9999A,MEX002,300919281
65,2755.75,1,310015,1052506705,101,ID002,3117A-3123A-9999A,MEX002,300919282
65,2755.75,1,310015,1052506705,101,ID002,3117A-3123A-9999A,MEX002,300919283
65,2755.75,1,310015,1052506706,101,ID002,3117A-3123A-9999A,MEX002,300919307
65,2755.75,1,310015,1052506706,101,ID002,3117A-3123A-9999A,MEX002,300919308
65,2755.75,1,310015,1052506706,101,ID002,3117A-3123A-9999A,MEX002,300919309
65,2755.75,1,310015,1052506706,101,ID002,3117A-3123A-9999A,MEX002,300919310
65,2755.75,1,310015,1052506706,101,ID002,3117A-3123A-9999A,MEX002,300919325
65,2755.75,1,310015,1052506706,101,ID002,3117A-3123A-9999A,MEX002,300919326
65,2755.75,1,310015,1052506706,101,ID002,3117A-3123A-9999A,MEX002,300919327
65,2755.75,1,310015,1052506706,101,ID002,3117A-3123A-9999A,MEX002,300919328
65,2755.75,1,310015,1052506707,101,ID002,3117A-3123A-9999A,MEX002,300919349
65,2755.75,1,310015,1052506707,101,ID002,3117A-3123A-9999A,MEX002,300919350
65,2755.75,1,310015,1052506707,101,ID002,3117A-3123A-9999A,MEX002,300919351
65,2755.75,1,310015,1052506707,101,ID002,3117A-3123A-9999A,MEX002,300919353
65,2755.75,1,310015,1052506707,101,ID002,3117A-3123A-9999A,MEX002,300919395
65,2755.75,1,310015,1052506707,101,ID002,3117A-3123A-9999A,MEX002,300919396
65,2755.75,1,310015,1052506707,101,ID002,3117A-3123A-9999A,MEX002,300919397
65,2755.75,1,310015,1052506707,101,ID002,3117A-3123A-9999A,MEX002,300919398
65,2755.75,1,310015,1052506714,101,ID002,3117A-9999A,MEX002,300920053
65,2755.75,1,310015,1052506714,101,ID002,3117A-9999A,MEX002,300920054
65,2755.75,1,310015,1052506714,101,ID002,3117A-9999A,MEX002,300920055
65,2755.75,1,310015,1052506715,101,ID002,3117A-9999A,MEX002,300920141
65,2755.75,1,310015,1052506715,101,ID002,3117A-9999A,MEX002,300920142
65,2755.75,1,310015,1052506715,101,ID002,3117A-9999A,MEX002,300920143
65,2755.75,1,310015,1052506715,101,ID002,3117A-9999A,MEX002,300920144
65,2755.75,1,310015,1052506715,101,ID002,3117A-9999A,MEX002,300920145
65,2755.75,1,310015,1052506715,101,ID002,3117A-9999A,MEX002,300920146
65,2755.75,1,310015,1052506715,101,ID002,3117A-9999A,MEX002,300920147
65,2755.75,1,310015,1052506715,101,ID002,3117A-9999A,MEX002,300920148
65,2755.75,1,310015,1052506716,101,ID002,3117A-3123A-9999A,MEX002,300920188
65,2755.75,1,310015,1052506716,101,ID002,3117A-3123A-9999A,MEX002,300920189
65,2755.75,1,310015,1052506716,101,ID002,3117A-3123A-9999A,MEX002,300920190
65,2755.75,1,310015,1052506716,101,ID002,3117A-3123A-9999A,MEX002,300920191
65,2755.75,1,310015,1052506716,101,ID002,3117A-3123A-9999A,MEX002,300920192
65,2755.75,1,310015,1052506716,101,ID002,3117A-3123A-9999A,MEX002,300920193
65,2755.75,1,310015,1052506716,101,ID002,3117A-3123A-9999A,MEX002,300920194
65,2755.75,1,310015,1052506716,101,ID002,3117A-3123A-9999A,MEX002,300920195
65,2755.75,1,310015,1052506717,101,ID002,3117A-3123A-9999A,MEX002,300920255
65,2755.75,1,310015,1052506717,101,ID002,3117A-3123A-9999A,MEX002,300920256
65,2755.75,1,310015,1052506717,101,ID002,3117A-3123A-9999A,MEX002,300920257
65,2755.75,1,310015,1052506717,101,ID002,3117A-3123A-9999A,MEX002,300920258
65,2755.75,1,310015,1052506717,101,ID002,3117A-3123A-9999A,MEX002,300920259
65,2755.75,1,310015,1052506717,101,ID002,3117A-3123A-9999A,MEX002,300920260
65,2755.75,1,310015,1052506717,101,ID002,3117A-3123A-9999A,MEX002,300920261
65,2755.75,1,310015,1052506717,101,ID002,3117A-3123A-9999A,MEX002,300920262
66,2755.75,1,310015,1052506602,101,ID002,3117A-3123A-9999A,MEX002,300917652
66,2755.75,1,310015,1052506602,101,ID002,3117A-3123A-9999A,MEX002,300917653
66,165.345,0,310015,1052506602,101,ID002,3117A-3123A-9999A,TX001,300917654
66,55.115,0,310015,1052506602,101,ID002,3117A-3123A-9999A,TX001,300917655
66,55.115,0,310015,1052506603,101,ID002,3117A-3123A-9999A,TX001,300917716
66,55.115,0,310015,1052506603,101,ID002,3117A-3123A-9999A,TX001,300917717
66,110.23,0,310015,1052506603,101,ID002,3117A-3123A-9999A,TX001,300917719
66,55.115,0,310015,1052506603,101,ID002,3117A-3123A-9999A,TX001,300917720
66,55.115,0,310015,1052506603,101,ID002,3117A-3123A-9999A,TX001,300917721
66,55.115,0,310015,1052506603,101,ID002,3117A-3123A-9999A,TX001,300917722
66,110.23,0,310015,1052506604,101,ID002,3117A-3123A-9999A,TX001,300917830
66,165.345,0,310015,1052506604,101,ID002,3117A-3123A-9999A,TX001,300917831
66,55.115,0,310015,1052506604,101,ID002,3117A-3123A-9999A,TX001,300917832
66,55.115,0,310015,1052506604,101,ID002,3117A-3123A-9999A,TX001,300917835
66,55.115,0,310015,1052506604,101,ID002,3117A-3123A-9999A,TX001,300917837
66,110.23,0,310015,1052506605,101,ID002,3117A-3123A-9999A,TX001,300917949
66,55.115,0,310015,1052506605,101,ID002,3117A-3123A-9999A,TX001,300917984
66,110.23,0,310015,1052506605,101,ID002,3117A-3123A-9999A,TX001,300917985
66,55.115,0,310015,1052506606,101,ID002,3117A-3123A-9999A-9999E,TX001,300918014
66,55.115,0,310015,1052506606,101,ID002,3117A-3123A-9999A-9999E,TX001,300918027
66,496.035,0,310015,1052506606,101,ID002,3117A-3123A-9999A-9999E,TX001,300918028
66,165.345,0,310015,1052506607,101,ID002,3117A-3123A-9999A-9999E,TX001,300918063
66,275.575,0,310015,1052506609,101,ID002,3117A-3123A-9999A-9999E,TX001,300918234
66,55.115,0,310015,1052506609,101,ID002,3117A-3123A-9999A-9999E,TX001,300918308
66,55.115,0,310015,1052506609,101,ID002,3117A-3123A-9999A-9999E,TX001,300918311
66,55.115,0,310015,1052506609,101,ID002,3117A-3123A-9999A-9999E,TX001,300918313
66,110.23,0,310015,1052506610,101,ID002,3117A-3123A-9999A-9999E,TX001,300918358
66,55.115,0,310015,1052506610,101,ID002,3117A-3123A-9999A-9999E,TX001,300918390
66,55.115,0,310015,1052506610,101,ID002,3117A-3123A-9999A-9999E,TX001,300918391
66,2755.75,1,310015,1052506611,101,ID002,3117A-3123A-9999A-9999E,MEX002,300918730
66,2755.75,1,310015,1052506611,101,ID002,3117A-3123A-9999A-9999E,MEX002,300918731
66,275.575,0,310015,1052506611,101,ID002,3117A-3123A-9999A-9999E,TX001,300918411
66,110.23,0,310015,1052506611,101,ID002,3117A-3123A-9999A-9999E,TX001,300918413
66,165.345,0,310015,1052506611,101,ID002,3117A-3123A-9999A-9999E,TX001,300918728
66,110.23,0,310015,1052506611,101,ID002,3117A-3123A-9999A-9999E,TX001,300918729
66,2755.75,1,310015,1052506612,101,ID002,3117A-3123A-9999A-9999E,MEX002,300918742
66,2755.75,1,310015,1052506612,101,ID002,3117A-3123A-9999A-9999E,MEX002,300918743
66,2755.75,1,310015,1052506612,101,ID002,3117A-3123A-9999A-9999E,MEX002,300918744
66,2755.75,1,310015,1052506612,101,ID002,3117A-3123A-9999A-9999E,MEX002,300918745
66,2755.75,1,310015,1052506612,101,ID002,3117A-3123A-9999A-9999E,MEX002,300918782
66,2755.75,1,310015,1052506612,101,ID002,3117A-3123A-9999A-9999E,MEX002,300918783
66,2755.75,1,310015,1052506612,101,ID002,3117A-3123A-9999A-9999E,MEX002,300918785
66,2755.75,1,310015,1052506612,101,ID002,3117A-3123A-9999A-9999E,MEX002,300918786
66,2755.75,1,310015,1052506613,101,ID002,3117A-3123A-9999A-9999E,MEX002,300918809
66,2755.75,1,310015,1052506613,101,ID002,3117A-3123A-9999A-9999E,MEX002,300918814
66,2755.75,1,310015,1052506613,101,ID002,3117A-3123A-9999A-9999E,MEX002,300918817
66,2755.75,1,310015,1052506613,101,ID002,3117A-3123A-9999A-9999E,MEX002,300918819
66,2755.75,1,310015,1052506613,101,ID002,3117A-3123A-9999A-9999E,MEX002,300918856
66,2755.75,1,310015,1052506613,101,ID002,3117A-3123A-9999A-9999E,MEX002,300918857
66,2755.75,1,310015,1052506613,101,ID002,3117A-3123A-9999A-9999E,MEX002,300918858
66,2755.75,1,310015,1052506613,101,ID002,3117A-3123A-9999A-9999E,MEX002,300918859
67,2755.75,1,310015,1022506560,101,WA003,3117S-3123A-9999A-9999E,WA010,300918365
67,2755.75,1,310015,1022506560,101,WA003,3117S-3123A-9999A-9999E,WA010,300918374
67,2755.75,1,310015,1022506560,101,WA003,3117S-3123A-9999A-9999E,WA010,300918375
67,2755.75,1,310015,1022506560,101,WA003,3117S-3123A-9999A-9999E,WA010,300918376
67,2755.75,1,310015,1022506560,101,WA003,3117S-3123A-9999A-9999E,WA010,300918377
67,1322.76,0,310015,1022506560,101,WA003,3117S-3123A-9999A-9999E,WA010,300918446
67,2755.75,1,310015,1022506561,101,WA003,3117S-3123A-9999A-9999E,WA010,300918447
67,2755.75,1,310015,1022506561,101,WA003,3117S-3123A-9999A-9999E,WA010,300918448
67,2590.405,1,310015,1022506561,101,WA003,3117S-3123A-9999A-9999E,WA010,300918451
67,1102.3,0,310015,1052506501,101,ID002,3117A-3123A-9999A,MEX002,300916198
67,2755.75,1,310015,1052506502,101,ID002,3117A-3123A-9999A,MEX002,300916203
67,2755.75,1,310015,1052506502,101,ID002,3117A-3123A-9999A,MEX002,300916205
67,2755.75,1,310015,1052506502,101,ID002,3117A-3123A-9999A,MEX002,300916206
67,2755.75,1,310015,1052506502,101,ID002,3117A-3123A-9999A,MEX002,300916208
67,2755.75,1,310015,1052506502,101,ID002,3117A-3123A-9999A,MEX002,300916210
67,2755.75,1,310015,1052506502,101,ID002,3117A-3123A-9999A,MEX002,300916211
67,2755.75,1,310015,1052506502,101,ID002,3117A-3123A-9999A,MEX002,300916212
67,2755.75,1,310015,1052506502,101,ID002,3117A-3123A-9999A,MEX002,300916213
67,2755.75,1,310015,1052506503,101,ID002,3117A-3123A-9999A,MEX002,300916292
67,2755.75,1,310015,1052506503,101,ID002,3117A-3123A-9999A,MEX002,300916293
67,2755.75,1,310015,1052506503,101,ID002,3117A-3123A-9999A,MEX002,300916294
67,2755.75,1,310015,1052506503,101,ID002,3117A-3123A-9999A,MEX002,300916295
67,2755.75,1,310015,1052506503,101,ID002,3117A-3123A-9999A,MEX002,300916296
67,2755.75,1,310015,1052506503,101,ID002,3117A-3123A-9999A,MEX002,300916297
67,2755.75,1,310015,1052506503,101,ID002,3117A-3123A-9999A,MEX002,300916298
67,2755.75,1,310015,1052506503,101,ID002,3117A-3123A-9999A,MEX002,300916299
67,55.115,0,310015,1052506504,101,ID002,3117A-3123A-9999A,MEX002,300916386
67,165.345,0,310015,1052506505,101,ID002,3117A-3123A-9999A,MEX002,300916480
67,1929.025,1,310015,1052506506,101,ID002,3117A-3123A-9999A,MEX002,300916494
67,2755.75,1,310015,1052506506,101,ID002,3117A-3123A-9999A,MEX002,300916496
67,2755.75,1,310015,1052506506,101,ID002,3117A-3123A-9999A,MEX002,300916551
67,2755.75,1,310015,1052506506,101,ID002,3117A-3123A-9999A,MEX002,300916552
67,2755.75,1,310015,1052506506,101,ID002,3117A-3123A-9999A,MEX002,300916553
67,2755.75,1,310015,1052506506,101,ID002,3117A-3123A-9999A,MEX002,300916554
67,2755.75,1,310015,1052506507,101,ID002,3117A-3123A-9999A,MEX002,300916649
67,2700.635,1,310015,1052506507,101,ID002,3117A-3123A-9999A,MEX002,300916650
67,2755.75,1,310015,1052506507,101,ID002,3117A-3123A-9999A,MEX002,300916651
67,2755.75,1,310015,1052506507,101,ID002,3117A-3123A-9999A,MEX002,300916652
67,2755.75,1,310015,1052506507,101,ID002,3117A-3123A-9999A,MEX002,300916687
67,2755.75,1,310015,1052506507,101,ID002,3117A-3123A-9999A,MEX002,300916688
67,2755.75,1,310015,1052506507,101,ID002,3117A-3123A-9999A,MEX002,300916689
67,2755.75,1,310015,1052506507,101,ID002,3117A-3123A-9999A,MEX002,300916691
67,2755.75,1,310015,1052506508,101,ID002,3117A-3123A-9999A,MEX002,300916701
67,2755.75,1,310015,1052506508,101,ID002,3117A-3123A-9999A,MEX002,300916702
67,2755.75,1,310015,1052506508,101,ID002,3117A-3123A-9999A,MEX002,300916722
67,2755.75,1,310015,1052506508,101,ID002,3117A-3123A-9999A,MEX002,300916723
67,2755.75,1,310015,1052506508,101,ID002,3117A-3123A-9999A,MEX002,300916740
67,2755.75,1,310015,1052506508,101,ID002,3117A-3123A-9999A,MEX002,300916741
67,2755.75,1,310015,1052506508,101,ID002,3117A-3123A-9999A,MEX002,300916757
67,2755.75,1,310015,1052506508,101,ID002,3117A-3123A-9999A,MEX002,300916758
67,2755.75,1,310015,1052506509,101,ID002,3117A-3123A-9999A,MEX002,300916781
67,2755.75,1,310015,1052506509,101,ID002,3117A-3123A-9999A,MEX002,300916782
67,2755.75,1,310015,1052506509,101,ID002,3117A-3123A-9999A,MEX002,300916848
67,2755.75,1,310015,1052506509,101,ID002,3117A-3123A-9999A,MEX002,300916849
67,2755.75,1,310015,1052506509,101,ID002,3117A-3123A-9999A,MEX002,300916850
67,2755.75,1,310015,1052506509,101,ID002,3117A-3123A-9999A,MEX002,300916852
67,2755.75,1,310015,1052506509,101,ID002,3117A-3123A-9999A,MEX002,300916853
67,2755.75,1,310015,1052506509,101,ID002,3117A-3123A-9999A,MEX002,300916854
67,2755.75,1,310015,1052506510,101,ID002,3117A-3123A-9999A,MEX002,300916864
67,2755.75,1,310015,1052506510,101,ID002,3117A-3123A-9999A,MEX002,300916865
67,2755.75,1,310015,1052506510,101,ID002,3117A-3123A-9999A,MEX002,300916866
67,2755.75,1,310015,1052506510,101,ID002,3117A-3123A-9999A,MEX002,300916867
67,2755.75,1,310015,1052506510,101,ID002,3117A-3123A-9999A,MEX002,300916934
67,2755.75,1,310015,1052506510,101,ID002,3117A-3123A-9999A,MEX002,300916935
67,2755.75,1,310015,1052506510,101,ID002,3117A-3123A-9999A,MEX002,300916936
67,2755.75,1,310015,1052506510,101,ID002,3117A-3123A-9999A,MEX002,300916937
67,2755.75,1,310015,1052506511,101,ID002,3117A-3123A-9999A,MEX002,300916987
67,2755.75,1,310015,1052506511,101,ID002,3117A-3123A-9999A,MEX002,300916988
67,2755.75,1,310015,1052506511,101,ID002,3117A-3123A-9999A,MEX002,300916989
67,2755.75,1,310015,1052506511,101,ID002,3117A-3123A-9999A,MEX002,300916990
67,2755.75,1,310015,1052506511,101,ID002,3117A-3123A-9999A,MEX002,300917012
67,2755.75,1,310015,1052506511,101,ID002,3117A-3123A-9999A,MEX002,300917013
67,2755.75,1,310015,1052506511,101,ID002,3117A-3123A-9999A,MEX002,300917016
67,2755.75,1,310015,1052506511,101,ID002,3117A-3123A-9999A,MEX002,300917017
67,2755.75,1,310015,1052506512,101,ID002,3117A-3123A-9999A,MEX002,300917018
67,2755.75,1,310015,1052506512,101,ID002,3117A-3123A-9999A,MEX002,300917019
67,2755.75,1,310015,1052506512,101,ID002,3117A-3123A-9999A,MEX002,300917020
67,2755.75,1,310015,1052506512,101,ID002,3117A-3123A-9999A,MEX002,300917021
67,2755.75,1,310015,1052506512,101,ID002,3117A-3123A-9999A,MEX002,300917131
67,2755.75,1,310015,1052506512,101,ID002,3117A-3123A-9999A,MEX002,300917138
67,2755.75,1,310015,1052506512,101,ID002,3117A-3123A-9999A,MEX002,300917139
67,2755.75,1,310015,1052506512,101,ID002,3117A-3123A-9999A,MEX002,300917140
67,2755.75,1,310015,1052506513,101,ID002,3117A-3123A-9999A,MEX002,300917227
67,2755.75,1,310015,1052506513,101,ID002,3117A-3123A-9999A,MEX002,300917228
67,2755.75,1,310015,1052506513,101,ID002,3117A-3123A-9999A,MEX002,300917229
67,2755.75,1,310015,1052506513,101,ID002,3117A-3123A-9999A,MEX002,300917230
67,2755.75,1,310015,1052506513,101,ID002,3117A-3123A-9999A,MEX002,300917231
67,2755.75,1,310015,1052506513,101,ID002,3117A-3123A-9999A,MEX002,300917232
67,2755.75,1,310015,1052506513,101,ID002,3117A-3123A-9999A,MEX002,300917233
67,2755.75,1,310015,1052506513,101,ID002,3117A-3123A-9999A,MEX002,300917235
67,2755.75,1,310015,1052506514,101,ID002,3117A-3123A-9999A,MEX002,300917292
67,2755.75,1,310015,1052506514,101,ID002,3117A-3123A-9999A,MEX002,300917293
67,2755.75,1,310015,1052506514,101,ID002,3117A-3123A-9999A,MEX002,300917294
67,2755.75,1,310015,1052506514,101,ID002,3117A-3123A-9999A,MEX002,300917295
67,2755.75,1,310015,1052506514,101,ID002,3117A-3123A-9999A,MEX002,300917329
67,2755.75,1,310015,1052506514,101,ID002,3117A-3123A-9999A,MEX002,300917330
67,2755.75,1,310015,1052506514,101,ID002,3117A-3123A-9999A,MEX002,300917331
67,2755.75,1,310015,1052506514,101,ID002,3117A-3123A-9999A,MEX002,300917332
67,2755.75,1,310015,1052506515,101,ID002,3117A-3123A-9999A,MEX002,300917384
67,2755.75,1,310015,1052506515,101,ID002,3117A-3123A-9999A,MEX002,300917385
67,2755.75,1,310015,1052506515,101,ID002,3117A-3123A-9999A,MEX002,300917386
67,2755.75,1,310015,1052506515,101,ID002,3117A-3123A-9999A,MEX002,300917387
67,2755.75,1,310015,1052506515,101,ID002,3117A-3123A-9999A,MEX002,300917388
67,2755.75,1,310015,1052506515,101,ID002,3117A-3123A-9999A,MEX002,300917389
67,2755.75,1,310015,1052506515,101,ID002,3117A-3123A-9999A,MEX002,300917390
67,2755.75,1,310015,1052506515,101,ID002,3117A-3123A-9999A,MEX002,300917391
68,2755.75,1,310015,1052506406,101,ID002,3117A-3123A-9999A,TX001,300915039
68,2755.75,1,310015,1052506406,101,ID002,3117A-3123A-9999A,TX001,300915040
68,2755.75,1,310015,1052506406,101,ID002,3117A-3123A-9999A,TX001,300915041
68,2755.75,1,310015,1052506406,101,ID002,3117A-3123A-9999A,TX001,300915043
68,2700.635,1,310015,1052506406,101,ID002,3117A-3123A-9999A,TX001,300915066
68,2700.635,1,310015,1052506406,101,ID002,3117A-3123A-9999A,TX001,300915067
68,2755.75,1,310015,1052506406,101,ID002,3117A-3123A-9999A,TX001,300915068
68,2755.75,1,310015,1052506406,101,ID002,3117A-3123A-9999A,TX001,300915069
68,2755.75,1,310015,1052506407,101,ID002,3117A-3123A-9999A,TX001,300915127
68,2755.75,1,310015,1052506407,101,ID002,3117A-3123A-9999A,TX001,300915128
68,2755.75,1,310015,1052506407,101,ID002,3117A-3123A-9999A,TX001,300915129
68,2755.75,1,310015,1052506407,101,ID002,3117A-3123A-9999A,TX001,300915131
68,2755.75,1,310015,1052506407,101,ID002,3117A-3123A-9999A,TX001,300915172
68,2755.75,1,310015,1052506408,101,ID002,3117A-3123A-9999A,TX001,300915273
68,2755.75,1,310015,1052506408,101,ID002,3117A-3123A-9999A,TX001,300915274
68,2755.75,1,310015,1052506408,101,ID002,3117A-3123A-9999A,TX001,300915275
68,2755.75,1,310015,1052506408,101,ID002,3117A-3123A-9999A,TX001,300915277
68,2755.75,1,310015,1052506408,101,ID002,3117A-3123A-9999A,TX001,300915375
68,2755.75,1,310015,1052506408,101,ID002,3117A-3123A-9999A,TX001,300915377
68,2755.75,1,310015,1052506409,101,ID002,3117A-3123A-9999A,TX001,300915378
68,2755.75,1,310015,1052506409,101,ID002,3117A-3123A-9999A,TX001,300915379
68,2700.635,1,310015,1052506409,101,ID002,3117A-3123A-9999A,TX001,300915380
68,2755.75,1,310015,1052506409,101,ID002,3117A-3123A-9999A,TX001,300915381
68,2755.75,1,310015,1052506409,101,ID002,3117A-3123A-9999A,TX001,300915382
68,2755.75,1,310015,1052506409,101,ID002,3117A-3123A-9999A,TX001,300915383
68,2755.75,1,310015,1052506409,101,ID002,3117A-3123A-9999A,TX001,300915385
68,2755.75,1,310015,1052506410,101,ID002,3117A-3123A-9999A,TX001,300915479
68,2755.75,1,310015,1052506410,101,ID002,3117A-3123A-9999A,TX001,300915480
68,2755.75,1,310015,1052506410,101,ID002,3117A-3123A-9999A,TX001,300915481
68,2755.75,1,310015,1052506410,101,ID002,3117A-3123A-9999A,TX001,300915482
68,2700.635,1,310015,1052506410,101,ID002,3117A-3123A-9999A,TX001,300915537
68,2700.635,1,310015,1052506410,101,ID002,3117A-3123A-9999A,TX001,300915538
68,2755.75,1,310015,1052506410,101,ID002,3117A-3123A-9999A,TX001,300915539
68,2755.75,1,310015,1052506410,101,ID002,3117A-3123A-9999A,TX001,300915540
68,2755.75,1,310015,1052506411,101,ID002,3117A-3123A-9999A-9999E,TX001,300915571
68,2755.75,1,310015,1052506411,101,ID002,3117A-3123A-9999A-9999E,TX001,300915572
68,2755.75,1,310015,1052506411,101,ID002,3117A-3123A-9999A-9999E,TX001,300915573
68,2755.75,1,310015,1052506411,101,ID002,3117A-3123A-9999A-9999E,TX001,300915575
68,2755.75,1,310015,1052506411,101,ID002,3117A-3123A-9999A-9999E,TX001,300915637
68,2755.75,1,310015,1052506411,101,ID002,3117A-3123A-9999A-9999E,TX001,300915638
68,2755.75,1,310015,1052506411,101,ID002,3117A-3123A-9999A-9999E,TX001,300915745
68,2590.405,1,310015,1052506411,101,ID002,3117A-3123A-9999A-9999E,TX001,300915746
68,2755.75,1,310015,1052506412,101,ID002,3117A-3123A-9999A-9999E,TX001,300915747
68,2755.75,1,310015,1052506412,101,ID002,3117A-3123A-9999A-9999E,TX001,300915748
68,2755.75,1,310015,1052506412,101,ID002,3117A-3123A-9999A-9999E,TX001,300915749
68,2755.75,1,310015,1052506412,101,ID002,3117A-3123A-9999A-9999E,TX001,300915750
68,2755.75,1,310015,1052506412,101,ID002,3117A-3123A-9999A-9999E,TX001,300915798
68,2755.75,1,310015,1052506412,101,ID002,3117A-3123A-9999A-9999E,TX001,300915799
68,2700.635,1,310015,1052506412,101,ID002,3117A-3123A-9999A-9999E,TX001,300915800
68,2755.75,1,310015,1052506412,101,ID002,3117A-3123A-9999A-9999E,TX001,300915801
68,2755.75,1,310015,1052506413,101,ID002,3117A-3123A-9999A-9999E,TX001,300915823
68,2755.75,1,310015,1052506413,101,ID002,3117A-3123A-9999A-9999E,TX001,300915825
68,2755.75,1,310015,1052506413,101,ID002,3117A-3123A-9999A-9999E,TX001,300915826
68,2755.75,1,310015,1052506413,101,ID002,3117A-3123A-9999A-9999E,TX001,300915829
68,2645.52,1,310015,1052506413,101,ID002,3117A-3123A-9999A-9999E,TX001,300915845
68,2755.75,1,310015,1052506413,101,ID002,3117A-3123A-9999A-9999E,TX001,300915850
68,2755.75,1,310015,1052506413,101,ID002,3117A-3123A-9999A-9999E,TX001,300915851
68,2755.75,1,310015,1052506413,101,ID002,3117A-3123A-9999A-9999E,TX001,300915852
68,2755.75,1,310015,1052506414,101,ID002,3117A-3123A-9999A-9999E,MEX002,300916118
68,2755.75,1,310015,1052506414,101,ID002,3117A-3123A-9999A-9999E,MEX002,300916119
68,2755.75,1,310015,1052506414,101,ID002,3117A-3123A-9999A-9999E,MEX002,300916120
68,2755.75,1,310015,1052506414,101,ID002,3117A-3123A-9999A-9999E,MEX002,300916122
68,2700.635,1,310015,1052506414,101,ID002,3117A-3123A-9999A-9999E,TX001,300916116
68,2755.75,1,310015,1052506414,101,ID002,3117A-3123A-9999A-9999E,TX001,300916117
70,2755.75,1,310015,1012506206,101,WA002,3117A-3123A-9999A-9999E,WA018,300912309
70,2755.75,1,310015,1012506206,101,WA002,3117A-3123A-9999A-9999E,WA018,300912310
70,2755.75,1,310015,1012506206,101,WA002,3117A-3123A-9999A-9999E,WA018,300912371
70,2755.75,1,310015,1012506206,101,WA002,3117A-3123A-9999A-9999E,WA018,300912372
70,2755.75,1,310015,1012506206,101,WA002,3117A-3123A-9999A-9999E,WA018,300912373
70,2755.75,1,310015,1012506206,101,WA002,3117A-3123A-9999A-9999E,WA018,300912398
70,936.955,0,310015,1012506207,101,WA002,3117A-3123A-9999A-9999E,WA018,300912435
70,2755.75,1,310015,1012506207,101,WA002,3117A-3123A-9999A-9999E,WA018,300912436
70,2755.75,1,310015,1012506207,101,WA002,3117A-3123A-9999A-9999E,WA018,300912447
70,2755.75,1,310015,1012506207,101,WA002,3117A-3123A-9999A-9999E,WA018,300912485
70,2755.75,1,310015,1012506207,101,WA002,3117A-3123A-9999A-9999E,WA018,300912486
70,2755.75,1,310015,1012506207,101,WA002,3117A-3123A-9999A-9999E,WA018,300912511
70,2755.75,1,310015,1012506207,101,WA002,3117A-3123A-9999A-9999E,WA018,300912512
70,2755.75,1,310015,1012506208,101,WA002,3117A-3123A-9999A-9999E,WA018,300912513
70,2755.75,1,310015,1012506208,101,WA002,3117A-3123A-9999A-9999E,WA018,300912525
70,2061,1,310086,1052506231,101,ID002,3140A,ID010,300912841
70,2071,1,310086,1052506231,101,ID002,3140A,ID010,300912845
71,2755.75,1,310015,1052506101,101,ID002,3117A-3123A-9999A,MEX002,300910137
71,2755.75,1,310015,1052506101,101,ID002,3117A-3123A-9999A,MEX002,300910138
71,2755.75,1,310015,1052506101,101,ID002,3117A-3123A-9999A,MEX002,300910139
71,2755.75,1,310015,1052506101,101,ID002,3117A-3123A-9999A,MEX002,300910140
71,55.115,0,310726,1022506157,101,WA003,3005WGUM-3005WGUM-3007DRYGUM-3007FO,WA010,300911964
71,55.115,0,310726,1022506158,101,WA003,3007S-3025S-3033A-3035A-9999A-9999C-9999CS-9999E,WA010,300912294
71,55.115,0,310726,1022506158,101,WA003,3007S-3025S-3033A-3035A-9999A-9999C-9999CS-9999E,WA010,300912334
71,55.115,0,310726,1022506161,101,WA003,3025S-3033A-9999A-9999C-9999CS,WA010,300912556
72,2755.75,1,310015,1052506001,101,ID002,3117A-3123A-9999A,MEX002,300908390
72,2755.75,1,310015,1052506001,101,ID002,3117A-3123A-9999A,MEX002,300908391
72,2755.75,1,310015,1052506001,101,ID002,3117A-3123A-9999A,MEX002,300908392
72,2755.75,1,310015,1052506001,101,ID002,3117A-3123A-9999A,MEX002,300908393
72,2755.75,1,310015,1052506002,101,ID002,3117A-3123A-9999A,MEX002,300908457
72,2755.75,1,310015,1052506002,101,ID002,3117A-3123A-9999A,MEX002,300908458
72,2755.75,1,310015,1052506002,101,ID002,3117A-3123A-9999A,MEX002,300908459
72,2755.75,1,310015,1052506002,101,ID002,3117A-3123A-9999A,MEX002,300908461
72,2755.75,1,310015,1052506002,101,ID002,3117A-3123A-9999A,MEX002,300908462
72,2755.75,1,310015,1052506002,101,ID002,3117A-3123A-9999A,MEX002,300908463
72,2755.75,1,310015,1052506002,101,ID002,3117A-3123A-9999A,MEX002,300908464
72,2755.75,1,310015,1052506002,101,ID002,3117A-3123A-9999A,MEX002,300908465
72,2755.75,1,310015,1052506006,101,ID002,3117A-3123A-9999A,MEX002,300909023
72,2755.75,1,310015,1052506006,101,ID002,3117A-3123A-9999A,MEX002,300909024
72,2755.75,1,310015,1052506006,101,ID002,3117A-3123A-9999A,MEX002,300909025
72,2755.75,1,310015,1052506006,101,ID002,3117A-3123A-9999A,MEX002,300909026
72,2755.75,1,310015,1052506006,101,ID002,3117A-3123A-9999A,MEX002,300909027
72,2755.75,1,310015,1052506007,101,ID002,3117A-3123A-9999A,MEX002,300909116
72,2755.75,1,310015,1052506007,101,ID002,3117A-3123A-9999A,MEX002,300909117
72,2755.75,1,310015,1052506007,101,ID002,3117A-3123A-9999A,MEX002,300909118
72,2755.75,1,310015,1052506007,101,ID002,3117A-3123A-9999A,MEX002,300909119
72,2755.75,1,310015,1052506007,101,ID002,3117A-3123A-9999A,MEX002,300909120
72,2755.75,1,310015,1052506007,101,ID002,3117A-3123A-9999A,MEX002,300909121
72,2755.75,1,310015,1052506007,101,ID002,3117A-3123A-9999A,MEX002,300909122
72,2755.75,1,310015,1052506007,101,ID002,3117A-3123A-9999A,MEX002,300909123
72,2755.75,1,310015,1052506008,101,ID002,3117A-3123A-9999A,MEX002,300909269
72,2755.75,1,310015,1052506008,101,ID002,3117A-3123A-9999A,MEX002,300909270
72,2755.75,1,310015,1052506008,101,ID002,3117A-3123A-9999A,MEX002,300909271
72,2755.75,1,310015,1052506008,101,ID002,3117A-3123A-9999A,MEX002,300909273
72,2755.75,1,310015,1052506008,101,ID002,3117A-3123A-9999A,MEX002,300909274
72,2755.75,1,310015,1052506008,101,ID002,3117A-3123A-9999A,MEX002,300909275
72,2755.75,1,310015,1052506012,101,ID002,3117A-9999A,MEX002,300909978
72,2755.75,1,310015,1052506012,101,ID002,3117A-9999A,MEX002,300909979
72,2755.75,1,310015,1052506012,101,ID002,3117A-9999A,MEX002,300909980
72,2755.75,1,310015,1052506013,101,ID002,3117A-9999A,MEX002,300910039
72,2755.75,1,310015,1052506013,101,ID002,3117A-9999A,MEX002,300910040
72,2755.75,1,310015,1052506013,101,ID002,3117A-9999A,MEX002,300910041
72,2755.75,1,310015,1052506013,101,ID002,3117A-9999A,MEX002,300910043
72,2755.75,1,310015,1052506013,101,ID002,3117A-9999A,MEX002,300910044
72,2755.75,1,310015,1052506013,101,ID002,3117A-9999A,MEX002,300910045
72,2755.75,1,310015,1052506013,101,ID002,3117A-9999A,MEX002,300912481
72,2755.75,1,310726,1022506051,101,WA003,3025S-3033A-3035A-9999A-9999C-9999CS-9999E,WA010,300909662
72,2755.75,1,310726,1022506051,101,WA003,3025S-3033A-3035A-9999A-9999C-9999CS-9999E,WA010,300909701
72,2755.75,1,310726,1022506051,101,WA003,3025S-3033A-3035A-9999A-9999C-9999CS-9999E,WA010,300909702
72,2755.75,1,310726,1022506051,101,WA003,3025S-3033A-3035A-9999A-9999C-9999CS-9999E,WA010,300909728
72,2755.75,1,310726,1022506051,101,WA003,3025S-3033A-3035A-9999A-9999C-9999CS-9999E,WA010,300909729
72,2755.75,1,310726,1022506051,101,WA003,3025S-3033A-3035A-9999A-9999C-9999CS-9999E,WA010,300909884
72,2755.75,1,310726,1022506051,101,WA003,3025S-3033A-3035A-9999A-9999C-9999CS-9999E,WA010,300909885
72,2755.75,1,310726,1022506051,101,WA003,3025S-3033A-3035A-9999A-9999C-9999CS-9999E,WA010,300909886
72,2755.75,1,310726,1022506061,101,WA003,3025S-3035A-9999A-9999C-9999CS-9999E,WA010,300910968
72,2755.75,1,310726,1022506061,101,WA003,3025S-3035A-9999A-9999C-9999CS-9999E,WA010,300910992
72,2755.75,1,310726,1022506061,101,WA003,3025S-3035A-9999A-9999C-9999CS-9999E,WA010,300910993
72,2755.75,1,310726,1022506061,101,WA003,3025S-3035A-9999A-9999C-9999CS-9999E,WA010,300910994
72,2755.75,1,310726,1022506061,101,WA003,3025S-3035A-9999A-9999C-9999CS-9999E,WA010,300910995
72,2755.75,1,310726,1022506061,101,WA003,3025S-3035A-9999A-9999C-9999CS-9999E,WA010,300911008
72,2755.75,1,310726,1022506061,101,WA003,3025S-3035A-9999A-9999C-9999CS-9999E,WA010,300911009
72,2755.75,1,310726,1022506061,101,WA003,3025S-3035A-9999A-9999C-9999CS-9999E,WA010,300911010
73,2755.75,1,310015,1052505912,101,ID002,3117A-3123A-9999A,MEX002,300908059
73,2755.75,1,310015,1052505912,101,ID002,3117A-3123A-9999A,MEX002,300908060
73,2755.75,1,310015,1052505912,101,ID002,3117A-3123A-9999A,MEX002,300908061
73,2755.75,1,310015,1052505913,101,ID002,3117A-3123A-9999A,MEX002,300908179
73,2755.75,1,310015,1052505913,101,ID002,3117A-3123A-9999A,MEX002,300908180
73,2755.75,1,310015,1052505913,101,ID002,3117A-3123A-9999A,MEX002,300908181
73,2755.75,1,310015,1052505913,101,ID002,3117A-3123A-9999A,MEX002,300908182
73,2755.75,1,310015,1052505913,101,ID002,3117A-3123A-9999A,MEX002,300908183
73,2755.75,1,310015,1052505913,101,ID002,3117A-3123A-9999A,MEX002,300908184
73,2755.75,1,310015,1052505913,101,ID002,3117A-3123A-9999A,MEX002,300908185
73,2755.75,1,310015,1052505913,101,ID002,3117A-3123A-9999A,MEX002,300908186
73,2755.75,1,310015,1052505914,101,ID002,3117A-3123A-9999A,MEX002,300908299
73,2755.75,1,310015,1052505914,101,ID002,3117A-3123A-9999A,MEX002,300908300
73,2755.75,1,310015,1052505914,101,ID002,3117A-3123A-9999A,MEX002,300908303
73,2755.75,1,310015,1052505914,101,ID002,3117A-3123A-9999A,MEX002,300908305
73,2755.75,1,310726,1022505963,101,WA003,3007S-3025S-3033A-3035A-9999A-9999E,WA010,300909361
73,2755.75,1,310726,1022505963,101,WA003,3007S-3025S-3033A-3035A-9999A-9999E,WA010,300909373
73,2755.75,1,310726,1022505963,101,WA003,3007S-3025S-3033A-3035A-9999A-9999E,WA010,300909375
74,2425.06,1,310002,1002505801,102,WA001,9999A,WA001,300905709
74,826.725,0,310726,1022505858,101,WA003,3007S-3025S-3033A-3035A-9999A-9999C-9999CS-9999E,WA010,300907409
76,2755.75,1,310002,1002505603,102,WA001,9999A,WA001,300903921
76,330.69,0,310015,1052505601,101,ID002,3117A-9999A,MEX002,300902816
76,275.575,0,310015,1052505602,101,ID002,3117A-9999A,MEX002,300902857
76,385.805,0,310015,1052505603,101,ID002,3117A-9999A,MEX002,300903712
76,110.23,0,310015,1052505604,101,ID002,3117A-9999A,MEX002,300903720
76,440.92,0,310015,1052505605,101,ID002,3117A-9999A,MEX002,300903797
76,2170,1,310086,1052505631,102,ID002,9999A,ID010,300903270
76,2084,1,310086,1052505631,102,ID002,9999A,ID010,300903271
76,2204,1,310086,1052505631,102,ID002,9999A,ID010,300903277
76,2092,1,310086,1052505631,102,ID002,9999A,ID010,300903282
76,2182,1,310086,1052505631,102,ID002,9999A,ID010,300903337
76,2084,1,310086,1052505631,102,ID002,9999A,ID010,300903339
76,2101,1,310086,1052505632,102,ID002,9999A,ID002,300903399
77,55.115,0,310015,1052505501,101,ID002,3117A-3123A-9999A,MEX002,300901210
77,881.84,0,310015,1052505502,101,ID002,3117A-3123A-9999A,MEX002,300901242
77,220.46,0,310015,1052505506,101,ID002,3117A-3123A-9999A,MEX002,300901568
77,440.92,0,310015,1052505507,101,ID002,3117A-3123A-9999A,MEX002,300901694
77,661.38,0,310015,1052505508,101,ID002,3117A-3123A-9999A,MEX002,300901795
77,2314.83,1,310015,1052505509,101,ID002,3117A-3123A-9999A,ID010,300901852
77,771.61,0,310015,1052505509,101,ID002,3117A-3123A-9999A,MEX002,300901855
77,165.345,0,310015,1052505510,101,ID002,3117A-3123A-9999A,MEX002,300901952
77,771.61,0,310015,1052505511,101,ID002,3117A-9999A,MEX002,300901987
77,330.69,0,310015,1052505512,101,ID002,3117A-9999A,MEX002,300902078
77,440.92,0,310015,1052505513,101,ID002,3117A-9999A,MEX002,300902424
77,220.46,0,310015,1052505514,101,ID002,3117A-9999A,MEX002,300902618
78,551.15,0,310015,1052505401,101,ID002,3117A-3123A-9999A-9999E,MEX002,300899593
78,275.575,0,310015,1052505402,101,ID002,3117A-3123A-9999A-9999E,MEX002,300899699
78,330.69,0,310015,1052505403,101,ID002,3117A-3123A-9999A-9999E,MEX002,300899724
78,385.805,0,310015,1052505404,101,ID002,3117A-3123A-9999A-9999E,MEX002,300899858
78,385.805,0,310015,1052505405,101,ID002,3117A-3123A-9999A-9999E,MEX002,300900019
78,661.38,0,310015,1052505406,101,ID002,3117A-3123A-9999A,MEX002,300900125
78,440.92,0,310015,1052505407,101,ID002,3117A-9999A,MEX002,300901009
78,1873.91,1,310015,1052505408,101,ID002,3117A-9999A,MEX002,300901113
78,2755.75,1,310015,1052505408,101,ID002,3117A-9999A,MEX002,300901114
78,165.345,0,310015,1052505409,101,ID002,3117A-9999A,MEX002,300901184
78,2755.75,1,310726,1022505455,101,WA003,3002A-3007S-3025S-3033A-3035A-9999A-9999E,WA010,300901218
78,2755.75,1,310726,1022505455,101,WA003,3002A-3007S-3025S-3033A-3035A-9999A-9999E,WA010,300901219
78,2755.75,1,310726,1022505455,101,WA003,3002A-3007S-3025S-3033A-3035A-9999A-9999E,WA010,300901221
78,2755.75,1,310726,1022505455,101,WA003,3002A-3007S-3025S-3033A-3035A-9999A-9999E,WA010,300901222
78,2755.75,1,310726,1022505455,101,WA003,3002A-3007S-3025S-3033A-3035A-9999A-9999E,WA010,300901223
78,2755.75,1,310726,1022505455,101,WA003,3002A-3007S-3025S-3033A-3035A-9999A-9999E,WA010,300901224
78,2755.75,1,310726,1022505455,101,WA003,3002A-3007S-3025S-3033A-3035A-9999A-9999E,WA010,300901225
78,2755.75,1,310726,1022505455,101,WA003,3002A-3007S-3025S-3033A-3035A-9999A-9999E,WA010,300901226
78,2755.75,1,310726,1022505456,101,WA003,3002A-3007S-3015A-3025S-3033A-3035A-9999A-9999E,WA010,300901336
78,2755.75,1,310726,1022505456,101,WA003,3002A-3007S-3015A-3025S-3033A-3035A-9999A-9999E,WA010,300901337
78,2755.75,1,310726,1022505456,101,WA003,3002A-3007S-3015A-3025S-3033A-3035A-9999A-9999E,WA010,300901338
78,2755.75,1,310726,1022505456,101,WA003,3002A-3007S-3015A-3025S-3033A-3035A-9999A-9999E,WA010,300901339
78,2755.75,1,310726,1022505456,101,WA003,3002A-3007S-3015A-3025S-3033A-3035A-9999A-9999E,WA010,300901340
78,2755.75,1,310726,1022505456,101,WA003,3002A-3007S-3015A-3025S-3033A-3035A-9999A-9999E,WA010,300901341
78,2755.75,1,310726,1022505456,101,WA003,3002A-3007S-3015A-3025S-3033A-3035A-9999A-9999E,WA010,300901342
78,2755.75,1,310726,1022505456,101,WA003,3002A-3007S-3015A-3025S-3033A-3035A-9999A-9999E,WA010,300901343
78,2755.75,1,310726,1022505457,101,WA003,3002A-3007S-3015A-3025S-3033A-3035A-9999A-9999E,WA010,300901421
78,2755.75,1,310726,1022505457,101,WA003,3002A-3007S-3015A-3025S-3033A-3035A-9999A-9999E,WA010,300901422
78,2755.75,1,310726,1022505457,101,WA003,3002A-3007S-3015A-3025S-3033A-3035A-9999A-9999E,WA010,300901423
78,2755.75,1,310726,1022505457,101,WA003,3002A-3007S-3015A-3025S-3033A-3035A-9999A-9999E,WA010,300901424
78,2755.75,1,310726,1022505457,101,WA003,3002A-3007S-3015A-3025S-3033A-3035A-9999A-9999E,WA010,300901425
78,2755.75,1,310726,1022505457,101,WA003,3002A-3007S-3015A-3025S-3033A-3035A-9999A-9999E,WA010,300901427
78,2755.75,1,310726,1022505457,101,WA003,3002A-3007S-3015A-3025S-3033A-3035A-9999A-9999E,WA010,300901428
78,2755.75,1,310726,1022505457,101,WA003,3002A-3007S-3015A-3025S-3033A-3035A-9999A-9999E,WA010,300901429
78,2755.75,1,310726,1022505458,101,WA003,3007S-3025S-3033A-3035A-9999A-9999E,WA010,300901519
78,2755.75,1,310726,1022505458,101,WA003,3007S-3025S-3033A-3035A-9999A-9999E,WA010,300901520
78,2755.75,1,310726,1022505458,101,WA003,3007S-3025S-3033A-3035A-9999A-9999E,WA010,300901521
78,2755.75,1,310726,1022505458,101,WA003,3007S-3025S-3033A-3035A-9999A-9999E,WA010,300901522
78,2755.75,1,310726,1022505458,101,WA003,3007S-3025S-3033A-3035A-9999A-9999E,WA010,300901535
78,2755.75,1,310726,1022505458,101,WA003,3007S-3025S-3033A-3035A-9999A-9999E,WA010,300901536
78,2755.75,1,310726,1022505458,101,WA003,3007S-3025S-3033A-3035A-9999A-9999E,WA010,300901537
78,2755.75,1,310726,1022505458,101,WA003,3007S-3025S-3033A-3035A-9999A-9999E,WA010,300901702
78,2755.75,1,310726,1022505459,101,WA003,3007S-3025S-3033A-3035A-9999A-9999E,WA010,300901715
78,2755.75,1,310726,1022505459,101,WA003,3007S-3025S-3033A-3035A-9999A-9999E,WA010,300901771
78,2755.75,1,310726,1022505459,101,WA003,3007S-3025S-3033A-3035A-9999A-9999E,WA010,300901772
78,2755.75,1,310726,1022505459,101,WA003,3007S-3025S-3033A-3035A-9999A-9999E,WA010,300901804
78,2755.75,1,310726,1022505459,101,WA003,3007S-3025S-3033A-3035A-9999A-9999E,WA010,300901805
78,2755.75,1,310726,1022505459,101,WA003,3007S-3025S-3033A-3035A-9999A-9999E,WA010,300901833
78,2755.75,1,310726,1022505459,101,WA003,3007S-3025S-3033A-3035A-9999A-9999E,WA010,300901834
78,2755.75,1,310726,1022505459,101,WA003,3007S-3025S-3033A-3035A-9999A-9999E,WA010,300901835
78,2204,1,310774,1002505401,102,WA001,9999A,WA001,300900163
78,2273,1,310774,1002505401,102,WA001,9999A,WA001,300900260
78,2199,1,310774,1002505401,102,WA001,9999A,WA001,300900302
78,2199,1,310774,1002505401,102,WA001,9999A,WA001,300900317
78,2199,1,310774,1002505401,102,WA001,9999A,WA001,300900341
78,2198,1,310774,1002505401,102,WA001,9999A,WA001,300900361
78,2198,1,310774,1002505402,102,WA001,9999A,WA001,300900374
78,2198,1,310774,1002505402,102,WA001,9999A,WA001,300900395
78,2198,1,310774,1002505402,102,WA001,9999A,WA001,300900448
78,2198,1,310774,1002505402,102,WA001,9999A,WA001,300900450
78,2198,1,310774,1002505402,102,WA001,9999A,WA001,300900469
78,2204,1,310774,1002505402,102,WA001,9999A,WA001,300900470
78,2200,1,310774,1002505402,102,WA001,9999A,WA001,300900510
78,2199,1,310774,1002505402,102,WA001,9999A,WA001,300900512
78,2198,1,310774,1002505403,102,WA001,9999A,WA001,300900514
78,2198,1,310774,1002505403,102,WA001,9999A,WA001,300900543
78,2199,1,310774,1002505403,102,WA001,9999A,WA001,300900544
78,2198,1,310774,1002505403,102,WA001,9999A,WA001,300900574
78,2198,1,310774,1002505403,102,WA001,9999A,WA001,300900590
78,2198,1,310774,1002505403,102,WA001,9999A,WA001,300900592
78,2198,1,310774,1002505403,102,WA001,9999A,WA001,300900632
78,2198,1,310774,1002505403,102,WA001,9999A,WA001,300900634
78,2198,1,310774,1002505404,102,WA001,9999A,WA001,300900666
78,2198,1,310774,1002505404,102,WA001,9999A,WA001,300900672
78,2198,1,310774,1002505404,102,WA001,9999A,WA001,300900705
78,2205,1,310774,1002505404,102,WA001,9999A,WA001,300900706
78,474,0,310774,1002505404,102,WA001,9999A,WA001,300900714
79,551.15,0,310015,1052505301,101,ID002,3117A-9999A,MEX002,300898074
79,2755.75,1,310015,1052505301,101,ID002,3117A-9999A,MEX002,300898075
79,2755.75,1,310015,1052505301,101,ID002,3117A-9999A,MEX002,300898076
79,2755.75,1,310015,1052505301,101,ID002,3117A-9999A,MEX002,300898077
79,1818.795,1,310015,1052505302,101,ID002,3117A-9999A,MEX002,300898086
79,2755.75,1,310015,1052505302,101,ID002,3117A-9999A,MEX002,300898121
79,2755.75,1,310015,1052505302,101,ID002,3117A-9999A,MEX002,300898122
79,2755.75,1,310015,1052505302,101,ID002,3117A-9999A,MEX002,300898123
79,165.345,0,310015,1052505303,101,ID002,3117A-3123A-9999A-9999E,MEX002,300898224
79,275.575,0,310015,1052505304,101,ID002,3117A-3123A-9999A-9999E,MEX002,300898240
79,440.92,0,310015,1052505305,101,ID002,3117A-9999A,MEX002,300898407
79,165.345,0,310015,1052505306,101,ID002,3117A-3117A-9999A-9999A,MEX002,300898463
79,165.345,0,310015,1052505307,101,ID002,3117A-9999A,MEX002,300898543
79,55.115,0,310015,1052505308,101,ID002,3117A-3117A-9999A-9999A,MEX002,300898653
79,165.345,0,310015,1052505309,101,ID002,3117A-3123A-9999A,MEX002,300898693
79,275.575,0,310015,1052505310,101,ID002,3117A-3123A-9999A,MEX002,300898813
79,330.69,0,310015,1052505311,101,ID002,3117A-3123A-9999A,MEX002,300898944
79,55.115,0,310015,1052505311,101,ID002,3117A-3123A-9999A,MEX002,300898947
79,716.495,0,310015,1052505312,101,ID002,3117A-3123A-9999A,MEX002,300899022
79,220.46,0,310015,1052505313,101,ID002,3117A-3123A-9999A,MEX002,300899041
79,440.92,0,310015,1052505314,101,ID002,3117A-3123A-9999A,MEX002,300899218
79,551.15,0,310015,1052505315,101,ID002,3117A-3123A-9999A,MEX002,300899245
79,385.805,0,310015,1052505316,101,ID002,3117A-3123A-9999A,MEX002,300899349
79,275.575,0,310015,1052505317,101,ID002,3117A-3123A-9999A,MEX002,300899452
79,220.46,0,310015,1052505318,101,ID002,3117A-3123A-9999A,MEX002,300899532
80,55.115,0,310015,1052505201,101,ID002,3117A-3123A-9999A,MEX002,300896556
80,55.115,0,310015,1052505202,101,ID002,3117A-3123A-9999A,MEX002,300896561
80,2755.75,1,310015,1052505202,101,ID002,3117A-3123A-9999A,MEX002,300896562
80,2755.75,1,310015,1052505202,101,ID002,3117A-3123A-9999A,MEX002,300896563
80,2755.75,1,310015,1052505202,101,ID002,3117A-3123A-9999A,MEX002,300896564
80,1873.91,1,310015,1052505204,101,ID002,3117A-3123A-9999A,MEX002,300896662
80,2755.75,1,310015,1052505204,101,ID002,3117A-3123A-9999A,MEX002,300896663
80,2755.75,1,310015,1052505204,101,ID002,3117A-3123A-9999A,MEX002,300896664
80,2755.75,1,310015,1052505204,101,ID002,3117A-3123A-9999A,MEX002,300896665
80,2755.75,1,310015,1052505204,101,ID002,3117A-3123A-9999A,MEX002,300896666
80,2755.75,1,310015,1052505204,101,ID002,3117A-3123A-9999A,MEX002,300896667
80,496.035,0,310015,1052505205,101,ID002,3117A-3123A-9999A,MEX002,300897921
80,2755.75,1,310015,1052505205,101,ID002,3117A-3123A-9999A,MEX002,300897922
80,2755.75,1,310015,1052505205,101,ID002,3117A-3123A-9999A,MEX002,300897924
80,2755.75,1,310015,1052505205,101,ID002,3117A-3123A-9999A,MEX002,300897925
81,55.115,0,310015,1052505101,101,ID002,3117A-3123A-9999A,MEX002,300895373
81,275.575,0,310015,1052505102,101,ID002,3117A-3123A-9999A,MEX002,300895388
81,716.495,0,310015,1052505103,101,ID002,3117A-3123A-9999A,MEX002,300895463
81,1322.76,0,310015,1052505104,101,ID002,3117A-3123A-9999A,MEX002,300895521
81,936.955,0,310015,1052505105,101,ID002,3117A-3123A-9999A,MEX002,300895624
81,165.345,0,310015,1052505106,101,ID002,3117A-3123A-9999A,MEX002,300895783
81,55.115,0,310015,1052505107,101,ID002,3117A-3123A-9999A,MEX002,300895984
81,440.92,0,310015,1052505107,101,ID002,3117A-3123A-9999A,MEX002,300895985
81,55.115,0,310015,1052505108,101,ID002,3117A-3123A-9999A,MEX002,300896054
81,330.69,0,310015,1052505109,101,ID002,3117A-3123A-9999A,MEX002,300896104
81,220.46,0,310015,1052505110,101,ID002,3117A-3123A-9999A,MEX002,300896194
81,385.805,0,310015,1052505111,101,ID002,3117A-3123A-9999A,MEX002,300896299
81,385.805,0,310015,1052505112,101,ID002,3117A-3123A-9999A,MEX002,300896339
81,496.035,0,310015,1052505113,101,ID002,3117A-3123A-9999A,MEX002,300896424
82,165.345,0,310015,1052505001,101,ID002,3117A-3123A-9999A,MEX002,300893843
82,110.23,0,310015,1052505002,101,ID002,3117A-3123A-9999A,MEX002,300893883
82,330.69,0,310015,1052505003,101,ID002,3117A-3123A-9999A,MEX002,300894069
82,165.345,0,310015,1052505004,101,ID002,3117A-3123A-9999A,MEX002,300894380
82,55.115,0,310015,1052505007,101,ID002,3117A-3123A-9999A,MEX002,300894666
82,1653.45,1,310015,1052505007,101,ID002,3117A-3123A-9999A,MEX002,300894669
82,2755.75,1,310015,1052505007,101,ID002,3117A-3123A-9999A,MEX002,300894670
82,220.46,0,310015,1052505008,101,ID002,3117A-3123A-9999A,MEX002,300894719
82,55.115,0,310015,1052505009,101,ID002,3117A-9999A,MEX002,300894938
82,330.69,0,310015,1052505010,101,ID002,3117A-9999A,MEX002,300894990
82,2755.75,1,310724,1012505009,101,WA002,3040A-3045A-9999A,WA007,300894648
82,2755.75,1,310724,1012505009,101,WA002,3040A-3045A-9999A,WA007,300894649
82,2755.75,1,310724,1012505009,101,WA002,3040A-3045A-9999A,WA007,300894650
82,2755.75,1,310724,1012505009,101,WA002,3040A-3045A-9999A,WA007,300894652
82,2755.75,1,310724,1012505009,101,WA002,3040A-3045A-9999A,WA007,300894654
82,2755.75,1,310724,1012505009,101,WA002,3040A-3045A-9999A,WA007,300894671
82,2755.75,1,310724,1012505009,101,WA002,3040A-3045A-9999A,WA007,300894694
82,2755.75,1,310724,1012505009,101,WA002,3040A-3045A-9999A,WA007,300894695
82,2755.75,1,310724,1012505010,101,WA002,3040A-3045A-9999A-9999C,WA007,300894707
82,2755.75,1,310724,1012505010,101,WA002,3040A-3045A-9999A-9999C,WA007,300894708
82,2755.75,1,310724,1012505010,101,WA002,3040A-3045A-9999A-9999C,WA007,300894710
82,2755.75,1,310724,1012505010,101,WA002,3040A-3045A-9999A-9999C,WA007,300894720
82,2755.75,1,310724,1012505010,101,WA002,3040A-3045A-9999A-9999C,WA007,300894728
82,2755.75,1,310724,1012505010,101,WA002,3040A-3045A-9999A-9999C,WA007,300894751
82,2755.75,1,310724,1012505010,101,WA002,3040A-3045A-9999A-9999C,WA007,300894752
82,2755.75,1,310724,1012505010,101,WA002,3040A-3045A-9999A-9999C,WA007,300894753
82,2755.75,1,310724,1012505013,101,WA002,3040A-3045A-9999A-9999C,WA007,300895041
82,2755.75,1,310724,1012505013,101,WA002,3040A-3045A-9999A-9999C,WA007,300895042
82,2755.75,1,310724,1012505013,101,WA002,3040A-3045A-9999A-9999C,WA007,300895043
82,2755.75,1,310724,1012505013,101,WA002,3040A-3045A-9999A-9999C,WA007,300895044
82,2755.75,1,310724,1012505013,101,WA002,3040A-3045A-9999A-9999C,WA007,300895061
82,2755.75,1,310724,1012505013,101,WA002,3040A-3045A-9999A-9999C,WA007,300895062
82,2755.75,1,310724,1012505013,101,WA002,3040A-3045A-9999A-9999C,WA007,300895067
82,2755.75,1,310724,1012505013,101,WA002,3040A-3045A-9999A-9999C,WA007,300895068
82,2755.75,1,310724,1012505014,101,WA002,3040A-3045A-9999A-9999C,WA007,300895070
82,2755.75,1,310724,1012505014,101,WA002,3040A-3045A-9999A-9999C,WA007,300895071
82,2755.75,1,310724,1012505014,101,WA002,3040A-3045A-9999A-9999C,WA007,300895072
82,2755.75,1,310724,1012505014,101,WA002,3040A-3045A-9999A-9999C,WA007,300895073
82,2755.75,1,310724,1012505014,101,WA002,3040A-3045A-9999A-9999C,WA007,300895075
82,2755.75,1,310724,1012505014,101,WA002,3040A-3045A-9999A-9999C,WA007,300895076
82,2755.75,1,310724,1012505014,101,WA002,3040A-3045A-9999A-9999C,WA007,300895180
82,2755.75,1,310724,1012505014,101,WA002,3040A-3045A-9999A-9999C,WA007,300895181
82,2755.75,1,310724,1012505015,101,WA002,3040A-3045A-9999A-9999C,WA007,300895185
82,2755.75,1,310724,1012505015,101,WA002,3040A-3045A-9999A-9999C,WA007,300895186
82,2755.75,1,310724,1012505015,101,WA002,3040A-3045A-9999A-9999C,WA007,300895215
82,2755.75,1,310724,1012505015,101,WA002,3040A-3045A-9999A-9999C,WA007,300895216
82,2755.75,1,310724,1012505015,101,WA002,3040A-3045A-9999A-9999C,WA007,300895222
82,2755.75,1,310724,1012505015,101,WA002,3040A-3045A-9999A-9999C,WA007,300895255
82,2755.75,1,310724,1012505015,101,WA002,3040A-3045A-9999A-9999C,WA007,300895256
82,2755.75,1,310724,1012505015,101,WA002,3040A-3045A-9999A-9999C,WA007,300895257
82,2755.75,1,310724,1012505016,101,WA002,3040A-3045A-9999A,WA007,300895307
82,2755.75,1,310724,1012505016,101,WA002,3040A-3045A-9999A,WA007,300895308
82,2755.75,1,310724,1012505016,101,WA002,3040A-3045A-9999A,WA007,300895309
82,2755.75,1,310724,1012505016,101,WA002,3040A-3045A-9999A,WA007,300895310
82,2755.75,1,310724,1012505016,101,WA002,3040A-3045A-9999A,WA007,300895311
82,2755.75,1,310724,1012505016,101,WA002,3040A-3045A-9999A,WA007,300895312
82,2755.75,1,310724,1012505016,101,WA002,3040A-3045A-9999A,WA007,300895320
82,2755.75,1,310724,1012505016,101,WA002,3040A-3045A-9999A,WA007,300895321
83,606.265,0,310015,1052504901,101,ID002,3117A-3123A-9999A,MEX002,300892286
83,220.46,0,310015,1052504902,101,ID002,3117A-3123A-9999A,MEX002,300892329
83,165.345,0,310015,1052504903,101,ID002,3117A-3123A-9999A,MEX002,300892456
83,716.495,0,310015,1052504904,101,ID002,3117A-3123A-9999A,MEX002,300892492
83,992.07,0,310015,1052504905,101,ID002,3117A-3123A-3132A-9999A,MEX002,300892595
83,661.38,0,310015,1052504906,101,ID002,3117A-3123A-3132A-9999A,MEX002,300892688
83,992.07,0,310015,1052504907,101,ID002,3117A-3123A-9999A,MEX002,300892753
83,165.345,0,310015,1052504907,101,ID002,3117A-3123A-9999A,MEX002,300892757
83,1047.185,0,310015,1052504908,101,ID002,3117A-3123A-9999A,MEX002,300892830
83,496.035,0,310015,1052504909,101,ID002,3117A-9999A,MEX002,300892924
83,496.035,0,310015,1052504911,101,ID002,3117A-3123A-9999A,MEX002,300893320
83,385.805,0,310015,1052504912,101,ID002,3117A-3123A-9999A,MEX002,300893346
83,165.345,0,310015,1052504913,101,ID002,3117A-3123A-9999A,MEX002,300893577
83,220.46,0,310015,1052504914,101,ID002,3117A-3123A-9999A,MEX002,300893611
83,110.23,0,310015,1052504914,101,ID002,3117A-3123A-9999A,MEX002,300893658
83,275.575,0,310015,1052504915,101,ID002,3117A-3123A-9999A,MEX002,300893709
83,2755.75,1,310724,1012504906,101,WA002,3040A-3045A-9999A-9999C,WA007,300892935
83,2755.75,1,310724,1012504906,101,WA002,3040A-3045A-9999A-9999C,WA007,300892936
83,2755.75,1,310724,1012504906,101,WA002,3040A-3045A-9999A-9999C,WA007,300892937
83,2755.75,1,310724,1012504909,101,WA002,3040A-3045A-9999A,WA007,300893169
83,2755.75,1,310724,1012504909,101,WA002,3040A-3045A-9999A,WA007,300893183
83,2755.75,1,310724,1012504909,101,WA002,3040A-3045A-9999A,WA007,300893184
83,2755.75,1,310724,1012504909,101,WA002,3040A-3045A-9999A,WA007,300893191
83,2755.75,1,310724,1012504909,101,WA002,3040A-3045A-9999A,WA007,300893201
83,2755.75,1,310724,1012504909,101,WA002,3040A-3045A-9999A,WA007,300893230
83,2755.75,1,310724,1012504909,101,WA002,3040A-3045A-9999A,WA007,300893231
83,2755.75,1,310724,1012504909,101,WA002,3040A-3045A-9999A,WA007,300893243
83,2755.75,1,310724,1012504910,101,WA002,3040A-3045A-9999A,WA007,300893245
83,2755.75,1,310724,1012504910,101,WA002,3040A-3045A-9999A,WA007,300893246
83,2755.75,1,310724,1012504910,101,WA002,3040A-3045A-9999A,WA007,300893295
83,2755.75,1,310724,1012504910,101,WA002,3040A-3045A-9999A,WA007,300893296
83,2755.75,1,310724,1012504910,101,WA002,3040A-3045A-9999A,WA007,300893297
83,2755.75,1,310724,1012504910,101,WA002,3040A-3045A-9999A,WA007,300893302
83,2755.75,1,310724,1012504910,101,WA002,3040A-3045A-9999A,WA007,300893303
83,2755.75,1,310724,1012504910,101,WA002,3040A-3045A-9999A,WA007,300893315
84,2369.945,1,310015,1052504811,101,ID002,3117A-3123A-9999A-9999E,ID010,300891780
84,385.805,0,310015,1052504814,101,ID002,3117A-3123A-9999A,MEX002,300892030
84,55.115,0,310015,1052504815,101,ID002,3117A-3123A-9999A,MEX002,300892139
84,551.15,0,310015,1052504815,101,ID002,3117A-3123A-9999A,MEX002,300892140
84,496.035,0,310015,1052504816,101,ID002,3117A-3123A-9999A,MEX002,300892210
85,2755.75,1,310726,1012504701,102,WA002,9999A,WA007,300889920
85,2755.75,1,310726,1012504701,102,WA002,9999A,WA007,300889921
85,2755.75,1,310726,1012504701,102,WA002,9999A,WA007,300889922
85,2755.75,1,310726,1012504701,102,WA002,9999A,WA007,300889947
85,2755.75,1,310726,1012504701,102,WA002,9999A,WA007,300889948
85,2755.75,1,310726,1012504701,102,WA002,9999A,WA007,300889959
85,2755.75,1,310726,1012504701,102,WA002,9999A,WA007,300889970
85,2755.75,1,310726,1012504701,102,WA002,9999A,WA007,300889971
85,2755.75,1,310726,1012504702,101,WA002,9999A-9999C,WA007,300889973
85,2755.75,1,310726,1012504702,101,WA002,9999A-9999C,WA007,300889974
85,2755.75,1,310726,1012504702,101,WA002,9999A-9999C,WA007,300889993
85,2700.635,1,310726,1012504702,101,WA002,9999A-9999C,WA007,300890020
85,2755.75,1,310726,1012504702,101,WA002,9999A-9999C,WA007,300890021
85,2755.75,1,310726,1012504702,101,WA002,9999A-9999C,WA007,300890022
85,2755.75,1,310726,1012504702,101,WA002,9999A-9999C,WA007,300890026
85,2755.75,1,310726,1012504702,101,WA002,9999A-9999C,WA007,300890035
85,2755.75,1,310726,1012504703,101,WA002,9999A-9999C-9999E,WA007,300890045
85,2755.75,1,310726,1012504703,101,WA002,9999A-9999C-9999E,WA007,300890054
86,2755.75,1,310002,1002504601,102,WA001,9999A,TX001,300889910
86,330.69,0,310015,1052504607,101,ID002,3117A-3123A-9999A,MEX002,300889624
86,330.69,0,310015,1052504608,101,ID002,3117A-3123A-9999A,MEX002,300889660
86,496.035,0,310015,1052504609,101,ID002,3117A-3123A-9999A,MEX002,300889724
86,440.92,0,310015,1052504610,101,ID002,3117A-3123A-9999A,MEX002,300889794
86,2755.75,1,310726,1012504601,101,WA002,9999A-9999C,WA007,300888710
86,2755.75,1,310726,1012504601,101,WA002,9999A-9999C,WA007,300888711
86,2755.75,1,310726,1012504601,101,WA002,9999A-9999C,WA007,300888712
86,2755.75,1,310726,1012504601,101,WA002,9999A-9999C,WA007,300888811
86,2755.75,1,310726,1012504601,101,WA002,9999A-9999C,WA007,300888812
86,2755.75,1,310726,1012504601,101,WA002,9999A-9999C,WA007,300888813
86,2755.75,1,310726,1012504601,101,WA002,9999A-9999C,WA007,300888814
86,2755.75,1,310726,1012504601,101,WA002,9999A-9999C,WA007,300888815
86,2755.75,1,310726,1012504602,101,WA002,9999A-9999C,WA007,300888824
86,2755.75,1,310726,1012504602,101,WA002,9999A-9999C,WA007,300888825
86,2755.75,1,310726,1012504602,101,WA002,9999A-9999C,WA007,300888826
86,2755.75,1,310726,1012504602,101,WA002,9999A-9999C,WA007,300888827
86,2755.75,1,310726,1012504602,101,WA002,9999A-9999C,WA007,300888828
86,2755.75,1,310726,1012504602,101,WA002,9999A-9999C,WA007,300888829
86,2755.75,1,310726,1012504602,101,WA002,9999A-9999C,WA007,300888830
86,2755.75,1,310726,1012504602,101,WA002,9999A-9999C,WA007,300888831
86,2755.75,1,310726,1012504603,101,WA002,9999A-9999C-9999CS,WA007,300888984
86,2755.75,1,310726,1012504603,101,WA002,9999A-9999C-9999CS,WA007,300888985
86,2755.75,1,310726,1012504603,101,WA002,9999A-9999C-9999CS,WA007,300888992
86,2755.75,1,310726,1012504603,101,WA002,9999A-9999C-9999CS,WA007,300888993
86,2755.75,1,310726,1012504603,101,WA002,9999A-9999C-9999CS,WA007,300888994
86,2755.75,1,310726,1012504603,101,WA002,9999A-9999C-9999CS,WA007,300888995
86,2755.75,1,310726,1012504603,101,WA002,9999A-9999C-9999CS,WA007,300888996
86,2755.75,1,310726,1012504603,101,WA002,9999A-9999C-9999CS,WA007,300888997
86,2755.75,1,310726,1012504604,101,WA002,9999A-9999C-9999CS,WA007,300889019
86,2755.75,1,310726,1012504604,101,WA002,9999A-9999C-9999CS,WA007,300889037
86,2755.75,1,310726,1012504604,101,WA002,9999A-9999C-9999CS,WA007,300889038
86,2755.75,1,310726,1012504604,101,WA002,9999A-9999C-9999CS,WA007,300889039
86,2755.75,1,310726,1012504604,101,WA002,9999A-9999C-9999CS,WA007,300889041
86,2755.75,1,310726,1012504604,101,WA002,9999A-9999C-9999CS,WA007,300889042
86,2755.75,1,310726,1012504604,101,WA002,9999A-9999C-9999CS,WA007,300889074
86,2755.75,1,310726,1012504604,101,WA002,9999A-9999C-9999CS,WA007,300889075
86,55.115,0,310726,1012504610,101,WA002,9999A-9999E,WA007,300889498
86,55.115,0,310726,1012504612,101,WA002,3035A-9999A-9999E,WA007,300889674
86,2755.75,1,310726,1012504614,101,WA002,3035A-9999A-9999E,WA007,300889778
86,2755.75,1,310726,1012504614,101,WA002,3035A-9999A-9999E,WA007,300889779
86,2755.75,1,310726,1012504614,101,WA002,3035A-9999A-9999E,WA007,300889780
86,2755.75,1,310726,1012504614,101,WA002,3035A-9999A-9999E,WA007,300889797
86,2755.75,1,310726,1012504614,101,WA002,3035A-9999A-9999E,WA007,300889798
86,2755.75,1,310726,1012504614,101,WA002,3035A-9999A-9999E,WA007,300889799
86,2755.75,1,310726,1012504614,101,WA002,3035A-9999A-9999E,WA007,300889800
86,2755.75,1,310726,1012504615,101,WA002,9999A-9999E,WA007,300889801
86,2755.75,1,310726,1012504615,101,WA002,9999A-9999E,WA007,300889802
86,2755.75,1,310726,1012504615,101,WA002,9999A-9999E,WA007,300889803
86,2755.75,1,310726,1012504615,101,WA002,9999A-9999E,WA007,300889856
86,2755.75,1,310726,1012504615,101,WA002,9999A-9999E,WA007,300889857
86,2755.75,1,310726,1012504615,101,WA002,9999A-9999E,WA007,300889858
86,2755.75,1,310726,1012504615,101,WA002,9999A-9999E,WA007,300889867
86,2755.75,1,310726,1012504615,101,WA002,9999A-9999E,WA007,300889868
87,2755.75,1,310002,1002504503,101,WA001,3405A-9999A-9999E,TX001,300888557
87,2755.75,1,310002,1002504504,101,WA001,3405A-9999A-9999E,TX001,300888583
87,2755.75,1,310002,1002504504,101,WA001,3405A-9999A-9999E,TX001,300888585
87,2755.75,1,310002,1002504504,101,WA001,3405A-9999A-9999E,TX001,300888587
87,2755.75,1,310002,1002504504,101,WA001,3405A-9999A-9999E,TX001,300888589
87,2755.75,1,310002,1002504504,101,WA001,3405A-9999A-9999E,TX001,300888738
87,2755.75,1,310002,1002504504,101,WA001,3405A-9999A-9999E,TX001,300888739
87,2755.75,1,310002,1002504504,101,WA001,3405A-9999A-9999E,TX001,300888740
87,2755.75,1,310002,1002504504,101,WA001,3405A-9999A-9999E,TX001,300888741
87,826.725,0,310015,1052504516,101,ID002,3117A-3123A-9999A-9999E,MEX002,300888531
87,551.15,0,310015,1052504517,101,ID002,3117A-3123A-9999A-9999E,MEX002,300888595
87,2755.75,1,310726,1012504501,101,WA002,9999A-9999C,WA007,300887245
87,2755.75,1,310726,1012504501,101,WA002,9999A-9999C,WA007,300887246
87,2755.75,1,310726,1012504501,101,WA002,9999A-9999C,WA007,300887247
87,2755.75,1,310726,1012504501,101,WA002,9999A-9999C,WA007,300887299
87,2755.75,1,310726,1012504501,101,WA002,9999A-9999C,WA007,300887300
87,2755.75,1,310726,1012504501,101,WA002,9999A-9999C,WA007,300887301
87,2755.75,1,310726,1012504501,101,WA002,9999A-9999C,WA007,300887302
87,2755.75,1,310726,1012504501,101,WA002,9999A-9999C,WA007,300887303
87,2755.75,1,310726,1012504502,101,WA002,9999A-9999C,WA007,300887370
87,2755.75,1,310726,1012504502,101,WA002,9999A-9999C,WA007,300887371
87,2755.75,1,310726,1012504502,101,WA002,9999A-9999C,WA007,300887372
87,2755.75,1,310726,1012504502,101,WA002,9999A-9999C,WA007,300887373
87,2755.75,1,310726,1012504502,101,WA002,9999A-9999C,WA007,300887374
87,2755.75,1,310726,1012504502,101,WA002,9999A-9999C,WA007,300887427
87,2755.75,1,310726,1012504502,101,WA002,9999A-9999C,WA007,300887497
87,2755.75,1,310726,1012504502,101,WA002,9999A-9999C,WA007,300887500
87,2755.75,1,310726,1012504503,102,WA002,9999A,WA007,300887501
87,2755.75,1,310726,1012504503,102,WA002,9999A,WA007,300887502
87,2755.75,1,310726,1012504503,102,WA002,9999A,WA007,300887503
87,2755.75,1,310726,1012504503,102,WA002,9999A,WA007,300887504
87,2755.75,1,310726,1012504503,102,WA002,9999A,WA007,300887505
87,2755.75,1,310726,1012504503,102,WA002,9999A,WA007,300887540
87,2755.75,1,310726,1012504503,102,WA002,9999A,WA007,300887569
87,2755.75,1,310726,1012504503,102,WA002,9999A,WA007,300887570
87,2755.75,1,310726,1012504504,102,WA002,9999A,WA007,300887571
87,2755.75,1,310726,1012504504,102,WA002,9999A,WA007,300887580
87,2755.75,1,310726,1012504504,102,WA002,9999A,WA007,300887581
87,2755.75,1,310726,1012504504,102,WA002,9999A,WA007,300887582
87,2755.75,1,310726,1012504504,102,WA002,9999A,WA007,300887583
87,2755.75,1,310726,1012504504,102,WA002,9999A,WA007,300887584
87,2755.75,1,310726,1012504504,102,WA002,9999A,WA007,300887585
87,2755.75,1,310726,1012504504,102,WA002,9999A,WA007,300887586
87,2755.75,1,310726,1012504515,101,WA002,9999A-9999C,WA007,300888500
87,2755.75,1,310726,1012504515,101,WA002,9999A-9999C,WA007,300888501
87,2755.75,1,310726,1012504515,101,WA002,9999A-9999C,WA007,300888502
87,2755.75,1,310726,1012504515,101,WA002,9999A-9999C,WA007,300888503
87,2755.75,1,310726,1012504515,101,WA002,9999A-9999C,WA007,300888505
87,2755.75,1,310726,1012504515,101,WA002,9999A-9999C,WA007,300888506
87,2755.75,1,310726,1012504515,101,WA002,9999A-9999C,WA007,300888507
87,2755.75,1,310726,1012504515,101,WA002,9999A-9999C,WA007,300888508
87,2755.75,1,310726,1012504516,102,WA002,9999A,WA007,300888633
87,2755.75,1,310726,1012504516,102,WA002,9999A,WA007,300888634
87,2755.75,1,310726,1012504516,102,WA002,9999A,WA007,300888635
87,2755.75,1,310726,1012504516,102,WA002,9999A,WA007,300888636
87,2755.75,1,310726,1012504516,102,WA002,9999A,WA007,300888652
87,2755.75,1,310726,1012504516,102,WA002,9999A,WA007,300888678
87,2755.75,1,310726,1012504516,102,WA002,9999A,WA007,300888679
87,2755.75,1,310726,1012504516,102,WA002,9999A,WA007,300888682
88,1102.3,0,310015,1052504409,101,ID002,3117A-3123A-9999A,TX001,300886351
88,2755.75,1,310726,1012504403,101,WA002,9999A-9999C,WA007,300885963
88,2755.75,1,310726,1012504403,101,WA002,9999A-9999C,WA007,300885964
88,2755.75,1,310726,1012504403,101,WA002,9999A-9999C,WA007,300885965
88,2755.75,1,310726,1012504403,101,WA002,9999A-9999C,WA007,300886118
88,2755.75,1,310726,1012504403,101,WA002,9999A-9999C,WA007,300886138
88,2755.75,1,310726,1012504403,101,WA002,9999A-9999C,WA007,300886139
88,2755.75,1,310726,1012504403,101,WA002,9999A-9999C,WA007,300886150
88,2755.75,1,310726,1012504403,101,WA002,9999A-9999C,WA007,300886153
88,2755.75,1,310726,1012504404,101,WA002,9999A-9999C,WA007,300886155
88,2755.75,1,310726,1012504404,101,WA002,9999A-9999C,WA007,300886177
88,2755.75,1,310726,1012504405,102,WA002,9999A,WA007,300886201
88,2755.75,1,310726,1012504405,102,WA002,9999A,WA007,300886202
88,2755.75,1,310726,1012504405,102,WA002,9999A,WA007,300886204
88,2755.75,1,310726,1012504405,102,WA002,9999A,WA007,300886242
88,2755.75,1,310726,1012504405,102,WA002,9999A,WA007,300886243
88,2755.75,1,310726,1012504405,102,WA002,9999A,WA007,300886244
88,2755.75,1,310726,1012504405,102,WA002,9999A,WA007,300886246
88,2755.75,1,310726,1012504405,102,WA002,9999A,WA007,300886247
88,2755.75,1,310726,1012504406,102,WA002,9999A,WA007,300886257
88,2755.75,1,310726,1012504406,102,WA002,9999A,WA007,300886258
88,2755.75,1,310726,1012504406,102,WA002,9999A,WA007,300886259
88,2755.75,1,310726,1012504406,102,WA002,9999A,WA007,300886308
88,2755.75,1,310726,1012504406,102,WA002,9999A,WA007,300886309
88,2755.75,1,310726,1012504406,102,WA002,9999A,WA007,300886310
88,2755.75,1,310726,1012504406,102,WA002,9999A,WA007,300886311
88,2755.75,1,310726,1012504406,102,WA002,9999A,WA007,300886312
88,2755.75,1,310726,1012504407,102,WA002,9999A,WA007,300886313
88,2755.75,1,310726,1012504407,102,WA002,9999A,WA007,300886393
88,2755.75,1,310726,1012504407,102,WA002,9999A,WA007,300886394
88,2755.75,1,310726,1012504407,102,WA002,9999A,WA007,300886395
88,2755.75,1,310726,1012504407,102,WA002,9999A,WA007,300886403
88,2755.75,1,310726,1012504407,102,WA002,9999A,WA007,300886404
88,2755.75,1,310726,1012504407,102,WA002,9999A,WA007,300886405
88,2755.75,1,310726,1012504407,102,WA002,9999A,WA007,300886455
88,2755.75,1,310726,1012504408,102,WA002,9999A,WA007,300886456
88,2755.75,1,310726,1012504408,102,WA002,9999A,WA007,300886458
88,2755.75,1,310726,1012504408,102,WA002,9999A,WA007,300886459
88,2755.75,1,310726,1012504408,102,WA002,9999A,WA007,300886460
88,2755.75,1,310726,1012504408,102,WA002,9999A,WA007,300886461
88,2755.75,1,310726,1012504408,102,WA002,9999A,WA007,300886484
88,2755.75,1,310726,1012504408,102,WA002,9999A,WA007,300886485
88,2755.75,1,310726,1012504408,102,WA002,9999A,WA007,300886486
88,2755.75,1,310726,1012504409,102,WA002,9999A,WA007,300886555
88,2755.75,1,310726,1012504409,102,WA002,9999A,WA007,300886556
88,2755.75,1,310726,1012504409,102,WA002,9999A,WA007,300886557
88,2755.75,1,310726,1012504409,102,WA002,9999A,WA007,300886579
88,2755.75,1,310726,1012504409,102,WA002,9999A,WA007,300886580
88,2755.75,1,310726,1012504409,102,WA002,9999A,WA007,300886581
88,2755.75,1,310726,1012504409,102,WA002,9999A,WA007,300886582
88,2755.75,1,310726,1012504409,102,WA002,9999A,WA007,300886583
88,2755.75,1,310726,1012504410,102,WA002,9999A,WA007,300886584
88,2755.75,1,310726,1012504410,102,WA002,9999A,WA007,300886602
88,2755.75,1,310726,1012504410,102,WA002,9999A,WA007,300886603
88,2755.75,1,310726,1012504410,102,WA002,9999A,WA007,300886659
88,2755.75,1,310726,1012504410,102,WA002,9999A,WA007,300886663
88,2755.75,1,310726,1012504410,102,WA002,9999A,WA007,300886664
88,2755.75,1,310726,1012504410,102,WA002,9999A,WA007,300886665
88,2755.75,1,310726,1012504410,102,WA002,9999A,WA007,300886690
88,2755.75,1,310726,1012504415,102,WA002,9999A,WA007,300887037
88,2755.75,1,310726,1012504415,102,WA002,9999A,WA007,300887038
88,2755.75,1,310726,1012504415,102,WA002,9999A,WA007,300887039
88,2755.75,1,310726,1012504415,102,WA002,9999A,WA007,300887040
88,2755.75,1,310726,1012504415,102,WA002,9999A,WA007,300887041
88,2755.75,1,310726,1012504415,102,WA002,9999A,WA007,300887042
88,2755.75,1,310726,1012504415,102,WA002,9999A,WA007,300887078
88,2755.75,1,310726,1012504415,102,WA002,9999A,WA007,300887079
88,2755.75,1,310726,1012504416,102,WA002,9999A,WA007,300887080
88,2755.75,1,310726,1012504416,102,WA002,9999A,WA007,300887081
88,2755.75,1,310726,1012504416,102,WA002,9999A,WA007,300887082
88,2755.75,1,310726,1012504416,102,WA002,9999A,WA007,300887176
88,2755.75,1,310726,1012504416,102,WA002,9999A,WA007,300887177
88,2755.75,1,310726,1012504416,102,WA002,9999A,WA007,300887196
89,2755.75,1,310726,1012504301,101,WA002,9999A-9999C,WA007,300885534
89,2755.75,1,310726,1012504301,101,WA002,9999A-9999C,WA007,300885543
89,2755.75,1,310726,1012504301,101,WA002,9999A-9999C,WA007,300885556
89,2755.75,1,310726,1012504301,101,WA002,9999A-9999C,WA007,300885563
89,2755.75,1,310726,1012504302,101,WA002,9999A-9999C,WA007,300885565
89,2755.75,1,310726,1012504302,101,WA002,9999A-9999C,WA007,300885566
89,2755.75,1,310726,1012504302,101,WA002,9999A-9999C,WA007,300885567
89,2755.75,1,310726,1012504302,101,WA002,9999A-9999C,WA007,300885568
89,2755.75,1,310726,1012504302,101,WA002,9999A-9999C,WA007,300885569
89,2755.75,1,310726,1012504302,101,WA002,9999A-9999C,WA007,300885617
89,2755.75,1,310726,1012504302,101,WA002,9999A-9999C,WA007,300885618
89,2755.75,1,310726,1012504302,101,WA002,9999A-9999C,WA007,300885619
89,2755.75,1,310726,1012504303,101,WA002,9999A-9999C,WA007,300885631
89,2755.75,1,310726,1012504303,101,WA002,9999A-9999C,WA007,300885632
89,2755.75,1,310726,1012504303,101,WA002,9999A-9999C,WA007,300885633
89,2755.75,1,310726,1012504303,101,WA002,9999A-9999C,WA007,300885634
89,2755.75,1,310726,1012504303,101,WA002,9999A-9999C,WA007,300885697
89,2755.75,1,310726,1012504303,101,WA002,9999A-9999C,WA007,300885698
89,2755.75,1,310726,1012504303,101,WA002,9999A-9999C,WA007,300885704
89,2755.75,1,310726,1012504303,101,WA002,9999A-9999C,WA007,300885705
89,2755.75,1,310726,1012504304,101,WA002,9999A-9999C,WA007,300885709
89,2755.75,1,310726,1012504304,101,WA002,9999A-9999C,WA007,300885710
89,2755.75,1,310726,1012504304,101,WA002,9999A-9999C,WA007,300885758
89,2755.75,1,310726,1012504304,101,WA002,9999A-9999C,WA007,300885759
89,2755.75,1,310726,1012504304,101,WA002,9999A-9999C,WA007,300885760
89,2755.75,1,310726,1012504304,101,WA002,9999A-9999C,WA007,300885761
90,936.955,0,310015,1052504201,101,ID002,3117A-3123A-9999A,MEX002,300883211
90,551.15,0,310015,1052504202,101,ID002,3117A-3123A-9999A,MEX002,300883314
90,110.23,0,310015,1052504203,101,ID002,3117A-3123A-3132A-9999A,MEX002,300883377
90,165.345,0,310015,1052504203,101,ID002,3117A-3123A-3132A-9999A,MEX002,300883391
90,220.46,0,310015,1052504204,101,ID002,3117A-3123A-9999A,MEX002,300883478
90,275.575,0,310015,1052504205,101,ID002,3117A-3123A-9999A-9999E,MEX002,300883549
90,385.805,0,310015,1052504206,101,ID002,3117A-3123A-9999A-9999E,MEX002,300883600
90,165.345,0,310015,1052504207,101,ID002,3117A-3123A-9999A-9999E,MEX002,300884041
90,165.345,0,310015,1052504208,101,ID002,3117A-3123A-9999A-9999E,MEX002,300884047
90,1653.45,1,310015,1052504208,101,ID002,3117A-3123A-9999A-9999E,TX001,300884428
91,992.07,0,310015,1052504110,101,ID002,3117A-3123A-9999A,MEX002,300882708
91,992.07,0,310015,1052504111,101,ID002,3117A-3123A-9999A,MEX002,300882897
91,1267.645,0,310015,1052504112,101,ID002,3117A-3123A-9999A,MEX002,300883007
91,606.265,0,310015,1052504113,101,ID002,3117A-3123A-9999A,MEX002,300883076
91,661.38,0,310015,1052504114,101,ID002,3117A-3123A-9999A,MEX002,300883128
93,826.725,0,310015,1052503901,101,ID002,3117A-3123A-9999A,MEX002,300882211
93,661.38,0,310015,1052503902,101,ID002,3117A-3123A-9999A,MEX002,300879103
93,661.38,0,310015,1052503903,101,ID002,3117A-3123A-9999A,MEX002,300879256
93,385.805,0,310015,1052503904,101,ID002,3117A-3123A-9999A,MEX002,300879283
93,440.92,0,310015,1052503905,101,ID002,3117A-3123A-9999A-9999E,MEX002,300879415
93,661.38,0,310015,1052503906,101,ID002,3117A-3123A-9999A-9999E,MEX002,300879609
93,165.345,0,310015,1052503909,101,ID002,3117A-3123A-9999A-9999E,MEX002,300879735
93,165.345,0,310015,1052503910,101,ID002,3117A-3123A-9999A,MEX002,300879847
93,716.495,0,310015,1052503911,101,ID002,3117A-3123A-9999A,MEX002,300879935
93,55.115,0,310015,1052503912,101,ID002,3117A-3123A-9999A,MEX002,300879943
93,165.345,0,310015,1052503913,101,ID002,3117A-3123A-9999A,MEX002,300882225
93,1267.645,0,310015,1052503915,101,ID002,3117A-3123A-9999A,MEX002,300880171
94,220.46,0,310015,1052503801,101,ID002,3117A-3123A-9999A-9999E,MEX002,300877740
94,1708.565,1,310015,1052503802,101,ID002,3117A-3123A-9999A-9999E,MEX002,300877754
94,2755.75,1,310015,1052503802,101,ID002,3117A-3123A-9999A-9999E,MEX002,300877756
94,2755.75,1,310015,1052503802,101,ID002,3117A-3123A-9999A-9999E,MEX002,300877757
94,2535.29,1,310015,1052503803,101,ID002,3117A-3123A-9999A-9999E,MEX002,300877836
94,2755.75,1,310015,1052503803,101,ID002,3117A-3123A-9999A-9999E,MEX002,300877837
94,440.92,0,310015,1052503804,101,ID002,3117A-3123A-9999A-9999E,MEX002,300877903
94,55.115,0,310015,1052503805,101,ID002,3117A-3123A-9999A-9999E,MEX002,300877931
94,275.575,0,310015,1052503806,101,ID002,9999A-9999E-9999A-9999E,MEX002,300878012
94,110.23,0,310015,1052503807,101,ID002,3117A-3123A-9999A-9999E,MEX002,300878067
94,55.115,0,310015,1052503808,101,ID002,3117A-3123A-9999A-9999E,MEX002,300878093
94,55.115,0,310015,1052503809,101,ID002,3117A-3123A-3123A-9999A-9999E,MEX002,300878158
94,220.46,0,310015,1052503811,101,ID002,3117A-3123A-9999A-9999E,MEX002,300878255
94,55.115,0,310015,1052503812,101,ID002,3117A-3123A-9999A-9999E,MEX002,300878330
94,275.575,0,310015,1052503813,101,ID002,3117A-9999A,MEX002,300882213
94,220.46,0,310015,1052503814,101,ID002,3117A-3123A-9999A,MEX002,300878644
94,220.46,0,310015,1052503815,101,ID002,3117A-3123A-9999A,MEX002,300878674
94,1102.3,0,310015,1052503816,102,ID002,9999A,MEX002,300878783
95,165.345,0,310015,1052503712,101,ID002,3117A-3123A-9999A,MEX002,300877472
95,1157.415,0,310015,1052503713,101,ID002,3117A-3123A-9999A,MEX002,300877539
95,165.345,0,310015,1052503714,101,ID002,3117A-3123A-9999A,MEX002,300877639
97,55.115,0,310726,1012503504,101,WA002,9999A-9999C,WA007,300873879
97,2755.75,1,310726,1012503505,102,WA002,9999A,WA007,300873965
97,2755.75,1,310726,1012503505,102,WA002,9999A,WA007,300873966
97,2755.75,1,310726,1012503505,102,WA002,9999A,WA007,300873967
97,2755.75,1,310726,1012503505,102,WA002,9999A,WA007,300873969
97,2755.75,1,310726,1012503506,102,WA002,9999A,WA007,300873977
97,2755.75,1,310726,1012503506,102,WA002,9999A,WA007,300873984
97,2755.75,1,310726,1012503506,102,WA002,9999A,WA007,300873993
97,2755.75,1,310726,1012503506,102,WA002,9999A,WA007,300874001
97,2755.75,1,310726,1012503506,102,WA002,9999A,WA007,300874018
97,2755.75,1,310726,1012503506,102,WA002,9999A,WA007,300874048
97,2755.75,1,310726,1012503506,102,WA002,9999A,WA007,300874049
97,2755.75,1,310726,1012503506,102,WA002,9999A,WA007,300874050
98,2204.6,1,310015,1052503401,101,ID002,3117A-3123A-9999A,ID010,300873207
100,2094.37,1,310015,1002503206,101,WA001,9999A-9999E,ID012,300871082
100,661.38,0,310015,1002503206,101,WA001,9999A-9999E,ID012,300871083
100,2369.945,1,310015,1052503201,101,ID002,3117A-3123A-3132A-9999A,MEX002,300869623
100,110.23,0,310015,1052503202,101,ID002,3117A-3123A-3132A-9999A,MEX002,300869726
100,55.115,0,310015,1052503203,101,ID002,3117A-3123A-3132A-9999A,MEX002,300873039
100,110.23,0,310015,1052503204,101,ID002,3117A-3123A-9999A,MEX002,300869922
100,2755.75,1,310015,1052503204,101,ID002,3117A-3123A-9999A,MEX002,300869923
100,1047.185,0,310015,1052503205,101,ID002,3117A-3123A-9999A,MEX002,300869987
100,2755.75,1,310015,1052503205,101,ID002,3117A-3123A-9999A,MEX002,300869988
100,275.575,0,310015,1052503206,101,ID002,3117A-3123A-9999A-9999E,MEX002,300870034
100,220.46,0,310015,1052503207,101,ID002,3117A-3123A-9999A-9999E,MEX002,300870106
100,551.15,0,310015,1052503208,101,ID002,3117A-3123A-9999A-9999E,MEX002,300870227
100,716.495,0,310015,1052503209,101,ID002,3117A-3123A-9999A-9999E,MEX002,300870253
100,55.115,0,310015,1052503210,101,ID002,3117A-3123A-9999A-9999E,MEX002,300870377
100,330.69,0,310015,1052503211,101,ID002,3117A-3123A-9999A-9999E,MEX002,300870445
100,440.92,0,310015,1052503212,101,ID002,3117A-3123A-9999A-9999E,MEX002,300870599
100,440.92,0,310015,1052503213,101,ID002,3117A-3123A-3132A-9999A-9999E,MEX002,300870715
101,110.23,0,310015,1052503103,101,ID002,3117A-3123A-9999A-9999E,MEX002,300868167
101,110.23,0,310015,1052503108,101,ID002,3117A-3117A-3123A-3123A-3123A-9999A-9999E-9999A-9999E,MEX002,300868464
101,55.115,0,310015,1052503109,101,ID002,3117A-3117A-9999A-9999A,MEX002,300868759
101,2755.75,1,310015,1052503109,101,ID002,3117A-3117A-9999A-9999A,MEX002,300868760
101,1157.415,0,310015,1052503112,102,ID002,9999A,MEX002,300869513
101,2755.75,1,310015,1052503112,102,ID002,9999A,MEX002,300869514
104,165.345,0,310002,1002502803,102,WA001,9999A,WA001,300864224
104,275.575,0,310015,1052502801,101,ID002,3117A-3123A-3132A-9999A-9999E,MEX002,300863606
104,661.38,0,310015,1052502802,101,ID002,3117A-3123A-3132A-9999A-9999E,MEX002,300863688
104,165.345,0,310015,1052502804,101,ID002,3117A-3117S-3123A-3123A-9999A-9999E,MEX002,300863969
104,385.805,0,310015,1052502805,101,ID002,3117A-3123A-9999A-9999E,MEX002,300864051
104,496.035,0,310015,1052502807,101,ID002,3117A-3123A-9999A-9999E,MEX002,300864161
104,551.15,0,310015,1052502808,101,ID002,3117A-3123A-9999A-9999E,MEX002,300864240
104,275.575,0,310015,1052502809,101,ID002,3117A-3123A-9999A-9999E,MEX002,300864300
104,2314.83,1,310015,1052502809,101,ID002,3117A-3123A-9999A-9999E,MEX002,300864301
104,2755.75,1,310015,1052502809,101,ID002,3117A-3123A-9999A-9999E,MEX002,300864343
104,2755.75,1,310015,1052502809,101,ID002,3117A-3123A-9999A-9999E,MEX002,300864344
104,496.035,0,310015,1052502810,101,ID002,3117A-3123A-9999A-9999E,MEX002,300864349
104,330.69,0,310015,1052502811,101,ID002,3117A-3123A-3132A-9999A-9999E,MEX002,300864543
104,55.115,0,310015,1052502812,101,ID002,3117A-3123A-3132A-9999A-9999E,MEX002,300864592
104,551.15,0,310015,1052502813,101,ID002,3117A-3123A-3132A-9999A-9999E,MEX002,300864788
104,1102.3,0,310015,1052502814,101,ID002,3117A-3123A-3132A-9999A-9999E,MEX002,300864875
104,992.07,0,310015,1052502814,101,ID002,3117A-3123A-3132A-9999A-9999E,MEX002,300864876
104,2755.75,1,310015,1052502814,101,ID002,3117A-3123A-3132A-9999A-9999E,MEX002,300864877
104,110.23,0,310015,1052502815,101,ID002,3117A-3123A-3132A-9999A-9999E,MEX002,300864950
104,440.92,0,310015,1052502816,101,ID002,3117A-3123A-3132A-9999A-9999E,MEX002,300865009
104,2755.75,1,310015,1052502816,101,ID002,3117A-3123A-3132A-9999A-9999E,MEX002,300865010
105,110.23,0,310015,1052502704,101,ID002,3117A-3123A-9999A-9999E,MEX002,300862391
105,220.46,0,310015,1052502705,101,ID002,3117A-3123A-9999A-9999E,MEX002,300862437
105,55.115,0,310015,1052502706,101,ID002,3117A-3123A-9999A-9999E,MEX002,300862586
105,275.575,0,310015,1052502707,101,ID002,3117A-3123A-9999A-9999E,MEX002,300862654
105,385.805,0,310015,1052502708,101,ID002,3117A-3123A-9999A-9999E,MEX002,300863544
106,1102.3,0,310015,1052502608,101,ID002,3117A-3123A-9999A-9999E,MEX002,300861498
106,2755.75,1,310015,1052502608,101,ID002,3117A-3123A-9999A-9999E,MEX002,300861499
106,936.955,0,310015,1052502609,101,ID002,3117A-9999A,MEX002,300861541
106,385.805,0,310015,1052502610,101,ID002,3117A-9999A,MEX002,300861659
107,55.115,0,310015,1052502505,101,ID002,3117A-3123A-9999A-9999E,MEX002,300859696
107,771.61,0,310015,1052502506,101,ID002,3117A-3123A-9999A-9999E,MEX002,300859791
107,2755.75,1,310015,1052502506,101,ID002,3117A-3123A-9999A-9999E,MEX002,300859792
107,496.035,0,310015,1052502507,101,ID002,3117A-3123A-9999A-9999E,MEX002,300859806
107,2700.635,1,310015,1052502507,101,ID002,3117A-3123A-9999A-9999E,MEX002,300859897
107,275.575,0,310015,1052502508,101,ID002,3117A-3123A-9999A-9999E,MEX002,300859870
107,165.345,0,310015,1052502509,101,ID002,3117A-3123A-3132A-9999A-9999E,MEX002,300860089
107,330.69,0,310015,1052502510,101,ID002,3117A-3123A-3132A-9999A-9999E,MEX002,300860122
107,165.345,0,310015,1052502511,101,ID002,3117A-3123A-3132A-9999A-9999E,MEX002,300860213
107,275.575,0,310015,1052502512,101,ID002,3117A-3123A-9999A-9999E,MEX002,300860526
110,2200,1,310086,1052502231,101,ID002,3138A-3139A-9999A,TX001,300856121
110,2200,1,310086,1052502231,101,ID002,3138A-3139A-9999A,TX001,300856122
110,2200,1,310086,1052502231,101,ID002,3138A-3139A-9999A,TX001,300856129
110,2200,1,310086,1052502231,101,ID002,3138A-3139A-9999A,TX001,300856130
110,2200,1,310086,1052502231,101,ID002,3138A-3139A-9999A,TX001,300856131
110,2200,1,310086,1052502231,101,ID002,3138A-3139A-9999A,TX001,300856132
110,2200,1,310086,1052502231,101,ID002,3138A-3139A-9999A,TX001,300856189
110,2200,1,310086,1052502231,101,ID002,3138A-3139A-9999A,TX001,300856192
110,2200,1,310086,1052502232,101,ID002,3138A-3139A-9999A,TX001,300856183
110,2200,1,310086,1052502232,101,ID002,3138A-3139A-9999A,TX001,300856184
110,2200,1,310086,1052502232,101,ID002,3138A-3139A-9999A,TX001,300856193
110,2200,1,310086,1052502232,101,ID002,3138A-3139A-9999A,TX001,300856194
110,2200,1,310086,1052502232,101,ID002,3138A-3139A-9999A,TX001,300856244
110,2200,1,310086,1052502232,101,ID002,3138A-3139A-9999A,TX001,300856249
110,2200,1,310086,1052502232,101,ID002,3138A-3139A-9999A,TX001,300856256
110,2200,1,310086,1052502232,101,ID002,3138A-3139A-9999A,TX001,300856728
110,2200,1,310086,1052502233,101,ID002,3133A-3138A-3139A-9999A,TX001,300856263
110,2200,1,310086,1052502233,101,ID002,3133A-3138A-3139A-9999A,TX001,300856264
110,2200,1,310086,1052502233,101,ID002,3133A-3138A-3139A-9999A,TX001,300856286
110,2200,1,310086,1052502233,101,ID002,3133A-3138A-3139A-9999A,TX001,300856287
110,2200,1,310086,1052502233,101,ID002,3133A-3138A-3139A-9999A,TX001,300856293
110,2200,1,310086,1052502233,101,ID002,3133A-3138A-3139A-9999A,TX001,300856295
110,2200,1,310086,1052502233,101,ID002,3133A-3138A-3139A-9999A,TX001,300856318
110,2200,1,310086,1052502233,101,ID002,3133A-3138A-3139A-9999A,TX001,300856319
110,2200,1,310086,1052502234,101,ID002,3138A-3139A-9999A,TX001,300856324
110,2200,1,310086,1052502234,101,ID002,3138A-3139A-9999A,TX001,300856325
110,2200,1,310086,1052502234,101,ID002,3138A-3139A-9999A,TX001,300856365
110,2200,1,310086,1052502234,101,ID002,3138A-3139A-9999A,TX001,300856371
110,2200,1,310086,1052502234,101,ID002,3138A-3139A-9999A,TX001,300856374
115,275.575,0,310015,1052501701,101,ID002,3117A-3123A-9999A-9999E,ID010,300848299
115,2200,1,310086,1052501731,101,ID002,3139A-9999A,TX001,300848945
115,2200,1,310086,1052501731,101,ID002,3139A-9999A,TX001,300848958
115,2200,1,310086,1052501731,101,ID002,3139A-9999A,TX001,300848987
115,2200,1,310086,1052501731,101,ID002,3139A-9999A,TX001,300848990
115,2200,1,310086,1052501731,101,ID002,3139A-9999A,TX001,300849014
115,2200,1,310086,1052501731,101,ID002,3139A-9999A,TX001,300849040
115,2200,1,310086,1052501731,101,ID002,3139A-9999A,TX001,300849041
115,2200,1,310086,1052501731,101,ID002,3139A-9999A,TX001,300849042
115,2200,1,310086,1052501732,101,ID002,3139A-9999A,TX001,300849086
115,2200,1,310086,1052501732,101,ID002,3139A-9999A,TX001,300849087
115,2200,1,310086,1052501732,101,ID002,3139A-9999A,TX001,300849777
115,2200,1,310086,1052501732,101,ID002,3139A-9999A,TX001,300849778
116,2200,1,310086,1052501631,101,ID002,3138A-3139A-9999A,TX001,300846657
116,2200,1,310086,1052501631,101,ID002,3138A-3139A-9999A,TX001,300846658
116,2200,1,310086,1052501631,101,ID002,3138A-3139A-9999A,TX001,300846659
116,2200,1,310086,1052501631,101,ID002,3138A-3139A-9999A,TX001,300846661
116,2200,1,310086,1052501631,101,ID002,3138A-3139A-9999A,TX001,300846663
116,2200,1,310086,1052501631,101,ID002,3138A-3139A-9999A,TX001,300846664
116,2200,1,310086,1052501631,101,ID002,3138A-3139A-9999A,TX001,300846666
116,2200,1,310086,1052501632,101,ID002,3138A-3139A-9999A,TX001,300846699
116,2200,1,310086,1052501632,101,ID002,3138A-3139A-9999A,TX001,300846700
116,2200,1,310086,1052501632,101,ID002,3138A-3139A-9999A,TX001,300846701
116,2200,1,310086,1052501632,101,ID002,3138A-3139A-9999A,TX001,300846703
116,2200,1,310086,1052501632,101,ID002,3138A-3139A-9999A,TX001,300846705
116,2200,1,310086,1052501632,101,ID002,3138A-3139A-9999A,TX001,300846706
116,2200,1,310086,1052501632,101,ID002,3138A-3139A-9999A,TX001,300846707
116,2200,1,310086,1052501633,101,ID002,3138A-3139A-9999A,TX001,300846752
116,2200,1,310086,1052501633,101,ID002,3138A-3139A-9999A,TX001,300846759
116,2200,1,310086,1052501633,101,ID002,3138A-3139A-9999A,TX001,300846761
116,2200,1,310086,1052501633,101,ID002,3138A-3139A-9999A,TX001,300846762
116,2200,1,310086,1052501633,101,ID002,3138A-3139A-9999A,TX001,300846763
116,2200,1,310086,1052501633,101,ID002,3138A-3139A-9999A,TX001,300846764
116,2200,1,310086,1052501633,101,ID002,3138A-3139A-9999A,TX001,300846765
116,2200,1,310086,1052501633,101,ID002,3138A-3139A-9999A,TX001,300848644
116,2200,1,310086,1052501634,101,ID002,3138A-3139A-9999A,TX001,300848089
116,2200,1,310086,1052501634,101,ID002,3138A-3139A-9999A,TX001,300848090
119,2700.635,1,310015,1052501302,101,ID002,3117A-3123A-9999A-9999E,MEX002,300842873
119,551.15,0,310015,1052501303,101,ID002,3117A-9999A,MEX002,300843068
119,716.495,0,310015,1052501304,101,ID002,3117A-9999A,MEX002,300843137
119,1212.53,0,310015,1052501306,101,ID002,3117A-3123A-3132A-9999A-9999E,MEX002,300843550
119,496.035,0,310015,1052501307,101,ID002,3117A-3132A-9999A,MEX002,300843618
119,275.575,0,310015,1052501308,101,ID002,3117A-3132A-9999A,MEX002,300843677
119,881.84,0,310018,1002501303,102,WA001,9999A,ID012,300843710
119,2259.715,1,310018,1002501303,102,WA001,9999A,WA018,300843709
119,496.035,0,310018,1002501303,102,WA001,9999A,WA018,300843712
119,2755.75,1,310018,1002501304,102,WA001,9999A,WA001,300843785
119,2755.75,1,310018,1002501304,102,WA001,9999A,WA001,300843786
119,2755.75,1,310018,1002501304,102,WA001,9999A,WA001,300843831
119,2755.75,1,310018,1002501304,102,WA001,9999A,WA001,300843832
119,2755.75,1,310018,1002501304,102,WA001,9999A,WA001,300843854
119,2755.75,1,310018,1002501304,102,WA001,9999A,WA001,300843855
119,2755.75,1,310018,1002501305,102,WA001,9999A,WA001,300843869
119,2755.75,1,310018,1002501305,102,WA001,9999A,WA001,300843987
120,2755.75,1,310015,1012501203,101,WA002,3117A-3117S-3123A-3132A-9999A-9999E,WA010,300841123
120,2755.75,1,310015,1012501203,101,WA002,3117A-3117S-3123A-3132A-9999A-9999E,WA010,300841185
120,2755.75,1,310015,1012501203,101,WA002,3117A-3117S-3123A-3132A-9999A-9999E,WA010,300841188
120,2755.75,1,310015,1012501204,101,WA002,3117A-3123A-3132A-9999A-9999E,WA010,300841208
120,2755.75,1,310015,1012501204,101,WA002,3117A-3123A-3132A-9999A-9999E,WA010,300841209
120,2755.75,1,310015,1012501204,101,WA002,3117A-3123A-3132A-9999A-9999E,WA010,300841210
120,2755.75,1,310015,1012501204,101,WA002,3117A-3123A-3132A-9999A-9999E,WA010,300841211
120,2755.75,1,310015,1012501204,101,WA002,3117A-3123A-3132A-9999A-9999E,WA010,300841213
120,2755.75,1,310015,1012501204,101,WA002,3117A-3123A-3132A-9999A-9999E,WA010,300841239
120,220.46,0,310015,1052501207,101,ID002,3117A-9999A,ID010,300842281
