,order number,ship date,whs code,lot no,sublot no,sku,production facility,grade,spec,age
0,232513-1-4-110,2025-05-16,ID002,1052510021,300965914,310768,ID002,101,3200A-9999A,27
1,232513-1-4-110,2025-05-16,ID002,1052510021,300965916,310768,ID002,101,3200A-9999A,27
2,232513-1-4-110,2025-05-16,ID002,1052510021,300965917,310768,ID002,101,3200A-9999A,27
3,232513-1-4-110,2025-05-16,ID002,1052510021,300965918,310768,ID002,101,3200A-9999A,27
4,232513-1-4-110,2025-05-16,ID002,1052510021,300965919,310768,ID002,101,3200A-9999A,27
5,232513-1-4-110,2025-05-16,ID002,1052510021,300965921,310768,ID002,101,3200A-9999A,27
6,232513-1-4-110,2025-05-16,ID002,1052510021,300965922,310768,ID002,101,3200A-9999A,27
7,232513-1-4-110,2025-05-16,ID002,1052510021,300965923,310768,ID002,101,3200A-9999A,27
8,232513-1-4-110,2025-05-16,ID002,1052510022,300965953,310768,ID002,101,3200A-9999A,27
9,232513-1-4-110,2025-05-16,ID002,1052510022,300965954,310768,ID002,101,3200A-9999A,27
10,232513-1-4-111,2025-05-16,ID002,1052510022,300965955,310768,ID002,101,3200A-9999A,27
11,232513-1-4-111,2025-05-16,ID002,1052510022,300965956,310768,ID002,101,3200A-9999A,27
12,232513-1-4-111,2025-05-16,ID002,1052510022,300965957,310768,ID002,101,3200A-9999A,27
13,232513-1-4-111,2025-05-16,ID002,1052510022,300965958,310768,ID002,101,3200A-9999A,27
14,232513-1-4-111,2025-05-16,ID002,1052510022,300965964,310768,ID002,101,3200A-9999A,27
15,232513-1-4-111,2025-05-16,ID002,1052510022,300965965,310768,ID002,101,3200A-9999A,27
16,232513-1-4-111,2025-05-16,ID002,1052510023,300966056,310768,ID002,101,3200A-9999A,27
17,232513-1-4-111,2025-05-16,ID002,1052510023,300966057,310768,ID002,101,3200A-9999A,27
18,232513-1-4-111,2025-05-16,ID002,1052510023,300966058,310768,ID002,101,3200A-9999A,27
19,232513-1-4-111,2025-05-16,ID002,1052510023,300966059,310768,ID002,101,3200A-9999A,27
20,232513-1-5-113,2025-05-19,ID002,1052510023,300966060,310768,ID002,101,3200A-9999A,27
21,232513-1-5-113,2025-05-19,ID002,1052510023,300966061,310768,ID002,101,3200A-9999A,27
22,232513-1-5-113,2025-05-19,ID002,1052510023,300966062,310768,ID002,101,3200A-9999A,27
23,232513-1-5-113,2025-05-19,ID002,1052510023,300966063,310768,ID002,101,3200A-9999A,27
24,232513-1-5-113,2025-05-19,ID002,1052510024,300966122,310768,ID002,101,3200A-9999A,27
25,232513-1-5-113,2025-05-19,ID002,1052510024,300966123,310768,ID002,101,3200A-9999A,27
26,232513-1-5-113,2025-05-19,ID002,1052510024,300966124,310768,ID002,101,3200A-9999A,27
27,232513-1-5-113,2025-05-19,ID002,1052510024,300966125,310768,ID002,101,3200A-9999A,27
28,232513-1-5-113,2025-05-19,ID002,1052510024,300966126,310768,ID002,101,3200A-9999A,27
29,232513-1-5-113,2025-05-19,ID002,1052510024,300966127,310768,ID002,101,3200A-9999A,27
30,232146-1-5-124,2025-05-18,ID010,1052510701,300974451,310015,ID002,101,3117A-3123A-9999A-9999E,20
31,232146-1-5-124,2025-05-18,ID010,1052510702,300974492,310015,ID002,101,3117A-3123A-9999A-9999E,20
32,232146-1-5-124,2025-05-18,ID010,1052510702,300974493,310015,ID002,101,3117A-3123A-9999A-9999E,20
33,232146-1-5-124,2025-05-18,ID010,1052510702,300974494,310015,ID002,101,3117A-3123A-9999A-9999E,20
34,232146-1-5-124,2025-05-18,ID010,1052510702,300974495,310015,ID002,101,3117A-3123A-9999A-9999E,20
35,232146-1-5-124,2025-05-18,ID010,1052510702,300974517,310015,ID002,101,3117A-3123A-9999A-9999E,20
36,232146-1-5-124,2025-05-18,ID010,1052510702,300974518,310015,ID002,101,3117A-3123A-9999A-9999E,20
37,232146-1-5-124,2025-05-18,ID010,1052510702,300974519,310015,ID002,101,3117A-3123A-9999A-9999E,20
38,232146-1-5-124,2025-05-18,ID010,1052510702,300974520,310015,ID002,101,3117A-3123A-9999A-9999E,20
39,232146-1-5-124,2025-05-18,ID010,1052510703,300974527,310015,ID002,101,3117A-3123A-9999A-9999E,20
40,232501-1-6-123,2025-05-31,ID010,1052510806,300976014,310015,ID002,101,3117A-3123A-3132A-9999A-9999E,19
41,232501-1-6-123,2025-05-31,ID010,1052510807,300976066,310015,ID002,101,3117A-3123A-3132A-9999A-9999E,19
42,232501-1-6-123,2025-05-31,ID010,1052510807,300976068,310015,ID002,101,3117A-3123A-3132A-9999A-9999E,19
43,232501-1-6-123,2025-05-31,ID010,1052510807,300976069,310015,ID002,101,3117A-3123A-3132A-9999A-9999E,19
44,232501-1-6-123,2025-05-31,ID010,1052510807,300976070,310015,ID002,101,3117A-3123A-3132A-9999A-9999E,19
45,232501-1-6-123,2025-05-31,ID010,1052510807,300976094,310015,ID002,101,3117A-3123A-3132A-9999A-9999E,19
46,232501-1-6-123,2025-05-31,ID010,1052510807,300976099,310015,ID002,101,3117A-3123A-3132A-9999A-9999E,19
47,232501-1-6-123,2025-05-31,ID010,1052510807,300976102,310015,ID002,101,3117A-3123A-3132A-9999A-9999E,19
48,232501-1-6-123,2025-05-31,ID010,1052510807,300976104,310015,ID002,101,3117A-3123A-3132A-9999A-9999E,19
49,232501-1-6-123,2025-05-31,ID010,1052510809,300976201,310015,ID002,101,3117A-3123A-3132A-9999A-9999E,19
50,232630-1-1-104,2025-05-28,ID010,1052510801,300975689,310015,ID002,101,3117A-3123A-9999A-9999E,19
51,232630-1-1-104,2025-05-28,ID010,1052510801,300975690,310015,ID002,101,3117A-3123A-9999A-9999E,19
52,232630-1-1-104,2025-05-28,ID010,1052510801,300975691,310015,ID002,101,3117A-3123A-9999A-9999E,19
53,232630-1-1-104,2025-05-28,ID010,1052510801,300975692,310015,ID002,101,3117A-3123A-9999A-9999E,19
54,232630-1-1-104,2025-05-28,ID010,1052510801,300975693,310015,ID002,101,3117A-3123A-9999A-9999E,19
55,232630-1-1-104,2025-05-28,ID010,1052510802,300975704,310015,ID002,101,3117A-3123A-9999A-9999E,19
56,232630-1-1-104,2025-05-28,ID010,1052510802,300975707,310015,ID002,101,3117A-3123A-9999A-9999E,19
57,232630-1-1-104,2025-05-28,ID010,1052510802,300975710,310015,ID002,101,3117A-3123A-9999A-9999E,19
58,232630-1-1-104,2025-05-28,ID010,1052510802,300975711,310015,ID002,101,3117A-3123A-9999A-9999E,19
59,232630-1-1-104,2025-05-28,ID010,1052510802,300975721,310015,ID002,101,3117A-3123A-9999A-9999E,19
60,232630-1-1-105,2025-05-28,ID010,1052510605,300973523,310015,ID002,101,3117A-3123A-9999A-9999E,21
61,232630-1-1-105,2025-05-28,ID010,1052510605,300973531,310015,ID002,101,3117A-3123A-9999A-9999E,21
62,232630-1-1-105,2025-05-28,ID010,1052510605,300973532,310015,ID002,101,3117A-3123A-9999A-9999E,21
63,232630-1-1-105,2025-05-28,ID010,1052510605,300973533,310015,ID002,101,3117A-3123A-9999A-9999E,21
64,232630-1-1-105,2025-05-28,ID010,1052510605,300973540,310015,ID002,101,3117A-3123A-9999A-9999E,21
65,232630-1-1-105,2025-05-28,ID010,1052510605,300973541,310015,ID002,101,3117A-3123A-9999A-9999E,21
66,232630-1-1-105,2025-05-28,ID010,1052510605,300973542,310015,ID002,101,3117A-3123A-9999A-9999E,21
67,232630-1-1-105,2025-05-28,ID010,1052510605,300973543,310015,ID002,101,3117A-3123A-9999A-9999E,21
68,232630-1-1-105,2025-05-28,ID010,1052510606,300973580,310015,ID002,101,3117A-3123A-9999A-9999E,21
69,232630-1-1-105,2025-05-28,ID010,1052510606,300973583,310015,ID002,101,3117A-3123A-9999A-9999E,21
70,232675-1-6-114,2025-05-29,ID010,1052509531,300958959,310086,ID002,101,3139A-3140A-9999A,32
71,232675-1-6-114,2025-05-29,ID010,1052509531,300958976,310086,ID002,101,3139A-3140A-9999A,32
72,232675-1-6-114,2025-05-29,ID010,1052509531,300958977,310086,ID002,101,3139A-3140A-9999A,32
73,232675-1-6-114,2025-05-29,ID010,1052509531,300958978,310086,ID002,101,3139A-3140A-9999A,32
74,232675-1-6-114,2025-05-29,ID010,1052509531,300958979,310086,ID002,101,3139A-3140A-9999A,32
75,232675-1-6-114,2025-05-29,ID010,1052509531,300959002,310086,ID002,101,3139A-3140A-9999A,32
76,232675-1-6-114,2025-05-29,ID010,1052509531,300959003,310086,ID002,101,3139A-3140A-9999A,32
77,232675-1-6-114,2025-05-29,ID010,1052509532,300959019,310086,ID002,101,3139A-3140A-9999A,32
78,232675-1-6-114,2025-05-29,ID010,1052509532,300959020,310086,ID002,101,3139A-3140A-9999A,32
79,232675-1-6-114,2025-05-29,ID010,1052509532,300959021,310086,ID002,101,3139A-3140A-9999A,32
80,232675-1-6-114,2025-05-29,ID010,1052509435,300956920,310086,ID002,101,3139A-3140A-9999A,33
81,232675-1-6-114,2025-05-29,ID010,1052509435,300956925,310086,ID002,101,3139A-3140A-9999A,33
82,232675-1-6-114,2025-05-29,ID010,1052509435,300956936,310086,ID002,101,3139A-3140A-9999A,33
83,232675-1-6-114,2025-05-29,ID010,1052509435,300956940,310086,ID002,101,3139A-3140A-9999A,33
84,232675-1-6-114,2025-05-29,ID010,1052509435,300956943,310086,ID002,101,3139A-3140A-9999A,33
85,232675-1-6-114,2025-05-29,ID010,1052509435,300956945,310086,ID002,101,3139A-3140A-9999A,33
86,232675-1-6-114,2025-05-29,ID010,1052509435,300956951,310086,ID002,101,3139A-3140A-9999A,33
87,232675-1-6-114,2025-05-29,ID010,1052509435,300956954,310086,ID002,101,3139A-3140A-9999A,33
88,232675-1-6-114,2025-05-29,ID010,1052509436,300956990,310086,ID002,101,3139A-3140A-9999A,33
89,232675-1-6-114,2025-05-29,ID010,1052509436,300957028,310086,ID002,101,3139A-3140A-9999A,33
90,232807-1-2-141,2025-06-01,ID010,1052510802,300975724,310015,ID002,101,3117A-3123A-9999A-9999E,19
91,232807-1-2-141,2025-06-01,ID010,1052510802,300975725,310015,ID002,101,3117A-3123A-9999A-9999E,19
92,232807-1-2-141,2025-06-01,ID010,1052510802,300975726,310015,ID002,101,3117A-3123A-9999A-9999E,19
93,232807-1-2-141,2025-06-01,ID010,1052510803,300975760,310015,ID002,101,3117A-3123A-9999A-9999E,19
94,232807-1-2-141,2025-06-01,ID010,1052510803,300975761,310015,ID002,101,3117A-3123A-9999A-9999E,19
95,232807-1-2-141,2025-06-01,ID010,1052510808,300976111,310015,ID002,101,3117A-3123A-9999A-9999E,19
96,232807-1-2-141,2025-06-01,ID010,1052510808,300976112,310015,ID002,101,3117A-3123A-9999A-9999E,19
97,232807-1-2-141,2025-06-01,ID010,1052510808,300976113,310015,ID002,101,3117A-3123A-9999A-9999E,19
98,232807-1-2-141,2025-06-01,ID010,1052510808,300976114,310015,ID002,101,3117A-3123A-9999A-9999E,19
99,232807-1-2-141,2025-06-01,ID010,1052510808,300976164,310015,ID002,101,3117A-3123A-9999A-9999E,19
100,232807-1-2-141,2025-06-01,ID010,1052510808,300976165,310015,ID002,101,3117A-3123A-9999A-9999E,19
101,232807-1-2-141,2025-06-01,ID010,1052510808,300976166,310015,ID002,101,3117A-3123A-9999A-9999E,19
102,232807-1-2-141,2025-06-01,ID010,1052510808,300976167,310015,ID002,101,3117A-3123A-9999A-9999E,19
103,232807-1-2-141,2025-06-01,ID010,1052510810,300976265,310015,ID002,101,3117A-3123A-9999A-9999E,19
104,232807-1-2-141,2025-06-01,ID010,1052510810,300976266,310015,ID002,101,3117A-3123A-9999A-9999E,19
105,232807-1-2-141,2025-06-01,ID010,1052510810,300976267,310015,ID002,101,3117A-3123A-9999A-9999E,19
106,232807-1-2-141,2025-06-01,ID010,1052510810,300976270,310015,ID002,101,3117A-3123A-9999A-9999E,19
107,232807-1-2-141,2025-06-01,ID010,1052510810,300976319,310015,ID002,101,3117A-3123A-9999A-9999E,19
108,232807-1-2-141,2025-06-01,ID010,1052510812,300976437,310015,ID002,101,3117A-3123A-9999A-9999E,19
109,232807-1-2-141,2025-06-01,ID010,1052510812,300976438,310015,ID002,101,3117A-3123A-9999A-9999E,19
110,232807-1-2-146,2025-06-01,ID010,1052511301,300982840,310015,ID002,101,3117A-3123A-9999A-9999E,14
111,232807-1-2-146,2025-06-01,ID010,1052511301,300982841,310015,ID002,101,3117A-3123A-9999A-9999E,14
112,232807-1-2-146,2025-06-01,ID010,1052511301,300982852,310015,ID002,101,3117A-3123A-9999A-9999E,14
113,232807-1-2-146,2025-06-01,ID010,1052511301,300982893,310015,ID002,101,3117A-3123A-9999A-9999E,14
114,232807-1-2-146,2025-06-01,ID010,1052511301,300982894,310015,ID002,101,3117A-3123A-9999A-9999E,14
115,232807-1-2-146,2025-06-01,ID010,1052511301,300982895,310015,ID002,101,3117A-3123A-9999A-9999E,14
116,232807-1-2-146,2025-06-01,ID010,1052511301,300982896,310015,ID002,101,3117A-3123A-9999A-9999E,14
117,232807-1-2-146,2025-06-01,ID010,1052511302,300982910,310015,ID002,101,3117A-3123A-9999A-9999E,14
118,232807-1-2-146,2025-06-01,ID010,1052511302,300982911,310015,ID002,101,3117A-3123A-9999A-9999E,14
119,232807-1-2-146,2025-06-01,ID010,1052511302,300982912,310015,ID002,101,3117A-3123A-9999A-9999E,14
120,232807-1-2-147,2025-06-01,ID010,1052510708,300974886,310015,ID002,101,3117A-3123A-9999A-9999E,20
121,232807-1-2-147,2025-06-01,ID010,1052510708,300974887,310015,ID002,101,3117A-3123A-9999A-9999E,20
122,232807-1-2-147,2025-06-01,ID010,1052510709,300974896,310015,ID002,101,3117A-3123A-9999A-9999E,20
123,232807-1-2-147,2025-06-01,ID010,1052510709,300974898,310015,ID002,101,3117A-3123A-9999A-9999E,20
124,232807-1-2-147,2025-06-01,ID010,1052510709,300974899,310015,ID002,101,3117A-3123A-9999A-9999E,20
125,232807-1-2-147,2025-06-01,ID010,1052510709,300974913,310015,ID002,101,3117A-3123A-9999A-9999E,20
126,232807-1-2-147,2025-06-01,ID010,1052510709,300975969,310015,ID002,101,3117A-3123A-9999A-9999E,20
127,232807-1-2-147,2025-06-01,ID010,1052510709,300975971,310015,ID002,101,3117A-3123A-9999A-9999E,20
128,232807-1-2-147,2025-06-01,ID010,1052510709,300975972,310015,ID002,101,3117A-3123A-9999A-9999E,20
129,232807-1-2-147,2025-06-01,ID010,1052510709,300975973,310015,ID002,101,3117A-3123A-9999A-9999E,20
130,232807-1-2-147,2025-06-01,ID010,1052510710,300974919,310015,ID002,101,3117A-3123A-9999A-9999E,20
131,232807-1-2-147,2025-06-01,ID010,1052510710,300974920,310015,ID002,101,3117A-3123A-9999A-9999E,20
132,232807-1-2-147,2025-06-01,ID010,1052510710,300974921,310015,ID002,101,3117A-3123A-9999A-9999E,20
133,232807-1-2-147,2025-06-01,ID010,1052510710,300974922,310015,ID002,101,3117A-3123A-9999A-9999E,20
134,232807-1-2-147,2025-06-01,ID010,1052510710,300974950,310015,ID002,101,3117A-3123A-9999A-9999E,20
135,232807-1-2-147,2025-06-01,ID010,1052510712,300975033,310015,ID002,101,3117A-3123A-9999A-9999E,20
136,232807-1-2-147,2025-06-01,ID010,1052510712,300975069,310015,ID002,101,3117A-3123A-9999A-9999E,20
137,232807-1-2-147,2025-06-01,ID010,1052510712,300975070,310015,ID002,101,3117A-3123A-9999A-9999E,20
138,232807-1-2-147,2025-06-01,ID010,1052510712,300975071,310015,ID002,101,3117A-3123A-9999A-9999E,20
139,232807-1-2-147,2025-06-01,ID010,1052510713,300975082,310015,ID002,101,3117A-3123A-9999A-9999E,20
140,233091-1-2-103,2025-05-29,ID010,1052509439,300957157,310086,ID002,101,3139A-3140A-9999A,33
141,233091-1-2-103,2025-05-29,ID010,1052509439,300957158,310086,ID002,101,3139A-3140A-9999A,33
142,233091-1-2-103,2025-05-29,ID010,1052509439,300957167,310086,ID002,101,3139A-3140A-9999A,33
143,233091-1-2-103,2025-05-29,ID010,1052509439,300957168,310086,ID002,101,3139A-3140A-9999A,33
144,233091-1-2-103,2025-05-29,ID010,1052509439,300957174,310086,ID002,101,3139A-3140A-9999A,33
145,233091-1-2-103,2025-05-29,ID010,1052509439,300957175,310086,ID002,101,3139A-3140A-9999A,33
146,233091-1-2-103,2025-05-29,ID010,1052509439,300957181,310086,ID002,101,3139A-3140A-9999A,33
147,233091-1-2-103,2025-05-29,ID010,1052509439,300957182,310086,ID002,101,3139A-3140A-9999A,33
148,233091-1-2-103,2025-05-29,ID010,1052509440,300957196,310086,ID002,101,3139A-3140A-9999A,33
149,233091-1-2-103,2025-05-29,ID010,1052509440,300957197,310086,ID002,101,3139A-3140A-9999A,33
150,233091-1-2-103,2025-05-29,ID010,1052509440,300957200,310086,ID002,101,3139A-3140A-9999A,33
151,233091-1-2-103,2025-05-29,ID010,1052509440,300957206,310086,ID002,101,3139A-3140A-9999A,33
152,233091-1-2-103,2025-05-29,ID010,1052509440,300957210,310086,ID002,101,3139A-3140A-9999A,33
153,233091-1-2-103,2025-05-29,ID010,1052509443,300957373,310086,ID002,101,3139A-3140A-9999A,33
154,233091-1-2-103,2025-05-29,ID010,1052509443,300957374,310086,ID002,101,3139A-3140A-9999A,33
155,233091-1-2-103,2025-05-29,ID010,1052509443,300957387,310086,ID002,101,3139A-3140A-9999A,33
156,233091-1-2-103,2025-05-29,ID010,1052509443,300957388,310086,ID002,101,3139A-3140A-9999A,33
157,233091-1-2-103,2025-05-29,ID010,1052509443,300957408,310086,ID002,101,3139A-3140A-9999A,33
158,233091-1-2-103,2025-05-29,ID010,1052509443,300957409,310086,ID002,101,3139A-3140A-9999A,33
159,233091-1-2-103,2025-05-29,ID010,1052509443,300957410,310086,ID002,101,3139A-3140A-9999A,33
160,233245-1-1-101,2025-05-23,ID010,1052510004,300964956,310015,ID002,101,3117A-3123A-9999A-9999E,27
161,233245-1-1-101,2025-05-23,ID010,1052510004,300965041,310015,ID002,101,3117A-3123A-9999A-9999E,27
162,233245-1-1-101,2025-05-23,ID010,1052510004,300965042,310015,ID002,101,3117A-3123A-9999A-9999E,27
163,233245-1-1-101,2025-05-23,ID010,1052510004,300965043,310015,ID002,101,3117A-3123A-9999A-9999E,27
164,233245-1-1-101,2025-05-23,ID010,1052510004,300965044,310015,ID002,101,3117A-3123A-9999A-9999E,27
165,233245-1-1-101,2025-05-23,ID010,1052510004,300965045,310015,ID002,101,3117A-3123A-9999A-9999E,27
166,233245-1-1-101,2025-05-23,ID010,1052510005,300965075,310015,ID002,101,3117A-3123A-9999A-9999E,27
167,233245-1-1-101,2025-05-23,ID010,1052510005,300965077,310015,ID002,101,3117A-3123A-9999A-9999E,27
168,233245-1-1-101,2025-05-23,ID010,1052510005,300965078,310015,ID002,101,3117A-3123A-9999A-9999E,27
169,233245-1-1-101,2025-05-23,ID010,1052510005,300965079,310015,ID002,101,3117A-3123A-9999A-9999E,27
170,233367-1-1-105,2025-05-16,ID010,1052510005,300965088,310015,ID002,101,3117A-3123A-9999A-9999E,27
171,233367-1-1-105,2025-05-16,ID010,1052510005,300965089,310015,ID002,101,3117A-3123A-9999A-9999E,27
172,233367-1-1-105,2025-05-16,ID010,1052510005,300965090,310015,ID002,101,3117A-3123A-9999A-9999E,27
173,233367-1-1-105,2025-05-16,ID010,1052510005,300965091,310015,ID002,101,3117A-3123A-9999A-9999E,27
174,233367-1-1-105,2025-05-16,ID010,1052510007,300965553,310015,ID002,101,3117A-3123A-9999A-9999E,27
175,233367-1-1-105,2025-05-16,ID010,1052510007,300965554,310015,ID002,101,3117A-3123A-9999A-9999E,27
176,233367-1-1-105,2025-05-16,ID010,1052510007,300965555,310015,ID002,101,3117A-3123A-9999A-9999E,27
177,233367-1-1-105,2025-05-16,ID010,1052510008,300965603,310015,ID002,101,3117A-3123A-9999A-9999E,27
178,233367-1-1-105,2025-05-16,ID010,1052510008,300965604,310015,ID002,101,3117A-3123A-9999A-9999E,27
179,233367-1-1-105,2025-05-16,ID010,1052510008,300965605,310015,ID002,101,3117A-3123A-9999A-9999E,27
180,233367-1-1-107,2025-05-19,ID010,1052510812,300976439,310015,ID002,101,3117A-3123A-9999A-9999E,19
181,233367-1-1-107,2025-05-19,ID010,1052510812,300976440,310015,ID002,101,3117A-3123A-9999A-9999E,19
182,233367-1-1-107,2025-05-19,ID010,1052510813,300976460,310015,ID002,101,3117A-3123A-9999A-9999E,19
183,233367-1-1-107,2025-05-19,ID010,1052510813,300976462,310015,ID002,101,3117A-3123A-9999A-9999E,19
184,233367-1-1-107,2025-05-19,ID010,1052510813,300976463,310015,ID002,101,3117A-3123A-9999A-9999E,19
185,233367-1-1-107,2025-05-19,ID010,1052510813,300976464,310015,ID002,101,3117A-3123A-9999A-9999E,19
186,233367-1-1-107,2025-05-19,ID010,1052510813,300976530,310015,ID002,101,3117A-3123A-9999A-9999E,19
187,233367-1-1-107,2025-05-19,ID010,1052510813,300976531,310015,ID002,101,3117A-3123A-9999A-9999E,19
188,233367-1-1-107,2025-05-19,ID010,1052510813,300976532,310015,ID002,101,3117A-3123A-9999A-9999E,19
189,233367-1-1-107,2025-05-19,ID010,1052510813,300976533,310015,ID002,101,3117A-3123A-9999A-9999E,19
190,233369-1-1-114,2025-05-29,ID010,1052510713,300975228,310015,ID002,101,3117A-3123A-9999A-9999E,20
191,233369-1-1-114,2025-05-29,ID010,1052510713,300975229,310015,ID002,101,3117A-3123A-9999A-9999E,20
192,233369-1-1-114,2025-05-29,ID010,1052510713,300975230,310015,ID002,101,3117A-3123A-9999A-9999E,20
193,233369-1-1-114,2025-05-29,ID010,1052510713,300975238,310015,ID002,101,3117A-3123A-9999A-9999E,20
194,233369-1-1-114,2025-05-29,ID010,1052510713,300975239,310015,ID002,101,3117A-3123A-9999A-9999E,20
195,233369-1-1-114,2025-05-29,ID010,1052510713,300975240,310015,ID002,101,3117A-3123A-9999A-9999E,20
196,233369-1-1-114,2025-05-29,ID010,1052510713,300975241,310015,ID002,101,3117A-3123A-9999A-9999E,20
197,233369-1-1-114,2025-05-29,ID010,1052510714,300975256,310015,ID002,101,3117A-3123A-9999A-9999E,20
198,233369-1-1-114,2025-05-29,ID010,1052510714,300975260,310015,ID002,101,3117A-3123A-9999A-9999E,20
199,233369-1-1-114,2025-05-29,ID010,1052510714,300975261,310015,ID002,101,3117A-3123A-9999A-9999E,20
200,233369-1-1-114,2025-05-29,ID010,1052510717,300975477,310015,ID002,101,3117A-3123A-9999A-9999E,20
201,233369-1-1-114,2025-05-29,ID010,1052510717,300975478,310015,ID002,101,3117A-3123A-9999A-9999E,20
202,233369-1-1-114,2025-05-29,ID010,1052510717,300975480,310015,ID002,101,3117A-3123A-9999A-9999E,20
203,233369-1-1-114,2025-05-29,ID010,1052510717,300975481,310015,ID002,101,3117A-3123A-9999A-9999E,20
204,233369-1-1-114,2025-05-29,ID010,1052510717,300975482,310015,ID002,101,3117A-3123A-9999A-9999E,20
205,233369-1-1-114,2025-05-29,ID010,1052510717,300975483,310015,ID002,101,3117A-3123A-9999A-9999E,20
206,233369-1-1-114,2025-05-29,ID010,1052510717,300975484,310015,ID002,101,3117A-3123A-9999A-9999E,20
207,233369-1-1-114,2025-05-29,ID010,1052510717,300975487,310015,ID002,101,3117A-3123A-9999A-9999E,20
208,233369-1-1-114,2025-05-29,ID010,1052510718,300975529,310015,ID002,101,3117A-3123A-9999A-9999E,20
209,233369-1-1-114,2025-05-29,ID010,1052510718,300975531,310015,ID002,101,3117A-3123A-9999A-9999E,20
210,233369-1-1-116,2025-05-29,ID010,1052511210,300982046,310015,ID002,101,3117A-3123A-9999A-9999E,15
211,233369-1-1-116,2025-05-29,ID010,1052511210,300982047,310015,ID002,101,3117A-3123A-9999A-9999E,15
212,233369-1-1-116,2025-05-29,ID010,1052511210,300982066,310015,ID002,101,3117A-3123A-9999A-9999E,15
213,233369-1-1-116,2025-05-29,ID010,1052511210,300982067,310015,ID002,101,3117A-3123A-9999A-9999E,15
214,233369-1-1-116,2025-05-29,ID010,1052511210,300982070,310015,ID002,101,3117A-3123A-9999A-9999E,15
215,233369-1-1-116,2025-05-29,ID010,1052511210,300982071,310015,ID002,101,3117A-3123A-9999A-9999E,15
216,233369-1-1-116,2025-05-29,ID010,1052511210,300982072,310015,ID002,101,3117A-3123A-9999A-9999E,15
217,233369-1-1-116,2025-05-29,ID010,1052511210,300982073,310015,ID002,101,3117A-3123A-9999A-9999E,15
218,233369-1-1-116,2025-05-29,ID010,1052511211,300982123,310015,ID002,101,3117A-3123A-9999A-9999E,15
219,233369-1-1-116,2025-05-29,ID010,1052511211,300982124,310015,ID002,101,3117A-3123A-9999A-9999E,15
220,233369-1-1-116,2025-05-29,ID010,1052511211,300982125,310015,ID002,101,3117A-3123A-9999A-9999E,15
221,233369-1-1-116,2025-05-29,ID010,1052511211,300982127,310015,ID002,101,3117A-3123A-9999A-9999E,15
222,233369-1-1-116,2025-05-29,ID010,1052511211,300982260,310015,ID002,101,3117A-3123A-9999A-9999E,15
223,233369-1-1-116,2025-05-29,ID010,1052511211,300982261,310015,ID002,101,3117A-3123A-9999A-9999E,15
224,233369-1-1-116,2025-05-29,ID010,1052511211,300982262,310015,ID002,101,3117A-3123A-9999A-9999E,15
225,233369-1-1-116,2025-05-29,ID010,1052511211,300982263,310015,ID002,101,3117A-3123A-9999A-9999E,15
226,233369-1-1-116,2025-05-29,ID010,1052511213,300982346,310015,ID002,101,3117A-3123A-9999A-9999E,15
227,233369-1-1-116,2025-05-29,ID010,1052511213,300982347,310015,ID002,101,3117A-3123A-9999A-9999E,15
228,233369-1-1-116,2025-05-29,ID010,1052511213,300982384,310015,ID002,101,3117A-3123A-9999A-9999E,15
229,233369-1-1-116,2025-05-29,ID010,1052511213,300982385,310015,ID002,101,3117A-3123A-9999A-9999E,15
230,233369-1-1-117,2025-05-29,ID010,1052511006,300979178,310015,ID002,101,3117A-3123A-3132A-9999A,17
231,233369-1-1-117,2025-05-29,ID010,1052511006,300979179,310015,ID002,101,3117A-3123A-3132A-9999A,17
232,233369-1-1-117,2025-05-29,ID010,1052511006,300979180,310015,ID002,101,3117A-3123A-3132A-9999A,17
233,233369-1-1-117,2025-05-29,ID010,1052511006,300979181,310015,ID002,101,3117A-3123A-3132A-9999A,17
234,233369-1-1-117,2025-05-29,ID010,1052511006,300979182,310015,ID002,101,3117A-3123A-3132A-9999A,17
235,233369-1-1-117,2025-05-29,ID010,1052511006,300979183,310015,ID002,101,3117A-3123A-3132A-9999A,17
236,233369-1-1-117,2025-05-29,ID010,1052511006,300979184,310015,ID002,101,3117A-3123A-3132A-9999A,17
237,233369-1-1-117,2025-05-29,ID010,1052511006,300979185,310015,ID002,101,3117A-3123A-3132A-9999A,17
238,233369-1-1-117,2025-05-29,ID010,1052511008,300979311,310015,ID002,101,3117A-3123A-3132A-9999A,17
239,233369-1-1-117,2025-05-29,ID010,1052511008,300979312,310015,ID002,101,3117A-3123A-3132A-9999A,17
240,233369-1-1-120,2025-05-29,ID010,1052510606,300973585,310015,ID002,101,3117A-3123A-9999A-9999E,21
241,233369-1-1-120,2025-05-29,ID010,1052510606,300973586,310015,ID002,101,3117A-3123A-9999A-9999E,21
242,233369-1-1-120,2025-05-29,ID010,1052510606,300973628,310015,ID002,101,3117A-3123A-9999A-9999E,21
243,233369-1-1-120,2025-05-29,ID010,1052510606,300973629,310015,ID002,101,3117A-3123A-9999A-9999E,21
244,233369-1-1-120,2025-05-29,ID010,1052510606,300973647,310015,ID002,101,3117A-3123A-9999A-9999E,21
245,233369-1-1-120,2025-05-29,ID010,1052510609,300973860,310015,ID002,101,3117A-3123A-9999A-9999E,21
246,233369-1-1-120,2025-05-29,ID010,1052510609,300973862,310015,ID002,101,3117A-3123A-9999A-9999E,21
247,233369-1-1-120,2025-05-29,ID010,1052510609,300973863,310015,ID002,101,3117A-3123A-9999A-9999E,21
248,233369-1-1-120,2025-05-29,ID010,1052510609,300973864,310015,ID002,101,3117A-3123A-9999A-9999E,21
249,233369-1-1-120,2025-05-29,ID010,1052510609,300973895,310015,ID002,101,3117A-3123A-9999A-9999E,21
250,233369-1-1-120,2025-05-29,ID010,1052510609,300973896,310015,ID002,101,3117A-3123A-9999A-9999E,21
251,233369-1-1-120,2025-05-29,ID010,1052510609,300973897,310015,ID002,101,3117A-3123A-9999A-9999E,21
252,233369-1-1-120,2025-05-29,ID010,1052510609,300973898,310015,ID002,101,3117A-3123A-9999A-9999E,21
253,233369-1-1-120,2025-05-29,ID010,1052510610,300974060,310015,ID002,101,3117A-3123A-9999A-9999E,21
254,233369-1-1-120,2025-05-29,ID010,1052510610,300974065,310015,ID002,101,3117A-3123A-9999A-9999E,21
255,233369-1-1-120,2025-05-29,ID010,1052510610,300974066,310015,ID002,101,3117A-3123A-9999A-9999E,21
256,233369-1-1-120,2025-05-29,ID010,1052510610,300974067,310015,ID002,101,3117A-3123A-9999A-9999E,21
257,233369-1-1-120,2025-05-29,ID010,1052510610,300974068,310015,ID002,101,3117A-3123A-9999A-9999E,21
258,233369-1-1-120,2025-05-29,ID010,1052510614,300974365,310015,ID002,101,3117A-3123A-9999A-9999E,21
259,233369-1-1-120,2025-05-29,ID010,1052510615,300974390,310015,ID002,101,3117A-3123A-9999A-9999E,21
260,233374-1-1-107,2025-05-29,ID010,1052510814,300976556,310015,ID002,101,3117A-3123A-9999A-9999E,19
261,233374-1-1-107,2025-05-29,ID010,1052510814,300976557,310015,ID002,101,3117A-3123A-9999A-9999E,19
262,233374-1-1-107,2025-05-29,ID010,1052510814,300976558,310015,ID002,101,3117A-3123A-9999A-9999E,19
263,233374-1-1-107,2025-05-29,ID010,1052510814,300976559,310015,ID002,101,3117A-3123A-9999A-9999E,19
264,233374-1-1-107,2025-05-29,ID010,1052510814,300976560,310015,ID002,101,3117A-3123A-9999A-9999E,19
265,233374-1-1-107,2025-05-29,ID010,1052510814,300976561,310015,ID002,101,3117A-3123A-9999A-9999E,19
266,233374-1-1-107,2025-05-29,ID010,1052510814,300976562,310015,ID002,101,3117A-3123A-9999A-9999E,19
267,233374-1-1-107,2025-05-29,ID010,1052510814,300976563,310015,ID002,101,3117A-3123A-9999A-9999E,19
268,233374-1-1-107,2025-05-29,ID010,1052510815,300976880,310015,ID002,101,3117A-3123A-9999A-9999E,19
269,233374-1-1-107,2025-05-29,ID010,1052510815,300976881,310015,ID002,101,3117A-3123A-9999A-9999E,19
270,233374-1-1-107,2025-05-29,ID010,1052510815,300976882,310015,ID002,101,3117A-3123A-9999A-9999E,19
271,233374-1-1-107,2025-05-29,ID010,1052510815,300976883,310015,ID002,101,3117A-3123A-9999A-9999E,19
272,233374-1-1-107,2025-05-29,ID010,1052510815,300976907,310015,ID002,101,3117A-3123A-9999A-9999E,19
273,233374-1-1-107,2025-05-29,ID010,1052510815,300976909,310015,ID002,101,3117A-3123A-9999A-9999E,19
274,233374-1-1-107,2025-05-29,ID010,1052510815,300976910,310015,ID002,101,3117A-3123A-9999A-9999E,19
275,233374-1-1-107,2025-05-29,ID010,1052510815,300976911,310015,ID002,101,3117A-3123A-9999A-9999E,19
276,233374-1-1-107,2025-05-29,ID010,1052510816,300976989,310015,ID002,101,3117A-3123A-9999A-9999E,19
277,233374-1-1-107,2025-05-29,ID010,1052510816,300976990,310015,ID002,101,3117A-3123A-9999A-9999E,19
278,233374-1-1-107,2025-05-29,ID010,1052510816,300976992,310015,ID002,101,3117A-3123A-9999A-9999E,19
279,233374-1-1-107,2025-05-29,ID010,1052510816,300976993,310015,ID002,101,3117A-3123A-9999A-9999E,19
280,232146-1-5-125,2025-05-18,MEX002,1052506501,300916197,310015,ID002,101,3117A-3123A-9999A,62
281,232146-1-5-125,2025-05-18,MEX002,1052506501,300916198,310015,ID002,101,3117A-3123A-9999A,62
282,232146-1-5-125,2025-05-18,MEX002,1052506502,300916203,310015,ID002,101,3117A-3123A-9999A,62
283,232146-1-5-125,2025-05-18,MEX002,1052506502,300916205,310015,ID002,101,3117A-3123A-9999A,62
284,232146-1-5-125,2025-05-18,MEX002,1052506502,300916206,310015,ID002,101,3117A-3123A-9999A,62
285,232146-1-5-125,2025-05-18,MEX002,1052506502,300916208,310015,ID002,101,3117A-3123A-9999A,62
286,232146-1-5-125,2025-05-18,MEX002,1052506502,300916210,310015,ID002,101,3117A-3123A-9999A,62
287,232146-1-5-125,2025-05-18,MEX002,1052506502,300916211,310015,ID002,101,3117A-3123A-9999A,62
288,232146-1-5-125,2025-05-18,MEX002,1052506502,300916212,310015,ID002,101,3117A-3123A-9999A,62
289,232146-1-5-125,2025-05-18,MEX002,1052506502,300916213,310015,ID002,101,3117A-3123A-9999A,62
290,232630-1-1-104,2025-05-28,MEX002,1052505311,300898945,310015,ID002,101,3117A-3123A-9999A,74
291,232630-1-1-104,2025-05-28,MEX002,1052505311,300898947,310015,ID002,101,3117A-3123A-9999A,74
292,232630-1-1-104,2025-05-28,MEX002,1052505312,300899015,310015,ID002,101,3117A-3123A-9999A,74
293,232630-1-1-104,2025-05-28,MEX002,1052505312,300899016,310015,ID002,101,3117A-3123A-9999A,74
294,232630-1-1-104,2025-05-28,MEX002,1052505312,300899017,310015,ID002,101,3117A-3123A-9999A,74
295,232630-1-1-104,2025-05-28,MEX002,1052505312,300899018,310015,ID002,101,3117A-3123A-9999A,74
296,232630-1-1-104,2025-05-28,MEX002,1052505312,300899019,310015,ID002,101,3117A-3123A-9999A,74
297,232630-1-1-104,2025-05-28,MEX002,1052505312,300899020,310015,ID002,101,3117A-3123A-9999A,74
298,232630-1-1-104,2025-05-28,MEX002,1052505312,300899021,310015,ID002,101,3117A-3123A-9999A,74
299,232630-1-1-104,2025-05-28,MEX002,1052505312,300899022,310015,ID002,101,3117A-3123A-9999A,74
300,232678-1-4-106,2025-05-20,MEX002,1052506503,300916292,310015,ID002,101,3117A-3123A-9999A,62
301,232678-1-4-106,2025-05-20,MEX002,1052506503,300916293,310015,ID002,101,3117A-3123A-9999A,62
302,232678-1-4-106,2025-05-20,MEX002,1052506503,300916294,310015,ID002,101,3117A-3123A-9999A,62
303,232678-1-4-106,2025-05-20,MEX002,1052506503,300916295,310015,ID002,101,3117A-3123A-9999A,62
304,232678-1-4-106,2025-05-20,MEX002,1052506503,300916296,310015,ID002,101,3117A-3123A-9999A,62
305,232678-1-4-106,2025-05-20,MEX002,1052506503,300916297,310015,ID002,101,3117A-3123A-9999A,62
306,232678-1-4-106,2025-05-20,MEX002,1052506503,300916298,310015,ID002,101,3117A-3123A-9999A,62
307,232678-1-4-106,2025-05-20,MEX002,1052506503,300916299,310015,ID002,101,3117A-3123A-9999A,62
308,232678-1-4-106,2025-05-20,MEX002,1052506504,300916379,310015,ID002,101,3117A-3123A-9999A,62
309,232678-1-4-106,2025-05-20,MEX002,1052506504,300916380,310015,ID002,101,3117A-3123A-9999A,62
310,232701-1-6-122,2025-05-28,MEX002,1052505313,300899041,310015,ID002,101,3117A-3123A-9999A,74
311,232701-1-6-122,2025-05-28,MEX002,1052505313,300899042,310015,ID002,101,3117A-3123A-9999A,74
312,232701-1-6-122,2025-05-28,MEX002,1052505313,300899043,310015,ID002,101,3117A-3123A-9999A,74
313,232701-1-6-122,2025-05-28,MEX002,1052505313,300899044,310015,ID002,101,3117A-3123A-9999A,74
314,232701-1-6-122,2025-05-28,MEX002,1052505313,300899058,310015,ID002,101,3117A-3123A-9999A,74
315,232701-1-6-122,2025-05-28,MEX002,1052505313,300899059,310015,ID002,101,3117A-3123A-9999A,74
316,232701-1-6-122,2025-05-28,MEX002,1052505313,300899060,310015,ID002,101,3117A-3123A-9999A,74
317,232701-1-6-122,2025-05-28,MEX002,1052505313,300899062,310015,ID002,101,3117A-3123A-9999A,74
318,232701-1-6-122,2025-05-28,MEX002,1052505314,300899197,310015,ID002,101,3117A-3123A-9999A,74
319,232701-1-6-122,2025-05-28,MEX002,1052505314,300899199,310015,ID002,101,3117A-3123A-9999A,74
320,232701-1-6-123,2025-05-28,MEX002,1052506001,300908390,310015,ID002,101,3117A-3123A-9999A,67
321,232701-1-6-123,2025-05-28,MEX002,1052506001,300908391,310015,ID002,101,3117A-3123A-9999A,67
322,232701-1-6-123,2025-05-28,MEX002,1052506001,300908392,310015,ID002,101,3117A-3123A-9999A,67
323,232701-1-6-123,2025-05-28,MEX002,1052506001,300908393,310015,ID002,101,3117A-3123A-9999A,67
324,232701-1-6-123,2025-05-28,MEX002,1052506002,300908457,310015,ID002,101,3117A-3123A-9999A,67
325,232701-1-6-123,2025-05-28,MEX002,1052506002,300908458,310015,ID002,101,3117A-3123A-9999A,67
326,232701-1-6-123,2025-05-28,MEX002,1052506002,300908459,310015,ID002,101,3117A-3123A-9999A,67
327,232701-1-6-123,2025-05-28,MEX002,1052506002,300908461,310015,ID002,101,3117A-3123A-9999A,67
328,232701-1-6-123,2025-05-28,MEX002,1052506002,300908462,310015,ID002,101,3117A-3123A-9999A,67
329,232701-1-6-123,2025-05-28,MEX002,1052506002,300908463,310015,ID002,101,3117A-3123A-9999A,67
330,232807-1-2-133,2025-06-01,MEX002,1052506701,300918862,310015,ID002,101,3117A-3123A-9999A,60
331,232807-1-2-133,2025-06-01,MEX002,1052506701,300918864,310015,ID002,101,3117A-3123A-9999A,60
332,232807-1-2-133,2025-06-01,MEX002,1052506701,300918923,310015,ID002,101,3117A-3123A-9999A,60
333,232807-1-2-133,2025-06-01,MEX002,1052506701,300918924,310015,ID002,101,3117A-3123A-9999A,60
334,232807-1-2-133,2025-06-01,MEX002,1052506701,300918925,310015,ID002,101,3117A-3123A-9999A,60
335,232807-1-2-133,2025-06-01,MEX002,1052506701,300918926,310015,ID002,101,3117A-3123A-9999A,60
336,232807-1-2-133,2025-06-01,MEX002,1052506701,300918927,310015,ID002,101,3117A-3123A-9999A,60
337,232807-1-2-133,2025-06-01,MEX002,1052506701,300918930,310015,ID002,101,3117A-3123A-9999A,60
338,232807-1-2-133,2025-06-01,MEX002,1052506702,300918948,310015,ID002,101,3117A-3123A-9999A,60
339,232807-1-2-133,2025-06-01,MEX002,1052506702,300918949,310015,ID002,101,3117A-3123A-9999A,60
340,232807-1-2-133,2025-06-01,MEX002,1052506702,300918950,310015,ID002,101,3117A-3123A-9999A,60
341,232807-1-2-133,2025-06-01,MEX002,1052506702,300918951,310015,ID002,101,3117A-3123A-9999A,60
342,232807-1-2-133,2025-06-01,MEX002,1052506702,300918980,310015,ID002,101,3117A-3123A-9999A,60
343,232807-1-2-133,2025-06-01,MEX002,1052506702,300918981,310015,ID002,101,3117A-3123A-9999A,60
344,232807-1-2-133,2025-06-01,MEX002,1052506702,300918982,310015,ID002,101,3117A-3123A-9999A,60
345,232807-1-2-133,2025-06-01,MEX002,1052506702,300918983,310015,ID002,101,3117A-3123A-9999A,60
346,232807-1-2-133,2025-06-01,MEX002,1052506703,300919109,310015,ID002,101,3117A-3123A-9999A,60
347,232807-1-2-133,2025-06-01,MEX002,1052506703,300919110,310015,ID002,101,3117A-3123A-9999A,60
348,232807-1-2-133,2025-06-01,MEX002,1052506703,300919111,310015,ID002,101,3117A-3123A-9999A,60
349,232807-1-2-133,2025-06-01,MEX002,1052506703,300919112,310015,ID002,101,3117A-3123A-9999A,60
350,232807-1-2-136,2025-06-01,MEX002,1052505401,300899591,310015,ID002,101,3117A-3123A-9999A-9999E,73
351,232807-1-2-136,2025-06-01,MEX002,1052505401,300899593,310015,ID002,101,3117A-3123A-9999A-9999E,73
352,232807-1-2-136,2025-06-01,MEX002,1052505401,300899594,310015,ID002,101,3117A-3123A-9999A-9999E,73
353,232807-1-2-136,2025-06-01,MEX002,1052505401,300899595,310015,ID002,101,3117A-3123A-9999A-9999E,73
354,232807-1-2-136,2025-06-01,MEX002,1052505401,300899610,310015,ID002,101,3117A-3123A-9999A-9999E,73
355,232807-1-2-136,2025-06-01,MEX002,1052505401,300899612,310015,ID002,101,3117A-3123A-9999A-9999E,73
356,232807-1-2-136,2025-06-01,MEX002,1052505401,300899613,310015,ID002,101,3117A-3123A-9999A-9999E,73
357,232807-1-2-136,2025-06-01,MEX002,1052505401,300899614,310015,ID002,101,3117A-3123A-9999A-9999E,73
358,232807-1-2-136,2025-06-01,MEX002,1052505402,300899672,310015,ID002,101,3117A-3123A-9999A-9999E,73
359,232807-1-2-136,2025-06-01,MEX002,1052505402,300899673,310015,ID002,101,3117A-3123A-9999A-9999E,73
360,232807-1-2-136,2025-06-01,MEX002,1052505402,300899674,310015,ID002,101,3117A-3123A-9999A-9999E,73
361,232807-1-2-136,2025-06-01,MEX002,1052505402,300899675,310015,ID002,101,3117A-3123A-9999A-9999E,73
362,232807-1-2-136,2025-06-01,MEX002,1052505402,300899696,310015,ID002,101,3117A-3123A-9999A-9999E,73
363,232807-1-2-136,2025-06-01,MEX002,1052505402,300899697,310015,ID002,101,3117A-3123A-9999A-9999E,73
364,232807-1-2-136,2025-06-01,MEX002,1052505402,300899698,310015,ID002,101,3117A-3123A-9999A-9999E,73
365,232807-1-2-136,2025-06-01,MEX002,1052505402,300899699,310015,ID002,101,3117A-3123A-9999A-9999E,73
366,232807-1-2-136,2025-06-01,MEX002,1052505403,300899724,310015,ID002,101,3117A-3123A-9999A-9999E,73
367,232807-1-2-136,2025-06-01,MEX002,1052505403,300899725,310015,ID002,101,3117A-3123A-9999A-9999E,73
368,232807-1-2-136,2025-06-01,MEX002,1052505403,300899726,310015,ID002,101,3117A-3123A-9999A-9999E,73
369,232807-1-2-136,2025-06-01,MEX002,1052505403,300899727,310015,ID002,101,3117A-3123A-9999A-9999E,73
370,232807-1-2-138,2025-06-01,MEX002,1052506801,300920305,310015,ID002,101,3117A-3123A-9999A,59
371,232807-1-2-138,2025-06-01,MEX002,1052506801,300920306,310015,ID002,101,3117A-3123A-9999A,59
372,232807-1-2-138,2025-06-01,MEX002,1052506801,300920307,310015,ID002,101,3117A-3123A-9999A,59
373,232807-1-2-138,2025-06-01,MEX002,1052506801,300920308,310015,ID002,101,3117A-3123A-9999A,59
374,232807-1-2-138,2025-06-01,MEX002,1052506801,300920309,310015,ID002,101,3117A-3123A-9999A,59
375,232807-1-2-138,2025-06-01,MEX002,1052506801,300920310,310015,ID002,101,3117A-3123A-9999A,59
376,232807-1-2-138,2025-06-01,MEX002,1052506801,300920311,310015,ID002,101,3117A-3123A-9999A,59
377,232807-1-2-138,2025-06-01,MEX002,1052506801,300920313,310015,ID002,101,3117A-3123A-9999A,59
378,232807-1-2-138,2025-06-01,MEX002,1052506802,300920347,310015,ID002,101,3117A-3123A-9999A,59
379,232807-1-2-138,2025-06-01,MEX002,1052506802,300920348,310015,ID002,101,3117A-3123A-9999A,59
380,232807-1-2-140,2025-06-01,MEX002,1052506703,300919113,310015,ID002,101,3117A-3123A-9999A,60
381,232807-1-2-140,2025-06-01,MEX002,1052506703,300919114,310015,ID002,101,3117A-3123A-9999A,60
382,232807-1-2-140,2025-06-01,MEX002,1052506703,300919115,310015,ID002,101,3117A-3123A-9999A,60
383,232807-1-2-140,2025-06-01,MEX002,1052506703,300919116,310015,ID002,101,3117A-3123A-9999A,60
384,232807-1-2-140,2025-06-01,MEX002,1052506704,300919139,310015,ID002,101,3117A-3123A-9999A,60
385,232807-1-2-140,2025-06-01,MEX002,1052506704,300919140,310015,ID002,101,3117A-3123A-9999A,60
386,232807-1-2-140,2025-06-01,MEX002,1052506704,300919141,310015,ID002,101,3117A-3123A-9999A,60
387,232807-1-2-140,2025-06-01,MEX002,1052506704,300919144,310015,ID002,101,3117A-3123A-9999A,60
388,232807-1-2-140,2025-06-01,MEX002,1052506704,300919145,310015,ID002,101,3117A-3123A-9999A,60
389,232807-1-2-140,2025-06-01,MEX002,1052506704,300919255,310015,ID002,101,3117A-3123A-9999A,60
390,232807-1-2-140,2025-06-01,MEX002,1052506704,300919256,310015,ID002,101,3117A-3123A-9999A,60
391,232807-1-2-140,2025-06-01,MEX002,1052506704,300919257,310015,ID002,101,3117A-3123A-9999A,60
392,232807-1-2-140,2025-06-01,MEX002,1052506705,300919270,310015,ID002,101,3117A-3123A-9999A,60
393,232807-1-2-140,2025-06-01,MEX002,1052506705,300919271,310015,ID002,101,3117A-3123A-9999A,60
394,232807-1-2-140,2025-06-01,MEX002,1052506705,300919272,310015,ID002,101,3117A-3123A-9999A,60
395,232807-1-2-140,2025-06-01,MEX002,1052506705,300919273,310015,ID002,101,3117A-3123A-9999A,60
396,232807-1-2-140,2025-06-01,MEX002,1052506705,300919280,310015,ID002,101,3117A-3123A-9999A,60
397,232807-1-2-140,2025-06-01,MEX002,1052506705,300919281,310015,ID002,101,3117A-3123A-9999A,60
398,232807-1-2-140,2025-06-01,MEX002,1052506705,300919282,310015,ID002,101,3117A-3123A-9999A,60
399,232807-1-2-140,2025-06-01,MEX002,1052506705,300919283,310015,ID002,101,3117A-3123A-9999A,60
400,232807-1-2-142,2025-06-01,MEX002,1052506504,300916381,310015,ID002,101,3117A-3123A-9999A,62
401,232807-1-2-142,2025-06-01,MEX002,1052506504,300916382,310015,ID002,101,3117A-3123A-9999A,62
402,232807-1-2-142,2025-06-01,MEX002,1052506504,300916383,310015,ID002,101,3117A-3123A-9999A,62
403,232807-1-2-142,2025-06-01,MEX002,1052506504,300916384,310015,ID002,101,3117A-3123A-9999A,62
404,232807-1-2-142,2025-06-01,MEX002,1052506504,300916385,310015,ID002,101,3117A-3123A-9999A,62
405,232807-1-2-142,2025-06-01,MEX002,1052506504,300916386,310015,ID002,101,3117A-3123A-9999A,62
406,232807-1-2-142,2025-06-01,MEX002,1052506505,300916395,310015,ID002,101,3117A-3123A-9999A,62
407,232807-1-2-142,2025-06-01,MEX002,1052506505,300916434,310015,ID002,101,3117A-3123A-9999A,62
408,232807-1-2-142,2025-06-01,MEX002,1052506505,300916435,310015,ID002,101,3117A-3123A-9999A,62
409,232807-1-2-142,2025-06-01,MEX002,1052506505,300916437,310015,ID002,101,3117A-3123A-9999A,62
410,232807-1-2-142,2025-06-01,MEX002,1052506505,300916438,310015,ID002,101,3117A-3123A-9999A,62
411,232807-1-2-142,2025-06-01,MEX002,1052506505,300916440,310015,ID002,101,3117A-3123A-9999A,62
412,232807-1-2-142,2025-06-01,MEX002,1052506505,300916479,310015,ID002,101,3117A-3123A-9999A,62
413,232807-1-2-142,2025-06-01,MEX002,1052506505,300916480,310015,ID002,101,3117A-3123A-9999A,62
414,232807-1-2-142,2025-06-01,MEX002,1052506506,300916488,310015,ID002,101,3117A-3123A-9999A,62
415,232807-1-2-142,2025-06-01,MEX002,1052506506,300916490,310015,ID002,101,3117A-3123A-9999A,62
416,232807-1-2-142,2025-06-01,MEX002,1052506506,300916494,310015,ID002,101,3117A-3123A-9999A,62
417,232807-1-2-142,2025-06-01,MEX002,1052506506,300916496,310015,ID002,101,3117A-3123A-9999A,62
418,232807-1-2-142,2025-06-01,MEX002,1052506506,300916551,310015,ID002,101,3117A-3123A-9999A,62
419,232807-1-2-142,2025-06-01,MEX002,1052506506,300916552,310015,ID002,101,3117A-3123A-9999A,62
420,232807-1-2-146,2025-06-01,MEX002,1052505403,300899826,310015,ID002,101,3117A-3123A-9999A-9999E,73
421,232807-1-2-146,2025-06-01,MEX002,1052505403,300899827,310015,ID002,101,3117A-3123A-9999A-9999E,73
422,232807-1-2-146,2025-06-01,MEX002,1052505403,300899828,310015,ID002,101,3117A-3123A-9999A-9999E,73
423,232807-1-2-146,2025-06-01,MEX002,1052505403,300899830,310015,ID002,101,3117A-3123A-9999A-9999E,73
424,232807-1-2-146,2025-06-01,MEX002,1052505404,300899858,310015,ID002,101,3117A-3123A-9999A-9999E,73
425,232807-1-2-146,2025-06-01,MEX002,1052505404,300899859,310015,ID002,101,3117A-3123A-9999A-9999E,73
426,232807-1-2-146,2025-06-01,MEX002,1052505404,300899860,310015,ID002,101,3117A-3123A-9999A-9999E,73
427,232807-1-2-146,2025-06-01,MEX002,1052505404,300899861,310015,ID002,101,3117A-3123A-9999A-9999E,73
428,232807-1-2-146,2025-06-01,MEX002,1052505404,300899901,310015,ID002,101,3117A-3123A-9999A-9999E,73
429,232807-1-2-146,2025-06-01,MEX002,1052505404,300899902,310015,ID002,101,3117A-3123A-9999A-9999E,73
430,232807-1-2-148,2025-06-01,MEX002,1052506506,300916553,310015,ID002,101,3117A-3123A-9999A,62
431,232807-1-2-148,2025-06-01,MEX002,1052506506,300916554,310015,ID002,101,3117A-3123A-9999A,62
432,232807-1-2-148,2025-06-01,MEX002,1052506507,300916649,310015,ID002,101,3117A-3123A-9999A,62
433,232807-1-2-148,2025-06-01,MEX002,1052506507,300916650,310015,ID002,101,3117A-3123A-9999A,62
434,232807-1-2-148,2025-06-01,MEX002,1052506507,300916651,310015,ID002,101,3117A-3123A-9999A,62
435,232807-1-2-148,2025-06-01,MEX002,1052506507,300916652,310015,ID002,101,3117A-3123A-9999A,62
436,232807-1-2-148,2025-06-01,MEX002,1052506507,300916687,310015,ID002,101,3117A-3123A-9999A,62
437,232807-1-2-148,2025-06-01,MEX002,1052506507,300916688,310015,ID002,101,3117A-3123A-9999A,62
438,232807-1-2-148,2025-06-01,MEX002,1052506507,300916689,310015,ID002,101,3117A-3123A-9999A,62
439,232807-1-2-148,2025-06-01,MEX002,1052506507,300916691,310015,ID002,101,3117A-3123A-9999A,62
440,232807-1-2-148,2025-06-01,MEX002,1052506508,300916701,310015,ID002,101,3117A-3123A-9999A,62
441,232807-1-2-148,2025-06-01,MEX002,1052506508,300916702,310015,ID002,101,3117A-3123A-9999A,62
442,232807-1-2-148,2025-06-01,MEX002,1052506508,300916722,310015,ID002,101,3117A-3123A-9999A,62
443,232807-1-2-148,2025-06-01,MEX002,1052506508,300916723,310015,ID002,101,3117A-3123A-9999A,62
444,232807-1-2-148,2025-06-01,MEX002,1052506508,300916740,310015,ID002,101,3117A-3123A-9999A,62
445,232807-1-2-148,2025-06-01,MEX002,1052506508,300916741,310015,ID002,101,3117A-3123A-9999A,62
446,232807-1-2-148,2025-06-01,MEX002,1052506508,300916757,310015,ID002,101,3117A-3123A-9999A,62
447,232807-1-2-148,2025-06-01,MEX002,1052506508,300916758,310015,ID002,101,3117A-3123A-9999A,62
448,232807-1-2-148,2025-06-01,MEX002,1052506509,300916781,310015,ID002,101,3117A-3123A-9999A,62
449,232807-1-2-148,2025-06-01,MEX002,1052506509,300916782,310015,ID002,101,3117A-3123A-9999A,62
450,232807-1-2-151,2025-06-01,MEX002,1052506002,300908464,310015,ID002,101,3117A-3123A-9999A,67
451,232807-1-2-151,2025-06-01,MEX002,1052506002,300908465,310015,ID002,101,3117A-3123A-9999A,67
452,232807-1-2-151,2025-06-01,MEX002,1052506006,300909023,310015,ID002,101,3117A-3123A-9999A,67
453,232807-1-2-151,2025-06-01,MEX002,1052506006,300909024,310015,ID002,101,3117A-3123A-9999A,67
454,232807-1-2-151,2025-06-01,MEX002,1052506006,300909025,310015,ID002,101,3117A-3123A-9999A,67
455,232807-1-2-151,2025-06-01,MEX002,1052506006,300909026,310015,ID002,101,3117A-3123A-9999A,67
456,232807-1-2-151,2025-06-01,MEX002,1052506006,300909027,310015,ID002,101,3117A-3123A-9999A,67
457,232807-1-2-151,2025-06-01,MEX002,1052506007,300909116,310015,ID002,101,3117A-3123A-9999A,67
458,232807-1-2-151,2025-06-01,MEX002,1052506007,300909117,310015,ID002,101,3117A-3123A-9999A,67
459,232807-1-2-151,2025-06-01,MEX002,1052506007,300909118,310015,ID002,101,3117A-3123A-9999A,67
460,232807-1-2-151,2025-06-01,MEX002,1052506007,300909119,310015,ID002,101,3117A-3123A-9999A,67
461,232807-1-2-151,2025-06-01,MEX002,1052506007,300909120,310015,ID002,101,3117A-3123A-9999A,67
462,232807-1-2-151,2025-06-01,MEX002,1052506007,300909121,310015,ID002,101,3117A-3123A-9999A,67
463,232807-1-2-151,2025-06-01,MEX002,1052506007,300909122,310015,ID002,101,3117A-3123A-9999A,67
464,232807-1-2-151,2025-06-01,MEX002,1052506007,300909123,310015,ID002,101,3117A-3123A-9999A,67
465,232807-1-2-151,2025-06-01,MEX002,1052506008,300909269,310015,ID002,101,3117A-3123A-9999A,67
466,232807-1-2-151,2025-06-01,MEX002,1052506008,300909270,310015,ID002,101,3117A-3123A-9999A,67
467,232807-1-2-151,2025-06-01,MEX002,1052506008,300909271,310015,ID002,101,3117A-3123A-9999A,67
468,232807-1-2-151,2025-06-01,MEX002,1052506008,300909273,310015,ID002,101,3117A-3123A-9999A,67
469,232807-1-2-151,2025-06-01,MEX002,1052506008,300909274,310015,ID002,101,3117A-3123A-9999A,67
470,232807-1-2-155,2025-06-01,MEX002,1052506706,300919307,310015,ID002,101,3117A-3123A-9999A,60
471,232807-1-2-155,2025-06-01,MEX002,1052506706,300919308,310015,ID002,101,3117A-3123A-9999A,60
472,232807-1-2-155,2025-06-01,MEX002,1052506706,300919309,310015,ID002,101,3117A-3123A-9999A,60
473,232807-1-2-155,2025-06-01,MEX002,1052506706,300919310,310015,ID002,101,3117A-3123A-9999A,60
474,232807-1-2-155,2025-06-01,MEX002,1052506706,300919325,310015,ID002,101,3117A-3123A-9999A,60
475,232807-1-2-155,2025-06-01,MEX002,1052506706,300919326,310015,ID002,101,3117A-3123A-9999A,60
476,232807-1-2-155,2025-06-01,MEX002,1052506706,300919327,310015,ID002,101,3117A-3123A-9999A,60
477,232807-1-2-155,2025-06-01,MEX002,1052506706,300919328,310015,ID002,101,3117A-3123A-9999A,60
478,232807-1-2-155,2025-06-01,MEX002,1052506707,300919349,310015,ID002,101,3117A-3123A-9999A,60
479,232807-1-2-155,2025-06-01,MEX002,1052506707,300919350,310015,ID002,101,3117A-3123A-9999A,60
480,232807-1-2-155,2025-06-01,MEX002,1052506707,300919351,310015,ID002,101,3117A-3123A-9999A,60
481,232807-1-2-155,2025-06-01,MEX002,1052506707,300919353,310015,ID002,101,3117A-3123A-9999A,60
482,232807-1-2-155,2025-06-01,MEX002,1052506707,300919395,310015,ID002,101,3117A-3123A-9999A,60
483,232807-1-2-155,2025-06-01,MEX002,1052506707,300919396,310015,ID002,101,3117A-3123A-9999A,60
484,232807-1-2-155,2025-06-01,MEX002,1052506707,300919397,310015,ID002,101,3117A-3123A-9999A,60
485,232807-1-2-155,2025-06-01,MEX002,1052506707,300919398,310015,ID002,101,3117A-3123A-9999A,60
486,232807-1-2-155,2025-06-01,MEX002,1052506716,300920188,310015,ID002,101,3117A-3123A-9999A,60
487,232807-1-2-155,2025-06-01,MEX002,1052506716,300920189,310015,ID002,101,3117A-3123A-9999A,60
488,232807-1-2-155,2025-06-01,MEX002,1052506716,300920190,310015,ID002,101,3117A-3123A-9999A,60
489,232807-1-2-155,2025-06-01,MEX002,1052506716,300920191,310015,ID002,101,3117A-3123A-9999A,60
490,232807-1-2-160,2025-06-01,MEX002,1052505202,300896562,310015,ID002,101,3117A-3123A-9999A,75
491,232807-1-2-160,2025-06-01,MEX002,1052505202,300896563,310015,ID002,101,3117A-3123A-9999A,75
492,232807-1-2-160,2025-06-01,MEX002,1052505202,300896564,310015,ID002,101,3117A-3123A-9999A,75
493,232807-1-2-160,2025-06-01,MEX002,1052505204,300896661,310015,ID002,101,3117A-3123A-9999A,75
494,232807-1-2-160,2025-06-01,MEX002,1052505204,300896662,310015,ID002,101,3117A-3123A-9999A,75
495,232807-1-2-160,2025-06-01,MEX002,1052505204,300896663,310015,ID002,101,3117A-3123A-9999A,75
496,232807-1-2-160,2025-06-01,MEX002,1052505204,300896664,310015,ID002,101,3117A-3123A-9999A,75
497,232807-1-2-160,2025-06-01,MEX002,1052505204,300896665,310015,ID002,101,3117A-3123A-9999A,75
498,232807-1-2-160,2025-06-01,MEX002,1052505204,300896666,310015,ID002,101,3117A-3123A-9999A,75
499,232807-1-2-160,2025-06-01,MEX002,1052505204,300896667,310015,ID002,101,3117A-3123A-9999A,75
500,233089-1-2-106,2025-05-29,MEX002,1052505404,300899903,310015,ID002,101,3117A-3123A-9999A-9999E,73
501,233089-1-2-106,2025-05-29,MEX002,1052505404,300899904,310015,ID002,101,3117A-3123A-9999A-9999E,73
502,233089-1-2-106,2025-05-29,MEX002,1052505405,300899916,310015,ID002,101,3117A-3123A-9999A-9999E,73
503,233089-1-2-106,2025-05-29,MEX002,1052505405,300899918,310015,ID002,101,3117A-3123A-9999A-9999E,73
504,233089-1-2-106,2025-05-29,MEX002,1052505405,300900013,310015,ID002,101,3117A-3123A-9999A-9999E,73
505,233089-1-2-106,2025-05-29,MEX002,1052505405,300900014,310015,ID002,101,3117A-3123A-9999A-9999E,73
506,233089-1-2-106,2025-05-29,MEX002,1052505405,300900015,310015,ID002,101,3117A-3123A-9999A-9999E,73
507,233089-1-2-106,2025-05-29,MEX002,1052505405,300900017,310015,ID002,101,3117A-3123A-9999A-9999E,73
508,233089-1-2-106,2025-05-29,MEX002,1052505405,300900018,310015,ID002,101,3117A-3123A-9999A-9999E,73
509,233089-1-2-106,2025-05-29,MEX002,1052505405,300900019,310015,ID002,101,3117A-3123A-9999A-9999E,73
510,233089-1-2-108,2025-05-29,MEX002,1052506611,300918730,310015,ID002,101,3117A-3123A-9999A-9999E,61
511,233089-1-2-108,2025-05-29,MEX002,1052506611,300918731,310015,ID002,101,3117A-3123A-9999A-9999E,61
512,233089-1-2-108,2025-05-29,MEX002,1052506612,300918742,310015,ID002,101,3117A-3123A-9999A-9999E,61
513,233089-1-2-108,2025-05-29,MEX002,1052506612,300918743,310015,ID002,101,3117A-3123A-9999A-9999E,61
514,233089-1-2-108,2025-05-29,MEX002,1052506612,300918744,310015,ID002,101,3117A-3123A-9999A-9999E,61
515,233089-1-2-108,2025-05-29,MEX002,1052506612,300918745,310015,ID002,101,3117A-3123A-9999A-9999E,61
516,233089-1-2-108,2025-05-29,MEX002,1052506612,300918782,310015,ID002,101,3117A-3123A-9999A-9999E,61
517,233089-1-2-108,2025-05-29,MEX002,1052506612,300918783,310015,ID002,101,3117A-3123A-9999A-9999E,61
518,233089-1-2-108,2025-05-29,MEX002,1052506612,300918785,310015,ID002,101,3117A-3123A-9999A-9999E,61
519,233089-1-2-108,2025-05-29,MEX002,1052506612,300918786,310015,ID002,101,3117A-3123A-9999A-9999E,61
520,233089-1-2-108,2025-05-29,MEX002,1052505314,300899201,310015,ID002,101,3117A-3123A-9999A,74
521,233089-1-2-108,2025-05-29,MEX002,1052505314,300899203,310015,ID002,101,3117A-3123A-9999A,74
522,233089-1-2-108,2025-05-29,MEX002,1052505314,300899215,310015,ID002,101,3117A-3123A-9999A,74
523,233089-1-2-108,2025-05-29,MEX002,1052505314,300899216,310015,ID002,101,3117A-3123A-9999A,74
524,233089-1-2-108,2025-05-29,MEX002,1052505314,300899217,310015,ID002,101,3117A-3123A-9999A,74
525,233089-1-2-108,2025-05-29,MEX002,1052505314,300899218,310015,ID002,101,3117A-3123A-9999A,74
526,233089-1-2-108,2025-05-29,MEX002,1052505315,300899245,310015,ID002,101,3117A-3123A-9999A,74
527,233089-1-2-108,2025-05-29,MEX002,1052505315,300899247,310015,ID002,101,3117A-3123A-9999A,74
528,233089-1-2-108,2025-05-29,MEX002,1052505315,300899248,310015,ID002,101,3117A-3123A-9999A,74
529,233089-1-2-108,2025-05-29,MEX002,1052505315,300899250,310015,ID002,101,3117A-3123A-9999A,74
530,233089-1-2-110,2025-05-29,MEX002,1052506012,300909978,310015,ID002,101,3117A-9999A,67
531,233089-1-2-110,2025-05-29,MEX002,1052506012,300909979,310015,ID002,101,3117A-9999A,67
532,233089-1-2-110,2025-05-29,MEX002,1052506012,300909980,310015,ID002,101,3117A-9999A,67
533,233089-1-2-110,2025-05-29,MEX002,1052506013,300910039,310015,ID002,101,3117A-9999A,67
534,233089-1-2-110,2025-05-29,MEX002,1052506013,300910040,310015,ID002,101,3117A-9999A,67
535,233089-1-2-110,2025-05-29,MEX002,1052506013,300910041,310015,ID002,101,3117A-9999A,67
536,233089-1-2-110,2025-05-29,MEX002,1052506013,300910043,310015,ID002,101,3117A-9999A,67
537,233089-1-2-110,2025-05-29,MEX002,1052506013,300910044,310015,ID002,101,3117A-9999A,67
538,233089-1-2-110,2025-05-29,MEX002,1052506013,300910045,310015,ID002,101,3117A-9999A,67
539,233089-1-2-110,2025-05-29,MEX002,1052506013,300912481,310015,ID002,101,3117A-9999A,67
540,233367-1-1-106,2025-05-16,MEX002,1052506716,300920192,310015,ID002,101,3117A-3123A-9999A,60
541,233367-1-1-106,2025-05-16,MEX002,1052506716,300920193,310015,ID002,101,3117A-3123A-9999A,60
542,233367-1-1-106,2025-05-16,MEX002,1052506716,300920194,310015,ID002,101,3117A-3123A-9999A,60
543,233367-1-1-106,2025-05-16,MEX002,1052506716,300920195,310015,ID002,101,3117A-3123A-9999A,60
544,233367-1-1-106,2025-05-16,MEX002,1052506717,300920255,310015,ID002,101,3117A-3123A-9999A,60
545,233367-1-1-106,2025-05-16,MEX002,1052506717,300920256,310015,ID002,101,3117A-3123A-9999A,60
546,233367-1-1-106,2025-05-16,MEX002,1052506717,300920257,310015,ID002,101,3117A-3123A-9999A,60
547,233367-1-1-106,2025-05-16,MEX002,1052506717,300920258,310015,ID002,101,3117A-3123A-9999A,60
548,233367-1-1-106,2025-05-16,MEX002,1052506717,300920259,310015,ID002,101,3117A-3123A-9999A,60
549,233367-1-1-106,2025-05-16,MEX002,1052506717,300920260,310015,ID002,101,3117A-3123A-9999A,60
550,233369-1-1-118,2025-05-29,MEX002,1052506509,300916848,310015,ID002,101,3117A-3123A-9999A,62
551,233369-1-1-118,2025-05-29,MEX002,1052506509,300916849,310015,ID002,101,3117A-3123A-9999A,62
552,233369-1-1-118,2025-05-29,MEX002,1052506509,300916850,310015,ID002,101,3117A-3123A-9999A,62
553,233369-1-1-118,2025-05-29,MEX002,1052506509,300916852,310015,ID002,101,3117A-3123A-9999A,62
554,233369-1-1-118,2025-05-29,MEX002,1052506509,300916853,310015,ID002,101,3117A-3123A-9999A,62
555,233369-1-1-118,2025-05-29,MEX002,1052506509,300916854,310015,ID002,101,3117A-3123A-9999A,62
556,233369-1-1-118,2025-05-29,MEX002,1052506510,300916864,310015,ID002,101,3117A-3123A-9999A,62
557,233369-1-1-118,2025-05-29,MEX002,1052506510,300916865,310015,ID002,101,3117A-3123A-9999A,62
558,233369-1-1-118,2025-05-29,MEX002,1052506510,300916866,310015,ID002,101,3117A-3123A-9999A,62
559,233369-1-1-118,2025-05-29,MEX002,1052506510,300916867,310015,ID002,101,3117A-3123A-9999A,62
560,233369-1-1-118,2025-05-29,MEX002,1052506510,300916934,310015,ID002,101,3117A-3123A-9999A,62
561,233369-1-1-118,2025-05-29,MEX002,1052506510,300916935,310015,ID002,101,3117A-3123A-9999A,62
562,233369-1-1-118,2025-05-29,MEX002,1052506510,300916936,310015,ID002,101,3117A-3123A-9999A,62
563,233369-1-1-118,2025-05-29,MEX002,1052506510,300916937,310015,ID002,101,3117A-3123A-9999A,62
564,233369-1-1-118,2025-05-29,MEX002,1052506511,300916987,310015,ID002,101,3117A-3123A-9999A,62
565,233369-1-1-118,2025-05-29,MEX002,1052506511,300916988,310015,ID002,101,3117A-3123A-9999A,62
566,233369-1-1-118,2025-05-29,MEX002,1052506511,300916989,310015,ID002,101,3117A-3123A-9999A,62
567,233369-1-1-118,2025-05-29,MEX002,1052506511,300916990,310015,ID002,101,3117A-3123A-9999A,62
568,233369-1-1-118,2025-05-29,MEX002,1052506511,300917012,310015,ID002,101,3117A-3123A-9999A,62
569,233369-1-1-118,2025-05-29,MEX002,1052506511,300917013,310015,ID002,101,3117A-3123A-9999A,62
570,233369-1-1-119,2025-05-29,MEX002,1052505912,300908059,310015,ID002,101,3117A-3123A-9999A,68
571,233369-1-1-119,2025-05-29,MEX002,1052505912,300908060,310015,ID002,101,3117A-3123A-9999A,68
572,233369-1-1-119,2025-05-29,MEX002,1052505912,300908061,310015,ID002,101,3117A-3123A-9999A,68
573,233369-1-1-119,2025-05-29,MEX002,1052505913,300908179,310015,ID002,101,3117A-3123A-9999A,68
574,233369-1-1-119,2025-05-29,MEX002,1052505913,300908180,310015,ID002,101,3117A-3123A-9999A,68
575,233369-1-1-119,2025-05-29,MEX002,1052505913,300908181,310015,ID002,101,3117A-3123A-9999A,68
576,233369-1-1-119,2025-05-29,MEX002,1052505913,300908182,310015,ID002,101,3117A-3123A-9999A,68
577,233369-1-1-119,2025-05-29,MEX002,1052505913,300908183,310015,ID002,101,3117A-3123A-9999A,68
578,233369-1-1-119,2025-05-29,MEX002,1052505913,300908184,310015,ID002,101,3117A-3123A-9999A,68
579,233369-1-1-119,2025-05-29,MEX002,1052505913,300908185,310015,ID002,101,3117A-3123A-9999A,68
580,233375-1-1-104,2025-05-29,MEX002,1052506511,300917016,310015,ID002,101,3117A-3123A-9999A,62
581,233375-1-1-104,2025-05-29,MEX002,1052506511,300917017,310015,ID002,101,3117A-3123A-9999A,62
582,233375-1-1-104,2025-05-29,MEX002,1052506512,300917018,310015,ID002,101,3117A-3123A-9999A,62
583,233375-1-1-104,2025-05-29,MEX002,1052506512,300917019,310015,ID002,101,3117A-3123A-9999A,62
584,233375-1-1-104,2025-05-29,MEX002,1052506512,300917020,310015,ID002,101,3117A-3123A-9999A,62
585,233375-1-1-104,2025-05-29,MEX002,1052506512,300917021,310015,ID002,101,3117A-3123A-9999A,62
586,233375-1-1-104,2025-05-29,MEX002,1052506512,300917131,310015,ID002,101,3117A-3123A-9999A,62
587,233375-1-1-104,2025-05-29,MEX002,1052506512,300917138,310015,ID002,101,3117A-3123A-9999A,62
588,233375-1-1-104,2025-05-29,MEX002,1052506512,300917139,310015,ID002,101,3117A-3123A-9999A,62
589,233375-1-1-104,2025-05-29,MEX002,1052506512,300917140,310015,ID002,101,3117A-3123A-9999A,62
590,233423-1-1-101,2025-06-01,MEX002,1052505501,300901207,310015,ID002,101,3117A-3123A-9999A,72
591,233423-1-1-101,2025-06-01,MEX002,1052505501,300901208,310015,ID002,101,3117A-3123A-9999A,72
592,233423-1-1-101,2025-06-01,MEX002,1052505501,300901209,310015,ID002,101,3117A-3123A-9999A,72
593,233423-1-1-101,2025-06-01,MEX002,1052505501,300901210,310015,ID002,101,3117A-3123A-9999A,72
594,233423-1-1-101,2025-06-01,MEX002,1052505502,300901242,310015,ID002,101,3117A-3123A-9999A,72
595,233423-1-1-101,2025-06-01,MEX002,1052505502,300901268,310015,ID002,101,3117A-3123A-9999A,72
596,233423-1-1-101,2025-06-01,MEX002,1052505502,300901269,310015,ID002,101,3117A-3123A-9999A,72
597,233423-1-1-101,2025-06-01,MEX002,1052505502,300901270,310015,ID002,101,3117A-3123A-9999A,72
598,233423-1-1-101,2025-06-01,MEX002,1052505502,300901290,310015,ID002,101,3117A-3123A-9999A,72
599,233423-1-1-101,2025-06-01,MEX002,1052505502,300901291,310015,ID002,101,3117A-3123A-9999A,72
600,233423-1-1-101,2025-06-01,MEX002,1052506714,300920053,310015,ID002,101,3117A-9999A,60
601,233423-1-1-101,2025-06-01,MEX002,1052506714,300920054,310015,ID002,101,3117A-9999A,60
602,233423-1-1-101,2025-06-01,MEX002,1052506714,300920055,310015,ID002,101,3117A-9999A,60
603,233423-1-1-101,2025-06-01,MEX002,1052506715,300920141,310015,ID002,101,3117A-9999A,60
604,233423-1-1-101,2025-06-01,MEX002,1052506715,300920142,310015,ID002,101,3117A-9999A,60
605,233423-1-1-101,2025-06-01,MEX002,1052506715,300920143,310015,ID002,101,3117A-9999A,60
606,233423-1-1-101,2025-06-01,MEX002,1052506715,300920144,310015,ID002,101,3117A-9999A,60
607,233423-1-1-101,2025-06-01,MEX002,1052506715,300920145,310015,ID002,101,3117A-9999A,60
608,233423-1-1-101,2025-06-01,MEX002,1052506715,300920146,310015,ID002,101,3117A-9999A,60
609,233423-1-1-101,2025-06-01,MEX002,1052506715,300920147,310015,ID002,101,3117A-9999A,60
610,233423-1-1-103,2025-06-01,MEX002,1052506513,300917227,310015,ID002,101,3117A-3123A-9999A,62
611,233423-1-1-103,2025-06-01,MEX002,1052506513,300917228,310015,ID002,101,3117A-3123A-9999A,62
612,233423-1-1-103,2025-06-01,MEX002,1052506513,300917229,310015,ID002,101,3117A-3123A-9999A,62
613,233423-1-1-103,2025-06-01,MEX002,1052506513,300917230,310015,ID002,101,3117A-3123A-9999A,62
614,233423-1-1-103,2025-06-01,MEX002,1052506513,300917231,310015,ID002,101,3117A-3123A-9999A,62
615,233423-1-1-103,2025-06-01,MEX002,1052506513,300917232,310015,ID002,101,3117A-3123A-9999A,62
616,233423-1-1-103,2025-06-01,MEX002,1052506513,300917233,310015,ID002,101,3117A-3123A-9999A,62
617,233423-1-1-103,2025-06-01,MEX002,1052506513,300917235,310015,ID002,101,3117A-3123A-9999A,62
618,233423-1-1-103,2025-06-01,MEX002,1052506514,300917292,310015,ID002,101,3117A-3123A-9999A,62
619,233423-1-1-103,2025-06-01,MEX002,1052506514,300917293,310015,ID002,101,3117A-3123A-9999A,62
620,233423-1-1-103,2025-06-01,MEX002,1052506514,300917294,310015,ID002,101,3117A-3123A-9999A,62
621,233423-1-1-103,2025-06-01,MEX002,1052506514,300917295,310015,ID002,101,3117A-3123A-9999A,62
622,233423-1-1-103,2025-06-01,MEX002,1052506514,300917329,310015,ID002,101,3117A-3123A-9999A,62
623,233423-1-1-103,2025-06-01,MEX002,1052506514,300917330,310015,ID002,101,3117A-3123A-9999A,62
624,233423-1-1-103,2025-06-01,MEX002,1052506514,300917331,310015,ID002,101,3117A-3123A-9999A,62
625,233423-1-1-103,2025-06-01,MEX002,1052506514,300917332,310015,ID002,101,3117A-3123A-9999A,62
626,233423-1-1-103,2025-06-01,MEX002,1052506515,300917384,310015,ID002,101,3117A-3123A-9999A,62
627,233423-1-1-103,2025-06-01,MEX002,1052506515,300917385,310015,ID002,101,3117A-3123A-9999A,62
628,233423-1-1-103,2025-06-01,MEX002,1052506515,300917386,310015,ID002,101,3117A-3123A-9999A,62
629,233423-1-1-103,2025-06-01,MEX002,1052506515,300917387,310015,ID002,101,3117A-3123A-9999A,62
630,233423-1-1-105,2025-06-01,MEX002,1052505502,300901292,310015,ID002,101,3117A-3123A-9999A,72
631,233423-1-1-105,2025-06-01,MEX002,1052505502,300901293,310015,ID002,101,3117A-3123A-9999A,72
632,233423-1-1-105,2025-06-01,MEX002,1052505503,300901369,310015,ID002,101,3117A-3123A-9999A,72
633,233423-1-1-105,2025-06-01,MEX002,1052505503,300901371,310015,ID002,101,3117A-3123A-9999A,72
634,233423-1-1-105,2025-06-01,MEX002,1052505506,300901527,310015,ID002,101,3117A-3123A-9999A,72
635,233423-1-1-105,2025-06-01,MEX002,1052505506,300901528,310015,ID002,101,3117A-3123A-9999A,72
636,233423-1-1-105,2025-06-01,MEX002,1052505506,300901529,310015,ID002,101,3117A-3123A-9999A,72
637,233423-1-1-105,2025-06-01,MEX002,1052505506,300901530,310015,ID002,101,3117A-3123A-9999A,72
638,233423-1-1-105,2025-06-01,MEX002,1052505506,300901560,310015,ID002,101,3117A-3123A-9999A,72
639,233423-1-1-105,2025-06-01,MEX002,1052505506,300901564,310015,ID002,101,3117A-3123A-9999A,72
640,233423-1-1-105,2025-06-01,MEX002,1052505506,300901566,310015,ID002,101,3117A-3123A-9999A,72
641,233423-1-1-105,2025-06-01,MEX002,1052505506,300901568,310015,ID002,101,3117A-3123A-9999A,72
642,233423-1-1-105,2025-06-01,MEX002,1052505507,300901638,310015,ID002,101,3117A-3123A-9999A,72
643,233423-1-1-105,2025-06-01,MEX002,1052505507,300901639,310015,ID002,101,3117A-3123A-9999A,72
644,233423-1-1-105,2025-06-01,MEX002,1052505507,300901640,310015,ID002,101,3117A-3123A-9999A,72
645,233423-1-1-105,2025-06-01,MEX002,1052505507,300901641,310015,ID002,101,3117A-3123A-9999A,72
646,233423-1-1-105,2025-06-01,MEX002,1052505507,300901689,310015,ID002,101,3117A-3123A-9999A,72
647,233423-1-1-105,2025-06-01,MEX002,1052505507,300901690,310015,ID002,101,3117A-3123A-9999A,72
648,233423-1-1-105,2025-06-01,MEX002,1052505507,300901691,310015,ID002,101,3117A-3123A-9999A,72
649,233423-1-1-105,2025-06-01,MEX002,1052505507,300901694,310015,ID002,101,3117A-3123A-9999A,72
650,233423-1-1-106,2025-06-01,MEX002,1052505508,300901787,310015,ID002,101,3117A-3123A-9999A,72
651,233423-1-1-106,2025-06-01,MEX002,1052505508,300901788,310015,ID002,101,3117A-3123A-9999A,72
652,233423-1-1-106,2025-06-01,MEX002,1052505508,300901789,310015,ID002,101,3117A-3123A-9999A,72
653,233423-1-1-106,2025-06-01,MEX002,1052505508,300901792,310015,ID002,101,3117A-3123A-9999A,72
654,233423-1-1-106,2025-06-01,MEX002,1052505508,300901793,310015,ID002,101,3117A-3123A-9999A,72
655,233423-1-1-106,2025-06-01,MEX002,1052505508,300901794,310015,ID002,101,3117A-3123A-9999A,72
656,233423-1-1-106,2025-06-01,MEX002,1052505508,300901795,310015,ID002,101,3117A-3123A-9999A,72
657,233423-1-1-106,2025-06-01,MEX002,1052505508,300901796,310015,ID002,101,3117A-3123A-9999A,72
658,233423-1-1-106,2025-06-01,MEX002,1052505509,300901837,310015,ID002,101,3117A-3123A-9999A,72
659,233423-1-1-106,2025-06-01,MEX002,1052505509,300901839,310015,ID002,101,3117A-3123A-9999A,72
660,233423-1-1-106,2025-06-01,MEX002,1052505509,300901846,310015,ID002,101,3117A-3123A-9999A,72
661,233423-1-1-106,2025-06-01,MEX002,1052505509,300901851,310015,ID002,101,3117A-3123A-9999A,72
662,233423-1-1-106,2025-06-01,MEX002,1052505509,300901853,310015,ID002,101,3117A-3123A-9999A,72
663,233423-1-1-106,2025-06-01,MEX002,1052505509,300901854,310015,ID002,101,3117A-3123A-9999A,72
664,233423-1-1-106,2025-06-01,MEX002,1052505509,300901855,310015,ID002,101,3117A-3123A-9999A,72
665,233423-1-1-106,2025-06-01,MEX002,1052505510,300901925,310015,ID002,101,3117A-3123A-9999A,72
666,233423-1-1-106,2025-06-01,MEX002,1052505510,300901927,310015,ID002,101,3117A-3123A-9999A,72
667,233423-1-1-106,2025-06-01,MEX002,1052505510,300901931,310015,ID002,101,3117A-3123A-9999A,72
668,233423-1-1-106,2025-06-01,MEX002,1052505510,300901932,310015,ID002,101,3117A-3123A-9999A,72
669,233423-1-1-106,2025-06-01,MEX002,1052505510,300901950,310015,ID002,101,3117A-3123A-9999A,72
670,233423-1-1-107,2025-06-01,MEX002,1052505315,300899290,310015,ID002,101,3117A-3123A-9999A,74
671,233423-1-1-107,2025-06-01,MEX002,1052505315,300899292,310015,ID002,101,3117A-3123A-9999A,74
672,233423-1-1-107,2025-06-01,MEX002,1052505315,300899293,310015,ID002,101,3117A-3123A-9999A,74
673,233423-1-1-107,2025-06-01,MEX002,1052505315,300899294,310015,ID002,101,3117A-3123A-9999A,74
674,233423-1-1-107,2025-06-01,MEX002,1052505316,300899349,310015,ID002,101,3117A-3123A-9999A,74
675,233423-1-1-107,2025-06-01,MEX002,1052505316,300899350,310015,ID002,101,3117A-3123A-9999A,74
676,233423-1-1-107,2025-06-01,MEX002,1052505316,300899352,310015,ID002,101,3117A-3123A-9999A,74
677,233423-1-1-107,2025-06-01,MEX002,1052505316,300899353,310015,ID002,101,3117A-3123A-9999A,74
678,233423-1-1-107,2025-06-01,MEX002,1052505316,300899354,310015,ID002,101,3117A-3123A-9999A,74
679,233423-1-1-107,2025-06-01,MEX002,1052505316,300899355,310015,ID002,101,3117A-3123A-9999A,74
680,233423-1-1-107,2025-06-01,MEX002,1052505316,300899356,310015,ID002,101,3117A-3123A-9999A,74
681,233423-1-1-107,2025-06-01,MEX002,1052505316,300899358,310015,ID002,101,3117A-3123A-9999A,74
682,233423-1-1-107,2025-06-01,MEX002,1052505317,300899428,310015,ID002,101,3117A-3123A-9999A,74
683,233423-1-1-107,2025-06-01,MEX002,1052505317,300899429,310015,ID002,101,3117A-3123A-9999A,74
684,233423-1-1-107,2025-06-01,MEX002,1052505317,300899430,310015,ID002,101,3117A-3123A-9999A,74
685,233423-1-1-107,2025-06-01,MEX002,1052505317,300899431,310015,ID002,101,3117A-3123A-9999A,74
686,233423-1-1-107,2025-06-01,MEX002,1052505317,300899449,310015,ID002,101,3117A-3123A-9999A,74
687,233423-1-1-107,2025-06-01,MEX002,1052505317,300899450,310015,ID002,101,3117A-3123A-9999A,74
688,233423-1-1-107,2025-06-01,MEX002,1052505317,300899451,310015,ID002,101,3117A-3123A-9999A,74
689,233423-1-1-107,2025-06-01,MEX002,1052505317,300899452,310015,ID002,101,3117A-3123A-9999A,74
690,233423-1-1-108,2025-06-01,MEX002,1052505407,300900126,310015,ID002,101,3117A-9999A,73
691,233423-1-1-108,2025-06-01,MEX002,1052505407,300900127,310015,ID002,101,3117A-9999A,73
692,233423-1-1-108,2025-06-01,MEX002,1052505407,300900599,310015,ID002,101,3117A-9999A,73
693,233423-1-1-108,2025-06-01,MEX002,1052505407,300900600,310015,ID002,101,3117A-9999A,73
694,233423-1-1-108,2025-06-01,MEX002,1052505407,300901006,310015,ID002,101,3117A-9999A,73
695,233423-1-1-108,2025-06-01,MEX002,1052505407,300901007,310015,ID002,101,3117A-9999A,73
696,233423-1-1-108,2025-06-01,MEX002,1052505407,300901008,310015,ID002,101,3117A-9999A,73
697,233423-1-1-108,2025-06-01,MEX002,1052505407,300901009,310015,ID002,101,3117A-9999A,73
698,233423-1-1-108,2025-06-01,MEX002,1052505408,300901031,310015,ID002,101,3117A-9999A,73
699,233423-1-1-108,2025-06-01,MEX002,1052505408,300901032,310015,ID002,101,3117A-9999A,73
700,233423-1-1-108,2025-06-01,MEX002,1052505408,300901033,310015,ID002,101,3117A-9999A,73
701,233423-1-1-108,2025-06-01,MEX002,1052505408,300901034,310015,ID002,101,3117A-9999A,73
702,233423-1-1-108,2025-06-01,MEX002,1052505408,300901111,310015,ID002,101,3117A-9999A,73
703,233423-1-1-108,2025-06-01,MEX002,1052505408,300901112,310015,ID002,101,3117A-9999A,73
704,233423-1-1-108,2025-06-01,MEX002,1052505408,300901113,310015,ID002,101,3117A-9999A,73
705,233423-1-1-108,2025-06-01,MEX002,1052505408,300901114,310015,ID002,101,3117A-9999A,73
706,233423-1-1-108,2025-06-01,MEX002,1052505409,300901166,310015,ID002,101,3117A-9999A,73
707,233423-1-1-108,2025-06-01,MEX002,1052505409,300901168,310015,ID002,101,3117A-9999A,73
708,233423-1-1-108,2025-06-01,MEX002,1052505409,300901183,310015,ID002,101,3117A-9999A,73
709,233423-1-1-108,2025-06-01,MEX002,1052505409,300901184,310015,ID002,101,3117A-9999A,73
710,232146-1-5-121,2025-05-18,TX001,1052511202,300981185,310015,ID002,101,3117A-3123A-9999A-9999E,15
711,232146-1-5-121,2025-05-18,TX001,1052511202,300981186,310015,ID002,101,3117A-3123A-9999A-9999E,15
712,232146-1-5-121,2025-05-18,TX001,1052511202,300981302,310015,ID002,101,3117A-3123A-9999A-9999E,15
713,232146-1-5-121,2025-05-18,TX001,1052511202,300981303,310015,ID002,101,3117A-3123A-9999A-9999E,15
714,232146-1-5-121,2025-05-18,TX001,1052511202,300981304,310015,ID002,101,3117A-3123A-9999A-9999E,15
715,232146-1-5-121,2025-05-18,TX001,1052511202,300981305,310015,ID002,101,3117A-3123A-9999A-9999E,15
716,232146-1-5-121,2025-05-18,TX001,1052511202,300981306,310015,ID002,101,3117A-3123A-9999A-9999E,15
717,232146-1-5-121,2025-05-18,TX001,1052511202,300981307,310015,ID002,101,3117A-3123A-9999A-9999E,15
718,232146-1-5-121,2025-05-18,TX001,1052511203,300981333,310015,ID002,101,3117A-3123A-9999A-9999E,15
719,232146-1-5-121,2025-05-18,TX001,1052511203,300981334,310015,ID002,101,3117A-3123A-9999A-9999E,15
720,232146-1-5-122,2025-05-18,TX001,1052508508,300944657,310015,ID002,101,3117A-3123A-9999A-9999E,42
721,232146-1-5-122,2025-05-18,TX001,1052508518,300945336,310015,ID002,101,3117A-3123A-9999A-9999E,42
722,232146-1-5-122,2025-05-18,TX001,1052508518,300945337,310015,ID002,101,3117A-3123A-9999A-9999E,42
723,232146-1-5-122,2025-05-18,TX001,1052508518,300945338,310015,ID002,101,3117A-3123A-9999A-9999E,42
724,232146-1-5-122,2025-05-18,TX001,1052508518,300945339,310015,ID002,101,3117A-3123A-9999A-9999E,42
725,232146-1-5-122,2025-05-18,TX001,1052508518,300945340,310015,ID002,101,3117A-3123A-9999A-9999E,42
726,232146-1-5-122,2025-05-18,TX001,1052508519,300945358,310015,ID002,101,3117A-3123A-9999A-9999E,42
727,232146-1-5-122,2025-05-18,TX001,1052508519,300945359,310015,ID002,101,3117A-3123A-9999A-9999E,42
728,232146-1-5-122,2025-05-18,TX001,1052508519,300945360,310015,ID002,101,3117A-3123A-9999A-9999E,42
729,232146-1-5-122,2025-05-18,TX001,1052508519,300945361,310015,ID002,101,3117A-3123A-9999A-9999E,42
730,232146-1-5-123,2025-05-18,TX001,1052508901,300949258,310015,ID002,101,3117A-3123A-9999A-9999E,38
731,232146-1-5-123,2025-05-18,TX001,1052508901,300949260,310015,ID002,101,3117A-3123A-9999A-9999E,38
732,232146-1-5-123,2025-05-18,TX001,1052508901,300949262,310015,ID002,101,3117A-3123A-9999A-9999E,38
733,232146-1-5-123,2025-05-18,TX001,1052508901,300949263,310015,ID002,101,3117A-3123A-9999A-9999E,38
734,232146-1-5-123,2025-05-18,TX001,1052508901,300949288,310015,ID002,101,3117A-3123A-9999A-9999E,38
735,232146-1-5-123,2025-05-18,TX001,1052508901,300949289,310015,ID002,101,3117A-3123A-9999A-9999E,38
736,232146-1-5-123,2025-05-18,TX001,1052508901,300949291,310015,ID002,101,3117A-3123A-9999A-9999E,38
737,232146-1-5-123,2025-05-18,TX001,1052508901,300949307,310015,ID002,101,3117A-3123A-9999A-9999E,38
738,232146-1-5-123,2025-05-18,TX001,1052508902,300949290,310015,ID002,101,3117A-3123A-9999A-9999E,38
739,232146-1-5-123,2025-05-18,TX001,1052508902,300949360,310015,ID002,101,3117A-3123A-9999A-9999E,38
740,232501-1-6-121,2025-05-31,TX001,1052509201,300953869,310015,ID002,101,3117A-3123A-9999A-9999E,35
741,232501-1-6-121,2025-05-31,TX001,1052509201,300953870,310015,ID002,101,3117A-3123A-9999A-9999E,35
742,232501-1-6-121,2025-05-31,TX001,1052509201,300953871,310015,ID002,101,3117A-3123A-9999A-9999E,35
743,232501-1-6-121,2025-05-31,TX001,1052509201,300953872,310015,ID002,101,3117A-3123A-9999A-9999E,35
744,232501-1-6-121,2025-05-31,TX001,1052509201,300953873,310015,ID002,101,3117A-3123A-9999A-9999E,35
745,232501-1-6-121,2025-05-31,TX001,1052509201,300953874,310015,ID002,101,3117A-3123A-9999A-9999E,35
746,232501-1-6-121,2025-05-31,TX001,1052509201,300953875,310015,ID002,101,3117A-3123A-9999A-9999E,35
747,232501-1-6-121,2025-05-31,TX001,1052509201,300953876,310015,ID002,101,3117A-3123A-9999A-9999E,35
748,232501-1-6-121,2025-05-31,TX001,1052509202,300953909,310015,ID002,101,3117A-3123A-9999A-9999E,35
749,232501-1-6-121,2025-05-31,TX001,1052509202,300953910,310015,ID002,101,3117A-3123A-9999A-9999E,35
750,232501-1-6-122,2025-05-31,TX001,1052509401,300957294,310015,ID002,101,3117A-3123A-9999A-9999E,33
751,232501-1-6-122,2025-05-31,TX001,1052509401,300957510,310015,ID002,101,3117A-3123A-9999A-9999E,33
752,232501-1-6-122,2025-05-31,TX001,1052509401,300957587,310015,ID002,101,3117A-3123A-9999A-9999E,33
753,232501-1-6-122,2025-05-31,TX001,1052509402,300957608,310015,ID002,101,3117A-3123A-9999A-9999E,33
754,232501-1-6-122,2025-05-31,TX001,1052509402,300957609,310015,ID002,101,3117A-3123A-9999A-9999E,33
755,232501-1-6-122,2025-05-31,TX001,1052509402,300957610,310015,ID002,101,3117A-3123A-9999A-9999E,33
756,232501-1-6-122,2025-05-31,TX001,1052509402,300957611,310015,ID002,101,3117A-3123A-9999A-9999E,33
757,232501-1-6-122,2025-05-31,TX001,1052509402,300957612,310015,ID002,101,3117A-3123A-9999A-9999E,33
758,232501-1-6-122,2025-05-31,TX001,1052509402,300957613,310015,ID002,101,3117A-3123A-9999A-9999E,33
759,232501-1-6-122,2025-05-31,TX001,1052509402,300957615,310015,ID002,101,3117A-3123A-9999A-9999E,33
760,232501-1-6-124,2025-05-31,TX001,1052508519,300945362,310015,ID002,101,3117A-3123A-9999A-9999E,42
761,232501-1-6-124,2025-05-31,TX001,1052508519,300945363,310015,ID002,101,3117A-3123A-9999A-9999E,42
762,232501-1-6-124,2025-05-31,TX001,1052508519,300945364,310015,ID002,101,3117A-3123A-9999A-9999E,42
763,232501-1-6-124,2025-05-31,TX001,1052508519,300945365,310015,ID002,101,3117A-3123A-9999A-9999E,42
764,232501-1-6-124,2025-05-31,TX001,1052508520,300945425,310015,ID002,101,3117A-3123A-9999A-9999E,42
765,232501-1-6-124,2025-05-31,TX001,1052508520,300945427,310015,ID002,101,3117A-3123A-9999A-9999E,42
766,232501-1-6-124,2025-05-31,TX001,1052508520,300945428,310015,ID002,101,3117A-3123A-9999A-9999E,42
767,232501-1-6-124,2025-05-31,TX001,1052508520,300945429,310015,ID002,101,3117A-3123A-9999A-9999E,42
768,232501-1-6-124,2025-05-31,TX001,1052508520,300945430,310015,ID002,101,3117A-3123A-9999A-9999E,42
769,232501-1-6-124,2025-05-31,TX001,1052508520,300945431,310015,ID002,101,3117A-3123A-9999A-9999E,42
770,232630-1-1-105,2025-05-28,TX001,1052509011,300951577,310015,ID002,101,3117A-9999A,37
771,232630-1-1-105,2025-05-28,TX001,1052509011,300951578,310015,ID002,101,3117A-9999A,37
772,232630-1-1-105,2025-05-28,TX001,1052509011,300951612,310015,ID002,101,3117A-9999A,37
773,232630-1-1-105,2025-05-28,TX001,1052509011,300951613,310015,ID002,101,3117A-9999A,37
774,232630-1-1-105,2025-05-28,TX001,1052509011,300951638,310015,ID002,101,3117A-9999A,37
775,232630-1-1-105,2025-05-28,TX001,1052509011,300951639,310015,ID002,101,3117A-9999A,37
776,232630-1-1-105,2025-05-28,TX001,1052509011,300951640,310015,ID002,101,3117A-9999A,37
777,232630-1-1-105,2025-05-28,TX001,1052509011,300951641,310015,ID002,101,3117A-9999A,37
778,232630-1-1-105,2025-05-28,TX001,1052509012,300951694,310015,ID002,101,3117A-9999A,37
779,232630-1-1-105,2025-05-28,TX001,1052509012,300951696,310015,ID002,101,3117A-9999A,37
780,232678-1-4-107,2025-05-20,TX001,1052508902,300949361,310015,ID002,101,3117A-3123A-9999A-9999E,38
781,232678-1-4-107,2025-05-20,TX001,1052508902,300949362,310015,ID002,101,3117A-3123A-9999A-9999E,38
782,232678-1-4-107,2025-05-20,TX001,1052508902,300949363,310015,ID002,101,3117A-3123A-9999A-9999E,38
783,232678-1-4-107,2025-05-20,TX001,1052508902,300949364,310015,ID002,101,3117A-3123A-9999A-9999E,38
784,232678-1-4-107,2025-05-20,TX001,1052508902,300949365,310015,ID002,101,3117A-3123A-9999A-9999E,38
785,232678-1-4-107,2025-05-20,TX001,1052508902,300949366,310015,ID002,101,3117A-3123A-9999A-9999E,38
786,232678-1-4-107,2025-05-20,TX001,1052508903,300949468,310015,ID002,101,3117A-3123A-9999A-9999E,38
787,232678-1-4-107,2025-05-20,TX001,1052508903,300949469,310015,ID002,101,3117A-3123A-9999A-9999E,38
788,232678-1-4-107,2025-05-20,TX001,1052508903,300949470,310015,ID002,101,3117A-3123A-9999A-9999E,38
789,232678-1-4-107,2025-05-20,TX001,1052508903,300949471,310015,ID002,101,3117A-3123A-9999A-9999E,38
790,232701-1-5-118,2025-05-12,TX001,1052509002,300950977,310015,ID002,101,3117A-3123A-9999A-9999E,37
791,232701-1-5-118,2025-05-12,TX001,1052509002,300950978,310015,ID002,101,3117A-3123A-9999A-9999E,37
792,232701-1-5-118,2025-05-12,TX001,1052509002,300950979,310015,ID002,101,3117A-3123A-9999A-9999E,37
793,232701-1-5-118,2025-05-12,TX001,1052509002,300950980,310015,ID002,101,3117A-3123A-9999A-9999E,37
794,232701-1-5-118,2025-05-12,TX001,1052509002,300950982,310015,ID002,101,3117A-3123A-9999A-9999E,37
795,232701-1-5-118,2025-05-12,TX001,1052509003,300951028,310015,ID002,101,3117A-3123A-9999A-9999E,37
796,232701-1-5-118,2025-05-12,TX001,1052509003,300951029,310015,ID002,101,3117A-3123A-9999A-9999E,37
797,232701-1-5-118,2025-05-12,TX001,1052509003,300951030,310015,ID002,101,3117A-3123A-9999A-9999E,37
798,232701-1-5-118,2025-05-12,TX001,1052509005,300951257,310015,ID002,101,3117A-3123A-9999A-9999E,37
799,232701-1-5-118,2025-05-12,TX001,1052509005,300951258,310015,ID002,101,3117A-3123A-9999A-9999E,37
800,232701-1-5-119,2025-05-19,TX001,1052511001,300978791,310015,ID002,101,3117A-3123A-9999A-9999E,17
801,232701-1-5-119,2025-05-19,TX001,1052511001,300978792,310015,ID002,101,3117A-3123A-9999A-9999E,17
802,232701-1-5-119,2025-05-19,TX001,1052511001,300978793,310015,ID002,101,3117A-3123A-9999A-9999E,17
803,232701-1-5-119,2025-05-19,TX001,1052511001,300978841,310015,ID002,101,3117A-3123A-9999A-9999E,17
804,232701-1-5-119,2025-05-19,TX001,1052511001,300978843,310015,ID002,101,3117A-3123A-9999A-9999E,17
805,232701-1-5-119,2025-05-19,TX001,1052511001,300978844,310015,ID002,101,3117A-3123A-9999A-9999E,17
806,232701-1-5-119,2025-05-19,TX001,1052511001,300978845,310015,ID002,101,3117A-3123A-9999A-9999E,17
807,232701-1-5-119,2025-05-19,TX001,1052511001,300980283,310015,ID002,101,3117A-3123A-9999A-9999E,17
808,232701-1-5-119,2025-05-19,TX001,1052511003,300979026,310015,ID002,101,3117A-3123A-9999A-9999E,17
809,232701-1-5-119,2025-05-19,TX001,1052511003,300979027,310015,ID002,101,3117A-3123A-9999A-9999E,17
810,232701-1-5-120,2025-05-26,TX001,1052511003,300979028,310015,ID002,101,3117A-3123A-9999A-9999E,17
811,232701-1-5-120,2025-05-26,TX001,1052511003,300979029,310015,ID002,101,3117A-3123A-9999A-9999E,17
812,232701-1-5-120,2025-05-26,TX001,1052511003,300979030,310015,ID002,101,3117A-3123A-9999A-9999E,17
813,232701-1-5-120,2025-05-26,TX001,1052511003,300979031,310015,ID002,101,3117A-3123A-9999A-9999E,17
814,232701-1-5-120,2025-05-26,TX001,1052511003,300979032,310015,ID002,101,3117A-3123A-9999A-9999E,17
815,232701-1-5-120,2025-05-26,TX001,1052511003,300979033,310015,ID002,101,3117A-3123A-9999A-9999E,17
816,232701-1-5-120,2025-05-26,TX001,1052511004,300979048,310015,ID002,101,3117A-3123A-9999A-9999E,17
817,232701-1-5-120,2025-05-26,TX001,1052511004,300979050,310015,ID002,101,3117A-3123A-9999A-9999E,17
818,232701-1-5-120,2025-05-26,TX001,1052511004,300979051,310015,ID002,101,3117A-3123A-9999A-9999E,17
819,232701-1-5-120,2025-05-26,TX001,1052511004,300979052,310015,ID002,101,3117A-3123A-9999A-9999E,17
820,232701-1-6-121,2025-05-28,TX001,1052511102,300979825,310015,ID002,101,3117A-3123A-9999A-9999E,16
821,232701-1-6-121,2025-05-28,TX001,1052511102,300979826,310015,ID002,101,3117A-3123A-9999A-9999E,16
822,232701-1-6-121,2025-05-28,TX001,1052511102,300979827,310015,ID002,101,3117A-3123A-9999A-9999E,16
823,232701-1-6-121,2025-05-28,TX001,1052511102,300979828,310015,ID002,101,3117A-3123A-9999A-9999E,16
824,232701-1-6-121,2025-05-28,TX001,1052511102,300979844,310015,ID002,101,3117A-3123A-9999A-9999E,16
825,232701-1-6-121,2025-05-28,TX001,1052511102,300979845,310015,ID002,101,3117A-3123A-9999A-9999E,16
826,232701-1-6-121,2025-05-28,TX001,1052511102,300979846,310015,ID002,101,3117A-3123A-9999A-9999E,16
827,232701-1-6-121,2025-05-28,TX001,1052511102,300979847,310015,ID002,101,3117A-3123A-9999A-9999E,16
828,232701-1-6-121,2025-05-28,TX001,1052511105,300980027,310015,ID002,101,3117A-3123A-9999A-9999E,16
829,232701-1-6-121,2025-05-28,TX001,1052511105,300980043,310015,ID002,101,3117A-3123A-9999A-9999E,16
830,232701-1-6-124,2025-05-28,TX001,1052508602,300945615,310015,ID002,101,3117A-3123A-9999A,41
831,232701-1-6-124,2025-05-28,TX001,1052508602,300945616,310015,ID002,101,3117A-3123A-9999A,41
832,232701-1-6-124,2025-05-28,TX001,1052508602,300945617,310015,ID002,101,3117A-3123A-9999A,41
833,232701-1-6-124,2025-05-28,TX001,1052508603,300945656,310015,ID002,101,3117A-3123A-9999A,41
834,232701-1-6-124,2025-05-28,TX001,1052508603,300945657,310015,ID002,101,3117A-3123A-9999A,41
835,232701-1-6-124,2025-05-28,TX001,1052508603,300945658,310015,ID002,101,3117A-3123A-9999A,41
836,232701-1-6-124,2025-05-28,TX001,1052508603,300945659,310015,ID002,101,3117A-3123A-9999A,41
837,232701-1-6-124,2025-05-28,TX001,1052508603,300945660,310015,ID002,101,3117A-3123A-9999A,41
838,232701-1-6-124,2025-05-28,TX001,1052508603,300945827,310015,ID002,101,3117A-3123A-9999A,41
839,232701-1-6-124,2025-05-28,TX001,1052508603,300945828,310015,ID002,101,3117A-3123A-9999A,41
840,232807-1-2-134,2025-06-01,TX001,1052511004,300979099,310015,ID002,101,3117A-3123A-9999A-9999E,17
841,232807-1-2-134,2025-06-01,TX001,1052511004,300979100,310015,ID002,101,3117A-3123A-9999A-9999E,17
842,232807-1-2-134,2025-06-01,TX001,1052511004,300979102,310015,ID002,101,3117A-3123A-9999A-9999E,17
843,232807-1-2-134,2025-06-01,TX001,1052511004,300979103,310015,ID002,101,3117A-3123A-9999A-9999E,17
844,232807-1-2-134,2025-06-01,TX001,1052511013,300979598,310015,ID002,101,3117A-3123A-9999A-9999E,17
845,232807-1-2-134,2025-06-01,TX001,1052511013,300979599,310015,ID002,101,3117A-3123A-9999A-9999E,17
846,232807-1-2-134,2025-06-01,TX001,1052511013,300979600,310015,ID002,101,3117A-3123A-9999A-9999E,17
847,232807-1-2-134,2025-06-01,TX001,1052511013,300979601,310015,ID002,101,3117A-3123A-9999A-9999E,17
848,232807-1-2-134,2025-06-01,TX001,1052511013,300979646,310015,ID002,101,3117A-3123A-9999A-9999E,17
849,232807-1-2-134,2025-06-01,TX001,1052511013,300979647,310015,ID002,101,3117A-3123A-9999A-9999E,17
850,232807-1-2-134,2025-06-01,TX001,1052511013,300979648,310015,ID002,101,3117A-3123A-9999A-9999E,17
851,232807-1-2-134,2025-06-01,TX001,1052511013,300979649,310015,ID002,101,3117A-3123A-9999A-9999E,17
852,232807-1-2-134,2025-06-01,TX001,1052511014,300979686,310015,ID002,101,3117A-3123A-9999A-9999E,17
853,232807-1-2-134,2025-06-01,TX001,1052511014,300979689,310015,ID002,101,3117A-3123A-9999A-9999E,17
854,232807-1-2-134,2025-06-01,TX001,1052511014,300979690,310015,ID002,101,3117A-3123A-9999A-9999E,17
855,232807-1-2-134,2025-06-01,TX001,1052511014,300979691,310015,ID002,101,3117A-3123A-9999A-9999E,17
856,232807-1-2-134,2025-06-01,TX001,1052511014,300979692,310015,ID002,101,3117A-3123A-9999A-9999E,17
857,232807-1-2-134,2025-06-01,TX001,1052511014,300979693,310015,ID002,101,3117A-3123A-9999A-9999E,17
858,232807-1-2-134,2025-06-01,TX001,1052511014,300979694,310015,ID002,101,3117A-3123A-9999A-9999E,17
859,232807-1-2-134,2025-06-01,TX001,1052511014,300979695,310015,ID002,101,3117A-3123A-9999A-9999E,17
860,232807-1-2-135,2025-06-01,TX001,1052508811,300948628,310015,ID002,101,3117A-3123A-9999A-9999E,39
861,232807-1-2-135,2025-06-01,TX001,1052508811,300948629,310015,ID002,101,3117A-3123A-9999A-9999E,39
862,232807-1-2-135,2025-06-01,TX001,1052508811,300948630,310015,ID002,101,3117A-3123A-9999A-9999E,39
863,232807-1-2-135,2025-06-01,TX001,1052508811,300948631,310015,ID002,101,3117A-3123A-9999A-9999E,39
864,232807-1-2-135,2025-06-01,TX001,1052508811,300948632,310015,ID002,101,3117A-3123A-9999A-9999E,39
865,232807-1-2-135,2025-06-01,TX001,1052508811,300948633,310015,ID002,101,3117A-3123A-9999A-9999E,39
866,232807-1-2-135,2025-06-01,TX001,1052508811,300948634,310015,ID002,101,3117A-3123A-9999A-9999E,39
867,232807-1-2-135,2025-06-01,TX001,1052508811,300948635,310015,ID002,101,3117A-3123A-9999A-9999E,39
868,232807-1-2-135,2025-06-01,TX001,1052508812,300948713,310015,ID002,101,3117A-3123A-9999A-9999E,39
869,232807-1-2-135,2025-06-01,TX001,1052508812,300948714,310015,ID002,101,3117A-3123A-9999A-9999E,39
870,232807-1-2-135,2025-06-01,TX001,1052508812,300948715,310015,ID002,101,3117A-3123A-9999A-9999E,39
871,232807-1-2-135,2025-06-01,TX001,1052508812,300948716,310015,ID002,101,3117A-3123A-9999A-9999E,39
872,232807-1-2-135,2025-06-01,TX001,1052508812,300948717,310015,ID002,101,3117A-3123A-9999A-9999E,39
873,232807-1-2-135,2025-06-01,TX001,1052508812,300948718,310015,ID002,101,3117A-3123A-9999A-9999E,39
874,232807-1-2-135,2025-06-01,TX001,1052508812,300948719,310015,ID002,101,3117A-3123A-9999A-9999E,39
875,232807-1-2-135,2025-06-01,TX001,1052508812,300948720,310015,ID002,101,3117A-3123A-9999A-9999E,39
876,232807-1-2-135,2025-06-01,TX001,1052508813,300948781,310015,ID002,101,3117A-3123A-9999A-9999E,39
877,232807-1-2-135,2025-06-01,TX001,1052508813,300948869,310015,ID002,101,3117A-3123A-9999A-9999E,39
878,232807-1-2-135,2025-06-01,TX001,1052508813,300948870,310015,ID002,101,3117A-3123A-9999A-9999E,39
879,232807-1-2-135,2025-06-01,TX001,1052508813,300948871,310015,ID002,101,3117A-3123A-9999A-9999E,39
880,232807-1-2-137,2025-06-01,TX001,1052511009,300979395,310015,ID002,101,3117A-3123A-3132A-9999A,17
881,232807-1-2-137,2025-06-01,TX001,1052511009,300979396,310015,ID002,101,3117A-3123A-3132A-9999A,17
882,232807-1-2-137,2025-06-01,TX001,1052511009,300979397,310015,ID002,101,3117A-3123A-3132A-9999A,17
883,232807-1-2-137,2025-06-01,TX001,1052511009,300979398,310015,ID002,101,3117A-3123A-3132A-9999A,17
884,232807-1-2-137,2025-06-01,TX001,1052511009,300979453,310015,ID002,101,3117A-3123A-3132A-9999A,17
885,232807-1-2-137,2025-06-01,TX001,1052511009,300979454,310015,ID002,101,3117A-3123A-3132A-9999A,17
886,232807-1-2-137,2025-06-01,TX001,1052511009,300979455,310015,ID002,101,3117A-3123A-3132A-9999A,17
887,232807-1-2-137,2025-06-01,TX001,1052511009,300979456,310015,ID002,101,3117A-3123A-3132A-9999A,17
888,232807-1-2-137,2025-06-01,TX001,1052511010,300979473,310015,ID002,101,3117A-3123A-3132A-9999A,17
889,232807-1-2-137,2025-06-01,TX001,1052511010,300979474,310015,ID002,101,3117A-3123A-3132A-9999A,17
890,232807-1-2-137,2025-06-01,TX001,1052509202,300953911,310015,ID002,101,3117A-3123A-9999A-9999E,35
891,232807-1-2-137,2025-06-01,TX001,1052509202,300953920,310015,ID002,101,3117A-3123A-9999A-9999E,35
892,232807-1-2-137,2025-06-01,TX001,1052509202,300953971,310015,ID002,101,3117A-3123A-9999A-9999E,35
893,232807-1-2-137,2025-06-01,TX001,1052509202,300953972,310015,ID002,101,3117A-3123A-9999A-9999E,35
894,232807-1-2-137,2025-06-01,TX001,1052509202,300953973,310015,ID002,101,3117A-3123A-9999A-9999E,35
895,232807-1-2-137,2025-06-01,TX001,1052509202,300953974,310015,ID002,101,3117A-3123A-9999A-9999E,35
896,232807-1-2-137,2025-06-01,TX001,1052509203,300953975,310015,ID002,101,3117A-3123A-9999A-9999E,35
897,232807-1-2-137,2025-06-01,TX001,1052509203,300953976,310015,ID002,101,3117A-3123A-9999A-9999E,35
898,232807-1-2-137,2025-06-01,TX001,1052509203,300953977,310015,ID002,101,3117A-3123A-9999A-9999E,35
899,232807-1-2-137,2025-06-01,TX001,1052509203,300953978,310015,ID002,101,3117A-3123A-9999A-9999E,35
900,232807-1-2-138,2025-06-01,TX001,1052509012,300951697,310015,ID002,101,3117A-9999A,37
901,232807-1-2-138,2025-06-01,TX001,1052509012,300951706,310015,ID002,101,3117A-9999A,37
902,232807-1-2-138,2025-06-01,TX001,1052509012,300951707,310015,ID002,101,3117A-9999A,37
903,232807-1-2-138,2025-06-01,TX001,1052509012,300951708,310015,ID002,101,3117A-9999A,37
904,232807-1-2-138,2025-06-01,TX001,1052509012,300951709,310015,ID002,101,3117A-9999A,37
905,232807-1-2-138,2025-06-01,TX001,1052509013,300951718,310015,ID002,101,3117A-9999A,37
906,232807-1-2-138,2025-06-01,TX001,1052509013,300951737,310015,ID002,101,3117A-9999A,37
907,232807-1-2-138,2025-06-01,TX001,1052509013,300951738,310015,ID002,101,3117A-9999A,37
908,232807-1-2-138,2025-06-01,TX001,1052509013,300951739,310015,ID002,101,3117A-9999A,37
909,232807-1-2-138,2025-06-01,TX001,1052509013,300951909,310015,ID002,101,3117A-9999A,37
910,232807-1-2-139,2025-06-01,TX001,1052509005,300951317,310015,ID002,101,3117A-3123A-9999A-9999E,37
911,232807-1-2-139,2025-06-01,TX001,1052509005,300951318,310015,ID002,101,3117A-3123A-9999A-9999E,37
912,232807-1-2-139,2025-06-01,TX001,1052509005,300951319,310015,ID002,101,3117A-3123A-9999A-9999E,37
913,232807-1-2-139,2025-06-01,TX001,1052509005,300951320,310015,ID002,101,3117A-3123A-9999A-9999E,37
914,232807-1-2-139,2025-06-01,TX001,1052509006,300951324,310015,ID002,101,3117A-3123A-9999A-9999E,37
915,232807-1-2-139,2025-06-01,TX001,1052509006,300951325,310015,ID002,101,3117A-3123A-9999A-9999E,37
916,232807-1-2-139,2025-06-01,TX001,1052509006,300951326,310015,ID002,101,3117A-3123A-9999A-9999E,37
917,232807-1-2-139,2025-06-01,TX001,1052509006,300951327,310015,ID002,101,3117A-3123A-9999A-9999E,37
918,232807-1-2-139,2025-06-01,TX001,1052509006,300951338,310015,ID002,101,3117A-3123A-9999A-9999E,37
919,232807-1-2-139,2025-06-01,TX001,1052509006,300951339,310015,ID002,101,3117A-3123A-9999A-9999E,37
920,232807-1-2-139,2025-06-01,TX001,1052509006,300951340,310015,ID002,101,3117A-3123A-9999A-9999E,37
921,232807-1-2-139,2025-06-01,TX001,1052509006,300951341,310015,ID002,101,3117A-3123A-9999A-9999E,37
922,232807-1-2-139,2025-06-01,TX001,1052509007,300951371,310015,ID002,101,3117A-3123A-9999A-9999E,37
923,232807-1-2-139,2025-06-01,TX001,1052509007,300951372,310015,ID002,101,3117A-3123A-9999A-9999E,37
924,232807-1-2-139,2025-06-01,TX001,1052509007,300951373,310015,ID002,101,3117A-3123A-9999A-9999E,37
925,232807-1-2-139,2025-06-01,TX001,1052509007,300951374,310015,ID002,101,3117A-3123A-9999A-9999E,37
926,232807-1-2-139,2025-06-01,TX001,1052509007,300951399,310015,ID002,101,3117A-3123A-9999A-9999E,37
927,232807-1-2-139,2025-06-01,TX001,1052509007,300951400,310015,ID002,101,3117A-3123A-9999A-9999E,37
928,232807-1-2-139,2025-06-01,TX001,1052509007,300951401,310015,ID002,101,3117A-3123A-9999A-9999E,37
929,232807-1-2-139,2025-06-01,TX001,1052509007,300951402,310015,ID002,101,3117A-3123A-9999A-9999E,37
930,232807-1-2-143,2025-06-01,TX001,1052509203,300953980,310015,ID002,101,3117A-3123A-9999A-9999E,35
931,232807-1-2-143,2025-06-01,TX001,1052509203,300953981,310015,ID002,101,3117A-3123A-9999A-9999E,35
932,232807-1-2-143,2025-06-01,TX001,1052509203,300953983,310015,ID002,101,3117A-3123A-9999A-9999E,35
933,232807-1-2-143,2025-06-01,TX001,1052509203,300953984,310015,ID002,101,3117A-3123A-9999A-9999E,35
934,232807-1-2-143,2025-06-01,TX001,1052509204,300954063,310015,ID002,101,3117A-3123A-9999A-9999E,35
935,232807-1-2-143,2025-06-01,TX001,1052509204,300954064,310015,ID002,101,3117A-3123A-9999A-9999E,35
936,232807-1-2-143,2025-06-01,TX001,1052509204,300954065,310015,ID002,101,3117A-3123A-9999A-9999E,35
937,232807-1-2-143,2025-06-01,TX001,1052509204,300954066,310015,ID002,101,3117A-3123A-9999A-9999E,35
938,232807-1-2-143,2025-06-01,TX001,1052509204,300954067,310015,ID002,101,3117A-3123A-9999A-9999E,35
939,232807-1-2-143,2025-06-01,TX001,1052509204,300954068,310015,ID002,101,3117A-3123A-9999A-9999E,35
940,232807-1-2-143,2025-06-01,TX001,1052509204,300954069,310015,ID002,101,3117A-3123A-9999A-9999E,35
941,232807-1-2-143,2025-06-01,TX001,1052509204,300954070,310015,ID002,101,3117A-3123A-9999A-9999E,35
942,232807-1-2-143,2025-06-01,TX001,1052509205,300954138,310015,ID002,101,3117A-3123A-9999A-9999E,35
943,232807-1-2-143,2025-06-01,TX001,1052509205,300954139,310015,ID002,101,3117A-3123A-9999A-9999E,35
944,232807-1-2-143,2025-06-01,TX001,1052509205,300954140,310015,ID002,101,3117A-3123A-9999A-9999E,35
945,232807-1-2-143,2025-06-01,TX001,1052509205,300954141,310015,ID002,101,3117A-3123A-9999A-9999E,35
946,232807-1-2-143,2025-06-01,TX001,1052509205,300954142,310015,ID002,101,3117A-3123A-9999A-9999E,35
947,232807-1-2-143,2025-06-01,TX001,1052509205,300954144,310015,ID002,101,3117A-3123A-9999A-9999E,35
948,232807-1-2-143,2025-06-01,TX001,1052509205,300954145,310015,ID002,101,3117A-3123A-9999A-9999E,35
949,232807-1-2-143,2025-06-01,TX001,1052509205,300954146,310015,ID002,101,3117A-3123A-9999A-9999E,35
950,232807-1-2-144,2025-06-01,TX001,1052511002,300978913,310015,ID002,101,3117A-3123A-3132A-9999A-9999E,17
951,232807-1-2-144,2025-06-01,TX001,1052511002,300978919,310015,ID002,101,3117A-3123A-3132A-9999A-9999E,17
952,232807-1-2-144,2025-06-01,TX001,1052511002,300978923,310015,ID002,101,3117A-3123A-3132A-9999A-9999E,17
953,232807-1-2-144,2025-06-01,TX001,1052511002,300978926,310015,ID002,101,3117A-3123A-3132A-9999A-9999E,17
954,232807-1-2-144,2025-06-01,TX001,1052511002,300978978,310015,ID002,101,3117A-3123A-3132A-9999A-9999E,17
955,232807-1-2-144,2025-06-01,TX001,1052511002,300978979,310015,ID002,101,3117A-3123A-3132A-9999A-9999E,17
956,232807-1-2-144,2025-06-01,TX001,1052511002,300978980,310015,ID002,101,3117A-3123A-3132A-9999A-9999E,17
957,232807-1-2-144,2025-06-01,TX001,1052511002,300980284,310015,ID002,101,3117A-3123A-3132A-9999A-9999E,17
958,232807-1-2-144,2025-06-01,TX001,1052511011,300979505,310015,ID002,101,3117A-3123A-3132A-9999A-9999E,17
959,232807-1-2-144,2025-06-01,TX001,1052511011,300979506,310015,ID002,101,3117A-3123A-3132A-9999A-9999E,17
960,232807-1-2-144,2025-06-01,TX001,1052511011,300979508,310015,ID002,101,3117A-3123A-3132A-9999A-9999E,17
961,232807-1-2-144,2025-06-01,TX001,1052511011,300979526,310015,ID002,101,3117A-3123A-3132A-9999A-9999E,17
962,232807-1-2-144,2025-06-01,TX001,1052511011,300979527,310015,ID002,101,3117A-3123A-3132A-9999A-9999E,17
963,232807-1-2-144,2025-06-01,TX001,1052511011,300979528,310015,ID002,101,3117A-3123A-3132A-9999A-9999E,17
964,232807-1-2-144,2025-06-01,TX001,1052511011,300979529,310015,ID002,101,3117A-3123A-3132A-9999A-9999E,17
965,232807-1-2-144,2025-06-01,TX001,1052511011,300979645,310015,ID002,101,3117A-3123A-3132A-9999A-9999E,17
966,232807-1-2-144,2025-06-01,TX001,1052511012,300979581,310015,ID002,101,3117A-3123A-3132A-9999A-9999E,17
967,232807-1-2-144,2025-06-01,TX001,1052511012,300979582,310015,ID002,101,3117A-3123A-3132A-9999A-9999E,17
968,232807-1-2-144,2025-06-01,TX001,1052511012,300979583,310015,ID002,101,3117A-3123A-3132A-9999A-9999E,17
969,232807-1-2-144,2025-06-01,TX001,1052511012,300979584,310015,ID002,101,3117A-3123A-3132A-9999A-9999E,17
970,232807-1-2-145,2025-06-01,TX001,1052509809,300962584,310015,ID002,101,3117A-3123A-9999A-9999E,29
971,232807-1-2-145,2025-06-01,TX001,1052509809,300962585,310015,ID002,101,3117A-3123A-9999A-9999E,29
972,232807-1-2-145,2025-06-01,TX001,1052509809,300962586,310015,ID002,101,3117A-3123A-9999A-9999E,29
973,232807-1-2-145,2025-06-01,TX001,1052509809,300962587,310015,ID002,101,3117A-3123A-9999A-9999E,29
974,232807-1-2-145,2025-06-01,TX001,1052509809,300962617,310015,ID002,101,3117A-3123A-9999A-9999E,29
975,232807-1-2-145,2025-06-01,TX001,1052509809,300962618,310015,ID002,101,3117A-3123A-9999A-9999E,29
976,232807-1-2-145,2025-06-01,TX001,1052509809,300962619,310015,ID002,101,3117A-3123A-9999A-9999E,29
977,232807-1-2-145,2025-06-01,TX001,1052509809,300962620,310015,ID002,101,3117A-3123A-9999A-9999E,29
978,232807-1-2-145,2025-06-01,TX001,1052509810,300962653,310015,ID002,101,3117A-3123A-9999A-9999E,29
979,232807-1-2-145,2025-06-01,TX001,1052509810,300962657,310015,ID002,101,3117A-3123A-9999A-9999E,29
980,232807-1-2-145,2025-06-01,TX001,1052509810,300962658,310015,ID002,101,3117A-3123A-9999A-9999E,29
981,232807-1-2-145,2025-06-01,TX001,1052509810,300962659,310015,ID002,101,3117A-3123A-9999A-9999E,29
982,232807-1-2-145,2025-06-01,TX001,1052509810,300962674,310015,ID002,101,3117A-3123A-9999A-9999E,29
983,232807-1-2-145,2025-06-01,TX001,1052509810,300962675,310015,ID002,101,3117A-3123A-9999A-9999E,29
984,232807-1-2-145,2025-06-01,TX001,1052509810,300962676,310015,ID002,101,3117A-3123A-9999A-9999E,29
985,232807-1-2-145,2025-06-01,TX001,1052509810,300962678,310015,ID002,101,3117A-3123A-9999A-9999E,29
986,232807-1-2-145,2025-06-01,TX001,1052509811,300962708,310015,ID002,101,3117A-3123A-9999A-9999E,29
987,232807-1-2-145,2025-06-01,TX001,1052509811,300962709,310015,ID002,101,3117A-3123A-9999A-9999E,29
988,232807-1-2-145,2025-06-01,TX001,1052509811,300962710,310015,ID002,101,3117A-3123A-9999A-9999E,29
989,232807-1-2-145,2025-06-01,TX001,1052509811,300962711,310015,ID002,101,3117A-3123A-9999A-9999E,29
990,232807-1-2-149,2025-06-01,TX001,1052510901,300977160,310015,ID002,101,3117A-3123A-9999A-9999E,18
991,232807-1-2-149,2025-06-01,TX001,1052510901,300977162,310015,ID002,101,3117A-3123A-9999A-9999E,18
992,232807-1-2-149,2025-06-01,TX001,1052510901,300977163,310015,ID002,101,3117A-3123A-9999A-9999E,18
993,232807-1-2-149,2025-06-01,TX001,1052510901,300977165,310015,ID002,101,3117A-3123A-9999A-9999E,18
994,232807-1-2-149,2025-06-01,TX001,1052510902,300977166,310015,ID002,101,3117A-3123A-9999A-9999E,18
995,232807-1-2-149,2025-06-01,TX001,1052510902,300977167,310015,ID002,101,3117A-3123A-9999A-9999E,18
996,232807-1-2-149,2025-06-01,TX001,1052510902,300977169,310015,ID002,101,3117A-3123A-9999A-9999E,18
997,232807-1-2-149,2025-06-01,TX001,1052510902,300977170,310015,ID002,101,3117A-3123A-9999A-9999E,18
998,232807-1-2-149,2025-06-01,TX001,1052510902,300977171,310015,ID002,101,3117A-3123A-9999A-9999E,18
999,232807-1-2-149,2025-06-01,TX001,1052510902,300977173,310015,ID002,101,3117A-3123A-9999A-9999E,18
1000,232807-1-2-149,2025-06-01,TX001,1052510902,300977174,310015,ID002,101,3117A-3123A-9999A-9999E,18
1001,232807-1-2-149,2025-06-01,TX001,1052510902,300977175,310015,ID002,101,3117A-3123A-9999A-9999E,18
1002,232807-1-2-149,2025-06-01,TX001,1052510903,300977227,310015,ID002,101,3117A-3123A-9999A-9999E,18
1003,232807-1-2-149,2025-06-01,TX001,1052510903,300977228,310015,ID002,101,3117A-3123A-9999A-9999E,18
1004,232807-1-2-149,2025-06-01,TX001,1052510903,300977229,310015,ID002,101,3117A-3123A-9999A-9999E,18
1005,232807-1-2-149,2025-06-01,TX001,1052510903,300977230,310015,ID002,101,3117A-3123A-9999A-9999E,18
1006,232807-1-2-149,2025-06-01,TX001,1052510903,300977231,310015,ID002,101,3117A-3123A-9999A-9999E,18
1007,232807-1-2-149,2025-06-01,TX001,1052510903,300977232,310015,ID002,101,3117A-3123A-9999A-9999E,18
1008,232807-1-2-149,2025-06-01,TX001,1052510903,300977233,310015,ID002,101,3117A-3123A-9999A-9999E,18
1009,232807-1-2-149,2025-06-01,TX001,1052510903,300977234,310015,ID002,101,3117A-3123A-9999A-9999E,18
1010,232807-1-2-150,2025-06-01,TX001,1052507415,300929842,310015,ID002,101,3117A-3123A-9999A,53
1011,232807-1-2-150,2025-06-01,TX001,1052507415,300929844,310015,ID002,101,3117A-3123A-9999A,53
1012,232807-1-2-150,2025-06-01,TX001,1052507415,300929846,310015,ID002,101,3117A-3123A-9999A,53
1013,232807-1-2-150,2025-06-01,TX001,1052507416,300929874,310015,ID002,101,3117A-3123A-9999A,53
1014,232807-1-2-150,2025-06-01,TX001,1052507416,300929875,310015,ID002,101,3117A-3123A-9999A,53
1015,232807-1-2-150,2025-06-01,TX001,1052507416,300929876,310015,ID002,101,3117A-3123A-9999A,53
1016,232807-1-2-150,2025-06-01,TX001,1052507416,300929877,310015,ID002,101,3117A-3123A-9999A,53
1017,232807-1-2-150,2025-06-01,TX001,1052507416,300929902,310015,ID002,101,3117A-3123A-9999A,53
1018,232807-1-2-150,2025-06-01,TX001,1052507416,300929903,310015,ID002,101,3117A-3123A-9999A,53
1019,232807-1-2-150,2025-06-01,TX001,1052507416,300929904,310015,ID002,101,3117A-3123A-9999A,53
1020,232807-1-2-150,2025-06-01,TX001,1052511103,300979880,310015,ID002,101,3117A-9999A,16
1021,232807-1-2-150,2025-06-01,TX001,1052511103,300979881,310015,ID002,101,3117A-9999A,16
1022,232807-1-2-150,2025-06-01,TX001,1052511103,300979882,310015,ID002,101,3117A-9999A,16
1023,232807-1-2-150,2025-06-01,TX001,1052511103,300979883,310015,ID002,101,3117A-9999A,16
1024,232807-1-2-150,2025-06-01,TX001,1052511103,300979884,310015,ID002,101,3117A-9999A,16
1025,232807-1-2-150,2025-06-01,TX001,1052511103,300979885,310015,ID002,101,3117A-9999A,16
1026,232807-1-2-150,2025-06-01,TX001,1052511103,300979886,310015,ID002,101,3117A-9999A,16
1027,232807-1-2-150,2025-06-01,TX001,1052511103,300979887,310015,ID002,101,3117A-9999A,16
1028,232807-1-2-150,2025-06-01,TX001,1052511104,300979943,310015,ID002,101,3117A-9999A,16
1029,232807-1-2-150,2025-06-01,TX001,1052511104,300979944,310015,ID002,101,3117A-9999A,16
1030,232807-1-2-152,2025-06-01,TX001,1052508201,300940086,310015,ID002,101,3117A-3123A-9999A-9999E,45
1031,232807-1-2-152,2025-06-01,TX001,1052508201,300940087,310015,ID002,101,3117A-3123A-9999A-9999E,45
1032,232807-1-2-152,2025-06-01,TX001,1052508201,300940088,310015,ID002,101,3117A-3123A-9999A-9999E,45
1033,232807-1-2-152,2025-06-01,TX001,1052508201,300940089,310015,ID002,101,3117A-3123A-9999A-9999E,45
1034,232807-1-2-152,2025-06-01,TX001,1052508201,300940090,310015,ID002,101,3117A-3123A-9999A-9999E,45
1035,232807-1-2-152,2025-06-01,TX001,1052508201,300940092,310015,ID002,101,3117A-3123A-9999A-9999E,45
1036,232807-1-2-152,2025-06-01,TX001,1052508201,300940094,310015,ID002,101,3117A-3123A-9999A-9999E,45
1037,232807-1-2-152,2025-06-01,TX001,1052508201,300940095,310015,ID002,101,3117A-3123A-9999A-9999E,45
1038,232807-1-2-152,2025-06-01,TX001,1052508202,300940137,310015,ID002,101,3117A-3123A-9999A-9999E,45
1039,232807-1-2-152,2025-06-01,TX001,1052508202,300940138,310015,ID002,101,3117A-3123A-9999A-9999E,45
1040,232807-1-2-152,2025-06-01,TX001,1052508202,300940139,310015,ID002,101,3117A-3123A-9999A-9999E,45
1041,232807-1-2-152,2025-06-01,TX001,1052508202,300940140,310015,ID002,101,3117A-3123A-9999A-9999E,45
1042,232807-1-2-152,2025-06-01,TX001,1052508202,300940141,310015,ID002,101,3117A-3123A-9999A-9999E,45
1043,232807-1-2-152,2025-06-01,TX001,1052508202,300940142,310015,ID002,101,3117A-3123A-9999A-9999E,45
1044,232807-1-2-152,2025-06-01,TX001,1052508202,300940143,310015,ID002,101,3117A-3123A-9999A-9999E,45
1045,232807-1-2-152,2025-06-01,TX001,1052508202,300940144,310015,ID002,101,3117A-3123A-9999A-9999E,45
1046,232807-1-2-152,2025-06-01,TX001,1052508203,300940220,310015,ID002,101,3117A-3123A-9999A-9999E,45
1047,232807-1-2-152,2025-06-01,TX001,1052508203,300940221,310015,ID002,101,3117A-3123A-9999A-9999E,45
1048,232807-1-2-152,2025-06-01,TX001,1052508203,300940222,310015,ID002,101,3117A-3123A-9999A-9999E,45
1049,232807-1-2-152,2025-06-01,TX001,1052508203,300940223,310015,ID002,101,3117A-3123A-9999A-9999E,45
1050,232807-1-2-153,2025-06-01,TX001,1052508813,300948891,310015,ID002,101,3117A-3123A-9999A-9999E,39
1051,232807-1-2-153,2025-06-01,TX001,1052508813,300948892,310015,ID002,101,3117A-3123A-9999A-9999E,39
1052,232807-1-2-153,2025-06-01,TX001,1052508813,300948893,310015,ID002,101,3117A-3123A-9999A-9999E,39
1053,232807-1-2-153,2025-06-01,TX001,1052508813,300948894,310015,ID002,101,3117A-3123A-9999A-9999E,39
1054,232807-1-2-153,2025-06-01,TX001,1052508814,300948929,310015,ID002,101,3117A-3123A-9999A-9999E,39
1055,232807-1-2-153,2025-06-01,TX001,1052508814,300948930,310015,ID002,101,3117A-3123A-9999A-9999E,39
1056,232807-1-2-153,2025-06-01,TX001,1052508814,300948931,310015,ID002,101,3117A-3123A-9999A-9999E,39
1057,232807-1-2-153,2025-06-01,TX001,1052508814,300948952,310015,ID002,101,3117A-3123A-9999A-9999E,39
1058,232807-1-2-153,2025-06-01,TX001,1052508814,300948954,310015,ID002,101,3117A-3123A-9999A-9999E,39
1059,232807-1-2-153,2025-06-01,TX001,1052508814,300948955,310015,ID002,101,3117A-3123A-9999A-9999E,39
1060,232807-1-2-153,2025-06-01,TX001,1052508814,300948960,310015,ID002,101,3117A-3123A-9999A-9999E,39
1061,232807-1-2-153,2025-06-01,TX001,1052508814,300948963,310015,ID002,101,3117A-3123A-9999A-9999E,39
1062,232807-1-2-153,2025-06-01,TX001,1052508815,300948973,310015,ID002,101,3117A-3123A-9999A-9999E,39
1063,232807-1-2-153,2025-06-01,TX001,1052508815,300948974,310015,ID002,101,3117A-3123A-9999A-9999E,39
1064,232807-1-2-153,2025-06-01,TX001,1052508815,300948975,310015,ID002,101,3117A-3123A-9999A-9999E,39
1065,232807-1-2-153,2025-06-01,TX001,1052508815,300948976,310015,ID002,101,3117A-3123A-9999A-9999E,39
1066,232807-1-2-153,2025-06-01,TX001,1052508815,300949023,310015,ID002,101,3117A-3123A-9999A-9999E,39
1067,232807-1-2-153,2025-06-01,TX001,1052508815,300949024,310015,ID002,101,3117A-3123A-9999A-9999E,39
1068,232807-1-2-153,2025-06-01,TX001,1052508815,300949025,310015,ID002,101,3117A-3123A-9999A-9999E,39
1069,232807-1-2-153,2025-06-01,TX001,1052508815,300949026,310015,ID002,101,3117A-3123A-9999A-9999E,39
1070,232807-1-2-154,2025-06-01,TX001,1052508203,300940224,310015,ID002,101,3117A-3123A-9999A-9999E,45
1071,232807-1-2-154,2025-06-01,TX001,1052508203,300940225,310015,ID002,101,3117A-3123A-9999A-9999E,45
1072,232807-1-2-154,2025-06-01,TX001,1052508203,300940226,310015,ID002,101,3117A-3123A-9999A-9999E,45
1073,232807-1-2-154,2025-06-01,TX001,1052508203,300940227,310015,ID002,101,3117A-3123A-9999A-9999E,45
1074,232807-1-2-154,2025-06-01,TX001,1052508204,300940305,310015,ID002,101,3117A-3123A-9999A-9999E,45
1075,232807-1-2-154,2025-06-01,TX001,1052508204,300940306,310015,ID002,101,3117A-3123A-9999A-9999E,45
1076,232807-1-2-154,2025-06-01,TX001,1052508204,300940307,310015,ID002,101,3117A-3123A-9999A-9999E,45
1077,232807-1-2-154,2025-06-01,TX001,1052508204,300940308,310015,ID002,101,3117A-3123A-9999A-9999E,45
1078,232807-1-2-154,2025-06-01,TX001,1052508204,300940309,310015,ID002,101,3117A-3123A-9999A-9999E,45
1079,232807-1-2-154,2025-06-01,TX001,1052508204,300940310,310015,ID002,101,3117A-3123A-9999A-9999E,45
1080,232807-1-2-154,2025-06-01,TX001,1052508204,300940311,310015,ID002,101,3117A-3123A-9999A-9999E,45
1081,232807-1-2-154,2025-06-01,TX001,1052508204,300940312,310015,ID002,101,3117A-3123A-9999A-9999E,45
1082,232807-1-2-154,2025-06-01,TX001,1052508205,300940331,310015,ID002,101,3117A-3123A-9999A-9999E,45
1083,232807-1-2-154,2025-06-01,TX001,1052508205,300940332,310015,ID002,101,3117A-3123A-9999A-9999E,45
1084,232807-1-2-154,2025-06-01,TX001,1052508205,300940333,310015,ID002,101,3117A-3123A-9999A-9999E,45
1085,232807-1-2-154,2025-06-01,TX001,1052508205,300940455,310015,ID002,101,3117A-3123A-9999A-9999E,45
1086,232807-1-2-154,2025-06-01,TX001,1052508205,300940456,310015,ID002,101,3117A-3123A-9999A-9999E,45
1087,232807-1-2-154,2025-06-01,TX001,1052508205,300940457,310015,ID002,101,3117A-3123A-9999A-9999E,45
1088,232807-1-2-154,2025-06-01,TX001,1052508205,300940458,310015,ID002,101,3117A-3123A-9999A-9999E,45
1089,232807-1-2-154,2025-06-01,TX001,1052508205,300940459,310015,ID002,101,3117A-3123A-9999A-9999E,45
1090,232807-1-2-156,2025-06-01,TX001,1052509008,300951419,310015,ID002,101,3117A-3123A-9999A-9999E,37
1091,232807-1-2-156,2025-06-01,TX001,1052509008,300951420,310015,ID002,101,3117A-3123A-9999A-9999E,37
1092,232807-1-2-156,2025-06-01,TX001,1052509008,300951421,310015,ID002,101,3117A-3123A-9999A-9999E,37
1093,232807-1-2-156,2025-06-01,TX001,1052509008,300951422,310015,ID002,101,3117A-3123A-9999A-9999E,37
1094,232807-1-2-156,2025-06-01,TX001,1052509008,300951432,310015,ID002,101,3117A-3123A-9999A-9999E,37
1095,232807-1-2-156,2025-06-01,TX001,1052509008,300951433,310015,ID002,101,3117A-3123A-9999A-9999E,37
1096,232807-1-2-156,2025-06-01,TX001,1052509008,300951434,310015,ID002,101,3117A-3123A-9999A-9999E,37
1097,232807-1-2-156,2025-06-01,TX001,1052509008,300951435,310015,ID002,101,3117A-3123A-9999A-9999E,37
1098,232807-1-2-156,2025-06-01,TX001,1052509009,300951455,310015,ID002,101,3117A-3123A-9999A-9999E,37
1099,232807-1-2-156,2025-06-01,TX001,1052509009,300951457,310015,ID002,101,3117A-3123A-9999A-9999E,37
1100,232807-1-2-156,2025-06-01,TX001,1052509009,300951459,310015,ID002,101,3117A-3123A-9999A-9999E,37
1101,232807-1-2-156,2025-06-01,TX001,1052509009,300951460,310015,ID002,101,3117A-3123A-9999A-9999E,37
1102,232807-1-2-156,2025-06-01,TX001,1052509009,300951482,310015,ID002,101,3117A-3123A-9999A-9999E,37
1103,232807-1-2-156,2025-06-01,TX001,1052509009,300951484,310015,ID002,101,3117A-3123A-9999A-9999E,37
1104,232807-1-2-156,2025-06-01,TX001,1052509009,300951485,310015,ID002,101,3117A-3123A-9999A-9999E,37
1105,232807-1-2-156,2025-06-01,TX001,1052509009,300951486,310015,ID002,101,3117A-3123A-9999A-9999E,37
1106,232807-1-2-156,2025-06-01,TX001,1052509010,300951508,310015,ID002,101,3117A-3123A-9999A-9999E,37
1107,232807-1-2-156,2025-06-01,TX001,1052509010,300951509,310015,ID002,101,3117A-3123A-9999A-9999E,37
1108,232807-1-2-156,2025-06-01,TX001,1052509010,300951510,310015,ID002,101,3117A-3123A-9999A-9999E,37
1109,232807-1-2-156,2025-06-01,TX001,1052509010,300951511,310015,ID002,101,3117A-3123A-9999A-9999E,37
1110,232807-1-2-157,2025-06-01,TX001,1052511105,300980049,310015,ID002,101,3117A-3123A-9999A-9999E,16
1111,232807-1-2-157,2025-06-01,TX001,1052511105,300980050,310015,ID002,101,3117A-3123A-9999A-9999E,16
1112,232807-1-2-157,2025-06-01,TX001,1052511105,300980055,310015,ID002,101,3117A-3123A-9999A-9999E,16
1113,232807-1-2-157,2025-06-01,TX001,1052511105,300980065,310015,ID002,101,3117A-3123A-9999A-9999E,16
1114,232807-1-2-157,2025-06-01,TX001,1052511105,300980075,310015,ID002,101,3117A-3123A-9999A-9999E,16
1115,232807-1-2-157,2025-06-01,TX001,1052511105,300980076,310015,ID002,101,3117A-3123A-9999A-9999E,16
1116,232807-1-2-157,2025-06-01,TX001,1052511106,300980151,310015,ID002,101,3117A-3123A-9999A-9999E,16
1117,232807-1-2-157,2025-06-01,TX001,1052511106,300980162,310015,ID002,101,3117A-3123A-9999A-9999E,16
1118,232807-1-2-157,2025-06-01,TX001,1052511106,300980590,310015,ID002,101,3117A-3123A-9999A-9999E,16
1119,232807-1-2-157,2025-06-01,TX001,1052511106,300980592,310015,ID002,101,3117A-3123A-9999A-9999E,16
1120,232807-1-2-157,2025-06-01,TX001,1052511106,300980698,310015,ID002,101,3117A-3123A-9999A-9999E,16
1121,232807-1-2-157,2025-06-01,TX001,1052511106,300980699,310015,ID002,101,3117A-3123A-9999A-9999E,16
1122,232807-1-2-157,2025-06-01,TX001,1052511106,300980700,310015,ID002,101,3117A-3123A-9999A-9999E,16
1123,232807-1-2-157,2025-06-01,TX001,1052511106,300980701,310015,ID002,101,3117A-3123A-9999A-9999E,16
1124,232807-1-2-157,2025-06-01,TX001,1052511107,300980840,310015,ID002,101,3117A-3123A-9999A-9999E,16
1125,232807-1-2-157,2025-06-01,TX001,1052511107,300980841,310015,ID002,101,3117A-3123A-9999A-9999E,16
1126,232807-1-2-157,2025-06-01,TX001,1052511107,300980871,310015,ID002,101,3117A-3123A-9999A-9999E,16
1127,232807-1-2-157,2025-06-01,TX001,1052511107,300980872,310015,ID002,101,3117A-3123A-9999A-9999E,16
1128,232807-1-2-157,2025-06-01,TX001,1052511107,300980873,310015,ID002,101,3117A-3123A-9999A-9999E,16
1129,232807-1-2-157,2025-06-01,TX001,1052511107,300980874,310015,ID002,101,3117A-3123A-9999A-9999E,16
1130,232807-1-2-158,2025-06-01,TX001,1052508701,300946640,310015,ID002,101,3117A-3123A-9999A-9999E,40
1131,232807-1-2-158,2025-06-01,TX001,1052508701,300946641,310015,ID002,101,3117A-3123A-9999A-9999E,40
1132,232807-1-2-158,2025-06-01,TX001,1052508701,300946642,310015,ID002,101,3117A-3123A-9999A-9999E,40
1133,232807-1-2-158,2025-06-01,TX001,1052508701,300946643,310015,ID002,101,3117A-3123A-9999A-9999E,40
1134,232807-1-2-158,2025-06-01,TX001,1052508701,300946644,310015,ID002,101,3117A-3123A-9999A-9999E,40
1135,232807-1-2-158,2025-06-01,TX001,1052508701,300946645,310015,ID002,101,3117A-3123A-9999A-9999E,40
1136,232807-1-2-158,2025-06-01,TX001,1052508701,300946646,310015,ID002,101,3117A-3123A-9999A-9999E,40
1137,232807-1-2-158,2025-06-01,TX001,1052508701,300946647,310015,ID002,101,3117A-3123A-9999A-9999E,40
1138,232807-1-2-158,2025-06-01,TX001,1052508702,300946654,310015,ID002,101,3117A-3123A-9999A-9999E,40
1139,232807-1-2-158,2025-06-01,TX001,1052508702,300946655,310015,ID002,101,3117A-3123A-9999A-9999E,40
1140,232807-1-2-158,2025-06-01,TX001,1052508301,300941490,310015,ID002,101,3117A-3123A-9999A-9999E,44
1141,232807-1-2-158,2025-06-01,TX001,1052508301,300941492,310015,ID002,101,3117A-3123A-9999A-9999E,44
1142,232807-1-2-158,2025-06-01,TX001,1052508301,300941493,310015,ID002,101,3117A-3123A-9999A-9999E,44
1143,232807-1-2-158,2025-06-01,TX001,1052508301,300941494,310015,ID002,101,3117A-3123A-9999A-9999E,44
1144,232807-1-2-158,2025-06-01,TX001,1052508301,300941495,310015,ID002,101,3117A-3123A-9999A-9999E,44
1145,232807-1-2-158,2025-06-01,TX001,1052508301,300941496,310015,ID002,101,3117A-3123A-9999A-9999E,44
1146,232807-1-2-158,2025-06-01,TX001,1052508301,300941497,310015,ID002,101,3117A-3123A-9999A-9999E,44
1147,232807-1-2-158,2025-06-01,TX001,1052508301,300941498,310015,ID002,101,3117A-3123A-9999A-9999E,44
1148,232807-1-2-158,2025-06-01,TX001,1052508302,300941546,310015,ID002,101,3117A-3123A-9999A-9999E,44
1149,232807-1-2-158,2025-06-01,TX001,1052508302,300941547,310015,ID002,101,3117A-3123A-9999A-9999E,44
1150,232807-1-2-159,2025-06-01,TX001,1052508816,300949062,310015,ID002,101,3117A-3123A-9999A-9999E,39
1151,232807-1-2-159,2025-06-01,TX001,1052508816,300949063,310015,ID002,101,3117A-3123A-9999A-9999E,39
1152,232807-1-2-159,2025-06-01,TX001,1052508816,300949064,310015,ID002,101,3117A-3123A-9999A-9999E,39
1153,232807-1-2-159,2025-06-01,TX001,1052508816,300949065,310015,ID002,101,3117A-3123A-9999A-9999E,39
1154,232807-1-2-159,2025-06-01,TX001,1052508816,300949073,310015,ID002,101,3117A-3123A-9999A-9999E,39
1155,232807-1-2-159,2025-06-01,TX001,1052508816,300949074,310015,ID002,101,3117A-3123A-9999A-9999E,39
1156,232807-1-2-159,2025-06-01,TX001,1052508816,300949075,310015,ID002,101,3117A-3123A-9999A-9999E,39
1157,232807-1-2-159,2025-06-01,TX001,1052508816,300949076,310015,ID002,101,3117A-3123A-9999A-9999E,39
1158,232807-1-2-159,2025-06-01,TX001,1052508817,300949105,310015,ID002,101,3117A-3123A-9999A-9999E,39
1159,232807-1-2-159,2025-06-01,TX001,1052508817,300949106,310015,ID002,101,3117A-3123A-9999A-9999E,39
1160,232807-1-2-159,2025-06-01,TX001,1052508206,300940550,310015,ID002,101,3117A-3123A-9999A-9999E,45
1161,232807-1-2-159,2025-06-01,TX001,1052508206,300940551,310015,ID002,101,3117A-3123A-9999A-9999E,45
1162,232807-1-2-159,2025-06-01,TX001,1052508206,300940552,310015,ID002,101,3117A-3123A-9999A-9999E,45
1163,232807-1-2-159,2025-06-01,TX001,1052508206,300940553,310015,ID002,101,3117A-3123A-9999A-9999E,45
1164,232807-1-2-159,2025-06-01,TX001,1052508206,300940590,310015,ID002,101,3117A-3123A-9999A-9999E,45
1165,232807-1-2-159,2025-06-01,TX001,1052508206,300940591,310015,ID002,101,3117A-3123A-9999A-9999E,45
1166,232807-1-2-159,2025-06-01,TX001,1052508206,300940592,310015,ID002,101,3117A-3123A-9999A-9999E,45
1167,232807-1-2-159,2025-06-01,TX001,1052508206,300940593,310015,ID002,101,3117A-3123A-9999A-9999E,45
1168,232807-1-2-159,2025-06-01,TX001,1052508207,300940626,310015,ID002,101,3117A-3123A-9999A-9999E,45
1169,232807-1-2-159,2025-06-01,TX001,1052508207,300940628,310015,ID002,101,3117A-3123A-9999A-9999E,45
1170,232807-1-2-160,2025-06-01,TX001,1052508002,300937650,310015,ID002,101,3117A-3123A-9999A-9999E,47
1171,232807-1-2-160,2025-06-01,TX001,1052508002,300937667,310015,ID002,101,3117A-3123A-9999A-9999E,47
1172,232807-1-2-160,2025-06-01,TX001,1052508002,300937668,310015,ID002,101,3117A-3123A-9999A-9999E,47
1173,232807-1-2-160,2025-06-01,TX001,1052508004,300937809,310015,ID002,101,3117A-3123A-9999A-9999E,47
1174,232807-1-2-160,2025-06-01,TX001,1052508004,300937810,310015,ID002,101,3117A-3123A-9999A-9999E,47
1175,232807-1-2-160,2025-06-01,TX001,1052508007,300937949,310015,ID002,101,3117A-3123A-9999A-9999E,47
1176,232807-1-2-160,2025-06-01,TX001,1052508007,300937950,310015,ID002,101,3117A-3123A-9999A-9999E,47
1177,232807-1-2-160,2025-06-01,TX001,1052508007,300937951,310015,ID002,101,3117A-3123A-9999A-9999E,47
1178,232807-1-2-160,2025-06-01,TX001,1052508012,300938598,310015,ID002,101,3117A-3123A-9999A-9999E,47
1179,232807-1-2-160,2025-06-01,TX001,1052508012,300938599,310015,ID002,101,3117A-3123A-9999A-9999E,47
1180,232807-1-2-161,2025-05-30,TX001,1052511203,300981335,310015,ID002,101,3117A-3123A-9999A-9999E,15
1181,232807-1-2-161,2025-05-30,TX001,1052511203,300981336,310015,ID002,101,3117A-3123A-9999A-9999E,15
1182,232807-1-2-161,2025-05-30,TX001,1052511203,300981395,310015,ID002,101,3117A-3123A-9999A-9999E,15
1183,232807-1-2-161,2025-05-30,TX001,1052511203,300981396,310015,ID002,101,3117A-3123A-9999A-9999E,15
1184,232807-1-2-161,2025-05-30,TX001,1052511203,300981397,310015,ID002,101,3117A-3123A-9999A-9999E,15
1185,232807-1-2-161,2025-05-30,TX001,1052511203,300981398,310015,ID002,101,3117A-3123A-9999A-9999E,15
1186,232807-1-2-161,2025-05-30,TX001,1052511204,300981399,310015,ID002,101,3117A-3123A-9999A-9999E,15
1187,232807-1-2-161,2025-05-30,TX001,1052511204,300981400,310015,ID002,101,3117A-3123A-9999A-9999E,15
1188,232807-1-2-161,2025-05-30,TX001,1052511204,300981490,310015,ID002,101,3117A-3123A-9999A-9999E,15
1189,232807-1-2-161,2025-05-30,TX001,1052511204,300981491,310015,ID002,101,3117A-3123A-9999A-9999E,15
1190,232807-1-2-161,2025-05-30,TX001,1052511204,300981527,310015,ID002,101,3117A-3123A-9999A-9999E,15
1191,232807-1-2-161,2025-05-30,TX001,1052511204,300981528,310015,ID002,101,3117A-3123A-9999A-9999E,15
1192,232807-1-2-161,2025-05-30,TX001,1052511204,300981529,310015,ID002,101,3117A-3123A-9999A-9999E,15
1193,232807-1-2-161,2025-05-30,TX001,1052511204,300981531,310015,ID002,101,3117A-3123A-9999A-9999E,15
1194,232807-1-2-161,2025-05-30,TX001,1052511205,300981554,310015,ID002,101,3117A-3123A-9999A-9999E,15
1195,232807-1-2-161,2025-05-30,TX001,1052511205,300981555,310015,ID002,101,3117A-3123A-9999A-9999E,15
1196,232807-1-2-161,2025-05-30,TX001,1052511205,300981557,310015,ID002,101,3117A-3123A-9999A-9999E,15
1197,232807-1-2-161,2025-05-30,TX001,1052511205,300981558,310015,ID002,101,3117A-3123A-9999A-9999E,15
1198,232807-1-2-161,2025-05-30,TX001,1052511205,300981580,310015,ID002,101,3117A-3123A-9999A-9999E,15
1199,232807-1-2-161,2025-05-30,TX001,1052511205,300981581,310015,ID002,101,3117A-3123A-9999A-9999E,15
1200,232807-1-2-162,2025-05-30,TX001,1052509402,300957616,310015,ID002,101,3117A-3123A-9999A-9999E,33
1201,232807-1-2-162,2025-05-30,TX001,1052509403,300957646,310015,ID002,101,3117A-3123A-9999A-9999E,33
1202,232807-1-2-162,2025-05-30,TX001,1052509403,300957647,310015,ID002,101,3117A-3123A-9999A-9999E,33
1203,232807-1-2-162,2025-05-30,TX001,1052509403,300957648,310015,ID002,101,3117A-3123A-9999A-9999E,33
1204,232807-1-2-162,2025-05-30,TX001,1052509403,300957649,310015,ID002,101,3117A-3123A-9999A-9999E,33
1205,232807-1-2-162,2025-05-30,TX001,1052509403,300957650,310015,ID002,101,3117A-3123A-9999A-9999E,33
1206,232807-1-2-162,2025-05-30,TX001,1052509403,300957651,310015,ID002,101,3117A-3123A-9999A-9999E,33
1207,232807-1-2-162,2025-05-30,TX001,1052509403,300957652,310015,ID002,101,3117A-3123A-9999A-9999E,33
1208,232807-1-2-162,2025-05-30,TX001,1052509403,300957653,310015,ID002,101,3117A-3123A-9999A-9999E,33
1209,232807-1-2-162,2025-05-30,TX001,1052509404,300957727,310015,ID002,101,3117A-3123A-9999A-9999E,33
1210,232807-1-2-162,2025-05-30,TX001,1052509404,300957728,310015,ID002,101,3117A-3123A-9999A-9999E,33
1211,232807-1-2-162,2025-05-30,TX001,1052509404,300957729,310015,ID002,101,3117A-3123A-9999A-9999E,33
1212,232807-1-2-162,2025-05-30,TX001,1052509404,300957730,310015,ID002,101,3117A-3123A-9999A-9999E,33
1213,232807-1-2-162,2025-05-30,TX001,1052509404,300957731,310015,ID002,101,3117A-3123A-9999A-9999E,33
1214,232807-1-2-162,2025-05-30,TX001,1052509404,300957732,310015,ID002,101,3117A-3123A-9999A-9999E,33
1215,232807-1-2-162,2025-05-30,TX001,1052509404,300957733,310015,ID002,101,3117A-3123A-9999A-9999E,33
1216,232807-1-2-162,2025-05-30,TX001,1052509404,300957734,310015,ID002,101,3117A-3123A-9999A-9999E,33
1217,232807-1-2-162,2025-05-30,TX001,1052509405,300957759,310015,ID002,101,3117A-3123A-9999A-9999E,33
1218,232807-1-2-162,2025-05-30,TX001,1052509405,300957760,310015,ID002,101,3117A-3123A-9999A-9999E,33
1219,232807-1-2-162,2025-05-30,TX001,1052509405,300957761,310015,ID002,101,3117A-3123A-9999A-9999E,33
1220,232807-1-2-163,2025-05-30,TX001,1052510904,300977280,310015,ID002,101,3117A-3123A-9999A-9999E,18
1221,232807-1-2-163,2025-05-30,TX001,1052510904,300977281,310015,ID002,101,3117A-3123A-9999A-9999E,18
1222,232807-1-2-163,2025-05-30,TX001,1052510904,300977282,310015,ID002,101,3117A-3123A-9999A-9999E,18
1223,232807-1-2-163,2025-05-30,TX001,1052510904,300977283,310015,ID002,101,3117A-3123A-9999A-9999E,18
1224,232807-1-2-163,2025-05-30,TX001,1052510904,300977304,310015,ID002,101,3117A-3123A-9999A-9999E,18
1225,232807-1-2-163,2025-05-30,TX001,1052510904,300977306,310015,ID002,101,3117A-3123A-9999A-9999E,18
1226,232807-1-2-163,2025-05-30,TX001,1052510904,300977308,310015,ID002,101,3117A-3123A-9999A-9999E,18
1227,232807-1-2-163,2025-05-30,TX001,1052510904,300977403,310015,ID002,101,3117A-3123A-9999A-9999E,18
1228,232807-1-2-163,2025-05-30,TX001,1052510905,300977407,310015,ID002,101,3117A-3123A-9999A-9999E,18
1229,232807-1-2-163,2025-05-30,TX001,1052510905,300977408,310015,ID002,101,3117A-3123A-9999A-9999E,18
1230,232807-1-2-163,2025-05-30,TX001,1052510905,300977409,310015,ID002,101,3117A-3123A-9999A-9999E,18
1231,232807-1-2-163,2025-05-30,TX001,1052510905,300977411,310015,ID002,101,3117A-3123A-9999A-9999E,18
1232,232807-1-2-163,2025-05-30,TX001,1052510905,300977418,310015,ID002,101,3117A-3123A-9999A-9999E,18
1233,232807-1-2-163,2025-05-30,TX001,1052510905,300977419,310015,ID002,101,3117A-3123A-9999A-9999E,18
1234,232807-1-2-163,2025-05-30,TX001,1052510905,300977420,310015,ID002,101,3117A-3123A-9999A-9999E,18
1235,232807-1-2-163,2025-05-30,TX001,1052510905,300977421,310015,ID002,101,3117A-3123A-9999A-9999E,18
1236,232807-1-2-163,2025-05-30,TX001,1052510906,300977459,310015,ID002,101,3117A-3123A-9999A-9999E,18
1237,232807-1-2-163,2025-05-30,TX001,1052510906,300977460,310015,ID002,101,3117A-3123A-9999A-9999E,18
1238,232807-1-2-163,2025-05-30,TX001,1052510906,300977461,310015,ID002,101,3117A-3123A-9999A-9999E,18
1239,232807-1-2-163,2025-05-30,TX001,1052510906,300977462,310015,ID002,101,3117A-3123A-9999A-9999E,18
1240,232807-1-2-164,2025-05-30,TX001,1052509303,300955274,310015,ID002,101,3117A-3123A-9999A-9999E,34
1241,232807-1-2-164,2025-05-30,TX001,1052509303,300955276,310015,ID002,101,3117A-3123A-9999A-9999E,34
1242,232807-1-2-164,2025-05-30,TX001,1052509303,300955279,310015,ID002,101,3117A-3123A-9999A-9999E,34
1243,232807-1-2-164,2025-05-30,TX001,1052509303,300955280,310015,ID002,101,3117A-3123A-9999A-9999E,34
1244,232807-1-2-164,2025-05-30,TX001,1052509303,300955302,310015,ID002,101,3117A-3123A-9999A-9999E,34
1245,232807-1-2-164,2025-05-30,TX001,1052509303,300955303,310015,ID002,101,3117A-3123A-9999A-9999E,34
1246,232807-1-2-164,2025-05-30,TX001,1052509303,300955304,310015,ID002,101,3117A-3123A-9999A-9999E,34
1247,232807-1-2-164,2025-05-30,TX001,1052509303,300955305,310015,ID002,101,3117A-3123A-9999A-9999E,34
1248,232807-1-2-164,2025-05-30,TX001,1052509304,300955340,310015,ID002,101,3117A-3123A-9999A-9999E,34
1249,232807-1-2-164,2025-05-30,TX001,1052509304,300955341,310015,ID002,101,3117A-3123A-9999A-9999E,34
1250,232807-1-2-164,2025-05-30,TX001,1052509304,300955342,310015,ID002,101,3117A-3123A-9999A-9999E,34
1251,232807-1-2-164,2025-05-30,TX001,1052509304,300955343,310015,ID002,101,3117A-3123A-9999A-9999E,34
1252,232807-1-2-164,2025-05-30,TX001,1052509304,300955445,310015,ID002,101,3117A-3123A-9999A-9999E,34
1253,232807-1-2-164,2025-05-30,TX001,1052509304,300955447,310015,ID002,101,3117A-3123A-9999A-9999E,34
1254,232807-1-2-164,2025-05-30,TX001,1052509304,300955449,310015,ID002,101,3117A-3123A-9999A-9999E,34
1255,232807-1-2-164,2025-05-30,TX001,1052509304,300955450,310015,ID002,101,3117A-3123A-9999A-9999E,34
1256,232807-1-2-164,2025-05-30,TX001,1052509305,300955547,310015,ID002,101,3117A-3123A-9999A-9999E,34
1257,232807-1-2-164,2025-05-30,TX001,1052509305,300955548,310015,ID002,101,3117A-3123A-9999A-9999E,34
1258,232807-1-2-164,2025-05-30,TX001,1052509305,300955549,310015,ID002,101,3117A-3123A-9999A-9999E,34
1259,232807-1-2-164,2025-05-30,TX001,1052509305,300955550,310015,ID002,101,3117A-3123A-9999A-9999E,34
1260,233089-1-2-106,2025-05-29,TX001,1052509105,300952617,310015,ID002,101,3117A-9999A,36
1261,233089-1-2-106,2025-05-29,TX001,1052509105,300952618,310015,ID002,101,3117A-9999A,36
1262,233089-1-2-106,2025-05-29,TX001,1052509105,300952619,310015,ID002,101,3117A-9999A,36
1263,233089-1-2-106,2025-05-29,TX001,1052509105,300952621,310015,ID002,101,3117A-9999A,36
1264,233089-1-2-106,2025-05-29,TX001,1052509105,300952637,310015,ID002,101,3117A-9999A,36
1265,233089-1-2-106,2025-05-29,TX001,1052509105,300952639,310015,ID002,101,3117A-9999A,36
1266,233089-1-2-106,2025-05-29,TX001,1052509105,300952640,310015,ID002,101,3117A-9999A,36
1267,233089-1-2-106,2025-05-29,TX001,1052509106,300952673,310015,ID002,101,3117A-9999A,36
1268,233089-1-2-106,2025-05-29,TX001,1052509106,300952834,310015,ID002,101,3117A-9999A,36
1269,233089-1-2-106,2025-05-29,TX001,1052509106,300952835,310015,ID002,101,3117A-9999A,36
1270,233089-1-2-107,2025-05-29,TX001,1052508702,300946656,310015,ID002,101,3117A-3123A-9999A-9999E,40
1271,233089-1-2-107,2025-05-29,TX001,1052508702,300946657,310015,ID002,101,3117A-3123A-9999A-9999E,40
1272,233089-1-2-107,2025-05-29,TX001,1052508702,300946694,310015,ID002,101,3117A-3123A-9999A-9999E,40
1273,233089-1-2-107,2025-05-29,TX001,1052508702,300946695,310015,ID002,101,3117A-3123A-9999A-9999E,40
1274,233089-1-2-107,2025-05-29,TX001,1052508702,300946696,310015,ID002,101,3117A-3123A-9999A-9999E,40
1275,233089-1-2-107,2025-05-29,TX001,1052508702,300946697,310015,ID002,101,3117A-3123A-9999A-9999E,40
1276,233089-1-2-107,2025-05-29,TX001,1052508703,300946698,310015,ID002,101,3117A-3123A-9999A-9999E,40
1277,233089-1-2-107,2025-05-29,TX001,1052508703,300946699,310015,ID002,101,3117A-3123A-9999A-9999E,40
1278,233089-1-2-107,2025-05-29,TX001,1052508703,300946700,310015,ID002,101,3117A-3123A-9999A-9999E,40
1279,233089-1-2-107,2025-05-29,TX001,1052508703,300946701,310015,ID002,101,3117A-3123A-9999A-9999E,40
1280,233089-1-2-107,2025-05-29,TX001,1052508703,300946702,310015,ID002,101,3117A-3123A-9999A-9999E,40
1281,233089-1-2-107,2025-05-29,TX001,1052508703,300946703,310015,ID002,101,3117A-3123A-9999A-9999E,40
1282,233089-1-2-107,2025-05-29,TX001,1052508703,300946704,310015,ID002,101,3117A-3123A-9999A-9999E,40
1283,233089-1-2-107,2025-05-29,TX001,1052508703,300946705,310015,ID002,101,3117A-3123A-9999A-9999E,40
1284,233089-1-2-107,2025-05-29,TX001,1052508704,300946754,310015,ID002,101,3117A-3123A-9999A-9999E,40
1285,233089-1-2-107,2025-05-29,TX001,1052508704,300946755,310015,ID002,101,3117A-3123A-9999A-9999E,40
1286,233089-1-2-107,2025-05-29,TX001,1052508704,300946756,310015,ID002,101,3117A-3123A-9999A-9999E,40
1287,233089-1-2-107,2025-05-29,TX001,1052508704,300946791,310015,ID002,101,3117A-3123A-9999A-9999E,40
1288,233089-1-2-107,2025-05-29,TX001,1052508704,300946792,310015,ID002,101,3117A-3123A-9999A-9999E,40
1289,233089-1-2-107,2025-05-29,TX001,1052508704,300946793,310015,ID002,101,3117A-3123A-9999A-9999E,40
1290,233089-1-2-109,2025-05-29,TX001,1052509106,300952848,310015,ID002,101,3117A-9999A,36
1291,233089-1-2-109,2025-05-29,TX001,1052509106,300952849,310015,ID002,101,3117A-9999A,36
1292,233089-1-2-109,2025-05-29,TX001,1052509106,300952850,310015,ID002,101,3117A-9999A,36
1293,233089-1-2-109,2025-05-29,TX001,1052509106,300952851,310015,ID002,101,3117A-9999A,36
1294,233089-1-2-109,2025-05-29,TX001,1052509107,300952893,310015,ID002,101,3117A-9999A,36
1295,233089-1-2-109,2025-05-29,TX001,1052509107,300952894,310015,ID002,101,3117A-9999A,36
1296,233089-1-2-109,2025-05-29,TX001,1052509107,300952903,310015,ID002,101,3117A-9999A,36
1297,233089-1-2-109,2025-05-29,TX001,1052509107,300952904,310015,ID002,101,3117A-9999A,36
1298,233089-1-2-109,2025-05-29,TX001,1052509107,300952905,310015,ID002,101,3117A-9999A,36
1299,233089-1-2-109,2025-05-29,TX001,1052509107,300952906,310015,ID002,101,3117A-9999A,36
1300,233089-1-2-109,2025-05-29,TX001,1052509107,300952935,310015,ID002,101,3117A-9999A,36
1301,233089-1-2-109,2025-05-29,TX001,1052509107,300952936,310015,ID002,101,3117A-9999A,36
1302,233089-1-2-109,2025-05-29,TX001,1052509108,300952957,310015,ID002,101,3117A-9999A,36
1303,233089-1-2-109,2025-05-29,TX001,1052509108,300952958,310015,ID002,101,3117A-9999A,36
1304,233089-1-2-109,2025-05-29,TX001,1052509108,300952959,310015,ID002,101,3117A-9999A,36
1305,233089-1-2-109,2025-05-29,TX001,1052509108,300952960,310015,ID002,101,3117A-9999A,36
1306,233089-1-2-109,2025-05-29,TX001,1052509108,300952998,310015,ID002,101,3117A-9999A,36
1307,233089-1-2-109,2025-05-29,TX001,1052509108,300952999,310015,ID002,101,3117A-9999A,36
1308,233089-1-2-109,2025-05-29,TX001,1052509108,300953016,310015,ID002,101,3117A-9999A,36
1309,233089-1-2-109,2025-05-29,TX001,1052509108,300953017,310015,ID002,101,3117A-9999A,36
1310,233089-1-2-110,2025-05-29,TX001,1052509013,300951910,310015,ID002,101,3117A-9999A,37
1311,233089-1-2-110,2025-05-29,TX001,1052509013,300951912,310015,ID002,101,3117A-9999A,37
1312,233089-1-2-110,2025-05-29,TX001,1052509013,300951913,310015,ID002,101,3117A-9999A,37
1313,233089-1-2-110,2025-05-29,TX001,1052509014,300951914,310015,ID002,101,3117A-9999A,37
1314,233089-1-2-110,2025-05-29,TX001,1052509014,300951915,310015,ID002,101,3117A-9999A,37
1315,233089-1-2-110,2025-05-29,TX001,1052509014,300951916,310015,ID002,101,3117A-9999A,37
1316,233089-1-2-110,2025-05-29,TX001,1052509014,300951917,310015,ID002,101,3117A-9999A,37
1317,233089-1-2-110,2025-05-29,TX001,1052509014,300951918,310015,ID002,101,3117A-9999A,37
1318,233089-1-2-110,2025-05-29,TX001,1052509014,300951919,310015,ID002,101,3117A-9999A,37
1319,233089-1-2-110,2025-05-29,TX001,1052509014,300951920,310015,ID002,101,3117A-9999A,37
1320,233245-1-1-101,2025-05-23,TX001,1052508704,300946794,310015,ID002,101,3117A-3123A-9999A-9999E,40
1321,233245-1-1-101,2025-05-23,TX001,1052508704,300946795,310015,ID002,101,3117A-3123A-9999A-9999E,40
1322,233245-1-1-101,2025-05-23,TX001,1052508705,300946834,310015,ID002,101,3117A-3123A-9999A-9999E,40
1323,233245-1-1-101,2025-05-23,TX001,1052508705,300946835,310015,ID002,101,3117A-3123A-9999A-9999E,40
1324,233245-1-1-101,2025-05-23,TX001,1052508705,300946836,310015,ID002,101,3117A-3123A-9999A-9999E,40
1325,233245-1-1-101,2025-05-23,TX001,1052508705,300946837,310015,ID002,101,3117A-3123A-9999A-9999E,40
1326,233245-1-1-101,2025-05-23,TX001,1052508705,300946838,310015,ID002,101,3117A-3123A-9999A-9999E,40
1327,233245-1-1-101,2025-05-23,TX001,1052508705,300946839,310015,ID002,101,3117A-3123A-9999A-9999E,40
1328,233245-1-1-101,2025-05-23,TX001,1052508705,300946840,310015,ID002,101,3117A-3123A-9999A-9999E,40
1329,233245-1-1-101,2025-05-23,TX001,1052508705,300946841,310015,ID002,101,3117A-3123A-9999A-9999E,40
1330,233245-1-1-102,2025-05-23,TX001,1052510906,300977482,310015,ID002,101,3117A-3123A-9999A-9999E,18
1331,233245-1-1-102,2025-05-23,TX001,1052510906,300977483,310015,ID002,101,3117A-3123A-9999A-9999E,18
1332,233245-1-1-102,2025-05-23,TX001,1052510906,300977484,310015,ID002,101,3117A-3123A-9999A-9999E,18
1333,233245-1-1-102,2025-05-23,TX001,1052510906,300977485,310015,ID002,101,3117A-3123A-9999A-9999E,18
1334,233245-1-1-102,2025-05-23,TX001,1052510907,300977505,310015,ID002,101,3117A-3123A-9999A-9999E,18
1335,233245-1-1-102,2025-05-23,TX001,1052510907,300977506,310015,ID002,101,3117A-3123A-9999A-9999E,18
1336,233245-1-1-102,2025-05-23,TX001,1052510907,300977507,310015,ID002,101,3117A-3123A-9999A-9999E,18
1337,233245-1-1-102,2025-05-23,TX001,1052510907,300977508,310015,ID002,101,3117A-3123A-9999A-9999E,18
1338,233245-1-1-102,2025-05-23,TX001,1052510907,300977519,310015,ID002,101,3117A-3123A-9999A-9999E,18
1339,233245-1-1-102,2025-05-23,TX001,1052510907,300977520,310015,ID002,101,3117A-3123A-9999A-9999E,18
1340,233245-1-1-102,2025-05-23,TX001,1052509206,300954228,310015,ID002,101,3117A-3123A-9999A-9999E,35
1341,233245-1-1-102,2025-05-23,TX001,1052509206,300954240,310015,ID002,101,3117A-3123A-9999A-9999E,35
1342,233245-1-1-102,2025-05-23,TX001,1052509206,300954241,310015,ID002,101,3117A-3123A-9999A-9999E,35
1343,233245-1-1-102,2025-05-23,TX001,1052509206,300954248,310015,ID002,101,3117A-3123A-9999A-9999E,35
1344,233245-1-1-102,2025-05-23,TX001,1052509206,300954253,310015,ID002,101,3117A-3123A-9999A-9999E,35
1345,233245-1-1-102,2025-05-23,TX001,1052509206,300954254,310015,ID002,101,3117A-3123A-9999A-9999E,35
1346,233245-1-1-102,2025-05-23,TX001,1052509206,300954278,310015,ID002,101,3117A-3123A-9999A-9999E,35
1347,233245-1-1-102,2025-05-23,TX001,1052509206,300954281,310015,ID002,101,3117A-3123A-9999A-9999E,35
1348,233245-1-1-102,2025-05-23,TX001,1052509207,300954283,310015,ID002,101,3117A-3123A-9999A-9999E,35
1349,233245-1-1-102,2025-05-23,TX001,1052509207,300954285,310015,ID002,101,3117A-3123A-9999A-9999E,35
1350,233245-1-1-103,2025-07-02,TX001,1052508903,300949522,310015,ID002,101,3117A-3123A-9999A-9999E,38
1351,233245-1-1-103,2025-07-02,TX001,1052508903,300949523,310015,ID002,101,3117A-3123A-9999A-9999E,38
1352,233245-1-1-103,2025-07-02,TX001,1052508903,300949524,310015,ID002,101,3117A-3123A-9999A-9999E,38
1353,233245-1-1-103,2025-07-02,TX001,1052508903,300949525,310015,ID002,101,3117A-3123A-9999A-9999E,38
1354,233245-1-1-103,2025-07-02,TX001,1052508904,300949541,310015,ID002,101,3117A-3123A-9999A-9999E,38
1355,233245-1-1-103,2025-07-02,TX001,1052508904,300949543,310015,ID002,101,3117A-3123A-9999A-9999E,38
1356,233245-1-1-103,2025-07-02,TX001,1052508904,300949893,310015,ID002,101,3117A-3123A-9999A-9999E,38
1357,233245-1-1-103,2025-07-02,TX001,1052508904,300949894,310015,ID002,101,3117A-3123A-9999A-9999E,38
1358,233245-1-1-103,2025-07-02,TX001,1052508904,300949897,310015,ID002,101,3117A-3123A-9999A-9999E,38
1359,233245-1-1-103,2025-07-02,TX001,1052508904,300949898,310015,ID002,101,3117A-3123A-9999A-9999E,38
1360,233245-1-1-103,2025-07-02,TX001,1052508904,300949900,310015,ID002,101,3117A-3123A-9999A-9999E,38
1361,233245-1-1-103,2025-07-02,TX001,1052508904,300949901,310015,ID002,101,3117A-3123A-9999A-9999E,38
1362,233245-1-1-103,2025-07-02,TX001,1052508905,300949966,310015,ID002,101,3117A-3123A-9999A-9999E,38
1363,233245-1-1-103,2025-07-02,TX001,1052508905,300949967,310015,ID002,101,3117A-3123A-9999A-9999E,38
1364,233245-1-1-103,2025-07-02,TX001,1052508905,300949968,310015,ID002,101,3117A-3123A-9999A-9999E,38
1365,233245-1-1-103,2025-07-02,TX001,1052508905,300949969,310015,ID002,101,3117A-3123A-9999A-9999E,38
1366,233245-1-1-103,2025-07-02,TX001,1052508905,300949970,310015,ID002,101,3117A-3123A-9999A-9999E,38
1367,233245-1-1-103,2025-07-02,TX001,1052508905,300949971,310015,ID002,101,3117A-3123A-9999A-9999E,38
1368,233245-1-1-103,2025-07-02,TX001,1052508905,300949972,310015,ID002,101,3117A-3123A-9999A-9999E,38
1369,233245-1-1-103,2025-07-02,TX001,1052508905,300949973,310015,ID002,101,3117A-3123A-9999A-9999E,38
1370,233245-1-1-104,2025-07-02,TX001,1052508207,300940629,310015,ID002,101,3117A-3123A-9999A-9999E,45
1371,233245-1-1-104,2025-07-02,TX001,1052508207,300940630,310015,ID002,101,3117A-3123A-9999A-9999E,45
1372,233245-1-1-104,2025-07-02,TX001,1052508207,300940631,310015,ID002,101,3117A-3123A-9999A-9999E,45
1373,233245-1-1-104,2025-07-02,TX001,1052508207,300940636,310015,ID002,101,3117A-3123A-9999A-9999E,45
1374,233245-1-1-104,2025-07-02,TX001,1052508207,300940637,310015,ID002,101,3117A-3123A-9999A-9999E,45
1375,233245-1-1-104,2025-07-02,TX001,1052508207,300940638,310015,ID002,101,3117A-3123A-9999A-9999E,45
1376,233245-1-1-104,2025-07-02,TX001,1052508208,300940666,310015,ID002,101,3117A-3123A-9999A-9999E,45
1377,233245-1-1-104,2025-07-02,TX001,1052508208,300940667,310015,ID002,101,3117A-3123A-9999A-9999E,45
1378,233245-1-1-104,2025-07-02,TX001,1052508208,300940668,310015,ID002,101,3117A-3123A-9999A-9999E,45
1379,233245-1-1-104,2025-07-02,TX001,1052508208,300940669,310015,ID002,101,3117A-3123A-9999A-9999E,45
1380,233245-1-1-104,2025-07-02,TX001,1052508208,300940689,310015,ID002,101,3117A-3123A-9999A-9999E,45
1381,233245-1-1-104,2025-07-02,TX001,1052508208,300940691,310015,ID002,101,3117A-3123A-9999A-9999E,45
1382,233245-1-1-104,2025-07-02,TX001,1052508208,300940692,310015,ID002,101,3117A-3123A-9999A-9999E,45
1383,233245-1-1-104,2025-07-02,TX001,1052508208,300940694,310015,ID002,101,3117A-3123A-9999A-9999E,45
1384,233245-1-1-104,2025-07-02,TX001,1052508209,300940705,310015,ID002,101,3117A-3123A-9999A-9999E,45
1385,233245-1-1-104,2025-07-02,TX001,1052508209,300940706,310015,ID002,101,3117A-3123A-9999A-9999E,45
1386,233245-1-1-104,2025-07-02,TX001,1052508209,300940707,310015,ID002,101,3117A-3123A-9999A-9999E,45
1387,233245-1-1-104,2025-07-02,TX001,1052508209,300940708,310015,ID002,101,3117A-3123A-9999A-9999E,45
1388,233245-1-1-104,2025-07-02,TX001,1052508209,300940713,310015,ID002,101,3117A-3123A-9999A-9999E,45
1389,233245-1-1-104,2025-07-02,TX001,1052508209,300940714,310015,ID002,101,3117A-3123A-9999A-9999E,45
1390,233287-1-1-101,2025-05-09,TX001,1052506411,300915571,310015,ID002,101,3117A-3123A-9999A-9999E,63
1391,233287-1-1-101,2025-05-09,TX001,1052506411,300915572,310015,ID002,101,3117A-3123A-9999A-9999E,63
1392,233287-1-1-101,2025-05-09,TX001,1052506411,300915573,310015,ID002,101,3117A-3123A-9999A-9999E,63
1393,233287-1-1-101,2025-05-09,TX001,1052506411,300915575,310015,ID002,101,3117A-3123A-9999A-9999E,63
1394,233287-1-1-101,2025-05-09,TX001,1052506411,300915637,310015,ID002,101,3117A-3123A-9999A-9999E,63
1395,233287-1-1-101,2025-05-09,TX001,1052506411,300915638,310015,ID002,101,3117A-3123A-9999A-9999E,63
1396,233287-1-1-101,2025-05-09,TX001,1052506411,300915745,310015,ID002,101,3117A-3123A-9999A-9999E,63
1397,233287-1-1-101,2025-05-09,TX001,1052506411,300915746,310015,ID002,101,3117A-3123A-9999A-9999E,63
1398,233287-1-1-101,2025-05-09,TX001,1052506412,300915747,310015,ID002,101,3117A-3123A-9999A-9999E,63
1399,233287-1-1-101,2025-05-09,TX001,1052506412,300915748,310015,ID002,101,3117A-3123A-9999A-9999E,63
1400,233362-1-1-102,2025-05-13,TX001,1052501731,300848945,310086,ID002,101,3139A-9999A,110
1401,233362-1-1-102,2025-05-13,TX001,1052501731,300848958,310086,ID002,101,3139A-9999A,110
1402,233362-1-1-102,2025-05-13,TX001,1052501731,300848987,310086,ID002,101,3139A-9999A,110
1403,233362-1-1-102,2025-05-13,TX001,1052501731,300848990,310086,ID002,101,3139A-9999A,110
1404,233362-1-1-102,2025-05-13,TX001,1052501731,300849014,310086,ID002,101,3139A-9999A,110
1405,233362-1-1-102,2025-05-13,TX001,1052501731,300849040,310086,ID002,101,3139A-9999A,110
1406,233362-1-1-102,2025-05-13,TX001,1052501731,300849041,310086,ID002,101,3139A-9999A,110
1407,233362-1-1-102,2025-05-13,TX001,1052501731,300849042,310086,ID002,101,3139A-9999A,110
1408,233362-1-1-102,2025-05-13,TX001,1052501732,300849086,310086,ID002,101,3139A-9999A,110
1409,233362-1-1-102,2025-05-13,TX001,1052501732,300849087,310086,ID002,101,3139A-9999A,110
1410,233362-1-1-103,2025-05-13,TX001,1052501631,300846657,310086,ID002,101,3139A-9999A,111
1411,233362-1-1-103,2025-05-13,TX001,1052501631,300846658,310086,ID002,101,3139A-9999A,111
1412,233362-1-1-103,2025-05-13,TX001,1052501631,300846659,310086,ID002,101,3139A-9999A,111
1413,233362-1-1-103,2025-05-13,TX001,1052501631,300846661,310086,ID002,101,3139A-9999A,111
1414,233362-1-1-103,2025-05-13,TX001,1052501631,300846663,310086,ID002,101,3139A-9999A,111
1415,233362-1-1-103,2025-05-13,TX001,1052501631,300846664,310086,ID002,101,3139A-9999A,111
1416,233362-1-1-103,2025-05-13,TX001,1052501631,300846666,310086,ID002,101,3139A-9999A,111
1417,233362-1-1-103,2025-05-13,TX001,1052501632,300846699,310086,ID002,101,3139A-9999A,111
1418,233362-1-1-103,2025-05-13,TX001,1052501632,300846700,310086,ID002,101,3139A-9999A,111
1419,233362-1-1-103,2025-05-13,TX001,1052501632,300846701,310086,ID002,101,3139A-9999A,111
1420,233362-1-1-104,2025-05-13,TX001,1052502231,300856121,310086,ID002,101,3139A-9999A,105
1421,233362-1-1-104,2025-05-13,TX001,1052502231,300856122,310086,ID002,101,3139A-9999A,105
1422,233362-1-1-104,2025-05-13,TX001,1052502231,300856129,310086,ID002,101,3139A-9999A,105
1423,233362-1-1-104,2025-05-13,TX001,1052502231,300856130,310086,ID002,101,3139A-9999A,105
1424,233362-1-1-104,2025-05-13,TX001,1052502231,300856131,310086,ID002,101,3139A-9999A,105
1425,233362-1-1-104,2025-05-13,TX001,1052502231,300856132,310086,ID002,101,3139A-9999A,105
1426,233362-1-1-104,2025-05-13,TX001,1052502231,300856189,310086,ID002,101,3139A-9999A,105
1427,233362-1-1-104,2025-05-13,TX001,1052502231,300856192,310086,ID002,101,3139A-9999A,105
1428,233362-1-1-104,2025-05-13,TX001,1052502232,300856183,310086,ID002,101,3139A-9999A,105
1429,233362-1-1-104,2025-05-13,TX001,1052502232,300856184,310086,ID002,101,3139A-9999A,105
1430,233362-1-1-105,2025-05-13,TX001,1052501632,300846703,310086,ID002,101,3139A-9999A,111
1431,233362-1-1-105,2025-05-13,TX001,1052501632,300846705,310086,ID002,101,3139A-9999A,111
1432,233362-1-1-105,2025-05-13,TX001,1052501632,300846706,310086,ID002,101,3139A-9999A,111
1433,233362-1-1-105,2025-05-13,TX001,1052501632,300846707,310086,ID002,101,3139A-9999A,111
1434,233362-1-1-105,2025-05-13,TX001,1052501633,300846752,310086,ID002,101,3139A-9999A,111
1435,233362-1-1-105,2025-05-13,TX001,1052501633,300846759,310086,ID002,101,3139A-9999A,111
1436,233362-1-1-105,2025-05-13,TX001,1052501633,300846761,310086,ID002,101,3139A-9999A,111
1437,233362-1-1-105,2025-05-13,TX001,1052501633,300846762,310086,ID002,101,3139A-9999A,111
1438,233362-1-1-105,2025-05-13,TX001,1052501633,300846763,310086,ID002,101,3139A-9999A,111
1439,233362-1-1-105,2025-05-13,TX001,1052501633,300846764,310086,ID002,101,3139A-9999A,111
1440,233366-1-1-101,2025-05-09,TX001,1052508302,300941548,310015,ID002,101,3117A-3123A-9999A-9999E,44
1441,233366-1-1-101,2025-05-09,TX001,1052508302,300941549,310015,ID002,101,3117A-3123A-9999A-9999E,44
1442,233366-1-1-101,2025-05-09,TX001,1052508302,300941592,310015,ID002,101,3117A-3123A-9999A-9999E,44
1443,233366-1-1-101,2025-05-09,TX001,1052508302,300941593,310015,ID002,101,3117A-3123A-9999A-9999E,44
1444,233366-1-1-101,2025-05-09,TX001,1052508302,300941594,310015,ID002,101,3117A-3123A-9999A-9999E,44
1445,233366-1-1-101,2025-05-09,TX001,1052508302,300941596,310015,ID002,101,3117A-3123A-9999A-9999E,44
1446,233366-1-1-101,2025-05-09,TX001,1052508303,300941653,310015,ID002,101,3117A-3123A-9999A-9999E,44
1447,233366-1-1-101,2025-05-09,TX001,1052508303,300941654,310015,ID002,101,3117A-3123A-9999A-9999E,44
1448,233366-1-1-101,2025-05-09,TX001,1052508303,300941655,310015,ID002,101,3117A-3123A-9999A-9999E,44
1449,233366-1-1-101,2025-05-09,TX001,1052508303,300941656,310015,ID002,101,3117A-3123A-9999A-9999E,44
1450,233366-1-1-102,2025-05-09,TX001,1052508906,300950076,310015,ID002,101,3117A-3123A-9999A-9999E,38
1451,233366-1-1-102,2025-05-09,TX001,1052508906,300950077,310015,ID002,101,3117A-3123A-9999A-9999E,38
1452,233366-1-1-102,2025-05-09,TX001,1052508906,300950078,310015,ID002,101,3117A-3123A-9999A-9999E,38
1453,233366-1-1-102,2025-05-09,TX001,1052508906,300950079,310015,ID002,101,3117A-3123A-9999A-9999E,38
1454,233366-1-1-102,2025-05-09,TX001,1052508906,300950080,310015,ID002,101,3117A-3123A-9999A-9999E,38
1455,233366-1-1-102,2025-05-09,TX001,1052508906,300950081,310015,ID002,101,3117A-3123A-9999A-9999E,38
1456,233366-1-1-102,2025-05-09,TX001,1052508906,300950083,310015,ID002,101,3117A-3123A-9999A-9999E,38
1457,233366-1-1-102,2025-05-09,TX001,1052508906,300950084,310015,ID002,101,3117A-3123A-9999A-9999E,38
1458,233366-1-1-102,2025-05-09,TX001,1052508907,300950138,310015,ID002,101,3117A-3123A-9999A-9999E,38
1459,233366-1-1-102,2025-05-09,TX001,1052508907,300950139,310015,ID002,101,3117A-3123A-9999A-9999E,38
1460,233366-1-1-103,2025-05-13,TX001,1052509109,300953036,310015,ID002,101,3117A-3123A-9999A-9999E,36
1461,233366-1-1-103,2025-05-13,TX001,1052509109,300953037,310015,ID002,101,3117A-3123A-9999A-9999E,36
1462,233366-1-1-103,2025-05-13,TX001,1052509109,300953038,310015,ID002,101,3117A-3123A-9999A-9999E,36
1463,233366-1-1-103,2025-05-13,TX001,1052509109,300953039,310015,ID002,101,3117A-3123A-9999A-9999E,36
1464,233366-1-1-103,2025-05-13,TX001,1052509109,300953057,310015,ID002,101,3117A-3123A-9999A-9999E,36
1465,233366-1-1-103,2025-05-13,TX001,1052509109,300953058,310015,ID002,101,3117A-3123A-9999A-9999E,36
1466,233366-1-1-103,2025-05-13,TX001,1052509109,300953059,310015,ID002,101,3117A-3123A-9999A-9999E,36
1467,233366-1-1-103,2025-05-13,TX001,1052509109,300953060,310015,ID002,101,3117A-3123A-9999A-9999E,36
1468,233366-1-1-103,2025-05-13,TX001,1052509110,300953105,310015,ID002,101,3117A-3123A-9999A-9999E,36
1469,233366-1-1-103,2025-05-13,TX001,1052509110,300953107,310015,ID002,101,3117A-3123A-9999A-9999E,36
1470,233366-1-1-104,2025-05-16,TX001,1052506412,300915749,310015,ID002,101,3117A-3123A-9999A-9999E,63
1471,233366-1-1-104,2025-05-16,TX001,1052506412,300915750,310015,ID002,101,3117A-3123A-9999A-9999E,63
1472,233366-1-1-104,2025-05-16,TX001,1052506412,300915798,310015,ID002,101,3117A-3123A-9999A-9999E,63
1473,233366-1-1-104,2025-05-16,TX001,1052506412,300915799,310015,ID002,101,3117A-3123A-9999A-9999E,63
1474,233366-1-1-104,2025-05-16,TX001,1052506412,300915800,310015,ID002,101,3117A-3123A-9999A-9999E,63
1475,233366-1-1-104,2025-05-16,TX001,1052506412,300915801,310015,ID002,101,3117A-3123A-9999A-9999E,63
1476,233366-1-1-104,2025-05-16,TX001,1052506413,300915823,310015,ID002,101,3117A-3123A-9999A-9999E,63
1477,233366-1-1-104,2025-05-16,TX001,1052506413,300915825,310015,ID002,101,3117A-3123A-9999A-9999E,63
1478,233366-1-1-104,2025-05-16,TX001,1052506413,300915826,310015,ID002,101,3117A-3123A-9999A-9999E,63
1479,233366-1-1-104,2025-05-16,TX001,1052506413,300915829,310015,ID002,101,3117A-3123A-9999A-9999E,63
1480,233366-1-1-105,2025-05-16,TX001,1052508706,300946852,310015,ID002,101,3117A-3123A-9999A-9999E,40
1481,233366-1-1-105,2025-05-16,TX001,1052508706,300946853,310015,ID002,101,3117A-3123A-9999A-9999E,40
1482,233366-1-1-105,2025-05-16,TX001,1052508706,300946854,310015,ID002,101,3117A-3123A-9999A-9999E,40
1483,233366-1-1-105,2025-05-16,TX001,1052508706,300946855,310015,ID002,101,3117A-3123A-9999A-9999E,40
1484,233366-1-1-105,2025-05-16,TX001,1052508706,300946856,310015,ID002,101,3117A-3123A-9999A-9999E,40
1485,233366-1-1-105,2025-05-16,TX001,1052508706,300946857,310015,ID002,101,3117A-3123A-9999A-9999E,40
1486,233366-1-1-105,2025-05-16,TX001,1052508706,300946858,310015,ID002,101,3117A-3123A-9999A-9999E,40
1487,233366-1-1-105,2025-05-16,TX001,1052508706,300946859,310015,ID002,101,3117A-3123A-9999A-9999E,40
1488,233366-1-1-105,2025-05-16,TX001,1052508707,300946934,310015,ID002,101,3117A-3123A-9999A-9999E,40
1489,233366-1-1-105,2025-05-16,TX001,1052508707,300946935,310015,ID002,101,3117A-3123A-9999A-9999E,40
1490,233367-1-1-102,2025-05-09,TX001,1052508707,300946936,310015,ID002,101,3117A-3123A-9999A-9999E,40
1491,233367-1-1-102,2025-05-09,TX001,1052508707,300946937,310015,ID002,101,3117A-3123A-9999A-9999E,40
1492,233367-1-1-102,2025-05-09,TX001,1052508707,300946938,310015,ID002,101,3117A-3123A-9999A-9999E,40
1493,233367-1-1-102,2025-05-09,TX001,1052508707,300946939,310015,ID002,101,3117A-3123A-9999A-9999E,40
1494,233367-1-1-102,2025-05-09,TX001,1052508707,300946940,310015,ID002,101,3117A-3123A-9999A-9999E,40
1495,233367-1-1-102,2025-05-09,TX001,1052508707,300946941,310015,ID002,101,3117A-3123A-9999A-9999E,40
1496,233367-1-1-102,2025-05-09,TX001,1052508708,300946972,310015,ID002,101,3117A-3123A-9999A-9999E,40
1497,233367-1-1-102,2025-05-09,TX001,1052508708,300947015,310015,ID002,101,3117A-3123A-9999A-9999E,40
1498,233367-1-1-102,2025-05-09,TX001,1052508710,300947169,310015,ID002,101,3117A-3123A-9999A-9999E,40
1499,233367-1-1-102,2025-05-09,TX001,1052508715,300947584,310015,ID002,101,3117A-3123A-9999A-9999E,40
1500,233367-1-1-103,2025-05-09,TX001,1052506406,300915039,310015,ID002,101,3117A-3123A-9999A,63
1501,233367-1-1-103,2025-05-09,TX001,1052506406,300915040,310015,ID002,101,3117A-3123A-9999A,63
1502,233367-1-1-103,2025-05-09,TX001,1052506406,300915041,310015,ID002,101,3117A-3123A-9999A,63
1503,233367-1-1-103,2025-05-09,TX001,1052506406,300915043,310015,ID002,101,3117A-3123A-9999A,63
1504,233367-1-1-103,2025-05-09,TX001,1052506406,300915066,310015,ID002,101,3117A-3123A-9999A,63
1505,233367-1-1-103,2025-05-09,TX001,1052506406,300915067,310015,ID002,101,3117A-3123A-9999A,63
1506,233367-1-1-103,2025-05-09,TX001,1052506406,300915068,310015,ID002,101,3117A-3123A-9999A,63
1507,233367-1-1-103,2025-05-09,TX001,1052506406,300915069,310015,ID002,101,3117A-3123A-9999A,63
1508,233367-1-1-103,2025-05-09,TX001,1052506407,300915127,310015,ID002,101,3117A-3123A-9999A,63
1509,233367-1-1-103,2025-05-09,TX001,1052506407,300915128,310015,ID002,101,3117A-3123A-9999A,63
1510,233367-1-1-104,2025-05-13,TX001,1052510002,300964721,310015,ID002,101,3117A-3123A-9999A-9999E,27
1511,233367-1-1-104,2025-05-13,TX001,1052510002,300964742,310015,ID002,101,3117A-3123A-9999A-9999E,27
1512,233367-1-1-104,2025-05-13,TX001,1052510002,300964744,310015,ID002,101,3117A-3123A-9999A-9999E,27
1513,233367-1-1-104,2025-05-13,TX001,1052510002,300964745,310015,ID002,101,3117A-3123A-9999A-9999E,27
1514,233367-1-1-104,2025-05-13,TX001,1052510002,300964747,310015,ID002,101,3117A-3123A-9999A-9999E,27
1515,233367-1-1-104,2025-05-13,TX001,1052510003,300964780,310015,ID002,101,3117A-3123A-9999A-9999E,27
1516,233367-1-1-104,2025-05-13,TX001,1052510003,300964782,310015,ID002,101,3117A-3123A-9999A-9999E,27
1517,233367-1-1-104,2025-05-13,TX001,1052510003,300964783,310015,ID002,101,3117A-3123A-9999A-9999E,27
1518,233367-1-1-104,2025-05-13,TX001,1052510003,300964784,310015,ID002,101,3117A-3123A-9999A-9999E,27
1519,233367-1-1-104,2025-05-13,TX001,1052510003,300964878,310015,ID002,101,3117A-3123A-9999A-9999E,27
1520,233367-1-1-108,2025-05-23,TX001,1052509207,300954286,310015,ID002,101,3117A-3123A-9999A-9999E,35
1521,233367-1-1-108,2025-05-23,TX001,1052509207,300954287,310015,ID002,101,3117A-3123A-9999A-9999E,35
1522,233367-1-1-108,2025-05-23,TX001,1052509207,300954737,310015,ID002,101,3117A-3123A-9999A-9999E,35
1523,233367-1-1-108,2025-05-23,TX001,1052509207,300954738,310015,ID002,101,3117A-3123A-9999A-9999E,35
1524,233367-1-1-108,2025-05-23,TX001,1052509207,300954739,310015,ID002,101,3117A-3123A-9999A-9999E,35
1525,233367-1-1-108,2025-05-23,TX001,1052509207,300954742,310015,ID002,101,3117A-3123A-9999A-9999E,35
1526,233367-1-1-108,2025-05-23,TX001,1052509208,300954793,310015,ID002,101,3117A-3123A-9999A-9999E,35
1527,233367-1-1-108,2025-05-23,TX001,1052509208,300954794,310015,ID002,101,3117A-3123A-9999A-9999E,35
1528,233367-1-1-108,2025-05-23,TX001,1052509208,300954795,310015,ID002,101,3117A-3123A-9999A-9999E,35
1529,233367-1-1-108,2025-05-23,TX001,1052509208,300954796,310015,ID002,101,3117A-3123A-9999A-9999E,35
1530,233367-1-1-109,2025-05-23,TX001,1052509110,300953108,310015,ID002,101,3117A-3123A-9999A-9999E,36
1531,233367-1-1-109,2025-05-23,TX001,1052509110,300953109,310015,ID002,101,3117A-3123A-9999A-9999E,36
1532,233367-1-1-109,2025-05-23,TX001,1052509110,300953134,310015,ID002,101,3117A-3123A-9999A-9999E,36
1533,233367-1-1-109,2025-05-23,TX001,1052509110,300953135,310015,ID002,101,3117A-3123A-9999A-9999E,36
1534,233367-1-1-109,2025-05-23,TX001,1052509110,300953138,310015,ID002,101,3117A-3123A-9999A-9999E,36
1535,233367-1-1-109,2025-05-23,TX001,1052509110,300953140,310015,ID002,101,3117A-3123A-9999A-9999E,36
1536,233367-1-1-109,2025-05-23,TX001,1052509111,300953332,310015,ID002,101,3117A-3123A-9999A-9999E,36
1537,233367-1-1-109,2025-05-23,TX001,1052509111,300953333,310015,ID002,101,3117A-3123A-9999A-9999E,36
1538,233367-1-1-109,2025-05-23,TX001,1052509111,300953335,310015,ID002,101,3117A-3123A-9999A-9999E,36
1539,233367-1-1-109,2025-05-23,TX001,1052509111,300953337,310015,ID002,101,3117A-3123A-9999A-9999E,36
1540,233367-1-1-110,2025-05-27,TX001,1052510907,300977521,310015,ID002,101,3117A-3123A-9999A-9999E,18
1541,233367-1-1-110,2025-05-27,TX001,1052510907,300977522,310015,ID002,101,3117A-3123A-9999A-9999E,18
1542,233367-1-1-110,2025-05-27,TX001,1052510908,300977611,310015,ID002,101,3117A-3123A-9999A-9999E,18
1543,233367-1-1-110,2025-05-27,TX001,1052510908,300977612,310015,ID002,101,3117A-3123A-9999A-9999E,18
1544,233367-1-1-110,2025-05-27,TX001,1052510908,300977613,310015,ID002,101,3117A-3123A-9999A-9999E,18
1545,233367-1-1-110,2025-05-27,TX001,1052510908,300977615,310015,ID002,101,3117A-3123A-9999A-9999E,18
1546,233367-1-1-110,2025-05-27,TX001,1052510908,300977649,310015,ID002,101,3117A-3123A-9999A-9999E,18
1547,233367-1-1-110,2025-05-27,TX001,1052510908,300977650,310015,ID002,101,3117A-3123A-9999A-9999E,18
1548,233367-1-1-110,2025-05-27,TX001,1052510908,300977651,310015,ID002,101,3117A-3123A-9999A-9999E,18
1549,233367-1-1-110,2025-05-27,TX001,1052510908,300977652,310015,ID002,101,3117A-3123A-9999A-9999E,18
1550,233369-1-1-107,2025-05-29,TX001,1052509901,300964309,310015,ID002,101,3117A-3123A-9999A-9999E,28
1551,233369-1-1-107,2025-05-29,TX001,1052509901,300964310,310015,ID002,101,3117A-3123A-9999A-9999E,28
1552,233369-1-1-107,2025-05-29,TX001,1052509901,300964340,310015,ID002,101,3117A-3123A-9999A-9999E,28
1553,233369-1-1-107,2025-05-29,TX001,1052509901,300964343,310015,ID002,101,3117A-3123A-9999A-9999E,28
1554,233369-1-1-107,2025-05-29,TX001,1052509901,300964344,310015,ID002,101,3117A-3123A-9999A-9999E,28
1555,233369-1-1-107,2025-05-29,TX001,1052509901,300964345,310015,ID002,101,3117A-3123A-9999A-9999E,28
1556,233369-1-1-107,2025-05-29,TX001,1052509903,300964486,310015,ID002,101,3117A-3123A-9999A-9999E,28
1557,233369-1-1-107,2025-05-29,TX001,1052509903,300964487,310015,ID002,101,3117A-3123A-9999A-9999E,28
1558,233369-1-1-107,2025-05-29,TX001,1052509903,300964488,310015,ID002,101,3117A-3123A-9999A-9999E,28
1559,233369-1-1-107,2025-05-29,TX001,1052509904,300964553,310015,ID002,101,3117A-3123A-9999A-9999E,28
1560,233369-1-1-107,2025-05-29,TX001,1052509904,300964554,310015,ID002,101,3117A-3123A-9999A-9999E,28
1561,233369-1-1-107,2025-05-29,TX001,1052509904,300964555,310015,ID002,101,3117A-3123A-9999A-9999E,28
1562,233369-1-1-107,2025-05-29,TX001,1052509904,300964556,310015,ID002,101,3117A-3123A-9999A-9999E,28
1563,233369-1-1-107,2025-05-29,TX001,1052509904,300964557,310015,ID002,101,3117A-3123A-9999A-9999E,28
1564,233369-1-1-107,2025-05-29,TX001,1052509904,300964558,310015,ID002,101,3117A-3123A-9999A-9999E,28
1565,233369-1-1-107,2025-05-29,TX001,1052509904,300964559,310015,ID002,101,3117A-3123A-9999A-9999E,28
1566,233369-1-1-107,2025-05-29,TX001,1052509904,300964560,310015,ID002,101,3117A-3123A-9999A-9999E,28
1567,233369-1-1-107,2025-05-29,TX001,1052509905,300964577,310015,ID002,101,3117A-3123A-9999A-9999E,28
1568,233369-1-1-107,2025-05-29,TX001,1052509905,300964578,310015,ID002,101,3117A-3123A-9999A-9999E,28
1569,233369-1-1-107,2025-05-29,TX001,1052509905,300964624,310015,ID002,101,3117A-3123A-9999A-9999E,28
1570,233369-1-1-115,2025-05-29,TX001,1052509111,300953338,310015,ID002,101,3117A-3123A-9999A-9999E,36
1571,233369-1-1-115,2025-05-29,TX001,1052509111,300953339,310015,ID002,101,3117A-3123A-9999A-9999E,36
1572,233369-1-1-115,2025-05-29,TX001,1052509111,300953438,310015,ID002,101,3117A-3123A-9999A-9999E,36
1573,233369-1-1-115,2025-05-29,TX001,1052509111,300953439,310015,ID002,101,3117A-3123A-9999A-9999E,36
1574,233369-1-1-115,2025-05-29,TX001,1052509112,300953440,310015,ID002,101,3117A-3123A-9999A-9999E,36
1575,233369-1-1-115,2025-05-29,TX001,1052509112,300953442,310015,ID002,101,3117A-3123A-9999A-9999E,36
1576,233369-1-1-115,2025-05-29,TX001,1052509112,300953443,310015,ID002,101,3117A-3123A-9999A-9999E,36
1577,233369-1-1-115,2025-05-29,TX001,1052509112,300953444,310015,ID002,101,3117A-3123A-9999A-9999E,36
1578,233369-1-1-115,2025-05-29,TX001,1052509112,300953445,310015,ID002,101,3117A-3123A-9999A-9999E,36
1579,233369-1-1-115,2025-05-29,TX001,1052509112,300953446,310015,ID002,101,3117A-3123A-9999A-9999E,36
1580,233369-1-1-115,2025-05-29,TX001,1052509112,300953447,310015,ID002,101,3117A-3123A-9999A-9999E,36
1581,233369-1-1-115,2025-05-29,TX001,1052509112,300953448,310015,ID002,101,3117A-3123A-9999A-9999E,36
1582,233369-1-1-115,2025-05-29,TX001,1052509113,300953455,310015,ID002,101,3117A-3123A-9999A-9999E,36
1583,233369-1-1-115,2025-05-29,TX001,1052509113,300953456,310015,ID002,101,3117A-3123A-9999A-9999E,36
1584,233369-1-1-115,2025-05-29,TX001,1052509113,300953457,310015,ID002,101,3117A-3123A-9999A-9999E,36
1585,233369-1-1-115,2025-05-29,TX001,1052509113,300953458,310015,ID002,101,3117A-3123A-9999A-9999E,36
1586,233369-1-1-115,2025-05-29,TX001,1052509113,300953459,310015,ID002,101,3117A-3123A-9999A-9999E,36
1587,233369-1-1-115,2025-05-29,TX001,1052509113,300953460,310015,ID002,101,3117A-3123A-9999A-9999E,36
1588,233369-1-1-115,2025-05-29,TX001,1052509113,300953461,310015,ID002,101,3117A-3123A-9999A-9999E,36
1589,233369-1-1-115,2025-05-29,TX001,1052509113,300953462,310015,ID002,101,3117A-3123A-9999A-9999E,36
1590,233369-1-1-117,2025-05-29,TX001,1052510910,300978009,310015,ID002,101,3117A-3123A-3132A-9999A-9999E,18
1591,233369-1-1-117,2025-05-29,TX001,1052510910,300978014,310015,ID002,101,3117A-3123A-3132A-9999A-9999E,18
1592,233369-1-1-117,2025-05-29,TX001,1052510910,300978215,310015,ID002,101,3117A-3123A-3132A-9999A-9999E,18
1593,233369-1-1-117,2025-05-29,TX001,1052510910,300978216,310015,ID002,101,3117A-3123A-3132A-9999A-9999E,18
1594,233369-1-1-117,2025-05-29,TX001,1052510910,300978217,310015,ID002,101,3117A-3123A-3132A-9999A-9999E,18
1595,233369-1-1-117,2025-05-29,TX001,1052510910,300978218,310015,ID002,101,3117A-3123A-3132A-9999A-9999E,18
1596,233369-1-1-117,2025-05-29,TX001,1052510910,300978219,310015,ID002,101,3117A-3123A-3132A-9999A-9999E,18
1597,233369-1-1-117,2025-05-29,TX001,1052510910,300978220,310015,ID002,101,3117A-3123A-3132A-9999A-9999E,18
1598,233369-1-1-117,2025-05-29,TX001,1052510911,300978607,310015,ID002,101,3117A-3123A-3132A-9999A-9999E,18
1599,233369-1-1-117,2025-05-29,TX001,1052510911,300978608,310015,ID002,101,3117A-3123A-3132A-9999A-9999E,18
1600,233369-1-1-119,2025-05-29,TX001,1052508603,300945829,310015,ID002,101,3117A-3123A-9999A,41
1601,233369-1-1-119,2025-05-29,TX001,1052508604,300946271,310015,ID002,101,3117A-3123A-9999A,41
1602,233369-1-1-119,2025-05-29,TX001,1052508604,300946272,310015,ID002,101,3117A-3123A-9999A,41
1603,233369-1-1-119,2025-05-29,TX001,1052508604,300946273,310015,ID002,101,3117A-3123A-9999A,41
1604,233369-1-1-119,2025-05-29,TX001,1052508604,300946348,310015,ID002,101,3117A-3123A-9999A,41
1605,233369-1-1-119,2025-05-29,TX001,1052508604,300946443,310015,ID002,101,3117A-3123A-9999A,41
1606,233369-1-1-119,2025-05-29,TX001,1052508604,300946446,310015,ID002,101,3117A-3123A-9999A,41
1607,233369-1-1-119,2025-05-29,TX001,1052508604,300946447,310015,ID002,101,3117A-3123A-9999A,41
1608,233369-1-1-119,2025-05-29,TX001,1052508604,300946508,310015,ID002,101,3117A-3123A-9999A,41
1609,233369-1-1-119,2025-05-29,TX001,1052508605,300946487,310015,ID002,101,3117A-3123A-9999A,41
1610,233374-1-1-106,2025-05-29,TX001,1052508209,300940748,310015,ID002,101,3117A-3123A-9999A-9999E,45
1611,233374-1-1-106,2025-05-29,TX001,1052508209,300940749,310015,ID002,101,3117A-3123A-9999A-9999E,45
1612,233374-1-1-106,2025-05-29,TX001,1052508210,300940779,310015,ID002,101,3117A-3123A-9999A-9999E,45
1613,233374-1-1-106,2025-05-29,TX001,1052508210,300940780,310015,ID002,101,3117A-3123A-9999A-9999E,45
1614,233374-1-1-106,2025-05-29,TX001,1052508210,300940782,310015,ID002,101,3117A-3123A-9999A-9999E,45
1615,233374-1-1-106,2025-05-29,TX001,1052508210,300940783,310015,ID002,101,3117A-3123A-9999A-9999E,45
1616,233374-1-1-106,2025-05-29,TX001,1052508210,300940806,310015,ID002,101,3117A-3123A-9999A-9999E,45
1617,233374-1-1-106,2025-05-29,TX001,1052508210,300940807,310015,ID002,101,3117A-3123A-9999A-9999E,45
1618,233374-1-1-106,2025-05-29,TX001,1052508210,300940808,310015,ID002,101,3117A-3123A-9999A-9999E,45
1619,233374-1-1-106,2025-05-29,TX001,1052508210,300940809,310015,ID002,101,3117A-3123A-9999A-9999E,45
1620,233374-1-1-106,2025-05-29,TX001,1052508211,300940836,310015,ID002,101,3117A-3123A-9999A-9999E,45
1621,233374-1-1-106,2025-05-29,TX001,1052508211,300940838,310015,ID002,101,3117A-3123A-9999A-9999E,45
1622,233374-1-1-106,2025-05-29,TX001,1052508211,300940840,310015,ID002,101,3117A-3123A-9999A-9999E,45
1623,233374-1-1-106,2025-05-29,TX001,1052508211,300940841,310015,ID002,101,3117A-3123A-9999A-9999E,45
1624,233374-1-1-106,2025-05-29,TX001,1052508211,300940847,310015,ID002,101,3117A-3123A-9999A-9999E,45
1625,233374-1-1-106,2025-05-29,TX001,1052508211,300940848,310015,ID002,101,3117A-3123A-9999A-9999E,45
1626,233374-1-1-106,2025-05-29,TX001,1052508211,300940970,310015,ID002,101,3117A-3123A-9999A-9999E,45
1627,233374-1-1-106,2025-05-29,TX001,1052508211,300941207,310015,ID002,101,3117A-3123A-9999A-9999E,45
1628,233374-1-1-106,2025-05-29,TX001,1052508212,300941208,310015,ID002,101,3117A-3123A-9999A-9999E,45
1629,233374-1-1-106,2025-05-29,TX001,1052508212,300941209,310015,ID002,101,3117A-3123A-9999A-9999E,45
1630,233374-1-1-108,2025-05-29,TX001,1052511205,300981582,310015,ID002,101,3117A-3123A-9999A-9999E,15
1631,233374-1-1-108,2025-05-29,TX001,1052511205,300981586,310015,ID002,101,3117A-3123A-9999A-9999E,15
1632,233374-1-1-108,2025-05-29,TX001,1052511206,300981660,310015,ID002,101,3117A-3123A-9999A-9999E,15
1633,233374-1-1-108,2025-05-29,TX001,1052511206,300981661,310015,ID002,101,3117A-3123A-9999A-9999E,15
1634,233374-1-1-108,2025-05-29,TX001,1052511206,300981663,310015,ID002,101,3117A-3123A-9999A-9999E,15
1635,233374-1-1-108,2025-05-29,TX001,1052511206,300981666,310015,ID002,101,3117A-3123A-9999A-9999E,15
1636,233374-1-1-108,2025-05-29,TX001,1052511206,300981722,310015,ID002,101,3117A-3123A-9999A-9999E,15
1637,233374-1-1-108,2025-05-29,TX001,1052511206,300981723,310015,ID002,101,3117A-3123A-9999A-9999E,15
1638,233374-1-1-108,2025-05-29,TX001,1052511206,300981724,310015,ID002,101,3117A-3123A-9999A-9999E,15
1639,233374-1-1-108,2025-05-29,TX001,1052511206,300981725,310015,ID002,101,3117A-3123A-9999A-9999E,15
1640,233374-1-1-108,2025-05-29,TX001,1052511207,300981808,310015,ID002,101,3117A-3123A-9999A-9999E,15
1641,233374-1-1-108,2025-05-29,TX001,1052511207,300981809,310015,ID002,101,3117A-3123A-9999A-9999E,15
1642,233374-1-1-108,2025-05-29,TX001,1052511207,300981810,310015,ID002,101,3117A-3123A-9999A-9999E,15
1643,233374-1-1-108,2025-05-29,TX001,1052511207,300981811,310015,ID002,101,3117A-3123A-9999A-9999E,15
1644,233374-1-1-108,2025-05-29,TX001,1052511207,300981824,310015,ID002,101,3117A-3123A-9999A-9999E,15
1645,233374-1-1-108,2025-05-29,TX001,1052511207,300981825,310015,ID002,101,3117A-3123A-9999A-9999E,15
1646,233374-1-1-108,2025-05-29,TX001,1052511207,300981826,310015,ID002,101,3117A-3123A-9999A-9999E,15
1647,233374-1-1-108,2025-05-29,TX001,1052511207,300981827,310015,ID002,101,3117A-3123A-9999A-9999E,15
1648,233374-1-1-108,2025-05-29,TX001,1052511208,300981888,310015,ID002,101,3117A-3123A-9999A-9999E,15
1649,233374-1-1-108,2025-05-29,TX001,1052511208,300981893,310015,ID002,101,3117A-3123A-9999A-9999E,15
1650,233374-1-1-109,2025-05-29,TX001,1052508907,300950140,310015,ID002,101,3117A-3123A-9999A-9999E,38
1651,233374-1-1-109,2025-05-29,TX001,1052508907,300950141,310015,ID002,101,3117A-3123A-9999A-9999E,38
1652,233374-1-1-109,2025-05-29,TX001,1052508907,300950142,310015,ID002,101,3117A-3123A-9999A-9999E,38
1653,233374-1-1-109,2025-05-29,TX001,1052508907,300950143,310015,ID002,101,3117A-3123A-9999A-9999E,38
1654,233374-1-1-109,2025-05-29,TX001,1052508907,300950144,310015,ID002,101,3117A-3123A-9999A-9999E,38
1655,233374-1-1-109,2025-05-29,TX001,1052508907,300950145,310015,ID002,101,3117A-3123A-9999A-9999E,38
1656,233374-1-1-109,2025-05-29,TX001,1052508908,300950201,310015,ID002,101,3117A-3123A-9999A-9999E,38
1657,233374-1-1-109,2025-05-29,TX001,1052508908,300950202,310015,ID002,101,3117A-3123A-9999A-9999E,38
1658,233374-1-1-109,2025-05-29,TX001,1052508908,300950203,310015,ID002,101,3117A-3123A-9999A-9999E,38
1659,233374-1-1-109,2025-05-29,TX001,1052508908,300950204,310015,ID002,101,3117A-3123A-9999A-9999E,38
1660,233374-1-1-109,2025-05-29,TX001,1052508908,300950205,310015,ID002,101,3117A-3123A-9999A-9999E,38
1661,233374-1-1-109,2025-05-29,TX001,1052508908,300950206,310015,ID002,101,3117A-3123A-9999A-9999E,38
1662,233374-1-1-109,2025-05-29,TX001,1052508908,300950207,310015,ID002,101,3117A-3123A-9999A-9999E,38
1663,233374-1-1-109,2025-05-29,TX001,1052508908,300950208,310015,ID002,101,3117A-3123A-9999A-9999E,38
1664,233374-1-1-109,2025-05-29,TX001,1052508909,300950265,310015,ID002,101,3117A-3123A-9999A-9999E,38
1665,233374-1-1-109,2025-05-29,TX001,1052508909,300950266,310015,ID002,101,3117A-3123A-9999A-9999E,38
1666,233374-1-1-109,2025-05-29,TX001,1052508909,300950267,310015,ID002,101,3117A-3123A-9999A-9999E,38
1667,233374-1-1-109,2025-05-29,TX001,1052508909,300950268,310015,ID002,101,3117A-3123A-9999A-9999E,38
1668,233374-1-1-109,2025-05-29,TX001,1052508909,300950269,310015,ID002,101,3117A-3123A-9999A-9999E,38
1669,233374-1-1-109,2025-05-29,TX001,1052508909,300950270,310015,ID002,101,3117A-3123A-9999A-9999E,38
1670,233374-1-1-110,2025-05-29,TX001,1052506407,300915129,310015,ID002,101,3117A-3123A-9999A,63
1671,233374-1-1-110,2025-05-29,TX001,1052506407,300915131,310015,ID002,101,3117A-3123A-9999A,63
1672,233374-1-1-110,2025-05-29,TX001,1052506407,300915172,310015,ID002,101,3117A-3123A-9999A,63
1673,233374-1-1-110,2025-05-29,TX001,1052506408,300915273,310015,ID002,101,3117A-3123A-9999A,63
1674,233374-1-1-110,2025-05-29,TX001,1052506408,300915274,310015,ID002,101,3117A-3123A-9999A,63
1675,233374-1-1-110,2025-05-29,TX001,1052506408,300915275,310015,ID002,101,3117A-3123A-9999A,63
1676,233374-1-1-110,2025-05-29,TX001,1052506408,300915277,310015,ID002,101,3117A-3123A-9999A,63
1677,233374-1-1-110,2025-05-29,TX001,1052506408,300915375,310015,ID002,101,3117A-3123A-9999A,63
1678,233374-1-1-110,2025-05-29,TX001,1052506408,300915377,310015,ID002,101,3117A-3123A-9999A,63
1679,233374-1-1-110,2025-05-29,TX001,1052506409,300915378,310015,ID002,101,3117A-3123A-9999A,63
1680,233374-1-1-110,2025-05-29,TX001,1052506409,300915379,310015,ID002,101,3117A-3123A-9999A,63
1681,233374-1-1-110,2025-05-29,TX001,1052506409,300915380,310015,ID002,101,3117A-3123A-9999A,63
1682,233374-1-1-110,2025-05-29,TX001,1052506409,300915381,310015,ID002,101,3117A-3123A-9999A,63
1683,233374-1-1-110,2025-05-29,TX001,1052506409,300915382,310015,ID002,101,3117A-3123A-9999A,63
1684,233374-1-1-110,2025-05-29,TX001,1052506409,300915383,310015,ID002,101,3117A-3123A-9999A,63
1685,233374-1-1-110,2025-05-29,TX001,1052506409,300915385,310015,ID002,101,3117A-3123A-9999A,63
1686,233374-1-1-110,2025-05-29,TX001,1052506410,300915479,310015,ID002,101,3117A-3123A-9999A,63
1687,233374-1-1-110,2025-05-29,TX001,1052506410,300915480,310015,ID002,101,3117A-3123A-9999A,63
1688,233374-1-1-110,2025-05-29,TX001,1052506410,300915481,310015,ID002,101,3117A-3123A-9999A,63
1689,233374-1-1-110,2025-05-29,TX001,1052506410,300915482,310015,ID002,101,3117A-3123A-9999A,63
1690,233375-1-1-101,2025-05-29,TX001,1052511208,300981894,310015,ID002,101,3117A-3123A-9999A-9999E,15
1691,233375-1-1-101,2025-05-29,TX001,1052511208,300981896,310015,ID002,101,3117A-3123A-9999A-9999E,15
1692,233375-1-1-101,2025-05-29,TX001,1052511208,300981939,310015,ID002,101,3117A-3123A-9999A-9999E,15
1693,233375-1-1-101,2025-05-29,TX001,1052511208,300981940,310015,ID002,101,3117A-3123A-9999A-9999E,15
1694,233375-1-1-101,2025-05-29,TX001,1052511208,300981941,310015,ID002,101,3117A-3123A-9999A-9999E,15
1695,233375-1-1-101,2025-05-29,TX001,1052511208,300981942,310015,ID002,101,3117A-3123A-9999A-9999E,15
1696,233375-1-1-101,2025-05-29,TX001,1052511209,300981971,310015,ID002,101,3117A-3123A-9999A-9999E,15
1697,233375-1-1-101,2025-05-29,TX001,1052511209,300981972,310015,ID002,101,3117A-3123A-9999A-9999E,15
1698,233375-1-1-101,2025-05-29,TX001,1052511209,300981973,310015,ID002,101,3117A-3123A-9999A-9999E,15
1699,233375-1-1-101,2025-05-29,TX001,1052511209,300981974,310015,ID002,101,3117A-3123A-9999A-9999E,15
1700,233375-1-1-101,2025-05-29,TX001,1052511209,300982010,310015,ID002,101,3117A-3123A-9999A-9999E,15
1701,233375-1-1-101,2025-05-29,TX001,1052511209,300982036,310015,ID002,101,3117A-3123A-9999A-9999E,15
1702,233375-1-1-101,2025-05-29,TX001,1052511209,300982044,310015,ID002,101,3117A-3123A-9999A-9999E,15
1703,233375-1-1-101,2025-05-29,TX001,1052511209,300982045,310015,ID002,101,3117A-3123A-9999A-9999E,15
1704,233375-1-1-101,2025-05-29,TX001,1052511212,300982264,310015,ID002,101,3117A-3123A-9999A-9999E,15
1705,233375-1-1-101,2025-05-29,TX001,1052511212,300982265,310015,ID002,101,3117A-3123A-9999A-9999E,15
1706,233375-1-1-101,2025-05-29,TX001,1052511212,300982266,310015,ID002,101,3117A-3123A-9999A-9999E,15
1707,233375-1-1-101,2025-05-29,TX001,1052511212,300982267,310015,ID002,101,3117A-3123A-9999A-9999E,15
1708,233375-1-1-101,2025-05-29,TX001,1052511212,300982342,310015,ID002,101,3117A-3123A-9999A-9999E,15
1709,233375-1-1-101,2025-05-29,TX001,1052511212,300982343,310015,ID002,101,3117A-3123A-9999A-9999E,15
1710,233375-1-1-102,2025-05-29,TX001,1052511107,300980904,310015,ID002,101,3117A-3123A-9999A-9999E,16
1711,233375-1-1-102,2025-05-29,TX001,1052511107,300980905,310015,ID002,101,3117A-3123A-9999A-9999E,16
1712,233375-1-1-102,2025-05-29,TX001,1052511108,300980923,310015,ID002,101,3117A-3123A-9999A-9999E,16
1713,233375-1-1-102,2025-05-29,TX001,1052511108,300980924,310015,ID002,101,3117A-3123A-9999A-9999E,16
1714,233375-1-1-102,2025-05-29,TX001,1052511108,300980925,310015,ID002,101,3117A-3123A-9999A-9999E,16
1715,233375-1-1-102,2025-05-29,TX001,1052511108,300980926,310015,ID002,101,3117A-3123A-9999A-9999E,16
1716,233375-1-1-102,2025-05-29,TX001,1052511108,300980955,310015,ID002,101,3117A-3123A-9999A-9999E,16
1717,233375-1-1-102,2025-05-29,TX001,1052511108,300980956,310015,ID002,101,3117A-3123A-9999A-9999E,16
1718,233375-1-1-102,2025-05-29,TX001,1052511108,300980957,310015,ID002,101,3117A-3123A-9999A-9999E,16
1719,233375-1-1-102,2025-05-29,TX001,1052511108,300980958,310015,ID002,101,3117A-3123A-9999A-9999E,16
1720,233375-1-1-102,2025-05-29,TX001,1052509405,300957762,310015,ID002,101,3117A-3123A-9999A-9999E,33
1721,233375-1-1-102,2025-05-29,TX001,1052509405,300957763,310015,ID002,101,3117A-3123A-9999A-9999E,33
1722,233375-1-1-102,2025-05-29,TX001,1052509405,300957764,310015,ID002,101,3117A-3123A-9999A-9999E,33
1723,233375-1-1-102,2025-05-29,TX001,1052509405,300957765,310015,ID002,101,3117A-3123A-9999A-9999E,33
1724,233375-1-1-102,2025-05-29,TX001,1052509405,300957766,310015,ID002,101,3117A-3123A-9999A-9999E,33
1725,233375-1-1-102,2025-05-29,TX001,1052509406,300957779,310015,ID002,101,3117A-3123A-9999A-9999E,33
1726,233375-1-1-102,2025-05-29,TX001,1052509406,300957780,310015,ID002,101,3117A-3123A-9999A-9999E,33
1727,233375-1-1-102,2025-05-29,TX001,1052509406,300957781,310015,ID002,101,3117A-3123A-9999A-9999E,33
1728,233375-1-1-102,2025-05-29,TX001,1052509406,300957782,310015,ID002,101,3117A-3123A-9999A-9999E,33
1729,233375-1-1-102,2025-05-29,TX001,1052509406,300957783,310015,ID002,101,3117A-3123A-9999A-9999E,33
1730,233375-1-1-103,2025-05-29,TX001,1052509014,300951921,310015,ID002,101,3117A-9999A,37
1731,233375-1-1-103,2025-05-29,TX001,1052509015,300952042,310015,ID002,101,3117A-9999A,37
1732,233375-1-1-103,2025-05-29,TX001,1052509015,300952043,310015,ID002,101,3117A-9999A,37
1733,233375-1-1-103,2025-05-29,TX001,1052509015,300952044,310015,ID002,101,3117A-9999A,37
1734,233375-1-1-103,2025-05-29,TX001,1052509015,300952045,310015,ID002,101,3117A-9999A,37
1735,233375-1-1-103,2025-05-29,TX001,1052509015,300952046,310015,ID002,101,3117A-9999A,37
1736,233375-1-1-103,2025-05-29,TX001,1052509015,300952047,310015,ID002,101,3117A-9999A,37
1737,233375-1-1-103,2025-05-29,TX001,1052509015,300952048,310015,ID002,101,3117A-9999A,37
1738,233375-1-1-103,2025-05-29,TX001,1052509015,300952049,310015,ID002,101,3117A-9999A,37
1739,233375-1-1-103,2025-05-29,TX001,1052509016,300952051,310015,ID002,101,3117A-9999A,37
1740,233375-1-1-103,2025-05-29,TX001,1052509016,300952052,310015,ID002,101,3117A-9999A,37
1741,233375-1-1-103,2025-05-29,TX001,1052509016,300952053,310015,ID002,101,3117A-9999A,37
1742,233375-1-1-103,2025-05-29,TX001,1052509016,300952054,310015,ID002,101,3117A-9999A,37
1743,233375-1-1-103,2025-05-29,TX001,1052509016,300952055,310015,ID002,101,3117A-9999A,37
1744,233375-1-1-103,2025-05-29,TX001,1052509016,300952057,310015,ID002,101,3117A-9999A,37
1745,233375-1-1-103,2025-05-29,TX001,1052509016,300952058,310015,ID002,101,3117A-9999A,37
1746,233375-1-1-103,2025-05-29,TX001,1052509017,300952232,310015,ID002,101,3117A-9999A,37
1747,233375-1-1-103,2025-05-29,TX001,1052509017,300952233,310015,ID002,101,3117A-9999A,37
1748,233375-1-1-103,2025-05-29,TX001,1052509017,300952234,310015,ID002,101,3117A-9999A,37
1749,233375-1-1-103,2025-05-29,TX001,1052509017,300952235,310015,ID002,101,3117A-9999A,37
1750,233375-1-1-104,2025-05-29,TX001,1052509114,300953520,310015,ID002,101,3117A-3123A-9999A-9999E,36
1751,233375-1-1-104,2025-05-29,TX001,1052509114,300953525,310015,ID002,101,3117A-3123A-9999A-9999E,36
1752,233375-1-1-104,2025-05-29,TX001,1052509114,300953526,310015,ID002,101,3117A-3123A-9999A-9999E,36
1753,233375-1-1-104,2025-05-29,TX001,1052509114,300953527,310015,ID002,101,3117A-3123A-9999A-9999E,36
1754,233375-1-1-104,2025-05-29,TX001,1052509115,300953651,310015,ID002,101,3117A-3123A-9999A-9999E,36
1755,233375-1-1-104,2025-05-29,TX001,1052509115,300953652,310015,ID002,101,3117A-3123A-9999A-9999E,36
1756,233375-1-1-104,2025-05-29,TX001,1052509116,300953653,310015,ID002,101,3117A-3123A-9999A-9999E,36
1757,233375-1-1-104,2025-05-29,TX001,1052509116,300953654,310015,ID002,101,3117A-3123A-9999A-9999E,36
1758,233375-1-1-104,2025-05-29,TX001,1052509116,300953655,310015,ID002,101,3117A-3123A-9999A-9999E,36
1759,233375-1-1-104,2025-05-29,TX001,1052509116,300953656,310015,ID002,101,3117A-3123A-9999A-9999E,36
1760,233423-1-1-102,2025-06-01,TX001,1052508817,300949107,310015,ID002,101,3117A-3123A-9999A-9999E,39
1761,233423-1-1-102,2025-06-01,TX001,1052508817,300949108,310015,ID002,101,3117A-3123A-9999A-9999E,39
1762,233423-1-1-102,2025-06-01,TX001,1052508817,300949122,310015,ID002,101,3117A-3123A-9999A-9999E,39
1763,233423-1-1-102,2025-06-01,TX001,1052508817,300949123,310015,ID002,101,3117A-3123A-9999A-9999E,39
1764,233423-1-1-102,2025-06-01,TX001,1052508817,300949126,310015,ID002,101,3117A-3123A-9999A-9999E,39
1765,233423-1-1-102,2025-06-01,TX001,1052508817,300949127,310015,ID002,101,3117A-3123A-9999A-9999E,39
1766,233423-1-1-102,2025-06-01,TX001,1052508818,300949161,310015,ID002,101,3117A-3123A-9999A-9999E,39
1767,233423-1-1-102,2025-06-01,TX001,1052508818,300949162,310015,ID002,101,3117A-3123A-9999A-9999E,39
1768,233423-1-1-102,2025-06-01,TX001,1052508818,300949163,310015,ID002,101,3117A-3123A-9999A-9999E,39
1769,233423-1-1-102,2025-06-01,TX001,1052508818,300949164,310015,ID002,101,3117A-3123A-9999A-9999E,39
1770,233423-1-1-102,2025-06-01,TX001,1052508101,300939535,310015,ID002,101,3117A-3123A-9999A-9999E,46
1771,233423-1-1-102,2025-06-01,TX001,1052508104,300939807,310015,ID002,101,3117A-3123A-9999A-9999E,46
1772,233423-1-1-102,2025-06-01,TX001,1052508104,300939808,310015,ID002,101,3117A-3123A-9999A-9999E,46
1773,233423-1-1-102,2025-06-01,TX001,1052508104,300939809,310015,ID002,101,3117A-3123A-9999A-9999E,46
1774,233423-1-1-102,2025-06-01,TX001,1052508106,300940005,310015,ID002,101,3117A-3123A-9999A-9999E,46
1775,233423-1-1-102,2025-06-01,TX001,1052508106,300940006,310015,ID002,101,3117A-3123A-9999A-9999E,46
1776,233423-1-1-102,2025-06-01,TX001,1052508106,300940007,310015,ID002,101,3117A-3123A-9999A-9999E,46
1777,233423-1-1-102,2025-06-01,TX001,1052508106,300940008,310015,ID002,101,3117A-3123A-9999A-9999E,46
1778,233423-1-1-102,2025-06-01,TX001,1052508106,300940009,310015,ID002,101,3117A-3123A-9999A-9999E,46
1779,233423-1-1-102,2025-06-01,TX001,1052508106,300940010,310015,ID002,101,3117A-3123A-9999A-9999E,46
1780,233423-1-1-104,2025-06-01,TX001,1052508212,300941210,310015,ID002,101,3117A-3123A-9999A-9999E,45
1781,233423-1-1-104,2025-06-01,TX001,1052508212,300941212,310015,ID002,101,3117A-3123A-9999A-9999E,45
1782,233423-1-1-104,2025-06-01,TX001,1052508212,300941303,310015,ID002,101,3117A-3123A-9999A-9999E,45
1783,233423-1-1-104,2025-06-01,TX001,1052508212,300941304,310015,ID002,101,3117A-3123A-9999A-9999E,45
1784,233423-1-1-104,2025-06-01,TX001,1052508212,300941305,310015,ID002,101,3117A-3123A-9999A-9999E,45
1785,233423-1-1-104,2025-06-01,TX001,1052508212,300941306,310015,ID002,101,3117A-3123A-9999A-9999E,45
1786,233423-1-1-104,2025-06-01,TX001,1052508213,300941325,310015,ID002,101,3117A-3123A-9999A-9999E,45
1787,233423-1-1-104,2025-06-01,TX001,1052508213,300941326,310015,ID002,101,3117A-3123A-9999A-9999E,45
1788,233423-1-1-104,2025-06-01,TX001,1052508213,300941327,310015,ID002,101,3117A-3123A-9999A-9999E,45
1789,233423-1-1-104,2025-06-01,TX001,1052508213,300941328,310015,ID002,101,3117A-3123A-9999A-9999E,45
1790,233423-1-1-104,2025-06-01,TX001,1052508213,300941329,310015,ID002,101,3117A-3123A-9999A-9999E,45
1791,233423-1-1-104,2025-06-01,TX001,1052508213,300941330,310015,ID002,101,3117A-3123A-9999A-9999E,45
1792,233423-1-1-104,2025-06-01,TX001,1052508213,300941331,310015,ID002,101,3117A-3123A-9999A-9999E,45
1793,233423-1-1-104,2025-06-01,TX001,1052508213,300941332,310015,ID002,101,3117A-3123A-9999A-9999E,45
1794,233423-1-1-104,2025-06-01,TX001,1052508214,300941388,310015,ID002,101,3117A-3123A-9999A-9999E,45
1795,233423-1-1-104,2025-06-01,TX001,1052508214,300941389,310015,ID002,101,3117A-3123A-9999A-9999E,45
1796,233423-1-1-104,2025-06-01,TX001,1052508214,300941390,310015,ID002,101,3117A-3123A-9999A-9999E,45
1797,233423-1-1-104,2025-06-01,TX001,1052508214,300941391,310015,ID002,101,3117A-3123A-9999A-9999E,45
1798,233423-1-1-104,2025-06-01,TX001,1052508214,300941413,310015,ID002,101,3117A-3123A-9999A-9999E,45
1799,233423-1-1-104,2025-06-01,TX001,1052508214,300941414,310015,ID002,101,3117A-3123A-9999A-9999E,45
1800,232380-1-1-101,2025-05-07,WA001,1002511901,300991732,310002,WA001,101,9999A-9999E,8
1801,232380-1-1-101,2025-05-07,WA001,1002511901,300991733,310002,WA001,101,9999A-9999E,8
1802,232380-1-1-101,2025-05-07,WA001,1002511901,300991734,310002,WA001,101,9999A-9999E,8
1803,232380-1-1-101,2025-05-07,WA001,1002511901,300991735,310002,WA001,101,9999A-9999E,8
1804,232380-1-1-101,2025-05-07,WA001,1002511901,300991736,310002,WA001,101,9999A-9999E,8
1805,232380-1-1-101,2025-05-07,WA001,1002511901,300991770,310002,WA001,101,9999A-9999E,8
1806,232380-1-1-101,2025-05-07,WA001,1002511901,300991772,310002,WA001,101,9999A-9999E,8
1807,232380-1-1-101,2025-05-07,WA001,1002511901,300991776,310002,WA001,101,9999A-9999E,8
1808,232380-1-1-101,2025-05-07,WA001,1002511902,300991813,310002,WA001,101,9999A-9999E,8
1809,232380-1-1-101,2025-05-07,WA001,1002511902,300991840,310002,WA001,101,9999A-9999E,8
1810,232380-1-1-101,2025-05-07,WA001,1002511701,300989137,310002,WA001,102,9999A,10
1811,232380-1-1-101,2025-05-07,WA001,1002511701,300989138,310002,WA001,102,9999A,10
1812,232380-1-1-101,2025-05-07,WA001,1002511701,300989139,310002,WA001,102,9999A,10
1813,232380-1-1-101,2025-05-07,WA001,1002511701,300989178,310002,WA001,102,9999A,10
1814,232380-1-1-101,2025-05-07,WA001,1002511701,300989179,310002,WA001,102,9999A,10
1815,232380-1-1-101,2025-05-07,WA001,1002511701,300989180,310002,WA001,102,9999A,10
1816,232380-1-1-101,2025-05-07,WA001,1002511701,300989181,310002,WA001,102,9999A,10
1817,232380-1-1-101,2025-05-07,WA001,1002511701,300989182,310002,WA001,102,9999A,10
1818,232380-1-1-101,2025-05-07,WA001,1002511702,300989195,310002,WA001,102,9999A,10
1819,232380-1-1-101,2025-05-07,WA001,1002511702,300989196,310002,WA001,102,9999A,10
1820,232380-1-1-101,2025-05-07,WA001,1002511702,300989197,310002,WA001,102,9999A,10
1821,232380-1-1-101,2025-05-07,WA001,1002511702,300989198,310002,WA001,102,9999A,10
1822,232380-1-1-101,2025-05-07,WA001,1002511702,300989199,310002,WA001,102,9999A,10
1823,232380-1-1-101,2025-05-07,WA001,1002511702,300989200,310002,WA001,102,9999A,10
1824,232380-1-1-101,2025-05-07,WA001,1002511702,300989201,310002,WA001,102,9999A,10
1825,232380-1-1-101,2025-05-07,WA001,1002511702,300989202,310002,WA001,102,9999A,10
1826,232380-1-1-101,2025-05-07,WA001,1002511703,300989251,310002,WA001,102,9999A,10
1827,232380-1-1-101,2025-05-07,WA001,1002511703,300989252,310002,WA001,102,9999A,10
1828,232380-1-1-101,2025-05-07,WA001,1002511703,300989253,310002,WA001,102,9999A,10
1829,232380-1-1-101,2025-05-07,WA001,1002511703,300989254,310002,WA001,102,9999A,10
1830,232380-1-1-101,2025-05-07,WA001,1002511703,300989255,310002,WA001,102,9999A,10
1831,232380-1-1-101,2025-05-07,WA001,1002511703,300989256,310002,WA001,102,9999A,10
1832,232380-1-1-101,2025-05-07,WA001,1002511703,300989257,310002,WA001,102,9999A,10
1833,232380-1-1-101,2025-05-07,WA001,1002511703,300989258,310002,WA001,102,9999A,10
1834,232380-1-1-101,2025-05-07,WA001,1002511704,300989300,310002,WA001,102,9999A,10
1835,232380-1-1-101,2025-05-07,WA001,1002511704,300989301,310002,WA001,102,9999A,10
1836,232380-1-1-101,2025-05-07,WA001,1002511704,300989302,310002,WA001,102,9999A,10
1837,232380-1-1-101,2025-05-07,WA001,1002511704,300989304,310002,WA001,102,9999A,10
1838,232380-1-1-101,2025-05-07,WA001,1002511704,300989367,310002,WA001,102,9999A,10
1839,232380-1-1-101,2025-05-07,WA001,1002511704,300989368,310002,WA001,102,9999A,10
1840,232483-1-3-107,2025-05-12,WA001,1002510301,300969498,310774,WA001,102,9999A,24
1841,232483-1-3-107,2025-05-12,WA001,1002510301,300969506,310774,WA001,102,9999A,24
1842,232483-1-3-107,2025-05-12,WA001,1002510301,300969525,310774,WA001,102,9999A,24
1843,232483-1-3-107,2025-05-12,WA001,1002510301,300969541,310774,WA001,102,9999A,24
1844,232483-1-3-107,2025-05-12,WA001,1002510301,300969584,310774,WA001,102,9999A,24
1845,232483-1-3-107,2025-05-12,WA001,1002510301,300969612,310774,WA001,102,9999A,24
1846,232483-1-3-107,2025-05-12,WA001,1002510301,300969627,310774,WA001,102,9999A,24
1847,232483-1-3-107,2025-05-12,WA001,1002510301,300969637,310774,WA001,102,9999A,24
1848,232483-1-3-107,2025-05-12,WA001,1002510302,300969656,310774,WA001,102,9999A,24
1849,232483-1-3-107,2025-05-12,WA001,1002510302,300969668,310774,WA001,102,9999A,24
1850,232483-1-3-108,2025-05-14,WA001,1002505401,300900163,310774,WA001,102,9999A,73
1851,232483-1-3-108,2025-05-14,WA001,1002505401,300900260,310774,WA001,102,9999A,73
1852,232483-1-3-108,2025-05-14,WA001,1002505401,300900302,310774,WA001,102,9999A,73
1853,232483-1-3-108,2025-05-14,WA001,1002505401,300900317,310774,WA001,102,9999A,73
1854,232483-1-3-108,2025-05-14,WA001,1002505401,300900341,310774,WA001,102,9999A,73
1855,232483-1-3-108,2025-05-14,WA001,1002505401,300900361,310774,WA001,102,9999A,73
1856,232483-1-3-108,2025-05-14,WA001,1002505402,300900374,310774,WA001,102,9999A,73
1857,232483-1-3-108,2025-05-14,WA001,1002505402,300900395,310774,WA001,102,9999A,73
1858,232483-1-3-108,2025-05-14,WA001,1002505402,300900448,310774,WA001,102,9999A,73
1859,232483-1-3-108,2025-05-14,WA001,1002505402,300900450,310774,WA001,102,9999A,73
1860,232483-1-3-109,2025-05-19,WA001,1002510803,300976230,310774,WA001,102,9999A,19
1861,232483-1-3-109,2025-05-19,WA001,1002510803,300976247,310774,WA001,102,9999A,19
1862,232483-1-3-109,2025-05-19,WA001,1002510803,300976248,310774,WA001,102,9999A,19
1863,232483-1-3-109,2025-05-19,WA001,1002510803,300976249,310774,WA001,102,9999A,19
1864,232483-1-3-109,2025-05-19,WA001,1002510803,300976305,310774,WA001,102,9999A,19
1865,232483-1-3-109,2025-05-19,WA001,1002510803,300976307,310774,WA001,102,9999A,19
1866,232483-1-3-109,2025-05-19,WA001,1002510803,300976308,310774,WA001,102,9999A,19
1867,232483-1-3-109,2025-05-19,WA001,1002510804,300976339,310774,WA001,102,9999A,19
1868,232483-1-3-109,2025-05-19,WA001,1002510804,300976341,310774,WA001,102,9999A,19
1869,232483-1-3-109,2025-05-19,WA001,1002510804,300976364,310774,WA001,102,9999A,19
1870,232483-1-3-110,2025-05-26,WA001,1002511401,300984201,310774,WA001,102,9999A,13
1871,232483-1-3-110,2025-05-26,WA001,1002511401,300984215,310774,WA001,102,9999A,13
1872,232483-1-3-110,2025-05-26,WA001,1002511401,300984216,310774,WA001,102,9999A,13
1873,232483-1-3-110,2025-05-26,WA001,1002511401,300984222,310774,WA001,102,9999A,13
1874,232483-1-3-110,2025-05-26,WA001,1002511401,300984228,310774,WA001,102,9999A,13
1875,232483-1-3-110,2025-05-26,WA001,1002511401,300984231,310774,WA001,102,9999A,13
1876,232483-1-3-110,2025-05-26,WA001,1002511401,300984237,310774,WA001,102,9999A,13
1877,232483-1-3-110,2025-05-26,WA001,1002511401,300984251,310774,WA001,102,9999A,13
1878,232483-1-3-110,2025-05-26,WA001,1002511402,300984263,310774,WA001,102,9999A,13
1879,232483-1-3-110,2025-05-26,WA001,1002511402,300984268,310774,WA001,102,9999A,13
1880,232483-1-3-111,2025-05-28,WA001,1002511101,300980809,310774,WA001,102,9999A,16
1881,232483-1-3-111,2025-05-28,WA001,1002511101,300980813,310774,WA001,102,9999A,16
1882,232483-1-3-111,2025-05-28,WA001,1002511101,300980814,310774,WA001,102,9999A,16
1883,232483-1-3-111,2025-05-28,WA001,1002511101,300980818,310774,WA001,102,9999A,16
1884,232483-1-3-111,2025-05-28,WA001,1002511101,300980819,310774,WA001,102,9999A,16
1885,232483-1-3-111,2025-05-28,WA001,1002511101,300980820,310774,WA001,102,9999A,16
1886,232483-1-3-111,2025-05-28,WA001,1002511101,300980821,310774,WA001,102,9999A,16
1887,232483-1-3-111,2025-05-28,WA001,1002511101,300980822,310774,WA001,102,9999A,16
1888,232483-1-3-111,2025-05-28,WA001,1002511102,300980845,310774,WA001,102,9999A,16
1889,232483-1-3-111,2025-05-28,WA001,1002511102,300980846,310774,WA001,102,9999A,16
1890,232483-1-4-112,2025-06-02,WA001,1002511402,300984288,310774,WA001,102,9999A,13
1891,232483-1-4-112,2025-06-02,WA001,1002511402,300984302,310774,WA001,102,9999A,13
1892,232483-1-4-112,2025-06-02,WA001,1002511402,300984322,310774,WA001,102,9999A,13
1893,232483-1-4-112,2025-06-02,WA001,1002511402,300984335,310774,WA001,102,9999A,13
1894,232483-1-4-112,2025-06-02,WA001,1002511402,300984395,310774,WA001,102,9999A,13
1895,232483-1-4-112,2025-06-02,WA001,1002511402,300984400,310774,WA001,102,9999A,13
1896,232483-1-4-112,2025-06-02,WA001,1002511403,300984425,310774,WA001,102,9999A,13
1897,232483-1-4-112,2025-06-02,WA001,1002511403,300984428,310774,WA001,102,9999A,13
1898,232483-1-4-112,2025-06-02,WA001,1002511403,300984436,310774,WA001,102,9999A,13
1899,232483-1-4-112,2025-06-02,WA001,1002511403,300984456,310774,WA001,102,9999A,13
1900,232483-1-4-113,2025-06-09,WA001,1002505402,300900469,310774,WA001,102,9999A,73
1901,232483-1-4-113,2025-06-09,WA001,1002505402,300900470,310774,WA001,102,9999A,73
1902,232483-1-4-113,2025-06-09,WA001,1002505402,300900510,310774,WA001,102,9999A,73
1903,232483-1-4-113,2025-06-09,WA001,1002505402,300900512,310774,WA001,102,9999A,73
1904,232483-1-4-113,2025-06-09,WA001,1002505403,300900514,310774,WA001,102,9999A,73
1905,232483-1-4-113,2025-06-09,WA001,1002505403,300900543,310774,WA001,102,9999A,73
1906,232483-1-4-113,2025-06-09,WA001,1002505403,300900544,310774,WA001,102,9999A,73
1907,232483-1-4-113,2025-06-09,WA001,1002505403,300900574,310774,WA001,102,9999A,73
1908,232483-1-4-113,2025-06-09,WA001,1002505403,300900590,310774,WA001,102,9999A,73
1909,232483-1-4-113,2025-06-09,WA001,1002505403,300900592,310774,WA001,102,9999A,73
1910,232483-1-4-114,2025-06-11,WA001,1002511102,300980847,310774,WA001,102,9999A,16
1911,232483-1-4-114,2025-06-11,WA001,1002511102,300980868,310774,WA001,102,9999A,16
1912,232483-1-4-114,2025-06-11,WA001,1002511102,300980879,310774,WA001,102,9999A,16
1913,232483-1-4-114,2025-06-11,WA001,1002511102,300980891,310774,WA001,102,9999A,16
1914,232483-1-4-114,2025-06-11,WA001,1002511102,300980893,310774,WA001,102,9999A,16
1915,232483-1-4-114,2025-06-11,WA001,1002511102,300980898,310774,WA001,102,9999A,16
1916,232483-1-4-114,2025-06-11,WA001,1002511103,300980965,310774,WA001,102,9999A,16
1917,232483-1-4-114,2025-06-11,WA001,1002511103,300980975,310774,WA001,102,9999A,16
1918,232483-1-4-114,2025-06-11,WA001,1002511103,300980995,310774,WA001,102,9999A,16
1919,232483-1-4-114,2025-06-11,WA001,1002511103,300981005,310774,WA001,102,9999A,16
1920,232483-1-4-115,2025-06-16,WA001,1002511103,300981024,310774,WA001,102,9999A,16
1921,232483-1-4-115,2025-06-16,WA001,1002511103,300981031,310774,WA001,102,9999A,16
1922,232483-1-4-115,2025-06-16,WA001,1002511103,300981041,310774,WA001,102,9999A,16
1923,232483-1-4-115,2025-06-16,WA001,1002511103,300981046,310774,WA001,102,9999A,16
1924,232483-1-4-115,2025-06-16,WA001,1002511104,300981081,310774,WA001,102,9999A,16
1925,232483-1-4-115,2025-06-16,WA001,1002511104,300981089,310774,WA001,102,9999A,16
1926,232483-1-4-115,2025-06-16,WA001,1002511104,300981105,310774,WA001,102,9999A,16
1927,232483-1-4-115,2025-06-16,WA001,1002511104,300981114,310774,WA001,102,9999A,16
1928,232483-1-4-115,2025-06-16,WA001,1002511104,300981126,310774,WA001,102,9999A,16
1929,232483-1-4-115,2025-06-16,WA001,1002511104,300981129,310774,WA001,102,9999A,16
1930,232483-1-4-116,2025-06-23,WA001,1002510401,300971390,310774,WA001,102,9999A,23
1931,232483-1-4-116,2025-06-23,WA001,1002510401,300971400,310774,WA001,102,9999A,23
1932,232483-1-4-116,2025-06-23,WA001,1002510401,300971426,310774,WA001,102,9999A,23
1933,232483-1-4-116,2025-06-23,WA001,1002510401,300971457,310774,WA001,102,9999A,23
1934,232483-1-4-116,2025-06-23,WA001,1002510401,300971461,310774,WA001,102,9999A,23
1935,232483-1-4-116,2025-06-23,WA001,1002510401,300971462,310774,WA001,102,9999A,23
1936,232483-1-4-116,2025-06-23,WA001,1002510401,300971469,310774,WA001,102,9999A,23
1937,232483-1-4-116,2025-06-23,WA001,1002510401,300971483,310774,WA001,102,9999A,23
1938,232483-1-4-116,2025-06-23,WA001,1002510402,300971694,310774,WA001,102,9999A,23
1939,232483-1-4-116,2025-06-23,WA001,1002510402,300971695,310774,WA001,102,9999A,23
1940,232487-1-2-107,2025-05-09,WA001,1002511704,300989369,310002,WA001,102,9999A,10
1941,232487-1-2-107,2025-05-09,WA001,1002511704,300989370,310002,WA001,102,9999A,10
1942,232487-1-2-107,2025-05-09,WA001,1002511705,300989371,310002,WA001,102,9999A,10
1943,232487-1-2-107,2025-05-09,WA001,1002511705,300989372,310002,WA001,102,9999A,10
1944,232487-1-2-107,2025-05-09,WA001,1002511705,300989373,310002,WA001,102,9999A,10
1945,232487-1-2-107,2025-05-09,WA001,1002511705,300989374,310002,WA001,102,9999A,10
1946,232487-1-2-107,2025-05-09,WA001,1002511705,300989439,310002,WA001,102,9999A,10
1947,232487-1-2-107,2025-05-09,WA001,1002511705,300989440,310002,WA001,102,9999A,10
1948,232487-1-2-107,2025-05-09,WA001,1002511705,300989441,310002,WA001,102,9999A,10
1949,232487-1-2-107,2025-05-09,WA001,1002511705,300989458,310002,WA001,102,9999A,10
1950,233016-1-2-104,2025-05-07,WA001,1002511401,300984182,310015,WA001,101,9999A-9999E,13
1951,233016-1-2-104,2025-05-07,WA001,1002511401,300984183,310015,WA001,101,9999A-9999E,13
1952,233016-1-2-104,2025-05-07,WA001,1002511401,300984184,310015,WA001,101,9999A-9999E,13
1953,233016-1-2-104,2025-05-07,WA001,1002511401,300984185,310015,WA001,101,9999A-9999E,13
1954,233016-1-2-104,2025-05-07,WA001,1002511401,300984186,310015,WA001,101,9999A-9999E,13
1955,233016-1-2-104,2025-05-07,WA001,1002511401,300984187,310015,WA001,101,9999A-9999E,13
1956,233016-1-2-104,2025-05-07,WA001,1002511401,300984188,310015,WA001,101,9999A-9999E,13
1957,233016-1-2-104,2025-05-07,WA001,1002511401,300984189,310015,WA001,101,9999A-9999E,13
1958,233016-1-2-104,2025-05-07,WA001,1002511402,300984269,310015,WA001,101,9999A-9999E,13
1959,233016-1-2-104,2025-05-07,WA001,1002511402,300984271,310015,WA001,101,9999A-9999E,13
1960,233016-1-3-105,2025-05-19,WA001,1002510006,300965565,310015,WA001,101,9999A-9999E,27
1961,233016-1-3-105,2025-05-19,WA001,1002510006,300965566,310015,WA001,101,9999A-9999E,27
1962,233016-1-3-105,2025-05-19,WA001,1002510006,300965567,310015,WA001,101,9999A-9999E,27
1963,233016-1-3-105,2025-05-19,WA001,1002510006,300965625,310015,WA001,101,9999A-9999E,27
1964,233016-1-3-105,2025-05-19,WA001,1002510006,300965626,310015,WA001,101,9999A-9999E,27
1965,233016-1-3-105,2025-05-19,WA001,1002510006,300965627,310015,WA001,101,9999A-9999E,27
1966,233016-1-3-105,2025-05-19,WA001,1002510006,300965630,310015,WA001,101,9999A-9999E,27
1967,233016-1-3-105,2025-05-19,WA001,1002510007,300965730,310015,WA001,101,9999A-9999E,27
1968,233016-1-3-105,2025-05-19,WA001,1002510007,300965731,310015,WA001,101,9999A-9999E,27
1969,233016-1-3-105,2025-05-19,WA001,1002510007,300965744,310015,WA001,101,9999A-9999E,27
1970,233017-1-1-102,2025-05-09,WA001,1002511902,300991842,310002,WA001,101,9999A-9999E,8
1971,233017-1-1-102,2025-05-09,WA001,1002511902,300991843,310002,WA001,101,9999A-9999E,8
1972,233017-1-1-102,2025-05-09,WA001,1002511902,300991844,310002,WA001,101,9999A-9999E,8
1973,233017-1-1-102,2025-05-09,WA001,1002511902,300991845,310002,WA001,101,9999A-9999E,8
1974,233017-1-1-102,2025-05-09,WA001,1002511902,300991846,310002,WA001,101,9999A-9999E,8
1975,233017-1-1-102,2025-05-09,WA001,1002511902,300991847,310002,WA001,101,9999A-9999E,8
1976,233017-1-1-102,2025-05-09,WA001,1002511903,300991914,310002,WA001,101,9999A-9999E,8
1977,233017-1-1-102,2025-05-09,WA001,1002511903,300991915,310002,WA001,101,9999A-9999E,8
1978,233017-1-1-102,2025-05-09,WA001,1002511903,300991916,310002,WA001,101,9999A-9999E,8
1979,233017-1-1-102,2025-05-09,WA001,1002511903,300991917,310002,WA001,101,9999A-9999E,8
1980,233119-1-1-101,2025-05-07,WA001,1002511601,300987262,310002,WA001,102,9999A,11
1981,233119-1-1-101,2025-05-07,WA001,1002511601,300987263,310002,WA001,102,9999A,11
1982,233119-1-1-101,2025-05-07,WA001,1002511602,300987264,310002,WA001,102,9999A,11
1983,233119-1-1-101,2025-05-07,WA001,1002511602,300987362,310002,WA001,102,9999A,11
1984,233119-1-1-101,2025-05-07,WA001,1002511602,300987363,310002,WA001,102,9999A,11
1985,233119-1-1-101,2025-05-07,WA001,1002511602,300987364,310002,WA001,102,9999A,11
1986,233119-1-1-101,2025-05-07,WA001,1002511602,300987400,310002,WA001,102,9999A,11
1987,233119-1-1-101,2025-05-07,WA001,1002511602,300987401,310002,WA001,102,9999A,11
1988,233119-1-1-101,2025-05-07,WA001,1002511602,300987402,310002,WA001,102,9999A,11
1989,233119-1-1-101,2025-05-07,WA001,1002511602,300987412,310002,WA001,102,9999A,11
1990,233119-1-1-101,2025-05-07,WA001,1002511402,300984625,310002,WA001,102,9999A,13
1991,233119-1-1-101,2025-05-07,WA001,1002511402,300984628,310002,WA001,102,9999A,13
1992,233119-1-1-101,2025-05-07,WA001,1002511402,300984630,310002,WA001,102,9999A,13
1993,233119-1-1-101,2025-05-07,WA001,1002511405,300984934,310002,WA001,102,9999A,13
1994,233119-1-1-101,2025-05-07,WA001,1002511405,300984935,310002,WA001,102,9999A,13
1995,233119-1-1-101,2025-05-07,WA001,1002511405,300984936,310002,WA001,102,9999A,13
1996,233119-1-1-101,2025-05-07,WA001,1002511405,300984937,310002,WA001,102,9999A,13
1997,233119-1-1-101,2025-05-07,WA001,1002511405,300984938,310002,WA001,102,9999A,13
1998,233119-1-1-101,2025-05-07,WA001,1002511405,300984939,310002,WA001,102,9999A,13
1999,233119-1-1-101,2025-05-07,WA001,1002511405,300984940,310002,WA001,102,9999A,13
2000,233156-1-2-105,2025-05-12,WA001,1002510401,300971546,310015,WA001,101,9999A-9999E,23
2001,233156-1-2-105,2025-05-12,WA001,1002510401,300971547,310015,WA001,101,9999A-9999E,23
2002,233156-1-2-105,2025-05-12,WA001,1002510401,300971548,310015,WA001,101,9999A-9999E,23
2003,233156-1-2-105,2025-05-12,WA001,1002510401,300971558,310015,WA001,101,9999A-9999E,23
2004,233156-1-2-105,2025-05-12,WA001,1002510401,300971559,310015,WA001,101,9999A-9999E,23
2005,233156-1-2-105,2025-05-12,WA001,1002510401,300971560,310015,WA001,101,9999A-9999E,23
2006,233156-1-2-105,2025-05-12,WA001,1002510401,300971573,310015,WA001,101,9999A-9999E,23
2007,233156-1-2-105,2025-05-12,WA001,1002510401,300971582,310015,WA001,101,9999A-9999E,23
2008,233156-1-2-105,2025-05-12,WA001,1002510402,300971810,310015,WA001,101,9999A-9999E,23
2009,233156-1-2-105,2025-05-12,WA001,1002510402,300971812,310015,WA001,101,9999A-9999E,23
2010,233156-1-2-106,2025-05-21,WA001,1002510302,300970193,310015,WA001,101,9999A-9999E,24
2011,233156-1-2-106,2025-05-21,WA001,1002510302,300970194,310015,WA001,101,9999A-9999E,24
2012,233156-1-2-106,2025-05-21,WA001,1002510302,300970195,310015,WA001,101,9999A-9999E,24
2013,233156-1-2-106,2025-05-21,WA001,1002510303,300970307,310015,WA001,101,9999A-9999E,24
2014,233156-1-2-106,2025-05-21,WA001,1002510303,300970308,310015,WA001,101,9999A-9999E,24
2015,233156-1-2-106,2025-05-21,WA001,1002510303,300970309,310015,WA001,101,9999A-9999E,24
2016,233156-1-2-106,2025-05-21,WA001,1002510303,300970310,310015,WA001,101,9999A-9999E,24
2017,233156-1-2-106,2025-05-21,WA001,1002510303,300970311,310015,WA001,101,9999A-9999E,24
2018,233156-1-2-106,2025-05-21,WA001,1002510303,300970312,310015,WA001,101,9999A-9999E,24
2019,233156-1-2-106,2025-05-21,WA001,1002510304,300970389,310015,WA001,101,9999A-9999E,24
2020,233315-1-1-101,2025-05-13,WA001,1002511903,300991918,310002,WA001,101,9999A-9999E,8
2021,233315-1-1-101,2025-05-13,WA001,1002511903,300991919,310002,WA001,101,9999A-9999E,8
2022,233315-1-1-101,2025-05-13,WA001,1002511903,300991920,310002,WA001,101,9999A-9999E,8
2023,233315-1-1-101,2025-05-13,WA001,1002511903,300991921,310002,WA001,101,9999A-9999E,8
2024,233315-1-1-101,2025-05-13,WA001,1002511904,300991927,310002,WA001,101,9999A-9999E,8
2025,233315-1-1-101,2025-05-13,WA001,1002511904,300991931,310002,WA001,101,9999A-9999E,8
2026,233315-1-1-101,2025-05-13,WA001,1002511904,300991932,310002,WA001,101,9999A-9999E,8
2027,233315-1-1-101,2025-05-13,WA001,1002511904,300991933,310002,WA001,101,9999A-9999E,8
2028,233315-1-1-101,2025-05-13,WA001,1002511904,300992118,310002,WA001,101,9999A-9999E,8
2029,233315-1-1-101,2025-05-13,WA001,1002511904,300992119,310002,WA001,101,9999A-9999E,8
2030,233315-1-1-101,2025-05-13,WA001,1002511904,300992120,310002,WA001,101,9999A-9999E,8
2031,233315-1-1-101,2025-05-13,WA001,1002511904,300992121,310002,WA001,101,9999A-9999E,8
2032,233315-1-1-101,2025-05-13,WA001,1002511905,300992126,310002,WA001,101,9999A-9999E,8
2033,233315-1-1-101,2025-05-13,WA001,1002511905,300992127,310002,WA001,101,9999A-9999E,8
2034,233315-1-1-101,2025-05-13,WA001,1002511905,300992128,310002,WA001,101,9999A-9999E,8
2035,233315-1-1-101,2025-05-13,WA001,1002511905,300992129,310002,WA001,101,9999A-9999E,8
2036,233315-1-1-101,2025-05-13,WA001,1002511905,300992408,310002,WA001,101,9999A-9999E,8
2037,233315-1-1-101,2025-05-13,WA001,1002511905,300992409,310002,WA001,101,9999A-9999E,8
2038,233315-1-1-101,2025-05-13,WA001,1002511905,300992410,310002,WA001,101,9999A-9999E,8
2039,233315-1-1-101,2025-05-13,WA001,1002511905,300992411,310002,WA001,101,9999A-9999E,8
2040,233320-1-1-117,2025-05-13,WA001,1002511701,300988612,310015,WA001,101,9999A-9999E,10
2041,233320-1-1-117,2025-05-13,WA001,1002511701,300988613,310015,WA001,101,9999A-9999E,10
2042,233320-1-1-117,2025-05-13,WA001,1002511701,300988615,310015,WA001,101,9999A-9999E,10
2043,233320-1-1-117,2025-05-13,WA001,1002511701,300988631,310015,WA001,101,9999A-9999E,10
2044,233320-1-1-117,2025-05-13,WA001,1002511701,300988632,310015,WA001,101,9999A-9999E,10
2045,233320-1-1-117,2025-05-13,WA001,1002511701,300988655,310015,WA001,101,9999A-9999E,10
2046,233320-1-1-117,2025-05-13,WA001,1002511701,300988656,310015,WA001,101,9999A-9999E,10
2047,233320-1-1-117,2025-05-13,WA001,1002511701,300988657,310015,WA001,101,9999A-9999E,10
2048,233320-1-1-117,2025-05-13,WA001,1002511702,300988658,310015,WA001,101,9999A-9999E,10
2049,233320-1-1-117,2025-05-13,WA001,1002511702,300988659,310015,WA001,101,9999A-9999E,10
2050,233320-1-1-118,2025-05-13,WA001,1002509005,300951764,310015,WA001,101,9999A-9999E,16
2051,233320-1-1-118,2025-05-13,WA001,1002511101,300980172,310015,WA001,101,9999A-9999E,16
2052,233320-1-1-118,2025-05-13,WA001,1002511101,300980173,310015,WA001,101,9999A-9999E,16
2053,233320-1-1-118,2025-05-13,WA001,1002511101,300980174,310015,WA001,101,9999A-9999E,16
2054,233320-1-1-118,2025-05-13,WA001,1002511101,300980175,310015,WA001,101,9999A-9999E,16
2055,233320-1-1-118,2025-05-13,WA001,1002511101,300980217,310015,WA001,101,9999A-9999E,16
2056,233320-1-1-118,2025-05-13,WA001,1002511101,300980218,310015,WA001,101,9999A-9999E,16
2057,233320-1-1-118,2025-05-13,WA001,1002511101,300980219,310015,WA001,101,9999A-9999E,16
2058,233320-1-1-118,2025-05-13,WA001,1002511101,300980220,310015,WA001,101,9999A-9999E,16
2059,233320-1-1-118,2025-05-13,WA001,1002511102,300980257,310015,WA001,101,9999A-9999E,16
2060,233320-1-1-119,2025-05-13,WA001,1002511501,300985785,310015,WA001,101,9999A-9999E,12
2061,233320-1-1-119,2025-05-13,WA001,1002511501,300985866,310015,WA001,101,9999A-9999E,12
2062,233320-1-1-119,2025-05-13,WA001,1002511501,300985867,310015,WA001,101,9999A-9999E,12
2063,233320-1-1-119,2025-05-13,WA001,1002511501,300985868,310015,WA001,101,9999A-9999E,12
2064,233320-1-1-119,2025-05-13,WA001,1002511501,300985903,310015,WA001,101,9999A-9999E,12
2065,233320-1-1-119,2025-05-13,WA001,1002511501,300985904,310015,WA001,101,9999A-9999E,12
2066,233320-1-1-119,2025-05-13,WA001,1002511501,300985905,310015,WA001,101,9999A-9999E,12
2067,233320-1-1-119,2025-05-13,WA001,1002511501,300985906,310015,WA001,101,9999A-9999E,12
2068,233320-1-1-119,2025-05-13,WA001,1002511502,300985955,310015,WA001,101,9999A-9999E,12
2069,233320-1-1-119,2025-05-13,WA001,1002511502,300985956,310015,WA001,101,9999A-9999E,12
2070,233320-1-1-120,2025-05-14,WA001,1002511301,300983293,310015,WA001,101,9999A-9999E,14
2071,233320-1-1-120,2025-05-14,WA001,1002511301,300983294,310015,WA001,101,9999A-9999E,14
2072,233320-1-1-120,2025-05-14,WA001,1002511301,300983347,310015,WA001,101,9999A-9999E,14
2073,233320-1-1-120,2025-05-14,WA001,1002511301,300983348,310015,WA001,101,9999A-9999E,14
2074,233320-1-1-120,2025-05-14,WA001,1002511301,300983349,310015,WA001,101,9999A-9999E,14
2075,233320-1-1-120,2025-05-14,WA001,1002511301,300983378,310015,WA001,101,9999A-9999E,14
2076,233320-1-1-120,2025-05-14,WA001,1002511301,300983379,310015,WA001,101,9999A-9999E,14
2077,233320-1-1-120,2025-05-14,WA001,1002511301,300983383,310015,WA001,101,9999A-9999E,14
2078,233320-1-1-120,2025-05-14,WA001,1002511302,300983384,310015,WA001,101,9999A-9999E,14
2079,233320-1-1-120,2025-05-14,WA001,1002511302,300983385,310015,WA001,101,9999A-9999E,14
2080,233320-1-1-121,2025-05-14,WA001,1002510501,300972361,310015,WA001,101,9999A-9999E,22
2081,233320-1-1-121,2025-05-14,WA001,1002510501,300972362,310015,WA001,101,9999A-9999E,22
2082,233320-1-1-121,2025-05-14,WA001,1002510501,300972363,310015,WA001,101,9999A-9999E,22
2083,233320-1-1-121,2025-05-14,WA001,1002510501,300972364,310015,WA001,101,9999A-9999E,22
2084,233320-1-1-121,2025-05-14,WA001,1002510501,300972369,310015,WA001,101,9999A-9999E,22
2085,233320-1-1-121,2025-05-14,WA001,1002510503,300972519,310015,WA001,101,9999A-9999E,22
2086,233320-1-1-121,2025-05-14,WA001,1002510503,300972520,310015,WA001,101,9999A-9999E,22
2087,233320-1-1-121,2025-05-14,WA001,1002510503,300972522,310015,WA001,101,9999A-9999E,22
2088,233320-1-1-121,2025-05-14,WA001,1002510503,300972528,310015,WA001,101,9999A-9999E,22
2089,233320-1-1-121,2025-05-14,WA001,1002510503,300972535,310015,WA001,101,9999A-9999E,22
2090,233320-1-1-122,2025-05-14,WA001,1002511305,300983736,310015,WA001,101,3117A-3123A-9999A-9999E,14
2091,233320-1-1-122,2025-05-14,WA001,1002511305,300983737,310015,WA001,101,3117A-3123A-9999A-9999E,14
2092,233320-1-1-122,2025-05-14,WA001,1002511305,300983738,310015,WA001,101,3117A-3123A-9999A-9999E,14
2093,233320-1-1-122,2025-05-14,WA001,1002511305,300983739,310015,WA001,101,3117A-3123A-9999A-9999E,14
2094,233320-1-1-122,2025-05-14,WA001,1002511305,300983798,310015,WA001,101,3117A-3123A-9999A-9999E,14
2095,233320-1-1-122,2025-05-14,WA001,1002511305,300983799,310015,WA001,101,3117A-3123A-9999A-9999E,14
2096,233320-1-1-122,2025-05-14,WA001,1002511305,300983800,310015,WA001,101,3117A-3123A-9999A-9999E,14
2097,233320-1-1-122,2025-05-14,WA001,1002511305,300983801,310015,WA001,101,3117A-3123A-9999A-9999E,14
2098,233320-1-1-122,2025-05-14,WA001,1002511306,300983836,310015,WA001,101,3117A-3123A-9999A-9999E,14
2099,233320-1-1-122,2025-05-14,WA001,1002511306,300983837,310015,WA001,101,3117A-3123A-9999A-9999E,14
2100,233320-1-1-123,2025-05-15,WA001,1002511502,300985957,310015,WA001,101,9999A-9999E,12
2101,233320-1-1-123,2025-05-15,WA001,1002511502,300986008,310015,WA001,101,9999A-9999E,12
2102,233320-1-1-123,2025-05-15,WA001,1002511502,300986009,310015,WA001,101,9999A-9999E,12
2103,233320-1-1-123,2025-05-15,WA001,1002511502,300986010,310015,WA001,101,9999A-9999E,12
2104,233320-1-1-123,2025-05-15,WA001,1002511502,300986036,310015,WA001,101,9999A-9999E,12
2105,233320-1-1-123,2025-05-15,WA001,1002511502,300986037,310015,WA001,101,9999A-9999E,12
2106,233320-1-1-123,2025-05-15,WA001,1002511503,300986063,310015,WA001,101,9999A-9999E,12
2107,233320-1-1-123,2025-05-15,WA001,1002511503,300986100,310015,WA001,101,9999A-9999E,12
2108,233320-1-1-123,2025-05-15,WA001,1002511503,300986101,310015,WA001,101,9999A-9999E,12
2109,233320-1-1-123,2025-05-15,WA001,1002511503,300986102,310015,WA001,101,9999A-9999E,12
2110,233320-1-1-124,2025-05-15,WA001,1002511201,300981571,310015,WA001,101,3117A-3123A-9999A-9999E,15
2111,233320-1-1-124,2025-05-15,WA001,1002511201,300981637,310015,WA001,101,3117A-3123A-9999A-9999E,15
2112,233320-1-1-124,2025-05-15,WA001,1002511201,300981638,310015,WA001,101,3117A-3123A-9999A-9999E,15
2113,233320-1-1-124,2025-05-15,WA001,1002511201,300981639,310015,WA001,101,3117A-3123A-9999A-9999E,15
2114,233320-1-1-124,2025-05-15,WA001,1002511201,300981662,310015,WA001,101,3117A-3123A-9999A-9999E,15
2115,233320-1-1-124,2025-05-15,WA001,1002511201,300981664,310015,WA001,101,3117A-3123A-9999A-9999E,15
2116,233320-1-1-124,2025-05-15,WA001,1002511201,300981665,310015,WA001,101,3117A-3123A-9999A-9999E,15
2117,233320-1-1-124,2025-05-15,WA001,1002511201,300981667,310015,WA001,101,3117A-3123A-9999A-9999E,15
2118,233320-1-1-124,2025-05-15,WA001,1002511202,300981747,310015,WA001,101,3117A-3123A-9999A-9999E,15
2119,233320-1-1-124,2025-05-15,WA001,1002511202,300981748,310015,WA001,101,3117A-3123A-9999A-9999E,15
2120,233320-1-1-125,2025-05-15,WA001,1002511202,300981749,310015,WA001,101,3117A-3123A-9999A-9999E,15
2121,233320-1-1-125,2025-05-15,WA001,1002511202,300981759,310015,WA001,101,3117A-3123A-9999A-9999E,15
2122,233320-1-1-125,2025-05-15,WA001,1002511202,300981760,310015,WA001,101,3117A-3123A-9999A-9999E,15
2123,233320-1-1-125,2025-05-15,WA001,1002511202,300981774,310015,WA001,101,3117A-3123A-9999A-9999E,15
2124,233320-1-1-125,2025-05-15,WA001,1002511202,300981787,310015,WA001,101,3117A-3123A-9999A-9999E,15
2125,233320-1-1-125,2025-05-15,WA001,1002511202,300981788,310015,WA001,101,3117A-3123A-9999A-9999E,15
2126,233320-1-1-125,2025-05-15,WA001,1002511203,300981858,310015,WA001,101,3117A-3123A-9999A-9999E,15
2127,233320-1-1-125,2025-05-15,WA001,1002511203,300981859,310015,WA001,101,3117A-3123A-9999A-9999E,15
2128,233320-1-1-125,2025-05-15,WA001,1002511203,300981860,310015,WA001,101,3117A-3123A-9999A-9999E,15
2129,233320-1-1-125,2025-05-15,WA001,1002511203,300981861,310015,WA001,101,3117A-3123A-9999A-9999E,15
2130,233320-1-1-126,2025-05-16,WA001,1002511001,300979274,310015,WA001,101,9999A-9999E,17
2131,233320-1-1-126,2025-05-16,WA001,1002511001,300979294,310015,WA001,101,9999A-9999E,17
2132,233320-1-1-126,2025-05-16,WA001,1002511001,300979295,310015,WA001,101,9999A-9999E,17
2133,233320-1-1-126,2025-05-16,WA001,1002511001,300979296,310015,WA001,101,9999A-9999E,17
2134,233320-1-1-126,2025-05-16,WA001,1002511001,300979307,310015,WA001,101,9999A-9999E,17
2135,233320-1-1-126,2025-05-16,WA001,1002511001,300979315,310015,WA001,101,9999A-9999E,17
2136,233320-1-1-126,2025-05-16,WA001,1002511001,300979316,310015,WA001,101,9999A-9999E,17
2137,233320-1-1-126,2025-05-16,WA001,1002511002,300979317,310015,WA001,101,9999A-9999E,17
2138,233320-1-1-126,2025-05-16,WA001,1002511002,300979357,310015,WA001,101,9999A-9999E,17
2139,233320-1-1-126,2025-05-16,WA001,1002511002,300979358,310015,WA001,101,9999A-9999E,17
2140,233320-1-1-127,2025-05-16,WA001,1002511302,300983432,310015,WA001,101,9999A-9999E,14
2141,233320-1-1-127,2025-05-16,WA001,1002511302,300983434,310015,WA001,101,9999A-9999E,14
2142,233320-1-1-127,2025-05-16,WA001,1002511302,300983472,310015,WA001,101,9999A-9999E,14
2143,233320-1-1-127,2025-05-16,WA001,1002511302,300983544,310015,WA001,101,9999A-9999E,14
2144,233320-1-1-127,2025-05-16,WA001,1002511302,300983551,310015,WA001,101,9999A-9999E,14
2145,233320-1-1-127,2025-05-16,WA001,1002511302,300983552,310015,WA001,101,9999A-9999E,14
2146,233320-1-1-127,2025-05-16,WA001,1002511303,300983553,310015,WA001,101,9999A-9999E,14
2147,233320-1-1-127,2025-05-16,WA001,1002511303,300983554,310015,WA001,101,9999A-9999E,14
2148,233320-1-1-127,2025-05-16,WA001,1002511303,300983603,310015,WA001,101,9999A-9999E,14
2149,233320-1-1-127,2025-05-16,WA001,1002511303,300983608,310015,WA001,101,9999A-9999E,14
2150,233320-1-1-128,2025-05-19,WA001,1002511901,300991244,310015,WA001,101,3117A-3123A-9999A-9999E,8
2151,233320-1-1-128,2025-05-19,WA001,1002511901,300991261,310015,WA001,101,3117A-3123A-9999A-9999E,8
2152,233320-1-1-128,2025-05-19,WA001,1002511901,300991262,310015,WA001,101,3117A-3123A-9999A-9999E,8
2153,233320-1-1-128,2025-05-19,WA001,1002511901,300991263,310015,WA001,101,3117A-3123A-9999A-9999E,8
2154,233320-1-1-128,2025-05-19,WA001,1002511901,300991264,310015,WA001,101,3117A-3123A-9999A-9999E,8
2155,233320-1-1-128,2025-05-19,WA001,1002511901,300991265,310015,WA001,101,3117A-3123A-9999A-9999E,8
2156,233320-1-1-128,2025-05-19,WA001,1002511901,300991266,310015,WA001,101,3117A-3123A-9999A-9999E,8
2157,233320-1-1-128,2025-05-19,WA001,1002511901,300991283,310015,WA001,101,3117A-3123A-9999A-9999E,8
2158,233320-1-1-128,2025-05-19,WA001,1002511902,300991328,310015,WA001,101,3117A-3123A-9999A-9999E,8
2159,233320-1-1-128,2025-05-19,WA001,1002511902,300991364,310015,WA001,101,3117A-3123A-9999A-9999E,8
2160,233320-1-1-129,2025-05-19,WA001,1002511601,300988287,310015,WA001,101,9999A-9999E,11
2161,233320-1-1-129,2025-05-19,WA001,1002511601,300988290,310015,WA001,101,9999A-9999E,11
2162,233320-1-1-129,2025-05-19,WA001,1002511601,300988292,310015,WA001,101,9999A-9999E,11
2163,233320-1-1-129,2025-05-19,WA001,1002511601,300988293,310015,WA001,101,9999A-9999E,11
2164,233320-1-1-129,2025-05-19,WA001,1002511601,300988316,310015,WA001,101,9999A-9999E,11
2165,233320-1-1-129,2025-05-19,WA001,1002511601,300988317,310015,WA001,101,9999A-9999E,11
2166,233320-1-1-129,2025-05-19,WA001,1002511601,300988348,310015,WA001,101,9999A-9999E,11
2167,233320-1-1-129,2025-05-19,WA001,1002511601,300988349,310015,WA001,101,9999A-9999E,11
2168,233320-1-1-129,2025-05-19,WA001,1002511602,300988356,310015,WA001,101,9999A-9999E,11
2169,233320-1-1-129,2025-05-19,WA001,1002511602,300988364,310015,WA001,101,9999A-9999E,11
2170,233320-1-1-130,2025-05-19,WA001,1002511203,300981983,310015,WA001,101,3117A-3123A-9999A-9999E,15
2171,233320-1-1-130,2025-05-19,WA001,1002511203,300981984,310015,WA001,101,3117A-3123A-9999A-9999E,15
2172,233320-1-1-130,2025-05-19,WA001,1002511203,300981985,310015,WA001,101,3117A-3123A-9999A-9999E,15
2173,233320-1-1-130,2025-05-19,WA001,1002511203,300981986,310015,WA001,101,3117A-3123A-9999A-9999E,15
2174,233320-1-1-130,2025-05-19,WA001,1002511204,300982048,310015,WA001,101,3117A-3123A-9999A-9999E,15
2175,233320-1-1-130,2025-05-19,WA001,1002511204,300982049,310015,WA001,101,3117A-3123A-9999A-9999E,15
2176,233320-1-1-130,2025-05-19,WA001,1002511204,300982050,310015,WA001,101,3117A-3123A-9999A-9999E,15
2177,233320-1-1-130,2025-05-19,WA001,1002511204,300982061,310015,WA001,101,3117A-3123A-9999A-9999E,15
2178,233320-1-1-130,2025-05-19,WA001,1002511204,300982078,310015,WA001,101,3117A-3123A-9999A-9999E,15
2179,233320-1-1-130,2025-05-19,WA001,1002511204,300982082,310015,WA001,101,3117A-3123A-9999A-9999E,15
2180,233329-1-1-101,2025-05-09,WA001,1002510701,300974697,310015,WA001,101,9999A-9999E,20
2181,233329-1-1-101,2025-05-09,WA001,1002510701,300974701,310015,WA001,101,9999A-9999E,20
2182,233329-1-1-101,2025-05-09,WA001,1002510701,300974702,310015,WA001,101,9999A-9999E,20
2183,233329-1-1-101,2025-05-09,WA001,1002510701,300974751,310015,WA001,101,9999A-9999E,20
2184,233329-1-1-101,2025-05-09,WA001,1002510701,300974752,310015,WA001,101,9999A-9999E,20
2185,233329-1-1-101,2025-05-09,WA001,1002510701,300974763,310015,WA001,101,9999A-9999E,20
2186,233329-1-1-101,2025-05-09,WA001,1002510701,300974764,310015,WA001,101,9999A-9999E,20
2187,233329-1-1-101,2025-05-09,WA001,1002510701,300974765,310015,WA001,101,9999A-9999E,20
2188,233329-1-1-101,2025-05-09,WA001,1002510702,300974766,310015,WA001,101,9999A-9999E,20
2189,233329-1-1-101,2025-05-09,WA001,1002510702,300974821,310015,WA001,101,9999A-9999E,20
2190,233329-1-1-102,2025-05-09,WA001,1002510901,300977455,310015,WA001,101,9999A-9999E,18
2191,233329-1-1-102,2025-05-09,WA001,1002510901,300977456,310015,WA001,101,9999A-9999E,18
2192,233329-1-1-102,2025-05-09,WA001,1002510901,300977457,310015,WA001,101,9999A-9999E,18
2193,233329-1-1-102,2025-05-09,WA001,1002510901,300977458,310015,WA001,101,9999A-9999E,18
2194,233329-1-1-102,2025-05-09,WA001,1002510901,300977465,310015,WA001,101,9999A-9999E,18
2195,233329-1-1-102,2025-05-09,WA001,1002510901,300977466,310015,WA001,101,9999A-9999E,18
2196,233329-1-1-102,2025-05-09,WA001,1002510901,300977468,310015,WA001,101,9999A-9999E,18
2197,233329-1-1-102,2025-05-09,WA001,1002510901,300977469,310015,WA001,101,9999A-9999E,18
2198,233329-1-1-102,2025-05-09,WA001,1002510902,300977531,310015,WA001,101,9999A-9999E,18
2199,233329-1-1-102,2025-05-09,WA001,1002510902,300977532,310015,WA001,101,9999A-9999E,18
2200,233329-1-1-102,2025-05-09,WA001,1002510902,300977533,310015,WA001,101,9999A-9999E,18
2201,233329-1-1-102,2025-05-09,WA001,1002510902,300977628,310015,WA001,101,9999A-9999E,18
2202,233329-1-1-102,2025-05-09,WA001,1002510902,300977638,310015,WA001,101,9999A-9999E,18
2203,233329-1-1-102,2025-05-09,WA001,1002510902,300977656,310015,WA001,101,9999A-9999E,18
2204,233329-1-1-102,2025-05-09,WA001,1002510902,300977657,310015,WA001,101,9999A-9999E,18
2205,233329-1-1-102,2025-05-09,WA001,1002510902,300977658,310015,WA001,101,9999A-9999E,18
2206,233329-1-1-102,2025-05-09,WA001,1002510903,300977659,310015,WA001,101,9999A-9999E,18
2207,233329-1-1-102,2025-05-09,WA001,1002510903,300977660,310015,WA001,101,9999A-9999E,18
2208,233329-1-1-102,2025-05-09,WA001,1002510903,300977770,310015,WA001,101,9999A-9999E,18
2209,233329-1-1-102,2025-05-09,WA001,1002510903,300977771,310015,WA001,101,9999A-9999E,18
2210,233329-1-1-103,2025-05-12,WA001,1002510903,300977893,310015,WA001,101,9999A-9999E,18
2211,233329-1-1-103,2025-05-12,WA001,1002510903,300977894,310015,WA001,101,9999A-9999E,18
2212,233329-1-1-103,2025-05-12,WA001,1002510903,300977895,310015,WA001,101,9999A-9999E,18
2213,233329-1-1-103,2025-05-12,WA001,1002510903,300977896,310015,WA001,101,9999A-9999E,18
2214,233329-1-1-103,2025-05-12,WA001,1002510904,300977925,310015,WA001,101,9999A-9999E,18
2215,233329-1-1-103,2025-05-12,WA001,1002510904,300977926,310015,WA001,101,9999A-9999E,18
2216,233329-1-1-103,2025-05-12,WA001,1002510904,300977927,310015,WA001,101,9999A-9999E,18
2217,233329-1-1-103,2025-05-12,WA001,1002510904,300977966,310015,WA001,101,9999A-9999E,18
2218,233329-1-1-103,2025-05-12,WA001,1002510904,300977967,310015,WA001,101,9999A-9999E,18
2219,233329-1-1-103,2025-05-12,WA001,1002510904,300977985,310015,WA001,101,9999A-9999E,18
2220,233329-1-1-103,2025-05-12,WA001,1002510904,300977986,310015,WA001,101,9999A-9999E,18
2221,233329-1-1-103,2025-05-12,WA001,1002510904,300977987,310015,WA001,101,9999A-9999E,18
2222,233329-1-1-103,2025-05-12,WA001,1002510905,300978096,310015,WA001,101,9999A-9999E,18
2223,233329-1-1-103,2025-05-12,WA001,1002510905,300978097,310015,WA001,101,9999A-9999E,18
2224,233329-1-1-103,2025-05-12,WA001,1002510905,300978098,310015,WA001,101,9999A-9999E,18
2225,233329-1-1-103,2025-05-12,WA001,1002510905,300978106,310015,WA001,101,9999A-9999E,18
2226,233329-1-1-103,2025-05-12,WA001,1002510905,300978114,310015,WA001,101,9999A-9999E,18
2227,233329-1-1-103,2025-05-12,WA001,1002510905,300978136,310015,WA001,101,9999A-9999E,18
2228,233329-1-1-103,2025-05-12,WA001,1002510905,300978152,310015,WA001,101,9999A-9999E,18
2229,233329-1-1-103,2025-05-12,WA001,1002510905,300978154,310015,WA001,101,9999A-9999E,18
2230,233329-1-1-104,2025-05-12,WA001,1002511306,300983838,310015,WA001,101,3117A-3123A-9999A-9999E,14
2231,233329-1-1-104,2025-05-12,WA001,1002511306,300983839,310015,WA001,101,3117A-3123A-9999A-9999E,14
2232,233329-1-1-104,2025-05-12,WA001,1002511306,300983856,310015,WA001,101,3117A-3123A-9999A-9999E,14
2233,233329-1-1-104,2025-05-12,WA001,1002511306,300983857,310015,WA001,101,3117A-3123A-9999A-9999E,14
2234,233329-1-1-104,2025-05-12,WA001,1002511306,300983858,310015,WA001,101,3117A-3123A-9999A-9999E,14
2235,233329-1-1-104,2025-05-12,WA001,1002511306,300983859,310015,WA001,101,3117A-3123A-9999A-9999E,14
2236,233329-1-1-104,2025-05-12,WA001,1002511307,300983883,310015,WA001,101,3117A-3123A-9999A-9999E,14
2237,233329-1-1-104,2025-05-12,WA001,1002511307,300983884,310015,WA001,101,3117A-3123A-9999A-9999E,14
2238,233329-1-1-104,2025-05-12,WA001,1002511307,300983885,310015,WA001,101,3117A-3123A-9999A-9999E,14
2239,233329-1-1-104,2025-05-12,WA001,1002511307,300983886,310015,WA001,101,3117A-3123A-9999A-9999E,14
2240,233329-1-1-104,2025-05-12,WA001,1002510906,300978164,310015,WA001,101,9999A-9999E,18
2241,233329-1-1-104,2025-05-12,WA001,1002510906,300978165,310015,WA001,101,9999A-9999E,18
2242,233329-1-1-104,2025-05-12,WA001,1002510906,300978167,310015,WA001,101,9999A-9999E,18
2243,233329-1-1-104,2025-05-12,WA001,1002510906,300978189,310015,WA001,101,9999A-9999E,18
2244,233329-1-1-104,2025-05-12,WA001,1002510906,300978190,310015,WA001,101,9999A-9999E,18
2245,233329-1-1-104,2025-05-12,WA001,1002510906,300978191,310015,WA001,101,9999A-9999E,18
2246,233329-1-1-104,2025-05-12,WA001,1002510906,300978192,310015,WA001,101,9999A-9999E,18
2247,233329-1-1-104,2025-05-12,WA001,1002510906,300978193,310015,WA001,101,9999A-9999E,18
2248,233329-1-1-104,2025-05-12,WA001,1002510907,300978237,310015,WA001,101,9999A-9999E,18
2249,233329-1-1-104,2025-05-12,WA001,1002510907,300978238,310015,WA001,101,9999A-9999E,18
2250,233329-1-1-105,2025-05-12,WA001,1002510702,300974822,310015,WA001,101,9999A-9999E,20
2251,233329-1-1-105,2025-05-12,WA001,1002510705,300975381,310015,WA001,101,9999A-9999E,20
2252,233329-1-1-105,2025-05-12,WA001,1002510705,300975382,310015,WA001,101,9999A-9999E,20
2253,233329-1-1-105,2025-05-12,WA001,1002510705,300975401,310015,WA001,101,9999A-9999E,20
2254,233329-1-1-105,2025-05-12,WA001,1002510706,300975402,310015,WA001,101,9999A-9999E,20
2255,233329-1-1-105,2025-05-12,WA001,1002510706,300975427,310015,WA001,101,9999A-9999E,20
2256,233329-1-1-105,2025-05-12,WA001,1002510706,300975428,310015,WA001,101,9999A-9999E,20
2257,233329-1-1-105,2025-05-12,WA001,1002510706,300975433,310015,WA001,101,9999A-9999E,20
2258,233329-1-1-105,2025-05-12,WA001,1002510706,300975443,310015,WA001,101,9999A-9999E,20
2259,233329-1-1-105,2025-05-12,WA001,1002510706,300975448,310015,WA001,101,9999A-9999E,20
2260,233329-1-1-105,2025-05-12,WA001,1002510706,300975449,310015,WA001,101,9999A-9999E,20
2261,233329-1-1-105,2025-05-12,WA001,1002510706,300975450,310015,WA001,101,9999A-9999E,20
2262,233329-1-1-105,2025-05-12,WA001,1002510707,300975507,310015,WA001,101,9999A-9999E,20
2263,233329-1-1-105,2025-05-12,WA001,1002510707,300975508,310015,WA001,101,9999A-9999E,20
2264,233329-1-1-105,2025-05-12,WA001,1002510707,300975509,310015,WA001,101,9999A-9999E,20
2265,233329-1-1-105,2025-05-12,WA001,1002510707,300975510,310015,WA001,101,9999A-9999E,20
2266,233329-1-1-105,2025-05-12,WA001,1002510707,300975568,310015,WA001,101,9999A-9999E,20
2267,233329-1-1-105,2025-05-12,WA001,1002510707,300975569,310015,WA001,101,9999A-9999E,20
2268,233329-1-1-105,2025-05-12,WA001,1002510707,300975570,310015,WA001,101,9999A-9999E,20
2269,233329-1-1-105,2025-05-12,WA001,1002510707,300975571,310015,WA001,101,9999A-9999E,20
2270,233378-1-1-104,2025-05-26,WA001,1002511902,300991368,310015,WA001,101,3117A-3123A-9999A-9999E,8
2271,233378-1-1-104,2025-05-26,WA001,1002511902,300991387,310015,WA001,101,3117A-3123A-9999A-9999E,8
2272,233378-1-1-104,2025-05-26,WA001,1002511902,300991403,310015,WA001,101,3117A-3123A-9999A-9999E,8
2273,233378-1-1-104,2025-05-26,WA001,1002511902,300991407,310015,WA001,101,3117A-3123A-9999A-9999E,8
2274,233378-1-1-104,2025-05-26,WA001,1002511902,300991416,310015,WA001,101,3117A-3123A-9999A-9999E,8
2275,233378-1-1-104,2025-05-26,WA001,1002511902,300991439,310015,WA001,101,3117A-3123A-9999A-9999E,8
2276,233378-1-1-104,2025-05-26,WA001,1002511903,300991460,310015,WA001,101,3117A-3123A-9999A-9999E,8
2277,233378-1-1-104,2025-05-26,WA001,1002511903,300991461,310015,WA001,101,3117A-3123A-9999A-9999E,8
2278,233378-1-1-104,2025-05-26,WA001,1002511903,300991462,310015,WA001,101,3117A-3123A-9999A-9999E,8
2279,233378-1-1-104,2025-05-26,WA001,1002511903,300991463,310015,WA001,101,3117A-3123A-9999A-9999E,8
2280,233378-1-1-105,2025-05-26,WA001,1002511307,300983888,310015,WA001,101,3117A-3123A-9999A-9999E,14
2281,233378-1-1-105,2025-05-26,WA001,1002511307,300983889,310015,WA001,101,3117A-3123A-9999A-9999E,14
2282,233378-1-1-105,2025-05-26,WA001,1002511307,300983890,310015,WA001,101,3117A-3123A-9999A-9999E,14
2283,233378-1-1-105,2025-05-26,WA001,1002511307,300983891,310015,WA001,101,3117A-3123A-9999A-9999E,14
2284,233378-1-1-105,2025-05-26,WA001,1002511308,300983949,310015,WA001,101,3117A-3123A-9999A-9999E,14
2285,233378-1-1-105,2025-05-26,WA001,1002511308,300983950,310015,WA001,101,3117A-3123A-9999A-9999E,14
2286,233378-1-1-105,2025-05-26,WA001,1002511308,300983959,310015,WA001,101,3117A-3123A-9999A-9999E,14
2287,233378-1-1-105,2025-05-26,WA001,1002511308,300983960,310015,WA001,101,3117A-3123A-9999A-9999E,14
2288,233378-1-1-105,2025-05-26,WA001,1002511308,300983963,310015,WA001,101,3117A-3123A-9999A-9999E,14
2289,233378-1-1-105,2025-05-26,WA001,1002511308,300983990,310015,WA001,101,3117A-3123A-9999A-9999E,14
2290,233378-1-1-106,2025-05-26,WA001,1002511303,300983651,310015,WA001,101,9999A-9999E,14
2291,233378-1-1-106,2025-05-26,WA001,1002511303,300983653,310015,WA001,101,9999A-9999E,14
2292,233378-1-1-106,2025-05-26,WA001,1002511303,300983656,310015,WA001,101,9999A-9999E,14
2293,233378-1-1-106,2025-05-26,WA001,1002511303,300983660,310015,WA001,101,9999A-9999E,14
2294,233378-1-1-106,2025-05-26,WA001,1002511304,300983661,310015,WA001,101,9999A-9999E,14
2295,233378-1-1-106,2025-05-26,WA001,1002511304,300983662,310015,WA001,101,9999A-9999E,14
2296,233378-1-1-106,2025-05-26,WA001,1002511304,300983663,310015,WA001,101,9999A-9999E,14
2297,233378-1-1-106,2025-05-26,WA001,1002511304,300983664,310015,WA001,101,9999A-9999E,14
2298,233378-1-1-106,2025-05-26,WA001,1002511304,300983665,310015,WA001,101,9999A-9999E,14
2299,233378-1-1-106,2025-05-26,WA001,1002511304,300983667,310015,WA001,101,9999A-9999E,14
2300,233378-1-1-107,2025-05-26,WA001,1002511503,300986301,310015,WA001,101,9999A-9999E,12
2301,233378-1-1-107,2025-05-26,WA001,1002511503,300986325,310015,WA001,101,9999A-9999E,12
2302,233378-1-1-107,2025-05-26,WA001,1002511503,300986327,310015,WA001,101,9999A-9999E,12
2303,233378-1-1-107,2025-05-26,WA001,1002511503,300986352,310015,WA001,101,9999A-9999E,12
2304,233378-1-1-107,2025-05-26,WA001,1002511504,300986394,310015,WA001,101,9999A-9999E,12
2305,233378-1-1-107,2025-05-26,WA001,1002511504,300986410,310015,WA001,101,9999A-9999E,12
2306,233378-1-1-107,2025-05-26,WA001,1002511504,300986423,310015,WA001,101,9999A-9999E,12
2307,233378-1-1-107,2025-05-26,WA001,1002511504,300986440,310015,WA001,101,9999A-9999E,12
2308,233378-1-1-107,2025-05-26,WA001,1002511504,300986441,310015,WA001,101,9999A-9999E,12
2309,233378-1-1-107,2025-05-26,WA001,1002511504,300986442,310015,WA001,101,9999A-9999E,12
2310,233378-1-1-108,2025-05-26,WA001,1002511702,300988742,310015,WA001,101,9999A-9999E,10
2311,233378-1-1-108,2025-05-26,WA001,1002511702,300988743,310015,WA001,101,9999A-9999E,10
2312,233378-1-1-108,2025-05-26,WA001,1002511702,300988744,310015,WA001,101,9999A-9999E,10
2313,233378-1-1-108,2025-05-26,WA001,1002511702,300988756,310015,WA001,101,9999A-9999E,10
2314,233378-1-1-108,2025-05-26,WA001,1002511702,300988757,310015,WA001,101,9999A-9999E,10
2315,233378-1-1-108,2025-05-26,WA001,1002511702,300988763,310015,WA001,101,9999A-9999E,10
2316,233378-1-1-108,2025-05-26,WA001,1002511703,300988764,310015,WA001,101,9999A-9999E,10
2317,233378-1-1-108,2025-05-26,WA001,1002511703,300988765,310015,WA001,101,9999A-9999E,10
2318,233378-1-1-108,2025-05-26,WA001,1002511703,300988813,310015,WA001,101,9999A-9999E,10
2319,233378-1-1-108,2025-05-26,WA001,1002511703,300988814,310015,WA001,101,9999A-9999E,10
2320,233378-1-1-109,2025-05-26,WA001,1002511002,300979359,310015,WA001,101,9999A-9999E,17
2321,233378-1-1-109,2025-05-26,WA001,1002511002,300979360,310015,WA001,101,9999A-9999E,17
2322,233378-1-1-109,2025-05-26,WA001,1002511002,300979361,310015,WA001,101,9999A-9999E,17
2323,233378-1-1-109,2025-05-26,WA001,1002511002,300979384,310015,WA001,101,9999A-9999E,17
2324,233378-1-1-109,2025-05-26,WA001,1002511002,300979386,310015,WA001,101,9999A-9999E,17
2325,233378-1-1-109,2025-05-26,WA001,1002511003,300979399,310015,WA001,101,9999A-9999E,17
2326,233378-1-1-109,2025-05-26,WA001,1002511003,300979436,310015,WA001,101,9999A-9999E,17
2327,233378-1-1-109,2025-05-26,WA001,1002511003,300979437,310015,WA001,101,9999A-9999E,17
2328,233378-1-1-109,2025-05-26,WA001,1002511003,300979438,310015,WA001,101,9999A-9999E,17
2329,233378-1-1-109,2025-05-26,WA001,1002511003,300979439,310015,WA001,101,9999A-9999E,17
2330,233378-1-1-110,2025-05-26,WA001,1002511703,300988834,310015,WA001,101,9999A-9999E,10
2331,233378-1-1-110,2025-05-26,WA001,1002511703,300988835,310015,WA001,101,9999A-9999E,10
2332,233378-1-1-110,2025-05-26,WA001,1002511703,300988873,310015,WA001,101,9999A-9999E,10
2333,233378-1-1-110,2025-05-26,WA001,1002511703,300988874,310015,WA001,101,9999A-9999E,10
2334,233378-1-1-110,2025-05-26,WA001,1002511704,300988875,310015,WA001,101,9999A-9999E,10
2335,233378-1-1-110,2025-05-26,WA001,1002511704,300988876,310015,WA001,101,9999A-9999E,10
2336,233378-1-1-110,2025-05-26,WA001,1002511704,300988927,310015,WA001,101,9999A-9999E,10
2337,233378-1-1-110,2025-05-26,WA001,1002511704,300988932,310015,WA001,101,9999A-9999E,10
2338,233378-1-1-110,2025-05-26,WA001,1002511704,300988939,310015,WA001,101,9999A-9999E,10
2339,233378-1-1-110,2025-05-26,WA001,1002511704,300988980,310015,WA001,101,9999A-9999E,10
2340,233378-1-1-111,2025-05-26,WA001,1002511003,300979440,310015,WA001,101,9999A-9999E,17
2341,233378-1-1-111,2025-05-26,WA001,1002511003,300979441,310015,WA001,101,9999A-9999E,17
2342,233378-1-1-111,2025-05-26,WA001,1002511003,300979442,310015,WA001,101,9999A-9999E,17
2343,233378-1-1-111,2025-05-26,WA001,1002511004,300979463,310015,WA001,101,9999A-9999E,17
2344,233378-1-1-111,2025-05-26,WA001,1002511004,300979464,310015,WA001,101,9999A-9999E,17
2345,233378-1-1-111,2025-05-26,WA001,1002511004,300979465,310015,WA001,101,9999A-9999E,17
2346,233378-1-1-111,2025-05-26,WA001,1002511004,300979466,310015,WA001,101,9999A-9999E,17
2347,233378-1-1-111,2025-05-26,WA001,1002511004,300979480,310015,WA001,101,9999A-9999E,17
2348,233378-1-1-111,2025-05-26,WA001,1002511004,300979481,310015,WA001,101,9999A-9999E,17
2349,233378-1-1-111,2025-05-26,WA001,1002511004,300979486,310015,WA001,101,9999A-9999E,17
2350,233390-1-1-101,2025-05-23,WA001,1002511004,300979487,310015,WA001,101,9999A-9999E,17
2351,233390-1-1-101,2025-05-23,WA001,1002511005,300979511,310015,WA001,101,9999A-9999E,17
2352,233390-1-1-101,2025-05-23,WA001,1002511005,300979512,310015,WA001,101,9999A-9999E,17
2353,233390-1-1-101,2025-05-23,WA001,1002511005,300979513,310015,WA001,101,9999A-9999E,17
2354,233390-1-1-101,2025-05-23,WA001,1002511005,300979514,310015,WA001,101,9999A-9999E,17
2355,233390-1-1-101,2025-05-23,WA001,1002511005,300979571,310015,WA001,101,9999A-9999E,17
2356,233390-1-1-101,2025-05-23,WA001,1002511005,300979572,310015,WA001,101,9999A-9999E,17
2357,233390-1-1-101,2025-05-23,WA001,1002511005,300979573,310015,WA001,101,9999A-9999E,17
2358,233390-1-1-101,2025-05-23,WA001,1002511005,300979574,310015,WA001,101,9999A-9999E,17
2359,233390-1-1-101,2025-05-23,WA001,1002511006,300979593,310015,WA001,101,9999A-9999E,17
2360,233390-1-1-102,2025-05-23,WA001,1002511801,300989894,310015,WA001,101,9999A-9999E,9
2361,233390-1-1-102,2025-05-23,WA001,1002511801,300989895,310015,WA001,101,9999A-9999E,9
2362,233390-1-1-102,2025-05-23,WA001,1002511801,300989896,310015,WA001,101,9999A-9999E,9
2363,233390-1-1-102,2025-05-23,WA001,1002511801,300989897,310015,WA001,101,9999A-9999E,9
2364,233390-1-1-102,2025-05-23,WA001,1002511801,300989986,310015,WA001,101,9999A-9999E,9
2365,233390-1-1-102,2025-05-23,WA001,1002511801,300989987,310015,WA001,101,9999A-9999E,9
2366,233390-1-1-102,2025-05-23,WA001,1002511801,300989988,310015,WA001,101,9999A-9999E,9
2367,233390-1-1-102,2025-05-23,WA001,1002511801,300989990,310015,WA001,101,9999A-9999E,9
2368,233390-1-1-102,2025-05-23,WA001,1002511803,300990843,310015,WA001,101,9999A-9999E,9
2369,233390-1-1-102,2025-05-23,WA001,1002511803,300990844,310015,WA001,101,9999A-9999E,9
2370,233390-1-1-103,2025-05-23,WA001,1002510304,300970390,310015,WA001,101,9999A-9999E,24
2371,233390-1-1-103,2025-05-23,WA001,1002510304,300970391,310015,WA001,101,9999A-9999E,24
2372,233390-1-1-103,2025-05-23,WA001,1002510304,300970392,310015,WA001,101,9999A-9999E,24
2373,233390-1-1-103,2025-05-23,WA001,1002510304,300970395,310015,WA001,101,9999A-9999E,24
2374,233390-1-1-103,2025-05-23,WA001,1002510304,300970440,310015,WA001,101,9999A-9999E,24
2375,233390-1-1-103,2025-05-23,WA001,1002510304,300970441,310015,WA001,101,9999A-9999E,24
2376,233390-1-1-103,2025-05-23,WA001,1002510304,300970442,310015,WA001,101,9999A-9999E,24
2377,233390-1-1-103,2025-05-23,WA001,1002510305,300970462,310015,WA001,101,9999A-9999E,24
2378,233390-1-1-103,2025-05-23,WA001,1002510305,300970463,310015,WA001,101,9999A-9999E,24
2379,233390-1-1-103,2025-05-23,WA001,1002510305,300970464,310015,WA001,101,9999A-9999E,24
2380,233390-1-1-104,2025-05-23,WA001,1002511504,300986443,310015,WA001,101,9999A-9999E,12
2381,233390-1-1-104,2025-05-23,WA001,1002511505,300986514,310015,WA001,101,9999A-9999E,12
2382,233390-1-1-104,2025-05-23,WA001,1002511505,300986515,310015,WA001,101,9999A-9999E,12
2383,233390-1-1-104,2025-05-23,WA001,1002511505,300986516,310015,WA001,101,9999A-9999E,12
2384,233390-1-1-104,2025-05-23,WA001,1002511505,300986517,310015,WA001,101,9999A-9999E,12
2385,233390-1-1-104,2025-05-23,WA001,1002511505,300986518,310015,WA001,101,9999A-9999E,12
2386,233390-1-1-104,2025-05-23,WA001,1002511505,300986519,310015,WA001,101,9999A-9999E,12
2387,233390-1-1-104,2025-05-23,WA001,1002511505,300986584,310015,WA001,101,9999A-9999E,12
2388,233390-1-1-104,2025-05-23,WA001,1002511505,300986585,310015,WA001,101,9999A-9999E,12
2389,233390-1-1-104,2025-05-23,WA001,1002511506,300986634,310015,WA001,101,9999A-9999E,12
2390,233390-1-1-105,2025-05-23,WA001,1002511803,300990845,310015,WA001,101,9999A-9999E,9
2391,233390-1-1-105,2025-05-23,WA001,1002511803,300990846,310015,WA001,101,9999A-9999E,9
2392,233390-1-1-105,2025-05-23,WA001,1002511803,300990847,310015,WA001,101,9999A-9999E,9
2393,233390-1-1-105,2025-05-23,WA001,1002511803,300990848,310015,WA001,101,9999A-9999E,9
2394,233390-1-1-105,2025-05-23,WA001,1002511803,300990849,310015,WA001,101,9999A-9999E,9
2395,233390-1-1-105,2025-05-23,WA001,1002511803,300990850,310015,WA001,101,9999A-9999E,9
2396,233390-1-1-105,2025-05-23,WA001,1002511804,300990934,310015,WA001,101,9999A-9999E,9
2397,233390-1-1-105,2025-05-23,WA001,1002511804,300990935,310015,WA001,101,9999A-9999E,9
2398,233390-1-1-105,2025-05-23,WA001,1002511804,300990936,310015,WA001,101,9999A-9999E,9
2399,233390-1-1-105,2025-05-23,WA001,1002511804,300990963,310015,WA001,101,9999A-9999E,9
2400,233390-1-1-106,2025-05-23,WA001,1002511506,300986635,310015,WA001,101,9999A-9999E,12
2401,233390-1-1-106,2025-05-23,WA001,1002511506,300986636,310015,WA001,101,9999A-9999E,12
2402,233390-1-1-106,2025-05-23,WA001,1002511506,300986663,310015,WA001,101,9999A-9999E,12
2403,233390-1-1-106,2025-05-23,WA001,1002511506,300986664,310015,WA001,101,9999A-9999E,12
2404,233390-1-1-106,2025-05-23,WA001,1002511506,300986679,310015,WA001,101,9999A-9999E,12
2405,233390-1-1-106,2025-05-23,WA001,1002511506,300986697,310015,WA001,101,9999A-9999E,12
2406,233390-1-1-106,2025-05-23,WA001,1002511506,300986698,310015,WA001,101,9999A-9999E,12
2407,233390-1-1-106,2025-05-23,WA001,1002511507,300986750,310015,WA001,101,9999A-9999E,12
2408,233390-1-1-106,2025-05-23,WA001,1002511507,300986751,310015,WA001,101,9999A-9999E,12
2409,233390-1-1-106,2025-05-23,WA001,1002511507,300986766,310015,WA001,101,9999A-9999E,12
2410,233390-1-1-107,2025-05-23,WA001,1002511903,300991545,310015,WA001,101,3117A-3123A-9999A-9999E,8
2411,233390-1-1-107,2025-05-23,WA001,1002511903,300991546,310015,WA001,101,3117A-3123A-9999A-9999E,8
2412,233390-1-1-107,2025-05-23,WA001,1002511903,300991547,310015,WA001,101,3117A-3123A-9999A-9999E,8
2413,233390-1-1-107,2025-05-23,WA001,1002511903,300991548,310015,WA001,101,3117A-3123A-9999A-9999E,8
2414,233390-1-1-107,2025-05-23,WA001,1002511904,300991593,310015,WA001,101,3117A-3123A-9999A-9999E,8
2415,233390-1-1-107,2025-05-23,WA001,1002511904,300991619,310015,WA001,101,3117A-3123A-9999A-9999E,8
2416,233390-1-1-107,2025-05-23,WA001,1002511904,300991631,310015,WA001,101,3117A-3123A-9999A-9999E,8
2417,233390-1-1-107,2025-05-23,WA001,1002511904,300991633,310015,WA001,101,3117A-3123A-9999A-9999E,8
2418,233390-1-1-107,2025-05-23,WA001,1002511904,300991643,310015,WA001,101,3117A-3123A-9999A-9999E,8
2419,233390-1-1-107,2025-05-23,WA001,1002511904,300991656,310015,WA001,101,3117A-3123A-9999A-9999E,8
2420,233390-1-1-108,2025-05-23,WA001,1002511204,300982111,310015,WA001,101,3117A-3123A-9999A-9999E,15
2421,233390-1-1-108,2025-05-23,WA001,1002511204,300982126,310015,WA001,101,3117A-3123A-9999A-9999E,15
2422,233390-1-1-108,2025-05-23,WA001,1002511205,300982151,310015,WA001,101,3117A-3123A-9999A-9999E,15
2423,233390-1-1-108,2025-05-23,WA001,1002511205,300982152,310015,WA001,101,3117A-3123A-9999A-9999E,15
2424,233390-1-1-108,2025-05-23,WA001,1002511205,300982153,310015,WA001,101,3117A-3123A-9999A-9999E,15
2425,233390-1-1-108,2025-05-23,WA001,1002511205,300982154,310015,WA001,101,3117A-3123A-9999A-9999E,15
2426,233390-1-1-108,2025-05-23,WA001,1002511205,300982155,310015,WA001,101,3117A-3123A-9999A-9999E,15
2427,233390-1-1-108,2025-05-23,WA001,1002511205,300982156,310015,WA001,101,3117A-3123A-9999A-9999E,15
2428,233390-1-1-108,2025-05-23,WA001,1002511205,300982178,310015,WA001,101,3117A-3123A-9999A-9999E,15
2429,233390-1-1-108,2025-05-23,WA001,1002511205,300982179,310015,WA001,101,3117A-3123A-9999A-9999E,15
2430,233390-1-1-109,2025-05-23,WA001,1002511206,300982213,310015,WA001,101,3117A-3123A-9999A-9999E,15
2431,233390-1-1-109,2025-05-23,WA001,1002511206,300982214,310015,WA001,101,3117A-3123A-9999A-9999E,15
2432,233390-1-1-109,2025-05-23,WA001,1002511206,300982215,310015,WA001,101,3117A-3123A-9999A-9999E,15
2433,233390-1-1-109,2025-05-23,WA001,1002511206,300982216,310015,WA001,101,3117A-3123A-9999A-9999E,15
2434,233390-1-1-109,2025-05-23,WA001,1002511206,300982217,310015,WA001,101,3117A-3123A-9999A-9999E,15
2435,233390-1-1-109,2025-05-23,WA001,1002511206,300982220,310015,WA001,101,3117A-3123A-9999A-9999E,15
2436,233390-1-1-109,2025-05-23,WA001,1002511206,300982221,310015,WA001,101,3117A-3123A-9999A-9999E,15
2437,233390-1-1-109,2025-05-23,WA001,1002511206,300982224,310015,WA001,101,3117A-3123A-9999A-9999E,15
2438,233390-1-1-109,2025-05-23,WA001,1002511207,300982376,310015,WA001,101,3117A-3123A-9999A-9999E,15
2439,233390-1-1-109,2025-05-23,WA001,1002511207,300982377,310015,WA001,101,3117A-3123A-9999A-9999E,15
2440,233390-1-1-110,2025-05-23,WA001,1002510103,300966884,310015,WA001,101,9999A-9999E,26
2441,233390-1-1-110,2025-05-23,WA001,1002510103,300966885,310015,WA001,101,9999A-9999E,26
2442,233390-1-1-110,2025-05-23,WA001,1002510103,300966907,310015,WA001,101,9999A-9999E,26
2443,233390-1-1-110,2025-05-23,WA001,1002510103,300966921,310015,WA001,101,9999A-9999E,26
2444,233390-1-1-110,2025-05-23,WA001,1002510103,300966943,310015,WA001,101,9999A-9999E,26
2445,233390-1-1-110,2025-05-23,WA001,1002510103,300966958,310015,WA001,101,9999A-9999E,26
2446,233390-1-1-110,2025-05-23,WA001,1002510103,300966971,310015,WA001,101,9999A-9999E,26
2447,233390-1-1-110,2025-05-23,WA001,1002510103,300966972,310015,WA001,101,9999A-9999E,26
2448,233390-1-1-110,2025-05-23,WA001,1002510104,300967013,310015,WA001,101,9999A-9999E,26
2449,233390-1-1-110,2025-05-23,WA001,1002510104,300967014,310015,WA001,101,9999A-9999E,26
2450,233390-1-1-111,2025-05-23,WA001,1002510305,300970465,310015,WA001,101,9999A-9999E,24
2451,233390-1-1-111,2025-05-23,WA001,1002510305,300970466,310015,WA001,101,9999A-9999E,24
2452,233390-1-1-111,2025-05-23,WA001,1002510305,300970467,310015,WA001,101,9999A-9999E,24
2453,233390-1-1-111,2025-05-23,WA001,1002510305,300970468,310015,WA001,101,9999A-9999E,24
2454,233390-1-1-111,2025-05-23,WA001,1002510305,300970469,310015,WA001,101,9999A-9999E,24
2455,233390-1-1-111,2025-05-23,WA001,1002510306,300970596,310015,WA001,101,9999A-9999E,24
2456,233390-1-1-111,2025-05-23,WA001,1002510306,300970597,310015,WA001,101,9999A-9999E,24
2457,233390-1-1-111,2025-05-23,WA001,1002510306,300970598,310015,WA001,101,9999A-9999E,24
2458,233390-1-1-111,2025-05-23,WA001,1002510306,300970599,310015,WA001,101,9999A-9999E,24
2459,233390-1-1-111,2025-05-23,WA001,1002510306,300970618,310015,WA001,101,9999A-9999E,24
2460,233232-1-1-102,2025-05-21,WA002,1012511806,300990115,310724,WA002,101,9999A-9999E,9
2461,233232-1-1-102,2025-05-21,WA002,1012511806,300990116,310724,WA002,101,9999A-9999E,9
2462,233232-1-1-102,2025-05-21,WA002,1012511806,300990123,310724,WA002,101,9999A-9999E,9
2463,233232-1-1-102,2025-05-21,WA002,1012511806,300990156,310724,WA002,101,9999A-9999E,9
2464,233232-1-1-102,2025-05-21,WA002,1012511806,300990157,310724,WA002,101,9999A-9999E,9
2465,233232-1-1-102,2025-05-21,WA002,1012511806,300990158,310724,WA002,101,9999A-9999E,9
2466,233232-1-1-102,2025-05-21,WA002,1012511806,300990186,310724,WA002,101,9999A-9999E,9
2467,233232-1-1-102,2025-05-21,WA002,1012511806,300990187,310724,WA002,101,9999A-9999E,9
2468,233232-1-1-102,2025-05-21,WA002,1012511807,300990188,310724,WA002,101,9999A-9999E,9
2469,233232-1-1-102,2025-05-21,WA002,1012511807,300990215,310724,WA002,101,9999A-9999E,9
2470,233232-1-1-102,2025-05-21,WA002,1012511807,300990216,310724,WA002,101,9999A-9999E,9
2471,233232-1-1-102,2025-05-21,WA002,1012511807,300990217,310724,WA002,101,9999A-9999E,9
2472,233232-1-1-102,2025-05-21,WA002,1012511807,300990255,310724,WA002,101,9999A-9999E,9
2473,233232-1-1-102,2025-05-21,WA002,1012511807,300990256,310724,WA002,101,9999A-9999E,9
2474,233232-1-1-102,2025-05-21,WA002,1012511807,300990318,310724,WA002,101,9999A-9999E,9
2475,233232-1-1-102,2025-05-21,WA002,1012511809,300990568,310724,WA002,101,9999A-9999E,9
2476,233232-1-1-102,2025-05-21,WA002,1012511809,300990569,310724,WA002,101,9999A-9999E,9
2477,233232-1-1-102,2025-05-21,WA002,1012511809,300990570,310724,WA002,101,9999A-9999E,9
2478,233232-1-1-102,2025-05-21,WA002,1012511809,300990576,310724,WA002,101,9999A-9999E,9
2479,233232-1-1-102,2025-05-21,WA002,1012511809,300990577,310724,WA002,101,9999A-9999E,9
2480,232128-1-7-126,2025-05-23,WA003,1022511853,300990904,310726,WA003,101,3002A-3007DRYGUM-3007FO-3007S-3025S-3035A-9999A-9999E,9
2481,232128-1-7-126,2025-05-23,WA003,1022511853,300990905,310726,WA003,101,3002A-3007DRYGUM-3007FO-3007S-3025S-3035A-9999A-9999E,9
2482,232128-1-7-126,2025-05-23,WA003,1022511853,300990906,310726,WA003,101,3002A-3007DRYGUM-3007FO-3007S-3025S-3035A-9999A-9999E,9
2483,232128-1-7-126,2025-05-23,WA003,1022511853,300990941,310726,WA003,101,3002A-3007DRYGUM-3007FO-3007S-3025S-3035A-9999A-9999E,9
2484,232128-1-7-126,2025-05-23,WA003,1022511853,300990943,310726,WA003,101,3002A-3007DRYGUM-3007FO-3007S-3025S-3035A-9999A-9999E,9
2485,232128-1-7-126,2025-05-23,WA003,1022511853,300990944,310726,WA003,101,3002A-3007DRYGUM-3007FO-3007S-3025S-3035A-9999A-9999E,9
2486,232128-1-7-126,2025-05-23,WA003,1022511853,300990947,310726,WA003,101,3002A-3007DRYGUM-3007FO-3007S-3025S-3035A-9999A-9999E,9
2487,232128-1-7-126,2025-05-23,WA003,1022511853,300990948,310726,WA003,101,3002A-3007DRYGUM-3007FO-3007S-3025S-3035A-9999A-9999E,9
2488,232128-1-7-126,2025-05-23,WA003,1022511854,300990952,310726,WA003,101,3002A-3007DRYGUM-3007FO-3007S-3025S-3035A-9999A-9999E,9
2489,232128-1-7-126,2025-05-23,WA003,1022511854,300991017,310726,WA003,101,3002A-3007DRYGUM-3007FO-3007S-3025S-3035A-9999A-9999E,9
2490,232128-1-7-126,2025-05-23,WA003,1022511854,300991018,310726,WA003,101,3002A-3007DRYGUM-3007FO-3007S-3025S-3035A-9999A-9999E,9
2491,232128-1-7-126,2025-05-23,WA003,1022511854,300991019,310726,WA003,101,3002A-3007DRYGUM-3007FO-3007S-3025S-3035A-9999A-9999E,9
2492,232128-1-7-126,2025-05-23,WA003,1022511854,300991036,310726,WA003,101,3002A-3007DRYGUM-3007FO-3007S-3025S-3035A-9999A-9999E,9
2493,232128-1-7-126,2025-05-23,WA003,1022511854,300991040,310726,WA003,101,3002A-3007DRYGUM-3007FO-3007S-3025S-3035A-9999A-9999E,9
2494,232128-1-7-126,2025-05-23,WA003,1022511854,300991054,310726,WA003,101,3002A-3007DRYGUM-3007FO-3007S-3025S-3035A-9999A-9999E,9
2495,232128-1-7-126,2025-05-23,WA003,1022511854,300991055,310726,WA003,101,3002A-3007DRYGUM-3007FO-3007S-3025S-3035A-9999A-9999E,9
2496,232128-1-7-126,2025-05-23,WA003,1022511855,300991078,310726,WA003,101,3002A-3007DRYGUM-3007FO-3007S-3025S-3035A-9999A-9999E,9
2497,232128-1-7-126,2025-05-23,WA003,1022511855,300991079,310726,WA003,101,3002A-3007DRYGUM-3007FO-3007S-3025S-3035A-9999A-9999E,9
2498,232128-1-7-126,2025-05-23,WA003,1022511855,300991080,310726,WA003,101,3002A-3007DRYGUM-3007FO-3007S-3025S-3035A-9999A-9999E,9
2499,232128-1-7-126,2025-05-23,WA003,1022511855,300991115,310726,WA003,101,3002A-3007DRYGUM-3007FO-3007S-3025S-3035A-9999A-9999E,9
2500,232128-1-7-130,2025-05-23,WA003,1022511752,300989542,310726,WA003,101,3002A-3007DRYGUM-3007FO-3007S-3025S-3033A-3035A-9999A-9999E,10
2501,232128-1-7-130,2025-05-23,WA003,1022511752,300989543,310726,WA003,101,3002A-3007DRYGUM-3007FO-3007S-3025S-3033A-3035A-9999A-9999E,10
2502,232128-1-7-130,2025-05-23,WA003,1022511752,300989544,310726,WA003,101,3002A-3007DRYGUM-3007FO-3007S-3025S-3033A-3035A-9999A-9999E,10
2503,232128-1-7-130,2025-05-23,WA003,1022511752,300989545,310726,WA003,101,3002A-3007DRYGUM-3007FO-3007S-3025S-3033A-3035A-9999A-9999E,10
2504,232128-1-7-130,2025-05-23,WA003,1022511752,300989606,310726,WA003,101,3002A-3007DRYGUM-3007FO-3007S-3025S-3033A-3035A-9999A-9999E,10
2505,232128-1-7-130,2025-05-23,WA003,1022511752,300989607,310726,WA003,101,3002A-3007DRYGUM-3007FO-3007S-3025S-3033A-3035A-9999A-9999E,10
2506,232128-1-7-130,2025-05-23,WA003,1022511752,300989608,310726,WA003,101,3002A-3007DRYGUM-3007FO-3007S-3025S-3033A-3035A-9999A-9999E,10
2507,232128-1-7-130,2025-05-23,WA003,1022511752,300989610,310726,WA003,101,3002A-3007DRYGUM-3007FO-3007S-3025S-3033A-3035A-9999A-9999E,10
2508,232128-1-7-130,2025-05-23,WA003,1022511753,300989665,310726,WA003,101,3002A-3007DRYGUM-3007FO-3007S-3025S-3033A-3035A-9999A-9999E,10
2509,232128-1-7-130,2025-05-23,WA003,1022511753,300989666,310726,WA003,101,3002A-3007DRYGUM-3007FO-3007S-3025S-3033A-3035A-9999A-9999E,10
2510,232128-1-7-130,2025-05-23,WA003,1022511753,300989667,310726,WA003,101,3002A-3007DRYGUM-3007FO-3007S-3025S-3033A-3035A-9999A-9999E,10
2511,232128-1-7-130,2025-05-23,WA003,1022511753,300989668,310726,WA003,101,3002A-3007DRYGUM-3007FO-3007S-3025S-3033A-3035A-9999A-9999E,10
2512,232128-1-7-130,2025-05-23,WA003,1022511753,300989680,310726,WA003,101,3002A-3007DRYGUM-3007FO-3007S-3025S-3033A-3035A-9999A-9999E,10
2513,232128-1-7-130,2025-05-23,WA003,1022511753,300989681,310726,WA003,101,3002A-3007DRYGUM-3007FO-3007S-3025S-3033A-3035A-9999A-9999E,10
2514,232128-1-7-130,2025-05-23,WA003,1022511753,300989682,310726,WA003,101,3002A-3007DRYGUM-3007FO-3007S-3025S-3033A-3035A-9999A-9999E,10
2515,232128-1-7-130,2025-05-23,WA003,1022511753,300989683,310726,WA003,101,3002A-3007DRYGUM-3007FO-3007S-3025S-3033A-3035A-9999A-9999E,10
2516,232128-1-7-130,2025-05-23,WA003,1022511754,300989691,310726,WA003,101,3002A-3007DRYGUM-3007FO-3007S-3025S-3033A-3035A-9999A-9999E,10
2517,232128-1-7-130,2025-05-23,WA003,1022511754,300989692,310726,WA003,101,3002A-3007DRYGUM-3007FO-3007S-3025S-3033A-3035A-9999A-9999E,10
2518,232128-1-7-130,2025-05-23,WA003,1022511754,300989697,310726,WA003,101,3002A-3007DRYGUM-3007FO-3007S-3025S-3033A-3035A-9999A-9999E,10
2519,232128-1-7-130,2025-05-23,WA003,1022511754,300989698,310726,WA003,101,3002A-3007DRYGUM-3007FO-3007S-3025S-3033A-3035A-9999A-9999E,10
2520,233118-1-1-101,2025-05-18,WA003,1022511855,300991116,310726,WA003,101,3002A-3007DRYGUM-3007FO-3007S-3025S-3035A-9999A-9999E,9
2521,233118-1-1-101,2025-05-18,WA003,1022511855,300991117,310726,WA003,101,3002A-3007DRYGUM-3007FO-3007S-3025S-3035A-9999A-9999E,9
2522,233118-1-1-101,2025-05-18,WA003,1022511855,300991118,310726,WA003,101,3002A-3007DRYGUM-3007FO-3007S-3025S-3035A-9999A-9999E,9
2523,233118-1-1-101,2025-05-18,WA003,1022511856,300991158,310726,WA003,101,3002A-3007DRYGUM-3007FO-3007S-3025S-3035A-9999A-9999E,9
2524,233118-1-1-101,2025-05-18,WA003,1022511856,300991159,310726,WA003,101,3002A-3007DRYGUM-3007FO-3007S-3025S-3035A-9999A-9999E,9
2525,233118-1-1-101,2025-05-18,WA003,1022511856,300991160,310726,WA003,101,3002A-3007DRYGUM-3007FO-3007S-3025S-3035A-9999A-9999E,9
2526,233118-1-1-101,2025-05-18,WA003,1022511856,300991161,310726,WA003,101,3002A-3007DRYGUM-3007FO-3007S-3025S-3035A-9999A-9999E,9
2527,233118-1-1-101,2025-05-18,WA003,1022511856,300991162,310726,WA003,101,3002A-3007DRYGUM-3007FO-3007S-3025S-3035A-9999A-9999E,9
2528,233118-1-1-101,2025-05-18,WA003,1022511856,300991163,310726,WA003,101,3002A-3007DRYGUM-3007FO-3007S-3025S-3035A-9999A-9999E,9
2529,233118-1-1-101,2025-05-18,WA003,1022511856,300991297,310726,WA003,101,3002A-3007DRYGUM-3007FO-3007S-3025S-3035A-9999A-9999E,9
2530,233118-1-1-101,2025-05-18,WA003,1022511856,300991298,310726,WA003,101,3002A-3007DRYGUM-3007FO-3007S-3025S-3035A-9999A-9999E,9
2531,233118-1-1-101,2025-05-18,WA003,1022511857,300991320,310726,WA003,101,3002A-3007DRYGUM-3007FO-3007S-3025S-3035A-9999A-9999E,9
2532,233118-1-1-101,2025-05-18,WA003,1022511857,300991321,310726,WA003,101,3002A-3007DRYGUM-3007FO-3007S-3025S-3035A-9999A-9999E,9
2533,233118-1-1-101,2025-05-18,WA003,1022511857,300991322,310726,WA003,101,3002A-3007DRYGUM-3007FO-3007S-3025S-3035A-9999A-9999E,9
2534,233118-1-1-101,2025-05-18,WA003,1022511857,300991323,310726,WA003,101,3002A-3007DRYGUM-3007FO-3007S-3025S-3035A-9999A-9999E,9
2535,233118-1-1-101,2025-05-18,WA003,1022511857,300991344,310726,WA003,101,3002A-3007DRYGUM-3007FO-3007S-3025S-3035A-9999A-9999E,9
2536,233118-1-1-101,2025-05-18,WA003,1022511857,300991345,310726,WA003,101,3002A-3007DRYGUM-3007FO-3007S-3025S-3035A-9999A-9999E,9
2537,233118-1-1-101,2025-05-18,WA003,1022511857,300991346,310726,WA003,101,3002A-3007DRYGUM-3007FO-3007S-3025S-3035A-9999A-9999E,9
2538,233118-1-1-101,2025-05-18,WA003,1022511857,300991347,310726,WA003,101,3002A-3007DRYGUM-3007FO-3007S-3025S-3035A-9999A-9999E,9
2539,233118-1-1-101,2025-05-18,WA003,1022511858,300991381,310726,WA003,101,3002A-3007DRYGUM-3007FO-3007S-3025S-3035A-9999A-9999E,9
2540,233118-1-1-101,2025-05-18,WA003,1022511858,300991382,310726,WA003,101,3002A-3007DRYGUM-3007FO-3007S-3025S-3035A-9999A-9999E,9
2541,233118-1-1-101,2025-05-18,WA003,1022511858,300991383,310726,WA003,101,3002A-3007DRYGUM-3007FO-3007S-3025S-3035A-9999A-9999E,9
2542,233118-1-1-101,2025-05-18,WA003,1022511858,300991384,310726,WA003,101,3002A-3007DRYGUM-3007FO-3007S-3025S-3035A-9999A-9999E,9
2543,233118-1-1-101,2025-05-18,WA003,1022511858,300991412,310726,WA003,101,3002A-3007DRYGUM-3007FO-3007S-3025S-3035A-9999A-9999E,9
2544,233118-1-1-101,2025-05-18,WA003,1022511858,300991413,310726,WA003,101,3002A-3007DRYGUM-3007FO-3007S-3025S-3035A-9999A-9999E,9
2545,233118-1-1-101,2025-05-18,WA003,1022511858,300991414,310726,WA003,101,3002A-3007DRYGUM-3007FO-3007S-3025S-3035A-9999A-9999E,9
2546,233118-1-1-101,2025-05-18,WA003,1022511858,300991415,310726,WA003,101,3002A-3007DRYGUM-3007FO-3007S-3025S-3035A-9999A-9999E,9
2547,233118-1-1-101,2025-05-18,WA003,1022511859,300991519,310726,WA003,101,3002A-3007DRYGUM-3007FO-3007S-3025S-3035A-9999A-9999E,9
2548,233118-1-1-101,2025-05-18,WA003,1022511859,300991520,310726,WA003,101,3002A-3007DRYGUM-3007FO-3007S-3025S-3035A-9999A-9999E,9
2549,233118-1-1-101,2025-05-18,WA003,1022511859,300991522,310726,WA003,101,3002A-3007DRYGUM-3007FO-3007S-3025S-3035A-9999A-9999E,9
2550,233118-1-1-101,2025-05-18,WA003,1022511859,300991523,310726,WA003,101,3002A-3007DRYGUM-3007FO-3007S-3025S-3035A-9999A-9999E,9
2551,233118-1-1-101,2025-05-18,WA003,1022511859,300991524,310726,WA003,101,3002A-3007DRYGUM-3007FO-3007S-3025S-3035A-9999A-9999E,9
2552,233118-1-1-101,2025-05-18,WA003,1022511859,300991525,310726,WA003,101,3002A-3007DRYGUM-3007FO-3007S-3025S-3035A-9999A-9999E,9
2553,233118-1-1-101,2025-05-18,WA003,1022511859,300991526,310726,WA003,101,3002A-3007DRYGUM-3007FO-3007S-3025S-3035A-9999A-9999E,9
2554,233118-1-1-101,2025-05-18,WA003,1022511859,300991527,310726,WA003,101,3002A-3007DRYGUM-3007FO-3007S-3025S-3035A-9999A-9999E,9
2555,233118-1-1-101,2025-05-18,WA003,1022511860,300991580,310726,WA003,101,3002A-3007DRYGUM-3007FO-3007S-3025S-3035A-9999A-9999E,9
2556,233118-1-1-101,2025-05-18,WA003,1022511860,300991581,310726,WA003,101,3002A-3007DRYGUM-3007FO-3007S-3025S-3035A-9999A-9999E,9
2557,233118-1-1-101,2025-05-18,WA003,1022511860,300991582,310726,WA003,101,3002A-3007DRYGUM-3007FO-3007S-3025S-3035A-9999A-9999E,9
2558,233118-1-1-101,2025-05-18,WA003,1022511860,300991583,310726,WA003,101,3002A-3007DRYGUM-3007FO-3007S-3025S-3035A-9999A-9999E,9
2559,233118-1-1-101,2025-05-18,WA003,1022511860,300991584,310726,WA003,101,3002A-3007DRYGUM-3007FO-3007S-3025S-3035A-9999A-9999E,9
2560,233244-1-1-101,2025-05-23,WA003,1022511758,300990062,310726,WA003,101,3007S-3025S-3033A-3035A-9999A-9999E,10
2561,233244-1-1-101,2025-05-23,WA003,1022511758,300990063,310726,WA003,101,3007S-3025S-3033A-3035A-9999A-9999E,10
2562,233244-1-1-101,2025-05-23,WA003,1022511758,300990064,310726,WA003,101,3007S-3025S-3033A-3035A-9999A-9999E,10
2563,233244-1-1-101,2025-05-23,WA003,1022511758,300990065,310726,WA003,101,3007S-3025S-3033A-3035A-9999A-9999E,10
2564,233244-1-1-101,2025-05-23,WA003,1022511758,300990190,310726,WA003,101,3007S-3025S-3033A-3035A-9999A-9999E,10
2565,233244-1-1-101,2025-05-23,WA003,1022511758,300990191,310726,WA003,101,3007S-3025S-3033A-3035A-9999A-9999E,10
2566,233244-1-1-101,2025-05-23,WA003,1022511758,300990192,310726,WA003,101,3007S-3025S-3033A-3035A-9999A-9999E,10
2567,233244-1-1-101,2025-05-23,WA003,1022511758,300990193,310726,WA003,101,3007S-3025S-3033A-3035A-9999A-9999E,10
2568,233244-1-1-101,2025-05-23,WA003,1022511764,300990719,310726,WA003,101,3007S-3025S-3033A-3035A-9999A-9999E,10
2569,233244-1-1-101,2025-05-23,WA003,1022511764,300990720,310726,WA003,101,3007S-3025S-3033A-3035A-9999A-9999E,10
2570,233296-1-1-102,2025-05-10,WA003,1022511851,300990778,310726,WA003,101,3002A-3007S-3025S-3033A-3035A-9999A-9999E,9
2571,233296-1-1-102,2025-05-10,WA003,1022511851,300990779,310726,WA003,101,3002A-3007S-3025S-3033A-3035A-9999A-9999E,9
2572,233296-1-1-102,2025-05-10,WA003,1022511851,300990782,310726,WA003,101,3002A-3007S-3025S-3033A-3035A-9999A-9999E,9
2573,233296-1-1-102,2025-05-10,WA003,1022511851,300990799,310726,WA003,101,3002A-3007S-3025S-3033A-3035A-9999A-9999E,9
2574,233296-1-1-102,2025-05-10,WA003,1022511851,300990800,310726,WA003,101,3002A-3007S-3025S-3033A-3035A-9999A-9999E,9
2575,233296-1-1-102,2025-05-10,WA003,1022511851,300990801,310726,WA003,101,3002A-3007S-3025S-3033A-3035A-9999A-9999E,9
2576,233296-1-1-102,2025-05-10,WA003,1022511851,300990806,310726,WA003,101,3002A-3007S-3025S-3033A-3035A-9999A-9999E,9
2577,233296-1-1-102,2025-05-10,WA003,1022511851,300990834,310726,WA003,101,3002A-3007S-3025S-3033A-3035A-9999A-9999E,9
2578,233296-1-1-102,2025-05-10,WA003,1022511861,300991624,310726,WA003,101,3002A-3007S-3025S-3033A-3035A-9999A-9999E,9
2579,233296-1-1-102,2025-05-10,WA003,1022511861,300991625,310726,WA003,101,3002A-3007S-3025S-3033A-3035A-9999A-9999E,9
2580,233296-1-1-102,2025-05-10,WA003,1022511751,300989462,310726,WA003,101,3002A-3007S-3025S-3033A-3035A-9999A-9999E,10
2581,233296-1-1-102,2025-05-10,WA003,1022511751,300989463,310726,WA003,101,3002A-3007S-3025S-3033A-3035A-9999A-9999E,10
2582,233296-1-1-102,2025-05-10,WA003,1022511751,300989464,310726,WA003,101,3002A-3007S-3025S-3033A-3035A-9999A-9999E,10
2583,233296-1-1-102,2025-05-10,WA003,1022511751,300989465,310726,WA003,101,3002A-3007S-3025S-3033A-3035A-9999A-9999E,10
2584,233296-1-1-102,2025-05-10,WA003,1022511751,300989537,310726,WA003,101,3002A-3007S-3025S-3033A-3035A-9999A-9999E,10
2585,233296-1-1-102,2025-05-10,WA003,1022511751,300989538,310726,WA003,101,3002A-3007S-3025S-3033A-3035A-9999A-9999E,10
2586,233296-1-1-102,2025-05-10,WA003,1022511751,300989539,310726,WA003,101,3002A-3007S-3025S-3033A-3035A-9999A-9999E,10
2587,233296-1-1-102,2025-05-10,WA003,1022511751,300989540,310726,WA003,101,3002A-3007S-3025S-3033A-3035A-9999A-9999E,10
2588,233296-1-1-102,2025-05-10,WA003,1022511757,300989999,310726,WA003,101,3002A-3007S-3025S-3033A-3035A-9999A-9999E,10
2589,233296-1-1-102,2025-05-10,WA003,1022511757,300990000,310726,WA003,101,3002A-3007S-3025S-3033A-3035A-9999A-9999E,10
2590,233329-1-1-101,2025-05-09,WA004,1002508207,300941022,310015,WA001,101,9999A-9999E,45
2591,233329-1-1-101,2025-05-09,WA004,1002508207,300941023,310015,WA001,101,9999A-9999E,45
2592,233329-1-1-101,2025-05-09,WA004,1002508207,300941076,310015,WA001,101,9999A-9999E,45
2593,233329-1-1-101,2025-05-09,WA004,1002508207,300941077,310015,WA001,101,9999A-9999E,45
2594,233329-1-1-101,2025-05-09,WA004,1002508207,300941078,310015,WA001,101,9999A-9999E,45
2595,233329-1-1-101,2025-05-09,WA004,1002508207,300941079,310015,WA001,101,9999A-9999E,45
2596,233329-1-1-101,2025-05-09,WA004,1002508208,300941081,310015,WA001,101,9999A-9999E,45
2597,233329-1-1-101,2025-05-09,WA004,1002508208,300941082,310015,WA001,101,9999A-9999E,45
2598,233329-1-1-101,2025-05-09,WA004,1002508208,300941083,310015,WA001,101,9999A-9999E,45
2599,233329-1-1-101,2025-05-09,WA004,1002508208,300941084,310015,WA001,101,9999A-9999E,45
2600,232128-1-6-123,2025-05-13,WA007,1022507452,300930488,310726,WA003,101,3007DRYGUM-3007FO,53
2601,232128-1-6-123,2025-05-13,WA007,1022507452,300930489,310726,WA003,101,3007DRYGUM-3007FO,53
2602,232128-1-6-123,2025-05-13,WA007,1022507452,300930490,310726,WA003,101,3007DRYGUM-3007FO,53
2603,232128-1-6-123,2025-05-13,WA007,1022507452,300930491,310726,WA003,101,3007DRYGUM-3007FO,53
2604,232128-1-6-123,2025-05-13,WA007,1022507452,300930492,310726,WA003,101,3007DRYGUM-3007FO,53
2605,232128-1-6-123,2025-05-13,WA007,1022507452,300930493,310726,WA003,101,3007DRYGUM-3007FO,53
2606,232128-1-6-123,2025-05-13,WA007,1022507452,300930494,310726,WA003,101,3007DRYGUM-3007FO,53
2607,232128-1-6-123,2025-05-13,WA007,1022507452,300930495,310726,WA003,101,3007DRYGUM-3007FO,53
2608,232128-1-6-123,2025-05-13,WA007,1022507453,300930534,310726,WA003,101,3007DRYGUM-3007FO,53
2609,232128-1-6-123,2025-05-13,WA007,1022507453,300930535,310726,WA003,101,3007DRYGUM-3007FO,53
2610,232128-1-6-123,2025-05-13,WA007,1022506754,300920341,310726,WA003,101,3007DRYGUM-3007FO,60
2611,232128-1-6-123,2025-05-13,WA007,1022506755,300920359,310726,WA003,101,3007DRYGUM-3007FO,60
2612,232128-1-6-123,2025-05-13,WA007,1022506755,300920360,310726,WA003,101,3007DRYGUM-3007FO,60
2613,232128-1-6-123,2025-05-13,WA007,1022506755,300920361,310726,WA003,101,3007DRYGUM-3007FO,60
2614,232128-1-6-123,2025-05-13,WA007,1022506755,300920362,310726,WA003,101,3007DRYGUM-3007FO,60
2615,232128-1-6-123,2025-05-13,WA007,1022506755,300920364,310726,WA003,101,3007DRYGUM-3007FO,60
2616,232128-1-6-123,2025-05-13,WA007,1022506755,300920372,310726,WA003,101,3007DRYGUM-3007FO,60
2617,232128-1-6-123,2025-05-13,WA007,1022506755,300920373,310726,WA003,101,3007DRYGUM-3007FO,60
2618,232128-1-6-123,2025-05-13,WA007,1022506755,300920374,310726,WA003,101,3007DRYGUM-3007FO,60
2619,232128-1-6-123,2025-05-13,WA007,1022506756,300920409,310726,WA003,101,3007DRYGUM-3007FO,60
2620,232128-1-6-123,2025-05-13,WA007,1022506756,300920410,310726,WA003,101,3007DRYGUM-3007FO,60
2621,232128-1-6-123,2025-05-13,WA007,1022506756,300920411,310726,WA003,101,3007DRYGUM-3007FO,60
2622,232128-1-6-123,2025-05-13,WA007,1022506756,300920412,310726,WA003,101,3007DRYGUM-3007FO,60
2623,232128-1-6-123,2025-05-13,WA007,1022506756,300920413,310726,WA003,101,3007DRYGUM-3007FO,60
2624,232128-1-6-123,2025-05-13,WA007,1022506756,300920414,310726,WA003,101,3007DRYGUM-3007FO,60
2625,232128-1-6-123,2025-05-13,WA007,1022506756,300920425,310726,WA003,101,3007DRYGUM-3007FO,60
2626,232128-1-6-123,2025-05-13,WA007,1022506756,300920428,310726,WA003,101,3007DRYGUM-3007FO,60
2627,232128-1-6-123,2025-05-13,WA007,1022506757,300920493,310726,WA003,101,3007DRYGUM-3007FO,60
2628,232128-1-6-123,2025-05-13,WA007,1022506757,300920494,310726,WA003,101,3007DRYGUM-3007FO,60
2629,232128-1-6-123,2025-05-13,WA007,1022506757,300920495,310726,WA003,101,3007DRYGUM-3007FO,60
2630,232128-1-6-123,2025-05-13,WA007,1022506757,300920496,310726,WA003,101,3007DRYGUM-3007FO,60
2631,232128-1-6-123,2025-05-13,WA007,1022506757,300920497,310726,WA003,101,3007DRYGUM-3007FO,60
2632,232128-1-6-123,2025-05-13,WA007,1022506757,300920498,310726,WA003,101,3007DRYGUM-3007FO,60
2633,232128-1-6-123,2025-05-13,WA007,1022506757,300920510,310726,WA003,101,3007DRYGUM-3007FO,60
2634,232128-1-6-123,2025-05-13,WA007,1022506757,300920511,310726,WA003,101,3007DRYGUM-3007FO,60
2635,232128-1-6-123,2025-05-13,WA007,1022506758,300920541,310726,WA003,101,3007DRYGUM-3007FO,60
2636,232128-1-6-123,2025-05-13,WA007,1022506758,300920542,310726,WA003,101,3007DRYGUM-3007FO,60
2637,232128-1-6-123,2025-05-13,WA007,1022506758,300920543,310726,WA003,101,3007DRYGUM-3007FO,60
2638,232128-1-6-123,2025-05-13,WA007,1022506758,300920544,310726,WA003,101,3007DRYGUM-3007FO,60
2639,232128-1-6-123,2025-05-13,WA007,1022506758,300920545,310726,WA003,101,3007DRYGUM-3007FO,60
2640,232128-1-6-124,2025-05-20,WA007,1022507252,300927292,310726,WA003,101,3007DRYGUM-3007FO,55
2641,232128-1-6-124,2025-05-20,WA007,1022507252,300927293,310726,WA003,101,3007DRYGUM-3007FO,55
2642,232128-1-6-124,2025-05-20,WA007,1022507252,300927294,310726,WA003,101,3007DRYGUM-3007FO,55
2643,232128-1-6-124,2025-05-20,WA007,1022507252,300927295,310726,WA003,101,3007DRYGUM-3007FO,55
2644,232128-1-6-124,2025-05-20,WA007,1022507252,300927296,310726,WA003,101,3007DRYGUM-3007FO,55
2645,232128-1-6-124,2025-05-20,WA007,1022507252,300927297,310726,WA003,101,3007DRYGUM-3007FO,55
2646,232128-1-6-124,2025-05-20,WA007,1022507252,300927298,310726,WA003,101,3007DRYGUM-3007FO,55
2647,232128-1-6-124,2025-05-20,WA007,1022507252,300927299,310726,WA003,101,3007DRYGUM-3007FO,55
2648,232128-1-6-124,2025-05-20,WA007,1022507253,300927360,310726,WA003,101,3007DRYGUM-3007FO,55
2649,232128-1-6-124,2025-05-20,WA007,1022507253,300927361,310726,WA003,101,3007DRYGUM-3007FO,55
2650,232128-1-6-124,2025-05-20,WA007,1022507253,300927362,310726,WA003,101,3007DRYGUM-3007FO,55
2651,232128-1-6-124,2025-05-20,WA007,1022507253,300927363,310726,WA003,101,3007DRYGUM-3007FO,55
2652,232128-1-6-124,2025-05-20,WA007,1022507253,300927364,310726,WA003,101,3007DRYGUM-3007FO,55
2653,232128-1-6-124,2025-05-20,WA007,1022507253,300927365,310726,WA003,101,3007DRYGUM-3007FO,55
2654,232128-1-6-124,2025-05-20,WA007,1022507253,300927366,310726,WA003,101,3007DRYGUM-3007FO,55
2655,232128-1-6-124,2025-05-20,WA007,1022507253,300927367,310726,WA003,101,3007DRYGUM-3007FO,55
2656,232128-1-6-124,2025-05-20,WA007,1022507254,300927499,310726,WA003,101,3007DRYGUM-3007FO,55
2657,232128-1-6-124,2025-05-20,WA007,1022507254,300927500,310726,WA003,101,3007DRYGUM-3007FO,55
2658,232128-1-6-124,2025-05-20,WA007,1022507254,300927501,310726,WA003,101,3007DRYGUM-3007FO,55
2659,232128-1-6-124,2025-05-20,WA007,1022507254,300927502,310726,WA003,101,3007DRYGUM-3007FO,55
2660,232128-1-6-124,2025-05-20,WA007,1022507254,300927503,310726,WA003,101,3007DRYGUM-3007FO,55
2661,232128-1-6-124,2025-05-20,WA007,1022507254,300927504,310726,WA003,101,3007DRYGUM-3007FO,55
2662,232128-1-6-124,2025-05-20,WA007,1022507254,300927505,310726,WA003,101,3007DRYGUM-3007FO,55
2663,232128-1-6-124,2025-05-20,WA007,1022507254,300927506,310726,WA003,101,3007DRYGUM-3007FO,55
2664,232128-1-6-124,2025-05-20,WA007,1022507255,300927565,310726,WA003,101,3007DRYGUM-3007FO,55
2665,232128-1-6-124,2025-05-20,WA007,1022507255,300927566,310726,WA003,101,3007DRYGUM-3007FO,55
2666,232128-1-6-124,2025-05-20,WA007,1022507255,300927567,310726,WA003,101,3007DRYGUM-3007FO,55
2667,232128-1-6-124,2025-05-20,WA007,1022507255,300927568,310726,WA003,101,3007DRYGUM-3007FO,55
2668,232128-1-6-124,2025-05-20,WA007,1022507255,300927569,310726,WA003,101,3007DRYGUM-3007FO,55
2669,232128-1-6-124,2025-05-20,WA007,1022507255,300927570,310726,WA003,101,3007DRYGUM-3007FO,55
2670,232128-1-6-124,2025-05-20,WA007,1022507255,300927572,310726,WA003,101,3007DRYGUM-3007FO,55
2671,232128-1-6-124,2025-05-20,WA007,1022507255,300927574,310726,WA003,101,3007DRYGUM-3007FO,55
2672,232128-1-6-124,2025-05-20,WA007,1022507256,300927668,310726,WA003,101,3007DRYGUM-3007FO,55
2673,232128-1-6-124,2025-05-20,WA007,1022507256,300927669,310726,WA003,101,3007DRYGUM-3007FO,55
2674,232128-1-6-124,2025-05-20,WA007,1022507256,300927869,310726,WA003,101,3007DRYGUM-3007FO,55
2675,232128-1-6-124,2025-05-20,WA007,1022507256,300927870,310726,WA003,101,3007DRYGUM-3007FO,55
2676,232128-1-6-124,2025-05-20,WA007,1022507256,300927871,310726,WA003,101,3007DRYGUM-3007FO,55
2677,232128-1-6-124,2025-05-20,WA007,1022507256,300927894,310726,WA003,101,3007DRYGUM-3007FO,55
2678,232128-1-6-124,2025-05-20,WA007,1022507256,300927895,310726,WA003,101,3007DRYGUM-3007FO,55
2679,232128-1-6-124,2025-05-20,WA007,1022507256,300927896,310726,WA003,101,3007DRYGUM-3007FO,55
2680,232128-1-6-124,2025-05-20,WA007,1022507257,300927904,310726,WA003,101,3007DRYGUM-3007FO,55
2681,232128-1-6-124,2025-05-20,WA007,1022507257,300927905,310726,WA003,101,3007DRYGUM-3007FO,55
2682,232128-1-6-124,2025-05-20,WA007,1022507257,300927917,310726,WA003,101,3007DRYGUM-3007FO,55
2683,232128-1-6-124,2025-05-20,WA007,1022507257,300927918,310726,WA003,101,3007DRYGUM-3007FO,55
2684,232128-1-6-124,2025-05-20,WA007,1022507257,300927948,310726,WA003,101,3007DRYGUM-3007FO,55
2685,232128-1-6-124,2025-05-20,WA007,1022507257,300927957,310726,WA003,101,3007DRYGUM-3007FO,55
2686,232128-1-6-124,2025-05-20,WA007,1022507257,300927958,310726,WA003,101,3007DRYGUM-3007FO,55
2687,232128-1-6-124,2025-05-20,WA007,1022507257,300927959,310726,WA003,101,3007DRYGUM-3007FO,55
2688,232128-1-6-124,2025-05-20,WA007,1022507258,300927966,310726,WA003,101,3007DRYGUM-3007FO,55
2689,232128-1-6-124,2025-05-20,WA007,1022507258,300927967,310726,WA003,101,3007DRYGUM-3007FO,55
2690,232128-1-6-124,2025-05-20,WA007,1022507258,300927968,310726,WA003,101,3007DRYGUM-3007FO,55
2691,232128-1-6-124,2025-05-20,WA007,1022507258,300928119,310726,WA003,101,3007DRYGUM-3007FO,55
2692,232128-1-6-124,2025-05-20,WA007,1022507258,300928120,310726,WA003,101,3007DRYGUM-3007FO,55
2693,232128-1-6-124,2025-05-20,WA007,1022507258,300928121,310726,WA003,101,3007DRYGUM-3007FO,55
2694,232128-1-6-124,2025-05-20,WA007,1022507258,300928133,310726,WA003,101,3007DRYGUM-3007FO,55
2695,232128-1-6-124,2025-05-20,WA007,1022507258,300928134,310726,WA003,101,3007DRYGUM-3007FO,55
2696,232128-1-6-124,2025-05-20,WA007,1022507259,300928154,310726,WA003,101,3007DRYGUM-3007FO,55
2697,232128-1-6-124,2025-05-20,WA007,1022507259,300928155,310726,WA003,101,3007DRYGUM-3007FO,55
2698,232128-1-6-124,2025-05-20,WA007,1022507259,300928157,310726,WA003,101,3007DRYGUM-3007FO,55
2699,232128-1-6-124,2025-05-20,WA007,1022507259,300928178,310726,WA003,101,3007DRYGUM-3007FO,55
2700,232128-1-6-124,2025-05-20,WA007,1022507259,300928179,310726,WA003,101,3007DRYGUM-3007FO,55
2701,232128-1-6-124,2025-05-20,WA007,1022507259,300928180,310726,WA003,101,3007DRYGUM-3007FO,55
2702,232128-1-6-124,2025-05-20,WA007,1022507259,300928181,310726,WA003,101,3007DRYGUM-3007FO,55
2703,232128-1-6-124,2025-05-20,WA007,1022507259,300928182,310726,WA003,101,3007DRYGUM-3007FO,55
2704,232128-1-6-124,2025-05-20,WA007,1022507260,300928195,310726,WA003,101,3007DRYGUM-3007FO,55
2705,232128-1-6-124,2025-05-20,WA007,1022507260,300928233,310726,WA003,101,3007DRYGUM-3007FO,55
2706,232128-1-6-124,2025-05-20,WA007,1022507260,300928234,310726,WA003,101,3007DRYGUM-3007FO,55
2707,232128-1-6-124,2025-05-20,WA007,1022507260,300928247,310726,WA003,101,3007DRYGUM-3007FO,55
2708,232128-1-6-124,2025-05-20,WA007,1022507260,300928248,310726,WA003,101,3007DRYGUM-3007FO,55
2709,232128-1-6-124,2025-05-20,WA007,1022507260,300928261,310726,WA003,101,3007DRYGUM-3007FO,55
2710,232128-1-6-124,2025-05-20,WA007,1022507260,300928262,310726,WA003,101,3007DRYGUM-3007FO,55
2711,232128-1-6-124,2025-05-20,WA007,1022507260,300928263,310726,WA003,101,3007DRYGUM-3007FO,55
2712,232128-1-6-124,2025-05-20,WA007,1022507261,300928289,310726,WA003,101,3007DRYGUM-3007FO,55
2713,232128-1-6-124,2025-05-20,WA007,1022507261,300928290,310726,WA003,101,3007DRYGUM-3007FO,55
2714,232128-1-6-124,2025-05-20,WA007,1022507261,300928291,310726,WA003,101,3007DRYGUM-3007FO,55
2715,232128-1-6-124,2025-05-20,WA007,1022507261,300928309,310726,WA003,101,3007DRYGUM-3007FO,55
2716,232128-1-6-124,2025-05-20,WA007,1022507261,300928310,310726,WA003,101,3007DRYGUM-3007FO,55
2717,232128-1-6-124,2025-05-20,WA007,1022507261,300928329,310726,WA003,101,3007DRYGUM-3007FO,55
2718,232128-1-6-124,2025-05-20,WA007,1022507261,300928330,310726,WA003,101,3007DRYGUM-3007FO,55
2719,232128-1-6-124,2025-05-20,WA007,1022507261,300928331,310726,WA003,101,3007DRYGUM-3007FO,55
2720,232128-1-6-124,2025-05-20,WA007,1022507052,300924186,310726,WA003,101,3007DRYGUM-3007FO,57
2721,232128-1-6-124,2025-05-20,WA007,1022507052,300924187,310726,WA003,101,3007DRYGUM-3007FO,57
2722,232128-1-6-124,2025-05-20,WA007,1022507052,300924188,310726,WA003,101,3007DRYGUM-3007FO,57
2723,232128-1-6-124,2025-05-20,WA007,1022507052,300924300,310726,WA003,101,3007DRYGUM-3007FO,57
2724,232128-1-6-124,2025-05-20,WA007,1022507052,300924301,310726,WA003,101,3007DRYGUM-3007FO,57
2725,232128-1-6-124,2025-05-20,WA007,1022507052,300924302,310726,WA003,101,3007DRYGUM-3007FO,57
2726,232128-1-6-124,2025-05-20,WA007,1022507052,300924303,310726,WA003,101,3007DRYGUM-3007FO,57
2727,232128-1-6-124,2025-05-20,WA007,1022507052,300924325,310726,WA003,101,3007DRYGUM-3007FO,57
2728,232128-1-6-124,2025-05-20,WA007,1022507053,300924326,310726,WA003,101,3007DRYGUM-3007FO,57
2729,232128-1-6-124,2025-05-20,WA007,1022507053,300924327,310726,WA003,101,3007DRYGUM-3007FO,57
2730,232128-1-6-124,2025-05-20,WA007,1022507053,300924328,310726,WA003,101,3007DRYGUM-3007FO,57
2731,232128-1-6-124,2025-05-20,WA007,1022507053,300924331,310726,WA003,101,3007DRYGUM-3007FO,57
2732,232128-1-6-124,2025-05-20,WA007,1022507053,300924332,310726,WA003,101,3007DRYGUM-3007FO,57
2733,232128-1-6-124,2025-05-20,WA007,1022507053,300924333,310726,WA003,101,3007DRYGUM-3007FO,57
2734,232128-1-6-124,2025-05-20,WA007,1022507053,300924334,310726,WA003,101,3007DRYGUM-3007FO,57
2735,232128-1-6-124,2025-05-20,WA007,1022507053,300924335,310726,WA003,101,3007DRYGUM-3007FO,57
2736,232128-1-6-124,2025-05-20,WA007,1022507054,300924432,310726,WA003,101,3007DRYGUM-3007FO,57
2737,232128-1-6-124,2025-05-20,WA007,1022507054,300924433,310726,WA003,101,3007DRYGUM-3007FO,57
2738,232128-1-6-124,2025-05-20,WA007,1022507054,300924434,310726,WA003,101,3007DRYGUM-3007FO,57
2739,232128-1-6-124,2025-05-20,WA007,1022507054,300924442,310726,WA003,101,3007DRYGUM-3007FO,57
2740,232128-1-6-124,2025-05-20,WA007,1022507054,300924605,310726,WA003,101,3007DRYGUM-3007FO,57
2741,232128-1-6-124,2025-05-20,WA007,1022507054,300924606,310726,WA003,101,3007DRYGUM-3007FO,57
2742,232128-1-6-124,2025-05-20,WA007,1022507054,300924607,310726,WA003,101,3007DRYGUM-3007FO,57
2743,232128-1-6-124,2025-05-20,WA007,1022507054,300924608,310726,WA003,101,3007DRYGUM-3007FO,57
2744,232128-1-6-124,2025-05-20,WA007,1022507055,300924655,310726,WA003,101,3007DRYGUM-3007FO,57
2745,232128-1-6-124,2025-05-20,WA007,1022507055,300924715,310726,WA003,101,3007DRYGUM-3007FO,57
2746,232128-1-6-124,2025-05-20,WA007,1022507055,300924716,310726,WA003,101,3007DRYGUM-3007FO,57
2747,232128-1-6-124,2025-05-20,WA007,1022507055,300924717,310726,WA003,101,3007DRYGUM-3007FO,57
2748,232128-1-6-124,2025-05-20,WA007,1022507055,300924719,310726,WA003,101,3007DRYGUM-3007FO,57
2749,232128-1-6-124,2025-05-20,WA007,1022507055,300924721,310726,WA003,101,3007DRYGUM-3007FO,57
2750,232128-1-6-124,2025-05-20,WA007,1022507055,300924722,310726,WA003,101,3007DRYGUM-3007FO,57
2751,232128-1-6-124,2025-05-20,WA007,1022507055,300924723,310726,WA003,101,3007DRYGUM-3007FO,57
2752,232128-1-6-124,2025-05-20,WA007,1022507056,300924802,310726,WA003,101,3007DRYGUM-3007FO,57
2753,232128-1-6-124,2025-05-20,WA007,1022507056,300924803,310726,WA003,101,3007DRYGUM-3007FO,57
2754,232128-1-6-124,2025-05-20,WA007,1022507056,300924804,310726,WA003,101,3007DRYGUM-3007FO,57
2755,232128-1-6-124,2025-05-20,WA007,1022507056,300924805,310726,WA003,101,3007DRYGUM-3007FO,57
2756,232128-1-6-124,2025-05-20,WA007,1022507056,300924855,310726,WA003,101,3007DRYGUM-3007FO,57
2757,232128-1-6-124,2025-05-20,WA007,1022507056,300924856,310726,WA003,101,3007DRYGUM-3007FO,57
2758,232128-1-6-124,2025-05-20,WA007,1022507056,300924857,310726,WA003,101,3007DRYGUM-3007FO,57
2759,232128-1-6-124,2025-05-20,WA007,1022507056,300924858,310726,WA003,101,3007DRYGUM-3007FO,57
2760,232128-1-7-126,2025-05-23,WA007,1022511662,300989268,310726,WA003,101,3002A-3007DRYGUM-3007FO-3007S-3025S-3035A-9999A-9999E,11
2761,232128-1-7-126,2025-05-23,WA007,1022511662,300989269,310726,WA003,101,3002A-3007DRYGUM-3007FO-3007S-3025S-3035A-9999A-9999E,11
2762,232128-1-7-126,2025-05-23,WA007,1022511662,300989270,310726,WA003,101,3002A-3007DRYGUM-3007FO-3007S-3025S-3035A-9999A-9999E,11
2763,232128-1-7-126,2025-05-23,WA007,1022511662,300989277,310726,WA003,101,3002A-3007DRYGUM-3007FO-3007S-3025S-3035A-9999A-9999E,11
2764,232128-1-7-126,2025-05-23,WA007,1022511662,300989278,310726,WA003,101,3002A-3007DRYGUM-3007FO-3007S-3025S-3035A-9999A-9999E,11
2765,232128-1-7-126,2025-05-23,WA007,1022511662,300989279,310726,WA003,101,3002A-3007DRYGUM-3007FO-3007S-3025S-3035A-9999A-9999E,11
2766,232128-1-7-126,2025-05-23,WA007,1022511662,300989280,310726,WA003,101,3002A-3007DRYGUM-3007FO-3007S-3025S-3035A-9999A-9999E,11
2767,232128-1-7-126,2025-05-23,WA007,1022511662,300989281,310726,WA003,101,3002A-3007DRYGUM-3007FO-3007S-3025S-3035A-9999A-9999E,11
2768,232128-1-7-126,2025-05-23,WA007,1022511663,300989297,310726,WA003,101,3002A-3007DRYGUM-3007FO-3007S-3025S-3035A-9999A-9999E,11
2769,232128-1-7-126,2025-05-23,WA007,1022511663,300989298,310726,WA003,101,3002A-3007DRYGUM-3007FO-3007S-3025S-3035A-9999A-9999E,11
2770,232128-1-7-126,2025-05-23,WA007,1022507152,300925865,310726,WA003,101,3007DRYGUM-3007FO,56
2771,232128-1-7-126,2025-05-23,WA007,1022507152,300925866,310726,WA003,101,3007DRYGUM-3007FO,56
2772,232128-1-7-126,2025-05-23,WA007,1022507152,300925867,310726,WA003,101,3007DRYGUM-3007FO,56
2773,232128-1-7-126,2025-05-23,WA007,1022507152,300925868,310726,WA003,101,3007DRYGUM-3007FO,56
2774,232128-1-7-126,2025-05-23,WA007,1022507152,300925870,310726,WA003,101,3007DRYGUM-3007FO,56
2775,232128-1-7-126,2025-05-23,WA007,1022507152,300925871,310726,WA003,101,3007DRYGUM-3007FO,56
2776,232128-1-7-126,2025-05-23,WA007,1022507152,300925872,310726,WA003,101,3007DRYGUM-3007FO,56
2777,232128-1-7-126,2025-05-23,WA007,1022507152,300925873,310726,WA003,101,3007DRYGUM-3007FO,56
2778,232128-1-7-126,2025-05-23,WA007,1022507153,300925914,310726,WA003,101,3007DRYGUM-3007FO,56
2779,232128-1-7-126,2025-05-23,WA007,1022507153,300925915,310726,WA003,101,3007DRYGUM-3007FO,56
2780,232128-1-7-126,2025-05-23,WA007,1022507153,300925916,310726,WA003,101,3007DRYGUM-3007FO,56
2781,232128-1-7-126,2025-05-23,WA007,1022507153,300925917,310726,WA003,101,3007DRYGUM-3007FO,56
2782,232128-1-7-126,2025-05-23,WA007,1022507153,300925918,310726,WA003,101,3007DRYGUM-3007FO,56
2783,232128-1-7-126,2025-05-23,WA007,1022507153,300925919,310726,WA003,101,3007DRYGUM-3007FO,56
2784,232128-1-7-126,2025-05-23,WA007,1022507153,300925920,310726,WA003,101,3007DRYGUM-3007FO,56
2785,232128-1-7-126,2025-05-23,WA007,1022507153,300925921,310726,WA003,101,3007DRYGUM-3007FO,56
2786,232128-1-7-126,2025-05-23,WA007,1022507154,300926044,310726,WA003,101,3007DRYGUM-3007FO,56
2787,232128-1-7-126,2025-05-23,WA007,1022507154,300926045,310726,WA003,101,3007DRYGUM-3007FO,56
2788,232128-1-7-126,2025-05-23,WA007,1022507154,300926046,310726,WA003,101,3007DRYGUM-3007FO,56
2789,232128-1-7-126,2025-05-23,WA007,1022507154,300926047,310726,WA003,101,3007DRYGUM-3007FO,56
2790,232128-1-7-126,2025-05-23,WA007,1022507154,300926048,310726,WA003,101,3007DRYGUM-3007FO,56
2791,232128-1-7-126,2025-05-23,WA007,1022507154,300926049,310726,WA003,101,3007DRYGUM-3007FO,56
2792,232128-1-7-126,2025-05-23,WA007,1022507154,300926050,310726,WA003,101,3007DRYGUM-3007FO,56
2793,232128-1-7-126,2025-05-23,WA007,1022507154,300926051,310726,WA003,101,3007DRYGUM-3007FO,56
2794,232128-1-7-126,2025-05-23,WA007,1022507155,300926081,310726,WA003,101,3007DRYGUM-3007FO,56
2795,232128-1-7-126,2025-05-23,WA007,1022507155,300926082,310726,WA003,101,3007DRYGUM-3007FO,56
2796,232128-1-7-126,2025-05-23,WA007,1022507155,300926083,310726,WA003,101,3007DRYGUM-3007FO,56
2797,232128-1-7-126,2025-05-23,WA007,1022507155,300926084,310726,WA003,101,3007DRYGUM-3007FO,56
2798,232128-1-7-126,2025-05-23,WA007,1022507155,300926085,310726,WA003,101,3007DRYGUM-3007FO,56
2799,232128-1-7-126,2025-05-23,WA007,1022507155,300926086,310726,WA003,101,3007DRYGUM-3007FO,56
2800,232128-1-7-126,2025-05-23,WA007,1022507155,300926087,310726,WA003,101,3007DRYGUM-3007FO,56
2801,232128-1-7-126,2025-05-23,WA007,1022507155,300926088,310726,WA003,101,3007DRYGUM-3007FO,56
2802,232128-1-7-126,2025-05-23,WA007,1022507156,300926149,310726,WA003,101,3007DRYGUM-3007FO,56
2803,232128-1-7-126,2025-05-23,WA007,1022507156,300926153,310726,WA003,101,3007DRYGUM-3007FO,56
2804,232128-1-7-126,2025-05-23,WA007,1022507156,300926357,310726,WA003,101,3007DRYGUM-3007FO,56
2805,232128-1-7-126,2025-05-23,WA007,1022507156,300926358,310726,WA003,101,3007DRYGUM-3007FO,56
2806,232128-1-7-126,2025-05-23,WA007,1022507156,300926359,310726,WA003,101,3007DRYGUM-3007FO,56
2807,232128-1-7-126,2025-05-23,WA007,1022507156,300926360,310726,WA003,101,3007DRYGUM-3007FO,56
2808,232128-1-7-126,2025-05-23,WA007,1022507156,300926361,310726,WA003,101,3007DRYGUM-3007FO,56
2809,232128-1-7-126,2025-05-23,WA007,1022507156,300926362,310726,WA003,101,3007DRYGUM-3007FO,56
2810,232128-1-7-126,2025-05-23,WA007,1022507157,300926373,310726,WA003,101,3007DRYGUM-3007FO,56
2811,232128-1-7-126,2025-05-23,WA007,1022507157,300926375,310726,WA003,101,3007DRYGUM-3007FO,56
2812,232128-1-7-126,2025-05-23,WA007,1022507157,300926410,310726,WA003,101,3007DRYGUM-3007FO,56
2813,232128-1-7-126,2025-05-23,WA007,1022507157,300926411,310726,WA003,101,3007DRYGUM-3007FO,56
2814,232128-1-7-126,2025-05-23,WA007,1022507157,300926412,310726,WA003,101,3007DRYGUM-3007FO,56
2815,232128-1-7-126,2025-05-23,WA007,1022507157,300926413,310726,WA003,101,3007DRYGUM-3007FO,56
2816,232128-1-7-126,2025-05-23,WA007,1022507157,300926470,310726,WA003,101,3007DRYGUM-3007FO,56
2817,232128-1-7-126,2025-05-23,WA007,1022507157,300926471,310726,WA003,101,3007DRYGUM-3007FO,56
2818,232128-1-7-126,2025-05-23,WA007,1022507158,300926472,310726,WA003,101,3007DRYGUM-3007FO,56
2819,232128-1-7-126,2025-05-23,WA007,1022507158,300926473,310726,WA003,101,3007DRYGUM-3007FO,56
2820,232128-1-7-126,2025-05-23,WA007,1022507158,300926474,310726,WA003,101,3007DRYGUM-3007FO,56
2821,232128-1-7-126,2025-05-23,WA007,1022507158,300926475,310726,WA003,101,3007DRYGUM-3007FO,56
2822,232128-1-7-126,2025-05-23,WA007,1022507158,300926501,310726,WA003,101,3007DRYGUM-3007FO,56
2823,232128-1-7-126,2025-05-23,WA007,1022507158,300926502,310726,WA003,101,3007DRYGUM-3007FO,56
2824,232128-1-7-126,2025-05-23,WA007,1022507158,300926503,310726,WA003,101,3007DRYGUM-3007FO,56
2825,232128-1-7-126,2025-05-23,WA007,1022507158,300926504,310726,WA003,101,3007DRYGUM-3007FO,56
2826,232128-1-7-126,2025-05-23,WA007,1022507159,300926516,310726,WA003,101,3007DRYGUM-3007FO,56
2827,232128-1-7-126,2025-05-23,WA007,1022507159,300926517,310726,WA003,101,3007DRYGUM-3007FO,56
2828,232128-1-7-126,2025-05-23,WA007,1022507159,300926518,310726,WA003,101,3007DRYGUM-3007FO,56
2829,232128-1-7-126,2025-05-23,WA007,1022507159,300926519,310726,WA003,101,3007DRYGUM-3007FO,56
2830,232128-1-7-126,2025-05-23,WA007,1022507057,300924863,310726,WA003,101,3007DRYGUM-3007FO,57
2831,232128-1-7-126,2025-05-23,WA007,1022507057,300924864,310726,WA003,101,3007DRYGUM-3007FO,57
2832,232128-1-7-126,2025-05-23,WA007,1022507057,300924894,310726,WA003,101,3007DRYGUM-3007FO,57
2833,232128-1-7-126,2025-05-23,WA007,1022507057,300924895,310726,WA003,101,3007DRYGUM-3007FO,57
2834,232128-1-7-126,2025-05-23,WA007,1022507057,300924896,310726,WA003,101,3007DRYGUM-3007FO,57
2835,232128-1-7-126,2025-05-23,WA007,1022507057,300924897,310726,WA003,101,3007DRYGUM-3007FO,57
2836,232128-1-7-126,2025-05-23,WA007,1022507057,300924898,310726,WA003,101,3007DRYGUM-3007FO,57
2837,232128-1-7-126,2025-05-23,WA007,1022507057,300924905,310726,WA003,101,3007DRYGUM-3007FO,57
2838,232128-1-7-126,2025-05-23,WA007,1022507058,300924934,310726,WA003,101,3007DRYGUM-3007FO,57
2839,232128-1-7-126,2025-05-23,WA007,1022507058,300924935,310726,WA003,101,3007DRYGUM-3007FO,57
2840,232128-1-7-127,2025-05-23,WA007,1022510452,300971307,310726,WA003,101,3002A-3007DRYGUM-3007FO-3007S-3025S-3033A-3035A-9999A-9999E,23
2841,232128-1-7-127,2025-05-23,WA007,1022510452,300971308,310726,WA003,101,3002A-3007DRYGUM-3007FO-3007S-3025S-3033A-3035A-9999A-9999E,23
2842,232128-1-7-127,2025-05-23,WA007,1022510452,300971309,310726,WA003,101,3002A-3007DRYGUM-3007FO-3007S-3025S-3033A-3035A-9999A-9999E,23
2843,232128-1-7-127,2025-05-23,WA007,1022510452,300971310,310726,WA003,101,3002A-3007DRYGUM-3007FO-3007S-3025S-3033A-3035A-9999A-9999E,23
2844,232128-1-7-127,2025-05-23,WA007,1022510452,300971378,310726,WA003,101,3002A-3007DRYGUM-3007FO-3007S-3025S-3033A-3035A-9999A-9999E,23
2845,232128-1-7-127,2025-05-23,WA007,1022510452,300971379,310726,WA003,101,3002A-3007DRYGUM-3007FO-3007S-3025S-3033A-3035A-9999A-9999E,23
2846,232128-1-7-127,2025-05-23,WA007,1022510452,300971380,310726,WA003,101,3002A-3007DRYGUM-3007FO-3007S-3025S-3033A-3035A-9999A-9999E,23
2847,232128-1-7-127,2025-05-23,WA007,1022510452,300971381,310726,WA003,101,3002A-3007DRYGUM-3007FO-3007S-3025S-3033A-3035A-9999A-9999E,23
2848,232128-1-7-127,2025-05-23,WA007,1022510453,300971385,310726,WA003,101,3002A-3007DRYGUM-3007FO-3007S-3025S-3033A-3035A-9999A-9999E,23
2849,232128-1-7-127,2025-05-23,WA007,1022510453,300971386,310726,WA003,101,3002A-3007DRYGUM-3007FO-3007S-3025S-3033A-3035A-9999A-9999E,23
2850,232128-1-7-127,2025-05-23,WA007,1022511252,300982460,310726,WA003,101,3007DRYGUM-3007FO-3007S-3025S-3033A-3035A-9999A-9999E,15
2851,232128-1-7-127,2025-05-23,WA007,1022511252,300982461,310726,WA003,101,3007DRYGUM-3007FO-3007S-3025S-3033A-3035A-9999A-9999E,15
2852,232128-1-7-127,2025-05-23,WA007,1022511252,300982462,310726,WA003,101,3007DRYGUM-3007FO-3007S-3025S-3033A-3035A-9999A-9999E,15
2853,232128-1-7-127,2025-05-23,WA007,1022511252,300982472,310726,WA003,101,3007DRYGUM-3007FO-3007S-3025S-3033A-3035A-9999A-9999E,15
2854,232128-1-7-127,2025-05-23,WA007,1022511252,300982473,310726,WA003,101,3007DRYGUM-3007FO-3007S-3025S-3033A-3035A-9999A-9999E,15
2855,232128-1-7-127,2025-05-23,WA007,1022511252,300982474,310726,WA003,101,3007DRYGUM-3007FO-3007S-3025S-3033A-3035A-9999A-9999E,15
2856,232128-1-7-127,2025-05-23,WA007,1022511252,300982553,310726,WA003,101,3007DRYGUM-3007FO-3007S-3025S-3033A-3035A-9999A-9999E,15
2857,232128-1-7-127,2025-05-23,WA007,1022511252,300982554,310726,WA003,101,3007DRYGUM-3007FO-3007S-3025S-3033A-3035A-9999A-9999E,15
2858,232128-1-7-127,2025-05-23,WA007,1022511253,300982556,310726,WA003,101,3007DRYGUM-3007FO-3007S-3025S-3033A-3035A-9999A-9999E,15
2859,232128-1-7-127,2025-05-23,WA007,1022511253,300982557,310726,WA003,101,3007DRYGUM-3007FO-3007S-3025S-3033A-3035A-9999A-9999E,15
2860,232128-1-7-127,2025-05-23,WA007,1022511152,300980920,310726,WA003,101,3007DRYGUM-3007FO-3007S-3025S-3033A-3035A-9999A-9999E,16
2861,232128-1-7-127,2025-05-23,WA007,1022511152,300980921,310726,WA003,101,3007DRYGUM-3007FO-3007S-3025S-3033A-3035A-9999A-9999E,16
2862,232128-1-7-127,2025-05-23,WA007,1022511152,300980996,310726,WA003,101,3007DRYGUM-3007FO-3007S-3025S-3033A-3035A-9999A-9999E,16
2863,232128-1-7-127,2025-05-23,WA007,1022511152,300980997,310726,WA003,101,3007DRYGUM-3007FO-3007S-3025S-3033A-3035A-9999A-9999E,16
2864,232128-1-7-127,2025-05-23,WA007,1022511152,300980998,310726,WA003,101,3007DRYGUM-3007FO-3007S-3025S-3033A-3035A-9999A-9999E,16
2865,232128-1-7-127,2025-05-23,WA007,1022511152,300980999,310726,WA003,101,3007DRYGUM-3007FO-3007S-3025S-3033A-3035A-9999A-9999E,16
2866,232128-1-7-127,2025-05-23,WA007,1022511152,300981000,310726,WA003,101,3007DRYGUM-3007FO-3007S-3025S-3033A-3035A-9999A-9999E,16
2867,232128-1-7-127,2025-05-23,WA007,1022511152,300981001,310726,WA003,101,3007DRYGUM-3007FO-3007S-3025S-3033A-3035A-9999A-9999E,16
2868,232128-1-7-127,2025-05-23,WA007,1022511153,300981034,310726,WA003,101,3007DRYGUM-3007FO-3007S-3025S-3033A-3035A-9999A-9999E,16
2869,232128-1-7-127,2025-05-23,WA007,1022511153,300981035,310726,WA003,101,3007DRYGUM-3007FO-3007S-3025S-3033A-3035A-9999A-9999E,16
2870,232128-1-7-127,2025-05-23,WA007,1022506852,300920979,310726,WA003,101,3007DRYGUM-3007FO,59
2871,232128-1-7-127,2025-05-23,WA007,1022506852,300920980,310726,WA003,101,3007DRYGUM-3007FO,59
2872,232128-1-7-127,2025-05-23,WA007,1022506852,300920981,310726,WA003,101,3007DRYGUM-3007FO,59
2873,232128-1-7-127,2025-05-23,WA007,1022506852,300920982,310726,WA003,101,3007DRYGUM-3007FO,59
2874,232128-1-7-127,2025-05-23,WA007,1022506852,300921007,310726,WA003,101,3007DRYGUM-3007FO,59
2875,232128-1-7-127,2025-05-23,WA007,1022506852,300921008,310726,WA003,101,3007DRYGUM-3007FO,59
2876,232128-1-7-127,2025-05-23,WA007,1022506852,300921009,310726,WA003,101,3007DRYGUM-3007FO,59
2877,232128-1-7-127,2025-05-23,WA007,1022506852,300921010,310726,WA003,101,3007DRYGUM-3007FO,59
2878,232128-1-7-127,2025-05-23,WA007,1022506853,300921058,310726,WA003,101,3007DRYGUM-3007FO,59
2879,232128-1-7-127,2025-05-23,WA007,1022506853,300921059,310726,WA003,101,3007DRYGUM-3007FO,59
2880,232128-1-7-127,2025-05-23,WA007,1022506853,300921060,310726,WA003,101,3007DRYGUM-3007FO,59
2881,232128-1-7-127,2025-05-23,WA007,1022506853,300921062,310726,WA003,101,3007DRYGUM-3007FO,59
2882,232128-1-7-127,2025-05-23,WA007,1022506853,300921063,310726,WA003,101,3007DRYGUM-3007FO,59
2883,232128-1-7-127,2025-05-23,WA007,1022506853,300921076,310726,WA003,101,3007DRYGUM-3007FO,59
2884,232128-1-7-127,2025-05-23,WA007,1022506853,300921077,310726,WA003,101,3007DRYGUM-3007FO,59
2885,232128-1-7-127,2025-05-23,WA007,1022506853,300921078,310726,WA003,101,3007DRYGUM-3007FO,59
2886,232128-1-7-127,2025-05-23,WA007,1022506854,300921079,310726,WA003,101,3007DRYGUM-3007FO,59
2887,232128-1-7-127,2025-05-23,WA007,1022506854,300921080,310726,WA003,101,3007DRYGUM-3007FO,59
2888,232128-1-7-127,2025-05-23,WA007,1022506854,300921081,310726,WA003,101,3007DRYGUM-3007FO,59
2889,232128-1-7-127,2025-05-23,WA007,1022506854,300921082,310726,WA003,101,3007DRYGUM-3007FO,59
2890,232128-1-7-127,2025-05-23,WA007,1022506854,300921083,310726,WA003,101,3007DRYGUM-3007FO,59
2891,232128-1-7-127,2025-05-23,WA007,1022506854,300921103,310726,WA003,101,3007DRYGUM-3007FO,59
2892,232128-1-7-127,2025-05-23,WA007,1022506854,300921104,310726,WA003,101,3007DRYGUM-3007FO,59
2893,232128-1-7-127,2025-05-23,WA007,1022506854,300921105,310726,WA003,101,3007DRYGUM-3007FO,59
2894,232128-1-7-127,2025-05-23,WA007,1022506855,300921106,310726,WA003,101,3007DRYGUM-3007FO,59
2895,232128-1-7-127,2025-05-23,WA007,1022506855,300921107,310726,WA003,101,3007DRYGUM-3007FO,59
2896,232128-1-7-127,2025-05-23,WA007,1022506855,300921108,310726,WA003,101,3007DRYGUM-3007FO,59
2897,232128-1-7-127,2025-05-23,WA007,1022506855,300921109,310726,WA003,101,3007DRYGUM-3007FO,59
2898,232128-1-7-127,2025-05-23,WA007,1022506855,300921187,310726,WA003,101,3007DRYGUM-3007FO,59
2899,232128-1-7-127,2025-05-23,WA007,1022506855,300921188,310726,WA003,101,3007DRYGUM-3007FO,59
2900,232128-1-7-127,2025-05-23,WA007,1022506855,300921189,310726,WA003,101,3007DRYGUM-3007FO,59
2901,232128-1-7-127,2025-05-23,WA007,1022506855,300921190,310726,WA003,101,3007DRYGUM-3007FO,59
2902,232128-1-7-127,2025-05-23,WA007,1022506856,300921229,310726,WA003,101,3007DRYGUM-3007FO,59
2903,232128-1-7-127,2025-05-23,WA007,1022506856,300921230,310726,WA003,101,3007DRYGUM-3007FO,59
2904,232128-1-7-127,2025-05-23,WA007,1022506856,300921231,310726,WA003,101,3007DRYGUM-3007FO,59
2905,232128-1-7-127,2025-05-23,WA007,1022506856,300921375,310726,WA003,101,3007DRYGUM-3007FO,59
2906,232128-1-7-127,2025-05-23,WA007,1022506856,300921376,310726,WA003,101,3007DRYGUM-3007FO,59
2907,232128-1-7-127,2025-05-23,WA007,1022506856,300921377,310726,WA003,101,3007DRYGUM-3007FO,59
2908,232128-1-7-127,2025-05-23,WA007,1022506856,300921378,310726,WA003,101,3007DRYGUM-3007FO,59
2909,232128-1-7-127,2025-05-23,WA007,1022506856,300921425,310726,WA003,101,3007DRYGUM-3007FO,59
2910,232128-1-7-127,2025-05-23,WA007,1022506857,300921426,310726,WA003,101,3007DRYGUM-3007FO,59
2911,232128-1-7-127,2025-05-23,WA007,1022506857,300921427,310726,WA003,101,3007DRYGUM-3007FO,59
2912,232128-1-7-127,2025-05-23,WA007,1022506857,300921428,310726,WA003,101,3007DRYGUM-3007FO,59
2913,232128-1-7-127,2025-05-23,WA007,1022506857,300921430,310726,WA003,101,3007DRYGUM-3007FO,59
2914,232128-1-7-127,2025-05-23,WA007,1022506857,300921431,310726,WA003,101,3007DRYGUM-3007FO,59
2915,232128-1-7-127,2025-05-23,WA007,1022506857,300921432,310726,WA003,101,3007DRYGUM-3007FO,59
2916,232128-1-7-127,2025-05-23,WA007,1022506857,300921481,310726,WA003,101,3007DRYGUM-3007FO,59
2917,232128-1-7-127,2025-05-23,WA007,1022506857,300921482,310726,WA003,101,3007DRYGUM-3007FO,59
2918,232128-1-7-127,2025-05-23,WA007,1022506858,300921528,310726,WA003,101,3007DRYGUM-3007FO,59
2919,232128-1-7-127,2025-05-23,WA007,1022506858,300921529,310726,WA003,101,3007DRYGUM-3007FO,59
2920,232128-1-7-127,2025-05-23,WA007,1022506858,300921530,310726,WA003,101,3007DRYGUM-3007FO,59
2921,232128-1-7-127,2025-05-23,WA007,1022506858,300921531,310726,WA003,101,3007DRYGUM-3007FO,59
2922,232128-1-7-127,2025-05-23,WA007,1022506858,300921640,310726,WA003,101,3007DRYGUM-3007FO,59
2923,232128-1-7-127,2025-05-23,WA007,1022506858,300921664,310726,WA003,101,3007DRYGUM-3007FO,59
2924,232128-1-7-127,2025-05-23,WA007,1022506858,300921665,310726,WA003,101,3007DRYGUM-3007FO,59
2925,232128-1-7-127,2025-05-23,WA007,1022506858,300921666,310726,WA003,101,3007DRYGUM-3007FO,59
2926,232128-1-7-127,2025-05-23,WA007,1022506859,300921678,310726,WA003,101,3007DRYGUM-3007FO,59
2927,232128-1-7-127,2025-05-23,WA007,1022506859,300921679,310726,WA003,101,3007DRYGUM-3007FO,59
2928,232128-1-7-127,2025-05-23,WA007,1022506859,300921680,310726,WA003,101,3007DRYGUM-3007FO,59
2929,232128-1-7-127,2025-05-23,WA007,1022506859,300921681,310726,WA003,101,3007DRYGUM-3007FO,59
2930,232128-1-7-127,2025-05-23,WA007,1022506859,300921689,310726,WA003,101,3007DRYGUM-3007FO,59
2931,232128-1-7-127,2025-05-23,WA007,1022506859,300921690,310726,WA003,101,3007DRYGUM-3007FO,59
2932,232128-1-7-127,2025-05-23,WA007,1022506859,300921732,310726,WA003,101,3007DRYGUM-3007FO,59
2933,232128-1-7-127,2025-05-23,WA007,1022506859,300921733,310726,WA003,101,3007DRYGUM-3007FO,59
2934,232128-1-7-127,2025-05-23,WA007,1022506860,300921758,310726,WA003,101,3007DRYGUM-3007FO,59
2935,232128-1-7-127,2025-05-23,WA007,1022506860,300921759,310726,WA003,101,3007DRYGUM-3007FO,59
2936,232128-1-7-127,2025-05-23,WA007,1022506860,300921760,310726,WA003,101,3007DRYGUM-3007FO,59
2937,232128-1-7-127,2025-05-23,WA007,1022506860,300921761,310726,WA003,101,3007DRYGUM-3007FO,59
2938,232128-1-7-127,2025-05-23,WA007,1022506860,300921775,310726,WA003,101,3007DRYGUM-3007FO,59
2939,232128-1-7-127,2025-05-23,WA007,1022506860,300921776,310726,WA003,101,3007DRYGUM-3007FO,59
2940,232128-1-7-128,2025-05-23,WA007,1022507453,300930536,310726,WA003,101,3007DRYGUM-3007FO,53
2941,232128-1-7-128,2025-05-23,WA007,1022507453,300930537,310726,WA003,101,3007DRYGUM-3007FO,53
2942,232128-1-7-128,2025-05-23,WA007,1022507453,300930563,310726,WA003,101,3007DRYGUM-3007FO,53
2943,232128-1-7-128,2025-05-23,WA007,1022507453,300930674,310726,WA003,101,3007DRYGUM-3007FO,53
2944,232128-1-7-128,2025-05-23,WA007,1022507453,300930688,310726,WA003,101,3007DRYGUM-3007FO,53
2945,232128-1-7-128,2025-05-23,WA007,1022507453,300930690,310726,WA003,101,3007DRYGUM-3007FO,53
2946,232128-1-7-128,2025-05-23,WA007,1022507454,300930751,310726,WA003,101,3007DRYGUM-3007FO,53
2947,232128-1-7-128,2025-05-23,WA007,1022507454,300930752,310726,WA003,101,3007DRYGUM-3007FO,53
2948,232128-1-7-128,2025-05-23,WA007,1022507454,300930753,310726,WA003,101,3007DRYGUM-3007FO,53
2949,232128-1-7-128,2025-05-23,WA007,1022507454,300930754,310726,WA003,101,3007DRYGUM-3007FO,53
2950,232128-1-7-128,2025-05-23,WA007,1022507454,300930755,310726,WA003,101,3007DRYGUM-3007FO,53
2951,232128-1-7-128,2025-05-23,WA007,1022507454,300930756,310726,WA003,101,3007DRYGUM-3007FO,53
2952,232128-1-7-128,2025-05-23,WA007,1022507454,300930766,310726,WA003,101,3007DRYGUM-3007FO,53
2953,232128-1-7-128,2025-05-23,WA007,1022507454,300930767,310726,WA003,101,3007DRYGUM-3007FO,53
2954,232128-1-7-128,2025-05-23,WA007,1022507455,300930809,310726,WA003,101,3007DRYGUM-3007FO,53
2955,232128-1-7-128,2025-05-23,WA007,1022507455,300930810,310726,WA003,101,3007DRYGUM-3007FO,53
2956,232128-1-7-128,2025-05-23,WA007,1022507455,300930811,310726,WA003,101,3007DRYGUM-3007FO,53
2957,232128-1-7-128,2025-05-23,WA007,1022507455,300930812,310726,WA003,101,3007DRYGUM-3007FO,53
2958,232128-1-7-128,2025-05-23,WA007,1022507455,300930814,310726,WA003,101,3007DRYGUM-3007FO,53
2959,232128-1-7-128,2025-05-23,WA007,1022507455,300930815,310726,WA003,101,3007DRYGUM-3007FO,53
2960,232128-1-7-128,2025-05-23,WA007,1022507455,300930853,310726,WA003,101,3007DRYGUM-3007FO,53
2961,232128-1-7-128,2025-05-23,WA007,1022507455,300930878,310726,WA003,101,3007DRYGUM-3007FO,53
2962,232128-1-7-128,2025-05-23,WA007,1022507456,300930879,310726,WA003,101,3007DRYGUM-3007FO,53
2963,232128-1-7-128,2025-05-23,WA007,1022507456,300930880,310726,WA003,101,3007DRYGUM-3007FO,53
2964,232128-1-7-128,2025-05-23,WA007,1022507456,300930898,310726,WA003,101,3007DRYGUM-3007FO,53
2965,232128-1-7-128,2025-05-23,WA007,1022507456,300930901,310726,WA003,101,3007DRYGUM-3007FO,53
2966,232128-1-7-128,2025-05-23,WA007,1022507456,300930910,310726,WA003,101,3007DRYGUM-3007FO,53
2967,232128-1-7-128,2025-05-23,WA007,1022507456,300930956,310726,WA003,101,3007DRYGUM-3007FO,53
2968,232128-1-7-128,2025-05-23,WA007,1022507456,300930957,310726,WA003,101,3007DRYGUM-3007FO,53
2969,232128-1-7-128,2025-05-23,WA007,1022507456,300930958,310726,WA003,101,3007DRYGUM-3007FO,53
2970,232128-1-7-128,2025-05-23,WA007,1022507457,300930961,310726,WA003,101,3007DRYGUM-3007FO,53
2971,232128-1-7-128,2025-05-23,WA007,1022507457,300930963,310726,WA003,101,3007DRYGUM-3007FO,53
2972,232128-1-7-128,2025-05-23,WA007,1022507457,300930964,310726,WA003,101,3007DRYGUM-3007FO,53
2973,232128-1-7-128,2025-05-23,WA007,1022507457,300930967,310726,WA003,101,3007DRYGUM-3007FO,53
2974,232128-1-7-128,2025-05-23,WA007,1022507457,300930980,310726,WA003,101,3007DRYGUM-3007FO,53
2975,232128-1-7-128,2025-05-23,WA007,1022507457,300930991,310726,WA003,101,3007DRYGUM-3007FO,53
2976,232128-1-7-128,2025-05-23,WA007,1022507457,300930992,310726,WA003,101,3007DRYGUM-3007FO,53
2977,232128-1-7-128,2025-05-23,WA007,1022507457,300931039,310726,WA003,101,3007DRYGUM-3007FO,53
2978,232128-1-7-128,2025-05-23,WA007,1022507458,300931041,310726,WA003,101,3007DRYGUM-3007FO,53
2979,232128-1-7-128,2025-05-23,WA007,1022507458,300931042,310726,WA003,101,3007DRYGUM-3007FO,53
2980,232128-1-7-128,2025-05-23,WA007,1022507458,300931112,310726,WA003,101,3007DRYGUM-3007FO,53
2981,232128-1-7-128,2025-05-23,WA007,1022507458,300931113,310726,WA003,101,3007DRYGUM-3007FO,53
2982,232128-1-7-128,2025-05-23,WA007,1022507458,300931114,310726,WA003,101,3007DRYGUM-3007FO,53
2983,232128-1-7-128,2025-05-23,WA007,1022507458,300931115,310726,WA003,101,3007DRYGUM-3007FO,53
2984,232128-1-7-128,2025-05-23,WA007,1022507458,300931118,310726,WA003,101,3007DRYGUM-3007FO,53
2985,232128-1-7-128,2025-05-23,WA007,1022507458,300931119,310726,WA003,101,3007DRYGUM-3007FO,53
2986,232128-1-7-128,2025-05-23,WA007,1022507459,300931142,310726,WA003,101,3007DRYGUM-3007FO,53
2987,232128-1-7-128,2025-05-23,WA007,1022507459,300931143,310726,WA003,101,3007DRYGUM-3007FO,53
2988,232128-1-7-128,2025-05-23,WA007,1022507459,300931144,310726,WA003,101,3007DRYGUM-3007FO,53
2989,232128-1-7-128,2025-05-23,WA007,1022507459,300931145,310726,WA003,101,3007DRYGUM-3007FO,53
2990,232128-1-7-128,2025-05-23,WA007,1022507459,300931226,310726,WA003,101,3007DRYGUM-3007FO,53
2991,232128-1-7-128,2025-05-23,WA007,1022507459,300931227,310726,WA003,101,3007DRYGUM-3007FO,53
2992,232128-1-7-128,2025-05-23,WA007,1022507459,300931228,310726,WA003,101,3007DRYGUM-3007FO,53
2993,232128-1-7-128,2025-05-23,WA007,1022507459,300931229,310726,WA003,101,3007DRYGUM-3007FO,53
2994,232128-1-7-128,2025-05-23,WA007,1022507460,300931259,310726,WA003,101,3007DRYGUM-3007FO,53
2995,232128-1-7-128,2025-05-23,WA007,1022507460,300931260,310726,WA003,101,3007DRYGUM-3007FO,53
2996,232128-1-7-128,2025-05-23,WA007,1022507460,300931262,310726,WA003,101,3007DRYGUM-3007FO,53
2997,232128-1-7-128,2025-05-23,WA007,1022507460,300931263,310726,WA003,101,3007DRYGUM-3007FO,53
2998,232128-1-7-128,2025-05-23,WA007,1022507460,300931264,310726,WA003,101,3007DRYGUM-3007FO,53
2999,232128-1-7-128,2025-05-23,WA007,1022507460,300931265,310726,WA003,101,3007DRYGUM-3007FO,53
3000,232128-1-7-128,2025-05-23,WA007,1022507460,300931266,310726,WA003,101,3007DRYGUM-3007FO,53
3001,232128-1-7-128,2025-05-23,WA007,1022507460,300931267,310726,WA003,101,3007DRYGUM-3007FO,53
3002,232128-1-7-128,2025-05-23,WA007,1022507461,300931294,310726,WA003,101,3007DRYGUM-3007FO,53
3003,232128-1-7-128,2025-05-23,WA007,1022507461,300931295,310726,WA003,101,3007DRYGUM-3007FO,53
3004,232128-1-7-128,2025-05-23,WA007,1022507461,300931296,310726,WA003,101,3007DRYGUM-3007FO,53
3005,232128-1-7-128,2025-05-23,WA007,1022507461,300931297,310726,WA003,101,3007DRYGUM-3007FO,53
3006,232128-1-7-128,2025-05-23,WA007,1022507461,300931385,310726,WA003,101,3007DRYGUM-3007FO,53
3007,232128-1-7-128,2025-05-23,WA007,1022507461,300931386,310726,WA003,101,3007DRYGUM-3007FO,53
3008,232128-1-7-128,2025-05-23,WA007,1022507461,300931387,310726,WA003,101,3007DRYGUM-3007FO,53
3009,232128-1-7-128,2025-05-23,WA007,1022507461,300931389,310726,WA003,101,3007DRYGUM-3007FO,53
3010,232128-1-7-128,2025-05-23,WA007,1022507058,300924936,310726,WA003,101,3007DRYGUM-3007FO,57
3011,232128-1-7-128,2025-05-23,WA007,1022507058,300925009,310726,WA003,101,3007DRYGUM-3007FO,57
3012,232128-1-7-128,2025-05-23,WA007,1022507058,300925010,310726,WA003,101,3007DRYGUM-3007FO,57
3013,232128-1-7-128,2025-05-23,WA007,1022507058,300925011,310726,WA003,101,3007DRYGUM-3007FO,57
3014,232128-1-7-128,2025-05-23,WA007,1022507058,300925012,310726,WA003,101,3007DRYGUM-3007FO,57
3015,232128-1-7-128,2025-05-23,WA007,1022507058,300925060,310726,WA003,101,3007DRYGUM-3007FO,57
3016,232128-1-7-128,2025-05-23,WA007,1022507059,300925061,310726,WA003,101,3007DRYGUM-3007FO,57
3017,232128-1-7-128,2025-05-23,WA007,1022507059,300925062,310726,WA003,101,3007DRYGUM-3007FO,57
3018,232128-1-7-128,2025-05-23,WA007,1022507059,300925063,310726,WA003,101,3007DRYGUM-3007FO,57
3019,232128-1-7-128,2025-05-23,WA007,1022507059,300925064,310726,WA003,101,3007DRYGUM-3007FO,57
3020,232128-1-7-128,2025-05-23,WA007,1022507059,300925096,310726,WA003,101,3007DRYGUM-3007FO,57
3021,232128-1-7-128,2025-05-23,WA007,1022507059,300925097,310726,WA003,101,3007DRYGUM-3007FO,57
3022,232128-1-7-128,2025-05-23,WA007,1022507059,300925098,310726,WA003,101,3007DRYGUM-3007FO,57
3023,232128-1-7-128,2025-05-23,WA007,1022507059,300925099,310726,WA003,101,3007DRYGUM-3007FO,57
3024,232128-1-7-128,2025-05-23,WA007,1022507060,300925160,310726,WA003,101,3007DRYGUM-3007FO,57
3025,232128-1-7-128,2025-05-23,WA007,1022507060,300925161,310726,WA003,101,3007DRYGUM-3007FO,57
3026,232128-1-7-128,2025-05-23,WA007,1022507060,300925162,310726,WA003,101,3007DRYGUM-3007FO,57
3027,232128-1-7-128,2025-05-23,WA007,1022507060,300925163,310726,WA003,101,3007DRYGUM-3007FO,57
3028,232128-1-7-128,2025-05-23,WA007,1022507060,300925164,310726,WA003,101,3007DRYGUM-3007FO,57
3029,232128-1-7-128,2025-05-23,WA007,1022507060,300925165,310726,WA003,101,3007DRYGUM-3007FO,57
3030,232128-1-7-128,2025-05-23,WA007,1022507060,300925167,310726,WA003,101,3007DRYGUM-3007FO,57
3031,232128-1-7-128,2025-05-23,WA007,1022507060,300925168,310726,WA003,101,3007DRYGUM-3007FO,57
3032,232128-1-7-128,2025-05-23,WA007,1022507061,300925189,310726,WA003,101,3007DRYGUM-3007FO,57
3033,232128-1-7-128,2025-05-23,WA007,1022507061,300925190,310726,WA003,101,3007DRYGUM-3007FO,57
3034,232128-1-7-128,2025-05-23,WA007,1022507061,300925305,310726,WA003,101,3007DRYGUM-3007FO,57
3035,232128-1-7-128,2025-05-23,WA007,1022507061,300925306,310726,WA003,101,3007DRYGUM-3007FO,57
3036,232128-1-7-128,2025-05-23,WA007,1022507061,300925307,310726,WA003,101,3007DRYGUM-3007FO,57
3037,232128-1-7-128,2025-05-23,WA007,1022507061,300925308,310726,WA003,101,3007DRYGUM-3007FO,57
3038,232128-1-7-128,2025-05-23,WA007,1022507061,300925310,310726,WA003,101,3007DRYGUM-3007FO,57
3039,232128-1-7-128,2025-05-23,WA007,1022507061,300925311,310726,WA003,101,3007DRYGUM-3007FO,57
3040,232128-1-7-129,2025-05-23,WA007,1022511057,300980019,310726,WA003,101,3002A-3007DRYGUM-3007FO-3007S-3025S-3033A-3035A-9999A-9999E,17
3041,232128-1-7-129,2025-05-23,WA007,1022511057,300980021,310726,WA003,101,3002A-3007DRYGUM-3007FO-3007S-3025S-3033A-3035A-9999A-9999E,17
3042,232128-1-7-129,2025-05-23,WA007,1022511057,300980028,310726,WA003,101,3002A-3007DRYGUM-3007FO-3007S-3025S-3033A-3035A-9999A-9999E,17
3043,232128-1-7-129,2025-05-23,WA007,1022511057,300980056,310726,WA003,101,3002A-3007DRYGUM-3007FO-3007S-3025S-3033A-3035A-9999A-9999E,17
3044,232128-1-7-129,2025-05-23,WA007,1022511057,300980057,310726,WA003,101,3002A-3007DRYGUM-3007FO-3007S-3025S-3033A-3035A-9999A-9999E,17
3045,232128-1-7-129,2025-05-23,WA007,1022511057,300980223,310726,WA003,101,3002A-3007DRYGUM-3007FO-3007S-3025S-3033A-3035A-9999A-9999E,17
3046,232128-1-7-129,2025-05-23,WA007,1022511057,300980224,310726,WA003,101,3002A-3007DRYGUM-3007FO-3007S-3025S-3033A-3035A-9999A-9999E,17
3047,232128-1-7-129,2025-05-23,WA007,1022511057,300980225,310726,WA003,101,3002A-3007DRYGUM-3007FO-3007S-3025S-3033A-3035A-9999A-9999E,17
3048,232128-1-7-129,2025-05-23,WA007,1022511058,300980227,310726,WA003,101,3002A-3007DRYGUM-3007FO-3007S-3025S-3033A-3035A-9999A-9999E,17
3049,232128-1-7-129,2025-05-23,WA007,1022511058,300980228,310726,WA003,101,3002A-3007DRYGUM-3007FO-3007S-3025S-3033A-3035A-9999A-9999E,17
3050,232128-1-7-129,2025-05-23,WA007,1022511058,300980229,310726,WA003,101,3002A-3007DRYGUM-3007FO-3007S-3025S-3033A-3035A-9999A-9999E,17
3051,232128-1-7-129,2025-05-23,WA007,1022511058,300980230,310726,WA003,101,3002A-3007DRYGUM-3007FO-3007S-3025S-3033A-3035A-9999A-9999E,17
3052,232128-1-7-129,2025-05-23,WA007,1022511058,300980258,310726,WA003,101,3002A-3007DRYGUM-3007FO-3007S-3025S-3033A-3035A-9999A-9999E,17
3053,232128-1-7-129,2025-05-23,WA007,1022511058,300980259,310726,WA003,101,3002A-3007DRYGUM-3007FO-3007S-3025S-3033A-3035A-9999A-9999E,17
3054,232128-1-7-129,2025-05-23,WA007,1022511058,300980260,310726,WA003,101,3002A-3007DRYGUM-3007FO-3007S-3025S-3033A-3035A-9999A-9999E,17
3055,232128-1-7-129,2025-05-23,WA007,1022511058,300980261,310726,WA003,101,3002A-3007DRYGUM-3007FO-3007S-3025S-3033A-3035A-9999A-9999E,17
3056,232128-1-7-129,2025-05-23,WA007,1022511059,300980337,310726,WA003,101,3002A-3007DRYGUM-3007FO-3007S-3025S-3033A-3035A-9999A-9999E,17
3057,232128-1-7-129,2025-05-23,WA007,1022511059,300980338,310726,WA003,101,3002A-3007DRYGUM-3007FO-3007S-3025S-3033A-3035A-9999A-9999E,17
3058,232128-1-7-129,2025-05-23,WA007,1022511059,300980339,310726,WA003,101,3002A-3007DRYGUM-3007FO-3007S-3025S-3033A-3035A-9999A-9999E,17
3059,232128-1-7-129,2025-05-23,WA007,1022511059,300980340,310726,WA003,101,3002A-3007DRYGUM-3007FO-3007S-3025S-3033A-3035A-9999A-9999E,17
3060,232128-1-7-129,2025-05-23,WA007,1022511153,300981036,310726,WA003,101,3007DRYGUM-3007FO-3007S-3025S-3033A-3035A-9999A-9999E,16
3061,232128-1-7-129,2025-05-23,WA007,1022511153,300981037,310726,WA003,101,3007DRYGUM-3007FO-3007S-3025S-3033A-3035A-9999A-9999E,16
3062,232128-1-7-129,2025-05-23,WA007,1022511153,300981058,310726,WA003,101,3007DRYGUM-3007FO-3007S-3025S-3033A-3035A-9999A-9999E,16
3063,232128-1-7-129,2025-05-23,WA007,1022511153,300981059,310726,WA003,101,3007DRYGUM-3007FO-3007S-3025S-3033A-3035A-9999A-9999E,16
3064,232128-1-7-129,2025-05-23,WA007,1022511153,300981061,310726,WA003,101,3007DRYGUM-3007FO-3007S-3025S-3033A-3035A-9999A-9999E,16
3065,232128-1-7-129,2025-05-23,WA007,1022511153,300981062,310726,WA003,101,3007DRYGUM-3007FO-3007S-3025S-3033A-3035A-9999A-9999E,16
3066,232128-1-7-129,2025-05-23,WA007,1022511154,300981100,310726,WA003,101,3007DRYGUM-3007FO-3007S-3025S-3033A-3035A-9999A-9999E,16
3067,232128-1-7-129,2025-05-23,WA007,1022511154,300981101,310726,WA003,101,3007DRYGUM-3007FO-3007S-3025S-3033A-3035A-9999A-9999E,16
3068,232128-1-7-129,2025-05-23,WA007,1022511154,300981102,310726,WA003,101,3007DRYGUM-3007FO-3007S-3025S-3033A-3035A-9999A-9999E,16
3069,232128-1-7-129,2025-05-23,WA007,1022511154,300981103,310726,WA003,101,3007DRYGUM-3007FO-3007S-3025S-3033A-3035A-9999A-9999E,16
3070,232128-1-7-129,2025-05-23,WA007,1022511154,300981127,310726,WA003,101,3007DRYGUM-3007FO-3007S-3025S-3033A-3035A-9999A-9999E,16
3071,232128-1-7-129,2025-05-23,WA007,1022511154,300981128,310726,WA003,101,3007DRYGUM-3007FO-3007S-3025S-3033A-3035A-9999A-9999E,16
3072,232128-1-7-129,2025-05-23,WA007,1022511154,300981170,310726,WA003,101,3007DRYGUM-3007FO-3007S-3025S-3033A-3035A-9999A-9999E,16
3073,232128-1-7-129,2025-05-23,WA007,1022511154,300981171,310726,WA003,101,3007DRYGUM-3007FO-3007S-3025S-3033A-3035A-9999A-9999E,16
3074,232128-1-7-129,2025-05-23,WA007,1022511155,300981172,310726,WA003,101,3007DRYGUM-3007FO-3007S-3025S-3033A-3035A-9999A-9999E,16
3075,232128-1-7-129,2025-05-23,WA007,1022511155,300981173,310726,WA003,101,3007DRYGUM-3007FO-3007S-3025S-3033A-3035A-9999A-9999E,16
3076,232128-1-7-129,2025-05-23,WA007,1022511155,300981174,310726,WA003,101,3007DRYGUM-3007FO-3007S-3025S-3033A-3035A-9999A-9999E,16
3077,232128-1-7-129,2025-05-23,WA007,1022511155,300981175,310726,WA003,101,3007DRYGUM-3007FO-3007S-3025S-3033A-3035A-9999A-9999E,16
3078,232128-1-7-129,2025-05-23,WA007,1022511155,300981297,310726,WA003,101,3007DRYGUM-3007FO-3007S-3025S-3033A-3035A-9999A-9999E,16
3079,232128-1-7-129,2025-05-23,WA007,1022511155,300981298,310726,WA003,101,3007DRYGUM-3007FO-3007S-3025S-3033A-3035A-9999A-9999E,16
3080,232128-1-7-129,2025-05-23,WA007,1022510758,300975781,310726,WA003,101,3007DRYGUM-3007FO-3007S-3025S-3033A-3035A-9999A-9999E,20
3081,232128-1-7-129,2025-05-23,WA007,1022510758,300975788,310726,WA003,101,3007DRYGUM-3007FO-3007S-3025S-3033A-3035A-9999A-9999E,20
3082,232128-1-7-129,2025-05-23,WA007,1022510758,300975789,310726,WA003,101,3007DRYGUM-3007FO-3007S-3025S-3033A-3035A-9999A-9999E,20
3083,232128-1-7-129,2025-05-23,WA007,1022510758,300975801,310726,WA003,101,3007DRYGUM-3007FO-3007S-3025S-3033A-3035A-9999A-9999E,20
3084,232128-1-7-129,2025-05-23,WA007,1022510758,300975802,310726,WA003,101,3007DRYGUM-3007FO-3007S-3025S-3033A-3035A-9999A-9999E,20
3085,232128-1-7-129,2025-05-23,WA007,1022510758,300975803,310726,WA003,101,3007DRYGUM-3007FO-3007S-3025S-3033A-3035A-9999A-9999E,20
3086,232128-1-7-129,2025-05-23,WA007,1022510758,300975804,310726,WA003,101,3007DRYGUM-3007FO-3007S-3025S-3033A-3035A-9999A-9999E,20
3087,232128-1-7-129,2025-05-23,WA007,1022510758,300975805,310726,WA003,101,3007DRYGUM-3007FO-3007S-3025S-3033A-3035A-9999A-9999E,20
3088,232128-1-7-129,2025-05-23,WA007,1022510759,300975859,310726,WA003,101,3007DRYGUM-3007FO-3007S-3025S-3033A-3035A-9999A-9999E,20
3089,232128-1-7-129,2025-05-23,WA007,1022510759,300975860,310726,WA003,101,3007DRYGUM-3007FO-3007S-3025S-3033A-3035A-9999A-9999E,20
3090,232128-1-7-129,2025-05-23,WA007,1022506952,300922563,310726,WA003,101,3007DRYGUM-3007FO,58
3091,232128-1-7-129,2025-05-23,WA007,1022506952,300922566,310726,WA003,101,3007DRYGUM-3007FO,58
3092,232128-1-7-129,2025-05-23,WA007,1022506952,300922569,310726,WA003,101,3007DRYGUM-3007FO,58
3093,232128-1-7-129,2025-05-23,WA007,1022506952,300922570,310726,WA003,101,3007DRYGUM-3007FO,58
3094,232128-1-7-129,2025-05-23,WA007,1022506952,300922586,310726,WA003,101,3007DRYGUM-3007FO,58
3095,232128-1-7-129,2025-05-23,WA007,1022506952,300922587,310726,WA003,101,3007DRYGUM-3007FO,58
3096,232128-1-7-129,2025-05-23,WA007,1022506952,300922588,310726,WA003,101,3007DRYGUM-3007FO,58
3097,232128-1-7-129,2025-05-23,WA007,1022506952,300922589,310726,WA003,101,3007DRYGUM-3007FO,58
3098,232128-1-7-129,2025-05-23,WA007,1022506953,300922614,310726,WA003,101,3007DRYGUM-3007FO,58
3099,232128-1-7-129,2025-05-23,WA007,1022506953,300922615,310726,WA003,101,3007DRYGUM-3007FO,58
3100,232128-1-7-129,2025-05-23,WA007,1022506953,300922616,310726,WA003,101,3007DRYGUM-3007FO,58
3101,232128-1-7-129,2025-05-23,WA007,1022506953,300922617,310726,WA003,101,3007DRYGUM-3007FO,58
3102,232128-1-7-129,2025-05-23,WA007,1022506953,300922690,310726,WA003,101,3007DRYGUM-3007FO,58
3103,232128-1-7-129,2025-05-23,WA007,1022506953,300922691,310726,WA003,101,3007DRYGUM-3007FO,58
3104,232128-1-7-129,2025-05-23,WA007,1022506953,300922692,310726,WA003,101,3007DRYGUM-3007FO,58
3105,232128-1-7-129,2025-05-23,WA007,1022506953,300922693,310726,WA003,101,3007DRYGUM-3007FO,58
3106,232128-1-7-129,2025-05-23,WA007,1022506954,300922703,310726,WA003,101,3007DRYGUM-3007FO,58
3107,232128-1-7-129,2025-05-23,WA007,1022506954,300922704,310726,WA003,101,3007DRYGUM-3007FO,58
3108,232128-1-7-129,2025-05-23,WA007,1022506954,300922705,310726,WA003,101,3007DRYGUM-3007FO,58
3109,232128-1-7-129,2025-05-23,WA007,1022506954,300922706,310726,WA003,101,3007DRYGUM-3007FO,58
3110,232128-1-7-129,2025-05-23,WA007,1022506954,300922737,310726,WA003,101,3007DRYGUM-3007FO,58
3111,232128-1-7-129,2025-05-23,WA007,1022506954,300922738,310726,WA003,101,3007DRYGUM-3007FO,58
3112,232128-1-7-129,2025-05-23,WA007,1022506954,300922739,310726,WA003,101,3007DRYGUM-3007FO,58
3113,232128-1-7-129,2025-05-23,WA007,1022506954,300922740,310726,WA003,101,3007DRYGUM-3007FO,58
3114,232128-1-7-129,2025-05-23,WA007,1022506955,300922870,310726,WA003,101,3007DRYGUM-3007FO,58
3115,232128-1-7-129,2025-05-23,WA007,1022506955,300922871,310726,WA003,101,3007DRYGUM-3007FO,58
3116,232128-1-7-129,2025-05-23,WA007,1022506955,300922872,310726,WA003,101,3007DRYGUM-3007FO,58
3117,232128-1-7-129,2025-05-23,WA007,1022506955,300922873,310726,WA003,101,3007DRYGUM-3007FO,58
3118,232128-1-7-129,2025-05-23,WA007,1022506955,300922913,310726,WA003,101,3007DRYGUM-3007FO,58
3119,232128-1-7-129,2025-05-23,WA007,1022506955,300922914,310726,WA003,101,3007DRYGUM-3007FO,58
3120,232128-1-7-129,2025-05-23,WA007,1022506955,300922915,310726,WA003,101,3007DRYGUM-3007FO,58
3121,232128-1-7-129,2025-05-23,WA007,1022506955,300922916,310726,WA003,101,3007DRYGUM-3007FO,58
3122,232128-1-7-129,2025-05-23,WA007,1022506956,300922919,310726,WA003,101,3007DRYGUM-3007FO,58
3123,232128-1-7-129,2025-05-23,WA007,1022506956,300922920,310726,WA003,101,3007DRYGUM-3007FO,58
3124,232128-1-7-129,2025-05-23,WA007,1022506956,300922921,310726,WA003,101,3007DRYGUM-3007FO,58
3125,232128-1-7-129,2025-05-23,WA007,1022506956,300923031,310726,WA003,101,3007DRYGUM-3007FO,58
3126,232128-1-7-129,2025-05-23,WA007,1022506956,300923032,310726,WA003,101,3007DRYGUM-3007FO,58
3127,232128-1-7-129,2025-05-23,WA007,1022506956,300923033,310726,WA003,101,3007DRYGUM-3007FO,58
3128,232128-1-7-129,2025-05-23,WA007,1022506956,300923034,310726,WA003,101,3007DRYGUM-3007FO,58
3129,232128-1-7-129,2025-05-23,WA007,1022506956,300923036,310726,WA003,101,3007DRYGUM-3007FO,58
3130,232128-1-7-129,2025-05-23,WA007,1022506957,300923041,310726,WA003,101,3007DRYGUM-3007FO,58
3131,232128-1-7-129,2025-05-23,WA007,1022506957,300923042,310726,WA003,101,3007DRYGUM-3007FO,58
3132,232128-1-7-129,2025-05-23,WA007,1022506957,300923069,310726,WA003,101,3007DRYGUM-3007FO,58
3133,232128-1-7-129,2025-05-23,WA007,1022506957,300923070,310726,WA003,101,3007DRYGUM-3007FO,58
3134,232128-1-7-129,2025-05-23,WA007,1022506957,300923184,310726,WA003,101,3007DRYGUM-3007FO,58
3135,232128-1-7-129,2025-05-23,WA007,1022506957,300923186,310726,WA003,101,3007DRYGUM-3007FO,58
3136,232128-1-7-129,2025-05-23,WA007,1022506957,300923187,310726,WA003,101,3007DRYGUM-3007FO,58
3137,232128-1-7-129,2025-05-23,WA007,1022506957,300923188,310726,WA003,101,3007DRYGUM-3007FO,58
3138,232128-1-7-129,2025-05-23,WA007,1022506958,300923209,310726,WA003,101,3007DRYGUM-3007FO,58
3139,232128-1-7-129,2025-05-23,WA007,1022506958,300923210,310726,WA003,101,3007DRYGUM-3007FO,58
3140,232128-1-7-130,2025-05-23,WA007,1022510752,300975125,310726,WA003,101,3002A-3007DRYGUM-3007FO-3007S-3025S-3033A-3035A-9999A-9999E,20
3141,232128-1-7-130,2025-05-23,WA007,1022510752,300975126,310726,WA003,101,3002A-3007DRYGUM-3007FO-3007S-3025S-3033A-3035A-9999A-9999E,20
3142,232128-1-7-130,2025-05-23,WA007,1022510752,300975127,310726,WA003,101,3002A-3007DRYGUM-3007FO-3007S-3025S-3033A-3035A-9999A-9999E,20
3143,232128-1-7-130,2025-05-23,WA007,1022510752,300975128,310726,WA003,101,3002A-3007DRYGUM-3007FO-3007S-3025S-3033A-3035A-9999A-9999E,20
3144,232128-1-7-130,2025-05-23,WA007,1022510752,300975129,310726,WA003,101,3002A-3007DRYGUM-3007FO-3007S-3025S-3033A-3035A-9999A-9999E,20
3145,232128-1-7-130,2025-05-23,WA007,1022510752,300975130,310726,WA003,101,3002A-3007DRYGUM-3007FO-3007S-3025S-3033A-3035A-9999A-9999E,20
3146,232128-1-7-130,2025-05-23,WA007,1022510752,300975131,310726,WA003,101,3002A-3007DRYGUM-3007FO-3007S-3025S-3033A-3035A-9999A-9999E,20
3147,232128-1-7-130,2025-05-23,WA007,1022510752,300975205,310726,WA003,101,3002A-3007DRYGUM-3007FO-3007S-3025S-3033A-3035A-9999A-9999E,20
3148,232128-1-7-130,2025-05-23,WA007,1022510753,300975210,310726,WA003,101,3002A-3007DRYGUM-3007FO-3007S-3025S-3033A-3035A-9999A-9999E,20
3149,232128-1-7-130,2025-05-23,WA007,1022510753,300975276,310726,WA003,101,3002A-3007DRYGUM-3007FO-3007S-3025S-3033A-3035A-9999A-9999E,20
3150,232128-1-7-130,2025-05-23,WA007,1022510753,300975277,310726,WA003,101,3002A-3007DRYGUM-3007FO-3007S-3025S-3033A-3035A-9999A-9999E,20
3151,232128-1-7-130,2025-05-23,WA007,1022510753,300975324,310726,WA003,101,3002A-3007DRYGUM-3007FO-3007S-3025S-3033A-3035A-9999A-9999E,20
3152,232128-1-7-130,2025-05-23,WA007,1022510753,300975325,310726,WA003,101,3002A-3007DRYGUM-3007FO-3007S-3025S-3033A-3035A-9999A-9999E,20
3153,232128-1-7-130,2025-05-23,WA007,1022510753,300975326,310726,WA003,101,3002A-3007DRYGUM-3007FO-3007S-3025S-3033A-3035A-9999A-9999E,20
3154,232128-1-7-130,2025-05-23,WA007,1022510753,300975327,310726,WA003,101,3002A-3007DRYGUM-3007FO-3007S-3025S-3033A-3035A-9999A-9999E,20
3155,232128-1-7-130,2025-05-23,WA007,1022510753,300975329,310726,WA003,101,3002A-3007DRYGUM-3007FO-3007S-3025S-3033A-3035A-9999A-9999E,20
3156,232128-1-7-130,2025-05-23,WA007,1022510754,300975346,310726,WA003,101,3002A-3007DRYGUM-3007FO-3007S-3025S-3033A-3035A-9999A-9999E,20
3157,232128-1-7-130,2025-05-23,WA007,1022510754,300975347,310726,WA003,101,3002A-3007DRYGUM-3007FO-3007S-3025S-3033A-3035A-9999A-9999E,20
3158,232128-1-7-130,2025-05-23,WA007,1022510754,300975348,310726,WA003,101,3002A-3007DRYGUM-3007FO-3007S-3025S-3033A-3035A-9999A-9999E,20
3159,232128-1-7-130,2025-05-23,WA007,1022510754,300975349,310726,WA003,101,3002A-3007DRYGUM-3007FO-3007S-3025S-3033A-3035A-9999A-9999E,20
3160,232128-1-7-130,2025-05-23,WA007,1022510754,300975429,310726,WA003,101,3002A-3007DRYGUM-3007FO-3007S-3025S-3033A-3035A-9999A-9999E,20
3161,232128-1-7-130,2025-05-23,WA007,1022510754,300975430,310726,WA003,101,3002A-3007DRYGUM-3007FO-3007S-3025S-3033A-3035A-9999A-9999E,20
3162,232128-1-7-130,2025-05-23,WA007,1022510754,300975431,310726,WA003,101,3002A-3007DRYGUM-3007FO-3007S-3025S-3033A-3035A-9999A-9999E,20
3163,232128-1-7-130,2025-05-23,WA007,1022510754,300975432,310726,WA003,101,3002A-3007DRYGUM-3007FO-3007S-3025S-3033A-3035A-9999A-9999E,20
3164,232128-1-7-130,2025-05-23,WA007,1022510755,300975444,310726,WA003,101,3002A-3007DRYGUM-3007FO-3007S-3025S-3033A-3035A-9999A-9999E,20
3165,232128-1-7-130,2025-05-23,WA007,1022510755,300975445,310726,WA003,101,3002A-3007DRYGUM-3007FO-3007S-3025S-3033A-3035A-9999A-9999E,20
3166,232128-1-7-130,2025-05-23,WA007,1022510755,300975447,310726,WA003,101,3002A-3007DRYGUM-3007FO-3007S-3025S-3033A-3035A-9999A-9999E,20
3167,232128-1-7-130,2025-05-23,WA007,1022510755,300975455,310726,WA003,101,3002A-3007DRYGUM-3007FO-3007S-3025S-3033A-3035A-9999A-9999E,20
3168,232128-1-7-130,2025-05-23,WA007,1022510755,300975524,310726,WA003,101,3002A-3007DRYGUM-3007FO-3007S-3025S-3033A-3035A-9999A-9999E,20
3169,232128-1-7-130,2025-05-23,WA007,1022510755,300975525,310726,WA003,101,3002A-3007DRYGUM-3007FO-3007S-3025S-3033A-3035A-9999A-9999E,20
3170,232128-1-7-130,2025-05-23,WA007,1022510755,300975552,310726,WA003,101,3002A-3007DRYGUM-3007FO-3007S-3025S-3033A-3035A-9999A-9999E,20
3171,232128-1-7-130,2025-05-23,WA007,1022510755,300975553,310726,WA003,101,3002A-3007DRYGUM-3007FO-3007S-3025S-3033A-3035A-9999A-9999E,20
3172,232128-1-7-130,2025-05-23,WA007,1022510757,300975720,310726,WA003,101,3002A-3007DRYGUM-3007FO-3007S-3025S-3033A-3035A-9999A-9999E,20
3173,232128-1-7-130,2025-05-23,WA007,1022510757,300975722,310726,WA003,101,3002A-3007DRYGUM-3007FO-3007S-3025S-3033A-3035A-9999A-9999E,20
3174,232128-1-7-130,2025-05-23,WA007,1022510757,300975723,310726,WA003,101,3002A-3007DRYGUM-3007FO-3007S-3025S-3033A-3035A-9999A-9999E,20
3175,232128-1-7-130,2025-05-23,WA007,1022510757,300975774,310726,WA003,101,3002A-3007DRYGUM-3007FO-3007S-3025S-3033A-3035A-9999A-9999E,20
3176,232128-1-7-130,2025-05-23,WA007,1022510757,300975775,310726,WA003,101,3002A-3007DRYGUM-3007FO-3007S-3025S-3033A-3035A-9999A-9999E,20
3177,232128-1-7-130,2025-05-23,WA007,1022510757,300975776,310726,WA003,101,3002A-3007DRYGUM-3007FO-3007S-3025S-3033A-3035A-9999A-9999E,20
3178,232128-1-7-130,2025-05-23,WA007,1022510757,300975778,310726,WA003,101,3002A-3007DRYGUM-3007FO-3007S-3025S-3033A-3035A-9999A-9999E,20
3179,232128-1-7-130,2025-05-23,WA007,1022510757,300975779,310726,WA003,101,3002A-3007DRYGUM-3007FO-3007S-3025S-3033A-3035A-9999A-9999E,20
3180,232128-1-7-130,2025-05-23,WA007,1022507354,300929205,310726,WA003,101,3007DRYGUM-3007FO-3007S-3025S-3033A-3035A-9999A-9999E,54
3181,232128-1-7-130,2025-05-23,WA007,1022507354,300929206,310726,WA003,101,3007DRYGUM-3007FO-3007S-3025S-3033A-3035A-9999A-9999E,54
3182,232128-1-7-130,2025-05-23,WA007,1022507354,300929220,310726,WA003,101,3007DRYGUM-3007FO-3007S-3025S-3033A-3035A-9999A-9999E,54
3183,232128-1-7-130,2025-05-23,WA007,1022507354,300929240,310726,WA003,101,3007DRYGUM-3007FO-3007S-3025S-3033A-3035A-9999A-9999E,54
3184,232128-1-7-130,2025-05-23,WA007,1022507354,300929241,310726,WA003,101,3007DRYGUM-3007FO-3007S-3025S-3033A-3035A-9999A-9999E,54
3185,232128-1-7-130,2025-05-23,WA007,1022507354,300929242,310726,WA003,101,3007DRYGUM-3007FO-3007S-3025S-3033A-3035A-9999A-9999E,54
3186,232128-1-7-130,2025-05-23,WA007,1022507354,300929250,310726,WA003,101,3007DRYGUM-3007FO-3007S-3025S-3033A-3035A-9999A-9999E,54
3187,232128-1-7-130,2025-05-23,WA007,1022507354,300929251,310726,WA003,101,3007DRYGUM-3007FO-3007S-3025S-3033A-3035A-9999A-9999E,54
3188,232128-1-7-130,2025-05-23,WA007,1022507355,300929263,310726,WA003,101,3007DRYGUM-3007FO-3007S-3025S-3033A-3035A-9999A-9999E,54
3189,232128-1-7-130,2025-05-23,WA007,1022507355,300929304,310726,WA003,101,3007DRYGUM-3007FO-3007S-3025S-3033A-3035A-9999A-9999E,54
3190,232128-1-7-130,2025-05-23,WA007,1022507355,300929305,310726,WA003,101,3007DRYGUM-3007FO-3007S-3025S-3033A-3035A-9999A-9999E,54
3191,232128-1-7-130,2025-05-23,WA007,1022507355,300929306,310726,WA003,101,3007DRYGUM-3007FO-3007S-3025S-3033A-3035A-9999A-9999E,54
3192,232128-1-7-130,2025-05-23,WA007,1022507355,300929307,310726,WA003,101,3007DRYGUM-3007FO-3007S-3025S-3033A-3035A-9999A-9999E,54
3193,232128-1-7-130,2025-05-23,WA007,1022507355,300929308,310726,WA003,101,3007DRYGUM-3007FO-3007S-3025S-3033A-3035A-9999A-9999E,54
3194,232128-1-7-130,2025-05-23,WA007,1022507355,300929398,310726,WA003,101,3007DRYGUM-3007FO-3007S-3025S-3033A-3035A-9999A-9999E,54
3195,232128-1-7-130,2025-05-23,WA007,1022507355,300929399,310726,WA003,101,3007DRYGUM-3007FO-3007S-3025S-3033A-3035A-9999A-9999E,54
3196,232128-1-7-130,2025-05-23,WA007,1022507356,300929400,310726,WA003,101,3007DRYGUM-3007FO-3007S-3025S-3033A-3035A-9999A-9999E,54
3197,232128-1-7-130,2025-05-23,WA007,1022507356,300929401,310726,WA003,101,3007DRYGUM-3007FO-3007S-3025S-3033A-3035A-9999A-9999E,54
3198,232128-1-7-130,2025-05-23,WA007,1022507356,300929407,310726,WA003,101,3007DRYGUM-3007FO-3007S-3025S-3033A-3035A-9999A-9999E,54
3199,232128-1-7-130,2025-05-23,WA007,1022507356,300929425,310726,WA003,101,3007DRYGUM-3007FO-3007S-3025S-3033A-3035A-9999A-9999E,54
3200,232128-1-7-130,2025-05-23,WA007,1022507356,300929426,310726,WA003,101,3007DRYGUM-3007FO-3007S-3025S-3033A-3035A-9999A-9999E,54
3201,232128-1-7-130,2025-05-23,WA007,1022507356,300929427,310726,WA003,101,3007DRYGUM-3007FO-3007S-3025S-3033A-3035A-9999A-9999E,54
3202,232128-1-7-130,2025-05-23,WA007,1022507356,300929428,310726,WA003,101,3007DRYGUM-3007FO-3007S-3025S-3033A-3035A-9999A-9999E,54
3203,232128-1-7-130,2025-05-23,WA007,1022507356,300929429,310726,WA003,101,3007DRYGUM-3007FO-3007S-3025S-3033A-3035A-9999A-9999E,54
3204,232128-1-7-130,2025-05-23,WA007,1022507357,300929441,310726,WA003,101,3007DRYGUM-3007FO-3007S-3025S-3033A-3035A-9999A-9999E,54
3205,232128-1-7-130,2025-05-23,WA007,1022507357,300929442,310726,WA003,101,3007DRYGUM-3007FO-3007S-3025S-3033A-3035A-9999A-9999E,54
3206,232128-1-7-130,2025-05-23,WA007,1022507357,300929443,310726,WA003,101,3007DRYGUM-3007FO-3007S-3025S-3033A-3035A-9999A-9999E,54
3207,232128-1-7-130,2025-05-23,WA007,1022507357,300929516,310726,WA003,101,3007DRYGUM-3007FO-3007S-3025S-3033A-3035A-9999A-9999E,54
3208,232128-1-7-130,2025-05-23,WA007,1022507357,300929517,310726,WA003,101,3007DRYGUM-3007FO-3007S-3025S-3033A-3035A-9999A-9999E,54
3209,232128-1-7-130,2025-05-23,WA007,1022507357,300929519,310726,WA003,101,3007DRYGUM-3007FO-3007S-3025S-3033A-3035A-9999A-9999E,54
3210,232128-1-7-130,2025-05-23,WA007,1022507357,300929530,310726,WA003,101,3007DRYGUM-3007FO-3007S-3025S-3033A-3035A-9999A-9999E,54
3211,232128-1-7-130,2025-05-23,WA007,1022507357,300929531,310726,WA003,101,3007DRYGUM-3007FO-3007S-3025S-3033A-3035A-9999A-9999E,54
3212,232128-1-7-130,2025-05-23,WA007,1022507358,300929532,310726,WA003,101,3007DRYGUM-3007FO-3007S-3025S-3033A-3035A-9999A-9999E,54
3213,232128-1-7-130,2025-05-23,WA007,1022507358,300929533,310726,WA003,101,3007DRYGUM-3007FO-3007S-3025S-3033A-3035A-9999A-9999E,54
3214,232128-1-7-130,2025-05-23,WA007,1022507358,300929556,310726,WA003,101,3007DRYGUM-3007FO-3007S-3025S-3033A-3035A-9999A-9999E,54
3215,232128-1-7-130,2025-05-23,WA007,1022507358,300929557,310726,WA003,101,3007DRYGUM-3007FO-3007S-3025S-3033A-3035A-9999A-9999E,54
3216,232128-1-7-130,2025-05-23,WA007,1022507358,300929559,310726,WA003,101,3007DRYGUM-3007FO-3007S-3025S-3033A-3035A-9999A-9999E,54
3217,232128-1-7-130,2025-05-23,WA007,1022507358,300929580,310726,WA003,101,3007DRYGUM-3007FO-3007S-3025S-3033A-3035A-9999A-9999E,54
3218,232128-1-7-130,2025-05-23,WA007,1022507358,300929581,310726,WA003,101,3007DRYGUM-3007FO-3007S-3025S-3033A-3035A-9999A-9999E,54
3219,232128-1-7-130,2025-05-23,WA007,1022507358,300929582,310726,WA003,101,3007DRYGUM-3007FO-3007S-3025S-3033A-3035A-9999A-9999E,54
3220,232128-1-7-131,2025-05-23,WA007,1022511552,300986538,310726,WA003,101,3002A-3007DRYGUM-3007FO-3007S-3025S-3033A-3035A-9999A-9999E,12
3221,232128-1-7-131,2025-05-23,WA007,1022511552,300986539,310726,WA003,101,3002A-3007DRYGUM-3007FO-3007S-3025S-3033A-3035A-9999A-9999E,12
3222,232128-1-7-131,2025-05-23,WA007,1022511552,300986540,310726,WA003,101,3002A-3007DRYGUM-3007FO-3007S-3025S-3033A-3035A-9999A-9999E,12
3223,232128-1-7-131,2025-05-23,WA007,1022511552,300986564,310726,WA003,101,3002A-3007DRYGUM-3007FO-3007S-3025S-3033A-3035A-9999A-9999E,12
3224,232128-1-7-131,2025-05-23,WA007,1022511552,300986565,310726,WA003,101,3002A-3007DRYGUM-3007FO-3007S-3025S-3033A-3035A-9999A-9999E,12
3225,232128-1-7-131,2025-05-23,WA007,1022511552,300986566,310726,WA003,101,3002A-3007DRYGUM-3007FO-3007S-3025S-3033A-3035A-9999A-9999E,12
3226,232128-1-7-131,2025-05-23,WA007,1022511552,300986621,310726,WA003,101,3002A-3007DRYGUM-3007FO-3007S-3025S-3033A-3035A-9999A-9999E,12
3227,232128-1-7-131,2025-05-23,WA007,1022511552,300986622,310726,WA003,101,3002A-3007DRYGUM-3007FO-3007S-3025S-3033A-3035A-9999A-9999E,12
3228,232128-1-7-131,2025-05-23,WA007,1022511553,300986623,310726,WA003,101,3002A-3007DRYGUM-3007FO-3007S-3025S-3033A-3035A-9999A-9999E,12
3229,232128-1-7-131,2025-05-23,WA007,1022511553,300986627,310726,WA003,101,3002A-3007DRYGUM-3007FO-3007S-3025S-3033A-3035A-9999A-9999E,12
3230,232128-1-7-131,2025-05-23,WA007,1022511553,300986628,310726,WA003,101,3002A-3007DRYGUM-3007FO-3007S-3025S-3033A-3035A-9999A-9999E,12
3231,232128-1-7-131,2025-05-23,WA007,1022511553,300986629,310726,WA003,101,3002A-3007DRYGUM-3007FO-3007S-3025S-3033A-3035A-9999A-9999E,12
3232,232128-1-7-131,2025-05-23,WA007,1022511553,300986671,310726,WA003,101,3002A-3007DRYGUM-3007FO-3007S-3025S-3033A-3035A-9999A-9999E,12
3233,232128-1-7-131,2025-05-23,WA007,1022511553,300986672,310726,WA003,101,3002A-3007DRYGUM-3007FO-3007S-3025S-3033A-3035A-9999A-9999E,12
3234,232128-1-7-131,2025-05-23,WA007,1022511553,300986673,310726,WA003,101,3002A-3007DRYGUM-3007FO-3007S-3025S-3033A-3035A-9999A-9999E,12
3235,232128-1-7-131,2025-05-23,WA007,1022511553,300986674,310726,WA003,101,3002A-3007DRYGUM-3007FO-3007S-3025S-3033A-3035A-9999A-9999E,12
3236,232128-1-7-131,2025-05-23,WA007,1022511554,300986686,310726,WA003,101,3002A-3007DRYGUM-3007FO-3007S-3025S-3033A-3035A-9999A-9999E,12
3237,232128-1-7-131,2025-05-23,WA007,1022511554,300986687,310726,WA003,101,3002A-3007DRYGUM-3007FO-3007S-3025S-3033A-3035A-9999A-9999E,12
3238,232128-1-7-131,2025-05-23,WA007,1022511554,300986689,310726,WA003,101,3002A-3007DRYGUM-3007FO-3007S-3025S-3033A-3035A-9999A-9999E,12
3239,232128-1-7-131,2025-05-23,WA007,1022511554,300986690,310726,WA003,101,3002A-3007DRYGUM-3007FO-3007S-3025S-3033A-3035A-9999A-9999E,12
3240,232128-1-7-131,2025-05-23,WA007,1022511554,300986746,310726,WA003,101,3002A-3007DRYGUM-3007FO-3007S-3025S-3033A-3035A-9999A-9999E,12
3241,232128-1-7-131,2025-05-23,WA007,1022511554,300986747,310726,WA003,101,3002A-3007DRYGUM-3007FO-3007S-3025S-3033A-3035A-9999A-9999E,12
3242,232128-1-7-131,2025-05-23,WA007,1022511554,300986748,310726,WA003,101,3002A-3007DRYGUM-3007FO-3007S-3025S-3033A-3035A-9999A-9999E,12
3243,232128-1-7-131,2025-05-23,WA007,1022511554,300986749,310726,WA003,101,3002A-3007DRYGUM-3007FO-3007S-3025S-3033A-3035A-9999A-9999E,12
3244,232128-1-7-131,2025-05-23,WA007,1022511555,300986815,310726,WA003,101,3002A-3007DRYGUM-3007FO-3007S-3025S-3033A-3035A-9999A-9999E,12
3245,232128-1-7-131,2025-05-23,WA007,1022511555,300986816,310726,WA003,101,3002A-3007DRYGUM-3007FO-3007S-3025S-3033A-3035A-9999A-9999E,12
3246,232128-1-7-131,2025-05-23,WA007,1022511555,300986817,310726,WA003,101,3002A-3007DRYGUM-3007FO-3007S-3025S-3033A-3035A-9999A-9999E,12
3247,232128-1-7-131,2025-05-23,WA007,1022511555,300986818,310726,WA003,101,3002A-3007DRYGUM-3007FO-3007S-3025S-3033A-3035A-9999A-9999E,12
3248,232128-1-7-131,2025-05-23,WA007,1022511555,300986820,310726,WA003,101,3002A-3007DRYGUM-3007FO-3007S-3025S-3033A-3035A-9999A-9999E,12
3249,232128-1-7-131,2025-05-23,WA007,1022511555,300986821,310726,WA003,101,3002A-3007DRYGUM-3007FO-3007S-3025S-3033A-3035A-9999A-9999E,12
3250,232128-1-7-131,2025-05-23,WA007,1022511555,300986822,310726,WA003,101,3002A-3007DRYGUM-3007FO-3007S-3025S-3033A-3035A-9999A-9999E,12
3251,232128-1-7-131,2025-05-23,WA007,1022511555,300986824,310726,WA003,101,3002A-3007DRYGUM-3007FO-3007S-3025S-3033A-3035A-9999A-9999E,12
3252,232128-1-7-131,2025-05-23,WA007,1022511556,300986954,310726,WA003,101,3002A-3007DRYGUM-3007FO-3007S-3025S-3033A-3035A-9999A-9999E,12
3253,232128-1-7-131,2025-05-23,WA007,1022511556,300986956,310726,WA003,101,3002A-3007DRYGUM-3007FO-3007S-3025S-3033A-3035A-9999A-9999E,12
3254,232128-1-7-131,2025-05-23,WA007,1022511556,300986957,310726,WA003,101,3002A-3007DRYGUM-3007FO-3007S-3025S-3033A-3035A-9999A-9999E,12
3255,232128-1-7-131,2025-05-23,WA007,1022511556,300986958,310726,WA003,101,3002A-3007DRYGUM-3007FO-3007S-3025S-3033A-3035A-9999A-9999E,12
3256,232128-1-7-131,2025-05-23,WA007,1022511556,300986959,310726,WA003,101,3002A-3007DRYGUM-3007FO-3007S-3025S-3033A-3035A-9999A-9999E,12
3257,232128-1-7-131,2025-05-23,WA007,1022511556,300986997,310726,WA003,101,3002A-3007DRYGUM-3007FO-3007S-3025S-3033A-3035A-9999A-9999E,12
3258,232128-1-7-131,2025-05-23,WA007,1022511556,300986998,310726,WA003,101,3002A-3007DRYGUM-3007FO-3007S-3025S-3033A-3035A-9999A-9999E,12
3259,232128-1-7-131,2025-05-23,WA007,1022511556,300986999,310726,WA003,101,3002A-3007DRYGUM-3007FO-3007S-3025S-3033A-3035A-9999A-9999E,12
3260,232128-1-7-131,2025-05-23,WA007,1022511557,300987002,310726,WA003,101,3002A-3007DRYGUM-3007FO-3007S-3025S-3033A-3035A-9999A-9999E,12
3261,232128-1-7-131,2025-05-23,WA007,1022511557,300987003,310726,WA003,101,3002A-3007DRYGUM-3007FO-3007S-3025S-3033A-3035A-9999A-9999E,12
3262,232128-1-7-131,2025-05-23,WA007,1022511557,300987006,310726,WA003,101,3002A-3007DRYGUM-3007FO-3007S-3025S-3033A-3035A-9999A-9999E,12
3263,232128-1-7-131,2025-05-23,WA007,1022511557,300987081,310726,WA003,101,3002A-3007DRYGUM-3007FO-3007S-3025S-3033A-3035A-9999A-9999E,12
3264,232128-1-7-131,2025-05-23,WA007,1022511557,300987082,310726,WA003,101,3002A-3007DRYGUM-3007FO-3007S-3025S-3033A-3035A-9999A-9999E,12
3265,232128-1-7-131,2025-05-23,WA007,1022511557,300987083,310726,WA003,101,3002A-3007DRYGUM-3007FO-3007S-3025S-3033A-3035A-9999A-9999E,12
3266,232128-1-7-131,2025-05-23,WA007,1022511557,300987085,310726,WA003,101,3002A-3007DRYGUM-3007FO-3007S-3025S-3033A-3035A-9999A-9999E,12
3267,232128-1-7-131,2025-05-23,WA007,1022511557,300987107,310726,WA003,101,3002A-3007DRYGUM-3007FO-3007S-3025S-3033A-3035A-9999A-9999E,12
3268,232128-1-7-131,2025-05-23,WA007,1022511558,300987108,310726,WA003,101,3002A-3007DRYGUM-3007FO-3007S-3025S-3033A-3035A-9999A-9999E,12
3269,232128-1-7-131,2025-05-23,WA007,1022511558,300987109,310726,WA003,101,3002A-3007DRYGUM-3007FO-3007S-3025S-3033A-3035A-9999A-9999E,12
3270,232128-1-7-131,2025-05-23,WA007,1022511558,300987111,310726,WA003,101,3002A-3007DRYGUM-3007FO-3007S-3025S-3033A-3035A-9999A-9999E,12
3271,232128-1-7-131,2025-05-23,WA007,1022511558,300987112,310726,WA003,101,3002A-3007DRYGUM-3007FO-3007S-3025S-3033A-3035A-9999A-9999E,12
3272,232128-1-7-131,2025-05-23,WA007,1022511558,300987116,310726,WA003,101,3002A-3007DRYGUM-3007FO-3007S-3025S-3033A-3035A-9999A-9999E,12
3273,232128-1-7-131,2025-05-23,WA007,1022511558,300987140,310726,WA003,101,3002A-3007DRYGUM-3007FO-3007S-3025S-3033A-3035A-9999A-9999E,12
3274,232128-1-7-131,2025-05-23,WA007,1022511558,300987141,310726,WA003,101,3002A-3007DRYGUM-3007FO-3007S-3025S-3033A-3035A-9999A-9999E,12
3275,232128-1-7-131,2025-05-23,WA007,1022511558,300987142,310726,WA003,101,3002A-3007DRYGUM-3007FO-3007S-3025S-3033A-3035A-9999A-9999E,12
3276,232128-1-7-131,2025-05-23,WA007,1022511559,300987170,310726,WA003,101,3002A-3007DRYGUM-3007FO-3007S-3025S-3033A-3035A-9999A-9999E,12
3277,232128-1-7-131,2025-05-23,WA007,1022511559,300987171,310726,WA003,101,3002A-3007DRYGUM-3007FO-3007S-3025S-3033A-3035A-9999A-9999E,12
3278,232128-1-7-131,2025-05-23,WA007,1022511559,300987230,310726,WA003,101,3002A-3007DRYGUM-3007FO-3007S-3025S-3033A-3035A-9999A-9999E,12
3279,232128-1-7-131,2025-05-23,WA007,1022511559,300987231,310726,WA003,101,3002A-3007DRYGUM-3007FO-3007S-3025S-3033A-3035A-9999A-9999E,12
3280,232128-1-7-131,2025-05-23,WA007,1022510652,300973942,310726,WA003,101,3002A-3007DRYGUM-3007FO-3007S-3025S-3033A-3035A-9999A-9999E,21
3281,232128-1-7-131,2025-05-23,WA007,1022510652,300973943,310726,WA003,101,3002A-3007DRYGUM-3007FO-3007S-3025S-3033A-3035A-9999A-9999E,21
3282,232128-1-7-131,2025-05-23,WA007,1022510652,300973944,310726,WA003,101,3002A-3007DRYGUM-3007FO-3007S-3025S-3033A-3035A-9999A-9999E,21
3283,232128-1-7-131,2025-05-23,WA007,1022510652,300973945,310726,WA003,101,3002A-3007DRYGUM-3007FO-3007S-3025S-3033A-3035A-9999A-9999E,21
3284,232128-1-7-131,2025-05-23,WA007,1022510652,300973947,310726,WA003,101,3002A-3007DRYGUM-3007FO-3007S-3025S-3033A-3035A-9999A-9999E,21
3285,232128-1-7-131,2025-05-23,WA007,1022510652,300973948,310726,WA003,101,3002A-3007DRYGUM-3007FO-3007S-3025S-3033A-3035A-9999A-9999E,21
3286,232128-1-7-131,2025-05-23,WA007,1022510652,300973949,310726,WA003,101,3002A-3007DRYGUM-3007FO-3007S-3025S-3033A-3035A-9999A-9999E,21
3287,232128-1-7-131,2025-05-23,WA007,1022510652,300973952,310726,WA003,101,3002A-3007DRYGUM-3007FO-3007S-3025S-3033A-3035A-9999A-9999E,21
3288,232128-1-7-131,2025-05-23,WA007,1022510653,300974023,310726,WA003,101,3002A-3007DRYGUM-3007FO-3007S-3025S-3033A-3035A-9999A-9999E,21
3289,232128-1-7-131,2025-05-23,WA007,1022510653,300974024,310726,WA003,101,3002A-3007DRYGUM-3007FO-3007S-3025S-3033A-3035A-9999A-9999E,21
3290,232128-1-7-131,2025-05-23,WA007,1022510653,300974025,310726,WA003,101,3002A-3007DRYGUM-3007FO-3007S-3025S-3033A-3035A-9999A-9999E,21
3291,232128-1-7-131,2025-05-23,WA007,1022510653,300974026,310726,WA003,101,3002A-3007DRYGUM-3007FO-3007S-3025S-3033A-3035A-9999A-9999E,21
3292,232128-1-7-131,2025-05-23,WA007,1022510653,300974070,310726,WA003,101,3002A-3007DRYGUM-3007FO-3007S-3025S-3033A-3035A-9999A-9999E,21
3293,232128-1-7-131,2025-05-23,WA007,1022510653,300974071,310726,WA003,101,3002A-3007DRYGUM-3007FO-3007S-3025S-3033A-3035A-9999A-9999E,21
3294,232128-1-7-131,2025-05-23,WA007,1022510653,300974072,310726,WA003,101,3002A-3007DRYGUM-3007FO-3007S-3025S-3033A-3035A-9999A-9999E,21
3295,232128-1-7-131,2025-05-23,WA007,1022510653,300974073,310726,WA003,101,3002A-3007DRYGUM-3007FO-3007S-3025S-3033A-3035A-9999A-9999E,21
3296,232128-1-7-131,2025-05-23,WA007,1022510654,300974229,310726,WA003,101,3002A-3007DRYGUM-3007FO-3007S-3025S-3033A-3035A-9999A-9999E,21
3297,232128-1-7-131,2025-05-23,WA007,1022510654,300974230,310726,WA003,101,3002A-3007DRYGUM-3007FO-3007S-3025S-3033A-3035A-9999A-9999E,21
3298,232128-1-7-131,2025-05-23,WA007,1022510654,300974232,310726,WA003,101,3002A-3007DRYGUM-3007FO-3007S-3025S-3033A-3035A-9999A-9999E,21
3299,232128-1-7-131,2025-05-23,WA007,1022510654,300974233,310726,WA003,101,3002A-3007DRYGUM-3007FO-3007S-3025S-3033A-3035A-9999A-9999E,21
3300,232130-1-8-120,2025-05-26,WA007,1022510553,300972647,310726,WA003,101,3007DRYGUM-3007FO-3007S-3025S-3033A-3035A-9999A-9999E,22
3301,232130-1-8-120,2025-05-26,WA007,1022510553,300972648,310726,WA003,101,3007DRYGUM-3007FO-3007S-3025S-3033A-3035A-9999A-9999E,22
3302,232130-1-8-120,2025-05-26,WA007,1022510553,300972649,310726,WA003,101,3007DRYGUM-3007FO-3007S-3025S-3033A-3035A-9999A-9999E,22
3303,232130-1-8-120,2025-05-26,WA007,1022510553,300972650,310726,WA003,101,3007DRYGUM-3007FO-3007S-3025S-3033A-3035A-9999A-9999E,22
3304,232130-1-8-120,2025-05-26,WA007,1022510553,300972688,310726,WA003,101,3007DRYGUM-3007FO-3007S-3025S-3033A-3035A-9999A-9999E,22
3305,232130-1-8-120,2025-05-26,WA007,1022510553,300972689,310726,WA003,101,3007DRYGUM-3007FO-3007S-3025S-3033A-3035A-9999A-9999E,22
3306,232130-1-8-120,2025-05-26,WA007,1022510553,300972690,310726,WA003,101,3007DRYGUM-3007FO-3007S-3025S-3033A-3035A-9999A-9999E,22
3307,232130-1-8-120,2025-05-26,WA007,1022510553,300972691,310726,WA003,101,3007DRYGUM-3007FO-3007S-3025S-3033A-3035A-9999A-9999E,22
3308,232130-1-8-120,2025-05-26,WA007,1022510554,300972713,310726,WA003,101,3007DRYGUM-3007FO-3007S-3025S-3033A-3035A-9999A-9999E,22
3309,232130-1-8-120,2025-05-26,WA007,1022510554,300972714,310726,WA003,101,3007DRYGUM-3007FO-3007S-3025S-3033A-3035A-9999A-9999E,22
3310,232130-1-8-120,2025-05-26,WA007,1022510554,300972715,310726,WA003,101,3007DRYGUM-3007FO-3007S-3025S-3033A-3035A-9999A-9999E,22
3311,232130-1-8-120,2025-05-26,WA007,1022510554,300972744,310726,WA003,101,3007DRYGUM-3007FO-3007S-3025S-3033A-3035A-9999A-9999E,22
3312,232130-1-8-120,2025-05-26,WA007,1022510554,300972745,310726,WA003,101,3007DRYGUM-3007FO-3007S-3025S-3033A-3035A-9999A-9999E,22
3313,232130-1-8-120,2025-05-26,WA007,1022510554,300972746,310726,WA003,101,3007DRYGUM-3007FO-3007S-3025S-3033A-3035A-9999A-9999E,22
3314,232130-1-8-120,2025-05-26,WA007,1022510554,300972747,310726,WA003,101,3007DRYGUM-3007FO-3007S-3025S-3033A-3035A-9999A-9999E,22
3315,232130-1-8-120,2025-05-26,WA007,1022510554,300972748,310726,WA003,101,3007DRYGUM-3007FO-3007S-3025S-3033A-3035A-9999A-9999E,22
3316,232130-1-8-120,2025-05-26,WA007,1022510555,300972820,310726,WA003,101,3007DRYGUM-3007FO-3007S-3025S-3033A-3035A-9999A-9999E,22
3317,232130-1-8-120,2025-05-26,WA007,1022510555,300972821,310726,WA003,101,3007DRYGUM-3007FO-3007S-3025S-3033A-3035A-9999A-9999E,22
3318,232130-1-8-120,2025-05-26,WA007,1022510555,300972822,310726,WA003,101,3007DRYGUM-3007FO-3007S-3025S-3033A-3035A-9999A-9999E,22
3319,232130-1-8-120,2025-05-26,WA007,1022510555,300972823,310726,WA003,101,3007DRYGUM-3007FO-3007S-3025S-3033A-3035A-9999A-9999E,22
3320,232130-1-8-120,2025-05-26,WA007,1022510555,300972824,310726,WA003,101,3007DRYGUM-3007FO-3007S-3025S-3033A-3035A-9999A-9999E,22
3321,232130-1-8-120,2025-05-26,WA007,1022510555,300972825,310726,WA003,101,3007DRYGUM-3007FO-3007S-3025S-3033A-3035A-9999A-9999E,22
3322,232130-1-8-120,2025-05-26,WA007,1022510555,300972828,310726,WA003,101,3007DRYGUM-3007FO-3007S-3025S-3033A-3035A-9999A-9999E,22
3323,232130-1-8-120,2025-05-26,WA007,1022510555,300972829,310726,WA003,101,3007DRYGUM-3007FO-3007S-3025S-3033A-3035A-9999A-9999E,22
3324,232130-1-8-120,2025-05-26,WA007,1022510556,300972830,310726,WA003,101,3007DRYGUM-3007FO-3007S-3025S-3033A-3035A-9999A-9999E,22
3325,232130-1-8-120,2025-05-26,WA007,1022510556,300972836,310726,WA003,101,3007DRYGUM-3007FO-3007S-3025S-3033A-3035A-9999A-9999E,22
3326,232130-1-8-120,2025-05-26,WA007,1022510556,300972857,310726,WA003,101,3007DRYGUM-3007FO-3007S-3025S-3033A-3035A-9999A-9999E,22
3327,232130-1-8-120,2025-05-26,WA007,1022510556,300972858,310726,WA003,101,3007DRYGUM-3007FO-3007S-3025S-3033A-3035A-9999A-9999E,22
3328,232130-1-8-120,2025-05-26,WA007,1022510556,300972860,310726,WA003,101,3007DRYGUM-3007FO-3007S-3025S-3033A-3035A-9999A-9999E,22
3329,232130-1-8-120,2025-05-26,WA007,1022510556,300972878,310726,WA003,101,3007DRYGUM-3007FO-3007S-3025S-3033A-3035A-9999A-9999E,22
3330,232130-1-8-120,2025-05-26,WA007,1022510556,300972879,310726,WA003,101,3007DRYGUM-3007FO-3007S-3025S-3033A-3035A-9999A-9999E,22
3331,232130-1-8-120,2025-05-26,WA007,1022510556,300972895,310726,WA003,101,3007DRYGUM-3007FO-3007S-3025S-3033A-3035A-9999A-9999E,22
3332,232130-1-8-120,2025-05-26,WA007,1022510557,300972896,310726,WA003,101,3007DRYGUM-3007FO-3007S-3025S-3033A-3035A-9999A-9999E,22
3333,232130-1-8-120,2025-05-26,WA007,1022510557,300972925,310726,WA003,101,3007DRYGUM-3007FO-3007S-3025S-3033A-3035A-9999A-9999E,22
3334,232130-1-8-120,2025-05-26,WA007,1022510557,300972926,310726,WA003,101,3007DRYGUM-3007FO-3007S-3025S-3033A-3035A-9999A-9999E,22
3335,232130-1-8-120,2025-05-26,WA007,1022510557,300972927,310726,WA003,101,3007DRYGUM-3007FO-3007S-3025S-3033A-3035A-9999A-9999E,22
3336,232130-1-8-120,2025-05-26,WA007,1022510557,300972928,310726,WA003,101,3007DRYGUM-3007FO-3007S-3025S-3033A-3035A-9999A-9999E,22
3337,232130-1-8-120,2025-05-26,WA007,1022510557,300972944,310726,WA003,101,3007DRYGUM-3007FO-3007S-3025S-3033A-3035A-9999A-9999E,22
3338,232130-1-8-120,2025-05-26,WA007,1022510557,300972950,310726,WA003,101,3007DRYGUM-3007FO-3007S-3025S-3033A-3035A-9999A-9999E,22
3339,232130-1-8-120,2025-05-26,WA007,1022510557,300972951,310726,WA003,101,3007DRYGUM-3007FO-3007S-3025S-3033A-3035A-9999A-9999E,22
3340,232130-1-8-121,2025-05-26,WA007,1022510654,300974248,310726,WA003,101,3002A-3007DRYGUM-3007FO-3007S-3025S-3033A-3035A-9999A-9999E,21
3341,232130-1-8-121,2025-05-26,WA007,1022510654,300974249,310726,WA003,101,3002A-3007DRYGUM-3007FO-3007S-3025S-3033A-3035A-9999A-9999E,21
3342,232130-1-8-121,2025-05-26,WA007,1022510654,300974259,310726,WA003,101,3002A-3007DRYGUM-3007FO-3007S-3025S-3033A-3035A-9999A-9999E,21
3343,232130-1-8-121,2025-05-26,WA007,1022510654,300974260,310726,WA003,101,3002A-3007DRYGUM-3007FO-3007S-3025S-3033A-3035A-9999A-9999E,21
3344,232130-1-8-121,2025-05-26,WA007,1022510655,300974303,310726,WA003,101,3002A-3007DRYGUM-3007FO-3007S-3025S-3033A-3035A-9999A-9999E,21
3345,232130-1-8-121,2025-05-26,WA007,1022510655,300974304,310726,WA003,101,3002A-3007DRYGUM-3007FO-3007S-3025S-3033A-3035A-9999A-9999E,21
3346,232130-1-8-121,2025-05-26,WA007,1022510655,300974306,310726,WA003,101,3002A-3007DRYGUM-3007FO-3007S-3025S-3033A-3035A-9999A-9999E,21
3347,232130-1-8-121,2025-05-26,WA007,1022510655,300974307,310726,WA003,101,3002A-3007DRYGUM-3007FO-3007S-3025S-3033A-3035A-9999A-9999E,21
3348,232130-1-8-121,2025-05-26,WA007,1022510655,300974318,310726,WA003,101,3002A-3007DRYGUM-3007FO-3007S-3025S-3033A-3035A-9999A-9999E,21
3349,232130-1-8-121,2025-05-26,WA007,1022510655,300974319,310726,WA003,101,3002A-3007DRYGUM-3007FO-3007S-3025S-3033A-3035A-9999A-9999E,21
3350,232130-1-8-121,2025-05-26,WA007,1022510655,300974320,310726,WA003,101,3002A-3007DRYGUM-3007FO-3007S-3025S-3033A-3035A-9999A-9999E,21
3351,232130-1-8-121,2025-05-26,WA007,1022510655,300974321,310726,WA003,101,3002A-3007DRYGUM-3007FO-3007S-3025S-3033A-3035A-9999A-9999E,21
3352,232130-1-8-121,2025-05-26,WA007,1022510656,300974333,310726,WA003,101,3002A-3007DRYGUM-3007FO-3007S-3025S-3033A-3035A-9999A-9999E,21
3353,232130-1-8-121,2025-05-26,WA007,1022510656,300974334,310726,WA003,101,3002A-3007DRYGUM-3007FO-3007S-3025S-3033A-3035A-9999A-9999E,21
3354,232130-1-8-121,2025-05-26,WA007,1022510656,300974347,310726,WA003,101,3002A-3007DRYGUM-3007FO-3007S-3025S-3033A-3035A-9999A-9999E,21
3355,232130-1-8-121,2025-05-26,WA007,1022510656,300974366,310726,WA003,101,3002A-3007DRYGUM-3007FO-3007S-3025S-3033A-3035A-9999A-9999E,21
3356,232130-1-8-121,2025-05-26,WA007,1022510656,300974367,310726,WA003,101,3002A-3007DRYGUM-3007FO-3007S-3025S-3033A-3035A-9999A-9999E,21
3357,232130-1-8-121,2025-05-26,WA007,1022510656,300974368,310726,WA003,101,3002A-3007DRYGUM-3007FO-3007S-3025S-3033A-3035A-9999A-9999E,21
3358,232130-1-8-121,2025-05-26,WA007,1022510656,300974413,310726,WA003,101,3002A-3007DRYGUM-3007FO-3007S-3025S-3033A-3035A-9999A-9999E,21
3359,232130-1-8-121,2025-05-26,WA007,1022510656,300974414,310726,WA003,101,3002A-3007DRYGUM-3007FO-3007S-3025S-3033A-3035A-9999A-9999E,21
3360,232130-1-8-121,2025-05-26,WA007,1022506958,300923211,310726,WA003,101,3007DRYGUM-3007FO,58
3361,232130-1-8-121,2025-05-26,WA007,1022506958,300923212,310726,WA003,101,3007DRYGUM-3007FO,58
3362,232130-1-8-121,2025-05-26,WA007,1022506958,300923236,310726,WA003,101,3007DRYGUM-3007FO,58
3363,232130-1-8-121,2025-05-26,WA007,1022506958,300923237,310726,WA003,101,3007DRYGUM-3007FO,58
3364,232130-1-8-121,2025-05-26,WA007,1022506958,300923239,310726,WA003,101,3007DRYGUM-3007FO,58
3365,232130-1-8-121,2025-05-26,WA007,1022506958,300923267,310726,WA003,101,3007DRYGUM-3007FO,58
3366,232130-1-8-121,2025-05-26,WA007,1022506959,300923280,310726,WA003,101,3007DRYGUM-3007FO,58
3367,232130-1-8-121,2025-05-26,WA007,1022506959,300923281,310726,WA003,101,3007DRYGUM-3007FO,58
3368,232130-1-8-121,2025-05-26,WA007,1022506959,300923282,310726,WA003,101,3007DRYGUM-3007FO,58
3369,232130-1-8-121,2025-05-26,WA007,1022506959,300923283,310726,WA003,101,3007DRYGUM-3007FO,58
3370,232130-1-8-121,2025-05-26,WA007,1022506959,300923297,310726,WA003,101,3007DRYGUM-3007FO,58
3371,232130-1-8-121,2025-05-26,WA007,1022506959,300923298,310726,WA003,101,3007DRYGUM-3007FO,58
3372,232130-1-8-121,2025-05-26,WA007,1022506959,300923299,310726,WA003,101,3007DRYGUM-3007FO,58
3373,232130-1-8-121,2025-05-26,WA007,1022506959,300923313,310726,WA003,101,3007DRYGUM-3007FO,58
3374,232130-1-8-121,2025-05-26,WA007,1022506960,300923314,310726,WA003,101,3007DRYGUM-3007FO,58
3375,232130-1-8-121,2025-05-26,WA007,1022506960,300923315,310726,WA003,101,3007DRYGUM-3007FO,58
3376,232130-1-8-121,2025-05-26,WA007,1022506960,300923357,310726,WA003,101,3007DRYGUM-3007FO,58
3377,232130-1-8-121,2025-05-26,WA007,1022506960,300923358,310726,WA003,101,3007DRYGUM-3007FO,58
3378,232130-1-8-121,2025-05-26,WA007,1022506960,300923376,310726,WA003,101,3007DRYGUM-3007FO,58
3379,232130-1-8-121,2025-05-26,WA007,1022506960,300923377,310726,WA003,101,3007DRYGUM-3007FO,58
3380,232130-1-8-122,2025-05-26,WA007,1022511755,300989756,310726,WA003,101,3002A-3007DRYGUM-3007FO-3007S-3025S-3033A-3035A-9999A-9999E,10
3381,232130-1-8-122,2025-05-26,WA007,1022511755,300989757,310726,WA003,101,3002A-3007DRYGUM-3007FO-3007S-3025S-3033A-3035A-9999A-9999E,10
3382,232130-1-8-122,2025-05-26,WA007,1022511755,300989758,310726,WA003,101,3002A-3007DRYGUM-3007FO-3007S-3025S-3033A-3035A-9999A-9999E,10
3383,232130-1-8-122,2025-05-26,WA007,1022511755,300989759,310726,WA003,101,3002A-3007DRYGUM-3007FO-3007S-3025S-3033A-3035A-9999A-9999E,10
3384,232130-1-8-122,2025-05-26,WA007,1022511755,300989761,310726,WA003,101,3002A-3007DRYGUM-3007FO-3007S-3025S-3033A-3035A-9999A-9999E,10
3385,232130-1-8-122,2025-05-26,WA007,1022511755,300989762,310726,WA003,101,3002A-3007DRYGUM-3007FO-3007S-3025S-3033A-3035A-9999A-9999E,10
3386,232130-1-8-122,2025-05-26,WA007,1022511755,300989767,310726,WA003,101,3002A-3007DRYGUM-3007FO-3007S-3025S-3033A-3035A-9999A-9999E,10
3387,232130-1-8-122,2025-05-26,WA007,1022511755,300989768,310726,WA003,101,3002A-3007DRYGUM-3007FO-3007S-3025S-3033A-3035A-9999A-9999E,10
3388,232130-1-8-122,2025-05-26,WA007,1022511756,300989771,310726,WA003,101,3002A-3007DRYGUM-3007FO-3007S-3025S-3033A-3035A-9999A-9999E,10
3389,232130-1-8-122,2025-05-26,WA007,1022511756,300989773,310726,WA003,101,3002A-3007DRYGUM-3007FO-3007S-3025S-3033A-3035A-9999A-9999E,10
3390,232130-1-8-122,2025-05-26,WA007,1022507262,300928359,310726,WA003,101,3007DRYGUM-3007FO,55
3391,232130-1-8-122,2025-05-26,WA007,1022507262,300928360,310726,WA003,101,3007DRYGUM-3007FO,55
3392,232130-1-8-122,2025-05-26,WA007,1022507262,300928362,310726,WA003,101,3007DRYGUM-3007FO,55
3393,232130-1-8-122,2025-05-26,WA007,1022507262,300928366,310726,WA003,101,3007DRYGUM-3007FO,55
3394,232130-1-8-122,2025-05-26,WA007,1022507262,300928379,310726,WA003,101,3007DRYGUM-3007FO,55
3395,232130-1-8-122,2025-05-26,WA007,1022507262,300928380,310726,WA003,101,3007DRYGUM-3007FO,55
3396,232130-1-8-122,2025-05-26,WA007,1022507262,300928392,310726,WA003,101,3007DRYGUM-3007FO,55
3397,232130-1-8-122,2025-05-26,WA007,1022507262,300928394,310726,WA003,101,3007DRYGUM-3007FO,55
3398,232130-1-8-122,2025-05-26,WA007,1022507265,300928674,310726,WA003,101,3007DRYGUM-3007FO,55
3399,232130-1-8-122,2025-05-26,WA007,1022507265,300928675,310726,WA003,101,3007DRYGUM-3007FO,55
3400,232381-1-2-102,2025-05-10,WA007,1012504403,300885963,310726,WA002,101,9999A,83
3401,232381-1-2-102,2025-05-10,WA007,1012504403,300885964,310726,WA002,101,9999A,83
3402,232381-1-2-102,2025-05-10,WA007,1012504403,300885965,310726,WA002,101,9999A,83
3403,232381-1-2-102,2025-05-10,WA007,1012504403,300886118,310726,WA002,101,9999A,83
3404,232381-1-2-102,2025-05-10,WA007,1012504403,300886138,310726,WA002,101,9999A,83
3405,232381-1-2-102,2025-05-10,WA007,1012504403,300886139,310726,WA002,101,9999A,83
3406,232381-1-2-102,2025-05-10,WA007,1012504403,300886150,310726,WA002,101,9999A,83
3407,232381-1-2-102,2025-05-10,WA007,1012504403,300886153,310726,WA002,101,9999A,83
3408,232381-1-2-102,2025-05-10,WA007,1012504404,300886155,310726,WA002,101,9999A,83
3409,232381-1-2-102,2025-05-10,WA007,1012504404,300886177,310726,WA002,101,9999A,83
3410,232381-1-2-102,2025-05-10,WA007,1012504405,300886201,310726,WA002,102,9999A,83
3411,232381-1-2-102,2025-05-10,WA007,1012504405,300886202,310726,WA002,102,9999A,83
3412,232381-1-2-102,2025-05-10,WA007,1012504405,300886204,310726,WA002,102,9999A,83
3413,232381-1-2-102,2025-05-10,WA007,1012504405,300886242,310726,WA002,102,9999A,83
3414,232381-1-2-102,2025-05-10,WA007,1012504405,300886243,310726,WA002,102,9999A,83
3415,232381-1-2-102,2025-05-10,WA007,1012504405,300886244,310726,WA002,102,9999A,83
3416,232381-1-2-102,2025-05-10,WA007,1012504405,300886246,310726,WA002,102,9999A,83
3417,232381-1-2-102,2025-05-10,WA007,1012504405,300886247,310726,WA002,102,9999A,83
3418,232381-1-2-102,2025-05-10,WA007,1012504406,300886257,310726,WA002,102,9999A,83
3419,232381-1-2-102,2025-05-10,WA007,1012504406,300886258,310726,WA002,102,9999A,83
3420,232381-1-2-102,2025-05-10,WA007,1012504406,300886259,310726,WA002,102,9999A,83
3421,232381-1-2-102,2025-05-10,WA007,1012504406,300886308,310726,WA002,102,9999A,83
3422,232381-1-2-102,2025-05-10,WA007,1012504406,300886309,310726,WA002,102,9999A,83
3423,232381-1-2-102,2025-05-10,WA007,1012504406,300886310,310726,WA002,102,9999A,83
3424,232381-1-2-102,2025-05-10,WA007,1012504406,300886311,310726,WA002,102,9999A,83
3425,232381-1-2-102,2025-05-10,WA007,1012504406,300886312,310726,WA002,102,9999A,83
3426,232381-1-2-102,2025-05-10,WA007,1012504407,300886313,310726,WA002,102,9999A,83
3427,232381-1-2-102,2025-05-10,WA007,1012504407,300886393,310726,WA002,102,9999A,83
3428,232381-1-2-102,2025-05-10,WA007,1012504407,300886394,310726,WA002,102,9999A,83
3429,232381-1-2-102,2025-05-10,WA007,1012504407,300886395,310726,WA002,102,9999A,83
3430,232381-1-2-102,2025-05-10,WA007,1012503505,300873965,310726,WA002,102,9999A,92
3431,232381-1-2-102,2025-05-10,WA007,1012503505,300873966,310726,WA002,102,9999A,92
3432,232381-1-2-102,2025-05-10,WA007,1012503505,300873967,310726,WA002,102,9999A,92
3433,232381-1-2-102,2025-05-10,WA007,1012503505,300873969,310726,WA002,102,9999A,92
3434,232381-1-2-102,2025-05-10,WA007,1012503506,300873977,310726,WA002,102,9999A,92
3435,232381-1-2-102,2025-05-10,WA007,1012503506,300873984,310726,WA002,102,9999A,92
3436,232381-1-2-102,2025-05-10,WA007,1012503506,300873993,310726,WA002,102,9999A,92
3437,232381-1-2-102,2025-05-10,WA007,1012503506,300874001,310726,WA002,102,9999A,92
3438,232381-1-2-102,2025-05-10,WA007,1012503506,300874018,310726,WA002,102,9999A,92
3439,232381-1-2-102,2025-05-10,WA007,1012503506,300874048,310726,WA002,102,9999A,92
3440,232381-1-3-103,2025-05-23,WA007,1012504503,300887501,310726,WA002,102,9999A,82
3441,232381-1-3-103,2025-05-23,WA007,1012504503,300887502,310726,WA002,102,9999A,82
3442,232381-1-3-103,2025-05-23,WA007,1012504503,300887503,310726,WA002,102,9999A,82
3443,232381-1-3-103,2025-05-23,WA007,1012504503,300887504,310726,WA002,102,9999A,82
3444,232381-1-3-103,2025-05-23,WA007,1012504503,300887505,310726,WA002,102,9999A,82
3445,232381-1-3-103,2025-05-23,WA007,1012504503,300887540,310726,WA002,102,9999A,82
3446,232381-1-3-103,2025-05-23,WA007,1012504503,300887569,310726,WA002,102,9999A,82
3447,232381-1-3-103,2025-05-23,WA007,1012504503,300887570,310726,WA002,102,9999A,82
3448,232381-1-3-103,2025-05-23,WA007,1012504504,300887571,310726,WA002,102,9999A,82
3449,232381-1-3-103,2025-05-23,WA007,1012504504,300887580,310726,WA002,102,9999A,82
3450,232381-1-3-103,2025-05-23,WA007,1012504504,300887581,310726,WA002,102,9999A,82
3451,232381-1-3-103,2025-05-23,WA007,1012504504,300887582,310726,WA002,102,9999A,82
3452,232381-1-3-103,2025-05-23,WA007,1012504504,300887583,310726,WA002,102,9999A,82
3453,232381-1-3-103,2025-05-23,WA007,1012504504,300887584,310726,WA002,102,9999A,82
3454,232381-1-3-103,2025-05-23,WA007,1012504504,300887585,310726,WA002,102,9999A,82
3455,232381-1-3-103,2025-05-23,WA007,1012504504,300887586,310726,WA002,102,9999A,82
3456,232381-1-3-103,2025-05-23,WA007,1012504516,300888633,310726,WA002,102,9999A,82
3457,232381-1-3-103,2025-05-23,WA007,1012504516,300888634,310726,WA002,102,9999A,82
3458,232381-1-3-103,2025-05-23,WA007,1012504516,300888635,310726,WA002,102,9999A,82
3459,232381-1-3-103,2025-05-23,WA007,1012504516,300888636,310726,WA002,102,9999A,82
3460,232381-1-3-103,2025-05-23,WA007,1022510458,300971802,310726,WA003,101,3007DRYGUM-3007FO-3007S-3025S-3033A-3035A-9999A-9999E,23
3461,232381-1-3-103,2025-05-23,WA007,1022510458,300971803,310726,WA003,101,3007DRYGUM-3007FO-3007S-3025S-3033A-3035A-9999A-9999E,23
3462,232381-1-3-103,2025-05-23,WA007,1022510458,300971804,310726,WA003,101,3007DRYGUM-3007FO-3007S-3025S-3033A-3035A-9999A-9999E,23
3463,232381-1-3-103,2025-05-23,WA007,1022510458,300971836,310726,WA003,101,3007DRYGUM-3007FO-3007S-3025S-3033A-3035A-9999A-9999E,23
3464,232381-1-3-103,2025-05-23,WA007,1022510458,300971838,310726,WA003,101,3007DRYGUM-3007FO-3007S-3025S-3033A-3035A-9999A-9999E,23
3465,232381-1-3-103,2025-05-23,WA007,1022510458,300971839,310726,WA003,101,3007DRYGUM-3007FO-3007S-3025S-3033A-3035A-9999A-9999E,23
3466,232381-1-3-103,2025-05-23,WA007,1022510458,300971843,310726,WA003,101,3007DRYGUM-3007FO-3007S-3025S-3033A-3035A-9999A-9999E,23
3467,232381-1-3-103,2025-05-23,WA007,1022510458,300971861,310726,WA003,101,3007DRYGUM-3007FO-3007S-3025S-3033A-3035A-9999A-9999E,23
3468,232381-1-3-103,2025-05-23,WA007,1022510459,300971867,310726,WA003,101,3007DRYGUM-3007FO-3007S-3025S-3033A-3035A-9999A-9999E,23
3469,232381-1-3-103,2025-05-23,WA007,1022510459,300971868,310726,WA003,101,3007DRYGUM-3007FO-3007S-3025S-3033A-3035A-9999A-9999E,23
3470,232381-1-3-103,2025-05-23,WA007,1022510459,300971882,310726,WA003,101,3007DRYGUM-3007FO-3007S-3025S-3033A-3035A-9999A-9999E,23
3471,232381-1-3-103,2025-05-23,WA007,1022510459,300971883,310726,WA003,101,3007DRYGUM-3007FO-3007S-3025S-3033A-3035A-9999A-9999E,23
3472,232381-1-3-103,2025-05-23,WA007,1022510459,300971894,310726,WA003,101,3007DRYGUM-3007FO-3007S-3025S-3033A-3035A-9999A-9999E,23
3473,232381-1-3-103,2025-05-23,WA007,1022510459,300971895,310726,WA003,101,3007DRYGUM-3007FO-3007S-3025S-3033A-3035A-9999A-9999E,23
3474,232381-1-3-103,2025-05-23,WA007,1022510459,300971926,310726,WA003,101,3007DRYGUM-3007FO-3007S-3025S-3033A-3035A-9999A-9999E,23
3475,232381-1-3-103,2025-05-23,WA007,1022510459,300971927,310726,WA003,101,3007DRYGUM-3007FO-3007S-3025S-3033A-3035A-9999A-9999E,23
3476,232381-1-3-103,2025-05-23,WA007,1022510460,300971928,310726,WA003,101,3007DRYGUM-3007FO-3007S-3025S-3033A-3035A-9999A-9999E,23
3477,232381-1-3-103,2025-05-23,WA007,1022510460,300971973,310726,WA003,101,3007DRYGUM-3007FO-3007S-3025S-3033A-3035A-9999A-9999E,23
3478,232381-1-3-103,2025-05-23,WA007,1022510460,300971974,310726,WA003,101,3007DRYGUM-3007FO-3007S-3025S-3033A-3035A-9999A-9999E,23
3479,232381-1-3-103,2025-05-23,WA007,1022510460,300971975,310726,WA003,101,3007DRYGUM-3007FO-3007S-3025S-3033A-3035A-9999A-9999E,23
3480,232865-1-3-108,2025-05-07,WA007,1012511401,300984161,310724,WA002,101,9999A-9999E,13
3481,232865-1-3-108,2025-05-07,WA007,1012511401,300984165,310724,WA002,101,9999A-9999E,13
3482,232865-1-3-108,2025-05-07,WA007,1012511401,300984171,310724,WA002,101,9999A-9999E,13
3483,232865-1-3-108,2025-05-07,WA007,1012511401,300984175,310724,WA002,101,9999A-9999E,13
3484,232865-1-3-108,2025-05-07,WA007,1012511401,300984176,310724,WA002,101,9999A-9999E,13
3485,232865-1-3-108,2025-05-07,WA007,1012511401,300984195,310724,WA002,101,9999A-9999E,13
3486,232865-1-3-108,2025-05-07,WA007,1012511401,300984196,310724,WA002,101,9999A-9999E,13
3487,232865-1-3-108,2025-05-07,WA007,1012511401,300984197,310724,WA002,101,9999A-9999E,13
3488,232865-1-3-108,2025-05-07,WA007,1012511402,300984202,310724,WA002,101,9999A-9999E,13
3489,232865-1-3-108,2025-05-07,WA007,1012511402,300984211,310724,WA002,101,9999A-9999E,13
3490,232865-1-3-108,2025-05-07,WA007,1012511402,300984212,310724,WA002,101,9999A-9999E,13
3491,232865-1-3-108,2025-05-07,WA007,1012511402,300984224,310724,WA002,101,9999A-9999E,13
3492,232865-1-3-108,2025-05-07,WA007,1012511402,300984225,310724,WA002,101,9999A-9999E,13
3493,232865-1-3-108,2025-05-07,WA007,1012511402,300984226,310724,WA002,101,9999A-9999E,13
3494,232865-1-3-108,2025-05-07,WA007,1012511402,300984242,310724,WA002,101,9999A-9999E,13
3495,232865-1-3-108,2025-05-07,WA007,1012511402,300984243,310724,WA002,101,9999A-9999E,13
3496,232865-1-3-108,2025-05-07,WA007,1012511404,300984311,310724,WA002,101,9999A-9999E,13
3497,232865-1-3-108,2025-05-07,WA007,1012511404,300984312,310724,WA002,101,9999A-9999E,13
3498,232865-1-3-108,2025-05-07,WA007,1012511404,300984329,310724,WA002,101,9999A-9999E,13
3499,232865-1-3-108,2025-05-07,WA007,1012511404,300984367,310724,WA002,101,9999A-9999E,13
3500,232865-1-3-108,2025-05-07,WA007,1012511404,300984368,310724,WA002,101,9999A-9999E,13
3501,232865-1-3-108,2025-05-07,WA007,1012511404,300984369,310724,WA002,101,9999A-9999E,13
3502,232865-1-3-108,2025-05-07,WA007,1012511404,300984371,310724,WA002,101,9999A-9999E,13
3503,232865-1-3-108,2025-05-07,WA007,1012511404,300984378,310724,WA002,101,9999A-9999E,13
3504,232865-1-3-108,2025-05-07,WA007,1012511406,300984440,310724,WA002,101,9999A-9999E,13
3505,232865-1-3-108,2025-05-07,WA007,1012511406,300984450,310724,WA002,101,9999A-9999E,13
3506,232865-1-3-108,2025-05-07,WA007,1012511406,300984491,310724,WA002,101,9999A-9999E,13
3507,232865-1-3-108,2025-05-07,WA007,1012511406,300984492,310724,WA002,101,9999A-9999E,13
3508,232865-1-3-108,2025-05-07,WA007,1012511406,300984493,310724,WA002,101,9999A-9999E,13
3509,232865-1-3-108,2025-05-07,WA007,1012511406,300984494,310724,WA002,101,9999A-9999E,13
3510,232865-1-3-108,2025-05-07,WA007,1012511406,300984495,310724,WA002,101,9999A-9999E,13
3511,232865-1-3-108,2025-05-07,WA007,1012511406,300984496,310724,WA002,101,9999A-9999E,13
3512,232865-1-3-108,2025-05-07,WA007,1012511407,300984564,310724,WA002,101,9999A-9999E,13
3513,232865-1-3-108,2025-05-07,WA007,1012511407,300984565,310724,WA002,101,9999A-9999E,13
3514,232865-1-3-108,2025-05-07,WA007,1012511407,300984568,310724,WA002,101,9999A-9999E,13
3515,232865-1-3-108,2025-05-07,WA007,1012511407,300984569,310724,WA002,101,9999A-9999E,13
3516,232865-1-3-108,2025-05-07,WA007,1012511407,300984570,310724,WA002,101,9999A-9999E,13
3517,232865-1-3-108,2025-05-07,WA007,1012511407,300984588,310724,WA002,101,9999A-9999E,13
3518,232865-1-3-108,2025-05-07,WA007,1012511407,300984589,310724,WA002,101,9999A-9999E,13
3519,232865-1-3-108,2025-05-07,WA007,1012511407,300984590,310724,WA002,101,9999A-9999E,13
3520,232865-1-3-108,2025-05-07,WA007,1012511001,300978436,310724,WA002,101,9999A-9999E,17
3521,232865-1-3-108,2025-05-07,WA007,1012511001,300978438,310724,WA002,101,9999A-9999E,17
3522,232865-1-3-108,2025-05-07,WA007,1012511001,300978439,310724,WA002,101,9999A-9999E,17
3523,232865-1-3-108,2025-05-07,WA007,1012511001,300978440,310724,WA002,101,9999A-9999E,17
3524,232865-1-3-108,2025-05-07,WA007,1012511001,300978482,310724,WA002,101,9999A-9999E,17
3525,232865-1-3-108,2025-05-07,WA007,1012511001,300978483,310724,WA002,101,9999A-9999E,17
3526,232865-1-3-108,2025-05-07,WA007,1012511001,300978484,310724,WA002,101,9999A-9999E,17
3527,232865-1-3-108,2025-05-07,WA007,1012511001,300978485,310724,WA002,101,9999A-9999E,17
3528,232865-1-3-108,2025-05-07,WA007,1012511002,300978498,310724,WA002,101,9999A-9999E,17
3529,232865-1-3-108,2025-05-07,WA007,1012511002,300978499,310724,WA002,101,9999A-9999E,17
3530,232865-1-3-108,2025-05-07,WA007,1012511002,300978501,310724,WA002,101,9999A-9999E,17
3531,232865-1-3-108,2025-05-07,WA007,1012511002,300978597,310724,WA002,101,9999A-9999E,17
3532,232865-1-3-108,2025-05-07,WA007,1012511002,300978598,310724,WA002,101,9999A-9999E,17
3533,232865-1-3-108,2025-05-07,WA007,1012511002,300978599,310724,WA002,101,9999A-9999E,17
3534,232865-1-3-108,2025-05-07,WA007,1012511002,300978600,310724,WA002,101,9999A-9999E,17
3535,232865-1-3-108,2025-05-07,WA007,1012511002,300978606,310724,WA002,101,9999A-9999E,17
3536,232865-1-3-108,2025-05-07,WA007,1012511003,300978625,310724,WA002,101,9999A-9999E,17
3537,232865-1-3-108,2025-05-07,WA007,1012511003,300978626,310724,WA002,101,9999A-9999E,17
3538,232865-1-3-108,2025-05-07,WA007,1012511003,300978627,310724,WA002,101,9999A-9999E,17
3539,232865-1-3-108,2025-05-07,WA007,1012511003,300978639,310724,WA002,101,9999A-9999E,17
3540,232865-1-3-108,2025-05-07,WA007,1012511003,300978640,310724,WA002,101,9999A-9999E,17
3541,232865-1-3-108,2025-05-07,WA007,1012511003,300978641,310724,WA002,101,9999A-9999E,17
3542,232865-1-3-108,2025-05-07,WA007,1012511003,300978664,310724,WA002,101,9999A-9999E,17
3543,232865-1-3-108,2025-05-07,WA007,1012511003,300978665,310724,WA002,101,9999A-9999E,17
3544,232865-1-3-108,2025-05-07,WA007,1012511004,300978674,310724,WA002,101,9999A-9999E,17
3545,232865-1-3-108,2025-05-07,WA007,1012511004,300978675,310724,WA002,101,9999A-9999E,17
3546,232865-1-3-108,2025-05-07,WA007,1012511004,300978821,310724,WA002,101,9999A-9999E,17
3547,232865-1-3-108,2025-05-07,WA007,1012511004,300978822,310724,WA002,101,9999A-9999E,17
3548,232865-1-3-108,2025-05-07,WA007,1012511004,300978823,310724,WA002,101,9999A-9999E,17
3549,232865-1-3-108,2025-05-07,WA007,1012511004,300978824,310724,WA002,101,9999A-9999E,17
3550,232865-1-3-108,2025-05-07,WA007,1012511004,300978825,310724,WA002,101,9999A-9999E,17
3551,232865-1-3-108,2025-05-07,WA007,1012511004,300978826,310724,WA002,101,9999A-9999E,17
3552,232865-1-3-108,2025-05-07,WA007,1012511005,300978989,310724,WA002,101,9999A-9999E,17
3553,232865-1-3-108,2025-05-07,WA007,1012511005,300978990,310724,WA002,101,9999A-9999E,17
3554,232865-1-3-108,2025-05-07,WA007,1012511005,300978991,310724,WA002,101,9999A-9999E,17
3555,232865-1-3-108,2025-05-07,WA007,1012511005,300979000,310724,WA002,101,9999A-9999E,17
3556,232865-1-3-108,2025-05-07,WA007,1012511005,300979003,310724,WA002,101,9999A-9999E,17
3557,232865-1-3-108,2025-05-07,WA007,1012511005,300979004,310724,WA002,101,9999A-9999E,17
3558,232865-1-3-108,2025-05-07,WA007,1012511005,300979017,310724,WA002,101,9999A-9999E,17
3559,232865-1-3-108,2025-05-07,WA007,1012511005,300979018,310724,WA002,101,9999A-9999E,17
3560,232865-1-3-108,2025-05-07,WA007,1012511006,300979019,310724,WA002,101,9999A-9999E,17
3561,232865-1-3-108,2025-05-07,WA007,1012511006,300979034,310724,WA002,101,9999A-9999E,17
3562,232865-1-3-108,2025-05-07,WA007,1012511006,300979035,310724,WA002,101,9999A-9999E,17
3563,232865-1-3-108,2025-05-07,WA007,1012511006,300979036,310724,WA002,101,9999A-9999E,17
3564,232865-1-3-108,2025-05-07,WA007,1012511006,300979071,310724,WA002,101,9999A-9999E,17
3565,232865-1-3-108,2025-05-07,WA007,1012511006,300979072,310724,WA002,101,9999A-9999E,17
3566,232865-1-3-108,2025-05-07,WA007,1012511006,300979073,310724,WA002,101,9999A-9999E,17
3567,232865-1-3-108,2025-05-07,WA007,1012511006,300979101,310724,WA002,101,9999A-9999E,17
3568,232865-1-3-108,2025-05-07,WA007,1012511007,300979112,310724,WA002,101,9999A-9999E,17
3569,232865-1-3-108,2025-05-07,WA007,1012511007,300979113,310724,WA002,101,9999A-9999E,17
3570,232865-1-3-108,2025-05-07,WA007,1012511007,300979127,310724,WA002,101,9999A-9999E,17
3571,232865-1-3-108,2025-05-07,WA007,1012511007,300979128,310724,WA002,101,9999A-9999E,17
3572,232865-1-3-108,2025-05-07,WA007,1012511007,300979129,310724,WA002,101,9999A-9999E,17
3573,232865-1-3-108,2025-05-07,WA007,1012511007,300979193,310724,WA002,101,9999A-9999E,17
3574,232865-1-3-108,2025-05-07,WA007,1012511007,300979194,310724,WA002,101,9999A-9999E,17
3575,232865-1-3-108,2025-05-07,WA007,1012511007,300979195,310724,WA002,101,9999A-9999E,17
3576,232865-1-3-108,2025-05-07,WA007,1012511008,300979229,310724,WA002,101,9999A-9999E,17
3577,232865-1-3-108,2025-05-07,WA007,1012511008,300979230,310724,WA002,101,9999A-9999E,17
3578,232865-1-3-108,2025-05-07,WA007,1012511008,300979231,310724,WA002,101,9999A-9999E,17
3579,232865-1-3-108,2025-05-07,WA007,1012511008,300979266,310724,WA002,101,9999A-9999E,17
3580,232865-1-3-108,2025-05-07,WA007,1012511008,300979268,310724,WA002,101,9999A-9999E,17
3581,232865-1-3-108,2025-05-07,WA007,1012511008,300979270,310724,WA002,101,9999A-9999E,17
3582,232865-1-3-108,2025-05-07,WA007,1012511008,300979281,310724,WA002,101,9999A-9999E,17
3583,232865-1-3-108,2025-05-07,WA007,1012511008,300979282,310724,WA002,101,9999A-9999E,17
3584,232865-1-3-108,2025-05-07,WA007,1012511009,300979283,310724,WA002,101,9999A-9999E,17
3585,232865-1-3-108,2025-05-07,WA007,1012511009,300979320,310724,WA002,101,9999A-9999E,17
3586,232865-1-3-108,2025-05-07,WA007,1012511009,300979321,310724,WA002,101,9999A-9999E,17
3587,232865-1-3-108,2025-05-07,WA007,1012511009,300979322,310724,WA002,101,9999A-9999E,17
3588,232865-1-3-108,2025-05-07,WA007,1012511009,300979327,310724,WA002,101,9999A-9999E,17
3589,232865-1-3-108,2025-05-07,WA007,1012511009,300979330,310724,WA002,101,9999A-9999E,17
3590,232865-1-3-108,2025-05-07,WA007,1012511009,300979331,310724,WA002,101,9999A-9999E,17
3591,232865-1-3-108,2025-05-07,WA007,1012511009,300979332,310724,WA002,101,9999A-9999E,17
3592,232865-1-3-108,2025-05-07,WA007,1012511010,300979362,310724,WA002,101,9999A-9999E,17
3593,232865-1-3-108,2025-05-07,WA007,1012511010,300979363,310724,WA002,101,9999A-9999E,17
3594,232865-1-3-108,2025-05-07,WA007,1012511010,300979366,310724,WA002,101,9999A-9999E,17
3595,232865-1-3-108,2025-05-07,WA007,1012511010,300979367,310724,WA002,101,9999A-9999E,17
3596,232865-1-3-108,2025-05-07,WA007,1012511010,300979368,310724,WA002,101,9999A-9999E,17
3597,232865-1-3-108,2025-05-07,WA007,1012511010,300979400,310724,WA002,101,9999A-9999E,17
3598,232865-1-3-108,2025-05-07,WA007,1012511010,300979401,310724,WA002,101,9999A-9999E,17
3599,232865-1-3-108,2025-05-07,WA007,1012511010,300979402,310724,WA002,101,9999A-9999E,17
3600,232893-1-1-101,2025-06-01,WA007,1012504906,300892935,310724,WA002,101,9999A,78
3601,232893-1-1-101,2025-06-01,WA007,1012504906,300892936,310724,WA002,101,9999A,78
3602,232893-1-1-101,2025-06-01,WA007,1012504906,300892937,310724,WA002,101,9999A,78
3603,232893-1-1-101,2025-06-01,WA007,1012504909,300893169,310724,WA002,101,9999A,78
3604,232893-1-1-101,2025-06-01,WA007,1012504909,300893183,310724,WA002,101,9999A,78
3605,232893-1-1-101,2025-06-01,WA007,1012504909,300893184,310724,WA002,101,9999A,78
3606,232893-1-1-101,2025-06-01,WA007,1012504909,300893191,310724,WA002,101,9999A,78
3607,232893-1-1-101,2025-06-01,WA007,1012504909,300893201,310724,WA002,101,9999A,78
3608,232893-1-1-101,2025-06-01,WA007,1012504909,300893230,310724,WA002,101,9999A,78
3609,232893-1-1-101,2025-06-01,WA007,1012504909,300893231,310724,WA002,101,9999A,78
3610,232935-1-2-102,2025-05-13,WA007,1012510407,300971203,310724,WA002,101,9999A-9999E,23
3611,232935-1-2-102,2025-05-13,WA007,1012510407,300971204,310724,WA002,101,9999A-9999E,23
3612,232935-1-2-102,2025-05-13,WA007,1012510407,300971205,310724,WA002,101,9999A-9999E,23
3613,232935-1-2-102,2025-05-13,WA007,1012510408,300971206,310724,WA002,101,9999A-9999E,23
3614,232935-1-2-102,2025-05-13,WA007,1012510408,300971207,310724,WA002,101,9999A-9999E,23
3615,232935-1-2-102,2025-05-13,WA007,1012510408,300971248,310724,WA002,101,9999A-9999E,23
3616,232935-1-2-102,2025-05-13,WA007,1012510408,300971249,310724,WA002,101,9999A-9999E,23
3617,232935-1-2-102,2025-05-13,WA007,1012510408,300971322,310724,WA002,101,9999A-9999E,23
3618,232935-1-2-102,2025-05-13,WA007,1012510408,300971324,310724,WA002,101,9999A-9999E,23
3619,232935-1-2-102,2025-05-13,WA007,1012510408,300971325,310724,WA002,101,9999A-9999E,23
3620,232935-1-2-102,2025-05-13,WA007,1012510408,300971326,310724,WA002,101,9999A-9999E,23
3621,232935-1-2-102,2025-05-13,WA007,1012510409,300971409,310724,WA002,101,9999A-9999E,23
3622,232935-1-2-102,2025-05-13,WA007,1012510409,300971411,310724,WA002,101,9999A-9999E,23
3623,232935-1-2-102,2025-05-13,WA007,1012510409,300971412,310724,WA002,101,9999A-9999E,23
3624,232935-1-2-102,2025-05-13,WA007,1012510409,300971413,310724,WA002,101,9999A-9999E,23
3625,232935-1-2-102,2025-05-13,WA007,1012510409,300971414,310724,WA002,101,9999A-9999E,23
3626,232935-1-2-102,2025-05-13,WA007,1012510409,300971415,310724,WA002,101,9999A-9999E,23
3627,232935-1-2-102,2025-05-13,WA007,1012510409,300971467,310724,WA002,101,9999A-9999E,23
3628,232935-1-2-102,2025-05-13,WA007,1012510409,300971476,310724,WA002,101,9999A-9999E,23
3629,232935-1-2-102,2025-05-13,WA007,1012510410,300971477,310724,WA002,101,9999A-9999E,23
3630,232935-1-2-102,2025-05-13,WA007,1012510410,300971524,310724,WA002,101,9999A-9999E,23
3631,232935-1-2-102,2025-05-13,WA007,1012510410,300971525,310724,WA002,101,9999A-9999E,23
3632,232935-1-2-102,2025-05-13,WA007,1012510410,300971526,310724,WA002,101,9999A-9999E,23
3633,232935-1-2-102,2025-05-13,WA007,1012510410,300971528,310724,WA002,101,9999A-9999E,23
3634,232935-1-2-102,2025-05-13,WA007,1012510410,300971530,310724,WA002,101,9999A-9999E,23
3635,232935-1-2-102,2025-05-13,WA007,1012510410,300971531,310724,WA002,101,9999A-9999E,23
3636,232935-1-2-102,2025-05-13,WA007,1012510410,300971533,310724,WA002,101,9999A-9999E,23
3637,232935-1-2-102,2025-05-13,WA007,1012510411,300971675,310724,WA002,101,9999A-9999E,23
3638,232935-1-2-102,2025-05-13,WA007,1012510411,300971676,310724,WA002,101,9999A-9999E,23
3639,232935-1-2-102,2025-05-13,WA007,1012510411,300971687,310724,WA002,101,9999A-9999E,23
3640,232935-1-2-102,2025-05-13,WA007,1012510411,300971697,310724,WA002,101,9999A-9999E,23
3641,232935-1-2-102,2025-05-13,WA007,1012510411,300971698,310724,WA002,101,9999A-9999E,23
3642,232935-1-2-102,2025-05-13,WA007,1012510411,300971699,310724,WA002,101,9999A-9999E,23
3643,232935-1-2-102,2025-05-13,WA007,1012510411,300971722,310724,WA002,101,9999A-9999E,23
3644,232935-1-2-102,2025-05-13,WA007,1012510411,300971723,310724,WA002,101,9999A-9999E,23
3645,232935-1-2-102,2025-05-13,WA007,1012510412,300971740,310724,WA002,101,9999A-9999E,23
3646,232935-1-2-102,2025-05-13,WA007,1012510412,300971741,310724,WA002,101,9999A-9999E,23
3647,232935-1-2-102,2025-05-13,WA007,1012510412,300971765,310724,WA002,101,9999A-9999E,23
3648,232935-1-2-102,2025-05-13,WA007,1012510412,300971790,310724,WA002,101,9999A-9999E,23
3649,232935-1-2-102,2025-05-13,WA007,1012510412,300971791,310724,WA002,101,9999A-9999E,23
3650,232935-1-3-103,2025-05-16,WA007,1012511408,300984600,310724,WA002,101,9999A-9999E,13
3651,232935-1-3-103,2025-05-16,WA007,1012511408,300984601,310724,WA002,101,9999A-9999E,13
3652,232935-1-3-103,2025-05-16,WA007,1012511408,300984612,310724,WA002,101,9999A-9999E,13
3653,232935-1-3-103,2025-05-16,WA007,1012511408,300984637,310724,WA002,101,9999A-9999E,13
3654,232935-1-3-103,2025-05-16,WA007,1012511408,300984638,310724,WA002,101,9999A-9999E,13
3655,232935-1-3-103,2025-05-16,WA007,1012511408,300984639,310724,WA002,101,9999A-9999E,13
3656,232935-1-3-103,2025-05-16,WA007,1012511408,300984642,310724,WA002,101,9999A-9999E,13
3657,232935-1-3-103,2025-05-16,WA007,1012511408,300984643,310724,WA002,101,9999A-9999E,13
3658,232935-1-3-103,2025-05-16,WA007,1012511409,300984645,310724,WA002,101,9999A-9999E,13
3659,232935-1-3-103,2025-05-16,WA007,1012511410,300984874,310724,WA002,101,9999A-9999E,13
3660,232935-1-3-103,2025-05-16,WA007,1012511410,300984875,310724,WA002,101,9999A-9999E,13
3661,232935-1-3-103,2025-05-16,WA007,1012511410,300984876,310724,WA002,101,9999A-9999E,13
3662,232935-1-3-103,2025-05-16,WA007,1012511410,300984880,310724,WA002,101,9999A-9999E,13
3663,232935-1-3-103,2025-05-16,WA007,1012511410,300984881,310724,WA002,101,9999A-9999E,13
3664,232935-1-3-103,2025-05-16,WA007,1012511411,300984914,310724,WA002,101,9999A-9999E,13
3665,232935-1-3-103,2025-05-16,WA007,1012511411,300984915,310724,WA002,101,9999A-9999E,13
3666,232935-1-3-103,2025-05-16,WA007,1012511411,300984924,310724,WA002,101,9999A-9999E,13
3667,232935-1-3-103,2025-05-16,WA007,1012511411,300984958,310724,WA002,101,9999A-9999E,13
3668,232935-1-3-103,2025-05-16,WA007,1012511411,300984959,310724,WA002,101,9999A-9999E,13
3669,232935-1-3-103,2025-05-16,WA007,1012511411,300984960,310724,WA002,101,9999A-9999E,13
3670,232935-1-3-103,2025-05-16,WA007,1012511411,300984969,310724,WA002,101,9999A-9999E,13
3671,232935-1-3-103,2025-05-16,WA007,1012511411,300984970,310724,WA002,101,9999A-9999E,13
3672,232935-1-3-103,2025-05-16,WA007,1012511412,300984971,310724,WA002,101,9999A-9999E,13
3673,232935-1-3-103,2025-05-16,WA007,1012511412,300984972,310724,WA002,101,9999A-9999E,13
3674,232935-1-3-103,2025-05-16,WA007,1012511412,300984973,310724,WA002,101,9999A-9999E,13
3675,232935-1-3-103,2025-05-16,WA007,1012511412,300984974,310724,WA002,101,9999A-9999E,13
3676,232935-1-3-103,2025-05-16,WA007,1012511412,300985004,310724,WA002,101,9999A-9999E,13
3677,232935-1-3-103,2025-05-16,WA007,1012511412,300985005,310724,WA002,101,9999A-9999E,13
3678,232935-1-3-103,2025-05-16,WA007,1012511412,300985010,310724,WA002,101,9999A-9999E,13
3679,232935-1-3-103,2025-05-16,WA007,1012511412,300985011,310724,WA002,101,9999A-9999E,13
3680,232935-1-3-103,2025-05-16,WA007,1012511413,300985012,310724,WA002,101,9999A-9999E,13
3681,232935-1-3-103,2025-05-16,WA007,1012511413,300985013,310724,WA002,101,9999A-9999E,13
3682,232935-1-3-103,2025-05-16,WA007,1012511413,300985014,310724,WA002,101,9999A-9999E,13
3683,232935-1-3-103,2025-05-16,WA007,1012511413,300985015,310724,WA002,101,9999A-9999E,13
3684,232935-1-3-103,2025-05-16,WA007,1012511413,300985016,310724,WA002,101,9999A-9999E,13
3685,232935-1-3-103,2025-05-16,WA007,1012511413,300985084,310724,WA002,101,9999A-9999E,13
3686,232935-1-3-103,2025-05-16,WA007,1012511413,300985085,310724,WA002,101,9999A-9999E,13
3687,232935-1-3-103,2025-05-16,WA007,1012511413,300985086,310724,WA002,101,9999A-9999E,13
3688,232935-1-3-103,2025-05-16,WA007,1012511414,300985102,310724,WA002,101,9999A-9999E,13
3689,232935-1-3-103,2025-05-16,WA007,1012511414,300985115,310724,WA002,101,9999A-9999E,13
3690,232946-1-2-103,2025-05-14,WA007,1012511011,300979410,310724,WA002,101,9999A-9999E,17
3691,232946-1-2-103,2025-05-14,WA007,1012511011,300979411,310724,WA002,101,9999A-9999E,17
3692,232946-1-2-103,2025-05-14,WA007,1012511011,300979415,310724,WA002,101,9999A-9999E,17
3693,232946-1-2-103,2025-05-14,WA007,1012511011,300979416,310724,WA002,101,9999A-9999E,17
3694,232946-1-2-103,2025-05-14,WA007,1012511011,300979417,310724,WA002,101,9999A-9999E,17
3695,232946-1-2-103,2025-05-14,WA007,1012511011,300979446,310724,WA002,101,9999A-9999E,17
3696,232946-1-2-103,2025-05-14,WA007,1012511011,300979447,310724,WA002,101,9999A-9999E,17
3697,232946-1-2-103,2025-05-14,WA007,1012511011,300979448,310724,WA002,101,9999A-9999E,17
3698,232946-1-2-103,2025-05-14,WA007,1012511012,300979458,310724,WA002,101,9999A-9999E,17
3699,232946-1-2-103,2025-05-14,WA007,1012511012,300979459,310724,WA002,101,9999A-9999E,17
3700,232946-1-2-103,2025-05-14,WA007,1012511012,300979460,310724,WA002,101,9999A-9999E,17
3701,232946-1-2-103,2025-05-14,WA007,1012511012,300979461,310724,WA002,101,9999A-9999E,17
3702,232946-1-2-103,2025-05-14,WA007,1012511012,300979482,310724,WA002,101,9999A-9999E,17
3703,232946-1-2-103,2025-05-14,WA007,1012511012,300979483,310724,WA002,101,9999A-9999E,17
3704,232946-1-2-103,2025-05-14,WA007,1012511012,300979484,310724,WA002,101,9999A-9999E,17
3705,232946-1-2-103,2025-05-14,WA007,1012511012,300979485,310724,WA002,101,9999A-9999E,17
3706,232946-1-2-103,2025-05-14,WA007,1012511013,300979492,310724,WA002,101,9999A-9999E,17
3707,232946-1-2-103,2025-05-14,WA007,1012511013,300979493,310724,WA002,101,9999A-9999E,17
3708,232946-1-2-103,2025-05-14,WA007,1012511013,300979494,310724,WA002,101,9999A-9999E,17
3709,232946-1-2-103,2025-05-14,WA007,1012511013,300979495,310724,WA002,101,9999A-9999E,17
3710,232946-1-2-103,2025-05-14,WA007,1012511013,300979515,310724,WA002,101,9999A-9999E,17
3711,232946-1-2-103,2025-05-14,WA007,1012511013,300979516,310724,WA002,101,9999A-9999E,17
3712,232946-1-2-103,2025-05-14,WA007,1012511013,300979518,310724,WA002,101,9999A-9999E,17
3713,232946-1-2-103,2025-05-14,WA007,1012511013,300979519,310724,WA002,101,9999A-9999E,17
3714,232946-1-2-103,2025-05-14,WA007,1012511014,300979520,310724,WA002,101,9999A-9999E,17
3715,232946-1-2-103,2025-05-14,WA007,1012511014,300979521,310724,WA002,101,9999A-9999E,17
3716,232946-1-2-103,2025-05-14,WA007,1012511014,300979522,310724,WA002,101,9999A-9999E,17
3717,232946-1-2-103,2025-05-14,WA007,1012511014,300979550,310724,WA002,101,9999A-9999E,17
3718,232946-1-2-103,2025-05-14,WA007,1012511014,300979551,310724,WA002,101,9999A-9999E,17
3719,232946-1-2-103,2025-05-14,WA007,1012511014,300979552,310724,WA002,101,9999A-9999E,17
3720,232946-1-2-103,2025-05-14,WA007,1012511014,300979554,310724,WA002,101,9999A-9999E,17
3721,232946-1-2-103,2025-05-14,WA007,1012511014,300979555,310724,WA002,101,9999A-9999E,17
3722,232946-1-2-103,2025-05-14,WA007,1012511015,300979566,310724,WA002,101,9999A-9999E,17
3723,232946-1-2-103,2025-05-14,WA007,1012511015,300979567,310724,WA002,101,9999A-9999E,17
3724,232946-1-2-103,2025-05-14,WA007,1012511015,300979568,310724,WA002,101,9999A-9999E,17
3725,232946-1-2-103,2025-05-14,WA007,1012511015,300979570,310724,WA002,101,9999A-9999E,17
3726,232946-1-2-103,2025-05-14,WA007,1012511015,300979623,310724,WA002,101,9999A-9999E,17
3727,232946-1-2-103,2025-05-14,WA007,1012511015,300979624,310724,WA002,101,9999A-9999E,17
3728,232946-1-2-103,2025-05-14,WA007,1012511015,300979625,310724,WA002,101,9999A-9999E,17
3729,232946-1-2-103,2025-05-14,WA007,1012511015,300979626,310724,WA002,101,9999A-9999E,17
3730,232946-1-2-106,2025-05-14,WA007,1012510412,300971792,310724,WA002,101,9999A-9999E,23
3731,232946-1-2-106,2025-05-14,WA007,1012510412,300971796,310724,WA002,101,9999A-9999E,23
3732,232946-1-2-106,2025-05-14,WA007,1012510412,300971797,310724,WA002,101,9999A-9999E,23
3733,232946-1-2-106,2025-05-14,WA007,1012510413,300971798,310724,WA002,101,9999A-9999E,23
3734,232946-1-2-106,2025-05-14,WA007,1012510413,300971840,310724,WA002,101,9999A-9999E,23
3735,232946-1-2-106,2025-05-14,WA007,1012510413,300971841,310724,WA002,101,9999A-9999E,23
3736,232946-1-2-106,2025-05-14,WA007,1012510413,300971854,310724,WA002,101,9999A-9999E,23
3737,232946-1-2-106,2025-05-14,WA007,1012510413,300971857,310724,WA002,101,9999A-9999E,23
3738,232946-1-2-106,2025-05-14,WA007,1012510413,300971879,310724,WA002,101,9999A-9999E,23
3739,232946-1-2-106,2025-05-14,WA007,1012510413,300971880,310724,WA002,101,9999A-9999E,23
3740,232946-1-2-106,2025-05-14,WA007,1012510413,300971901,310724,WA002,101,9999A-9999E,23
3741,232946-1-2-106,2025-05-14,WA007,1012510414,300971902,310724,WA002,101,9999A-9999E,23
3742,232946-1-2-106,2025-05-14,WA007,1012510414,300971903,310724,WA002,101,9999A-9999E,23
3743,232946-1-2-106,2025-05-14,WA007,1012510414,300971905,310724,WA002,101,9999A-9999E,23
3744,232946-1-2-106,2025-05-14,WA007,1012510414,300971906,310724,WA002,101,9999A-9999E,23
3745,232946-1-2-106,2025-05-14,WA007,1012510414,300971907,310724,WA002,101,9999A-9999E,23
3746,232946-1-2-106,2025-05-14,WA007,1012510414,300971945,310724,WA002,101,9999A-9999E,23
3747,232946-1-2-106,2025-05-14,WA007,1012510414,300971946,310724,WA002,101,9999A-9999E,23
3748,232946-1-2-106,2025-05-14,WA007,1012510414,300971947,310724,WA002,101,9999A-9999E,23
3749,232946-1-2-106,2025-05-14,WA007,1012510415,300971960,310724,WA002,101,9999A-9999E,23
3750,232948-1-1-102,2025-05-12,WA007,1022511052,300979658,310726,WA003,101,3002A-3007S-3025S-3035A-9999A-9999E,17
3751,232948-1-1-102,2025-05-12,WA007,1022511052,300979659,310726,WA003,101,3002A-3007S-3025S-3035A-9999A-9999E,17
3752,232948-1-1-102,2025-05-12,WA007,1022511052,300979662,310726,WA003,101,3002A-3007S-3025S-3035A-9999A-9999E,17
3753,232948-1-1-102,2025-05-12,WA007,1022511052,300979664,310726,WA003,101,3002A-3007S-3025S-3035A-9999A-9999E,17
3754,232948-1-1-102,2025-05-12,WA007,1022511052,300979667,310726,WA003,101,3002A-3007S-3025S-3035A-9999A-9999E,17
3755,232948-1-1-102,2025-05-12,WA007,1022511052,300979732,310726,WA003,101,3002A-3007S-3025S-3035A-9999A-9999E,17
3756,232948-1-1-102,2025-05-12,WA007,1022511052,300979733,310726,WA003,101,3002A-3007S-3025S-3035A-9999A-9999E,17
3757,232948-1-1-102,2025-05-12,WA007,1022511052,300979734,310726,WA003,101,3002A-3007S-3025S-3035A-9999A-9999E,17
3758,232948-1-1-102,2025-05-12,WA007,1022511053,300979759,310726,WA003,101,3002A-3007S-3025S-3035A-9999A-9999E,17
3759,232948-1-1-102,2025-05-12,WA007,1022511053,300979760,310726,WA003,101,3002A-3007S-3025S-3035A-9999A-9999E,17
3760,232948-1-1-102,2025-05-12,WA007,1022509664,300961807,310726,WA003,101,3025S-3033A-9999A-9999E,31
3761,232948-1-1-102,2025-05-12,WA007,1022509664,300961808,310726,WA003,101,3025S-3033A-9999A-9999E,31
3762,232948-1-1-102,2025-05-12,WA007,1022509664,300961809,310726,WA003,101,3025S-3033A-9999A-9999E,31
3763,232948-1-1-102,2025-05-12,WA007,1022509664,300961810,310726,WA003,101,3025S-3033A-9999A-9999E,31
3764,232948-1-1-102,2025-05-12,WA007,1022509664,300961817,310726,WA003,101,3025S-3033A-9999A-9999E,31
3765,232948-1-1-102,2025-05-12,WA007,1022509664,300961818,310726,WA003,101,3025S-3033A-9999A-9999E,31
3766,232948-1-1-102,2025-05-12,WA007,1022509664,300961829,310726,WA003,101,3025S-3033A-9999A-9999E,31
3767,232948-1-1-102,2025-05-12,WA007,1022509664,300961831,310726,WA003,101,3025S-3033A-9999A-9999E,31
3768,232948-1-1-102,2025-05-12,WA007,1022509665,300961844,310726,WA003,101,3025S-3033A-9999A-9999E,31
3769,232948-1-1-102,2025-05-12,WA007,1022509665,300961887,310726,WA003,101,3025S-3033A-9999A-9999E,31
3770,233032-1-1-101,2025-05-17,WA007,1022510952,300978147,310726,WA003,101,3002A-3007DRYGUM-3007FO-3007S-3025S-3033A-3035A-9999A-9999E,18
3771,233032-1-1-101,2025-05-17,WA007,1022510952,300978149,310726,WA003,101,3002A-3007DRYGUM-3007FO-3007S-3025S-3033A-3035A-9999A-9999E,18
3772,233032-1-1-101,2025-05-17,WA007,1022510952,300978150,310726,WA003,101,3002A-3007DRYGUM-3007FO-3007S-3025S-3033A-3035A-9999A-9999E,18
3773,233032-1-1-101,2025-05-17,WA007,1022510952,300978151,310726,WA003,101,3002A-3007DRYGUM-3007FO-3007S-3025S-3033A-3035A-9999A-9999E,18
3774,233032-1-1-101,2025-05-17,WA007,1022510952,300978857,310726,WA003,101,3002A-3007DRYGUM-3007FO-3007S-3025S-3033A-3035A-9999A-9999E,18
3775,233032-1-1-101,2025-05-17,WA007,1022510952,300978858,310726,WA003,101,3002A-3007DRYGUM-3007FO-3007S-3025S-3033A-3035A-9999A-9999E,18
3776,233032-1-1-101,2025-05-17,WA007,1022510952,300978859,310726,WA003,101,3002A-3007DRYGUM-3007FO-3007S-3025S-3033A-3035A-9999A-9999E,18
3777,233032-1-1-101,2025-05-17,WA007,1022510952,300978860,310726,WA003,101,3002A-3007DRYGUM-3007FO-3007S-3025S-3033A-3035A-9999A-9999E,18
3778,233032-1-1-101,2025-05-17,WA007,1022510953,300978862,310726,WA003,101,3002A-3007DRYGUM-3007FO-3007S-3025S-3033A-3035A-9999A-9999E,18
3779,233032-1-1-101,2025-05-17,WA007,1022510953,300978863,310726,WA003,101,3002A-3007DRYGUM-3007FO-3007S-3025S-3033A-3035A-9999A-9999E,18
3780,233032-1-1-101,2025-05-17,WA007,1022510953,300978864,310726,WA003,101,3002A-3007DRYGUM-3007FO-3007S-3025S-3033A-3035A-9999A-9999E,18
3781,233032-1-1-101,2025-05-17,WA007,1022510953,300978865,310726,WA003,101,3002A-3007DRYGUM-3007FO-3007S-3025S-3033A-3035A-9999A-9999E,18
3782,233032-1-1-101,2025-05-17,WA007,1022510953,300978866,310726,WA003,101,3002A-3007DRYGUM-3007FO-3007S-3025S-3033A-3035A-9999A-9999E,18
3783,233032-1-1-101,2025-05-17,WA007,1022510953,300978867,310726,WA003,101,3002A-3007DRYGUM-3007FO-3007S-3025S-3033A-3035A-9999A-9999E,18
3784,233032-1-1-101,2025-05-17,WA007,1022510953,300978868,310726,WA003,101,3002A-3007DRYGUM-3007FO-3007S-3025S-3033A-3035A-9999A-9999E,18
3785,233032-1-1-101,2025-05-17,WA007,1022510953,300978869,310726,WA003,101,3002A-3007DRYGUM-3007FO-3007S-3025S-3033A-3035A-9999A-9999E,18
3786,233032-1-1-101,2025-05-17,WA007,1022510955,300978879,310726,WA003,101,3002A-3007DRYGUM-3007FO-3007S-3025S-3033A-3035A-9999A-9999E,18
3787,233032-1-1-101,2025-05-17,WA007,1022510955,300978880,310726,WA003,101,3002A-3007DRYGUM-3007FO-3007S-3025S-3033A-3035A-9999A-9999E,18
3788,233032-1-1-101,2025-05-17,WA007,1022510955,300978881,310726,WA003,101,3002A-3007DRYGUM-3007FO-3007S-3025S-3033A-3035A-9999A-9999E,18
3789,233032-1-1-101,2025-05-17,WA007,1022510955,300978882,310726,WA003,101,3002A-3007DRYGUM-3007FO-3007S-3025S-3033A-3035A-9999A-9999E,18
3790,233032-1-1-101,2025-05-17,WA007,1022510955,300978883,310726,WA003,101,3002A-3007DRYGUM-3007FO-3007S-3025S-3033A-3035A-9999A-9999E,18
3791,233032-1-1-101,2025-05-17,WA007,1022510955,300978884,310726,WA003,101,3002A-3007DRYGUM-3007FO-3007S-3025S-3033A-3035A-9999A-9999E,18
3792,233032-1-1-101,2025-05-17,WA007,1022510955,300978885,310726,WA003,101,3002A-3007DRYGUM-3007FO-3007S-3025S-3033A-3035A-9999A-9999E,18
3793,233032-1-1-101,2025-05-17,WA007,1022510955,300978886,310726,WA003,101,3002A-3007DRYGUM-3007FO-3007S-3025S-3033A-3035A-9999A-9999E,18
3794,233032-1-1-101,2025-05-17,WA007,1022510956,300978893,310726,WA003,101,3002A-3007DRYGUM-3007FO-3007S-3025S-3033A-3035A-9999A-9999E,18
3795,233032-1-1-101,2025-05-17,WA007,1022510956,300978894,310726,WA003,101,3002A-3007DRYGUM-3007FO-3007S-3025S-3033A-3035A-9999A-9999E,18
3796,233032-1-1-101,2025-05-17,WA007,1022510956,300978897,310726,WA003,101,3002A-3007DRYGUM-3007FO-3007S-3025S-3033A-3035A-9999A-9999E,18
3797,233032-1-1-101,2025-05-17,WA007,1022510956,300978901,310726,WA003,101,3002A-3007DRYGUM-3007FO-3007S-3025S-3033A-3035A-9999A-9999E,18
3798,233032-1-1-101,2025-05-17,WA007,1022510956,300978902,310726,WA003,101,3002A-3007DRYGUM-3007FO-3007S-3025S-3033A-3035A-9999A-9999E,18
3799,233032-1-1-101,2025-05-17,WA007,1022510956,300978903,310726,WA003,101,3002A-3007DRYGUM-3007FO-3007S-3025S-3033A-3035A-9999A-9999E,18
3800,233032-1-1-101,2025-05-17,WA007,1022510956,300978904,310726,WA003,101,3002A-3007DRYGUM-3007FO-3007S-3025S-3033A-3035A-9999A-9999E,18
3801,233032-1-1-101,2025-05-17,WA007,1022510956,300978905,310726,WA003,101,3002A-3007DRYGUM-3007FO-3007S-3025S-3033A-3035A-9999A-9999E,18
3802,233032-1-1-101,2025-05-17,WA007,1022510957,300978911,310726,WA003,101,3002A-3007DRYGUM-3007FO-3007S-3025S-3033A-3035A-9999A-9999E,18
3803,233032-1-1-101,2025-05-17,WA007,1022510957,300978912,310726,WA003,101,3002A-3007DRYGUM-3007FO-3007S-3025S-3033A-3035A-9999A-9999E,18
3804,233032-1-1-101,2025-05-17,WA007,1022510957,300978914,310726,WA003,101,3002A-3007DRYGUM-3007FO-3007S-3025S-3033A-3035A-9999A-9999E,18
3805,233032-1-1-101,2025-05-17,WA007,1022510957,300978915,310726,WA003,101,3002A-3007DRYGUM-3007FO-3007S-3025S-3033A-3035A-9999A-9999E,18
3806,233032-1-1-101,2025-05-17,WA007,1022510957,300978916,310726,WA003,101,3002A-3007DRYGUM-3007FO-3007S-3025S-3033A-3035A-9999A-9999E,18
3807,233032-1-1-101,2025-05-17,WA007,1022510957,300978917,310726,WA003,101,3002A-3007DRYGUM-3007FO-3007S-3025S-3033A-3035A-9999A-9999E,18
3808,233032-1-1-101,2025-05-17,WA007,1022510957,300978918,310726,WA003,101,3002A-3007DRYGUM-3007FO-3007S-3025S-3033A-3035A-9999A-9999E,18
3809,233032-1-1-101,2025-05-17,WA007,1022510957,300978920,310726,WA003,101,3002A-3007DRYGUM-3007FO-3007S-3025S-3033A-3035A-9999A-9999E,18
3810,233032-1-1-101,2025-05-17,WA007,1022510453,300971387,310726,WA003,101,3002A-3007DRYGUM-3007FO-3007S-3025S-3033A-3035A-9999A-9999E,23
3811,233032-1-1-101,2025-05-17,WA007,1022510453,300971403,310726,WA003,101,3002A-3007DRYGUM-3007FO-3007S-3025S-3033A-3035A-9999A-9999E,23
3812,233032-1-1-101,2025-05-17,WA007,1022510453,300971503,310726,WA003,101,3002A-3007DRYGUM-3007FO-3007S-3025S-3033A-3035A-9999A-9999E,23
3813,233032-1-1-101,2025-05-17,WA007,1022510453,300971504,310726,WA003,101,3002A-3007DRYGUM-3007FO-3007S-3025S-3033A-3035A-9999A-9999E,23
3814,233032-1-1-101,2025-05-17,WA007,1022510453,300971505,310726,WA003,101,3002A-3007DRYGUM-3007FO-3007S-3025S-3033A-3035A-9999A-9999E,23
3815,233032-1-1-101,2025-05-17,WA007,1022510453,300971506,310726,WA003,101,3002A-3007DRYGUM-3007FO-3007S-3025S-3033A-3035A-9999A-9999E,23
3816,233032-1-1-101,2025-05-17,WA007,1022510454,300971514,310726,WA003,101,3002A-3007DRYGUM-3007FO-3007S-3025S-3033A-3035A-9999A-9999E,23
3817,233032-1-1-101,2025-05-17,WA007,1022510454,300971515,310726,WA003,101,3002A-3007DRYGUM-3007FO-3007S-3025S-3033A-3035A-9999A-9999E,23
3818,233032-1-1-101,2025-05-17,WA007,1022510454,300971516,310726,WA003,101,3002A-3007DRYGUM-3007FO-3007S-3025S-3033A-3035A-9999A-9999E,23
3819,233032-1-1-101,2025-05-17,WA007,1022510454,300971517,310726,WA003,101,3002A-3007DRYGUM-3007FO-3007S-3025S-3033A-3035A-9999A-9999E,23
3820,233032-1-1-101,2025-05-17,WA007,1022510454,300971518,310726,WA003,101,3002A-3007DRYGUM-3007FO-3007S-3025S-3033A-3035A-9999A-9999E,23
3821,233032-1-1-101,2025-05-17,WA007,1022510454,300971519,310726,WA003,101,3002A-3007DRYGUM-3007FO-3007S-3025S-3033A-3035A-9999A-9999E,23
3822,233032-1-1-101,2025-05-17,WA007,1022510454,300971609,310726,WA003,101,3002A-3007DRYGUM-3007FO-3007S-3025S-3033A-3035A-9999A-9999E,23
3823,233032-1-1-101,2025-05-17,WA007,1022510454,300971610,310726,WA003,101,3002A-3007DRYGUM-3007FO-3007S-3025S-3033A-3035A-9999A-9999E,23
3824,233032-1-1-101,2025-05-17,WA007,1022510455,300971611,310726,WA003,101,3002A-3007DRYGUM-3007FO-3007S-3025S-3033A-3035A-9999A-9999E,23
3825,233032-1-1-101,2025-05-17,WA007,1022510455,300971612,310726,WA003,101,3002A-3007DRYGUM-3007FO-3007S-3025S-3033A-3035A-9999A-9999E,23
3826,233032-1-1-101,2025-05-17,WA007,1022510455,300971613,310726,WA003,101,3002A-3007DRYGUM-3007FO-3007S-3025S-3033A-3035A-9999A-9999E,23
3827,233032-1-1-101,2025-05-17,WA007,1022510455,300971614,310726,WA003,101,3002A-3007DRYGUM-3007FO-3007S-3025S-3033A-3035A-9999A-9999E,23
3828,233032-1-1-101,2025-05-17,WA007,1022510455,300971615,310726,WA003,101,3002A-3007DRYGUM-3007FO-3007S-3025S-3033A-3035A-9999A-9999E,23
3829,233032-1-1-101,2025-05-17,WA007,1022510455,300971616,310726,WA003,101,3002A-3007DRYGUM-3007FO-3007S-3025S-3033A-3035A-9999A-9999E,23
3830,233032-1-1-101,2025-05-17,WA007,1022510455,300971617,310726,WA003,101,3002A-3007DRYGUM-3007FO-3007S-3025S-3033A-3035A-9999A-9999E,23
3831,233032-1-1-101,2025-05-17,WA007,1022510455,300971618,310726,WA003,101,3002A-3007DRYGUM-3007FO-3007S-3025S-3033A-3035A-9999A-9999E,23
3832,233032-1-1-101,2025-05-17,WA007,1022510456,300971678,310726,WA003,101,3002A-3007DRYGUM-3007FO-3007S-3025S-3033A-3035A-9999A-9999E,23
3833,233032-1-1-101,2025-05-17,WA007,1022510456,300971679,310726,WA003,101,3002A-3007DRYGUM-3007FO-3007S-3025S-3033A-3035A-9999A-9999E,23
3834,233032-1-1-101,2025-05-17,WA007,1022510456,300971680,310726,WA003,101,3002A-3007DRYGUM-3007FO-3007S-3025S-3033A-3035A-9999A-9999E,23
3835,233032-1-1-101,2025-05-17,WA007,1022510456,300971681,310726,WA003,101,3002A-3007DRYGUM-3007FO-3007S-3025S-3033A-3035A-9999A-9999E,23
3836,233032-1-1-101,2025-05-17,WA007,1022510456,300971682,310726,WA003,101,3002A-3007DRYGUM-3007FO-3007S-3025S-3033A-3035A-9999A-9999E,23
3837,233032-1-1-101,2025-05-17,WA007,1022510456,300971683,310726,WA003,101,3002A-3007DRYGUM-3007FO-3007S-3025S-3033A-3035A-9999A-9999E,23
3838,233032-1-1-101,2025-05-17,WA007,1022510456,300971684,310726,WA003,101,3002A-3007DRYGUM-3007FO-3007S-3025S-3033A-3035A-9999A-9999E,23
3839,233032-1-1-101,2025-05-17,WA007,1022510456,300971685,310726,WA003,101,3002A-3007DRYGUM-3007FO-3007S-3025S-3033A-3035A-9999A-9999E,23
3840,233032-1-1-101,2025-05-17,WA007,1022511258,300983367,310726,WA003,101,3002A-3007DRYGUM-3007FO-3007S-3025S-3035A-9999A-9999E,15
3841,233032-1-1-101,2025-05-17,WA007,1022511258,300983368,310726,WA003,101,3002A-3007DRYGUM-3007FO-3007S-3025S-3035A-9999A-9999E,15
3842,233032-1-1-101,2025-05-17,WA007,1022511258,300983369,310726,WA003,101,3002A-3007DRYGUM-3007FO-3007S-3025S-3035A-9999A-9999E,15
3843,233032-1-1-101,2025-05-17,WA007,1022511258,300983370,310726,WA003,101,3002A-3007DRYGUM-3007FO-3007S-3025S-3035A-9999A-9999E,15
3844,233032-1-1-101,2025-05-17,WA007,1022511258,300983409,310726,WA003,101,3002A-3007DRYGUM-3007FO-3007S-3025S-3035A-9999A-9999E,15
3845,233032-1-1-101,2025-05-17,WA007,1022511258,300983410,310726,WA003,101,3002A-3007DRYGUM-3007FO-3007S-3025S-3035A-9999A-9999E,15
3846,233032-1-1-101,2025-05-17,WA007,1022511258,300983411,310726,WA003,101,3002A-3007DRYGUM-3007FO-3007S-3025S-3035A-9999A-9999E,15
3847,233032-1-1-101,2025-05-17,WA007,1022511258,300983412,310726,WA003,101,3002A-3007DRYGUM-3007FO-3007S-3025S-3035A-9999A-9999E,15
3848,233032-1-1-101,2025-05-17,WA007,1022511259,300983413,310726,WA003,101,3002A-3007DRYGUM-3007FO-3007S-3025S-3035A-9999A-9999E,15
3849,233032-1-1-101,2025-05-17,WA007,1022511259,300983414,310726,WA003,101,3002A-3007DRYGUM-3007FO-3007S-3025S-3035A-9999A-9999E,15
3850,233032-1-1-101,2025-05-17,WA007,1022510352,300969823,310726,WA003,101,3007DRYGUM-3007FO-3007S-3025S-3033A-3035A-9999A-9999E,24
3851,233032-1-1-101,2025-05-17,WA007,1022510352,300969824,310726,WA003,101,3007DRYGUM-3007FO-3007S-3025S-3033A-3035A-9999A-9999E,24
3852,233032-1-1-101,2025-05-17,WA007,1022510352,300969825,310726,WA003,101,3007DRYGUM-3007FO-3007S-3025S-3033A-3035A-9999A-9999E,24
3853,233032-1-1-101,2025-05-17,WA007,1022510352,300969826,310726,WA003,101,3007DRYGUM-3007FO-3007S-3025S-3033A-3035A-9999A-9999E,24
3854,233032-1-1-101,2025-05-17,WA007,1022510352,300969827,310726,WA003,101,3007DRYGUM-3007FO-3007S-3025S-3033A-3035A-9999A-9999E,24
3855,233032-1-1-101,2025-05-17,WA007,1022510352,300969882,310726,WA003,101,3007DRYGUM-3007FO-3007S-3025S-3033A-3035A-9999A-9999E,24
3856,233032-1-1-101,2025-05-17,WA007,1022510352,300969883,310726,WA003,101,3007DRYGUM-3007FO-3007S-3025S-3033A-3035A-9999A-9999E,24
3857,233032-1-1-101,2025-05-17,WA007,1022510352,300969884,310726,WA003,101,3007DRYGUM-3007FO-3007S-3025S-3033A-3035A-9999A-9999E,24
3858,233032-1-1-101,2025-05-17,WA007,1022510353,300969891,310726,WA003,101,3007DRYGUM-3007FO-3007S-3025S-3033A-3035A-9999A-9999E,24
3859,233032-1-1-101,2025-05-17,WA007,1022510353,300969892,310726,WA003,101,3007DRYGUM-3007FO-3007S-3025S-3033A-3035A-9999A-9999E,24
3860,233032-1-1-101,2025-05-17,WA007,1022510353,300969893,310726,WA003,101,3007DRYGUM-3007FO-3007S-3025S-3033A-3035A-9999A-9999E,24
3861,233032-1-1-101,2025-05-17,WA007,1022510353,300969894,310726,WA003,101,3007DRYGUM-3007FO-3007S-3025S-3033A-3035A-9999A-9999E,24
3862,233032-1-1-101,2025-05-17,WA007,1022510353,300969895,310726,WA003,101,3007DRYGUM-3007FO-3007S-3025S-3033A-3035A-9999A-9999E,24
3863,233032-1-1-101,2025-05-17,WA007,1022510353,300969896,310726,WA003,101,3007DRYGUM-3007FO-3007S-3025S-3033A-3035A-9999A-9999E,24
3864,233032-1-1-101,2025-05-17,WA007,1022510353,300969897,310726,WA003,101,3007DRYGUM-3007FO-3007S-3025S-3033A-3035A-9999A-9999E,24
3865,233032-1-1-101,2025-05-17,WA007,1022510353,300969898,310726,WA003,101,3007DRYGUM-3007FO-3007S-3025S-3033A-3035A-9999A-9999E,24
3866,233032-1-1-101,2025-05-17,WA007,1022510354,300970009,310726,WA003,101,3007DRYGUM-3007FO-3007S-3025S-3033A-3035A-9999A-9999E,24
3867,233032-1-1-101,2025-05-17,WA007,1022510354,300970010,310726,WA003,101,3007DRYGUM-3007FO-3007S-3025S-3033A-3035A-9999A-9999E,24
3868,233032-1-1-101,2025-05-17,WA007,1022510354,300970011,310726,WA003,101,3007DRYGUM-3007FO-3007S-3025S-3033A-3035A-9999A-9999E,24
3869,233032-1-1-101,2025-05-17,WA007,1022510354,300970012,310726,WA003,101,3007DRYGUM-3007FO-3007S-3025S-3033A-3035A-9999A-9999E,24
3870,233032-1-1-101,2025-05-17,WA007,1022510354,300970066,310726,WA003,101,3007DRYGUM-3007FO-3007S-3025S-3033A-3035A-9999A-9999E,24
3871,233032-1-1-101,2025-05-17,WA007,1022510354,300970067,310726,WA003,101,3007DRYGUM-3007FO-3007S-3025S-3033A-3035A-9999A-9999E,24
3872,233032-1-1-101,2025-05-17,WA007,1022510354,300970068,310726,WA003,101,3007DRYGUM-3007FO-3007S-3025S-3033A-3035A-9999A-9999E,24
3873,233032-1-1-101,2025-05-17,WA007,1022510354,300970069,310726,WA003,101,3007DRYGUM-3007FO-3007S-3025S-3033A-3035A-9999A-9999E,24
3874,233032-1-1-101,2025-05-17,WA007,1022510355,300970100,310726,WA003,101,3007DRYGUM-3007FO-3007S-3025S-3033A-3035A-9999A-9999E,24
3875,233032-1-1-101,2025-05-17,WA007,1022510355,300970101,310726,WA003,101,3007DRYGUM-3007FO-3007S-3025S-3033A-3035A-9999A-9999E,24
3876,233032-1-1-101,2025-05-17,WA007,1022510355,300970102,310726,WA003,101,3007DRYGUM-3007FO-3007S-3025S-3033A-3035A-9999A-9999E,24
3877,233032-1-1-101,2025-05-17,WA007,1022510355,300970104,310726,WA003,101,3007DRYGUM-3007FO-3007S-3025S-3033A-3035A-9999A-9999E,24
3878,233032-1-1-101,2025-05-17,WA007,1022510355,300970124,310726,WA003,101,3007DRYGUM-3007FO-3007S-3025S-3033A-3035A-9999A-9999E,24
3879,233032-1-1-101,2025-05-17,WA007,1022510355,300970125,310726,WA003,101,3007DRYGUM-3007FO-3007S-3025S-3033A-3035A-9999A-9999E,24
3880,233032-1-1-101,2025-05-17,WA007,1022510355,300970147,310726,WA003,101,3007DRYGUM-3007FO-3007S-3025S-3033A-3035A-9999A-9999E,24
3881,233032-1-1-101,2025-05-17,WA007,1022510355,300970148,310726,WA003,101,3007DRYGUM-3007FO-3007S-3025S-3033A-3035A-9999A-9999E,24
3882,233032-1-1-101,2025-05-17,WA007,1022510356,300970249,310726,WA003,101,3007DRYGUM-3007FO-3007S-3025S-3033A-3035A-9999A-9999E,24
3883,233032-1-1-101,2025-05-17,WA007,1022510356,300970250,310726,WA003,101,3007DRYGUM-3007FO-3007S-3025S-3033A-3035A-9999A-9999E,24
3884,233032-1-1-101,2025-05-17,WA007,1022510356,300970251,310726,WA003,101,3007DRYGUM-3007FO-3007S-3025S-3033A-3035A-9999A-9999E,24
3885,233032-1-1-101,2025-05-17,WA007,1022510356,300970252,310726,WA003,101,3007DRYGUM-3007FO-3007S-3025S-3033A-3035A-9999A-9999E,24
3886,233032-1-1-101,2025-05-17,WA007,1022510356,300970274,310726,WA003,101,3007DRYGUM-3007FO-3007S-3025S-3033A-3035A-9999A-9999E,24
3887,233032-1-1-101,2025-05-17,WA007,1022510356,300970275,310726,WA003,101,3007DRYGUM-3007FO-3007S-3025S-3033A-3035A-9999A-9999E,24
3888,233032-1-1-101,2025-05-17,WA007,1022510356,300970276,310726,WA003,101,3007DRYGUM-3007FO-3007S-3025S-3033A-3035A-9999A-9999E,24
3889,233032-1-1-101,2025-05-17,WA007,1022510356,300970277,310726,WA003,101,3007DRYGUM-3007FO-3007S-3025S-3033A-3035A-9999A-9999E,24
3890,233107-1-1-103,2025-05-14,WA007,1012511201,300981138,310724,WA002,101,9999A-9999E,15
3891,233107-1-1-103,2025-05-14,WA007,1012511201,300981139,310724,WA002,101,9999A-9999E,15
3892,233107-1-1-103,2025-05-14,WA007,1012511201,300981140,310724,WA002,101,9999A-9999E,15
3893,233107-1-1-103,2025-05-14,WA007,1012511201,300981141,310724,WA002,101,9999A-9999E,15
3894,233107-1-1-103,2025-05-14,WA007,1012511201,300981142,310724,WA002,101,9999A-9999E,15
3895,233107-1-1-103,2025-05-14,WA007,1012511201,300981143,310724,WA002,101,9999A-9999E,15
3896,233107-1-1-103,2025-05-14,WA007,1012511201,300981144,310724,WA002,101,9999A-9999E,15
3897,233107-1-1-103,2025-05-14,WA007,1012511201,300981145,310724,WA002,101,9999A-9999E,15
3898,233107-1-1-103,2025-05-14,WA007,1012511202,300981203,310724,WA002,101,9999A-9999E,15
3899,233107-1-1-103,2025-05-14,WA007,1012511202,300981204,310724,WA002,101,9999A-9999E,15
3900,233107-1-1-103,2025-05-14,WA007,1012511202,300981205,310724,WA002,101,9999A-9999E,15
3901,233107-1-1-103,2025-05-14,WA007,1012511202,300981207,310724,WA002,101,9999A-9999E,15
3902,233107-1-1-103,2025-05-14,WA007,1012511202,300981209,310724,WA002,101,9999A-9999E,15
3903,233107-1-1-103,2025-05-14,WA007,1012511202,300981329,310724,WA002,101,9999A-9999E,15
3904,233107-1-1-103,2025-05-14,WA007,1012511202,300981330,310724,WA002,101,9999A-9999E,15
3905,233107-1-1-103,2025-05-14,WA007,1012511202,300981331,310724,WA002,101,9999A-9999E,15
3906,233107-1-1-103,2025-05-14,WA007,1012511203,300981338,310724,WA002,101,9999A-9999E,15
3907,233107-1-1-103,2025-05-14,WA007,1012511203,300981339,310724,WA002,101,9999A-9999E,15
3908,233107-1-1-103,2025-05-14,WA007,1012511203,300981340,310724,WA002,101,9999A-9999E,15
3909,233107-1-1-103,2025-05-14,WA007,1012511203,300981341,310724,WA002,101,9999A-9999E,15
3910,233107-1-1-103,2025-05-14,WA007,1012511203,300981356,310724,WA002,101,9999A-9999E,15
3911,233107-1-1-103,2025-05-14,WA007,1012511203,300981357,310724,WA002,101,9999A-9999E,15
3912,233107-1-1-103,2025-05-14,WA007,1012511203,300981380,310724,WA002,101,9999A-9999E,15
3913,233107-1-1-103,2025-05-14,WA007,1012511203,300981381,310724,WA002,101,9999A-9999E,15
3914,233107-1-1-103,2025-05-14,WA007,1012511206,300982236,310724,WA002,101,9999A-9999E,15
3915,233107-1-1-103,2025-05-14,WA007,1012511206,300982237,310724,WA002,101,9999A-9999E,15
3916,233107-1-1-103,2025-05-14,WA007,1012511206,300982238,310724,WA002,101,9999A-9999E,15
3917,233107-1-1-103,2025-05-14,WA007,1012511206,300982252,310724,WA002,101,9999A-9999E,15
3918,233107-1-1-103,2025-05-14,WA007,1012511206,300982253,310724,WA002,101,9999A-9999E,15
3919,233107-1-1-103,2025-05-14,WA007,1012511206,300982254,310724,WA002,101,9999A-9999E,15
3920,233107-1-1-103,2025-05-14,WA007,1012511206,300982282,310724,WA002,101,9999A-9999E,15
3921,233107-1-1-103,2025-05-14,WA007,1012511206,300982283,310724,WA002,101,9999A-9999E,15
3922,233107-1-1-103,2025-05-14,WA007,1012511207,300982286,310724,WA002,101,9999A-9999E,15
3923,233107-1-1-103,2025-05-14,WA007,1012511207,300982287,310724,WA002,101,9999A-9999E,15
3924,233107-1-1-103,2025-05-14,WA007,1012511207,300982288,310724,WA002,101,9999A-9999E,15
3925,233107-1-1-103,2025-05-14,WA007,1012511207,300982289,310724,WA002,101,9999A-9999E,15
3926,233107-1-1-103,2025-05-14,WA007,1012511207,300982290,310724,WA002,101,9999A-9999E,15
3927,233107-1-1-103,2025-05-14,WA007,1012511207,300982291,310724,WA002,101,9999A-9999E,15
3928,233107-1-1-103,2025-05-14,WA007,1012511207,300982292,310724,WA002,101,9999A-9999E,15
3929,233107-1-1-103,2025-05-14,WA007,1012511207,300982381,310724,WA002,101,9999A-9999E,15
3930,233107-1-1-103,2025-05-14,WA007,1012511208,300982388,310724,WA002,101,9999A-9999E,15
3931,233107-1-1-103,2025-05-14,WA007,1012511208,300982390,310724,WA002,101,9999A-9999E,15
3932,233107-1-1-103,2025-05-14,WA007,1012511208,300982391,310724,WA002,101,9999A-9999E,15
3933,233107-1-1-103,2025-05-14,WA007,1012511208,300982393,310724,WA002,101,9999A-9999E,15
3934,233107-1-1-103,2025-05-14,WA007,1012511208,300982404,310724,WA002,101,9999A-9999E,15
3935,233107-1-1-103,2025-05-14,WA007,1012511208,300982405,310724,WA002,101,9999A-9999E,15
3936,233107-1-1-103,2025-05-14,WA007,1012511208,300982429,310724,WA002,101,9999A-9999E,15
3937,233107-1-1-103,2025-05-14,WA007,1012511208,300982430,310724,WA002,101,9999A-9999E,15
3938,233107-1-1-103,2025-05-14,WA007,1012511209,300982431,310724,WA002,101,9999A-9999E,15
3939,233107-1-1-103,2025-05-14,WA007,1012511209,300982432,310724,WA002,101,9999A-9999E,15
3940,233107-1-1-103,2025-05-14,WA007,1012511209,300982433,310724,WA002,101,9999A-9999E,15
3941,233107-1-1-103,2025-05-14,WA007,1012511209,300982434,310724,WA002,101,9999A-9999E,15
3942,233107-1-1-103,2025-05-14,WA007,1012511209,300982435,310724,WA002,101,9999A-9999E,15
3943,233107-1-1-103,2025-05-14,WA007,1012511209,300982449,310724,WA002,101,9999A-9999E,15
3944,233107-1-1-103,2025-05-14,WA007,1012511209,300982519,310724,WA002,101,9999A-9999E,15
3945,233107-1-1-103,2025-05-14,WA007,1012511209,300982520,310724,WA002,101,9999A-9999E,15
3946,233107-1-1-103,2025-05-14,WA007,1012511210,300982521,310724,WA002,101,9999A-9999E,15
3947,233107-1-1-103,2025-05-14,WA007,1012511210,300982522,310724,WA002,101,9999A-9999E,15
3948,233107-1-1-103,2025-05-14,WA007,1012511210,300982523,310724,WA002,101,9999A-9999E,15
3949,233107-1-1-103,2025-05-14,WA007,1012511210,300982589,310724,WA002,101,9999A-9999E,15
3950,233107-1-1-103,2025-05-14,WA007,1012511210,300982590,310724,WA002,101,9999A-9999E,15
3951,233107-1-1-103,2025-05-14,WA007,1012511210,300982591,310724,WA002,101,9999A-9999E,15
3952,233107-1-1-103,2025-05-14,WA007,1012511210,300982592,310724,WA002,101,9999A-9999E,15
3953,233107-1-1-103,2025-05-14,WA007,1012511210,300982593,310724,WA002,101,9999A-9999E,15
3954,233107-1-1-103,2025-05-14,WA007,1012511211,300982630,310724,WA002,101,9999A-9999E,15
3955,233107-1-1-103,2025-05-14,WA007,1012511211,300982676,310724,WA002,101,9999A-9999E,15
3956,233107-1-1-103,2025-05-14,WA007,1012511211,300982677,310724,WA002,101,9999A-9999E,15
3957,233107-1-1-103,2025-05-14,WA007,1012511211,300982678,310724,WA002,101,9999A-9999E,15
3958,233107-1-1-103,2025-05-14,WA007,1012511211,300982679,310724,WA002,101,9999A-9999E,15
3959,233107-1-1-103,2025-05-14,WA007,1012511211,300982686,310724,WA002,101,9999A-9999E,15
3960,233107-1-1-103,2025-05-14,WA007,1012511101,300979783,310724,WA002,101,9999A-9999E,16
3961,233107-1-1-103,2025-05-14,WA007,1012511101,300979798,310724,WA002,101,9999A-9999E,16
3962,233107-1-1-103,2025-05-14,WA007,1012511101,300979799,310724,WA002,101,9999A-9999E,16
3963,233107-1-1-103,2025-05-14,WA007,1012511101,300979800,310724,WA002,101,9999A-9999E,16
3964,233107-1-1-103,2025-05-14,WA007,1012511101,300979801,310724,WA002,101,9999A-9999E,16
3965,233107-1-1-103,2025-05-14,WA007,1012511101,300979822,310724,WA002,101,9999A-9999E,16
3966,233107-1-1-103,2025-05-14,WA007,1012511101,300979823,310724,WA002,101,9999A-9999E,16
3967,233107-1-1-103,2025-05-14,WA007,1012511101,300979824,310724,WA002,101,9999A-9999E,16
3968,233107-1-1-103,2025-05-14,WA007,1012511102,300979838,310724,WA002,101,9999A-9999E,16
3969,233107-1-1-103,2025-05-14,WA007,1012511102,300979839,310724,WA002,101,9999A-9999E,16
3970,233107-1-1-103,2025-05-14,WA007,1012511102,300979840,310724,WA002,101,9999A-9999E,16
3971,233107-1-1-103,2025-05-14,WA007,1012511102,300979856,310724,WA002,101,9999A-9999E,16
3972,233107-1-1-103,2025-05-14,WA007,1012511102,300979858,310724,WA002,101,9999A-9999E,16
3973,233107-1-1-103,2025-05-14,WA007,1012511102,300979859,310724,WA002,101,9999A-9999E,16
3974,233107-1-1-103,2025-05-14,WA007,1012511102,300979874,310724,WA002,101,9999A-9999E,16
3975,233107-1-1-103,2025-05-14,WA007,1012511102,300979876,310724,WA002,101,9999A-9999E,16
3976,233107-1-1-103,2025-05-14,WA007,1012511103,300979932,310724,WA002,101,9999A-9999E,16
3977,233107-1-1-103,2025-05-14,WA007,1012511103,300979933,310724,WA002,101,9999A-9999E,16
3978,233107-1-1-103,2025-05-14,WA007,1012511103,300979942,310724,WA002,101,9999A-9999E,16
3979,233107-1-1-103,2025-05-14,WA007,1012511103,300979971,310724,WA002,101,9999A-9999E,16
3980,233107-1-1-103,2025-05-14,WA007,1012511103,300980022,310724,WA002,101,9999A-9999E,16
3981,233107-1-1-103,2025-05-14,WA007,1012511103,300980105,310724,WA002,101,9999A-9999E,16
3982,233107-1-1-103,2025-05-14,WA007,1012511103,300980106,310724,WA002,101,9999A-9999E,16
3983,233107-1-1-103,2025-05-14,WA007,1012511103,300980107,310724,WA002,101,9999A-9999E,16
3984,233107-1-1-103,2025-05-14,WA007,1012511104,300980167,310724,WA002,101,9999A-9999E,16
3985,233107-1-1-103,2025-05-14,WA007,1012511104,300980178,310724,WA002,101,9999A-9999E,16
3986,233107-1-1-103,2025-05-14,WA007,1012511104,300980179,310724,WA002,101,9999A-9999E,16
3987,233107-1-1-103,2025-05-14,WA007,1012511104,300980199,310724,WA002,101,9999A-9999E,16
3988,233107-1-1-103,2025-05-14,WA007,1012511104,300980200,310724,WA002,101,9999A-9999E,16
3989,233107-1-1-103,2025-05-14,WA007,1012511104,300980201,310724,WA002,101,9999A-9999E,16
3990,233107-1-1-103,2025-05-14,WA007,1012511104,300980242,310724,WA002,101,9999A-9999E,16
3991,233107-1-1-103,2025-05-14,WA007,1012511104,300980243,310724,WA002,101,9999A-9999E,16
3992,233107-1-1-103,2025-05-14,WA007,1012511105,300980244,310724,WA002,101,9999A-9999E,16
3993,233107-1-1-103,2025-05-14,WA007,1012511105,300980245,310724,WA002,101,9999A-9999E,16
3994,233107-1-1-103,2025-05-14,WA007,1012511105,300980246,310724,WA002,101,9999A-9999E,16
3995,233107-1-1-103,2025-05-14,WA007,1012511105,300980247,310724,WA002,101,9999A-9999E,16
3996,233107-1-1-103,2025-05-14,WA007,1012511105,300980250,310724,WA002,101,9999A-9999E,16
3997,233107-1-1-103,2025-05-14,WA007,1012511105,300980251,310724,WA002,101,9999A-9999E,16
3998,233107-1-1-103,2025-05-14,WA007,1012511105,300980372,310724,WA002,101,9999A-9999E,16
3999,233107-1-1-103,2025-05-14,WA007,1012511105,300980739,310724,WA002,101,9999A-9999E,16
4000,233107-1-1-103,2025-05-14,WA007,1012511106,300980740,310724,WA002,101,9999A-9999E,16
4001,233107-1-1-103,2025-05-14,WA007,1012511106,300980741,310724,WA002,101,9999A-9999E,16
4002,233107-1-1-103,2025-05-14,WA007,1012511106,300980778,310724,WA002,101,9999A-9999E,16
4003,233107-1-1-103,2025-05-14,WA007,1012511106,300980779,310724,WA002,101,9999A-9999E,16
4004,233107-1-1-103,2025-05-14,WA007,1012511106,300980784,310724,WA002,101,9999A-9999E,16
4005,233107-1-1-103,2025-05-14,WA007,1012511106,300980785,310724,WA002,101,9999A-9999E,16
4006,233107-1-1-103,2025-05-14,WA007,1012511106,300980786,310724,WA002,101,9999A-9999E,16
4007,233107-1-1-103,2025-05-14,WA007,1012511106,300980787,310724,WA002,101,9999A-9999E,16
4008,233107-1-1-103,2025-05-14,WA007,1012511107,300980798,310724,WA002,101,9999A-9999E,16
4009,233107-1-1-103,2025-05-14,WA007,1012511107,300980799,310724,WA002,101,9999A-9999E,16
4010,233107-1-1-103,2025-05-14,WA007,1012511107,300980800,310724,WA002,101,9999A-9999E,16
4011,233107-1-1-103,2025-05-14,WA007,1012511107,300980805,310724,WA002,101,9999A-9999E,16
4012,233107-1-1-103,2025-05-14,WA007,1012511107,300980806,310724,WA002,101,9999A-9999E,16
4013,233107-1-1-103,2025-05-14,WA007,1012511107,300980807,310724,WA002,101,9999A-9999E,16
4014,233107-1-1-103,2025-05-14,WA007,1012511107,300980808,310724,WA002,101,9999A-9999E,16
4015,233107-1-1-103,2025-05-14,WA007,1012511107,300980810,310724,WA002,101,9999A-9999E,16
4016,233107-1-1-103,2025-05-14,WA007,1012511108,300980811,310724,WA002,101,9999A-9999E,16
4017,233107-1-1-103,2025-05-14,WA007,1012511108,300980812,310724,WA002,101,9999A-9999E,16
4018,233107-1-1-103,2025-05-14,WA007,1012511108,300980848,310724,WA002,101,9999A-9999E,16
4019,233107-1-1-103,2025-05-14,WA007,1012511108,300980849,310724,WA002,101,9999A-9999E,16
4020,233107-1-1-103,2025-05-14,WA007,1012511108,300980850,310724,WA002,101,9999A-9999E,16
4021,233107-1-1-103,2025-05-14,WA007,1012511108,300980851,310724,WA002,101,9999A-9999E,16
4022,233107-1-1-103,2025-05-14,WA007,1012511108,300980858,310724,WA002,101,9999A-9999E,16
4023,233107-1-1-103,2025-05-14,WA007,1012511108,300980859,310724,WA002,101,9999A-9999E,16
4024,233107-1-1-103,2025-05-14,WA007,1012511109,300980862,310724,WA002,101,9999A-9999E,16
4025,233107-1-1-103,2025-05-14,WA007,1012511109,300980863,310724,WA002,101,9999A-9999E,16
4026,233107-1-1-103,2025-05-14,WA007,1012511109,300980864,310724,WA002,101,9999A-9999E,16
4027,233107-1-1-103,2025-05-14,WA007,1012511109,300980865,310724,WA002,101,9999A-9999E,16
4028,233107-1-1-103,2025-05-14,WA007,1012511109,300980866,310724,WA002,101,9999A-9999E,16
4029,233107-1-1-103,2025-05-14,WA007,1012511109,300980867,310724,WA002,101,9999A-9999E,16
4030,233107-1-1-103,2025-05-14,WA007,1012510801,300975628,310724,WA002,101,9999A-9999E,19
4031,233107-1-1-103,2025-05-14,WA007,1012510801,300975629,310724,WA002,101,9999A-9999E,19
4032,233107-1-1-103,2025-05-14,WA007,1012510801,300975630,310724,WA002,101,9999A-9999E,19
4033,233107-1-1-103,2025-05-14,WA007,1012510801,300975750,310724,WA002,101,9999A-9999E,19
4034,233107-1-1-103,2025-05-14,WA007,1012510801,300975757,310724,WA002,101,9999A-9999E,19
4035,233107-1-1-103,2025-05-14,WA007,1012510801,300975768,310724,WA002,101,9999A-9999E,19
4036,233107-1-1-103,2025-05-14,WA007,1012510801,300975769,310724,WA002,101,9999A-9999E,19
4037,233107-1-1-103,2025-05-14,WA007,1012510801,300975770,310724,WA002,101,9999A-9999E,19
4038,233107-1-1-103,2025-05-14,WA007,1012510802,300975832,310724,WA002,101,9999A-9999E,19
4039,233107-1-1-103,2025-05-14,WA007,1012510802,300975847,310724,WA002,101,9999A-9999E,19
4040,233107-1-1-103,2025-05-14,WA007,1012510802,300975890,310724,WA002,101,9999A-9999E,19
4041,233107-1-1-103,2025-05-14,WA007,1012510802,300975891,310724,WA002,101,9999A-9999E,19
4042,233107-1-1-103,2025-05-14,WA007,1012510802,300975895,310724,WA002,101,9999A-9999E,19
4043,233107-1-1-103,2025-05-14,WA007,1012510802,300975908,310724,WA002,101,9999A-9999E,19
4044,233107-1-1-103,2025-05-14,WA007,1012510802,300975909,310724,WA002,101,9999A-9999E,19
4045,233107-1-1-103,2025-05-14,WA007,1012510802,300975910,310724,WA002,101,9999A-9999E,19
4046,233107-1-1-103,2025-05-14,WA007,1012510803,300975918,310724,WA002,101,9999A-9999E,19
4047,233107-1-1-103,2025-05-14,WA007,1012510803,300975941,310724,WA002,101,9999A-9999E,19
4048,233107-1-1-103,2025-05-14,WA007,1012510803,300975943,310724,WA002,101,9999A-9999E,19
4049,233107-1-1-103,2025-05-14,WA007,1012510803,300975955,310724,WA002,101,9999A-9999E,19
4050,233107-1-1-103,2025-05-14,WA007,1012510803,300975956,310724,WA002,101,9999A-9999E,19
4051,233107-1-1-103,2025-05-14,WA007,1012510803,300975975,310724,WA002,101,9999A-9999E,19
4052,233107-1-1-103,2025-05-14,WA007,1012510803,300975976,310724,WA002,101,9999A-9999E,19
4053,233107-1-1-103,2025-05-14,WA007,1012510803,300975977,310724,WA002,101,9999A-9999E,19
4054,233107-1-1-103,2025-05-14,WA007,1012510804,300975992,310724,WA002,101,9999A-9999E,19
4055,233107-1-1-103,2025-05-14,WA007,1012510804,300975993,310724,WA002,101,9999A-9999E,19
4056,233107-1-1-103,2025-05-14,WA007,1012510804,300975994,310724,WA002,101,9999A-9999E,19
4057,233107-1-1-103,2025-05-14,WA007,1012510804,300975995,310724,WA002,101,9999A-9999E,19
4058,233107-1-1-103,2025-05-14,WA007,1012510804,300976000,310724,WA002,101,9999A-9999E,19
4059,233107-1-1-103,2025-05-14,WA007,1012510804,300976020,310724,WA002,101,9999A-9999E,19
4060,233107-1-1-103,2025-05-14,WA007,1012510804,300976021,310724,WA002,101,9999A-9999E,19
4061,233107-1-1-103,2025-05-14,WA007,1012510804,300976022,310724,WA002,101,9999A-9999E,19
4062,233107-1-1-103,2025-05-14,WA007,1012510805,300976053,310724,WA002,101,9999A-9999E,19
4063,233107-1-1-103,2025-05-14,WA007,1012510805,300976054,310724,WA002,101,9999A-9999E,19
4064,233107-1-1-103,2025-05-14,WA007,1012510805,300976062,310724,WA002,101,9999A-9999E,19
4065,233107-1-1-103,2025-05-14,WA007,1012510805,300976063,310724,WA002,101,9999A-9999E,19
4066,233107-1-1-103,2025-05-14,WA007,1012510805,300976074,310724,WA002,101,9999A-9999E,19
4067,233107-1-1-103,2025-05-14,WA007,1012510805,300976081,310724,WA002,101,9999A-9999E,19
4068,233107-1-1-103,2025-05-14,WA007,1012510805,300976108,310724,WA002,101,9999A-9999E,19
4069,233107-1-1-103,2025-05-14,WA007,1012510805,300976109,310724,WA002,101,9999A-9999E,19
4070,233107-1-1-103,2025-05-14,WA007,1012510806,300976110,310724,WA002,101,9999A-9999E,19
4071,233107-1-1-103,2025-05-14,WA007,1012510806,300976115,310724,WA002,101,9999A-9999E,19
4072,233107-1-1-103,2025-05-14,WA007,1012510806,300976120,310724,WA002,101,9999A-9999E,19
4073,233107-1-1-103,2025-05-14,WA007,1012510806,300976130,310724,WA002,101,9999A-9999E,19
4074,233107-1-1-103,2025-05-14,WA007,1012510806,300976142,310724,WA002,101,9999A-9999E,19
4075,233107-1-1-103,2025-05-14,WA007,1012510806,300976191,310724,WA002,101,9999A-9999E,19
4076,233107-1-1-103,2025-05-14,WA007,1012510806,300976192,310724,WA002,101,9999A-9999E,19
4077,233107-1-1-103,2025-05-14,WA007,1012510806,300976193,310724,WA002,101,9999A-9999E,19
4078,233107-1-1-103,2025-05-14,WA007,1012510807,300976197,310724,WA002,101,9999A-9999E,19
4079,233107-1-1-103,2025-05-14,WA007,1012510807,300976198,310724,WA002,101,9999A-9999E,19
4080,233107-1-1-103,2025-05-14,WA007,1012510807,300976199,310724,WA002,101,9999A-9999E,19
4081,233107-1-1-103,2025-05-14,WA007,1012510807,300976215,310724,WA002,101,9999A-9999E,19
4082,233107-1-1-103,2025-05-14,WA007,1012510807,300976216,310724,WA002,101,9999A-9999E,19
4083,233107-1-1-103,2025-05-14,WA007,1012510807,300976217,310724,WA002,101,9999A-9999E,19
4084,233107-1-1-103,2025-05-14,WA007,1012510807,300976277,310724,WA002,101,9999A-9999E,19
4085,233107-1-1-103,2025-05-14,WA007,1012510807,300976278,310724,WA002,101,9999A-9999E,19
4086,233107-1-1-103,2025-05-14,WA007,1012510808,300976279,310724,WA002,101,9999A-9999E,19
4087,233107-1-1-103,2025-05-14,WA007,1012510808,300976296,310724,WA002,101,9999A-9999E,19
4088,233107-1-1-103,2025-05-14,WA007,1012510808,300976298,310724,WA002,101,9999A-9999E,19
4089,233107-1-1-103,2025-05-14,WA007,1012510808,300976349,310724,WA002,101,9999A-9999E,19
4090,233107-1-1-103,2025-05-14,WA007,1012510808,300976403,310724,WA002,101,9999A-9999E,19
4091,233107-1-1-103,2025-05-14,WA007,1012510808,300976404,310724,WA002,101,9999A-9999E,19
4092,233107-1-1-103,2025-05-14,WA007,1012510808,300976405,310724,WA002,101,9999A-9999E,19
4093,233107-1-1-103,2025-05-14,WA007,1012510808,300976406,310724,WA002,101,9999A-9999E,19
4094,233107-1-1-103,2025-05-14,WA007,1012510809,300976417,310724,WA002,101,9999A-9999E,19
4095,233107-1-1-103,2025-05-14,WA007,1012510809,300976430,310724,WA002,101,9999A-9999E,19
4096,233107-1-1-103,2025-05-14,WA007,1012510809,300976483,310724,WA002,101,9999A-9999E,19
4097,233107-1-1-103,2025-05-14,WA007,1012510809,300976484,310724,WA002,101,9999A-9999E,19
4098,233107-1-1-103,2025-05-14,WA007,1012510809,300976485,310724,WA002,101,9999A-9999E,19
4099,233107-1-1-103,2025-05-14,WA007,1012510809,300976506,310724,WA002,101,9999A-9999E,19
4100,233107-1-1-103,2025-05-14,WA007,1012510809,300976507,310724,WA002,101,9999A-9999E,19
4101,233107-1-1-103,2025-05-14,WA007,1012510809,300976508,310724,WA002,101,9999A-9999E,19
4102,233107-1-1-103,2025-05-14,WA007,1012510810,300976521,310724,WA002,101,9999A-9999E,19
4103,233107-1-1-103,2025-05-14,WA007,1012510810,300976664,310724,WA002,101,9999A-9999E,19
4104,233107-1-1-103,2025-05-14,WA007,1012510810,300976665,310724,WA002,101,9999A-9999E,19
4105,233107-1-1-103,2025-05-14,WA007,1012510810,300976666,310724,WA002,101,9999A-9999E,19
4106,233107-1-1-103,2025-05-14,WA007,1012510810,300976667,310724,WA002,101,9999A-9999E,19
4107,233107-1-1-103,2025-05-14,WA007,1012510810,300976704,310724,WA002,101,9999A-9999E,19
4108,233107-1-1-103,2025-05-14,WA007,1012510810,300976705,310724,WA002,101,9999A-9999E,19
4109,233107-1-1-103,2025-05-14,WA007,1012510810,300976706,310724,WA002,101,9999A-9999E,19
4110,233107-1-1-103,2025-05-14,WA007,1012510811,300976762,310724,WA002,101,9999A-9999E,19
4111,233107-1-1-103,2025-05-14,WA007,1012510811,300976763,310724,WA002,101,9999A-9999E,19
4112,233107-1-1-103,2025-05-14,WA007,1012510811,300976764,310724,WA002,101,9999A-9999E,19
4113,233107-1-1-103,2025-05-14,WA007,1012510811,300976765,310724,WA002,101,9999A-9999E,19
4114,233107-1-1-103,2025-05-14,WA007,1012510811,300976823,310724,WA002,101,9999A-9999E,19
4115,233107-1-1-103,2025-05-14,WA007,1012510811,300976824,310724,WA002,101,9999A-9999E,19
4116,233107-1-1-103,2025-05-14,WA007,1012510811,300976825,310724,WA002,101,9999A-9999E,19
4117,233107-1-1-103,2025-05-14,WA007,1012510811,300976826,310724,WA002,101,9999A-9999E,19
4118,233107-1-1-103,2025-05-14,WA007,1012510812,300976841,310724,WA002,101,9999A-9999E,19
4119,233107-1-1-103,2025-05-14,WA007,1012510812,300976842,310724,WA002,101,9999A-9999E,19
4120,233107-1-1-103,2025-05-14,WA007,1012510812,300976843,310724,WA002,101,9999A-9999E,19
4121,233107-1-1-103,2025-05-14,WA007,1012510812,300976844,310724,WA002,101,9999A-9999E,19
4122,233107-1-1-103,2025-05-14,WA007,1012510812,300976858,310724,WA002,101,9999A-9999E,19
4123,233107-1-1-103,2025-05-14,WA007,1012510812,300976859,310724,WA002,101,9999A-9999E,19
4124,233107-1-1-103,2025-05-14,WA007,1012510812,300976867,310724,WA002,101,9999A-9999E,19
4125,233107-1-1-103,2025-05-14,WA007,1012510812,300976868,310724,WA002,101,9999A-9999E,19
4126,233107-1-1-103,2025-05-14,WA007,1012510813,300976936,310724,WA002,101,9999A-9999E,19
4127,233107-1-1-103,2025-05-14,WA007,1012510813,300976937,310724,WA002,101,9999A-9999E,19
4128,233107-1-1-103,2025-05-14,WA007,1012510813,300976938,310724,WA002,101,9999A-9999E,19
4129,233107-1-1-103,2025-05-14,WA007,1012510813,300976939,310724,WA002,101,9999A-9999E,19
4130,233107-1-1-103,2025-05-14,WA007,1012510601,300973096,310724,WA002,101,9999A-9999E,21
4131,233107-1-1-103,2025-05-14,WA007,1012510601,300973131,310724,WA002,101,9999A-9999E,21
4132,233107-1-1-103,2025-05-14,WA007,1012510601,300973133,310724,WA002,101,9999A-9999E,21
4133,233107-1-1-103,2025-05-14,WA007,1012510601,300973134,310724,WA002,101,9999A-9999E,21
4134,233107-1-1-103,2025-05-14,WA007,1012510601,300973141,310724,WA002,101,9999A-9999E,21
4135,233107-1-1-103,2025-05-14,WA007,1012510601,300973142,310724,WA002,101,9999A-9999E,21
4136,233107-1-1-103,2025-05-14,WA007,1012510601,300973143,310724,WA002,101,9999A-9999E,21
4137,233107-1-1-103,2025-05-14,WA007,1012510601,300973151,310724,WA002,101,9999A-9999E,21
4138,233107-1-1-103,2025-05-14,WA007,1012510602,300973169,310724,WA002,101,9999A-9999E,21
4139,233107-1-1-103,2025-05-14,WA007,1012510602,300973170,310724,WA002,101,9999A-9999E,21
4140,233107-1-1-103,2025-05-14,WA007,1012510602,300973171,310724,WA002,101,9999A-9999E,21
4141,233107-1-1-103,2025-05-14,WA007,1012510602,300973194,310724,WA002,101,9999A-9999E,21
4142,233107-1-1-103,2025-05-14,WA007,1012510602,300973195,310724,WA002,101,9999A-9999E,21
4143,233107-1-1-103,2025-05-14,WA007,1012510602,300973196,310724,WA002,101,9999A-9999E,21
4144,233107-1-1-103,2025-05-14,WA007,1012510602,300973197,310724,WA002,101,9999A-9999E,21
4145,233107-1-1-103,2025-05-14,WA007,1012510602,300973198,310724,WA002,101,9999A-9999E,21
4146,233107-1-1-103,2025-05-14,WA007,1012510603,300973206,310724,WA002,101,9999A-9999E,21
4147,233107-1-1-103,2025-05-14,WA007,1012510603,300973207,310724,WA002,101,9999A-9999E,21
4148,233107-1-1-103,2025-05-14,WA007,1012510603,300973218,310724,WA002,101,9999A-9999E,21
4149,233107-1-1-103,2025-05-14,WA007,1012510603,300973294,310724,WA002,101,9999A-9999E,21
4150,233107-1-1-103,2025-05-14,WA007,1012510603,300973297,310724,WA002,101,9999A-9999E,21
4151,233107-1-1-103,2025-05-14,WA007,1012510603,300973310,310724,WA002,101,9999A-9999E,21
4152,233107-1-1-103,2025-05-14,WA007,1012510603,300973311,310724,WA002,101,9999A-9999E,21
4153,233107-1-1-103,2025-05-14,WA007,1012510603,300973312,310724,WA002,101,9999A-9999E,21
4154,233107-1-1-103,2025-05-14,WA007,1012510604,300973393,310724,WA002,101,9999A-9999E,21
4155,233107-1-1-103,2025-05-14,WA007,1012510604,300973394,310724,WA002,101,9999A-9999E,21
4156,233107-1-1-103,2025-05-14,WA007,1012510604,300973397,310724,WA002,101,9999A-9999E,21
4157,233107-1-1-103,2025-05-14,WA007,1012510604,300973399,310724,WA002,101,9999A-9999E,21
4158,233107-1-1-103,2025-05-14,WA007,1012510604,300973412,310724,WA002,101,9999A-9999E,21
4159,233107-1-1-103,2025-05-14,WA007,1012510604,300973414,310724,WA002,101,9999A-9999E,21
4160,233107-1-1-103,2025-05-14,WA007,1012510604,300973417,310724,WA002,101,9999A-9999E,21
4161,233107-1-1-103,2025-05-14,WA007,1012510604,300973424,310724,WA002,101,9999A-9999E,21
4162,233107-1-1-103,2025-05-14,WA007,1012510605,300973433,310724,WA002,101,9999A-9999E,21
4163,233107-1-1-103,2025-05-14,WA007,1012510605,300973435,310724,WA002,101,9999A-9999E,21
4164,233107-1-1-103,2025-05-14,WA007,1012510605,300973441,310724,WA002,101,9999A-9999E,21
4165,233107-1-1-103,2025-05-14,WA007,1012510605,300973442,310724,WA002,101,9999A-9999E,21
4166,233107-1-1-103,2025-05-14,WA007,1012510605,300973443,310724,WA002,101,9999A-9999E,21
4167,233107-1-1-103,2025-05-14,WA007,1012510605,300973520,310724,WA002,101,9999A-9999E,21
4168,233107-1-1-103,2025-05-14,WA007,1012510605,300973521,310724,WA002,101,9999A-9999E,21
4169,233107-1-1-103,2025-05-14,WA007,1012510605,300973522,310724,WA002,101,9999A-9999E,21
4170,233107-1-1-103,2025-05-14,WA007,1012510606,300973524,310724,WA002,101,9999A-9999E,21
4171,233107-1-1-103,2025-05-14,WA007,1012510606,300973528,310724,WA002,101,9999A-9999E,21
4172,233107-1-1-103,2025-05-14,WA007,1012510606,300973535,310724,WA002,101,9999A-9999E,21
4173,233107-1-1-103,2025-05-14,WA007,1012510606,300973545,310724,WA002,101,9999A-9999E,21
4174,233107-1-1-103,2025-05-14,WA007,1012510606,300973593,310724,WA002,101,9999A-9999E,21
4175,233107-1-1-103,2025-05-14,WA007,1012510606,300973594,310724,WA002,101,9999A-9999E,21
4176,233107-1-1-103,2025-05-14,WA007,1012510606,300973602,310724,WA002,101,9999A-9999E,21
4177,233107-1-1-103,2025-05-14,WA007,1012510606,300973604,310724,WA002,101,9999A-9999E,21
4178,233107-1-1-103,2025-05-14,WA007,1012510607,300973607,310724,WA002,101,9999A-9999E,21
4179,233107-1-1-103,2025-05-14,WA007,1012510607,300973610,310724,WA002,101,9999A-9999E,21
4180,233107-1-1-103,2025-05-14,WA007,1012510607,300973611,310724,WA002,101,9999A-9999E,21
4181,233107-1-1-103,2025-05-14,WA007,1012510607,300973612,310724,WA002,101,9999A-9999E,21
4182,233107-1-1-103,2025-05-14,WA007,1012510607,300973638,310724,WA002,101,9999A-9999E,21
4183,233107-1-1-103,2025-05-14,WA007,1012510607,300973639,310724,WA002,101,9999A-9999E,21
4184,233107-1-1-103,2025-05-14,WA007,1012510607,300973640,310724,WA002,101,9999A-9999E,21
4185,233107-1-1-103,2025-05-14,WA007,1012510607,300973641,310724,WA002,101,9999A-9999E,21
4186,233107-1-1-103,2025-05-14,WA007,1012510608,300973643,310724,WA002,101,9999A-9999E,21
4187,233107-1-1-103,2025-05-14,WA007,1012510608,300973770,310724,WA002,101,9999A-9999E,21
4188,233107-1-1-103,2025-05-14,WA007,1012510608,300973772,310724,WA002,101,9999A-9999E,21
4189,233107-1-1-103,2025-05-14,WA007,1012510608,300973773,310724,WA002,101,9999A-9999E,21
4190,233107-1-1-103,2025-05-14,WA007,1012510608,300973774,310724,WA002,101,9999A-9999E,21
4191,233107-1-1-103,2025-05-14,WA007,1012510608,300973779,310724,WA002,101,9999A-9999E,21
4192,233107-1-1-103,2025-05-14,WA007,1012510608,300973822,310724,WA002,101,9999A-9999E,21
4193,233107-1-1-103,2025-05-14,WA007,1012510608,300973824,310724,WA002,101,9999A-9999E,21
4194,233107-1-1-103,2025-05-14,WA007,1012510609,300974000,310724,WA002,101,9999A-9999E,21
4195,233107-1-1-103,2025-05-14,WA007,1012510609,300974001,310724,WA002,101,9999A-9999E,21
4196,233107-1-1-103,2025-05-14,WA007,1012510609,300974002,310724,WA002,101,9999A-9999E,21
4197,233107-1-1-103,2025-05-14,WA007,1012510609,300974003,310724,WA002,101,9999A-9999E,21
4198,233107-1-1-103,2025-05-14,WA007,1012510609,300974010,310724,WA002,101,9999A-9999E,21
4199,233107-1-1-103,2025-05-14,WA007,1012510609,300974011,310724,WA002,101,9999A-9999E,21
4200,233107-1-1-103,2025-05-14,WA007,1012510609,300974027,310724,WA002,101,9999A-9999E,21
4201,233107-1-1-103,2025-05-14,WA007,1012510609,300974028,310724,WA002,101,9999A-9999E,21
4202,233107-1-1-103,2025-05-14,WA007,1012510610,300974032,310724,WA002,101,9999A-9999E,21
4203,233107-1-1-103,2025-05-14,WA007,1012510610,300974033,310724,WA002,101,9999A-9999E,21
4204,233107-1-1-103,2025-05-14,WA007,1012510610,300974034,310724,WA002,101,9999A-9999E,21
4205,233107-1-1-103,2025-05-14,WA007,1012510610,300974098,310724,WA002,101,9999A-9999E,21
4206,233107-1-1-103,2025-05-14,WA007,1012510610,300974145,310724,WA002,101,9999A-9999E,21
4207,233107-1-1-103,2025-05-14,WA007,1012510610,300974147,310724,WA002,101,9999A-9999E,21
4208,233107-1-1-103,2025-05-14,WA007,1012510610,300974151,310724,WA002,101,9999A-9999E,21
4209,233107-1-1-103,2025-05-14,WA007,1012510610,300974177,310724,WA002,101,9999A-9999E,21
4210,233107-1-1-103,2025-05-14,WA007,1012510611,300974178,310724,WA002,101,9999A-9999E,21
4211,233107-1-1-103,2025-05-14,WA007,1012510611,300974180,310724,WA002,101,9999A-9999E,21
4212,233107-1-1-103,2025-05-14,WA007,1012510611,300974182,310724,WA002,101,9999A-9999E,21
4213,233107-1-1-103,2025-05-14,WA007,1012510611,300974183,310724,WA002,101,9999A-9999E,21
4214,233107-1-1-103,2025-05-14,WA007,1012510611,300974240,310724,WA002,101,9999A-9999E,21
4215,233107-1-1-103,2025-05-14,WA007,1012510611,300974241,310724,WA002,101,9999A-9999E,21
4216,233107-1-1-103,2025-05-14,WA007,1012510611,300974242,310724,WA002,101,9999A-9999E,21
4217,233107-1-1-103,2025-05-14,WA007,1012510611,300974243,310724,WA002,101,9999A-9999E,21
4218,233107-1-1-103,2025-05-14,WA007,1012510612,300974244,310724,WA002,101,9999A-9999E,21
4219,233107-1-1-103,2025-05-14,WA007,1012510612,300974263,310724,WA002,101,9999A-9999E,21
4220,233107-1-1-103,2025-05-14,WA007,1012510612,300974264,310724,WA002,101,9999A-9999E,21
4221,233107-1-1-103,2025-05-14,WA007,1012510612,300974265,310724,WA002,101,9999A-9999E,21
4222,233107-1-1-103,2025-05-14,WA007,1012510612,300974294,310724,WA002,101,9999A-9999E,21
4223,233107-1-1-103,2025-05-14,WA007,1012510612,300974295,310724,WA002,101,9999A-9999E,21
4224,233107-1-1-103,2025-05-14,WA007,1012510612,300974299,310724,WA002,101,9999A-9999E,21
4225,233107-1-1-103,2025-05-14,WA007,1012510612,300974300,310724,WA002,101,9999A-9999E,21
4226,233107-1-1-103,2025-05-14,WA007,1012510613,300974322,310724,WA002,101,9999A-9999E,21
4227,233107-1-1-103,2025-05-14,WA007,1012510613,300974323,310724,WA002,101,9999A-9999E,21
4228,233107-1-1-103,2025-05-14,WA007,1012510613,300974324,310724,WA002,101,9999A-9999E,21
4229,233107-1-1-103,2025-05-14,WA007,1012510613,300974325,310724,WA002,101,9999A-9999E,21
4230,233107-1-1-103,2025-05-14,WA007,1012510613,300974326,310724,WA002,101,9999A-9999E,21
4231,233107-1-1-103,2025-05-14,WA007,1012510613,300974327,310724,WA002,101,9999A-9999E,21
4232,233107-1-1-103,2025-05-14,WA007,1012510613,300974383,310724,WA002,101,9999A-9999E,21
4233,233107-1-1-103,2025-05-14,WA007,1012510613,300974384,310724,WA002,101,9999A-9999E,21
4234,233107-1-1-103,2025-05-14,WA007,1012510614,300974403,310724,WA002,101,9999A-9999E,21
4235,233107-1-1-103,2025-05-14,WA007,1012510614,300974404,310724,WA002,101,9999A-9999E,21
4236,233107-1-1-103,2025-05-14,WA007,1012510614,300974405,310724,WA002,101,9999A-9999E,21
4237,233107-1-1-103,2025-05-14,WA007,1012510614,300974406,310724,WA002,101,9999A-9999E,21
4238,233107-1-1-103,2025-05-14,WA007,1012510614,300974407,310724,WA002,101,9999A-9999E,21
4239,233107-1-1-103,2025-05-14,WA007,1012510614,300974408,310724,WA002,101,9999A-9999E,21
4240,233107-1-1-103,2025-05-14,WA007,1012510504,300972352,310724,WA002,101,9999A-9999E,22
4241,233107-1-1-103,2025-05-14,WA007,1012510504,300972353,310724,WA002,101,9999A-9999E,22
4242,233107-1-1-103,2025-05-14,WA007,1012510504,300972354,310724,WA002,101,9999A-9999E,22
4243,233107-1-1-103,2025-05-14,WA007,1012510505,300972355,310724,WA002,101,9999A-9999E,22
4244,233107-1-1-103,2025-05-14,WA007,1012510505,300972393,310724,WA002,101,9999A-9999E,22
4245,233107-1-1-103,2025-05-14,WA007,1012510505,300972394,310724,WA002,101,9999A-9999E,22
4246,233107-1-1-103,2025-05-14,WA007,1012510505,300972395,310724,WA002,101,9999A-9999E,22
4247,233107-1-1-103,2025-05-14,WA007,1012510505,300972407,310724,WA002,101,9999A-9999E,22
4248,233107-1-1-103,2025-05-14,WA007,1012510505,300972408,310724,WA002,101,9999A-9999E,22
4249,233107-1-1-103,2025-05-14,WA007,1012510505,300972409,310724,WA002,101,9999A-9999E,22
4250,233107-1-1-103,2025-05-14,WA007,1012510505,300972410,310724,WA002,101,9999A-9999E,22
4251,233107-1-1-103,2025-05-14,WA007,1012510506,300972411,310724,WA002,101,9999A-9999E,22
4252,233107-1-1-103,2025-05-14,WA007,1012510506,300972420,310724,WA002,101,9999A-9999E,22
4253,233107-1-1-103,2025-05-14,WA007,1012510506,300972466,310724,WA002,101,9999A-9999E,22
4254,233107-1-1-103,2025-05-14,WA007,1012510506,300972467,310724,WA002,101,9999A-9999E,22
4255,233107-1-1-103,2025-05-14,WA007,1012510506,300972468,310724,WA002,101,9999A-9999E,22
4256,233107-1-1-103,2025-05-14,WA007,1012510506,300972498,310724,WA002,101,9999A-9999E,22
4257,233107-1-1-103,2025-05-14,WA007,1012510506,300972500,310724,WA002,101,9999A-9999E,22
4258,233107-1-1-103,2025-05-14,WA007,1012510506,300972501,310724,WA002,101,9999A-9999E,22
4259,233107-1-1-103,2025-05-14,WA007,1012510507,300972511,310724,WA002,101,9999A-9999E,22
4260,233107-1-1-103,2025-05-14,WA007,1012510507,300972512,310724,WA002,101,9999A-9999E,22
4261,233107-1-1-103,2025-05-14,WA007,1012510507,300972513,310724,WA002,101,9999A-9999E,22
4262,233107-1-1-103,2025-05-14,WA007,1012510507,300972514,310724,WA002,101,9999A-9999E,22
4263,233107-1-1-103,2025-05-14,WA007,1012510507,300972515,310724,WA002,101,9999A-9999E,22
4264,233107-1-1-103,2025-05-14,WA007,1012510507,300972516,310724,WA002,101,9999A-9999E,22
4265,233107-1-1-103,2025-05-14,WA007,1012510507,300972521,310724,WA002,101,9999A-9999E,22
4266,233107-1-1-103,2025-05-14,WA007,1012510507,300972523,310724,WA002,101,9999A-9999E,22
4267,233107-1-1-103,2025-05-14,WA007,1012510508,300972526,310724,WA002,101,9999A-9999E,22
4268,233107-1-1-103,2025-05-14,WA007,1012510508,300972556,310724,WA002,101,9999A-9999E,22
4269,233107-1-1-103,2025-05-14,WA007,1012510508,300972557,310724,WA002,101,9999A-9999E,22
4270,233107-1-1-103,2025-05-14,WA007,1012510508,300972558,310724,WA002,101,9999A-9999E,22
4271,233107-1-1-103,2025-05-14,WA007,1012510508,300972579,310724,WA002,101,9999A-9999E,22
4272,233107-1-1-103,2025-05-14,WA007,1012510508,300972583,310724,WA002,101,9999A-9999E,22
4273,233107-1-1-103,2025-05-14,WA007,1012510508,300972604,310724,WA002,101,9999A-9999E,22
4274,233107-1-1-103,2025-05-14,WA007,1012510508,300972605,310724,WA002,101,9999A-9999E,22
4275,233107-1-1-103,2025-05-14,WA007,1012510509,300972606,310724,WA002,101,9999A-9999E,22
4276,233107-1-1-103,2025-05-14,WA007,1012510509,300972607,310724,WA002,101,9999A-9999E,22
4277,233107-1-1-103,2025-05-14,WA007,1012510509,300972616,310724,WA002,101,9999A-9999E,22
4278,233107-1-1-103,2025-05-14,WA007,1012510509,300972617,310724,WA002,101,9999A-9999E,22
4279,233107-1-1-103,2025-05-14,WA007,1012510509,300972618,310724,WA002,101,9999A-9999E,22
4280,233107-1-1-103,2025-05-14,WA007,1012510514,300972977,310724,WA002,101,9999A-9999E,22
4281,233107-1-1-103,2025-05-14,WA007,1012510514,300972978,310724,WA002,101,9999A-9999E,22
4282,233107-1-1-103,2025-05-14,WA007,1012510514,300972979,310724,WA002,101,9999A-9999E,22
4283,233107-1-1-103,2025-05-14,WA007,1012510515,300973034,310724,WA002,101,9999A-9999E,22
4284,233107-1-1-103,2025-05-14,WA007,1012510515,300973035,310724,WA002,101,9999A-9999E,22
4285,233107-1-1-103,2025-05-14,WA007,1012510515,300973036,310724,WA002,101,9999A-9999E,22
4286,233107-1-1-103,2025-05-14,WA007,1012510515,300973037,310724,WA002,101,9999A-9999E,22
4287,233107-1-1-103,2025-05-14,WA007,1012510515,300973038,310724,WA002,101,9999A-9999E,22
4288,233107-1-1-103,2025-05-14,WA007,1012510515,300973039,310724,WA002,101,9999A-9999E,22
4289,233107-1-1-103,2025-05-14,WA007,1012510515,300973040,310724,WA002,101,9999A-9999E,22
4290,233118-1-1-101,2025-05-18,WA007,1022510558,300972972,310726,WA003,101,3007DRYGUM-3007FO-3007S-3025S-3033A-3035A-9999A-9999E,22
4291,233118-1-1-101,2025-05-18,WA007,1022510558,300972973,310726,WA003,101,3007DRYGUM-3007FO-3007S-3025S-3033A-3035A-9999A-9999E,22
4292,233118-1-1-101,2025-05-18,WA007,1022510558,300973009,310726,WA003,101,3007DRYGUM-3007FO-3007S-3025S-3033A-3035A-9999A-9999E,22
4293,233118-1-1-101,2025-05-18,WA007,1022510558,300973010,310726,WA003,101,3007DRYGUM-3007FO-3007S-3025S-3033A-3035A-9999A-9999E,22
4294,233118-1-1-101,2025-05-18,WA007,1022510558,300973011,310726,WA003,101,3007DRYGUM-3007FO-3007S-3025S-3033A-3035A-9999A-9999E,22
4295,233118-1-1-101,2025-05-18,WA007,1022510558,300973012,310726,WA003,101,3007DRYGUM-3007FO-3007S-3025S-3033A-3035A-9999A-9999E,22
4296,233118-1-1-101,2025-05-18,WA007,1022510558,300973013,310726,WA003,101,3007DRYGUM-3007FO-3007S-3025S-3033A-3035A-9999A-9999E,22
4297,233118-1-1-101,2025-05-18,WA007,1022510558,300973023,310726,WA003,101,3007DRYGUM-3007FO-3007S-3025S-3033A-3035A-9999A-9999E,22
4298,233118-1-1-101,2025-05-18,WA007,1022510559,300973055,310726,WA003,101,3007DRYGUM-3007FO-3007S-3025S-3033A-3035A-9999A-9999E,22
4299,233118-1-1-101,2025-05-18,WA007,1022510559,300973056,310726,WA003,101,3007DRYGUM-3007FO-3007S-3025S-3033A-3035A-9999A-9999E,22
4300,233118-1-1-101,2025-05-18,WA007,1022510559,300973057,310726,WA003,101,3007DRYGUM-3007FO-3007S-3025S-3033A-3035A-9999A-9999E,22
4301,233118-1-1-101,2025-05-18,WA007,1022510559,300973058,310726,WA003,101,3007DRYGUM-3007FO-3007S-3025S-3033A-3035A-9999A-9999E,22
4302,233118-1-1-101,2025-05-18,WA007,1022510559,300973073,310726,WA003,101,3007DRYGUM-3007FO-3007S-3025S-3033A-3035A-9999A-9999E,22
4303,233118-1-1-101,2025-05-18,WA007,1022510559,300973074,310726,WA003,101,3007DRYGUM-3007FO-3007S-3025S-3033A-3035A-9999A-9999E,22
4304,233118-1-1-101,2025-05-18,WA007,1022510559,300973075,310726,WA003,101,3007DRYGUM-3007FO-3007S-3025S-3033A-3035A-9999A-9999E,22
4305,233118-1-1-101,2025-05-18,WA007,1022510559,300973076,310726,WA003,101,3007DRYGUM-3007FO-3007S-3025S-3033A-3035A-9999A-9999E,22
4306,233118-1-1-101,2025-05-18,WA007,1022510560,300973081,310726,WA003,101,3007DRYGUM-3007FO-3007S-3025S-3033A-3035A-9999A-9999E,22
4307,233118-1-1-101,2025-05-18,WA007,1022510560,300973082,310726,WA003,101,3007DRYGUM-3007FO-3007S-3025S-3033A-3035A-9999A-9999E,22
4308,233118-1-1-101,2025-05-18,WA007,1022510560,300973083,310726,WA003,101,3007DRYGUM-3007FO-3007S-3025S-3033A-3035A-9999A-9999E,22
4309,233118-1-1-101,2025-05-18,WA007,1022510560,300973121,310726,WA003,101,3007DRYGUM-3007FO-3007S-3025S-3033A-3035A-9999A-9999E,22
4310,233183-1-1-104,2025-05-14,WA007,1022510658,300974485,310726,WA003,101,3007DRYGUM-3007S-3025S-3033A-3035A-9999A-9999E,21
4311,233183-1-1-104,2025-05-14,WA007,1022510658,300974486,310726,WA003,101,3007DRYGUM-3007S-3025S-3033A-3035A-9999A-9999E,21
4312,233183-1-1-104,2025-05-14,WA007,1022510658,300974496,310726,WA003,101,3007DRYGUM-3007S-3025S-3033A-3035A-9999A-9999E,21
4313,233183-1-1-104,2025-05-14,WA007,1022510658,300974497,310726,WA003,101,3007DRYGUM-3007S-3025S-3033A-3035A-9999A-9999E,21
4314,233183-1-1-104,2025-05-14,WA007,1022510658,300974575,310726,WA003,101,3007DRYGUM-3007S-3025S-3033A-3035A-9999A-9999E,21
4315,233183-1-1-104,2025-05-14,WA007,1022510658,300974576,310726,WA003,101,3007DRYGUM-3007S-3025S-3033A-3035A-9999A-9999E,21
4316,233183-1-1-104,2025-05-14,WA007,1022510658,300974577,310726,WA003,101,3007DRYGUM-3007S-3025S-3033A-3035A-9999A-9999E,21
4317,233183-1-1-104,2025-05-14,WA007,1022510658,300974578,310726,WA003,101,3007DRYGUM-3007S-3025S-3033A-3035A-9999A-9999E,21
4318,233183-1-1-104,2025-05-14,WA007,1022510660,300974638,310726,WA003,101,3007DRYGUM-3007S-3025S-3033A-3035A-9999A-9999E,21
4319,233183-1-1-104,2025-05-14,WA007,1022510660,300974639,310726,WA003,101,3007DRYGUM-3007S-3025S-3033A-3035A-9999A-9999E,21
4320,233183-1-1-104,2025-05-14,WA007,1022510561,300973166,310726,WA003,101,3025S-3033A-3035A-9999A-9999E,22
4321,233183-1-1-104,2025-05-14,WA007,1022510561,300973167,310726,WA003,101,3025S-3033A-3035A-9999A-9999E,22
4322,233183-1-1-104,2025-05-14,WA007,1022510561,300973168,310726,WA003,101,3025S-3033A-3035A-9999A-9999E,22
4323,233183-1-1-104,2025-05-14,WA007,1022510561,300973172,310726,WA003,101,3025S-3033A-3035A-9999A-9999E,22
4324,233183-1-1-104,2025-05-14,WA007,1022510561,300973173,310726,WA003,101,3025S-3033A-3035A-9999A-9999E,22
4325,233183-1-1-104,2025-05-14,WA007,1022510561,300973187,310726,WA003,101,3025S-3033A-3035A-9999A-9999E,22
4326,233183-1-1-104,2025-05-14,WA007,1022510561,300973188,310726,WA003,101,3025S-3033A-3035A-9999A-9999E,22
4327,233183-1-1-104,2025-05-14,WA007,1022510561,300973192,310726,WA003,101,3025S-3033A-3035A-9999A-9999E,22
4328,233183-1-1-104,2025-05-14,WA007,1022510562,300973193,310726,WA003,101,3025S-3033A-3035A-9999A-9999E,22
4329,233183-1-1-104,2025-05-14,WA007,1022510562,300973199,310726,WA003,101,3025S-3033A-3035A-9999A-9999E,22
4330,233183-1-1-104,2025-05-14,WA007,1022510260,300968949,310726,WA003,101,3025S-3035A-9999A-9999E,25
4331,233183-1-1-104,2025-05-14,WA007,1022510260,300968950,310726,WA003,101,3025S-3035A-9999A-9999E,25
4332,233183-1-1-104,2025-05-14,WA007,1022510260,300968951,310726,WA003,101,3025S-3035A-9999A-9999E,25
4333,233183-1-1-104,2025-05-14,WA007,1022510260,300968952,310726,WA003,101,3025S-3035A-9999A-9999E,25
4334,233183-1-1-104,2025-05-14,WA007,1022510260,300968958,310726,WA003,101,3025S-3035A-9999A-9999E,25
4335,233183-1-1-104,2025-05-14,WA007,1022510260,300968959,310726,WA003,101,3025S-3035A-9999A-9999E,25
4336,233183-1-1-104,2025-05-14,WA007,1022510260,300968972,310726,WA003,101,3025S-3035A-9999A-9999E,25
4337,233183-1-1-104,2025-05-14,WA007,1022510260,300968973,310726,WA003,101,3025S-3035A-9999A-9999E,25
4338,233183-1-1-104,2025-05-14,WA007,1022510261,300969007,310726,WA003,101,3025S-3035A-9999A-9999E,25
4339,233183-1-1-104,2025-05-14,WA007,1022510261,300969008,310726,WA003,101,3025S-3035A-9999A-9999E,25
4340,233183-1-1-104,2025-05-14,WA007,1022510261,300969009,310726,WA003,101,3025S-3035A-9999A-9999E,25
4341,233183-1-1-104,2025-05-14,WA007,1022510261,300969010,310726,WA003,101,3025S-3035A-9999A-9999E,25
4342,233183-1-1-104,2025-05-14,WA007,1022510261,300969011,310726,WA003,101,3025S-3035A-9999A-9999E,25
4343,233183-1-1-104,2025-05-14,WA007,1022510261,300969076,310726,WA003,101,3025S-3035A-9999A-9999E,25
4344,233183-1-1-104,2025-05-14,WA007,1022510261,300969078,310726,WA003,101,3025S-3035A-9999A-9999E,25
4345,233183-1-1-104,2025-05-14,WA007,1022510261,300969079,310726,WA003,101,3025S-3035A-9999A-9999E,25
4346,233183-1-1-104,2025-05-14,WA007,1022510263,300969279,310726,WA003,101,3025S-3035A-9999A-9999E,25
4347,233183-1-1-104,2025-05-14,WA007,1022510263,300969281,310726,WA003,101,3025S-3035A-9999A-9999E,25
4348,233183-1-1-104,2025-05-14,WA007,1022510263,300969282,310726,WA003,101,3025S-3035A-9999A-9999E,25
4349,233183-1-1-104,2025-05-14,WA007,1022510263,300969283,310726,WA003,101,3025S-3035A-9999A-9999E,25
4350,233188-1-1-102,2025-05-15,WA007,1022510253,300968200,310726,WA003,101,3007DRYGUM-3007FO-3007S-3025S-3035A-9999A-9999E,25
4351,233188-1-1-102,2025-05-15,WA007,1022510253,300968201,310726,WA003,101,3007DRYGUM-3007FO-3007S-3025S-3035A-9999A-9999E,25
4352,233188-1-1-102,2025-05-15,WA007,1022510253,300968202,310726,WA003,101,3007DRYGUM-3007FO-3007S-3025S-3035A-9999A-9999E,25
4353,233188-1-1-102,2025-05-15,WA007,1022510253,300968203,310726,WA003,101,3007DRYGUM-3007FO-3007S-3025S-3035A-9999A-9999E,25
4354,233188-1-1-102,2025-05-15,WA007,1022510253,300968204,310726,WA003,101,3007DRYGUM-3007FO-3007S-3025S-3035A-9999A-9999E,25
4355,233188-1-1-102,2025-05-15,WA007,1022510253,300968205,310726,WA003,101,3007DRYGUM-3007FO-3007S-3025S-3035A-9999A-9999E,25
4356,233188-1-1-102,2025-05-15,WA007,1022510253,300968206,310726,WA003,101,3007DRYGUM-3007FO-3007S-3025S-3035A-9999A-9999E,25
4357,233188-1-1-102,2025-05-15,WA007,1022510253,300968274,310726,WA003,101,3007DRYGUM-3007FO-3007S-3025S-3035A-9999A-9999E,25
4358,233188-1-1-102,2025-05-15,WA007,1022510254,300968275,310726,WA003,101,3007DRYGUM-3007FO-3007S-3025S-3035A-9999A-9999E,25
4359,233188-1-1-102,2025-05-15,WA007,1022510254,300968276,310726,WA003,101,3007DRYGUM-3007FO-3007S-3025S-3035A-9999A-9999E,25
4360,233188-1-1-102,2025-05-15,WA007,1022510254,300968277,310726,WA003,101,3007DRYGUM-3007FO-3007S-3025S-3035A-9999A-9999E,25
4361,233188-1-1-102,2025-05-15,WA007,1022510254,300968394,310726,WA003,101,3007DRYGUM-3007FO-3007S-3025S-3035A-9999A-9999E,25
4362,233188-1-1-102,2025-05-15,WA007,1022510254,300968395,310726,WA003,101,3007DRYGUM-3007FO-3007S-3025S-3035A-9999A-9999E,25
4363,233188-1-1-102,2025-05-15,WA007,1022510254,300968396,310726,WA003,101,3007DRYGUM-3007FO-3007S-3025S-3035A-9999A-9999E,25
4364,233188-1-1-102,2025-05-15,WA007,1022510254,300968397,310726,WA003,101,3007DRYGUM-3007FO-3007S-3025S-3035A-9999A-9999E,25
4365,233188-1-1-102,2025-05-15,WA007,1022510254,300968398,310726,WA003,101,3007DRYGUM-3007FO-3007S-3025S-3035A-9999A-9999E,25
4366,233188-1-1-102,2025-05-15,WA007,1022510255,300968426,310726,WA003,101,3007DRYGUM-3007FO-3007S-3025S-3035A-9999A-9999E,25
4367,233188-1-1-102,2025-05-15,WA007,1022510255,300968427,310726,WA003,101,3007DRYGUM-3007FO-3007S-3025S-3035A-9999A-9999E,25
4368,233188-1-1-102,2025-05-15,WA007,1022510255,300968428,310726,WA003,101,3007DRYGUM-3007FO-3007S-3025S-3035A-9999A-9999E,25
4369,233188-1-1-102,2025-05-15,WA007,1022510255,300968429,310726,WA003,101,3007DRYGUM-3007FO-3007S-3025S-3035A-9999A-9999E,25
4370,233188-1-1-102,2025-05-15,WA007,1022510255,300968431,310726,WA003,101,3007DRYGUM-3007FO-3007S-3025S-3035A-9999A-9999E,25
4371,233188-1-1-102,2025-05-15,WA007,1022510255,300968432,310726,WA003,101,3007DRYGUM-3007FO-3007S-3025S-3035A-9999A-9999E,25
4372,233188-1-1-102,2025-05-15,WA007,1022510255,300968433,310726,WA003,101,3007DRYGUM-3007FO-3007S-3025S-3035A-9999A-9999E,25
4373,233188-1-1-102,2025-05-15,WA007,1022510255,300968434,310726,WA003,101,3007DRYGUM-3007FO-3007S-3025S-3035A-9999A-9999E,25
4374,233188-1-1-102,2025-05-15,WA007,1022510256,300968484,310726,WA003,101,3007DRYGUM-3007FO-3007S-3025S-3035A-9999A-9999E,25
4375,233188-1-1-102,2025-05-15,WA007,1022510256,300968485,310726,WA003,101,3007DRYGUM-3007FO-3007S-3025S-3035A-9999A-9999E,25
4376,233188-1-1-102,2025-05-15,WA007,1022510256,300968486,310726,WA003,101,3007DRYGUM-3007FO-3007S-3025S-3035A-9999A-9999E,25
4377,233188-1-1-102,2025-05-15,WA007,1022510256,300968529,310726,WA003,101,3007DRYGUM-3007FO-3007S-3025S-3035A-9999A-9999E,25
4378,233188-1-1-102,2025-05-15,WA007,1022510256,300968530,310726,WA003,101,3007DRYGUM-3007FO-3007S-3025S-3035A-9999A-9999E,25
4379,233188-1-1-102,2025-05-15,WA007,1022510256,300968552,310726,WA003,101,3007DRYGUM-3007FO-3007S-3025S-3035A-9999A-9999E,25
4380,233188-1-1-102,2025-05-15,WA007,1022510256,300968553,310726,WA003,101,3007DRYGUM-3007FO-3007S-3025S-3035A-9999A-9999E,25
4381,233188-1-1-102,2025-05-15,WA007,1022510256,300968554,310726,WA003,101,3007DRYGUM-3007FO-3007S-3025S-3035A-9999A-9999E,25
4382,233188-1-1-102,2025-05-15,WA007,1022510257,300968628,310726,WA003,101,3007DRYGUM-3007FO-3007S-3025S-3035A-9999A-9999E,25
4383,233188-1-1-102,2025-05-15,WA007,1022510257,300968629,310726,WA003,101,3007DRYGUM-3007FO-3007S-3025S-3035A-9999A-9999E,25
4384,233188-1-1-102,2025-05-15,WA007,1022510257,300968662,310726,WA003,101,3007DRYGUM-3007FO-3007S-3025S-3035A-9999A-9999E,25
4385,233188-1-1-102,2025-05-15,WA007,1022510257,300968663,310726,WA003,101,3007DRYGUM-3007FO-3007S-3025S-3035A-9999A-9999E,25
4386,233188-1-1-102,2025-05-15,WA007,1022510257,300968664,310726,WA003,101,3007DRYGUM-3007FO-3007S-3025S-3035A-9999A-9999E,25
4387,233188-1-1-102,2025-05-15,WA007,1022510257,300968669,310726,WA003,101,3007DRYGUM-3007FO-3007S-3025S-3035A-9999A-9999E,25
4388,233188-1-1-102,2025-05-15,WA007,1022510257,300968670,310726,WA003,101,3007DRYGUM-3007FO-3007S-3025S-3035A-9999A-9999E,25
4389,233188-1-1-102,2025-05-15,WA007,1022510257,300968721,310726,WA003,101,3007DRYGUM-3007FO-3007S-3025S-3035A-9999A-9999E,25
4390,233188-1-1-102,2025-05-15,WA007,1022510258,300968723,310726,WA003,101,3007DRYGUM-3007FO-3007S-3025S-3035A-9999A-9999E,25
4391,233188-1-1-102,2025-05-15,WA007,1022510258,300968724,310726,WA003,101,3007DRYGUM-3007FO-3007S-3025S-3035A-9999A-9999E,25
4392,233188-1-1-102,2025-05-15,WA007,1022510258,300968725,310726,WA003,101,3007DRYGUM-3007FO-3007S-3025S-3035A-9999A-9999E,25
4393,233188-1-1-102,2025-05-15,WA007,1022510258,300968726,310726,WA003,101,3007DRYGUM-3007FO-3007S-3025S-3035A-9999A-9999E,25
4394,233188-1-1-102,2025-05-15,WA007,1022510258,300968727,310726,WA003,101,3007DRYGUM-3007FO-3007S-3025S-3035A-9999A-9999E,25
4395,233188-1-1-102,2025-05-15,WA007,1022510258,300968728,310726,WA003,101,3007DRYGUM-3007FO-3007S-3025S-3035A-9999A-9999E,25
4396,233188-1-1-102,2025-05-15,WA007,1022510258,300968744,310726,WA003,101,3007DRYGUM-3007FO-3007S-3025S-3035A-9999A-9999E,25
4397,233188-1-1-102,2025-05-15,WA007,1022510258,300968797,310726,WA003,101,3007DRYGUM-3007FO-3007S-3025S-3035A-9999A-9999E,25
4398,233188-1-1-102,2025-05-15,WA007,1022510259,300968799,310726,WA003,101,3007DRYGUM-3007FO-3007S-3025S-3035A-9999A-9999E,25
4399,233188-1-1-102,2025-05-15,WA007,1022510259,300968800,310726,WA003,101,3007DRYGUM-3007FO-3007S-3025S-3035A-9999A-9999E,25
4400,233188-1-1-102,2025-05-15,WA007,1022510853,300977217,310726,WA003,101,3007S-3025S-9999A-9999E,19
4401,233188-1-1-102,2025-05-15,WA007,1022510853,300977219,310726,WA003,101,3007S-3025S-9999A-9999E,19
4402,233188-1-1-102,2025-05-15,WA007,1022510853,300977220,310726,WA003,101,3007S-3025S-9999A-9999E,19
4403,233188-1-1-102,2025-05-15,WA007,1022510853,300977221,310726,WA003,101,3007S-3025S-9999A-9999E,19
4404,233188-1-1-102,2025-05-15,WA007,1022510853,300977249,310726,WA003,101,3007S-3025S-9999A-9999E,19
4405,233188-1-1-102,2025-05-15,WA007,1022510853,300977250,310726,WA003,101,3007S-3025S-9999A-9999E,19
4406,233188-1-1-102,2025-05-15,WA007,1022510853,300977251,310726,WA003,101,3007S-3025S-9999A-9999E,19
4407,233188-1-1-102,2025-05-15,WA007,1022510853,300977252,310726,WA003,101,3007S-3025S-9999A-9999E,19
4408,233188-1-1-102,2025-05-15,WA007,1022510854,300977278,310726,WA003,101,3007S-3025S-9999A-9999E,19
4409,233188-1-1-102,2025-05-15,WA007,1022510854,300977287,310726,WA003,101,3007S-3025S-9999A-9999E,19
4410,233188-1-1-102,2025-05-15,WA007,1022510761,300976004,310726,WA003,101,3025S-9999A-9999E,20
4411,233188-1-1-102,2025-05-15,WA007,1022510761,300976005,310726,WA003,101,3025S-9999A-9999E,20
4412,233188-1-1-102,2025-05-15,WA007,1022510761,300976006,310726,WA003,101,3025S-9999A-9999E,20
4413,233188-1-1-102,2025-05-15,WA007,1022510761,300976007,310726,WA003,101,3025S-9999A-9999E,20
4414,233188-1-1-102,2025-05-15,WA007,1022510761,300976012,310726,WA003,101,3025S-9999A-9999E,20
4415,233188-1-1-102,2025-05-15,WA007,1022510761,300976071,310726,WA003,101,3025S-9999A-9999E,20
4416,233188-1-1-102,2025-05-15,WA007,1022510761,300976073,310726,WA003,101,3025S-9999A-9999E,20
4417,233188-1-1-102,2025-05-15,WA007,1022510761,300976075,310726,WA003,101,3025S-9999A-9999E,20
4418,233188-1-1-102,2025-05-15,WA007,1022510762,300976077,310726,WA003,101,3025S-9999A-9999E,20
4419,233188-1-1-102,2025-05-15,WA007,1022510762,300976078,310726,WA003,101,3025S-9999A-9999E,20
4420,233188-1-1-102,2025-05-15,WA007,1022510564,300973418,310726,WA003,101,3035A-9999A-9999E,22
4421,233188-1-1-102,2025-05-15,WA007,1022510564,300973419,310726,WA003,101,3035A-9999A-9999E,22
4422,233188-1-1-102,2025-05-15,WA007,1022510564,300973420,310726,WA003,101,3035A-9999A-9999E,22
4423,233188-1-1-102,2025-05-15,WA007,1022510564,300973421,310726,WA003,101,3035A-9999A-9999E,22
4424,233188-1-1-102,2025-05-15,WA007,1022510564,300973449,310726,WA003,101,3035A-9999A-9999E,22
4425,233188-1-1-102,2025-05-15,WA007,1022510564,300973452,310726,WA003,101,3035A-9999A-9999E,22
4426,233188-1-1-102,2025-05-15,WA007,1022510564,300973454,310726,WA003,101,3035A-9999A-9999E,22
4427,233188-1-1-102,2025-05-15,WA007,1022510564,300973456,310726,WA003,101,3035A-9999A-9999E,22
4428,233188-1-1-102,2025-05-15,WA007,1022510565,300973508,310726,WA003,101,3035A-9999A-9999E,22
4429,233188-1-1-102,2025-05-15,WA007,1022510565,300973525,310726,WA003,101,3035A-9999A-9999E,22
4430,233204-1-1-101,2025-05-15,WA007,1022511351,300983901,310726,WA003,101,3002A-3007S-3025S-3033A-3035A-9999A-9999E,14
4431,233204-1-1-101,2025-05-15,WA007,1022511351,300983902,310726,WA003,101,3002A-3007S-3025S-3033A-3035A-9999A-9999E,14
4432,233204-1-1-101,2025-05-15,WA007,1022511351,300983903,310726,WA003,101,3002A-3007S-3025S-3033A-3035A-9999A-9999E,14
4433,233204-1-1-101,2025-05-15,WA007,1022511351,300983904,310726,WA003,101,3002A-3007S-3025S-3033A-3035A-9999A-9999E,14
4434,233204-1-1-101,2025-05-15,WA007,1022511351,300983905,310726,WA003,101,3002A-3007S-3025S-3033A-3035A-9999A-9999E,14
4435,233204-1-1-101,2025-05-15,WA007,1022511351,300983906,310726,WA003,101,3002A-3007S-3025S-3033A-3035A-9999A-9999E,14
4436,233204-1-1-101,2025-05-15,WA007,1022511351,300983907,310726,WA003,101,3002A-3007S-3025S-3033A-3035A-9999A-9999E,14
4437,233204-1-1-101,2025-05-15,WA007,1022511351,300983910,310726,WA003,101,3002A-3007S-3025S-3033A-3035A-9999A-9999E,14
4438,233204-1-1-101,2025-05-15,WA007,1022511352,300983911,310726,WA003,101,3002A-3007S-3025S-3033A-3035A-9999A-9999E,14
4439,233204-1-1-101,2025-05-15,WA007,1022511352,300983946,310726,WA003,101,3002A-3007S-3025S-3033A-3035A-9999A-9999E,14
4440,233204-1-1-101,2025-05-15,WA007,1022509565,300960062,310726,WA003,101,3025S-3035A-9999A-9999E,32
4441,233204-1-1-101,2025-05-15,WA007,1022509565,300960063,310726,WA003,101,3025S-3035A-9999A-9999E,32
4442,233204-1-1-101,2025-05-15,WA007,1022509565,300960064,310726,WA003,101,3025S-3035A-9999A-9999E,32
4443,233204-1-1-101,2025-05-15,WA007,1022509565,300960065,310726,WA003,101,3025S-3035A-9999A-9999E,32
4444,233204-1-1-101,2025-05-15,WA007,1022509565,300960066,310726,WA003,101,3025S-3035A-9999A-9999E,32
4445,233204-1-1-101,2025-05-15,WA007,1022509565,300960078,310726,WA003,101,3025S-3035A-9999A-9999E,32
4446,233204-1-1-101,2025-05-15,WA007,1022509565,300960080,310726,WA003,101,3025S-3035A-9999A-9999E,32
4447,233204-1-1-101,2025-05-15,WA007,1022509565,300970910,310726,WA003,101,3025S-3035A-9999A-9999E,32
4448,233204-1-1-101,2025-05-15,WA007,1022509567,300960166,310726,WA003,101,3025S-3035A-9999A-9999E,32
4449,233204-1-1-101,2025-05-15,WA007,1022509567,300960167,310726,WA003,101,3025S-3035A-9999A-9999E,32
4450,233204-1-1-101,2025-05-15,WA007,1022510855,300977355,310726,WA003,101,3025S-9999A-9999E,19
4451,233204-1-1-101,2025-05-15,WA007,1022510855,300977356,310726,WA003,101,3025S-9999A-9999E,19
4452,233204-1-1-101,2025-05-15,WA007,1022510855,300977374,310726,WA003,101,3025S-9999A-9999E,19
4453,233204-1-1-101,2025-05-15,WA007,1022510855,300977376,310726,WA003,101,3025S-9999A-9999E,19
4454,233204-1-1-101,2025-05-15,WA007,1022510855,300977377,310726,WA003,101,3025S-9999A-9999E,19
4455,233204-1-1-101,2025-05-15,WA007,1022510855,300977378,310726,WA003,101,3025S-9999A-9999E,19
4456,233204-1-1-101,2025-05-15,WA007,1022510855,300977401,310726,WA003,101,3025S-9999A-9999E,19
4457,233204-1-1-101,2025-05-15,WA007,1022510855,300977402,310726,WA003,101,3025S-9999A-9999E,19
4458,233204-1-1-101,2025-05-15,WA007,1022510859,300977734,310726,WA003,101,3025S-9999A-9999E,19
4459,233204-1-1-101,2025-05-15,WA007,1022510859,300977735,310726,WA003,101,3025S-9999A-9999E,19
4460,233204-1-1-101,2025-05-15,WA007,1022510361,300970772,310726,WA003,101,3035A-9999A-9999E,24
4461,233204-1-1-101,2025-05-15,WA007,1022510361,300970773,310726,WA003,101,3035A-9999A-9999E,24
4462,233204-1-1-101,2025-05-15,WA007,1022510361,300970774,310726,WA003,101,3035A-9999A-9999E,24
4463,233204-1-1-101,2025-05-15,WA007,1022510361,300970775,310726,WA003,101,3035A-9999A-9999E,24
4464,233204-1-1-101,2025-05-15,WA007,1022510361,300970784,310726,WA003,101,3035A-9999A-9999E,24
4465,233204-1-1-101,2025-05-15,WA007,1022510361,300970785,310726,WA003,101,3035A-9999A-9999E,24
4466,233204-1-1-101,2025-05-15,WA007,1022510361,300970846,310726,WA003,101,3035A-9999A-9999E,24
4467,233204-1-1-101,2025-05-15,WA007,1022510361,300970847,310726,WA003,101,3035A-9999A-9999E,24
4468,233204-1-1-101,2025-05-15,WA007,1022510363,300970888,310726,WA003,101,3035A-9999A-9999E,24
4469,233204-1-1-101,2025-05-15,WA007,1022510363,300970889,310726,WA003,101,3035A-9999A-9999E,24
4470,233227-1-1-102,2025-05-27,WA007,1022511560,300987332,310726,WA003,101,3002A-3007DRYGUM-3007FO-3007S-3025S-3035A-9999A-9999E,12
4471,233227-1-1-102,2025-05-27,WA007,1022511560,300987333,310726,WA003,101,3002A-3007DRYGUM-3007FO-3007S-3025S-3035A-9999A-9999E,12
4472,233227-1-1-102,2025-05-27,WA007,1022511560,300987334,310726,WA003,101,3002A-3007DRYGUM-3007FO-3007S-3025S-3035A-9999A-9999E,12
4473,233227-1-1-102,2025-05-27,WA007,1022511560,300987335,310726,WA003,101,3002A-3007DRYGUM-3007FO-3007S-3025S-3035A-9999A-9999E,12
4474,233227-1-1-102,2025-05-27,WA007,1022511560,300987336,310726,WA003,101,3002A-3007DRYGUM-3007FO-3007S-3025S-3035A-9999A-9999E,12
4475,233227-1-1-102,2025-05-27,WA007,1022511560,300987561,310726,WA003,101,3002A-3007DRYGUM-3007FO-3007S-3025S-3035A-9999A-9999E,12
4476,233227-1-1-102,2025-05-27,WA007,1022511560,300987562,310726,WA003,101,3002A-3007DRYGUM-3007FO-3007S-3025S-3035A-9999A-9999E,12
4477,233227-1-1-102,2025-05-27,WA007,1022511560,300987563,310726,WA003,101,3002A-3007DRYGUM-3007FO-3007S-3025S-3035A-9999A-9999E,12
4478,233227-1-1-102,2025-05-27,WA007,1022511561,300987584,310726,WA003,101,3002A-3007DRYGUM-3007FO-3007S-3025S-3035A-9999A-9999E,12
4479,233227-1-1-102,2025-05-27,WA007,1022511561,300987585,310726,WA003,101,3002A-3007DRYGUM-3007FO-3007S-3025S-3035A-9999A-9999E,12
4480,233227-1-1-102,2025-05-27,WA007,1022511561,300987586,310726,WA003,101,3002A-3007DRYGUM-3007FO-3007S-3025S-3035A-9999A-9999E,12
4481,233227-1-1-102,2025-05-27,WA007,1022511561,300987587,310726,WA003,101,3002A-3007DRYGUM-3007FO-3007S-3025S-3035A-9999A-9999E,12
4482,233227-1-1-102,2025-05-27,WA007,1022511561,300987588,310726,WA003,101,3002A-3007DRYGUM-3007FO-3007S-3025S-3035A-9999A-9999E,12
4483,233227-1-1-102,2025-05-27,WA007,1022511561,300987589,310726,WA003,101,3002A-3007DRYGUM-3007FO-3007S-3025S-3035A-9999A-9999E,12
4484,233227-1-1-102,2025-05-27,WA007,1022511561,300987590,310726,WA003,101,3002A-3007DRYGUM-3007FO-3007S-3025S-3035A-9999A-9999E,12
4485,233227-1-1-102,2025-05-27,WA007,1022511561,300987591,310726,WA003,101,3002A-3007DRYGUM-3007FO-3007S-3025S-3035A-9999A-9999E,12
4486,233227-1-1-102,2025-05-27,WA007,1022511562,300987758,310726,WA003,101,3002A-3007DRYGUM-3007FO-3007S-3025S-3035A-9999A-9999E,12
4487,233227-1-1-102,2025-05-27,WA007,1022511562,300987759,310726,WA003,101,3002A-3007DRYGUM-3007FO-3007S-3025S-3035A-9999A-9999E,12
4488,233227-1-1-102,2025-05-27,WA007,1022511562,300987760,310726,WA003,101,3002A-3007DRYGUM-3007FO-3007S-3025S-3035A-9999A-9999E,12
4489,233227-1-1-102,2025-05-27,WA007,1022511562,300987761,310726,WA003,101,3002A-3007DRYGUM-3007FO-3007S-3025S-3035A-9999A-9999E,12
4490,233232-1-1-102,2025-05-21,WA007,1012511807,300990326,310724,WA002,101,9999A-9999E,9
4491,233232-1-1-102,2025-05-21,WA007,1012511808,300990327,310724,WA002,101,9999A-9999E,9
4492,233232-1-1-102,2025-05-21,WA007,1012511808,300990328,310724,WA002,101,9999A-9999E,9
4493,233232-1-1-102,2025-05-21,WA007,1012511808,300990370,310724,WA002,101,9999A-9999E,9
4494,233232-1-1-102,2025-05-21,WA007,1012511808,300990371,310724,WA002,101,9999A-9999E,9
4495,233232-1-1-102,2025-05-21,WA007,1012511808,300990372,310724,WA002,101,9999A-9999E,9
4496,233232-1-1-102,2025-05-21,WA007,1012511808,300990375,310724,WA002,101,9999A-9999E,9
4497,233232-1-1-102,2025-05-21,WA007,1012511808,300990390,310724,WA002,101,9999A-9999E,9
4498,233232-1-1-102,2025-05-21,WA007,1012511808,300990402,310724,WA002,101,9999A-9999E,9
4499,233232-1-1-102,2025-05-21,WA007,1012511809,300990415,310724,WA002,101,9999A-9999E,9
4500,233232-1-1-102,2025-05-21,WA007,1012511601,300986840,310724,WA002,101,9999A-9999E,11
4501,233232-1-1-102,2025-05-21,WA007,1012511601,300986842,310724,WA002,101,9999A-9999E,11
4502,233232-1-1-102,2025-05-21,WA007,1012511601,300986843,310724,WA002,101,9999A-9999E,11
4503,233232-1-1-102,2025-05-21,WA007,1012511601,300986844,310724,WA002,101,9999A-9999E,11
4504,233232-1-1-102,2025-05-21,WA007,1012511601,300986845,310724,WA002,101,9999A-9999E,11
4505,233232-1-1-102,2025-05-21,WA007,1012511601,300986846,310724,WA002,101,9999A-9999E,11
4506,233232-1-1-102,2025-05-21,WA007,1012511601,300986928,310724,WA002,101,9999A-9999E,11
4507,233232-1-1-102,2025-05-21,WA007,1012511601,300986929,310724,WA002,101,9999A-9999E,11
4508,233232-1-1-102,2025-05-21,WA007,1012511602,300986936,310724,WA002,101,9999A-9999E,11
4509,233232-1-1-102,2025-05-21,WA007,1012511602,300986937,310724,WA002,101,9999A-9999E,11
4510,233232-1-1-102,2025-05-21,WA007,1012511602,300986938,310724,WA002,101,9999A-9999E,11
4511,233232-1-1-102,2025-05-21,WA007,1012511602,300986939,310724,WA002,101,9999A-9999E,11
4512,233232-1-1-102,2025-05-21,WA007,1012511602,300986972,310724,WA002,101,9999A-9999E,11
4513,233232-1-1-102,2025-05-21,WA007,1012511602,300986973,310724,WA002,101,9999A-9999E,11
4514,233232-1-1-102,2025-05-21,WA007,1012511602,300986974,310724,WA002,101,9999A-9999E,11
4515,233232-1-1-102,2025-05-21,WA007,1012511602,300986975,310724,WA002,101,9999A-9999E,11
4516,233232-1-1-102,2025-05-21,WA007,1012511603,300987010,310724,WA002,101,9999A-9999E,11
4517,233232-1-1-102,2025-05-21,WA007,1012511603,300987012,310724,WA002,101,9999A-9999E,11
4518,233232-1-1-102,2025-05-21,WA007,1012511603,300987013,310724,WA002,101,9999A-9999E,11
4519,233232-1-1-102,2025-05-21,WA007,1012511603,300987037,310724,WA002,101,9999A-9999E,11
4520,233232-1-1-102,2025-05-21,WA007,1012511604,300987193,310724,WA002,101,9999A-9999E,11
4521,233232-1-1-102,2025-05-21,WA007,1012511604,300987194,310724,WA002,101,9999A-9999E,11
4522,233232-1-1-102,2025-05-21,WA007,1012511604,300987195,310724,WA002,101,9999A-9999E,11
4523,233232-1-1-102,2025-05-21,WA007,1012511604,300987236,310724,WA002,101,9999A-9999E,11
4524,233232-1-1-102,2025-05-21,WA007,1012511604,300987237,310724,WA002,101,9999A-9999E,11
4525,233232-1-1-102,2025-05-21,WA007,1012511605,300987269,310724,WA002,101,9999A-9999E,11
4526,233232-1-1-102,2025-05-21,WA007,1012511605,300987305,310724,WA002,101,9999A-9999E,11
4527,233232-1-1-102,2025-05-21,WA007,1012511605,300987307,310724,WA002,101,9999A-9999E,11
4528,233232-1-1-102,2025-05-21,WA007,1012511605,300987308,310724,WA002,101,9999A-9999E,11
4529,233232-1-1-102,2025-05-21,WA007,1012511605,300987309,310724,WA002,101,9999A-9999E,11
4530,233232-1-1-102,2025-05-21,WA007,1012511605,300987310,310724,WA002,101,9999A-9999E,11
4531,233232-1-1-102,2025-05-21,WA007,1012511605,300987352,310724,WA002,101,9999A-9999E,11
4532,233232-1-1-102,2025-05-21,WA007,1012511605,300987354,310724,WA002,101,9999A-9999E,11
4533,233232-1-1-102,2025-05-21,WA007,1012511606,300987355,310724,WA002,101,9999A-9999E,11
4534,233232-1-1-102,2025-05-21,WA007,1012511606,300987356,310724,WA002,101,9999A-9999E,11
4535,233232-1-1-102,2025-05-21,WA007,1012511606,300987370,310724,WA002,101,9999A-9999E,11
4536,233232-1-1-102,2025-05-21,WA007,1012511606,300987373,310724,WA002,101,9999A-9999E,11
4537,233232-1-1-102,2025-05-21,WA007,1012511606,300987415,310724,WA002,101,9999A-9999E,11
4538,233232-1-1-102,2025-05-21,WA007,1012511606,300987416,310724,WA002,101,9999A-9999E,11
4539,233232-1-1-102,2025-05-21,WA007,1012511606,300987425,310724,WA002,101,9999A-9999E,11
4540,233232-1-1-102,2025-05-21,WA007,1012511501,300985265,310724,WA002,101,9999A-9999E,12
4541,233232-1-1-102,2025-05-21,WA007,1012511502,300985266,310724,WA002,101,9999A-9999E,12
4542,233232-1-1-102,2025-05-21,WA007,1012511502,300985267,310724,WA002,101,9999A-9999E,12
4543,233232-1-1-102,2025-05-21,WA007,1012511502,300985339,310724,WA002,101,9999A-9999E,12
4544,233232-1-1-102,2025-05-21,WA007,1012511502,300985340,310724,WA002,101,9999A-9999E,12
4545,233232-1-1-102,2025-05-21,WA007,1012511502,300985341,310724,WA002,101,9999A-9999E,12
4546,233232-1-1-102,2025-05-21,WA007,1012511502,300985349,310724,WA002,101,9999A-9999E,12
4547,233232-1-1-102,2025-05-21,WA007,1012511502,300985350,310724,WA002,101,9999A-9999E,12
4548,233232-1-1-102,2025-05-21,WA007,1012511502,300985351,310724,WA002,101,9999A-9999E,12
4549,233232-1-1-102,2025-05-21,WA007,1012511503,300985398,310724,WA002,101,9999A-9999E,12
4550,233232-1-1-102,2025-05-21,WA007,1012511503,300985399,310724,WA002,101,9999A-9999E,12
4551,233232-1-1-102,2025-05-21,WA007,1012511503,300985400,310724,WA002,101,9999A-9999E,12
4552,233232-1-1-102,2025-05-21,WA007,1012511503,300985401,310724,WA002,101,9999A-9999E,12
4553,233232-1-1-102,2025-05-21,WA007,1012511503,300985402,310724,WA002,101,9999A-9999E,12
4554,233232-1-1-102,2025-05-21,WA007,1012511503,300985404,310724,WA002,101,9999A-9999E,12
4555,233232-1-1-102,2025-05-21,WA007,1012511503,300985405,310724,WA002,101,9999A-9999E,12
4556,233232-1-1-102,2025-05-21,WA007,1012511503,300985406,310724,WA002,101,9999A-9999E,12
4557,233232-1-1-102,2025-05-21,WA007,1012511504,300985454,310724,WA002,101,9999A-9999E,12
4558,233232-1-1-102,2025-05-21,WA007,1012511504,300985456,310724,WA002,101,9999A-9999E,12
4559,233232-1-1-102,2025-05-21,WA007,1012511504,300985458,310724,WA002,101,9999A-9999E,12
4560,233232-1-1-102,2025-05-21,WA007,1012511504,300985459,310724,WA002,101,9999A-9999E,12
4561,233232-1-1-102,2025-05-21,WA007,1012511504,300985475,310724,WA002,101,9999A-9999E,12
4562,233232-1-1-102,2025-05-21,WA007,1012511504,300985476,310724,WA002,101,9999A-9999E,12
4563,233232-1-1-102,2025-05-21,WA007,1012511504,300985477,310724,WA002,101,9999A-9999E,12
4564,233232-1-1-102,2025-05-21,WA007,1012511504,300985478,310724,WA002,101,9999A-9999E,12
4565,233232-1-1-102,2025-05-21,WA007,1012511507,300985683,310724,WA002,101,9999A-9999E,12
4566,233232-1-1-102,2025-05-21,WA007,1012511507,300985693,310724,WA002,101,9999A-9999E,12
4567,233232-1-1-102,2025-05-21,WA007,1012511507,300985709,310724,WA002,101,9999A-9999E,12
4568,233232-1-1-102,2025-05-21,WA007,1012511507,300985710,310724,WA002,101,9999A-9999E,12
4569,233232-1-1-102,2025-05-21,WA007,1012511507,300985712,310724,WA002,101,9999A-9999E,12
4570,233232-1-1-102,2025-05-21,WA007,1012511507,300985739,310724,WA002,101,9999A-9999E,12
4571,233232-1-1-102,2025-05-21,WA007,1012511507,300985772,310724,WA002,101,9999A-9999E,12
4572,233232-1-1-102,2025-05-21,WA007,1012511507,300985774,310724,WA002,101,9999A-9999E,12
4573,233232-1-1-102,2025-05-21,WA007,1012511508,300985775,310724,WA002,101,9999A-9999E,12
4574,233232-1-1-102,2025-05-21,WA007,1012511508,300985791,310724,WA002,101,9999A-9999E,12
4575,233232-1-1-102,2025-05-21,WA007,1012511508,300985798,310724,WA002,101,9999A-9999E,12
4576,233232-1-1-102,2025-05-21,WA007,1012511508,300985892,310724,WA002,101,9999A-9999E,12
4577,233232-1-1-102,2025-05-21,WA007,1012511508,300985893,310724,WA002,101,9999A-9999E,12
4578,233232-1-1-102,2025-05-21,WA007,1012511511,300986332,310724,WA002,101,9999A-9999E,12
4579,233232-1-1-102,2025-05-21,WA007,1012511511,300986356,310724,WA002,101,9999A-9999E,12
4580,233232-1-1-102,2025-05-21,WA007,1012511301,300982701,310724,WA002,101,9999A-9999E,14
4581,233232-1-1-102,2025-05-21,WA007,1012511301,300982703,310724,WA002,101,9999A-9999E,14
4582,233232-1-1-102,2025-05-21,WA007,1012511301,300982704,310724,WA002,101,9999A-9999E,14
4583,233232-1-1-102,2025-05-21,WA007,1012511301,300982705,310724,WA002,101,9999A-9999E,14
4584,233232-1-1-102,2025-05-21,WA007,1012511301,300982706,310724,WA002,101,9999A-9999E,14
4585,233232-1-1-102,2025-05-21,WA007,1012511301,300982833,310724,WA002,101,9999A-9999E,14
4586,233232-1-1-102,2025-05-21,WA007,1012511301,300982834,310724,WA002,101,9999A-9999E,14
4587,233232-1-1-102,2025-05-21,WA007,1012511301,300982835,310724,WA002,101,9999A-9999E,14
4588,233232-1-1-102,2025-05-21,WA007,1012511303,300982897,310724,WA002,101,9999A-9999E,14
4589,233232-1-1-102,2025-05-21,WA007,1012511303,300982917,310724,WA002,101,9999A-9999E,14
4590,233232-1-1-102,2025-05-21,WA007,1012511303,300982918,310724,WA002,101,9999A-9999E,14
4591,233232-1-1-102,2025-05-21,WA007,1012511303,300982923,310724,WA002,101,9999A-9999E,14
4592,233232-1-1-102,2025-05-21,WA007,1012511303,300983026,310724,WA002,101,9999A-9999E,14
4593,233232-1-1-102,2025-05-21,WA007,1012511303,300983038,310724,WA002,101,9999A-9999E,14
4594,233232-1-1-102,2025-05-21,WA007,1012511303,300983039,310724,WA002,101,9999A-9999E,14
4595,233232-1-1-102,2025-05-21,WA007,1012511303,300983066,310724,WA002,101,9999A-9999E,14
4596,233232-1-1-102,2025-05-21,WA007,1012511305,300983151,310724,WA002,101,9999A-9999E,14
4597,233232-1-1-102,2025-05-21,WA007,1012511305,300983170,310724,WA002,101,9999A-9999E,14
4598,233232-1-1-102,2025-05-21,WA007,1012511305,300983177,310724,WA002,101,9999A-9999E,14
4599,233232-1-1-102,2025-05-21,WA007,1012511305,300983193,310724,WA002,101,9999A-9999E,14
4600,233232-1-1-102,2025-05-21,WA007,1012511305,300983216,310724,WA002,101,9999A-9999E,14
4601,233232-1-1-102,2025-05-21,WA007,1012511305,300983217,310724,WA002,101,9999A-9999E,14
4602,233232-1-1-102,2025-05-21,WA007,1012511305,300983257,310724,WA002,101,9999A-9999E,14
4603,233232-1-1-102,2025-05-21,WA007,1012511305,300983258,310724,WA002,101,9999A-9999E,14
4604,233232-1-1-102,2025-05-21,WA007,1012511307,300983345,310724,WA002,101,9999A-9999E,14
4605,233232-1-1-102,2025-05-21,WA007,1012511307,300983346,310724,WA002,101,9999A-9999E,14
4606,233232-1-1-102,2025-05-21,WA007,1012511307,300983353,310724,WA002,101,9999A-9999E,14
4607,233232-1-1-102,2025-05-21,WA007,1012511307,300983396,310724,WA002,101,9999A-9999E,14
4608,233232-1-1-102,2025-05-21,WA007,1012511307,300983397,310724,WA002,101,9999A-9999E,14
4609,233232-1-1-102,2025-05-21,WA007,1012511307,300983401,310724,WA002,101,9999A-9999E,14
4610,233232-1-1-102,2025-05-21,WA007,1012510901,300977112,310724,WA002,101,9999A-9999E,18
4611,233232-1-1-102,2025-05-21,WA007,1012510901,300977113,310724,WA002,101,9999A-9999E,18
4612,233232-1-1-102,2025-05-21,WA007,1012510901,300977114,310724,WA002,101,9999A-9999E,18
4613,233232-1-1-102,2025-05-21,WA007,1012510901,300977115,310724,WA002,101,9999A-9999E,18
4614,233232-1-1-102,2025-05-21,WA007,1012510901,300977154,310724,WA002,101,9999A-9999E,18
4615,233232-1-1-102,2025-05-21,WA007,1012510901,300977155,310724,WA002,101,9999A-9999E,18
4616,233232-1-1-102,2025-05-21,WA007,1012510901,300977182,310724,WA002,101,9999A-9999E,18
4617,233232-1-1-102,2025-05-21,WA007,1012510901,300977183,310724,WA002,101,9999A-9999E,18
4618,233232-1-1-102,2025-05-21,WA007,1012510902,300977186,310724,WA002,101,9999A-9999E,18
4619,233232-1-1-102,2025-05-21,WA007,1012510902,300977187,310724,WA002,101,9999A-9999E,18
4620,233232-1-1-102,2025-05-21,WA007,1012510902,300977188,310724,WA002,101,9999A-9999E,18
4621,233232-1-1-102,2025-05-21,WA007,1012510902,300977212,310724,WA002,101,9999A-9999E,18
4622,233232-1-1-102,2025-05-21,WA007,1012510902,300977213,310724,WA002,101,9999A-9999E,18
4623,233232-1-1-102,2025-05-21,WA007,1012510902,300977214,310724,WA002,101,9999A-9999E,18
4624,233232-1-1-102,2025-05-21,WA007,1012510902,300977237,310724,WA002,101,9999A-9999E,18
4625,233232-1-1-102,2025-05-21,WA007,1012510902,300977238,310724,WA002,101,9999A-9999E,18
4626,233232-1-1-102,2025-05-21,WA007,1012510903,300977239,310724,WA002,101,9999A-9999E,18
4627,233232-1-1-102,2025-05-21,WA007,1012510903,300977240,310724,WA002,101,9999A-9999E,18
4628,233232-1-1-102,2025-05-21,WA007,1012510903,300977241,310724,WA002,101,9999A-9999E,18
4629,233232-1-1-102,2025-05-21,WA007,1012510903,300977296,310724,WA002,101,9999A-9999E,18
4630,233232-1-1-102,2025-05-21,WA007,1012510903,300977297,310724,WA002,101,9999A-9999E,18
4631,233232-1-1-102,2025-05-21,WA007,1012510903,300977298,310724,WA002,101,9999A-9999E,18
4632,233232-1-1-102,2025-05-21,WA007,1012510903,300977312,310724,WA002,101,9999A-9999E,18
4633,233232-1-1-102,2025-05-21,WA007,1012510903,300977313,310724,WA002,101,9999A-9999E,18
4634,233232-1-1-102,2025-05-21,WA007,1012510904,300977319,310724,WA002,101,9999A-9999E,18
4635,233232-1-1-102,2025-05-21,WA007,1012510904,300977320,310724,WA002,101,9999A-9999E,18
4636,233232-1-1-102,2025-05-21,WA007,1012510904,300977392,310724,WA002,101,9999A-9999E,18
4637,233232-1-1-102,2025-05-21,WA007,1012510904,300977426,310724,WA002,101,9999A-9999E,18
4638,233232-1-1-102,2025-05-21,WA007,1012510904,300977427,310724,WA002,101,9999A-9999E,18
4639,233232-1-1-102,2025-05-21,WA007,1012510904,300977428,310724,WA002,101,9999A-9999E,18
4640,233232-1-1-102,2025-05-21,WA007,1012510904,300977429,310724,WA002,101,9999A-9999E,18
4641,233232-1-1-102,2025-05-21,WA007,1012510904,300977434,310724,WA002,101,9999A-9999E,18
4642,233232-1-1-102,2025-05-21,WA007,1012510905,300977436,310724,WA002,101,9999A-9999E,18
4643,233232-1-1-102,2025-05-21,WA007,1012510905,300977437,310724,WA002,101,9999A-9999E,18
4644,233232-1-1-102,2025-05-21,WA007,1012510905,300977472,310724,WA002,101,9999A-9999E,18
4645,233232-1-1-102,2025-05-21,WA007,1012510905,300977488,310724,WA002,101,9999A-9999E,18
4646,233232-1-1-102,2025-05-21,WA007,1012510905,300977489,310724,WA002,101,9999A-9999E,18
4647,233232-1-1-102,2025-05-21,WA007,1012510905,300977490,310724,WA002,101,9999A-9999E,18
4648,233232-1-1-102,2025-05-21,WA007,1012510905,300977491,310724,WA002,101,9999A-9999E,18
4649,233232-1-1-102,2025-05-21,WA007,1012510905,300977493,310724,WA002,101,9999A-9999E,18
4650,233232-1-1-103,2025-05-21,WA007,1012511016,300979628,310724,WA002,101,9999A-9999E,17
4651,233232-1-1-103,2025-05-21,WA007,1012511016,300979629,310724,WA002,101,9999A-9999E,17
4652,233232-1-1-103,2025-05-21,WA007,1012511016,300979635,310724,WA002,101,9999A-9999E,17
4653,233232-1-1-103,2025-05-21,WA007,1012511016,300979636,310724,WA002,101,9999A-9999E,17
4654,233232-1-1-103,2025-05-21,WA007,1012511016,300979637,310724,WA002,101,9999A-9999E,17
4655,233232-1-1-103,2025-05-21,WA007,1012511016,300979638,310724,WA002,101,9999A-9999E,17
4656,233232-1-1-103,2025-05-21,WA007,1012511016,300979639,310724,WA002,101,9999A-9999E,17
4657,233232-1-1-103,2025-05-21,WA007,1012511016,300979641,310724,WA002,101,9999A-9999E,17
4658,233232-1-1-103,2025-05-21,WA007,1012511017,300979687,310724,WA002,101,9999A-9999E,17
4659,233232-1-1-103,2025-05-21,WA007,1012511017,300979688,310724,WA002,101,9999A-9999E,17
4660,233232-1-1-103,2025-05-21,WA007,1012510906,300977555,310724,WA002,101,9999A-9999E,18
4661,233232-1-1-103,2025-05-21,WA007,1012510906,300977556,310724,WA002,101,9999A-9999E,18
4662,233232-1-1-103,2025-05-21,WA007,1012510906,300977557,310724,WA002,101,9999A-9999E,18
4663,233232-1-1-103,2025-05-21,WA007,1012510906,300977562,310724,WA002,101,9999A-9999E,18
4664,233232-1-1-103,2025-05-21,WA007,1012510906,300977563,310724,WA002,101,9999A-9999E,18
4665,233232-1-1-103,2025-05-21,WA007,1012510906,300977564,310724,WA002,101,9999A-9999E,18
4666,233232-1-1-103,2025-05-21,WA007,1012510906,300977616,310724,WA002,101,9999A-9999E,18
4667,233232-1-1-103,2025-05-21,WA007,1012510906,300977618,310724,WA002,101,9999A-9999E,18
4668,233232-1-1-103,2025-05-21,WA007,1012510907,300977619,310724,WA002,101,9999A-9999E,18
4669,233232-1-1-103,2025-05-21,WA007,1012510907,300977622,310724,WA002,101,9999A-9999E,18
4670,233232-1-1-103,2025-05-21,WA007,1012510907,300977632,310724,WA002,101,9999A-9999E,18
4671,233232-1-1-103,2025-05-21,WA007,1012510907,300977677,310724,WA002,101,9999A-9999E,18
4672,233232-1-1-103,2025-05-21,WA007,1012510907,300977684,310724,WA002,101,9999A-9999E,18
4673,233232-1-1-103,2025-05-21,WA007,1012510907,300977685,310724,WA002,101,9999A-9999E,18
4674,233232-1-1-103,2025-05-21,WA007,1012510907,300977686,310724,WA002,101,9999A-9999E,18
4675,233232-1-1-103,2025-05-21,WA007,1012510907,300977700,310724,WA002,101,9999A-9999E,18
4676,233232-1-1-103,2025-05-21,WA007,1012510908,300977747,310724,WA002,101,9999A-9999E,18
4677,233232-1-1-103,2025-05-21,WA007,1012510908,300977751,310724,WA002,101,9999A-9999E,18
4678,233232-1-1-103,2025-05-21,WA007,1012510908,300977754,310724,WA002,101,9999A-9999E,18
4679,233232-1-1-103,2025-05-21,WA007,1012510908,300977756,310724,WA002,101,9999A-9999E,18
4680,233232-1-1-103,2025-05-21,WA007,1012510908,300977759,310724,WA002,101,9999A-9999E,18
4681,233232-1-1-103,2025-05-21,WA007,1012510908,300977761,310724,WA002,101,9999A-9999E,18
4682,233232-1-1-103,2025-05-21,WA007,1012510908,300977791,310724,WA002,101,9999A-9999E,18
4683,233232-1-1-103,2025-05-21,WA007,1012510908,300977792,310724,WA002,101,9999A-9999E,18
4684,233232-1-1-103,2025-05-21,WA007,1012510909,300977796,310724,WA002,101,9999A-9999E,18
4685,233232-1-1-103,2025-05-21,WA007,1012510909,300977797,310724,WA002,101,9999A-9999E,18
4686,233232-1-1-103,2025-05-21,WA007,1012510909,300977798,310724,WA002,101,9999A-9999E,18
4687,233232-1-1-103,2025-05-21,WA007,1012510909,300977833,310724,WA002,101,9999A-9999E,18
4688,233232-1-1-103,2025-05-21,WA007,1012510909,300977834,310724,WA002,101,9999A-9999E,18
4689,233232-1-1-103,2025-05-21,WA007,1012510909,300977864,310724,WA002,101,9999A-9999E,18
4690,233232-1-1-103,2025-05-21,WA007,1012510909,300977871,310724,WA002,101,9999A-9999E,18
4691,233232-1-1-103,2025-05-21,WA007,1012510909,300977875,310724,WA002,101,9999A-9999E,18
4692,233232-1-1-103,2025-05-21,WA007,1012510910,300977923,310724,WA002,101,9999A-9999E,18
4693,233232-1-1-103,2025-05-21,WA007,1012510910,300977932,310724,WA002,101,9999A-9999E,18
4694,233232-1-1-103,2025-05-21,WA007,1012510910,300977933,310724,WA002,101,9999A-9999E,18
4695,233232-1-1-103,2025-05-21,WA007,1012510910,300977934,310724,WA002,101,9999A-9999E,18
4696,233232-1-1-103,2025-05-21,WA007,1012510910,300977941,310724,WA002,101,9999A-9999E,18
4697,233232-1-1-103,2025-05-21,WA007,1012510910,300977942,310724,WA002,101,9999A-9999E,18
4698,233232-1-1-103,2025-05-21,WA007,1012510910,300977943,310724,WA002,101,9999A-9999E,18
4699,233232-1-1-103,2025-05-21,WA007,1012510910,300978068,310724,WA002,101,9999A-9999E,18
4700,233232-1-1-103,2025-05-21,WA007,1012510911,300978083,310724,WA002,101,9999A-9999E,18
4701,233232-1-1-103,2025-05-21,WA007,1012510911,300978084,310724,WA002,101,9999A-9999E,18
4702,233232-1-1-103,2025-05-21,WA007,1012510911,300978085,310724,WA002,101,9999A-9999E,18
4703,233232-1-1-103,2025-05-21,WA007,1012510911,300978103,310724,WA002,101,9999A-9999E,18
4704,233232-1-1-103,2025-05-21,WA007,1012510911,300978104,310724,WA002,101,9999A-9999E,18
4705,233232-1-1-103,2025-05-21,WA007,1012510911,300978105,310724,WA002,101,9999A-9999E,18
4706,233232-1-1-103,2025-05-21,WA007,1012510911,300978174,310724,WA002,101,9999A-9999E,18
4707,233232-1-1-103,2025-05-21,WA007,1012510911,300978175,310724,WA002,101,9999A-9999E,18
4708,233232-1-1-103,2025-05-21,WA007,1012510912,300978207,310724,WA002,101,9999A-9999E,18
4709,233232-1-1-103,2025-05-21,WA007,1012510912,300978208,310724,WA002,101,9999A-9999E,18
4710,233232-1-1-103,2025-05-21,WA007,1012510912,300978209,310724,WA002,101,9999A-9999E,18
4711,233232-1-1-103,2025-05-21,WA007,1012510912,300978210,310724,WA002,101,9999A-9999E,18
4712,233232-1-1-103,2025-05-21,WA007,1012510912,300978211,310724,WA002,101,9999A-9999E,18
4713,233232-1-1-103,2025-05-21,WA007,1012510912,300978212,310724,WA002,101,9999A-9999E,18
4714,233232-1-1-103,2025-05-21,WA007,1012510912,300978213,310724,WA002,101,9999A-9999E,18
4715,233232-1-1-103,2025-05-21,WA007,1012510912,300978214,310724,WA002,101,9999A-9999E,18
4716,233232-1-1-103,2025-05-21,WA007,1012510913,300978256,310724,WA002,101,9999A-9999E,18
4717,233232-1-1-103,2025-05-21,WA007,1012510913,300978257,310724,WA002,101,9999A-9999E,18
4718,233232-1-1-103,2025-05-21,WA007,1012510913,300978258,310724,WA002,101,9999A-9999E,18
4719,233232-1-1-103,2025-05-21,WA007,1012510913,300978259,310724,WA002,101,9999A-9999E,18
4720,233232-1-1-103,2025-05-21,WA007,1012510913,300978260,310724,WA002,101,9999A-9999E,18
4721,233232-1-1-103,2025-05-21,WA007,1012510913,300978261,310724,WA002,101,9999A-9999E,18
4722,233232-1-1-103,2025-05-21,WA007,1012510913,300978262,310724,WA002,101,9999A-9999E,18
4723,233232-1-1-103,2025-05-21,WA007,1012510913,300978263,310724,WA002,101,9999A-9999E,18
4724,233232-1-1-103,2025-05-21,WA007,1012510914,300978289,310724,WA002,101,9999A-9999E,18
4725,233232-1-1-103,2025-05-21,WA007,1012510914,300978290,310724,WA002,101,9999A-9999E,18
4726,233232-1-1-103,2025-05-21,WA007,1012510914,300978291,310724,WA002,101,9999A-9999E,18
4727,233232-1-1-103,2025-05-21,WA007,1012510914,300978292,310724,WA002,101,9999A-9999E,18
4728,233232-1-1-103,2025-05-21,WA007,1012510914,300978293,310724,WA002,101,9999A-9999E,18
4729,233232-1-1-103,2025-05-21,WA007,1012510914,300978336,310724,WA002,101,9999A-9999E,18
4730,233232-1-1-103,2025-05-21,WA007,1012510701,300974543,310724,WA002,101,9999A-9999E,20
4731,233232-1-1-103,2025-05-21,WA007,1012510701,300974544,310724,WA002,101,9999A-9999E,20
4732,233232-1-1-103,2025-05-21,WA007,1012510701,300974545,310724,WA002,101,9999A-9999E,20
4733,233232-1-1-103,2025-05-21,WA007,1012510701,300974546,310724,WA002,101,9999A-9999E,20
4734,233232-1-1-103,2025-05-21,WA007,1012510701,300974548,310724,WA002,101,9999A-9999E,20
4735,233232-1-1-103,2025-05-21,WA007,1012510701,300974549,310724,WA002,101,9999A-9999E,20
4736,233232-1-1-103,2025-05-21,WA007,1012510701,300974565,310724,WA002,101,9999A-9999E,20
4737,233232-1-1-103,2025-05-21,WA007,1012510701,300974566,310724,WA002,101,9999A-9999E,20
4738,233232-1-1-103,2025-05-21,WA007,1012510702,300974567,310724,WA002,101,9999A-9999E,20
4739,233232-1-1-103,2025-05-21,WA007,1012510702,300974568,310724,WA002,101,9999A-9999E,20
4740,233232-1-1-103,2025-05-21,WA007,1012510702,300974569,310724,WA002,101,9999A-9999E,20
4741,233232-1-1-103,2025-05-21,WA007,1012510702,300974581,310724,WA002,101,9999A-9999E,20
4742,233232-1-1-103,2025-05-21,WA007,1012510702,300974583,310724,WA002,101,9999A-9999E,20
4743,233232-1-1-103,2025-05-21,WA007,1012510702,300974587,310724,WA002,101,9999A-9999E,20
4744,233232-1-1-103,2025-05-21,WA007,1012510702,300974664,310724,WA002,101,9999A-9999E,20
4745,233232-1-1-103,2025-05-21,WA007,1012510702,300974666,310724,WA002,101,9999A-9999E,20
4746,233232-1-1-103,2025-05-21,WA007,1012510703,300974690,310724,WA002,101,9999A-9999E,20
4747,233232-1-1-103,2025-05-21,WA007,1012510703,300974694,310724,WA002,101,9999A-9999E,20
4748,233232-1-1-103,2025-05-21,WA007,1012510703,300974695,310724,WA002,101,9999A-9999E,20
4749,233232-1-1-103,2025-05-21,WA007,1012510703,300974699,310724,WA002,101,9999A-9999E,20
4750,233232-1-1-103,2025-05-21,WA007,1012510703,300974700,310724,WA002,101,9999A-9999E,20
4751,233232-1-1-103,2025-05-21,WA007,1012510703,300974714,310724,WA002,101,9999A-9999E,20
4752,233232-1-1-103,2025-05-21,WA007,1012510703,300974715,310724,WA002,101,9999A-9999E,20
4753,233232-1-1-103,2025-05-21,WA007,1012510703,300974716,310724,WA002,101,9999A-9999E,20
4754,233232-1-1-103,2025-05-21,WA007,1012510704,300974753,310724,WA002,101,9999A-9999E,20
4755,233232-1-1-103,2025-05-21,WA007,1012510704,300974754,310724,WA002,101,9999A-9999E,20
4756,233232-1-1-103,2025-05-21,WA007,1012510704,300974755,310724,WA002,101,9999A-9999E,20
4757,233232-1-1-103,2025-05-21,WA007,1012510704,300974767,310724,WA002,101,9999A-9999E,20
4758,233232-1-1-103,2025-05-21,WA007,1012510704,300974768,310724,WA002,101,9999A-9999E,20
4759,233232-1-1-103,2025-05-21,WA007,1012510704,300974769,310724,WA002,101,9999A-9999E,20
4760,233232-1-1-103,2025-05-21,WA007,1012510704,300974771,310724,WA002,101,9999A-9999E,20
4761,233232-1-1-103,2025-05-21,WA007,1012510704,300974774,310724,WA002,101,9999A-9999E,20
4762,233232-1-1-103,2025-05-21,WA007,1012510705,300974810,310724,WA002,101,9999A-9999E,20
4763,233232-1-1-103,2025-05-21,WA007,1012510705,300974811,310724,WA002,101,9999A-9999E,20
4764,233232-1-1-103,2025-05-21,WA007,1012510705,300974812,310724,WA002,101,9999A-9999E,20
4765,233232-1-1-103,2025-05-21,WA007,1012510705,300974813,310724,WA002,101,9999A-9999E,20
4766,233232-1-1-103,2025-05-21,WA007,1012510705,300974824,310724,WA002,101,9999A-9999E,20
4767,233232-1-1-103,2025-05-21,WA007,1012510705,300974825,310724,WA002,101,9999A-9999E,20
4768,233232-1-1-103,2025-05-21,WA007,1012510705,300974844,310724,WA002,101,9999A-9999E,20
4769,233232-1-1-103,2025-05-21,WA007,1012510705,300974845,310724,WA002,101,9999A-9999E,20
4770,233232-1-1-103,2025-05-21,WA007,1012510706,300974864,310724,WA002,101,9999A-9999E,20
4771,233232-1-1-103,2025-05-21,WA007,1012510706,300974873,310724,WA002,101,9999A-9999E,20
4772,233232-1-1-103,2025-05-21,WA007,1012510706,300974894,310724,WA002,101,9999A-9999E,20
4773,233232-1-1-103,2025-05-21,WA007,1012510706,300974895,310724,WA002,101,9999A-9999E,20
4774,233232-1-1-103,2025-05-21,WA007,1012510707,300974906,310724,WA002,101,9999A-9999E,20
4775,233232-1-1-103,2025-05-21,WA007,1012510707,300974924,310724,WA002,101,9999A-9999E,20
4776,233232-1-1-103,2025-05-21,WA007,1012510707,300974925,310724,WA002,101,9999A-9999E,20
4777,233232-1-1-103,2025-05-21,WA007,1012510707,300974926,310724,WA002,101,9999A-9999E,20
4778,233232-1-1-103,2025-05-21,WA007,1012510707,300974927,310724,WA002,101,9999A-9999E,20
4779,233232-1-1-103,2025-05-21,WA007,1012510707,300974928,310724,WA002,101,9999A-9999E,20
4780,233232-1-1-103,2025-05-21,WA007,1012510707,300974929,310724,WA002,101,9999A-9999E,20
4781,233232-1-1-103,2025-05-21,WA007,1012510707,300974938,310724,WA002,101,9999A-9999E,20
4782,233232-1-1-103,2025-05-21,WA007,1012510708,300974939,310724,WA002,101,9999A-9999E,20
4783,233232-1-1-103,2025-05-21,WA007,1012510708,300974974,310724,WA002,101,9999A-9999E,20
4784,233232-1-1-103,2025-05-21,WA007,1012510708,300974984,310724,WA002,101,9999A-9999E,20
4785,233232-1-1-103,2025-05-21,WA007,1012510708,300974985,310724,WA002,101,9999A-9999E,20
4786,233232-1-1-103,2025-05-21,WA007,1012510708,300974986,310724,WA002,101,9999A-9999E,20
4787,233232-1-1-103,2025-05-21,WA007,1012510708,300974989,310724,WA002,101,9999A-9999E,20
4788,233232-1-1-103,2025-05-21,WA007,1012510708,300974990,310724,WA002,101,9999A-9999E,20
4789,233232-1-1-103,2025-05-21,WA007,1012510708,300974991,310724,WA002,101,9999A-9999E,20
4790,233232-1-1-103,2025-05-21,WA007,1012510709,300975008,310724,WA002,101,9999A-9999E,20
4791,233232-1-1-103,2025-05-21,WA007,1012510709,300975029,310724,WA002,101,9999A-9999E,20
4792,233232-1-1-103,2025-05-21,WA007,1012510709,300975030,310724,WA002,101,9999A-9999E,20
4793,233232-1-1-103,2025-05-21,WA007,1012510709,300975038,310724,WA002,101,9999A-9999E,20
4794,233232-1-1-103,2025-05-21,WA007,1012510709,300975039,310724,WA002,101,9999A-9999E,20
4795,233232-1-1-103,2025-05-21,WA007,1012510709,300975040,310724,WA002,101,9999A-9999E,20
4796,233232-1-1-103,2025-05-21,WA007,1012510709,300975064,310724,WA002,101,9999A-9999E,20
4797,233232-1-1-103,2025-05-21,WA007,1012510709,300975065,310724,WA002,101,9999A-9999E,20
4798,233232-1-1-103,2025-05-21,WA007,1012510710,300975066,310724,WA002,101,9999A-9999E,20
4799,233232-1-1-103,2025-05-21,WA007,1012510710,300975068,310724,WA002,101,9999A-9999E,20
4800,233232-1-1-103,2025-05-21,WA007,1012510710,300975161,310724,WA002,101,9999A-9999E,20
4801,233232-1-1-103,2025-05-21,WA007,1012510710,300975162,310724,WA002,101,9999A-9999E,20
4802,233232-1-1-103,2025-05-21,WA007,1012510710,300975163,310724,WA002,101,9999A-9999E,20
4803,233232-1-1-103,2025-05-21,WA007,1012510710,300975171,310724,WA002,101,9999A-9999E,20
4804,233232-1-1-103,2025-05-21,WA007,1012510710,300975178,310724,WA002,101,9999A-9999E,20
4805,233232-1-1-103,2025-05-21,WA007,1012510710,300975179,310724,WA002,101,9999A-9999E,20
4806,233232-1-1-103,2025-05-21,WA007,1012510711,300975182,310724,WA002,101,9999A-9999E,20
4807,233232-1-1-103,2025-05-21,WA007,1012510711,300975201,310724,WA002,101,9999A-9999E,20
4808,233232-1-1-103,2025-05-21,WA007,1012510711,300975203,310724,WA002,101,9999A-9999E,20
4809,233232-1-1-103,2025-05-21,WA007,1012510711,300975207,310724,WA002,101,9999A-9999E,20
4810,233232-1-1-103,2025-05-21,WA007,1012510711,300975208,310724,WA002,101,9999A-9999E,20
4811,233232-1-1-103,2025-05-21,WA007,1012510711,300975232,310724,WA002,101,9999A-9999E,20
4812,233232-1-1-103,2025-05-21,WA007,1012510711,300975233,310724,WA002,101,9999A-9999E,20
4813,233232-1-1-103,2025-05-21,WA007,1012510711,300975234,310724,WA002,101,9999A-9999E,20
4814,233232-1-1-103,2025-05-21,WA007,1012510712,300975257,310724,WA002,101,9999A-9999E,20
4815,233232-1-1-103,2025-05-21,WA007,1012510712,300975258,310724,WA002,101,9999A-9999E,20
4816,233232-1-1-103,2025-05-21,WA007,1012510712,300975259,310724,WA002,101,9999A-9999E,20
4817,233232-1-1-103,2025-05-21,WA007,1012510712,300975271,310724,WA002,101,9999A-9999E,20
4818,233232-1-1-103,2025-05-21,WA007,1012510712,300975272,310724,WA002,101,9999A-9999E,20
4819,233232-1-1-103,2025-05-21,WA007,1012510712,300975273,310724,WA002,101,9999A-9999E,20
4820,233232-1-1-103,2025-05-21,WA007,1012510712,300975321,310724,WA002,101,9999A-9999E,20
4821,233232-1-1-103,2025-05-21,WA007,1012510712,300975322,310724,WA002,101,9999A-9999E,20
4822,233232-1-1-103,2025-05-21,WA007,1012510713,300975335,310724,WA002,101,9999A-9999E,20
4823,233232-1-1-103,2025-05-21,WA007,1012510713,300975336,310724,WA002,101,9999A-9999E,20
4824,233232-1-1-103,2025-05-21,WA007,1012510713,300975337,310724,WA002,101,9999A-9999E,20
4825,233232-1-1-103,2025-05-21,WA007,1012510713,300975338,310724,WA002,101,9999A-9999E,20
4826,233232-1-1-103,2025-05-21,WA007,1012510713,300975344,310724,WA002,101,9999A-9999E,20
4827,233232-1-1-103,2025-05-21,WA007,1012510713,300975345,310724,WA002,101,9999A-9999E,20
4828,233232-1-1-103,2025-05-21,WA007,1012510713,300975354,310724,WA002,101,9999A-9999E,20
4829,233232-1-1-103,2025-05-21,WA007,1012510713,300975357,310724,WA002,101,9999A-9999E,20
4830,233232-1-1-103,2025-05-21,WA007,1012510714,300975360,310724,WA002,101,9999A-9999E,20
4831,233232-1-1-103,2025-05-21,WA007,1012510714,300975362,310724,WA002,101,9999A-9999E,20
4832,233232-1-1-103,2025-05-21,WA007,1012510714,300975365,310724,WA002,101,9999A-9999E,20
4833,233232-1-1-103,2025-05-21,WA007,1012510714,300975440,310724,WA002,101,9999A-9999E,20
4834,233232-1-1-103,2025-05-21,WA007,1012510714,300975441,310724,WA002,101,9999A-9999E,20
4835,233232-1-1-103,2025-05-21,WA007,1012510714,300975442,310724,WA002,101,9999A-9999E,20
4836,233232-1-1-103,2025-05-21,WA007,1012510714,300975465,310724,WA002,101,9999A-9999E,20
4837,233232-1-1-103,2025-05-21,WA007,1012510714,300975466,310724,WA002,101,9999A-9999E,20
4838,233232-1-1-103,2025-05-21,WA007,1012510715,300975485,310724,WA002,101,9999A-9999E,20
4839,233232-1-1-103,2025-05-21,WA007,1012510715,300975486,310724,WA002,101,9999A-9999E,20
4840,233232-1-1-103,2025-05-21,WA007,1012510715,300975488,310724,WA002,101,9999A-9999E,20
4841,233232-1-1-103,2025-05-21,WA007,1012510715,300975522,310724,WA002,101,9999A-9999E,20
4842,233232-1-1-103,2025-05-21,WA007,1012510715,300975523,310724,WA002,101,9999A-9999E,20
4843,233232-1-1-103,2025-05-21,WA007,1012510715,300975540,310724,WA002,101,9999A-9999E,20
4844,233232-1-1-103,2025-05-21,WA007,1012510715,300975541,310724,WA002,101,9999A-9999E,20
4845,233232-1-1-103,2025-05-21,WA007,1012510715,300975542,310724,WA002,101,9999A-9999E,20
4846,233232-1-1-103,2025-05-21,WA007,1012510716,300975559,310724,WA002,101,9999A-9999E,20
4847,233232-1-1-103,2025-05-21,WA007,1012510716,300975560,310724,WA002,101,9999A-9999E,20
4848,233232-1-1-103,2025-05-21,WA007,1012510716,300975604,310724,WA002,101,9999A-9999E,20
4849,233232-1-1-103,2025-05-21,WA007,1012510716,300975605,310724,WA002,101,9999A-9999E,20
4850,233235-1-1-101,2025-05-23,WA007,1022509951,300964968,310726,WA003,101,3002A-3007S-3025S-3033A-3035A-9999A-9999E,28
4851,233235-1-1-101,2025-05-23,WA007,1022509951,300964980,310726,WA003,101,3002A-3007S-3025S-3033A-3035A-9999A-9999E,28
4852,233235-1-1-101,2025-05-23,WA007,1022509951,300964981,310726,WA003,101,3002A-3007S-3025S-3033A-3035A-9999A-9999E,28
4853,233235-1-1-101,2025-05-23,WA007,1022509951,300964982,310726,WA003,101,3002A-3007S-3025S-3033A-3035A-9999A-9999E,28
4854,233235-1-1-101,2025-05-23,WA007,1022509951,300964994,310726,WA003,101,3002A-3007S-3025S-3033A-3035A-9999A-9999E,28
4855,233235-1-1-101,2025-05-23,WA007,1022509951,300964995,310726,WA003,101,3002A-3007S-3025S-3033A-3035A-9999A-9999E,28
4856,233235-1-1-101,2025-05-23,WA007,1022509951,300965022,310726,WA003,101,3002A-3007S-3025S-3033A-3035A-9999A-9999E,28
4857,233235-1-1-101,2025-05-23,WA007,1022509951,300965023,310726,WA003,101,3002A-3007S-3025S-3033A-3035A-9999A-9999E,28
4858,233235-1-1-101,2025-05-23,WA007,1022509952,300965024,310726,WA003,101,3002A-3007S-3025S-3033A-3035A-9999A-9999E,28
4859,233235-1-1-101,2025-05-23,WA007,1022509952,300965035,310726,WA003,101,3002A-3007S-3025S-3033A-3035A-9999A-9999E,28
4860,233235-1-1-101,2025-05-23,WA007,1022509952,300965036,310726,WA003,101,3002A-3007S-3025S-3033A-3035A-9999A-9999E,28
4861,233235-1-1-101,2025-05-23,WA007,1022509952,300965264,310726,WA003,101,3002A-3007S-3025S-3033A-3035A-9999A-9999E,28
4862,233235-1-1-101,2025-05-23,WA007,1022509952,300965265,310726,WA003,101,3002A-3007S-3025S-3033A-3035A-9999A-9999E,28
4863,233235-1-1-101,2025-05-23,WA007,1022509952,300965266,310726,WA003,101,3002A-3007S-3025S-3033A-3035A-9999A-9999E,28
4864,233235-1-1-101,2025-05-23,WA007,1022509952,300965267,310726,WA003,101,3002A-3007S-3025S-3033A-3035A-9999A-9999E,28
4865,233235-1-1-101,2025-05-23,WA007,1022509952,300965272,310726,WA003,101,3002A-3007S-3025S-3033A-3035A-9999A-9999E,28
4866,233235-1-1-101,2025-05-23,WA007,1022509953,300965332,310726,WA003,101,3002A-3007S-3025S-3033A-3035A-9999A-9999E,28
4867,233235-1-1-101,2025-05-23,WA007,1022509953,300965333,310726,WA003,101,3002A-3007S-3025S-3033A-3035A-9999A-9999E,28
4868,233235-1-1-101,2025-05-23,WA007,1022509953,300965334,310726,WA003,101,3002A-3007S-3025S-3033A-3035A-9999A-9999E,28
4869,233235-1-1-101,2025-05-23,WA007,1022509953,300965335,310726,WA003,101,3002A-3007S-3025S-3033A-3035A-9999A-9999E,28
4870,233235-1-1-101,2025-05-23,WA007,1022509953,300965336,310726,WA003,101,3002A-3007S-3025S-3033A-3035A-9999A-9999E,28
4871,233235-1-1-101,2025-05-23,WA007,1022509953,300965338,310726,WA003,101,3002A-3007S-3025S-3033A-3035A-9999A-9999E,28
4872,233235-1-1-101,2025-05-23,WA007,1022509953,300965339,310726,WA003,101,3002A-3007S-3025S-3033A-3035A-9999A-9999E,28
4873,233235-1-1-101,2025-05-23,WA007,1022509953,300965411,310726,WA003,101,3002A-3007S-3025S-3033A-3035A-9999A-9999E,28
4874,233235-1-1-101,2025-05-23,WA007,1022509954,300965412,310726,WA003,101,3002A-3007S-3025S-3033A-3035A-9999A-9999E,28
4875,233235-1-1-101,2025-05-23,WA007,1022509954,300965413,310726,WA003,101,3002A-3007S-3025S-3033A-3035A-9999A-9999E,28
4876,233235-1-1-101,2025-05-23,WA007,1022509954,300965414,310726,WA003,101,3002A-3007S-3025S-3033A-3035A-9999A-9999E,28
4877,233235-1-1-101,2025-05-23,WA007,1022509954,300965415,310726,WA003,101,3002A-3007S-3025S-3033A-3035A-9999A-9999E,28
4878,233235-1-1-101,2025-05-23,WA007,1022509954,300965452,310726,WA003,101,3002A-3007S-3025S-3033A-3035A-9999A-9999E,28
4879,233235-1-1-101,2025-05-23,WA007,1022509954,300965453,310726,WA003,101,3002A-3007S-3025S-3033A-3035A-9999A-9999E,28
4880,233235-1-1-101,2025-05-23,WA007,1022509954,300965454,310726,WA003,101,3002A-3007S-3025S-3033A-3035A-9999A-9999E,28
4881,233235-1-1-101,2025-05-23,WA007,1022509954,300965455,310726,WA003,101,3002A-3007S-3025S-3033A-3035A-9999A-9999E,28
4882,233235-1-1-101,2025-05-23,WA007,1022509959,300965822,310726,WA003,101,3002A-3007S-3025S-3033A-3035A-9999A-9999E,28
4883,233235-1-1-101,2025-05-23,WA007,1022509959,300965823,310726,WA003,101,3002A-3007S-3025S-3033A-3035A-9999A-9999E,28
4884,233235-1-1-101,2025-05-23,WA007,1022509959,300965826,310726,WA003,101,3002A-3007S-3025S-3033A-3035A-9999A-9999E,28
4885,233235-1-1-101,2025-05-23,WA007,1022509959,300965924,310726,WA003,101,3002A-3007S-3025S-3033A-3035A-9999A-9999E,28
4886,233235-1-1-101,2025-05-23,WA007,1022509959,300965925,310726,WA003,101,3002A-3007S-3025S-3033A-3035A-9999A-9999E,28
4887,233235-1-1-101,2025-05-23,WA007,1022509959,300965926,310726,WA003,101,3002A-3007S-3025S-3033A-3035A-9999A-9999E,28
4888,233235-1-1-101,2025-05-23,WA007,1022509959,300965928,310726,WA003,101,3002A-3007S-3025S-3033A-3035A-9999A-9999E,28
4889,233235-1-1-101,2025-05-23,WA007,1022509959,300965929,310726,WA003,101,3002A-3007S-3025S-3033A-3035A-9999A-9999E,28
4890,233235-1-1-101,2025-05-23,WA007,1022509960,300965947,310726,WA003,101,3002A-3007S-3025S-3033A-3035A-9999A-9999E,28
4891,233235-1-1-101,2025-05-23,WA007,1022509960,300965948,310726,WA003,101,3002A-3007S-3025S-3033A-3035A-9999A-9999E,28
4892,233235-1-1-101,2025-05-23,WA007,1022509960,300965949,310726,WA003,101,3002A-3007S-3025S-3033A-3035A-9999A-9999E,28
4893,233235-1-1-101,2025-05-23,WA007,1022509960,300965966,310726,WA003,101,3002A-3007S-3025S-3033A-3035A-9999A-9999E,28
4894,233235-1-1-101,2025-05-23,WA007,1022509960,300965967,310726,WA003,101,3002A-3007S-3025S-3033A-3035A-9999A-9999E,28
4895,233235-1-1-101,2025-05-23,WA007,1022509960,300965968,310726,WA003,101,3002A-3007S-3025S-3033A-3035A-9999A-9999E,28
4896,233235-1-1-101,2025-05-23,WA007,1022509960,300965969,310726,WA003,101,3002A-3007S-3025S-3033A-3035A-9999A-9999E,28
4897,233235-1-1-101,2025-05-23,WA007,1022509960,300965973,310726,WA003,101,3002A-3007S-3025S-3033A-3035A-9999A-9999E,28
4898,233235-1-1-101,2025-05-23,WA007,1022509961,300966002,310726,WA003,101,3002A-3007S-3025S-3033A-3035A-9999A-9999E,28
4899,233235-1-1-101,2025-05-23,WA007,1022509961,300966004,310726,WA003,101,3002A-3007S-3025S-3033A-3035A-9999A-9999E,28
4900,233235-1-1-101,2025-05-23,WA007,1022509961,300966005,310726,WA003,101,3002A-3007S-3025S-3033A-3035A-9999A-9999E,28
4901,233235-1-1-101,2025-05-23,WA007,1022509961,300966006,310726,WA003,101,3002A-3007S-3025S-3033A-3035A-9999A-9999E,28
4902,233235-1-1-101,2025-05-23,WA007,1022509961,300966033,310726,WA003,101,3002A-3007S-3025S-3033A-3035A-9999A-9999E,28
4903,233235-1-1-101,2025-05-23,WA007,1022509961,300966051,310726,WA003,101,3002A-3007S-3025S-3033A-3035A-9999A-9999E,28
4904,233235-1-1-101,2025-05-23,WA007,1022509961,300966052,310726,WA003,101,3002A-3007S-3025S-3033A-3035A-9999A-9999E,28
4905,233235-1-1-101,2025-05-23,WA007,1022509961,300966053,310726,WA003,101,3002A-3007S-3025S-3033A-3035A-9999A-9999E,28
4906,233235-1-1-101,2025-05-23,WA007,1022509963,300966142,310726,WA003,101,3002A-3007S-3025S-3033A-3035A-9999A-9999E,28
4907,233235-1-1-101,2025-05-23,WA007,1022509963,300966143,310726,WA003,101,3002A-3007S-3025S-3033A-3035A-9999A-9999E,28
4908,233235-1-1-101,2025-05-23,WA007,1022509963,300966144,310726,WA003,101,3002A-3007S-3025S-3033A-3035A-9999A-9999E,28
4909,233235-1-1-101,2025-05-23,WA007,1022509963,300966145,310726,WA003,101,3002A-3007S-3025S-3033A-3035A-9999A-9999E,28
4910,233235-1-1-101,2025-05-23,WA007,1022509651,300960393,310726,WA003,101,3007S-3025S-3033A-3035A-9999A-9999E,31
4911,233235-1-1-101,2025-05-23,WA007,1022509651,300960398,310726,WA003,101,3007S-3025S-3033A-3035A-9999A-9999E,31
4912,233235-1-1-101,2025-05-23,WA007,1022509651,300960429,310726,WA003,101,3007S-3025S-3033A-3035A-9999A-9999E,31
4913,233235-1-1-101,2025-05-23,WA007,1022509651,300960430,310726,WA003,101,3007S-3025S-3033A-3035A-9999A-9999E,31
4914,233235-1-1-101,2025-05-23,WA007,1022509651,300960498,310726,WA003,101,3007S-3025S-3033A-3035A-9999A-9999E,31
4915,233235-1-1-101,2025-05-23,WA007,1022509651,300960499,310726,WA003,101,3007S-3025S-3033A-3035A-9999A-9999E,31
4916,233235-1-1-101,2025-05-23,WA007,1022509651,300960523,310726,WA003,101,3007S-3025S-3033A-3035A-9999A-9999E,31
4917,233235-1-1-101,2025-05-23,WA007,1022509651,300960524,310726,WA003,101,3007S-3025S-3033A-3035A-9999A-9999E,31
4918,233235-1-1-101,2025-05-23,WA007,1022509652,300960542,310726,WA003,101,3007S-3025S-3033A-3035A-9999A-9999E,31
4919,233235-1-1-101,2025-05-23,WA007,1022509652,300960567,310726,WA003,101,3007S-3025S-3033A-3035A-9999A-9999E,31
4920,233235-1-1-101,2025-05-23,WA007,1022509652,300960568,310726,WA003,101,3007S-3025S-3033A-3035A-9999A-9999E,31
4921,233235-1-1-101,2025-05-23,WA007,1022509652,300960569,310726,WA003,101,3007S-3025S-3033A-3035A-9999A-9999E,31
4922,233235-1-1-101,2025-05-23,WA007,1022509652,300960570,310726,WA003,101,3007S-3025S-3033A-3035A-9999A-9999E,31
4923,233235-1-1-101,2025-05-23,WA007,1022509652,300960571,310726,WA003,101,3007S-3025S-3033A-3035A-9999A-9999E,31
4924,233235-1-1-101,2025-05-23,WA007,1022509652,300960572,310726,WA003,101,3007S-3025S-3033A-3035A-9999A-9999E,31
4925,233235-1-1-101,2025-05-23,WA007,1022509652,300960591,310726,WA003,101,3007S-3025S-3033A-3035A-9999A-9999E,31
4926,233235-1-1-101,2025-05-23,WA007,1022509654,300960725,310726,WA003,101,3007S-3025S-3033A-3035A-9999A-9999E,31
4927,233235-1-1-101,2025-05-23,WA007,1022509654,300960753,310726,WA003,101,3007S-3025S-3033A-3035A-9999A-9999E,31
4928,233235-1-1-101,2025-05-23,WA007,1022509654,300960754,310726,WA003,101,3007S-3025S-3033A-3035A-9999A-9999E,31
4929,233235-1-1-101,2025-05-23,WA007,1022509654,300960755,310726,WA003,101,3007S-3025S-3033A-3035A-9999A-9999E,31
4930,233235-1-1-101,2025-05-23,WA007,1022509654,300960756,310726,WA003,101,3007S-3025S-3033A-3035A-9999A-9999E,31
4931,233235-1-1-101,2025-05-23,WA007,1022509654,300960767,310726,WA003,101,3007S-3025S-3033A-3035A-9999A-9999E,31
4932,233235-1-1-101,2025-05-23,WA007,1022509654,300960791,310726,WA003,101,3007S-3025S-3033A-3035A-9999A-9999E,31
4933,233235-1-1-101,2025-05-23,WA007,1022509654,300960792,310726,WA003,101,3007S-3025S-3033A-3035A-9999A-9999E,31
4934,233235-1-1-101,2025-05-23,WA007,1022509655,300960820,310726,WA003,101,3007S-3025S-3033A-3035A-9999A-9999E,31
4935,233235-1-1-101,2025-05-23,WA007,1022509655,300960821,310726,WA003,101,3007S-3025S-3033A-3035A-9999A-9999E,31
4936,233235-1-1-101,2025-05-23,WA007,1022509655,300960822,310726,WA003,101,3007S-3025S-3033A-3035A-9999A-9999E,31
4937,233235-1-1-101,2025-05-23,WA007,1022509655,300960823,310726,WA003,101,3007S-3025S-3033A-3035A-9999A-9999E,31
4938,233235-1-1-101,2025-05-23,WA007,1022509655,300960922,310726,WA003,101,3007S-3025S-3033A-3035A-9999A-9999E,31
4939,233235-1-1-101,2025-05-23,WA007,1022509655,300960923,310726,WA003,101,3007S-3025S-3033A-3035A-9999A-9999E,31
4940,233235-1-1-101,2025-05-23,WA007,1022509655,300960924,310726,WA003,101,3007S-3025S-3033A-3035A-9999A-9999E,31
4941,233235-1-1-101,2025-05-23,WA007,1022509655,300960926,310726,WA003,101,3007S-3025S-3033A-3035A-9999A-9999E,31
4942,233235-1-1-101,2025-05-23,WA007,1022509656,300960942,310726,WA003,101,3007S-3025S-3033A-3035A-9999A-9999E,31
4943,233235-1-1-101,2025-05-23,WA007,1022509656,300960961,310726,WA003,101,3007S-3025S-3033A-3035A-9999A-9999E,31
4944,233235-1-1-101,2025-05-23,WA007,1022509656,300960963,310726,WA003,101,3007S-3025S-3033A-3035A-9999A-9999E,31
4945,233235-1-1-101,2025-05-23,WA007,1022509656,300960965,310726,WA003,101,3007S-3025S-3033A-3035A-9999A-9999E,31
4946,233235-1-1-101,2025-05-23,WA007,1022509656,300961001,310726,WA003,101,3007S-3025S-3033A-3035A-9999A-9999E,31
4947,233235-1-1-101,2025-05-23,WA007,1022509656,300961121,310726,WA003,101,3007S-3025S-3033A-3035A-9999A-9999E,31
4948,233235-1-1-101,2025-05-23,WA007,1022509656,300961122,310726,WA003,101,3007S-3025S-3033A-3035A-9999A-9999E,31
4949,233235-1-1-101,2025-05-23,WA007,1022509656,300961123,310726,WA003,101,3007S-3025S-3033A-3035A-9999A-9999E,31
4950,233235-1-1-101,2025-05-23,WA007,1022509658,300961271,310726,WA003,101,3007S-3025S-3033A-3035A-9999A-9999E,31
4951,233235-1-1-101,2025-05-23,WA007,1022509658,300961272,310726,WA003,101,3007S-3025S-3033A-3035A-9999A-9999E,31
4952,233235-1-1-101,2025-05-23,WA007,1022509658,300961273,310726,WA003,101,3007S-3025S-3033A-3035A-9999A-9999E,31
4953,233235-1-1-101,2025-05-23,WA007,1022509658,300961274,310726,WA003,101,3007S-3025S-3033A-3035A-9999A-9999E,31
4954,233235-1-1-101,2025-05-23,WA007,1022509658,300961276,310726,WA003,101,3007S-3025S-3033A-3035A-9999A-9999E,31
4955,233235-1-1-101,2025-05-23,WA007,1022509658,300961277,310726,WA003,101,3007S-3025S-3033A-3035A-9999A-9999E,31
4956,233235-1-1-101,2025-05-23,WA007,1022509658,300961278,310726,WA003,101,3007S-3025S-3033A-3035A-9999A-9999E,31
4957,233235-1-1-101,2025-05-23,WA007,1022509658,300961279,310726,WA003,101,3007S-3025S-3033A-3035A-9999A-9999E,31
4958,233235-1-1-101,2025-05-23,WA007,1022509659,300961325,310726,WA003,101,3007S-3025S-3033A-3035A-9999A-9999E,31
4959,233235-1-1-101,2025-05-23,WA007,1022509659,300961327,310726,WA003,101,3007S-3025S-3033A-3035A-9999A-9999E,31
4960,233235-1-1-101,2025-05-23,WA007,1022509659,300961328,310726,WA003,101,3007S-3025S-3033A-3035A-9999A-9999E,31
4961,233235-1-1-101,2025-05-23,WA007,1022509659,300961329,310726,WA003,101,3007S-3025S-3033A-3035A-9999A-9999E,31
4962,233235-1-1-101,2025-05-23,WA007,1022509659,300961376,310726,WA003,101,3007S-3025S-3033A-3035A-9999A-9999E,31
4963,233235-1-1-101,2025-05-23,WA007,1022509659,300961377,310726,WA003,101,3007S-3025S-3033A-3035A-9999A-9999E,31
4964,233235-1-1-101,2025-05-23,WA007,1022509659,300961378,310726,WA003,101,3007S-3025S-3033A-3035A-9999A-9999E,31
4965,233235-1-1-101,2025-05-23,WA007,1022509659,300961379,310726,WA003,101,3007S-3025S-3033A-3035A-9999A-9999E,31
4966,233235-1-1-101,2025-05-23,WA007,1022509660,300961417,310726,WA003,101,3007S-3025S-3033A-3035A-9999A-9999E,31
4967,233235-1-1-101,2025-05-23,WA007,1022509660,300961418,310726,WA003,101,3007S-3025S-3033A-3035A-9999A-9999E,31
4968,233235-1-1-101,2025-05-23,WA007,1022509660,300961419,310726,WA003,101,3007S-3025S-3033A-3035A-9999A-9999E,31
4969,233235-1-1-101,2025-05-23,WA007,1022509660,300961420,310726,WA003,101,3007S-3025S-3033A-3035A-9999A-9999E,31
4970,233235-1-1-101,2025-05-23,WA007,1022510851,300976896,310726,WA003,101,3025S-3033A-9999A-9999E,19
4971,233235-1-1-101,2025-05-23,WA007,1022510851,300976897,310726,WA003,101,3025S-3033A-9999A-9999E,19
4972,233235-1-1-101,2025-05-23,WA007,1022510851,300976899,310726,WA003,101,3025S-3033A-9999A-9999E,19
4973,233235-1-1-101,2025-05-23,WA007,1022510851,300976906,310726,WA003,101,3025S-3033A-9999A-9999E,19
4974,233235-1-1-101,2025-05-23,WA007,1022510851,300977061,310726,WA003,101,3025S-3033A-9999A-9999E,19
4975,233235-1-1-101,2025-05-23,WA007,1022510851,300977062,310726,WA003,101,3025S-3033A-9999A-9999E,19
4976,233235-1-1-101,2025-05-23,WA007,1022510852,300977100,310726,WA003,101,3025S-3033A-9999A-9999E,19
4977,233235-1-1-101,2025-05-23,WA007,1022510852,300977101,310726,WA003,101,3025S-3033A-9999A-9999E,19
4978,233235-1-1-101,2025-05-23,WA007,1022510852,300977102,310726,WA003,101,3025S-3033A-9999A-9999E,19
4979,233235-1-1-101,2025-05-23,WA007,1022510852,300977105,310726,WA003,101,3025S-3033A-9999A-9999E,19
4980,233235-1-1-101,2025-05-23,WA007,1022510351,300969713,310726,WA003,101,3025S-3035A-9999A-9999E,24
4981,233235-1-1-101,2025-05-23,WA007,1022510351,300969714,310726,WA003,101,3025S-3035A-9999A-9999E,24
4982,233235-1-1-101,2025-05-23,WA007,1022510351,300969716,310726,WA003,101,3025S-3035A-9999A-9999E,24
4983,233235-1-1-101,2025-05-23,WA007,1022510351,300969717,310726,WA003,101,3025S-3035A-9999A-9999E,24
4984,233235-1-1-101,2025-05-23,WA007,1022510351,300969718,310726,WA003,101,3025S-3035A-9999A-9999E,24
4985,233235-1-1-101,2025-05-23,WA007,1022510351,300969719,310726,WA003,101,3025S-3035A-9999A-9999E,24
4986,233235-1-1-101,2025-05-23,WA007,1022510351,300969720,310726,WA003,101,3025S-3035A-9999A-9999E,24
4987,233235-1-1-101,2025-05-23,WA007,1022510351,300969721,310726,WA003,101,3025S-3035A-9999A-9999E,24
4988,233235-1-1-101,2025-05-23,WA007,1022510360,300970576,310726,WA003,101,3025S-3035A-9999A-9999E,24
4989,233235-1-1-101,2025-05-23,WA007,1022510360,300970577,310726,WA003,101,3025S-3035A-9999A-9999E,24
4990,233235-1-1-101,2025-05-23,WA007,1022510262,300969080,310726,WA003,101,3035A-9999A-9999E,25
4991,233235-1-1-101,2025-05-23,WA007,1022510262,300969081,310726,WA003,101,3035A-9999A-9999E,25
4992,233235-1-1-101,2025-05-23,WA007,1022510262,300969082,310726,WA003,101,3035A-9999A-9999E,25
4993,233235-1-1-101,2025-05-23,WA007,1022510262,300969153,310726,WA003,101,3035A-9999A-9999E,25
4994,233235-1-1-101,2025-05-23,WA007,1022510262,300969248,310726,WA003,101,3035A-9999A-9999E,25
4995,233235-1-1-101,2025-05-23,WA007,1022510262,300969250,310726,WA003,101,3035A-9999A-9999E,25
4996,233235-1-1-101,2025-05-23,WA007,1022510262,300969251,310726,WA003,101,3035A-9999A-9999E,25
4997,233235-1-1-101,2025-05-23,WA007,1022510262,300969252,310726,WA003,101,3035A-9999A-9999E,25
4998,233235-1-1-101,2025-05-23,WA007,1022510264,300969325,310726,WA003,101,3035A-9999A-9999E,25
4999,233235-1-1-101,2025-05-23,WA007,1022510264,300969326,310726,WA003,101,3035A-9999A-9999E,25
5000,233244-1-1-101,2025-05-23,WA007,1022511654,300988346,310726,WA003,101,3002A-3007DRYGUM-3007FO-3007S-3035A-9999A-9999E,11
5001,233244-1-1-101,2025-05-23,WA007,1022511654,300988347,310726,WA003,101,3002A-3007DRYGUM-3007FO-3007S-3035A-9999A-9999E,11
5002,233244-1-1-101,2025-05-23,WA007,1022511654,300988370,310726,WA003,101,3002A-3007DRYGUM-3007FO-3007S-3035A-9999A-9999E,11
5003,233244-1-1-101,2025-05-23,WA007,1022511654,300988371,310726,WA003,101,3002A-3007DRYGUM-3007FO-3007S-3035A-9999A-9999E,11
5004,233244-1-1-101,2025-05-23,WA007,1022511654,300988372,310726,WA003,101,3002A-3007DRYGUM-3007FO-3007S-3035A-9999A-9999E,11
5005,233244-1-1-101,2025-05-23,WA007,1022511654,300988373,310726,WA003,101,3002A-3007DRYGUM-3007FO-3007S-3035A-9999A-9999E,11
5006,233244-1-1-101,2025-05-23,WA007,1022511654,300988374,310726,WA003,101,3002A-3007DRYGUM-3007FO-3007S-3035A-9999A-9999E,11
5007,233244-1-1-101,2025-05-23,WA007,1022511654,300988375,310726,WA003,101,3002A-3007DRYGUM-3007FO-3007S-3035A-9999A-9999E,11
5008,233244-1-1-101,2025-05-23,WA007,1022511655,300988378,310726,WA003,101,3002A-3007DRYGUM-3007FO-3007S-3035A-9999A-9999E,11
5009,233244-1-1-101,2025-05-23,WA007,1022511655,300988379,310726,WA003,101,3002A-3007DRYGUM-3007FO-3007S-3035A-9999A-9999E,11
5010,233244-1-1-101,2025-05-23,WA007,1022511655,300988380,310726,WA003,101,3002A-3007DRYGUM-3007FO-3007S-3035A-9999A-9999E,11
5011,233244-1-1-101,2025-05-23,WA007,1022511655,300988410,310726,WA003,101,3002A-3007DRYGUM-3007FO-3007S-3035A-9999A-9999E,11
5012,233244-1-1-101,2025-05-23,WA007,1022511655,300988411,310726,WA003,101,3002A-3007DRYGUM-3007FO-3007S-3035A-9999A-9999E,11
5013,233244-1-1-101,2025-05-23,WA007,1022511655,300988412,310726,WA003,101,3002A-3007DRYGUM-3007FO-3007S-3035A-9999A-9999E,11
5014,233244-1-1-101,2025-05-23,WA007,1022511655,300988413,310726,WA003,101,3002A-3007DRYGUM-3007FO-3007S-3035A-9999A-9999E,11
5015,233244-1-1-101,2025-05-23,WA007,1022511655,300988414,310726,WA003,101,3002A-3007DRYGUM-3007FO-3007S-3035A-9999A-9999E,11
5016,233244-1-1-101,2025-05-23,WA007,1022511656,300988469,310726,WA003,101,3002A-3007DRYGUM-3007FO-3007S-3035A-9999A-9999E,11
5017,233244-1-1-101,2025-05-23,WA007,1022511656,300988470,310726,WA003,101,3002A-3007DRYGUM-3007FO-3007S-3035A-9999A-9999E,11
5018,233244-1-1-101,2025-05-23,WA007,1022511656,300988497,310726,WA003,101,3002A-3007DRYGUM-3007FO-3007S-3035A-9999A-9999E,11
5019,233244-1-1-101,2025-05-23,WA007,1022511656,300988498,310726,WA003,101,3002A-3007DRYGUM-3007FO-3007S-3035A-9999A-9999E,11
5020,233244-1-1-101,2025-05-23,WA007,1022511656,300988499,310726,WA003,101,3002A-3007DRYGUM-3007FO-3007S-3035A-9999A-9999E,11
5021,233244-1-1-101,2025-05-23,WA007,1022511656,300988516,310726,WA003,101,3002A-3007DRYGUM-3007FO-3007S-3035A-9999A-9999E,11
5022,233244-1-1-101,2025-05-23,WA007,1022511656,300988517,310726,WA003,101,3002A-3007DRYGUM-3007FO-3007S-3035A-9999A-9999E,11
5023,233244-1-1-101,2025-05-23,WA007,1022511656,300988518,310726,WA003,101,3002A-3007DRYGUM-3007FO-3007S-3035A-9999A-9999E,11
5024,233244-1-1-101,2025-05-23,WA007,1022511657,300988554,310726,WA003,101,3002A-3007DRYGUM-3007FO-3007S-3035A-9999A-9999E,11
5025,233244-1-1-101,2025-05-23,WA007,1022511657,300988555,310726,WA003,101,3002A-3007DRYGUM-3007FO-3007S-3035A-9999A-9999E,11
5026,233244-1-1-101,2025-05-23,WA007,1022511657,300988556,310726,WA003,101,3002A-3007DRYGUM-3007FO-3007S-3035A-9999A-9999E,11
5027,233244-1-1-101,2025-05-23,WA007,1022511657,300988557,310726,WA003,101,3002A-3007DRYGUM-3007FO-3007S-3035A-9999A-9999E,11
5028,233244-1-1-101,2025-05-23,WA007,1022511657,300988588,310726,WA003,101,3002A-3007DRYGUM-3007FO-3007S-3035A-9999A-9999E,11
5029,233244-1-1-101,2025-05-23,WA007,1022511657,300988589,310726,WA003,101,3002A-3007DRYGUM-3007FO-3007S-3035A-9999A-9999E,11
5030,233244-1-1-101,2025-05-23,WA007,1022511051,300979523,310726,WA003,101,3002A-3007S-3025S-3033A-3035A-9999A-9999E,17
5031,233244-1-1-101,2025-05-23,WA007,1022511051,300979524,310726,WA003,101,3002A-3007S-3025S-3033A-3035A-9999A-9999E,17
5032,233244-1-1-101,2025-05-23,WA007,1022511051,300979534,310726,WA003,101,3002A-3007S-3025S-3033A-3035A-9999A-9999E,17
5033,233244-1-1-101,2025-05-23,WA007,1022511051,300979535,310726,WA003,101,3002A-3007S-3025S-3033A-3035A-9999A-9999E,17
5034,233244-1-1-101,2025-05-23,WA007,1022511051,300979575,310726,WA003,101,3002A-3007S-3025S-3033A-3035A-9999A-9999E,17
5035,233244-1-1-101,2025-05-23,WA007,1022511051,300979576,310726,WA003,101,3002A-3007S-3025S-3033A-3035A-9999A-9999E,17
5036,233244-1-1-101,2025-05-23,WA007,1022511051,300979577,310726,WA003,101,3002A-3007S-3025S-3033A-3035A-9999A-9999E,17
5037,233244-1-1-101,2025-05-23,WA007,1022511051,300979578,310726,WA003,101,3002A-3007S-3025S-3033A-3035A-9999A-9999E,17
5038,233244-1-1-101,2025-05-23,WA007,1022511055,300979910,310726,WA003,101,3002A-3007S-3025S-3033A-3035A-9999A-9999E,17
5039,233244-1-1-101,2025-05-23,WA007,1022511055,300979911,310726,WA003,101,3002A-3007S-3025S-3033A-3035A-9999A-9999E,17
5040,233244-1-1-101,2025-05-23,WA007,1022511055,300979912,310726,WA003,101,3002A-3007S-3025S-3033A-3035A-9999A-9999E,17
5041,233244-1-1-101,2025-05-23,WA007,1022511055,300979951,310726,WA003,101,3002A-3007S-3025S-3033A-3035A-9999A-9999E,17
5042,233244-1-1-101,2025-05-23,WA007,1022511055,300979953,310726,WA003,101,3002A-3007S-3025S-3033A-3035A-9999A-9999E,17
5043,233244-1-1-101,2025-05-23,WA007,1022511055,300979954,310726,WA003,101,3002A-3007S-3025S-3033A-3035A-9999A-9999E,17
5044,233244-1-1-101,2025-05-23,WA007,1022511055,300979956,310726,WA003,101,3002A-3007S-3025S-3033A-3035A-9999A-9999E,17
5045,233244-1-1-101,2025-05-23,WA007,1022511055,300979957,310726,WA003,101,3002A-3007S-3025S-3033A-3035A-9999A-9999E,17
5046,233244-1-1-101,2025-05-23,WA007,1022511056,300979986,310726,WA003,101,3002A-3007S-3025S-3033A-3035A-9999A-9999E,17
5047,233244-1-1-101,2025-05-23,WA007,1022511056,300979987,310726,WA003,101,3002A-3007S-3025S-3033A-3035A-9999A-9999E,17
5048,233244-1-1-101,2025-05-23,WA007,1022511056,300979988,310726,WA003,101,3002A-3007S-3025S-3033A-3035A-9999A-9999E,17
5049,233244-1-1-101,2025-05-23,WA007,1022511056,300979989,310726,WA003,101,3002A-3007S-3025S-3033A-3035A-9999A-9999E,17
5050,233244-1-1-101,2025-05-23,WA007,1022508359,300943283,310726,WA003,101,3002A-3025S-3033A-9999A-9999E,44
5051,233244-1-1-101,2025-05-23,WA007,1022508359,300943284,310726,WA003,101,3002A-3025S-3033A-9999A-9999E,44
5052,233244-1-1-101,2025-05-23,WA007,1022508359,300943293,310726,WA003,101,3002A-3025S-3033A-9999A-9999E,44
5053,233244-1-1-101,2025-05-23,WA007,1022508359,300943301,310726,WA003,101,3002A-3025S-3033A-9999A-9999E,44
5054,233244-1-1-101,2025-05-23,WA007,1022508359,300943303,310726,WA003,101,3002A-3025S-3033A-9999A-9999E,44
5055,233244-1-1-101,2025-05-23,WA007,1022508359,300943307,310726,WA003,101,3002A-3025S-3033A-9999A-9999E,44
5056,233244-1-1-101,2025-05-23,WA007,1022508359,300943374,310726,WA003,101,3002A-3025S-3033A-9999A-9999E,44
5057,233244-1-1-101,2025-05-23,WA007,1022508359,300943375,310726,WA003,101,3002A-3025S-3033A-9999A-9999E,44
5058,233244-1-1-101,2025-05-23,WA007,1022508360,300943381,310726,WA003,101,3002A-3025S-3033A-9999A-9999E,44
5059,233244-1-1-101,2025-05-23,WA007,1022508360,300943387,310726,WA003,101,3002A-3025S-3033A-9999A-9999E,44
5060,233244-1-1-101,2025-05-23,WA007,1022508360,300943411,310726,WA003,101,3002A-3025S-3033A-9999A-9999E,44
5061,233244-1-1-101,2025-05-23,WA007,1022508360,300943412,310726,WA003,101,3002A-3025S-3033A-9999A-9999E,44
5062,233244-1-1-101,2025-05-23,WA007,1022508360,300943418,310726,WA003,101,3002A-3025S-3033A-9999A-9999E,44
5063,233244-1-1-101,2025-05-23,WA007,1022508360,300943422,310726,WA003,101,3002A-3025S-3033A-9999A-9999E,44
5064,233244-1-1-101,2025-05-23,WA007,1022508360,300943435,310726,WA003,101,3002A-3025S-3033A-9999A-9999E,44
5065,233244-1-1-101,2025-05-23,WA007,1022508360,300943436,310726,WA003,101,3002A-3025S-3033A-9999A-9999E,44
5066,233244-1-1-101,2025-05-23,WA007,1022508361,300943437,310726,WA003,101,3002A-3025S-3033A-9999A-9999E,44
5067,233244-1-1-101,2025-05-23,WA007,1022508361,300943438,310726,WA003,101,3002A-3025S-3033A-9999A-9999E,44
5068,233244-1-1-101,2025-05-23,WA007,1022508361,300943443,310726,WA003,101,3002A-3025S-3033A-9999A-9999E,44
5069,233244-1-1-101,2025-05-23,WA007,1022508361,300943450,310726,WA003,101,3002A-3025S-3033A-9999A-9999E,44
5070,233244-1-1-101,2025-05-23,WA007,1022510856,300977512,310726,WA003,101,3007S-3025S-3033A-3035A-9999A-9999E,19
5071,233244-1-1-101,2025-05-23,WA007,1022510856,300977513,310726,WA003,101,3007S-3025S-3033A-3035A-9999A-9999E,19
5072,233244-1-1-101,2025-05-23,WA007,1022510856,300977514,310726,WA003,101,3007S-3025S-3033A-3035A-9999A-9999E,19
5073,233244-1-1-101,2025-05-23,WA007,1022510856,300977515,310726,WA003,101,3007S-3025S-3033A-3035A-9999A-9999E,19
5074,233244-1-1-101,2025-05-23,WA007,1022510856,300977516,310726,WA003,101,3007S-3025S-3033A-3035A-9999A-9999E,19
5075,233244-1-1-101,2025-05-23,WA007,1022510856,300977517,310726,WA003,101,3007S-3025S-3033A-3035A-9999A-9999E,19
5076,233244-1-1-101,2025-05-23,WA007,1022510856,300977534,310726,WA003,101,3007S-3025S-3033A-3035A-9999A-9999E,19
5077,233244-1-1-101,2025-05-23,WA007,1022510856,300977535,310726,WA003,101,3007S-3025S-3033A-3035A-9999A-9999E,19
5078,233244-1-1-101,2025-05-23,WA007,1022510857,300977578,310726,WA003,101,3007S-3025S-3033A-3035A-9999A-9999E,19
5079,233244-1-1-101,2025-05-23,WA007,1022510857,300977579,310726,WA003,101,3007S-3025S-3033A-3035A-9999A-9999E,19
5080,233244-1-1-101,2025-05-23,WA007,1022510857,300977580,310726,WA003,101,3007S-3025S-3033A-3035A-9999A-9999E,19
5081,233244-1-1-101,2025-05-23,WA007,1022510857,300977581,310726,WA003,101,3007S-3025S-3033A-3035A-9999A-9999E,19
5082,233244-1-1-101,2025-05-23,WA007,1022510857,300977641,310726,WA003,101,3007S-3025S-3033A-3035A-9999A-9999E,19
5083,233244-1-1-101,2025-05-23,WA007,1022510857,300977642,310726,WA003,101,3007S-3025S-3033A-3035A-9999A-9999E,19
5084,233244-1-1-101,2025-05-23,WA007,1022510857,300977643,310726,WA003,101,3007S-3025S-3033A-3035A-9999A-9999E,19
5085,233244-1-1-101,2025-05-23,WA007,1022510857,300977644,310726,WA003,101,3007S-3025S-3033A-3035A-9999A-9999E,19
5086,233244-1-1-101,2025-05-23,WA007,1022510858,300977672,310726,WA003,101,3007S-3025S-3033A-3035A-9999A-9999E,19
5087,233244-1-1-101,2025-05-23,WA007,1022510858,300977673,310726,WA003,101,3007S-3025S-3033A-3035A-9999A-9999E,19
5088,233244-1-1-101,2025-05-23,WA007,1022510858,300977675,310726,WA003,101,3007S-3025S-3033A-3035A-9999A-9999E,19
5089,233244-1-1-101,2025-05-23,WA007,1022510858,300977676,310726,WA003,101,3007S-3025S-3033A-3035A-9999A-9999E,19
5090,233244-1-1-101,2025-05-23,WA007,1022509660,300961428,310726,WA003,101,3007S-3025S-3033A-3035A-9999A-9999E,31
5091,233244-1-1-101,2025-05-23,WA007,1022509660,300961429,310726,WA003,101,3007S-3025S-3033A-3035A-9999A-9999E,31
5092,233244-1-1-101,2025-05-23,WA007,1022509660,300961430,310726,WA003,101,3007S-3025S-3033A-3035A-9999A-9999E,31
5093,233244-1-1-101,2025-05-23,WA007,1022509660,300961431,310726,WA003,101,3007S-3025S-3033A-3035A-9999A-9999E,31
5094,233244-1-1-101,2025-05-23,WA007,1022509662,300961614,310726,WA003,101,3007S-3025S-3033A-3035A-9999A-9999E,31
5095,233244-1-1-101,2025-05-23,WA007,1022509662,300961615,310726,WA003,101,3007S-3025S-3033A-3035A-9999A-9999E,31
5096,233244-1-1-101,2025-05-23,WA007,1022509662,300961616,310726,WA003,101,3007S-3025S-3033A-3035A-9999A-9999E,31
5097,233244-1-1-101,2025-05-23,WA007,1022509662,300961617,310726,WA003,101,3007S-3025S-3033A-3035A-9999A-9999E,31
5098,233244-1-1-101,2025-05-23,WA007,1022509662,300961634,310726,WA003,101,3007S-3025S-3033A-3035A-9999A-9999E,31
5099,233244-1-1-101,2025-05-23,WA007,1022509662,300961635,310726,WA003,101,3007S-3025S-3033A-3035A-9999A-9999E,31
5100,233244-1-1-101,2025-05-23,WA007,1022509662,300961663,310726,WA003,101,3007S-3025S-3033A-3035A-9999A-9999E,31
5101,233244-1-1-101,2025-05-23,WA007,1022509662,300961664,310726,WA003,101,3007S-3025S-3033A-3035A-9999A-9999E,31
5102,233244-1-1-101,2025-05-23,WA007,1022509663,300961665,310726,WA003,101,3007S-3025S-3033A-3035A-9999A-9999E,31
5103,233244-1-1-101,2025-05-23,WA007,1022509663,300961666,310726,WA003,101,3007S-3025S-3033A-3035A-9999A-9999E,31
5104,233244-1-1-101,2025-05-23,WA007,1022509663,300961706,310726,WA003,101,3007S-3025S-3033A-3035A-9999A-9999E,31
5105,233244-1-1-101,2025-05-23,WA007,1022509663,300961707,310726,WA003,101,3007S-3025S-3033A-3035A-9999A-9999E,31
5106,233244-1-1-101,2025-05-23,WA007,1022509663,300961708,310726,WA003,101,3007S-3025S-3033A-3035A-9999A-9999E,31
5107,233244-1-1-101,2025-05-23,WA007,1022509663,300961709,310726,WA003,101,3007S-3025S-3033A-3035A-9999A-9999E,31
5108,233244-1-1-101,2025-05-23,WA007,1022509663,300961711,310726,WA003,101,3007S-3025S-3033A-3035A-9999A-9999E,31
5109,233244-1-1-101,2025-05-23,WA007,1022509663,300961712,310726,WA003,101,3007S-3025S-3033A-3035A-9999A-9999E,31
5110,233244-1-1-101,2025-05-23,WA007,1022509051,300951715,310726,WA003,101,3007S-3025S-3033A-3035A-9999A-9999E,37
5111,233244-1-1-101,2025-05-23,WA007,1022509051,300951719,310726,WA003,101,3007S-3025S-3033A-3035A-9999A-9999E,37
5112,233244-1-1-101,2025-05-23,WA007,1022509051,300951742,310726,WA003,101,3007S-3025S-3033A-3035A-9999A-9999E,37
5113,233244-1-1-101,2025-05-23,WA007,1022509051,300951743,310726,WA003,101,3007S-3025S-3033A-3035A-9999A-9999E,37
5114,233244-1-1-101,2025-05-23,WA007,1022509051,300951744,310726,WA003,101,3007S-3025S-3033A-3035A-9999A-9999E,37
5115,233244-1-1-101,2025-05-23,WA007,1022509051,300951746,310726,WA003,101,3007S-3025S-3033A-3035A-9999A-9999E,37
5116,233244-1-1-101,2025-05-23,WA007,1022509051,300951753,310726,WA003,101,3007S-3025S-3033A-3035A-9999A-9999E,37
5117,233244-1-1-101,2025-05-23,WA007,1022509051,300951754,310726,WA003,101,3007S-3025S-3033A-3035A-9999A-9999E,37
5118,233244-1-1-101,2025-05-23,WA007,1022509052,300951763,310726,WA003,101,3007S-3025S-3033A-3035A-9999A-9999E,37
5119,233244-1-1-101,2025-05-23,WA007,1022509052,300951780,310726,WA003,101,3007S-3025S-3033A-3035A-9999A-9999E,37
5120,233244-1-1-101,2025-05-23,WA007,1022509657,300961164,310726,WA003,101,3007S-3025S-3035A-9999A-9999E,31
5121,233244-1-1-101,2025-05-23,WA007,1022509657,300961168,310726,WA003,101,3007S-3025S-3035A-9999A-9999E,31
5122,233244-1-1-101,2025-05-23,WA007,1022509657,300961169,310726,WA003,101,3007S-3025S-3035A-9999A-9999E,31
5123,233244-1-1-101,2025-05-23,WA007,1022509657,300961170,310726,WA003,101,3007S-3025S-3035A-9999A-9999E,31
5124,233244-1-1-101,2025-05-23,WA007,1022509657,300961172,310726,WA003,101,3007S-3025S-3035A-9999A-9999E,31
5125,233244-1-1-101,2025-05-23,WA007,1022509657,300961173,310726,WA003,101,3007S-3025S-3035A-9999A-9999E,31
5126,233244-1-1-101,2025-05-23,WA007,1022509657,300961174,310726,WA003,101,3007S-3025S-3035A-9999A-9999E,31
5127,233244-1-1-101,2025-05-23,WA007,1022509657,300961175,310726,WA003,101,3007S-3025S-3035A-9999A-9999E,31
5128,233244-1-1-101,2025-05-23,WA007,1022509661,300961471,310726,WA003,101,3007S-3025S-3035A-9999A-9999E,31
5129,233244-1-1-101,2025-05-23,WA007,1022509661,300961472,310726,WA003,101,3007S-3025S-3035A-9999A-9999E,31
5130,233244-1-1-101,2025-05-23,WA007,1022510151,300966517,310726,WA003,101,3007S-3025S-9999A-9999E,26
5131,233244-1-1-101,2025-05-23,WA007,1022510151,300966520,310726,WA003,101,3007S-3025S-9999A-9999E,26
5132,233244-1-1-101,2025-05-23,WA007,1022510151,300966539,310726,WA003,101,3007S-3025S-9999A-9999E,26
5133,233244-1-1-101,2025-05-23,WA007,1022510151,300966552,310726,WA003,101,3007S-3025S-9999A-9999E,26
5134,233244-1-1-101,2025-05-23,WA007,1022510151,300966553,310726,WA003,101,3007S-3025S-9999A-9999E,26
5135,233244-1-1-101,2025-05-23,WA007,1022510151,300966568,310726,WA003,101,3007S-3025S-9999A-9999E,26
5136,233244-1-1-101,2025-05-23,WA007,1022510151,300966569,310726,WA003,101,3007S-3025S-9999A-9999E,26
5137,233244-1-1-101,2025-05-23,WA007,1022510151,300966570,310726,WA003,101,3007S-3025S-9999A-9999E,26
5138,233244-1-1-101,2025-05-23,WA007,1022510154,300966821,310726,WA003,101,3007S-3025S-9999A-9999E,26
5139,233244-1-1-101,2025-05-23,WA007,1022510154,300966823,310726,WA003,101,3007S-3025S-9999A-9999E,26
5140,233244-1-1-101,2025-05-23,WA007,1022510154,300966825,310726,WA003,101,3007S-3025S-9999A-9999E,26
5141,233244-1-1-101,2025-05-23,WA007,1022510154,300966827,310726,WA003,101,3007S-3025S-9999A-9999E,26
5142,233244-1-1-101,2025-05-23,WA007,1022510154,300966828,310726,WA003,101,3007S-3025S-9999A-9999E,26
5143,233244-1-1-101,2025-05-23,WA007,1022510154,300966829,310726,WA003,101,3007S-3025S-9999A-9999E,26
5144,233244-1-1-101,2025-05-23,WA007,1022510154,300966830,310726,WA003,101,3007S-3025S-9999A-9999E,26
5145,233244-1-1-101,2025-05-23,WA007,1022510154,300966831,310726,WA003,101,3007S-3025S-9999A-9999E,26
5146,233244-1-1-101,2025-05-23,WA007,1022510155,300966895,310726,WA003,101,3007S-3025S-9999A-9999E,26
5147,233244-1-1-101,2025-05-23,WA007,1022510155,300966897,310726,WA003,101,3007S-3025S-9999A-9999E,26
5148,233244-1-1-101,2025-05-23,WA007,1022510155,300966898,310726,WA003,101,3007S-3025S-9999A-9999E,26
5149,233244-1-1-101,2025-05-23,WA007,1022510155,300966899,310726,WA003,101,3007S-3025S-9999A-9999E,26
5150,233244-1-1-101,2025-05-23,WA007,1022510155,300966900,310726,WA003,101,3007S-3025S-9999A-9999E,26
5151,233244-1-1-101,2025-05-23,WA007,1022510155,300966959,310726,WA003,101,3007S-3025S-9999A-9999E,26
5152,233244-1-1-101,2025-05-23,WA007,1022510155,300966960,310726,WA003,101,3007S-3025S-9999A-9999E,26
5153,233244-1-1-101,2025-05-23,WA007,1022510155,300966961,310726,WA003,101,3007S-3025S-9999A-9999E,26
5154,233244-1-1-101,2025-05-23,WA007,1022510157,300967043,310726,WA003,101,3007S-3025S-9999A-9999E,26
5155,233244-1-1-101,2025-05-23,WA007,1022510157,300967044,310726,WA003,101,3007S-3025S-9999A-9999E,26
5156,233244-1-1-101,2025-05-23,WA007,1022510157,300967045,310726,WA003,101,3007S-3025S-9999A-9999E,26
5157,233244-1-1-101,2025-05-23,WA007,1022510157,300967046,310726,WA003,101,3007S-3025S-9999A-9999E,26
5158,233244-1-1-101,2025-05-23,WA007,1022510157,300967047,310726,WA003,101,3007S-3025S-9999A-9999E,26
5159,233244-1-1-101,2025-05-23,WA007,1022510157,300967049,310726,WA003,101,3007S-3025S-9999A-9999E,26
5160,233244-1-1-101,2025-05-23,WA007,1022510964,300979364,310726,WA003,101,3025S-3035A-9999A-9999E,18
5161,233244-1-1-101,2025-05-23,WA007,1022510964,300979365,310726,WA003,101,3025S-3035A-9999A-9999E,18
5162,233244-1-1-101,2025-05-23,WA007,1022510964,300979369,310726,WA003,101,3025S-3035A-9999A-9999E,18
5163,233244-1-1-101,2025-05-23,WA007,1022510964,300979370,310726,WA003,101,3025S-3035A-9999A-9999E,18
5164,233244-1-1-101,2025-05-23,WA007,1022510964,300979371,310726,WA003,101,3025S-3035A-9999A-9999E,18
5165,233244-1-1-101,2025-05-23,WA007,1022510964,300979372,310726,WA003,101,3025S-3035A-9999A-9999E,18
5166,233244-1-1-101,2025-05-23,WA007,1022510964,300979373,310726,WA003,101,3025S-3035A-9999A-9999E,18
5167,233244-1-1-101,2025-05-23,WA007,1022510964,300979374,310726,WA003,101,3025S-3035A-9999A-9999E,18
5168,233244-1-1-101,2025-05-23,WA007,1022510965,300979392,310726,WA003,101,3025S-3035A-9999A-9999E,18
5169,233244-1-1-101,2025-05-23,WA007,1022510965,300979393,310726,WA003,101,3025S-3035A-9999A-9999E,18
5170,233244-1-1-101,2025-05-23,WA007,1022510158,300967059,310726,WA003,101,3025S-9999A-9999E,26
5171,233244-1-1-101,2025-05-23,WA007,1022510158,300967060,310726,WA003,101,3025S-9999A-9999E,26
5172,233244-1-1-101,2025-05-23,WA007,1022510158,300967061,310726,WA003,101,3025S-9999A-9999E,26
5173,233244-1-1-101,2025-05-23,WA007,1022510158,300967062,310726,WA003,101,3025S-9999A-9999E,26
5174,233244-1-1-101,2025-05-23,WA007,1022510158,300967063,310726,WA003,101,3025S-9999A-9999E,26
5175,233244-1-1-101,2025-05-23,WA007,1022510158,300967163,310726,WA003,101,3025S-9999A-9999E,26
5176,233244-1-1-101,2025-05-23,WA007,1022510158,300967164,310726,WA003,101,3025S-9999A-9999E,26
5177,233244-1-1-101,2025-05-23,WA007,1022510158,300967165,310726,WA003,101,3025S-9999A-9999E,26
5178,233244-1-1-101,2025-05-23,WA007,1022510160,300967223,310726,WA003,101,3025S-9999A-9999E,26
5179,233244-1-1-101,2025-05-23,WA007,1022510160,300967224,310726,WA003,101,3025S-9999A-9999E,26
5180,233244-1-1-101,2025-05-23,WA007,1022510160,300967225,310726,WA003,101,3025S-9999A-9999E,26
5181,233244-1-1-101,2025-05-23,WA007,1022510160,300967226,310726,WA003,101,3025S-9999A-9999E,26
5182,233244-1-1-101,2025-05-23,WA007,1022510160,300967235,310726,WA003,101,3025S-9999A-9999E,26
5183,233244-1-1-101,2025-05-23,WA007,1022510160,300967236,310726,WA003,101,3025S-9999A-9999E,26
5184,233244-1-1-101,2025-05-23,WA007,1022510160,300967237,310726,WA003,101,3025S-9999A-9999E,26
5185,233244-1-1-101,2025-05-23,WA007,1022510160,300967243,310726,WA003,101,3025S-9999A-9999E,26
5186,233244-1-1-101,2025-05-23,WA007,1022510161,300967292,310726,WA003,101,3025S-9999A-9999E,26
5187,233244-1-1-101,2025-05-23,WA007,1022510161,300967295,310726,WA003,101,3025S-9999A-9999E,26
5188,233244-1-1-101,2025-05-23,WA007,1022510161,300967296,310726,WA003,101,3025S-9999A-9999E,26
5189,233244-1-1-101,2025-05-23,WA007,1022510161,300967300,310726,WA003,101,3025S-9999A-9999E,26
5190,233244-1-1-101,2025-05-23,WA007,1022510161,300967312,310726,WA003,101,3025S-9999A-9999E,26
5191,233244-1-1-101,2025-05-23,WA007,1022510161,300967313,310726,WA003,101,3025S-9999A-9999E,26
5192,233244-1-1-101,2025-05-23,WA007,1022510161,300967314,310726,WA003,101,3025S-9999A-9999E,26
5193,233244-1-1-101,2025-05-23,WA007,1022510161,300967315,310726,WA003,101,3025S-9999A-9999E,26
5194,233244-1-1-101,2025-05-23,WA007,1022510162,300967323,310726,WA003,101,3025S-9999A-9999E,26
5195,233244-1-1-101,2025-05-23,WA007,1022510162,300967378,310726,WA003,101,3025S-9999A-9999E,26
5196,233244-1-1-101,2025-05-23,WA007,1022510162,300967379,310726,WA003,101,3025S-9999A-9999E,26
5197,233244-1-1-101,2025-05-23,WA007,1022510162,300967381,310726,WA003,101,3025S-9999A-9999E,26
5198,233244-1-1-101,2025-05-23,WA007,1022510162,300967382,310726,WA003,101,3025S-9999A-9999E,26
5199,233244-1-1-101,2025-05-23,WA007,1022510162,300967384,310726,WA003,101,3025S-9999A-9999E,26
5200,233244-1-1-101,2025-05-23,WA007,1022510463,300972135,310726,WA003,101,3035A-9999A-9999E,23
5201,233244-1-1-101,2025-05-23,WA007,1022510463,300972136,310726,WA003,101,3035A-9999A-9999E,23
5202,233244-1-1-101,2025-05-23,WA007,1022510463,300972168,310726,WA003,101,3035A-9999A-9999E,23
5203,233244-1-1-101,2025-05-23,WA007,1022510463,300972169,310726,WA003,101,3035A-9999A-9999E,23
5204,233244-1-1-101,2025-05-23,WA007,1022510463,300972170,310726,WA003,101,3035A-9999A-9999E,23
5205,233244-1-1-101,2025-05-23,WA007,1022510463,300972171,310726,WA003,101,3035A-9999A-9999E,23
5206,233244-1-1-101,2025-05-23,WA007,1022510463,300972172,310726,WA003,101,3035A-9999A-9999E,23
5207,233244-1-1-101,2025-05-23,WA007,1022510463,300972175,310726,WA003,101,3035A-9999A-9999E,23
5208,233244-1-1-101,2025-05-23,WA007,1022510464,300972176,310726,WA003,101,3035A-9999A-9999E,23
5209,233244-1-1-101,2025-05-23,WA007,1022510464,300972177,310726,WA003,101,3035A-9999A-9999E,23
5210,233244-1-1-101,2025-05-23,WA007,1022510464,300972192,310726,WA003,101,3035A-9999A-9999E,23
5211,233244-1-1-101,2025-05-23,WA007,1022510464,300972193,310726,WA003,101,3035A-9999A-9999E,23
5212,233244-1-1-101,2025-05-23,WA007,1022510464,300972210,310726,WA003,101,3035A-9999A-9999E,23
5213,233244-1-1-101,2025-05-23,WA007,1022510464,300972211,310726,WA003,101,3035A-9999A-9999E,23
5214,233244-1-1-101,2025-05-23,WA007,1022510464,300972212,310726,WA003,101,3035A-9999A-9999E,23
5215,233244-1-1-101,2025-05-23,WA007,1022510464,300972218,310726,WA003,101,3035A-9999A-9999E,23
5216,233244-1-1-101,2025-05-23,WA007,1022510465,300972297,310726,WA003,101,3035A-9999A-9999E,23
5217,233244-1-1-101,2025-05-23,WA007,1022510465,300972298,310726,WA003,101,3035A-9999A-9999E,23
5218,233244-1-1-101,2025-05-23,WA007,1022510465,300972299,310726,WA003,101,3035A-9999A-9999E,23
5219,233244-1-1-101,2025-05-23,WA007,1022510465,300972300,310726,WA003,101,3035A-9999A-9999E,23
5220,233244-1-1-102,2025-05-23,WA007,1022511355,300984276,310726,WA003,101,3002A-3007S-3025S-3035A-9999A-9999E,14
5221,233244-1-1-102,2025-05-23,WA007,1022511355,300984278,310726,WA003,101,3002A-3007S-3025S-3035A-9999A-9999E,14
5222,233244-1-1-102,2025-05-23,WA007,1022511355,300984279,310726,WA003,101,3002A-3007S-3025S-3035A-9999A-9999E,14
5223,233244-1-1-102,2025-05-23,WA007,1022511355,300984280,310726,WA003,101,3002A-3007S-3025S-3035A-9999A-9999E,14
5224,233244-1-1-102,2025-05-23,WA007,1022511355,300984336,310726,WA003,101,3002A-3007S-3025S-3035A-9999A-9999E,14
5225,233244-1-1-102,2025-05-23,WA007,1022511355,300984337,310726,WA003,101,3002A-3007S-3025S-3035A-9999A-9999E,14
5226,233244-1-1-102,2025-05-23,WA007,1022511355,300984338,310726,WA003,101,3002A-3007S-3025S-3035A-9999A-9999E,14
5227,233244-1-1-102,2025-05-23,WA007,1022511355,300984339,310726,WA003,101,3002A-3007S-3025S-3035A-9999A-9999E,14
5228,233244-1-1-102,2025-05-23,WA007,1022511356,300984409,310726,WA003,101,3002A-3007S-3025S-3035A-9999A-9999E,14
5229,233244-1-1-102,2025-05-23,WA007,1022511356,300984411,310726,WA003,101,3002A-3007S-3025S-3035A-9999A-9999E,14
5230,233244-1-1-102,2025-05-23,WA007,1022511356,300984412,310726,WA003,101,3002A-3007S-3025S-3035A-9999A-9999E,14
5231,233244-1-1-102,2025-05-23,WA007,1022511356,300984414,310726,WA003,101,3002A-3007S-3025S-3035A-9999A-9999E,14
5232,233244-1-1-102,2025-05-23,WA007,1022511356,300984415,310726,WA003,101,3002A-3007S-3025S-3035A-9999A-9999E,14
5233,233244-1-1-102,2025-05-23,WA007,1022511356,300984470,310726,WA003,101,3002A-3007S-3025S-3035A-9999A-9999E,14
5234,233244-1-1-102,2025-05-23,WA007,1022511356,300984471,310726,WA003,101,3002A-3007S-3025S-3035A-9999A-9999E,14
5235,233244-1-1-102,2025-05-23,WA007,1022511356,300984472,310726,WA003,101,3002A-3007S-3025S-3035A-9999A-9999E,14
5236,233244-1-1-102,2025-05-23,WA007,1022511357,300984511,310726,WA003,101,3002A-3007S-3025S-3035A-9999A-9999E,14
5237,233244-1-1-102,2025-05-23,WA007,1022511357,300984512,310726,WA003,101,3002A-3007S-3025S-3035A-9999A-9999E,14
5238,233244-1-1-102,2025-05-23,WA007,1022511357,300984513,310726,WA003,101,3002A-3007S-3025S-3035A-9999A-9999E,14
5239,233244-1-1-102,2025-05-23,WA007,1022511357,300984514,310726,WA003,101,3002A-3007S-3025S-3035A-9999A-9999E,14
5240,233244-1-1-102,2025-05-23,WA007,1022509955,300965456,310726,WA003,101,3002A-3025S-3033A-9999A-9999E,28
5241,233244-1-1-102,2025-05-23,WA007,1022509955,300965457,310726,WA003,101,3002A-3025S-3033A-9999A-9999E,28
5242,233244-1-1-102,2025-05-23,WA007,1022509955,300965458,310726,WA003,101,3002A-3025S-3033A-9999A-9999E,28
5243,233244-1-1-102,2025-05-23,WA007,1022509955,300965523,310726,WA003,101,3002A-3025S-3033A-9999A-9999E,28
5244,233244-1-1-102,2025-05-23,WA007,1022509955,300965524,310726,WA003,101,3002A-3025S-3033A-9999A-9999E,28
5245,233244-1-1-102,2025-05-23,WA007,1022509955,300965525,310726,WA003,101,3002A-3025S-3033A-9999A-9999E,28
5246,233244-1-1-102,2025-05-23,WA007,1022509955,300965526,310726,WA003,101,3002A-3025S-3033A-9999A-9999E,28
5247,233244-1-1-102,2025-05-23,WA007,1022509955,300965528,310726,WA003,101,3002A-3025S-3033A-9999A-9999E,28
5248,233244-1-1-102,2025-05-23,WA007,1022509956,300965613,310726,WA003,101,3002A-3025S-3033A-9999A-9999E,28
5249,233244-1-1-102,2025-05-23,WA007,1022509956,300965614,310726,WA003,101,3002A-3025S-3033A-9999A-9999E,28
5250,233244-1-1-102,2025-05-23,WA007,1022509956,300965615,310726,WA003,101,3002A-3025S-3033A-9999A-9999E,28
5251,233244-1-1-102,2025-05-23,WA007,1022509956,300965616,310726,WA003,101,3002A-3025S-3033A-9999A-9999E,28
5252,233244-1-1-102,2025-05-23,WA007,1022509956,300965654,310726,WA003,101,3002A-3025S-3033A-9999A-9999E,28
5253,233244-1-1-102,2025-05-23,WA007,1022509956,300965655,310726,WA003,101,3002A-3025S-3033A-9999A-9999E,28
5254,233244-1-1-102,2025-05-23,WA007,1022509956,300965656,310726,WA003,101,3002A-3025S-3033A-9999A-9999E,28
5255,233244-1-1-102,2025-05-23,WA007,1022509956,300965657,310726,WA003,101,3002A-3025S-3033A-9999A-9999E,28
5256,233244-1-1-102,2025-05-23,WA007,1022509957,300965663,310726,WA003,101,3002A-3025S-3033A-9999A-9999E,28
5257,233244-1-1-102,2025-05-23,WA007,1022509957,300965664,310726,WA003,101,3002A-3025S-3033A-9999A-9999E,28
5258,233244-1-1-102,2025-05-23,WA007,1022509957,300965665,310726,WA003,101,3002A-3025S-3033A-9999A-9999E,28
5259,233244-1-1-102,2025-05-23,WA007,1022509957,300965748,310726,WA003,101,3002A-3025S-3033A-9999A-9999E,28
5260,233244-1-1-102,2025-05-23,WA007,1022510152,300966579,310726,WA003,101,3007DRYGUM-3007FO-3007S-3025S-9999A-9999E,26
5261,233244-1-1-102,2025-05-23,WA007,1022510152,300966697,310726,WA003,101,3007DRYGUM-3007FO-3007S-3025S-9999A-9999E,26
5262,233244-1-1-102,2025-05-23,WA007,1022510152,300966698,310726,WA003,101,3007DRYGUM-3007FO-3007S-3025S-9999A-9999E,26
5263,233244-1-1-102,2025-05-23,WA007,1022510152,300966699,310726,WA003,101,3007DRYGUM-3007FO-3007S-3025S-9999A-9999E,26
5264,233244-1-1-102,2025-05-23,WA007,1022510152,300966701,310726,WA003,101,3007DRYGUM-3007FO-3007S-3025S-9999A-9999E,26
5265,233244-1-1-102,2025-05-23,WA007,1022510152,300966702,310726,WA003,101,3007DRYGUM-3007FO-3007S-3025S-9999A-9999E,26
5266,233244-1-1-102,2025-05-23,WA007,1022510152,300966703,310726,WA003,101,3007DRYGUM-3007FO-3007S-3025S-9999A-9999E,26
5267,233244-1-1-102,2025-05-23,WA007,1022510152,300966742,310726,WA003,101,3007DRYGUM-3007FO-3007S-3025S-9999A-9999E,26
5268,233244-1-1-102,2025-05-23,WA007,1022510153,300966745,310726,WA003,101,3007DRYGUM-3007FO-3007S-3025S-9999A-9999E,26
5269,233244-1-1-102,2025-05-23,WA007,1022510153,300966746,310726,WA003,101,3007DRYGUM-3007FO-3007S-3025S-9999A-9999E,26
5270,233244-1-1-102,2025-05-23,WA007,1022510153,300966747,310726,WA003,101,3007DRYGUM-3007FO-3007S-3025S-9999A-9999E,26
5271,233244-1-1-102,2025-05-23,WA007,1022510153,300966748,310726,WA003,101,3007DRYGUM-3007FO-3007S-3025S-9999A-9999E,26
5272,233244-1-1-102,2025-05-23,WA007,1022510153,300966749,310726,WA003,101,3007DRYGUM-3007FO-3007S-3025S-9999A-9999E,26
5273,233244-1-1-102,2025-05-23,WA007,1022510153,300966751,310726,WA003,101,3007DRYGUM-3007FO-3007S-3025S-9999A-9999E,26
5274,233244-1-1-102,2025-05-23,WA007,1022510153,300966752,310726,WA003,101,3007DRYGUM-3007FO-3007S-3025S-9999A-9999E,26
5275,233244-1-1-102,2025-05-23,WA007,1022510153,300966753,310726,WA003,101,3007DRYGUM-3007FO-3007S-3025S-9999A-9999E,26
5276,233244-1-1-102,2025-05-23,WA007,1022510159,300967166,310726,WA003,101,3007DRYGUM-3007FO-3007S-3025S-9999A-9999E,26
5277,233244-1-1-102,2025-05-23,WA007,1022510159,300967167,310726,WA003,101,3007DRYGUM-3007FO-3007S-3025S-9999A-9999E,26
5278,233244-1-1-102,2025-05-23,WA007,1022510159,300967168,310726,WA003,101,3007DRYGUM-3007FO-3007S-3025S-9999A-9999E,26
5279,233244-1-1-102,2025-05-23,WA007,1022510159,300967169,310726,WA003,101,3007DRYGUM-3007FO-3007S-3025S-9999A-9999E,26
5280,233244-1-1-102,2025-05-23,WA007,1022509751,300962069,310726,WA003,101,3007S-3025S-3033A-3035A-9999A-9999E,30
5281,233244-1-1-102,2025-05-23,WA007,1022509751,300962070,310726,WA003,101,3007S-3025S-3033A-3035A-9999A-9999E,30
5282,233244-1-1-102,2025-05-23,WA007,1022509751,300962071,310726,WA003,101,3007S-3025S-3033A-3035A-9999A-9999E,30
5283,233244-1-1-102,2025-05-23,WA007,1022509751,300962072,310726,WA003,101,3007S-3025S-3033A-3035A-9999A-9999E,30
5284,233244-1-1-102,2025-05-23,WA007,1022509751,300962100,310726,WA003,101,3007S-3025S-3033A-3035A-9999A-9999E,30
5285,233244-1-1-102,2025-05-23,WA007,1022509751,300962101,310726,WA003,101,3007S-3025S-3033A-3035A-9999A-9999E,30
5286,233244-1-1-102,2025-05-23,WA007,1022509751,300962102,310726,WA003,101,3007S-3025S-3033A-3035A-9999A-9999E,30
5287,233244-1-1-102,2025-05-23,WA007,1022509751,300962103,310726,WA003,101,3007S-3025S-3033A-3035A-9999A-9999E,30
5288,233244-1-1-102,2025-05-23,WA007,1022509755,300962421,310726,WA003,101,3007S-3025S-3033A-3035A-9999A-9999E,30
5289,233244-1-1-102,2025-05-23,WA007,1022509755,300962422,310726,WA003,101,3007S-3025S-3033A-3035A-9999A-9999E,30
5290,233244-1-1-102,2025-05-23,WA007,1022509755,300962423,310726,WA003,101,3007S-3025S-3033A-3035A-9999A-9999E,30
5291,233244-1-1-102,2025-05-23,WA007,1022509755,300962424,310726,WA003,101,3007S-3025S-3033A-3035A-9999A-9999E,30
5292,233244-1-1-102,2025-05-23,WA007,1022509755,300962532,310726,WA003,101,3007S-3025S-3033A-3035A-9999A-9999E,30
5293,233244-1-1-102,2025-05-23,WA007,1022509755,300962533,310726,WA003,101,3007S-3025S-3033A-3035A-9999A-9999E,30
5294,233244-1-1-102,2025-05-23,WA007,1022509755,300962534,310726,WA003,101,3007S-3025S-3033A-3035A-9999A-9999E,30
5295,233244-1-1-102,2025-05-23,WA007,1022509755,300962535,310726,WA003,101,3007S-3025S-3033A-3035A-9999A-9999E,30
5296,233244-1-1-102,2025-05-23,WA007,1022509756,300962540,310726,WA003,101,3007S-3025S-3033A-3035A-9999A-9999E,30
5297,233244-1-1-102,2025-05-23,WA007,1022509756,300962541,310726,WA003,101,3007S-3025S-3033A-3035A-9999A-9999E,30
5298,233244-1-1-102,2025-05-23,WA007,1022509756,300962542,310726,WA003,101,3007S-3025S-3033A-3035A-9999A-9999E,30
5299,233244-1-1-102,2025-05-23,WA007,1022509756,300962543,310726,WA003,101,3007S-3025S-3033A-3035A-9999A-9999E,30
5300,233244-1-1-102,2025-05-23,WA007,1022509454,300957618,310726,WA003,101,3007S-3025S-9999A-9999E,33
5301,233244-1-1-102,2025-05-23,WA007,1022509454,300957694,310726,WA003,101,3007S-3025S-9999A-9999E,33
5302,233244-1-1-102,2025-05-23,WA007,1022509454,300957695,310726,WA003,101,3007S-3025S-9999A-9999E,33
5303,233244-1-1-102,2025-05-23,WA007,1022509455,300957696,310726,WA003,101,3007S-3025S-9999A-9999E,33
5304,233244-1-1-102,2025-05-23,WA007,1022509455,300957697,310726,WA003,101,3007S-3025S-9999A-9999E,33
5305,233244-1-1-102,2025-05-23,WA007,1022509455,300957698,310726,WA003,101,3007S-3025S-9999A-9999E,33
5306,233244-1-1-102,2025-05-23,WA007,1022509455,300957699,310726,WA003,101,3007S-3025S-9999A-9999E,33
5307,233244-1-1-102,2025-05-23,WA007,1022509455,300957700,310726,WA003,101,3007S-3025S-9999A-9999E,33
5308,233244-1-1-102,2025-05-23,WA007,1022509455,300957701,310726,WA003,101,3007S-3025S-9999A-9999E,33
5309,233244-1-1-102,2025-05-23,WA007,1022509455,300957702,310726,WA003,101,3007S-3025S-9999A-9999E,33
5310,233244-1-1-102,2025-05-23,WA007,1022509455,300957703,310726,WA003,101,3007S-3025S-9999A-9999E,33
5311,233244-1-1-102,2025-05-23,WA007,1022509456,300957792,310726,WA003,101,3007S-3025S-9999A-9999E,33
5312,233244-1-1-102,2025-05-23,WA007,1022509456,300957794,310726,WA003,101,3007S-3025S-9999A-9999E,33
5313,233244-1-1-102,2025-05-23,WA007,1022509456,300957795,310726,WA003,101,3007S-3025S-9999A-9999E,33
5314,233244-1-1-102,2025-05-23,WA007,1022509456,300957796,310726,WA003,101,3007S-3025S-9999A-9999E,33
5315,233244-1-1-102,2025-05-23,WA007,1022509456,300957797,310726,WA003,101,3007S-3025S-9999A-9999E,33
5316,233244-1-1-102,2025-05-23,WA007,1022509456,300957798,310726,WA003,101,3007S-3025S-9999A-9999E,33
5317,233244-1-1-102,2025-05-23,WA007,1022509456,300957799,310726,WA003,101,3007S-3025S-9999A-9999E,33
5318,233244-1-1-102,2025-05-23,WA007,1022509456,300957800,310726,WA003,101,3007S-3025S-9999A-9999E,33
5319,233244-1-1-102,2025-05-23,WA007,1022509457,300957817,310726,WA003,101,3007S-3025S-9999A-9999E,33
5320,233244-1-1-102,2025-05-23,WA007,1022510358,300970371,310726,WA003,101,3025S-3033A-3035A-9999A-9999E,24
5321,233244-1-1-102,2025-05-23,WA007,1022510358,300970373,310726,WA003,101,3025S-3033A-3035A-9999A-9999E,24
5322,233244-1-1-102,2025-05-23,WA007,1022510358,300970374,310726,WA003,101,3025S-3033A-3035A-9999A-9999E,24
5323,233244-1-1-102,2025-05-23,WA007,1022510358,300970398,310726,WA003,101,3025S-3033A-3035A-9999A-9999E,24
5324,233244-1-1-102,2025-05-23,WA007,1022510358,300970399,310726,WA003,101,3025S-3033A-3035A-9999A-9999E,24
5325,233244-1-1-102,2025-05-23,WA007,1022510358,300970400,310726,WA003,101,3025S-3033A-3035A-9999A-9999E,24
5326,233244-1-1-102,2025-05-23,WA007,1022510358,300970497,310726,WA003,101,3025S-3033A-3035A-9999A-9999E,24
5327,233244-1-1-102,2025-05-23,WA007,1022510358,300970498,310726,WA003,101,3025S-3033A-3035A-9999A-9999E,24
5328,233244-1-1-102,2025-05-23,WA007,1022510359,300970499,310726,WA003,101,3025S-3033A-3035A-9999A-9999E,24
5329,233244-1-1-102,2025-05-23,WA007,1022510359,300970500,310726,WA003,101,3025S-3033A-3035A-9999A-9999E,24
5330,233244-1-1-102,2025-05-23,WA007,1022509563,300959890,310726,WA003,101,3025S-3033A-3035A-9999A-9999E,32
5331,233244-1-1-102,2025-05-23,WA007,1022509563,300959891,310726,WA003,101,3025S-3033A-3035A-9999A-9999E,32
5332,233244-1-1-102,2025-05-23,WA007,1022509563,300959892,310726,WA003,101,3025S-3033A-3035A-9999A-9999E,32
5333,233244-1-1-102,2025-05-23,WA007,1022509563,300959950,310726,WA003,101,3025S-3033A-3035A-9999A-9999E,32
5334,233244-1-1-102,2025-05-23,WA007,1022509563,300959951,310726,WA003,101,3025S-3033A-3035A-9999A-9999E,32
5335,233244-1-1-102,2025-05-23,WA007,1022509563,300959952,310726,WA003,101,3025S-3033A-3035A-9999A-9999E,32
5336,233244-1-1-102,2025-05-23,WA007,1022509563,300959953,310726,WA003,101,3025S-3033A-3035A-9999A-9999E,32
5337,233244-1-1-102,2025-05-23,WA007,1022509563,300959967,310726,WA003,101,3025S-3033A-3035A-9999A-9999E,32
5338,233244-1-1-102,2025-05-23,WA007,1022509564,300959968,310726,WA003,101,3025S-3033A-3035A-9999A-9999E,32
5339,233244-1-1-102,2025-05-23,WA007,1022509564,300959969,310726,WA003,101,3025S-3033A-3035A-9999A-9999E,32
5340,233244-1-1-102,2025-05-23,WA007,1022509564,300959970,310726,WA003,101,3025S-3033A-3035A-9999A-9999E,32
5341,233244-1-1-102,2025-05-23,WA007,1022509564,300960031,310726,WA003,101,3025S-3033A-3035A-9999A-9999E,32
5342,233244-1-1-102,2025-05-23,WA007,1022509564,300960032,310726,WA003,101,3025S-3033A-3035A-9999A-9999E,32
5343,233244-1-1-102,2025-05-23,WA007,1022509564,300960033,310726,WA003,101,3025S-3033A-3035A-9999A-9999E,32
5344,233244-1-1-102,2025-05-23,WA007,1022509564,300960034,310726,WA003,101,3025S-3033A-3035A-9999A-9999E,32
5345,233244-1-1-102,2025-05-23,WA007,1022509564,300960035,310726,WA003,101,3025S-3033A-3035A-9999A-9999E,32
5346,233244-1-1-102,2025-05-23,WA007,1022509566,300960124,310726,WA003,101,3025S-3033A-3035A-9999A-9999E,32
5347,233244-1-1-102,2025-05-23,WA007,1022509566,300960125,310726,WA003,101,3025S-3033A-3035A-9999A-9999E,32
5348,233244-1-1-102,2025-05-23,WA007,1022509566,300960126,310726,WA003,101,3025S-3033A-3035A-9999A-9999E,32
5349,233244-1-1-102,2025-05-23,WA007,1022509566,300960140,310726,WA003,101,3025S-3033A-3035A-9999A-9999E,32
5350,233244-1-1-102,2025-05-23,WA007,1022508952,300949994,310726,WA003,101,3025S-3033A-9999A-9999E,38
5351,233244-1-1-102,2025-05-23,WA007,1022508952,300949995,310726,WA003,101,3025S-3033A-9999A-9999E,38
5352,233244-1-1-102,2025-05-23,WA007,1022508952,300949996,310726,WA003,101,3025S-3033A-9999A-9999E,38
5353,233244-1-1-102,2025-05-23,WA007,1022508952,300949997,310726,WA003,101,3025S-3033A-9999A-9999E,38
5354,233244-1-1-102,2025-05-23,WA007,1022508952,300949998,310726,WA003,101,3025S-3033A-9999A-9999E,38
5355,233244-1-1-102,2025-05-23,WA007,1022508952,300949999,310726,WA003,101,3025S-3033A-9999A-9999E,38
5356,233244-1-1-102,2025-05-23,WA007,1022508952,300950001,310726,WA003,101,3025S-3033A-9999A-9999E,38
5357,233244-1-1-102,2025-05-23,WA007,1022508959,300950682,310726,WA003,101,3025S-3033A-9999A-9999E,38
5358,233244-1-1-102,2025-05-23,WA007,1022508959,300950683,310726,WA003,101,3025S-3033A-9999A-9999E,38
5359,233244-1-1-102,2025-05-23,WA007,1022508959,300950684,310726,WA003,101,3025S-3033A-9999A-9999E,38
5360,233244-1-1-102,2025-05-23,WA007,1022509062,300952536,310726,WA003,101,3025S-3035A-9999A-9999E,37
5361,233244-1-1-102,2025-05-23,WA007,1022509062,300952601,310726,WA003,101,3025S-3035A-9999A-9999E,37
5362,233244-1-1-102,2025-05-23,WA007,1022509062,300952607,310726,WA003,101,3025S-3035A-9999A-9999E,37
5363,233244-1-1-102,2025-05-23,WA007,1022509062,300952608,310726,WA003,101,3025S-3035A-9999A-9999E,37
5364,233244-1-1-102,2025-05-23,WA007,1022509062,300952615,310726,WA003,101,3025S-3035A-9999A-9999E,37
5365,233244-1-1-102,2025-05-23,WA007,1022509062,300952616,310726,WA003,101,3025S-3035A-9999A-9999E,37
5366,233244-1-1-102,2025-05-23,WA007,1022509062,300952622,310726,WA003,101,3025S-3035A-9999A-9999E,37
5367,233244-1-1-102,2025-05-23,WA007,1022509062,300952664,310726,WA003,101,3025S-3035A-9999A-9999E,37
5368,233244-1-1-102,2025-05-23,WA007,1022509063,300952665,310726,WA003,101,3025S-3035A-9999A-9999E,37
5369,233244-1-1-102,2025-05-23,WA007,1022509063,300952666,310726,WA003,101,3025S-3035A-9999A-9999E,37
5370,233244-1-1-102,2025-05-23,WA007,1022508659,300947280,310726,WA003,101,3025S-3035A-9999A-9999E,41
5371,233244-1-1-102,2025-05-23,WA007,1022508659,300947281,310726,WA003,101,3025S-3035A-9999A-9999E,41
5372,233244-1-1-102,2025-05-23,WA007,1022508659,300947282,310726,WA003,101,3025S-3035A-9999A-9999E,41
5373,233244-1-1-102,2025-05-23,WA007,1022508659,300947288,310726,WA003,101,3025S-3035A-9999A-9999E,41
5374,233244-1-1-102,2025-05-23,WA007,1022508659,300947298,310726,WA003,101,3025S-3035A-9999A-9999E,41
5375,233244-1-1-102,2025-05-23,WA007,1022508659,300947299,310726,WA003,101,3025S-3035A-9999A-9999E,41
5376,233244-1-1-102,2025-05-23,WA007,1022508659,300947326,310726,WA003,101,3025S-3035A-9999A-9999E,41
5377,233244-1-1-102,2025-05-23,WA007,1022508659,300947327,310726,WA003,101,3025S-3035A-9999A-9999E,41
5378,233244-1-1-102,2025-05-23,WA007,1022508660,300947331,310726,WA003,101,3025S-3035A-9999A-9999E,41
5379,233244-1-1-102,2025-05-23,WA007,1022508660,300947332,310726,WA003,101,3025S-3035A-9999A-9999E,41
5380,233244-1-1-102,2025-05-23,WA007,1022508660,300947347,310726,WA003,101,3025S-3035A-9999A-9999E,41
5381,233244-1-1-102,2025-05-23,WA007,1022508660,300947348,310726,WA003,101,3025S-3035A-9999A-9999E,41
5382,233244-1-1-102,2025-05-23,WA007,1022508660,300947360,310726,WA003,101,3025S-3035A-9999A-9999E,41
5383,233244-1-1-102,2025-05-23,WA007,1022508660,300947376,310726,WA003,101,3025S-3035A-9999A-9999E,41
5384,233244-1-1-102,2025-05-23,WA007,1022508660,300947384,310726,WA003,101,3025S-3035A-9999A-9999E,41
5385,233244-1-1-102,2025-05-23,WA007,1022508660,300947385,310726,WA003,101,3025S-3035A-9999A-9999E,41
5386,233244-1-1-102,2025-05-23,WA007,1022508661,300947470,310726,WA003,101,3025S-3035A-9999A-9999E,41
5387,233244-1-1-102,2025-05-23,WA007,1022508661,300947471,310726,WA003,101,3025S-3035A-9999A-9999E,41
5388,233244-1-1-102,2025-05-23,WA007,1022508662,300947490,310726,WA003,101,3025S-3035A-9999A-9999E,41
5389,233244-1-1-102,2025-05-23,WA007,1022508662,300947491,310726,WA003,101,3025S-3035A-9999A-9999E,41
5390,233244-1-1-102,2025-05-23,WA007,1022508662,300947492,310726,WA003,101,3025S-3035A-9999A-9999E,41
5391,233244-1-1-102,2025-05-23,WA007,1022508662,300947493,310726,WA003,101,3025S-3035A-9999A-9999E,41
5392,233244-1-1-102,2025-05-23,WA007,1022508662,300947515,310726,WA003,101,3025S-3035A-9999A-9999E,41
5393,233244-1-1-102,2025-05-23,WA007,1022508662,300947516,310726,WA003,101,3025S-3035A-9999A-9999E,41
5394,233244-1-1-102,2025-05-23,WA007,1022508662,300947517,310726,WA003,101,3025S-3035A-9999A-9999E,41
5395,233244-1-1-102,2025-05-23,WA007,1022508662,300947525,310726,WA003,101,3025S-3035A-9999A-9999E,41
5396,233244-1-1-102,2025-05-23,WA007,1022508666,300947783,310726,WA003,101,3025S-3035A-9999A-9999E,41
5397,233244-1-1-102,2025-05-23,WA007,1022508666,300947784,310726,WA003,101,3025S-3035A-9999A-9999E,41
5398,233244-1-1-102,2025-05-23,WA007,1022508666,300947785,310726,WA003,101,3025S-3035A-9999A-9999E,41
5399,233244-1-1-102,2025-05-23,WA007,1022508666,300947786,310726,WA003,101,3025S-3035A-9999A-9999E,41
5400,233244-1-1-102,2025-05-23,WA007,1022509260,300955227,310726,WA003,101,3025S-9999A-9999E,35
5401,233244-1-1-102,2025-05-23,WA007,1022509260,300955228,310726,WA003,101,3025S-9999A-9999E,35
5402,233244-1-1-102,2025-05-23,WA007,1022509260,300955241,310726,WA003,101,3025S-9999A-9999E,35
5403,233244-1-1-102,2025-05-23,WA007,1022509260,300955242,310726,WA003,101,3025S-9999A-9999E,35
5404,233244-1-1-102,2025-05-23,WA007,1022509260,300955297,310726,WA003,101,3025S-9999A-9999E,35
5405,233244-1-1-102,2025-05-23,WA007,1022509260,300955298,310726,WA003,101,3025S-9999A-9999E,35
5406,233244-1-1-102,2025-05-23,WA007,1022509260,300955299,310726,WA003,101,3025S-9999A-9999E,35
5407,233244-1-1-102,2025-05-23,WA007,1022509260,300955300,310726,WA003,101,3025S-9999A-9999E,35
5408,233244-1-1-102,2025-05-23,WA007,1022509261,300955322,310726,WA003,101,3025S-9999A-9999E,35
5409,233244-1-1-102,2025-05-23,WA007,1022509261,300955323,310726,WA003,101,3025S-9999A-9999E,35
5410,233244-1-1-102,2025-05-23,WA007,1022508663,300947618,310726,WA003,101,3035A-9999A-9999E,41
5411,233244-1-1-102,2025-05-23,WA007,1022508663,300947619,310726,WA003,101,3035A-9999A-9999E,41
5412,233244-1-1-102,2025-05-23,WA007,1022508663,300947620,310726,WA003,101,3035A-9999A-9999E,41
5413,233244-1-1-102,2025-05-23,WA007,1022508663,300947621,310726,WA003,101,3035A-9999A-9999E,41
5414,233244-1-1-102,2025-05-23,WA007,1022508663,300947637,310726,WA003,101,3035A-9999A-9999E,41
5415,233244-1-1-102,2025-05-23,WA007,1022508663,300947638,310726,WA003,101,3035A-9999A-9999E,41
5416,233244-1-1-102,2025-05-23,WA007,1022508663,300947639,310726,WA003,101,3035A-9999A-9999E,41
5417,233244-1-1-102,2025-05-23,WA007,1022508663,300947640,310726,WA003,101,3035A-9999A-9999E,41
5418,233244-1-1-102,2025-05-23,WA007,1022508664,300947658,310726,WA003,101,3035A-9999A-9999E,41
5419,233244-1-1-102,2025-05-23,WA007,1022508664,300947712,310726,WA003,101,3035A-9999A-9999E,41
5420,233244-1-1-102,2025-05-23,WA007,1022508664,300947713,310726,WA003,101,3035A-9999A-9999E,41
5421,233244-1-1-102,2025-05-23,WA007,1022508664,300947714,310726,WA003,101,3035A-9999A-9999E,41
5422,233244-1-1-102,2025-05-23,WA007,1022508664,300947730,310726,WA003,101,3035A-9999A-9999E,41
5423,233244-1-1-102,2025-05-23,WA007,1022508664,300947731,310726,WA003,101,3035A-9999A-9999E,41
5424,233244-1-1-102,2025-05-23,WA007,1022508664,300947766,310726,WA003,101,3035A-9999A-9999E,41
5425,233244-1-1-102,2025-05-23,WA007,1022508664,300947767,310726,WA003,101,3035A-9999A-9999E,41
5426,233244-1-1-102,2025-05-23,WA007,1022508665,300947768,310726,WA003,101,3035A-9999A-9999E,41
5427,233244-1-1-102,2025-05-23,WA007,1022508665,300947769,310726,WA003,101,3035A-9999A-9999E,41
5428,233244-1-1-102,2025-05-23,WA007,1022508665,300947770,310726,WA003,101,3035A-9999A-9999E,41
5429,233244-1-1-102,2025-05-23,WA007,1022508665,300947772,310726,WA003,101,3035A-9999A-9999E,41
5430,233296-1-1-101,2025-05-10,WA007,1022511451,300985006,310726,WA003,101,3002A-3007S-3025S-3033A-3035A-9999A-9999E,13
5431,233296-1-1-101,2025-05-10,WA007,1022511451,300985007,310726,WA003,101,3002A-3007S-3025S-3033A-3035A-9999A-9999E,13
5432,233296-1-1-101,2025-05-10,WA007,1022511453,300985334,310726,WA003,101,3002A-3007S-3025S-3033A-3035A-9999A-9999E,13
5433,233296-1-1-101,2025-05-10,WA007,1022511453,300985335,310726,WA003,101,3002A-3007S-3025S-3033A-3035A-9999A-9999E,13
5434,233296-1-1-101,2025-05-10,WA007,1022511453,300985352,310726,WA003,101,3002A-3007S-3025S-3033A-3035A-9999A-9999E,13
5435,233296-1-1-101,2025-05-10,WA007,1022511453,300985360,310726,WA003,101,3002A-3007S-3025S-3033A-3035A-9999A-9999E,13
5436,233296-1-1-101,2025-05-10,WA007,1022511453,300985361,310726,WA003,101,3002A-3007S-3025S-3033A-3035A-9999A-9999E,13
5437,233296-1-1-101,2025-05-10,WA007,1022511453,300985362,310726,WA003,101,3002A-3007S-3025S-3033A-3035A-9999A-9999E,13
5438,233296-1-1-101,2025-05-10,WA007,1022511453,300985381,310726,WA003,101,3002A-3007S-3025S-3033A-3035A-9999A-9999E,13
5439,233296-1-1-101,2025-05-10,WA007,1022511453,300985382,310726,WA003,101,3002A-3007S-3025S-3033A-3035A-9999A-9999E,13
5440,233296-1-1-101,2025-05-10,WA007,1022508852,300948173,310726,WA003,101,3007S-3025S-3033A-3035A-9999A-9999E,39
5441,233296-1-1-101,2025-05-10,WA007,1022508852,300948174,310726,WA003,101,3007S-3025S-3033A-3035A-9999A-9999E,39
5442,233296-1-1-101,2025-05-10,WA007,1022508852,300948175,310726,WA003,101,3007S-3025S-3033A-3035A-9999A-9999E,39
5443,233296-1-1-101,2025-05-10,WA007,1022508852,300948181,310726,WA003,101,3007S-3025S-3033A-3035A-9999A-9999E,39
5444,233296-1-1-101,2025-05-10,WA007,1022508852,300948182,310726,WA003,101,3007S-3025S-3033A-3035A-9999A-9999E,39
5445,233296-1-1-101,2025-05-10,WA007,1022508852,300948189,310726,WA003,101,3007S-3025S-3033A-3035A-9999A-9999E,39
5446,233296-1-1-101,2025-05-10,WA007,1022508852,300948208,310726,WA003,101,3007S-3025S-3033A-3035A-9999A-9999E,39
5447,233296-1-1-101,2025-05-10,WA007,1022508852,300948209,310726,WA003,101,3007S-3025S-3033A-3035A-9999A-9999E,39
5448,233296-1-1-101,2025-05-10,WA007,1022508853,300948276,310726,WA003,101,3007S-3025S-3033A-3035A-9999A-9999E,39
5449,233296-1-1-101,2025-05-10,WA007,1022508853,300948291,310726,WA003,101,3007S-3025S-3033A-3035A-9999A-9999E,39
5450,233296-1-1-101,2025-05-10,WA007,1022508853,300948294,310726,WA003,101,3007S-3025S-3033A-3035A-9999A-9999E,39
5451,233296-1-1-101,2025-05-10,WA007,1022508853,300948302,310726,WA003,101,3007S-3025S-3033A-3035A-9999A-9999E,39
5452,233296-1-1-101,2025-05-10,WA007,1022508853,300948310,310726,WA003,101,3007S-3025S-3033A-3035A-9999A-9999E,39
5453,233296-1-1-101,2025-05-10,WA007,1022508853,300948311,310726,WA003,101,3007S-3025S-3033A-3035A-9999A-9999E,39
5454,233296-1-1-101,2025-05-10,WA007,1022508853,300948316,310726,WA003,101,3007S-3025S-3033A-3035A-9999A-9999E,39
5455,233296-1-1-101,2025-05-10,WA007,1022508853,300948317,310726,WA003,101,3007S-3025S-3033A-3035A-9999A-9999E,39
5456,233296-1-1-101,2025-05-10,WA007,1022508854,300948379,310726,WA003,101,3007S-3025S-3033A-3035A-9999A-9999E,39
5457,233296-1-1-101,2025-05-10,WA007,1022508854,300948380,310726,WA003,101,3007S-3025S-3033A-3035A-9999A-9999E,39
5458,233296-1-1-101,2025-05-10,WA007,1022508854,300948381,310726,WA003,101,3007S-3025S-3033A-3035A-9999A-9999E,39
5459,233296-1-1-101,2025-05-10,WA007,1022508854,300948386,310726,WA003,101,3007S-3025S-3033A-3035A-9999A-9999E,39
5460,233296-1-1-101,2025-05-10,WA007,1022508854,300948418,310726,WA003,101,3007S-3025S-3033A-3035A-9999A-9999E,39
5461,233296-1-1-101,2025-05-10,WA007,1022508854,300948419,310726,WA003,101,3007S-3025S-3033A-3035A-9999A-9999E,39
5462,233296-1-1-101,2025-05-10,WA007,1022508854,300948420,310726,WA003,101,3007S-3025S-3033A-3035A-9999A-9999E,39
5463,233296-1-1-101,2025-05-10,WA007,1022508854,300948427,310726,WA003,101,3007S-3025S-3033A-3035A-9999A-9999E,39
5464,233296-1-1-101,2025-05-10,WA007,1022508855,300948428,310726,WA003,101,3007S-3025S-3033A-3035A-9999A-9999E,39
5465,233296-1-1-101,2025-05-10,WA007,1022508855,300948516,310726,WA003,101,3007S-3025S-3033A-3035A-9999A-9999E,39
5466,233296-1-1-101,2025-05-10,WA007,1022508855,300948517,310726,WA003,101,3007S-3025S-3033A-3035A-9999A-9999E,39
5467,233296-1-1-101,2025-05-10,WA007,1022508855,300948518,310726,WA003,101,3007S-3025S-3033A-3035A-9999A-9999E,39
5468,233296-1-1-101,2025-05-10,WA007,1022508855,300948519,310726,WA003,101,3007S-3025S-3033A-3035A-9999A-9999E,39
5469,233296-1-1-101,2025-05-10,WA007,1022508855,300948520,310726,WA003,101,3007S-3025S-3033A-3035A-9999A-9999E,39
5470,233296-1-1-101,2025-05-10,WA007,1022508855,300948541,310726,WA003,101,3007S-3025S-3033A-3035A-9999A-9999E,39
5471,233296-1-1-101,2025-05-10,WA007,1022508855,300948557,310726,WA003,101,3007S-3025S-3033A-3035A-9999A-9999E,39
5472,233296-1-1-101,2025-05-10,WA007,1022508856,300948558,310726,WA003,101,3007S-3025S-3033A-3035A-9999A-9999E,39
5473,233296-1-1-101,2025-05-10,WA007,1022508856,300948585,310726,WA003,101,3007S-3025S-3033A-3035A-9999A-9999E,39
5474,233296-1-1-101,2025-05-10,WA007,1022508856,300948586,310726,WA003,101,3007S-3025S-3033A-3035A-9999A-9999E,39
5475,233296-1-1-101,2025-05-10,WA007,1022508856,300948588,310726,WA003,101,3007S-3025S-3033A-3035A-9999A-9999E,39
5476,233296-1-1-101,2025-05-10,WA007,1022508856,300948593,310726,WA003,101,3007S-3025S-3033A-3035A-9999A-9999E,39
5477,233296-1-1-101,2025-05-10,WA007,1022508856,300948594,310726,WA003,101,3007S-3025S-3033A-3035A-9999A-9999E,39
5478,233296-1-1-101,2025-05-10,WA007,1022508856,300948611,310726,WA003,101,3007S-3025S-3033A-3035A-9999A-9999E,39
5479,233296-1-1-101,2025-05-10,WA007,1022508856,300948618,310726,WA003,101,3007S-3025S-3033A-3035A-9999A-9999E,39
5480,233296-1-1-101,2025-05-10,WA007,1022509451,300957342,310726,WA003,101,3025S-9999A-9999E,33
5481,233296-1-1-101,2025-05-10,WA007,1022509451,300957346,310726,WA003,101,3025S-9999A-9999E,33
5482,233296-1-1-101,2025-05-10,WA007,1022509451,300957363,310726,WA003,101,3025S-9999A-9999E,33
5483,233296-1-1-101,2025-05-10,WA007,1022509451,300957436,310726,WA003,101,3025S-9999A-9999E,33
5484,233296-1-1-101,2025-05-10,WA007,1022509451,300957438,310726,WA003,101,3025S-9999A-9999E,33
5485,233296-1-1-101,2025-05-10,WA007,1022509451,300957440,310726,WA003,101,3025S-9999A-9999E,33
5486,233296-1-1-101,2025-05-10,WA007,1022509451,300957449,310726,WA003,101,3025S-9999A-9999E,33
5487,233296-1-1-101,2025-05-10,WA007,1022509451,300957461,310726,WA003,101,3025S-9999A-9999E,33
5488,233296-1-1-101,2025-05-10,WA007,1022509462,300958237,310726,WA003,101,3025S-9999A-9999E,33
5489,233296-1-1-101,2025-05-10,WA007,1022509462,300958238,310726,WA003,101,3025S-9999A-9999E,33
5490,233296-1-1-101,2025-05-10,WA007,1022509462,300958239,310726,WA003,101,3025S-9999A-9999E,33
5491,233296-1-1-101,2025-05-10,WA007,1022509462,300958240,310726,WA003,101,3025S-9999A-9999E,33
5492,233296-1-1-101,2025-05-10,WA007,1022509462,300958255,310726,WA003,101,3025S-9999A-9999E,33
5493,233296-1-1-101,2025-05-10,WA007,1022509462,300958256,310726,WA003,101,3025S-9999A-9999E,33
5494,233296-1-1-101,2025-05-10,WA007,1022509462,300958328,310726,WA003,101,3025S-9999A-9999E,33
5495,233296-1-1-101,2025-05-10,WA007,1022509462,300958331,310726,WA003,101,3025S-9999A-9999E,33
5496,233296-1-1-101,2025-05-10,WA007,1022509463,300958335,310726,WA003,101,3025S-9999A-9999E,33
5497,233296-1-1-101,2025-05-10,WA007,1022509463,300958355,310726,WA003,101,3025S-9999A-9999E,33
5498,233296-1-1-101,2025-05-10,WA007,1022509463,300958356,310726,WA003,101,3025S-9999A-9999E,33
5499,233296-1-1-101,2025-05-10,WA007,1022509463,300958357,310726,WA003,101,3025S-9999A-9999E,33
5500,233296-1-1-101,2025-05-10,WA007,1022509463,300958369,310726,WA003,101,3025S-9999A-9999E,33
5501,233296-1-1-101,2025-05-10,WA007,1022509463,300958370,310726,WA003,101,3025S-9999A-9999E,33
5502,233296-1-1-101,2025-05-10,WA007,1022509463,300958388,310726,WA003,101,3025S-9999A-9999E,33
5503,233296-1-1-101,2025-05-10,WA007,1022509463,300958390,310726,WA003,101,3025S-9999A-9999E,33
5504,233296-1-1-101,2025-05-10,WA007,1022509464,300958393,310726,WA003,101,3025S-9999A-9999E,33
5505,233296-1-1-101,2025-05-10,WA007,1022509464,300958394,310726,WA003,101,3025S-9999A-9999E,33
5506,233296-1-1-101,2025-05-10,WA007,1022509464,300958395,310726,WA003,101,3025S-9999A-9999E,33
5507,233296-1-1-101,2025-05-10,WA007,1022509464,300958412,310726,WA003,101,3025S-9999A-9999E,33
5508,233296-1-1-101,2025-05-10,WA007,1022509464,300958413,310726,WA003,101,3025S-9999A-9999E,33
5509,233296-1-1-101,2025-05-10,WA007,1022509464,300958421,310726,WA003,101,3025S-9999A-9999E,33
5510,233296-1-1-102,2025-05-10,WA007,1022511352,300983947,310726,WA003,101,3002A-3007S-3025S-3033A-3035A-9999A-9999E,14
5511,233296-1-1-102,2025-05-10,WA007,1022511352,300983948,310726,WA003,101,3002A-3007S-3025S-3033A-3035A-9999A-9999E,14
5512,233296-1-1-102,2025-05-10,WA007,1022511352,300984032,310726,WA003,101,3002A-3007S-3025S-3033A-3035A-9999A-9999E,14
5513,233296-1-1-102,2025-05-10,WA007,1022511352,300984036,310726,WA003,101,3002A-3007S-3025S-3033A-3035A-9999A-9999E,14
5514,233296-1-1-102,2025-05-10,WA007,1022511352,300984055,310726,WA003,101,3002A-3007S-3025S-3033A-3035A-9999A-9999E,14
5515,233296-1-1-102,2025-05-10,WA007,1022511352,300984056,310726,WA003,101,3002A-3007S-3025S-3033A-3035A-9999A-9999E,14
5516,233296-1-1-102,2025-05-10,WA007,1022511353,300984064,310726,WA003,101,3002A-3007S-3025S-3033A-3035A-9999A-9999E,14
5517,233296-1-1-102,2025-05-10,WA007,1022511353,300984067,310726,WA003,101,3002A-3007S-3025S-3033A-3035A-9999A-9999E,14
5518,233296-1-1-102,2025-05-10,WA007,1022511353,300984077,310726,WA003,101,3002A-3007S-3025S-3033A-3035A-9999A-9999E,14
5519,233296-1-1-102,2025-05-10,WA007,1022511353,300984078,310726,WA003,101,3002A-3007S-3025S-3033A-3035A-9999A-9999E,14
5520,233296-1-1-102,2025-05-10,WA007,1022511353,300984079,310726,WA003,101,3002A-3007S-3025S-3033A-3035A-9999A-9999E,14
5521,233296-1-1-102,2025-05-10,WA007,1022511353,300984086,310726,WA003,101,3002A-3007S-3025S-3033A-3035A-9999A-9999E,14
5522,233296-1-1-102,2025-05-10,WA007,1022511353,300984102,310726,WA003,101,3002A-3007S-3025S-3033A-3035A-9999A-9999E,14
5523,233296-1-1-102,2025-05-10,WA007,1022511353,300984103,310726,WA003,101,3002A-3007S-3025S-3033A-3035A-9999A-9999E,14
5524,233296-1-1-102,2025-05-10,WA007,1022511354,300984110,310726,WA003,101,3002A-3007S-3025S-3033A-3035A-9999A-9999E,14
5525,233296-1-1-102,2025-05-10,WA007,1022511354,300984131,310726,WA003,101,3002A-3007S-3025S-3033A-3035A-9999A-9999E,14
5526,233296-1-1-102,2025-05-10,WA007,1022511354,300984140,310726,WA003,101,3002A-3007S-3025S-3033A-3035A-9999A-9999E,14
5527,233296-1-1-102,2025-05-10,WA007,1022511354,300984141,310726,WA003,101,3002A-3007S-3025S-3033A-3035A-9999A-9999E,14
5528,233296-1-1-102,2025-05-10,WA007,1022511354,300984153,310726,WA003,101,3002A-3007S-3025S-3033A-3035A-9999A-9999E,14
5529,233296-1-1-102,2025-05-10,WA007,1022511354,300984154,310726,WA003,101,3002A-3007S-3025S-3033A-3035A-9999A-9999E,14
5530,233296-1-1-102,2025-05-10,WA007,1022511354,300984274,310726,WA003,101,3002A-3007S-3025S-3033A-3035A-9999A-9999E,14
5531,233296-1-1-102,2025-05-10,WA007,1022511354,300984275,310726,WA003,101,3002A-3007S-3025S-3033A-3035A-9999A-9999E,14
5532,233296-1-1-102,2025-05-10,WA007,1022511358,300984555,310726,WA003,101,3002A-3007S-3025S-3033A-3035A-9999A-9999E,14
5533,233296-1-1-102,2025-05-10,WA007,1022511358,300984556,310726,WA003,101,3002A-3007S-3025S-3033A-3035A-9999A-9999E,14
5534,233296-1-1-102,2025-05-10,WA007,1022511358,300984557,310726,WA003,101,3002A-3007S-3025S-3033A-3035A-9999A-9999E,14
5535,233296-1-1-102,2025-05-10,WA007,1022511358,300984574,310726,WA003,101,3002A-3007S-3025S-3033A-3035A-9999A-9999E,14
5536,233296-1-1-102,2025-05-10,WA007,1022511358,300984575,310726,WA003,101,3002A-3007S-3025S-3033A-3035A-9999A-9999E,14
5537,233296-1-1-102,2025-05-10,WA007,1022511358,300984617,310726,WA003,101,3002A-3007S-3025S-3033A-3035A-9999A-9999E,14
5538,233296-1-1-102,2025-05-10,WA007,1022511358,300984618,310726,WA003,101,3002A-3007S-3025S-3033A-3035A-9999A-9999E,14
5539,233296-1-1-102,2025-05-10,WA007,1022511358,300984632,310726,WA003,101,3002A-3007S-3025S-3033A-3035A-9999A-9999E,14
5540,233296-1-1-102,2025-05-10,WA007,1022510962,300979124,310726,WA003,101,3025S-3033A-3035A-9999A-9999E,18
5541,233296-1-1-102,2025-05-10,WA007,1022510962,300979125,310726,WA003,101,3025S-3033A-3035A-9999A-9999E,18
5542,233296-1-1-102,2025-05-10,WA007,1022510962,300979186,310726,WA003,101,3025S-3033A-3035A-9999A-9999E,18
5543,233296-1-1-102,2025-05-10,WA007,1022510962,300979187,310726,WA003,101,3025S-3033A-3035A-9999A-9999E,18
5544,233296-1-1-102,2025-05-10,WA007,1022510962,300979188,310726,WA003,101,3025S-3033A-3035A-9999A-9999E,18
5545,233296-1-1-102,2025-05-10,WA007,1022510962,300979189,310726,WA003,101,3025S-3033A-3035A-9999A-9999E,18
5546,233296-1-1-102,2025-05-10,WA007,1022510962,300979190,310726,WA003,101,3025S-3033A-3035A-9999A-9999E,18
5547,233296-1-1-102,2025-05-10,WA007,1022510962,300979191,310726,WA003,101,3025S-3033A-3035A-9999A-9999E,18
5548,233296-1-1-102,2025-05-10,WA007,1022510963,300979252,310726,WA003,101,3025S-3033A-3035A-9999A-9999E,18
5549,233296-1-1-102,2025-05-10,WA007,1022510963,300979253,310726,WA003,101,3025S-3033A-3035A-9999A-9999E,18
5550,233296-1-1-102,2025-05-10,WA007,1022510662,300974784,310726,WA003,101,3025S-3035A-9999A-9999E,21
5551,233296-1-1-102,2025-05-10,WA007,1022510662,300974785,310726,WA003,101,3025S-3035A-9999A-9999E,21
5552,233296-1-1-102,2025-05-10,WA007,1022510662,300974786,310726,WA003,101,3025S-3035A-9999A-9999E,21
5553,233296-1-1-102,2025-05-10,WA007,1022510662,300974787,310726,WA003,101,3025S-3035A-9999A-9999E,21
5554,233296-1-1-102,2025-05-10,WA007,1022510662,300974788,310726,WA003,101,3025S-3035A-9999A-9999E,21
5555,233296-1-1-102,2025-05-10,WA007,1022510662,300974789,310726,WA003,101,3025S-3035A-9999A-9999E,21
5556,233296-1-1-102,2025-05-10,WA007,1022510662,300974819,310726,WA003,101,3025S-3035A-9999A-9999E,21
5557,233296-1-1-102,2025-05-10,WA007,1022510662,300974820,310726,WA003,101,3025S-3035A-9999A-9999E,21
5558,233296-1-1-102,2025-05-10,WA007,1022510663,300974852,310726,WA003,101,3025S-3035A-9999A-9999E,21
5559,233296-1-1-102,2025-05-10,WA007,1022510663,300974854,310726,WA003,101,3025S-3035A-9999A-9999E,21
5560,233296-1-1-102,2025-05-10,WA007,1022510163,300967402,310726,WA003,101,9999A-9999E,26
5561,233296-1-1-102,2025-05-10,WA007,1022510163,300967403,310726,WA003,101,9999A-9999E,26
5562,233296-1-1-102,2025-05-10,WA007,1022510163,300967488,310726,WA003,101,9999A-9999E,26
5563,233296-1-1-102,2025-05-10,WA007,1022510163,300967489,310726,WA003,101,9999A-9999E,26
5564,233296-1-1-102,2025-05-10,WA007,1022510163,300967490,310726,WA003,101,9999A-9999E,26
5565,233296-1-1-102,2025-05-10,WA007,1022510163,300967491,310726,WA003,101,9999A-9999E,26
5566,233296-1-1-102,2025-05-10,WA007,1022510163,300967492,310726,WA003,101,9999A-9999E,26
5567,233296-1-1-102,2025-05-10,WA007,1022510163,300967532,310726,WA003,101,9999A-9999E,26
5568,233296-1-1-102,2025-05-10,WA007,1022510164,300967533,310726,WA003,101,9999A-9999E,26
5569,233296-1-1-102,2025-05-10,WA007,1022510164,300967534,310726,WA003,101,9999A-9999E,26
5570,233397-1-1-101,2025-05-13,WA007,1022511155,300981299,310726,WA003,101,3007DRYGUM-3007FO-3007S-3025S-3033A-3035A-9999A-9999E,16
5571,233397-1-1-101,2025-05-13,WA007,1022511155,300981300,310726,WA003,101,3007DRYGUM-3007FO-3007S-3025S-3033A-3035A-9999A-9999E,16
5572,233397-1-1-101,2025-05-13,WA007,1022511156,300981376,310726,WA003,101,3007DRYGUM-3007FO-3007S-3025S-3033A-3035A-9999A-9999E,16
5573,233397-1-1-101,2025-05-13,WA007,1022511156,300981377,310726,WA003,101,3007DRYGUM-3007FO-3007S-3025S-3033A-3035A-9999A-9999E,16
5574,233397-1-1-101,2025-05-13,WA007,1022511156,300981378,310726,WA003,101,3007DRYGUM-3007FO-3007S-3025S-3033A-3035A-9999A-9999E,16
5575,233397-1-1-101,2025-05-13,WA007,1022511156,300981379,310726,WA003,101,3007DRYGUM-3007FO-3007S-3025S-3033A-3035A-9999A-9999E,16
5576,233397-1-1-101,2025-05-13,WA007,1022511156,300981418,310726,WA003,101,3007DRYGUM-3007FO-3007S-3025S-3033A-3035A-9999A-9999E,16
5577,233397-1-1-101,2025-05-13,WA007,1022511156,300981429,310726,WA003,101,3007DRYGUM-3007FO-3007S-3025S-3033A-3035A-9999A-9999E,16
5578,233397-1-1-101,2025-05-13,WA007,1022511156,300981439,310726,WA003,101,3007DRYGUM-3007FO-3007S-3025S-3033A-3035A-9999A-9999E,16
5579,233397-1-1-101,2025-05-13,WA007,1022511156,300981440,310726,WA003,101,3007DRYGUM-3007FO-3007S-3025S-3033A-3035A-9999A-9999E,16
5580,233397-1-1-101,2025-05-13,WA007,1022511157,300981562,310726,WA003,101,3007DRYGUM-3007FO-3007S-3025S-3033A-3035A-9999A-9999E,16
5581,233397-1-1-101,2025-05-13,WA007,1022511157,300981563,310726,WA003,101,3007DRYGUM-3007FO-3007S-3025S-3033A-3035A-9999A-9999E,16
5582,233397-1-1-101,2025-05-13,WA007,1022511157,300981564,310726,WA003,101,3007DRYGUM-3007FO-3007S-3025S-3033A-3035A-9999A-9999E,16
5583,233397-1-1-101,2025-05-13,WA007,1022511157,300981565,310726,WA003,101,3007DRYGUM-3007FO-3007S-3025S-3033A-3035A-9999A-9999E,16
5584,233397-1-1-101,2025-05-13,WA007,1022511157,300981567,310726,WA003,101,3007DRYGUM-3007FO-3007S-3025S-3033A-3035A-9999A-9999E,16
5585,233397-1-1-101,2025-05-13,WA007,1022511157,300981568,310726,WA003,101,3007DRYGUM-3007FO-3007S-3025S-3033A-3035A-9999A-9999E,16
5586,233397-1-1-101,2025-05-13,WA007,1022511157,300981569,310726,WA003,101,3007DRYGUM-3007FO-3007S-3025S-3033A-3035A-9999A-9999E,16
5587,233397-1-1-101,2025-05-13,WA007,1022511157,300981570,310726,WA003,101,3007DRYGUM-3007FO-3007S-3025S-3033A-3035A-9999A-9999E,16
5588,233397-1-1-101,2025-05-13,WA007,1022511158,300981656,310726,WA003,101,3007DRYGUM-3007FO-3007S-3025S-3033A-3035A-9999A-9999E,16
5589,233397-1-1-101,2025-05-13,WA007,1022511158,300981657,310726,WA003,101,3007DRYGUM-3007FO-3007S-3025S-3033A-3035A-9999A-9999E,16
5590,233397-1-1-102,2025-05-13,WA007,1022510959,300978948,310726,WA003,101,3007DRYGUM-3007FO-3007S-3025S-3033A-3035A-9999A-9999E,18
5591,233397-1-1-102,2025-05-13,WA007,1022510959,300978949,310726,WA003,101,3007DRYGUM-3007FO-3007S-3025S-3033A-3035A-9999A-9999E,18
5592,233397-1-1-102,2025-05-13,WA007,1022510959,300978950,310726,WA003,101,3007DRYGUM-3007FO-3007S-3025S-3033A-3035A-9999A-9999E,18
5593,233397-1-1-102,2025-05-13,WA007,1022510959,300978951,310726,WA003,101,3007DRYGUM-3007FO-3007S-3025S-3033A-3035A-9999A-9999E,18
5594,233397-1-1-102,2025-05-13,WA007,1022510959,300978952,310726,WA003,101,3007DRYGUM-3007FO-3007S-3025S-3033A-3035A-9999A-9999E,18
5595,233397-1-1-102,2025-05-13,WA007,1022510959,300978953,310726,WA003,101,3007DRYGUM-3007FO-3007S-3025S-3033A-3035A-9999A-9999E,18
5596,233397-1-1-102,2025-05-13,WA007,1022510959,300978955,310726,WA003,101,3007DRYGUM-3007FO-3007S-3025S-3033A-3035A-9999A-9999E,18
5597,233397-1-1-102,2025-05-13,WA007,1022510959,300978956,310726,WA003,101,3007DRYGUM-3007FO-3007S-3025S-3033A-3035A-9999A-9999E,18
5598,233397-1-1-102,2025-05-13,WA007,1022510960,300978960,310726,WA003,101,3007DRYGUM-3007FO-3007S-3025S-3033A-3035A-9999A-9999E,18
5599,233397-1-1-102,2025-05-13,WA007,1022510960,300978961,310726,WA003,101,3007DRYGUM-3007FO-3007S-3025S-3033A-3035A-9999A-9999E,18
5600,233397-1-1-102,2025-05-13,WA007,1022510659,300974579,310726,WA003,101,3007DRYGUM-3007FO-3007S-3025S-3033A-3035A-9999A-9999E,21
5601,233397-1-1-102,2025-05-13,WA007,1022510659,300974580,310726,WA003,101,3007DRYGUM-3007FO-3007S-3025S-3033A-3035A-9999A-9999E,21
5602,233397-1-1-102,2025-05-13,WA007,1022510659,300974582,310726,WA003,101,3007DRYGUM-3007FO-3007S-3025S-3033A-3035A-9999A-9999E,21
5603,233397-1-1-102,2025-05-13,WA007,1022510659,300974594,310726,WA003,101,3007DRYGUM-3007FO-3007S-3025S-3033A-3035A-9999A-9999E,21
5604,233397-1-1-102,2025-05-13,WA007,1022510659,300974595,310726,WA003,101,3007DRYGUM-3007FO-3007S-3025S-3033A-3035A-9999A-9999E,21
5605,233397-1-1-102,2025-05-13,WA007,1022510659,300974626,310726,WA003,101,3007DRYGUM-3007FO-3007S-3025S-3033A-3035A-9999A-9999E,21
5606,233397-1-1-102,2025-05-13,WA007,1022510659,300974627,310726,WA003,101,3007DRYGUM-3007FO-3007S-3025S-3033A-3035A-9999A-9999E,21
5607,233397-1-1-102,2025-05-13,WA007,1022510659,300974628,310726,WA003,101,3007DRYGUM-3007FO-3007S-3025S-3033A-3035A-9999A-9999E,21
5608,233397-1-1-102,2025-05-13,WA007,1022510661,300974689,310726,WA003,101,3007DRYGUM-3007FO-3007S-3025S-3033A-3035A-9999A-9999E,21
5609,233397-1-1-102,2025-05-13,WA007,1022510661,300974692,310726,WA003,101,3007DRYGUM-3007FO-3007S-3025S-3033A-3035A-9999A-9999E,21
5610,233397-1-1-103,2025-05-13,WA007,1012504407,300886403,310726,WA002,102,9999A,83
5611,233397-1-1-103,2025-05-13,WA007,1012504407,300886404,310726,WA002,102,9999A,83
5612,233397-1-1-103,2025-05-13,WA007,1012504407,300886405,310726,WA002,102,9999A,83
5613,233397-1-1-103,2025-05-13,WA007,1012504407,300886455,310726,WA002,102,9999A,83
5614,233397-1-1-103,2025-05-13,WA007,1012504408,300886456,310726,WA002,102,9999A,83
5615,233397-1-1-103,2025-05-13,WA007,1012504408,300886458,310726,WA002,102,9999A,83
5616,233397-1-1-103,2025-05-13,WA007,1012504408,300886459,310726,WA002,102,9999A,83
5617,233397-1-1-103,2025-05-13,WA007,1012504408,300886460,310726,WA002,102,9999A,83
5618,233397-1-1-103,2025-05-13,WA007,1012504408,300886461,310726,WA002,102,9999A,83
5619,233397-1-1-103,2025-05-13,WA007,1012504408,300886484,310726,WA002,102,9999A,83
5620,233397-1-1-103,2025-05-13,WA007,1012504408,300886485,310726,WA002,102,9999A,83
5621,233397-1-1-103,2025-05-13,WA007,1012504408,300886486,310726,WA002,102,9999A,83
5622,233397-1-1-103,2025-05-13,WA007,1012504409,300886555,310726,WA002,102,9999A,83
5623,233397-1-1-103,2025-05-13,WA007,1012504409,300886556,310726,WA002,102,9999A,83
5624,233397-1-1-103,2025-05-13,WA007,1012504409,300886557,310726,WA002,102,9999A,83
5625,233397-1-1-103,2025-05-13,WA007,1012504409,300886579,310726,WA002,102,9999A,83
5626,233397-1-1-103,2025-05-13,WA007,1012504409,300886580,310726,WA002,102,9999A,83
5627,233397-1-1-103,2025-05-13,WA007,1012504409,300886581,310726,WA002,102,9999A,83
5628,233397-1-1-103,2025-05-13,WA007,1012504409,300886582,310726,WA002,102,9999A,83
5629,233397-1-1-103,2025-05-13,WA007,1012504409,300886583,310726,WA002,102,9999A,83
5630,233397-1-1-104,2025-05-13,WA007,1022507359,300929603,310726,WA003,101,3007DRYGUM-3007FO-3007S-3025S-3033A-3035A-9999A-9999E,54
5631,233397-1-1-104,2025-05-13,WA007,1022507359,300929604,310726,WA003,101,3007DRYGUM-3007FO-3007S-3025S-3033A-3035A-9999A-9999E,54
5632,233397-1-1-104,2025-05-13,WA007,1022507359,300929605,310726,WA003,101,3007DRYGUM-3007FO-3007S-3025S-3033A-3035A-9999A-9999E,54
5633,233397-1-1-104,2025-05-13,WA007,1022507359,300929701,310726,WA003,101,3007DRYGUM-3007FO-3007S-3025S-3033A-3035A-9999A-9999E,54
5634,233397-1-1-104,2025-05-13,WA007,1022507359,300929702,310726,WA003,101,3007DRYGUM-3007FO-3007S-3025S-3033A-3035A-9999A-9999E,54
5635,233397-1-1-104,2025-05-13,WA007,1022507359,300929703,310726,WA003,101,3007DRYGUM-3007FO-3007S-3025S-3033A-3035A-9999A-9999E,54
5636,233397-1-1-104,2025-05-13,WA007,1022507359,300929732,310726,WA003,101,3007DRYGUM-3007FO-3007S-3025S-3033A-3035A-9999A-9999E,54
5637,233397-1-1-104,2025-05-13,WA007,1022507359,300929733,310726,WA003,101,3007DRYGUM-3007FO-3007S-3025S-3033A-3035A-9999A-9999E,54
5638,233397-1-1-104,2025-05-13,WA007,1022507360,300929734,310726,WA003,101,3007DRYGUM-3007FO-3007S-3025S-3033A-3035A-9999A-9999E,54
5639,233397-1-1-104,2025-05-13,WA007,1022507360,300929735,310726,WA003,101,3007DRYGUM-3007FO-3007S-3025S-3033A-3035A-9999A-9999E,54
5640,233397-1-1-104,2025-05-13,WA007,1022507360,300929805,310726,WA003,101,3007DRYGUM-3007FO-3007S-3025S-3033A-3035A-9999A-9999E,54
5641,233397-1-1-104,2025-05-13,WA007,1022507360,300929806,310726,WA003,101,3007DRYGUM-3007FO-3007S-3025S-3033A-3035A-9999A-9999E,54
5642,233397-1-1-104,2025-05-13,WA007,1022507360,300929807,310726,WA003,101,3007DRYGUM-3007FO-3007S-3025S-3033A-3035A-9999A-9999E,54
5643,233397-1-1-104,2025-05-13,WA007,1022507360,300929808,310726,WA003,101,3007DRYGUM-3007FO-3007S-3025S-3033A-3035A-9999A-9999E,54
5644,233397-1-1-104,2025-05-13,WA007,1022507360,300929809,310726,WA003,101,3007DRYGUM-3007FO-3007S-3025S-3033A-3035A-9999A-9999E,54
5645,233397-1-1-104,2025-05-13,WA007,1022507360,300930103,310726,WA003,101,3007DRYGUM-3007FO-3007S-3025S-3033A-3035A-9999A-9999E,54
5646,233397-1-1-104,2025-05-13,WA007,1022507361,300930104,310726,WA003,101,3007DRYGUM-3007FO-3007S-3025S-3033A-3035A-9999A-9999E,54
5647,233397-1-1-104,2025-05-13,WA007,1022507361,300930105,310726,WA003,101,3007DRYGUM-3007FO-3007S-3025S-3033A-3035A-9999A-9999E,54
5648,233397-1-1-104,2025-05-13,WA007,1022507361,300930118,310726,WA003,101,3007DRYGUM-3007FO-3007S-3025S-3033A-3035A-9999A-9999E,54
5649,233397-1-1-104,2025-05-13,WA007,1022507361,300930119,310726,WA003,101,3007DRYGUM-3007FO-3007S-3025S-3033A-3035A-9999A-9999E,54
5650,233397-1-1-105,2025-05-13,WA007,1012504410,300886584,310726,WA002,102,9999A,83
5651,233397-1-1-105,2025-05-13,WA007,1012504410,300886602,310726,WA002,102,9999A,83
5652,233397-1-1-105,2025-05-13,WA007,1012504410,300886603,310726,WA002,102,9999A,83
5653,233397-1-1-105,2025-05-13,WA007,1012504410,300886659,310726,WA002,102,9999A,83
5654,233397-1-1-105,2025-05-13,WA007,1012504410,300886663,310726,WA002,102,9999A,83
5655,233397-1-1-105,2025-05-13,WA007,1012504410,300886664,310726,WA002,102,9999A,83
5656,233397-1-1-105,2025-05-13,WA007,1012504410,300886665,310726,WA002,102,9999A,83
5657,233397-1-1-105,2025-05-13,WA007,1012504410,300886690,310726,WA002,102,9999A,83
5658,233397-1-1-105,2025-05-13,WA007,1012504415,300887037,310726,WA002,102,9999A,83
5659,233397-1-1-105,2025-05-13,WA007,1012504415,300887038,310726,WA002,102,9999A,83
5660,233397-1-1-105,2025-05-13,WA007,1012504415,300887039,310726,WA002,102,9999A,83
5661,233397-1-1-105,2025-05-13,WA007,1012504415,300887040,310726,WA002,102,9999A,83
5662,233397-1-1-105,2025-05-13,WA007,1012504415,300887041,310726,WA002,102,9999A,83
5663,233397-1-1-105,2025-05-13,WA007,1012504415,300887042,310726,WA002,102,9999A,83
5664,233397-1-1-105,2025-05-13,WA007,1012504415,300887078,310726,WA002,102,9999A,83
5665,233397-1-1-105,2025-05-13,WA007,1012504415,300887079,310726,WA002,102,9999A,83
5666,233397-1-1-105,2025-05-13,WA007,1012504416,300887080,310726,WA002,102,9999A,83
5667,233397-1-1-105,2025-05-13,WA007,1012504416,300887081,310726,WA002,102,9999A,83
5668,233397-1-1-105,2025-05-13,WA007,1012504416,300887082,310726,WA002,102,9999A,83
5669,233397-1-1-105,2025-05-13,WA007,1012504416,300887176,310726,WA002,102,9999A,83
5670,233397-1-1-106,2025-05-13,WA007,1012504301,300885534,310726,WA002,101,9999A,84
5671,233397-1-1-106,2025-05-13,WA007,1012504301,300885543,310726,WA002,101,9999A,84
5672,233397-1-1-106,2025-05-13,WA007,1012504301,300885556,310726,WA002,101,9999A,84
5673,233397-1-1-106,2025-05-13,WA007,1012504301,300885563,310726,WA002,101,9999A,84
5674,233397-1-1-106,2025-05-13,WA007,1012504302,300885565,310726,WA002,101,9999A,84
5675,233397-1-1-106,2025-05-13,WA007,1012504302,300885566,310726,WA002,101,9999A,84
5676,233397-1-1-106,2025-05-13,WA007,1012504302,300885567,310726,WA002,101,9999A,84
5677,233397-1-1-106,2025-05-13,WA007,1012504302,300885568,310726,WA002,101,9999A,84
5678,233397-1-1-106,2025-05-13,WA007,1012504302,300885569,310726,WA002,101,9999A,84
5679,233397-1-1-106,2025-05-13,WA007,1012504302,300885617,310726,WA002,101,9999A,84
5680,233397-1-1-106,2025-05-13,WA007,1012504302,300885618,310726,WA002,101,9999A,84
5681,233397-1-1-106,2025-05-13,WA007,1012504302,300885619,310726,WA002,101,9999A,84
5682,233397-1-1-106,2025-05-13,WA007,1012504303,300885631,310726,WA002,101,9999A,84
5683,233397-1-1-106,2025-05-13,WA007,1012504303,300885632,310726,WA002,101,9999A,84
5684,233397-1-1-106,2025-05-13,WA007,1012504303,300885633,310726,WA002,101,9999A,84
5685,233397-1-1-106,2025-05-13,WA007,1012504303,300885634,310726,WA002,101,9999A,84
5686,233397-1-1-106,2025-05-13,WA007,1012504303,300885697,310726,WA002,101,9999A,84
5687,233397-1-1-106,2025-05-13,WA007,1012504303,300885698,310726,WA002,101,9999A,84
5688,233397-1-1-106,2025-05-13,WA007,1012504303,300885704,310726,WA002,101,9999A,84
5689,233397-1-1-106,2025-05-13,WA007,1012504303,300885705,310726,WA002,101,9999A,84
5690,233397-1-1-107,2025-05-13,WA007,1012504601,300888710,310726,WA002,101,9999A,81
5691,233397-1-1-107,2025-05-13,WA007,1012504601,300888711,310726,WA002,101,9999A,81
5692,233397-1-1-107,2025-05-13,WA007,1012504601,300888712,310726,WA002,101,9999A,81
5693,233397-1-1-107,2025-05-13,WA007,1012504601,300888811,310726,WA002,101,9999A,81
5694,233397-1-1-107,2025-05-13,WA007,1012504601,300888812,310726,WA002,101,9999A,81
5695,233397-1-1-107,2025-05-13,WA007,1012504601,300888813,310726,WA002,101,9999A,81
5696,233397-1-1-107,2025-05-13,WA007,1012504601,300888814,310726,WA002,101,9999A,81
5697,233397-1-1-107,2025-05-13,WA007,1012504601,300888815,310726,WA002,101,9999A,81
5698,233397-1-1-107,2025-05-13,WA007,1012504602,300888824,310726,WA002,101,9999A,81
5699,233397-1-1-107,2025-05-13,WA007,1012504602,300888825,310726,WA002,101,9999A,81
5700,233397-1-1-107,2025-05-13,WA007,1012504602,300888826,310726,WA002,101,9999A,81
5701,233397-1-1-107,2025-05-13,WA007,1012504602,300888827,310726,WA002,101,9999A,81
5702,233397-1-1-107,2025-05-13,WA007,1012504602,300888828,310726,WA002,101,9999A,81
5703,233397-1-1-107,2025-05-13,WA007,1012504602,300888829,310726,WA002,101,9999A,81
5704,233397-1-1-107,2025-05-13,WA007,1012504602,300888830,310726,WA002,101,9999A,81
5705,233397-1-1-107,2025-05-13,WA007,1012504602,300888831,310726,WA002,101,9999A,81
5706,233397-1-1-107,2025-05-13,WA007,1012504603,300888984,310726,WA002,101,9999A,81
5707,233397-1-1-107,2025-05-13,WA007,1012504603,300888985,310726,WA002,101,9999A,81
5708,233397-1-1-107,2025-05-13,WA007,1012504603,300888992,310726,WA002,101,9999A,81
5709,233397-1-1-107,2025-05-13,WA007,1012504603,300888993,310726,WA002,101,9999A,81
5710,233397-1-1-108,2025-05-13,WA007,1012504501,300887245,310726,WA002,101,9999A,82
5711,233397-1-1-108,2025-05-13,WA007,1012504501,300887246,310726,WA002,101,9999A,82
5712,233397-1-1-108,2025-05-13,WA007,1012504501,300887247,310726,WA002,101,9999A,82
5713,233397-1-1-108,2025-05-13,WA007,1012504501,300887299,310726,WA002,101,9999A,82
5714,233397-1-1-108,2025-05-13,WA007,1012504501,300887300,310726,WA002,101,9999A,82
5715,233397-1-1-108,2025-05-13,WA007,1012504501,300887301,310726,WA002,101,9999A,82
5716,233397-1-1-108,2025-05-13,WA007,1012504501,300887302,310726,WA002,101,9999A,82
5717,233397-1-1-108,2025-05-13,WA007,1012504501,300887303,310726,WA002,101,9999A,82
5718,233397-1-1-108,2025-05-13,WA007,1012504502,300887370,310726,WA002,101,9999A,82
5719,233397-1-1-108,2025-05-13,WA007,1012504502,300887371,310726,WA002,101,9999A,82
5720,233397-1-1-108,2025-05-13,WA007,1012504502,300887372,310726,WA002,101,9999A,82
5721,233397-1-1-108,2025-05-13,WA007,1012504502,300887373,310726,WA002,101,9999A,82
5722,233397-1-1-108,2025-05-13,WA007,1012504502,300887374,310726,WA002,101,9999A,82
5723,233397-1-1-108,2025-05-13,WA007,1012504502,300887427,310726,WA002,101,9999A,82
5724,233397-1-1-108,2025-05-13,WA007,1012504502,300887497,310726,WA002,101,9999A,82
5725,233397-1-1-108,2025-05-13,WA007,1012504502,300887500,310726,WA002,101,9999A,82
5726,233397-1-1-108,2025-05-13,WA007,1012504515,300888500,310726,WA002,101,9999A,82
5727,233397-1-1-108,2025-05-13,WA007,1012504515,300888501,310726,WA002,101,9999A,82
5728,233397-1-1-108,2025-05-13,WA007,1012504515,300888502,310726,WA002,101,9999A,82
5729,233397-1-1-108,2025-05-13,WA007,1012504515,300888503,310726,WA002,101,9999A,82
5730,233397-1-1-109,2025-05-13,WA007,1022511253,300982558,310726,WA003,101,3007DRYGUM-3007FO-3007S-3025S-3033A-3035A-9999A-9999E,15
5731,233397-1-1-109,2025-05-13,WA007,1022511253,300982559,310726,WA003,101,3007DRYGUM-3007FO-3007S-3025S-3033A-3035A-9999A-9999E,15
5732,233397-1-1-109,2025-05-13,WA007,1022511253,300982611,310726,WA003,101,3007DRYGUM-3007FO-3007S-3025S-3033A-3035A-9999A-9999E,15
5733,233397-1-1-109,2025-05-13,WA007,1022511253,300982612,310726,WA003,101,3007DRYGUM-3007FO-3007S-3025S-3033A-3035A-9999A-9999E,15
5734,233397-1-1-109,2025-05-13,WA007,1022511253,300982613,310726,WA003,101,3007DRYGUM-3007FO-3007S-3025S-3033A-3035A-9999A-9999E,15
5735,233397-1-1-109,2025-05-13,WA007,1022511253,300982614,310726,WA003,101,3007DRYGUM-3007FO-3007S-3025S-3033A-3035A-9999A-9999E,15
5736,233397-1-1-109,2025-05-13,WA007,1022511254,300982624,310726,WA003,101,3007DRYGUM-3007FO-3007S-3025S-3033A-3035A-9999A-9999E,15
5737,233397-1-1-109,2025-05-13,WA007,1022511254,300982625,310726,WA003,101,3007DRYGUM-3007FO-3007S-3025S-3033A-3035A-9999A-9999E,15
5738,233397-1-1-109,2025-05-13,WA007,1022511254,300982626,310726,WA003,101,3007DRYGUM-3007FO-3007S-3025S-3033A-3035A-9999A-9999E,15
5739,233397-1-1-109,2025-05-13,WA007,1022511254,300982637,310726,WA003,101,3007DRYGUM-3007FO-3007S-3025S-3033A-3035A-9999A-9999E,15
5740,233397-1-1-109,2025-05-13,WA007,1022511254,300982638,310726,WA003,101,3007DRYGUM-3007FO-3007S-3025S-3033A-3035A-9999A-9999E,15
5741,233397-1-1-109,2025-05-13,WA007,1022511254,300982672,310726,WA003,101,3007DRYGUM-3007FO-3007S-3025S-3033A-3035A-9999A-9999E,15
5742,233397-1-1-109,2025-05-13,WA007,1022511254,300982673,310726,WA003,101,3007DRYGUM-3007FO-3007S-3025S-3033A-3035A-9999A-9999E,15
5743,233397-1-1-109,2025-05-13,WA007,1022511254,300982674,310726,WA003,101,3007DRYGUM-3007FO-3007S-3025S-3033A-3035A-9999A-9999E,15
5744,233397-1-1-109,2025-05-13,WA007,1022511255,300982842,310726,WA003,101,3007DRYGUM-3007FO-3007S-3025S-3033A-3035A-9999A-9999E,15
5745,233397-1-1-109,2025-05-13,WA007,1022511255,300982843,310726,WA003,101,3007DRYGUM-3007FO-3007S-3025S-3033A-3035A-9999A-9999E,15
5746,233397-1-1-109,2025-05-13,WA007,1022511255,300982930,310726,WA003,101,3007DRYGUM-3007FO-3007S-3025S-3033A-3035A-9999A-9999E,15
5747,233397-1-1-109,2025-05-13,WA007,1022511255,300983069,310726,WA003,101,3007DRYGUM-3007FO-3007S-3025S-3033A-3035A-9999A-9999E,15
5748,233397-1-1-109,2025-05-13,WA007,1022511255,300983070,310726,WA003,101,3007DRYGUM-3007FO-3007S-3025S-3033A-3035A-9999A-9999E,15
5749,233397-1-1-109,2025-05-13,WA007,1022511255,300983079,310726,WA003,101,3007DRYGUM-3007FO-3007S-3025S-3033A-3035A-9999A-9999E,15
5750,233397-1-1-110,2025-05-13,WA007,1012504603,300888994,310726,WA002,101,9999A,81
5751,233397-1-1-110,2025-05-13,WA007,1012504603,300888995,310726,WA002,101,9999A,81
5752,233397-1-1-110,2025-05-13,WA007,1012504603,300888996,310726,WA002,101,9999A,81
5753,233397-1-1-110,2025-05-13,WA007,1012504603,300888997,310726,WA002,101,9999A,81
5754,233397-1-1-110,2025-05-13,WA007,1012504604,300889019,310726,WA002,101,9999A,81
5755,233397-1-1-110,2025-05-13,WA007,1012504604,300889037,310726,WA002,101,9999A,81
5756,233397-1-1-110,2025-05-13,WA007,1012504604,300889038,310726,WA002,101,9999A,81
5757,233397-1-1-110,2025-05-13,WA007,1012504604,300889039,310726,WA002,101,9999A,81
5758,233397-1-1-110,2025-05-13,WA007,1012504604,300889041,310726,WA002,101,9999A,81
5759,233397-1-1-110,2025-05-13,WA007,1012504604,300889042,310726,WA002,101,9999A,81
5760,233397-1-1-110,2025-05-13,WA007,1022511652,300988143,310726,WA003,101,3002A-3007DRYGUM-3007FO-3007S-3033A-3035A-9999A-9999E,11
5761,233397-1-1-110,2025-05-13,WA007,1022511652,300988144,310726,WA003,101,3002A-3007DRYGUM-3007FO-3007S-3033A-3035A-9999A-9999E,11
5762,233397-1-1-110,2025-05-13,WA007,1022511652,300988145,310726,WA003,101,3002A-3007DRYGUM-3007FO-3007S-3033A-3035A-9999A-9999E,11
5763,233397-1-1-110,2025-05-13,WA007,1022511652,300988216,310726,WA003,101,3002A-3007DRYGUM-3007FO-3007S-3033A-3035A-9999A-9999E,11
5764,233397-1-1-110,2025-05-13,WA007,1022511652,300988217,310726,WA003,101,3002A-3007DRYGUM-3007FO-3007S-3033A-3035A-9999A-9999E,11
5765,233397-1-1-110,2025-05-13,WA007,1022511652,300988218,310726,WA003,101,3002A-3007DRYGUM-3007FO-3007S-3033A-3035A-9999A-9999E,11
5766,233397-1-1-110,2025-05-13,WA007,1022511652,300988219,310726,WA003,101,3002A-3007DRYGUM-3007FO-3007S-3033A-3035A-9999A-9999E,11
5767,233397-1-1-110,2025-05-13,WA007,1022511652,300988220,310726,WA003,101,3002A-3007DRYGUM-3007FO-3007S-3033A-3035A-9999A-9999E,11
5768,233397-1-1-110,2025-05-13,WA007,1022511653,300988247,310726,WA003,101,3002A-3007DRYGUM-3007FO-3007S-3033A-3035A-9999A-9999E,11
5769,233397-1-1-110,2025-05-13,WA007,1022511653,300988248,310726,WA003,101,3002A-3007DRYGUM-3007FO-3007S-3033A-3035A-9999A-9999E,11
5770,233244-1-1-101,2025-05-23,WA010,1022505458,300901519,310726,WA003,101,3007S-3025S-3033A-3035A-9999A-9999E,73
5771,233244-1-1-101,2025-05-23,WA010,1022505458,300901520,310726,WA003,101,3007S-3025S-3033A-3035A-9999A-9999E,73
5772,233244-1-1-101,2025-05-23,WA010,1022505458,300901521,310726,WA003,101,3007S-3025S-3033A-3035A-9999A-9999E,73
5773,233244-1-1-101,2025-05-23,WA010,1022505458,300901522,310726,WA003,101,3007S-3025S-3033A-3035A-9999A-9999E,73
5774,233244-1-1-101,2025-05-23,WA010,1022505458,300901535,310726,WA003,101,3007S-3025S-3033A-3035A-9999A-9999E,73
5775,233244-1-1-101,2025-05-23,WA010,1022505458,300901536,310726,WA003,101,3007S-3025S-3033A-3035A-9999A-9999E,73
5776,233244-1-1-101,2025-05-23,WA010,1022505458,300901537,310726,WA003,101,3007S-3025S-3033A-3035A-9999A-9999E,73
5777,233244-1-1-101,2025-05-23,WA010,1022505458,300901702,310726,WA003,101,3007S-3025S-3033A-3035A-9999A-9999E,73
5778,233244-1-1-101,2025-05-23,WA010,1022505459,300901715,310726,WA003,101,3007S-3025S-3033A-3035A-9999A-9999E,73
5779,233244-1-1-101,2025-05-23,WA010,1022505459,300901771,310726,WA003,101,3007S-3025S-3033A-3035A-9999A-9999E,73
5780,233244-1-1-102,2025-05-23,WA010,1022505455,300901218,310726,WA003,101,3002A-3007S-3025S-3033A-3035A-9999A-9999E,73
5781,233244-1-1-102,2025-05-23,WA010,1022505455,300901219,310726,WA003,101,3002A-3007S-3025S-3033A-3035A-9999A-9999E,73
5782,233244-1-1-102,2025-05-23,WA010,1022505455,300901221,310726,WA003,101,3002A-3007S-3025S-3033A-3035A-9999A-9999E,73
5783,233244-1-1-102,2025-05-23,WA010,1022505455,300901222,310726,WA003,101,3002A-3007S-3025S-3033A-3035A-9999A-9999E,73
5784,233244-1-1-102,2025-05-23,WA010,1022505455,300901223,310726,WA003,101,3002A-3007S-3025S-3033A-3035A-9999A-9999E,73
5785,233244-1-1-102,2025-05-23,WA010,1022505455,300901224,310726,WA003,101,3002A-3007S-3025S-3033A-3035A-9999A-9999E,73
5786,233244-1-1-102,2025-05-23,WA010,1022505455,300901225,310726,WA003,101,3002A-3007S-3025S-3033A-3035A-9999A-9999E,73
5787,233244-1-1-102,2025-05-23,WA010,1022505455,300901226,310726,WA003,101,3002A-3007S-3025S-3033A-3035A-9999A-9999E,73
5788,233244-1-1-102,2025-05-23,WA010,1022505456,300901336,310726,WA003,101,3002A-3007S-3025S-3033A-3035A-9999A-9999E,73
5789,233244-1-1-102,2025-05-23,WA010,1022505456,300901337,310726,WA003,101,3002A-3007S-3025S-3033A-3035A-9999A-9999E,73
5790,233244-1-1-102,2025-05-23,WA010,1022505456,300901338,310726,WA003,101,3002A-3007S-3025S-3033A-3035A-9999A-9999E,73
5791,233244-1-1-102,2025-05-23,WA010,1022505456,300901339,310726,WA003,101,3002A-3007S-3025S-3033A-3035A-9999A-9999E,73
5792,233244-1-1-102,2025-05-23,WA010,1022505456,300901340,310726,WA003,101,3002A-3007S-3025S-3033A-3035A-9999A-9999E,73
5793,233244-1-1-102,2025-05-23,WA010,1022505456,300901341,310726,WA003,101,3002A-3007S-3025S-3033A-3035A-9999A-9999E,73
5794,233244-1-1-102,2025-05-23,WA010,1022505456,300901342,310726,WA003,101,3002A-3007S-3025S-3033A-3035A-9999A-9999E,73
5795,233244-1-1-102,2025-05-23,WA010,1022505456,300901343,310726,WA003,101,3002A-3007S-3025S-3033A-3035A-9999A-9999E,73
5796,233244-1-1-102,2025-05-23,WA010,1022505457,300901421,310726,WA003,101,3002A-3007S-3025S-3033A-3035A-9999A-9999E,73
5797,233244-1-1-102,2025-05-23,WA010,1022505457,300901422,310726,WA003,101,3002A-3007S-3025S-3033A-3035A-9999A-9999E,73
5798,233244-1-1-102,2025-05-23,WA010,1022505457,300901423,310726,WA003,101,3002A-3007S-3025S-3033A-3035A-9999A-9999E,73
5799,233244-1-1-102,2025-05-23,WA010,1022505457,300901424,310726,WA003,101,3002A-3007S-3025S-3033A-3035A-9999A-9999E,73
5800,233244-1-1-102,2025-05-23,WA010,1022506158,300912293,310726,WA003,101,3007S-3025S-3033A-3035A-9999A-9999E,66
5801,233244-1-1-102,2025-05-23,WA010,1022506158,300912294,310726,WA003,101,3007S-3025S-3033A-3035A-9999A-9999E,66
5802,233244-1-1-102,2025-05-23,WA010,1022506158,300912326,310726,WA003,101,3007S-3025S-3033A-3035A-9999A-9999E,66
5803,233244-1-1-102,2025-05-23,WA010,1022506158,300912327,310726,WA003,101,3007S-3025S-3033A-3035A-9999A-9999E,66
5804,233244-1-1-102,2025-05-23,WA010,1022506158,300912328,310726,WA003,101,3007S-3025S-3033A-3035A-9999A-9999E,66
5805,233244-1-1-102,2025-05-23,WA010,1022506158,300912329,310726,WA003,101,3007S-3025S-3033A-3035A-9999A-9999E,66
5806,233244-1-1-102,2025-05-23,WA010,1022506158,300912333,310726,WA003,101,3007S-3025S-3033A-3035A-9999A-9999E,66
5807,233244-1-1-102,2025-05-23,WA010,1022506158,300912334,310726,WA003,101,3007S-3025S-3033A-3035A-9999A-9999E,66
5808,233244-1-1-102,2025-05-23,WA010,1022506159,300912352,310726,WA003,101,3007S-3025S-3033A-3035A-9999A-9999E,66
5809,233244-1-1-102,2025-05-23,WA010,1022506159,300912353,310726,WA003,101,3007S-3025S-3033A-3035A-9999A-9999E,66
5810,233336-1-1-111,2025-05-09,WA017,1012509402,300956760,310015,WA002,101,3117A-3123A-9999A-9999E,33
5811,233336-1-1-111,2025-05-09,WA017,1012509402,300956761,310015,WA002,101,3117A-3123A-9999A-9999E,33
5812,233336-1-1-111,2025-05-09,WA017,1012509402,300956762,310015,WA002,101,3117A-3123A-9999A-9999E,33
5813,233336-1-1-111,2025-05-09,WA017,1012509402,300956764,310015,WA002,101,3117A-3123A-9999A-9999E,33
5814,233336-1-1-111,2025-05-09,WA017,1012509402,300956766,310015,WA002,101,3117A-3123A-9999A-9999E,33
5815,233336-1-1-111,2025-05-09,WA017,1012509402,300956767,310015,WA002,101,3117A-3123A-9999A-9999E,33
5816,233336-1-1-111,2025-05-09,WA017,1012509402,300956770,310015,WA002,101,3117A-3123A-9999A-9999E,33
5817,233336-1-1-111,2025-05-09,WA017,1012509402,300956833,310015,WA002,101,3117A-3123A-9999A-9999E,33
5818,233336-1-1-111,2025-05-09,WA017,1012509403,300956851,310015,WA002,101,3117A-3123A-9999A-9999E,33
5819,233336-1-1-111,2025-05-09,WA017,1012509403,300956852,310015,WA002,101,3117A-3123A-9999A-9999E,33
5820,233336-1-1-112,2025-05-09,WA017,1012509302,300955208,310015,WA002,101,3117A-3123A-9999A-9999E,34
5821,233336-1-1-112,2025-05-09,WA017,1012509302,300955209,310015,WA002,101,3117A-3123A-9999A-9999E,34
5822,233336-1-1-112,2025-05-09,WA017,1012509302,300955210,310015,WA002,101,3117A-3123A-9999A-9999E,34
5823,233336-1-1-112,2025-05-09,WA017,1012509302,300955211,310015,WA002,101,3117A-3123A-9999A-9999E,34
5824,233336-1-1-112,2025-05-09,WA017,1012509302,300955286,310015,WA002,101,3117A-3123A-9999A-9999E,34
5825,233336-1-1-112,2025-05-09,WA017,1012509302,300955287,310015,WA002,101,3117A-3123A-9999A-9999E,34
5826,233336-1-1-112,2025-05-09,WA017,1012509302,300955288,310015,WA002,101,3117A-3123A-9999A-9999E,34
5827,233336-1-1-112,2025-05-09,WA017,1012509302,300955289,310015,WA002,101,3117A-3123A-9999A-9999E,34
5828,233336-1-1-112,2025-05-09,WA017,1012509303,300955314,310015,WA002,101,3117A-3123A-9999A-9999E,34
5829,233336-1-1-112,2025-05-09,WA017,1012509305,300955556,310015,WA002,101,3117A-3123A-9999A-9999E,34
5830,233336-1-1-113,2025-05-09,WA017,1012509305,300955557,310015,WA002,101,3117A-3123A-9999A-9999E,34
5831,233336-1-1-113,2025-05-09,WA017,1012509305,300955565,310015,WA002,101,3117A-3123A-9999A-9999E,34
5832,233336-1-1-113,2025-05-09,WA017,1012509305,300955575,310015,WA002,101,3117A-3123A-9999A-9999E,34
5833,233336-1-1-113,2025-05-09,WA017,1012509305,300955624,310015,WA002,101,3117A-3123A-9999A-9999E,34
5834,233336-1-1-113,2025-05-09,WA017,1012509305,300955625,310015,WA002,101,3117A-3123A-9999A-9999E,34
5835,233336-1-1-113,2025-05-09,WA017,1012509305,300955626,310015,WA002,101,3117A-3123A-9999A-9999E,34
5836,233336-1-1-113,2025-05-09,WA017,1012509305,300955630,310015,WA002,101,3117A-3123A-9999A-9999E,34
5837,233336-1-1-113,2025-05-09,WA017,1012509306,300955631,310015,WA002,101,3117A-3123A-9999A-9999E,34
5838,233336-1-1-113,2025-05-09,WA017,1012509306,300955632,310015,WA002,101,3117A-3123A-9999A-9999E,34
5839,233336-1-1-113,2025-05-09,WA017,1012509306,300955671,310015,WA002,101,3117A-3123A-9999A-9999E,34
5840,233336-1-1-114,2025-05-09,WA017,1012509306,300955672,310015,WA002,101,3117A-3123A-9999A-9999E,34
5841,233336-1-1-114,2025-05-09,WA017,1012509306,300955673,310015,WA002,101,3117A-3123A-9999A-9999E,34
5842,233336-1-1-114,2025-05-09,WA017,1012509306,300955674,310015,WA002,101,3117A-3123A-9999A-9999E,34
5843,233336-1-1-114,2025-05-09,WA017,1012509306,300955675,310015,WA002,101,3117A-3123A-9999A-9999E,34
5844,233336-1-1-114,2025-05-09,WA017,1012509306,300955679,310015,WA002,101,3117A-3123A-9999A-9999E,34
5845,233336-1-1-114,2025-05-09,WA017,1012509307,300955682,310015,WA002,101,3117A-3123A-9999A-9999E,34
5846,233336-1-1-114,2025-05-09,WA017,1012509307,300955690,310015,WA002,101,3117A-3123A-9999A-9999E,34
5847,233336-1-1-114,2025-05-09,WA017,1012509307,300955695,310015,WA002,101,3117A-3123A-9999A-9999E,34
5848,233336-1-1-114,2025-05-09,WA017,1012509307,300955725,310015,WA002,101,3117A-3123A-9999A-9999E,34
5849,233336-1-1-114,2025-05-09,WA017,1012509307,300955726,310015,WA002,101,3117A-3123A-9999A-9999E,34
5850,233336-1-1-116,2025-05-16,WA017,1012509307,300955727,310015,WA002,101,3117A-3123A-9999A-9999E,34
5851,233336-1-1-116,2025-05-16,WA017,1012509307,300955734,310015,WA002,101,3117A-3123A-9999A-9999E,34
5852,233336-1-1-116,2025-05-16,WA017,1012509307,300955735,310015,WA002,101,3117A-3123A-9999A-9999E,34
5853,233336-1-1-116,2025-05-16,WA017,1012509308,300955736,310015,WA002,101,3117A-3123A-9999A-9999E,34
5854,233336-1-1-116,2025-05-16,WA017,1012509308,300955791,310015,WA002,101,3117A-3123A-9999A-9999E,34
5855,233336-1-1-116,2025-05-16,WA017,1012509308,300955792,310015,WA002,101,3117A-3123A-9999A-9999E,34
5856,233336-1-1-116,2025-05-16,WA017,1012509308,300955793,310015,WA002,101,3117A-3123A-9999A-9999E,34
5857,233336-1-1-116,2025-05-16,WA017,1012509308,300955794,310015,WA002,101,3117A-3123A-9999A-9999E,34
5858,233336-1-1-116,2025-05-16,WA017,1012509308,300955795,310015,WA002,101,3117A-3123A-9999A-9999E,34
5859,233336-1-1-116,2025-05-16,WA017,1012509308,300955800,310015,WA002,101,3117A-3123A-9999A-9999E,34
5860,233336-1-1-117,2025-05-16,WA017,1012509308,300955870,310015,WA002,101,3117A-3123A-9999A-9999E,34
5861,233336-1-1-117,2025-05-16,WA017,1012509309,300955872,310015,WA002,101,3117A-3123A-9999A-9999E,34
5862,233336-1-1-117,2025-05-16,WA017,1012509309,300955873,310015,WA002,101,3117A-3123A-9999A-9999E,34
5863,233336-1-1-117,2025-05-16,WA017,1012509309,300955874,310015,WA002,101,3117A-3123A-9999A-9999E,34
5864,233336-1-1-117,2025-05-16,WA017,1012509309,300955876,310015,WA002,101,3117A-3123A-9999A-9999E,34
5865,233336-1-1-117,2025-05-16,WA017,1012509309,300955877,310015,WA002,101,3117A-3123A-9999A-9999E,34
5866,233336-1-1-117,2025-05-16,WA017,1012509309,300955924,310015,WA002,101,3117A-3123A-9999A-9999E,34
5867,233336-1-1-117,2025-05-16,WA017,1012509309,300955925,310015,WA002,101,3117A-3123A-9999A-9999E,34
5868,233336-1-1-117,2025-05-16,WA017,1012509309,300955926,310015,WA002,101,3117A-3123A-9999A-9999E,34
5869,233336-1-1-117,2025-05-16,WA017,1012509310,300955933,310015,WA002,101,3117A-3123A-9999A-9999E,34
5870,233336-1-1-118,2025-05-16,WA017,1012509310,300955934,310015,WA002,101,3117A-3123A-9999A-9999E,34
5871,233336-1-1-118,2025-05-16,WA017,1012509310,300955939,310015,WA002,101,3117A-3123A-9999A-9999E,34
5872,233336-1-1-118,2025-05-16,WA017,1012509310,300955948,310015,WA002,101,3117A-3123A-9999A-9999E,34
5873,233336-1-1-118,2025-05-16,WA017,1012509314,300956490,310015,WA002,101,3117A-3123A-9999A-9999E,34
5874,233336-1-1-118,2025-05-16,WA017,1012509315,300956499,310015,WA002,101,3117A-3123A-9999A-9999E,34
5875,233336-1-1-118,2025-05-16,WA017,1012509315,300956500,310015,WA002,101,3117A-3123A-9999A-9999E,34
5876,233336-1-1-118,2025-05-16,WA017,1012509315,300956501,310015,WA002,101,3117A-3123A-9999A-9999E,34
5877,233336-1-1-118,2025-05-16,WA017,1012509315,300956502,310015,WA002,101,3117A-3123A-9999A-9999E,34
5878,233336-1-1-118,2025-05-16,WA017,1012509315,300956503,310015,WA002,101,3117A-3123A-9999A-9999E,34
5879,233336-1-1-118,2025-05-16,WA017,1012509315,300956504,310015,WA002,101,3117A-3123A-9999A-9999E,34
5880,233336-1-1-119,2025-05-16,WA017,1012509315,300956506,310015,WA002,101,3117A-3123A-9999A-9999E,34
5881,233336-1-1-119,2025-05-16,WA017,1012509315,300956507,310015,WA002,101,3117A-3123A-9999A-9999E,34
5882,233336-1-1-119,2025-05-16,WA017,1012509316,300956605,310015,WA002,101,3117A-3123A-9999A-9999E,34
5883,233336-1-1-119,2025-05-16,WA017,1012509316,300956606,310015,WA002,101,3117A-3123A-9999A-9999E,34
5884,233336-1-1-119,2025-05-16,WA017,1012509316,300956607,310015,WA002,101,3117A-3123A-9999A-9999E,34
5885,233336-1-1-119,2025-05-16,WA017,1012509316,300956627,310015,WA002,101,3117A-3123A-9999A-9999E,34
5886,233336-1-1-119,2025-05-16,WA017,1012509316,300956628,310015,WA002,101,3117A-3123A-9999A-9999E,34
5887,233336-1-1-119,2025-05-16,WA017,1012509316,300956630,310015,WA002,101,3117A-3123A-9999A-9999E,34
5888,233336-1-1-119,2025-05-16,WA017,1012509316,300956658,310015,WA002,101,3117A-3123A-9999A-9999E,34
5889,233336-1-1-119,2025-05-16,WA017,1012509316,300956659,310015,WA002,101,3117A-3123A-9999A-9999E,34
5890,233336-1-1-120,2025-05-16,WA017,1012509403,300956853,310015,WA002,101,3117A-3123A-9999A-9999E,33
5891,233336-1-1-120,2025-05-16,WA017,1012509403,300956907,310015,WA002,101,3117A-3123A-9999A-9999E,33
5892,233336-1-1-120,2025-05-16,WA017,1012509403,300956909,310015,WA002,101,3117A-3123A-9999A-9999E,33
5893,233336-1-1-120,2025-05-16,WA017,1012509403,300956910,310015,WA002,101,3117A-3123A-9999A-9999E,33
5894,233336-1-1-120,2025-05-16,WA017,1012509403,300956911,310015,WA002,101,3117A-3123A-9999A-9999E,33
5895,233336-1-1-120,2025-05-16,WA017,1012509403,300956912,310015,WA002,101,3117A-3123A-9999A-9999E,33
5896,233336-1-1-120,2025-05-16,WA017,1012509404,300957031,310015,WA002,101,3117A-3123A-9999A-9999E,33
5897,233336-1-1-120,2025-05-16,WA017,1012509404,300957032,310015,WA002,101,3117A-3123A-9999A-9999E,33
5898,233336-1-1-120,2025-05-16,WA017,1012509404,300957038,310015,WA002,101,3117A-3123A-9999A-9999E,33
5899,233336-1-1-120,2025-05-16,WA017,1012509404,300957039,310015,WA002,101,3117A-3123A-9999A-9999E,33
5900,233336-1-1-115,2025-05-09,WA018,1012506206,300912309,310015,WA002,101,3117A-3123A-9999A-9999E,65
5901,233336-1-1-115,2025-05-09,WA018,1012506206,300912310,310015,WA002,101,3117A-3123A-9999A-9999E,65
5902,233336-1-1-115,2025-05-09,WA018,1012506206,300912371,310015,WA002,101,3117A-3123A-9999A-9999E,65
5903,233336-1-1-115,2025-05-09,WA018,1012506206,300912372,310015,WA002,101,3117A-3123A-9999A-9999E,65
5904,233336-1-1-115,2025-05-09,WA018,1012506206,300912373,310015,WA002,101,3117A-3123A-9999A-9999E,65
5905,233336-1-1-115,2025-05-09,WA018,1012506206,300912398,310015,WA002,101,3117A-3123A-9999A-9999E,65
5906,233336-1-1-115,2025-05-09,WA018,1012506207,300912435,310015,WA002,101,3117A-3123A-9999A-9999E,65
5907,233336-1-1-115,2025-05-09,WA018,1012506207,300912436,310015,WA002,101,3117A-3123A-9999A-9999E,65
5908,233336-1-1-115,2025-05-09,WA018,1012506207,300912447,310015,WA002,101,3117A-3123A-9999A-9999E,65
5909,233336-1-1-115,2025-05-09,WA018,1012506207,300912485,310015,WA002,101,3117A-3123A-9999A-9999E,65
