WHSE_CODE,ITEM_NUMBER,PRODUCTION_PLANT,QC_GRADE,SPEC,Sum of AGE,LOT_NO,SUBLOT_NO,Sum of Inventory Pallets,ALLOCATED_ORDER_NUM,Allocation Date
ID002,310015,ID002,101,3117A-3117A-3123A-3123A-3123A-9999A-9999E-9999A-9999E,44,1052508707,300947178,1,"",
ID002,310015,ID002,101,3117A-3117A-3123A-3123A-3123A-9999A-9999E-9999A-9999E,44,1052508707,300947179,1,"",
ID002,310015,ID002,101,3117A-3117A-3123A-3123A-3123A-9999A-9999E-9999A-9999E,44,1052508707,300947180,1,"",
ID002,310015,ID002,101,3117A-3117A-3123A-3123A-3123A-9999A-9999E-9999A-9999E,44,1052508707,300947181,1,"",
ID002,310015,ID002,101,3117A-3117A-3123A-3123A-3123A-9999A-9999E-9999A-9999E,44,1052508707,300947182,1,"",
ID002,310015,ID002,101,3117A-3123A-3132A-9999A-9999E,9,1052512201,300995219,1,"",
ID002,310015,ID002,101,3117A-3123A-3132A-9999A-9999E,9,1052512201,300995220,1,"",
ID002,310015,ID002,101,3117A-3123A-3132A-9999A-9999E,9,1052512201,300995221,1,"",
ID002,310015,ID002,101,3117A-3123A-3132A-9999A-9999E,9,1052512201,300995222,1,"",
ID002,310015,ID002,101,3117A-3123A-3132A-9999A-9999E,9,1052512202,300995342,1,"",
ID002,310015,ID002,101,3117A-3123A-3132A-9999A-9999E,9,1052512202,300995343,1,"",
ID002,310015,ID002,101,3117A-3123A-3132A-9999A-9999E,9,1052512202,300995344,1,"",
ID002,310015,ID002,101,3117A-3123A-3132A-9999A-9999E,9,1052512202,300995345,1,"",
ID002,310015,ID002,101,3117A-3123A-3132A-9999A-9999E,9,1052512202,300995398,1,"",
ID002,310015,ID002,101,3117A-3123A-3132A-9999A-9999E,9,1052512202,300995399,1,"",
ID002,310015,ID002,101,3117A-3123A-3132A-9999A-9999E,9,1052512202,300995400,1,"",
ID002,310015,ID002,101,3117A-3123A-3132A-9999A-9999E,9,1052512202,300995401,1,"",
ID002,310015,ID002,101,3117A-3123A-3132A-9999A-9999E,9,1052512203,300995402,1,"",
ID002,310015,ID002,101,3117A-3123A-3132A-9999A-9999E,9,1052512203,300995403,1,"",
ID002,310015,ID002,101,3117A-3123A-3132A-9999A-9999E,9,1052512203,300995405,1,"",
ID002,310015,ID002,101,3117A-3123A-3132A-9999A-9999E,9,1052512203,300995406,1,"",
ID002,310015,ID002,101,3117A-3123A-3132A-9999A-9999E,9,1052512203,300995420,1,"",
ID002,310015,ID002,101,3117A-3123A-3132A-9999A-9999E,9,1052512203,300995421,1,"",
ID002,310015,ID002,101,3117A-3123A-3132A-9999A-9999E,9,1052512203,300995422,1,"",
ID002,310015,ID002,101,3117A-3123A-3132A-9999A-9999E,9,1052512203,300995423,1,"",
ID002,310015,ID002,101,3117A-3123A-3132A-9999A-9999E,9,1052512204,300995449,1,"",
ID002,310015,ID002,101,3117A-3123A-3132A-9999A-9999E,9,1052512204,300995450,1,"",
ID002,310015,ID002,101,3117A-3123A-3132A-9999A-9999E,9,1052512204,300995451,1,"",
ID002,310015,ID002,101,3117A-3123A-3132A-9999A-9999E,9,1052512204,300995452,1,"",
ID002,310015,ID002,101,3117A-3123A-3132A-9999A-9999E,9,1052512204,300995479,1,"",
ID002,310015,ID002,101,3117A-3123A-3132A-9999A-9999E,9,1052512204,300995480,1,"",
ID002,310015,ID002,101,3117A-3123A-3132A-9999A-9999E,9,1052512204,300995568,1,"",
ID002,310015,ID002,101,3117A-3123A-3132A-9999A-9999E,9,1052512204,300995580,1,"",
ID002,310015,ID002,101,3117A-3123A-3132A-9999A-9999E,9,1052512209,300995874,1,"",
ID002,310015,ID002,101,3117A-3123A-3132A-9999A-9999E,9,1052512209,300995875,1,"",
ID002,310015,ID002,101,3117A-3123A-3132A-9999A-9999E,9,1052512209,300995876,1,"",
ID002,310015,ID002,101,3117A-3123A-3132A-9999A-9999E,9,1052512209,300995877,1,"",
ID002,310015,ID002,101,3117A-3123A-3132A-9999A-9999E,9,1052512209,300995909,1,"",
ID002,310015,ID002,101,3117A-3123A-3132A-9999A-9999E,9,1052512209,300995919,1,"",
ID002,310015,ID002,101,3117A-3123A-3132A-9999A-9999E,9,1052512209,300995920,1,"",
ID002,310015,ID002,101,3117A-3123A-3132A-9999A-9999E,9,1052512209,300995921,1,"",
ID002,310015,ID002,101,3117A-3123A-3132A-9999A-9999E,9,1052512210,300995975,1,"",
ID002,310015,ID002,101,3117A-3123A-3132A-9999A-9999E,9,1052512210,300995976,1,"",
ID002,310015,ID002,101,3117A-3123A-3132A-9999A-9999E,9,1052512210,300995979,1,"",
ID002,310015,ID002,101,3117A-3123A-3132A-9999A-9999E,9,1052512210,300995980,1,"",
ID002,310015,ID002,101,3117A-3123A-3132A-9999A-9999E,9,1052512210,300995981,1,"",
ID002,310015,ID002,101,3117A-3123A-3132A-9999A-9999E,9,1052512210,300995982,1,"",
ID002,310015,ID002,101,3117A-3123A-3132A-9999A-9999E,9,1052512210,300995983,1,"",
ID002,310015,ID002,101,3117A-3123A-3132A-9999A-9999E,9,1052512210,300995984,1,"",
ID002,310015,ID002,101,3117A-3123A-3132A-9999A-9999E,9,1052512211,300996037,1,"",
ID002,310015,ID002,101,3117A-3123A-3132A-9999A-9999E,9,1052512211,300996038,1,"",
ID002,310015,ID002,101,3117A-3123A-3132A-9999A-9999E,9,1052512211,300996055,1,"",
ID002,310015,ID002,101,3117A-3123A-3132A-9999A-9999E,9,1052512211,300996056,1,"",
ID002,310015,ID002,101,3117A-3123A-3132A-9999A-9999E,9,1052512211,300996135,1,"",
ID002,310015,ID002,101,3117A-3123A-3132A-9999A-9999E,9,1052512211,300996140,1,"",
ID002,310015,ID002,101,3117A-3123A-3132A-9999A-9999E,9,1052512211,300996141,1,"",
ID002,310015,ID002,101,3117A-3123A-3132A-9999A-9999E,9,1052512211,300996146,1,"",
ID002,310015,ID002,101,3117A-3123A-3132A-9999A-9999E,9,1052512212,300996189,1,"",
ID002,310015,ID002,101,3117A-3123A-3132A-9999A-9999E,9,1052512212,300996190,1,"",
ID002,310015,ID002,101,3117A-3123A-3132A-9999A-9999E,9,1052512212,300996192,1,"",
ID002,310015,ID002,101,3117A-3123A-3132A-9999A-9999E,9,1052512212,300996193,1,"",
ID002,310015,ID002,101,3117A-3123A-3132A-9999A-9999E,9,1052512212,300996197,1,"",
ID002,310015,ID002,101,3117A-3123A-3132A-9999A-9999E,9,1052512212,300996198,1,"",
ID002,310015,ID002,101,3117A-3123A-3132A-9999A-9999E,9,1052512212,300996199,1,"",
ID002,310015,ID002,101,3117A-3123A-3132A-9999A-9999E,9,1052512212,300996200,1,"",
ID002,310015,ID002,101,3117A-3123A-3132A-9999A-9999E,9,1052512218,300996513,1,"",
ID002,310015,ID002,101,3117A-3123A-3132A-9999A-9999E,9,1052512218,300996514,1,"",
ID002,310015,ID002,101,3117A-3123A-3132A-9999A-9999E,9,1052512218,300996529,1,"",
ID002,310015,ID002,101,3117A-3123A-3132A-9999A-9999E,9,1052512218,300996530,1,"",
ID002,310015,ID002,101,3117A-3123A-3132A-9999A-9999E,9,1052512218,300996540,1,"",
ID002,310015,ID002,101,3117A-3123A-3132A-9999A-9999E,9,1052512218,300996541,1,"",
ID002,310015,ID002,101,3117A-3123A-3132A-9999A-9999E,9,1052512218,300996544,1,"",
ID002,310015,ID002,101,3117A-3123A-3132A-9999A-9999E,9,1052512218,300996545,1,"",
ID002,310015,ID002,101,3117A-3123A-3132A-9999A-9999E,8,1052512301,300996595,1,"",
ID002,310015,ID002,101,3117A-3123A-3132A-9999A-9999E,8,1052512301,300996596,1,"",
ID002,310015,ID002,101,3117A-3123A-3132A-9999A-9999E,8,1052512301,300996597,1,"",
ID002,310015,ID002,101,3117A-3123A-3132A-9999A-9999E,8,1052512301,300996598,1,"",
ID002,310015,ID002,101,3117A-3123A-3132A-9999A-9999E,8,1052512301,300996601,1,"",
ID002,310015,ID002,101,3117A-3123A-3132A-9999A-9999E,8,1052512301,300996609,1,"",
ID002,310015,ID002,101,3117A-3123A-3132A-9999A-9999E,8,1052512301,300996642,1,"",
ID002,310015,ID002,101,3117A-3123A-3132A-9999A-9999E,8,1052512301,300996643,1,"",
ID002,310015,ID002,101,3117A-3123A-3132A-9999A-9999E,8,1052512303,300996736,1,"",
ID002,310015,ID002,101,3117A-3123A-3132A-9999A-9999E,8,1052512303,300996737,1,"",
ID002,310015,ID002,101,3117A-3123A-3132A-9999A-9999E,8,1052512303,300996738,1,"",
ID002,310015,ID002,101,3117A-3123A-3132A-9999A-9999E,8,1052512303,300996739,1,"",
ID002,310015,ID002,101,3117A-3123A-3132A-9999A-9999E,8,1052512303,300996746,1,"",
ID002,310015,ID002,101,3117A-3123A-3132A-9999A-9999E,8,1052512303,300996747,1,"",
ID002,310015,ID002,101,3117A-3123A-3132A-9999A-9999E,8,1052512303,300996756,1,"",
ID002,310015,ID002,101,3117A-3123A-3132A-9999A-9999E,8,1052512303,300996757,1,"",
ID002,310015,ID002,101,3117A-3123A-3132A-9999A-9999E,8,1052512306,300996907,1,"",
ID002,310015,ID002,101,3117A-3123A-3132A-9999A-9999E,8,1052512306,300996917,1,"",
ID002,310015,ID002,101,3117A-3123A-3132A-9999A-9999E,8,1052512306,300996918,1,"",
ID002,310015,ID002,101,3117A-3123A-3132A-9999A-9999E,8,1052512306,300996919,1,"",
ID002,310015,ID002,101,3117A-3123A-3132A-9999A-9999E,8,1052512306,300996930,1,"",
ID002,310015,ID002,101,3117A-3123A-3132A-9999A-9999E,8,1052512306,300996931,1,"",
ID002,310015,ID002,101,3117A-3123A-3132A-9999A-9999E,8,1052512306,300996941,1,"",
ID002,310015,ID002,101,3117A-3123A-3132A-9999A-9999E,8,1052512306,300996942,1,"",
ID002,310015,ID002,101,3117A-3123A-3132A-9999A-9999E,8,1052512309,300997056,1,"",
ID002,310015,ID002,101,3117A-3123A-3132A-9999A-9999E,8,1052512309,300997057,1,"",
ID002,310015,ID002,101,3117A-3123A-3132A-9999A-9999E,8,1052512309,300997058,1,"",
ID002,310015,ID002,101,3117A-3123A-3132A-9999A-9999E,8,1052512309,300997059,1,"",
ID002,310015,ID002,101,3117A-3123A-3132A-9999A-9999E,8,1052512309,300997070,1,"",
ID002,310015,ID002,101,3117A-3123A-3132A-9999A-9999E,8,1052512309,300997071,1,"",
ID002,310015,ID002,101,3117A-3123A-3132A-9999A-9999E,8,1052512309,300997091,1,"",
ID002,310015,ID002,101,3117A-3123A-3132A-9999A-9999E,8,1052512309,300997092,1,"",
ID002,310015,ID002,101,3117A-3123A-3132A-9999A-9999E,8,1052512311,300997412,1,"",
ID002,310015,ID002,101,3117A-3123A-3132A-9999A-9999E,8,1052512311,300997413,1,"",
ID002,310015,ID002,101,3117A-3123A-3132A-9999A-9999E,8,1052512311,300997414,1,"",
ID002,310015,ID002,101,3117A-3123A-3132A-9999A-9999E,8,1052512311,300997415,1,"",
ID002,310015,ID002,101,3117A-3123A-3132A-9999A-9999E,8,1052512311,300997453,1,"",
ID002,310015,ID002,101,3117A-3123A-3132A-9999A-9999E,8,1052512311,300997454,1,"",
ID002,310015,ID002,101,3117A-3123A-3132A-9999A-9999E,8,1052512311,300997455,1,"",
ID002,310015,ID002,101,3117A-3123A-3132A-9999A-9999E,8,1052512311,300997456,1,"",
ID002,310015,ID002,101,3117A-3123A-3132A-9999A-9999E,8,1052512312,300997479,1,"",
ID002,310015,ID002,101,3117A-3123A-3132A-9999A-9999E,8,1052512312,300997480,1,"",
ID002,310015,ID002,101,3117A-3123A-3132A-9999A-9999E,8,1052512312,300997481,1,"",
ID002,310015,ID002,101,3117A-3123A-3132A-9999A-9999E,8,1052512312,300997483,1,"",
ID002,310015,ID002,101,3117A-3123A-3132A-9999A-9999E,8,1052512312,300997484,1,"",
ID002,310015,ID002,101,3117A-3123A-3132A-9999A-9999E,8,1052512312,300997485,1,"",
ID002,310015,ID002,101,3117A-3123A-3132A-9999A-9999E,8,1052512312,300997486,1,"",
ID002,310015,ID002,101,3117A-3123A-3132A-9999A-9999E,8,1052512312,300997487,1,"",
ID002,310015,ID002,101,3117A-3123A-9999A-9999E,35,1052509603,300961234,1,"",
ID002,310015,ID002,101,3117A-3123A-9999A-9999E,35,1052509603,300961236,1,"",
ID002,310015,ID002,101,3117A-3123A-9999A-9999E,35,1052509603,300961237,1,"",
ID002,310015,ID002,101,3117A-3123A-9999A-9999E,14,1052511706,300988693,0,"",
ID002,310015,ID002,101,3117A-3123A-9999A-9999E,10,1052512109,300994301,1,"",
ID002,310015,ID002,101,3117A-3123A-9999A-9999E,10,1052512109,300994303,1,"",
ID002,310015,ID002,101,3117A-3123A-9999A-9999E,10,1052512109,300994304,1,"",
ID002,310015,ID002,101,3117A-3123A-9999A-9999E,10,1052512109,300994305,1,"",
ID002,310015,ID002,101,3117A-3123A-9999A-9999E,10,1052512109,300994327,1,"",
ID002,310015,ID002,101,3117A-3123A-9999A-9999E,10,1052512109,300994328,1,"",
ID002,310015,ID002,101,3117A-3123A-9999A-9999E,10,1052512109,300994330,1,"",
ID002,310015,ID002,101,3117A-3123A-9999A-9999E,9,1052512206,300995666,1,"",
ID002,310015,ID002,101,3117A-3123A-9999A-9999E,9,1052512206,300995667,1,"",
ID002,310015,ID002,101,3117A-3123A-9999A-9999E,9,1052512206,300995668,1,"",
ID002,310015,ID002,101,3117A-3123A-9999A-9999E,9,1052512206,300995669,1,"",
ID002,310015,ID002,101,3117A-3123A-9999A-9999E,9,1052512206,300995670,1,"",
ID002,310015,ID002,101,3117A-3123A-9999A-9999E,9,1052512206,300995673,1,"",
ID002,310015,ID002,101,3117A-3123A-9999A-9999E,9,1052512206,300995674,1,"",
ID002,310015,ID002,101,3117A-3123A-9999A-9999E,9,1052512206,300995675,1,"",
ID002,310015,ID002,101,3117A-3123A-9999A-9999E,9,1052512207,300995749,1,"",
ID002,310015,ID002,101,3117A-3123A-9999A-9999E,9,1052512207,300995751,1,"",
ID002,310015,ID002,101,3117A-3123A-9999A-9999E,9,1052512207,300995752,1,"",
ID002,310015,ID002,101,3117A-3123A-9999A-9999E,9,1052512207,300995753,1,"",
ID002,310015,ID002,101,3117A-3123A-9999A-9999E,9,1052512207,300995754,1,"",
ID002,310015,ID002,101,3117A-3123A-9999A-9999E,9,1052512207,300995803,1,"",
ID002,310015,ID002,101,3117A-3123A-9999A-9999E,9,1052512207,300995805,1,"",
ID002,310015,ID002,101,3117A-3123A-9999A-9999E,9,1052512207,300995806,1,"",
ID002,310015,ID002,101,3117A-3123A-9999A-9999E,9,1052512208,300995807,1,"",
ID002,310015,ID002,101,3117A-3123A-9999A-9999E,9,1052512208,300995809,1,"",
ID002,310015,ID002,101,3117A-3123A-9999A-9999E,9,1052512208,300995843,1,"",
ID002,310015,ID002,101,3117A-3123A-9999A-9999E,9,1052512208,300995845,1,"",
ID002,310015,ID002,101,3117A-3123A-9999A-9999E,9,1052512208,300995846,1,"",
ID002,310015,ID002,101,3117A-3123A-9999A-9999E,9,1052512208,300995847,1,"",
ID002,310015,ID002,101,3117A-3123A-9999A-9999E,9,1052512208,300995849,1,"",
ID002,310015,ID002,101,3117A-3123A-9999A-9999E,9,1052512208,300995850,1,"",
ID002,310015,ID002,101,3117A-3123A-9999A-9999E,9,1052512213,300996203,1,"",
ID002,310015,ID002,101,3117A-3123A-9999A-9999E,9,1052512213,300996205,1,"",
ID002,310015,ID002,101,3117A-3123A-9999A-9999E,9,1052512213,300996208,1,"",
ID002,310015,ID002,101,3117A-3123A-9999A-9999E,9,1052512213,300996282,1,"",
ID002,310015,ID002,101,3117A-3123A-9999A-9999E,9,1052512213,300996286,1,"",
ID002,310015,ID002,101,3117A-3123A-9999A-9999E,9,1052512213,300996287,1,"",
ID002,310015,ID002,101,3117A-3123A-9999A-9999E,9,1052512213,300996294,1,"",
ID002,310015,ID002,101,3117A-3123A-9999A-9999E,9,1052512213,300996296,1,"",
ID002,310015,ID002,101,3117A-3123A-9999A-9999E,9,1052512214,300996312,1,"",
ID002,310015,ID002,101,3117A-3123A-9999A-9999E,9,1052512214,300996313,1,"",
ID002,310015,ID002,101,3117A-3123A-9999A-9999E,9,1052512214,300996314,1,"",
ID002,310015,ID002,101,3117A-3123A-9999A-9999E,9,1052512214,300996315,1,"",
ID002,310015,ID002,101,3117A-3123A-9999A-9999E,9,1052512214,300996324,1,"",
ID002,310015,ID002,101,3117A-3123A-9999A-9999E,9,1052512214,300996325,1,"",
ID002,310015,ID002,101,3117A-3123A-9999A-9999E,9,1052512214,300996331,1,"",
ID002,310015,ID002,101,3117A-3123A-9999A-9999E,9,1052512214,300996332,1,"",
ID002,310015,ID002,101,3117A-3123A-9999A-9999E,9,1052512215,300996338,1,"",
ID002,310015,ID002,101,3117A-3123A-9999A-9999E,9,1052512215,300996339,1,"",
ID002,310015,ID002,101,3117A-3123A-9999A-9999E,9,1052512215,300996348,1,"",
ID002,310015,ID002,101,3117A-3123A-9999A-9999E,9,1052512215,300996349,1,"",
ID002,310015,ID002,101,3117A-3123A-9999A-9999E,9,1052512215,300996358,1,"",
ID002,310015,ID002,101,3117A-3123A-9999A-9999E,9,1052512215,300996359,1,"",
ID002,310015,ID002,101,3117A-3123A-9999A-9999E,9,1052512215,300996368,1,"",
ID002,310015,ID002,101,3117A-3123A-9999A-9999E,9,1052512215,300996369,1,"",
ID002,310015,ID002,101,3117A-3123A-9999A-9999E,9,1052512216,300996405,1,"",
ID002,310015,ID002,101,3117A-3123A-9999A-9999E,9,1052512216,300996406,1,"",
ID002,310015,ID002,101,3117A-3123A-9999A-9999E,9,1052512216,300996414,1,"",
ID002,310015,ID002,101,3117A-3123A-9999A-9999E,9,1052512216,300996417,1,"",
ID002,310015,ID002,101,3117A-3123A-9999A-9999E,9,1052512216,300996425,1,"",
ID002,310015,ID002,101,3117A-3123A-9999A-9999E,9,1052512216,300996426,1,"",
ID002,310015,ID002,101,3117A-3123A-9999A-9999E,9,1052512216,300996433,1,"",
ID002,310015,ID002,101,3117A-3123A-9999A-9999E,9,1052512216,300996434,1,"",
ID002,310015,ID002,101,3117A-3123A-9999A-9999E,9,1052512217,300996465,1,"",
ID002,310015,ID002,101,3117A-3123A-9999A-9999E,9,1052512217,300996467,1,"",
ID002,310015,ID002,101,3117A-3123A-9999A-9999E,9,1052512217,300996481,1,"",
ID002,310015,ID002,101,3117A-3123A-9999A-9999E,9,1052512217,300996482,1,"",
ID002,310015,ID002,101,3117A-3123A-9999A-9999E,9,1052512217,300996496,1,"",
ID002,310015,ID002,101,3117A-3123A-9999A-9999E,9,1052512217,300996497,1,"",
ID002,310015,ID002,101,3117A-3123A-9999A-9999E,9,1052512217,300996502,1,"",
ID002,310015,ID002,101,3117A-3123A-9999A-9999E,9,1052512217,300996503,1,"",
ID002,310015,ID002,101,3117A-3123A-9999A-9999E,8,1052512302,300996645,1,"",
ID002,310015,ID002,101,3117A-3123A-9999A-9999E,8,1052512302,300996646,1,"",
ID002,310015,ID002,101,3117A-3123A-9999A-9999E,8,1052512302,300996663,1,"",
ID002,310015,ID002,101,3117A-3123A-9999A-9999E,8,1052512302,300996664,1,"",
ID002,310015,ID002,101,3117A-3123A-9999A-9999E,8,1052512302,300996678,1,"",
ID002,310015,ID002,101,3117A-3123A-9999A-9999E,8,1052512302,300996683,1,"",
ID002,310015,ID002,101,3117A-3123A-9999A-9999E,8,1052512302,300996719,1,"",
ID002,310015,ID002,101,3117A-3123A-9999A-9999E,8,1052512302,300996720,1,"",
ID002,310015,ID002,101,3117A-3123A-9999A-9999E,8,1052512307,300996956,1,"",
ID002,310015,ID002,101,3117A-3123A-9999A-9999E,8,1052512307,300996957,1,"",
ID002,310015,ID002,101,3117A-3123A-9999A-9999E,8,1052512307,300996963,1,"",
ID002,310015,ID002,101,3117A-3123A-9999A-9999E,8,1052512307,300996964,1,"",
ID002,310015,ID002,101,3117A-3123A-9999A-9999E,8,1052512307,300996968,1,"",
ID002,310015,ID002,101,3117A-3123A-9999A-9999E,8,1052512307,300996969,1,"",
ID002,310015,ID002,101,3117A-3123A-9999A-9999E,8,1052512307,300996970,1,"",
ID002,310015,ID002,101,3117A-3123A-9999A-9999E,8,1052512307,300996971,1,"",
ID002,310015,ID002,101,3117A-3123A-9999A-9999E,8,1052512308,300996976,1,"",
ID002,310015,ID002,101,3117A-3123A-9999A-9999E,8,1052512308,300996977,1,"",
ID002,310015,ID002,101,3117A-3123A-9999A-9999E,8,1052512308,300996978,1,"",
ID002,310015,ID002,101,3117A-3123A-9999A-9999E,8,1052512308,300997021,1,"",
ID002,310015,ID002,101,3117A-3123A-9999A-9999E,8,1052512308,300997022,1,"",
ID002,310015,ID002,101,3117A-3123A-9999A-9999E,8,1052512308,300997033,1,"",
ID002,310015,ID002,101,3117A-3123A-9999A-9999E,8,1052512308,300997040,1,"",
ID002,310015,ID002,101,3117A-3123A-9999A-9999E,8,1052512308,300997042,1,"",
ID002,310015,ID002,101,3117A-3123A-9999A-9999E,8,1052512310,300997102,1,"",
ID002,310015,ID002,101,3117A-3123A-9999A-9999E,8,1052512310,300997103,1,"",
ID002,310015,ID002,101,3117A-3123A-9999A-9999E,8,1052512310,300997104,1,"",
ID002,310015,ID002,101,3117A-3123A-9999A-9999E,8,1052512310,300997114,1,"",
ID002,310015,ID002,101,3117A-3123A-9999A-9999E,8,1052512310,300997119,1,"",
ID002,310015,ID002,101,3117A-3123A-9999A-9999E,8,1052512310,300997127,1,"",
ID002,310015,ID002,101,3117A-3123A-9999A-9999E,8,1052512310,300997142,1,"",
ID002,310015,ID002,101,3117A-3123A-9999A-9999E,8,1052512310,300997411,1,"",
ID002,310015,ID002,101,3117A-3123A-9999A-9999E,8,1052512313,300997630,1,"",
ID002,310015,ID002,101,3117A-3123A-9999A-9999E,8,1052512313,300997631,1,"",
ID002,310015,ID002,101,3117A-3123A-9999A-9999E,8,1052512313,300997632,1,"",
ID002,310015,ID002,101,3117A-3123A-9999A-9999E,8,1052512313,300997633,1,"",
ID002,310015,ID002,101,3117A-3123A-9999A-9999E,8,1052512313,300997635,1,"",
ID002,310015,ID002,101,3117A-3123A-9999A-9999E,8,1052512313,300997637,1,"",
ID002,310015,ID002,101,3117A-3123A-9999A-9999E,8,1052512313,300997638,1,"",
ID002,310015,ID002,101,3117A-3123A-9999A-9999E,8,1052512313,300997639,1,"",
ID002,310015,ID002,101,3117A-9999A,41,1052509012,300951687,1,"",
ID002,310015,ID002,101,3123A-3132A-9999A-9999E,8,1052512304,300996797,1,"",
ID002,310015,ID002,101,3123A-3132A-9999A-9999E,8,1052512304,300996801,1,"",
ID002,310015,ID002,101,3123A-3132A-9999A-9999E,8,1052512304,300996802,1,"",
ID002,310015,ID002,101,3123A-3132A-9999A-9999E,8,1052512304,300996804,1,"",
ID002,310015,ID002,101,3123A-3132A-9999A-9999E,8,1052512304,300996806,1,"",
ID002,310015,ID002,101,3123A-3132A-9999A-9999E,8,1052512304,300996811,1,"",
ID002,310015,ID002,101,3123A-3132A-9999A-9999E,8,1052512304,300996817,1,"",
ID002,310015,ID002,101,3123A-3132A-9999A-9999E,8,1052512304,300996818,1,"",
ID002,310015,ID002,101,3123A-3132A-9999A-9999E,8,1052512305,300996832,1,"",
ID002,310015,ID002,101,3123A-3132A-9999A-9999E,8,1052512305,300996834,1,"",
ID002,310015,ID002,101,3123A-3132A-9999A-9999E,8,1052512305,300996835,1,"",
ID002,310015,ID002,101,3123A-3132A-9999A-9999E,8,1052512305,300996856,1,"",
ID002,310015,ID002,101,3123A-3132A-9999A-9999E,8,1052512305,300996894,1,"",
ID002,310015,ID002,101,3123A-3132A-9999A-9999E,8,1052512305,300996895,1,"",
ID002,310015,ID002,101,3123A-3132A-9999A-9999E,8,1052512305,300996896,1,"",
ID002,310015,ID002,101,3123A-3132A-9999A-9999E,8,1052512305,300996906,1,"",
ID002,310015,ID002,101,3132A,9,1052512205,300995627,1,"",
ID002,310015,ID002,101,3132A,9,1052512205,300995628,1,"",
ID002,310015,ID002,101,3132A,9,1052512205,300995629,1,"",
ID002,310015,ID002,101,3132A,9,1052512205,300995630,1,"",
ID002,310015,ID002,101,3132A,9,1052512205,300995631,1,"",
ID002,310015,ID002,101,3132A,9,1052512205,300995632,1,"",
ID002,310015,ID002,101,3132A,9,1052512205,300995635,1,"",
ID002,310015,ID002,101,3132A,9,1052512205,300995636,1,"",
ID002,310086,ID002,101,3139A-3140A-9999A,55,1052507633,300932459,1,"",
ID002,310086,ID002,101,3139A-3140A-9999A,50,1052508138,300939577,0,"",
ID002,310086,ID002,101,3139A-3140A-9999A,32,1052509947,300964094,1,"",
ID002,310086,ID002,101,3139A-3140A-9999A,32,1052509947,300964095,1,"",
ID002,310086,ID002,101,3139A-3140A-9999A,32,1052509947,300964150,1,"",
ID002,310086,ID002,101,3139A-3140A-9999A,19,1052511231,300982128,1,"",
ID002,310086,ID002,101,3139A-3140A-9999A,19,1052511231,300982130,1,"",
ID002,310086,ID002,101,3139A-3140A-9999A,19,1052511231,300982334,1,"",
ID002,310086,ID002,101,3139A-3140A-9999A,19,1052511231,300982335,1,"",
ID002,310086,ID002,101,3139A-3140A-9999A,19,1052511231,300982336,1,"",
ID002,310086,ID002,101,3139A-3140A-9999A,19,1052511231,300982338,1,"",
ID002,310086,ID002,101,3139A-3140A-9999A,19,1052511231,300982340,1,"",
ID002,310086,ID002,101,3139A-3140A-9999A,19,1052511231,300982341,1,"",
ID002,310086,ID002,101,3139A-3140A-9999A,19,1052511232,300982406,1,"",
ID002,310086,ID002,101,3139A-3140A-9999A,19,1052511232,300982407,1,"",
ID002,310086,ID002,101,3139A-3140A-9999A,19,1052511232,300982408,1,"",
ID002,310086,ID002,101,3139A-3140A-9999A,19,1052511232,300982409,1,"",
ID002,310086,ID002,101,3139A-3140A-9999A,19,1052511235,300982602,1,"",
ID002,310086,ID002,101,3139A-3140A-9999A,19,1052511235,300982603,1,"",
ID002,310086,ID002,101,3139A-3140A-9999A,19,1052511235,300982604,1,"",
ID002,310086,ID002,101,3139A-3140A-9999A,19,1052511235,300982605,1,"",
ID002,310086,ID002,101,3139A-3140A-9999A,19,1052511235,300982606,1,"",
ID002,310086,ID002,101,3139A-3140A-9999A,19,1052511235,300982607,1,"",
ID002,310086,ID002,101,3139A-3140A-9999A,19,1052511235,300982652,1,"",
ID002,310086,ID002,101,3139A-3140A-9999A,19,1052511235,300982654,1,"",
ID002,310086,ID002,101,3139A-3140A-9999A,18,1052511333,300983037,1,"",
ID002,310086,ID002,101,3139A-3140A-9999A,18,1052511334,300983041,1,"",
ID002,310086,ID002,101,3139A-3140A-9999A,18,1052511334,300983042,1,"",
ID002,310086,ID002,101,3139A-3140A-9999A,18,1052511334,300983064,1,"",
ID002,310086,ID002,101,3139A-3140A-9999A,18,1052511334,300983065,1,"",
ID002,310086,ID002,101,3139A-3140A-9999A,18,1052511334,300983072,1,"",
ID002,310086,ID002,101,3139A-3140A-9999A,18,1052511334,300983073,1,"",
ID002,310086,ID002,101,3139A-3140A-9999A,18,1052511334,300983182,1,"",
ID002,310086,ID002,101,3139A-3140A-9999A,18,1052511334,300983183,1,"",
ID002,310086,ID002,101,3139A-3140A-9999A,18,1052511335,300983080,1,"",
ID002,310086,ID002,101,3139A-3140A-9999A,18,1052511335,300983081,1,"",
ID002,310086,ID002,101,3139A-3140A-9999A,18,1052511335,300983087,1,"",
ID002,310086,ID002,101,3139A-3140A-9999A,18,1052511335,300983088,1,"",
ID002,310086,ID002,101,3139A-3140A-9999A,18,1052511335,300983099,1,"",
ID002,310086,ID002,101,3139A-3140A-9999A,18,1052511335,300983100,1,"",
ID002,310086,ID002,101,3139A-3140A-9999A,18,1052511335,300983116,1,"",
ID002,310086,ID002,101,3139A-3140A-9999A,18,1052511335,300983117,1,"",
ID002,310086,ID002,101,3139A-3140A-9999A,18,1052511336,300983122,1,"",
ID002,310086,ID002,101,3139A-3140A-9999A,18,1052511336,300983123,1,"",
ID002,310086,ID002,101,3139A-3140A-9999A,18,1052511336,300983127,1,"",
ID002,310086,ID002,101,3139A-3140A-9999A,18,1052511336,300983128,1,"",
ID002,310086,ID002,101,3139A-3140A-9999A,18,1052511336,300983147,1,"",
ID002,310086,ID002,101,3139A-3140A-9999A,18,1052511336,300983148,1,"",
ID002,310086,ID002,101,3139A-3140A-9999A,18,1052511336,300983152,1,"",
ID002,310086,ID002,101,3139A-3140A-9999A,18,1052511336,300983153,1,"",
ID002,310086,ID002,101,3139A-3140A-9999A,18,1052511337,300983159,1,"",
ID002,310086,ID002,101,3139A-3140A-9999A,18,1052511337,300983160,1,"",
ID002,310086,ID002,101,3139A-3140A-9999A,18,1052511337,300983198,1,"",
ID002,310086,ID002,101,3139A-3140A-9999A,18,1052511337,300983199,1,"",
ID002,310086,ID002,101,3139A-3140A-9999A,18,1052511337,300983209,1,"",
ID002,310086,ID002,101,3139A-3140A-9999A,18,1052511337,300983210,1,"",
ID002,310086,ID002,101,3139A-3140A-9999A,18,1052511337,300983227,1,"",
ID002,310086,ID002,101,3139A-3140A-9999A,18,1052511337,300983228,1,"",
ID002,310086,ID002,101,3139A-3140A-9999A,18,1052511345,300983940,1,"",
ID002,310086,ID002,101,3139A-3140A-9999A,17,1052511431,300983984,1,"",
ID002,310086,ID002,101,3139A-3140A-9999A,17,1052511431,300983985,1,"",
ID002,310086,ID002,101,3139A-3140A-9999A,17,1052511431,300983986,1,"",
ID002,310086,ID002,101,3139A-3140A-9999A,17,1052511431,300983987,1,"",
ID002,310086,ID002,101,3139A-3140A-9999A,17,1052511431,300983988,1,"",
ID002,310086,ID002,101,3139A-3140A-9999A,17,1052511431,300983989,1,"",
ID002,310086,ID002,101,3139A-3140A-9999A,17,1052511431,300983994,1,"",
ID002,310086,ID002,101,3139A-3140A-9999A,17,1052511431,300983995,1,"",
ID002,310086,ID002,101,3139A-3140A-9999A,17,1052511432,300984011,1,"",
ID002,310086,ID002,101,3139A-3140A-9999A,17,1052511432,300984012,1,"",
ID002,310086,ID002,101,3139A-3140A-9999A,17,1052511432,300984013,1,"",
ID002,310086,ID002,101,3139A-3140A-9999A,17,1052511432,300984014,1,"",
ID002,310086,ID002,101,3139A-3140A-9999A,17,1052511432,300984015,1,"",
ID002,310086,ID002,101,3139A-3140A-9999A,17,1052511432,300984016,1,"",
ID002,310086,ID002,101,3139A-3140A-9999A,17,1052511432,300984104,1,"",
ID002,310086,ID002,101,3139A-3140A-9999A,17,1052511432,300984105,1,"",
ID002,310086,ID002,101,3139A-3140A-9999A,17,1052511433,300984308,1,"",
ID002,310086,ID002,101,3139A-3140A-9999A,17,1052511433,300984309,1,"",
ID002,310086,ID002,101,3139A-3140A-9999A,17,1052511433,300985170,1,"",
ID002,310086,ID002,101,3139A-3140A-9999A,13,1052511831,300989985,1,"",
ID002,310086,ID002,101,3139A-3140A-9999A,13,1052511831,300989989,1,"",
ID002,310086,ID002,101,3140A-9999A,37,1052509437,300957045,1,"",
ID002,310086,ID002,101,3140A-9999A,37,1052509437,300957061,1,"",
ID002,310086,ID002,101,3140A-9999A,18,1052511332,300982953,1,"",
ID002,310086,ID002,101,3140A-9999A,18,1052511332,300982954,1,"",
ID002,310086,ID002,102,9999A,75,1052505632,300903399,1,"",
ID002,310768,ID002,101,3200A-9999A,31,1052510024,300966122,1,"",
ID002,310768,ID002,101,3200A-9999A,31,1052510024,300966123,1,"",
ID002,310768,ID002,102,9999A,31,1052510025,300966159,1,"",
ID002,310768,ID002,102,9999A,31,1052510025,300966160,1,"",
ID010,310015,ID002,101,3117A-3123A-3132A-9999A,21,1052511006,300979179,1,232701-1-5-118,
ID010,310015,ID002,101,3117A-3123A-3132A-9999A,21,1052511006,300979180,1,232701-1-5-118,
ID010,310015,ID002,101,3117A-3123A-3132A-9999A,21,1052511006,300979181,1,232701-1-5-118,
ID010,310015,ID002,101,3117A-3123A-3132A-9999A,21,1052511006,300979182,1,232701-1-5-118,
ID010,310015,ID002,101,3117A-3123A-3132A-9999A,21,1052511006,300979183,1,232701-1-5-118,
ID010,310015,ID002,101,3117A-3123A-3132A-9999A,21,1052511006,300979184,1,232701-1-5-118,
ID010,310015,ID002,101,3117A-3123A-3132A-9999A,21,1052511006,300979185,1,232701-1-5-118,
ID010,310015,ID002,101,3117A-3123A-3132A-9999A,21,1052511008,300979311,1,232701-1-5-119,
ID010,310015,ID002,101,3117A-3123A-3132A-9999A,21,1052511008,300979312,1,232701-1-5-119,
ID010,310015,ID002,101,3117A-3123A-3132A-9999A,21,1052511008,300979313,1,232701-1-5-119,
ID010,310015,ID002,101,3117A-3123A-3132A-9999A,21,1052511008,300979325,1,232701-1-5-119,
ID010,310015,ID002,101,3117A-3123A-3132A-9999A,21,1052511008,300979333,1,232701-1-5-119,
ID010,310015,ID002,101,3117A-3123A-3132A-9999A,21,1052511008,300979334,1,232701-1-5-119,
ID010,310015,ID002,101,3117A-3123A-3132A-9999A,21,1052511008,300979335,1,232701-1-5-119,
ID010,310015,ID002,101,3117A-3123A-3132A-9999A,21,1052511008,300979336,1,232701-1-5-119,
ID010,310015,ID002,101,3117A-3123A-3132A-9999A-9999E,14,1052511712,300989107,1,1452455,
ID010,310015,ID002,101,3117A-3123A-3132A-9999A-9999E,14,1052511712,300989108,1,1452455,
ID010,310015,ID002,101,3117A-3123A-3132A-9999A-9999E,14,1052511712,300989109,1,1452455,
ID010,310015,ID002,101,3117A-3123A-3132A-9999A-9999E,14,1052511712,300989110,1,1452455,
ID010,310015,ID002,101,3117A-3123A-3132A-9999A-9999E,14,1052511713,300989128,1,1452455,
ID010,310015,ID002,101,3117A-3123A-3132A-9999A-9999E,14,1052511713,300989246,1,1452455,
ID010,310015,ID002,101,3117A-3123A-3132A-9999A-9999E,14,1052511713,300989247,1,1452455,
ID010,310015,ID002,101,3117A-3123A-3132A-9999A-9999E,14,1052511713,300989248,1,1452455,
ID010,310015,ID002,101,3117A-3123A-3132A-9999A-9999E,14,1052511713,300989249,1,1452455,
ID010,310015,ID002,101,3117A-3123A-3132A-9999A-9999E,14,1052511713,300989250,1,1452455,
ID010,310015,ID002,101,3117A-3123A-3132A-9999A-9999E,14,1052511713,300989291,1,1452455,
ID010,310015,ID002,101,3117A-3123A-3132A-9999A-9999E,14,1052511713,300989292,1,1452455,
ID010,310015,ID002,101,3117A-3123A-3132A-9999A-9999E,14,1052511714,300989307,1,1452455,
ID010,310015,ID002,101,3117A-3123A-3132A-9999A-9999E,14,1052511714,300989310,1,1452455,
ID010,310015,ID002,101,3117A-3123A-3132A-9999A-9999E,14,1052511714,300989312,1,1452455,
ID010,310015,ID002,101,3117A-3123A-3132A-9999A-9999E,14,1052511714,300989318,1,1452455,
ID010,310015,ID002,101,3117A-3123A-3132A-9999A-9999E,14,1052511714,300989342,1,1452455,
ID010,310015,ID002,101,3117A-3123A-3132A-9999A-9999E,14,1052511714,300989343,1,1452455,
ID010,310015,ID002,101,3117A-3123A-3132A-9999A-9999E,14,1052511714,300989344,1,1452455,
ID010,310015,ID002,101,3117A-3123A-3132A-9999A-9999E,14,1052511714,300989345,1,1452455,
ID010,310015,ID002,101,3117A-3123A-3132A-9999A-9999E,12,1052511901,300992056,1,232501-1-5-119,
ID010,310015,ID002,101,3117A-3123A-3132A-9999A-9999E,12,1052511901,300992057,1,232501-1-5-119,
ID010,310015,ID002,101,3117A-3123A-3132A-9999A-9999E,12,1052511901,300992059,1,232501-1-5-119,
ID010,310015,ID002,101,3117A-3123A-3132A-9999A-9999E,12,1052511901,300992060,1,232501-1-5-119,
ID010,310015,ID002,101,3117A-3123A-3132A-9999A-9999E,12,1052511901,300992066,1,232501-1-5-119,
ID010,310015,ID002,101,3117A-3123A-3132A-9999A-9999E,12,1052511901,300992067,1,232501-1-5-120,
ID010,310015,ID002,101,3117A-3123A-3132A-9999A-9999E,12,1052511901,300992086,1,232501-1-5-120,
ID010,310015,ID002,101,3117A-3123A-3132A-9999A-9999E,12,1052511901,300992087,1,232501-1-5-120,
ID010,310015,ID002,101,3117A-3123A-3132A-9999A-9999E,11,1052512002,300992466,1,1451606,
ID010,310015,ID002,101,3117A-3123A-3132A-9999A-9999E,11,1052512002,300992467,1,1451606,
ID010,310015,ID002,101,3117A-3123A-3132A-9999A-9999E,11,1052512002,300992470,1,1451606,
ID010,310015,ID002,101,3117A-3123A-3132A-9999A-9999E,11,1052512002,300992471,1,1451606,
ID010,310015,ID002,101,3117A-3123A-3132A-9999A-9999E,11,1052512002,300992474,1,1451606,
ID010,310015,ID002,101,3117A-3123A-3132A-9999A-9999E,11,1052512002,300992477,1,1451606,
ID010,310015,ID002,101,3117A-3123A-3132A-9999A-9999E,11,1052512002,300992493,1,1451606,
ID010,310015,ID002,101,3117A-3123A-3132A-9999A-9999E,11,1052512002,300992494,1,1451606,
ID010,310015,ID002,101,3117A-3123A-3132A-9999A-9999E,11,1052512005,300992656,1,1451606,
ID010,310015,ID002,101,3117A-3123A-3132A-9999A-9999E,11,1052512005,300992658,1,1451606,
ID010,310015,ID002,101,3117A-3123A-3132A-9999A-9999E,11,1052512005,300992659,1,1451606,
ID010,310015,ID002,101,3117A-3123A-3132A-9999A-9999E,11,1052512005,300992660,1,1451606,
ID010,310015,ID002,101,3117A-3123A-3132A-9999A-9999E,11,1052512005,300992735,1,1451606,
ID010,310015,ID002,101,3117A-3123A-3132A-9999A-9999E,11,1052512005,300992736,1,1451606,
ID010,310015,ID002,101,3117A-3123A-3132A-9999A-9999E,11,1052512005,300992737,1,1451606,
ID010,310015,ID002,101,3117A-3123A-3132A-9999A-9999E,11,1052512005,300993284,1,1451606,
ID010,310015,ID002,101,3117A-3123A-3132A-9999A-9999E,11,1052512006,300992779,1,1451608,
ID010,310015,ID002,101,3117A-3123A-3132A-9999A-9999E,11,1052512006,300992786,1,1451608,
ID010,310015,ID002,101,3117A-3123A-3132A-9999A-9999E,11,1052512006,300992787,1,1451608,
ID010,310015,ID002,101,3117A-3123A-3132A-9999A-9999E,11,1052512006,300992788,1,1451608,
ID010,310015,ID002,101,3117A-3123A-3132A-9999A-9999E,11,1052512006,300992807,1,1451608,
ID010,310015,ID002,101,3117A-3123A-3132A-9999A-9999E,11,1052512006,300992857,1,1451608,
ID010,310015,ID002,101,3117A-3123A-3132A-9999A-9999E,11,1052512006,300992859,1,1451608,
ID010,310015,ID002,101,3117A-3123A-3132A-9999A-9999E,11,1052512006,300992861,1,1451608,
ID010,310015,ID002,101,3117A-3123A-3132A-9999A-9999E,11,1052512007,300992904,1,1451608,
ID010,310015,ID002,101,3117A-3123A-9999A,97,1052503401,300873207,1,1451609,
ID010,310015,ID002,101,3117A-3123A-9999A,76,1052505509,300901852,1,"",
ID010,310015,ID002,101,3117A-3123A-9999A,21,1052511007,300979262,1,232701-1-5-118,
ID010,310015,ID002,101,3117A-3123A-9999A,21,1052511007,300979263,1,232701-1-5-118,
ID010,310015,ID002,101,3117A-3123A-9999A,21,1052511007,300979264,1,232701-1-5-118,
ID010,310015,ID002,101,3117A-3123A-9999A,21,1052511007,300979265,1,232701-1-5-118,
ID010,310015,ID002,101,3117A-3123A-9999A,21,1052511007,300979267,1,232701-1-5-118,
ID010,310015,ID002,101,3117A-3123A-9999A,21,1052511007,300979269,1,232701-1-5-118,
ID010,310015,ID002,101,3117A-3123A-9999A,21,1052511007,300979271,1,232701-1-5-118,
ID010,310015,ID002,101,3117A-3123A-9999A,21,1052511007,300979273,1,232701-1-5-118,
ID010,310015,ID002,101,3117A-3123A-9999A-9999E,114,1052501701,300848299,0,1451609,
ID010,310015,ID002,101,3117A-3123A-9999A-9999E,83,1052504811,300891780,1,1451608,
ID010,310015,ID002,101,3117A-3123A-9999A-9999E,31,1052510004,300964956,1,1451606,
ID010,310015,ID002,101,3117A-3123A-9999A-9999E,31,1052510004,300965041,1,1451606,
ID010,310015,ID002,101,3117A-3123A-9999A-9999E,31,1052510004,300965042,1,1451606,
ID010,310015,ID002,101,3117A-3123A-9999A-9999E,31,1052510004,300965043,1,1451606,
ID010,310015,ID002,101,3117A-3123A-9999A-9999E,31,1052510004,300965044,1,1451606,
ID010,310015,ID002,101,3117A-3123A-9999A-9999E,31,1052510004,300965045,1,1451606,
ID010,310015,ID002,101,3117A-3123A-9999A-9999E,31,1052510005,300965075,1,1451606,
ID010,310015,ID002,101,3117A-3123A-9999A-9999E,31,1052510005,300965077,1,1451606,
ID010,310015,ID002,101,3117A-3123A-9999A-9999E,31,1052510005,300965078,1,1451606,
ID010,310015,ID002,101,3117A-3123A-9999A-9999E,31,1052510005,300965079,1,1451606,
ID010,310015,ID002,101,3117A-3123A-9999A-9999E,31,1052510005,300965088,1,1451606,
ID010,310015,ID002,101,3117A-3123A-9999A-9999E,31,1052510005,300965089,1,1451606,
ID010,310015,ID002,101,3117A-3123A-9999A-9999E,31,1052510005,300965090,1,1451606,
ID010,310015,ID002,101,3117A-3123A-9999A-9999E,31,1052510005,300965091,1,1451606,
ID010,310015,ID002,101,3117A-3123A-9999A-9999E,31,1052510007,300965553,1,1451606,
ID010,310015,ID002,101,3117A-3123A-9999A-9999E,19,1052511213,300982346,1,232701-1-5-119,
ID010,310015,ID002,101,3117A-3123A-9999A-9999E,19,1052511213,300982347,1,232701-1-5-119,
ID010,310015,ID002,101,3117A-3123A-9999A-9999E,19,1052511213,300982384,1,232701-1-5-119,
ID010,310015,ID002,101,3117A-3123A-9999A-9999E,19,1052511213,300982385,1,232701-1-5-119,
ID010,310015,ID002,101,3117A-3123A-9999A-9999E,19,1052511213,300982387,1,232701-1-5-119,
ID010,310015,ID002,101,3117A-3123A-9999A-9999E,19,1052511213,300982389,1,232701-1-5-119,
ID010,310015,ID002,101,3117A-3123A-9999A-9999E,19,1052511213,300982392,1,232701-1-5-119,
ID010,310015,ID002,101,3117A-3123A-9999A-9999E,19,1052511214,300982720,0,"",
ID010,310015,ID002,101,3117A-3123A-9999A-9999E,18,1052511301,300982839,1,"",
ID010,310015,ID002,101,3117A-3123A-9999A-9999E,18,1052511301,300982840,1,232701-1-5-120,
ID010,310015,ID002,101,3117A-3123A-9999A-9999E,18,1052511301,300982841,1,232701-1-5-120,
ID010,310015,ID002,101,3117A-3123A-9999A-9999E,18,1052511301,300982852,1,232701-1-5-120,
ID010,310015,ID002,101,3117A-3123A-9999A-9999E,18,1052511301,300982893,1,232701-1-5-120,
ID010,310015,ID002,101,3117A-3123A-9999A-9999E,18,1052511301,300982894,1,232701-1-5-120,
ID010,310015,ID002,101,3117A-3123A-9999A-9999E,18,1052511301,300982895,1,232701-1-5-120,
ID010,310015,ID002,101,3117A-3123A-9999A-9999E,18,1052511301,300982896,1,232701-1-5-120,
ID010,310015,ID002,101,3117A-3123A-9999A-9999E,18,1052511302,300982910,1,232701-1-5-120,
ID010,310015,ID002,101,3117A-3123A-9999A-9999E,18,1052511302,300982911,1,232701-1-5-120,
ID010,310015,ID002,101,3117A-3123A-9999A-9999E,18,1052511302,300982912,1,232701-1-5-120,
ID010,310015,ID002,101,3117A-3123A-9999A-9999E,18,1052511302,300983589,1,232701-1-5-120,
ID010,310015,ID002,101,3117A-3123A-9999A-9999E,18,1052511302,300983590,1,232701-1-5-120,
ID010,310015,ID002,101,3117A-3123A-9999A-9999E,18,1052511302,300983591,1,232701-1-5-120,
ID010,310015,ID002,101,3117A-3123A-9999A-9999E,18,1052511302,300983592,1,232701-1-5-120,
ID010,310015,ID002,101,3117A-3123A-9999A-9999E,18,1052511302,300983593,1,232701-1-5-120,
ID010,310015,ID002,101,3117A-3123A-9999A-9999E,14,1052511703,300988396,1,233372-1-1-135,
ID010,310015,ID002,101,3117A-3123A-9999A-9999E,14,1052511703,300988397,1,233372-1-1-135,
ID010,310015,ID002,101,3117A-3123A-9999A-9999E,14,1052511703,300988459,1,233372-1-1-135,
ID010,310015,ID002,101,3117A-3123A-9999A-9999E,14,1052511703,300988460,1,233372-1-1-135,
ID010,310015,ID002,101,3117A-3123A-9999A-9999E,14,1052511703,300988461,1,233372-1-1-135,
ID010,310015,ID002,101,3117A-3123A-9999A-9999E,14,1052511703,300988462,1,233372-1-1-135,
ID010,310015,ID002,101,3117A-3123A-9999A-9999E,14,1052511703,300988463,1,233372-1-1-135,
ID010,310015,ID002,101,3117A-3123A-9999A-9999E,14,1052511703,300988464,1,233372-1-1-135,
ID010,310015,ID002,101,3117A-3123A-9999A-9999E,14,1052511704,300988487,1,233372-1-1-135,
ID010,310015,ID002,101,3117A-3123A-9999A-9999E,14,1052511704,300988488,1,233372-1-1-135,
ID010,310015,ID002,101,3117A-3123A-9999A-9999E,14,1052511704,300988593,1,233372-1-1-135,
ID010,310015,ID002,101,3117A-3123A-9999A-9999E,14,1052511704,300988594,1,233372-1-1-135,
ID010,310015,ID002,101,3117A-3123A-9999A-9999E,14,1052511704,300988601,1,233372-1-1-135,
ID010,310015,ID002,101,3117A-3123A-9999A-9999E,14,1052511704,300988602,1,1452455,
ID010,310015,ID002,101,3117A-3123A-9999A-9999E,14,1052511704,300988603,1,1452455,
ID010,310015,ID002,101,3117A-3123A-9999A-9999E,14,1052511704,300988604,1,1452455,
ID010,310015,ID002,101,3117A-3123A-9999A-9999E,14,1052511706,300988693,1,1451606,
ID010,310015,ID002,101,3117A-3123A-9999A-9999E,14,1052511715,300989382,1,1452455,
ID010,310015,ID002,101,3117A-3123A-9999A-9999E,14,1052511715,300989383,1,1452455,
ID010,310015,ID002,101,3117A-3123A-9999A-9999E,14,1052511715,300989384,1,1452455,
ID010,310015,ID002,101,3117A-3123A-9999A-9999E,14,1052511715,300989385,1,1452455,
ID010,310015,ID002,101,3117A-3123A-9999A-9999E,14,1052511715,300989386,1,1452455,
ID010,310015,ID002,101,3117A-3123A-9999A-9999E,14,1052511715,300989387,1,1452455,
ID010,310015,ID002,101,3117A-3123A-9999A-9999E,14,1052511715,300989398,1,1452455,
ID010,310015,ID002,101,3117A-3123A-9999A-9999E,14,1052511715,300989400,1,1452455,
ID010,310015,ID002,101,3117A-3123A-9999A-9999E,14,1052511716,300989428,1,1452455,
ID010,310015,ID002,101,3117A-3123A-9999A-9999E,14,1052511716,300989429,1,1452455,
ID010,310015,ID002,101,3117A-3123A-9999A-9999E,14,1052511716,300989430,1,1452455,
ID010,310015,ID002,101,3117A-3123A-9999A-9999E,13,1052511801,300989474,1,1452455,
ID010,310015,ID002,101,3117A-3123A-9999A-9999E,13,1052511801,300989475,1,1452455,
ID010,310015,ID002,101,3117A-3123A-9999A-9999E,13,1052511801,300989476,1,1452455,
ID010,310015,ID002,101,3117A-3123A-9999A-9999E,13,1052511801,300989478,1,1452455,
ID010,310015,ID002,101,3117A-3123A-9999A-9999E,13,1052511801,300989479,1,1452455,
ID010,310015,ID002,101,3117A-3123A-9999A-9999E,13,1052511802,300989492,1,1452455,
ID010,310015,ID002,101,3117A-3123A-9999A-9999E,13,1052511802,300989493,1,1452455,
ID010,310015,ID002,101,3117A-3123A-9999A-9999E,13,1052511802,300989495,1,1452455,
ID010,310015,ID002,101,3117A-3123A-9999A-9999E,13,1052511802,300989496,1,1452455,
ID010,310015,ID002,101,3117A-3123A-9999A-9999E,13,1052511802,300989546,1,1452455,
ID010,310015,ID002,101,3117A-3123A-9999A-9999E,13,1052511802,300989547,1,1452455,
ID010,310015,ID002,101,3117A-3123A-9999A-9999E,13,1052511802,300989548,1,1452455,
ID010,310015,ID002,101,3117A-3123A-9999A-9999E,13,1052511802,300989549,1,1452455,
ID010,310015,ID002,101,3117A-3123A-9999A-9999E,13,1052511803,300989577,1,1452455,
ID010,310015,ID002,101,3117A-3123A-9999A-9999E,13,1052511803,300989579,1,1452455,
ID010,310015,ID002,101,3117A-3123A-9999A-9999E,13,1052511803,300989580,1,1452455,
ID010,310015,ID002,101,3117A-3123A-9999A-9999E,13,1052511803,300989581,1,1452455,
ID010,310015,ID002,101,3117A-3123A-9999A-9999E,13,1052511803,300989629,1,1452455,
ID010,310015,ID002,101,3117A-3123A-9999A-9999E,13,1052511803,300989630,1,1452455,
ID010,310015,ID002,101,3117A-3123A-9999A-9999E,13,1052511803,300989631,1,1452455,
ID010,310015,ID002,101,3117A-3123A-9999A-9999E,13,1052511803,300989632,1,1452455,
ID010,310015,ID002,101,3117A-3123A-9999A-9999E,13,1052511804,300989661,1,232678-1-4-106,
ID010,310015,ID002,101,3117A-3123A-9999A-9999E,13,1052511804,300989662,1,232678-1-4-106,
ID010,310015,ID002,101,3117A-3123A-9999A-9999E,13,1052511804,300989663,1,232678-1-4-106,
ID010,310015,ID002,101,3117A-3123A-9999A-9999E,13,1052511804,300989664,1,232678-1-4-106,
ID010,310015,ID002,101,3117A-3123A-9999A-9999E,13,1052511804,300989679,1,232678-1-4-106,
ID010,310015,ID002,101,3117A-3123A-9999A-9999E,13,1052511804,300989778,1,232678-1-4-106,
ID010,310015,ID002,101,3117A-3123A-9999A-9999E,13,1052511804,300989779,1,232678-1-4-106,
ID010,310015,ID002,101,3117A-3123A-9999A-9999E,13,1052511804,300989780,1,232678-1-4-106,
ID010,310015,ID002,101,3117A-3123A-9999A-9999E,13,1052511805,300989790,1,232678-1-4-106,
ID010,310015,ID002,101,3117A-3123A-9999A-9999E,13,1052511805,300989791,1,232678-1-4-106,
ID010,310015,ID002,101,3117A-3123A-9999A-9999E,13,1052511805,300989792,1,232678-1-4-106,
ID010,310015,ID002,101,3117A-3123A-9999A-9999E,13,1052511805,300989793,1,232678-1-4-106,
ID010,310015,ID002,101,3117A-3123A-9999A-9999E,13,1052511805,300989881,1,232678-1-4-106,
ID010,310015,ID002,101,3117A-3123A-9999A-9999E,13,1052511805,300989882,1,232678-1-4-106,
ID010,310015,ID002,101,3117A-3123A-9999A-9999E,13,1052511805,300989883,1,232678-1-4-106,
ID010,310015,ID002,101,3117A-3123A-9999A-9999E,13,1052511805,300989884,1,232678-1-4-106,
ID010,310015,ID002,101,3117A-3123A-9999A-9999E,13,1052511806,300989927,1,232678-1-4-107,
ID010,310015,ID002,101,3117A-3123A-9999A-9999E,13,1052511806,300989928,1,232678-1-4-107,
ID010,310015,ID002,101,3117A-3123A-9999A-9999E,13,1052511806,300989929,1,232678-1-4-107,
ID010,310015,ID002,101,3117A-3123A-9999A-9999E,13,1052511806,300989930,1,232678-1-4-107,
ID010,310015,ID002,101,3117A-3123A-9999A-9999E,13,1052511806,300989931,1,232678-1-4-107,
ID010,310015,ID002,101,3117A-3123A-9999A-9999E,13,1052511806,300989932,1,232678-1-4-107,
ID010,310015,ID002,101,3117A-3123A-9999A-9999E,13,1052511806,300989976,1,232678-1-4-107,
ID010,310015,ID002,101,3117A-3123A-9999A-9999E,13,1052511806,300989977,1,232678-1-4-107,
ID010,310015,ID002,101,3117A-3123A-9999A-9999E,13,1052511807,300990006,1,232678-1-4-107,
ID010,310015,ID002,101,3117A-3123A-9999A-9999E,13,1052511807,300990007,1,232678-1-4-107,
ID010,310015,ID002,101,3117A-3123A-9999A-9999E,13,1052511807,300990008,1,232678-1-4-107,
ID010,310015,ID002,101,3117A-3123A-9999A-9999E,13,1052511807,300990009,1,232678-1-4-107,
ID010,310015,ID002,101,3117A-3123A-9999A-9999E,13,1052511807,300990010,1,232678-1-4-107,
ID010,310015,ID002,101,3117A-3123A-9999A-9999E,13,1052511807,300990011,1,232678-1-4-107,
ID010,310015,ID002,101,3117A-3123A-9999A-9999E,13,1052511807,300990012,1,232678-1-4-107,
ID010,310015,ID002,101,3117A-3123A-9999A-9999E,13,1052511807,300990013,1,232678-1-4-107,
ID010,310015,ID002,101,3117A-3123A-9999A-9999E,13,1052511808,300990072,1,1452455,
ID010,310015,ID002,101,3117A-3123A-9999A-9999E,13,1052511808,300990073,1,1452455,
ID010,310015,ID002,101,3117A-3123A-9999A-9999E,13,1052511808,300990074,1,1452455,
ID010,310015,ID002,101,3117A-3123A-9999A-9999E,13,1052511808,300990075,1,1452455,
ID010,310015,ID002,101,3117A-3123A-9999A-9999E,13,1052511808,300990076,1,1452455,
ID010,310015,ID002,101,3117A-3123A-9999A-9999E,13,1052511808,300990077,1,232501-1-5-117,
ID010,310015,ID002,101,3117A-3123A-9999A-9999E,13,1052511808,300990078,1,232501-1-5-117,
ID010,310015,ID002,101,3117A-3123A-9999A-9999E,13,1052511808,300990079,1,232501-1-5-117,
ID010,310015,ID002,101,3117A-3123A-9999A-9999E,13,1052511809,300990105,1,"",
ID010,310015,ID002,101,3117A-3123A-9999A-9999E,13,1052511809,300990106,1,232501-1-5-117,
ID010,310015,ID002,101,3117A-3123A-9999A-9999E,13,1052511809,300990107,1,232501-1-5-117,
ID010,310015,ID002,101,3117A-3123A-9999A-9999E,13,1052511809,300990108,1,232501-1-5-117,
ID010,310015,ID002,101,3117A-3123A-9999A-9999E,13,1052511809,300990148,1,232501-1-5-117,
ID010,310015,ID002,101,3117A-3123A-9999A-9999E,13,1052511809,300990149,1,232501-1-5-117,
ID010,310015,ID002,101,3117A-3123A-9999A-9999E,13,1052511809,300990150,1,232501-1-5-117,
ID010,310015,ID002,101,3117A-3123A-9999A-9999E,13,1052511809,300990151,1,232501-1-5-117,
ID010,310015,ID002,101,3117A-3123A-9999A-9999E,13,1052511810,300990238,1,232501-1-5-117,
ID010,310015,ID002,101,3117A-3123A-9999A-9999E,13,1052511810,300990239,1,232501-1-5-117,
ID010,310015,ID002,101,3117A-3123A-9999A-9999E,13,1052511810,300990240,1,232501-1-5-117,
ID010,310015,ID002,101,3117A-3123A-9999A-9999E,13,1052511810,300990241,1,232501-1-5-117,
ID010,310015,ID002,101,3117A-3123A-9999A-9999E,13,1052511810,300990242,1,232501-1-5-117,
ID010,310015,ID002,101,3117A-3123A-9999A-9999E,13,1052511810,300990243,1,232501-1-5-117,
ID010,310015,ID002,101,3117A-3123A-9999A-9999E,13,1052511810,300990244,1,232501-1-5-117,
ID010,310015,ID002,101,3117A-3123A-9999A-9999E,13,1052511810,300990245,1,232501-1-5-117,
ID010,310015,ID002,101,3117A-3123A-9999A-9999E,13,1052511811,300990276,1,232501-1-5-118,
ID010,310015,ID002,101,3117A-3123A-9999A-9999E,13,1052511811,300990277,1,232501-1-5-118,
ID010,310015,ID002,101,3117A-3123A-9999A-9999E,13,1052511811,300990278,1,232501-1-5-118,
ID010,310015,ID002,101,3117A-3123A-9999A-9999E,13,1052511811,300990279,1,232501-1-5-118,
ID010,310015,ID002,101,3117A-3123A-9999A-9999E,13,1052511811,300990280,1,232501-1-5-118,
ID010,310015,ID002,101,3117A-3123A-9999A-9999E,13,1052511811,300990281,1,232501-1-5-118,
ID010,310015,ID002,101,3117A-3123A-9999A-9999E,13,1052511811,300990282,1,232501-1-5-118,
ID010,310015,ID002,101,3117A-3123A-9999A-9999E,13,1052511811,300990283,1,232501-1-5-118,
ID010,310015,ID002,101,3117A-3123A-9999A-9999E,13,1052511812,300990358,1,232501-1-5-118,
ID010,310015,ID002,101,3117A-3123A-9999A-9999E,13,1052511812,300990359,1,232501-1-5-118,
ID010,310015,ID002,101,3117A-3123A-9999A-9999E,13,1052511812,300990360,1,232501-1-5-118,
ID010,310015,ID002,101,3117A-3123A-9999A-9999E,13,1052511812,300990361,1,232501-1-5-118,
ID010,310015,ID002,101,3117A-3123A-9999A-9999E,13,1052511812,300990362,1,232501-1-5-118,
ID010,310015,ID002,101,3117A-3123A-9999A-9999E,13,1052511812,300990363,1,232501-1-5-118,
ID010,310015,ID002,101,3117A-3123A-9999A-9999E,13,1052511812,300990484,1,232501-1-5-118,
ID010,310015,ID002,101,3117A-3123A-9999A-9999E,13,1052511812,300990485,1,232501-1-5-118,
ID010,310015,ID002,101,3117A-3123A-9999A-9999E,13,1052511813,300990490,1,232501-1-5-118,
ID010,310015,ID002,101,3117A-3123A-9999A-9999E,13,1052511813,300990491,1,232501-1-5-118,
ID010,310015,ID002,101,3117A-3123A-9999A-9999E,13,1052511813,300990492,1,232501-1-5-119,
ID010,310015,ID002,101,3117A-3123A-9999A-9999E,13,1052511813,300990493,1,232501-1-5-119,
ID010,310015,ID002,101,3117A-3123A-9999A-9999E,13,1052511813,300990601,1,232501-1-5-119,
ID010,310015,ID002,101,3117A-3123A-9999A-9999E,13,1052511813,300990602,1,232501-1-5-119,
ID010,310015,ID002,101,3117A-3123A-9999A-9999E,13,1052511813,300990603,1,232501-1-5-119,
ID010,310015,ID002,101,3117A-3123A-9999A-9999E,13,1052511813,300990604,1,232501-1-5-119,
ID010,310015,ID002,101,3117A-3123A-9999A-9999E,13,1052511814,300990650,1,232501-1-5-119,
ID010,310015,ID002,101,3117A-3123A-9999A-9999E,13,1052511814,300990651,1,232501-1-5-119,
ID010,310015,ID002,101,3117A-3123A-9999A-9999E,13,1052511814,300990652,1,232501-1-5-119,
ID010,310015,ID002,101,3117A-3123A-9999A-9999E,13,1052511814,300990653,1,232501-1-5-119,
ID010,310015,ID002,101,3117A-3123A-9999A-9999E,12,1052511902,300992099,1,232501-1-5-120,
ID010,310015,ID002,101,3117A-3123A-9999A-9999E,12,1052511902,300992100,1,232501-1-5-120,
ID010,310015,ID002,101,3117A-3123A-9999A-9999E,12,1052511902,300992130,1,232501-1-5-120,
ID010,310015,ID002,101,3117A-3123A-9999A-9999E,12,1052511902,300992131,1,232501-1-5-120,
ID010,310015,ID002,101,3117A-3123A-9999A-9999E,12,1052511902,300992149,1,232501-1-5-120,
ID010,310015,ID002,101,3117A-3123A-9999A-9999E,12,1052511902,300992157,1,232501-1-5-120,
ID010,310015,ID002,101,3117A-3123A-9999A-9999E,12,1052511902,300992159,1,232501-1-5-120,
ID010,310015,ID002,101,3117A-3123A-9999A-9999E,12,1052511902,300992160,1,232501-1-5-120,
ID010,310015,ID002,101,3117A-3123A-9999A-9999E,12,1052511903,300992168,1,232501-1-5-120,
ID010,310015,ID002,101,3117A-3123A-9999A-9999E,12,1052511903,300992169,1,232501-1-5-120,
ID010,310015,ID002,101,3117A-3123A-9999A-9999E,12,1052511903,300992190,1,232501-1-5-120,
ID010,310015,ID002,101,3117A-3123A-9999A-9999E,12,1052511903,300992191,1,232501-1-5-120,
ID010,310015,ID002,101,3117A-3123A-9999A-9999E,12,1052511903,300992197,1,1451606,
ID010,310015,ID002,101,3117A-3123A-9999A-9999E,12,1052511903,300992199,1,1451606,
ID010,310015,ID002,101,3117A-3123A-9999A-9999E,12,1052511903,300992204,1,1451606,
ID010,310015,ID002,101,3117A-3123A-9999A-9999E,12,1052511903,300992209,1,1451606,
ID010,310015,ID002,101,3117A-3123A-9999A-9999E,11,1052512001,300992424,1,1451606,
ID010,310015,ID002,101,3117A-3123A-9999A-9999E,11,1052512001,300992425,1,1451606,
ID010,310015,ID002,101,3117A-3123A-9999A-9999E,11,1052512001,300992445,1,1451606,
ID010,310015,ID002,101,3117A-3123A-9999A-9999E,11,1052512001,300992448,1,1451606,
ID010,310015,ID002,101,3117A-3123A-9999A-9999E,11,1052512001,300992449,1,1451606,
ID010,310015,ID002,101,3117A-3123A-9999A-9999E,11,1052512001,300992463,1,1451606,
ID010,310015,ID002,101,3117A-3123A-9999A-9999E,11,1052512001,300992464,1,1451606,
ID010,310015,ID002,101,3117A-3123A-9999A-9999E,11,1052512001,300994185,1,1451606,
ID010,310015,ID002,101,3117A-3123A-9999A-9999E,11,1052512003,300992511,1,1451606,
ID010,310015,ID002,101,3117A-3123A-9999A-9999E,11,1052512003,300992512,1,1451606,
ID010,310015,ID002,101,3117A-3123A-9999A-9999E,11,1052512003,300992521,1,1451606,
ID010,310015,ID002,101,3117A-3123A-9999A-9999E,11,1052512003,300992522,1,1451606,
ID010,310015,ID002,101,3117A-3123A-9999A-9999E,11,1052512003,300992525,1,1451606,
ID010,310015,ID002,101,3117A-3123A-9999A-9999E,11,1052512003,300992526,1,1451606,
ID010,310015,ID002,101,3117A-3123A-9999A-9999E,11,1052512003,300992538,1,1451606,
ID010,310015,ID002,101,3117A-3123A-9999A-9999E,11,1052512003,300992539,1,1451606,
ID010,310015,ID002,101,3117A-3123A-9999A-9999E,11,1052512004,300992592,1,1451606,
ID010,310015,ID002,101,3117A-3123A-9999A-9999E,11,1052512004,300992593,1,1451606,
ID010,310015,ID002,101,3117A-3123A-9999A-9999E,11,1052512004,300992594,1,1451606,
ID010,310015,ID002,101,3117A-3123A-9999A-9999E,11,1052512004,300992595,1,1451606,
ID010,310015,ID002,101,3117A-3123A-9999A-9999E,11,1052512004,300992652,1,1451606,
ID010,310015,ID002,101,3117A-3123A-9999A-9999E,11,1052512004,300992653,1,1451606,
ID010,310015,ID002,101,3117A-3123A-9999A-9999E,11,1052512004,300992654,1,1451606,
ID010,310015,ID002,101,3117A-3123A-9999A-9999E,11,1052512004,300992655,1,1451606,
ID010,310015,ID002,101,3117A-3123A-9999A-9999E,11,1052512009,300993081,1,1451608,
ID010,310015,ID002,101,3117A-3123A-9999A-9999E,11,1052512009,300993082,1,1451608,
ID010,310015,ID002,101,3117A-3123A-9999A-9999E,11,1052512009,300993083,1,1451608,
ID010,310015,ID002,101,3117A-3123A-9999A-9999E,11,1052512009,300993084,1,1451608,
ID010,310015,ID002,101,3117A-3123A-9999A-9999E,11,1052512009,300993110,1,1451608,
ID010,310015,ID002,101,3117A-3123A-9999A-9999E,11,1052512009,300993112,1,1451608,
ID010,310015,ID002,101,3117A-3123A-9999A-9999E,11,1052512009,300993114,1,1451608,
ID010,310015,ID002,101,3117A-3123A-9999A-9999E,11,1052512009,300993117,1,1451608,
ID010,310015,ID002,101,3117A-3123A-9999A-9999E,11,1052512010,300993164,1,1451608,
ID010,310015,ID002,101,3117A-3123A-9999A-9999E,11,1052512010,300993166,1,1451608,
ID010,310015,ID002,101,3117A-3123A-9999A-9999E,11,1052512010,300993167,1,1451608,
ID010,310015,ID002,101,3117A-3123A-9999A-9999E,11,1052512010,300993168,1,1451608,
ID010,310015,ID002,101,3117A-3123A-9999A-9999E,11,1052512010,300993199,1,1451608,
ID010,310015,ID002,101,3117A-3123A-9999A-9999E,11,1052512010,300993200,1,1451608,
ID010,310015,ID002,101,3117A-3123A-9999A-9999E,11,1052512010,300993458,1,1451608,
ID010,310015,ID002,101,3117A-3123A-9999A-9999E,11,1052512010,300993459,1,1451608,
ID010,310015,ID002,101,3117A-3123A-9999A-9999E,11,1052512011,300993472,1,1451608,
ID010,310015,ID002,101,3117A-3123A-9999A-9999E,11,1052512011,300993474,1,1451608,
ID010,310015,ID002,101,3117A-3123A-9999A-9999E,11,1052512011,300993475,1,1451608,
ID010,310015,ID002,101,3117A-3123A-9999A-9999E,11,1052512011,300993486,1,1451608,
ID010,310015,ID002,101,3117A-3123A-9999A-9999E,11,1052512011,300993487,1,1451608,
ID010,310015,ID002,101,3117A-3123A-9999A-9999E,11,1052512011,300993488,1,1451608,
ID010,310015,ID002,101,3117A-3123A-9999A-9999E,11,1052512011,300993490,1,1451608,
ID010,310015,ID002,101,3117A-3123A-9999A-9999E,11,1052512011,300994121,1,1451608,
ID010,310015,ID002,101,3117A-3123A-9999A-9999E,11,1052512012,300993533,1,1451608,
ID010,310015,ID002,101,3117A-3123A-9999A-9999E,11,1052512012,300993546,1,1451608,
ID010,310015,ID002,101,3117A-3123A-9999A-9999E,11,1052512012,300993547,1,1451608,
ID010,310015,ID002,101,3117A-3123A-9999A-9999E,11,1052512012,300993582,1,1451608,
ID010,310015,ID002,101,3117A-3123A-9999A-9999E,11,1052512012,300993583,1,1451608,
ID010,310015,ID002,101,3117A-3123A-9999A-9999E,11,1052512012,300993584,1,1451608,
ID010,310015,ID002,101,3117A-3123A-9999A-9999E,11,1052512012,300993585,1,1451608,
ID010,310015,ID002,101,3117A-3123A-9999A-9999E,11,1052512012,300993586,1,1451608,
ID010,310015,ID002,101,3117A-3123A-9999A-9999E,11,1052512013,300993603,1,1451608,
ID010,310015,ID002,101,3117A-3123A-9999A-9999E,11,1052512013,300993615,1,1451608,
ID010,310015,ID002,101,3117A-3123A-9999A-9999E,11,1052512013,300993621,1,1451608,
ID010,310015,ID002,101,3117A-3123A-9999A-9999E,11,1052512013,300993629,1,1451608,
ID010,310015,ID002,101,3117A-3123A-9999A-9999E,11,1052512013,300993636,1,1451608,
ID010,310015,ID002,101,3117A-3123A-9999A-9999E,11,1052512013,300993646,1,1451608,
ID010,310015,ID002,101,3117A-3123A-9999A-9999E,11,1052512013,300993651,1,1451608,
ID010,310015,ID002,101,3117A-3123A-9999A-9999E,11,1052512013,300993654,1,1451608,
ID010,310015,ID002,101,3117A-3123A-9999A-9999E,11,1052512014,300993668,1,1451608,
ID010,310015,ID002,101,3117A-3123A-9999A-9999E,11,1052512014,300993674,1,1451608,
ID010,310015,ID002,101,3117A-3123A-9999A-9999E,11,1052512014,300993683,1,1451608,
ID010,310015,ID002,101,3117A-3123A-9999A-9999E,11,1052512014,300993694,1,1451608,
ID010,310015,ID002,101,3117A-3123A-9999A-9999E,10,1052512101,300993761,1,1451608,
ID010,310015,ID002,101,3117A-3123A-9999A-9999E,10,1052512101,300993770,1,1451608,
ID010,310015,ID002,101,3117A-3123A-9999A-9999E,10,1052512101,300993813,1,1451608,
ID010,310015,ID002,101,3117A-3123A-9999A-9999E,10,1052512101,300993814,1,1451608,
ID010,310015,ID002,101,3117A-3123A-9999A-9999E,10,1052512102,300993831,1,1451608,
ID010,310015,ID002,101,3117A-3123A-9999A-9999E,10,1052512102,300993832,1,1451609,
ID010,310015,ID002,101,3117A-3123A-9999A-9999E,10,1052512102,300993833,1,1451609,
ID010,310015,ID002,101,3117A-3123A-9999A-9999E,10,1052512102,300993834,1,1451609,
ID010,310015,ID002,101,3117A-3123A-9999A-9999E,10,1052512102,300993852,1,1451609,
ID010,310015,ID002,101,3117A-3123A-9999A-9999E,10,1052512102,300993853,1,1451609,
ID010,310015,ID002,101,3117A-3123A-9999A-9999E,10,1052512102,300993854,1,1451609,
ID010,310015,ID002,101,3117A-3123A-9999A-9999E,10,1052512102,300993855,1,1451609,
ID010,310015,ID002,101,3117A-3123A-9999A-9999E,10,1052512103,300993890,1,1451609,
ID010,310015,ID002,101,3117A-3123A-9999A-9999E,10,1052512103,300993895,1,1451609,
ID010,310015,ID002,101,3117A-3123A-9999A-9999E,10,1052512103,300993896,1,1451609,
ID010,310015,ID002,101,3117A-3123A-9999A-9999E,10,1052512103,300993898,1,1451609,
ID010,310015,ID002,101,3117A-3123A-9999A-9999E,10,1052512103,300993899,1,1451609,
ID010,310015,ID002,101,3117A-3123A-9999A-9999E,10,1052512103,300993900,1,1451609,
ID010,310015,ID002,101,3117A-3123A-9999A-9999E,10,1052512103,300993931,1,1451609,
ID010,310015,ID002,101,3117A-3123A-9999A-9999E,10,1052512103,300993932,1,1451609,
ID010,310015,ID002,101,3117A-3123A-9999A-9999E,10,1052512104,300993937,1,1451609,
ID010,310015,ID002,101,3117A-3123A-9999A-9999E,10,1052512104,300993938,1,1451609,
ID010,310015,ID002,101,3117A-3123A-9999A-9999E,10,1052512104,300993939,1,1451609,
ID010,310015,ID002,101,3117A-3123A-9999A-9999E,10,1052512104,300993940,1,1451609,
ID010,310015,ID002,101,3117A-3123A-9999A-9999E,10,1052512104,300993942,1,1451609,
ID010,310015,ID002,101,3117A-3123A-9999A-9999E,10,1052512104,300993943,1,1451609,
ID010,310015,ID002,101,3117A-3123A-9999A-9999E,10,1052512104,300993992,1,"",
ID010,310015,ID002,101,3117A-3123A-9999A-9999E,10,1052512104,300994017,1,1451609,
ID010,310015,ID002,101,3117A-3123A-9999A-9999E,10,1052512105,300994036,1,1451609,
ID010,310015,ID002,101,3117A-3123A-9999A-9999E,10,1052512105,300994037,1,1451609,
ID010,310015,ID002,101,3117A-3123A-9999A-9999E,10,1052512105,300994038,1,1451609,
ID010,310015,ID002,101,3117A-3123A-9999A-9999E,10,1052512105,300994039,1,1451609,
ID010,310015,ID002,101,3117A-3123A-9999A-9999E,10,1052512105,300994058,1,1451609,
ID010,310015,ID002,101,3117A-3123A-9999A-9999E,10,1052512105,300994059,1,1451609,
ID010,310015,ID002,101,3117A-3123A-9999A-9999E,10,1052512105,300994060,1,1451609,
ID010,310015,ID002,101,3117A-3123A-9999A-9999E,10,1052512105,300994061,1,1451609,
ID010,310015,ID002,101,3117A-3123A-9999A-9999E,10,1052512106,300994092,1,1451609,
ID010,310015,ID002,101,3117A-3123A-9999A-9999E,10,1052512106,300994094,1,1451609,
ID010,310015,ID002,101,3117A-3123A-9999A-9999E,10,1052512106,300994095,1,1451609,
ID010,310015,ID002,101,3117A-3123A-9999A-9999E,10,1052512106,300994097,1,1451609,
ID010,310015,ID002,101,3117A-3123A-9999A-9999E,10,1052512106,300994127,1,1451609,
ID010,310015,ID002,101,3117A-3123A-9999A-9999E,10,1052512106,300994128,1,1451609,
ID010,310015,ID002,101,3117A-3123A-9999A-9999E,10,1052512106,300994129,1,1451609,
ID010,310015,ID002,101,3117A-3123A-9999A-9999E,10,1052512106,300994131,1,1451609,
ID010,310015,ID002,101,3117A-3123A-9999A-9999E,10,1052512107,300994160,1,1451609,
ID010,310015,ID002,101,3117A-3123A-9999A-9999E,10,1052512107,300994162,1,1451609,
ID010,310015,ID002,101,3117A-3123A-9999A-9999E,10,1052512107,300994163,1,1451609,
ID010,310015,ID002,101,3117A-3123A-9999A-9999E,10,1052512107,300994164,1,1451609,
ID010,310015,ID002,101,3117A-3123A-9999A-9999E,10,1052512107,300994187,1,1451609,
ID010,310015,ID002,101,3117A-3123A-9999A-9999E,10,1052512107,300994188,1,1451609,
ID010,310015,ID002,101,3117A-3123A-9999A-9999E,10,1052512107,300994189,1,1451609,
ID010,310015,ID002,101,3117A-3123A-9999A-9999E,10,1052512107,300994190,1,1451609,
ID010,310015,ID002,101,3117A-3123A-9999A-9999E,10,1052512108,300994245,1,1451609,
ID010,310015,ID002,101,3117A-3123A-9999A-9999E,10,1052512108,300994246,1,1451609,
ID010,310015,ID002,101,3117A-3123A-9999A-9999E,10,1052512108,300994247,1,1451609,
ID010,310015,ID002,101,3117A-3123A-9999A-9999E,10,1052512108,300994248,1,1451609,
ID010,310015,ID002,101,3117A-3123A-9999A-9999E,10,1052512108,300994249,1,1451609,
ID010,310015,ID002,101,3117A-3123A-9999A-9999E,10,1052512108,300994250,1,1451609,
ID010,310015,ID002,101,3117A-3123A-9999A-9999E,10,1052512108,300994286,1,1451609,
ID010,310015,ID002,101,3117A-3123A-9999A-9999E,10,1052512108,300994287,1,1451609,
ID010,310015,ID002,101,3117A-3123A-9999A-9999E,10,1052512109,300994329,1,1451609,
ID010,310015,ID002,101,3117A-3123A-9999A-9999E,10,1052512110,300994382,1,1451609,
ID010,310015,ID002,101,3117A-3123A-9999A-9999E,10,1052512110,300994387,1,1451609,
ID010,310015,ID002,101,3117A-3123A-9999A-9999E,10,1052512110,300994389,1,1451609,
ID010,310015,ID002,101,3117A-3123A-9999A-9999E,10,1052512110,300994390,1,1451609,
ID010,310015,ID002,101,3117A-3123A-9999A-9999E,10,1052512110,300994432,1,"",
ID010,310015,ID002,101,3117A-3123A-9999A-9999E,10,1052512110,300994950,1,"",
ID010,310015,ID002,101,3117A-3123A-9999A-9999E,10,1052512110,300995089,1,"",
ID010,310015,ID002,101,3117A-3123A-9999A-9999E,10,1052512110,300995101,1,"",
ID010,310015,ID002,101,3117A-3123A-9999A-9999E,10,1052512111,300995102,1,"",
ID010,310015,ID002,101,3117A-3123A-9999A-9999E,10,1052512111,300995103,1,"",
ID010,310015,ID002,101,3117A-3123A-9999A-9999E,10,1052512111,300995104,1,"",
ID010,310015,ID002,101,3117A-3123A-9999A-9999E,10,1052512111,300995105,1,"",
ID010,310015,ID002,101,3117A-3123A-9999A-9999E,10,1052512111,300995129,1,"",
ID010,310015,ID002,101,3117A-3123A-9999A-9999E,10,1052512111,300995130,1,"",
ID010,310015,ID002,101,3117A-3123A-9999A-9999E,10,1052512111,300995144,1,"",
ID010,310015,ID002,101,3117A-3123A-9999A-9999E,10,1052512111,300995145,1,"",
ID010,310015,ID002,101,3117A-3123A-9999A-9999E,10,1052512112,300995162,1,"",
ID010,310015,ID002,101,3117A-3123A-9999A-9999E,10,1052512112,300995163,1,"",
ID010,310015,ID002,101,3117A-3123A-9999A-9999E,10,1052512112,300995174,1,"",
ID010,310015,ID002,101,3117A-3123A-9999A-9999E,10,1052512112,300995175,1,"",
ID010,310015,ID002,101,3117A-9999A,119,1052501207,300842281,0,1451608,
ID010,310015,ID002,101,3123A-3132A-9999A-9999E,15,1052511613,300988182,1,233372-1-1-133,
ID010,310015,ID002,101,3123A-3132A-9999A-9999E,15,1052511613,300988183,1,233372-1-1-133,
ID010,310015,ID002,101,3123A-3132A-9999A-9999E,15,1052511613,300988184,1,233372-1-1-133,
ID010,310015,ID002,101,3123A-3132A-9999A-9999E,15,1052511613,300988185,1,233372-1-1-133,
ID010,310015,ID002,101,3123A-3132A-9999A-9999E,15,1052511613,300988186,1,233372-1-1-133,
ID010,310015,ID002,101,3123A-3132A-9999A-9999E,15,1052511613,300988187,1,233372-1-1-133,
ID010,310015,ID002,101,3123A-3132A-9999A-9999E,15,1052511613,300988188,1,233372-1-1-134,
ID010,310015,ID002,101,3123A-3132A-9999A-9999E,15,1052511613,300988189,1,233372-1-1-134,
ID010,310015,ID002,101,3123A-3132A-9999A-9999E,15,1052511614,300988258,1,233372-1-1-134,
ID010,310015,ID002,101,3123A-3132A-9999A-9999E,15,1052511614,300988260,1,233372-1-1-134,
ID010,310015,ID002,101,3123A-3132A-9999A-9999E,15,1052511614,300988261,1,233372-1-1-134,
ID010,310015,ID002,101,3123A-3132A-9999A-9999E,15,1052511614,300988266,1,233372-1-1-134,
ID010,310015,ID002,101,3123A-3132A-9999A-9999E,15,1052511614,300988294,1,233372-1-1-134,
ID010,310015,ID002,101,3123A-3132A-9999A-9999E,15,1052511614,300988295,1,233372-1-1-134,
ID010,310015,ID002,101,3132A,16,1052511514,300986606,1,"",
ID010,310015,ID002,101,3132A,16,1052511515,300986680,1,233372-1-1-133,
ID010,310015,ID002,101,3132A,15,1052511605,300987257,1,233372-1-1-132,
ID010,310015,ID002,101,3132A,15,1052511605,300987258,1,233372-1-1-132,
ID010,310015,ID002,101,3132A,15,1052511605,300987259,1,233372-1-1-132,
ID010,310015,ID002,101,3132A,15,1052511605,300987260,1,233372-1-1-132,
ID010,310015,ID002,101,3132A,15,1052511605,300987337,1,233372-1-1-132,
ID010,310015,ID002,101,3132A,15,1052511605,300987338,1,233372-1-1-132,
ID010,310015,ID002,101,3132A,15,1052511605,300987339,1,233372-1-1-132,
ID010,310015,ID002,101,3132A,15,1052511605,300987340,1,233372-1-1-132,
ID010,310015,ID002,101,3132A,15,1052511606,300987388,1,233372-1-1-132,
ID010,310015,ID002,101,3132A,15,1052511606,300987389,1,233372-1-1-132,
ID010,310015,ID002,101,3132A,15,1052511606,300987390,1,233372-1-1-132,
ID010,310015,ID002,101,3132A,15,1052511606,300987391,1,233372-1-1-132,
ID010,310015,ID002,101,3132A,15,1052511606,300987426,1,233372-1-1-132,
ID010,310015,ID002,101,3132A,15,1052511611,300987773,1,233372-1-1-132,
ID010,310015,ID002,101,3132A,15,1052511611,300987774,1,233372-1-1-132,
ID010,310015,ID002,101,3132A,15,1052511612,300987801,1,233372-1-1-133,
ID010,310015,ID002,101,3132A,15,1052511612,300987802,1,233372-1-1-133,
ID010,310015,ID002,101,3132A,15,1052511612,300987803,1,233372-1-1-133,
ID010,310015,ID002,101,3132A,15,1052511612,300987804,1,233372-1-1-133,
ID010,310015,ID002,101,3132A,15,1052511612,300988099,1,233372-1-1-133,
ID010,310015,ID002,101,3132A,15,1052511612,300988100,1,233372-1-1-133,
ID010,310015,ID002,101,3132A,15,1052511612,300988101,1,233372-1-1-133,
ID010,310015,ID002,101,3132A,15,1052511612,300988102,1,233372-1-1-133,
ID010,310015,ID002,101,3132A,14,1052511701,300988351,1,233372-1-1-135,
ID010,310015,ID002,101,3132A,14,1052511701,300988352,1,233372-1-1-135,
ID010,310015,ID002,101,3132A,14,1052511702,300988353,1,233372-1-1-134,
ID010,310015,ID002,101,3132A,14,1052511702,300988354,1,233372-1-1-134,
ID010,310015,ID002,101,3132A,14,1052511702,300988390,1,233372-1-1-134,
ID010,310015,ID002,101,3132A,14,1052511702,300988391,1,233372-1-1-134,
ID010,310015,ID002,101,3132A,14,1052511702,300988392,1,233372-1-1-134,
ID010,310015,ID002,101,3132A,14,1052511702,300988393,1,233372-1-1-134,
ID010,310015,ID002,101,3132A,14,1052511702,300988394,1,233372-1-1-134,
ID010,310015,ID002,101,3132A,14,1052511702,300988395,1,1451608,
ID010,310015,ID002,101,9999A-9999E,62,1052506903,300923233,1,"",
ID010,310086,ID002,101,3139A-3140A-9999A,37,1052509435,300956920,1,"",
ID010,310086,ID002,101,3139A-3140A-9999A,37,1052509435,300956925,1,"",
ID010,310086,ID002,101,3139A-3140A-9999A,37,1052509435,300956936,1,"",
ID010,310086,ID002,101,3139A-3140A-9999A,37,1052509435,300956940,1,"",
ID010,310086,ID002,101,3139A-3140A-9999A,37,1052509435,300956943,1,"",
ID010,310086,ID002,101,3139A-3140A-9999A,37,1052509435,300956945,1,"",
ID010,310086,ID002,101,3139A-3140A-9999A,37,1052509435,300956951,1,"",
ID010,310086,ID002,101,3139A-3140A-9999A,37,1052509435,300956954,1,"",
ID010,310086,ID002,101,3139A-3140A-9999A,37,1052509436,300956990,1,"",
ID010,310086,ID002,101,3139A-3140A-9999A,37,1052509436,300957028,1,"",
ID010,310086,ID002,101,3139A-3140A-9999A,37,1052509439,300957157,1,"",
ID010,310086,ID002,101,3139A-3140A-9999A,37,1052509439,300957158,1,"",
ID010,310086,ID002,101,3139A-3140A-9999A,37,1052509439,300957167,1,"",
ID010,310086,ID002,101,3139A-3140A-9999A,37,1052509439,300957168,1,"",
ID010,310086,ID002,101,3139A-3140A-9999A,37,1052509439,300957174,1,"",
ID010,310086,ID002,101,3139A-3140A-9999A,37,1052509439,300957175,1,"",
ID010,310086,ID002,101,3139A-3140A-9999A,37,1052509439,300957181,1,"",
ID010,310086,ID002,101,3139A-3140A-9999A,37,1052509439,300957182,1,"",
ID010,310086,ID002,101,3139A-3140A-9999A,37,1052509440,300957196,1,"",
ID010,310086,ID002,101,3139A-3140A-9999A,37,1052509440,300957197,1,"",
ID010,310086,ID002,101,3139A-3140A-9999A,37,1052509440,300957200,1,"",
ID010,310086,ID002,101,3139A-3140A-9999A,37,1052509440,300957206,1,"",
ID010,310086,ID002,101,3139A-3140A-9999A,37,1052509440,300957210,1,"",
ID010,310086,ID002,101,3139A-3140A-9999A,37,1052509443,300957373,1,"",
ID010,310086,ID002,101,3139A-3140A-9999A,37,1052509443,300957374,1,"",
ID010,310086,ID002,101,3139A-3140A-9999A,37,1052509443,300957387,1,"",
ID010,310086,ID002,101,3139A-3140A-9999A,37,1052509443,300957388,1,"",
ID010,310086,ID002,101,3139A-3140A-9999A,37,1052509443,300957408,1,"",
ID010,310086,ID002,101,3139A-3140A-9999A,37,1052509443,300957409,1,"",
ID010,310086,ID002,101,3139A-3140A-9999A,37,1052509443,300957410,1,"",
ID010,310086,ID002,101,3139A-3140A-9999A,37,1052509443,300957411,1,"",
ID010,310086,ID002,101,3139A-3140A-9999A,37,1052509444,300957413,1,"",
ID010,310086,ID002,101,3139A-3140A-9999A,37,1052509444,300957414,1,"",
ID010,310086,ID002,101,3139A-3140A-9999A,36,1052509531,300958959,1,"",
ID010,310086,ID002,101,3139A-3140A-9999A,36,1052509531,300958976,1,"",
ID010,310086,ID002,101,3139A-3140A-9999A,36,1052509531,300958977,1,"",
ID010,310086,ID002,101,3139A-3140A-9999A,36,1052509531,300958978,1,"",
ID010,310086,ID002,101,3139A-3140A-9999A,36,1052509531,300958979,1,"",
ID010,310086,ID002,101,3139A-3140A-9999A,36,1052509531,300959002,1,"",
ID010,310086,ID002,101,3139A-3140A-9999A,36,1052509531,300959003,1,"",
ID010,310086,ID002,101,3139A-3140A-9999A,36,1052509532,300959019,1,"",
ID010,310086,ID002,101,3139A-3140A-9999A,36,1052509532,300959020,1,"",
ID010,310086,ID002,101,3139A-3140A-9999A,36,1052509532,300959021,1,"",
ID010,310086,ID002,101,3139A-3140A-9999A,36,1052509532,300959022,1,"",
ID010,310086,ID002,101,3139A-3140A-9999A,36,1052509532,300959041,1,"",
ID010,310086,ID002,101,3139A-3140A-9999A,36,1052509532,300959043,1,"",
ID010,310086,ID002,101,3139A-3140A-9999A,36,1052509532,300959044,1,"",
ID010,310086,ID002,101,3139A-3140A-9999A,36,1052509532,300959046,1,"",
ID010,310086,ID002,101,3139A-3140A-9999A,36,1052509533,300959070,1,"",
ID010,310086,ID002,101,3139A-3140A-9999A,36,1052509533,300959071,1,"",
ID010,310086,ID002,101,3139A-3140A-9999A,36,1052509533,300959072,1,"",
ID010,310086,ID002,101,3139A-3140A-9999A,36,1052509533,300959073,1,"",
ID010,310086,ID002,101,3139A-3140A-9999A,36,1052509533,300959077,1,"",
ID010,310086,ID002,101,3139A-3140A-9999A,36,1052509533,300959078,1,"",
ID010,310086,ID002,101,3139A-3140A-9999A,36,1052509533,300959107,1,"",
ID010,310086,ID002,101,3139A-3140A-9999A,36,1052509533,300959108,1,"",
ID010,310086,ID002,101,3139A-3140A-9999A,36,1052509534,300959111,1,"",
ID010,310086,ID002,101,3139A-3140A-9999A,36,1052509534,300959113,1,"",
ID010,310086,ID002,101,3139A-3140A-9999A,36,1052509534,300959132,1,"",
ID010,310086,ID002,101,3139A-3140A-9999A,36,1052509534,300959133,1,"",
ID010,310086,ID002,101,3139A-3140A-9999A,36,1052509534,300959134,1,"",
ID010,310086,ID002,101,3139A-3140A-9999A,36,1052509534,300959135,1,"",
ID010,310086,ID002,101,3139A-3140A-9999A,36,1052509534,300959145,1,"",
ID010,310086,ID002,101,3139A-3140A-9999A,36,1052509534,300959146,1,"",
ID010,310086,ID002,101,3139A-3140A-9999A,36,1052509535,300959147,1,"",
ID010,310086,ID002,101,3139A-3140A-9999A,36,1052509535,300959148,1,"",
ID010,310086,ID002,101,3139A-3140A-9999A,36,1052509535,300959162,1,"",
ID010,310086,ID002,101,3139A-3140A-9999A,36,1052509535,300959163,1,"",
ID010,310086,ID002,101,3139A-3140A-9999A,36,1052509535,300959164,1,"",
ID010,310086,ID002,101,3139A-3140A-9999A,36,1052509535,300959165,1,"",
ID010,310086,ID002,101,3139A-3140A-9999A,36,1052509535,300959171,1,"",
ID010,310086,ID002,101,3139A-3140A-9999A,36,1052509535,300959172,1,"",
ID010,310086,ID002,101,3139A-3140A-9999A,33,1052509831,300963074,1,"",
ID010,310086,ID002,101,3139A-3140A-9999A,33,1052509831,300963075,1,"",
ID010,310086,ID002,101,3139A-3140A-9999A,33,1052509831,300963078,1,"",
ID010,310086,ID002,101,3139A-3140A-9999A,33,1052509831,300963079,1,"",
ID010,310086,ID002,101,3139A-3140A-9999A,33,1052509831,300963092,1,"",
ID010,310086,ID002,101,3139A-3140A-9999A,33,1052509831,300963093,1,"",
ID010,310086,ID002,101,3139A-3140A-9999A,33,1052509831,300963125,1,"",
ID010,310086,ID002,101,3139A-3140A-9999A,33,1052509831,300963126,1,"",
ID010,310086,ID002,101,3139A-3140A-9999A,33,1052509832,300963135,1,"",
ID010,310086,ID002,101,3139A-3140A-9999A,33,1052509832,300963137,1,"",
ID010,310086,ID002,101,3139A-3140A-9999A,33,1052509832,300963140,1,"",
ID010,310086,ID002,101,3139A-3140A-9999A,33,1052509832,300963141,1,"",
ID010,310086,ID002,101,3139A-3140A-9999A,33,1052509832,300963144,1,"",
ID010,310086,ID002,101,3139A-3140A-9999A,33,1052509832,300963145,1,"",
ID010,310086,ID002,101,3139A-3140A-9999A,33,1052509832,300963146,1,"",
ID010,310086,ID002,101,3139A-3140A-9999A,33,1052509832,300963147,1,"",
ID010,310086,ID002,101,3139A-3140A-9999A,33,1052509833,300963184,1,"",
ID010,310086,ID002,101,3139A-3140A-9999A,33,1052509833,300963185,1,"",
ID010,310086,ID002,101,3139A-3140A-9999A,33,1052509833,300963188,1,"",
ID010,310086,ID002,101,3139A-3140A-9999A,33,1052509833,300963216,1,"",
ID010,310086,ID002,101,3139A-3140A-9999A,33,1052509833,300963218,1,"",
ID010,310086,ID002,101,3139A-3140A-9999A,33,1052509833,300963219,1,"",
ID010,310086,ID002,101,3139A-3140A-9999A,33,1052509833,300963220,1,"",
ID010,310086,ID002,101,3139A-3140A-9999A,33,1052509834,300963228,1,"",
ID010,310086,ID002,101,3139A-3140A-9999A,33,1052509834,300963229,1,"",
ID010,310086,ID002,101,3139A-3140A-9999A,33,1052509834,300963231,1,"",
ID010,310086,ID002,101,3139A-3140A-9999A,33,1052509834,300963232,1,"",
ID010,310086,ID002,101,3139A-3140A-9999A,33,1052509834,300963233,1,"",
ID010,310086,ID002,101,3139A-3140A-9999A,33,1052509834,300963237,1,"",
ID010,310086,ID002,101,3139A-3140A-9999A,33,1052509834,300963276,1,"",
ID010,310086,ID002,101,3139A-3140A-9999A,33,1052509834,300963277,1,"",
ID010,310086,ID002,101,3139A-3140A-9999A,32,1052509931,300963342,1,"",
ID010,310086,ID002,101,3139A-3140A-9999A,32,1052509931,300963343,1,"",
ID010,310086,ID002,101,3139A-3140A-9999A,32,1052509931,300963344,1,"",
ID010,310086,ID002,101,3139A-3140A-9999A,32,1052509931,300963345,1,"",
ID010,310086,ID002,101,3139A-3140A-9999A,32,1052509931,300963346,1,"",
ID010,310086,ID002,101,3139A-3140A-9999A,32,1052509931,300963347,1,"",
ID010,310086,ID002,101,3139A-3140A-9999A,32,1052509931,300963348,1,"",
ID010,310086,ID002,101,3139A-3140A-9999A,32,1052509931,300963349,1,"",
ID010,310086,ID002,101,3139A-3140A-9999A,32,1052509932,300963350,1,"",
ID010,310086,ID002,101,3139A-3140A-9999A,32,1052509932,300963351,1,"",
ID010,310086,ID002,101,3139A-3140A-9999A,32,1052509932,300963352,1,"",
ID010,310086,ID002,101,3139A-3140A-9999A,32,1052509932,300963354,1,"",
ID010,310086,ID002,101,3139A-3140A-9999A,32,1052509932,300963355,1,"",
ID010,310086,ID002,101,3139A-3140A-9999A,32,1052509932,300963356,1,"",
ID010,310086,ID002,101,3139A-3140A-9999A,32,1052509932,300963397,1,"",
ID010,310086,ID002,101,3139A-3140A-9999A,32,1052509932,300963398,1,"",
ID010,310086,ID002,101,3139A-3140A-9999A,32,1052509933,300963400,1,"",
ID010,310086,ID002,101,3139A-3140A-9999A,32,1052509933,300963401,1,"",
ID010,310086,ID002,101,3139A-3140A-9999A,32,1052509933,300963402,1,"",
ID010,310086,ID002,101,3139A-3140A-9999A,32,1052509933,300963404,1,"",
ID010,310086,ID002,101,3139A-3140A-9999A,32,1052509933,300963406,1,"",
ID010,310086,ID002,101,3139A-3140A-9999A,32,1052509933,300963407,1,"",
ID010,310086,ID002,101,3139A-3140A-9999A,32,1052509933,300963408,1,"",
ID010,310086,ID002,101,3139A-3140A-9999A,32,1052509933,300963409,1,"",
ID010,310086,ID002,101,3139A-3140A-9999A,32,1052509934,300963419,1,"",
ID010,310086,ID002,101,3139A-3140A-9999A,32,1052509934,300963420,1,"",
ID010,310086,ID002,101,3139A-3140A-9999A,32,1052509934,300963421,1,"",
ID010,310086,ID002,101,3139A-3140A-9999A,32,1052509934,300963422,1,"",
ID010,310086,ID002,101,3139A-3140A-9999A,32,1052509934,300963480,1,"",
ID010,310086,ID002,101,3139A-3140A-9999A,32,1052509934,300963481,1,"",
ID010,310086,ID002,101,3139A-3140A-9999A,32,1052509934,300963486,1,"",
ID010,310086,ID002,101,3139A-3140A-9999A,32,1052509934,300963487,1,"",
ID010,310086,ID002,101,3139A-3140A-9999A,32,1052509935,300963511,1,"",
ID010,310086,ID002,101,3139A-3140A-9999A,32,1052509935,300963512,1,"",
ID010,310086,ID002,101,3139A-3140A-9999A,32,1052509935,300963513,1,"",
ID010,310086,ID002,101,3139A-3140A-9999A,32,1052509935,300963514,1,"",
ID010,310086,ID002,101,3139A-3140A-9999A,32,1052509935,300963532,1,"",
ID010,310086,ID002,101,3139A-3140A-9999A,32,1052509935,300963533,1,"",
ID010,310086,ID002,101,3139A-3140A-9999A,32,1052509935,300963534,1,"",
ID010,310086,ID002,101,3139A-3140A-9999A,32,1052509935,300963535,1,"",
ID010,310086,ID002,101,3139A-3140A-9999A,32,1052509936,300963544,1,"",
ID010,310086,ID002,101,3139A-3140A-9999A,32,1052509936,300963545,1,"",
ID010,310086,ID002,101,3139A-3140A-9999A,32,1052509936,300963562,1,"",
ID010,310086,ID002,101,3139A-3140A-9999A,32,1052509936,300963563,1,"",
ID010,310086,ID002,101,3139A-3140A-9999A,32,1052509936,300963566,1,"",
ID010,310086,ID002,101,3139A-3140A-9999A,32,1052509936,300963567,1,"",
ID010,310086,ID002,101,3139A-3140A-9999A,32,1052509936,300963590,1,"",
ID010,310086,ID002,101,3139A-3140A-9999A,32,1052509936,300963594,1,"",
ID010,310086,ID002,101,3139A-3140A-9999A,32,1052509937,300963628,1,"",
ID010,310086,ID002,101,3139A-3140A-9999A,32,1052509937,300963629,1,"",
ID010,310086,ID002,101,3139A-3140A-9999A,32,1052509937,300963630,1,"",
ID010,310086,ID002,101,3139A-3140A-9999A,32,1052509937,300963631,1,"",
ID010,310086,ID002,101,3139A-3140A-9999A,32,1052509937,300963633,1,"",
ID010,310086,ID002,101,3139A-3140A-9999A,32,1052509937,300963634,1,"",
ID010,310086,ID002,101,3139A-3140A-9999A,32,1052509937,300963655,1,"",
ID010,310086,ID002,101,3139A-3140A-9999A,32,1052509937,300963656,1,"",
ID010,310086,ID002,101,3139A-3140A-9999A,32,1052509938,300963665,1,"",
ID010,310086,ID002,101,3139A-3140A-9999A,32,1052509938,300963666,1,"",
ID010,310086,ID002,101,3139A-3140A-9999A,32,1052509938,300963672,1,"",
ID010,310086,ID002,101,3139A-3140A-9999A,32,1052509938,300963673,1,"",
ID010,310086,ID002,101,3139A-3140A-9999A,32,1052509938,300963686,1,"",
ID010,310086,ID002,101,3139A-3140A-9999A,32,1052509938,300963687,1,"",
ID010,310086,ID002,101,3139A-3140A-9999A,32,1052509938,300963714,1,"",
ID010,310086,ID002,101,3139A-3140A-9999A,32,1052509938,300963715,1,"",
ID010,310086,ID002,101,3139A-3140A-9999A,32,1052509939,300963738,1,"",
ID010,310086,ID002,101,3139A-3140A-9999A,32,1052509939,300963739,1,"",
ID010,310086,ID002,101,3139A-3140A-9999A,32,1052509939,300963740,1,"",
ID010,310086,ID002,101,3139A-3140A-9999A,32,1052509939,300963741,1,"",
ID010,310086,ID002,101,3139A-3140A-9999A,32,1052509939,300963749,1,"",
ID010,310086,ID002,101,3139A-3140A-9999A,32,1052509939,300963750,1,"",
ID010,310086,ID002,101,3139A-3140A-9999A,32,1052509939,300963752,1,"",
ID010,310086,ID002,101,3139A-3140A-9999A,32,1052509939,300963753,1,"",
ID010,310086,ID002,101,3139A-3140A-9999A,32,1052509940,300963756,1,"",
ID010,310086,ID002,101,3139A-3140A-9999A,32,1052509940,300963757,1,"",
ID010,310086,ID002,101,3139A-3140A-9999A,32,1052509940,300963764,1,"",
ID010,310086,ID002,101,3139A-3140A-9999A,32,1052509940,300963765,1,"",
ID010,310086,ID002,101,3139A-3140A-9999A,32,1052509940,300963773,1,"",
ID010,310086,ID002,101,3139A-3140A-9999A,32,1052509940,300963774,1,"",
ID010,310086,ID002,101,3139A-3140A-9999A,32,1052509940,300963796,1,"",
ID010,310086,ID002,101,3139A-3140A-9999A,32,1052509940,300963797,1,"",
ID010,310086,ID002,101,3139A-3140A-9999A,32,1052509941,300963810,1,"",
ID010,310086,ID002,101,3139A-3140A-9999A,32,1052509941,300963811,1,"",
ID010,310086,ID002,101,3139A-3140A-9999A,32,1052509941,300963812,1,"",
ID010,310086,ID002,101,3139A-3140A-9999A,32,1052509941,300963813,1,"",
ID010,310086,ID002,101,3139A-3140A-9999A,32,1052509941,300963829,1,"",
ID010,310086,ID002,101,3139A-3140A-9999A,32,1052509941,300963830,1,"",
ID010,310086,ID002,101,3139A-3140A-9999A,32,1052509941,300963836,1,"",
ID010,310086,ID002,101,3139A-3140A-9999A,32,1052509941,300963838,1,"",
ID010,310086,ID002,101,3139A-3140A-9999A,32,1052509942,300963850,1,"",
ID010,310086,ID002,101,3139A-3140A-9999A,32,1052509942,300963851,1,"",
ID010,310086,ID002,101,3139A-3140A-9999A,32,1052509942,300963869,1,"",
ID010,310086,ID002,101,3139A-3140A-9999A,32,1052509942,300963870,1,"",
ID010,310086,ID002,101,3139A-3140A-9999A,32,1052509942,300963880,1,"",
ID010,310086,ID002,101,3139A-3140A-9999A,32,1052509942,300963881,1,"",
ID010,310086,ID002,101,3139A-3140A-9999A,32,1052509942,300963882,1,"",
ID010,310086,ID002,101,3139A-3140A-9999A,32,1052509942,300965120,1,"",
ID010,310086,ID002,101,3139A-3140A-9999A,32,1052509943,300963893,1,"",
ID010,310086,ID002,101,3139A-3140A-9999A,32,1052509943,300963894,1,"",
ID010,310086,ID002,101,3139A-3140A-9999A,32,1052509943,300963910,1,"",
ID010,310086,ID002,101,3139A-3140A-9999A,32,1052509943,300963912,1,"",
ID010,310086,ID002,101,3139A-3140A-9999A,32,1052509943,300963932,1,"",
ID010,310086,ID002,101,3139A-3140A-9999A,32,1052509943,300963933,1,"",
ID010,310086,ID002,101,3139A-3140A-9999A,32,1052509943,300963944,1,"",
ID010,310086,ID002,101,3139A-3140A-9999A,32,1052509943,300963945,1,"",
ID010,310086,ID002,101,3139A-3140A-9999A,32,1052509944,300963954,1,"",
ID010,310086,ID002,101,3139A-3140A-9999A,32,1052509944,300963955,1,"",
ID010,310086,ID002,101,3139A-3140A-9999A,32,1052509944,300963958,1,"",
ID010,310086,ID002,101,3139A-3140A-9999A,32,1052509944,300963959,1,"",
ID010,310086,ID002,101,3139A-3140A-9999A,32,1052509944,300963969,1,"",
ID010,310086,ID002,101,3139A-3140A-9999A,32,1052509944,300963970,1,"",
ID010,310086,ID002,101,3139A-3140A-9999A,32,1052509944,300963978,1,"",
ID010,310086,ID002,101,3139A-3140A-9999A,32,1052509944,300963981,1,"",
ID010,310086,ID002,101,3139A-3140A-9999A,32,1052509945,300963984,1,"",
ID010,310086,ID002,101,3139A-3140A-9999A,32,1052509945,300963985,1,"",
ID010,310086,ID002,101,3139A-3140A-9999A,32,1052509945,300963994,1,"",
ID010,310086,ID002,101,3139A-3140A-9999A,32,1052509945,300963995,1,"",
ID010,310086,ID002,101,3139A-3140A-9999A,32,1052509945,300964019,1,"",
ID010,310086,ID002,101,3139A-3140A-9999A,32,1052509945,300964021,1,"",
ID010,310086,ID002,101,3139A-3140A-9999A,32,1052509945,300964030,1,"",
ID010,310086,ID002,101,3139A-3140A-9999A,32,1052509945,300964031,1,"",
ID010,310086,ID002,101,3139A-3140A-9999A,32,1052509946,300964034,1,"",
ID010,310086,ID002,101,3139A-3140A-9999A,32,1052509946,300964035,1,"",
ID010,310086,ID002,101,3139A-3140A-9999A,32,1052509946,300964075,1,"",
ID010,310086,ID002,101,3139A-3140A-9999A,32,1052509946,300964076,1,"",
ID010,310086,ID002,101,3139A-3140A-9999A,32,1052509946,300964077,1,"",
ID010,310086,ID002,101,3139A-3140A-9999A,32,1052509946,300964078,1,"",
ID010,310086,ID002,101,3139A-3140A-9999A,32,1052509946,300964082,1,"",
ID010,310086,ID002,101,3139A-3140A-9999A,32,1052509946,300964083,1,"",
ID010,310086,ID002,101,3139A-3140A-9999A,32,1052509947,300964185,1,"",
ID010,310086,ID002,101,3139A-3140A-9999A,32,1052509947,300964187,1,"",
ID010,310086,ID002,101,3139A-3140A-9999A,32,1052509947,300964189,0,"",
ID010,310086,ID002,101,3139A-3140A-9999A,32,1052509947,300964546,1,"",
ID010,310086,ID002,101,3139A-3140A-9999A,31,1052510031,300965434,1,"",
ID010,310086,ID002,101,3139A-3140A-9999A,31,1052510031,300965435,0,"",
ID010,310086,ID002,101,3139A-3140A-9999A,21,1052511031,300978455,1,"",
ID010,310086,ID002,101,3139A-3140A-9999A,21,1052511031,300978456,1,"",
ID010,310086,ID002,101,3139A-3140A-9999A,21,1052511031,300978457,1,"",
ID010,310086,ID002,101,3139A-3140A-9999A,21,1052511031,300978458,1,"",
ID010,310086,ID002,101,3139A-3140A-9999A,21,1052511031,300978552,1,"",
ID010,310086,ID002,101,3139A-3140A-9999A,21,1052511031,300978555,1,"",
ID010,310086,ID002,101,3139A-3140A-9999A,21,1052511032,300978559,1,"",
ID010,310086,ID002,101,3139A-3140A-9999A,21,1052511032,300978567,1,"",
ID010,310086,ID002,101,3139A-3140A-9999A,21,1052511032,300978568,1,"",
ID010,310086,ID002,101,3139A-3140A-9999A,21,1052511032,300978569,1,"",
ID010,310086,ID002,101,3139A-3140A-9999A,21,1052511032,300978570,1,"",
ID010,310086,ID002,101,3139A-3140A-9999A,21,1052511032,300978571,1,"",
ID010,310086,ID002,101,3139A-3140A-9999A,21,1052511032,300978592,1,"",
ID010,310086,ID002,101,3139A-3140A-9999A,21,1052511032,300978593,1,"",
ID010,310086,ID002,101,3139A-3140A-9999A,19,1052511232,300982410,1,"",
ID010,310086,ID002,101,3139A-3140A-9999A,19,1052511232,300982411,1,"",
ID010,310086,ID002,101,3139A-3140A-9999A,19,1052511232,300982412,1,"",
ID010,310086,ID002,101,3139A-3140A-9999A,19,1052511232,300982414,1,"",
ID010,310086,ID002,101,3139A-3140A-9999A,19,1052511233,300982530,1,"",
ID010,310086,ID002,101,3139A-3140A-9999A,19,1052511233,300982531,1,"",
ID010,310086,ID002,101,3139A-3140A-9999A,19,1052511233,300982532,1,"",
ID010,310086,ID002,101,3139A-3140A-9999A,19,1052511233,300982533,1,"",
ID010,310086,ID002,101,3139A-3140A-9999A,19,1052511233,300982534,1,"",
ID010,310086,ID002,101,3139A-3140A-9999A,19,1052511233,300982535,1,"",
ID010,310086,ID002,101,3139A-3140A-9999A,19,1052511233,300982536,1,"",
ID010,310086,ID002,101,3139A-3140A-9999A,19,1052511233,300982537,1,"",
ID010,310086,ID002,101,3139A-3140A-9999A,19,1052511234,300982546,1,"",
ID010,310086,ID002,101,3139A-3140A-9999A,19,1052511234,300982547,1,"",
ID010,310086,ID002,101,3139A-3140A-9999A,19,1052511234,300982548,1,"",
ID010,310086,ID002,101,3139A-3140A-9999A,19,1052511234,300982549,1,"",
ID010,310086,ID002,101,3139A-3140A-9999A,19,1052511234,300982550,1,"",
ID010,310086,ID002,101,3139A-3140A-9999A,19,1052511234,300982551,1,"",
ID010,310086,ID002,101,3139A-3140A-9999A,19,1052511234,300982552,1,"",
ID010,310086,ID002,101,3139A-3140A-9999A,19,1052511234,300982560,1,"",
ID010,310086,ID002,101,3139A-3140A-9999A,18,1052511338,300983247,1,"",
ID010,310086,ID002,101,3139A-3140A-9999A,18,1052511338,300983248,1,"",
ID010,310086,ID002,101,3139A-3140A-9999A,18,1052511338,300983262,1,"",
ID010,310086,ID002,101,3139A-3140A-9999A,18,1052511338,300983264,1,"",
ID010,310086,ID002,101,3139A-3140A-9999A,18,1052511338,300983274,1,"",
ID010,310086,ID002,101,3139A-3140A-9999A,18,1052511338,300983275,1,"",
ID010,310086,ID002,101,3139A-3140A-9999A,18,1052511338,300983291,1,"",
ID010,310086,ID002,101,3139A-3140A-9999A,18,1052511338,300983292,1,"",
ID010,310086,ID002,101,3139A-3140A-9999A,18,1052511339,300983300,1,"",
ID010,310086,ID002,101,3139A-3140A-9999A,18,1052511339,300983303,1,"",
ID010,310086,ID002,101,3139A-3140A-9999A,18,1052511339,300983309,1,"",
ID010,310086,ID002,101,3139A-3140A-9999A,18,1052511339,300983310,1,"",
ID010,310086,ID002,101,3139A-3140A-9999A,18,1052511339,300983312,1,"",
ID010,310086,ID002,101,3139A-3140A-9999A,18,1052511339,300983313,1,"",
ID010,310086,ID002,101,3139A-3140A-9999A,18,1052511339,300983334,1,"",
ID010,310086,ID002,101,3139A-3140A-9999A,18,1052511339,300983335,1,"",
ID010,310086,ID002,101,3139A-3140A-9999A,18,1052511340,300983340,1,"",
ID010,310086,ID002,101,3139A-3140A-9999A,18,1052511340,300983341,1,"",
ID010,310086,ID002,101,3139A-3140A-9999A,18,1052511340,300983350,1,"",
ID010,310086,ID002,101,3139A-3140A-9999A,18,1052511340,300983351,1,"",
ID010,310086,ID002,101,3139A-3140A-9999A,18,1052511340,300983355,1,"",
ID010,310086,ID002,101,3139A-3140A-9999A,18,1052511340,300983365,1,"",
ID010,310086,ID002,101,3139A-3140A-9999A,18,1052511340,300983366,1,"",
ID010,310086,ID002,101,3139A-3140A-9999A,18,1052511340,300984300,1,"",
ID010,310086,ID002,101,3139A-3140A-9999A,18,1052511341,300983381,1,"",
ID010,310086,ID002,101,3139A-3140A-9999A,18,1052511341,300983382,1,"",
ID010,310086,ID002,101,3139A-3140A-9999A,18,1052511341,300983393,1,"",
ID010,310086,ID002,101,3139A-3140A-9999A,18,1052511341,300983394,1,"",
ID010,310086,ID002,101,3139A-3140A-9999A,18,1052511341,300983399,1,"",
ID010,310086,ID002,101,3139A-3140A-9999A,18,1052511341,300983400,1,"",
ID010,310086,ID002,101,3139A-3140A-9999A,18,1052511341,300983405,1,"",
ID010,310086,ID002,101,3139A-3140A-9999A,18,1052511341,300983406,1,"",
ID010,310086,ID002,101,3139A-3140A-9999A,18,1052511342,300983429,1,"",
ID010,310086,ID002,101,3139A-3140A-9999A,18,1052511342,300983430,1,"",
ID010,310086,ID002,101,3139A-3140A-9999A,18,1052511342,300983433,1,"",
ID010,310086,ID002,101,3139A-3140A-9999A,18,1052511342,300983435,1,"",
ID010,310086,ID002,101,3139A-3140A-9999A,18,1052511342,300983442,1,"",
ID010,310086,ID002,101,3139A-3140A-9999A,18,1052511342,300983443,1,"",
ID010,310086,ID002,101,3139A-3140A-9999A,18,1052511342,300983449,1,"",
ID010,310086,ID002,101,3139A-3140A-9999A,18,1052511342,300983450,1,"",
ID010,310086,ID002,101,3139A-3140A-9999A,18,1052511343,300983454,1,"",
ID010,310086,ID002,101,3139A-3140A-9999A,18,1052511343,300983455,1,"",
ID010,310086,ID002,101,3139A-3140A-9999A,18,1052511343,300983456,1,"",
ID010,310086,ID002,101,3139A-3140A-9999A,18,1052511343,300983458,1,"",
ID010,310086,ID002,101,3139A-3140A-9999A,18,1052511343,300983486,1,"",
ID010,310086,ID002,101,3139A-3140A-9999A,18,1052511343,300983488,1,"",
ID010,310086,ID002,101,3139A-3140A-9999A,18,1052511343,300983501,1,"",
ID010,310086,ID002,101,3139A-3140A-9999A,18,1052511343,300984301,1,"",
ID010,310086,ID002,101,3139A-3140A-9999A,18,1052511344,300983503,1,"",
ID010,310086,ID002,101,3139A-3140A-9999A,18,1052511344,300983607,1,"",
ID010,310086,ID002,101,3139A-3140A-9999A,18,1052511344,300983610,1,"",
ID010,310086,ID002,101,3139A-3140A-9999A,18,1052511344,300983624,1,"",
ID010,310086,ID002,101,3139A-3140A-9999A,18,1052511344,300983625,1,"",
ID010,310086,ID002,101,3139A-3140A-9999A,18,1052511344,300983670,1,"",
ID010,310086,ID002,101,3139A-3140A-9999A,18,1052511344,300983765,1,"",
ID010,310086,ID002,101,3139A-3140A-9999A,18,1052511344,300983766,1,"",
ID010,310086,ID002,101,3139A-3140A-9999A,18,1052511345,300983767,1,"",
ID010,310086,ID002,101,3139A-3140A-9999A,18,1052511345,300983768,1,"",
ID010,310086,ID002,101,3139A-3140A-9999A,18,1052511345,300983769,1,"",
ID010,310086,ID002,101,3139A-3140A-9999A,18,1052511345,300983770,1,"",
ID010,310086,ID002,101,3139A-3140A-9999A,18,1052511345,300983782,1,"",
ID010,310086,ID002,101,3139A-3140A-9999A,18,1052511345,300983938,1,"",
ID010,310086,ID002,101,3139A-3140A-9999A,18,1052511345,300983939,1,"",
ID010,310086,ID002,101,3140A,69,1052506231,300912841,1,"",
ID010,310086,ID002,101,3140A,69,1052506231,300912845,1,"",
ID010,310086,ID002,102,9999A,75,1052505631,300903270,1,"",
ID010,310086,ID002,102,9999A,75,1052505631,300903271,1,"",
ID010,310086,ID002,102,9999A,75,1052505631,300903277,1,"",
ID010,310086,ID002,102,9999A,75,1052505631,300903282,1,"",
ID010,310086,ID002,102,9999A,75,1052505631,300903337,1,"",
ID010,310086,ID002,102,9999A,75,1052505631,300903339,1,"",
ID010,310768,ID002,101,3200A-9999A,31,1052510021,300965914,1,"",
ID010,310768,ID002,101,3200A-9999A,31,1052510021,300965916,1,"",
ID010,310768,ID002,101,3200A-9999A,31,1052510021,300965917,1,"",
ID010,310768,ID002,101,3200A-9999A,31,1052510021,300965918,1,"",
ID010,310768,ID002,101,3200A-9999A,31,1052510021,300965919,1,"",
ID010,310768,ID002,101,3200A-9999A,31,1052510024,300966124,1,"",
ID010,310768,ID002,101,3200A-9999A,31,1052510024,300966125,1,"",
ID010,310768,ID002,101,3200A-9999A,31,1052510024,300966126,1,"",
ID010,310768,ID002,101,3200A-9999A,31,1052510024,300966127,1,"",
ID010,310768,ID002,101,3200A-9999A,31,1052510024,300966129,1,"",
ID010,310768,ID002,101,3200A-9999A,31,1052510024,300966130,1,"",
ID012,310015,WA001,101,9999A-9999E,99,1002503206,300871082,1,"",
ID012,310015,WA001,101,9999A-9999E,99,1002503206,300871083,0,"",
ID012,310018,WA001,102,9999A,118,1002501303,300843710,0,"",
MEX002,310015,ID002,101,3117A-3117A-3123A-3123A-3123A-9999A-9999E-9999A-9999E,100,1052503108,300868464,0,"",
MEX002,310015,ID002,101,3117A-3117A-9999A-9999A,100,1052503109,300868759,0,"",
MEX002,310015,ID002,101,3117A-3117A-9999A-9999A,100,1052503109,300868760,1,"",
MEX002,310015,ID002,101,3117A-3117A-9999A-9999A,78,1052505306,300898463,0,"",
MEX002,310015,ID002,101,3117A-3117A-9999A-9999A,78,1052505308,300898653,0,"",
MEX002,310015,ID002,101,3117A-3117S-3123A-3123A-9999A-9999E,103,1052502804,300863969,0,"",
MEX002,310015,ID002,101,3117A-3123A-3123A-9999A-9999E,93,1052503809,300878158,0,"",
MEX002,310015,ID002,101,3117A-3123A-3123A-9999A-9999E,62,1052506902,300921307,1,"",
MEX002,310015,ID002,101,3117A-3123A-3123A-9999A-9999E,62,1052506902,300921308,1,"",
MEX002,310015,ID002,101,3117A-3123A-3123A-9999A-9999E,62,1052506902,300921309,1,"",
MEX002,310015,ID002,101,3117A-3123A-3132A-9999A,99,1052503201,300869623,1,"",
MEX002,310015,ID002,101,3117A-3123A-3132A-9999A,99,1052503202,300869726,0,"",
MEX002,310015,ID002,101,3117A-3123A-3132A-9999A,99,1052503203,300873039,0,"",
MEX002,310015,ID002,101,3117A-3123A-3132A-9999A,89,1052504203,300883377,0,"",
MEX002,310015,ID002,101,3117A-3123A-3132A-9999A,89,1052504203,300883391,0,"",
MEX002,310015,ID002,101,3117A-3123A-3132A-9999A,82,1052504905,300892595,0,"",
MEX002,310015,ID002,101,3117A-3123A-3132A-9999A,82,1052504906,300892688,0,"",
MEX002,310015,ID002,101,3117A-3123A-3132A-9999A-9999E,118,1052501306,300843550,0,"",
MEX002,310015,ID002,101,3117A-3123A-3132A-9999A-9999E,106,1052502509,300860089,0,"",
MEX002,310015,ID002,101,3117A-3123A-3132A-9999A-9999E,106,1052502510,300860122,0,"",
MEX002,310015,ID002,101,3117A-3123A-3132A-9999A-9999E,106,1052502511,300860213,0,"",
MEX002,310015,ID002,101,3117A-3123A-3132A-9999A-9999E,103,1052502801,300863606,0,"",
MEX002,310015,ID002,101,3117A-3123A-3132A-9999A-9999E,103,1052502802,300863688,0,"",
MEX002,310015,ID002,101,3117A-3123A-3132A-9999A-9999E,103,1052502811,300864543,0,"",
MEX002,310015,ID002,101,3117A-3123A-3132A-9999A-9999E,103,1052502812,300864592,0,"",
MEX002,310015,ID002,101,3117A-3123A-3132A-9999A-9999E,103,1052502813,300864788,0,"",
MEX002,310015,ID002,101,3117A-3123A-3132A-9999A-9999E,103,1052502814,300864875,0,"",
MEX002,310015,ID002,101,3117A-3123A-3132A-9999A-9999E,103,1052502814,300864876,0,"",
MEX002,310015,ID002,101,3117A-3123A-3132A-9999A-9999E,103,1052502814,300864877,1,"",
MEX002,310015,ID002,101,3117A-3123A-3132A-9999A-9999E,103,1052502815,300864950,0,"",
MEX002,310015,ID002,101,3117A-3123A-3132A-9999A-9999E,103,1052502816,300865009,0,"",
MEX002,310015,ID002,101,3117A-3123A-3132A-9999A-9999E,103,1052502816,300865010,1,"",
MEX002,310015,ID002,101,3117A-3123A-3132A-9999A-9999E,99,1052503213,300870715,0,"",
MEX002,310015,ID002,101,3117A-3123A-9999A,99,1052503204,300869922,0,"",
MEX002,310015,ID002,101,3117A-3123A-9999A,99,1052503204,300869923,1,"",
MEX002,310015,ID002,101,3117A-3123A-9999A,99,1052503205,300869987,0,"",
MEX002,310015,ID002,101,3117A-3123A-9999A,99,1052503205,300869988,1,"",
MEX002,310015,ID002,101,3117A-3123A-9999A,94,1052503712,300877472,0,"",
MEX002,310015,ID002,101,3117A-3123A-9999A,94,1052503713,300877539,0,"",
MEX002,310015,ID002,101,3117A-3123A-9999A,94,1052503714,300877639,0,"",
MEX002,310015,ID002,101,3117A-3123A-9999A,93,1052503814,300878644,0,"",
MEX002,310015,ID002,101,3117A-3123A-9999A,93,1052503815,300878674,0,"",
MEX002,310015,ID002,101,3117A-3123A-9999A,92,1052503901,300882211,0,"",
MEX002,310015,ID002,101,3117A-3123A-9999A,92,1052503902,300879103,0,"",
MEX002,310015,ID002,101,3117A-3123A-9999A,92,1052503903,300879256,0,"",
MEX002,310015,ID002,101,3117A-3123A-9999A,92,1052503904,300879283,0,"",
MEX002,310015,ID002,101,3117A-3123A-9999A,92,1052503910,300879847,0,"",
MEX002,310015,ID002,101,3117A-3123A-9999A,92,1052503911,300879935,0,"",
MEX002,310015,ID002,101,3117A-3123A-9999A,92,1052503912,300879943,0,"",
MEX002,310015,ID002,101,3117A-3123A-9999A,92,1052503913,300882225,0,"",
MEX002,310015,ID002,101,3117A-3123A-9999A,92,1052503915,300880171,0,"",
MEX002,310015,ID002,101,3117A-3123A-9999A,90,1052504110,300882708,0,"",
MEX002,310015,ID002,101,3117A-3123A-9999A,90,1052504111,300882897,0,"",
MEX002,310015,ID002,101,3117A-3123A-9999A,90,1052504112,300883007,0,"",
MEX002,310015,ID002,101,3117A-3123A-9999A,90,1052504113,300883076,0,"",
MEX002,310015,ID002,101,3117A-3123A-9999A,90,1052504114,300883128,0,"",
MEX002,310015,ID002,101,3117A-3123A-9999A,89,1052504201,300883211,0,"",
MEX002,310015,ID002,101,3117A-3123A-9999A,89,1052504202,300883314,0,"",
MEX002,310015,ID002,101,3117A-3123A-9999A,89,1052504204,300883478,0,"",
MEX002,310015,ID002,101,3117A-3123A-9999A,85,1052504607,300889624,0,"",
MEX002,310015,ID002,101,3117A-3123A-9999A,85,1052504608,300889660,0,"",
MEX002,310015,ID002,101,3117A-3123A-9999A,85,1052504609,300889724,0,"",
MEX002,310015,ID002,101,3117A-3123A-9999A,85,1052504610,300889794,0,"",
MEX002,310015,ID002,101,3117A-3123A-9999A,83,1052504814,300892030,0,"",
MEX002,310015,ID002,101,3117A-3123A-9999A,83,1052504815,300892139,0,"",
MEX002,310015,ID002,101,3117A-3123A-9999A,83,1052504815,300892140,0,"",
MEX002,310015,ID002,101,3117A-3123A-9999A,83,1052504816,300892210,0,"",
MEX002,310015,ID002,101,3117A-3123A-9999A,82,1052504901,300892286,0,"",
MEX002,310015,ID002,101,3117A-3123A-9999A,82,1052504902,300892329,0,"",
MEX002,310015,ID002,101,3117A-3123A-9999A,82,1052504903,300892456,0,"",
MEX002,310015,ID002,101,3117A-3123A-9999A,82,1052504904,300892492,0,"",
MEX002,310015,ID002,101,3117A-3123A-9999A,82,1052504907,300892753,0,"",
MEX002,310015,ID002,101,3117A-3123A-9999A,82,1052504907,300892757,0,"",
MEX002,310015,ID002,101,3117A-3123A-9999A,82,1052504908,300892830,0,"",
MEX002,310015,ID002,101,3117A-3123A-9999A,82,1052504911,300893320,0,"",
MEX002,310015,ID002,101,3117A-3123A-9999A,82,1052504912,300893346,0,"",
MEX002,310015,ID002,101,3117A-3123A-9999A,82,1052504913,300893577,0,"",
MEX002,310015,ID002,101,3117A-3123A-9999A,82,1052504914,300893611,0,"",
MEX002,310015,ID002,101,3117A-3123A-9999A,82,1052504914,300893658,0,"",
MEX002,310015,ID002,101,3117A-3123A-9999A,82,1052504915,300893709,0,"",
MEX002,310015,ID002,101,3117A-3123A-9999A,81,1052505001,300893843,0,"",
MEX002,310015,ID002,101,3117A-3123A-9999A,81,1052505002,300893883,0,"",
MEX002,310015,ID002,101,3117A-3123A-9999A,81,1052505003,300894069,0,"",
MEX002,310015,ID002,101,3117A-3123A-9999A,81,1052505004,300894380,0,"",
MEX002,310015,ID002,101,3117A-3123A-9999A,81,1052505007,300894666,0,"",
MEX002,310015,ID002,101,3117A-3123A-9999A,81,1052505007,300894669,1,"",
MEX002,310015,ID002,101,3117A-3123A-9999A,81,1052505007,300894670,1,"",
MEX002,310015,ID002,101,3117A-3123A-9999A,81,1052505008,300894719,0,"",
MEX002,310015,ID002,101,3117A-3123A-9999A,80,1052505101,300895373,0,"",
MEX002,310015,ID002,101,3117A-3123A-9999A,80,1052505102,300895388,0,"",
MEX002,310015,ID002,101,3117A-3123A-9999A,80,1052505103,300895463,0,"",
MEX002,310015,ID002,101,3117A-3123A-9999A,80,1052505104,300895521,0,"",
MEX002,310015,ID002,101,3117A-3123A-9999A,80,1052505105,300895624,0,"",
MEX002,310015,ID002,101,3117A-3123A-9999A,80,1052505106,300895783,0,"",
MEX002,310015,ID002,101,3117A-3123A-9999A,80,1052505107,300895984,0,"",
MEX002,310015,ID002,101,3117A-3123A-9999A,80,1052505107,300895985,0,"",
MEX002,310015,ID002,101,3117A-3123A-9999A,80,1052505108,300896054,0,"",
MEX002,310015,ID002,101,3117A-3123A-9999A,80,1052505109,300896104,0,"",
MEX002,310015,ID002,101,3117A-3123A-9999A,80,1052505110,300896194,0,"",
MEX002,310015,ID002,101,3117A-3123A-9999A,80,1052505111,300896299,0,"",
MEX002,310015,ID002,101,3117A-3123A-9999A,80,1052505112,300896339,0,"",
MEX002,310015,ID002,101,3117A-3123A-9999A,80,1052505113,300896424,0,"",
MEX002,310015,ID002,101,3117A-3123A-9999A,79,1052505201,300896556,0,"",
MEX002,310015,ID002,101,3117A-3123A-9999A,79,1052505202,300896561,0,"",
MEX002,310015,ID002,101,3117A-3123A-9999A,79,1052505202,300896562,1,"",
MEX002,310015,ID002,101,3117A-3123A-9999A,79,1052505202,300896563,1,"",
MEX002,310015,ID002,101,3117A-3123A-9999A,79,1052505202,300896564,1,"",
MEX002,310015,ID002,101,3117A-3123A-9999A,79,1052505204,300896662,1,"",
MEX002,310015,ID002,101,3117A-3123A-9999A,79,1052505204,300896663,1,"",
MEX002,310015,ID002,101,3117A-3123A-9999A,79,1052505204,300896664,1,"",
MEX002,310015,ID002,101,3117A-3123A-9999A,79,1052505204,300896665,1,"",
MEX002,310015,ID002,101,3117A-3123A-9999A,79,1052505204,300896666,1,"",
MEX002,310015,ID002,101,3117A-3123A-9999A,79,1052505204,300896667,1,"",
MEX002,310015,ID002,101,3117A-3123A-9999A,79,1052505205,300897921,0,"",
MEX002,310015,ID002,101,3117A-3123A-9999A,79,1052505205,300897922,1,"",
MEX002,310015,ID002,101,3117A-3123A-9999A,79,1052505205,300897924,1,"",
MEX002,310015,ID002,101,3117A-3123A-9999A,79,1052505205,300897925,1,"",
MEX002,310015,ID002,101,3117A-3123A-9999A,78,1052505309,300898693,0,"",
MEX002,310015,ID002,101,3117A-3123A-9999A,78,1052505310,300898813,0,"",
MEX002,310015,ID002,101,3117A-3123A-9999A,78,1052505311,300898944,0,"",
MEX002,310015,ID002,101,3117A-3123A-9999A,78,1052505311,300898945,1,"",
MEX002,310015,ID002,101,3117A-3123A-9999A,78,1052505311,300898947,1,"",
MEX002,310015,ID002,101,3117A-3123A-9999A,78,1052505312,300899022,0,"",
MEX002,310015,ID002,101,3117A-3123A-9999A,78,1052505313,300899041,0,"",
MEX002,310015,ID002,101,3117A-3123A-9999A,78,1052505314,300899218,0,"",
MEX002,310015,ID002,101,3117A-3123A-9999A,78,1052505315,300899245,0,"",
MEX002,310015,ID002,101,3117A-3123A-9999A,78,1052505316,300899349,0,"",
MEX002,310015,ID002,101,3117A-3123A-9999A,78,1052505317,300899452,0,"",
MEX002,310015,ID002,101,3117A-3123A-9999A,78,1052505318,300899532,0,"",
MEX002,310015,ID002,101,3117A-3123A-9999A,77,1052505406,300900066,1,"",
MEX002,310015,ID002,101,3117A-3123A-9999A,77,1052505406,300900067,1,"",
MEX002,310015,ID002,101,3117A-3123A-9999A,77,1052505406,300900068,1,"",
MEX002,310015,ID002,101,3117A-3123A-9999A,77,1052505406,300900070,1,"",
MEX002,310015,ID002,101,3117A-3123A-9999A,77,1052505406,300900073,1,"",
MEX002,310015,ID002,101,3117A-3123A-9999A,77,1052505406,300900123,1,"",
MEX002,310015,ID002,101,3117A-3123A-9999A,77,1052505406,300900124,1,"",
MEX002,310015,ID002,101,3117A-3123A-9999A,77,1052505406,300900125,1,"",
MEX002,310015,ID002,101,3117A-3123A-9999A,76,1052505501,300901210,0,"",
MEX002,310015,ID002,101,3117A-3123A-9999A,76,1052505502,300901242,0,"",
MEX002,310015,ID002,101,3117A-3123A-9999A,76,1052505506,300901568,0,"",
MEX002,310015,ID002,101,3117A-3123A-9999A,76,1052505507,300901694,0,"",
MEX002,310015,ID002,101,3117A-3123A-9999A,76,1052505508,300901795,0,"",
MEX002,310015,ID002,101,3117A-3123A-9999A,76,1052505509,300901855,0,"",
MEX002,310015,ID002,101,3117A-3123A-9999A,76,1052505510,300901952,0,"",
MEX002,310015,ID002,101,3117A-3123A-9999A,72,1052505912,300908059,1,"",
MEX002,310015,ID002,101,3117A-3123A-9999A,72,1052505912,300908060,1,"",
MEX002,310015,ID002,101,3117A-3123A-9999A,72,1052505912,300908061,1,"",
MEX002,310015,ID002,101,3117A-3123A-9999A,72,1052505913,300908179,1,"",
MEX002,310015,ID002,101,3117A-3123A-9999A,72,1052505913,300908180,1,"",
MEX002,310015,ID002,101,3117A-3123A-9999A,72,1052505913,300908181,1,"",
MEX002,310015,ID002,101,3117A-3123A-9999A,72,1052505913,300908182,1,"",
MEX002,310015,ID002,101,3117A-3123A-9999A,72,1052505913,300908183,1,"",
MEX002,310015,ID002,101,3117A-3123A-9999A,72,1052505913,300908184,1,"",
MEX002,310015,ID002,101,3117A-3123A-9999A,72,1052505913,300908185,1,"",
MEX002,310015,ID002,101,3117A-3123A-9999A,72,1052505913,300908186,1,"",
MEX002,310015,ID002,101,3117A-3123A-9999A,72,1052505914,300908299,1,"",
MEX002,310015,ID002,101,3117A-3123A-9999A,72,1052505914,300908300,1,"",
MEX002,310015,ID002,101,3117A-3123A-9999A,72,1052505914,300908303,1,"",
MEX002,310015,ID002,101,3117A-3123A-9999A,72,1052505914,300908305,1,"",
MEX002,310015,ID002,101,3117A-3123A-9999A,71,1052506001,300908390,1,"",
MEX002,310015,ID002,101,3117A-3123A-9999A,71,1052506001,300908391,1,"",
MEX002,310015,ID002,101,3117A-3123A-9999A,71,1052506001,300908392,1,"",
MEX002,310015,ID002,101,3117A-3123A-9999A,71,1052506001,300908393,1,"",
MEX002,310015,ID002,101,3117A-3123A-9999A,71,1052506002,300908457,1,"",
MEX002,310015,ID002,101,3117A-3123A-9999A,71,1052506002,300908458,1,"",
MEX002,310015,ID002,101,3117A-3123A-9999A,71,1052506002,300908459,1,"",
MEX002,310015,ID002,101,3117A-3123A-9999A,71,1052506002,300908461,1,"",
MEX002,310015,ID002,101,3117A-3123A-9999A,71,1052506002,300908462,1,"",
MEX002,310015,ID002,101,3117A-3123A-9999A,71,1052506002,300908463,1,"",
MEX002,310015,ID002,101,3117A-3123A-9999A,71,1052506002,300908464,1,"",
MEX002,310015,ID002,101,3117A-3123A-9999A,71,1052506002,300908465,1,"",
MEX002,310015,ID002,101,3117A-3123A-9999A,71,1052506006,300909023,1,"",
MEX002,310015,ID002,101,3117A-3123A-9999A,71,1052506006,300909024,1,"",
MEX002,310015,ID002,101,3117A-3123A-9999A,71,1052506006,300909025,1,"",
MEX002,310015,ID002,101,3117A-3123A-9999A,71,1052506006,300909026,1,"",
MEX002,310015,ID002,101,3117A-3123A-9999A,71,1052506006,300909027,1,"",
MEX002,310015,ID002,101,3117A-3123A-9999A,71,1052506007,300909116,1,"",
MEX002,310015,ID002,101,3117A-3123A-9999A,71,1052506007,300909117,1,"",
MEX002,310015,ID002,101,3117A-3123A-9999A,71,1052506007,300909118,1,"",
MEX002,310015,ID002,101,3117A-3123A-9999A,71,1052506007,300909119,1,"",
MEX002,310015,ID002,101,3117A-3123A-9999A,71,1052506007,300909120,1,"",
MEX002,310015,ID002,101,3117A-3123A-9999A,71,1052506007,300909121,1,"",
MEX002,310015,ID002,101,3117A-3123A-9999A,71,1052506007,300909122,1,"",
MEX002,310015,ID002,101,3117A-3123A-9999A,71,1052506007,300909123,1,"",
MEX002,310015,ID002,101,3117A-3123A-9999A,71,1052506008,300909269,1,"",
MEX002,310015,ID002,101,3117A-3123A-9999A,71,1052506008,300909270,1,"",
MEX002,310015,ID002,101,3117A-3123A-9999A,71,1052506008,300909271,1,"",
MEX002,310015,ID002,101,3117A-3123A-9999A,71,1052506008,300909273,1,"",
MEX002,310015,ID002,101,3117A-3123A-9999A,71,1052506008,300909274,1,"",
MEX002,310015,ID002,101,3117A-3123A-9999A,71,1052506008,300909275,1,"",
MEX002,310015,ID002,101,3117A-3123A-9999A,70,1052506101,300910137,1,"",
MEX002,310015,ID002,101,3117A-3123A-9999A,70,1052506101,300910138,1,"",
MEX002,310015,ID002,101,3117A-3123A-9999A,70,1052506101,300910139,1,"",
MEX002,310015,ID002,101,3117A-3123A-9999A,70,1052506101,300910140,1,"",
MEX002,310015,ID002,101,3117A-3123A-9999A,66,1052506501,300916197,1,"",
MEX002,310015,ID002,101,3117A-3123A-9999A,66,1052506501,300916198,1,"",
MEX002,310015,ID002,101,3117A-3123A-9999A,66,1052506502,300916203,1,"",
MEX002,310015,ID002,101,3117A-3123A-9999A,66,1052506502,300916205,1,"",
MEX002,310015,ID002,101,3117A-3123A-9999A,66,1052506502,300916206,1,"",
MEX002,310015,ID002,101,3117A-3123A-9999A,66,1052506502,300916208,1,"",
MEX002,310015,ID002,101,3117A-3123A-9999A,66,1052506502,300916210,1,"",
MEX002,310015,ID002,101,3117A-3123A-9999A,66,1052506502,300916211,1,"",
MEX002,310015,ID002,101,3117A-3123A-9999A,66,1052506502,300916212,1,"",
MEX002,310015,ID002,101,3117A-3123A-9999A,66,1052506502,300916213,1,"",
MEX002,310015,ID002,101,3117A-3123A-9999A,66,1052506503,300916292,1,"",
MEX002,310015,ID002,101,3117A-3123A-9999A,66,1052506503,300916293,1,"",
MEX002,310015,ID002,101,3117A-3123A-9999A,66,1052506503,300916294,1,"",
MEX002,310015,ID002,101,3117A-3123A-9999A,66,1052506503,300916295,1,"",
MEX002,310015,ID002,101,3117A-3123A-9999A,66,1052506503,300916296,1,"",
MEX002,310015,ID002,101,3117A-3123A-9999A,66,1052506503,300916297,1,"",
MEX002,310015,ID002,101,3117A-3123A-9999A,66,1052506503,300916298,1,"",
MEX002,310015,ID002,101,3117A-3123A-9999A,66,1052506503,300916299,1,"",
MEX002,310015,ID002,101,3117A-3123A-9999A,66,1052506504,300916379,1,"",
MEX002,310015,ID002,101,3117A-3123A-9999A,66,1052506504,300916380,1,"",
MEX002,310015,ID002,101,3117A-3123A-9999A,66,1052506504,300916381,1,"",
MEX002,310015,ID002,101,3117A-3123A-9999A,66,1052506504,300916382,1,"",
MEX002,310015,ID002,101,3117A-3123A-9999A,66,1052506504,300916383,1,"",
MEX002,310015,ID002,101,3117A-3123A-9999A,66,1052506504,300916384,1,"",
MEX002,310015,ID002,101,3117A-3123A-9999A,66,1052506504,300916385,1,"",
MEX002,310015,ID002,101,3117A-3123A-9999A,66,1052506504,300916386,1,"",
MEX002,310015,ID002,101,3117A-3123A-9999A,66,1052506505,300916395,1,"",
MEX002,310015,ID002,101,3117A-3123A-9999A,66,1052506505,300916434,1,"",
MEX002,310015,ID002,101,3117A-3123A-9999A,66,1052506505,300916435,1,"",
MEX002,310015,ID002,101,3117A-3123A-9999A,66,1052506505,300916437,1,"",
MEX002,310015,ID002,101,3117A-3123A-9999A,66,1052506505,300916438,1,"",
MEX002,310015,ID002,101,3117A-3123A-9999A,66,1052506505,300916440,1,"",
MEX002,310015,ID002,101,3117A-3123A-9999A,66,1052506505,300916479,1,"",
MEX002,310015,ID002,101,3117A-3123A-9999A,66,1052506505,300916480,1,"",
MEX002,310015,ID002,101,3117A-3123A-9999A,66,1052506506,300916488,1,"",
MEX002,310015,ID002,101,3117A-3123A-9999A,66,1052506506,300916490,1,"",
MEX002,310015,ID002,101,3117A-3123A-9999A,66,1052506506,300916494,1,"",
MEX002,310015,ID002,101,3117A-3123A-9999A,66,1052506506,300916496,1,"",
MEX002,310015,ID002,101,3117A-3123A-9999A,66,1052506506,300916551,1,"",
MEX002,310015,ID002,101,3117A-3123A-9999A,66,1052506506,300916552,1,"",
MEX002,310015,ID002,101,3117A-3123A-9999A,66,1052506506,300916553,1,"",
MEX002,310015,ID002,101,3117A-3123A-9999A,66,1052506506,300916554,1,"",
MEX002,310015,ID002,101,3117A-3123A-9999A,66,1052506507,300916649,1,"",
MEX002,310015,ID002,101,3117A-3123A-9999A,66,1052506507,300916650,1,"",
MEX002,310015,ID002,101,3117A-3123A-9999A,66,1052506507,300916651,1,"",
MEX002,310015,ID002,101,3117A-3123A-9999A,66,1052506507,300916652,1,"",
MEX002,310015,ID002,101,3117A-3123A-9999A,66,1052506507,300916687,1,"",
MEX002,310015,ID002,101,3117A-3123A-9999A,66,1052506507,300916688,1,"",
MEX002,310015,ID002,101,3117A-3123A-9999A,66,1052506507,300916689,1,"",
MEX002,310015,ID002,101,3117A-3123A-9999A,66,1052506507,300916691,1,"",
MEX002,310015,ID002,101,3117A-3123A-9999A,66,1052506508,300916701,1,"",
MEX002,310015,ID002,101,3117A-3123A-9999A,66,1052506508,300916702,1,"",
MEX002,310015,ID002,101,3117A-3123A-9999A,66,1052506508,300916722,1,"",
MEX002,310015,ID002,101,3117A-3123A-9999A,66,1052506508,300916723,1,"",
MEX002,310015,ID002,101,3117A-3123A-9999A,66,1052506508,300916740,1,"",
MEX002,310015,ID002,101,3117A-3123A-9999A,66,1052506508,300916741,1,"",
MEX002,310015,ID002,101,3117A-3123A-9999A,66,1052506508,300916757,1,"",
MEX002,310015,ID002,101,3117A-3123A-9999A,66,1052506508,300916758,1,"",
MEX002,310015,ID002,101,3117A-3123A-9999A,66,1052506509,300916781,1,"",
MEX002,310015,ID002,101,3117A-3123A-9999A,66,1052506509,300916782,1,"",
MEX002,310015,ID002,101,3117A-3123A-9999A,66,1052506509,300916848,1,"",
MEX002,310015,ID002,101,3117A-3123A-9999A,66,1052506509,300916849,1,"",
MEX002,310015,ID002,101,3117A-3123A-9999A,66,1052506509,300916850,1,"",
MEX002,310015,ID002,101,3117A-3123A-9999A,66,1052506509,300916852,1,"",
MEX002,310015,ID002,101,3117A-3123A-9999A,66,1052506509,300916853,1,"",
MEX002,310015,ID002,101,3117A-3123A-9999A,66,1052506509,300916854,1,"",
MEX002,310015,ID002,101,3117A-3123A-9999A,66,1052506510,300916864,1,"",
MEX002,310015,ID002,101,3117A-3123A-9999A,66,1052506510,300916865,1,"",
MEX002,310015,ID002,101,3117A-3123A-9999A,66,1052506510,300916866,1,"",
MEX002,310015,ID002,101,3117A-3123A-9999A,66,1052506510,300916867,1,"",
MEX002,310015,ID002,101,3117A-3123A-9999A,66,1052506510,300916934,1,"",
MEX002,310015,ID002,101,3117A-3123A-9999A,66,1052506510,300916935,1,"",
MEX002,310015,ID002,101,3117A-3123A-9999A,66,1052506510,300916936,1,"",
MEX002,310015,ID002,101,3117A-3123A-9999A,66,1052506510,300916937,1,"",
MEX002,310015,ID002,101,3117A-3123A-9999A,66,1052506511,300916987,1,"",
MEX002,310015,ID002,101,3117A-3123A-9999A,66,1052506511,300916988,1,"",
MEX002,310015,ID002,101,3117A-3123A-9999A,66,1052506511,300916989,1,"",
MEX002,310015,ID002,101,3117A-3123A-9999A,66,1052506511,300916990,1,"",
MEX002,310015,ID002,101,3117A-3123A-9999A,66,1052506511,300917012,1,"",
MEX002,310015,ID002,101,3117A-3123A-9999A,66,1052506511,300917013,1,"",
MEX002,310015,ID002,101,3117A-3123A-9999A,66,1052506511,300917016,1,"",
MEX002,310015,ID002,101,3117A-3123A-9999A,66,1052506511,300917017,1,"",
MEX002,310015,ID002,101,3117A-3123A-9999A,66,1052506512,300917018,1,"",
MEX002,310015,ID002,101,3117A-3123A-9999A,66,1052506512,300917019,1,"",
MEX002,310015,ID002,101,3117A-3123A-9999A,66,1052506512,300917020,1,"",
MEX002,310015,ID002,101,3117A-3123A-9999A,66,1052506512,300917021,1,"",
MEX002,310015,ID002,101,3117A-3123A-9999A,66,1052506512,300917131,1,"",
MEX002,310015,ID002,101,3117A-3123A-9999A,66,1052506512,300917138,1,"",
MEX002,310015,ID002,101,3117A-3123A-9999A,66,1052506512,300917139,1,"",
MEX002,310015,ID002,101,3117A-3123A-9999A,66,1052506512,300917140,1,"",
MEX002,310015,ID002,101,3117A-3123A-9999A,66,1052506513,300917227,1,"",
MEX002,310015,ID002,101,3117A-3123A-9999A,66,1052506513,300917228,1,"",
MEX002,310015,ID002,101,3117A-3123A-9999A,66,1052506513,300917229,1,"",
MEX002,310015,ID002,101,3117A-3123A-9999A,66,1052506513,300917230,1,"",
MEX002,310015,ID002,101,3117A-3123A-9999A,66,1052506513,300917231,1,"",
MEX002,310015,ID002,101,3117A-3123A-9999A,66,1052506513,300917232,1,"",
MEX002,310015,ID002,101,3117A-3123A-9999A,66,1052506513,300917233,1,"",
MEX002,310015,ID002,101,3117A-3123A-9999A,66,1052506513,300917235,1,"",
MEX002,310015,ID002,101,3117A-3123A-9999A,66,1052506514,300917292,1,"",
MEX002,310015,ID002,101,3117A-3123A-9999A,66,1052506514,300917293,1,"",
MEX002,310015,ID002,101,3117A-3123A-9999A,66,1052506514,300917294,1,"",
MEX002,310015,ID002,101,3117A-3123A-9999A,66,1052506514,300917295,1,"",
MEX002,310015,ID002,101,3117A-3123A-9999A,66,1052506514,300917329,1,"",
MEX002,310015,ID002,101,3117A-3123A-9999A,66,1052506514,300917330,1,"",
MEX002,310015,ID002,101,3117A-3123A-9999A,66,1052506514,300917331,1,"",
MEX002,310015,ID002,101,3117A-3123A-9999A,66,1052506514,300917332,1,"",
MEX002,310015,ID002,101,3117A-3123A-9999A,66,1052506515,300917384,1,"",
MEX002,310015,ID002,101,3117A-3123A-9999A,66,1052506515,300917385,1,"",
MEX002,310015,ID002,101,3117A-3123A-9999A,66,1052506515,300917386,1,"",
MEX002,310015,ID002,101,3117A-3123A-9999A,66,1052506515,300917387,1,"",
MEX002,310015,ID002,101,3117A-3123A-9999A,66,1052506515,300917388,1,"",
MEX002,310015,ID002,101,3117A-3123A-9999A,66,1052506515,300917389,1,"",
MEX002,310015,ID002,101,3117A-3123A-9999A,66,1052506515,300917390,1,"",
MEX002,310015,ID002,101,3117A-3123A-9999A,66,1052506515,300917391,1,"",
MEX002,310015,ID002,101,3117A-3123A-9999A,65,1052506602,300917652,1,"",
MEX002,310015,ID002,101,3117A-3123A-9999A,65,1052506602,300917653,1,"",
MEX002,310015,ID002,101,3117A-3123A-9999A,64,1052506701,300918862,1,"",
MEX002,310015,ID002,101,3117A-3123A-9999A,64,1052506701,300918864,1,"",
MEX002,310015,ID002,101,3117A-3123A-9999A,64,1052506701,300918923,1,"",
MEX002,310015,ID002,101,3117A-3123A-9999A,64,1052506701,300918924,1,"",
MEX002,310015,ID002,101,3117A-3123A-9999A,64,1052506701,300918925,1,"",
MEX002,310015,ID002,101,3117A-3123A-9999A,64,1052506701,300918926,1,"",
MEX002,310015,ID002,101,3117A-3123A-9999A,64,1052506701,300918927,1,"",
MEX002,310015,ID002,101,3117A-3123A-9999A,64,1052506701,300918930,1,"",
MEX002,310015,ID002,101,3117A-3123A-9999A,64,1052506702,300918948,1,"",
MEX002,310015,ID002,101,3117A-3123A-9999A,64,1052506702,300918949,1,"",
MEX002,310015,ID002,101,3117A-3123A-9999A,64,1052506702,300918950,1,"",
MEX002,310015,ID002,101,3117A-3123A-9999A,64,1052506702,300918951,1,"",
MEX002,310015,ID002,101,3117A-3123A-9999A,64,1052506702,300918980,1,"",
MEX002,310015,ID002,101,3117A-3123A-9999A,64,1052506702,300918981,1,"",
MEX002,310015,ID002,101,3117A-3123A-9999A,64,1052506702,300918982,1,"",
MEX002,310015,ID002,101,3117A-3123A-9999A,64,1052506702,300918983,1,"",
MEX002,310015,ID002,101,3117A-3123A-9999A,64,1052506703,300919109,1,"",
MEX002,310015,ID002,101,3117A-3123A-9999A,64,1052506703,300919110,1,"",
MEX002,310015,ID002,101,3117A-3123A-9999A,64,1052506703,300919111,1,"",
MEX002,310015,ID002,101,3117A-3123A-9999A,64,1052506703,300919112,1,"",
MEX002,310015,ID002,101,3117A-3123A-9999A,64,1052506703,300919113,1,"",
MEX002,310015,ID002,101,3117A-3123A-9999A,64,1052506703,300919114,1,"",
MEX002,310015,ID002,101,3117A-3123A-9999A,64,1052506703,300919115,1,"",
MEX002,310015,ID002,101,3117A-3123A-9999A,64,1052506703,300919116,1,"",
MEX002,310015,ID002,101,3117A-3123A-9999A,64,1052506704,300919139,1,"",
MEX002,310015,ID002,101,3117A-3123A-9999A,64,1052506704,300919140,1,"",
MEX002,310015,ID002,101,3117A-3123A-9999A,64,1052506704,300919141,1,"",
MEX002,310015,ID002,101,3117A-3123A-9999A,64,1052506704,300919144,1,"",
MEX002,310015,ID002,101,3117A-3123A-9999A,64,1052506704,300919145,1,"",
MEX002,310015,ID002,101,3117A-3123A-9999A,64,1052506704,300919255,1,"",
MEX002,310015,ID002,101,3117A-3123A-9999A,64,1052506704,300919256,1,"",
MEX002,310015,ID002,101,3117A-3123A-9999A,64,1052506704,300919257,1,"",
MEX002,310015,ID002,101,3117A-3123A-9999A,64,1052506705,300919270,1,"",
MEX002,310015,ID002,101,3117A-3123A-9999A,64,1052506705,300919271,1,"",
MEX002,310015,ID002,101,3117A-3123A-9999A,64,1052506705,300919272,1,"",
MEX002,310015,ID002,101,3117A-3123A-9999A,64,1052506705,300919273,1,"",
MEX002,310015,ID002,101,3117A-3123A-9999A,64,1052506705,300919280,1,"",
MEX002,310015,ID002,101,3117A-3123A-9999A,64,1052506705,300919281,1,"",
MEX002,310015,ID002,101,3117A-3123A-9999A,64,1052506705,300919282,1,"",
MEX002,310015,ID002,101,3117A-3123A-9999A,64,1052506705,300919283,1,"",
MEX002,310015,ID002,101,3117A-3123A-9999A,64,1052506706,300919307,1,"",
MEX002,310015,ID002,101,3117A-3123A-9999A,64,1052506706,300919308,1,"",
MEX002,310015,ID002,101,3117A-3123A-9999A,64,1052506706,300919309,1,"",
MEX002,310015,ID002,101,3117A-3123A-9999A,64,1052506706,300919310,1,"",
MEX002,310015,ID002,101,3117A-3123A-9999A,64,1052506706,300919325,1,"",
MEX002,310015,ID002,101,3117A-3123A-9999A,64,1052506706,300919326,1,"",
MEX002,310015,ID002,101,3117A-3123A-9999A,64,1052506706,300919327,1,"",
MEX002,310015,ID002,101,3117A-3123A-9999A,64,1052506706,300919328,1,"",
MEX002,310015,ID002,101,3117A-3123A-9999A,64,1052506707,300919349,1,"",
MEX002,310015,ID002,101,3117A-3123A-9999A,64,1052506707,300919350,1,"",
MEX002,310015,ID002,101,3117A-3123A-9999A,64,1052506707,300919351,1,"",
MEX002,310015,ID002,101,3117A-3123A-9999A,64,1052506707,300919353,1,"",
MEX002,310015,ID002,101,3117A-3123A-9999A,64,1052506707,300919395,1,"",
MEX002,310015,ID002,101,3117A-3123A-9999A,64,1052506707,300919396,1,"",
MEX002,310015,ID002,101,3117A-3123A-9999A,64,1052506707,300919397,1,"",
MEX002,310015,ID002,101,3117A-3123A-9999A,64,1052506707,300919398,1,"",
MEX002,310015,ID002,101,3117A-3123A-9999A,64,1052506716,300920188,1,"",
MEX002,310015,ID002,101,3117A-3123A-9999A,64,1052506716,300920189,1,"",
MEX002,310015,ID002,101,3117A-3123A-9999A,64,1052506716,300920190,1,"",
MEX002,310015,ID002,101,3117A-3123A-9999A,64,1052506716,300920191,1,"",
MEX002,310015,ID002,101,3117A-3123A-9999A,64,1052506716,300920192,1,"",
MEX002,310015,ID002,101,3117A-3123A-9999A,64,1052506716,300920193,1,"",
MEX002,310015,ID002,101,3117A-3123A-9999A,64,1052506716,300920194,1,"",
MEX002,310015,ID002,101,3117A-3123A-9999A,64,1052506716,300920195,1,"",
MEX002,310015,ID002,101,3117A-3123A-9999A,64,1052506717,300920255,1,"",
MEX002,310015,ID002,101,3117A-3123A-9999A,64,1052506717,300920256,1,"",
MEX002,310015,ID002,101,3117A-3123A-9999A,64,1052506717,300920257,1,"",
MEX002,310015,ID002,101,3117A-3123A-9999A,64,1052506717,300920258,1,"",
MEX002,310015,ID002,101,3117A-3123A-9999A,64,1052506717,300920259,1,"",
MEX002,310015,ID002,101,3117A-3123A-9999A,64,1052506717,300920260,1,"",
MEX002,310015,ID002,101,3117A-3123A-9999A,64,1052506717,300920261,1,"",
MEX002,310015,ID002,101,3117A-3123A-9999A,64,1052506717,300920262,1,"",
MEX002,310015,ID002,101,3117A-3123A-9999A,63,1052506801,300920305,1,"",
MEX002,310015,ID002,101,3117A-3123A-9999A,63,1052506801,300920306,1,"",
MEX002,310015,ID002,101,3117A-3123A-9999A,63,1052506801,300920307,1,"",
MEX002,310015,ID002,101,3117A-3123A-9999A,63,1052506801,300920308,1,"",
MEX002,310015,ID002,101,3117A-3123A-9999A,63,1052506801,300920309,1,"",
MEX002,310015,ID002,101,3117A-3123A-9999A,63,1052506801,300920310,1,"",
MEX002,310015,ID002,101,3117A-3123A-9999A,63,1052506801,300920311,1,"",
MEX002,310015,ID002,101,3117A-3123A-9999A,63,1052506801,300920313,1,"",
MEX002,310015,ID002,101,3117A-3123A-9999A,63,1052506802,300920347,1,"",
MEX002,310015,ID002,101,3117A-3123A-9999A,63,1052506802,300920348,1,"",
MEX002,310015,ID002,101,3117A-3123A-9999A,63,1052506802,300920349,1,"",
MEX002,310015,ID002,101,3117A-3123A-9999A-9999E,118,1052501302,300842873,1,"",
MEX002,310015,ID002,101,3117A-3123A-9999A-9999E,106,1052502505,300859696,0,"",
MEX002,310015,ID002,101,3117A-3123A-9999A-9999E,106,1052502506,300859791,0,"",
MEX002,310015,ID002,101,3117A-3123A-9999A-9999E,106,1052502506,300859792,1,"",
MEX002,310015,ID002,101,3117A-3123A-9999A-9999E,106,1052502507,300859806,0,"",
MEX002,310015,ID002,101,3117A-3123A-9999A-9999E,106,1052502507,300859897,1,"",
MEX002,310015,ID002,101,3117A-3123A-9999A-9999E,106,1052502508,300859870,0,"",
MEX002,310015,ID002,101,3117A-3123A-9999A-9999E,106,1052502512,300860526,0,"",
MEX002,310015,ID002,101,3117A-3123A-9999A-9999E,105,1052502608,300861498,0,"",
MEX002,310015,ID002,101,3117A-3123A-9999A-9999E,105,1052502608,300861499,1,"",
MEX002,310015,ID002,101,3117A-3123A-9999A-9999E,104,1052502704,300862391,0,"",
MEX002,310015,ID002,101,3117A-3123A-9999A-9999E,104,1052502705,300862437,0,"",
MEX002,310015,ID002,101,3117A-3123A-9999A-9999E,104,1052502706,300862586,0,"",
MEX002,310015,ID002,101,3117A-3123A-9999A-9999E,104,1052502707,300862654,0,"",
MEX002,310015,ID002,101,3117A-3123A-9999A-9999E,104,1052502708,300863544,0,"",
MEX002,310015,ID002,101,3117A-3123A-9999A-9999E,103,1052502805,300864051,0,"",
MEX002,310015,ID002,101,3117A-3123A-9999A-9999E,103,1052502807,300864161,0,"",
MEX002,310015,ID002,101,3117A-3123A-9999A-9999E,103,1052502808,300864240,0,"",
MEX002,310015,ID002,101,3117A-3123A-9999A-9999E,103,1052502809,300864300,0,"",
MEX002,310015,ID002,101,3117A-3123A-9999A-9999E,103,1052502809,300864301,1,"",
MEX002,310015,ID002,101,3117A-3123A-9999A-9999E,103,1052502809,300864343,1,"",
MEX002,310015,ID002,101,3117A-3123A-9999A-9999E,103,1052502809,300864344,1,"",
MEX002,310015,ID002,101,3117A-3123A-9999A-9999E,103,1052502810,300864349,0,"",
MEX002,310015,ID002,101,3117A-3123A-9999A-9999E,100,1052503103,300868167,0,"",
MEX002,310015,ID002,101,3117A-3123A-9999A-9999E,99,1052503206,300870034,0,"",
MEX002,310015,ID002,101,3117A-3123A-9999A-9999E,99,1052503207,300870106,0,"",
MEX002,310015,ID002,101,3117A-3123A-9999A-9999E,99,1052503208,300870227,0,"",
MEX002,310015,ID002,101,3117A-3123A-9999A-9999E,99,1052503209,300870253,0,"",
MEX002,310015,ID002,101,3117A-3123A-9999A-9999E,99,1052503210,300870377,0,"",
MEX002,310015,ID002,101,3117A-3123A-9999A-9999E,99,1052503211,300870445,0,"",
MEX002,310015,ID002,101,3117A-3123A-9999A-9999E,99,1052503212,300870599,0,"",
MEX002,310015,ID002,101,3117A-3123A-9999A-9999E,93,1052503801,300877740,0,"",
MEX002,310015,ID002,101,3117A-3123A-9999A-9999E,93,1052503802,300877754,1,"",
MEX002,310015,ID002,101,3117A-3123A-9999A-9999E,93,1052503802,300877756,1,"",
MEX002,310015,ID002,101,3117A-3123A-9999A-9999E,93,1052503802,300877757,1,"",
MEX002,310015,ID002,101,3117A-3123A-9999A-9999E,93,1052503803,300877836,1,"",
MEX002,310015,ID002,101,3117A-3123A-9999A-9999E,93,1052503803,300877837,1,"",
MEX002,310015,ID002,101,3117A-3123A-9999A-9999E,93,1052503804,300877903,0,"",
MEX002,310015,ID002,101,3117A-3123A-9999A-9999E,93,1052503805,300877931,0,"",
MEX002,310015,ID002,101,3117A-3123A-9999A-9999E,93,1052503807,300878067,0,"",
MEX002,310015,ID002,101,3117A-3123A-9999A-9999E,93,1052503808,300878093,0,"",
MEX002,310015,ID002,101,3117A-3123A-9999A-9999E,93,1052503811,300878255,0,"",
MEX002,310015,ID002,101,3117A-3123A-9999A-9999E,93,1052503812,300878330,0,"",
MEX002,310015,ID002,101,3117A-3123A-9999A-9999E,92,1052503905,300879415,0,"",
MEX002,310015,ID002,101,3117A-3123A-9999A-9999E,92,1052503906,300879609,0,"",
MEX002,310015,ID002,101,3117A-3123A-9999A-9999E,92,1052503909,300879735,0,"",
MEX002,310015,ID002,101,3117A-3123A-9999A-9999E,89,1052504205,300883549,0,"",
MEX002,310015,ID002,101,3117A-3123A-9999A-9999E,89,1052504206,300883600,0,"",
MEX002,310015,ID002,101,3117A-3123A-9999A-9999E,89,1052504207,300884041,0,"",
MEX002,310015,ID002,101,3117A-3123A-9999A-9999E,89,1052504208,300884047,0,"",
MEX002,310015,ID002,101,3117A-3123A-9999A-9999E,86,1052504516,300888531,0,"",
MEX002,310015,ID002,101,3117A-3123A-9999A-9999E,86,1052504517,300888595,0,"",
MEX002,310015,ID002,101,3117A-3123A-9999A-9999E,78,1052505303,300898224,0,"",
MEX002,310015,ID002,101,3117A-3123A-9999A-9999E,78,1052505304,300898240,0,"",
MEX002,310015,ID002,101,3117A-3123A-9999A-9999E,77,1052505401,300899593,0,"",
MEX002,310015,ID002,101,3117A-3123A-9999A-9999E,77,1052505402,300899699,0,"",
MEX002,310015,ID002,101,3117A-3123A-9999A-9999E,77,1052505403,300899724,0,"",
MEX002,310015,ID002,101,3117A-3123A-9999A-9999E,77,1052505404,300899858,0,"",
MEX002,310015,ID002,101,3117A-3123A-9999A-9999E,77,1052505405,300900019,0,"",
MEX002,310015,ID002,101,3117A-3123A-9999A-9999E,67,1052506414,300916118,1,"",
MEX002,310015,ID002,101,3117A-3123A-9999A-9999E,67,1052506414,300916119,1,"",
MEX002,310015,ID002,101,3117A-3123A-9999A-9999E,67,1052506414,300916120,1,"",
MEX002,310015,ID002,101,3117A-3123A-9999A-9999E,67,1052506414,300916122,1,"",
MEX002,310015,ID002,101,3117A-3123A-9999A-9999E,65,1052506611,300918730,1,"",
MEX002,310015,ID002,101,3117A-3123A-9999A-9999E,65,1052506611,300918731,1,"",
MEX002,310015,ID002,101,3117A-3123A-9999A-9999E,65,1052506612,300918742,1,"",
MEX002,310015,ID002,101,3117A-3123A-9999A-9999E,65,1052506612,300918743,1,"",
MEX002,310015,ID002,101,3117A-3123A-9999A-9999E,65,1052506612,300918744,1,"",
MEX002,310015,ID002,101,3117A-3123A-9999A-9999E,65,1052506612,300918745,1,"",
MEX002,310015,ID002,101,3117A-3123A-9999A-9999E,65,1052506612,300918782,1,"",
MEX002,310015,ID002,101,3117A-3123A-9999A-9999E,65,1052506612,300918783,1,"",
MEX002,310015,ID002,101,3117A-3123A-9999A-9999E,65,1052506612,300918785,1,"",
MEX002,310015,ID002,101,3117A-3123A-9999A-9999E,65,1052506612,300918786,1,"",
MEX002,310015,ID002,101,3117A-3123A-9999A-9999E,65,1052506613,300918809,1,"",
MEX002,310015,ID002,101,3117A-3123A-9999A-9999E,65,1052506613,300918814,1,"",
MEX002,310015,ID002,101,3117A-3123A-9999A-9999E,65,1052506613,300918817,1,"",
MEX002,310015,ID002,101,3117A-3123A-9999A-9999E,65,1052506613,300918819,1,"",
MEX002,310015,ID002,101,3117A-3123A-9999A-9999E,65,1052506613,300918856,1,"",
MEX002,310015,ID002,101,3117A-3123A-9999A-9999E,65,1052506613,300918857,1,"",
MEX002,310015,ID002,101,3117A-3123A-9999A-9999E,65,1052506613,300918858,1,"",
MEX002,310015,ID002,101,3117A-3123A-9999A-9999E,65,1052506613,300918859,1,"",
MEX002,310015,ID002,101,3117A-3123A-9999A-9999E,63,1052506806,300920970,1,"",
MEX002,310015,ID002,101,3117A-3123A-9999A-9999E,63,1052506806,300920972,1,"",
MEX002,310015,ID002,101,3117A-3123A-9999A-9999E,63,1052506806,300920974,1,"",
MEX002,310015,ID002,101,3117A-3123A-9999A-9999E,63,1052506806,300920988,1,"",
MEX002,310015,ID002,101,3117A-3123A-9999A-9999E,63,1052506806,300920989,1,"",
MEX002,310015,ID002,101,3117A-3123A-9999A-9999E,63,1052506807,300921023,1,"",
MEX002,310015,ID002,101,3117A-3123A-9999A-9999E,63,1052506807,300921024,1,"",
MEX002,310015,ID002,101,3117A-3123A-9999A-9999E,63,1052506807,300921025,1,"",
MEX002,310015,ID002,101,3117A-3123A-9999A-9999E,63,1052506807,300921026,1,"",
MEX002,310015,ID002,101,3117A-3123A-9999A-9999E,63,1052506807,300921028,1,"",
MEX002,310015,ID002,101,3117A-3123A-9999A-9999E,63,1052506807,300921029,1,"",
MEX002,310015,ID002,101,3117A-3123A-9999A-9999E,63,1052506807,300921054,1,"",
MEX002,310015,ID002,101,3117A-3123A-9999A-9999E,63,1052506807,300921055,1,"",
MEX002,310015,ID002,101,3117A-3123A-9999A-9999E,63,1052506808,300921056,1,"",
MEX002,310015,ID002,101,3117A-3123A-9999A-9999E,63,1052506808,300921057,1,"",
MEX002,310015,ID002,101,3117A-3123A-9999A-9999E,63,1052506808,300921090,1,"",
MEX002,310015,ID002,101,3117A-3123A-9999A-9999E,63,1052506808,300921091,1,"",
MEX002,310015,ID002,101,3117A-3123A-9999A-9999E,63,1052506808,300921092,1,"",
MEX002,310015,ID002,101,3117A-3123A-9999A-9999E,63,1052506808,300921093,1,"",
MEX002,310015,ID002,101,3117A-3123A-9999A-9999E,63,1052506808,300921120,1,"",
MEX002,310015,ID002,101,3117A-3123A-9999A-9999E,63,1052506808,300921121,1,"",
MEX002,310015,ID002,101,3117A-3123A-9999A-9999E,63,1052506809,300921154,1,"",
MEX002,310015,ID002,101,3117A-3123A-9999A-9999E,63,1052506809,300921155,1,"",
MEX002,310015,ID002,101,3117A-3123A-9999A-9999E,63,1052506809,300921156,1,"",
MEX002,310015,ID002,101,3117A-3123A-9999A-9999E,63,1052506809,300921157,1,"",
MEX002,310015,ID002,101,3117A-3123A-9999A-9999E,63,1052506809,300921158,1,"",
MEX002,310015,ID002,101,3117A-3123A-9999A-9999E,63,1052506809,300921159,1,"",
MEX002,310015,ID002,101,3117A-3123A-9999A-9999E,63,1052506809,300921160,1,"",
MEX002,310015,ID002,101,3117A-3123A-9999A-9999E,63,1052506809,300921162,1,"",
MEX002,310015,ID002,101,3117A-3123A-9999A-9999E,63,1052506810,300921176,1,"",
MEX002,310015,ID002,101,3117A-3123A-9999A-9999E,63,1052506810,300921177,1,"",
MEX002,310015,ID002,101,3117A-3123A-9999A-9999E,63,1052506810,300921178,1,"",
MEX002,310015,ID002,101,3117A-3123A-9999A-9999E,63,1052506810,300921179,1,"",
MEX002,310015,ID002,101,3117A-3123A-9999A-9999E,63,1052506810,300921218,1,"",
MEX002,310015,ID002,101,3117A-3123A-9999A-9999E,63,1052506810,300921219,1,"",
MEX002,310015,ID002,101,3117A-3123A-9999A-9999E,63,1052506810,300921220,1,"",
MEX002,310015,ID002,101,3117A-3123A-9999A-9999E,63,1052506810,300921221,1,"",
MEX002,310015,ID002,101,3117A-3123A-9999A-9999E,62,1052506901,300921234,1,"",
MEX002,310015,ID002,101,3117A-3123A-9999A-9999E,62,1052506901,300921235,1,"",
MEX002,310015,ID002,101,3117A-3123A-9999A-9999E,62,1052506901,300921236,1,"",
MEX002,310015,ID002,101,3117A-3123A-9999A-9999E,62,1052506901,300921237,1,"",
MEX002,310015,ID002,101,3117A-3123A-9999A-9999E,62,1052506901,300921289,1,"",
MEX002,310015,ID002,101,3117A-3123A-9999A-9999E,62,1052506901,300921290,1,"",
MEX002,310015,ID002,101,3117A-3123A-9999A-9999E,62,1052506901,300921291,1,"",
MEX002,310015,ID002,101,3117A-3123A-9999A-9999E,62,1052506901,300921292,1,"",
MEX002,310015,ID002,101,3117A-3123A-9999A-9999E,58,1052507304,300928212,1,"",
MEX002,310015,ID002,101,3117A-3123A-9999A-9999E,58,1052507305,300928251,1,"",
MEX002,310015,ID002,101,3117A-3123A-9999A-9999E,58,1052507305,300928252,1,"",
MEX002,310015,ID002,101,3117A-3123A-9999A-9999E,58,1052507305,300928253,1,"",
MEX002,310015,ID002,101,3117A-3123A-9999A-9999E,58,1052507305,300928254,1,"",
MEX002,310015,ID002,101,3117A-3123A-9999A-9999E,58,1052507305,300928255,1,"",
MEX002,310015,ID002,101,3117A-3123A-9999A-9999E,58,1052507305,300928256,1,"",
MEX002,310015,ID002,101,3117A-3123A-9999A-9999E,58,1052507305,300928257,1,"",
MEX002,310015,ID002,101,3117A-3123A-9999A-9999E,58,1052507305,300928258,1,"",
MEX002,310015,ID002,101,3117A-3123A-9999A-9999E,58,1052507306,300928333,1,"",
MEX002,310015,ID002,101,3117A-3123A-9999A-9999E,58,1052507306,300928335,1,"",
MEX002,310015,ID002,101,3117A-3123A-9999A-9999E,58,1052507306,300928390,1,"",
MEX002,310015,ID002,101,3117A-3123A-9999A-9999E,58,1052507306,300928391,1,"",
MEX002,310015,ID002,101,3117A-3123A-9999A-9999E,58,1052507306,300928393,1,"",
MEX002,310015,ID002,101,3117A-3123A-9999A-9999E,58,1052507306,300928395,1,"",
MEX002,310015,ID002,101,3117A-3123A-9999A-9999E,58,1052507306,300928396,1,"",
MEX002,310015,ID002,101,3117A-3123A-9999A-9999E,58,1052507306,300932392,1,"",
MEX002,310015,ID002,101,3117A-3132A-9999A,118,1052501307,300843618,0,"",
MEX002,310015,ID002,101,3117A-3132A-9999A,118,1052501308,300843677,0,"",
MEX002,310015,ID002,101,3117A-9999A,118,1052501303,300843068,0,"",
MEX002,310015,ID002,101,3117A-9999A,118,1052501304,300843137,0,"",
MEX002,310015,ID002,101,3117A-9999A,105,1052502609,300861541,0,"",
MEX002,310015,ID002,101,3117A-9999A,105,1052502610,300861659,0,"",
MEX002,310015,ID002,101,3117A-9999A,93,1052503813,300882213,0,"",
MEX002,310015,ID002,101,3117A-9999A,82,1052504909,300892924,0,"",
MEX002,310015,ID002,101,3117A-9999A,81,1052505009,300894938,0,"",
MEX002,310015,ID002,101,3117A-9999A,81,1052505010,300894990,0,"",
MEX002,310015,ID002,101,3117A-9999A,78,1052505301,300898074,0,"",
MEX002,310015,ID002,101,3117A-9999A,78,1052505301,300898075,1,"",
MEX002,310015,ID002,101,3117A-9999A,78,1052505301,300898076,1,"",
MEX002,310015,ID002,101,3117A-9999A,78,1052505301,300898077,1,"",
MEX002,310015,ID002,101,3117A-9999A,78,1052505302,300898086,1,"",
MEX002,310015,ID002,101,3117A-9999A,78,1052505302,300898121,1,"",
MEX002,310015,ID002,101,3117A-9999A,78,1052505302,300898122,1,"",
MEX002,310015,ID002,101,3117A-9999A,78,1052505302,300898123,1,"",
MEX002,310015,ID002,101,3117A-9999A,78,1052505305,300898407,0,"",
MEX002,310015,ID002,101,3117A-9999A,78,1052505307,300898543,0,"",
MEX002,310015,ID002,101,3117A-9999A,77,1052505407,300900126,1,"",
MEX002,310015,ID002,101,3117A-9999A,77,1052505407,300900127,1,"",
MEX002,310015,ID002,101,3117A-9999A,77,1052505407,300900599,1,"",
MEX002,310015,ID002,101,3117A-9999A,77,1052505407,300900600,1,"",
MEX002,310015,ID002,101,3117A-9999A,77,1052505407,300901006,1,"",
MEX002,310015,ID002,101,3117A-9999A,77,1052505407,300901007,1,"",
MEX002,310015,ID002,101,3117A-9999A,77,1052505407,300901008,1,"",
MEX002,310015,ID002,101,3117A-9999A,77,1052505407,300901009,1,"",
MEX002,310015,ID002,101,3117A-9999A,77,1052505408,300901032,0,"",
MEX002,310015,ID002,101,3117A-9999A,77,1052505408,300901111,1,"",
MEX002,310015,ID002,101,3117A-9999A,77,1052505408,300901112,1,"",
MEX002,310015,ID002,101,3117A-9999A,77,1052505408,300901113,1,"",
MEX002,310015,ID002,101,3117A-9999A,77,1052505408,300901114,1,"",
MEX002,310015,ID002,101,3117A-9999A,77,1052505409,300901184,0,"",
MEX002,310015,ID002,101,3117A-9999A,76,1052505511,300901987,0,"",
MEX002,310015,ID002,101,3117A-9999A,76,1052505512,300902078,0,"",
MEX002,310015,ID002,101,3117A-9999A,76,1052505513,300902424,0,"",
MEX002,310015,ID002,101,3117A-9999A,76,1052505514,300902618,0,"",
MEX002,310015,ID002,101,3117A-9999A,75,1052505601,300902816,0,"",
MEX002,310015,ID002,101,3117A-9999A,75,1052505602,300902857,0,"",
MEX002,310015,ID002,101,3117A-9999A,75,1052505603,300903712,0,"",
MEX002,310015,ID002,101,3117A-9999A,75,1052505604,300903720,0,"",
MEX002,310015,ID002,101,3117A-9999A,75,1052505605,300903797,0,"",
MEX002,310015,ID002,101,3117A-9999A,71,1052506012,300909978,1,"",
MEX002,310015,ID002,101,3117A-9999A,71,1052506012,300909979,1,"",
MEX002,310015,ID002,101,3117A-9999A,71,1052506012,300909980,1,"",
MEX002,310015,ID002,101,3117A-9999A,71,1052506013,300910039,1,"",
MEX002,310015,ID002,101,3117A-9999A,71,1052506013,300910040,1,"",
MEX002,310015,ID002,101,3117A-9999A,71,1052506013,300910041,1,"",
MEX002,310015,ID002,101,3117A-9999A,71,1052506013,300910043,1,"",
MEX002,310015,ID002,101,3117A-9999A,71,1052506013,300910044,1,"",
MEX002,310015,ID002,101,3117A-9999A,71,1052506013,300910045,1,"",
MEX002,310015,ID002,101,3117A-9999A,71,1052506013,300912481,1,"",
MEX002,310015,ID002,101,3117A-9999A,64,1052506714,300920053,1,"",
MEX002,310015,ID002,101,3117A-9999A,64,1052506714,300920054,1,"",
MEX002,310015,ID002,101,3117A-9999A,64,1052506714,300920055,1,"",
MEX002,310015,ID002,101,3117A-9999A,64,1052506715,300920141,1,"",
MEX002,310015,ID002,101,3117A-9999A,64,1052506715,300920142,1,"",
MEX002,310015,ID002,101,3117A-9999A,64,1052506715,300920143,1,"",
MEX002,310015,ID002,101,3117A-9999A,64,1052506715,300920144,1,"",
MEX002,310015,ID002,101,3117A-9999A,64,1052506715,300920145,1,"",
MEX002,310015,ID002,101,3117A-9999A,64,1052506715,300920146,1,"",
MEX002,310015,ID002,101,3117A-9999A,64,1052506715,300920147,1,"",
MEX002,310015,ID002,101,3117A-9999A,64,1052506715,300920148,1,"",
MEX002,310015,ID002,101,9999A-9999E,62,1052506903,300921382,1,"",
MEX002,310015,ID002,101,9999A-9999E,62,1052506903,300921383,1,"",
MEX002,310015,ID002,101,9999A-9999E,62,1052506903,300921391,1,"",
MEX002,310015,ID002,101,9999A-9999E-9999A-9999E,93,1052503806,300878012,0,"",
MEX002,310015,ID002,102,9999A,100,1052503112,300869513,0,"",
MEX002,310015,ID002,102,9999A,100,1052503112,300869514,1,"",
MEX002,310015,ID002,102,9999A,93,1052503816,300878783,0,"",
TX001,310002,WA001,101,3405A-9999A-9999E,86,1002504503,300888557,1,"",
TX001,310002,WA001,101,3405A-9999A-9999E,86,1002504504,300888583,1,"",
TX001,310002,WA001,101,3405A-9999A-9999E,86,1002504504,300888585,1,"",
TX001,310002,WA001,101,3405A-9999A-9999E,86,1002504504,300888587,1,"",
TX001,310002,WA001,101,3405A-9999A-9999E,86,1002504504,300888589,1,"",
TX001,310002,WA001,101,3405A-9999A-9999E,86,1002504504,300888738,1,"",
TX001,310002,WA001,101,3405A-9999A-9999E,86,1002504504,300888739,1,"",
TX001,310002,WA001,101,3405A-9999A-9999E,86,1002504504,300888740,1,"",
TX001,310002,WA001,101,3405A-9999A-9999E,86,1002504504,300888741,1,"",
TX001,310002,WA001,102,9999A,85,1002504601,300889910,1,"",
TX001,310002,WA001,102,9999A,17,1002511403,300984756,1,"",
TX001,310002,WA001,102,9999A,17,1002511403,300984757,1,"",
TX001,310002,WA001,102,9999A,17,1002511403,300984782,1,"",
TX001,310002,WA001,102,9999A,17,1002511403,300984784,1,"",
TX001,310002,WA001,102,9999A,17,1002511403,300984785,1,"",
TX001,310002,WA001,102,9999A,17,1002511403,300984792,1,"",
TX001,310002,WA001,102,9999A,17,1002511403,300984796,1,"",
TX001,310002,WA001,102,9999A,17,1002511404,300984821,1,"",
TX001,310002,WA001,102,9999A,17,1002511404,300984822,1,"",
TX001,310002,WA001,102,9999A,17,1002511404,300984823,1,"",
TX001,310002,WA001,102,9999A,17,1002511404,300984824,1,"",
TX001,310002,WA001,102,9999A,17,1002511404,300984853,1,"",
TX001,310002,WA001,102,9999A,17,1002511404,300984854,1,"",
TX001,310002,WA001,102,9999A,17,1002511404,300984855,1,"",
TX001,310002,WA001,102,9999A,17,1002511404,300984856,1,"",
TX001,310015,ID002,101,"",20,1052511101,300979790,1,"",
TX001,310015,ID002,101,"",20,1052511101,300979791,1,"",
TX001,310015,ID002,101,"",20,1052511101,300979792,1,"",
TX001,310015,ID002,101,"",20,1052511101,300979793,1,"",
TX001,310015,ID002,101,"",20,1052511101,300979794,1,"",
TX001,310015,ID002,101,"",20,1052511101,300979795,1,"",
TX001,310015,ID002,101,"",20,1052511101,300979796,1,"",
TX001,310015,ID002,101,"",20,1052511101,300979797,1,"",
TX001,310015,ID002,101,3117A-3117A-3117S-3123A-3123A-3123A-9999A-9999E-9999A-9999E,25,1052510602,300973203,1,"",
TX001,310015,ID002,101,3117A-3117A-3117S-3123A-3123A-3123A-9999A-9999E-9999A-9999E,25,1052510602,300973204,1,"",
TX001,310015,ID002,101,3117A-3117A-3117S-3123A-3123A-3123A-9999A-9999E-9999A-9999E,25,1052510602,300973205,1,"",
TX001,310015,ID002,101,3117A-3117A-3117S-3123A-3123A-3123A-9999A-9999E-9999A-9999E,25,1052510602,300973305,1,"",
TX001,310015,ID002,101,3117A-3117A-3117S-3123A-3123A-3123A-9999A-9999E-9999A-9999E,25,1052510602,300973379,1,"",
TX001,310015,ID002,101,3117A-3117A-9999A-9999A,41,1052509016,300952051,1,233374-1-1-110,
TX001,310015,ID002,101,3117A-3117A-9999A-9999A,41,1052509016,300952052,1,233374-1-1-110,
TX001,310015,ID002,101,3117A-3117A-9999A-9999A,41,1052509016,300952053,1,233374-1-1-110,
TX001,310015,ID002,101,3117A-3117A-9999A-9999A,41,1052509016,300952054,1,233374-1-1-110,
TX001,310015,ID002,101,3117A-3117A-9999A-9999A,41,1052509016,300952055,1,233374-1-1-110,
TX001,310015,ID002,101,3117A-3117A-9999A-9999A,41,1052509016,300952057,1,233374-1-1-110,
TX001,310015,ID002,101,3117A-3117A-9999A-9999A,41,1052509016,300952058,1,233374-1-1-110,
TX001,310015,ID002,101,3117A-3123A-3123A-9999A-9999E,25,1052510601,300973135,1,"",
TX001,310015,ID002,101,3117A-3123A-3123A-9999A-9999E,25,1052510601,300973136,1,"",
TX001,310015,ID002,101,3117A-3123A-3123A-9999A-9999E,25,1052510601,300973137,1,"",
TX001,310015,ID002,101,3117A-3123A-3123A-9999A-9999E,25,1052510601,300973138,1,"",
TX001,310015,ID002,101,3117A-3123A-3123A-9999A-9999E,25,1052510601,300973139,1,"",
TX001,310015,ID002,101,3117A-3123A-3123A-9999A-9999E,25,1052510601,300973140,1,"",
TX001,310015,ID002,101,3117A-3123A-3123A-9999A-9999E,22,1052510909,300977680,1,"",
TX001,310015,ID002,101,3117A-3123A-3123A-9999A-9999E,22,1052510909,300977681,1,"",
TX001,310015,ID002,101,3117A-3123A-3123A-9999A-9999E,22,1052510909,300977682,1,"",
TX001,310015,ID002,101,3117A-3123A-3123A-9999A-9999E,22,1052510909,300977683,1,"",
TX001,310015,ID002,101,3117A-3123A-3123A-9999A-9999E,22,1052510909,300977702,1,"",
TX001,310015,ID002,101,3117A-3123A-3123A-9999A-9999E,22,1052510909,300977703,1,"",
TX001,310015,ID002,101,3117A-3123A-3123A-9999A-9999E,22,1052510909,300977705,1,"",
TX001,310015,ID002,101,3117A-3123A-3123A-9999A-9999E,22,1052510909,300977706,1,"",
TX001,310015,ID002,101,3117A-3123A-3132A-9999A,21,1052511009,300979395,1,"",
TX001,310015,ID002,101,3117A-3123A-3132A-9999A,21,1052511009,300979396,1,"",
TX001,310015,ID002,101,3117A-3123A-3132A-9999A,21,1052511009,300979397,1,"",
TX001,310015,ID002,101,3117A-3123A-3132A-9999A,21,1052511009,300979398,1,"",
TX001,310015,ID002,101,3117A-3123A-3132A-9999A,21,1052511009,300979453,1,"",
TX001,310015,ID002,101,3117A-3123A-3132A-9999A,21,1052511009,300979454,1,"",
TX001,310015,ID002,101,3117A-3123A-3132A-9999A,21,1052511009,300979455,1,"",
TX001,310015,ID002,101,3117A-3123A-3132A-9999A,21,1052511009,300979456,1,"",
TX001,310015,ID002,101,3117A-3123A-3132A-9999A,21,1052511010,300979473,1,"",
TX001,310015,ID002,101,3117A-3123A-3132A-9999A,21,1052511010,300979474,1,"",
TX001,310015,ID002,101,3117A-3123A-3132A-9999A,21,1052511010,300979475,1,"",
TX001,310015,ID002,101,3117A-3123A-3132A-9999A,21,1052511010,300979476,1,"",
TX001,310015,ID002,101,3117A-3123A-3132A-9999A,21,1052511010,300979488,1,"",
TX001,310015,ID002,101,3117A-3123A-3132A-9999A,21,1052511010,300979489,1,"",
TX001,310015,ID002,101,3117A-3123A-3132A-9999A,21,1052511010,300979490,1,"",
TX001,310015,ID002,101,3117A-3123A-3132A-9999A,21,1052511010,300979491,1,"",
TX001,310015,ID002,101,3117A-3123A-3132A-9999A-9999E,24,1052510706,300974717,1,"",
TX001,310015,ID002,101,3117A-3123A-3132A-9999A-9999E,24,1052510706,300974718,1,"",
TX001,310015,ID002,101,3117A-3123A-3132A-9999A-9999E,24,1052510706,300974719,1,"",
TX001,310015,ID002,101,3117A-3123A-3132A-9999A-9999E,24,1052510706,300974720,1,"",
TX001,310015,ID002,101,3117A-3123A-3132A-9999A-9999E,24,1052510706,300974759,1,"",
TX001,310015,ID002,101,3117A-3123A-3132A-9999A-9999E,24,1052510706,300974760,1,"",
TX001,310015,ID002,101,3117A-3123A-3132A-9999A-9999E,24,1052510706,300974761,1,"",
TX001,310015,ID002,101,3117A-3123A-3132A-9999A-9999E,24,1052510706,300974762,1,"",
TX001,310015,ID002,101,3117A-3123A-3132A-9999A-9999E,22,1052510910,300978009,1,"",
TX001,310015,ID002,101,3117A-3123A-3132A-9999A-9999E,22,1052510910,300978014,1,"",
TX001,310015,ID002,101,3117A-3123A-3132A-9999A-9999E,22,1052510910,300978215,1,"",
TX001,310015,ID002,101,3117A-3123A-3132A-9999A-9999E,22,1052510910,300978216,1,"",
TX001,310015,ID002,101,3117A-3123A-3132A-9999A-9999E,22,1052510910,300978217,1,"",
TX001,310015,ID002,101,3117A-3123A-3132A-9999A-9999E,22,1052510910,300978218,1,"",
TX001,310015,ID002,101,3117A-3123A-3132A-9999A-9999E,22,1052510910,300978219,1,"",
TX001,310015,ID002,101,3117A-3123A-3132A-9999A-9999E,22,1052510910,300978220,1,"",
TX001,310015,ID002,101,3117A-3123A-3132A-9999A-9999E,22,1052510911,300978607,1,"",
TX001,310015,ID002,101,3117A-3123A-3132A-9999A-9999E,22,1052510911,300978608,1,"",
TX001,310015,ID002,101,3117A-3123A-3132A-9999A-9999E,22,1052510911,300978609,1,"",
TX001,310015,ID002,101,3117A-3123A-3132A-9999A-9999E,22,1052510911,300978610,1,"",
TX001,310015,ID002,101,3117A-3123A-3132A-9999A-9999E,21,1052511002,300978913,1,"",
TX001,310015,ID002,101,3117A-3123A-3132A-9999A-9999E,21,1052511002,300978919,1,"",
TX001,310015,ID002,101,3117A-3123A-3132A-9999A-9999E,21,1052511002,300978923,1,"",
TX001,310015,ID002,101,3117A-3123A-3132A-9999A-9999E,21,1052511002,300978926,1,"",
TX001,310015,ID002,101,3117A-3123A-3132A-9999A-9999E,21,1052511002,300978978,1,"",
TX001,310015,ID002,101,3117A-3123A-3132A-9999A-9999E,21,1052511002,300978979,1,"",
TX001,310015,ID002,101,3117A-3123A-3132A-9999A-9999E,21,1052511002,300978980,1,"",
TX001,310015,ID002,101,3117A-3123A-3132A-9999A-9999E,21,1052511002,300980284,1,"",
TX001,310015,ID002,101,3117A-3123A-3132A-9999A-9999E,21,1052511011,300979505,1,"",
TX001,310015,ID002,101,3117A-3123A-3132A-9999A-9999E,21,1052511011,300979506,1,"",
TX001,310015,ID002,101,3117A-3123A-3132A-9999A-9999E,21,1052511011,300979508,1,"",
TX001,310015,ID002,101,3117A-3123A-3132A-9999A-9999E,21,1052511011,300979526,1,"",
TX001,310015,ID002,101,3117A-3123A-3132A-9999A-9999E,21,1052511011,300979527,1,"",
TX001,310015,ID002,101,3117A-3123A-3132A-9999A-9999E,21,1052511011,300979528,1,"",
TX001,310015,ID002,101,3117A-3123A-3132A-9999A-9999E,21,1052511011,300979529,1,"",
TX001,310015,ID002,101,3117A-3123A-3132A-9999A-9999E,21,1052511011,300979645,1,"",
TX001,310015,ID002,101,3117A-3123A-3132A-9999A-9999E,21,1052511012,300979581,1,"",
TX001,310015,ID002,101,3117A-3123A-3132A-9999A-9999E,21,1052511012,300979582,1,"",
TX001,310015,ID002,101,3117A-3123A-3132A-9999A-9999E,21,1052511012,300979583,1,"",
TX001,310015,ID002,101,3117A-3123A-3132A-9999A-9999E,21,1052511012,300979584,1,"",
TX001,310015,ID002,101,3117A-3123A-3132A-9999A-9999E,21,1052511012,300979585,1,"",
TX001,310015,ID002,101,3117A-3123A-3132A-9999A-9999E,21,1052511012,300979586,1,"",
TX001,310015,ID002,101,3117A-3123A-3132A-9999A-9999E,21,1052511012,300979587,1,"",
TX001,310015,ID002,101,3117A-3123A-3132A-9999A-9999E,21,1052511012,300979588,1,"",
TX001,310015,ID002,101,3117A-3123A-3132A-9999A-9999E,19,1052511201,300981158,1,"",
TX001,310015,ID002,101,3117A-3123A-3132A-9999A-9999E,19,1052511201,300981159,1,"",
TX001,310015,ID002,101,3117A-3123A-3132A-9999A-9999E,19,1052511201,300981178,1,"",
TX001,310015,ID002,101,3117A-3123A-3132A-9999A-9999E,19,1052511201,300981181,1,"",
TX001,310015,ID002,101,3117A-3123A-3132A-9999A-9999E,19,1052511201,300981183,1,"",
TX001,310015,ID002,101,3117A-3123A-3132A-9999A-9999E,19,1052511201,300981184,1,"",
TX001,310015,ID002,101,3117A-3123A-3132A-9999A-9999E,17,1052511402,300984133,1,"",
TX001,310015,ID002,101,3117A-3123A-3132A-9999A-9999E,17,1052511402,300984134,1,"",
TX001,310015,ID002,101,3117A-3123A-3132A-9999A-9999E,17,1052511402,300984135,1,"",
TX001,310015,ID002,101,3117A-3123A-3132A-9999A-9999E,17,1052511402,300984136,1,"",
TX001,310015,ID002,101,3117A-3123A-3132A-9999A-9999E,17,1052511402,300984172,1,"",
TX001,310015,ID002,101,3117A-3123A-3132A-9999A-9999E,17,1052511402,300984173,1,"",
TX001,310015,ID002,101,3117A-3123A-3132A-9999A-9999E,17,1052511402,300984178,1,"",
TX001,310015,ID002,101,3117A-3123A-3132A-9999A-9999E,17,1052511402,300984181,1,"",
TX001,310015,ID002,101,3117A-3123A-3132A-9999A-9999E,17,1052511404,300984234,1,"",
TX001,310015,ID002,101,3117A-3123A-3132A-9999A-9999E,17,1052511404,300984235,1,"",
TX001,310015,ID002,101,3117A-3123A-3132A-9999A-9999E,17,1052511404,300984252,1,"",
TX001,310015,ID002,101,3117A-3123A-3132A-9999A-9999E,17,1052511404,300984253,1,"",
TX001,310015,ID002,101,3117A-3123A-3132A-9999A-9999E,17,1052511404,300984264,1,"",
TX001,310015,ID002,101,3117A-3123A-3132A-9999A-9999E,17,1052511404,300984265,1,"",
TX001,310015,ID002,101,3117A-3123A-3132A-9999A-9999E,17,1052511404,300984277,1,"",
TX001,310015,ID002,101,3117A-3123A-3132A-9999A-9999E,17,1052511404,300984281,1,"",
TX001,310015,ID002,101,3117A-3123A-9999A,87,1052504409,300886351,0,"",
TX001,310015,ID002,101,3117A-3123A-9999A,67,1052506406,300915039,1,233089-1-2-108,
TX001,310015,ID002,101,3117A-3123A-9999A,67,1052506406,300915040,1,233089-1-2-108,
TX001,310015,ID002,101,3117A-3123A-9999A,67,1052506406,300915041,1,233089-1-2-108,
TX001,310015,ID002,101,3117A-3123A-9999A,67,1052506406,300915043,1,233089-1-2-108,
TX001,310015,ID002,101,3117A-3123A-9999A,67,1052506406,300915066,1,233089-1-2-108,
TX001,310015,ID002,101,3117A-3123A-9999A,67,1052506406,300915067,1,233089-1-2-108,
TX001,310015,ID002,101,3117A-3123A-9999A,67,1052506406,300915068,1,233089-1-2-108,
TX001,310015,ID002,101,3117A-3123A-9999A,67,1052506406,300915069,1,233089-1-2-108,
TX001,310015,ID002,101,3117A-3123A-9999A,67,1052506407,300915127,1,233089-1-2-108,
TX001,310015,ID002,101,3117A-3123A-9999A,67,1052506407,300915128,1,233089-1-2-108,
TX001,310015,ID002,101,3117A-3123A-9999A,67,1052506407,300915129,1,233089-1-2-108,
TX001,310015,ID002,101,3117A-3123A-9999A,67,1052506407,300915131,1,233089-1-2-108,
TX001,310015,ID002,101,3117A-3123A-9999A,67,1052506407,300915172,1,233089-1-2-108,
TX001,310015,ID002,101,3117A-3123A-9999A,67,1052506408,300915273,1,233089-1-2-108,
TX001,310015,ID002,101,3117A-3123A-9999A,67,1052506408,300915274,1,233089-1-2-108,
TX001,310015,ID002,101,3117A-3123A-9999A,67,1052506408,300915275,1,233089-1-2-108,
TX001,310015,ID002,101,3117A-3123A-9999A,67,1052506408,300915277,1,233089-1-2-108,
TX001,310015,ID002,101,3117A-3123A-9999A,67,1052506408,300915375,1,233089-1-2-108,
TX001,310015,ID002,101,3117A-3123A-9999A,67,1052506408,300915377,1,233089-1-2-108,
TX001,310015,ID002,101,3117A-3123A-9999A,67,1052506409,300915378,1,233089-1-2-108,
TX001,310015,ID002,101,3117A-3123A-9999A,67,1052506409,300915379,1,233089-1-2-108,
TX001,310015,ID002,101,3117A-3123A-9999A,67,1052506409,300915380,1,233089-1-2-109,
TX001,310015,ID002,101,3117A-3123A-9999A,67,1052506409,300915381,1,233089-1-2-109,
TX001,310015,ID002,101,3117A-3123A-9999A,67,1052506409,300915382,1,233089-1-2-109,
TX001,310015,ID002,101,3117A-3123A-9999A,67,1052506409,300915383,1,233089-1-2-109,
TX001,310015,ID002,101,3117A-3123A-9999A,67,1052506409,300915385,1,233089-1-2-109,
TX001,310015,ID002,101,3117A-3123A-9999A,67,1052506410,300915479,1,233089-1-2-109,
TX001,310015,ID002,101,3117A-3123A-9999A,67,1052506410,300915480,1,233089-1-2-109,
TX001,310015,ID002,101,3117A-3123A-9999A,67,1052506410,300915481,1,233089-1-2-109,
TX001,310015,ID002,101,3117A-3123A-9999A,67,1052506410,300915482,1,233089-1-2-109,
TX001,310015,ID002,101,3117A-3123A-9999A,67,1052506410,300915537,1,233089-1-2-109,
TX001,310015,ID002,101,3117A-3123A-9999A,67,1052506410,300915538,1,233089-1-2-109,
TX001,310015,ID002,101,3117A-3123A-9999A,67,1052506410,300915539,1,233089-1-2-109,
TX001,310015,ID002,101,3117A-3123A-9999A,67,1052506410,300915540,1,233089-1-2-109,
TX001,310015,ID002,101,3117A-3123A-9999A,65,1052506602,300917654,0,233376-1-1-101,
TX001,310015,ID002,101,3117A-3123A-9999A,65,1052506602,300917655,0,233376-1-1-101,
TX001,310015,ID002,101,3117A-3123A-9999A,65,1052506603,300917716,0,233376-1-1-101,
TX001,310015,ID002,101,3117A-3123A-9999A,65,1052506603,300917717,0,233376-1-1-101,
TX001,310015,ID002,101,3117A-3123A-9999A,65,1052506603,300917719,0,233376-1-1-101,
TX001,310015,ID002,101,3117A-3123A-9999A,65,1052506603,300917720,0,233376-1-1-101,
TX001,310015,ID002,101,3117A-3123A-9999A,65,1052506603,300917721,0,233376-1-1-101,
TX001,310015,ID002,101,3117A-3123A-9999A,65,1052506603,300917722,0,233376-1-1-101,
TX001,310015,ID002,101,3117A-3123A-9999A,65,1052506604,300917830,0,233376-1-1-101,
TX001,310015,ID002,101,3117A-3123A-9999A,65,1052506604,300917831,0,233376-1-1-101,
TX001,310015,ID002,101,3117A-3123A-9999A,65,1052506604,300917832,0,233376-1-1-101,
TX001,310015,ID002,101,3117A-3123A-9999A,65,1052506604,300917835,0,233376-1-1-102,
TX001,310015,ID002,101,3117A-3123A-9999A,65,1052506604,300917837,0,233376-1-1-102,
TX001,310015,ID002,101,3117A-3123A-9999A,65,1052506605,300917949,0,233376-1-1-102,
TX001,310015,ID002,101,3117A-3123A-9999A,65,1052506605,300917984,0,233376-1-1-102,
TX001,310015,ID002,101,3117A-3123A-9999A,65,1052506605,300917985,0,233376-1-1-102,
TX001,310015,ID002,101,3117A-3123A-9999A,55,1052507601,300931700,0,233376-1-1-106,
TX001,310015,ID002,101,3117A-3123A-9999A,55,1052507601,300931701,0,233376-1-1-106,
TX001,310015,ID002,101,3117A-3123A-9999A,55,1052507601,300931702,0,233376-1-1-106,
TX001,310015,ID002,101,3117A-3123A-9999A,55,1052507602,300931794,0,233376-1-1-106,
TX001,310015,ID002,101,3117A-3123A-9999A,55,1052507602,300931795,0,233376-1-1-106,
TX001,310015,ID002,101,3117A-3123A-9999A,55,1052507602,300931808,0,233376-1-1-106,
TX001,310015,ID002,101,3117A-3123A-9999A,55,1052507602,300931824,0,233376-1-1-106,
TX001,310015,ID002,101,3117A-3123A-9999A,55,1052507603,300931839,0,233376-1-1-106,
TX001,310015,ID002,101,3117A-3123A-9999A,55,1052507603,300931841,0,233376-1-1-107,
TX001,310015,ID002,101,3117A-3123A-9999A,55,1052507603,300931854,0,233376-1-1-107,
TX001,310015,ID002,101,3117A-3123A-9999A,55,1052507605,300932062,0,233376-1-1-107,
TX001,310015,ID002,101,3117A-3123A-9999A,55,1052507605,300932064,0,233376-1-1-108,
TX001,310015,ID002,101,3117A-3123A-9999A,55,1052507605,300932100,0,233376-1-1-108,
TX001,310015,ID002,101,3117A-3123A-9999A,55,1052507605,300932103,0,233376-1-1-108,
TX001,310015,ID002,101,3117A-3123A-9999A,45,1052508602,300945615,1,233089-1-2-106,
TX001,310015,ID002,101,3117A-3123A-9999A,45,1052508602,300945616,1,233089-1-2-106,
TX001,310015,ID002,101,3117A-3123A-9999A,45,1052508602,300945617,1,233089-1-2-106,
TX001,310015,ID002,101,3117A-3123A-9999A,45,1052508603,300945656,1,233089-1-2-106,
TX001,310015,ID002,101,3117A-3123A-9999A,45,1052508603,300945657,1,233089-1-2-106,
TX001,310015,ID002,101,3117A-3123A-9999A,45,1052508603,300945658,1,233089-1-2-106,
TX001,310015,ID002,101,3117A-3123A-9999A,45,1052508603,300945659,1,233089-1-2-106,
TX001,310015,ID002,101,3117A-3123A-9999A,45,1052508603,300945660,1,233089-1-2-106,
TX001,310015,ID002,101,3117A-3123A-9999A,45,1052508603,300945827,1,233089-1-2-106,
TX001,310015,ID002,101,3117A-3123A-9999A,45,1052508603,300945828,1,233089-1-2-106,
TX001,310015,ID002,101,3117A-3123A-9999A,45,1052508603,300945829,1,233089-1-2-106,
TX001,310015,ID002,101,3117A-3123A-9999A,45,1052508604,300946271,1,233089-1-2-106,
TX001,310015,ID002,101,3117A-3123A-9999A,45,1052508604,300946272,1,233089-1-2-106,
TX001,310015,ID002,101,3117A-3123A-9999A,45,1052508604,300946273,1,233089-1-2-106,
TX001,310015,ID002,101,3117A-3123A-9999A,45,1052508604,300946348,1,233089-1-2-106,
TX001,310015,ID002,101,3117A-3123A-9999A,45,1052508604,300946443,1,233089-1-2-106,
TX001,310015,ID002,101,3117A-3123A-9999A,45,1052508604,300946446,1,233089-1-2-106,
TX001,310015,ID002,101,3117A-3123A-9999A,45,1052508604,300946447,1,233089-1-2-106,
TX001,310015,ID002,101,3117A-3123A-9999A,45,1052508604,300946508,1,233089-1-2-106,
TX001,310015,ID002,101,3117A-3123A-9999A,45,1052508605,300946487,1,233089-1-2-107,
TX001,310015,ID002,101,3117A-3123A-9999A,45,1052508605,300946488,1,233089-1-2-107,
TX001,310015,ID002,101,3117A-3123A-9999A,45,1052508605,300946489,1,233089-1-2-107,
TX001,310015,ID002,101,3117A-3123A-9999A,45,1052508605,300946490,1,233089-1-2-107,
TX001,310015,ID002,101,3117A-3123A-9999A,45,1052508605,300946559,1,233089-1-2-107,
TX001,310015,ID002,101,3117A-3123A-9999A,45,1052508605,300946560,1,233089-1-2-107,
TX001,310015,ID002,101,3117A-3123A-9999A,45,1052508605,300946561,1,233089-1-2-107,
TX001,310015,ID002,101,3117A-3123A-9999A,45,1052508605,300946562,1,233089-1-2-107,
TX001,310015,ID002,101,3117A-3123A-9999A,43,1052508809,300948332,1,233369-1-1-114,
TX001,310015,ID002,101,3117A-3123A-9999A,43,1052508810,300948562,1,233369-1-1-114,
TX001,310015,ID002,101,3117A-3123A-9999A,43,1052508810,300948563,1,233369-1-1-114,
TX001,310015,ID002,101,3117A-3123A-9999A,43,1052508810,300948564,1,233369-1-1-114,
TX001,310015,ID002,101,3117A-3123A-9999A,43,1052508810,300948565,1,233369-1-1-114,
TX001,310015,ID002,101,3117A-3123A-9999A,43,1052508810,300948566,1,233369-1-1-114,
TX001,310015,ID002,101,3117A-3123A-9999A,43,1052508810,300948567,1,233369-1-1-114,
TX001,310015,ID002,101,3117A-3123A-9999A,43,1052508810,300948568,1,233369-1-1-114,
TX001,310015,ID002,101,3117A-3123A-9999A,43,1052508810,300948569,1,233369-1-1-114,
TX001,310015,ID002,101,3117A-3123A-9999A-9999E,89,1052504208,300884428,1,"",
TX001,310015,ID002,101,3117A-3123A-9999A-9999E,67,1052506411,300915571,1,233089-1-2-109,
TX001,310015,ID002,101,3117A-3123A-9999A-9999E,67,1052506411,300915572,1,233089-1-2-109,
TX001,310015,ID002,101,3117A-3123A-9999A-9999E,67,1052506411,300915573,1,233089-1-2-109,
TX001,310015,ID002,101,3117A-3123A-9999A-9999E,67,1052506411,300915575,1,233089-1-2-109,
TX001,310015,ID002,101,3117A-3123A-9999A-9999E,67,1052506411,300915637,1,233089-1-2-109,
TX001,310015,ID002,101,3117A-3123A-9999A-9999E,67,1052506411,300915638,1,233089-1-2-109,
TX001,310015,ID002,101,3117A-3123A-9999A-9999E,67,1052506411,300915745,1,233089-1-2-109,
TX001,310015,ID002,101,3117A-3123A-9999A-9999E,67,1052506411,300915746,1,233089-1-2-109,
TX001,310015,ID002,101,3117A-3123A-9999A-9999E,67,1052506412,300915747,1,233089-1-2-110,
TX001,310015,ID002,101,3117A-3123A-9999A-9999E,67,1052506412,300915748,1,233089-1-2-110,
TX001,310015,ID002,101,3117A-3123A-9999A-9999E,67,1052506412,300915749,1,233089-1-2-110,
TX001,310015,ID002,101,3117A-3123A-9999A-9999E,67,1052506412,300915750,1,233089-1-2-110,
TX001,310015,ID002,101,3117A-3123A-9999A-9999E,67,1052506412,300915798,1,233089-1-2-110,
TX001,310015,ID002,101,3117A-3123A-9999A-9999E,67,1052506412,300915799,1,233089-1-2-110,
TX001,310015,ID002,101,3117A-3123A-9999A-9999E,67,1052506412,300915800,1,233089-1-2-110,
TX001,310015,ID002,101,3117A-3123A-9999A-9999E,67,1052506412,300915801,1,233089-1-2-110,
TX001,310015,ID002,101,3117A-3123A-9999A-9999E,67,1052506413,300915823,1,233089-1-2-110,
TX001,310015,ID002,101,3117A-3123A-9999A-9999E,67,1052506413,300915825,1,233089-1-2-110,
TX001,310015,ID002,101,3117A-3123A-9999A-9999E,67,1052506413,300915826,1,233089-1-2-110,
TX001,310015,ID002,101,3117A-3123A-9999A-9999E,67,1052506413,300915829,1,233089-1-2-110,
TX001,310015,ID002,101,3117A-3123A-9999A-9999E,67,1052506413,300915845,1,233089-1-2-110,
TX001,310015,ID002,101,3117A-3123A-9999A-9999E,67,1052506413,300915850,1,233089-1-2-110,
TX001,310015,ID002,101,3117A-3123A-9999A-9999E,67,1052506413,300915851,1,233089-1-2-110,
TX001,310015,ID002,101,3117A-3123A-9999A-9999E,67,1052506413,300915852,1,233089-1-2-110,
TX001,310015,ID002,101,3117A-3123A-9999A-9999E,67,1052506414,300916116,1,233089-1-2-110,
TX001,310015,ID002,101,3117A-3123A-9999A-9999E,67,1052506414,300916117,1,233089-1-2-110,
TX001,310015,ID002,101,3117A-3123A-9999A-9999E,65,1052506606,300918014,0,233376-1-1-103,
TX001,310015,ID002,101,3117A-3123A-9999A-9999E,65,1052506606,300918027,0,233376-1-1-103,
TX001,310015,ID002,101,3117A-3123A-9999A-9999E,65,1052506606,300918028,0,233376-1-1-103,
TX001,310015,ID002,101,3117A-3123A-9999A-9999E,65,1052506607,300918063,0,233376-1-1-103,
TX001,310015,ID002,101,3117A-3123A-9999A-9999E,65,1052506609,300918234,0,233376-1-1-103,
TX001,310015,ID002,101,3117A-3123A-9999A-9999E,65,1052506609,300918308,0,233376-1-1-103,
TX001,310015,ID002,101,3117A-3123A-9999A-9999E,65,1052506609,300918311,0,233376-1-1-103,
TX001,310015,ID002,101,3117A-3123A-9999A-9999E,65,1052506609,300918313,0,233376-1-1-103,
TX001,310015,ID002,101,3117A-3123A-9999A-9999E,65,1052506610,300918358,0,233376-1-1-103,
TX001,310015,ID002,101,3117A-3123A-9999A-9999E,65,1052506610,300918390,0,233376-1-1-104,
TX001,310015,ID002,101,3117A-3123A-9999A-9999E,65,1052506610,300918391,0,233376-1-1-104,
TX001,310015,ID002,101,3117A-3123A-9999A-9999E,65,1052506611,300918411,0,233376-1-1-104,
TX001,310015,ID002,101,3117A-3123A-9999A-9999E,65,1052506611,300918413,0,233376-1-1-104,
TX001,310015,ID002,101,3117A-3123A-9999A-9999E,65,1052506611,300918728,0,233376-1-1-104,
TX001,310015,ID002,101,3117A-3123A-9999A-9999E,65,1052506611,300918729,0,233376-1-1-104,
TX001,310015,ID002,101,3117A-3123A-9999A-9999E,56,1052507513,300931371,0,233376-1-1-104,
TX001,310015,ID002,101,3117A-3123A-9999A-9999E,56,1052507513,300931549,0,233376-1-1-105,
TX001,310015,ID002,101,3117A-3123A-9999A-9999E,56,1052507513,300931550,0,233376-1-1-105,
TX001,310015,ID002,101,3117A-3123A-9999A-9999E,56,1052507513,300931552,0,233376-1-1-105,
TX001,310015,ID002,101,3117A-3123A-9999A-9999E,56,1052507514,300931583,0,233376-1-1-105,
TX001,310015,ID002,101,3117A-3123A-9999A-9999E,56,1052507514,300931612,0,233376-1-1-105,
TX001,310015,ID002,101,3117A-3123A-9999A-9999E,53,1052507808,300935557,0,"",
TX001,310015,ID002,101,3117A-3123A-9999A-9999E,51,1052508002,300937650,1,233418-1-1-101,
TX001,310015,ID002,101,3117A-3123A-9999A-9999E,51,1052508002,300937667,1,233418-1-1-101,
TX001,310015,ID002,101,3117A-3123A-9999A-9999E,51,1052508002,300937668,1,233418-1-1-101,
TX001,310015,ID002,101,3117A-3123A-9999A-9999E,51,1052508004,300937809,1,233418-1-1-101,
TX001,310015,ID002,101,3117A-3123A-9999A-9999E,51,1052508004,300937810,1,233418-1-1-101,
TX001,310015,ID002,101,3117A-3123A-9999A-9999E,51,1052508007,300937949,1,233418-1-1-101,
TX001,310015,ID002,101,3117A-3123A-9999A-9999E,51,1052508007,300937950,1,233418-1-1-101,
TX001,310015,ID002,101,3117A-3123A-9999A-9999E,51,1052508007,300937951,1,233418-1-1-101,
TX001,310015,ID002,101,3117A-3123A-9999A-9999E,51,1052508012,300938598,1,233418-1-1-101,
TX001,310015,ID002,101,3117A-3123A-9999A-9999E,51,1052508012,300938599,1,233418-1-1-101,
TX001,310015,ID002,101,3117A-3123A-9999A-9999E,51,1052508012,300938600,1,233418-1-1-101,
TX001,310015,ID002,101,3117A-3123A-9999A-9999E,51,1052508015,300938702,1,233418-1-1-101,
TX001,310015,ID002,101,3117A-3123A-9999A-9999E,51,1052508015,300938703,1,233418-1-1-101,
TX001,310015,ID002,101,3117A-3123A-9999A-9999E,50,1052508101,300939535,1,233089-1-2-106,
TX001,310015,ID002,101,3117A-3123A-9999A-9999E,50,1052508104,300939807,1,233418-1-1-101,
TX001,310015,ID002,101,3117A-3123A-9999A-9999E,50,1052508104,300939808,1,233418-1-1-101,
TX001,310015,ID002,101,3117A-3123A-9999A-9999E,50,1052508104,300939809,1,233418-1-1-101,
TX001,310015,ID002,101,3117A-3123A-9999A-9999E,50,1052508106,300940005,1,233418-1-1-102,
TX001,310015,ID002,101,3117A-3123A-9999A-9999E,50,1052508106,300940006,1,233418-1-1-102,
TX001,310015,ID002,101,3117A-3123A-9999A-9999E,50,1052508106,300940007,1,233418-1-1-102,
TX001,310015,ID002,101,3117A-3123A-9999A-9999E,50,1052508106,300940008,1,233418-1-1-102,
TX001,310015,ID002,101,3117A-3123A-9999A-9999E,50,1052508106,300940009,1,233418-1-1-102,
TX001,310015,ID002,101,3117A-3123A-9999A-9999E,50,1052508106,300940010,1,233418-1-1-102,
TX001,310015,ID002,101,3117A-3123A-9999A-9999E,50,1052508106,300940011,1,233418-1-1-102,
TX001,310015,ID002,101,3117A-3123A-9999A-9999E,50,1052508106,300940012,1,233418-1-1-102,
TX001,310015,ID002,101,3117A-3123A-9999A-9999E,49,1052508201,300940086,1,233418-1-1-102,
TX001,310015,ID002,101,3117A-3123A-9999A-9999E,49,1052508201,300940087,1,233418-1-1-102,
TX001,310015,ID002,101,3117A-3123A-9999A-9999E,49,1052508201,300940088,1,233418-1-1-102,
TX001,310015,ID002,101,3117A-3123A-9999A-9999E,49,1052508201,300940089,1,233418-1-1-102,
TX001,310015,ID002,101,3117A-3123A-9999A-9999E,49,1052508201,300940090,1,233418-1-1-102,
TX001,310015,ID002,101,3117A-3123A-9999A-9999E,49,1052508201,300940092,1,233418-1-1-102,
TX001,310015,ID002,101,3117A-3123A-9999A-9999E,49,1052508201,300940094,1,233418-1-1-102,
TX001,310015,ID002,101,3117A-3123A-9999A-9999E,49,1052508201,300940095,1,233418-1-1-102,
TX001,310015,ID002,101,3117A-3123A-9999A-9999E,49,1052508202,300940137,1,233418-1-1-103,
TX001,310015,ID002,101,3117A-3123A-9999A-9999E,49,1052508202,300940138,1,233418-1-1-103,
TX001,310015,ID002,101,3117A-3123A-9999A-9999E,49,1052508202,300940139,1,233418-1-1-103,
TX001,310015,ID002,101,3117A-3123A-9999A-9999E,49,1052508202,300940140,1,233418-1-1-103,
TX001,310015,ID002,101,3117A-3123A-9999A-9999E,49,1052508202,300940141,1,233418-1-1-103,
TX001,310015,ID002,101,3117A-3123A-9999A-9999E,49,1052508202,300940142,1,233418-1-1-103,
TX001,310015,ID002,101,3117A-3123A-9999A-9999E,49,1052508202,300940143,1,233418-1-1-103,
TX001,310015,ID002,101,3117A-3123A-9999A-9999E,49,1052508202,300940144,1,233418-1-1-103,
TX001,310015,ID002,101,3117A-3123A-9999A-9999E,49,1052508203,300940220,1,233418-1-1-103,
TX001,310015,ID002,101,3117A-3123A-9999A-9999E,49,1052508203,300940221,1,233418-1-1-103,
TX001,310015,ID002,101,3117A-3123A-9999A-9999E,49,1052508203,300940222,1,233418-1-1-103,
TX001,310015,ID002,101,3117A-3123A-9999A-9999E,49,1052508203,300940223,1,233418-1-1-103,
TX001,310015,ID002,101,3117A-3123A-9999A-9999E,49,1052508203,300940224,1,233418-1-1-103,
TX001,310015,ID002,101,3117A-3123A-9999A-9999E,49,1052508203,300940225,1,233418-1-1-103,
TX001,310015,ID002,101,3117A-3123A-9999A-9999E,49,1052508203,300940226,1,233418-1-1-103,
TX001,310015,ID002,101,3117A-3123A-9999A-9999E,49,1052508203,300940227,1,233418-1-1-103,
TX001,310015,ID002,101,3117A-3123A-9999A-9999E,49,1052508204,300940305,1,233418-1-1-104,
TX001,310015,ID002,101,3117A-3123A-9999A-9999E,49,1052508204,300940306,1,233418-1-1-104,
TX001,310015,ID002,101,3117A-3123A-9999A-9999E,49,1052508204,300940307,1,233418-1-1-104,
TX001,310015,ID002,101,3117A-3123A-9999A-9999E,49,1052508204,300940308,1,233418-1-1-104,
TX001,310015,ID002,101,3117A-3123A-9999A-9999E,49,1052508204,300940309,1,233418-1-1-104,
TX001,310015,ID002,101,3117A-3123A-9999A-9999E,49,1052508204,300940310,1,233418-1-1-104,
TX001,310015,ID002,101,3117A-3123A-9999A-9999E,49,1052508204,300940311,1,233418-1-1-104,
TX001,310015,ID002,101,3117A-3123A-9999A-9999E,49,1052508204,300940312,1,233418-1-1-104,
TX001,310015,ID002,101,3117A-3123A-9999A-9999E,49,1052508205,300940331,1,233418-1-1-104,
TX001,310015,ID002,101,3117A-3123A-9999A-9999E,49,1052508205,300940332,1,233418-1-1-104,
TX001,310015,ID002,101,3117A-3123A-9999A-9999E,49,1052508205,300940333,1,233418-1-1-104,
TX001,310015,ID002,101,3117A-3123A-9999A-9999E,49,1052508205,300940455,1,233418-1-1-104,
TX001,310015,ID002,101,3117A-3123A-9999A-9999E,49,1052508205,300940456,1,233418-1-1-104,
TX001,310015,ID002,101,3117A-3123A-9999A-9999E,49,1052508205,300940457,1,233418-1-1-104,
TX001,310015,ID002,101,3117A-3123A-9999A-9999E,49,1052508205,300940458,1,233418-1-1-104,
TX001,310015,ID002,101,3117A-3123A-9999A-9999E,49,1052508205,300940459,1,233418-1-1-104,
TX001,310015,ID002,101,3117A-3123A-9999A-9999E,49,1052508206,300940550,1,233418-1-1-105,
TX001,310015,ID002,101,3117A-3123A-9999A-9999E,49,1052508206,300940551,1,233418-1-1-105,
TX001,310015,ID002,101,3117A-3123A-9999A-9999E,49,1052508206,300940552,1,233418-1-1-105,
TX001,310015,ID002,101,3117A-3123A-9999A-9999E,49,1052508206,300940553,1,233418-1-1-105,
TX001,310015,ID002,101,3117A-3123A-9999A-9999E,49,1052508206,300940590,1,233418-1-1-105,
TX001,310015,ID002,101,3117A-3123A-9999A-9999E,49,1052508206,300940591,1,233418-1-1-105,
TX001,310015,ID002,101,3117A-3123A-9999A-9999E,49,1052508206,300940592,1,233418-1-1-105,
TX001,310015,ID002,101,3117A-3123A-9999A-9999E,49,1052508206,300940593,1,233418-1-1-105,
TX001,310015,ID002,101,3117A-3123A-9999A-9999E,49,1052508207,300940626,1,233418-1-1-105,
TX001,310015,ID002,101,3117A-3123A-9999A-9999E,49,1052508207,300940628,1,233418-1-1-105,
TX001,310015,ID002,101,3117A-3123A-9999A-9999E,49,1052508207,300940629,1,233418-1-1-105,
TX001,310015,ID002,101,3117A-3123A-9999A-9999E,49,1052508207,300940630,1,233418-1-1-105,
TX001,310015,ID002,101,3117A-3123A-9999A-9999E,49,1052508207,300940631,1,233418-1-1-105,
TX001,310015,ID002,101,3117A-3123A-9999A-9999E,49,1052508207,300940636,1,233418-1-1-105,
TX001,310015,ID002,101,3117A-3123A-9999A-9999E,49,1052508207,300940637,1,233418-1-1-105,
TX001,310015,ID002,101,3117A-3123A-9999A-9999E,49,1052508207,300940638,1,233418-1-1-105,
TX001,310015,ID002,101,3117A-3123A-9999A-9999E,49,1052508208,300940666,1,233418-1-1-106,
TX001,310015,ID002,101,3117A-3123A-9999A-9999E,49,1052508208,300940667,1,233418-1-1-106,
TX001,310015,ID002,101,3117A-3123A-9999A-9999E,49,1052508208,300940668,1,233418-1-1-106,
TX001,310015,ID002,101,3117A-3123A-9999A-9999E,49,1052508208,300940669,1,233418-1-1-106,
TX001,310015,ID002,101,3117A-3123A-9999A-9999E,49,1052508208,300940689,1,233418-1-1-106,
TX001,310015,ID002,101,3117A-3123A-9999A-9999E,49,1052508208,300940691,1,233418-1-1-106,
TX001,310015,ID002,101,3117A-3123A-9999A-9999E,49,1052508208,300940692,1,233418-1-1-106,
TX001,310015,ID002,101,3117A-3123A-9999A-9999E,49,1052508208,300940694,1,233418-1-1-106,
TX001,310015,ID002,101,3117A-3123A-9999A-9999E,49,1052508209,300940705,1,233418-1-1-106,
TX001,310015,ID002,101,3117A-3123A-9999A-9999E,49,1052508209,300940706,1,233418-1-1-106,
TX001,310015,ID002,101,3117A-3123A-9999A-9999E,49,1052508209,300940707,1,233418-1-1-106,
TX001,310015,ID002,101,3117A-3123A-9999A-9999E,49,1052508209,300940708,1,233418-1-1-106,
TX001,310015,ID002,101,3117A-3123A-9999A-9999E,49,1052508209,300940713,1,233418-1-1-106,
TX001,310015,ID002,101,3117A-3123A-9999A-9999E,49,1052508209,300940714,1,233418-1-1-106,
TX001,310015,ID002,101,3117A-3123A-9999A-9999E,49,1052508209,300940748,1,233418-1-1-106,
TX001,310015,ID002,101,3117A-3123A-9999A-9999E,49,1052508209,300940749,1,233418-1-1-106,
TX001,310015,ID002,101,3117A-3123A-9999A-9999E,49,1052508210,300940779,1,233418-1-1-107,
TX001,310015,ID002,101,3117A-3123A-9999A-9999E,49,1052508210,300940780,1,233418-1-1-107,
TX001,310015,ID002,101,3117A-3123A-9999A-9999E,49,1052508210,300940782,1,233418-1-1-107,
TX001,310015,ID002,101,3117A-3123A-9999A-9999E,49,1052508210,300940783,1,233418-1-1-107,
TX001,310015,ID002,101,3117A-3123A-9999A-9999E,49,1052508210,300940806,1,233418-1-1-107,
TX001,310015,ID002,101,3117A-3123A-9999A-9999E,49,1052508210,300940807,1,233418-1-1-107,
TX001,310015,ID002,101,3117A-3123A-9999A-9999E,49,1052508210,300940808,1,233418-1-1-107,
TX001,310015,ID002,101,3117A-3123A-9999A-9999E,49,1052508210,300940809,1,233418-1-1-107,
TX001,310015,ID002,101,3117A-3123A-9999A-9999E,49,1052508211,300940836,1,233418-1-1-107,
TX001,310015,ID002,101,3117A-3123A-9999A-9999E,49,1052508211,300940838,1,233418-1-1-107,
TX001,310015,ID002,101,3117A-3123A-9999A-9999E,49,1052508211,300940840,1,233418-1-1-107,
TX001,310015,ID002,101,3117A-3123A-9999A-9999E,49,1052508211,300940841,1,233418-1-1-107,
TX001,310015,ID002,101,3117A-3123A-9999A-9999E,49,1052508211,300940847,1,233418-1-1-107,
TX001,310015,ID002,101,3117A-3123A-9999A-9999E,49,1052508211,300940848,1,233418-1-1-107,
TX001,310015,ID002,101,3117A-3123A-9999A-9999E,49,1052508211,300940970,1,233418-1-1-107,
TX001,310015,ID002,101,3117A-3123A-9999A-9999E,49,1052508211,300941207,1,233418-1-1-107,
TX001,310015,ID002,101,3117A-3123A-9999A-9999E,49,1052508212,300941208,1,233418-1-1-108,
TX001,310015,ID002,101,3117A-3123A-9999A-9999E,49,1052508212,300941209,1,233418-1-1-108,
TX001,310015,ID002,101,3117A-3123A-9999A-9999E,49,1052508212,300941210,1,233418-1-1-108,
TX001,310015,ID002,101,3117A-3123A-9999A-9999E,49,1052508212,300941212,1,233418-1-1-108,
TX001,310015,ID002,101,3117A-3123A-9999A-9999E,49,1052508212,300941303,1,233418-1-1-108,
TX001,310015,ID002,101,3117A-3123A-9999A-9999E,49,1052508212,300941304,1,233418-1-1-108,
TX001,310015,ID002,101,3117A-3123A-9999A-9999E,49,1052508212,300941305,1,233418-1-1-108,
TX001,310015,ID002,101,3117A-3123A-9999A-9999E,49,1052508212,300941306,1,233418-1-1-108,
TX001,310015,ID002,101,3117A-3123A-9999A-9999E,49,1052508213,300941325,1,233418-1-1-108,
TX001,310015,ID002,101,3117A-3123A-9999A-9999E,49,1052508213,300941326,1,233418-1-1-108,
TX001,310015,ID002,101,3117A-3123A-9999A-9999E,49,1052508213,300941327,1,233418-1-1-108,
TX001,310015,ID002,101,3117A-3123A-9999A-9999E,49,1052508213,300941328,1,233418-1-1-108,
TX001,310015,ID002,101,3117A-3123A-9999A-9999E,49,1052508213,300941329,1,233418-1-1-108,
TX001,310015,ID002,101,3117A-3123A-9999A-9999E,49,1052508213,300941330,1,233418-1-1-108,
TX001,310015,ID002,101,3117A-3123A-9999A-9999E,49,1052508213,300941331,1,233418-1-1-108,
TX001,310015,ID002,101,3117A-3123A-9999A-9999E,49,1052508213,300941332,1,233418-1-1-108,
TX001,310015,ID002,101,3117A-3123A-9999A-9999E,49,1052508214,300941388,1,233418-1-1-109,
TX001,310015,ID002,101,3117A-3123A-9999A-9999E,49,1052508214,300941389,1,233418-1-1-109,
TX001,310015,ID002,101,3117A-3123A-9999A-9999E,49,1052508214,300941390,1,233418-1-1-109,
TX001,310015,ID002,101,3117A-3123A-9999A-9999E,49,1052508214,300941391,1,233418-1-1-109,
TX001,310015,ID002,101,3117A-3123A-9999A-9999E,49,1052508214,300941413,1,233418-1-1-109,
TX001,310015,ID002,101,3117A-3123A-9999A-9999E,49,1052508214,300941414,1,233418-1-1-109,
TX001,310015,ID002,101,3117A-3123A-9999A-9999E,49,1052508214,300941417,1,233418-1-1-109,
TX001,310015,ID002,101,3117A-3123A-9999A-9999E,49,1052508214,300941418,1,233418-1-1-109,
TX001,310015,ID002,101,3117A-3123A-9999A-9999E,48,1052508301,300941490,1,233418-1-1-109,
TX001,310015,ID002,101,3117A-3123A-9999A-9999E,48,1052508301,300941492,1,233418-1-1-109,
TX001,310015,ID002,101,3117A-3123A-9999A-9999E,48,1052508301,300941493,1,233418-1-1-109,
TX001,310015,ID002,101,3117A-3123A-9999A-9999E,48,1052508301,300941494,1,233418-1-1-109,
TX001,310015,ID002,101,3117A-3123A-9999A-9999E,48,1052508301,300941495,1,233418-1-1-109,
TX001,310015,ID002,101,3117A-3123A-9999A-9999E,48,1052508301,300941496,1,233418-1-1-109,
TX001,310015,ID002,101,3117A-3123A-9999A-9999E,48,1052508301,300941497,1,233418-1-1-109,
TX001,310015,ID002,101,3117A-3123A-9999A-9999E,48,1052508301,300941498,1,233418-1-1-109,
TX001,310015,ID002,101,3117A-3123A-9999A-9999E,48,1052508302,300941546,1,233418-1-1-110,
TX001,310015,ID002,101,3117A-3123A-9999A-9999E,48,1052508302,300941547,1,233418-1-1-110,
TX001,310015,ID002,101,3117A-3123A-9999A-9999E,48,1052508302,300941548,1,233418-1-1-110,
TX001,310015,ID002,101,3117A-3123A-9999A-9999E,48,1052508302,300941549,1,233418-1-1-110,
TX001,310015,ID002,101,3117A-3123A-9999A-9999E,48,1052508302,300941592,1,233418-1-1-110,
TX001,310015,ID002,101,3117A-3123A-9999A-9999E,48,1052508302,300941593,1,233418-1-1-110,
TX001,310015,ID002,101,3117A-3123A-9999A-9999E,48,1052508302,300941594,1,233418-1-1-110,
TX001,310015,ID002,101,3117A-3123A-9999A-9999E,48,1052508302,300941596,1,233418-1-1-110,
TX001,310015,ID002,101,3117A-3123A-9999A-9999E,48,1052508303,300941653,1,233418-1-1-110,
TX001,310015,ID002,101,3117A-3123A-9999A-9999E,48,1052508303,300941654,1,233418-1-1-110,
TX001,310015,ID002,101,3117A-3123A-9999A-9999E,48,1052508303,300941655,1,233418-1-1-110,
TX001,310015,ID002,101,3117A-3123A-9999A-9999E,48,1052508303,300941656,1,233418-1-1-110,
TX001,310015,ID002,101,3117A-3123A-9999A-9999E,46,1052508508,300944657,1,233089-1-2-106,
TX001,310015,ID002,101,3117A-3123A-9999A-9999E,46,1052508520,300945428,1,233418-1-1-110,
TX001,310015,ID002,101,3117A-3123A-9999A-9999E,46,1052508520,300945429,1,233418-1-1-110,
TX001,310015,ID002,101,3117A-3123A-9999A-9999E,46,1052508520,300945430,1,233418-1-1-110,
TX001,310015,ID002,101,3117A-3123A-9999A-9999E,46,1052508520,300945431,1,233418-1-1-110,
TX001,310015,ID002,101,3117A-3123A-9999A-9999E,46,1052508520,300945432,1,"",
TX001,310015,ID002,101,3117A-3123A-9999A-9999E,46,1052508520,300945433,1,"",
TX001,310015,ID002,101,3117A-3123A-9999A-9999E,44,1052508701,300946640,1,233089-1-2-107,
TX001,310015,ID002,101,3117A-3123A-9999A-9999E,44,1052508701,300946641,1,233089-1-2-107,
TX001,310015,ID002,101,3117A-3123A-9999A-9999E,44,1052508701,300946642,1,233089-1-2-107,
TX001,310015,ID002,101,3117A-3123A-9999A-9999E,44,1052508701,300946643,1,233089-1-2-107,
TX001,310015,ID002,101,3117A-3123A-9999A-9999E,44,1052508701,300946644,1,233089-1-2-107,
TX001,310015,ID002,101,3117A-3123A-9999A-9999E,44,1052508701,300946645,1,233089-1-2-107,
TX001,310015,ID002,101,3117A-3123A-9999A-9999E,44,1052508701,300946646,1,233089-1-2-107,
TX001,310015,ID002,101,3117A-3123A-9999A-9999E,44,1052508703,300946704,1,233089-1-2-107,
TX001,310015,ID002,101,3117A-3123A-9999A-9999E,44,1052508703,300946705,1,233089-1-2-107,
TX001,310015,ID002,101,3117A-3123A-9999A-9999E,44,1052508704,300946754,1,233089-1-2-107,
TX001,310015,ID002,101,3117A-3123A-9999A-9999E,44,1052508704,300946755,1,233089-1-2-107,
TX001,310015,ID002,101,3117A-3123A-9999A-9999E,44,1052508704,300946756,1,233089-1-2-107,
TX001,310015,ID002,101,3117A-3123A-9999A-9999E,44,1052508704,300946791,1,233089-1-2-107,
TX001,310015,ID002,101,3117A-3123A-9999A-9999E,44,1052508710,300947169,1,233369-1-1-108,
TX001,310015,ID002,101,3117A-3123A-9999A-9999E,44,1052508715,300947584,1,233369-1-1-109,
TX001,310015,ID002,101,3117A-3123A-9999A-9999E,43,1052508811,300948628,1,233369-1-1-114,
TX001,310015,ID002,101,3117A-3123A-9999A-9999E,43,1052508811,300948629,1,233369-1-1-114,
TX001,310015,ID002,101,3117A-3123A-9999A-9999E,43,1052508811,300948630,1,233369-1-1-114,
TX001,310015,ID002,101,3117A-3123A-9999A-9999E,43,1052508811,300948631,1,233369-1-1-114,
TX001,310015,ID002,101,3117A-3123A-9999A-9999E,43,1052508811,300948632,1,233369-1-1-114,
TX001,310015,ID002,101,3117A-3123A-9999A-9999E,43,1052508811,300948633,1,233369-1-1-114,
TX001,310015,ID002,101,3117A-3123A-9999A-9999E,43,1052508811,300948634,1,233369-1-1-114,
TX001,310015,ID002,101,3117A-3123A-9999A-9999E,43,1052508811,300948635,1,233369-1-1-114,
TX001,310015,ID002,101,3117A-3123A-9999A-9999E,43,1052508812,300948713,1,233369-1-1-114,
TX001,310015,ID002,101,3117A-3123A-9999A-9999E,43,1052508812,300948714,1,233369-1-1-114,
TX001,310015,ID002,101,3117A-3123A-9999A-9999E,43,1052508812,300948715,1,233369-1-1-114,
TX001,310015,ID002,101,3117A-3123A-9999A-9999E,43,1052508812,300948716,1,233369-1-1-114,
TX001,310015,ID002,101,3117A-3123A-9999A-9999E,43,1052508812,300948717,1,233369-1-1-115,
TX001,310015,ID002,101,3117A-3123A-9999A-9999E,43,1052508812,300948718,1,233369-1-1-115,
TX001,310015,ID002,101,3117A-3123A-9999A-9999E,43,1052508812,300948719,1,233369-1-1-115,
TX001,310015,ID002,101,3117A-3123A-9999A-9999E,43,1052508812,300948720,1,233369-1-1-115,
TX001,310015,ID002,101,3117A-3123A-9999A-9999E,43,1052508813,300948781,1,233369-1-1-115,
TX001,310015,ID002,101,3117A-3123A-9999A-9999E,43,1052508813,300948869,1,233369-1-1-115,
TX001,310015,ID002,101,3117A-3123A-9999A-9999E,43,1052508813,300948870,1,233369-1-1-115,
TX001,310015,ID002,101,3117A-3123A-9999A-9999E,43,1052508813,300948871,1,233369-1-1-115,
TX001,310015,ID002,101,3117A-3123A-9999A-9999E,43,1052508813,300948891,1,233369-1-1-115,
TX001,310015,ID002,101,3117A-3123A-9999A-9999E,43,1052508813,300948892,1,233369-1-1-115,
TX001,310015,ID002,101,3117A-3123A-9999A-9999E,43,1052508813,300948893,1,233369-1-1-115,
TX001,310015,ID002,101,3117A-3123A-9999A-9999E,43,1052508813,300948894,1,233369-1-1-115,
TX001,310015,ID002,101,3117A-3123A-9999A-9999E,43,1052508814,300948929,1,233369-1-1-115,
TX001,310015,ID002,101,3117A-3123A-9999A-9999E,43,1052508814,300948930,1,233369-1-1-115,
TX001,310015,ID002,101,3117A-3123A-9999A-9999E,43,1052508814,300948931,1,233369-1-1-115,
TX001,310015,ID002,101,3117A-3123A-9999A-9999E,43,1052508814,300948952,1,233369-1-1-115,
TX001,310015,ID002,101,3117A-3123A-9999A-9999E,43,1052508814,300948954,1,233369-1-1-115,
TX001,310015,ID002,101,3117A-3123A-9999A-9999E,43,1052508814,300948955,1,233369-1-1-115,
TX001,310015,ID002,101,3117A-3123A-9999A-9999E,43,1052508814,300948960,1,233369-1-1-115,
TX001,310015,ID002,101,3117A-3123A-9999A-9999E,43,1052508814,300948963,1,233369-1-1-115,
TX001,310015,ID002,101,3117A-3123A-9999A-9999E,43,1052508815,300948973,1,233369-1-1-115,
TX001,310015,ID002,101,3117A-3123A-9999A-9999E,43,1052508815,300948974,1,233369-1-1-116,
TX001,310015,ID002,101,3117A-3123A-9999A-9999E,43,1052508815,300948975,1,233369-1-1-116,
TX001,310015,ID002,101,3117A-3123A-9999A-9999E,43,1052508815,300948976,1,233369-1-1-116,
TX001,310015,ID002,101,3117A-3123A-9999A-9999E,43,1052508815,300949023,1,233369-1-1-116,
TX001,310015,ID002,101,3117A-3123A-9999A-9999E,43,1052508815,300949024,1,233369-1-1-116,
TX001,310015,ID002,101,3117A-3123A-9999A-9999E,43,1052508815,300949025,1,233369-1-1-116,
TX001,310015,ID002,101,3117A-3123A-9999A-9999E,43,1052508815,300949026,1,233369-1-1-116,
TX001,310015,ID002,101,3117A-3123A-9999A-9999E,43,1052508816,300949062,1,233369-1-1-116,
TX001,310015,ID002,101,3117A-3123A-9999A-9999E,43,1052508816,300949063,1,233369-1-1-116,
TX001,310015,ID002,101,3117A-3123A-9999A-9999E,43,1052508816,300949064,1,233369-1-1-116,
TX001,310015,ID002,101,3117A-3123A-9999A-9999E,43,1052508816,300949065,1,233369-1-1-116,
TX001,310015,ID002,101,3117A-3123A-9999A-9999E,43,1052508816,300949073,1,233369-1-1-116,
TX001,310015,ID002,101,3117A-3123A-9999A-9999E,43,1052508816,300949074,1,233369-1-1-116,
TX001,310015,ID002,101,3117A-3123A-9999A-9999E,43,1052508816,300949075,1,233369-1-1-116,
TX001,310015,ID002,101,3117A-3123A-9999A-9999E,43,1052508816,300949076,1,233369-1-1-116,
TX001,310015,ID002,101,3117A-3123A-9999A-9999E,43,1052508817,300949105,1,233369-1-1-116,
TX001,310015,ID002,101,3117A-3123A-9999A-9999E,43,1052508817,300949106,1,233369-1-1-116,
TX001,310015,ID002,101,3117A-3123A-9999A-9999E,43,1052508817,300949107,1,233369-1-1-116,
TX001,310015,ID002,101,3117A-3123A-9999A-9999E,43,1052508817,300949108,1,233369-1-1-116,
TX001,310015,ID002,101,3117A-3123A-9999A-9999E,43,1052508817,300949122,1,233369-1-1-116,
TX001,310015,ID002,101,3117A-3123A-9999A-9999E,43,1052508817,300949123,1,233369-1-1-116,
TX001,310015,ID002,101,3117A-3123A-9999A-9999E,43,1052508817,300949126,1,233369-1-1-117,
TX001,310015,ID002,101,3117A-3123A-9999A-9999E,43,1052508817,300949127,1,233369-1-1-117,
TX001,310015,ID002,101,3117A-3123A-9999A-9999E,43,1052508818,300949161,1,233369-1-1-117,
TX001,310015,ID002,101,3117A-3123A-9999A-9999E,43,1052508818,300949162,1,233369-1-1-117,
TX001,310015,ID002,101,3117A-3123A-9999A-9999E,43,1052508818,300949163,1,233369-1-1-117,
TX001,310015,ID002,101,3117A-3123A-9999A-9999E,43,1052508818,300949164,1,233369-1-1-117,
TX001,310015,ID002,101,3117A-3123A-9999A-9999E,43,1052508818,300949186,1,233369-1-1-117,
TX001,310015,ID002,101,3117A-3123A-9999A-9999E,43,1052508818,300949187,1,233369-1-1-117,
TX001,310015,ID002,101,3117A-3123A-9999A-9999E,43,1052508818,300949188,1,233369-1-1-117,
TX001,310015,ID002,101,3117A-3123A-9999A-9999E,43,1052508818,300949189,1,233369-1-1-117,
TX001,310015,ID002,101,3117A-3123A-9999A-9999E,42,1052508901,300949258,1,233369-1-1-117,
TX001,310015,ID002,101,3117A-3123A-9999A-9999E,42,1052508901,300949260,1,233369-1-1-117,
TX001,310015,ID002,101,3117A-3123A-9999A-9999E,42,1052508901,300949262,1,233369-1-1-117,
TX001,310015,ID002,101,3117A-3123A-9999A-9999E,42,1052508901,300949263,1,233369-1-1-117,
TX001,310015,ID002,101,3117A-3123A-9999A-9999E,42,1052508901,300949288,1,233369-1-1-117,
TX001,310015,ID002,101,3117A-3123A-9999A-9999E,42,1052508901,300949289,1,233369-1-1-117,
TX001,310015,ID002,101,3117A-3123A-9999A-9999E,42,1052508901,300949291,1,233369-1-1-117,
TX001,310015,ID002,101,3117A-3123A-9999A-9999E,42,1052508901,300949307,1,233369-1-1-117,
TX001,310015,ID002,101,3117A-3123A-9999A-9999E,42,1052508902,300949290,1,233369-1-1-117,
TX001,310015,ID002,101,3117A-3123A-9999A-9999E,42,1052508902,300949360,1,233369-1-1-117,
TX001,310015,ID002,101,3117A-3123A-9999A-9999E,42,1052508902,300949361,1,233369-1-1-117,
TX001,310015,ID002,101,3117A-3123A-9999A-9999E,42,1052508902,300949362,1,233369-1-1-118,
TX001,310015,ID002,101,3117A-3123A-9999A-9999E,42,1052508902,300949363,1,233369-1-1-118,
TX001,310015,ID002,101,3117A-3123A-9999A-9999E,42,1052508902,300949364,1,233369-1-1-118,
TX001,310015,ID002,101,3117A-3123A-9999A-9999E,42,1052508902,300949365,1,233369-1-1-118,
TX001,310015,ID002,101,3117A-3123A-9999A-9999E,42,1052508902,300949366,1,233369-1-1-118,
TX001,310015,ID002,101,3117A-3123A-9999A-9999E,42,1052508903,300949468,1,233369-1-1-118,
TX001,310015,ID002,101,3117A-3123A-9999A-9999E,42,1052508903,300949469,1,233369-1-1-118,
TX001,310015,ID002,101,3117A-3123A-9999A-9999E,42,1052508903,300949470,1,233369-1-1-118,
TX001,310015,ID002,101,3117A-3123A-9999A-9999E,42,1052508903,300949471,1,233369-1-1-118,
TX001,310015,ID002,101,3117A-3123A-9999A-9999E,42,1052508903,300949522,1,233369-1-1-118,
TX001,310015,ID002,101,3117A-3123A-9999A-9999E,42,1052508903,300949523,1,233369-1-1-118,
TX001,310015,ID002,101,3117A-3123A-9999A-9999E,42,1052508903,300949524,1,233369-1-1-118,
TX001,310015,ID002,101,3117A-3123A-9999A-9999E,42,1052508903,300949525,1,233369-1-1-118,
TX001,310015,ID002,101,3117A-3123A-9999A-9999E,42,1052508904,300949541,1,233369-1-1-118,
TX001,310015,ID002,101,3117A-3123A-9999A-9999E,42,1052508904,300949543,1,233369-1-1-118,
TX001,310015,ID002,101,3117A-3123A-9999A-9999E,42,1052508904,300949893,1,233369-1-1-118,
TX001,310015,ID002,101,3117A-3123A-9999A-9999E,42,1052508904,300949894,1,233369-1-1-118,
TX001,310015,ID002,101,3117A-3123A-9999A-9999E,42,1052508904,300949897,1,233369-1-1-118,
TX001,310015,ID002,101,3117A-3123A-9999A-9999E,42,1052508904,300949898,1,233369-1-1-118,
TX001,310015,ID002,101,3117A-3123A-9999A-9999E,42,1052508904,300949900,1,233369-1-1-118,
TX001,310015,ID002,101,3117A-3123A-9999A-9999E,42,1052508904,300949901,1,233369-1-1-118,
TX001,310015,ID002,101,3117A-3123A-9999A-9999E,42,1052508905,300949966,1,233369-1-1-119,
TX001,310015,ID002,101,3117A-3123A-9999A-9999E,42,1052508905,300949967,1,233369-1-1-119,
TX001,310015,ID002,101,3117A-3123A-9999A-9999E,42,1052508905,300949968,1,233369-1-1-119,
TX001,310015,ID002,101,3117A-3123A-9999A-9999E,42,1052508905,300949969,1,233369-1-1-119,
TX001,310015,ID002,101,3117A-3123A-9999A-9999E,42,1052508905,300949970,1,233369-1-1-119,
TX001,310015,ID002,101,3117A-3123A-9999A-9999E,42,1052508905,300949971,1,233369-1-1-119,
TX001,310015,ID002,101,3117A-3123A-9999A-9999E,42,1052508905,300949972,1,233369-1-1-119,
TX001,310015,ID002,101,3117A-3123A-9999A-9999E,42,1052508905,300949973,1,233369-1-1-119,
TX001,310015,ID002,101,3117A-3123A-9999A-9999E,42,1052508906,300950076,1,233369-1-1-119,
TX001,310015,ID002,101,3117A-3123A-9999A-9999E,42,1052508906,300950077,1,233369-1-1-119,
TX001,310015,ID002,101,3117A-3123A-9999A-9999E,42,1052508906,300950078,1,233369-1-1-119,
TX001,310015,ID002,101,3117A-3123A-9999A-9999E,42,1052508906,300950079,1,233369-1-1-119,
TX001,310015,ID002,101,3117A-3123A-9999A-9999E,42,1052508906,300950080,1,233369-1-1-119,
TX001,310015,ID002,101,3117A-3123A-9999A-9999E,42,1052508906,300950081,1,233369-1-1-119,
TX001,310015,ID002,101,3117A-3123A-9999A-9999E,42,1052508906,300950083,1,233369-1-1-119,
TX001,310015,ID002,101,3117A-3123A-9999A-9999E,42,1052508906,300950084,1,233369-1-1-119,
TX001,310015,ID002,101,3117A-3123A-9999A-9999E,42,1052508907,300950138,1,233369-1-1-119,
TX001,310015,ID002,101,3117A-3123A-9999A-9999E,42,1052508907,300950139,1,233369-1-1-119,
TX001,310015,ID002,101,3117A-3123A-9999A-9999E,42,1052508907,300950140,1,233369-1-1-119,
TX001,310015,ID002,101,3117A-3123A-9999A-9999E,42,1052508907,300950141,1,233369-1-1-119,
TX001,310015,ID002,101,3117A-3123A-9999A-9999E,42,1052508907,300950142,1,233369-1-1-119,
TX001,310015,ID002,101,3117A-3123A-9999A-9999E,42,1052508907,300950143,1,233369-1-1-120,
TX001,310015,ID002,101,3117A-3123A-9999A-9999E,42,1052508907,300950144,1,233369-1-1-120,
TX001,310015,ID002,101,3117A-3123A-9999A-9999E,42,1052508907,300950145,1,233369-1-1-120,
TX001,310015,ID002,101,3117A-3123A-9999A-9999E,42,1052508908,300950201,1,233369-1-1-120,
TX001,310015,ID002,101,3117A-3123A-9999A-9999E,42,1052508908,300950202,1,233369-1-1-120,
TX001,310015,ID002,101,3117A-3123A-9999A-9999E,42,1052508908,300950203,1,233369-1-1-120,
TX001,310015,ID002,101,3117A-3123A-9999A-9999E,42,1052508908,300950204,1,233369-1-1-120,
TX001,310015,ID002,101,3117A-3123A-9999A-9999E,42,1052508908,300950205,1,233369-1-1-120,
TX001,310015,ID002,101,3117A-3123A-9999A-9999E,42,1052508908,300950206,1,233369-1-1-120,
TX001,310015,ID002,101,3117A-3123A-9999A-9999E,42,1052508908,300950207,1,233369-1-1-120,
TX001,310015,ID002,101,3117A-3123A-9999A-9999E,42,1052508908,300950208,1,233369-1-1-120,
TX001,310015,ID002,101,3117A-3123A-9999A-9999E,42,1052508909,300950265,1,233369-1-1-120,
TX001,310015,ID002,101,3117A-3123A-9999A-9999E,42,1052508909,300950266,1,233369-1-1-120,
TX001,310015,ID002,101,3117A-3123A-9999A-9999E,42,1052508909,300950267,1,233369-1-1-120,
TX001,310015,ID002,101,3117A-3123A-9999A-9999E,42,1052508909,300950268,1,233369-1-1-120,
TX001,310015,ID002,101,3117A-3123A-9999A-9999E,42,1052508909,300950269,1,233369-1-1-120,
TX001,310015,ID002,101,3117A-3123A-9999A-9999E,42,1052508909,300950270,1,233369-1-1-120,
TX001,310015,ID002,101,3117A-3123A-9999A-9999E,42,1052508909,300950271,1,233369-1-1-120,
TX001,310015,ID002,101,3117A-3123A-9999A-9999E,42,1052508909,300950272,1,233369-1-1-120,
TX001,310015,ID002,101,3117A-3123A-9999A-9999E,42,1052508910,300950520,1,233369-1-1-120,
TX001,310015,ID002,101,3117A-3123A-9999A-9999E,42,1052508910,300950521,1,233369-1-1-120,
TX001,310015,ID002,101,3117A-3123A-9999A-9999E,42,1052508912,300950637,1,233374-1-1-104,
TX001,310015,ID002,101,3117A-3123A-9999A-9999E,41,1052509002,300950977,1,233374-1-1-105,
TX001,310015,ID002,101,3117A-3123A-9999A-9999E,41,1052509002,300950978,1,233374-1-1-106,
TX001,310015,ID002,101,3117A-3123A-9999A-9999E,41,1052509002,300950979,1,233374-1-1-106,
TX001,310015,ID002,101,3117A-3123A-9999A-9999E,41,1052509002,300950980,1,233374-1-1-106,
TX001,310015,ID002,101,3117A-3123A-9999A-9999E,41,1052509002,300950982,1,233374-1-1-106,
TX001,310015,ID002,101,3117A-3123A-9999A-9999E,41,1052509003,300951028,1,233374-1-1-106,
TX001,310015,ID002,101,3117A-3123A-9999A-9999E,41,1052509003,300951029,1,233374-1-1-106,
TX001,310015,ID002,101,3117A-3123A-9999A-9999E,41,1052509003,300951030,1,233374-1-1-106,
TX001,310015,ID002,101,3117A-3123A-9999A-9999E,41,1052509005,300951257,1,233374-1-1-106,
TX001,310015,ID002,101,3117A-3123A-9999A-9999E,41,1052509005,300951258,1,233374-1-1-106,
TX001,310015,ID002,101,3117A-3123A-9999A-9999E,41,1052509005,300951317,1,233374-1-1-106,
TX001,310015,ID002,101,3117A-3123A-9999A-9999E,41,1052509005,300951318,1,233374-1-1-106,
TX001,310015,ID002,101,3117A-3123A-9999A-9999E,41,1052509005,300951319,1,233374-1-1-106,
TX001,310015,ID002,101,3117A-3123A-9999A-9999E,41,1052509005,300951320,1,233374-1-1-106,
TX001,310015,ID002,101,3117A-3123A-9999A-9999E,41,1052509006,300951324,1,233374-1-1-106,
TX001,310015,ID002,101,3117A-3123A-9999A-9999E,41,1052509006,300951325,1,233374-1-1-106,
TX001,310015,ID002,101,3117A-3123A-9999A-9999E,41,1052509006,300951326,1,233374-1-1-106,
TX001,310015,ID002,101,3117A-3123A-9999A-9999E,41,1052509006,300951327,1,233374-1-1-106,
TX001,310015,ID002,101,3117A-3123A-9999A-9999E,41,1052509006,300951338,1,233374-1-1-106,
TX001,310015,ID002,101,3117A-3123A-9999A-9999E,41,1052509006,300951339,1,233374-1-1-106,
TX001,310015,ID002,101,3117A-3123A-9999A-9999E,41,1052509006,300951340,1,233374-1-1-106,
TX001,310015,ID002,101,3117A-3123A-9999A-9999E,41,1052509006,300951341,1,233374-1-1-106,
TX001,310015,ID002,101,3117A-3123A-9999A-9999E,41,1052509007,300951371,1,233374-1-1-107,
TX001,310015,ID002,101,3117A-3123A-9999A-9999E,41,1052509007,300951372,1,233374-1-1-107,
TX001,310015,ID002,101,3117A-3123A-9999A-9999E,41,1052509007,300951373,1,233374-1-1-107,
TX001,310015,ID002,101,3117A-3123A-9999A-9999E,41,1052509007,300951374,1,233374-1-1-107,
TX001,310015,ID002,101,3117A-3123A-9999A-9999E,41,1052509007,300951399,1,233374-1-1-107,
TX001,310015,ID002,101,3117A-3123A-9999A-9999E,41,1052509007,300951400,1,233374-1-1-107,
TX001,310015,ID002,101,3117A-3123A-9999A-9999E,41,1052509007,300951401,1,233374-1-1-107,
TX001,310015,ID002,101,3117A-3123A-9999A-9999E,41,1052509007,300951402,1,233374-1-1-107,
TX001,310015,ID002,101,3117A-3123A-9999A-9999E,41,1052509008,300951419,1,233374-1-1-107,
TX001,310015,ID002,101,3117A-3123A-9999A-9999E,41,1052509008,300951420,1,233374-1-1-107,
TX001,310015,ID002,101,3117A-3123A-9999A-9999E,41,1052509008,300951421,1,233374-1-1-107,
TX001,310015,ID002,101,3117A-3123A-9999A-9999E,41,1052509008,300951422,1,233374-1-1-107,
TX001,310015,ID002,101,3117A-3123A-9999A-9999E,41,1052509008,300951432,1,233374-1-1-107,
TX001,310015,ID002,101,3117A-3123A-9999A-9999E,41,1052509008,300951433,1,233374-1-1-107,
TX001,310015,ID002,101,3117A-3123A-9999A-9999E,41,1052509008,300951434,1,233374-1-1-107,
TX001,310015,ID002,101,3117A-3123A-9999A-9999E,41,1052509008,300951435,1,233374-1-1-107,
TX001,310015,ID002,101,3117A-3123A-9999A-9999E,41,1052509009,300951455,1,233374-1-1-107,
TX001,310015,ID002,101,3117A-3123A-9999A-9999E,41,1052509009,300951457,1,233374-1-1-107,
TX001,310015,ID002,101,3117A-3123A-9999A-9999E,41,1052509009,300951459,1,233374-1-1-107,
TX001,310015,ID002,101,3117A-3123A-9999A-9999E,41,1052509009,300951460,1,233374-1-1-107,
TX001,310015,ID002,101,3117A-3123A-9999A-9999E,41,1052509009,300951482,1,233374-1-1-107,
TX001,310015,ID002,101,3117A-3123A-9999A-9999E,41,1052509009,300951484,1,233374-1-1-108,
TX001,310015,ID002,101,3117A-3123A-9999A-9999E,41,1052509009,300951485,1,233374-1-1-108,
TX001,310015,ID002,101,3117A-3123A-9999A-9999E,41,1052509009,300951486,1,233374-1-1-108,
TX001,310015,ID002,101,3117A-3123A-9999A-9999E,41,1052509010,300951508,1,233374-1-1-108,
TX001,310015,ID002,101,3117A-3123A-9999A-9999E,41,1052509010,300951509,1,233374-1-1-108,
TX001,310015,ID002,101,3117A-3123A-9999A-9999E,41,1052509010,300951510,1,233374-1-1-108,
TX001,310015,ID002,101,3117A-3123A-9999A-9999E,41,1052509010,300951511,1,233374-1-1-108,
TX001,310015,ID002,101,3117A-3123A-9999A-9999E,41,1052509010,300951558,1,233374-1-1-108,
TX001,310015,ID002,101,3117A-3123A-9999A-9999E,41,1052509010,300951560,1,233374-1-1-108,
TX001,310015,ID002,101,3117A-3123A-9999A-9999E,41,1052509010,300951561,1,233374-1-1-108,
TX001,310015,ID002,101,3117A-3123A-9999A-9999E,41,1052509010,300951562,1,233374-1-1-108,
TX001,310015,ID002,101,3117A-3123A-9999A-9999E,40,1052509109,300953036,1,"",
TX001,310015,ID002,101,3117A-3123A-9999A-9999E,40,1052509109,300953037,1,"",
TX001,310015,ID002,101,3117A-3123A-9999A-9999E,40,1052509109,300953038,1,"",
TX001,310015,ID002,101,3117A-3123A-9999A-9999E,40,1052509109,300953039,1,"",
TX001,310015,ID002,101,3117A-3123A-9999A-9999E,40,1052509109,300953057,1,"",
TX001,310015,ID002,101,3117A-3123A-9999A-9999E,40,1052509109,300953058,1,"",
TX001,310015,ID002,101,3117A-3123A-9999A-9999E,40,1052509109,300953059,1,"",
TX001,310015,ID002,101,3117A-3123A-9999A-9999E,40,1052509109,300953060,1,"",
TX001,310015,ID002,101,3117A-3123A-9999A-9999E,40,1052509110,300953105,1,"",
TX001,310015,ID002,101,3117A-3123A-9999A-9999E,40,1052509110,300953107,1,"",
TX001,310015,ID002,101,3117A-3123A-9999A-9999E,40,1052509110,300953108,1,"",
TX001,310015,ID002,101,3117A-3123A-9999A-9999E,40,1052509110,300953109,1,"",
TX001,310015,ID002,101,3117A-3123A-9999A-9999E,40,1052509110,300953134,1,"",
TX001,310015,ID002,101,3117A-3123A-9999A-9999E,40,1052509110,300953135,1,"",
TX001,310015,ID002,101,3117A-3123A-9999A-9999E,40,1052509110,300953138,1,"",
TX001,310015,ID002,101,3117A-3123A-9999A-9999E,40,1052509110,300953140,1,"",
TX001,310015,ID002,101,3117A-3123A-9999A-9999E,40,1052509111,300953332,1,"",
TX001,310015,ID002,101,3117A-3123A-9999A-9999E,40,1052509111,300953333,1,"",
TX001,310015,ID002,101,3117A-3123A-9999A-9999E,40,1052509111,300953335,1,"",
TX001,310015,ID002,101,3117A-3123A-9999A-9999E,40,1052509111,300953337,1,"",
TX001,310015,ID002,101,3117A-3123A-9999A-9999E,40,1052509111,300953338,1,"",
TX001,310015,ID002,101,3117A-3123A-9999A-9999E,40,1052509111,300953339,1,"",
TX001,310015,ID002,101,3117A-3123A-9999A-9999E,40,1052509111,300953438,1,"",
TX001,310015,ID002,101,3117A-3123A-9999A-9999E,40,1052509111,300953439,1,"",
TX001,310015,ID002,101,3117A-3123A-9999A-9999E,40,1052509112,300953440,1,"",
TX001,310015,ID002,101,3117A-3123A-9999A-9999E,40,1052509112,300953442,1,"",
TX001,310015,ID002,101,3117A-3123A-9999A-9999E,40,1052509112,300953443,1,"",
TX001,310015,ID002,101,3117A-3123A-9999A-9999E,40,1052509112,300953444,1,"",
TX001,310015,ID002,101,3117A-3123A-9999A-9999E,40,1052509112,300953445,1,"",
TX001,310015,ID002,101,3117A-3123A-9999A-9999E,40,1052509112,300953446,1,"",
TX001,310015,ID002,101,3117A-3123A-9999A-9999E,40,1052509112,300953447,1,"",
TX001,310015,ID002,101,3117A-3123A-9999A-9999E,40,1052509112,300953448,1,"",
TX001,310015,ID002,101,3117A-3123A-9999A-9999E,40,1052509113,300953455,1,"",
TX001,310015,ID002,101,3117A-3123A-9999A-9999E,40,1052509113,300953456,1,"",
TX001,310015,ID002,101,3117A-3123A-9999A-9999E,40,1052509113,300953457,1,"",
TX001,310015,ID002,101,3117A-3123A-9999A-9999E,40,1052509113,300953458,1,"",
TX001,310015,ID002,101,3117A-3123A-9999A-9999E,40,1052509113,300953459,1,"",
TX001,310015,ID002,101,3117A-3123A-9999A-9999E,40,1052509113,300953460,1,"",
TX001,310015,ID002,101,3117A-3123A-9999A-9999E,40,1052509113,300953461,1,"",
TX001,310015,ID002,101,3117A-3123A-9999A-9999E,40,1052509113,300953462,1,"",
TX001,310015,ID002,101,3117A-3123A-9999A-9999E,40,1052509114,300953520,1,"",
TX001,310015,ID002,101,3117A-3123A-9999A-9999E,40,1052509114,300953525,1,"",
TX001,310015,ID002,101,3117A-3123A-9999A-9999E,40,1052509114,300953526,1,"",
TX001,310015,ID002,101,3117A-3123A-9999A-9999E,40,1052509114,300953527,1,"",
TX001,310015,ID002,101,3117A-3123A-9999A-9999E,40,1052509115,300953651,1,"",
TX001,310015,ID002,101,3117A-3123A-9999A-9999E,40,1052509115,300953652,1,"",
TX001,310015,ID002,101,3117A-3123A-9999A-9999E,40,1052509116,300953653,1,"",
TX001,310015,ID002,101,3117A-3123A-9999A-9999E,40,1052509116,300953654,1,"",
TX001,310015,ID002,101,3117A-3123A-9999A-9999E,40,1052509116,300953655,1,"",
TX001,310015,ID002,101,3117A-3123A-9999A-9999E,40,1052509116,300953656,1,"",
TX001,310015,ID002,101,3117A-3123A-9999A-9999E,40,1052509116,300953657,1,"",
TX001,310015,ID002,101,3117A-3123A-9999A-9999E,40,1052509116,300953658,1,"",
TX001,310015,ID002,101,3117A-3123A-9999A-9999E,40,1052509116,300953659,1,"",
TX001,310015,ID002,101,3117A-3123A-9999A-9999E,40,1052509116,300953661,1,"",
TX001,310015,ID002,101,3117A-3123A-9999A-9999E,39,1052509201,300953869,1,"",
TX001,310015,ID002,101,3117A-3123A-9999A-9999E,39,1052509201,300953870,1,"",
TX001,310015,ID002,101,3117A-3123A-9999A-9999E,39,1052509201,300953871,1,"",
TX001,310015,ID002,101,3117A-3123A-9999A-9999E,39,1052509201,300953872,1,"",
TX001,310015,ID002,101,3117A-3123A-9999A-9999E,39,1052509201,300953873,1,"",
TX001,310015,ID002,101,3117A-3123A-9999A-9999E,39,1052509201,300953874,1,"",
TX001,310015,ID002,101,3117A-3123A-9999A-9999E,39,1052509201,300953875,1,"",
TX001,310015,ID002,101,3117A-3123A-9999A-9999E,39,1052509201,300953876,1,"",
TX001,310015,ID002,101,3117A-3123A-9999A-9999E,39,1052509202,300953909,1,"",
TX001,310015,ID002,101,3117A-3123A-9999A-9999E,39,1052509202,300953910,1,"",
TX001,310015,ID002,101,3117A-3123A-9999A-9999E,39,1052509202,300953911,1,"",
TX001,310015,ID002,101,3117A-3123A-9999A-9999E,39,1052509202,300953920,1,"",
TX001,310015,ID002,101,3117A-3123A-9999A-9999E,39,1052509202,300953971,1,"",
TX001,310015,ID002,101,3117A-3123A-9999A-9999E,39,1052509202,300953972,1,"",
TX001,310015,ID002,101,3117A-3123A-9999A-9999E,39,1052509202,300953973,1,"",
TX001,310015,ID002,101,3117A-3123A-9999A-9999E,39,1052509202,300953974,1,"",
TX001,310015,ID002,101,3117A-3123A-9999A-9999E,39,1052509203,300953975,1,"",
TX001,310015,ID002,101,3117A-3123A-9999A-9999E,39,1052509203,300953976,1,"",
TX001,310015,ID002,101,3117A-3123A-9999A-9999E,39,1052509203,300953977,1,"",
TX001,310015,ID002,101,3117A-3123A-9999A-9999E,39,1052509203,300953978,1,"",
TX001,310015,ID002,101,3117A-3123A-9999A-9999E,39,1052509203,300953980,1,"",
TX001,310015,ID002,101,3117A-3123A-9999A-9999E,39,1052509203,300953981,1,"",
TX001,310015,ID002,101,3117A-3123A-9999A-9999E,39,1052509203,300953983,1,"",
TX001,310015,ID002,101,3117A-3123A-9999A-9999E,39,1052509203,300953984,1,"",
TX001,310015,ID002,101,3117A-3123A-9999A-9999E,39,1052509204,300954063,1,"",
TX001,310015,ID002,101,3117A-3123A-9999A-9999E,39,1052509204,300954064,1,"",
TX001,310015,ID002,101,3117A-3123A-9999A-9999E,39,1052509204,300954065,1,"",
TX001,310015,ID002,101,3117A-3123A-9999A-9999E,39,1052509204,300954066,1,"",
TX001,310015,ID002,101,3117A-3123A-9999A-9999E,39,1052509204,300954067,1,"",
TX001,310015,ID002,101,3117A-3123A-9999A-9999E,39,1052509204,300954068,1,"",
TX001,310015,ID002,101,3117A-3123A-9999A-9999E,39,1052509204,300954069,1,"",
TX001,310015,ID002,101,3117A-3123A-9999A-9999E,39,1052509204,300954070,1,"",
TX001,310015,ID002,101,3117A-3123A-9999A-9999E,39,1052509205,300954138,1,"",
TX001,310015,ID002,101,3117A-3123A-9999A-9999E,39,1052509205,300954139,1,"",
TX001,310015,ID002,101,3117A-3123A-9999A-9999E,39,1052509205,300954140,1,"",
TX001,310015,ID002,101,3117A-3123A-9999A-9999E,39,1052509205,300954141,1,"",
TX001,310015,ID002,101,3117A-3123A-9999A-9999E,39,1052509205,300954142,1,"",
TX001,310015,ID002,101,3117A-3123A-9999A-9999E,39,1052509205,300954144,1,"",
TX001,310015,ID002,101,3117A-3123A-9999A-9999E,39,1052509205,300954145,1,"",
TX001,310015,ID002,101,3117A-3123A-9999A-9999E,39,1052509205,300954146,1,"",
TX001,310015,ID002,101,3117A-3123A-9999A-9999E,39,1052509206,300954228,1,"",
TX001,310015,ID002,101,3117A-3123A-9999A-9999E,39,1052509206,300954240,1,"",
TX001,310015,ID002,101,3117A-3123A-9999A-9999E,39,1052509206,300954241,1,"",
TX001,310015,ID002,101,3117A-3123A-9999A-9999E,39,1052509206,300954248,1,"",
TX001,310015,ID002,101,3117A-3123A-9999A-9999E,39,1052509206,300954253,1,"",
TX001,310015,ID002,101,3117A-3123A-9999A-9999E,39,1052509206,300954254,1,"",
TX001,310015,ID002,101,3117A-3123A-9999A-9999E,39,1052509206,300954278,1,"",
TX001,310015,ID002,101,3117A-3123A-9999A-9999E,39,1052509206,300954281,1,"",
TX001,310015,ID002,101,3117A-3123A-9999A-9999E,39,1052509207,300954283,1,"",
TX001,310015,ID002,101,3117A-3123A-9999A-9999E,39,1052509207,300954285,1,"",
TX001,310015,ID002,101,3117A-3123A-9999A-9999E,39,1052509207,300954286,1,"",
TX001,310015,ID002,101,3117A-3123A-9999A-9999E,39,1052509207,300954287,1,"",
TX001,310015,ID002,101,3117A-3123A-9999A-9999E,39,1052509207,300954737,1,"",
TX001,310015,ID002,101,3117A-3123A-9999A-9999E,39,1052509207,300954738,1,"",
TX001,310015,ID002,101,3117A-3123A-9999A-9999E,39,1052509207,300954739,1,"",
TX001,310015,ID002,101,3117A-3123A-9999A-9999E,39,1052509207,300954742,1,"",
TX001,310015,ID002,101,3117A-3123A-9999A-9999E,39,1052509208,300954793,1,"",
TX001,310015,ID002,101,3117A-3123A-9999A-9999E,39,1052509208,300954794,1,"",
TX001,310015,ID002,101,3117A-3123A-9999A-9999E,39,1052509208,300954795,1,"",
TX001,310015,ID002,101,3117A-3123A-9999A-9999E,39,1052509208,300954796,1,"",
TX001,310015,ID002,101,3117A-3123A-9999A-9999E,39,1052509208,300954972,1,"",
TX001,310015,ID002,101,3117A-3123A-9999A-9999E,39,1052509208,300955073,1,"",
TX001,310015,ID002,101,3117A-3123A-9999A-9999E,39,1052509208,300955077,1,"",
TX001,310015,ID002,101,3117A-3123A-9999A-9999E,39,1052509208,300955079,1,"",
TX001,310015,ID002,101,3117A-3123A-9999A-9999E,38,1052509303,300955274,1,"",
TX001,310015,ID002,101,3117A-3123A-9999A-9999E,38,1052509303,300955276,1,"",
TX001,310015,ID002,101,3117A-3123A-9999A-9999E,38,1052509303,300955279,1,"",
TX001,310015,ID002,101,3117A-3123A-9999A-9999E,38,1052509303,300955280,1,"",
TX001,310015,ID002,101,3117A-3123A-9999A-9999E,38,1052509303,300955302,1,"",
TX001,310015,ID002,101,3117A-3123A-9999A-9999E,38,1052509303,300955303,1,"",
TX001,310015,ID002,101,3117A-3123A-9999A-9999E,38,1052509303,300955304,1,"",
TX001,310015,ID002,101,3117A-3123A-9999A-9999E,38,1052509303,300955305,1,"",
TX001,310015,ID002,101,3117A-3123A-9999A-9999E,38,1052509304,300955340,1,"",
TX001,310015,ID002,101,3117A-3123A-9999A-9999E,38,1052509304,300955341,1,"",
TX001,310015,ID002,101,3117A-3123A-9999A-9999E,38,1052509304,300955342,1,"",
TX001,310015,ID002,101,3117A-3123A-9999A-9999E,38,1052509304,300955343,1,"",
TX001,310015,ID002,101,3117A-3123A-9999A-9999E,38,1052509304,300955445,1,"",
TX001,310015,ID002,101,3117A-3123A-9999A-9999E,38,1052509304,300955447,1,"",
TX001,310015,ID002,101,3117A-3123A-9999A-9999E,38,1052509304,300955449,1,"",
TX001,310015,ID002,101,3117A-3123A-9999A-9999E,38,1052509304,300955450,1,"",
TX001,310015,ID002,101,3117A-3123A-9999A-9999E,38,1052509305,300955547,1,"",
TX001,310015,ID002,101,3117A-3123A-9999A-9999E,38,1052509305,300955548,1,"",
TX001,310015,ID002,101,3117A-3123A-9999A-9999E,38,1052509305,300955549,1,"",
TX001,310015,ID002,101,3117A-3123A-9999A-9999E,38,1052509305,300955550,1,"",
TX001,310015,ID002,101,3117A-3123A-9999A-9999E,38,1052509305,300956231,1,"",
TX001,310015,ID002,101,3117A-3123A-9999A-9999E,37,1052509401,300957294,1,"",
TX001,310015,ID002,101,3117A-3123A-9999A-9999E,37,1052509401,300957510,1,"",
TX001,310015,ID002,101,3117A-3123A-9999A-9999E,37,1052509401,300957587,1,"",
TX001,310015,ID002,101,3117A-3123A-9999A-9999E,37,1052509402,300957608,1,"",
TX001,310015,ID002,101,3117A-3123A-9999A-9999E,37,1052509402,300957609,1,"",
TX001,310015,ID002,101,3117A-3123A-9999A-9999E,37,1052509402,300957610,1,"",
TX001,310015,ID002,101,3117A-3123A-9999A-9999E,37,1052509402,300957611,1,"",
TX001,310015,ID002,101,3117A-3123A-9999A-9999E,37,1052509402,300957612,1,"",
TX001,310015,ID002,101,3117A-3123A-9999A-9999E,37,1052509402,300957613,1,"",
TX001,310015,ID002,101,3117A-3123A-9999A-9999E,37,1052509402,300957615,1,"",
TX001,310015,ID002,101,3117A-3123A-9999A-9999E,37,1052509402,300957616,1,"",
TX001,310015,ID002,101,3117A-3123A-9999A-9999E,37,1052509403,300957646,1,"",
TX001,310015,ID002,101,3117A-3123A-9999A-9999E,37,1052509403,300957647,1,"",
TX001,310015,ID002,101,3117A-3123A-9999A-9999E,37,1052509403,300957648,1,"",
TX001,310015,ID002,101,3117A-3123A-9999A-9999E,37,1052509403,300957649,1,"",
TX001,310015,ID002,101,3117A-3123A-9999A-9999E,37,1052509403,300957650,1,"",
TX001,310015,ID002,101,3117A-3123A-9999A-9999E,37,1052509403,300957651,1,"",
TX001,310015,ID002,101,3117A-3123A-9999A-9999E,37,1052509403,300957652,1,"",
TX001,310015,ID002,101,3117A-3123A-9999A-9999E,37,1052509403,300957653,1,"",
TX001,310015,ID002,101,3117A-3123A-9999A-9999E,37,1052509404,300957727,1,"",
TX001,310015,ID002,101,3117A-3123A-9999A-9999E,37,1052509404,300957728,1,"",
TX001,310015,ID002,101,3117A-3123A-9999A-9999E,37,1052509404,300957729,1,"",
TX001,310015,ID002,101,3117A-3123A-9999A-9999E,37,1052509404,300957730,1,"",
TX001,310015,ID002,101,3117A-3123A-9999A-9999E,37,1052509404,300957731,1,"",
TX001,310015,ID002,101,3117A-3123A-9999A-9999E,37,1052509404,300957732,1,"",
TX001,310015,ID002,101,3117A-3123A-9999A-9999E,37,1052509404,300957733,1,"",
TX001,310015,ID002,101,3117A-3123A-9999A-9999E,37,1052509404,300957734,1,"",
TX001,310015,ID002,101,3117A-3123A-9999A-9999E,37,1052509405,300957759,1,"",
TX001,310015,ID002,101,3117A-3123A-9999A-9999E,37,1052509405,300957760,1,"",
TX001,310015,ID002,101,3117A-3123A-9999A-9999E,37,1052509405,300957761,1,"",
TX001,310015,ID002,101,3117A-3123A-9999A-9999E,37,1052509405,300957762,1,"",
TX001,310015,ID002,101,3117A-3123A-9999A-9999E,37,1052509405,300957763,1,"",
TX001,310015,ID002,101,3117A-3123A-9999A-9999E,37,1052509405,300957764,1,"",
TX001,310015,ID002,101,3117A-3123A-9999A-9999E,37,1052509405,300957765,1,"",
TX001,310015,ID002,101,3117A-3123A-9999A-9999E,37,1052509405,300957766,1,"",
TX001,310015,ID002,101,3117A-3123A-9999A-9999E,37,1052509406,300957779,1,"",
TX001,310015,ID002,101,3117A-3123A-9999A-9999E,37,1052509406,300957780,1,"",
TX001,310015,ID002,101,3117A-3123A-9999A-9999E,37,1052509406,300957781,1,"",
TX001,310015,ID002,101,3117A-3123A-9999A-9999E,37,1052509406,300957782,1,"",
TX001,310015,ID002,101,3117A-3123A-9999A-9999E,37,1052509406,300957783,1,"",
TX001,310015,ID002,101,3117A-3123A-9999A-9999E,37,1052509406,300957784,1,"",
TX001,310015,ID002,101,3117A-3123A-9999A-9999E,37,1052509406,300957785,1,"",
TX001,310015,ID002,101,3117A-3123A-9999A-9999E,37,1052509406,300957786,1,"",
TX001,310015,ID002,101,3117A-3123A-9999A-9999E,37,1052509407,300957868,1,"",
TX001,310015,ID002,101,3117A-3123A-9999A-9999E,37,1052509407,300957869,1,"",
TX001,310015,ID002,101,3117A-3123A-9999A-9999E,33,1052509809,300962584,1,"",
TX001,310015,ID002,101,3117A-3123A-9999A-9999E,33,1052509809,300962585,1,"",
TX001,310015,ID002,101,3117A-3123A-9999A-9999E,33,1052509809,300962586,1,"",
TX001,310015,ID002,101,3117A-3123A-9999A-9999E,33,1052509809,300962587,1,"",
TX001,310015,ID002,101,3117A-3123A-9999A-9999E,33,1052509809,300962617,1,"",
TX001,310015,ID002,101,3117A-3123A-9999A-9999E,33,1052509809,300962618,1,"",
TX001,310015,ID002,101,3117A-3123A-9999A-9999E,33,1052509809,300962619,1,"",
TX001,310015,ID002,101,3117A-3123A-9999A-9999E,33,1052509809,300962620,1,"",
TX001,310015,ID002,101,3117A-3123A-9999A-9999E,33,1052509810,300962653,1,"",
TX001,310015,ID002,101,3117A-3123A-9999A-9999E,33,1052509810,300962657,1,"",
TX001,310015,ID002,101,3117A-3123A-9999A-9999E,33,1052509810,300962658,1,"",
TX001,310015,ID002,101,3117A-3123A-9999A-9999E,33,1052509810,300962659,1,"",
TX001,310015,ID002,101,3117A-3123A-9999A-9999E,33,1052509810,300962674,1,"",
TX001,310015,ID002,101,3117A-3123A-9999A-9999E,33,1052509810,300962675,1,"",
TX001,310015,ID002,101,3117A-3123A-9999A-9999E,33,1052509810,300962676,1,"",
TX001,310015,ID002,101,3117A-3123A-9999A-9999E,33,1052509810,300962678,1,"",
TX001,310015,ID002,101,3117A-3123A-9999A-9999E,33,1052509811,300962708,1,"",
TX001,310015,ID002,101,3117A-3123A-9999A-9999E,33,1052509811,300962709,1,"",
TX001,310015,ID002,101,3117A-3123A-9999A-9999E,33,1052509811,300962710,1,"",
TX001,310015,ID002,101,3117A-3123A-9999A-9999E,33,1052509811,300962711,1,"",
TX001,310015,ID002,101,3117A-3123A-9999A-9999E,33,1052509811,300963027,1,"",
TX001,310015,ID002,101,3117A-3123A-9999A-9999E,33,1052509811,300963028,1,"",
TX001,310015,ID002,101,3117A-3123A-9999A-9999E,33,1052509811,300963029,1,"",
TX001,310015,ID002,101,3117A-3123A-9999A-9999E,33,1052509811,300963030,1,"",
TX001,310015,ID002,101,3117A-3123A-9999A-9999E,32,1052509901,300964309,1,"",
TX001,310015,ID002,101,3117A-3123A-9999A-9999E,32,1052509901,300964310,1,"",
TX001,310015,ID002,101,3117A-3123A-9999A-9999E,32,1052509901,300964340,1,"",
TX001,310015,ID002,101,3117A-3123A-9999A-9999E,32,1052509901,300964343,1,"",
TX001,310015,ID002,101,3117A-3123A-9999A-9999E,32,1052509901,300964344,1,"",
TX001,310015,ID002,101,3117A-3123A-9999A-9999E,32,1052509901,300964345,1,"",
TX001,310015,ID002,101,3117A-3123A-9999A-9999E,32,1052509901,300964346,1,"",
TX001,310015,ID002,101,3117A-3123A-9999A-9999E,32,1052509901,300964348,1,"",
TX001,310015,ID002,101,3117A-3123A-9999A-9999E,32,1052509902,300964425,1,"",
TX001,310015,ID002,101,3117A-3123A-9999A-9999E,32,1052509902,300964426,1,"",
TX001,310015,ID002,101,3117A-3123A-9999A-9999E,32,1052509902,300964427,1,"",
TX001,310015,ID002,101,3117A-3123A-9999A-9999E,32,1052509902,300964428,1,"",
TX001,310015,ID002,101,3117A-3123A-9999A-9999E,32,1052509902,300964432,1,"",
TX001,310015,ID002,101,3117A-3123A-9999A-9999E,32,1052509902,300964433,1,"",
TX001,310015,ID002,101,3117A-3123A-9999A-9999E,32,1052509902,300964434,1,"",
TX001,310015,ID002,101,3117A-3123A-9999A-9999E,32,1052509902,300964435,1,"",
TX001,310015,ID002,101,3117A-3123A-9999A-9999E,32,1052509903,300964480,1,"",
TX001,310015,ID002,101,3117A-3123A-9999A-9999E,32,1052509903,300964481,1,"",
TX001,310015,ID002,101,3117A-3123A-9999A-9999E,32,1052509903,300964482,1,"",
TX001,310015,ID002,101,3117A-3123A-9999A-9999E,32,1052509903,300964483,1,"",
TX001,310015,ID002,101,3117A-3123A-9999A-9999E,32,1052509903,300964485,1,"",
TX001,310015,ID002,101,3117A-3123A-9999A-9999E,32,1052509903,300964486,1,"",
TX001,310015,ID002,101,3117A-3123A-9999A-9999E,32,1052509903,300964487,1,"",
TX001,310015,ID002,101,3117A-3123A-9999A-9999E,32,1052509903,300964488,1,"",
TX001,310015,ID002,101,3117A-3123A-9999A-9999E,32,1052509904,300964553,1,"",
TX001,310015,ID002,101,3117A-3123A-9999A-9999E,32,1052509904,300964554,1,"",
TX001,310015,ID002,101,3117A-3123A-9999A-9999E,32,1052509904,300964555,1,"",
TX001,310015,ID002,101,3117A-3123A-9999A-9999E,32,1052509904,300964556,1,"",
TX001,310015,ID002,101,3117A-3123A-9999A-9999E,32,1052509904,300964557,1,"",
TX001,310015,ID002,101,3117A-3123A-9999A-9999E,32,1052509904,300964558,1,"",
TX001,310015,ID002,101,3117A-3123A-9999A-9999E,32,1052509904,300964559,1,"",
TX001,310015,ID002,101,3117A-3123A-9999A-9999E,32,1052509904,300964560,1,"",
TX001,310015,ID002,101,3117A-3123A-9999A-9999E,32,1052509905,300964577,1,"",
TX001,310015,ID002,101,3117A-3123A-9999A-9999E,32,1052509905,300964578,1,"",
TX001,310015,ID002,101,3117A-3123A-9999A-9999E,32,1052509905,300964624,1,"",
TX001,310015,ID002,101,3117A-3123A-9999A-9999E,32,1052509905,300964625,1,"",
TX001,310015,ID002,101,3117A-3123A-9999A-9999E,31,1052510002,300964721,1,"",
TX001,310015,ID002,101,3117A-3123A-9999A-9999E,31,1052510002,300964742,1,"",
TX001,310015,ID002,101,3117A-3123A-9999A-9999E,31,1052510002,300964744,1,"",
TX001,310015,ID002,101,3117A-3123A-9999A-9999E,31,1052510002,300964745,1,"",
TX001,310015,ID002,101,3117A-3123A-9999A-9999E,31,1052510002,300964747,1,"",
TX001,310015,ID002,101,3117A-3123A-9999A-9999E,31,1052510003,300964780,1,"",
TX001,310015,ID002,101,3117A-3123A-9999A-9999E,31,1052510003,300964782,1,"",
TX001,310015,ID002,101,3117A-3123A-9999A-9999E,31,1052510003,300964783,1,"",
TX001,310015,ID002,101,3117A-3123A-9999A-9999E,31,1052510003,300964784,1,"",
TX001,310015,ID002,101,3117A-3123A-9999A-9999E,31,1052510003,300964878,1,"",
TX001,310015,ID002,101,3117A-3123A-9999A-9999E,31,1052510003,300964879,1,"",
TX001,310015,ID002,101,3117A-3123A-9999A-9999E,31,1052510003,300964880,1,"",
TX001,310015,ID002,101,3117A-3123A-9999A-9999E,31,1052510003,300964881,1,"",
TX001,310015,ID002,101,3117A-3123A-9999A-9999E,31,1052510004,300964954,1,"",
TX001,310015,ID002,101,3117A-3123A-9999A-9999E,31,1052510004,300964955,1,"",
TX001,310015,ID002,101,3117A-3123A-9999A-9999E,26,1052510501,300973000,1,"",
TX001,310015,ID002,101,3117A-3123A-9999A-9999E,26,1052510501,300973001,1,"",
TX001,310015,ID002,101,3117A-3123A-9999A-9999E,26,1052510501,300973041,1,"",
TX001,310015,ID002,101,3117A-3123A-9999A-9999E,26,1052510501,300973042,1,"",
TX001,310015,ID002,101,3117A-3123A-9999A-9999E,26,1052510501,300973043,1,"",
TX001,310015,ID002,101,3117A-3123A-9999A-9999E,26,1052510501,300973044,1,"",
TX001,310015,ID002,101,3117A-3123A-9999A-9999E,26,1052510502,300973066,1,"",
TX001,310015,ID002,101,3117A-3123A-9999A-9999E,26,1052510502,300973067,1,"",
TX001,310015,ID002,101,3117A-3123A-9999A-9999E,25,1052510603,300973387,1,"",
TX001,310015,ID002,101,3117A-3123A-9999A-9999E,25,1052510603,300973390,1,"",
TX001,310015,ID002,101,3117A-3123A-9999A-9999E,25,1052510603,300973391,1,"",
TX001,310015,ID002,101,3117A-3123A-9999A-9999E,25,1052510603,300973392,1,"",
TX001,310015,ID002,101,3117A-3123A-9999A-9999E,25,1052510603,300973405,1,"",
TX001,310015,ID002,101,3117A-3123A-9999A-9999E,25,1052510603,300973406,1,"",
TX001,310015,ID002,101,3117A-3123A-9999A-9999E,25,1052510603,300973407,1,"",
TX001,310015,ID002,101,3117A-3123A-9999A-9999E,25,1052510603,300973408,1,"",
TX001,310015,ID002,101,3117A-3123A-9999A-9999E,25,1052510604,300973460,1,"",
TX001,310015,ID002,101,3117A-3123A-9999A-9999E,25,1052510604,300973462,1,"",
TX001,310015,ID002,101,3117A-3123A-9999A-9999E,25,1052510604,300973463,1,"",
TX001,310015,ID002,101,3117A-3123A-9999A-9999E,25,1052510604,300973465,1,"",
TX001,310015,ID002,101,3117A-3123A-9999A-9999E,25,1052510604,300973467,1,"",
TX001,310015,ID002,101,3117A-3123A-9999A-9999E,25,1052510604,300973469,1,"",
TX001,310015,ID002,101,3117A-3123A-9999A-9999E,25,1052510604,300973470,1,"",
TX001,310015,ID002,101,3117A-3123A-9999A-9999E,25,1052510604,300973473,1,"",
TX001,310015,ID002,101,3117A-3123A-9999A-9999E,25,1052510606,300973648,1,"",
TX001,310015,ID002,101,3117A-3123A-9999A-9999E,25,1052510610,300974069,1,"",
TX001,310015,ID002,101,3117A-3123A-9999A-9999E,25,1052510610,300974117,1,"",
TX001,310015,ID002,101,3117A-3123A-9999A-9999E,25,1052510610,300974118,1,"",
TX001,310015,ID002,101,3117A-3123A-9999A-9999E,25,1052510611,300974121,1,"",
TX001,310015,ID002,101,3117A-3123A-9999A-9999E,25,1052510611,300974122,1,"",
TX001,310015,ID002,101,3117A-3123A-9999A-9999E,25,1052510611,300974123,1,"",
TX001,310015,ID002,101,3117A-3123A-9999A-9999E,25,1052510611,300974124,1,"",
TX001,310015,ID002,101,3117A-3123A-9999A-9999E,25,1052510611,300974126,1,"",
TX001,310015,ID002,101,3117A-3123A-9999A-9999E,25,1052510611,300974129,1,"",
TX001,310015,ID002,101,3117A-3123A-9999A-9999E,25,1052510611,300974130,1,"",
TX001,310015,ID002,101,3117A-3123A-9999A-9999E,25,1052510611,300974132,1,"",
TX001,310015,ID002,101,3117A-3123A-9999A-9999E,25,1052510612,300974203,1,"",
TX001,310015,ID002,101,3117A-3123A-9999A-9999E,25,1052510612,300974204,1,"",
TX001,310015,ID002,101,3117A-3123A-9999A-9999E,25,1052510612,300974205,1,"",
TX001,310015,ID002,101,3117A-3123A-9999A-9999E,25,1052510612,300974206,1,"",
TX001,310015,ID002,101,3117A-3123A-9999A-9999E,25,1052510612,300974207,1,"",
TX001,310015,ID002,101,3117A-3123A-9999A-9999E,25,1052510612,300974208,1,"",
TX001,310015,ID002,101,3117A-3123A-9999A-9999E,25,1052510612,300974215,1,"",
TX001,310015,ID002,101,3117A-3123A-9999A-9999E,25,1052510612,300974216,1,"",
TX001,310015,ID002,101,3117A-3123A-9999A-9999E,25,1052510613,300974270,1,"",
TX001,310015,ID002,101,3117A-3123A-9999A-9999E,25,1052510613,300974271,1,"",
TX001,310015,ID002,101,3117A-3123A-9999A-9999E,25,1052510613,300974272,1,"",
TX001,310015,ID002,101,3117A-3123A-9999A-9999E,25,1052510613,300974273,1,"",
TX001,310015,ID002,101,3117A-3123A-9999A-9999E,25,1052510613,300974274,1,"",
TX001,310015,ID002,101,3117A-3123A-9999A-9999E,25,1052510613,300974275,1,"",
TX001,310015,ID002,101,3117A-3123A-9999A-9999E,25,1052510613,300974276,1,"",
TX001,310015,ID002,101,3117A-3123A-9999A-9999E,25,1052510613,300974277,1,"",
TX001,310015,ID002,101,3117A-3123A-9999A-9999E,25,1052510614,300974335,1,"",
TX001,310015,ID002,101,3117A-3123A-9999A-9999E,25,1052510614,300974336,1,"",
TX001,310015,ID002,101,3117A-3123A-9999A-9999E,25,1052510614,300974337,1,"",
TX001,310015,ID002,101,3117A-3123A-9999A-9999E,25,1052510614,300974361,1,"",
TX001,310015,ID002,101,3117A-3123A-9999A-9999E,25,1052510614,300974362,1,"",
TX001,310015,ID002,101,3117A-3123A-9999A-9999E,25,1052510614,300974363,1,"",
TX001,310015,ID002,101,3117A-3123A-9999A-9999E,25,1052510614,300974364,1,"",
TX001,310015,ID002,101,3117A-3123A-9999A-9999E,24,1052510701,300974449,1,"",
TX001,310015,ID002,101,3117A-3123A-9999A-9999E,24,1052510701,300974450,1,"",
TX001,310015,ID002,101,3117A-3123A-9999A-9999E,24,1052510701,300974453,1,"",
TX001,310015,ID002,101,3117A-3123A-9999A-9999E,24,1052510703,300974528,1,"",
TX001,310015,ID002,101,3117A-3123A-9999A-9999E,24,1052510703,300974529,1,"",
TX001,310015,ID002,101,3117A-3123A-9999A-9999E,24,1052510703,300974530,1,"",
TX001,310015,ID002,101,3117A-3123A-9999A-9999E,24,1052510703,300974559,1,"",
TX001,310015,ID002,101,3117A-3123A-9999A-9999E,24,1052510703,300974560,1,"",
TX001,310015,ID002,101,3117A-3123A-9999A-9999E,24,1052510703,300974561,1,"",
TX001,310015,ID002,101,3117A-3123A-9999A-9999E,24,1052510703,300974562,1,"",
TX001,310015,ID002,101,3117A-3123A-9999A-9999E,24,1052510704,300974596,1,"",
TX001,310015,ID002,101,3117A-3123A-9999A-9999E,24,1052510704,300974597,1,"",
TX001,310015,ID002,101,3117A-3123A-9999A-9999E,24,1052510704,300974598,1,"",
TX001,310015,ID002,101,3117A-3123A-9999A-9999E,24,1052510704,300974599,1,"",
TX001,310015,ID002,101,3117A-3123A-9999A-9999E,24,1052510704,300974600,1,"",
TX001,310015,ID002,101,3117A-3123A-9999A-9999E,24,1052510704,300974601,1,"",
TX001,310015,ID002,101,3117A-3123A-9999A-9999E,24,1052510704,300974602,1,"",
TX001,310015,ID002,101,3117A-3123A-9999A-9999E,24,1052510704,300974603,1,"",
TX001,310015,ID002,101,3117A-3123A-9999A-9999E,24,1052510705,300974648,1,"",
TX001,310015,ID002,101,3117A-3123A-9999A-9999E,24,1052510705,300974649,1,"",
TX001,310015,ID002,101,3117A-3123A-9999A-9999E,24,1052510705,300974650,1,"",
TX001,310015,ID002,101,3117A-3123A-9999A-9999E,24,1052510705,300974651,1,"",
TX001,310015,ID002,101,3117A-3123A-9999A-9999E,24,1052510705,300974705,1,"",
TX001,310015,ID002,101,3117A-3123A-9999A-9999E,24,1052510705,300974706,1,"",
TX001,310015,ID002,101,3117A-3123A-9999A-9999E,24,1052510705,300974707,1,"",
TX001,310015,ID002,101,3117A-3123A-9999A-9999E,24,1052510705,300974708,1,"",
TX001,310015,ID002,101,3117A-3123A-9999A-9999E,24,1052510707,300974778,1,"",
TX001,310015,ID002,101,3117A-3123A-9999A-9999E,24,1052510707,300974779,1,"",
TX001,310015,ID002,101,3117A-3123A-9999A-9999E,24,1052510707,300974780,1,"",
TX001,310015,ID002,101,3117A-3123A-9999A-9999E,24,1052510707,300974781,1,"",
TX001,310015,ID002,101,3117A-3123A-9999A-9999E,24,1052510707,300974839,1,"",
TX001,310015,ID002,101,3117A-3123A-9999A-9999E,24,1052510707,300974841,1,"",
TX001,310015,ID002,101,3117A-3123A-9999A-9999E,24,1052510707,300974842,1,"",
TX001,310015,ID002,101,3117A-3123A-9999A-9999E,24,1052510707,300974843,1,"",
TX001,310015,ID002,101,3117A-3123A-9999A-9999E,24,1052510708,300974846,1,"",
TX001,310015,ID002,101,3117A-3123A-9999A-9999E,24,1052510708,300974847,1,"",
TX001,310015,ID002,101,3117A-3123A-9999A-9999E,24,1052510708,300974848,1,"",
TX001,310015,ID002,101,3117A-3123A-9999A-9999E,24,1052510708,300974849,1,"",
TX001,310015,ID002,101,3117A-3123A-9999A-9999E,24,1052510708,300974884,1,"",
TX001,310015,ID002,101,3117A-3123A-9999A-9999E,24,1052510708,300974885,1,"",
TX001,310015,ID002,101,3117A-3123A-9999A-9999E,24,1052510710,300974951,1,"",
TX001,310015,ID002,101,3117A-3123A-9999A-9999E,24,1052510710,300974952,1,"",
TX001,310015,ID002,101,3117A-3123A-9999A-9999E,24,1052510710,300974953,1,"",
TX001,310015,ID002,101,3117A-3123A-9999A-9999E,24,1052510711,300974965,1,"",
TX001,310015,ID002,101,3117A-3123A-9999A-9999E,24,1052510711,300974966,1,"",
TX001,310015,ID002,101,3117A-3123A-9999A-9999E,24,1052510711,300974981,1,"",
TX001,310015,ID002,101,3117A-3123A-9999A-9999E,24,1052510711,300974982,1,"",
TX001,310015,ID002,101,3117A-3123A-9999A-9999E,24,1052510711,300974992,1,"",
TX001,310015,ID002,101,3117A-3123A-9999A-9999E,24,1052510711,300974993,1,"",
TX001,310015,ID002,101,3117A-3123A-9999A-9999E,24,1052510711,300974994,1,"",
TX001,310015,ID002,101,3117A-3123A-9999A-9999E,24,1052510711,300974995,1,"",
TX001,310015,ID002,101,3117A-3123A-9999A-9999E,24,1052510712,300975000,1,"",
TX001,310015,ID002,101,3117A-3123A-9999A-9999E,24,1052510712,300975013,1,"",
TX001,310015,ID002,101,3117A-3123A-9999A-9999E,24,1052510712,300975019,1,"",
TX001,310015,ID002,101,3117A-3123A-9999A-9999E,24,1052510712,300975020,1,"",
TX001,310015,ID002,101,3117A-3123A-9999A-9999E,24,1052510714,300975263,1,"",
TX001,310015,ID002,101,3117A-3123A-9999A-9999E,24,1052510714,300975264,1,"",
TX001,310015,ID002,101,3117A-3123A-9999A-9999E,24,1052510714,300975265,1,"",
TX001,310015,ID002,101,3117A-3123A-9999A-9999E,24,1052510714,300975267,1,"",
TX001,310015,ID002,101,3117A-3123A-9999A-9999E,24,1052510714,300975269,1,"",
TX001,310015,ID002,101,3117A-3123A-9999A-9999E,23,1052510817,300977076,1,"",
TX001,310015,ID002,101,3117A-3123A-9999A-9999E,23,1052510817,300977078,1,"",
TX001,310015,ID002,101,3117A-3123A-9999A-9999E,23,1052510817,300977079,1,"",
TX001,310015,ID002,101,3117A-3123A-9999A-9999E,23,1052510817,300977080,1,"",
TX001,310015,ID002,101,3117A-3123A-9999A-9999E,22,1052510901,300977160,1,"",
TX001,310015,ID002,101,3117A-3123A-9999A-9999E,22,1052510901,300977162,1,"",
TX001,310015,ID002,101,3117A-3123A-9999A-9999E,22,1052510901,300977163,1,"",
TX001,310015,ID002,101,3117A-3123A-9999A-9999E,22,1052510901,300977165,1,"",
TX001,310015,ID002,101,3117A-3123A-9999A-9999E,22,1052510902,300977166,1,"",
TX001,310015,ID002,101,3117A-3123A-9999A-9999E,22,1052510902,300977167,1,"",
TX001,310015,ID002,101,3117A-3123A-9999A-9999E,22,1052510902,300977169,1,"",
TX001,310015,ID002,101,3117A-3123A-9999A-9999E,22,1052510902,300977170,1,"",
TX001,310015,ID002,101,3117A-3123A-9999A-9999E,22,1052510902,300977171,1,"",
TX001,310015,ID002,101,3117A-3123A-9999A-9999E,22,1052510902,300977173,1,"",
TX001,310015,ID002,101,3117A-3123A-9999A-9999E,22,1052510902,300977174,1,"",
TX001,310015,ID002,101,3117A-3123A-9999A-9999E,22,1052510902,300977175,1,"",
TX001,310015,ID002,101,3117A-3123A-9999A-9999E,22,1052510903,300977227,1,"",
TX001,310015,ID002,101,3117A-3123A-9999A-9999E,22,1052510903,300977228,1,"",
TX001,310015,ID002,101,3117A-3123A-9999A-9999E,22,1052510903,300977229,1,"",
TX001,310015,ID002,101,3117A-3123A-9999A-9999E,22,1052510903,300977230,1,"",
TX001,310015,ID002,101,3117A-3123A-9999A-9999E,22,1052510903,300977231,1,"",
TX001,310015,ID002,101,3117A-3123A-9999A-9999E,22,1052510903,300977232,1,"",
TX001,310015,ID002,101,3117A-3123A-9999A-9999E,22,1052510903,300977233,1,"",
TX001,310015,ID002,101,3117A-3123A-9999A-9999E,22,1052510903,300977234,1,"",
TX001,310015,ID002,101,3117A-3123A-9999A-9999E,22,1052510904,300977280,1,"",
TX001,310015,ID002,101,3117A-3123A-9999A-9999E,22,1052510904,300977281,1,"",
TX001,310015,ID002,101,3117A-3123A-9999A-9999E,22,1052510904,300977282,1,"",
TX001,310015,ID002,101,3117A-3123A-9999A-9999E,22,1052510904,300977283,1,"",
TX001,310015,ID002,101,3117A-3123A-9999A-9999E,22,1052510904,300977304,1,"",
TX001,310015,ID002,101,3117A-3123A-9999A-9999E,22,1052510904,300977306,1,"",
TX001,310015,ID002,101,3117A-3123A-9999A-9999E,22,1052510904,300977308,1,"",
TX001,310015,ID002,101,3117A-3123A-9999A-9999E,22,1052510904,300977403,1,"",
TX001,310015,ID002,101,3117A-3123A-9999A-9999E,22,1052510905,300977407,1,"",
TX001,310015,ID002,101,3117A-3123A-9999A-9999E,22,1052510905,300977408,1,"",
TX001,310015,ID002,101,3117A-3123A-9999A-9999E,22,1052510905,300977409,1,"",
TX001,310015,ID002,101,3117A-3123A-9999A-9999E,22,1052510905,300977411,1,"",
TX001,310015,ID002,101,3117A-3123A-9999A-9999E,22,1052510905,300977418,1,"",
TX001,310015,ID002,101,3117A-3123A-9999A-9999E,22,1052510905,300977419,1,"",
TX001,310015,ID002,101,3117A-3123A-9999A-9999E,22,1052510905,300977420,1,"",
TX001,310015,ID002,101,3117A-3123A-9999A-9999E,22,1052510905,300977421,1,"",
TX001,310015,ID002,101,3117A-3123A-9999A-9999E,22,1052510906,300977459,1,"",
TX001,310015,ID002,101,3117A-3123A-9999A-9999E,22,1052510906,300977460,1,"",
TX001,310015,ID002,101,3117A-3123A-9999A-9999E,22,1052510906,300977461,1,"",
TX001,310015,ID002,101,3117A-3123A-9999A-9999E,22,1052510906,300977462,1,"",
TX001,310015,ID002,101,3117A-3123A-9999A-9999E,22,1052510906,300977482,1,"",
TX001,310015,ID002,101,3117A-3123A-9999A-9999E,22,1052510906,300977483,1,"",
TX001,310015,ID002,101,3117A-3123A-9999A-9999E,22,1052510906,300977484,1,"",
TX001,310015,ID002,101,3117A-3123A-9999A-9999E,22,1052510906,300977485,1,"",
TX001,310015,ID002,101,3117A-3123A-9999A-9999E,22,1052510907,300977505,1,"",
TX001,310015,ID002,101,3117A-3123A-9999A-9999E,22,1052510907,300977506,1,"",
TX001,310015,ID002,101,3117A-3123A-9999A-9999E,22,1052510907,300977507,1,"",
TX001,310015,ID002,101,3117A-3123A-9999A-9999E,22,1052510907,300977508,1,"",
TX001,310015,ID002,101,3117A-3123A-9999A-9999E,22,1052510907,300977519,1,"",
TX001,310015,ID002,101,3117A-3123A-9999A-9999E,22,1052510907,300977520,1,"",
TX001,310015,ID002,101,3117A-3123A-9999A-9999E,22,1052510907,300977521,1,"",
TX001,310015,ID002,101,3117A-3123A-9999A-9999E,22,1052510907,300977522,1,"",
TX001,310015,ID002,101,3117A-3123A-9999A-9999E,22,1052510908,300977611,1,"",
TX001,310015,ID002,101,3117A-3123A-9999A-9999E,22,1052510908,300977612,1,"",
TX001,310015,ID002,101,3117A-3123A-9999A-9999E,22,1052510908,300977613,1,"",
TX001,310015,ID002,101,3117A-3123A-9999A-9999E,22,1052510908,300977615,1,"",
TX001,310015,ID002,101,3117A-3123A-9999A-9999E,22,1052510908,300977649,1,"",
TX001,310015,ID002,101,3117A-3123A-9999A-9999E,22,1052510908,300977650,1,"",
TX001,310015,ID002,101,3117A-3123A-9999A-9999E,22,1052510908,300977651,1,"",
TX001,310015,ID002,101,3117A-3123A-9999A-9999E,22,1052510908,300977652,1,"",
TX001,310015,ID002,101,3117A-3123A-9999A-9999E,21,1052511001,300978791,1,"",
TX001,310015,ID002,101,3117A-3123A-9999A-9999E,21,1052511001,300978792,1,"",
TX001,310015,ID002,101,3117A-3123A-9999A-9999E,21,1052511001,300978793,1,"",
TX001,310015,ID002,101,3117A-3123A-9999A-9999E,21,1052511001,300978841,1,"",
TX001,310015,ID002,101,3117A-3123A-9999A-9999E,21,1052511001,300978843,1,"",
TX001,310015,ID002,101,3117A-3123A-9999A-9999E,21,1052511001,300978844,1,"",
TX001,310015,ID002,101,3117A-3123A-9999A-9999E,21,1052511001,300978845,1,"",
TX001,310015,ID002,101,3117A-3123A-9999A-9999E,21,1052511001,300980283,1,"",
TX001,310015,ID002,101,3117A-3123A-9999A-9999E,21,1052511003,300979026,1,"",
TX001,310015,ID002,101,3117A-3123A-9999A-9999E,21,1052511003,300979027,1,"",
TX001,310015,ID002,101,3117A-3123A-9999A-9999E,21,1052511003,300979028,1,"",
TX001,310015,ID002,101,3117A-3123A-9999A-9999E,21,1052511003,300979029,1,"",
TX001,310015,ID002,101,3117A-3123A-9999A-9999E,21,1052511003,300979030,1,"",
TX001,310015,ID002,101,3117A-3123A-9999A-9999E,21,1052511003,300979031,1,"",
TX001,310015,ID002,101,3117A-3123A-9999A-9999E,21,1052511003,300979032,1,"",
TX001,310015,ID002,101,3117A-3123A-9999A-9999E,21,1052511003,300979033,1,"",
TX001,310015,ID002,101,3117A-3123A-9999A-9999E,21,1052511004,300979048,1,"",
TX001,310015,ID002,101,3117A-3123A-9999A-9999E,21,1052511004,300979050,1,"",
TX001,310015,ID002,101,3117A-3123A-9999A-9999E,21,1052511004,300979051,1,"",
TX001,310015,ID002,101,3117A-3123A-9999A-9999E,21,1052511004,300979052,1,"",
TX001,310015,ID002,101,3117A-3123A-9999A-9999E,21,1052511004,300979099,1,"",
TX001,310015,ID002,101,3117A-3123A-9999A-9999E,21,1052511004,300979100,1,"",
TX001,310015,ID002,101,3117A-3123A-9999A-9999E,21,1052511004,300979102,1,"",
TX001,310015,ID002,101,3117A-3123A-9999A-9999E,21,1052511004,300979103,1,"",
TX001,310015,ID002,101,3117A-3123A-9999A-9999E,21,1052511013,300979598,1,"",
TX001,310015,ID002,101,3117A-3123A-9999A-9999E,21,1052511013,300979599,1,"",
TX001,310015,ID002,101,3117A-3123A-9999A-9999E,21,1052511013,300979600,1,"",
TX001,310015,ID002,101,3117A-3123A-9999A-9999E,21,1052511013,300979601,1,"",
TX001,310015,ID002,101,3117A-3123A-9999A-9999E,21,1052511013,300979646,1,"",
TX001,310015,ID002,101,3117A-3123A-9999A-9999E,21,1052511013,300979647,1,"",
TX001,310015,ID002,101,3117A-3123A-9999A-9999E,21,1052511013,300979648,1,"",
TX001,310015,ID002,101,3117A-3123A-9999A-9999E,21,1052511013,300979649,1,"",
TX001,310015,ID002,101,3117A-3123A-9999A-9999E,21,1052511014,300979686,1,"",
TX001,310015,ID002,101,3117A-3123A-9999A-9999E,21,1052511014,300979689,1,"",
TX001,310015,ID002,101,3117A-3123A-9999A-9999E,21,1052511014,300979690,1,"",
TX001,310015,ID002,101,3117A-3123A-9999A-9999E,21,1052511014,300979691,1,"",
TX001,310015,ID002,101,3117A-3123A-9999A-9999E,21,1052511014,300979692,1,"",
TX001,310015,ID002,101,3117A-3123A-9999A-9999E,21,1052511014,300979693,1,"",
TX001,310015,ID002,101,3117A-3123A-9999A-9999E,21,1052511014,300979694,1,"",
TX001,310015,ID002,101,3117A-3123A-9999A-9999E,21,1052511014,300979695,1,"",
TX001,310015,ID002,101,3117A-3123A-9999A-9999E,21,1052511015,300979736,1,"",
TX001,310015,ID002,101,3117A-3123A-9999A-9999E,21,1052511015,300979737,1,"",
TX001,310015,ID002,101,3117A-3123A-9999A-9999E,21,1052511015,300979738,1,"",
TX001,310015,ID002,101,3117A-3123A-9999A-9999E,21,1052511015,300979739,1,"",
TX001,310015,ID002,101,3117A-3123A-9999A-9999E,21,1052511015,300979740,1,"",
TX001,310015,ID002,101,3117A-3123A-9999A-9999E,21,1052511015,300979741,1,"",
TX001,310015,ID002,101,3117A-3123A-9999A-9999E,21,1052511015,300979742,1,"",
TX001,310015,ID002,101,3117A-3123A-9999A-9999E,21,1052511015,300979743,1,"",
TX001,310015,ID002,101,3117A-3123A-9999A-9999E,20,1052511102,300979825,1,"",
TX001,310015,ID002,101,3117A-3123A-9999A-9999E,20,1052511102,300979826,1,"",
TX001,310015,ID002,101,3117A-3123A-9999A-9999E,20,1052511102,300979827,1,"",
TX001,310015,ID002,101,3117A-3123A-9999A-9999E,20,1052511102,300979828,1,"",
TX001,310015,ID002,101,3117A-3123A-9999A-9999E,20,1052511102,300979844,1,"",
TX001,310015,ID002,101,3117A-3123A-9999A-9999E,20,1052511102,300979845,1,"",
TX001,310015,ID002,101,3117A-3123A-9999A-9999E,20,1052511102,300979846,1,"",
TX001,310015,ID002,101,3117A-3123A-9999A-9999E,20,1052511102,300979847,1,"",
TX001,310015,ID002,101,3117A-3123A-9999A-9999E,20,1052511105,300980027,1,"",
TX001,310015,ID002,101,3117A-3123A-9999A-9999E,20,1052511105,300980043,1,"",
TX001,310015,ID002,101,3117A-3123A-9999A-9999E,20,1052511105,300980049,1,"",
TX001,310015,ID002,101,3117A-3123A-9999A-9999E,20,1052511105,300980050,1,"",
TX001,310015,ID002,101,3117A-3123A-9999A-9999E,20,1052511105,300980055,1,"",
TX001,310015,ID002,101,3117A-3123A-9999A-9999E,20,1052511105,300980065,1,"",
TX001,310015,ID002,101,3117A-3123A-9999A-9999E,20,1052511105,300980075,1,"",
TX001,310015,ID002,101,3117A-3123A-9999A-9999E,20,1052511105,300980076,1,"",
TX001,310015,ID002,101,3117A-3123A-9999A-9999E,20,1052511106,300980151,1,"",
TX001,310015,ID002,101,3117A-3123A-9999A-9999E,20,1052511106,300980162,1,"",
TX001,310015,ID002,101,3117A-3123A-9999A-9999E,20,1052511106,300980590,1,"",
TX001,310015,ID002,101,3117A-3123A-9999A-9999E,20,1052511106,300980592,1,"",
TX001,310015,ID002,101,3117A-3123A-9999A-9999E,20,1052511106,300980698,1,"",
TX001,310015,ID002,101,3117A-3123A-9999A-9999E,20,1052511106,300980699,1,"",
TX001,310015,ID002,101,3117A-3123A-9999A-9999E,20,1052511106,300980700,1,"",
TX001,310015,ID002,101,3117A-3123A-9999A-9999E,20,1052511106,300980701,1,"",
TX001,310015,ID002,101,3117A-3123A-9999A-9999E,20,1052511107,300980840,1,"",
TX001,310015,ID002,101,3117A-3123A-9999A-9999E,20,1052511107,300980841,1,"",
TX001,310015,ID002,101,3117A-3123A-9999A-9999E,20,1052511107,300980871,1,"",
TX001,310015,ID002,101,3117A-3123A-9999A-9999E,20,1052511107,300980872,1,"",
TX001,310015,ID002,101,3117A-3123A-9999A-9999E,20,1052511107,300980873,1,"",
TX001,310015,ID002,101,3117A-3123A-9999A-9999E,20,1052511107,300980874,1,"",
TX001,310015,ID002,101,3117A-3123A-9999A-9999E,20,1052511107,300980904,1,"",
TX001,310015,ID002,101,3117A-3123A-9999A-9999E,20,1052511107,300980905,1,"",
TX001,310015,ID002,101,3117A-3123A-9999A-9999E,20,1052511108,300980923,1,"",
TX001,310015,ID002,101,3117A-3123A-9999A-9999E,20,1052511108,300980924,1,"",
TX001,310015,ID002,101,3117A-3123A-9999A-9999E,20,1052511108,300980925,1,"",
TX001,310015,ID002,101,3117A-3123A-9999A-9999E,20,1052511108,300980926,1,"",
TX001,310015,ID002,101,3117A-3123A-9999A-9999E,20,1052511108,300980955,1,"",
TX001,310015,ID002,101,3117A-3123A-9999A-9999E,20,1052511108,300980956,1,"",
TX001,310015,ID002,101,3117A-3123A-9999A-9999E,20,1052511108,300980957,1,"",
TX001,310015,ID002,101,3117A-3123A-9999A-9999E,20,1052511108,300980958,1,"",
TX001,310015,ID002,101,3117A-3123A-9999A-9999E,20,1052511109,300981095,1,"",
TX001,310015,ID002,101,3117A-3123A-9999A-9999E,20,1052511109,300981099,1,"",
TX001,310015,ID002,101,3117A-3123A-9999A-9999E,19,1052511202,300981185,1,"",
TX001,310015,ID002,101,3117A-3123A-9999A-9999E,19,1052511202,300981186,1,"",
TX001,310015,ID002,101,3117A-3123A-9999A-9999E,19,1052511202,300981302,1,"",
TX001,310015,ID002,101,3117A-3123A-9999A-9999E,19,1052511202,300981303,1,"",
TX001,310015,ID002,101,3117A-3123A-9999A-9999E,19,1052511202,300981304,1,"",
TX001,310015,ID002,101,3117A-3123A-9999A-9999E,19,1052511202,300981305,1,"",
TX001,310015,ID002,101,3117A-3123A-9999A-9999E,19,1052511202,300981306,1,"",
TX001,310015,ID002,101,3117A-3123A-9999A-9999E,19,1052511202,300981307,1,"",
TX001,310015,ID002,101,3117A-3123A-9999A-9999E,19,1052511203,300981333,1,"",
TX001,310015,ID002,101,3117A-3123A-9999A-9999E,19,1052511203,300981334,1,"",
TX001,310015,ID002,101,3117A-3123A-9999A-9999E,19,1052511203,300981335,1,"",
TX001,310015,ID002,101,3117A-3123A-9999A-9999E,19,1052511203,300981336,1,"",
TX001,310015,ID002,101,3117A-3123A-9999A-9999E,19,1052511203,300981395,1,"",
TX001,310015,ID002,101,3117A-3123A-9999A-9999E,19,1052511203,300981396,1,"",
TX001,310015,ID002,101,3117A-3123A-9999A-9999E,19,1052511203,300981397,1,"",
TX001,310015,ID002,101,3117A-3123A-9999A-9999E,19,1052511203,300981398,1,"",
TX001,310015,ID002,101,3117A-3123A-9999A-9999E,19,1052511204,300981399,1,"",
TX001,310015,ID002,101,3117A-3123A-9999A-9999E,19,1052511204,300981400,1,"",
TX001,310015,ID002,101,3117A-3123A-9999A-9999E,19,1052511204,300981490,1,"",
TX001,310015,ID002,101,3117A-3123A-9999A-9999E,19,1052511204,300981491,1,"",
TX001,310015,ID002,101,3117A-3123A-9999A-9999E,19,1052511204,300981527,1,"",
TX001,310015,ID002,101,3117A-3123A-9999A-9999E,19,1052511204,300981528,1,"",
TX001,310015,ID002,101,3117A-3123A-9999A-9999E,19,1052511204,300981529,1,"",
TX001,310015,ID002,101,3117A-3123A-9999A-9999E,19,1052511204,300981531,1,"",
TX001,310015,ID002,101,3117A-3123A-9999A-9999E,19,1052511205,300981554,1,"",
TX001,310015,ID002,101,3117A-3123A-9999A-9999E,19,1052511205,300981555,1,"",
TX001,310015,ID002,101,3117A-3123A-9999A-9999E,19,1052511205,300981557,1,"",
TX001,310015,ID002,101,3117A-3123A-9999A-9999E,19,1052511205,300981558,1,"",
TX001,310015,ID002,101,3117A-3123A-9999A-9999E,19,1052511205,300981580,1,"",
TX001,310015,ID002,101,3117A-3123A-9999A-9999E,19,1052511205,300981581,1,"",
TX001,310015,ID002,101,3117A-3123A-9999A-9999E,19,1052511205,300981582,1,"",
TX001,310015,ID002,101,3117A-3123A-9999A-9999E,19,1052511205,300981586,1,"",
TX001,310015,ID002,101,3117A-3123A-9999A-9999E,19,1052511206,300981660,1,"",
TX001,310015,ID002,101,3117A-3123A-9999A-9999E,19,1052511206,300981661,1,"",
TX001,310015,ID002,101,3117A-3123A-9999A-9999E,19,1052511206,300981663,1,"",
TX001,310015,ID002,101,3117A-3123A-9999A-9999E,19,1052511206,300981666,1,"",
TX001,310015,ID002,101,3117A-3123A-9999A-9999E,19,1052511206,300981722,1,"",
TX001,310015,ID002,101,3117A-3123A-9999A-9999E,19,1052511206,300981723,1,"",
TX001,310015,ID002,101,3117A-3123A-9999A-9999E,19,1052511206,300981724,1,"",
TX001,310015,ID002,101,3117A-3123A-9999A-9999E,19,1052511206,300981725,1,"",
TX001,310015,ID002,101,3117A-3123A-9999A-9999E,19,1052511207,300981808,1,"",
TX001,310015,ID002,101,3117A-3123A-9999A-9999E,19,1052511207,300981809,1,"",
TX001,310015,ID002,101,3117A-3123A-9999A-9999E,19,1052511207,300981810,1,"",
TX001,310015,ID002,101,3117A-3123A-9999A-9999E,19,1052511207,300981811,1,"",
TX001,310015,ID002,101,3117A-3123A-9999A-9999E,19,1052511207,300981824,1,"",
TX001,310015,ID002,101,3117A-3123A-9999A-9999E,19,1052511207,300981825,1,"",
TX001,310015,ID002,101,3117A-3123A-9999A-9999E,19,1052511207,300981826,1,"",
TX001,310015,ID002,101,3117A-3123A-9999A-9999E,19,1052511207,300981827,1,"",
TX001,310015,ID002,101,3117A-3123A-9999A-9999E,19,1052511208,300981888,1,"",
TX001,310015,ID002,101,3117A-3123A-9999A-9999E,19,1052511208,300981893,1,"",
TX001,310015,ID002,101,3117A-3123A-9999A-9999E,19,1052511208,300981894,1,"",
TX001,310015,ID002,101,3117A-3123A-9999A-9999E,19,1052511208,300981896,1,"",
TX001,310015,ID002,101,3117A-3123A-9999A-9999E,19,1052511208,300981939,1,"",
TX001,310015,ID002,101,3117A-3123A-9999A-9999E,19,1052511208,300981940,1,"",
TX001,310015,ID002,101,3117A-3123A-9999A-9999E,19,1052511208,300981941,1,"",
TX001,310015,ID002,101,3117A-3123A-9999A-9999E,19,1052511208,300981942,1,"",
TX001,310015,ID002,101,3117A-3123A-9999A-9999E,19,1052511209,300981971,1,"",
TX001,310015,ID002,101,3117A-3123A-9999A-9999E,19,1052511209,300981972,1,"",
TX001,310015,ID002,101,3117A-3123A-9999A-9999E,19,1052511209,300981973,1,"",
TX001,310015,ID002,101,3117A-3123A-9999A-9999E,19,1052511209,300981974,1,"",
TX001,310015,ID002,101,3117A-3123A-9999A-9999E,19,1052511209,300982010,1,"",
TX001,310015,ID002,101,3117A-3123A-9999A-9999E,19,1052511209,300982036,1,"",
TX001,310015,ID002,101,3117A-3123A-9999A-9999E,19,1052511209,300982044,1,"",
TX001,310015,ID002,101,3117A-3123A-9999A-9999E,19,1052511209,300982045,1,"",
TX001,310015,ID002,101,3117A-3123A-9999A-9999E,19,1052511212,300982264,1,"",
TX001,310015,ID002,101,3117A-3123A-9999A-9999E,19,1052511212,300982265,1,"",
TX001,310015,ID002,101,3117A-3123A-9999A-9999E,19,1052511212,300982266,1,"",
TX001,310015,ID002,101,3117A-3123A-9999A-9999E,19,1052511212,300982267,1,"",
TX001,310015,ID002,101,3117A-3123A-9999A-9999E,19,1052511212,300982342,1,"",
TX001,310015,ID002,101,3117A-3123A-9999A-9999E,19,1052511212,300982343,1,"",
TX001,310015,ID002,101,3117A-3123A-9999A-9999E,19,1052511212,300982344,1,"",
TX001,310015,ID002,101,3117A-3123A-9999A-9999E,19,1052511212,300982345,1,"",
TX001,310015,ID002,101,3117A-9999A,41,1052509011,300951577,1,233374-1-1-108,
TX001,310015,ID002,101,3117A-9999A,41,1052509011,300951578,1,233374-1-1-108,
TX001,310015,ID002,101,3117A-9999A,41,1052509011,300951612,1,233374-1-1-108,
TX001,310015,ID002,101,3117A-9999A,41,1052509011,300951613,1,233374-1-1-108,
TX001,310015,ID002,101,3117A-9999A,41,1052509011,300951638,1,233374-1-1-108,
TX001,310015,ID002,101,3117A-9999A,41,1052509011,300951639,1,233374-1-1-108,
TX001,310015,ID002,101,3117A-9999A,41,1052509011,300951640,1,233374-1-1-108,
TX001,310015,ID002,101,3117A-9999A,41,1052509011,300951641,1,233374-1-1-108,
TX001,310015,ID002,101,3117A-9999A,41,1052509012,300951694,1,233374-1-1-108,
TX001,310015,ID002,101,3117A-9999A,41,1052509012,300951696,1,233374-1-1-108,
TX001,310015,ID002,101,3117A-9999A,41,1052509012,300951697,1,233374-1-1-109,
TX001,310015,ID002,101,3117A-9999A,41,1052509012,300951706,1,233374-1-1-109,
TX001,310015,ID002,101,3117A-9999A,41,1052509012,300951707,1,233374-1-1-109,
TX001,310015,ID002,101,3117A-9999A,41,1052509012,300951708,1,233374-1-1-109,
TX001,310015,ID002,101,3117A-9999A,41,1052509012,300951709,1,233374-1-1-109,
TX001,310015,ID002,101,3117A-9999A,41,1052509013,300951718,1,233374-1-1-109,
TX001,310015,ID002,101,3117A-9999A,41,1052509013,300951737,1,233374-1-1-109,
TX001,310015,ID002,101,3117A-9999A,41,1052509013,300951738,1,233374-1-1-109,
TX001,310015,ID002,101,3117A-9999A,41,1052509013,300951739,1,233374-1-1-109,
TX001,310015,ID002,101,3117A-9999A,41,1052509013,300951909,1,233374-1-1-109,
TX001,310015,ID002,101,3117A-9999A,41,1052509013,300951910,1,233374-1-1-109,
TX001,310015,ID002,101,3117A-9999A,41,1052509013,300951912,1,233374-1-1-109,
TX001,310015,ID002,101,3117A-9999A,41,1052509013,300951913,1,233374-1-1-109,
TX001,310015,ID002,101,3117A-9999A,41,1052509014,300951914,1,233374-1-1-109,
TX001,310015,ID002,101,3117A-9999A,41,1052509014,300951915,1,233374-1-1-109,
TX001,310015,ID002,101,3117A-9999A,41,1052509014,300951916,1,233374-1-1-109,
TX001,310015,ID002,101,3117A-9999A,41,1052509014,300951917,1,233374-1-1-109,
TX001,310015,ID002,101,3117A-9999A,41,1052509014,300951918,1,233374-1-1-109,
TX001,310015,ID002,101,3117A-9999A,41,1052509014,300951919,1,233374-1-1-109,
TX001,310015,ID002,101,3117A-9999A,41,1052509014,300951920,1,233374-1-1-109,
TX001,310015,ID002,101,3117A-9999A,41,1052509014,300951921,1,233374-1-1-109,
TX001,310015,ID002,101,3117A-9999A,41,1052509015,300952042,1,233374-1-1-110,
TX001,310015,ID002,101,3117A-9999A,41,1052509015,300952043,1,233374-1-1-110,
TX001,310015,ID002,101,3117A-9999A,41,1052509015,300952044,1,233374-1-1-110,
TX001,310015,ID002,101,3117A-9999A,41,1052509015,300952045,1,233374-1-1-110,
TX001,310015,ID002,101,3117A-9999A,41,1052509015,300952046,1,233374-1-1-110,
TX001,310015,ID002,101,3117A-9999A,41,1052509015,300952047,1,233374-1-1-110,
TX001,310015,ID002,101,3117A-9999A,41,1052509015,300952048,1,233374-1-1-110,
TX001,310015,ID002,101,3117A-9999A,41,1052509015,300952049,1,233374-1-1-110,
TX001,310015,ID002,101,3117A-9999A,41,1052509017,300952232,1,233374-1-1-110,
TX001,310015,ID002,101,3117A-9999A,41,1052509017,300952233,1,233374-1-1-110,
TX001,310015,ID002,101,3117A-9999A,41,1052509017,300952234,1,233374-1-1-110,
TX001,310015,ID002,101,3117A-9999A,41,1052509017,300952235,1,233374-1-1-110,
TX001,310015,ID002,101,3117A-9999A,41,1052509017,300952236,1,233374-1-1-110,
TX001,310015,ID002,101,3117A-9999A,41,1052509017,300952237,1,233089-1-2-110,
TX001,310015,ID002,101,3117A-9999A,41,1052509017,300952238,1,233089-1-2-110,
TX001,310015,ID002,101,3117A-9999A,41,1052509017,300952239,1,233089-1-2-110,
TX001,310015,ID002,101,3117A-9999A,40,1052509107,300952893,1,"",
TX001,310015,ID002,101,3117A-9999A,40,1052509107,300952894,1,"",
TX001,310015,ID002,101,3117A-9999A,40,1052509107,300952903,1,"",
TX001,310015,ID002,101,3117A-9999A,40,1052509107,300952904,1,"",
TX001,310015,ID002,101,3117A-9999A,40,1052509107,300952905,1,"",
TX001,310015,ID002,101,3117A-9999A,40,1052509107,300952906,1,"",
TX001,310015,ID002,101,3117A-9999A,40,1052509107,300952935,1,"",
TX001,310015,ID002,101,3117A-9999A,40,1052509107,300952936,1,"",
TX001,310015,ID002,101,3117A-9999A,40,1052509108,300952957,1,"",
TX001,310015,ID002,101,3117A-9999A,40,1052509108,300952958,1,"",
TX001,310015,ID002,101,3117A-9999A,40,1052509108,300952959,1,"",
TX001,310015,ID002,101,3117A-9999A,40,1052509108,300952960,1,"",
TX001,310015,ID002,101,3117A-9999A,40,1052509108,300952998,1,"",
TX001,310015,ID002,101,3117A-9999A,40,1052509108,300952999,1,"",
TX001,310015,ID002,101,3117A-9999A,40,1052509108,300953016,1,"",
TX001,310015,ID002,101,3117A-9999A,40,1052509108,300953017,1,"",
TX001,310015,ID002,101,3117A-9999A,25,1052510607,300973649,1,"",
TX001,310015,ID002,101,3117A-9999A,25,1052510607,300973650,1,"",
TX001,310015,ID002,101,3117A-9999A,25,1052510607,300973651,1,"",
TX001,310015,ID002,101,3117A-9999A,25,1052510607,300973652,1,"",
TX001,310015,ID002,101,3117A-9999A,25,1052510607,300973653,1,"",
TX001,310015,ID002,101,3117A-9999A,25,1052510607,300973654,1,"",
TX001,310015,ID002,101,3117A-9999A,25,1052510607,300973655,1,"",
TX001,310015,ID002,101,3117A-9999A,25,1052510607,300973656,1,"",
TX001,310015,ID002,101,3117A-9999A,25,1052510608,300973682,1,"",
TX001,310015,ID002,101,3117A-9999A,25,1052510608,300973683,1,"",
TX001,310015,ID002,101,3117A-9999A,25,1052510608,300973684,1,"",
TX001,310015,ID002,101,3117A-9999A,25,1052510608,300973685,1,"",
TX001,310015,ID002,101,3117A-9999A,25,1052510608,300973836,1,"",
TX001,310015,ID002,101,3117A-9999A,25,1052510608,300973838,1,"",
TX001,310015,ID002,101,3117A-9999A,24,1052510715,300975331,1,"",
TX001,310015,ID002,101,3117A-9999A,24,1052510715,300975332,1,"",
TX001,310015,ID002,101,3117A-9999A,24,1052510715,300975333,1,"",
TX001,310015,ID002,101,3117A-9999A,24,1052510715,300975334,1,"",
TX001,310015,ID002,101,3117A-9999A,24,1052510715,300975355,1,"",
TX001,310015,ID002,101,3117A-9999A,24,1052510715,300975356,1,"",
TX001,310015,ID002,101,3117A-9999A,24,1052510715,300975358,1,"",
TX001,310015,ID002,101,3117A-9999A,24,1052510715,300975359,1,"",
TX001,310015,ID002,101,3117A-9999A,24,1052510716,300975391,1,"",
TX001,310015,ID002,101,3117A-9999A,24,1052510716,300975392,1,"",
TX001,310015,ID002,101,3117A-9999A,20,1052511103,300979880,1,"",
TX001,310015,ID002,101,3117A-9999A,20,1052511103,300979881,1,"",
TX001,310015,ID002,101,3117A-9999A,20,1052511103,300979882,1,"",
TX001,310015,ID002,101,3117A-9999A,20,1052511103,300979883,1,"",
TX001,310015,ID002,101,3117A-9999A,20,1052511103,300979884,1,"",
TX001,310015,ID002,101,3117A-9999A,20,1052511103,300979885,1,"",
TX001,310015,ID002,101,3117A-9999A,20,1052511103,300979886,1,"",
TX001,310015,ID002,101,3117A-9999A,20,1052511103,300979887,1,"",
TX001,310015,ID002,101,3117A-9999A,20,1052511104,300979943,1,"",
TX001,310015,ID002,101,3117A-9999A,20,1052511104,300979944,1,"",
TX001,310015,ID002,101,3117A-9999A,20,1052511104,300979945,1,"",
TX001,310015,ID002,101,3117A-9999A,20,1052511104,300979948,1,"",
TX001,310015,ID002,101,3117A-9999A,20,1052511104,300979949,1,"",
TX001,310015,ID002,101,3117A-9999A,20,1052511104,300979950,1,"",
TX001,310015,ID002,101,3117A-9999A,20,1052511104,300979952,1,"",
TX001,310015,ID002,101,3117A-9999A,20,1052511104,300979955,1,"",
TX001,310015,ID002,101,3117A-9999A-9999A,40,1052509105,300952617,1,"",
TX001,310015,ID002,101,3117A-9999A-9999A,40,1052509105,300952618,1,"",
TX001,310015,ID002,101,3117A-9999A-9999A,40,1052509105,300952619,1,"",
TX001,310015,ID002,101,3117A-9999A-9999A,40,1052509105,300952621,1,"",
TX001,310015,ID002,101,3117A-9999A-9999A,40,1052509105,300952637,1,"",
TX001,310015,ID002,101,3117A-9999A-9999A,40,1052509105,300952639,1,"",
TX001,310015,ID002,101,3117A-9999A-9999A,40,1052509105,300952640,1,"",
TX001,310015,ID002,101,3117A-9999A-9999A,40,1052509106,300952673,1,"",
TX001,310015,ID002,101,3117A-9999A-9999A,40,1052509106,300952834,1,"",
TX001,310015,ID002,101,3117A-9999A-9999A,40,1052509106,300952835,1,"",
TX001,310015,ID002,101,3117A-9999A-9999A,40,1052509106,300952848,1,"",
TX001,310015,ID002,101,3117A-9999A-9999A,40,1052509106,300952849,1,"",
TX001,310015,ID002,101,3117A-9999A-9999A,40,1052509106,300952850,1,"",
TX001,310015,ID002,101,3117A-9999A-9999A,40,1052509106,300952851,1,"",
TX001,310015,ID002,101,3123A-3132A-9999A-9999E,17,1052511401,300984087,1,"",
TX001,310015,ID002,101,3123A-3132A-9999A-9999E,17,1052511401,300984088,1,"",
TX001,310015,ID002,101,3123A-3132A-9999A-9999E,17,1052511401,300984089,1,"",
TX001,310015,ID002,101,3123A-3132A-9999A-9999E,17,1052511401,300984090,1,"",
TX001,310015,ID002,101,3123A-3132A-9999A-9999E,17,1052511401,300984091,1,"",
TX001,310015,ID002,101,3123A-3132A-9999A-9999E,17,1052511401,300984093,1,"",
TX001,310015,ID002,101,3123A-3132A-9999A-9999E,17,1052511401,300984094,1,"",
TX001,310015,ID002,101,3123A-3132A-9999A-9999E,17,1052511401,300984095,1,"",
TX001,310015,ID002,101,3123A-3132A-9999A-9999E,17,1052511403,300984198,1,"",
TX001,310015,ID002,101,3123A-3132A-9999A-9999E,17,1052511403,300984199,1,"",
TX001,310015,ID002,101,3123A-3132A-9999A-9999E,17,1052511403,300984209,1,"",
TX001,310015,ID002,101,3123A-3132A-9999A-9999E,17,1052511403,300984210,1,"",
TX001,310015,ID002,101,3123A-3132A-9999A-9999E,17,1052511403,300984220,1,"",
TX001,310015,ID002,101,3123A-3132A-9999A-9999E,17,1052511403,300984221,1,"",
TX001,310015,ID002,101,3123A-3132A-9999A-9999E,17,1052511403,300984227,1,"",
TX001,310015,ID002,101,3123A-3132A-9999A-9999E,17,1052511403,300984229,1,"",
TX001,310015,ID002,101,9999A-9999E-9999A-9999E,40,1052509104,300952587,1,"",
TX001,310015,ID002,102,3117A-9999A-9999A,41,1052509016,300952056,1,233374-1-1-110,
TX001,310015,ID002,102,9999A-9999A,40,1052509105,300952638,1,"",
TX001,310015,ID002,102,9999A-9999A,40,1052509106,300952837,1,"",
TX001,310086,ID002,101,3133A-3138A-3139A-9999A,109,1052502233,300856263,1,"",
TX001,310086,ID002,101,3133A-3138A-3139A-9999A,109,1052502233,300856264,1,"",
TX001,310086,ID002,101,3133A-3138A-3139A-9999A,109,1052502233,300856286,1,"",
TX001,310086,ID002,101,3133A-3138A-3139A-9999A,109,1052502233,300856287,1,"",
TX001,310086,ID002,101,3133A-3138A-3139A-9999A,109,1052502233,300856293,1,"",
TX001,310086,ID002,101,3133A-3138A-3139A-9999A,109,1052502233,300856295,1,"",
TX001,310086,ID002,101,3133A-3138A-3139A-9999A,109,1052502233,300856318,1,"",
TX001,310086,ID002,101,3133A-3138A-3139A-9999A,109,1052502233,300856319,1,"",
TX001,310086,ID002,101,3138A-3139A-9999A,115,1052501631,300846657,1,233091-1-2-103,
TX001,310086,ID002,101,3138A-3139A-9999A,115,1052501631,300846658,1,233091-1-2-103,
TX001,310086,ID002,101,3138A-3139A-9999A,115,1052501631,300846659,1,233091-1-2-103,
TX001,310086,ID002,101,3138A-3139A-9999A,115,1052501631,300846661,1,233091-1-2-103,
TX001,310086,ID002,101,3138A-3139A-9999A,115,1052501631,300846663,1,233091-1-2-103,
TX001,310086,ID002,101,3138A-3139A-9999A,115,1052501631,300846664,1,233091-1-2-103,
TX001,310086,ID002,101,3138A-3139A-9999A,115,1052501631,300846666,1,233091-1-2-103,
TX001,310086,ID002,101,3138A-3139A-9999A,115,1052501632,300846699,1,233091-1-2-103,
TX001,310086,ID002,101,3138A-3139A-9999A,115,1052501632,300846700,1,233091-1-2-103,
TX001,310086,ID002,101,3138A-3139A-9999A,115,1052501632,300846701,1,233091-1-2-103,
TX001,310086,ID002,101,3138A-3139A-9999A,115,1052501632,300846703,1,233091-1-2-103,
TX001,310086,ID002,101,3138A-3139A-9999A,115,1052501632,300846705,1,233091-1-2-103,
TX001,310086,ID002,101,3138A-3139A-9999A,115,1052501632,300846706,1,233091-1-2-103,
TX001,310086,ID002,101,3138A-3139A-9999A,115,1052501632,300846707,1,233091-1-2-103,
TX001,310086,ID002,101,3138A-3139A-9999A,115,1052501633,300846752,1,233091-1-2-103,
TX001,310086,ID002,101,3138A-3139A-9999A,115,1052501633,300846759,1,233091-1-2-103,
TX001,310086,ID002,101,3138A-3139A-9999A,115,1052501633,300846761,1,233091-1-2-103,
TX001,310086,ID002,101,3138A-3139A-9999A,115,1052501633,300846762,1,233091-1-2-103,
TX001,310086,ID002,101,3138A-3139A-9999A,115,1052501633,300846763,1,233091-1-2-103,
TX001,310086,ID002,101,3138A-3139A-9999A,115,1052501633,300846764,1,233091-1-2-103,
TX001,310086,ID002,101,3138A-3139A-9999A,115,1052501633,300846765,1,233091-1-2-103,
TX001,310086,ID002,101,3138A-3139A-9999A,115,1052501633,300848644,1,233091-1-2-103,
TX001,310086,ID002,101,3138A-3139A-9999A,115,1052501634,300848089,1,233091-1-2-103,
TX001,310086,ID002,101,3138A-3139A-9999A,115,1052501634,300848090,1,"",
TX001,310086,ID002,101,3138A-3139A-9999A,109,1052502231,300856121,1,"",
TX001,310086,ID002,101,3138A-3139A-9999A,109,1052502231,300856122,1,"",
TX001,310086,ID002,101,3138A-3139A-9999A,109,1052502231,300856129,1,"",
TX001,310086,ID002,101,3138A-3139A-9999A,109,1052502231,300856130,1,"",
TX001,310086,ID002,101,3138A-3139A-9999A,109,1052502231,300856131,1,"",
TX001,310086,ID002,101,3138A-3139A-9999A,109,1052502231,300856132,1,"",
TX001,310086,ID002,101,3138A-3139A-9999A,109,1052502231,300856189,1,"",
TX001,310086,ID002,101,3138A-3139A-9999A,109,1052502231,300856192,1,"",
TX001,310086,ID002,101,3138A-3139A-9999A,109,1052502232,300856183,1,"",
TX001,310086,ID002,101,3138A-3139A-9999A,109,1052502232,300856184,1,"",
TX001,310086,ID002,101,3138A-3139A-9999A,109,1052502232,300856193,1,"",
TX001,310086,ID002,101,3138A-3139A-9999A,109,1052502232,300856194,1,"",
TX001,310086,ID002,101,3138A-3139A-9999A,109,1052502232,300856244,1,"",
TX001,310086,ID002,101,3138A-3139A-9999A,109,1052502232,300856249,1,"",
TX001,310086,ID002,101,3138A-3139A-9999A,109,1052502232,300856256,1,"",
TX001,310086,ID002,101,3138A-3139A-9999A,109,1052502232,300856728,1,"",
TX001,310086,ID002,101,3138A-3139A-9999A,109,1052502234,300856324,1,"",
TX001,310086,ID002,101,3138A-3139A-9999A,109,1052502234,300856325,1,"",
TX001,310086,ID002,101,3138A-3139A-9999A,109,1052502234,300856365,1,"",
TX001,310086,ID002,101,3138A-3139A-9999A,109,1052502234,300856371,1,"",
TX001,310086,ID002,101,3138A-3139A-9999A,109,1052502234,300856374,1,"",
TX001,310086,ID002,101,3139A-9999A,114,1052501731,300848945,1,"",
TX001,310086,ID002,101,3139A-9999A,114,1052501731,300848958,1,"",
TX001,310086,ID002,101,3139A-9999A,114,1052501731,300848987,1,"",
TX001,310086,ID002,101,3139A-9999A,114,1052501731,300848990,1,"",
TX001,310086,ID002,101,3139A-9999A,114,1052501731,300849014,1,"",
TX001,310086,ID002,101,3139A-9999A,114,1052501731,300849040,1,"",
TX001,310086,ID002,101,3139A-9999A,114,1052501731,300849041,1,"",
TX001,310086,ID002,101,3139A-9999A,114,1052501731,300849042,1,"",
TX001,310086,ID002,101,3139A-9999A,114,1052501732,300849086,1,"",
TX001,310086,ID002,101,3139A-9999A,114,1052501732,300849087,1,"",
TX001,310086,ID002,101,3139A-9999A,114,1052501732,300849777,1,"",
TX001,310086,ID002,101,3139A-9999A,114,1052501732,300849778,1,"",
WA001,310002,WA001,101,3405A-9999A-9999E,18,1002511302,300983219,1,"",
WA001,310002,WA001,101,3405A-9999A-9999E,18,1002511302,300983237,1,"",
WA001,310002,WA001,101,3405A-9999A-9999E,18,1002511302,300983255,1,"",
WA001,310002,WA001,101,3405A-9999A-9999E,18,1002511302,300983268,1,"",
WA001,310002,WA001,101,3405A-9999A-9999E,18,1002511302,300983286,1,"",
WA001,310002,WA001,101,3405A-9999A-9999E,17,1002511401,300984446,1,"",
WA001,310002,WA001,101,3405A-9999A-9999E,17,1002511401,300984449,1,"",
WA001,310002,WA001,101,3405A-9999A-9999E,17,1002511401,300984602,1,"",
WA001,310002,WA001,101,3405A-9999A-9999E,17,1002511401,300984603,1,"",
WA001,310002,WA001,101,3405A-9999A-9999E,17,1002511401,300984604,1,"",
WA001,310002,WA001,101,3405A-9999A-9999E,12,1002511901,300991732,1,"",
WA001,310002,WA001,101,3405A-9999A-9999E,12,1002511901,300991733,1,"",
WA001,310002,WA001,101,3405A-9999A-9999E,12,1002511901,300991734,1,"",
WA001,310002,WA001,101,3405A-9999A-9999E,12,1002511901,300991735,1,"",
WA001,310002,WA001,101,3405A-9999A-9999E,12,1002511901,300991736,1,"",
WA001,310002,WA001,101,3405A-9999A-9999E,12,1002511901,300991770,1,"",
WA001,310002,WA001,101,3405A-9999A-9999E,12,1002511901,300991772,1,"",
WA001,310002,WA001,101,3405A-9999A-9999E,12,1002511901,300991776,1,"",
WA001,310002,WA001,101,3405A-9999A-9999E,12,1002511903,300991921,1,"",
WA001,310002,WA001,101,3405A-9999A-9999E,12,1002511904,300991927,1,"",
WA001,310002,WA001,101,3405A-9999A-9999E,12,1002511904,300991931,1,"",
WA001,310002,WA001,101,3405A-9999A-9999E,12,1002511904,300991932,1,"",
WA001,310002,WA001,101,3405A-9999A-9999E,12,1002511904,300991933,1,"",
WA001,310002,WA001,101,3405A-9999A-9999E,12,1002511904,300992118,1,"",
WA001,310002,WA001,101,3405A-9999A-9999E,12,1002511904,300992119,1,"",
WA001,310002,WA001,101,3405A-9999A-9999E,12,1002511904,300992120,1,"",
WA001,310002,WA001,101,3405A-9999A-9999E,12,1002511904,300992121,1,"",
WA001,310002,WA001,101,3405A-9999A-9999E,12,1002511905,300992126,1,"",
WA001,310002,WA001,101,3405A-9999A-9999E,12,1002511905,300992127,1,"",
WA001,310002,WA001,101,3405A-9999A-9999E,12,1002511905,300992128,1,"",
WA001,310002,WA001,101,3405A-9999A-9999E,12,1002511905,300992129,1,"",
WA001,310002,WA001,101,3405A-9999A-9999E,12,1002511905,300992408,1,"",
WA001,310002,WA001,101,3405A-9999A-9999E,12,1002511905,300992409,1,"",
WA001,310002,WA001,101,3405A-9999A-9999E,12,1002511905,300992410,1,"",
WA001,310002,WA001,101,3405A-9999A-9999E,12,1002511905,300992411,1,"",
WA001,310002,WA001,102,9999A,103,1002502803,300864224,0,"",
WA001,310002,WA001,102,9999A,75,1002505603,300903921,1,"",
WA001,310002,WA001,102,9999A,73,1002505801,300905709,1,"",
WA001,310002,WA001,102,9999A,57,1002507402,300930059,1,"",
WA001,310002,WA001,102,9999A,14,1002511701,300989178,1,"",
WA001,310002,WA001,102,9999A,14,1002511701,300989179,1,"",
WA001,310002,WA001,102,9999A,14,1002511704,300989300,1,"",
WA001,310002,WA001,102,9999A,14,1002511704,300989301,1,"",
WA001,310002,WA001,102,9999A,14,1002511704,300989302,1,"",
WA001,310002,WA001,102,9999A,14,1002511704,300989304,1,"",
WA001,310002,WA001,102,9999A,14,1002511704,300989367,1,"",
WA001,310002,WA001,102,9999A,14,1002511704,300989368,1,"",
WA001,310002,WA001,102,9999A,14,1002511704,300989369,1,"",
WA001,310002,WA001,102,9999A,14,1002511704,300989370,1,"",
WA001,310002,WA001,102,9999A,14,1002511705,300989371,1,"",
WA001,310002,WA001,102,9999A,14,1002511705,300989372,1,"",
WA001,310002,WA001,102,9999A,14,1002511705,300989373,1,"",
WA001,310002,WA001,102,9999A,14,1002511705,300989374,1,"",
WA001,310002,WA001,102,9999A,14,1002511705,300989439,1,"",
WA001,310002,WA001,102,9999A,14,1002511705,300989440,1,"",
WA001,310002,WA001,102,9999A,14,1002511705,300989441,1,"",
WA001,310002,WA001,102,9999A,14,1002511705,300989458,1,"",
WA001,310002,WA001,102,9999A,11,1002512001,300993659,1,"",
WA001,310002,WA001,102,9999A,11,1002512001,300993691,1,"",
WA001,310002,WA001,102,9999A,10,1002512101,300994864,1,"",
WA001,310002,WA001,102,9999A,10,1002512101,300994865,1,"",
WA001,310002,WA001,102,9999A,10,1002512101,300994883,1,"",
WA001,310002,WA001,102,9999A,10,1002512101,300994886,1,"",
WA001,310002,WA001,102,9999A,10,1002512101,300994894,1,"",
WA001,310002,WA001,102,9999A,10,1002512101,300994911,1,"",
WA001,310015,WA001,101,"",30,1002510101,300966609,0,"",
WA001,310015,WA001,101,"",30,1002510101,300966612,1,"",
WA001,310015,WA001,101,"",30,1002510101,300966613,1,"",
WA001,310015,WA001,101,"",30,1002510101,300966614,1,"",
WA001,310015,WA001,101,"",30,1002510101,300966651,1,"",
WA001,310015,WA001,101,"",30,1002510101,300966652,1,"",
WA001,310015,WA001,101,"",30,1002510101,300966676,1,"",
WA001,310015,WA001,101,"",30,1002510101,300966677,1,"",
WA001,310015,WA001,101,"",30,1002510102,300966678,1,"",
WA001,310015,WA001,101,"",30,1002510102,300966729,1,"",
WA001,310015,WA001,101,"",30,1002510102,300966730,1,"",
WA001,310015,WA001,101,"",30,1002510102,300966731,1,"",
WA001,310015,WA001,101,"",30,1002510102,300966835,0,"",
WA001,310015,WA001,101,"",30,1002510102,300966859,1,"",
WA001,310015,WA001,101,"",30,1002510102,300966860,1,"",
WA001,310015,WA001,101,"",30,1002510102,300966861,1,"",
WA001,310015,WA001,101,3117A-3123A-9999A-9999E,64,1002506705,300919769,1,"",
WA001,310015,WA001,101,3117A-3123A-9999A-9999E,22,1002510908,300978286,1,"",
WA001,310015,WA001,101,3117A-3123A-9999A-9999E,22,1002510908,300978287,1,"",
WA001,310015,WA001,101,3117A-3123A-9999A-9999E,22,1002510908,300978288,1,"",
WA001,310015,WA001,101,3117A-3123A-9999A-9999E,22,1002510908,300978301,1,"",
WA001,310015,WA001,101,3117A-3123A-9999A-9999E,22,1002510908,300978365,1,"",
WA001,310015,WA001,101,3117A-3123A-9999A-9999E,22,1002510908,300978366,1,"",
WA001,310015,WA001,101,3117A-3123A-9999A-9999E,22,1002510908,300978367,1,"",
WA001,310015,WA001,101,3117A-3123A-9999A-9999E,19,1002511201,300981571,1,"",
WA001,310015,WA001,101,3117A-3123A-9999A-9999E,19,1002511201,300981637,1,"",
WA001,310015,WA001,101,3117A-3123A-9999A-9999E,19,1002511201,300981638,1,"",
WA001,310015,WA001,101,3117A-3123A-9999A-9999E,19,1002511201,300981639,1,"",
WA001,310015,WA001,101,3117A-3123A-9999A-9999E,19,1002511201,300981662,1,"",
WA001,310015,WA001,101,3117A-3123A-9999A-9999E,19,1002511201,300981664,1,"",
WA001,310015,WA001,101,3117A-3123A-9999A-9999E,19,1002511201,300981665,1,"",
WA001,310015,WA001,101,3117A-3123A-9999A-9999E,19,1002511201,300981667,1,"",
WA001,310015,WA001,101,3117A-3123A-9999A-9999E,19,1002511202,300981747,1,"",
WA001,310015,WA001,101,3117A-3123A-9999A-9999E,19,1002511202,300981748,1,"",
WA001,310015,WA001,101,3117A-3123A-9999A-9999E,19,1002511202,300981749,1,"",
WA001,310015,WA001,101,3117A-3123A-9999A-9999E,19,1002511202,300981759,1,"",
WA001,310015,WA001,101,3117A-3123A-9999A-9999E,19,1002511202,300981760,1,"",
WA001,310015,WA001,101,3117A-3123A-9999A-9999E,19,1002511202,300981774,1,"",
WA001,310015,WA001,101,3117A-3123A-9999A-9999E,19,1002511202,300981787,1,"",
WA001,310015,WA001,101,3117A-3123A-9999A-9999E,19,1002511202,300981788,1,"",
WA001,310015,WA001,101,3117A-3123A-9999A-9999E,19,1002511203,300981858,1,"",
WA001,310015,WA001,101,3117A-3123A-9999A-9999E,19,1002511203,300981859,1,"",
WA001,310015,WA001,101,3117A-3123A-9999A-9999E,19,1002511203,300981860,1,"",
WA001,310015,WA001,101,3117A-3123A-9999A-9999E,19,1002511203,300981861,1,"",
WA001,310015,WA001,101,3117A-3123A-9999A-9999E,19,1002511203,300981983,1,"",
WA001,310015,WA001,101,3117A-3123A-9999A-9999E,19,1002511203,300981984,1,"",
WA001,310015,WA001,101,3117A-3123A-9999A-9999E,19,1002511203,300981985,1,"",
WA001,310015,WA001,101,3117A-3123A-9999A-9999E,19,1002511203,300981986,1,"",
WA001,310015,WA001,101,3117A-3123A-9999A-9999E,19,1002511204,300982048,1,"",
WA001,310015,WA001,101,3117A-3123A-9999A-9999E,19,1002511204,300982049,1,"",
WA001,310015,WA001,101,3117A-3123A-9999A-9999E,19,1002511204,300982050,1,"",
WA001,310015,WA001,101,3117A-3123A-9999A-9999E,19,1002511204,300982061,1,"",
WA001,310015,WA001,101,3117A-3123A-9999A-9999E,19,1002511204,300982078,1,"",
WA001,310015,WA001,101,3117A-3123A-9999A-9999E,19,1002511204,300982082,1,"",
WA001,310015,WA001,101,3117A-3123A-9999A-9999E,19,1002511204,300982111,1,"",
WA001,310015,WA001,101,3117A-3123A-9999A-9999E,19,1002511204,300982126,1,"",
WA001,310015,WA001,101,3117A-3123A-9999A-9999E,19,1002511205,300982151,1,"",
WA001,310015,WA001,101,3117A-3123A-9999A-9999E,19,1002511205,300982152,1,"",
WA001,310015,WA001,101,3117A-3123A-9999A-9999E,19,1002511205,300982153,1,"",
WA001,310015,WA001,101,3117A-3123A-9999A-9999E,19,1002511205,300982154,1,"",
WA001,310015,WA001,101,3117A-3123A-9999A-9999E,19,1002511205,300982155,1,"",
WA001,310015,WA001,101,3117A-3123A-9999A-9999E,19,1002511205,300982156,1,"",
WA001,310015,WA001,101,3117A-3123A-9999A-9999E,19,1002511205,300982178,1,"",
WA001,310015,WA001,101,3117A-3123A-9999A-9999E,19,1002511205,300982179,1,"",
WA001,310015,WA001,101,3117A-3123A-9999A-9999E,19,1002511206,300982213,1,"",
WA001,310015,WA001,101,3117A-3123A-9999A-9999E,19,1002511206,300982214,1,"",
WA001,310015,WA001,101,3117A-3123A-9999A-9999E,19,1002511206,300982215,1,"",
WA001,310015,WA001,101,3117A-3123A-9999A-9999E,19,1002511206,300982216,1,"",
WA001,310015,WA001,101,3117A-3123A-9999A-9999E,19,1002511206,300982217,1,"",
WA001,310015,WA001,101,3117A-3123A-9999A-9999E,19,1002511206,300982220,1,"",
WA001,310015,WA001,101,3117A-3123A-9999A-9999E,19,1002511206,300982221,1,"",
WA001,310015,WA001,101,3117A-3123A-9999A-9999E,19,1002511206,300982224,1,"",
WA001,310015,WA001,101,3117A-3123A-9999A-9999E,19,1002511207,300982376,1,"",
WA001,310015,WA001,101,3117A-3123A-9999A-9999E,19,1002511207,300982377,1,"",
WA001,310015,WA001,101,3117A-3123A-9999A-9999E,19,1002511207,300982378,1,"",
WA001,310015,WA001,101,3117A-3123A-9999A-9999E,19,1002511207,300982451,1,"",
WA001,310015,WA001,101,3117A-3123A-9999A-9999E,19,1002511207,300982455,1,"",
WA001,310015,WA001,101,3117A-3123A-9999A-9999E,19,1002511207,300982463,1,"",
WA001,310015,WA001,101,3117A-3123A-9999A-9999E,19,1002511207,300982470,1,"",
WA001,310015,WA001,101,3117A-3123A-9999A-9999E,19,1002511207,300982471,1,"",
WA001,310015,WA001,101,3117A-3123A-9999A-9999E,18,1002511305,300983736,1,"",
WA001,310015,WA001,101,3117A-3123A-9999A-9999E,18,1002511305,300983737,1,"",
WA001,310015,WA001,101,3117A-3123A-9999A-9999E,18,1002511305,300983738,1,"",
WA001,310015,WA001,101,3117A-3123A-9999A-9999E,18,1002511305,300983739,1,"",
WA001,310015,WA001,101,3117A-3123A-9999A-9999E,18,1002511305,300983798,1,"",
WA001,310015,WA001,101,3117A-3123A-9999A-9999E,18,1002511305,300983799,1,"",
WA001,310015,WA001,101,3117A-3123A-9999A-9999E,18,1002511305,300983800,1,"",
WA001,310015,WA001,101,3117A-3123A-9999A-9999E,18,1002511305,300983801,1,"",
WA001,310015,WA001,101,3117A-3123A-9999A-9999E,18,1002511306,300983836,1,"",
WA001,310015,WA001,101,3117A-3123A-9999A-9999E,18,1002511306,300983837,1,"",
WA001,310015,WA001,101,3117A-3123A-9999A-9999E,18,1002511306,300983838,1,"",
WA001,310015,WA001,101,3117A-3123A-9999A-9999E,18,1002511306,300983839,1,"",
WA001,310015,WA001,101,3117A-3123A-9999A-9999E,18,1002511306,300983856,1,"",
WA001,310015,WA001,101,3117A-3123A-9999A-9999E,18,1002511306,300983857,1,"",
WA001,310015,WA001,101,3117A-3123A-9999A-9999E,18,1002511306,300983858,1,"",
WA001,310015,WA001,101,3117A-3123A-9999A-9999E,18,1002511306,300983859,1,"",
WA001,310015,WA001,101,3117A-3123A-9999A-9999E,18,1002511307,300983883,1,"",
WA001,310015,WA001,101,3117A-3123A-9999A-9999E,18,1002511307,300983884,1,"",
WA001,310015,WA001,101,3117A-3123A-9999A-9999E,18,1002511307,300983885,1,"",
WA001,310015,WA001,101,3117A-3123A-9999A-9999E,18,1002511307,300983886,1,"",
WA001,310015,WA001,101,3117A-3123A-9999A-9999E,18,1002511307,300983888,1,"",
WA001,310015,WA001,101,3117A-3123A-9999A-9999E,18,1002511307,300983889,1,"",
WA001,310015,WA001,101,3117A-3123A-9999A-9999E,18,1002511307,300983890,1,"",
WA001,310015,WA001,101,3117A-3123A-9999A-9999E,18,1002511307,300983891,1,"",
WA001,310015,WA001,101,3117A-3123A-9999A-9999E,18,1002511308,300983949,1,"",
WA001,310015,WA001,101,3117A-3123A-9999A-9999E,18,1002511308,300983950,1,"",
WA001,310015,WA001,101,3117A-3123A-9999A-9999E,18,1002511308,300983959,1,"",
WA001,310015,WA001,101,3117A-3123A-9999A-9999E,18,1002511308,300983960,1,"",
WA001,310015,WA001,101,3117A-3123A-9999A-9999E,18,1002511308,300983963,1,"",
WA001,310015,WA001,101,3117A-3123A-9999A-9999E,18,1002511308,300983990,1,"",
WA001,310015,WA001,101,3117A-3123A-9999A-9999E,18,1002511308,300983991,1,"",
WA001,310015,WA001,101,3117A-3123A-9999A-9999E,18,1002511308,300983992,1,"",
WA001,310015,WA001,101,3117A-3123A-9999A-9999E,12,1002511901,300991244,1,"",
WA001,310015,WA001,101,3117A-3123A-9999A-9999E,12,1002511901,300991261,1,"",
WA001,310015,WA001,101,3117A-3123A-9999A-9999E,12,1002511901,300991262,1,"",
WA001,310015,WA001,101,3117A-3123A-9999A-9999E,12,1002511901,300991263,1,"",
WA001,310015,WA001,101,3117A-3123A-9999A-9999E,12,1002511901,300991264,1,"",
WA001,310015,WA001,101,3117A-3123A-9999A-9999E,12,1002511901,300991265,1,"",
WA001,310015,WA001,101,3117A-3123A-9999A-9999E,12,1002511901,300991266,1,"",
WA001,310015,WA001,101,3117A-3123A-9999A-9999E,12,1002511901,300991283,1,"",
WA001,310015,WA001,101,3117A-3123A-9999A-9999E,12,1002511902,300991328,1,"",
WA001,310015,WA001,101,3117A-3123A-9999A-9999E,12,1002511902,300991364,1,"",
WA001,310015,WA001,101,3117A-3123A-9999A-9999E,12,1002511902,300991368,1,"",
WA001,310015,WA001,101,3117A-3123A-9999A-9999E,12,1002511902,300991387,1,"",
WA001,310015,WA001,101,3117A-3123A-9999A-9999E,12,1002511902,300991403,1,"",
WA001,310015,WA001,101,3117A-3123A-9999A-9999E,12,1002511902,300991407,1,"",
WA001,310015,WA001,101,3117A-3123A-9999A-9999E,12,1002511902,300991416,1,"",
WA001,310015,WA001,101,3117A-3123A-9999A-9999E,12,1002511902,300991439,1,"",
WA001,310015,WA001,101,3117A-3123A-9999A-9999E,12,1002511903,300991460,1,"",
WA001,310015,WA001,101,3117A-3123A-9999A-9999E,12,1002511903,300991461,1,"",
WA001,310015,WA001,101,3117A-3123A-9999A-9999E,12,1002511903,300991462,1,"",
WA001,310015,WA001,101,3117A-3123A-9999A-9999E,12,1002511903,300991463,1,"",
WA001,310015,WA001,101,3117A-3123A-9999A-9999E,12,1002511903,300991545,1,"",
WA001,310015,WA001,101,3117A-3123A-9999A-9999E,12,1002511903,300991546,1,"",
WA001,310015,WA001,101,3117A-3123A-9999A-9999E,12,1002511903,300991547,1,"",
WA001,310015,WA001,101,3117A-3123A-9999A-9999E,12,1002511903,300991548,1,"",
WA001,310015,WA001,101,3117A-3123A-9999A-9999E,12,1002511904,300991593,1,"",
WA001,310015,WA001,101,3117A-3123A-9999A-9999E,12,1002511904,300991619,1,"",
WA001,310015,WA001,101,3117A-3123A-9999A-9999E,12,1002511904,300991631,1,"",
WA001,310015,WA001,101,3117A-3123A-9999A-9999E,12,1002511904,300991633,1,"",
WA001,310015,WA001,101,3117A-3123A-9999A-9999E,12,1002511904,300991643,1,"",
WA001,310015,WA001,101,3117A-3123A-9999A-9999E,12,1002511904,300991656,1,"",
WA001,310015,WA001,101,3117A-3123A-9999A-9999E,12,1002511904,300991657,1,"",
WA001,310015,WA001,101,3117A-3123A-9999A-9999E,12,1002511904,300991675,1,"",
WA001,310015,WA001,101,9999A-9999E,20,1002509005,300951764,1,"",
WA001,310015,WA001,101,9999A-9999E,40,1002509109,300953632,1,"",
WA001,310015,WA001,101,9999A-9999E,40,1002509110,300953719,1,"",
WA001,310015,WA001,101,9999A-9999E,40,1002509110,300953720,1,"",
WA001,310015,WA001,101,9999A-9999E,40,1002509110,300953721,1,"",
WA001,310015,WA001,101,9999A-9999E,40,1002509110,300953722,1,"",
WA001,310015,WA001,101,9999A-9999E,39,1002509211,300955338,1,"",
WA001,310015,WA001,101,9999A-9999E,38,1002509301,300955348,0,"",
WA001,310015,WA001,101,9999A-9999E,38,1002509301,300955355,1,"",
WA001,310015,WA001,101,9999A-9999E,38,1002509301,300955381,1,"",
WA001,310015,WA001,101,9999A-9999E,38,1002509301,300955382,1,"",
WA001,310015,WA001,101,9999A-9999E,38,1002509301,300955383,1,"",
WA001,310015,WA001,101,9999A-9999E,38,1002509301,300955412,1,"",
WA001,310015,WA001,101,9999A-9999E,31,1002510006,300965630,1,"",
WA001,310015,WA001,101,9999A-9999E,31,1002510007,300965730,1,"",
WA001,310015,WA001,101,9999A-9999E,31,1002510008,300965834,1,"",
WA001,310015,WA001,101,9999A-9999E,30,1002510103,300966884,1,"",
WA001,310015,WA001,101,9999A-9999E,30,1002510103,300966885,1,"",
WA001,310015,WA001,101,9999A-9999E,30,1002510103,300966907,1,"",
WA001,310015,WA001,101,9999A-9999E,30,1002510103,300966921,1,"",
WA001,310015,WA001,101,9999A-9999E,30,1002510103,300966943,1,"",
WA001,310015,WA001,101,9999A-9999E,30,1002510103,300966958,1,"",
WA001,310015,WA001,101,9999A-9999E,30,1002510103,300966971,1,"",
WA001,310015,WA001,101,9999A-9999E,30,1002510103,300966972,1,"",
WA001,310015,WA001,101,9999A-9999E,30,1002510104,300967013,1,"",
WA001,310015,WA001,101,9999A-9999E,30,1002510104,300967014,1,"",
WA001,310015,WA001,101,9999A-9999E,30,1002510104,300967015,1,"",
WA001,310015,WA001,101,9999A-9999E,30,1002510104,300967017,1,"",
WA001,310015,WA001,101,9999A-9999E,30,1002510104,300967035,1,"",
WA001,310015,WA001,101,9999A-9999E,30,1002510104,300967036,1,"",
WA001,310015,WA001,101,9999A-9999E,30,1002510104,300967037,1,"",
WA001,310015,WA001,101,9999A-9999E,30,1002510104,300967038,1,"",
WA001,310015,WA001,101,9999A-9999E,30,1002510105,300967065,1,"",
WA001,310015,WA001,101,9999A-9999E,28,1002510305,300970469,1,"",
WA001,310015,WA001,101,9999A-9999E,28,1002510306,300970596,1,"",
WA001,310015,WA001,101,9999A-9999E,28,1002510306,300970597,1,"",
WA001,310015,WA001,101,9999A-9999E,28,1002510306,300970598,1,"",
WA001,310015,WA001,101,9999A-9999E,28,1002510306,300970599,1,"",
WA001,310015,WA001,101,9999A-9999E,28,1002510306,300970618,1,"",
WA001,310015,WA001,101,9999A-9999E,28,1002510306,300970619,1,"",
WA001,310015,WA001,101,9999A-9999E,28,1002510306,300970620,1,"",
WA001,310015,WA001,101,9999A-9999E,28,1002510306,300970621,1,"",
WA001,310015,WA001,101,9999A-9999E,27,1002510401,300971546,1,"",
WA001,310015,WA001,101,9999A-9999E,27,1002510401,300971547,1,"",
WA001,310015,WA001,101,9999A-9999E,27,1002510401,300971548,1,"",
WA001,310015,WA001,101,9999A-9999E,27,1002510401,300971558,1,"",
WA001,310015,WA001,101,9999A-9999E,27,1002510401,300971559,1,"",
WA001,310015,WA001,101,9999A-9999E,27,1002510401,300971560,1,"",
WA001,310015,WA001,101,9999A-9999E,27,1002510401,300971573,1,"",
WA001,310015,WA001,101,9999A-9999E,27,1002510405,300972014,1,"",
WA001,310015,WA001,101,9999A-9999E,27,1002510405,300972015,1,"",
WA001,310015,WA001,101,9999A-9999E,27,1002510405,300972016,1,"",
WA001,310015,WA001,101,9999A-9999E,27,1002510405,300972064,1,"",
WA001,310015,WA001,101,9999A-9999E,27,1002510405,300972065,1,"",
WA001,310015,WA001,101,9999A-9999E,27,1002510405,300972066,1,"",
WA001,310015,WA001,101,9999A-9999E,27,1002510405,300972067,1,"",
WA001,310015,WA001,101,9999A-9999E,26,1002510501,300972361,1,"",
WA001,310015,WA001,101,9999A-9999E,26,1002510501,300972362,1,"",
WA001,310015,WA001,101,9999A-9999E,26,1002510501,300972363,1,"",
WA001,310015,WA001,101,9999A-9999E,26,1002510501,300972364,1,"",
WA001,310015,WA001,101,9999A-9999E,26,1002510501,300972369,1,"",
WA001,310015,WA001,101,9999A-9999E,26,1002510503,300972519,1,"",
WA001,310015,WA001,101,9999A-9999E,26,1002510503,300972520,1,"",
WA001,310015,WA001,101,9999A-9999E,26,1002510503,300972522,1,"",
WA001,310015,WA001,101,9999A-9999E,26,1002510503,300972528,1,"",
WA001,310015,WA001,101,9999A-9999E,26,1002510503,300972535,1,"",
WA001,310015,WA001,101,9999A-9999E,26,1002510503,300972541,1,"",
WA001,310015,WA001,101,9999A-9999E,24,1002510701,300974697,1,"",
WA001,310015,WA001,101,9999A-9999E,24,1002510701,300974701,1,"",
WA001,310015,WA001,101,9999A-9999E,24,1002510701,300974702,1,"",
WA001,310015,WA001,101,9999A-9999E,24,1002510701,300974751,1,"",
WA001,310015,WA001,101,9999A-9999E,24,1002510701,300974752,1,"",
WA001,310015,WA001,101,9999A-9999E,24,1002510701,300974763,1,"",
WA001,310015,WA001,101,9999A-9999E,24,1002510701,300974764,1,"",
WA001,310015,WA001,101,9999A-9999E,24,1002510701,300974765,1,"",
WA001,310015,WA001,101,9999A-9999E,24,1002510702,300974766,1,"",
WA001,310015,WA001,101,9999A-9999E,24,1002510702,300974821,1,"",
WA001,310015,WA001,101,9999A-9999E,24,1002510702,300974822,1,"",
WA001,310015,WA001,101,9999A-9999E,24,1002510705,300975381,1,"",
WA001,310015,WA001,101,9999A-9999E,24,1002510705,300975382,1,"",
WA001,310015,WA001,101,9999A-9999E,24,1002510705,300975401,1,"",
WA001,310015,WA001,101,9999A-9999E,24,1002510706,300975402,1,"",
WA001,310015,WA001,101,9999A-9999E,24,1002510706,300975427,1,"",
WA001,310015,WA001,101,9999A-9999E,24,1002510706,300975428,1,"",
WA001,310015,WA001,101,9999A-9999E,24,1002510706,300975433,1,"",
WA001,310015,WA001,101,9999A-9999E,24,1002510706,300975443,1,"",
WA001,310015,WA001,101,9999A-9999E,24,1002510706,300975448,1,"",
WA001,310015,WA001,101,9999A-9999E,24,1002510706,300975449,1,"",
WA001,310015,WA001,101,9999A-9999E,24,1002510706,300975450,1,"",
WA001,310015,WA001,101,9999A-9999E,24,1002510707,300975507,1,"",
WA001,310015,WA001,101,9999A-9999E,24,1002510707,300975508,1,"",
WA001,310015,WA001,101,9999A-9999E,24,1002510707,300975509,1,"",
WA001,310015,WA001,101,9999A-9999E,24,1002510707,300975510,1,"",
WA001,310015,WA001,101,9999A-9999E,24,1002510707,300975568,1,"",
WA001,310015,WA001,101,9999A-9999E,24,1002510707,300975569,1,"",
WA001,310015,WA001,101,9999A-9999E,24,1002510707,300975570,1,"",
WA001,310015,WA001,101,9999A-9999E,24,1002510707,300975571,1,"",
WA001,310015,WA001,101,9999A-9999E,24,1002510708,300975671,1,"",
WA001,310015,WA001,101,9999A-9999E,24,1002510708,300975672,1,"",
WA001,310015,WA001,101,9999A-9999E,23,1002510801,300975927,1,"",
WA001,310015,WA001,101,9999A-9999E,23,1002510801,300975998,1,"",
WA001,310015,WA001,101,9999A-9999E,23,1002510801,300975999,1,"",
WA001,310015,WA001,101,9999A-9999E,23,1002510801,300976015,1,"",
WA001,310015,WA001,101,9999A-9999E,22,1002510901,300977455,1,"",
WA001,310015,WA001,101,9999A-9999E,22,1002510901,300977456,1,"",
WA001,310015,WA001,101,9999A-9999E,22,1002510901,300977457,1,"",
WA001,310015,WA001,101,9999A-9999E,22,1002510901,300977458,1,"",
WA001,310015,WA001,101,9999A-9999E,22,1002510901,300977465,1,"",
WA001,310015,WA001,101,9999A-9999E,22,1002510901,300977466,1,"",
WA001,310015,WA001,101,9999A-9999E,22,1002510901,300977468,1,"",
WA001,310015,WA001,101,9999A-9999E,22,1002510901,300977469,1,"",
WA001,310015,WA001,101,9999A-9999E,22,1002510902,300977531,1,"",
WA001,310015,WA001,101,9999A-9999E,22,1002510902,300977532,1,"",
WA001,310015,WA001,101,9999A-9999E,22,1002510902,300977533,1,"",
WA001,310015,WA001,101,9999A-9999E,22,1002510902,300977628,1,"",
WA001,310015,WA001,101,9999A-9999E,22,1002510902,300977638,1,"",
WA001,310015,WA001,101,9999A-9999E,22,1002510902,300977656,1,"",
WA001,310015,WA001,101,9999A-9999E,22,1002510902,300977657,1,"",
WA001,310015,WA001,101,9999A-9999E,22,1002510902,300977658,1,"",
WA001,310015,WA001,101,9999A-9999E,22,1002510903,300977659,1,"",
WA001,310015,WA001,101,9999A-9999E,22,1002510903,300977660,1,"",
WA001,310015,WA001,101,9999A-9999E,22,1002510903,300977770,1,"",
WA001,310015,WA001,101,9999A-9999E,22,1002510903,300977771,1,"",
WA001,310015,WA001,101,9999A-9999E,22,1002510903,300977893,1,"",
WA001,310015,WA001,101,9999A-9999E,22,1002510903,300977894,1,"",
WA001,310015,WA001,101,9999A-9999E,22,1002510903,300977895,1,"",
WA001,310015,WA001,101,9999A-9999E,22,1002510903,300977896,1,"",
WA001,310015,WA001,101,9999A-9999E,22,1002510904,300977925,1,"",
WA001,310015,WA001,101,9999A-9999E,22,1002510904,300977926,1,"",
WA001,310015,WA001,101,9999A-9999E,22,1002510904,300977927,1,"",
WA001,310015,WA001,101,9999A-9999E,22,1002510904,300977966,1,"",
WA001,310015,WA001,101,9999A-9999E,22,1002510904,300977967,1,"",
WA001,310015,WA001,101,9999A-9999E,22,1002510904,300977985,1,"",
WA001,310015,WA001,101,9999A-9999E,22,1002510904,300977986,1,"",
WA001,310015,WA001,101,9999A-9999E,22,1002510904,300977987,1,"",
WA001,310015,WA001,101,9999A-9999E,22,1002510905,300978096,1,"",
WA001,310015,WA001,101,9999A-9999E,22,1002510905,300978097,1,"",
WA001,310015,WA001,101,9999A-9999E,22,1002510905,300978098,1,"",
WA001,310015,WA001,101,9999A-9999E,22,1002510905,300978106,1,"",
WA001,310015,WA001,101,9999A-9999E,22,1002510905,300978114,1,"",
WA001,310015,WA001,101,9999A-9999E,22,1002510905,300978136,1,"",
WA001,310015,WA001,101,9999A-9999E,22,1002510905,300978152,1,"",
WA001,310015,WA001,101,9999A-9999E,22,1002510905,300978154,1,"",
WA001,310015,WA001,101,9999A-9999E,22,1002510906,300978164,1,"",
WA001,310015,WA001,101,9999A-9999E,22,1002510906,300978165,1,"",
WA001,310015,WA001,101,9999A-9999E,22,1002510906,300978167,1,"",
WA001,310015,WA001,101,9999A-9999E,22,1002510906,300978189,1,"",
WA001,310015,WA001,101,9999A-9999E,22,1002510906,300978190,1,"",
WA001,310015,WA001,101,9999A-9999E,22,1002510906,300978191,1,"",
WA001,310015,WA001,101,9999A-9999E,22,1002510906,300978192,1,"",
WA001,310015,WA001,101,9999A-9999E,22,1002510906,300978193,1,"",
WA001,310015,WA001,101,9999A-9999E,22,1002510907,300978237,1,"",
WA001,310015,WA001,101,9999A-9999E,22,1002510907,300978238,1,"",
WA001,310015,WA001,101,9999A-9999E,22,1002510907,300978239,1,"",
WA001,310015,WA001,101,9999A-9999E,22,1002510907,300978240,1,"",
WA001,310015,WA001,101,9999A-9999E,22,1002510907,300978241,1,"",
WA001,310015,WA001,101,9999A-9999E,22,1002510907,300978246,1,"",
WA001,310015,WA001,101,9999A-9999E,22,1002510907,300978255,1,"",
WA001,310015,WA001,101,9999A-9999E,22,1002510907,300978285,1,"",
WA001,310015,WA001,101,9999A-9999E,21,1002511001,300979167,0,"",
WA001,310015,WA001,101,9999A-9999E,21,1002511001,300979274,1,"",
WA001,310015,WA001,101,9999A-9999E,21,1002511001,300979294,1,"",
WA001,310015,WA001,101,9999A-9999E,21,1002511001,300979295,1,"",
WA001,310015,WA001,101,9999A-9999E,21,1002511001,300979296,1,"",
WA001,310015,WA001,101,9999A-9999E,21,1002511001,300979307,1,"",
WA001,310015,WA001,101,9999A-9999E,21,1002511001,300979315,1,"",
WA001,310015,WA001,101,9999A-9999E,21,1002511001,300979316,1,"",
WA001,310015,WA001,101,9999A-9999E,21,1002511002,300979317,1,"",
WA001,310015,WA001,101,9999A-9999E,21,1002511002,300979357,1,"",
WA001,310015,WA001,101,9999A-9999E,21,1002511002,300979358,1,"",
WA001,310015,WA001,101,9999A-9999E,21,1002511002,300979359,1,"",
WA001,310015,WA001,101,9999A-9999E,21,1002511002,300979360,1,"",
WA001,310015,WA001,101,9999A-9999E,21,1002511002,300979361,1,"",
WA001,310015,WA001,101,9999A-9999E,21,1002511002,300979384,1,"",
WA001,310015,WA001,101,9999A-9999E,21,1002511002,300979386,1,"",
WA001,310015,WA001,101,9999A-9999E,21,1002511003,300979399,1,"",
WA001,310015,WA001,101,9999A-9999E,21,1002511003,300979436,1,"",
WA001,310015,WA001,101,9999A-9999E,21,1002511003,300979437,1,"",
WA001,310015,WA001,101,9999A-9999E,21,1002511003,300979438,1,"",
WA001,310015,WA001,101,9999A-9999E,21,1002511003,300979439,1,"",
WA001,310015,WA001,101,9999A-9999E,21,1002511003,300979440,1,"",
WA001,310015,WA001,101,9999A-9999E,21,1002511003,300979441,1,"",
WA001,310015,WA001,101,9999A-9999E,21,1002511003,300979442,1,"",
WA001,310015,WA001,101,9999A-9999E,21,1002511004,300979463,1,"",
WA001,310015,WA001,101,9999A-9999E,21,1002511004,300979464,1,"",
WA001,310015,WA001,101,9999A-9999E,21,1002511004,300979465,1,"",
WA001,310015,WA001,101,9999A-9999E,21,1002511004,300979466,1,"",
WA001,310015,WA001,101,9999A-9999E,21,1002511004,300979480,1,"",
WA001,310015,WA001,101,9999A-9999E,21,1002511004,300979481,1,"",
WA001,310015,WA001,101,9999A-9999E,21,1002511004,300979486,1,"",
WA001,310015,WA001,101,9999A-9999E,21,1002511004,300979487,1,"",
WA001,310015,WA001,101,9999A-9999E,21,1002511005,300979511,1,"",
WA001,310015,WA001,101,9999A-9999E,21,1002511005,300979512,1,"",
WA001,310015,WA001,101,9999A-9999E,21,1002511005,300979513,1,"",
WA001,310015,WA001,101,9999A-9999E,21,1002511005,300979514,1,"",
WA001,310015,WA001,101,9999A-9999E,21,1002511005,300979571,1,"",
WA001,310015,WA001,101,9999A-9999E,21,1002511005,300979572,1,"",
WA001,310015,WA001,101,9999A-9999E,21,1002511005,300979573,1,"",
WA001,310015,WA001,101,9999A-9999E,21,1002511005,300979574,1,"",
WA001,310015,WA001,101,9999A-9999E,21,1002511006,300979593,1,"",
WA001,310015,WA001,101,9999A-9999E,21,1002511006,300979594,1,"",
WA001,310015,WA001,101,9999A-9999E,21,1002511006,300979595,1,"",
WA001,310015,WA001,101,9999A-9999E,21,1002511006,300979596,1,"",
WA001,310015,WA001,101,9999A-9999E,21,1002511006,300979754,1,"",
WA001,310015,WA001,101,9999A-9999E,21,1002511006,300979765,1,"",
WA001,310015,WA001,101,9999A-9999E,20,1002511101,300980172,1,"",
WA001,310015,WA001,101,9999A-9999E,20,1002511101,300980173,1,"",
WA001,310015,WA001,101,9999A-9999E,20,1002511101,300980174,1,"",
WA001,310015,WA001,101,9999A-9999E,20,1002511101,300980175,1,"",
WA001,310015,WA001,101,9999A-9999E,20,1002511101,300980217,1,"",
WA001,310015,WA001,101,9999A-9999E,20,1002511101,300980218,1,"",
WA001,310015,WA001,101,9999A-9999E,20,1002511101,300980219,1,"",
WA001,310015,WA001,101,9999A-9999E,20,1002511101,300980220,1,"",
WA001,310015,WA001,101,9999A-9999E,20,1002511102,300980257,1,"",
WA001,310015,WA001,101,9999A-9999E,20,1002511102,300980276,1,"",
WA001,310015,WA001,101,9999A-9999E,20,1002511102,300980277,1,"",
WA001,310015,WA001,101,9999A-9999E,20,1002511102,300980301,1,"",
WA001,310015,WA001,101,9999A-9999E,20,1002511102,300980315,1,"",
WA001,310015,WA001,101,9999A-9999E,20,1002511102,300980335,1,"",
WA001,310015,WA001,101,9999A-9999E,20,1002511102,300980380,1,"",
WA001,310015,WA001,101,9999A-9999E,20,1002511102,300980385,0,"",
WA001,310015,WA001,101,9999A-9999E,18,1002511301,300983293,1,"",
WA001,310015,WA001,101,9999A-9999E,18,1002511301,300983294,1,"",
WA001,310015,WA001,101,9999A-9999E,18,1002511301,300983347,1,"",
WA001,310015,WA001,101,9999A-9999E,18,1002511301,300983348,1,"",
WA001,310015,WA001,101,9999A-9999E,18,1002511301,300983349,1,"",
WA001,310015,WA001,101,9999A-9999E,18,1002511301,300983378,1,"",
WA001,310015,WA001,101,9999A-9999E,18,1002511301,300983379,1,"",
WA001,310015,WA001,101,9999A-9999E,18,1002511301,300983383,1,"",
WA001,310015,WA001,101,9999A-9999E,18,1002511302,300983384,1,"",
WA001,310015,WA001,101,9999A-9999E,18,1002511302,300983385,1,"",
WA001,310015,WA001,101,9999A-9999E,18,1002511302,300983432,1,"",
WA001,310015,WA001,101,9999A-9999E,18,1002511302,300983434,1,"",
WA001,310015,WA001,101,9999A-9999E,18,1002511302,300983472,1,"",
WA001,310015,WA001,101,9999A-9999E,18,1002511302,300983544,1,"",
WA001,310015,WA001,101,9999A-9999E,18,1002511302,300983551,1,"",
WA001,310015,WA001,101,9999A-9999E,18,1002511302,300983552,1,"",
WA001,310015,WA001,101,9999A-9999E,18,1002511303,300983553,1,"",
WA001,310015,WA001,101,9999A-9999E,18,1002511303,300983554,1,"",
WA001,310015,WA001,101,9999A-9999E,18,1002511303,300983603,1,"",
WA001,310015,WA001,101,9999A-9999E,18,1002511303,300983608,1,"",
WA001,310015,WA001,101,9999A-9999E,18,1002511303,300983651,1,"",
WA001,310015,WA001,101,9999A-9999E,18,1002511303,300983653,1,"",
WA001,310015,WA001,101,9999A-9999E,18,1002511303,300983656,1,"",
WA001,310015,WA001,101,9999A-9999E,18,1002511303,300983660,1,"",
WA001,310015,WA001,101,9999A-9999E,18,1002511304,300983661,1,"",
WA001,310015,WA001,101,9999A-9999E,18,1002511304,300983662,1,"",
WA001,310015,WA001,101,9999A-9999E,18,1002511304,300983663,1,"",
WA001,310015,WA001,101,9999A-9999E,18,1002511304,300983664,1,"",
WA001,310015,WA001,101,9999A-9999E,18,1002511304,300983665,1,"",
WA001,310015,WA001,101,9999A-9999E,18,1002511304,300983667,1,"",
WA001,310015,WA001,101,9999A-9999E,18,1002511304,300983668,1,"",
WA001,310015,WA001,101,9999A-9999E,18,1002511304,300983669,1,"",
WA001,310015,WA001,101,9999A-9999E,17,1002511401,300984182,1,"",
WA001,310015,WA001,101,9999A-9999E,17,1002511401,300984183,1,"",
WA001,310015,WA001,101,9999A-9999E,17,1002511401,300984184,1,"",
WA001,310015,WA001,101,9999A-9999E,17,1002511401,300984185,1,"",
WA001,310015,WA001,101,9999A-9999E,17,1002511401,300984186,1,"",
WA001,310015,WA001,101,9999A-9999E,17,1002511401,300984187,1,"",
WA001,310015,WA001,101,9999A-9999E,17,1002511401,300984188,1,"",
WA001,310015,WA001,101,9999A-9999E,17,1002511401,300984189,1,"",
WA001,310015,WA001,101,9999A-9999E,17,1002511402,300984269,1,"",
WA001,310015,WA001,101,9999A-9999E,17,1002511402,300984271,1,"",
WA001,310015,WA001,101,9999A-9999E,17,1002511402,300984272,1,"",
WA001,310015,WA001,101,9999A-9999E,17,1002511402,300984273,1,"",
WA001,310015,WA001,101,9999A-9999E,17,1002511402,300984372,1,"",
WA001,310015,WA001,101,9999A-9999E,17,1002511402,300984373,1,"",
WA001,310015,WA001,101,9999A-9999E,17,1002511402,300984374,1,"",
WA001,310015,WA001,101,9999A-9999E,17,1002511402,300984375,1,"",
WA001,310015,WA001,101,9999A-9999E,16,1002511501,300985785,1,"",
WA001,310015,WA001,101,9999A-9999E,16,1002511501,300985866,1,"",
WA001,310015,WA001,101,9999A-9999E,16,1002511501,300985867,1,"",
WA001,310015,WA001,101,9999A-9999E,16,1002511501,300985868,1,"",
WA001,310015,WA001,101,9999A-9999E,16,1002511501,300985903,1,"",
WA001,310015,WA001,101,9999A-9999E,16,1002511501,300985904,1,"",
WA001,310015,WA001,101,9999A-9999E,16,1002511501,300985905,1,"",
WA001,310015,WA001,101,9999A-9999E,16,1002511501,300985906,1,"",
WA001,310015,WA001,101,9999A-9999E,16,1002511502,300985955,1,"",
WA001,310015,WA001,101,9999A-9999E,16,1002511502,300985956,1,"",
WA001,310015,WA001,101,9999A-9999E,16,1002511502,300985957,1,"",
WA001,310015,WA001,101,9999A-9999E,16,1002511502,300986008,1,"",
WA001,310015,WA001,101,9999A-9999E,16,1002511502,300986009,1,"",
WA001,310015,WA001,101,9999A-9999E,16,1002511502,300986010,1,"",
WA001,310015,WA001,101,9999A-9999E,16,1002511502,300986036,1,"",
WA001,310015,WA001,101,9999A-9999E,16,1002511502,300986037,1,"",
WA001,310015,WA001,101,9999A-9999E,16,1002511503,300986063,1,"",
WA001,310015,WA001,101,9999A-9999E,16,1002511503,300986100,1,"",
WA001,310015,WA001,101,9999A-9999E,16,1002511503,300986101,1,"",
WA001,310015,WA001,101,9999A-9999E,16,1002511503,300986102,1,"",
WA001,310015,WA001,101,9999A-9999E,16,1002511503,300986301,1,"",
WA001,310015,WA001,101,9999A-9999E,16,1002511503,300986325,1,"",
WA001,310015,WA001,101,9999A-9999E,16,1002511503,300986327,1,"",
WA001,310015,WA001,101,9999A-9999E,16,1002511503,300986352,1,"",
WA001,310015,WA001,101,9999A-9999E,16,1002511504,300986394,1,"",
WA001,310015,WA001,101,9999A-9999E,16,1002511504,300986410,1,"",
WA001,310015,WA001,101,9999A-9999E,16,1002511504,300986423,1,"",
WA001,310015,WA001,101,9999A-9999E,16,1002511504,300986432,0,"",
WA001,310015,WA001,101,9999A-9999E,16,1002511504,300986440,1,"",
WA001,310015,WA001,101,9999A-9999E,16,1002511504,300986441,1,"",
WA001,310015,WA001,101,9999A-9999E,16,1002511504,300986442,1,"",
WA001,310015,WA001,101,9999A-9999E,16,1002511504,300986443,1,"",
WA001,310015,WA001,101,9999A-9999E,16,1002511505,300986514,1,"",
WA001,310015,WA001,101,9999A-9999E,16,1002511505,300986515,1,"",
WA001,310015,WA001,101,9999A-9999E,16,1002511505,300986516,1,"",
WA001,310015,WA001,101,9999A-9999E,16,1002511505,300986517,1,"",
WA001,310015,WA001,101,9999A-9999E,16,1002511505,300986518,1,"",
WA001,310015,WA001,101,9999A-9999E,16,1002511505,300986519,1,"",
WA001,310015,WA001,101,9999A-9999E,16,1002511505,300986584,1,"",
WA001,310015,WA001,101,9999A-9999E,16,1002511505,300986585,1,"",
WA001,310015,WA001,101,9999A-9999E,16,1002511506,300986634,1,"",
WA001,310015,WA001,101,9999A-9999E,16,1002511506,300986635,1,"",
WA001,310015,WA001,101,9999A-9999E,16,1002511506,300986636,1,"",
WA001,310015,WA001,101,9999A-9999E,16,1002511506,300986663,1,"",
WA001,310015,WA001,101,9999A-9999E,16,1002511506,300986664,1,"",
WA001,310015,WA001,101,9999A-9999E,16,1002511506,300986679,1,"",
WA001,310015,WA001,101,9999A-9999E,16,1002511506,300986697,1,"",
WA001,310015,WA001,101,9999A-9999E,16,1002511506,300986698,1,"",
WA001,310015,WA001,101,9999A-9999E,16,1002511507,300986750,1,"",
WA001,310015,WA001,101,9999A-9999E,16,1002511507,300986751,1,"",
WA001,310015,WA001,101,9999A-9999E,16,1002511507,300986766,1,"",
WA001,310015,WA001,101,9999A-9999E,16,1002511507,300986767,1,"",
WA001,310015,WA001,101,9999A-9999E,15,1002511601,300988287,1,"",
WA001,310015,WA001,101,9999A-9999E,15,1002511601,300988290,1,"",
WA001,310015,WA001,101,9999A-9999E,15,1002511601,300988292,1,"",
WA001,310015,WA001,101,9999A-9999E,15,1002511601,300988293,1,"",
WA001,310015,WA001,101,9999A-9999E,15,1002511601,300988316,1,"",
WA001,310015,WA001,101,9999A-9999E,15,1002511601,300988317,1,"",
WA001,310015,WA001,101,9999A-9999E,15,1002511601,300988348,1,"",
WA001,310015,WA001,101,9999A-9999E,15,1002511601,300988349,1,"",
WA001,310015,WA001,101,9999A-9999E,15,1002511602,300988356,1,"",
WA001,310015,WA001,101,9999A-9999E,15,1002511602,300988364,1,"",
WA001,310015,WA001,101,9999A-9999E,15,1002511602,300988368,1,"",
WA001,310015,WA001,101,9999A-9999E,14,1002511701,300988612,1,"",
WA001,310015,WA001,101,9999A-9999E,14,1002511701,300988613,1,"",
WA001,310015,WA001,101,9999A-9999E,14,1002511701,300988615,1,"",
WA001,310015,WA001,101,9999A-9999E,14,1002511701,300988631,1,"",
WA001,310015,WA001,101,9999A-9999E,14,1002511701,300988632,1,"",
WA001,310015,WA001,101,9999A-9999E,14,1002511701,300988655,1,"",
WA001,310015,WA001,101,9999A-9999E,14,1002511701,300988656,1,"",
WA001,310015,WA001,101,9999A-9999E,14,1002511701,300988657,1,"",
WA001,310015,WA001,101,9999A-9999E,14,1002511702,300988658,1,"",
WA001,310015,WA001,101,9999A-9999E,14,1002511702,300988659,1,"",
WA001,310015,WA001,101,9999A-9999E,14,1002511702,300988742,1,"",
WA001,310015,WA001,101,9999A-9999E,14,1002511702,300988743,1,"",
WA001,310015,WA001,101,9999A-9999E,14,1002511702,300988744,1,"",
WA001,310015,WA001,101,9999A-9999E,14,1002511702,300988756,1,"",
WA001,310015,WA001,101,9999A-9999E,14,1002511702,300988757,1,"",
WA001,310015,WA001,101,9999A-9999E,14,1002511702,300988763,1,"",
WA001,310015,WA001,101,9999A-9999E,14,1002511703,300988764,1,"",
WA001,310015,WA001,101,9999A-9999E,14,1002511703,300988765,1,"",
WA001,310015,WA001,101,9999A-9999E,14,1002511703,300988813,1,"",
WA001,310015,WA001,101,9999A-9999E,14,1002511703,300988814,1,"",
WA001,310015,WA001,101,9999A-9999E,14,1002511703,300988834,1,"",
WA001,310015,WA001,101,9999A-9999E,14,1002511703,300988835,1,"",
WA001,310015,WA001,101,9999A-9999E,14,1002511703,300988873,1,"",
WA001,310015,WA001,101,9999A-9999E,14,1002511703,300988874,1,"",
WA001,310015,WA001,101,9999A-9999E,14,1002511704,300988875,1,"",
WA001,310015,WA001,101,9999A-9999E,14,1002511704,300988876,1,"",
WA001,310015,WA001,101,9999A-9999E,14,1002511704,300988927,1,"",
WA001,310015,WA001,101,9999A-9999E,14,1002511704,300988932,1,"",
WA001,310015,WA001,101,9999A-9999E,14,1002511704,300988939,1,"",
WA001,310015,WA001,101,9999A-9999E,14,1002511704,300988980,1,"",
WA001,310015,WA001,101,9999A-9999E,14,1002511704,300988981,1,"",
WA001,310015,WA001,101,9999A-9999E,14,1002511704,300988982,1,"",
WA001,310015,WA001,101,9999A-9999E,13,1002511801,300989894,1,"",
WA001,310015,WA001,101,9999A-9999E,13,1002511801,300989895,1,"",
WA001,310015,WA001,101,9999A-9999E,13,1002511801,300989896,1,"",
WA001,310015,WA001,101,9999A-9999E,13,1002511801,300989897,1,"",
WA001,310015,WA001,101,9999A-9999E,13,1002511801,300989986,1,"",
WA001,310015,WA001,101,9999A-9999E,13,1002511801,300989987,1,"",
WA001,310015,WA001,101,9999A-9999E,13,1002511801,300989988,1,"",
WA001,310015,WA001,101,9999A-9999E,13,1002511801,300989990,1,"",
WA001,310015,WA001,101,9999A-9999E,13,1002511803,300990843,1,"",
WA001,310015,WA001,101,9999A-9999E,13,1002511803,300990844,1,"",
WA001,310015,WA001,101,9999A-9999E,13,1002511803,300990845,1,"",
WA001,310015,WA001,101,9999A-9999E,13,1002511803,300990846,1,"",
WA001,310015,WA001,101,9999A-9999E,13,1002511803,300990847,1,"",
WA001,310015,WA001,101,9999A-9999E,13,1002511803,300990848,1,"",
WA001,310015,WA001,101,9999A-9999E,13,1002511803,300990849,1,"",
WA001,310015,WA001,101,9999A-9999E,13,1002511803,300990850,1,"",
WA001,310015,WA001,101,9999A-9999E,13,1002511804,300990934,1,"",
WA001,310015,WA001,101,9999A-9999E,13,1002511804,300990935,1,"",
WA001,310015,WA001,101,9999A-9999E,13,1002511804,300990936,1,"",
WA001,310015,WA001,101,9999A-9999E,13,1002511804,300990963,1,"",
WA001,310015,WA001,101,9999A-9999E,13,1002511804,300990980,1,"",
WA001,310015,WA001,101,9999A-9999E,10,1002512101,300994028,1,"",
WA001,310015,WA001,101,9999A-9999E,10,1002512101,300994113,1,"",
WA001,310015,WA001,101,9999A-9999E,10,1002512101,300994114,1,"",
WA001,310015,WA001,101,9999A-9999E,10,1002512101,300994115,1,"",
WA001,310015,WA001,101,9999A-9999E,10,1002512101,300994149,1,"",
WA001,310015,WA001,101,9999A-9999E,10,1002512101,300994150,1,"",
WA001,310015,WA001,101,9999A-9999E,10,1002512101,300994151,1,"",
WA001,310015,WA001,101,9999A-9999E,10,1002512101,300994153,1,"",
WA001,310015,WA001,101,9999A-9999E,10,1002512102,300994174,1,"",
WA001,310015,WA001,101,9999A-9999E,10,1002512102,300994204,1,"",
WA001,310015,WA001,101,9999A-9999E,10,1002512102,300994208,1,"",
WA001,310015,WA001,101,9999A-9999E,10,1002512102,300994236,1,"",
WA001,310015,WA001,101,9999A-9999E,10,1002512102,300994237,1,"",
WA001,310015,WA001,101,9999A-9999E,10,1002512102,300994252,1,"",
WA001,310015,WA001,101,9999A-9999E,10,1002512102,300994273,1,"",
WA001,310015,WA001,101,9999A-9999E,10,1002512102,300994276,1,"",
WA001,310015,WA001,101,9999A-9999E,10,1002512103,300994281,1,"",
WA001,310015,WA001,101,9999A-9999E,10,1002512103,300994352,1,"",
WA001,310015,WA001,101,9999A-9999E,10,1002512103,300994354,1,"",
WA001,310015,WA001,101,9999A-9999E,10,1002512103,300994406,1,"",
WA001,310015,WA001,101,9999A-9999E,10,1002512103,300994414,1,"",
WA001,310015,WA001,101,9999A-9999E,10,1002512103,300994433,1,"",
WA001,310015,WA001,101,9999A-9999E,10,1002512103,300994826,1,"",
WA001,310015,WA001,101,9999A-9999E,9,1002512201,300995680,1,"",
WA001,310015,WA001,101,9999A-9999E,9,1002512201,300995732,1,"",
WA001,310015,WA001,101,9999A-9999E,9,1002512201,300995733,1,"",
WA001,310015,WA001,101,9999A-9999E,9,1002512201,300995734,1,"",
WA001,310015,WA001,101,9999A-9999E,9,1002512201,300995735,1,"",
WA001,310015,WA001,101,9999A-9999E,9,1002512201,300995736,1,"",
WA001,310015,WA001,101,9999A-9999E,9,1002512202,300995783,1,"",
WA001,310015,WA001,101,9999A-9999E,9,1002512202,300995784,1,"",
WA001,310015,WA001,101,9999A-9999E,9,1002512202,300995814,1,"",
WA001,310015,WA001,101,9999A-9999E,9,1002512202,300995816,1,"",
WA001,310015,WA001,101,9999A-9999E,9,1002512202,300995829,1,"",
WA001,310015,WA001,101,9999A-9999E,9,1002512202,300995861,1,"",
WA001,310015,WA001,101,9999A-9999E,9,1002512202,300995862,1,"",
WA001,310015,WA001,101,9999A-9999E,9,1002512202,300995863,1,"",
WA001,310015,WA001,101,9999A-9999E,9,1002512203,300995864,1,"",
WA001,310015,WA001,101,9999A-9999E,9,1002512203,300995922,1,"",
WA001,310015,WA001,101,9999A-9999E,9,1002512203,300995923,1,"",
WA001,310015,WA001,101,9999A-9999E,9,1002512203,300995924,1,"",
WA001,310015,WA001,101,9999A-9999E,9,1002512203,300995925,1,"",
WA001,310015,WA001,101,9999A-9999E,9,1002512203,300995974,1,"",
WA001,310015,WA001,101,9999A-9999E,9,1002512203,300995977,1,"",
WA001,310015,WA001,101,9999A-9999E,9,1002512203,300995978,1,"",
WA001,310015,WA001,101,9999A-9999E,9,1002512204,300996178,1,"",
WA001,310015,WA001,101,9999A-9999E,9,1002512204,300996180,1,"",
WA001,310015,WA001,101,9999A-9999E,9,1002512204,300996183,1,"",
WA001,310015,WA001,101,9999A-9999E,9,1002512204,300996326,1,"",
WA001,310015,WA001,101,9999A-9999E,9,1002512204,300996330,1,"",
WA001,310015,WA001,101,9999A-9999E,9,1002512204,300996336,1,"",
WA001,310015,WA001,101,9999A-9999E,9,1002512204,300996337,1,"",
WA001,310015,WA001,101,9999A-9999E,9,1002512204,300996342,1,"",
WA001,310015,WA001,101,9999A-9999E,9,1002512205,300996353,1,"",
WA001,310015,WA001,101,9999A-9999E,9,1002512205,300996367,1,"",
WA001,310015,WA001,101,9999A-9999E,9,1002512205,300996560,1,"",
WA001,310015,WA001,101,9999A-9999E,9,1002512205,300996561,1,"",
WA001,310015,WA001,101,9999A-9999E,9,1002512205,300996583,1,"",
WA001,310015,WA001,101,9999A-9999E,9,1002512205,300996584,1,"",
WA001,310015,WA001,101,9999A-9999E,9,1002512205,300996585,1,"",
WA001,310015,WA001,101,9999A-9999E,9,1002512205,300996586,1,"",
WA001,310015,WA001,101,9999A-9999E,9,1002512206,300996624,1,"",
WA001,310015,WA001,101,9999A-9999E,9,1002512206,300996625,1,"",
WA001,310018,WA001,102,9999A,118,1002501304,300843785,1,"",
WA001,310018,WA001,102,9999A,118,1002501304,300843786,1,"",
WA001,310018,WA001,102,9999A,118,1002501304,300843831,1,"",
WA001,310018,WA001,102,9999A,118,1002501304,300843832,1,"",
WA001,310018,WA001,102,9999A,118,1002501304,300843854,1,"",
WA001,310018,WA001,102,9999A,118,1002501304,300843855,1,"",
WA001,310018,WA001,102,9999A,118,1002501305,300843869,1,"",
WA001,310018,WA001,102,9999A,118,1002501305,300843987,1,"",
WA001,310018,WA001,102,9999A,59,1002507201,300927072,1,"",
WA001,310018,WA001,102,9999A,59,1002507201,300927073,1,"",
WA001,310018,WA001,102,9999A,59,1002507201,300927106,1,"",
WA001,310018,WA001,102,9999A,59,1002507201,300927107,1,"",
WA001,310018,WA001,102,9999A,59,1002507201,300927108,1,"",
WA001,310018,WA001,102,9999A,59,1002507201,300927109,1,"",
WA001,310018,WA001,102,9999A,59,1002507201,300927110,1,"",
WA001,310018,WA001,102,9999A,59,1002507201,300927112,1,"",
WA001,310018,WA001,102,9999A,59,1002507202,300927176,1,"",
WA001,310018,WA001,102,9999A,59,1002507202,300927177,1,"",
WA001,310018,WA001,102,9999A,59,1002507202,300927178,1,"",
WA001,310018,WA001,102,9999A,59,1002507202,300927179,1,"",
WA001,310018,WA001,102,9999A,59,1002507202,300927180,1,"",
WA001,310018,WA001,102,9999A,59,1002507202,300927181,1,"",
WA001,310018,WA001,102,9999A,59,1002507202,300927233,1,"",
WA001,310018,WA001,102,9999A,59,1002507202,300927234,1,"",
WA001,310018,WA001,102,9999A,59,1002507203,300927248,1,"",
WA001,310018,WA001,102,9999A,59,1002507203,300927249,1,"",
WA001,310018,WA001,102,9999A,59,1002507203,300927254,1,"",
WA001,310018,WA001,102,9999A,59,1002507203,300927255,1,"",
WA001,310018,WA001,102,9999A,59,1002507203,300927288,1,"",
WA001,310018,WA001,102,9999A,59,1002507203,300927312,1,"",
WA001,310018,WA001,102,9999A,59,1002507203,300927313,1,"",
WA001,310018,WA001,102,9999A,59,1002507203,300927314,1,"",
WA001,310018,WA001,102,9999A,17,1002511401,300985055,1,"",
WA001,310018,WA001,102,9999A,17,1002511401,300985056,1,"",
WA001,310018,WA001,102,9999A,17,1002511401,300985057,1,"",
WA001,310018,WA001,102,9999A,17,1002511401,300985077,1,"",
WA001,310018,WA001,102,9999A,17,1002511401,300985078,1,"",
WA001,310018,WA001,102,9999A,17,1002511401,300985079,1,"",
WA001,310018,WA001,102,9999A,17,1002511401,300985080,1,"",
WA001,310018,WA001,102,9999A,17,1002511401,300985081,1,"",
WA001,310018,WA001,102,9999A,17,1002511402,300985146,1,"",
WA001,310018,WA001,102,9999A,17,1002511402,300985147,1,"",
WA001,310018,WA001,102,9999A,17,1002511402,300985148,1,"",
WA001,310018,WA001,102,9999A,17,1002511402,300985149,1,"",
WA001,310018,WA001,102,9999A,17,1002511402,300985224,1,"",
WA001,310018,WA001,102,9999A,17,1002511402,300985226,1,"",
WA001,310018,WA001,102,9999A,17,1002511402,300985250,1,"",
WA001,310018,WA001,102,9999A,16,1002511501,300985465,1,"",
WA001,310018,WA001,102,9999A,16,1002511501,300985466,1,"",
WA001,310018,WA001,102,9999A,16,1002511501,300985467,1,"",
WA001,310018,WA001,102,9999A,16,1002511501,300985485,1,"",
WA001,310018,WA001,102,9999A,16,1002511501,300985512,1,"",
WA001,310018,WA001,102,9999A,16,1002511501,300985513,1,"",
WA001,310018,WA001,102,9999A,16,1002511501,300985514,1,"",
WA001,310018,WA001,102,9999A,16,1002511501,300985515,1,"",
WA001,310018,WA001,102,9999A,16,1002511502,300985516,1,"",
WA001,310018,WA001,102,9999A,16,1002511502,300985592,1,"",
WA001,310018,WA001,102,9999A,16,1002511502,300985593,1,"",
WA001,310018,WA001,102,9999A,16,1002511502,300985594,1,"",
WA001,310018,WA001,102,9999A,16,1002511502,300985621,1,"",
WA001,310018,WA001,102,9999A,16,1002511502,300985622,1,"",
WA001,310018,WA001,102,9999A,16,1002511502,300985625,1,"",
WA001,310018,WA001,102,9999A,16,1002511502,300985628,1,"",
WA001,310018,WA001,102,9999A,16,1002511503,300985685,1,"",
WA001,310018,WA001,102,9999A,16,1002511503,300985686,1,"",
WA001,310018,WA001,102,9999A,15,1002511602,300987715,1,"",
WA001,310018,WA001,102,9999A,15,1002511602,300987716,1,"",
WA001,310018,WA001,102,9999A,15,1002511602,300987717,1,"",
WA001,310018,WA001,102,9999A,15,1002511603,300987770,1,"",
WA001,310018,WA001,102,9999A,15,1002511603,300987780,1,"",
WA001,310018,WA001,102,9999A,15,1002511603,300987918,1,"",
WA001,310018,WA001,102,9999A,15,1002511603,300987919,1,"",
WA001,310018,WA001,102,9999A,15,1002511603,300987925,1,"",
WA001,310018,WA001,102,9999A,15,1002511603,300987944,1,"",
WA001,310018,WA001,102,9999A,15,1002511603,300987945,1,"",
WA001,310018,WA001,102,9999A,15,1002511603,300987946,1,"",
WA001,310018,WA001,102,9999A,15,1002511604,300987973,1,"",
WA001,310018,WA001,102,9999A,15,1002511604,300987980,1,"",
WA001,310018,WA001,102,9999A,15,1002511604,300987983,1,"",
WA001,310018,WA001,102,9999A,15,1002511604,300988001,1,"",
WA001,310018,WA001,102,9999A,15,1002511604,300988002,1,"",
WA001,310018,WA001,102,9999A,15,1002511604,300988003,1,"",
WA001,310018,WA001,102,9999A,15,1002511604,300988053,1,"",
WA001,310018,WA001,102,9999A,15,1002511604,300988054,1,"",
WA001,310018,WA001,102,9999A,15,1002511605,300988056,1,"",
WA001,310018,WA001,102,9999A,15,1002511605,300988057,1,"",
WA001,310018,WA001,102,9999A,15,1002511605,300988058,1,"",
WA001,310018,WA001,102,9999A,15,1002511605,300988059,1,"",
WA001,310018,WA001,102,9999A,13,1002511801,300990290,1,"",
WA001,310018,WA001,102,9999A,13,1002511801,300990297,1,"",
WA001,310018,WA001,102,9999A,13,1002511801,300990298,1,"",
WA001,310018,WA001,102,9999A,13,1002511801,300990376,1,"",
WA001,310018,WA001,102,9999A,13,1002511803,300990536,1,"",
WA001,310018,WA001,102,9999A,13,1002511803,300990537,1,"",
WA001,310018,WA001,102,9999A,13,1002511803,300990538,1,"",
WA001,310018,WA001,102,9999A,13,1002511803,300990539,1,"",
WA001,310018,WA001,102,9999A,13,1002511803,300990540,1,"",
WA001,310018,WA001,102,9999A,13,1002511803,300990561,1,"",
WA001,310018,WA001,102,9999A,13,1002511803,300990562,1,"",
WA001,310018,WA001,102,9999A,13,1002511803,300990563,1,"",
WA001,310018,WA001,102,9999A,13,1002511804,300990605,1,"",
WA001,310018,WA001,102,9999A,13,1002511804,300990606,1,"",
WA001,310018,WA001,102,9999A,13,1002511804,300990607,1,"",
WA001,310018,WA001,102,9999A,13,1002511804,300990608,1,"",
WA001,310018,WA001,102,9999A,13,1002511804,300990631,1,"",
WA001,310018,WA001,102,9999A,13,1002511804,300990632,1,"",
WA001,310018,WA001,102,9999A,13,1002511804,300990633,1,"",
WA001,310018,WA001,102,9999A,13,1002511804,300990634,1,"",
WA001,310018,WA001,102,9999A,13,1002511805,300990710,1,"",
WA001,310018,WA001,102,9999A,13,1002511805,300990711,1,"",
WA001,310018,WA001,102,9999A,13,1002511805,300990712,1,"",
WA001,310018,WA001,102,9999A,13,1002511805,300990713,1,"",
WA001,310018,WA001,102,9999A,13,1002511805,300990741,1,"",
WA001,310018,WA001,102,9999A,13,1002511805,300990742,1,"",
WA001,310018,WA001,102,9999A,13,1002511805,300990783,1,"",
WA001,310018,WA001,102,9999A,13,1002511805,300990786,1,"",
WA001,310018,WA001,102,9999A,13,1002511806,300990796,1,"",
WA001,310018,WA001,102,9999A,13,1002511806,300990809,1,"",
WA001,310018,WA001,102,9999A,13,1002511806,300990826,1,"",
WA001,310774,WA001,102,9999A,77,1002505401,300900163,1,"",
WA001,310774,WA001,102,9999A,77,1002505401,300900260,1,"",
WA001,310774,WA001,102,9999A,77,1002505401,300900302,1,"",
WA001,310774,WA001,102,9999A,77,1002505401,300900317,1,"",
WA001,310774,WA001,102,9999A,77,1002505401,300900341,1,"",
WA001,310774,WA001,102,9999A,77,1002505401,300900361,1,"",
WA001,310774,WA001,102,9999A,77,1002505402,300900374,1,"",
WA001,310774,WA001,102,9999A,77,1002505402,300900395,1,"",
WA001,310774,WA001,102,9999A,77,1002505402,300900448,1,"",
WA001,310774,WA001,102,9999A,77,1002505402,300900450,1,"",
WA001,310774,WA001,102,9999A,77,1002505402,300900469,1,"",
WA001,310774,WA001,102,9999A,77,1002505402,300900470,1,"",
WA001,310774,WA001,102,9999A,77,1002505402,300900510,1,"",
WA001,310774,WA001,102,9999A,77,1002505402,300900512,1,"",
WA001,310774,WA001,102,9999A,77,1002505403,300900514,1,"",
WA001,310774,WA001,102,9999A,77,1002505403,300900543,1,"",
WA001,310774,WA001,102,9999A,77,1002505403,300900544,1,"",
WA001,310774,WA001,102,9999A,77,1002505403,300900574,1,"",
WA001,310774,WA001,102,9999A,77,1002505403,300900590,1,"",
WA001,310774,WA001,102,9999A,77,1002505403,300900592,1,"",
WA001,310774,WA001,102,9999A,77,1002505403,300900632,1,"",
WA001,310774,WA001,102,9999A,77,1002505403,300900634,1,"",
WA001,310774,WA001,102,9999A,77,1002505404,300900666,1,"",
WA001,310774,WA001,102,9999A,77,1002505404,300900672,1,"",
WA001,310774,WA001,102,9999A,77,1002505404,300900705,1,"",
WA001,310774,WA001,102,9999A,77,1002505404,300900706,1,"",
WA001,310774,WA001,102,9999A,77,1002505404,300900714,0,"",
WA001,310774,WA001,102,9999A,28,1002510301,300969498,1,"",
WA001,310774,WA001,102,9999A,28,1002510301,300969506,1,"",
WA001,310774,WA001,102,9999A,28,1002510301,300969525,1,"",
WA001,310774,WA001,102,9999A,28,1002510301,300969541,1,"",
WA001,310774,WA001,102,9999A,28,1002510301,300969584,1,"",
WA001,310774,WA001,102,9999A,28,1002510301,300969612,1,"",
WA001,310774,WA001,102,9999A,28,1002510301,300969627,1,"",
WA001,310774,WA001,102,9999A,28,1002510301,300969637,1,"",
WA001,310774,WA001,102,9999A,28,1002510302,300969656,1,"",
WA001,310774,WA001,102,9999A,28,1002510302,300969668,1,"",
WA001,310774,WA001,102,9999A,28,1002510302,300969673,1,"",
WA001,310774,WA001,102,9999A,28,1002510302,300969690,1,"",
WA001,310774,WA001,102,9999A,28,1002510302,300969705,1,"",
WA001,310774,WA001,102,9999A,28,1002510302,300969722,1,"",
WA001,310774,WA001,102,9999A,28,1002510302,300969741,1,"",
WA001,310774,WA001,102,9999A,28,1002510302,300969770,1,"",
WA001,310774,WA001,102,9999A,27,1002510401,300971390,1,"",
WA001,310774,WA001,102,9999A,27,1002510401,300971400,1,"",
WA001,310774,WA001,102,9999A,27,1002510401,300971426,1,"",
WA001,310774,WA001,102,9999A,27,1002510401,300971457,1,"",
WA001,310774,WA001,102,9999A,27,1002510401,300971461,1,"",
WA001,310774,WA001,102,9999A,27,1002510401,300971462,1,"",
WA001,310774,WA001,102,9999A,27,1002510401,300971469,1,"",
WA001,310774,WA001,102,9999A,27,1002510401,300971483,1,"",
WA001,310774,WA001,102,9999A,27,1002510402,300971694,1,"",
WA001,310774,WA001,102,9999A,27,1002510402,300971695,1,"",
WA001,310774,WA001,102,9999A,27,1002510402,300971696,1,"",
WA001,310774,WA001,102,9999A,27,1002510402,300971725,1,"",
WA001,310774,WA001,102,9999A,27,1002510402,300971726,1,"",
WA001,310774,WA001,102,9999A,27,1002510402,300971738,1,"",
WA001,310774,WA001,102,9999A,27,1002510402,300971776,1,"",
WA001,310774,WA001,102,9999A,27,1002510402,300971777,1,"",
WA001,310774,WA001,102,9999A,26,1002510501,300972581,1,"",
WA001,310774,WA001,102,9999A,23,1002510803,300976230,1,"",
WA001,310774,WA001,102,9999A,23,1002510803,300976247,1,"",
WA001,310774,WA001,102,9999A,23,1002510803,300976248,1,"",
WA001,310774,WA001,102,9999A,23,1002510803,300976249,1,"",
WA001,310774,WA001,102,9999A,23,1002510803,300976305,1,"",
WA001,310774,WA001,102,9999A,23,1002510803,300976307,1,"",
WA001,310774,WA001,102,9999A,23,1002510803,300976308,1,"",
WA001,310774,WA001,102,9999A,23,1002510804,300976339,1,"",
WA001,310774,WA001,102,9999A,23,1002510804,300976341,1,"",
WA001,310774,WA001,102,9999A,23,1002510804,300976364,1,"",
WA001,310774,WA001,102,9999A,23,1002510804,300976367,1,"",
WA001,310774,WA001,102,9999A,23,1002510804,300976369,1,"",
WA001,310774,WA001,102,9999A,23,1002510804,300976378,1,"",
WA001,310774,WA001,102,9999A,20,1002511101,300980809,1,"",
WA001,310774,WA001,102,9999A,20,1002511101,300980813,1,"",
WA001,310774,WA001,102,9999A,20,1002511101,300980814,1,"",
WA001,310774,WA001,102,9999A,20,1002511101,300980818,1,"",
WA001,310774,WA001,102,9999A,20,1002511101,300980819,1,"",
WA001,310774,WA001,102,9999A,20,1002511101,300980820,1,"",
WA001,310774,WA001,102,9999A,20,1002511101,300980821,1,"",
WA001,310774,WA001,102,9999A,20,1002511101,300980822,1,"",
WA001,310774,WA001,102,9999A,20,1002511102,300980845,1,"",
WA001,310774,WA001,102,9999A,20,1002511102,300980846,1,"",
WA001,310774,WA001,102,9999A,20,1002511102,300980847,1,"",
WA001,310774,WA001,102,9999A,20,1002511102,300980868,1,"",
WA001,310774,WA001,102,9999A,20,1002511102,300980879,1,"",
WA001,310774,WA001,102,9999A,20,1002511102,300980891,1,"",
WA001,310774,WA001,102,9999A,20,1002511102,300980893,1,"",
WA001,310774,WA001,102,9999A,20,1002511102,300980898,1,"",
WA001,310774,WA001,102,9999A,20,1002511103,300980965,1,"",
WA001,310774,WA001,102,9999A,20,1002511103,300980975,1,"",
WA001,310774,WA001,102,9999A,20,1002511103,300980995,1,"",
WA001,310774,WA001,102,9999A,20,1002511103,300981005,1,"",
WA001,310774,WA001,102,9999A,20,1002511103,300981024,1,"",
WA001,310774,WA001,102,9999A,20,1002511103,300981031,1,"",
WA001,310774,WA001,102,9999A,20,1002511103,300981041,1,"",
WA001,310774,WA001,102,9999A,20,1002511103,300981046,1,"",
WA001,310774,WA001,102,9999A,20,1002511104,300981081,1,"",
WA001,310774,WA001,102,9999A,20,1002511104,300981089,1,"",
WA001,310774,WA001,102,9999A,20,1002511104,300981105,1,"",
WA001,310774,WA001,102,9999A,20,1002511104,300981114,1,"",
WA001,310774,WA001,102,9999A,20,1002511104,300981126,1,"",
WA001,310774,WA001,102,9999A,20,1002511104,300981129,1,"",
WA001,310774,WA001,102,9999A,20,1002511104,300981146,1,"",
WA001,310774,WA001,102,9999A,20,1002511104,300981155,1,"",
WA001,310774,WA001,102,9999A,17,1002511401,300984201,1,"",
WA001,310774,WA001,102,9999A,17,1002511401,300984215,1,"",
WA001,310774,WA001,102,9999A,17,1002511401,300984216,1,"",
WA001,310774,WA001,102,9999A,17,1002511401,300984222,1,"",
WA001,310774,WA001,102,9999A,17,1002511401,300984228,1,"",
WA001,310774,WA001,102,9999A,17,1002511401,300984231,1,"",
WA001,310774,WA001,102,9999A,17,1002511401,300984237,1,"",
WA001,310774,WA001,102,9999A,17,1002511401,300984251,1,"",
WA001,310774,WA001,102,9999A,17,1002511402,300984263,1,"",
WA001,310774,WA001,102,9999A,17,1002511402,300984268,1,"",
WA001,310774,WA001,102,9999A,17,1002511402,300984288,1,"",
WA001,310774,WA001,102,9999A,17,1002511402,300984302,1,"",
WA001,310774,WA001,102,9999A,17,1002511402,300984322,1,"",
WA001,310774,WA001,102,9999A,17,1002511402,300984335,1,"",
WA001,310774,WA001,102,9999A,17,1002511402,300984395,1,"",
WA001,310774,WA001,102,9999A,17,1002511402,300984400,1,"",
WA001,310774,WA001,102,9999A,17,1002511403,300984425,1,"",
WA001,310774,WA001,102,9999A,17,1002511403,300984428,1,"",
WA001,310774,WA001,102,9999A,17,1002511403,300984436,1,"",
WA001,310774,WA001,102,9999A,17,1002511403,300984456,1,"",
WA003,310726,WA003,101,3002A-3005WGUM-3005WGUM-3007DRYGUM-3007FO-3007S-3015A-3025S-3033A-3035A-9999A-9999C-9999CS-9999E,8,1022512355,300997980,1,"",
WA003,310726,WA003,101,3002A-3005WGUM-3005WGUM-3007DRYGUM-3007FO-3007S-3015A-3025S-3033A-3035A-9999A-9999C-9999CS-9999E,8,1022512355,300997981,1,"",
WA003,310726,WA003,101,3002A-3005WGUM-3005WGUM-3007DRYGUM-3007FO-3007S-3015A-3025S-3033A-3035A-9999A-9999C-9999CS-9999E,8,1022512355,300997982,1,"",
WA003,310726,WA003,101,3002A-3005WGUM-3005WGUM-3007DRYGUM-3007FO-3007S-3015A-3025S-3033A-3035A-9999A-9999C-9999CS-9999E,8,1022512355,300997983,1,"",
WA003,310726,WA003,101,3002A-3005WGUM-3005WGUM-3007DRYGUM-3007FO-3007S-3015A-3025S-3033A-3035A-9999A-9999C-9999CS-9999E,8,1022512355,300997987,1,"",
WA003,310726,WA003,101,3002A-3005WGUM-3005WGUM-3007DRYGUM-3007FO-3007S-3015A-3025S-3033A-3035A-9999A-9999C-9999CS-9999E,8,1022512355,300997988,1,"",
WA003,310726,WA003,101,3002A-3005WGUM-3005WGUM-3007DRYGUM-3007FO-3007S-3015A-3025S-3033A-3035A-9999A-9999C-9999CS-9999E,8,1022512355,300998004,1,"",
WA003,310726,WA003,101,3002A-3005WGUM-3005WGUM-3007DRYGUM-3007FO-3007S-3015A-3025S-3033A-3035A-9999A-9999C-9999CS-9999E,8,1022512355,300998005,1,"",
WA003,310726,WA003,101,3002A-3005WGUM-3005WGUM-3007DRYGUM-3007FO-3007S-3025S-3035A-9999A-9999C-9999CS-9999E,8,1022512354,300997916,1,"",
WA003,310726,WA003,101,3002A-3005WGUM-3005WGUM-3007DRYGUM-3007FO-3007S-3025S-3035A-9999A-9999C-9999CS-9999E,8,1022512354,300997917,1,"",
WA003,310726,WA003,101,3002A-3005WGUM-3005WGUM-3007DRYGUM-3007FO-3007S-3025S-3035A-9999A-9999C-9999CS-9999E,8,1022512354,300997918,1,"",
WA003,310726,WA003,101,3002A-3005WGUM-3005WGUM-3007DRYGUM-3007FO-3007S-3025S-3035A-9999A-9999C-9999CS-9999E,8,1022512354,300997926,1,"",
WA003,310726,WA003,101,3002A-3005WGUM-3005WGUM-3007DRYGUM-3007FO-3007S-3025S-3035A-9999A-9999C-9999CS-9999E,8,1022512354,300997934,1,"",
WA003,310726,WA003,101,3002A-3005WGUM-3005WGUM-3007DRYGUM-3007FO-3007S-3025S-3035A-9999A-9999C-9999CS-9999E,8,1022512354,300997935,1,"",
WA003,310726,WA003,101,3002A-3005WGUM-3005WGUM-3007DRYGUM-3007FO-3007S-3025S-3035A-9999A-9999C-9999CS-9999E,8,1022512354,300997978,1,"",
WA003,310726,WA003,101,3002A-3005WGUM-3005WGUM-3007DRYGUM-3007FO-3007S-3025S-3035A-9999A-9999C-9999CS-9999E,8,1022512354,300997979,1,"",
WA003,310726,WA003,101,3002A-3005WGUM-3005WGUM-3007DRYGUM-3007FO-3007S-3025S-3035A-9999A-9999C-9999CS-9999E,8,1022512356,300998007,1,"",
WA003,310726,WA003,101,3002A-3005WGUM-3005WGUM-3007DRYGUM-3007FO-3007S-3025S-3035A-9999A-9999C-9999CS-9999E,8,1022512356,300998008,1,"",
WA003,310726,WA003,101,3002A-3005WGUM-3005WGUM-3007DRYGUM-3007FO-3007S-3025S-3035A-9999A-9999C-9999CS-9999E,8,1022512356,300998186,1,"",
WA003,310726,WA003,101,3002A-3005WGUM-3005WGUM-3007DRYGUM-3007FO-3007S-3025S-3035A-9999A-9999C-9999CS-9999E,8,1022512356,300998187,1,"",
WA003,310726,WA003,101,3002A-3005WGUM-3005WGUM-3007DRYGUM-3007FO-3007S-3025S-3035A-9999A-9999C-9999CS-9999E,8,1022512356,300998208,1,"",
WA003,310726,WA003,101,3002A-3005WGUM-3005WGUM-3007DRYGUM-3007FO-3007S-3025S-3035A-9999A-9999C-9999CS-9999E,8,1022512356,300998253,1,"",
WA003,310726,WA003,101,3002A-3005WGUM-3005WGUM-3007DRYGUM-3007FO-3007S-3025S-3035A-9999A-9999C-9999CS-9999E,8,1022512356,300998254,1,"",
WA003,310726,WA003,101,3002A-3005WGUM-3005WGUM-3007DRYGUM-3007FO-3007S-3025S-3035A-9999A-9999C-9999CS-9999E,8,1022512356,300998255,1,"",
WA003,310726,WA003,101,3002A-3005WGUM-3005WGUM-3007DRYGUM-3007FO-3007S-3025S-3035A-9999A-9999C-9999CS-9999E,8,1022512357,300998257,1,"",
WA003,310726,WA003,101,3002A-3005WGUM-3005WGUM-3007DRYGUM-3007FO-3007S-3025S-3035A-9999A-9999C-9999CS-9999E,8,1022512357,300998258,1,"",
WA003,310726,WA003,101,3002A-3005WGUM-3005WGUM-3007DRYGUM-3007FO-3007S-3025S-3035A-9999A-9999C-9999CS-9999E,8,1022512357,300998259,1,"",
WA003,310726,WA003,101,3002A-3005WGUM-3005WGUM-3007DRYGUM-3007FO-3007S-3025S-3035A-9999A-9999C-9999CS-9999E,8,1022512357,300998293,1,"",
WA003,310726,WA003,101,3002A-3005WGUM-3005WGUM-3007DRYGUM-3007FO-3007S-3025S-3035A-9999A-9999C-9999CS-9999E,8,1022512357,300998295,1,"",
WA003,310726,WA003,101,3002A-3005WGUM-3005WGUM-3007DRYGUM-3007FO-3007S-3025S-3035A-9999A-9999C-9999CS-9999E,8,1022512357,300998296,1,"",
WA003,310726,WA003,101,3002A-3005WGUM-3005WGUM-3007DRYGUM-3007FO-3007S-3025S-3035A-9999A-9999C-9999CS-9999E,8,1022512357,300998297,1,"",
WA003,310726,WA003,101,3002A-3005WGUM-3005WGUM-3007DRYGUM-3007FO-3007S-3025S-3035A-9999A-9999C-9999CS-9999E,8,1022512357,300998298,1,"",
WA003,310726,WA003,101,3002A-3005WGUM-3005WGUM-3007DRYGUM-3007S-3015A-3025S-3033A-3035A-9999A-9999C-9999CS-9999E,11,1022512063,300994941,1,"",
WA003,310726,WA003,101,3002A-3005WGUM-3005WGUM-3007DRYGUM-3007S-3015A-3025S-3033A-3035A-9999A-9999C-9999CS-9999E,11,1022512063,300994942,1,"",
WA003,310726,WA003,101,3002A-3005WGUM-3005WGUM-3007DRYGUM-3007S-3015A-3025S-3033A-3035A-9999A-9999C-9999CS-9999E,11,1022512063,300994943,1,"",
WA003,310726,WA003,101,3002A-3005WGUM-3005WGUM-3007DRYGUM-3007S-3015A-3025S-3033A-3035A-9999A-9999C-9999CS-9999E,11,1022512063,300994944,1,"",
WA003,310726,WA003,101,3002A-3005WGUM-3005WGUM-3007DRYGUM-3007S-3015A-3025S-3033A-3035A-9999A-9999C-9999CS-9999E,11,1022512063,300994945,1,"",
WA003,310726,WA003,101,3002A-3005WGUM-3005WGUM-3007DRYGUM-3007S-3015A-3025S-3033A-3035A-9999A-9999C-9999CS-9999E,11,1022512063,300994946,1,"",
WA003,310726,WA003,101,3002A-3005WGUM-3005WGUM-3007DRYGUM-3007S-3015A-3025S-3033A-3035A-9999A-9999C-9999CS-9999E,11,1022512063,300994956,1,"",
WA003,310726,WA003,101,3002A-3005WGUM-3005WGUM-3007DRYGUM-3007S-3015A-3025S-3033A-3035A-9999A-9999C-9999CS-9999E,11,1022512063,300994958,1,"",
WA003,310726,WA003,101,3002A-3007S-3015A-3025S-3033A-3035A-9999A-9999C-9999CS-9999E,9,1022512252,300996631,1,"",
WA003,310726,WA003,101,3002A-3007S-3015A-3025S-3033A-3035A-9999A-9999E,11,1022512064,300994986,1,"",
WA003,310726,WA003,101,3002A-3007S-3015A-3025S-3033A-3035A-9999A-9999E,11,1022512064,300994997,1,"",
WA003,310726,WA003,101,3002A-3007S-3015A-3025S-3033A-3035A-9999A-9999E,9,1022512251,300996574,1,"",
WA003,310726,WA003,101,3002A-3007S-3015A-3025S-3033A-3035A-9999A-9999E,9,1022512251,300996575,1,"",
WA003,310726,WA003,101,3002A-3007S-3015A-3025S-3033A-3035A-9999A-9999E,9,1022512251,300996613,1,"",
WA003,310726,WA003,101,3002A-3007S-3015A-3025S-3033A-3035A-9999A-9999E,9,1022512251,300996614,1,"",
WA003,310726,WA003,101,3002A-3007S-3015A-3025S-3033A-3035A-9999A-9999E,9,1022512251,300996615,1,"",
WA003,310726,WA003,101,3002A-3007S-3015A-3025S-3033A-3035A-9999A-9999E,9,1022512251,300996616,1,"",
WA003,310726,WA003,101,3002A-3007S-3015A-3025S-3033A-3035A-9999A-9999E,9,1022512251,300996617,1,"",
WA003,310726,WA003,101,3002A-3007S-3025S-3033A-3035A-9999A-9999C-9999CS-9999E,8,1022512353,300997775,1,"",
WA003,310726,WA003,101,3002A-3007S-3025S-3033A-3035A-9999A-9999C-9999CS-9999E,8,1022512353,300997776,1,"",
WA003,310726,WA003,101,3002A-3007S-3025S-3033A-3035A-9999A-9999C-9999CS-9999E,8,1022512353,300997777,1,"",
WA003,310726,WA003,101,3002A-3007S-3025S-3033A-3035A-9999A-9999C-9999CS-9999E,8,1022512353,300997778,1,"",
WA003,310726,WA003,101,3002A-3007S-3025S-3033A-3035A-9999A-9999C-9999CS-9999E,8,1022512353,300997779,1,"",
WA003,310726,WA003,101,3002A-3007S-3025S-3033A-3035A-9999A-9999C-9999CS-9999E,8,1022512353,300997780,1,"",
WA003,310726,WA003,101,3002A-3007S-3025S-3033A-3035A-9999A-9999C-9999CS-9999E,8,1022512353,300997781,1,"",
WA003,310726,WA003,101,3002A-3007S-3025S-3033A-3035A-9999A-9999C-9999CS-9999E,8,1022512353,300997915,1,"",
WA003,310726,WA003,101,3002A-3025S-3033A-9999A-9999E,8,1022512351,300997620,1,"",
WA003,310726,WA003,101,3002A-3025S-3033A-9999A-9999E,8,1022512351,300997621,1,"",
WA003,310726,WA003,101,3002A-3025S-3033A-9999A-9999E,8,1022512351,300997654,1,"",
WA003,310726,WA003,101,3002A-3025S-3033A-9999A-9999E,8,1022512351,300997655,1,"",
WA003,310726,WA003,101,3002A-3025S-3033A-9999A-9999E,8,1022512351,300997656,1,"",
WA003,310726,WA003,101,3002A-3025S-3033A-9999A-9999E,8,1022512351,300997657,1,"",
WA003,310726,WA003,101,3002A-3025S-3033A-9999A-9999E,8,1022512351,300997667,1,"",
WA003,310726,WA003,101,3002A-3025S-3033A-9999A-9999E,8,1022512351,300997668,1,"",
WA003,310726,WA003,101,3005WGUM-3005WGUM-3007DRYGUM-3007FO-3007S-3025S-3033A-3035A-9999A-9999C-9999CS-9999E,10,1022512153,300995404,1,"",
WA003,310726,WA003,101,3005WGUM-3005WGUM-3007DRYGUM-3007FO-3007S-3025S-3033A-3035A-9999A-9999C-9999CS-9999E,10,1022512153,300995443,1,"",
WA003,310726,WA003,101,3005WGUM-3005WGUM-3007DRYGUM-3007FO-3007S-3025S-3033A-3035A-9999A-9999C-9999CS-9999E,10,1022512153,300995444,1,"",
WA003,310726,WA003,101,3005WGUM-3005WGUM-3007DRYGUM-3007FO-3007S-3025S-3033A-3035A-9999A-9999C-9999CS-9999E,10,1022512153,300995445,1,"",
WA003,310726,WA003,101,3005WGUM-3005WGUM-3007DRYGUM-3007FO-3007S-3025S-3033A-3035A-9999A-9999C-9999CS-9999E,10,1022512153,300995446,1,"",
WA003,310726,WA003,101,3005WGUM-3005WGUM-3007DRYGUM-3007FO-3007S-3025S-3033A-3035A-9999A-9999C-9999CS-9999E,10,1022512153,300995467,1,"",
WA003,310726,WA003,101,3005WGUM-3005WGUM-3007DRYGUM-3007FO-3007S-3025S-3033A-3035A-9999A-9999C-9999CS-9999E,10,1022512153,300995468,1,"",
WA003,310726,WA003,101,3005WGUM-3005WGUM-3007DRYGUM-3007FO-3007S-3025S-3033A-3035A-9999A-9999C-9999CS-9999E,10,1022512153,300995469,1,"",
WA003,310726,WA003,101,3005WGUM-3005WGUM-3007DRYGUM-3007FO-3007S-3025S-3033A-3035A-9999A-9999C-9999CS-9999E,10,1022512155,300995592,1,"",
WA003,310726,WA003,101,3005WGUM-3005WGUM-3007DRYGUM-3007FO-3007S-3025S-3033A-3035A-9999A-9999C-9999CS-9999E,10,1022512155,300995593,1,"",
WA003,310726,WA003,101,3005WGUM-3005WGUM-3007DRYGUM-3007FO-3007S-3025S-3033A-3035A-9999A-9999C-9999CS-9999E,10,1022512155,300995682,1,"",
WA003,310726,WA003,101,3005WGUM-3005WGUM-3007DRYGUM-3007FO-3007S-3025S-3033A-3035A-9999A-9999C-9999CS-9999E,10,1022512155,300995689,1,"",
WA003,310726,WA003,101,3005WGUM-3005WGUM-3007DRYGUM-3007FO-3007S-3025S-3033A-3035A-9999A-9999C-9999CS-9999E,10,1022512155,300995690,1,"",
WA003,310726,WA003,101,3005WGUM-3005WGUM-3007DRYGUM-3007FO-3007S-3025S-3033A-3035A-9999A-9999C-9999CS-9999E,10,1022512155,300995691,1,"",
WA003,310726,WA003,101,3005WGUM-3005WGUM-3007DRYGUM-3007FO-3007S-3025S-3033A-3035A-9999A-9999C-9999CS-9999E,10,1022512155,300995692,1,"",
WA003,310726,WA003,101,3005WGUM-3005WGUM-3007DRYGUM-3007FO-3007S-3025S-3033A-3035A-9999A-9999C-9999CS-9999E,10,1022512155,300995693,1,"",
WA003,310726,WA003,101,3005WGUM-3005WGUM-3007DRYGUM-3007FO-3007S-3025S-3033A-3035A-9999A-9999C-9999CS-9999E,10,1022512156,300995712,1,"",
WA003,310726,WA003,101,3005WGUM-3005WGUM-3007DRYGUM-3007FO-3007S-3025S-3033A-3035A-9999A-9999C-9999CS-9999E,10,1022512156,300995714,1,"",
WA003,310726,WA003,101,3005WGUM-3005WGUM-3007DRYGUM-3007FO-3007S-3025S-3033A-3035A-9999A-9999C-9999CS-9999E,10,1022512156,300995795,1,"",
WA003,310726,WA003,101,3005WGUM-3005WGUM-3007DRYGUM-3007FO-3007S-3025S-3033A-3035A-9999A-9999C-9999CS-9999E,10,1022512156,300995796,1,"",
WA003,310726,WA003,101,3005WGUM-3005WGUM-3007DRYGUM-3007FO-3007S-3025S-3033A-3035A-9999A-9999C-9999CS-9999E,10,1022512156,300995797,1,"",
WA003,310726,WA003,101,3005WGUM-3005WGUM-3007DRYGUM-3007FO-3007S-3025S-3033A-3035A-9999A-9999C-9999CS-9999E,10,1022512156,300995798,1,"",
WA003,310726,WA003,101,3005WGUM-3005WGUM-3007DRYGUM-3007FO-3007S-3025S-3033A-3035A-9999A-9999C-9999CS-9999E,10,1022512156,300995799,1,"",
WA003,310726,WA003,101,3005WGUM-3005WGUM-3007DRYGUM-3007FO-3007S-3025S-3033A-3035A-9999A-9999C-9999CS-9999E,10,1022512156,300995800,1,"",
WA003,310726,WA003,101,3005WGUM-3005WGUM-3007DRYGUM-3007FO-3007S-3025S-3033A-3035A-9999A-9999C-9999CS-9999E,10,1022512157,300995801,1,"",
WA003,310726,WA003,101,3005WGUM-3005WGUM-3007DRYGUM-3007FO-3007S-3025S-3033A-3035A-9999A-9999C-9999CS-9999E,10,1022512157,300995802,1,"",
WA003,310726,WA003,101,3005WGUM-3005WGUM-3007DRYGUM-3007FO-3007S-3025S-3033A-3035A-9999A-9999C-9999CS-9999E,10,1022512157,300995804,1,"",
WA003,310726,WA003,101,3005WGUM-3005WGUM-3007DRYGUM-3007FO-3007S-3025S-3033A-3035A-9999A-9999C-9999CS-9999E,10,1022512157,300995950,1,"",
WA003,310726,WA003,101,3005WGUM-3005WGUM-3007DRYGUM-3007FO-3007S-3025S-3033A-3035A-9999A-9999C-9999CS-9999E,10,1022512157,300995951,1,"",
WA003,310726,WA003,101,3005WGUM-3005WGUM-3007DRYGUM-3007FO-3007S-3025S-3033A-3035A-9999A-9999C-9999CS-9999E,10,1022512157,300995952,1,"",
WA003,310726,WA003,101,3005WGUM-3005WGUM-3007DRYGUM-3007FO-3007S-3025S-3033A-3035A-9999A-9999C-9999CS-9999E,10,1022512157,300995953,1,"",
WA003,310726,WA003,101,3005WGUM-3005WGUM-3007DRYGUM-3007FO-3007S-3025S-3033A-3035A-9999A-9999C-9999CS-9999E,10,1022512157,300995954,1,"",
WA003,310726,WA003,101,3005WGUM-3005WGUM-3007DRYGUM-3007FO-3007S-3025S-3033A-3035A-9999A-9999C-9999CS-9999E,8,1022512358,300998324,1,"",
WA003,310726,WA003,101,3005WGUM-3005WGUM-3007DRYGUM-3007FO-3007S-3025S-3033A-3035A-9999A-9999C-9999CS-9999E,8,1022512358,300998325,1,"",
WA003,310726,WA003,101,3005WGUM-3005WGUM-3007DRYGUM-3007FO-3007S-3025S-3033A-3035A-9999A-9999C-9999CS-9999E,8,1022512358,300998326,1,"",
WA003,310726,WA003,101,3005WGUM-3005WGUM-3007DRYGUM-3007FO-3007S-3025S-3033A-3035A-9999A-9999C-9999CS-9999E,8,1022512358,300998380,1,"",
WA003,310726,WA003,101,3005WGUM-3005WGUM-3007DRYGUM-3007FO-3007S-3025S-3033A-3035A-9999A-9999C-9999CS-9999E,8,1022512358,300998381,1,"",
WA003,310726,WA003,101,3005WGUM-3005WGUM-3007DRYGUM-3007FO-3007S-3025S-3033A-3035A-9999A-9999C-9999CS-9999E,8,1022512358,300998382,1,"",
WA003,310726,WA003,101,3005WGUM-3005WGUM-3007DRYGUM-3007FO-3007S-3025S-3033A-3035A-9999A-9999C-9999CS-9999E,8,1022512358,300998383,1,"",
WA003,310726,WA003,101,3005WGUM-3005WGUM-3007DRYGUM-3007FO-3007S-3025S-3033A-3035A-9999A-9999C-9999CS-9999E,8,1022512358,300998384,1,"",
WA003,310726,WA003,101,3005WGUM-3005WGUM-3007DRYGUM-3007FO-3007S-3025S-3033A-3035A-9999A-9999C-9999CS-9999E,8,1022512359,300998400,1,"",
WA003,310726,WA003,101,3005WGUM-3005WGUM-3007DRYGUM-3007FO-3007S-3025S-3033A-3035A-9999A-9999C-9999CS-9999E,8,1022512359,300998401,1,"",
WA003,310726,WA003,101,3005WGUM-3005WGUM-3007DRYGUM-3007FO-3007S-3025S-3033A-3035A-9999A-9999C-9999CS-9999E,8,1022512359,300998402,1,"",
WA003,310726,WA003,101,3005WGUM-3005WGUM-3007DRYGUM-3007FO-3007S-3025S-3033A-3035A-9999A-9999C-9999CS-9999E,8,1022512359,300998404,1,"",
WA003,310726,WA003,101,3005WGUM-3005WGUM-3007DRYGUM-3007FO-3007S-3025S-3033A-3035A-9999A-9999C-9999CS-9999E,8,1022512359,300998451,1,"",
WA003,310726,WA003,101,3005WGUM-3005WGUM-3007DRYGUM-3007FO-3007S-3025S-3033A-3035A-9999A-9999C-9999CS-9999E,8,1022512359,300998452,1,"",
WA003,310726,WA003,101,3005WGUM-3005WGUM-3007DRYGUM-3007FO-3007S-3025S-3033A-3035A-9999A-9999C-9999CS-9999E,8,1022512359,300998453,1,"",
WA003,310726,WA003,101,3005WGUM-3005WGUM-3007DRYGUM-3007FO-3007S-3025S-3033A-3035A-9999A-9999C-9999CS-9999E,8,1022512359,300998454,1,"",
WA003,310726,WA003,101,3005WGUM-3005WGUM-3007DRYGUM-3007FO-3007S-3025S-3033A-3035A-9999A-9999C-9999CS-9999E,8,1022512360,300998533,1,"",
WA003,310726,WA003,101,3005WGUM-3005WGUM-3007DRYGUM-3007FO-3007S-3025S-3033A-3035A-9999A-9999C-9999CS-9999E,8,1022512360,300998535,1,"",
WA003,310726,WA003,101,3005WGUM-3005WGUM-3007DRYGUM-3007FO-3007S-3025S-3033A-3035A-9999A-9999C-9999CS-9999E,8,1022512360,300998536,1,"",
WA003,310726,WA003,101,3005WGUM-3005WGUM-3007DRYGUM-3007FO-3007S-3025S-3033A-3035A-9999A-9999C-9999CS-9999E,8,1022512360,300998537,1,"",
WA003,310726,WA003,101,3005WGUM-3005WGUM-3007DRYGUM-3007FO-3007S-3025S-3033A-3035A-9999A-9999C-9999CS-9999E,8,1022512360,300998538,1,"",
WA003,310726,WA003,101,3005WGUM-3005WGUM-3007DRYGUM-3007FO-3007S-3025S-3033A-3035A-9999A-9999C-9999CS-9999E,8,1022512360,300998616,1,"",
WA003,310726,WA003,101,3005WGUM-3005WGUM-3007DRYGUM-3007FO-3007S-3025S-3033A-3035A-9999A-9999C-9999CS-9999E,8,1022512360,300998617,1,"",
WA003,310726,WA003,101,3005WGUM-3005WGUM-3007DRYGUM-3007FO-3007S-3025S-3033A-3035A-9999A-9999C-9999CS-9999E,8,1022512360,300998622,1,"",
WA003,310726,WA003,101,3005WGUM-3005WGUM-3007DRYGUM-3007FO-3007S-3025S-3033A-3035A-9999A-9999C-9999CS-9999E,8,1022512361,300998629,1,"",
WA003,310726,WA003,101,3005WGUM-3005WGUM-3007DRYGUM-3007FO-3007S-3025S-3033A-3035A-9999A-9999C-9999CS-9999E,8,1022512361,300998643,1,"",
WA003,310726,WA003,101,3005WGUM-3005WGUM-3007DRYGUM-3007FO-3007S-3025S-3033A-3035A-9999A-9999C-9999CS-9999E,8,1022512361,300998644,1,"",
WA003,310726,WA003,101,3005WGUM-3005WGUM-3007DRYGUM-3007FO-3007S-3025S-3033A-3035A-9999A-9999C-9999CS-9999E,8,1022512361,300998650,1,"",
WA003,310726,WA003,101,3005WGUM-3005WGUM-3007DRYGUM-3007FO-3007S-3025S-3033A-3035A-9999A-9999C-9999CS-9999E,8,1022512361,300998651,1,"",
WA003,310726,WA003,101,3005WGUM-3005WGUM-3007DRYGUM-3007FO-3007S-3025S-3033A-3035A-9999A-9999C-9999CS-9999E,8,1022512361,300998654,1,"",
WA003,310726,WA003,101,3005WGUM-3005WGUM-3007DRYGUM-3007FO-3007S-3025S-3033A-3035A-9999A-9999C-9999CS-9999E,8,1022512361,300998673,1,"",
WA003,310726,WA003,101,3005WGUM-3005WGUM-3007DRYGUM-3007FO-3007S-3025S-3033A-3035A-9999A-9999C-9999CS-9999E,8,1022512361,300998674,1,"",
WA003,310726,WA003,101,3005WGUM-3005WGUM-3007DRYGUM-3007FO-3007S-3025S-3035A-9999A-9999C-9999CS-9999E,10,1022512159,300996008,1,"",
WA003,310726,WA003,101,3005WGUM-3005WGUM-3007DRYGUM-3007FO-3007S-3025S-3035A-9999A-9999C-9999CS-9999E,10,1022512159,300996009,1,"",
WA003,310726,WA003,101,3005WGUM-3005WGUM-3007DRYGUM-3007FO-3007S-3025S-3035A-9999A-9999C-9999CS-9999E,10,1022512159,300996010,1,"",
WA003,310726,WA003,101,3005WGUM-3005WGUM-3007DRYGUM-3007FO-3007S-3025S-3035A-9999A-9999C-9999CS-9999E,10,1022512159,300996125,1,"",
WA003,310726,WA003,101,3005WGUM-3005WGUM-3007DRYGUM-3007FO-3007S-3025S-3035A-9999A-9999C-9999CS-9999E,10,1022512159,300996126,1,"",
WA003,310726,WA003,101,3005WGUM-3005WGUM-3007DRYGUM-3007FO-3007S-3025S-3035A-9999A-9999C-9999CS-9999E,10,1022512159,300996127,1,"",
WA003,310726,WA003,101,3005WGUM-3005WGUM-3007DRYGUM-3007FO-3007S-3025S-3035A-9999A-9999C-9999CS-9999E,10,1022512159,300996128,1,"",
WA003,310726,WA003,101,3005WGUM-3005WGUM-3007DRYGUM-3007FO-3007S-3025S-3035A-9999A-9999C-9999CS-9999E,10,1022512159,300996130,1,"",
WA003,310726,WA003,101,3005WGUM-3005WGUM-3007DRYGUM-3007S-3025S-3033A-3035A-9999A-9999C-9999CS-9999E,10,1022512158,300995956,1,"",
WA003,310726,WA003,101,3005WGUM-3005WGUM-3007DRYGUM-3007S-3025S-3033A-3035A-9999A-9999C-9999CS-9999E,10,1022512158,300995957,1,"",
WA003,310726,WA003,101,3005WGUM-3005WGUM-3007DRYGUM-3007S-3025S-3033A-3035A-9999A-9999C-9999CS-9999E,10,1022512158,300995958,1,"",
WA003,310726,WA003,101,3005WGUM-3005WGUM-3007DRYGUM-3007S-3025S-3033A-3035A-9999A-9999C-9999CS-9999E,10,1022512158,300995959,1,"",
WA003,310726,WA003,101,3005WGUM-3005WGUM-3007DRYGUM-3007S-3025S-3033A-3035A-9999A-9999C-9999CS-9999E,10,1022512158,300995964,1,"",
WA003,310726,WA003,101,3005WGUM-3005WGUM-3007DRYGUM-3007S-3025S-3033A-3035A-9999A-9999C-9999CS-9999E,10,1022512158,300995965,1,"",
WA003,310726,WA003,101,3005WGUM-3005WGUM-3007DRYGUM-3007S-3025S-3033A-3035A-9999A-9999C-9999CS-9999E,10,1022512158,300995966,1,"",
WA003,310726,WA003,101,3005WGUM-3005WGUM-3007DRYGUM-3007S-3025S-3033A-3035A-9999A-9999C-9999CS-9999E,10,1022512158,300995967,1,"",
WA003,310726,WA003,101,3007S-3025S-3033A-3035A-9999A-9999C-9999CS-9999E,10,1022512160,300996147,1,"",
WA003,310726,WA003,101,3007S-3025S-3033A-3035A-9999A-9999C-9999CS-9999E,10,1022512160,300996148,1,"",
WA003,310726,WA003,101,3007S-3025S-3033A-3035A-9999A-9999C-9999CS-9999E,10,1022512160,300996149,1,"",
WA003,310726,WA003,101,3007S-3025S-3033A-3035A-9999A-9999C-9999CS-9999E,10,1022512160,300996150,1,"",
WA003,310726,WA003,101,3007S-3025S-3033A-3035A-9999A-9999C-9999CS-9999E,10,1022512160,300996151,1,"",
WA003,310726,WA003,101,3007S-3025S-3033A-3035A-9999A-9999C-9999CS-9999E,10,1022512160,300996354,1,"",
WA003,310726,WA003,101,3007S-3025S-3033A-3035A-9999A-9999C-9999CS-9999E,10,1022512160,300996355,1,"",
WA003,310726,WA003,101,3007S-3025S-3033A-3035A-9999A-9999C-9999CS-9999E,10,1022512160,300996356,1,"",
WA003,310726,WA003,101,3007S-3025S-3033A-3035A-9999A-9999C-9999CS-9999E,10,1022512161,300996357,1,"",
WA003,310726,WA003,101,3007S-3025S-3033A-3035A-9999A-9999C-9999CS-9999E,10,1022512161,300996370,1,"",
WA003,310726,WA003,101,3007S-3025S-3033A-3035A-9999A-9999C-9999CS-9999E,10,1022512161,300996371,1,"",
WA003,310726,WA003,101,3007S-3025S-3033A-3035A-9999A-9999C-9999CS-9999E,10,1022512161,300996372,1,"",
WA003,310726,WA003,101,3007S-3025S-3033A-3035A-9999A-9999C-9999CS-9999E,10,1022512161,300996401,1,"",
WA003,310726,WA003,101,3007S-3025S-3033A-3035A-9999A-9999C-9999CS-9999E,10,1022512161,300996402,1,"",
WA003,310726,WA003,101,3007S-3025S-3033A-3035A-9999A-9999C-9999CS-9999E,10,1022512161,300996403,1,"",
WA003,310726,WA003,101,3007S-3025S-3033A-3035A-9999A-9999C-9999CS-9999E,10,1022512161,300996404,1,"",
WA003,310726,WA003,101,3007S-3025S-3033A-3035A-9999A-9999C-9999CS-9999E,10,1022512162,300996412,1,"",
WA003,310726,WA003,101,3007S-3025S-3033A-3035A-9999A-9999C-9999CS-9999E,10,1022512162,300996428,1,"",
WA003,310726,WA003,101,3007S-3025S-3033A-3035A-9999A-9999C-9999CS-9999E,10,1022512162,300996429,1,"",
WA003,310726,WA003,101,3007S-3025S-3033A-3035A-9999A-9999C-9999CS-9999E,10,1022512162,300996430,1,"",
WA003,310726,WA003,101,3007S-3025S-3033A-3035A-9999A-9999C-9999CS-9999E,10,1022512162,300996472,1,"",
WA003,310726,WA003,101,3007S-3025S-3033A-3035A-9999A-9999C-9999CS-9999E,10,1022512162,300996473,1,"",
WA003,310726,WA003,101,3007S-3025S-3033A-3035A-9999A-9999C-9999CS-9999E,10,1022512162,300996474,1,"",
WA003,310726,WA003,101,3007S-3025S-3033A-3035A-9999A-9999C-9999CS-9999E,10,1022512162,300996475,1,"",
WA003,310726,WA003,101,3007S-3025S-3033A-3035A-9999A-9999C-9999CS-9999E,8,1022512362,300998700,1,"",
WA003,310726,WA003,101,3007S-3025S-3033A-3035A-9999A-9999C-9999CS-9999E,8,1022512362,300998703,1,"",
WA003,310726,WA003,101,3007S-3025S-3033A-3035A-9999A-9999C-9999CS-9999E,8,1022512362,300998704,1,"",
WA003,310726,WA003,101,3007S-3025S-3033A-3035A-9999A-9999C-9999CS-9999E,8,1022512362,300998707,1,"",
WA003,310726,WA003,101,3007S-3025S-3033A-3035A-9999A-9999C-9999CS-9999E,8,1022512362,300998723,1,"",
WA003,310726,WA003,101,3007S-3025S-3033A-3035A-9999A-9999C-9999CS-9999E,8,1022512362,300998724,1,"",
WA003,310726,WA003,101,3007S-3025S-3033A-3035A-9999A-9999C-9999CS-9999E,8,1022512362,300998727,1,"",
WA003,310726,WA003,101,3007S-3025S-3033A-3035A-9999A-9999C-9999CS-9999E,8,1022512362,300998729,1,"",
WA003,310726,WA003,101,3007S-3025S-3033A-3035A-9999A-9999C-9999CS-9999E,8,1022512363,300998743,1,"",
WA003,310726,WA003,101,3007S-3025S-3033A-3035A-9999A-9999C-9999CS-9999E,8,1022512363,300998744,1,"",
WA003,310726,WA003,101,3007S-3025S-3033A-3035A-9999A-9999C-9999CS-9999E,8,1022512363,300998745,1,"",
WA003,310726,WA003,101,3007S-3025S-3033A-3035A-9999A-9999C-9999CS-9999E,8,1022512363,300998750,1,"",
WA003,310726,WA003,101,3007S-3025S-3033A-3035A-9999A-9999C-9999CS-9999E,8,1022512363,300998754,1,"",
WA003,310726,WA003,101,3007S-3025S-3033A-3035A-9999A-9999C-9999CS-9999E,8,1022512363,300998756,1,"",
WA003,310726,WA003,101,3007S-3025S-3033A-3035A-9999A-9999C-9999CS-9999E,8,1022512363,300998757,1,"",
WA003,310726,WA003,101,3007S-3025S-3033A-3035A-9999A-9999C-9999CS-9999E,8,1022512363,300998758,1,"",
WA003,310726,WA003,101,3007S-3025S-3033A-3035A-9999A-9999E,10,1022512163,300996477,1,"",
WA003,310726,WA003,101,3007S-3025S-3033A-3035A-9999A-9999E,10,1022512163,300996478,1,"",
WA003,310726,WA003,101,3007S-3025S-3033A-3035A-9999A-9999E,10,1022512163,300996491,1,"",
WA003,310726,WA003,101,3007S-3025S-3033A-3035A-9999A-9999E,10,1022512163,300996520,1,"",
WA003,310726,WA003,101,3007S-3025S-3033A-3035A-9999A-9999E,10,1022512163,300996521,1,"",
WA003,310726,WA003,101,3007S-3025S-3033A-3035A-9999A-9999E,10,1022512163,300996522,1,"",
WA003,310726,WA003,101,3007S-3025S-3033A-3035A-9999A-9999E,10,1022512163,300996523,0,"",
WA003,310726,WA003,101,3007S-3025S-3035A-9999A-9999E,8,1022512364,300998778,1,"",
WA003,310726,WA003,101,3007S-3025S-3035A-9999A-9999E,8,1022512364,300998779,1,"",
WA003,310726,WA003,101,3007S-3025S-3035A-9999A-9999E,8,1022512364,300998785,1,"",
WA003,310726,WA003,101,3007S-3025S-3035A-9999A-9999E,8,1022512364,300998786,1,"",
WA003,310726,WA003,101,3007S-3025S-3035A-9999A-9999E,8,1022512364,300998813,1,"",
WA003,310726,WA003,101,3007S-3025S-3035A-9999A-9999E,8,1022512364,300998814,1,"",
WA003,310726,WA003,101,3007S-3025S-3035A-9999A-9999E,8,1022512364,300998815,1,"",
WA003,310726,WA003,101,3007S-3025S-3035A-9999A-9999E,8,1022512364,300998835,1,"",
WA004,310015,WA001,101,9999A-9999E,49,1002508207,300941022,1,"",
WA004,310015,WA001,101,9999A-9999E,49,1002508207,300941023,1,"",
WA004,310015,WA001,101,9999A-9999E,49,1002508207,300941076,1,"",
WA004,310015,WA001,101,9999A-9999E,49,1002508207,300941077,1,"",
WA004,310015,WA001,101,9999A-9999E,49,1002508207,300941078,1,"",
WA004,310015,WA001,101,9999A-9999E,49,1002508207,300941079,1,"",
WA004,310015,WA001,101,9999A-9999E,49,1002508208,300941081,1,"",
WA004,310015,WA001,101,9999A-9999E,49,1002508208,300941082,1,"",
WA004,310015,WA001,101,9999A-9999E,49,1002508208,300941083,1,"",
WA004,310015,WA001,101,9999A-9999E,49,1002508208,300941084,1,"",
WA004,310015,WA001,101,9999A-9999E,49,1002508208,300941085,1,"",
WA004,310015,WA001,101,9999A-9999E,49,1002508208,300941086,1,"",
WA004,310015,WA001,101,9999A-9999E,49,1002508208,300941087,1,"",
WA004,310015,WA001,101,9999A-9999E,49,1002508208,300941088,1,"",
WA004,310015,WA001,101,9999A-9999E,48,1002508301,300942294,1,"",
WA007,310724,WA002,101,3040A-3041A-3043A-3045A-3053A-3055A-3055A-9999A-9999C-9999E,20,1012511110,300980991,1,233229-1-1-101,2025-05-27 00:00:00
WA007,310724,WA002,101,3040A-3041A-3043A-3045A-3053A-3055A-3055A-9999A-9999E,16,1012511505,300985479,1,233229-1-1-101,2025-05-27 00:00:00
WA007,310724,WA002,101,3040A-3041A-3043A-3045A-3053A-3055A-3055A-9999A-9999E,16,1012511505,300985481,1,233229-1-1-101,2025-05-27 00:00:00
WA007,310724,WA002,101,3040A-3043A-3045A-3053A-3055A-3055A-9999A-9999C-9999E,36,1012509507,300958810,0,"",
WA007,310724,WA002,101,3040A-3043A-3045A-3053A-3055A-3055A-9999A-9999C-9999E,28,1012510305,300969534,0,232946-1-2-103,
WA007,310724,WA002,101,3040A-3043A-3045A-3053A-3055A-3055A-9999A-9999C-9999E,23,1012510810,300976521,1,233107-1-1-103,
WA007,310724,WA002,101,3040A-3043A-3045A-3053A-3055A-3055A-9999A-9999C-9999E,23,1012510810,300976664,1,233107-1-1-103,
WA007,310724,WA002,101,3040A-3043A-3045A-3053A-3055A-3055A-9999A-9999C-9999E,23,1012510810,300976665,1,233107-1-1-103,
WA007,310724,WA002,101,3040A-3043A-3045A-3053A-3055A-3055A-9999A-9999C-9999E,23,1012510810,300976666,1,233107-1-1-103,
WA007,310724,WA002,101,3040A-3043A-3045A-3053A-3055A-3055A-9999A-9999C-9999E,23,1012510810,300976667,1,233107-1-1-103,
WA007,310724,WA002,101,3040A-3043A-3045A-3053A-3055A-3055A-9999A-9999C-9999E,23,1012510810,300976704,1,233107-1-1-103,
WA007,310724,WA002,101,3040A-3043A-3045A-3053A-3055A-3055A-9999A-9999C-9999E,23,1012510810,300976705,1,233107-1-1-103,
WA007,310724,WA002,101,3040A-3043A-3045A-3053A-3055A-3055A-9999A-9999C-9999E,23,1012510810,300976706,1,233107-1-1-103,
WA007,310724,WA002,101,3040A-3043A-3045A-3053A-3055A-3055A-9999A-9999C-9999E,23,1012510811,300976762,1,233107-1-1-103,
WA007,310724,WA002,101,3040A-3043A-3045A-3053A-3055A-3055A-9999A-9999C-9999E,23,1012510811,300976763,1,233107-1-1-103,
WA007,310724,WA002,101,3040A-3043A-3045A-3053A-3055A-3055A-9999A-9999C-9999E,23,1012510811,300976764,1,233107-1-1-103,
WA007,310724,WA002,101,3040A-3043A-3045A-3053A-3055A-3055A-9999A-9999C-9999E,23,1012510811,300976765,1,233107-1-1-103,
WA007,310724,WA002,101,3040A-3043A-3045A-3053A-3055A-3055A-9999A-9999C-9999E,23,1012510811,300976823,1,233107-1-1-103,
WA007,310724,WA002,101,3040A-3043A-3045A-3053A-3055A-3055A-9999A-9999C-9999E,23,1012510811,300976824,1,233107-1-1-103,
WA007,310724,WA002,101,3040A-3043A-3045A-3053A-3055A-3055A-9999A-9999C-9999E,23,1012510811,300976825,1,233107-1-1-103,
WA007,310724,WA002,101,3040A-3043A-3045A-3053A-3055A-3055A-9999A-9999C-9999E,23,1012510811,300976826,1,233107-1-1-103,
WA007,310724,WA002,101,3040A-3043A-3045A-3053A-3055A-3055A-9999A-9999C-9999E,22,1012510912,300978207,1,233107-1-1-103,
WA007,310724,WA002,101,3040A-3043A-3045A-3053A-3055A-3055A-9999A-9999C-9999E,22,1012510912,300978208,1,233107-1-1-103,
WA007,310724,WA002,101,3040A-3043A-3045A-3053A-3055A-3055A-9999A-9999C-9999E,22,1012510912,300978209,1,233107-1-1-103,
WA007,310724,WA002,101,3040A-3043A-3045A-3053A-3055A-3055A-9999A-9999C-9999E,22,1012510912,300978210,1,233107-1-1-103,
WA007,310724,WA002,101,3040A-3043A-3045A-3053A-3055A-3055A-9999A-9999C-9999E,22,1012510912,300978211,1,233107-1-1-103,
WA007,310724,WA002,101,3040A-3043A-3045A-3053A-3055A-3055A-9999A-9999C-9999E,22,1012510912,300978212,1,233107-1-1-103,
WA007,310724,WA002,101,3040A-3043A-3045A-3053A-3055A-3055A-9999A-9999C-9999E,22,1012510912,300978213,1,233107-1-1-103,
WA007,310724,WA002,101,3040A-3043A-3045A-3053A-3055A-3055A-9999A-9999C-9999E,22,1012510912,300978214,1,233107-1-1-103,
WA007,310724,WA002,101,3040A-3043A-3045A-3053A-3055A-3055A-9999A-9999C-9999E,22,1012510913,300978256,1,233107-1-1-103,
WA007,310724,WA002,101,3040A-3043A-3045A-3053A-3055A-3055A-9999A-9999C-9999E,22,1012510913,300978257,1,233107-1-1-103,
WA007,310724,WA002,101,3040A-3043A-3045A-3053A-3055A-3055A-9999A-9999C-9999E,22,1012510913,300978258,1,233107-1-1-103,
WA007,310724,WA002,101,3040A-3043A-3045A-3053A-3055A-3055A-9999A-9999C-9999E,22,1012510913,300978259,1,233107-1-1-103,
WA007,310724,WA002,101,3040A-3043A-3045A-3053A-3055A-3055A-9999A-9999C-9999E,21,1012511001,300978436,1,233107-1-1-103,
WA007,310724,WA002,101,3040A-3043A-3045A-3053A-3055A-3055A-9999A-9999C-9999E,21,1012511001,300978438,1,233107-1-1-103,
WA007,310724,WA002,101,3040A-3043A-3045A-3053A-3055A-3055A-9999A-9999C-9999E,21,1012511001,300978439,1,233107-1-1-103,
WA007,310724,WA002,101,3040A-3043A-3045A-3053A-3055A-3055A-9999A-9999C-9999E,21,1012511001,300978440,1,233107-1-1-103,
WA007,310724,WA002,101,3040A-3043A-3045A-3053A-3055A-3055A-9999A-9999C-9999E,21,1012511014,300979551,0,232946-1-2-103,
WA007,310724,WA002,101,3040A-3043A-3045A-3053A-3055A-3055A-9999A-9999C-9999E,20,1012511106,300980740,1,232935-1-3-103,
WA007,310724,WA002,101,3040A-3043A-3045A-3053A-3055A-3055A-9999A-9999C-9999E,20,1012511106,300980741,1,232935-1-3-103,
WA007,310724,WA002,101,3040A-3043A-3045A-3053A-3055A-3055A-9999A-9999C-9999E,20,1012511106,300980778,1,232935-1-3-103,
WA007,310724,WA002,101,3040A-3043A-3045A-3053A-3055A-3055A-9999A-9999C-9999E,20,1012511106,300980779,1,232935-1-3-103,
WA007,310724,WA002,101,3040A-3043A-3045A-3053A-3055A-3055A-9999A-9999C-9999E,20,1012511106,300980784,1,232935-1-3-103,
WA007,310724,WA002,101,3040A-3043A-3045A-3053A-3055A-3055A-9999A-9999C-9999E,20,1012511106,300980785,1,232935-1-3-103,
WA007,310724,WA002,101,3040A-3043A-3045A-3053A-3055A-3055A-9999A-9999C-9999E,20,1012511106,300980786,1,232935-1-3-103,
WA007,310724,WA002,101,3040A-3043A-3045A-3053A-3055A-3055A-9999A-9999C-9999E,20,1012511106,300980787,1,232935-1-3-103,
WA007,310724,WA002,101,3040A-3043A-3045A-3053A-3055A-3055A-9999A-9999C-9999E,20,1012511107,300980798,1,232935-1-3-103,
WA007,310724,WA002,101,3040A-3043A-3045A-3053A-3055A-3055A-9999A-9999C-9999E,20,1012511107,300980799,1,232935-1-3-103,
WA007,310724,WA002,101,3040A-3043A-3045A-3053A-3055A-3055A-9999A-9999C-9999E,20,1012511107,300980800,1,232935-1-3-103,
WA007,310724,WA002,101,3040A-3043A-3045A-3053A-3055A-3055A-9999A-9999C-9999E,20,1012511107,300980805,1,232935-1-3-103,
WA007,310724,WA002,101,3040A-3043A-3045A-3053A-3055A-3055A-9999A-9999C-9999E,20,1012511107,300980806,1,232935-1-3-103,
WA007,310724,WA002,101,3040A-3043A-3045A-3053A-3055A-3055A-9999A-9999C-9999E,20,1012511107,300980807,1,232935-1-3-103,
WA007,310724,WA002,101,3040A-3043A-3045A-3053A-3055A-3055A-9999A-9999C-9999E,20,1012511107,300980808,1,232935-1-3-103,
WA007,310724,WA002,101,3040A-3043A-3045A-3053A-3055A-3055A-9999A-9999C-9999E,20,1012511107,300980810,1,232935-1-3-103,
WA007,310724,WA002,101,3040A-3043A-3045A-3053A-3055A-3055A-9999A-9999C-9999E,19,1012511207,300982286,1,233232-1-1-103,
WA007,310724,WA002,101,3040A-3043A-3045A-3053A-3055A-3055A-9999A-9999C-9999E,19,1012511207,300982287,1,233232-1-1-103,
WA007,310724,WA002,101,3040A-3043A-3045A-3053A-3055A-3055A-9999A-9999C-9999E,19,1012511207,300982288,1,233232-1-1-103,
WA007,310724,WA002,101,3040A-3043A-3045A-3053A-3055A-3055A-9999A-9999C-9999E,19,1012511207,300982289,1,233232-1-1-103,
WA007,310724,WA002,101,3040A-3043A-3045A-3053A-3055A-3055A-9999A-9999C-9999E,19,1012511207,300982290,1,233232-1-1-103,
WA007,310724,WA002,101,3040A-3043A-3045A-3053A-3055A-3055A-9999A-9999C-9999E,19,1012511207,300982291,1,233232-1-1-103,
WA007,310724,WA002,101,3040A-3043A-3045A-3053A-3055A-3055A-9999A-9999C-9999E,19,1012511207,300982292,1,233232-1-1-103,
WA007,310724,WA002,101,3040A-3043A-3045A-3053A-3055A-3055A-9999A-9999C-9999E,19,1012511207,300982381,1,233232-1-1-103,
WA007,310724,WA002,101,3040A-3043A-3045A-3053A-3055A-3055A-9999A-9999C-9999E,19,1012511209,300982431,1,233232-1-1-103,
WA007,310724,WA002,101,3040A-3043A-3045A-3053A-3055A-3055A-9999A-9999C-9999E,19,1012511209,300982432,1,233232-1-1-103,
WA007,310724,WA002,101,3040A-3043A-3045A-3053A-3055A-3055A-9999A-9999C-9999E,19,1012511209,300982433,1,233232-1-1-103,
WA007,310724,WA002,101,3040A-3043A-3045A-3053A-3055A-3055A-9999A-9999C-9999E,19,1012511209,300982434,1,233232-1-1-103,
WA007,310724,WA002,101,3040A-3043A-3045A-3053A-3055A-3055A-9999A-9999C-9999E,19,1012511209,300982435,1,233232-1-1-103,
WA007,310724,WA002,101,3040A-3043A-3045A-3053A-3055A-3055A-9999A-9999C-9999E,19,1012511209,300982449,1,233232-1-1-103,
WA007,310724,WA002,101,3040A-3043A-3045A-3053A-3055A-3055A-9999A-9999C-9999E,19,1012511209,300982519,1,233232-1-1-103,
WA007,310724,WA002,101,3040A-3043A-3045A-3053A-3055A-3055A-9999A-9999C-9999E,19,1012511209,300982520,1,233232-1-1-103,
WA007,310724,WA002,101,3040A-3043A-3045A-3053A-3055A-3055A-9999A-9999C-9999E,19,1012511210,300982521,1,233232-1-1-103,
WA007,310724,WA002,101,3040A-3043A-3045A-3053A-3055A-3055A-9999A-9999C-9999E,19,1012511210,300982522,1,233232-1-1-103,
WA007,310724,WA002,101,3040A-3043A-3045A-3053A-3055A-3055A-9999A-9999C-9999E,19,1012511210,300982523,1,233232-1-1-103,
WA007,310724,WA002,101,3040A-3043A-3045A-3053A-3055A-3055A-9999A-9999C-9999E,19,1012511210,300982589,1,233232-1-1-103,
WA007,310724,WA002,101,3040A-3043A-3045A-3053A-3055A-3055A-9999A-9999C-9999E,19,1012511210,300982590,1,233232-1-1-103,
WA007,310724,WA002,101,3040A-3043A-3045A-3053A-3055A-3055A-9999A-9999C-9999E,19,1012511210,300982591,1,233232-1-1-103,
WA007,310724,WA002,101,3040A-3043A-3045A-3053A-3055A-3055A-9999A-9999C-9999E,19,1012511210,300982592,1,233232-1-1-103,
WA007,310724,WA002,101,3040A-3043A-3045A-3053A-3055A-3055A-9999A-9999C-9999E,19,1012511210,300982593,1,233232-1-1-103,
WA007,310724,WA002,101,3040A-3043A-3045A-3053A-3055A-3055A-9999A-9999C-9999E,19,1012511211,300982630,1,233232-1-1-103,
WA007,310724,WA002,101,3040A-3043A-3045A-3053A-3055A-3055A-9999A-9999C-9999E,19,1012511211,300982676,1,233232-1-1-103,
WA007,310724,WA002,101,3040A-3043A-3045A-3053A-3055A-3055A-9999A-9999C-9999E,19,1012511211,300982677,1,233232-1-1-103,
WA007,310724,WA002,101,3040A-3043A-3045A-3053A-3055A-3055A-9999A-9999C-9999E,19,1012511211,300982678,1,233232-1-1-103,
WA007,310724,WA002,101,3040A-3043A-3045A-3053A-3055A-3055A-9999A-9999C-9999E,19,1012511211,300982679,1,233232-1-1-103,
WA007,310724,WA002,101,3040A-3043A-3045A-3053A-3055A-3055A-9999A-9999C-9999E,19,1012511211,300982686,1,233232-1-1-103,
WA007,310724,WA002,101,3040A-3043A-3045A-3053A-3055A-3055A-9999A-9999C-9999E,19,1012511211,300982693,1,233232-1-1-103,
WA007,310724,WA002,101,3040A-3043A-3045A-3053A-3055A-3055A-9999A-9999C-9999E,19,1012511211,300982694,1,233232-1-1-103,
WA007,310724,WA002,101,3040A-3043A-3045A-3053A-3055A-3055A-9999A-9999C-9999E,16,1012511511,300986329,1,233107-1-1-102,
WA007,310724,WA002,101,3040A-3043A-3045A-3053A-3055A-3055A-9999A-9999C-9999E,16,1012511511,300986331,1,233107-1-1-102,
WA007,310724,WA002,101,3040A-3043A-3045A-3053A-3055A-3055A-9999A-9999C-9999E,16,1012511511,300986332,1,233107-1-1-102,
WA007,310724,WA002,101,3040A-3043A-3045A-3053A-3055A-3055A-9999A-9999C-9999E,16,1012511511,300986356,1,233107-1-1-102,
WA007,310724,WA002,101,3040A-3043A-3045A-3053A-3055A-3055A-9999A-9999C-9999E,16,1012511511,300986357,1,233107-1-1-102,
WA007,310724,WA002,101,3040A-3043A-3045A-3053A-3055A-3055A-9999A-9999C-9999E,16,1012511511,300986358,1,233107-1-1-102,
WA007,310724,WA002,101,3040A-3043A-3045A-3053A-3055A-3055A-9999A-9999C-9999E,16,1012511511,300986403,1,233107-1-1-102,
WA007,310724,WA002,101,3040A-3043A-3045A-3053A-3055A-3055A-9999A-9999C-9999E,16,1012511511,300986404,1,233107-1-1-102,
WA007,310724,WA002,101,3040A-3043A-3045A-3053A-3055A-3055A-9999A-9999C-9999E,16,1012511514,300986590,1,233107-1-1-102,
WA007,310724,WA002,101,3040A-3043A-3045A-3053A-3055A-3055A-9999A-9999C-9999E,16,1012511514,300986592,1,233107-1-1-102,
WA007,310724,WA002,101,3040A-3043A-3045A-3053A-3055A-3055A-9999A-9999C-9999E,16,1012511514,300986593,1,233107-1-1-102,
WA007,310724,WA002,101,3040A-3043A-3045A-3053A-3055A-3055A-9999A-9999C-9999E,16,1012511514,300986650,1,233107-1-1-102,
WA007,310724,WA002,101,3040A-3043A-3045A-3053A-3055A-3055A-9999A-9999C-9999E,16,1012511514,300986651,1,233107-1-1-102,
WA007,310724,WA002,101,3040A-3043A-3045A-3053A-3055A-3055A-9999A-9999C-9999E,16,1012511514,300986652,1,233107-1-1-102,
WA007,310724,WA002,101,3040A-3043A-3045A-3053A-3055A-3055A-9999A-9999C-9999E,16,1012511514,300986669,1,233107-1-1-102,
WA007,310724,WA002,101,3040A-3043A-3045A-3053A-3055A-3055A-9999A-9999C-9999E,16,1012511514,300986670,1,233107-1-1-102,
WA007,310724,WA002,101,3040A-3043A-3045A-3053A-3055A-3055A-9999A-9999C-9999E,15,1012511606,300987355,1,233107-1-1-102,
WA007,310724,WA002,101,3040A-3043A-3045A-3053A-3055A-3055A-9999A-9999C-9999E,15,1012511606,300987356,1,233107-1-1-102,
WA007,310724,WA002,101,3040A-3043A-3045A-3053A-3055A-3055A-9999A-9999C-9999E,15,1012511606,300987370,1,233107-1-1-102,
WA007,310724,WA002,101,3040A-3043A-3045A-3053A-3055A-3055A-9999A-9999C-9999E,15,1012511606,300987373,1,233107-1-1-102,
WA007,310724,WA002,101,3040A-3043A-3045A-3053A-3055A-3055A-9999A-9999C-9999E,15,1012511606,300987415,1,233107-1-1-102,
WA007,310724,WA002,101,3040A-3043A-3045A-3053A-3055A-3055A-9999A-9999C-9999E,15,1012511606,300987416,1,233107-1-1-102,
WA007,310724,WA002,101,3040A-3043A-3045A-3053A-3055A-3055A-9999A-9999C-9999E,15,1012511606,300987425,1,233107-1-1-102,
WA007,310724,WA002,101,3040A-3043A-3045A-3053A-3055A-3055A-9999A-9999C-9999E,15,1012511606,300987434,1,233107-1-1-102,
WA007,310724,WA002,101,3040A-3043A-3045A-3053A-3055A-3055A-9999A-9999C-9999E,13,1012511811,300990660,1,"",
WA007,310724,WA002,101,3040A-3043A-3045A-3053A-3055A-3055A-9999A-9999C-9999E,13,1012511811,300990661,1,"",
WA007,310724,WA002,101,3040A-3043A-3045A-3053A-3055A-3055A-9999A-9999C-9999E,13,1012511811,300990662,1,"",
WA007,310724,WA002,101,3040A-3043A-3045A-3053A-3055A-3055A-9999A-9999C-9999E,13,1012511811,300990683,1,"",
WA007,310724,WA002,101,3040A-3043A-3045A-3053A-3055A-3055A-9999A-9999C-9999E,13,1012511811,300990684,1,"",
WA007,310724,WA002,101,3040A-3043A-3045A-3053A-3055A-3055A-9999A-9999C-9999E,13,1012511811,300990685,1,"",
WA007,310724,WA002,101,3040A-3043A-3045A-3053A-3055A-3055A-9999A-9999C-9999E,13,1012511811,300990701,1,"",
WA007,310724,WA002,101,3040A-3043A-3045A-3053A-3055A-3055A-9999A-9999C-9999E,13,1012511811,300990702,1,"",
WA007,310724,WA002,101,3040A-3043A-3045A-3053A-3055A-3055A-9999A-9999C-9999E,13,1012511812,300990703,1,"",
WA007,310724,WA002,101,3040A-3043A-3045A-3053A-3055A-3055A-9999A-9999C-9999E,13,1012511812,300990704,1,"",
WA007,310724,WA002,101,3040A-3043A-3045A-3053A-3055A-3055A-9999A-9999C-9999E,13,1012511812,300990722,1,"",
WA007,310724,WA002,101,3040A-3043A-3045A-3053A-3055A-3055A-9999A-9999C-9999E,13,1012511812,300990791,1,"",
WA007,310724,WA002,101,3040A-3043A-3045A-3053A-3055A-3055A-9999A-9999C-9999E,13,1012511812,300990792,1,"",
WA007,310724,WA002,101,3040A-3043A-3045A-3053A-3055A-3055A-9999A-9999C-9999E,13,1012511812,300990793,1,"",
WA007,310724,WA002,101,3040A-3043A-3045A-3053A-3055A-3055A-9999A-9999E,34,1012509707,300961778,0,"",
WA007,310724,WA002,101,3040A-3043A-3045A-3053A-3055A-3055A-9999A-9999E,30,1012510101,300966314,0,232946-1-2-103,
WA007,310724,WA002,101,3040A-3043A-3045A-3053A-3055A-3055A-9999A-9999E,30,1012510102,300966322,0,232946-1-2-103,
WA007,310724,WA002,101,3040A-3043A-3045A-3053A-3055A-3055A-9999A-9999E,27,1012510407,300971205,0,232865-1-3-108,
WA007,310724,WA002,101,3040A-3043A-3045A-3053A-3055A-3055A-9999A-9999E,24,1012510715,300975522,1,233107-1-1-103,
WA007,310724,WA002,101,3040A-3043A-3045A-3053A-3055A-3055A-9999A-9999E,24,1012510715,300975523,1,233107-1-1-103,
WA007,310724,WA002,101,3040A-3043A-3045A-3053A-3055A-3055A-9999A-9999E,24,1012510715,300975540,1,233107-1-1-103,
WA007,310724,WA002,101,3040A-3043A-3045A-3053A-3055A-3055A-9999A-9999E,24,1012510715,300975541,1,233107-1-1-103,
WA007,310724,WA002,101,3040A-3043A-3045A-3053A-3055A-3055A-9999A-9999E,24,1012510715,300975542,1,233107-1-1-103,
WA007,310724,WA002,101,3040A-3043A-3045A-3053A-3055A-3055A-9999A-9999E,23,1012510801,300975628,1,233107-1-1-103,
WA007,310724,WA002,101,3040A-3043A-3045A-3053A-3055A-3055A-9999A-9999E,23,1012510801,300975629,1,233107-1-1-103,
WA007,310724,WA002,101,3040A-3043A-3045A-3053A-3055A-3055A-9999A-9999E,23,1012510801,300975630,1,233107-1-1-103,
WA007,310724,WA002,101,3040A-3043A-3045A-3053A-3055A-3055A-9999A-9999E,23,1012510801,300975750,1,233107-1-1-103,
WA007,310724,WA002,101,3040A-3043A-3045A-3053A-3055A-3055A-9999A-9999E,23,1012510801,300975757,1,233107-1-1-103,
WA007,310724,WA002,101,3040A-3043A-3045A-3053A-3055A-3055A-9999A-9999E,23,1012510801,300975768,1,233107-1-1-103,
WA007,310724,WA002,101,3040A-3043A-3045A-3053A-3055A-3055A-9999A-9999E,23,1012510801,300975769,1,233107-1-1-103,
WA007,310724,WA002,101,3040A-3043A-3045A-3053A-3055A-3055A-9999A-9999E,23,1012510801,300975770,1,233107-1-1-103,
WA007,310724,WA002,101,3040A-3043A-3045A-3053A-3055A-3055A-9999A-9999E,23,1012510802,300975832,1,233107-1-1-103,
WA007,310724,WA002,101,3040A-3043A-3045A-3053A-3055A-3055A-9999A-9999E,23,1012510802,300975847,1,233107-1-1-103,
WA007,310724,WA002,101,3040A-3043A-3045A-3053A-3055A-3055A-9999A-9999E,23,1012510802,300975890,1,233107-1-1-103,
WA007,310724,WA002,101,3040A-3043A-3045A-3053A-3055A-3055A-9999A-9999E,23,1012510802,300975891,1,233107-1-1-103,
WA007,310724,WA002,101,3040A-3043A-3045A-3053A-3055A-3055A-9999A-9999E,23,1012510802,300975895,1,233107-1-1-103,
WA007,310724,WA002,101,3040A-3043A-3045A-3053A-3055A-3055A-9999A-9999E,23,1012510802,300975908,1,233107-1-1-103,
WA007,310724,WA002,101,3040A-3043A-3045A-3053A-3055A-3055A-9999A-9999E,23,1012510802,300975909,1,233107-1-1-103,
WA007,310724,WA002,101,3040A-3043A-3045A-3053A-3055A-3055A-9999A-9999E,23,1012510802,300975910,1,233107-1-1-103,
WA007,310724,WA002,101,3040A-3043A-3045A-3053A-3055A-3055A-9999A-9999E,23,1012510809,300976508,1,233107-1-1-103,
WA007,310724,WA002,101,3040A-3043A-3045A-3053A-3055A-3055A-9999A-9999E,23,1012510812,300976841,1,233107-1-1-103,
WA007,310724,WA002,101,3040A-3043A-3045A-3053A-3055A-3055A-9999A-9999E,23,1012510812,300976842,1,233107-1-1-103,
WA007,310724,WA002,101,3040A-3043A-3045A-3053A-3055A-3055A-9999A-9999E,23,1012510812,300976843,1,233107-1-1-103,
WA007,310724,WA002,101,3040A-3043A-3045A-3053A-3055A-3055A-9999A-9999E,22,1012510911,300978104,1,233107-1-1-103,
WA007,310724,WA002,101,3040A-3043A-3045A-3053A-3055A-3055A-9999A-9999E,22,1012510911,300978105,1,233107-1-1-103,
WA007,310724,WA002,101,3040A-3043A-3045A-3053A-3055A-3055A-9999A-9999E,22,1012510911,300978174,1,233107-1-1-103,
WA007,310724,WA002,101,3040A-3043A-3045A-3053A-3055A-3055A-9999A-9999E,22,1012510911,300978175,1,233107-1-1-103,
WA007,310724,WA002,101,3040A-3043A-3045A-3053A-3055A-3055A-9999A-9999E,20,1012511102,300979838,1,232946-1-2-106,
WA007,310724,WA002,101,3040A-3043A-3045A-3053A-3055A-3055A-9999A-9999E,20,1012511102,300979839,1,232946-1-2-106,
WA007,310724,WA002,101,3040A-3043A-3045A-3053A-3055A-3055A-9999A-9999E,20,1012511102,300979840,1,232946-1-2-106,
WA007,310724,WA002,101,3040A-3043A-3045A-3053A-3055A-3055A-9999A-9999E,20,1012511102,300979856,1,232946-1-2-106,
WA007,310724,WA002,101,3040A-3043A-3045A-3053A-3055A-3055A-9999A-9999E,20,1012511102,300979858,1,232946-1-2-106,
WA007,310724,WA002,101,3040A-3043A-3045A-3053A-3055A-3055A-9999A-9999E,20,1012511102,300979859,1,232946-1-2-106,
WA007,310724,WA002,101,3040A-3043A-3045A-3053A-3055A-3055A-9999A-9999E,20,1012511102,300979874,1,232946-1-2-106,
WA007,310724,WA002,101,3040A-3043A-3045A-3053A-3055A-3055A-9999A-9999E,20,1012511102,300979876,1,232946-1-2-106,
WA007,310724,WA002,101,3040A-3043A-3045A-3053A-3055A-3055A-9999A-9999E,20,1012511104,300980167,1,232946-1-2-106,
WA007,310724,WA002,101,3040A-3043A-3045A-3053A-3055A-3055A-9999A-9999E,20,1012511104,300980178,1,232946-1-2-106,
WA007,310724,WA002,101,3040A-3043A-3045A-3053A-3055A-3055A-9999A-9999E,20,1012511104,300980179,1,232946-1-2-106,
WA007,310724,WA002,101,3040A-3043A-3045A-3053A-3055A-3055A-9999A-9999E,20,1012511104,300980199,1,232946-1-2-106,
WA007,310724,WA002,101,3040A-3043A-3045A-3053A-3055A-3055A-9999A-9999E,20,1012511104,300980200,1,232935-1-3-103,
WA007,310724,WA002,101,3040A-3043A-3045A-3053A-3055A-3055A-9999A-9999E,20,1012511104,300980201,1,232935-1-3-103,
WA007,310724,WA002,101,3040A-3043A-3045A-3053A-3055A-3055A-9999A-9999E,20,1012511104,300980242,1,232935-1-3-103,
WA007,310724,WA002,101,3040A-3043A-3045A-3053A-3055A-3055A-9999A-9999E,20,1012511104,300980243,1,232935-1-3-103,
WA007,310724,WA002,101,3040A-3043A-3045A-3053A-3055A-3055A-9999A-9999E,20,1012511111,300981096,1,233232-1-1-103,
WA007,310724,WA002,101,3040A-3043A-3045A-3053A-3055A-3055A-9999A-9999E,20,1012511111,300981097,1,233232-1-1-103,
WA007,310724,WA002,101,3040A-3043A-3045A-3053A-3055A-3055A-9999A-9999E,20,1012511111,300981098,1,233232-1-1-103,
WA007,310724,WA002,101,3040A-3043A-3045A-3053A-3055A-3055A-9999A-9999E,20,1012511111,300981112,1,233232-1-1-103,
WA007,310724,WA002,101,3040A-3043A-3045A-3053A-3055A-3055A-9999A-9999E,18,1012511301,300982701,1,233232-1-1-103,
WA007,310724,WA002,101,3040A-3043A-3045A-3053A-3055A-3055A-9999A-9999E,18,1012511301,300982703,1,233232-1-1-103,
WA007,310724,WA002,101,3040A-3043A-3045A-3053A-3055A-3055A-9999A-9999E,18,1012511301,300982704,1,233232-1-1-103,
WA007,310724,WA002,101,3040A-3043A-3045A-3053A-3055A-3055A-9999A-9999E,18,1012511301,300982705,1,233232-1-1-103,
WA007,310724,WA002,101,3040A-3043A-3045A-3053A-3055A-3055A-9999A-9999E,18,1012511301,300982706,1,233232-1-1-103,
WA007,310724,WA002,101,3040A-3043A-3045A-3053A-3055A-3055A-9999A-9999E,18,1012511301,300982833,1,233232-1-1-103,
WA007,310724,WA002,101,3040A-3043A-3045A-3053A-3055A-3055A-9999A-9999E,18,1012511301,300982834,1,233232-1-1-103,
WA007,310724,WA002,101,3040A-3043A-3045A-3053A-3055A-3055A-9999A-9999E,18,1012511301,300982835,1,233232-1-1-103,
WA007,310724,WA002,101,3040A-3043A-3045A-3053A-3055A-3055A-9999A-9999E,18,1012511305,300983151,1,233232-1-1-103,
WA007,310724,WA002,101,3040A-3043A-3045A-3053A-3055A-3055A-9999A-9999E,18,1012511305,300983170,1,233232-1-1-103,
WA007,310724,WA002,101,3040A-3043A-3045A-3053A-3055A-3055A-9999A-9999E,18,1012511305,300983177,1,233232-1-1-103,
WA007,310724,WA002,101,3040A-3043A-3045A-3053A-3055A-3055A-9999A-9999E,18,1012511305,300983193,1,233232-1-1-103,
WA007,310724,WA002,101,3040A-3043A-3045A-3053A-3055A-3055A-9999A-9999E,18,1012511305,300983216,1,233232-1-1-103,
WA007,310724,WA002,101,3040A-3043A-3045A-3053A-3055A-3055A-9999A-9999E,18,1012511305,300983217,1,233232-1-1-103,
WA007,310724,WA002,101,3040A-3043A-3045A-3053A-3055A-3055A-9999A-9999E,18,1012511305,300983257,1,233232-1-1-103,
WA007,310724,WA002,101,3040A-3043A-3045A-3053A-3055A-3055A-9999A-9999E,18,1012511305,300983258,1,233232-1-1-103,
WA007,310724,WA002,101,3040A-3043A-3045A-3053A-3055A-3055A-9999A-9999E,17,1012511407,300984564,1,233232-1-1-103,
WA007,310724,WA002,101,3040A-3043A-3045A-3053A-3055A-3055A-9999A-9999E,17,1012511407,300984565,1,233232-1-1-103,
WA007,310724,WA002,101,3040A-3043A-3045A-3053A-3055A-3055A-9999A-9999E,17,1012511407,300984568,1,233232-1-1-103,
WA007,310724,WA002,101,3040A-3043A-3045A-3053A-3055A-3055A-9999A-9999E,17,1012511407,300984569,1,233232-1-1-103,
WA007,310724,WA002,101,3040A-3043A-3045A-3053A-3055A-3055A-9999A-9999E,17,1012511407,300984570,1,233232-1-1-103,
WA007,310724,WA002,101,3040A-3043A-3045A-3053A-3055A-3055A-9999A-9999E,17,1012511407,300984588,1,233232-1-1-103,
WA007,310724,WA002,101,3040A-3043A-3045A-3053A-3055A-3055A-9999A-9999E,17,1012511407,300984589,1,233232-1-1-103,
WA007,310724,WA002,101,3040A-3043A-3045A-3053A-3055A-3055A-9999A-9999E,17,1012511407,300984590,1,233232-1-1-103,
WA007,310724,WA002,101,3040A-3043A-3045A-3053A-3055A-3055A-9999A-9999E,16,1012511507,300985683,1,233107-1-1-102,
WA007,310724,WA002,101,3040A-3043A-3045A-3053A-3055A-3055A-9999A-9999E,16,1012511507,300985693,1,233107-1-1-102,
WA007,310724,WA002,101,3040A-3043A-3045A-3053A-3055A-3055A-9999A-9999E,16,1012511507,300985709,1,233107-1-1-102,
WA007,310724,WA002,101,3040A-3043A-3045A-3053A-3055A-3055A-9999A-9999E,16,1012511507,300985710,1,233107-1-1-102,
WA007,310724,WA002,101,3040A-3043A-3045A-3053A-3055A-3055A-9999A-9999E,16,1012511507,300985712,1,233107-1-1-102,
WA007,310724,WA002,101,3040A-3043A-3045A-3053A-3055A-3055A-9999A-9999E,16,1012511507,300985739,1,233107-1-1-102,
WA007,310724,WA002,101,3040A-3043A-3045A-3053A-3055A-3055A-9999A-9999E,16,1012511507,300985772,1,233107-1-1-102,
WA007,310724,WA002,101,3040A-3043A-3045A-3053A-3055A-3055A-9999A-9999E,16,1012511507,300985774,1,233107-1-1-102,
WA007,310724,WA002,101,3040A-3043A-3045A-3053A-3055A-3055A-9999A-9999E,16,1012511508,300985775,1,233107-1-1-102,
WA007,310724,WA002,101,3040A-3043A-3045A-3053A-3055A-3055A-9999A-9999E,16,1012511508,300985791,1,233107-1-1-102,
WA007,310724,WA002,101,3040A-3043A-3045A-3053A-3055A-3055A-9999A-9999E,16,1012511508,300985798,1,233107-1-1-102,
WA007,310724,WA002,101,3040A-3043A-3045A-3053A-3055A-3055A-9999A-9999E,16,1012511508,300985892,1,233107-1-1-102,
WA007,310724,WA002,101,3040A-3043A-3045A-3053A-3055A-3055A-9999A-9999E,16,1012511508,300985893,1,233107-1-1-102,
WA007,310724,WA002,101,3040A-3043A-3045A-3053A-3055A-3055A-9999A-9999E,16,1012511508,300985896,1,233107-1-1-102,
WA007,310724,WA002,101,3040A-3043A-3045A-3053A-3055A-3055A-9999A-9999E,16,1012511508,300985897,1,233107-1-1-102,
WA007,310724,WA002,101,3040A-3043A-3045A-3053A-3055A-3055A-9999A-9999E,16,1012511508,300985898,1,233107-1-1-102,
WA007,310724,WA002,101,3040A-3043A-3045A-3053A-3055A-3055A-9999A-9999E,16,1012511509,300985951,1,233107-1-1-102,
WA007,310724,WA002,101,3040A-3043A-3045A-3053A-3055A-3055A-9999A-9999E,16,1012511509,300985952,1,233107-1-1-102,
WA007,310724,WA002,101,3040A-3043A-3045A-3053A-3055A-3055A-9999A-9999E,16,1012511509,300985953,1,233107-1-1-102,
WA007,310724,WA002,101,3040A-3043A-3045A-3053A-3055A-3055A-9999A-9999E,16,1012511509,300985954,1,233107-1-1-102,
WA007,310724,WA002,101,3040A-3043A-3045A-3053A-3055A-3055A-9999A-9999E,16,1012511509,300985962,1,233107-1-1-102,
WA007,310724,WA002,101,3040A-3043A-3045A-3053A-3055A-3055A-9999A-9999E,16,1012511509,300985978,1,233107-1-1-102,
WA007,310724,WA002,101,3040A-3043A-3045A-3053A-3055A-3055A-9999A-9999E,16,1012511509,300985988,1,233107-1-1-102,
WA007,310724,WA002,101,3040A-3043A-3045A-3053A-3055A-3055A-9999A-9999E,16,1012511509,300985992,1,233107-1-1-102,
WA007,310724,WA002,101,3040A-3043A-3045A-3053A-3055A-3055A-9999A-9999E,16,1012511510,300986057,1,233107-1-1-102,
WA007,310724,WA002,101,3040A-3043A-3045A-3053A-3055A-3055A-9999A-9999E,16,1012511510,300986061,1,233107-1-1-102,
WA007,310724,WA002,101,3040A-3043A-3045A-3053A-3055A-3055A-9999A-9999E,16,1012511510,300986062,1,233107-1-1-102,
WA007,310724,WA002,101,3040A-3043A-3045A-3053A-3055A-3055A-9999A-9999E,16,1012511510,300986297,1,233107-1-1-102,
WA007,310724,WA002,101,3040A-3043A-3045A-3053A-3055A-3055A-9999A-9999E,16,1012511510,300986298,1,233107-1-1-102,
WA007,310724,WA002,101,3040A-3043A-3045A-3053A-3055A-3055A-9999A-9999E,16,1012511510,300986299,1,233107-1-1-102,
WA007,310724,WA002,101,3040A-3043A-3045A-3053A-3055A-3055A-9999A-9999E,16,1012511510,300986316,1,233107-1-1-102,
WA007,310724,WA002,101,3040A-3043A-3045A-3053A-3055A-3055A-9999A-9999E,16,1012511510,300986317,1,233107-1-1-102,
WA007,310724,WA002,101,3040A-3043A-3045A-3053A-3055A-3055A-9999A-9999E,16,1012511515,300986737,1,233107-1-1-102,
WA007,310724,WA002,101,3040A-3043A-3045A-3053A-3055A-3055A-9999A-9999E,16,1012511515,300986797,1,233107-1-1-102,
WA007,310724,WA002,101,3040A-3043A-3045A-3053A-3055A-3055A-9999A-9999E,16,1012511515,300986798,1,233107-1-1-102,
WA007,310724,WA002,101,3040A-3043A-3045A-3053A-3055A-3055A-9999A-9999E,15,1012511602,300986936,1,233107-1-1-102,
WA007,310724,WA002,101,3040A-3043A-3045A-3053A-3055A-3055A-9999A-9999E,15,1012511602,300986937,1,233107-1-1-102,
WA007,310724,WA002,101,3040A-3043A-3045A-3053A-3055A-3055A-9999A-9999E,15,1012511602,300986938,1,233107-1-1-102,
WA007,310724,WA002,101,3040A-3043A-3045A-3053A-3055A-3055A-9999A-9999E,15,1012511602,300986939,1,233107-1-1-102,
WA007,310724,WA002,101,3040A-3043A-3045A-3053A-3055A-3055A-9999A-9999E,15,1012511602,300986972,1,233107-1-1-102,
WA007,310724,WA002,101,3040A-3043A-3045A-3053A-3055A-3055A-9999A-9999E,15,1012511602,300986973,1,233107-1-1-102,
WA007,310724,WA002,101,3040A-3043A-3045A-3053A-3055A-3055A-9999A-9999E,15,1012511602,300986974,1,233107-1-1-102,
WA007,310724,WA002,101,3040A-3043A-3045A-3053A-3055A-3055A-9999A-9999E,15,1012511602,300986975,1,233107-1-1-102,
WA007,310724,WA002,101,3040A-3043A-3045A-3053A-3055A-3055A-9999A-9999E,15,1012511605,300987269,1,233107-1-1-102,
WA007,310724,WA002,101,3040A-3043A-3045A-3053A-3055A-3055A-9999A-9999E,15,1012511605,300987305,1,233107-1-1-102,
WA007,310724,WA002,101,3040A-3043A-3045A-3053A-3055A-3055A-9999A-9999E,15,1012511605,300987307,1,233107-1-1-102,
WA007,310724,WA002,101,3040A-3043A-3045A-3053A-3055A-3055A-9999A-9999E,15,1012511605,300987308,1,233107-1-1-102,
WA007,310724,WA002,101,3040A-3043A-3045A-3053A-3055A-3055A-9999A-9999E,15,1012511605,300987309,1,233107-1-1-102,
WA007,310724,WA002,101,3040A-3043A-3045A-3053A-3055A-3055A-9999A-9999E,15,1012511605,300987310,1,233107-1-1-102,
WA007,310724,WA002,101,3040A-3043A-3045A-3053A-3055A-3055A-9999A-9999E,15,1012511605,300987352,1,233107-1-1-102,
WA007,310724,WA002,101,3040A-3043A-3045A-3053A-3055A-3055A-9999A-9999E,15,1012511605,300987354,1,233107-1-1-102,
WA007,310724,WA002,101,3040A-3043A-3045A-3053A-3055A-3055A-9999A-9999E,14,1012511708,300989203,1,"",
WA007,310724,WA002,101,3040A-3043A-3045A-3053A-3055A-3055A-9999A-9999E,14,1012511708,300989204,1,"",
WA007,310724,WA002,101,3040A-3043A-3045A-3053A-3055A-3055A-9999A-9999E,14,1012511708,300989205,1,"",
WA007,310724,WA002,101,3040A-3043A-3045A-3053A-3055A-3055A-9999A-9999E,14,1012511708,300989206,1,"",
WA007,310724,WA002,101,3040A-3043A-3045A-3053A-3055A-3055A-9999A-9999E,14,1012511708,300989228,1,"",
WA007,310724,WA002,101,3040A-3043A-3045A-3053A-3055A-3055A-9999A-9999E,14,1012511708,300989229,1,"",
WA007,310724,WA002,101,3040A-3043A-3045A-3053A-3055A-3055A-9999A-9999E,14,1012511708,300989244,1,"",
WA007,310724,WA002,101,3040A-3043A-3045A-3053A-3055A-3055A-9999A-9999E,14,1012511708,300989245,1,"",
WA007,310724,WA002,101,3040A-3043A-3045A-3053A-3055A-3055A-9999A-9999E,14,1012511709,300989263,1,"",
WA007,310724,WA002,101,3040A-3043A-3045A-3053A-3055A-3055A-9999A-9999E,14,1012511709,300989264,1,"",
WA007,310724,WA002,101,3040A-3043A-3045A-3053A-3055A-3055A-9999A-9999E,14,1012511709,300989265,1,"",
WA007,310724,WA002,101,3040A-3043A-3045A-3053A-3055A-3055A-9999A-9999E,14,1012511709,300989273,1,"",
WA007,310724,WA002,101,3040A-3043A-3045A-3053A-3055A-3055A-9999A-9999E,14,1012511709,300989274,1,"",
WA007,310724,WA002,101,3040A-3043A-3045A-3053A-3055A-3055A-9999A-9999E,14,1012511709,300989275,1,"",
WA007,310724,WA002,101,3040A-3043A-3045A-3053A-3055A-3055A-9999A-9999E,14,1012511709,300989282,1,"",
WA007,310724,WA002,101,3040A-3043A-3045A-3053A-3055A-3055A-9999A-9999E,14,1012511709,300989283,1,"",
WA007,310724,WA002,101,3040A-3043A-3045A-3053A-3055A-3055A-9999A-9999E,14,1012511710,300989285,1,"",
WA007,310724,WA002,101,3040A-3043A-3045A-3053A-3055A-3055A-9999A-9999E,14,1012511710,300989286,1,"",
WA007,310724,WA002,101,3040A-3043A-3045A-3053A-3055A-3055A-9999A-9999E,14,1012511710,300989287,1,"",
WA007,310724,WA002,101,3040A-3043A-3045A-3053A-3055A-3055A-9999A-9999E,14,1012511710,300989337,1,"",
WA007,310724,WA002,101,3040A-3043A-3045A-3053A-3055A-3055A-9999A-9999E,14,1012511710,300989338,1,"",
WA007,310724,WA002,101,3040A-3043A-3045A-3053A-3055A-3055A-9999A-9999E,14,1012511710,300989339,1,"",
WA007,310724,WA002,101,3040A-3043A-3045A-3053A-3055A-3055A-9999A-9999E,14,1012511710,300989340,1,"",
WA007,310724,WA002,101,3040A-3043A-3045A-3053A-3055A-3055A-9999A-9999E,14,1012511710,300989341,1,"",
WA007,310724,WA002,101,3040A-3043A-3045A-3053A-3055A-3055A-9999A-9999E,14,1012511711,300989375,1,"",
WA007,310724,WA002,101,3040A-3043A-3045A-3053A-3055A-3055A-9999A-9999E,14,1012511711,300989376,1,"",
WA007,310724,WA002,101,3040A-3043A-3045A-3053A-3055A-3055A-9999A-9999E,14,1012511711,300989377,1,"",
WA007,310724,WA002,101,3040A-3043A-3045A-3053A-3055A-3055A-9999A-9999E,14,1012511711,300989378,1,"",
WA007,310724,WA002,101,3040A-3043A-3045A-3053A-3055A-3055A-9999A-9999E,14,1012511711,300989412,1,"",
WA007,310724,WA002,101,3040A-3043A-3045A-3053A-3055A-3055A-9999A-9999E,14,1012511711,300989413,1,"",
WA007,310724,WA002,101,3040A-3043A-3045A-3053A-3055A-3055A-9999A-9999E,14,1012511711,300989418,1,"",
WA007,310724,WA002,101,3040A-3043A-3045A-3053A-3055A-3055A-9999A-9999E,14,1012511711,300989419,1,"",
WA007,310724,WA002,101,3040A-3043A-3045A-3053A-3055A-3055A-9999A-9999E,14,1012511712,300989437,1,"",
WA007,310724,WA002,101,3040A-3043A-3045A-3053A-3055A-3055A-9999A-9999E,14,1012511712,300989438,1,"",
WA007,310724,WA002,101,3040A-3043A-3045A-3053A-3055A-3055A-9999A-9999E,13,1012511801,300989481,1,"",
WA007,310724,WA002,101,3040A-3043A-3045A-3053A-3055A-3055A-9999A-9999E,13,1012511801,300989482,1,"",
WA007,310724,WA002,101,3040A-3043A-3045A-3053A-3055A-3055A-9999A-9999E,13,1012511801,300989483,1,"",
WA007,310724,WA002,101,3040A-3043A-3045A-3053A-3055A-3055A-9999A-9999E,13,1012511801,300989484,1,"",
WA007,310724,WA002,101,3040A-3043A-3045A-3053A-3055A-3055A-9999A-9999E,13,1012511801,300989485,1,"",
WA007,310724,WA002,101,3040A-3043A-3045A-3053A-3055A-3055A-9999A-9999E,13,1012511801,300989490,1,"",
WA007,310724,WA002,101,3040A-3043A-3045A-3053A-3055A-3055A-9999A-9999E,13,1012511801,300989491,1,"",
WA007,310724,WA002,101,3040A-3043A-3045A-3053A-3055A-3055A-9999A-9999E,13,1012511801,300989536,1,"",
WA007,310724,WA002,101,3040A-3043A-3045A-3053A-3055A-3055A-9999A-9999E,13,1012511802,300989557,1,"",
WA007,310724,WA002,101,3040A-3043A-3045A-3053A-3055A-3055A-9999A-9999E,13,1012511802,300989558,1,"",
WA007,310724,WA002,101,3040A-3043A-3045A-3053A-3055A-3055A-9999A-9999E,13,1012511802,300989568,1,"",
WA007,310724,WA002,101,3040A-3043A-3045A-3053A-3055A-3055A-9999A-9999E,13,1012511802,300989569,1,"",
WA007,310724,WA002,101,3040A-3043A-3045A-3053A-3055A-3055A-9999A-9999E,13,1012511802,300989570,1,"",
WA007,310724,WA002,101,3040A-3043A-3045A-3053A-3055A-3055A-9999A-9999E,13,1012511802,300989587,1,"",
WA007,310724,WA002,101,3040A-3043A-3045A-3053A-3055A-3055A-9999A-9999E,13,1012511802,300989588,1,"",
WA007,310724,WA002,101,3040A-3043A-3045A-3053A-3055A-3055A-9999A-9999E,13,1012511802,300989635,1,"",
WA007,310724,WA002,101,3040A-3043A-3045A-3053A-3055A-3055A-9999A-9999E,13,1012511803,300989636,1,"",
WA007,310724,WA002,101,3040A-3043A-3045A-3053A-3055A-3055A-9999A-9999E,13,1012511803,300989642,1,"",
WA007,310724,WA002,101,3040A-3043A-3045A-3053A-3055A-3055A-9999A-9999E,13,1012511803,300989643,1,"",
WA007,310724,WA002,101,3040A-3043A-3045A-3053A-3055A-3055A-9999A-9999E,13,1012511803,300989644,1,"",
WA007,310724,WA002,101,3040A-3043A-3045A-3053A-3055A-3055A-9999A-9999E,13,1012511803,300989674,1,"",
WA007,310724,WA002,101,3040A-3043A-3045A-3053A-3055A-3055A-9999A-9999E,13,1012511803,300989684,1,"",
WA007,310724,WA002,101,3040A-3043A-3045A-3053A-3055A-3055A-9999A-9999E,13,1012511803,300989685,1,"",
WA007,310724,WA002,101,3040A-3043A-3045A-3053A-3055A-3055A-9999A-9999E,13,1012511803,300989873,1,"",
WA007,310724,WA002,101,3040A-3043A-3045A-3053A-3055A-3055A-9999A-9999E,12,1012511907,300991458,1,"",
WA007,310724,WA002,101,3040A-3043A-3045A-3053A-3055A-3055A-9999A-9999E,12,1012511907,300991459,1,"",
WA007,310724,WA002,101,3040A-3043A-3045A-3053A-3055A-3055A-9999A-9999E,12,1012511907,300991486,1,"",
WA007,310724,WA002,101,3040A-3043A-3045A-3053A-3055A-3055A-9999A-9999E,12,1012511907,300991487,1,"",
WA007,310724,WA002,101,3040A-3043A-3045A-3053A-3055A-3055A-9999A-9999E,12,1012511907,300991488,1,"",
WA007,310724,WA002,101,3040A-3043A-3045A-3053A-3055A-3055A-9999A-9999E,12,1012511907,300991498,1,"",
WA007,310724,WA002,101,3040A-3043A-3045A-3053A-3055A-3055A-9999A-9999E,12,1012511907,300991499,1,"",
WA007,310724,WA002,101,3040A-3043A-3045A-3053A-3055A-3055A-9999A-9999E,12,1012511907,300991500,1,"",
WA007,310724,WA002,101,3040A-3043A-3045A-3053A-3055A-3055A-9999A-9999E,12,1012511908,300991532,1,"",
WA007,310724,WA002,101,3040A-3043A-3045A-3053A-3055A-3055A-9999A-9999E,12,1012511908,300991533,1,"",
WA007,310724,WA002,101,3040A-3043A-3045A-3053A-3055A-3055A-9999A-9999E,12,1012511908,300991534,1,"",
WA007,310724,WA002,101,3040A-3043A-3045A-3053A-3055A-3055A-9999A-9999E,12,1012511908,300991597,1,"",
WA007,310724,WA002,101,3040A-3043A-3045A-3053A-3055A-3055A-9999A-9999E,12,1012511908,300991598,1,"",
WA007,310724,WA002,101,3040A-3043A-3045A-3053A-3055A-3055A-9999A-9999E,12,1012511908,300991599,1,"",
WA007,310724,WA002,101,3040A-3043A-3045A-3053A-3055A-3055A-9999A-9999E,12,1012511908,300991621,1,"",
WA007,310724,WA002,101,3040A-3043A-3045A-3053A-3055A-3055A-9999A-9999E,12,1012511908,300991622,1,"",
WA007,310724,WA002,101,3040A-3043A-3045A-3053A-3055A-3055A-9999A-9999E,12,1012511909,300991623,1,"",
WA007,310724,WA002,101,3040A-3043A-3045A-3053A-3055A-3055A-9999A-9999E,12,1012511909,300991628,1,"",
WA007,310724,WA002,101,3040A-3043A-3045A-3053A-3055A-3055A-9999A-9999E,12,1012511909,300991629,1,"",
WA007,310724,WA002,101,3040A-3043A-3045A-3053A-3055A-3055A-9999A-9999E,12,1012511909,300991630,1,"",
WA007,310724,WA002,101,3040A-3043A-3045A-3053A-3055A-3055A-9999A-9999E,12,1012511909,300991634,1,"",
WA007,310724,WA002,101,3040A-3043A-3045A-3053A-3055A-3055A-9999A-9999E,12,1012511909,300991635,1,"",
WA007,310724,WA002,101,3040A-3043A-3045A-3053A-3055A-3055A-9999A-9999E,12,1012511909,300991636,1,"",
WA007,310724,WA002,101,3040A-3043A-3045A-3053A-3055A-3055A-9999A-9999E,12,1012511909,300991696,1,"",
WA007,310724,WA002,101,3040A-3043A-3045A-3053A-3055A-3055A-9999A-9999E,12,1012511911,300991907,1,"",
WA007,310724,WA002,101,3040A-3043A-3045A-3053A-3055A-3055A-9999A-9999E,12,1012511911,300991908,1,"",
WA007,310724,WA002,101,3040A-3043A-3045A-3053A-3055A-3055A-9999A-9999E,12,1012511911,300991909,1,"",
WA007,310724,WA002,101,3040A-3043A-3045A-3053A-3055A-3055A-9999A-9999E,12,1012511911,300991942,1,"",
WA007,310724,WA002,101,3040A-3043A-3045A-3053A-3055A-3055A-9999A-9999E,12,1012511911,300991943,1,"",
WA007,310724,WA002,101,3040A-3043A-3045A-3053A-3055A-3055A-9999A-9999E,12,1012511911,300991944,1,"",
WA007,310724,WA002,101,3040A-3043A-3045A-3053A-3055A-3055A-9999A-9999E,12,1012511911,300991945,1,"",
WA007,310724,WA002,101,3040A-3043A-3045A-3053A-3055A-3055A-9999A-9999E,12,1012511911,300991946,1,"",
WA007,310724,WA002,101,3040A-3043A-3045A-3053A-3055A-3055A-9999A-9999E,11,1012512012,300993527,1,"",
WA007,310724,WA002,101,3040A-3043A-3045A-3053A-3055A-3055A-9999A-9999E,11,1012512012,300993528,1,"",
WA007,310724,WA002,101,3040A-3043A-3045A-3053A-3055A-3055A-9999A-9999E,11,1012512012,300993529,1,"",
WA007,310724,WA002,101,3040A-3043A-3045A-3053A-3055A-3055A-9999A-9999E,11,1012512012,300993530,1,"",
WA007,310724,WA002,101,3040A-3043A-3045A-3053A-3055A-3055A-9999A-9999E,11,1012512012,300993560,1,"",
WA007,310724,WA002,101,3040A-3043A-3045A-3053A-3055A-3055A-9999A-9999E,11,1012512012,300993562,1,"",
WA007,310724,WA002,101,3040A-3043A-3045A-3053A-3055A-3055A-9999A-9999E,11,1012512012,300993575,1,"",
WA007,310724,WA002,101,3040A-3043A-3045A-3053A-3055A-3055A-9999A-9999E,11,1012512012,300993576,1,"",
WA007,310724,WA002,101,3040A-3043A-3045A-3053A-3055A-3055A-9999A-9999E,9,1012512205,300996013,1,"",
WA007,310724,WA002,101,3040A-3043A-3045A-3053A-3055A-3055A-9999A-9999E,9,1012512205,300996014,1,"",
WA007,310724,WA002,101,3040A-3043A-3045A-3053A-3055A-3055A-9999A-9999E,9,1012512205,300996015,1,"",
WA007,310724,WA002,101,3040A-3043A-3045A-3053A-3055A-3055A-9999A-9999E,9,1012512208,300996408,1,"",
WA007,310724,WA002,101,3040A-3043A-3045A-3053A-3055A-3055A-9999A-9999E,9,1012512208,300996409,1,"",
WA007,310724,WA002,101,3040A-3043A-3045A-3053A-9999A-9999C-9999E,25,1012510607,300973638,0,233107-1-1-103,
WA007,310724,WA002,101,3040A-3043A-3045A-3053A-9999A-9999C-9999E,23,1012510803,300975918,1,233107-1-1-103,
WA007,310724,WA002,101,3040A-3043A-3045A-3053A-9999A-9999C-9999E,23,1012510803,300975941,1,233107-1-1-103,
WA007,310724,WA002,101,3040A-3043A-3045A-3053A-9999A-9999C-9999E,23,1012510803,300975943,1,233107-1-1-103,
WA007,310724,WA002,101,3040A-3043A-3045A-3053A-9999A-9999C-9999E,23,1012510803,300975955,1,233107-1-1-103,
WA007,310724,WA002,101,3040A-3043A-3045A-3053A-9999A-9999C-9999E,23,1012510803,300975956,1,233107-1-1-103,
WA007,310724,WA002,101,3040A-3043A-3045A-3053A-9999A-9999C-9999E,23,1012510803,300975975,1,233107-1-1-103,
WA007,310724,WA002,101,3040A-3043A-3045A-3053A-9999A-9999C-9999E,23,1012510803,300975976,1,233107-1-1-103,
WA007,310724,WA002,101,3040A-3043A-3045A-3053A-9999A-9999C-9999E,23,1012510803,300975977,1,233107-1-1-103,
WA007,310724,WA002,101,3040A-3043A-3045A-3053A-9999A-9999C-9999E,23,1012510804,300975992,1,233107-1-1-103,
WA007,310724,WA002,101,3040A-3043A-3045A-3053A-9999A-9999C-9999E,23,1012510804,300975993,1,233107-1-1-103,
WA007,310724,WA002,101,3040A-3043A-3045A-3053A-9999A-9999C-9999E,23,1012510804,300975994,1,233107-1-1-103,
WA007,310724,WA002,101,3040A-3043A-3045A-3053A-9999A-9999C-9999E,23,1012510804,300975995,1,233107-1-1-103,
WA007,310724,WA002,101,3040A-3043A-3045A-3053A-9999A-9999C-9999E,23,1012510804,300976000,1,233107-1-1-103,
WA007,310724,WA002,101,3040A-3043A-3045A-3053A-9999A-9999C-9999E,23,1012510804,300976020,1,233107-1-1-103,
WA007,310724,WA002,101,3040A-3043A-3045A-3053A-9999A-9999C-9999E,23,1012510804,300976021,1,233107-1-1-103,
WA007,310724,WA002,101,3040A-3043A-3045A-3053A-9999A-9999C-9999E,19,1012511206,300982236,1,233232-1-1-103,
WA007,310724,WA002,101,3040A-3043A-3045A-3053A-9999A-9999C-9999E,19,1012511206,300982237,1,233232-1-1-103,
WA007,310724,WA002,101,3040A-3043A-3045A-3053A-9999A-9999C-9999E,19,1012511206,300982238,1,233232-1-1-103,
WA007,310724,WA002,101,3040A-3043A-3045A-3053A-9999A-9999C-9999E,19,1012511206,300982252,1,233232-1-1-103,
WA007,310724,WA002,101,3040A-3043A-3045A-3053A-9999A-9999C-9999E,19,1012511206,300982253,1,233232-1-1-103,
WA007,310724,WA002,101,3040A-3043A-3045A-3053A-9999A-9999C-9999E,19,1012511206,300982254,1,233232-1-1-103,
WA007,310724,WA002,101,3040A-3043A-3045A-3053A-9999A-9999C-9999E,19,1012511206,300982282,1,233232-1-1-103,
WA007,310724,WA002,101,3040A-3043A-3045A-3053A-9999A-9999C-9999E,19,1012511206,300982283,1,233232-1-1-103,
WA007,310724,WA002,101,3040A-3043A-3045A-3053A-9999A-9999C-9999E,18,1012511307,300983345,1,233232-1-1-103,
WA007,310724,WA002,101,3040A-3043A-3045A-3053A-9999A-9999C-9999E,18,1012511307,300983346,1,233232-1-1-103,
WA007,310724,WA002,101,3040A-3043A-3045A-3053A-9999A-9999C-9999E,18,1012511307,300983353,1,233232-1-1-103,
WA007,310724,WA002,101,3040A-3043A-3045A-3053A-9999A-9999C-9999E,18,1012511307,300983396,1,233232-1-1-103,
WA007,310724,WA002,101,3040A-3043A-3045A-3053A-9999A-9999C-9999E,18,1012511307,300983397,1,233232-1-1-103,
WA007,310724,WA002,101,3040A-3043A-3045A-3053A-9999A-9999C-9999E,18,1012511307,300983401,1,233232-1-1-103,
WA007,310724,WA002,101,3040A-3043A-3045A-3053A-9999A-9999C-9999E,18,1012511307,300983402,1,233232-1-1-103,
WA007,310724,WA002,101,3040A-3043A-3045A-3053A-9999A-9999C-9999E,18,1012511307,300983403,1,233232-1-1-103,
WA007,310724,WA002,101,3040A-3043A-3045A-3053A-9999A-9999C-9999E,18,1012511308,300983418,1,233232-1-1-103,
WA007,310724,WA002,101,3040A-3043A-3045A-3053A-9999A-9999C-9999E,18,1012511308,300983420,1,233232-1-1-103,
WA007,310724,WA002,101,3040A-3043A-3045A-3053A-9999A-9999C-9999E,18,1012511308,300983421,1,233232-1-1-103,
WA007,310724,WA002,101,3040A-3043A-3045A-3053A-9999A-9999C-9999E,18,1012511308,300983427,1,233232-1-1-103,
WA007,310724,WA002,101,3040A-3043A-3045A-3053A-9999A-9999E,20,1012511103,300979932,1,232946-1-2-106,
WA007,310724,WA002,101,3040A-3043A-3045A-3053A-9999A-9999E,20,1012511103,300979933,1,232946-1-2-106,
WA007,310724,WA002,101,3040A-3043A-3045A-3053A-9999A-9999E,20,1012511103,300979942,1,232946-1-2-106,
WA007,310724,WA002,101,3040A-3043A-3045A-3053A-9999A-9999E,20,1012511103,300979971,1,232946-1-2-106,
WA007,310724,WA002,101,3040A-3043A-3045A-3053A-9999A-9999E,20,1012511103,300980022,1,232946-1-2-106,
WA007,310724,WA002,101,3040A-3043A-3045A-3053A-9999A-9999E,20,1012511103,300980105,1,232946-1-2-106,
WA007,310724,WA002,101,3040A-3043A-3045A-3053A-9999A-9999E,20,1012511103,300980106,1,232946-1-2-106,
WA007,310724,WA002,101,3040A-3043A-3045A-3053A-9999A-9999E,20,1012511103,300980107,1,232946-1-2-106,
WA007,310724,WA002,101,3040A-3043A-3045A-3053A-9999A-9999E,17,1012511408,300984600,1,233232-1-1-103,
WA007,310724,WA002,101,3040A-3043A-3045A-3053A-9999A-9999E,17,1012511408,300984601,1,233232-1-1-103,
WA007,310724,WA002,101,3040A-3043A-3045A-3053A-9999A-9999E,17,1012511408,300984612,1,233232-1-1-103,
WA007,310724,WA002,101,3040A-3043A-3045A-3053A-9999A-9999E,17,1012511408,300984637,1,233232-1-1-103,
WA007,310724,WA002,101,3040A-3043A-3045A-3053A-9999A-9999E,17,1012511408,300984638,1,233232-1-1-103,
WA007,310724,WA002,101,3040A-3043A-3045A-3053A-9999A-9999E,17,1012511408,300984639,1,233232-1-1-103,
WA007,310724,WA002,101,3040A-3043A-3045A-3053A-9999A-9999E,17,1012511408,300984642,1,233232-1-1-103,
WA007,310724,WA002,101,3040A-3043A-3045A-3053A-9999A-9999E,17,1012511408,300984643,1,233232-1-1-103,
WA007,310724,WA002,101,3040A-3043A-3053A-9999A-9999E,19,1012511201,300981138,1,233232-1-1-103,
WA007,310724,WA002,101,3040A-3043A-3053A-9999A-9999E,19,1012511201,300981139,1,233232-1-1-103,
WA007,310724,WA002,101,3040A-3043A-3053A-9999A-9999E,19,1012511201,300981140,1,233232-1-1-103,
WA007,310724,WA002,101,3040A-3043A-3053A-9999A-9999E,19,1012511201,300981141,1,233232-1-1-103,
WA007,310724,WA002,101,3040A-3043A-3053A-9999A-9999E,19,1012511201,300981142,1,233232-1-1-103,
WA007,310724,WA002,101,3040A-3043A-3053A-9999A-9999E,19,1012511201,300981143,1,233232-1-1-103,
WA007,310724,WA002,101,3040A-3043A-3053A-9999A-9999E,19,1012511201,300981144,1,233232-1-1-103,
WA007,310724,WA002,101,3040A-3043A-3053A-9999A-9999E,19,1012511201,300981145,1,233232-1-1-103,
WA007,310724,WA002,101,3040A-3043A-3053A-9999A-9999E,19,1012511203,300981338,1,233232-1-1-103,
WA007,310724,WA002,101,3040A-3043A-3053A-9999A-9999E,19,1012511203,300981339,1,233232-1-1-103,
WA007,310724,WA002,101,3040A-3043A-3053A-9999A-9999E,19,1012511203,300981340,1,233232-1-1-103,
WA007,310724,WA002,101,3040A-3043A-3053A-9999A-9999E,19,1012511203,300981341,1,233232-1-1-103,
WA007,310724,WA002,101,3040A-3043A-3053A-9999A-9999E,19,1012511203,300981356,1,233232-1-1-103,
WA007,310724,WA002,101,3040A-3043A-3053A-9999A-9999E,19,1012511203,300981357,1,233232-1-1-103,
WA007,310724,WA002,101,3040A-3043A-3053A-9999A-9999E,19,1012511203,300981380,1,233232-1-1-103,
WA007,310724,WA002,101,3040A-3043A-3053A-9999A-9999E,19,1012511203,300981381,1,233232-1-1-103,
WA007,310724,WA002,101,3040A-3043A-9999A,32,1012509908,300963902,1,"",
WA007,310724,WA002,101,3040A-3043A-9999A,32,1012509908,300963906,1,"",
WA007,310724,WA002,101,3040A-3043A-9999A,32,1012509908,300963918,1,"",
WA007,310724,WA002,101,3040A-3043A-9999A,32,1012509908,300963922,1,"",
WA007,310724,WA002,101,3040A-3043A-9999A,32,1012509908,300963951,1,"",
WA007,310724,WA002,101,3040A-3043A-9999A,32,1012509908,300963952,1,"",
WA007,310724,WA002,101,3040A-3043A-9999A,32,1012509908,300963953,1,"",
WA007,310724,WA002,101,3040A-3043A-9999A,32,1012509908,300963962,1,"",
WA007,310724,WA002,101,3040A-3045A-3053A-3055A-3055A-9999A,47,1012508419,300944114,1,"",
WA007,310724,WA002,101,3040A-3045A-3053A-3055A-3055A-9999A,47,1012508419,300944115,1,"",
WA007,310724,WA002,101,3040A-3045A-3053A-3055A-3055A-9999A,47,1012508419,300944116,1,"",
WA007,310724,WA002,101,3040A-3045A-3053A-3055A-3055A-9999A-9999C-9999E,20,1012511108,300980811,1,232935-1-3-103,
WA007,310724,WA002,101,3040A-3045A-3053A-3055A-3055A-9999A-9999C-9999E,20,1012511108,300980812,1,232935-1-3-103,
WA007,310724,WA002,101,3040A-3045A-3053A-3055A-3055A-9999A-9999C-9999E,20,1012511108,300980848,1,232935-1-3-103,
WA007,310724,WA002,101,3040A-3045A-3053A-3055A-3055A-9999A-9999C-9999E,20,1012511108,300980849,1,232935-1-3-103,
WA007,310724,WA002,101,3040A-3045A-3053A-3055A-3055A-9999A-9999C-9999E,20,1012511108,300980850,1,232935-1-3-103,
WA007,310724,WA002,101,3040A-3045A-3053A-3055A-3055A-9999A-9999C-9999E,20,1012511108,300980851,1,232935-1-3-103,
WA007,310724,WA002,101,3040A-3045A-3053A-3055A-3055A-9999A-9999C-9999E,20,1012511108,300980858,1,232935-1-3-103,
WA007,310724,WA002,101,3040A-3045A-3053A-3055A-3055A-9999A-9999C-9999E,20,1012511108,300980859,1,232935-1-3-103,
WA007,310724,WA002,101,3040A-3045A-3053A-3055A-3055A-9999A-9999C-9999E,20,1012511109,300980862,1,232935-1-3-103,
WA007,310724,WA002,101,3040A-3045A-3053A-3055A-3055A-9999A-9999C-9999E,20,1012511109,300980863,1,232935-1-3-103,
WA007,310724,WA002,101,3040A-3045A-3053A-3055A-3055A-9999A-9999C-9999E,20,1012511109,300980864,1,232935-1-3-103,
WA007,310724,WA002,101,3040A-3045A-3053A-3055A-3055A-9999A-9999C-9999E,20,1012511109,300980865,1,232935-1-3-103,
WA007,310724,WA002,101,3040A-3045A-3053A-3055A-3055A-9999A-9999C-9999E,20,1012511109,300980866,1,233232-1-1-103,
WA007,310724,WA002,101,3040A-3045A-3053A-3055A-3055A-9999A-9999C-9999E,20,1012511109,300980867,1,233232-1-1-103,
WA007,310724,WA002,101,3040A-3045A-3053A-3055A-3055A-9999A-9999C-9999E,20,1012511109,300980989,1,233232-1-1-103,
WA007,310724,WA002,101,3040A-3045A-3053A-3055A-3055A-9999A-9999C-9999E,20,1012511109,300980990,1,233232-1-1-103,
WA007,310724,WA002,101,3040A-3045A-3053A-3055A-3055A-9999A-9999C-9999E,19,1012511208,300982388,1,233232-1-1-103,
WA007,310724,WA002,101,3040A-3045A-3053A-3055A-3055A-9999A-9999C-9999E,19,1012511208,300982390,1,233232-1-1-103,
WA007,310724,WA002,101,3040A-3045A-3053A-3055A-3055A-9999A-9999C-9999E,19,1012511208,300982391,1,233232-1-1-103,
WA007,310724,WA002,101,3040A-3045A-3053A-3055A-3055A-9999A-9999C-9999E,19,1012511208,300982393,1,233232-1-1-103,
WA007,310724,WA002,101,3040A-3045A-3053A-3055A-3055A-9999A-9999C-9999E,19,1012511208,300982404,1,233232-1-1-103,
WA007,310724,WA002,101,3040A-3045A-3053A-3055A-3055A-9999A-9999C-9999E,19,1012511208,300982405,1,233232-1-1-103,
WA007,310724,WA002,101,3040A-3045A-3053A-3055A-3055A-9999A-9999C-9999E,19,1012511208,300982429,1,233232-1-1-103,
WA007,310724,WA002,101,3040A-3045A-3053A-3055A-3055A-9999A-9999C-9999E,19,1012511208,300982430,1,233232-1-1-103,
WA007,310724,WA002,101,3040A-3045A-3053A-3055A-3055A-9999A-9999C-9999E,17,1012511410,300984861,1,233232-1-1-103,
WA007,310724,WA002,101,3040A-3045A-3053A-3055A-3055A-9999A-9999C-9999E,17,1012511410,300984862,1,233232-1-1-103,
WA007,310724,WA002,101,3040A-3045A-3053A-3055A-3055A-9999A-9999C-9999E,17,1012511410,300984863,1,233232-1-1-103,
WA007,310724,WA002,101,3040A-3045A-3053A-3055A-3055A-9999A-9999C-9999E,17,1012511410,300984874,1,233232-1-1-103,
WA007,310724,WA002,101,3040A-3045A-3053A-3055A-3055A-9999A-9999C-9999E,17,1012511410,300984875,1,233232-1-1-103,
WA007,310724,WA002,101,3040A-3045A-3053A-3055A-3055A-9999A-9999C-9999E,17,1012511410,300984876,1,233232-1-1-103,
WA007,310724,WA002,101,3040A-3045A-3053A-3055A-3055A-9999A-9999C-9999E,17,1012511410,300984880,1,233232-1-1-103,
WA007,310724,WA002,101,3040A-3045A-3053A-3055A-3055A-9999A-9999C-9999E,17,1012511410,300984881,1,233232-1-1-103,
WA007,310724,WA002,101,3040A-3045A-3053A-3055A-3055A-9999A-9999C-9999E,16,1012511501,300985179,1,233107-1-1-102,
WA007,310724,WA002,101,3040A-3045A-3053A-3055A-3055A-9999A-9999C-9999E,16,1012511501,300985180,1,233107-1-1-102,
WA007,310724,WA002,101,3040A-3045A-3053A-3055A-3055A-9999A-9999C-9999E,16,1012511501,300985181,1,233107-1-1-102,
WA007,310724,WA002,101,3040A-3045A-3053A-3055A-3055A-9999A-9999C-9999E,16,1012511501,300985182,1,233107-1-1-102,
WA007,310724,WA002,101,3040A-3045A-3053A-3055A-3055A-9999A-9999C-9999E,16,1012511501,300985247,1,233107-1-1-102,
WA007,310724,WA002,101,3040A-3045A-3053A-3055A-3055A-9999A-9999C-9999E,16,1012511501,300985248,1,233107-1-1-102,
WA007,310724,WA002,101,3040A-3045A-3053A-3055A-3055A-9999A-9999C-9999E,16,1012511501,300985249,1,233107-1-1-102,
WA007,310724,WA002,101,3040A-3045A-3053A-3055A-3055A-9999A-9999C-9999E,16,1012511501,300985265,1,233107-1-1-102,
WA007,310724,WA002,101,3040A-3045A-3053A-3055A-3055A-9999A-9999C-9999E,16,1012511512,300986405,1,233107-1-1-102,
WA007,310724,WA002,101,3040A-3045A-3053A-3055A-3055A-9999A-9999C-9999E,16,1012511512,300986406,1,233107-1-1-102,
WA007,310724,WA002,101,3040A-3045A-3053A-3055A-3055A-9999A-9999C-9999E,16,1012511512,300986407,1,233107-1-1-102,
WA007,310724,WA002,101,3040A-3045A-3053A-3055A-3055A-9999A-9999C-9999E,16,1012511512,300986437,1,233107-1-1-102,
WA007,310724,WA002,101,3040A-3045A-3053A-3055A-3055A-9999A-9999C-9999E,16,1012511512,300986438,1,233107-1-1-102,
WA007,310724,WA002,101,3040A-3045A-3053A-3055A-3055A-9999A-9999C-9999E,16,1012511512,300986458,1,233107-1-1-102,
WA007,310724,WA002,101,3040A-3045A-3053A-3055A-3055A-9999A-9999C-9999E,16,1012511512,300986461,1,233107-1-1-102,
WA007,310724,WA002,101,3040A-3045A-3053A-3055A-3055A-9999A-9999C-9999E,16,1012511512,300986462,1,233107-1-1-102,
WA007,310724,WA002,101,3040A-3045A-3053A-3055A-3055A-9999A-9999C-9999E,12,1012511902,300991112,1,"",
WA007,310724,WA002,101,3040A-3045A-3053A-3055A-3055A-9999A-9999C-9999E,12,1012511902,300991113,1,"",
WA007,310724,WA002,101,3040A-3045A-3053A-3055A-3055A-9999A-9999C-9999E,12,1012511902,300991114,1,"",
WA007,310724,WA002,101,3040A-3045A-3053A-3055A-3055A-9999A-9999C-9999E,12,1012511902,300991127,1,"",
WA007,310724,WA002,101,3040A-3045A-3053A-3055A-3055A-9999A-9999C-9999E,11,1012512008,300993125,1,"",
WA007,310724,WA002,101,3040A-3045A-3053A-3055A-3055A-9999A-9999C-9999E,11,1012512008,300993126,1,"",
WA007,310724,WA002,101,3040A-3045A-3053A-3055A-3055A-9999A-9999C-9999E,11,1012512008,300993145,1,"",
WA007,310724,WA002,101,3040A-3045A-3053A-3055A-3055A-9999A-9999C-9999E,11,1012512008,300993159,1,"",
WA007,310724,WA002,101,3040A-3045A-3053A-3055A-3055A-9999A-9999C-9999E,11,1012512008,300993160,1,"",
WA007,310724,WA002,101,3040A-3045A-3053A-3055A-3055A-9999A-9999C-9999E,11,1012512008,300993161,1,"",
WA007,310724,WA002,101,3040A-3045A-3053A-3055A-3055A-9999A-9999C-9999E,11,1012512008,300993180,1,"",
WA007,310724,WA002,101,3040A-3045A-3053A-3055A-3055A-9999A-9999C-9999E,11,1012512008,300993181,1,"",
WA007,310724,WA002,101,3040A-3045A-3053A-3055A-3055A-9999A-9999C-9999E,11,1012512010,300993390,1,"",
WA007,310724,WA002,101,3040A-3045A-3053A-3055A-3055A-9999A-9999C-9999E,11,1012512010,300993391,1,"",
WA007,310724,WA002,101,3040A-3045A-3053A-3055A-3055A-9999A-9999C-9999E,11,1012512010,300993392,1,"",
WA007,310724,WA002,101,3040A-3045A-3053A-3055A-3055A-9999A-9999C-9999E,11,1012512010,300993393,1,"",
WA007,310724,WA002,101,3040A-3045A-3053A-3055A-3055A-9999A-9999C-9999E,11,1012512010,300993407,1,"",
WA007,310724,WA002,101,3040A-3045A-3053A-3055A-3055A-9999A-9999C-9999E,11,1012512010,300993408,1,"",
WA007,310724,WA002,101,3040A-3045A-3053A-3055A-3055A-9999A-9999C-9999E,11,1012512010,300993409,1,"",
WA007,310724,WA002,101,3040A-3045A-3053A-3055A-3055A-9999A-9999C-9999E,11,1012512010,300993410,1,"",
WA007,310724,WA002,101,3040A-3045A-3053A-3055A-3055A-9999A-9999C-9999E,9,1012512204,300995935,1,"",
WA007,310724,WA002,101,3040A-3045A-3053A-3055A-3055A-9999A-9999C-9999E,9,1012512204,300995937,1,"",
WA007,310724,WA002,101,3040A-3045A-3053A-3055A-3055A-9999A-9999C-9999E,9,1012512204,300995939,1,"",
WA007,310724,WA002,101,3040A-3045A-3053A-3055A-3055A-9999A-9999C-9999E,9,1012512204,300995941,1,"",
WA007,310724,WA002,101,3040A-3045A-3053A-3055A-3055A-9999A-9999C-9999E,9,1012512204,300995944,1,"",
WA007,310724,WA002,101,3040A-3045A-3053A-3055A-3055A-9999A-9999C-9999E,9,1012512204,300995998,1,"",
WA007,310724,WA002,101,3040A-3045A-3053A-3055A-3055A-9999A-9999C-9999E,9,1012512204,300995999,1,"",
WA007,310724,WA002,101,3040A-3045A-3053A-3055A-3055A-9999A-9999C-9999E,9,1012512204,300996000,1,"",
WA007,310724,WA002,101,3040A-3045A-3053A-3055A-3055A-9999A-9999E,24,1012510716,300975559,1,233107-1-1-103,
WA007,310724,WA002,101,3040A-3045A-3053A-3055A-3055A-9999A-9999E,24,1012510716,300975560,1,233107-1-1-103,
WA007,310724,WA002,101,3040A-3045A-3053A-3055A-3055A-9999A-9999E,24,1012510716,300975604,1,233107-1-1-103,
WA007,310724,WA002,101,3040A-3045A-3053A-3055A-3055A-9999A-9999E,24,1012510716,300975605,1,233107-1-1-103,
WA007,310724,WA002,101,3040A-3045A-3053A-3055A-3055A-9999A-9999E,22,1012510903,300977297,0,232865-1-3-109,
WA007,310724,WA002,101,3040A-3045A-3053A-3055A-3055A-9999A-9999E,20,1012511105,300980244,1,232935-1-3-103,
WA007,310724,WA002,101,3040A-3045A-3053A-3055A-3055A-9999A-9999E,20,1012511105,300980245,1,232935-1-3-103,
WA007,310724,WA002,101,3040A-3045A-3053A-3055A-3055A-9999A-9999E,20,1012511105,300980246,1,232935-1-3-103,
WA007,310724,WA002,101,3040A-3045A-3053A-3055A-3055A-9999A-9999E,20,1012511105,300980247,1,232935-1-3-103,
WA007,310724,WA002,101,3040A-3045A-3053A-3055A-3055A-9999A-9999E,20,1012511105,300980250,1,232935-1-3-103,
WA007,310724,WA002,101,3040A-3045A-3053A-3055A-3055A-9999A-9999E,20,1012511105,300980251,1,232935-1-3-103,
WA007,310724,WA002,101,3040A-3045A-3053A-3055A-3055A-9999A-9999E,20,1012511105,300980372,1,232935-1-3-103,
WA007,310724,WA002,101,3040A-3045A-3053A-3055A-3055A-9999A-9999E,20,1012511105,300980739,1,232935-1-3-103,
WA007,310724,WA002,101,3040A-3045A-3053A-3055A-3055A-9999A-9999E,18,1012511303,300982897,1,233232-1-1-103,
WA007,310724,WA002,101,3040A-3045A-3053A-3055A-3055A-9999A-9999E,18,1012511303,300982917,1,233232-1-1-103,
WA007,310724,WA002,101,3040A-3045A-3053A-3055A-3055A-9999A-9999E,18,1012511303,300982918,1,233232-1-1-103,
WA007,310724,WA002,101,3040A-3045A-3053A-3055A-3055A-9999A-9999E,18,1012511303,300982923,1,233232-1-1-103,
WA007,310724,WA002,101,3040A-3045A-3053A-3055A-3055A-9999A-9999E,18,1012511303,300983026,1,233232-1-1-103,
WA007,310724,WA002,101,3040A-3045A-3053A-3055A-3055A-9999A-9999E,18,1012511303,300983038,1,233232-1-1-103,
WA007,310724,WA002,101,3040A-3045A-3053A-3055A-3055A-9999A-9999E,18,1012511303,300983039,1,233232-1-1-103,
WA007,310724,WA002,101,3040A-3045A-3053A-3055A-3055A-9999A-9999E,18,1012511303,300983066,1,233232-1-1-103,
WA007,310724,WA002,101,3040A-3045A-3053A-3055A-3055A-9999A-9999E,17,1012511401,300984161,1,233232-1-1-103,
WA007,310724,WA002,101,3040A-3045A-3053A-3055A-3055A-9999A-9999E,17,1012511401,300984165,1,233232-1-1-103,
WA007,310724,WA002,101,3040A-3045A-3053A-3055A-3055A-9999A-9999E,17,1012511401,300984171,1,233232-1-1-103,
WA007,310724,WA002,101,3040A-3045A-3053A-3055A-3055A-9999A-9999E,17,1012511401,300984175,1,233232-1-1-103,
WA007,310724,WA002,101,3040A-3045A-3053A-3055A-3055A-9999A-9999E,17,1012511401,300984176,1,233232-1-1-103,
WA007,310724,WA002,101,3040A-3045A-3053A-3055A-3055A-9999A-9999E,17,1012511401,300984195,1,233232-1-1-103,
WA007,310724,WA002,101,3040A-3045A-3053A-3055A-3055A-9999A-9999E,17,1012511401,300984196,1,233232-1-1-103,
WA007,310724,WA002,101,3040A-3045A-3053A-3055A-3055A-9999A-9999E,17,1012511401,300984197,1,233232-1-1-103,
WA007,310724,WA002,101,3040A-3045A-3053A-3055A-3055A-9999A-9999E,17,1012511406,300984440,1,233232-1-1-103,
WA007,310724,WA002,101,3040A-3045A-3053A-3055A-3055A-9999A-9999E,17,1012511406,300984450,1,233232-1-1-103,
WA007,310724,WA002,101,3040A-3045A-3053A-3055A-3055A-9999A-9999E,17,1012511406,300984491,1,233232-1-1-103,
WA007,310724,WA002,101,3040A-3045A-3053A-3055A-3055A-9999A-9999E,17,1012511406,300984492,1,233232-1-1-103,
WA007,310724,WA002,101,3040A-3045A-3053A-3055A-3055A-9999A-9999E,17,1012511406,300984493,1,233232-1-1-103,
WA007,310724,WA002,101,3040A-3045A-3053A-3055A-3055A-9999A-9999E,17,1012511406,300984494,1,233232-1-1-103,
WA007,310724,WA002,101,3040A-3045A-3053A-3055A-3055A-9999A-9999E,17,1012511406,300984495,1,233232-1-1-103,
WA007,310724,WA002,101,3040A-3045A-3053A-3055A-3055A-9999A-9999E,17,1012511406,300984496,1,233232-1-1-103,
WA007,310724,WA002,101,3040A-3045A-3053A-3055A-3055A-9999A-9999E,17,1012511409,300984645,1,233232-1-1-103,
WA007,310724,WA002,101,3040A-3045A-3053A-3055A-3055A-9999A-9999E,17,1012511409,300984646,1,233232-1-1-103,
WA007,310724,WA002,101,3040A-3045A-3053A-3055A-3055A-9999A-9999E,17,1012511409,300984830,1,233232-1-1-103,
WA007,310724,WA002,101,3040A-3045A-3053A-3055A-3055A-9999A-9999E,17,1012511409,300984831,1,233232-1-1-103,
WA007,310724,WA002,101,3040A-3045A-3053A-3055A-3055A-9999A-9999E,17,1012511409,300984832,1,233232-1-1-103,
WA007,310724,WA002,101,3040A-3045A-3053A-3055A-3055A-9999A-9999E,17,1012511409,300984833,1,233232-1-1-103,
WA007,310724,WA002,101,3040A-3045A-3053A-3055A-3055A-9999A-9999E,17,1012511409,300984834,1,233232-1-1-103,
WA007,310724,WA002,101,3040A-3045A-3053A-3055A-3055A-9999A-9999E,17,1012511409,300984857,1,233232-1-1-103,
WA007,310724,WA002,101,3040A-3045A-3053A-3055A-3055A-9999A-9999E,17,1012511412,300984971,1,233232-1-1-103,
WA007,310724,WA002,101,3040A-3045A-3053A-3055A-3055A-9999A-9999E,17,1012511412,300984972,1,233232-1-1-103,
WA007,310724,WA002,101,3040A-3045A-3053A-3055A-3055A-9999A-9999E,17,1012511412,300984973,1,233232-1-1-103,
WA007,310724,WA002,101,3040A-3045A-3053A-3055A-3055A-9999A-9999E,17,1012511412,300984974,1,233232-1-1-103,
WA007,310724,WA002,101,3040A-3045A-3053A-3055A-3055A-9999A-9999E,17,1012511412,300985004,1,233232-1-1-103,
WA007,310724,WA002,101,3040A-3045A-3053A-3055A-3055A-9999A-9999E,17,1012511412,300985005,1,233232-1-1-103,
WA007,310724,WA002,101,3040A-3045A-3053A-3055A-3055A-9999A-9999E,17,1012511412,300985010,1,233232-1-1-103,
WA007,310724,WA002,101,3040A-3045A-3053A-3055A-3055A-9999A-9999E,17,1012511412,300985011,1,233232-1-1-103,
WA007,310724,WA002,101,3040A-3045A-3053A-3055A-3055A-9999A-9999E,17,1012511413,300985012,1,233232-1-1-103,
WA007,310724,WA002,101,3040A-3045A-3053A-3055A-3055A-9999A-9999E,17,1012511413,300985013,1,233232-1-1-103,
WA007,310724,WA002,101,3040A-3045A-3053A-3055A-3055A-9999A-9999E,17,1012511413,300985014,1,233232-1-1-103,
WA007,310724,WA002,101,3040A-3045A-3053A-3055A-3055A-9999A-9999E,17,1012511413,300985015,1,233232-1-1-103,
WA007,310724,WA002,101,3040A-3045A-3053A-3055A-3055A-9999A-9999E,17,1012511413,300985016,1,233107-1-1-102,
WA007,310724,WA002,101,3040A-3045A-3053A-3055A-3055A-9999A-9999E,17,1012511413,300985084,1,233107-1-1-102,
WA007,310724,WA002,101,3040A-3045A-3053A-3055A-3055A-9999A-9999E,17,1012511413,300985085,1,233107-1-1-102,
WA007,310724,WA002,101,3040A-3045A-3053A-3055A-3055A-9999A-9999E,17,1012511413,300985086,1,233107-1-1-102,
WA007,310724,WA002,101,3040A-3045A-3053A-3055A-3055A-9999A-9999E,16,1012511502,300985266,1,233107-1-1-102,
WA007,310724,WA002,101,3040A-3045A-3053A-3055A-3055A-9999A-9999E,16,1012511502,300985267,1,233107-1-1-102,
WA007,310724,WA002,101,3040A-3045A-3053A-3055A-3055A-9999A-9999E,16,1012511502,300985339,1,233107-1-1-102,
WA007,310724,WA002,101,3040A-3045A-3053A-3055A-3055A-9999A-9999E,16,1012511502,300985340,1,233107-1-1-102,
WA007,310724,WA002,101,3040A-3045A-3053A-3055A-3055A-9999A-9999E,16,1012511502,300985341,1,233107-1-1-102,
WA007,310724,WA002,101,3040A-3045A-3053A-3055A-3055A-9999A-9999E,16,1012511502,300985349,1,233107-1-1-102,
WA007,310724,WA002,101,3040A-3045A-3053A-3055A-3055A-9999A-9999E,16,1012511502,300985350,1,233107-1-1-102,
WA007,310724,WA002,101,3040A-3045A-3053A-3055A-3055A-9999A-9999E,16,1012511502,300985351,1,233107-1-1-102,
WA007,310724,WA002,101,3040A-3045A-3053A-3055A-3055A-9999A-9999E,16,1012511503,300985398,1,233107-1-1-102,
WA007,310724,WA002,101,3040A-3045A-3053A-3055A-3055A-9999A-9999E,16,1012511503,300985399,1,233107-1-1-102,
WA007,310724,WA002,101,3040A-3045A-3053A-3055A-3055A-9999A-9999E,16,1012511503,300985400,1,233107-1-1-102,
WA007,310724,WA002,101,3040A-3045A-3053A-3055A-3055A-9999A-9999E,16,1012511503,300985401,1,233107-1-1-102,
WA007,310724,WA002,101,3040A-3045A-3053A-3055A-3055A-9999A-9999E,16,1012511503,300985402,1,233107-1-1-102,
WA007,310724,WA002,101,3040A-3045A-3053A-3055A-3055A-9999A-9999E,16,1012511503,300985404,1,233107-1-1-102,
WA007,310724,WA002,101,3040A-3045A-3053A-3055A-3055A-9999A-9999E,16,1012511503,300985405,1,233107-1-1-102,
WA007,310724,WA002,101,3040A-3045A-3053A-3055A-3055A-9999A-9999E,16,1012511503,300985406,1,233107-1-1-102,
WA007,310724,WA002,101,3040A-3045A-3053A-3055A-3055A-9999A-9999E,16,1012511504,300985454,1,233107-1-1-102,
WA007,310724,WA002,101,3040A-3045A-3053A-3055A-3055A-9999A-9999E,16,1012511504,300985456,1,233107-1-1-102,
WA007,310724,WA002,101,3040A-3045A-3053A-3055A-3055A-9999A-9999E,16,1012511504,300985458,1,233107-1-1-102,
WA007,310724,WA002,101,3040A-3045A-3053A-3055A-3055A-9999A-9999E,16,1012511504,300985459,1,233107-1-1-102,
WA007,310724,WA002,101,3040A-3045A-3053A-3055A-3055A-9999A-9999E,16,1012511504,300985475,1,233107-1-1-102,
WA007,310724,WA002,101,3040A-3045A-3053A-3055A-3055A-9999A-9999E,16,1012511504,300985476,1,233107-1-1-102,
WA007,310724,WA002,101,3040A-3045A-3053A-3055A-3055A-9999A-9999E,16,1012511504,300985477,1,233107-1-1-102,
WA007,310724,WA002,101,3040A-3045A-3053A-3055A-3055A-9999A-9999E,16,1012511504,300985478,1,233107-1-1-102,
WA007,310724,WA002,101,3040A-3045A-3053A-3055A-3055A-9999A-9999E,15,1012511601,300986840,1,233107-1-1-102,
WA007,310724,WA002,101,3040A-3045A-3053A-3055A-3055A-9999A-9999E,15,1012511601,300986842,1,233107-1-1-102,
WA007,310724,WA002,101,3040A-3045A-3053A-3055A-3055A-9999A-9999E,15,1012511601,300986843,1,233107-1-1-102,
WA007,310724,WA002,101,3040A-3045A-3053A-3055A-3055A-9999A-9999E,15,1012511601,300986844,1,233107-1-1-102,
WA007,310724,WA002,101,3040A-3045A-3053A-3055A-3055A-9999A-9999E,15,1012511601,300986845,1,233107-1-1-102,
WA007,310724,WA002,101,3040A-3045A-3053A-3055A-3055A-9999A-9999E,15,1012511601,300986846,1,233107-1-1-102,
WA007,310724,WA002,101,3040A-3045A-3053A-3055A-3055A-9999A-9999E,15,1012511601,300986928,1,233107-1-1-102,
WA007,310724,WA002,101,3040A-3045A-3053A-3055A-3055A-9999A-9999E,15,1012511601,300986929,1,233107-1-1-102,
WA007,310724,WA002,101,3040A-3045A-3053A-3055A-3055A-9999A-9999E,15,1012511603,300987010,1,233107-1-1-102,
WA007,310724,WA002,101,3040A-3045A-3053A-3055A-3055A-9999A-9999E,15,1012511603,300987012,1,233107-1-1-102,
WA007,310724,WA002,101,3040A-3045A-3053A-3055A-3055A-9999A-9999E,15,1012511603,300987013,1,233107-1-1-102,
WA007,310724,WA002,101,3040A-3045A-3053A-3055A-3055A-9999A-9999E,15,1012511603,300987037,1,233107-1-1-102,
WA007,310724,WA002,101,3040A-3045A-3053A-3055A-3055A-9999A-9999E,15,1012511603,300987038,1,233107-1-1-102,
WA007,310724,WA002,101,3040A-3045A-3053A-3055A-3055A-9999A-9999E,15,1012511603,300987039,1,233107-1-1-102,
WA007,310724,WA002,101,3040A-3045A-3053A-3055A-3055A-9999A-9999E,15,1012511603,300987064,1,233107-1-1-102,
WA007,310724,WA002,101,3040A-3045A-3053A-3055A-3055A-9999A-9999E,15,1012511603,300987148,1,233107-1-1-102,
WA007,310724,WA002,101,3040A-3045A-3053A-3055A-3055A-9999A-9999E,14,1012511707,300989168,1,"",
WA007,310724,WA002,101,3040A-3045A-3053A-3055A-3055A-9999A-9999E,14,1012511707,300989169,1,"",
WA007,310724,WA002,101,3040A-3045A-3053A-3055A-3055A-9999A-9999E,14,1012511707,300989170,1,"",
WA007,310724,WA002,101,3040A-3045A-3053A-3055A-3055A-9999A-9999E,14,1012511707,300989183,1,"",
WA007,310724,WA002,101,3040A-3045A-3053A-3055A-3055A-9999A-9999E,14,1012511707,300989184,1,"",
WA007,310724,WA002,101,3040A-3045A-3053A-3055A-3055A-9999A-9999E,14,1012511707,300989185,1,"",
WA007,310724,WA002,101,3040A-3045A-3053A-3055A-3055A-9999A-9999E,14,1012511707,300989186,1,"",
WA007,310724,WA002,101,3040A-3045A-3053A-3055A-3055A-9999A-9999E,14,1012511707,300989187,1,"",
WA007,310724,WA002,101,3040A-3045A-3053A-3055A-3055A-9999A-9999E,13,1012511804,300989887,1,"",
WA007,310724,WA002,101,3040A-3045A-3053A-3055A-3055A-9999A-9999E,13,1012511804,300989888,1,"",
WA007,310724,WA002,101,3040A-3045A-3053A-3055A-3055A-9999A-9999E,13,1012511804,300989889,1,"",
WA007,310724,WA002,101,3040A-3045A-3053A-3055A-3055A-9999A-9999E,13,1012511804,300989890,1,"",
WA007,310724,WA002,101,3040A-3045A-3053A-3055A-3055A-9999A-9999E,13,1012511804,300989918,1,"",
WA007,310724,WA002,101,3040A-3045A-3053A-3055A-3055A-9999A-9999E,13,1012511804,300989919,1,"",
WA007,310724,WA002,101,3040A-3045A-3053A-3055A-3055A-9999A-9999E,13,1012511804,300989920,1,"",
WA007,310724,WA002,101,3040A-3045A-3053A-3055A-3055A-9999A-9999E,13,1012511804,300990049,1,"",
WA007,310724,WA002,101,3040A-3045A-3053A-3055A-3055A-9999A-9999E,13,1012511805,300990050,1,"",
WA007,310724,WA002,101,3040A-3045A-3053A-3055A-3055A-9999A-9999E,13,1012511805,300990051,1,"",
WA007,310724,WA002,101,3040A-3045A-3053A-3055A-3055A-9999A-9999E,13,1012511805,300990096,1,"",
WA007,310724,WA002,101,3040A-3045A-3053A-3055A-3055A-9999A-9999E,13,1012511805,300990097,1,"",
WA007,310724,WA002,101,3040A-3045A-3053A-3055A-3055A-9999A-9999E,13,1012511805,300990098,1,"",
WA007,310724,WA002,101,3040A-3045A-3053A-3055A-3055A-9999A-9999E,13,1012511805,300990099,1,"",
WA007,310724,WA002,101,3040A-3045A-3053A-3055A-3055A-9999A-9999E,13,1012511805,300990100,1,"",
WA007,310724,WA002,101,3040A-3045A-3053A-3055A-3055A-9999A-9999E,13,1012511805,300990102,1,"",
WA007,310724,WA002,101,3040A-3045A-3053A-3055A-3055A-9999A-9999E,13,1012511807,300990188,1,"",
WA007,310724,WA002,101,3040A-3045A-3053A-3055A-3055A-9999A-9999E,13,1012511807,300990215,1,"",
WA007,310724,WA002,101,3040A-3045A-3053A-3055A-3055A-9999A-9999E,13,1012511807,300990216,1,"",
WA007,310724,WA002,101,3040A-3045A-3053A-3055A-3055A-9999A-9999E,13,1012511807,300990217,1,"",
WA007,310724,WA002,101,3040A-3045A-3053A-3055A-3055A-9999A-9999E,13,1012511807,300990255,1,"",
WA007,310724,WA002,101,3040A-3045A-3053A-3055A-3055A-9999A-9999E,13,1012511807,300990256,1,"",
WA007,310724,WA002,101,3040A-3045A-3053A-3055A-3055A-9999A-9999E,13,1012511807,300990318,1,"",
WA007,310724,WA002,101,3040A-3045A-3053A-3055A-3055A-9999A-9999E,13,1012511807,300990326,1,"",
WA007,310724,WA002,101,3040A-3045A-3053A-3055A-3055A-9999A-9999E,13,1012511808,300990327,1,"",
WA007,310724,WA002,101,3040A-3045A-3053A-3055A-3055A-9999A-9999E,13,1012511808,300990328,1,"",
WA007,310724,WA002,101,3040A-3045A-3053A-3055A-3055A-9999A-9999E,13,1012511808,300990370,1,"",
WA007,310724,WA002,101,3040A-3045A-3053A-3055A-3055A-9999A-9999E,13,1012511808,300990371,1,"",
WA007,310724,WA002,101,3040A-3045A-3053A-3055A-3055A-9999A-9999E,13,1012511808,300990372,1,"",
WA007,310724,WA002,101,3040A-3045A-3053A-3055A-3055A-9999A-9999E,13,1012511808,300990375,1,"",
WA007,310724,WA002,101,3040A-3045A-3053A-3055A-3055A-9999A-9999E,13,1012511808,300990390,1,"",
WA007,310724,WA002,101,3040A-3045A-3053A-3055A-3055A-9999A-9999E,13,1012511808,300990402,1,"",
WA007,310724,WA002,101,3040A-3045A-3053A-3055A-3055A-9999A-9999E,13,1012511809,300990415,1,"",
WA007,310724,WA002,101,3040A-3045A-3053A-3055A-3055A-9999A-9999E,13,1012511809,300990429,1,"",
WA007,310724,WA002,101,3040A-3045A-3053A-3055A-3055A-9999A-9999E,13,1012511809,300990567,1,"",
WA007,310724,WA002,101,3040A-3045A-3053A-3055A-3055A-9999A-9999E,13,1012511809,300990568,1,"",
WA007,310724,WA002,101,3040A-3045A-3053A-3055A-3055A-9999A-9999E,13,1012511809,300990569,1,"",
WA007,310724,WA002,101,3040A-3045A-3053A-3055A-3055A-9999A-9999E,13,1012511809,300990570,1,"",
WA007,310724,WA002,101,3040A-3045A-3053A-3055A-3055A-9999A-9999E,13,1012511809,300990576,1,"",
WA007,310724,WA002,101,3040A-3045A-3053A-3055A-3055A-9999A-9999E,13,1012511809,300990577,1,"",
WA007,310724,WA002,101,3040A-3045A-3053A-3055A-3055A-9999A-9999E,13,1012511810,300990578,1,"",
WA007,310724,WA002,101,3040A-3045A-3053A-3055A-3055A-9999A-9999E,13,1012511810,300990579,1,"",
WA007,310724,WA002,101,3040A-3045A-3053A-3055A-3055A-9999A-9999E,13,1012511810,300990580,1,"",
WA007,310724,WA002,101,3040A-3045A-3053A-3055A-3055A-9999A-9999E,13,1012511810,300990615,1,"",
WA007,310724,WA002,101,3040A-3045A-3053A-3055A-3055A-9999A-9999E,13,1012511810,300990616,1,"",
WA007,310724,WA002,101,3040A-3045A-3053A-3055A-3055A-9999A-9999E,13,1012511810,300990647,1,"",
WA007,310724,WA002,101,3040A-3045A-3053A-3055A-3055A-9999A-9999E,13,1012511810,300990648,1,"",
WA007,310724,WA002,101,3040A-3045A-3053A-3055A-3055A-9999A-9999E,13,1012511810,300990649,1,"",
WA007,310724,WA002,101,3040A-3045A-3053A-3055A-3055A-9999A-9999E,12,1012511903,300991132,1,"",
WA007,310724,WA002,101,3040A-3045A-3053A-3055A-3055A-9999A-9999E,12,1012511903,300991234,1,"",
WA007,310724,WA002,101,3040A-3045A-3053A-3055A-3055A-9999A-9999E,12,1012511903,300991242,1,"",
WA007,310724,WA002,101,3040A-3045A-3053A-3055A-3055A-9999A-9999E,12,1012511903,300991243,1,"",
WA007,310724,WA002,101,3040A-3045A-3053A-3055A-3055A-9999A-9999E,12,1012511903,300991245,1,"",
WA007,310724,WA002,101,3040A-3045A-3053A-3055A-3055A-9999A-9999E,12,1012511903,300991246,1,"",
WA007,310724,WA002,101,3040A-3045A-3053A-3055A-3055A-9999A-9999E,12,1012511903,300991247,1,"",
WA007,310724,WA002,101,3040A-3045A-3053A-3055A-3055A-9999A-9999E,12,1012511903,300991251,1,"",
WA007,310724,WA002,101,3040A-3045A-3053A-3055A-3055A-9999A-9999E,12,1012511904,300991252,1,"",
WA007,310724,WA002,101,3040A-3045A-3053A-3055A-3055A-9999A-9999E,12,1012511904,300991253,1,"",
WA007,310724,WA002,101,3040A-3045A-3053A-3055A-3055A-9999A-9999E,12,1012511904,300991255,1,"",
WA007,310724,WA002,101,3040A-3045A-3053A-3055A-3055A-9999A-9999E,12,1012511904,300991256,1,"",
WA007,310724,WA002,101,3040A-3045A-3053A-3055A-3055A-9999A-9999E,12,1012511904,300991257,1,"",
WA007,310724,WA002,101,3040A-3045A-3053A-3055A-3055A-9999A-9999E,12,1012511904,300991258,1,"",
WA007,310724,WA002,101,3040A-3045A-3053A-3055A-3055A-9999A-9999E,12,1012511904,300991259,1,"",
WA007,310724,WA002,101,3040A-3045A-3053A-3055A-3055A-9999A-9999E,12,1012511904,300991260,1,"",
WA007,310724,WA002,101,3040A-3045A-3053A-3055A-3055A-9999A-9999E,12,1012511905,300991325,1,"",
WA007,310724,WA002,101,3040A-3045A-3053A-3055A-3055A-9999A-9999E,12,1012511905,300991326,1,"",
WA007,310724,WA002,101,3040A-3045A-3053A-3055A-3055A-9999A-9999E,12,1012511905,300991327,1,"",
WA007,310724,WA002,101,3040A-3045A-3053A-3055A-3055A-9999A-9999E,12,1012511905,300991358,1,"",
WA007,310724,WA002,101,3040A-3045A-3053A-3055A-3055A-9999A-9999E,12,1012511905,300991359,1,"",
WA007,310724,WA002,101,3040A-3045A-3053A-3055A-3055A-9999A-9999E,12,1012511905,300991360,1,"",
WA007,310724,WA002,101,3040A-3045A-3053A-3055A-3055A-9999A-9999E,12,1012511905,300991361,1,"",
WA007,310724,WA002,101,3040A-3045A-3053A-3055A-3055A-9999A-9999E,12,1012511905,300991362,1,"",
WA007,310724,WA002,101,3040A-3045A-3053A-3055A-3055A-9999A-9999E,12,1012511906,300991363,1,"",
WA007,310724,WA002,101,3040A-3045A-3053A-3055A-3055A-9999A-9999E,12,1012511906,300991378,1,"",
WA007,310724,WA002,101,3040A-3045A-3053A-3055A-3055A-9999A-9999E,12,1012511906,300991379,1,"",
WA007,310724,WA002,101,3040A-3045A-3053A-3055A-3055A-9999A-9999E,12,1012511906,300991380,1,"",
WA007,310724,WA002,101,3040A-3045A-3053A-3055A-3055A-9999A-9999E,12,1012511906,300991391,1,"",
WA007,310724,WA002,101,3040A-3045A-3053A-3055A-3055A-9999A-9999E,12,1012511906,300991392,1,"",
WA007,310724,WA002,101,3040A-3045A-3053A-3055A-3055A-9999A-9999E,12,1012511906,300991393,1,"",
WA007,310724,WA002,101,3040A-3045A-3053A-3055A-3055A-9999A-9999E,12,1012511906,300991457,1,"",
WA007,310724,WA002,101,3040A-3045A-3053A-3055A-3055A-9999A-9999E,12,1012511910,300991697,1,"",
WA007,310724,WA002,101,3040A-3045A-3053A-3055A-3055A-9999A-9999E,12,1012511910,300991698,1,"",
WA007,310724,WA002,101,3040A-3045A-3053A-3055A-3055A-9999A-9999E,12,1012511910,300991724,1,"",
WA007,310724,WA002,101,3040A-3045A-3053A-3055A-3055A-9999A-9999E,12,1012511910,300991725,1,"",
WA007,310724,WA002,101,3040A-3045A-3053A-3055A-3055A-9999A-9999E,12,1012511910,300991728,1,"",
WA007,310724,WA002,101,3040A-3045A-3053A-3055A-3055A-9999A-9999E,12,1012511910,300991771,1,"",
WA007,310724,WA002,101,3040A-3045A-3053A-3055A-3055A-9999A-9999E,12,1012511910,300991775,1,"",
WA007,310724,WA002,101,3040A-3045A-3053A-3055A-3055A-9999A-9999E,12,1012511910,300991778,1,"",
WA007,310724,WA002,101,3040A-3045A-3053A-3055A-3055A-9999A-9999E,12,1012511912,300991968,1,"",
WA007,310724,WA002,101,3040A-3045A-3053A-3055A-3055A-9999A-9999E,12,1012511912,300991969,1,"",
WA007,310724,WA002,101,3040A-3045A-3053A-3055A-3055A-9999A-9999E,12,1012511912,300991970,1,"",
WA007,310724,WA002,101,3040A-3045A-3053A-3055A-3055A-9999A-9999E,12,1012511912,300991984,1,"",
WA007,310724,WA002,101,3040A-3045A-3053A-3055A-3055A-9999A-9999E,12,1012511912,300991985,1,"",
WA007,310724,WA002,101,3040A-3045A-3053A-3055A-3055A-9999A-9999E,12,1012511912,300991986,1,"",
WA007,310724,WA002,101,3040A-3045A-3053A-3055A-3055A-9999A-9999E,12,1012511912,300991987,1,"",
WA007,310724,WA002,101,3040A-3045A-3053A-3055A-3055A-9999A-9999E,12,1012511912,300991988,1,"",
WA007,310724,WA002,101,3040A-3045A-3053A-3055A-3055A-9999A-9999E,12,1012511913,300991997,1,"",
WA007,310724,WA002,101,3040A-3045A-3053A-3055A-3055A-9999A-9999E,12,1012511913,300991998,1,"",
WA007,310724,WA002,101,3040A-3045A-3053A-3055A-3055A-9999A-9999E,12,1012511913,300992027,1,"",
WA007,310724,WA002,101,3040A-3045A-3053A-3055A-3055A-9999A-9999E,12,1012511913,300992028,1,"",
WA007,310724,WA002,101,3040A-3045A-3053A-3055A-3055A-9999A-9999E,12,1012511913,300992029,1,"",
WA007,310724,WA002,101,3040A-3045A-3053A-3055A-3055A-9999A-9999E,12,1012511913,300992063,1,"",
WA007,310724,WA002,101,3040A-3045A-3053A-3055A-3055A-9999A-9999E,12,1012511913,300992064,1,"",
WA007,310724,WA002,101,3040A-3045A-3053A-3055A-3055A-9999A-9999E,12,1012511913,300992065,1,"",
WA007,310724,WA002,101,3040A-3045A-3053A-3055A-3055A-9999A-9999E,12,1012511914,300992073,1,"",
WA007,310724,WA002,101,3040A-3045A-3053A-3055A-3055A-9999A-9999E,12,1012511914,300992074,1,"",
WA007,310724,WA002,101,3040A-3045A-3053A-3055A-3055A-9999A-9999E,12,1012511914,300992075,1,"",
WA007,310724,WA002,101,3040A-3045A-3053A-3055A-3055A-9999A-9999E,12,1012511914,300992076,1,"",
WA007,310724,WA002,101,3040A-3045A-3053A-3055A-3055A-9999A-9999E,12,1012511914,300992077,1,"",
WA007,310724,WA002,101,3040A-3045A-3053A-3055A-3055A-9999A-9999E,12,1012511914,300992134,1,"",
WA007,310724,WA002,101,3040A-3045A-3053A-3055A-3055A-9999A-9999E,12,1012511914,300992135,1,"",
WA007,310724,WA002,101,3040A-3045A-3053A-3055A-3055A-9999A-9999E,12,1012511914,300992136,1,"",
WA007,310724,WA002,101,3040A-3045A-3053A-3055A-3055A-9999A-9999E,12,1012511916,300992285,1,"",
WA007,310724,WA002,101,3040A-3045A-3053A-3055A-3055A-9999A-9999E,12,1012511916,300992286,1,"",
WA007,310724,WA002,101,3040A-3045A-3053A-3055A-3055A-9999A-9999E,12,1012511916,300992287,1,"",
WA007,310724,WA002,101,3040A-3045A-3053A-3055A-3055A-9999A-9999E,11,1012512007,300993120,1,"",
WA007,310724,WA002,101,3040A-3045A-3053A-3055A-3055A-9999A-9999E,11,1012512007,300993121,1,"",
WA007,310724,WA002,101,3040A-3045A-3053A-3055A-3055A-9999A-9999E,11,1012512007,300993122,1,"",
WA007,310724,WA002,101,3040A-3045A-3053A-3055A-3055A-9999A-9999E,11,1012512007,300993123,1,"",
WA007,310724,WA002,101,3040A-3045A-3053A-3055A-3055A-9999A-9999E,11,1012512007,300993124,1,"",
WA007,310724,WA002,101,3040A-3045A-3053A-3055A-3055A-9999A-9999E,11,1012512009,300993182,1,"",
WA007,310724,WA002,101,3040A-3045A-3053A-3055A-3055A-9999A-9999E,11,1012512009,300993196,1,"",
WA007,310724,WA002,101,3040A-3045A-3053A-3055A-3055A-9999A-9999E,11,1012512009,300993345,1,"",
WA007,310724,WA002,101,3040A-3045A-3053A-3055A-3055A-9999A-9999E,11,1012512009,300993346,1,"",
WA007,310724,WA002,101,3040A-3045A-3053A-3055A-3055A-9999A-9999E,11,1012512009,300993347,1,"",
WA007,310724,WA002,101,3040A-3045A-3053A-3055A-3055A-9999A-9999E,11,1012512009,300993380,1,"",
WA007,310724,WA002,101,3040A-3045A-3053A-3055A-3055A-9999A-9999E,11,1012512009,300993381,1,"",
WA007,310724,WA002,101,3040A-3045A-3053A-3055A-3055A-9999A-9999E,11,1012512009,300993382,1,"",
WA007,310724,WA002,101,3040A-3045A-3053A-3055A-3055A-9999A-9999E,11,1012512011,300993412,1,"",
WA007,310724,WA002,101,3040A-3045A-3053A-3055A-3055A-9999A-9999E,11,1012512011,300993413,1,"",
WA007,310724,WA002,101,3040A-3045A-3053A-3055A-3055A-9999A-9999E,11,1012512011,300993414,1,"",
WA007,310724,WA002,101,3040A-3045A-3053A-3055A-3055A-9999A-9999E,11,1012512011,300993460,1,"",
WA007,310724,WA002,101,3040A-3045A-3053A-3055A-3055A-9999A-9999E,11,1012512011,300993461,1,"",
WA007,310724,WA002,101,3040A-3045A-3053A-3055A-3055A-9999A-9999E,11,1012512011,300993462,1,"",
WA007,310724,WA002,101,3040A-3045A-3053A-3055A-3055A-9999A-9999E,11,1012512011,300993502,1,"",
WA007,310724,WA002,101,3040A-3045A-3053A-3055A-3055A-9999A-9999E,11,1012512011,300993503,1,"",
WA007,310724,WA002,101,3040A-3045A-3053A-3055A-3055A-9999A-9999E,11,1012512014,300993681,1,"",
WA007,310724,WA002,101,3040A-3045A-3053A-3055A-3055A-9999A-9999E,11,1012512014,300993682,1,"",
WA007,310724,WA002,101,3040A-3045A-3053A-3055A-3055A-9999A-9999E,11,1012512014,300993687,1,"",
WA007,310724,WA002,101,3040A-3045A-3053A-3055A-3055A-9999A-9999E,11,1012512014,300993701,1,"",
WA007,310724,WA002,101,3040A-3045A-3053A-3055A-3055A-9999A-9999E,11,1012512014,300993738,1,"",
WA007,310724,WA002,101,3040A-3045A-3053A-3055A-3055A-9999A-9999E,11,1012512014,300993739,1,"",
WA007,310724,WA002,101,3040A-3045A-3053A-3055A-3055A-9999A-9999E,11,1012512014,300993752,1,"",
WA007,310724,WA002,101,3040A-3045A-3053A-3055A-3055A-9999A-9999E,11,1012512014,300993753,1,"",
WA007,310724,WA002,101,3040A-3045A-3053A-3055A-3055A-9999A-9999E,9,1012512202,300995706,1,"",
WA007,310724,WA002,101,3040A-3045A-3053A-3055A-3055A-9999A-9999E,9,1012512202,300995708,1,"",
WA007,310724,WA002,101,3040A-3045A-3053A-3055A-3055A-9999A-9999E,9,1012512202,300995711,1,"",
WA007,310724,WA002,101,3040A-3045A-3053A-3055A-3055A-9999A-9999E,9,1012512202,300995750,1,"",
WA007,310724,WA002,101,3040A-3045A-3053A-3055A-3055A-9999A-9999E,9,1012512202,300995785,1,"",
WA007,310724,WA002,101,3040A-3045A-3053A-3055A-3055A-9999A-9999E,9,1012512202,300995786,1,"",
WA007,310724,WA002,101,3040A-3045A-3053A-3055A-3055A-9999A-9999E,9,1012512202,300995787,1,"",
WA007,310724,WA002,101,3040A-3045A-3053A-3055A-3055A-9999A-9999E,9,1012512202,300995788,1,"",
WA007,310724,WA002,101,3040A-3045A-3053A-3055A-3055A-9999A-9999E,9,1012512203,300995793,1,"",
WA007,310724,WA002,101,3040A-3045A-3053A-3055A-3055A-9999A-9999E,9,1012512203,300995808,1,"",
WA007,310724,WA002,101,3040A-3045A-3053A-3055A-3055A-9999A-9999E,9,1012512203,300995880,1,"",
WA007,310724,WA002,101,3040A-3045A-3053A-3055A-3055A-9999A-9999E,9,1012512203,300995881,1,"",
WA007,310724,WA002,101,3040A-3045A-3053A-3055A-3055A-9999A-9999E,9,1012512203,300995886,1,"",
WA007,310724,WA002,101,3040A-3045A-3053A-3055A-3055A-9999A-9999E,9,1012512203,300995888,1,"",
WA007,310724,WA002,101,3040A-3045A-3053A-3055A-3055A-9999A-9999E,9,1012512203,300995889,1,"",
WA007,310724,WA002,101,3040A-3045A-3053A-3055A-3055A-9999A-9999E,9,1012512203,300995895,1,"",
WA007,310724,WA002,101,3040A-3045A-3053A-9999A,60,1012507108,300925030,1,"",
WA007,310724,WA002,101,3040A-3045A-3053A-9999A,60,1012507108,300925031,1,"",
WA007,310724,WA002,101,3040A-3045A-3053A-9999A,60,1012507108,300925032,1,"",
WA007,310724,WA002,101,3040A-3045A-3053A-9999A,60,1012507108,300925035,1,"",
WA007,310724,WA002,101,3040A-3045A-3053A-9999A,60,1012507108,300925036,1,"",
WA007,310724,WA002,101,3040A-3045A-3053A-9999A,60,1012507108,300925037,1,"",
WA007,310724,WA002,101,3040A-3045A-3053A-9999A,60,1012507108,300925051,1,"",
WA007,310724,WA002,101,3040A-3045A-3053A-9999A,60,1012507108,300925052,1,"",
WA007,310724,WA002,101,3040A-3045A-3053A-9999A,58,1012507304,300927702,1,"",
WA007,310724,WA002,101,3040A-3045A-3053A-9999A,58,1012507304,300927703,1,"",
WA007,310724,WA002,101,3040A-3045A-3053A-9999A,58,1012507304,300927704,1,"",
WA007,310724,WA002,101,3040A-3045A-3053A-9999A,58,1012507304,300927709,1,"",
WA007,310724,WA002,101,3040A-3045A-3053A-9999A,47,1012508417,300943982,1,"",
WA007,310724,WA002,101,3040A-3045A-3053A-9999A,47,1012508417,300943983,1,"",
WA007,310724,WA002,101,3040A-3045A-3053A-9999A,47,1012508417,300943984,1,"",
WA007,310724,WA002,101,3040A-3045A-3053A-9999A,47,1012508417,300944031,1,"",
WA007,310724,WA002,101,3040A-3045A-3053A-9999A,47,1012508417,300944032,1,"",
WA007,310724,WA002,101,3040A-3045A-3053A-9999A,47,1012508417,300944033,1,"",
WA007,310724,WA002,101,3040A-3045A-3053A-9999A,47,1012508417,300944034,1,"",
WA007,310724,WA002,101,3040A-3045A-3053A-9999A,47,1012508417,300944035,1,"",
WA007,310724,WA002,101,3040A-3045A-3053A-9999A,47,1012508418,300944039,1,"",
WA007,310724,WA002,101,3040A-3045A-3053A-9999A,47,1012508418,300944040,1,"",
WA007,310724,WA002,101,3040A-3045A-3053A-9999A,47,1012508418,300944041,1,"",
WA007,310724,WA002,101,3040A-3045A-3053A-9999A,47,1012508418,300944042,1,"",
WA007,310724,WA002,101,3040A-3045A-3053A-9999A,47,1012508418,300944082,1,"",
WA007,310724,WA002,101,3040A-3045A-3053A-9999A,47,1012508418,300944083,1,"",
WA007,310724,WA002,101,3040A-3045A-3053A-9999A,47,1012508418,300944084,1,"",
WA007,310724,WA002,101,3040A-3045A-3053A-9999A,47,1012508418,300944085,1,"",
WA007,310724,WA002,101,3040A-3045A-3053A-9999A,36,1012509508,300958931,1,"",
WA007,310724,WA002,101,3040A-3045A-3053A-9999A,36,1012509508,300958932,1,"",
WA007,310724,WA002,101,3040A-3045A-3053A-9999A,36,1012509508,300958933,1,"",
WA007,310724,WA002,101,3040A-3045A-3053A-9999A,36,1012509508,300958935,1,"",
WA007,310724,WA002,101,3040A-3045A-3053A-9999A,36,1012509508,300958952,1,"",
WA007,310724,WA002,101,3040A-3045A-3053A-9999A,36,1012509508,300958953,1,"",
WA007,310724,WA002,101,3040A-3045A-3053A-9999A,36,1012509508,300958957,1,"",
WA007,310724,WA002,101,3040A-3045A-3053A-9999A,36,1012509508,300958960,1,"",
WA007,310724,WA002,101,3040A-3045A-3053A-9999A,34,1012509703,300960806,1,"",
WA007,310724,WA002,101,3040A-3045A-3053A-9999A,34,1012509703,300960807,1,"",
WA007,310724,WA002,101,3040A-3045A-3053A-9999A,34,1012509703,300960808,1,"",
WA007,310724,WA002,101,3040A-3045A-3053A-9999A,34,1012509703,300961397,1,"",
WA007,310724,WA002,101,3040A-3045A-3053A-9999A,34,1012509703,300961398,1,"",
WA007,310724,WA002,101,3040A-3045A-3053A-9999A,34,1012509703,300961400,1,"",
WA007,310724,WA002,101,3040A-3045A-3053A-9999A,34,1012509703,300961402,1,"",
WA007,310724,WA002,101,3040A-3045A-3053A-9999A,34,1012509703,300961403,1,"",
WA007,310724,WA002,101,3040A-3045A-3053A-9999A,17,1012511403,300984244,1,"",
WA007,310724,WA002,101,3040A-3045A-3053A-9999A,17,1012511403,300984254,1,"",
WA007,310724,WA002,101,3040A-3045A-3053A-9999A,17,1012511403,300984255,1,"",
WA007,310724,WA002,101,3040A-3045A-3053A-9999A,17,1012511403,300984291,1,"",
WA007,310724,WA002,101,3040A-3045A-3053A-9999A,17,1012511403,300984294,1,"",
WA007,310724,WA002,101,3040A-3045A-3053A-9999A,17,1012511403,300984295,1,"",
WA007,310724,WA002,101,3040A-3045A-3053A-9999A,17,1012511403,300984297,1,"",
WA007,310724,WA002,101,3040A-3045A-3053A-9999A,17,1012511403,300984310,1,"",
WA007,310724,WA002,101,3040A-3045A-3053A-9999A,17,1012511405,300984390,1,"",
WA007,310724,WA002,101,3040A-3045A-3053A-9999A,17,1012511405,300984404,1,"",
WA007,310724,WA002,101,3040A-3045A-3053A-9999A,17,1012511405,300984405,1,"",
WA007,310724,WA002,101,3040A-3045A-3053A-9999A,17,1012511405,300984431,1,"",
WA007,310724,WA002,101,3040A-3045A-3053A-9999A,17,1012511405,300984432,1,"",
WA007,310724,WA002,101,3040A-3045A-3053A-9999A,17,1012511405,300984433,1,"",
WA007,310724,WA002,101,3040A-3045A-3053A-9999A,17,1012511405,300984438,1,"",
WA007,310724,WA002,101,3040A-3045A-3053A-9999A,17,1012511405,300984439,1,"",
WA007,310724,WA002,101,3040A-3045A-3053A-9999A,15,1012511608,300987502,1,"",
WA007,310724,WA002,101,3040A-3045A-3053A-9999A,15,1012511608,300987505,1,"",
WA007,310724,WA002,101,3040A-3045A-3053A-9999A,15,1012511608,300987506,1,"",
WA007,310724,WA002,101,3040A-3045A-3053A-9999A,15,1012511608,300987565,1,"",
WA007,310724,WA002,101,3040A-3045A-3053A-9999A,15,1012511608,300987566,1,"",
WA007,310724,WA002,101,3040A-3045A-3053A-9999A,15,1012511608,300987567,1,"",
WA007,310724,WA002,101,3040A-3045A-3053A-9999A,15,1012511608,300987568,1,"",
WA007,310724,WA002,101,3040A-3045A-3053A-9999A,15,1012511608,300987569,1,"",
WA007,310724,WA002,101,3040A-3045A-3053A-9999A,15,1012511611,300987694,1,"",
WA007,310724,WA002,101,3040A-3045A-3053A-9999A,15,1012511611,300987697,1,"",
WA007,310724,WA002,101,3040A-3045A-3053A-9999A,15,1012511611,300987698,1,"",
WA007,310724,WA002,101,3040A-3045A-3053A-9999A,15,1012511611,300987699,1,"",
WA007,310724,WA002,101,3040A-3045A-3053A-9999A,15,1012511611,300987719,1,"",
WA007,310724,WA002,101,3040A-3045A-3053A-9999A,15,1012511611,300987720,1,"",
WA007,310724,WA002,101,3040A-3045A-3053A-9999A,15,1012511611,300987721,1,"",
WA007,310724,WA002,101,3040A-3045A-3053A-9999A,15,1012511611,300987741,1,"",
WA007,310724,WA002,101,3040A-3045A-3053A-9999A,15,1012511613,300987920,1,"",
WA007,310724,WA002,101,3040A-3045A-3053A-9999A,15,1012511613,300987921,1,"",
WA007,310724,WA002,101,3040A-3045A-3053A-9999A,15,1012511613,300987922,1,"",
WA007,310724,WA002,101,3040A-3045A-3053A-9999A,15,1012511613,300987923,1,"",
WA007,310724,WA002,101,3040A-3045A-3053A-9999A,15,1012511613,300987924,1,"",
WA007,310724,WA002,101,3040A-3045A-3053A-9999A,15,1012511613,300987926,1,"",
WA007,310724,WA002,101,3040A-3045A-3053A-9999A,15,1012511613,300987927,1,"",
WA007,310724,WA002,101,3040A-3045A-3053A-9999A,15,1012511613,300987928,1,"",
WA007,310724,WA002,101,3040A-3045A-3053A-9999A,14,1012511704,300988839,1,"",
WA007,310724,WA002,101,3040A-3045A-3053A-9999A,14,1012511704,300988840,1,"",
WA007,310724,WA002,101,3040A-3045A-3053A-9999A,14,1012511704,300988843,1,"",
WA007,310724,WA002,101,3040A-3045A-3053A-9999A,14,1012511704,300988864,1,"",
WA007,310724,WA002,101,3040A-3045A-3053A-9999A,14,1012511704,300988904,1,"",
WA007,310724,WA002,101,3040A-3045A-3053A-9999A,14,1012511704,300988905,1,"",
WA007,310724,WA002,101,3040A-3045A-3053A-9999A,14,1012511704,300988906,1,"",
WA007,310724,WA002,101,3040A-3045A-3053A-9999A,14,1012511704,300988914,1,"",
WA007,310724,WA002,101,3040A-3045A-3053A-9999A,14,1012511706,300989013,1,"",
WA007,310724,WA002,101,3040A-3045A-3053A-9999A,14,1012511706,300989014,1,"",
WA007,310724,WA002,101,3040A-3045A-3053A-9999A,14,1012511706,300989015,1,"",
WA007,310724,WA002,101,3040A-3045A-3053A-9999A,14,1012511706,300989033,1,"",
WA007,310724,WA002,101,3040A-3045A-3053A-9999A,14,1012511706,300989034,1,"",
WA007,310724,WA002,101,3040A-3045A-3053A-9999A,14,1012511706,300989035,1,"",
WA007,310724,WA002,101,3040A-3045A-3053A-9999A,14,1012511706,300989161,1,"",
WA007,310724,WA002,101,3040A-3045A-3053A-9999A,14,1012511706,300989162,1,"",
WA007,310724,WA002,101,3040A-3045A-3053A-9999A,11,1012512001,300992321,1,"",
WA007,310724,WA002,101,3040A-3045A-3053A-9999A,11,1012512001,300992322,1,"",
WA007,310724,WA002,101,3040A-3045A-3053A-9999A,11,1012512001,300992323,1,"",
WA007,310724,WA002,101,3040A-3045A-3053A-9999A,11,1012512001,300992420,1,"",
WA007,310724,WA002,101,3040A-3045A-3053A-9999A,11,1012512001,300992421,1,"",
WA007,310724,WA002,101,3040A-3045A-3053A-9999A,11,1012512004,300992756,1,"",
WA007,310724,WA002,101,3040A-3045A-3053A-9999A,11,1012512004,300992759,1,"",
WA007,310724,WA002,101,3040A-3045A-3053A-9999A,11,1012512004,300992824,1,"",
WA007,310724,WA002,101,3040A-3045A-3053A-9999A,11,1012512004,300992826,1,"",
WA007,310724,WA002,101,3040A-3045A-3053A-9999A,11,1012512004,300992827,1,"",
WA007,310724,WA002,101,3040A-3045A-3053A-9999A,11,1012512004,300992828,1,"",
WA007,310724,WA002,101,3040A-3045A-3053A-9999A,11,1012512004,300992829,1,"",
WA007,310724,WA002,101,3040A-3045A-3053A-9999A,11,1012512004,300992830,1,"",
WA007,310724,WA002,101,3040A-3045A-3053A-9999A,9,1012512201,300995335,1,"",
WA007,310724,WA002,101,3040A-3045A-3053A-9999A,9,1012512201,300995360,1,"",
WA007,310724,WA002,101,3040A-3045A-3053A-9999A,9,1012512201,300995361,1,"",
WA007,310724,WA002,101,3040A-3045A-3053A-9999A,9,1012512201,300995367,1,"",
WA007,310724,WA002,101,3040A-3045A-3053A-9999A,9,1012512201,300995369,1,"",
WA007,310724,WA002,101,3040A-3045A-3053A-9999A,9,1012512201,300995391,1,"",
WA007,310724,WA002,101,3040A-3045A-3053A-9999A,9,1012512201,300995694,1,"",
WA007,310724,WA002,101,3040A-3045A-3053A-9999A-9999E,17,1012511402,300984202,1,233232-1-1-103,
WA007,310724,WA002,101,3040A-3045A-3053A-9999A-9999E,17,1012511402,300984211,1,233232-1-1-103,
WA007,310724,WA002,101,3040A-3045A-3053A-9999A-9999E,17,1012511402,300984212,1,233232-1-1-103,
WA007,310724,WA002,101,3040A-3045A-3053A-9999A-9999E,17,1012511402,300984224,1,233232-1-1-103,
WA007,310724,WA002,101,3040A-3045A-3053A-9999A-9999E,17,1012511402,300984225,1,233232-1-1-103,
WA007,310724,WA002,101,3040A-3045A-3053A-9999A-9999E,17,1012511402,300984226,1,233232-1-1-103,
WA007,310724,WA002,101,3040A-3045A-3053A-9999A-9999E,17,1012511402,300984242,1,233232-1-1-103,
WA007,310724,WA002,101,3040A-3045A-3053A-9999A-9999E,17,1012511402,300984243,1,233232-1-1-103,
WA007,310724,WA002,101,3040A-3045A-3053A-9999A-9999E,17,1012511404,300984311,1,233232-1-1-103,
WA007,310724,WA002,101,3040A-3045A-3053A-9999A-9999E,17,1012511404,300984312,1,233232-1-1-103,
WA007,310724,WA002,101,3040A-3045A-3053A-9999A-9999E,17,1012511404,300984329,1,233232-1-1-103,
WA007,310724,WA002,101,3040A-3045A-3053A-9999A-9999E,17,1012511404,300984367,1,233232-1-1-103,
WA007,310724,WA002,101,3040A-3045A-3053A-9999A-9999E,17,1012511404,300984368,1,233232-1-1-103,
WA007,310724,WA002,101,3040A-3045A-3053A-9999A-9999E,17,1012511404,300984369,1,233232-1-1-103,
WA007,310724,WA002,101,3040A-3045A-3053A-9999A-9999E,17,1012511404,300984371,1,233232-1-1-103,
WA007,310724,WA002,101,3040A-3045A-3053A-9999A-9999E,17,1012511404,300984378,1,233232-1-1-103,
WA007,310724,WA002,101,3040A-3045A-3053A-9999A-9999E,17,1012511411,300984914,1,233232-1-1-103,
WA007,310724,WA002,101,3040A-3045A-3053A-9999A-9999E,17,1012511411,300984915,1,233232-1-1-103,
WA007,310724,WA002,101,3040A-3045A-3053A-9999A-9999E,17,1012511411,300984924,1,233232-1-1-103,
WA007,310724,WA002,101,3040A-3045A-3053A-9999A-9999E,17,1012511411,300984958,1,233232-1-1-103,
WA007,310724,WA002,101,3040A-3045A-3053A-9999A-9999E,17,1012511411,300984959,1,233232-1-1-103,
WA007,310724,WA002,101,3040A-3045A-3053A-9999A-9999E,17,1012511411,300984960,1,233232-1-1-103,
WA007,310724,WA002,101,3040A-3045A-3053A-9999A-9999E,17,1012511411,300984969,1,233232-1-1-103,
WA007,310724,WA002,101,3040A-3045A-3053A-9999A-9999E,17,1012511411,300984970,1,233232-1-1-103,
WA007,310724,WA002,101,3040A-3045A-3053A-9999A-9999E,17,1012511414,300985102,1,233107-1-1-102,
WA007,310724,WA002,101,3040A-3045A-3053A-9999A-9999E,17,1012511414,300985115,1,233107-1-1-102,
WA007,310724,WA002,101,3040A-3045A-3053A-9999A-9999E,17,1012511414,300985116,1,233107-1-1-102,
WA007,310724,WA002,101,3040A-3045A-3053A-9999A-9999E,17,1012511414,300985119,1,233107-1-1-102,
WA007,310724,WA002,101,3040A-3045A-3053A-9999A-9999E,17,1012511414,300985120,1,233107-1-1-102,
WA007,310724,WA002,101,3040A-3045A-3053A-9999A-9999E,17,1012511414,300985121,1,233107-1-1-102,
WA007,310724,WA002,101,3040A-3045A-3053A-9999A-9999E,17,1012511414,300985155,1,233107-1-1-102,
WA007,310724,WA002,101,3040A-3045A-3053A-9999A-9999E,17,1012511414,300985156,1,233107-1-1-102,
WA007,310724,WA002,101,3040A-3045A-3053A-9999A-9999E,16,1012511513,300986503,1,233107-1-1-102,
WA007,310724,WA002,101,3040A-3045A-3053A-9999A-9999E,16,1012511513,300986504,1,233107-1-1-102,
WA007,310724,WA002,101,3040A-3045A-3053A-9999A-9999E,16,1012511513,300986505,1,233107-1-1-102,
WA007,310724,WA002,101,3040A-3045A-3053A-9999A-9999E,16,1012511513,300986506,1,233107-1-1-102,
WA007,310724,WA002,101,3040A-3045A-3053A-9999A-9999E,16,1012511513,300986529,1,233107-1-1-102,
WA007,310724,WA002,101,3040A-3045A-3053A-9999A-9999E,16,1012511513,300986530,1,233107-1-1-102,
WA007,310724,WA002,101,3040A-3045A-3053A-9999A-9999E,16,1012511513,300986531,1,233107-1-1-102,
WA007,310724,WA002,101,3040A-3045A-3053A-9999A-9999E,16,1012511513,300986533,1,233107-1-1-102,
WA007,310724,WA002,101,3040A-3045A-3053A-9999A-9999E,15,1012511604,300987149,1,233107-1-1-102,
WA007,310724,WA002,101,3040A-3045A-3053A-9999A-9999E,15,1012511604,300987154,1,233107-1-1-102,
WA007,310724,WA002,101,3040A-3045A-3053A-9999A-9999E,15,1012511604,300987174,1,233107-1-1-102,
WA007,310724,WA002,101,3040A-3045A-3053A-9999A-9999E,15,1012511604,300987193,1,233107-1-1-102,
WA007,310724,WA002,101,3040A-3045A-3053A-9999A-9999E,15,1012511604,300987194,1,233107-1-1-102,
WA007,310724,WA002,101,3040A-3045A-3053A-9999A-9999E,15,1012511604,300987195,1,233107-1-1-102,
WA007,310724,WA002,101,3040A-3045A-3053A-9999A-9999E,15,1012511604,300987236,1,233107-1-1-102,
WA007,310724,WA002,101,3040A-3045A-3053A-9999A-9999E,15,1012511604,300987237,1,233107-1-1-102,
WA007,310724,WA002,101,3040A-3045A-3053A-9999A-9999E,15,1012511607,300987441,1,233107-1-1-102,
WA007,310724,WA002,101,3040A-3045A-3053A-9999A-9999E,15,1012511607,300987446,1,233107-1-1-102,
WA007,310724,WA002,101,3040A-3045A-3053A-9999A-9999E,15,1012511607,300987450,1,233107-1-1-102,
WA007,310724,WA002,101,3040A-3045A-3053A-9999A-9999E,15,1012511607,300987490,1,233107-1-1-102,
WA007,310724,WA002,101,3040A-3045A-3053A-9999A-9999E,15,1012511607,300987491,1,233107-1-1-102,
WA007,310724,WA002,101,3040A-3045A-3053A-9999A-9999E,15,1012511607,300987492,1,233107-1-1-102,
WA007,310724,WA002,101,3040A-3045A-3053A-9999A-9999E,15,1012511607,300987500,1,233107-1-1-102,
WA007,310724,WA002,101,3040A-3045A-3053A-9999A-9999E,15,1012511607,300987501,1,233107-1-1-102,
WA007,310724,WA002,101,3040A-3045A-3053A-9999A-9999E,15,1012511609,300987594,1,233107-1-1-102,
WA007,310724,WA002,101,3040A-3045A-3053A-9999A-9999E,15,1012511609,300987596,1,233107-1-1-102,
WA007,310724,WA002,101,3040A-3045A-3053A-9999A-9999E,15,1012511609,300987636,1,233107-1-1-102,
WA007,310724,WA002,101,3040A-3045A-3053A-9999A-9999E,15,1012511609,300987637,1,233107-1-1-102,
WA007,310724,WA002,101,3040A-3045A-3053A-9999A-9999E,15,1012511609,300987638,1,233107-1-1-102,
WA007,310724,WA002,101,3040A-3045A-3053A-9999A-9999E,15,1012511609,300987639,1,233107-1-1-102,
WA007,310724,WA002,101,3040A-3045A-3053A-9999A-9999E,15,1012511609,300987640,1,233107-1-1-102,
WA007,310724,WA002,101,3040A-3045A-3053A-9999A-9999E,15,1012511609,300987641,1,233107-1-1-102,
WA007,310724,WA002,101,3040A-3045A-3053A-9999A-9999E,15,1012511610,300987642,1,233107-1-1-102,
WA007,310724,WA002,101,3040A-3045A-3053A-9999A-9999E,15,1012511610,300987643,1,233107-1-1-102,
WA007,310724,WA002,101,3040A-3045A-3053A-9999A-9999E,15,1012511610,300987644,1,233107-1-1-102,
WA007,310724,WA002,101,3040A-3045A-3053A-9999A-9999E,15,1012511610,300987687,1,233107-1-1-102,
WA007,310724,WA002,101,3040A-3045A-3053A-9999A-9999E,15,1012511610,300987688,1,233107-1-1-102,
WA007,310724,WA002,101,3040A-3045A-3053A-9999A-9999E,15,1012511610,300987689,1,233107-1-1-102,
WA007,310724,WA002,101,3040A-3045A-3053A-9999A-9999E,15,1012511610,300987692,1,233107-1-1-102,
WA007,310724,WA002,101,3040A-3045A-3053A-9999A-9999E,15,1012511610,300987693,1,233107-1-1-102,
WA007,310724,WA002,101,3040A-3045A-3053A-9999A-9999E,15,1012511612,300987881,1,233107-1-1-102,
WA007,310724,WA002,101,3040A-3045A-3053A-9999A-9999E,15,1012511612,300987882,1,233107-1-1-102,
WA007,310724,WA002,101,3040A-3045A-3053A-9999A-9999E,15,1012511612,300987883,1,233107-1-1-102,
WA007,310724,WA002,101,3040A-3045A-3053A-9999A-9999E,15,1012511612,300987884,1,233107-1-1-102,
WA007,310724,WA002,101,3040A-3045A-3053A-9999A-9999E,15,1012511612,300987893,1,233107-1-1-102,
WA007,310724,WA002,101,3040A-3045A-3053A-9999A-9999E,15,1012511612,300987894,1,233107-1-1-102,
WA007,310724,WA002,101,3040A-3045A-3053A-9999A-9999E,15,1012511612,300987895,1,233107-1-1-102,
WA007,310724,WA002,101,3040A-3045A-3053A-9999A-9999E,15,1012511612,300987896,1,233107-1-1-102,
WA007,310724,WA002,101,3040A-3045A-3053A-9999A-9999E,15,1012511614,300987947,1,233107-1-1-102,
WA007,310724,WA002,101,3040A-3045A-3053A-9999A-9999E,15,1012511614,300987948,1,233107-1-1-102,
WA007,310724,WA002,101,3040A-3045A-3053A-9999A-9999E,15,1012511614,300987949,1,233107-1-1-102,
WA007,310724,WA002,101,3040A-3045A-3053A-9999A-9999E,15,1012511614,300987950,1,233107-1-1-102,
WA007,310724,WA002,101,3040A-3045A-3053A-9999A-9999E,15,1012511614,300987951,1,233107-1-1-102,
WA007,310724,WA002,101,3040A-3045A-3053A-9999A-9999E,15,1012511614,300987952,1,233107-1-1-102,
WA007,310724,WA002,101,3040A-3045A-3053A-9999A-9999E,15,1012511614,300987953,1,233107-1-1-102,
WA007,310724,WA002,101,3040A-3045A-3053A-9999A-9999E,15,1012511614,300987954,1,233107-1-1-102,
WA007,310724,WA002,101,3040A-3045A-3053A-9999A-9999E,15,1012511615,300987992,1,233107-1-1-102,
WA007,310724,WA002,101,3040A-3045A-3053A-9999A-9999E,15,1012511615,300987993,1,233107-1-1-102,
WA007,310724,WA002,101,3040A-3045A-3053A-9999A-9999E,15,1012511615,300987994,1,233107-1-1-102,
WA007,310724,WA002,101,3040A-3045A-3053A-9999A-9999E,15,1012511615,300987995,1,233107-1-1-102,
WA007,310724,WA002,101,3040A-3045A-3053A-9999A-9999E,15,1012511615,300988061,1,233107-1-1-102,
WA007,310724,WA002,101,3040A-3045A-3053A-9999A-9999E,15,1012511615,300988062,1,233107-1-1-102,
WA007,310724,WA002,101,3040A-3045A-3053A-9999A-9999E,15,1012511615,300988063,1,233107-1-1-102,
WA007,310724,WA002,101,3040A-3045A-3053A-9999A-9999E,15,1012511615,300988064,1,233107-1-1-102,
WA007,310724,WA002,101,3040A-3045A-3053A-9999A-9999E,15,1012511616,300988113,1,233107-1-1-102,
WA007,310724,WA002,101,3040A-3045A-3053A-9999A-9999E,15,1012511616,300988114,1,233107-1-1-102,
WA007,310724,WA002,101,3040A-3045A-3053A-9999A-9999E,15,1012511616,300988115,1,233107-1-1-102,
WA007,310724,WA002,101,3040A-3045A-3053A-9999A-9999E,15,1012511616,300988120,1,233107-1-1-102,
WA007,310724,WA002,101,3040A-3045A-3053A-9999A-9999E,15,1012511616,300988121,1,233107-1-1-102,
WA007,310724,WA002,101,3040A-3045A-3053A-9999A-9999E,15,1012511616,300988122,1,233107-1-1-102,
WA007,310724,WA002,101,3040A-3045A-3053A-9999A-9999E,15,1012511616,300988123,1,233107-1-1-102,
WA007,310724,WA002,101,3040A-3045A-3053A-9999A-9999E,15,1012511616,300988124,1,233107-1-1-102,
WA007,310724,WA002,101,3040A-3045A-3053A-9999A-9999E,15,1012511617,300988190,1,233107-1-1-102,
WA007,310724,WA002,101,3040A-3045A-3053A-9999A-9999E,15,1012511617,300988197,1,233107-1-1-102,
WA007,310724,WA002,101,3040A-3045A-3053A-9999A-9999E,15,1012511617,300988198,1,233107-1-1-102,
WA007,310724,WA002,101,3040A-3045A-3053A-9999A-9999E,15,1012511617,300988199,1,233107-1-1-102,
WA007,310724,WA002,101,3040A-3045A-3053A-9999A-9999E,15,1012511617,300988202,1,233107-1-1-102,
WA007,310724,WA002,101,3040A-3045A-3053A-9999A-9999E,15,1012511617,300988227,1,233107-1-1-102,
WA007,310724,WA002,101,3040A-3045A-3053A-9999A-9999E,15,1012511617,300988228,1,233107-1-1-102,
WA007,310724,WA002,101,3040A-3045A-3053A-9999A-9999E,15,1012511617,300988232,1,233107-1-1-102,
WA007,310724,WA002,101,3040A-3045A-3053A-9999A-9999E,15,1012511618,300988244,1,233107-1-1-102,
WA007,310724,WA002,101,3040A-3045A-3053A-9999A-9999E,15,1012511618,300988251,1,233107-1-1-102,
WA007,310724,WA002,101,3040A-3045A-3053A-9999A-9999E,15,1012511618,300988279,1,233107-1-1-102,
WA007,310724,WA002,101,3040A-3045A-3053A-9999A-9999E,15,1012511618,300988315,1,233107-1-1-102,
WA007,310724,WA002,101,3040A-3045A-3053A-9999A-9999E,14,1012511701,300988630,1,233107-1-1-102,
WA007,310724,WA002,101,3040A-3045A-3053A-9999A-9999E,14,1012511701,300988652,1,233107-1-1-102,
WA007,310724,WA002,101,3040A-3045A-3053A-9999A-9999E,14,1012511701,300988653,1,233107-1-1-102,
WA007,310724,WA002,101,3040A-3045A-3053A-9999A-9999E,14,1012511701,300988654,1,233107-1-1-102,
WA007,310724,WA002,101,3040A-3045A-3053A-9999A-9999E,14,1012511701,300988665,1,233107-1-1-102,
WA007,310724,WA002,101,3040A-3045A-3053A-9999A-9999E,14,1012511701,300988686,1,233107-1-1-102,
WA007,310724,WA002,101,3040A-3045A-3053A-9999A-9999E,14,1012511701,300988689,1,233107-1-1-102,
WA007,310724,WA002,101,3040A-3045A-3053A-9999A-9999E,14,1012511701,300988690,1,233107-1-1-102,
WA007,310724,WA002,101,3040A-3045A-3053A-9999A-9999E,14,1012511702,300988704,1,233107-1-1-102,
WA007,310724,WA002,101,3040A-3045A-3053A-9999A-9999E,14,1012511702,300988705,1,233107-1-1-102,
WA007,310724,WA002,101,3040A-3045A-3053A-9999A-9999E,14,1012511702,300988739,1,233107-1-1-102,
WA007,310724,WA002,101,3040A-3045A-3053A-9999A-9999E,14,1012511702,300988740,1,233107-1-1-102,
WA007,310724,WA002,101,3040A-3045A-3053A-9999A-9999E,14,1012511702,300988741,1,233107-1-1-102,
WA007,310724,WA002,101,3040A-3045A-3053A-9999A-9999E,14,1012511702,300988750,1,"",
WA007,310724,WA002,101,3040A-3045A-3053A-9999A-9999E,14,1012511702,300988753,1,"",
WA007,310724,WA002,101,3040A-3045A-3053A-9999A-9999E,14,1012511702,300988759,1,"",
WA007,310724,WA002,101,3040A-3045A-3053A-9999A-9999E,14,1012511703,300988785,1,"",
WA007,310724,WA002,101,3040A-3045A-3053A-9999A-9999E,14,1012511703,300988786,1,"",
WA007,310724,WA002,101,3040A-3045A-3053A-9999A-9999E,14,1012511703,300988787,1,"",
WA007,310724,WA002,101,3040A-3045A-3053A-9999A-9999E,14,1012511703,300988799,1,"",
WA007,310724,WA002,101,3040A-3045A-3053A-9999A-9999E,14,1012511703,300988800,1,"",
WA007,310724,WA002,101,3040A-3045A-3053A-9999A-9999E,14,1012511703,300988801,1,"",
WA007,310724,WA002,101,3040A-3045A-3053A-9999A-9999E,14,1012511703,300988837,1,"",
WA007,310724,WA002,101,3040A-3045A-3053A-9999A-9999E,14,1012511703,300988838,1,"",
WA007,310724,WA002,101,3040A-3045A-3053A-9999A-9999E,14,1012511705,300988916,1,"",
WA007,310724,WA002,101,3040A-3045A-3053A-9999A-9999E,14,1012511705,300988922,1,"",
WA007,310724,WA002,101,3040A-3045A-3053A-9999A-9999E,14,1012511705,300988936,1,"",
WA007,310724,WA002,101,3040A-3045A-3053A-9999A-9999E,14,1012511705,300988937,1,"",
WA007,310724,WA002,101,3040A-3045A-3053A-9999A-9999E,14,1012511705,300988941,1,"",
WA007,310724,WA002,101,3040A-3045A-3053A-9999A-9999E,14,1012511705,300988956,1,"",
WA007,310724,WA002,101,3040A-3045A-3053A-9999A-9999E,14,1012511705,300988971,1,"",
WA007,310724,WA002,101,3040A-3045A-3053A-9999A-9999E,14,1012511705,300988975,1,"",
WA007,310724,WA002,101,3040A-3045A-3053A-9999A-9999E,13,1012511806,300990115,1,"",
WA007,310724,WA002,101,3040A-3045A-3053A-9999A-9999E,13,1012511806,300990116,1,"",
WA007,310724,WA002,101,3040A-3045A-3053A-9999A-9999E,13,1012511806,300990123,1,"",
WA007,310724,WA002,101,3040A-3045A-3053A-9999A-9999E,13,1012511806,300990156,1,"",
WA007,310724,WA002,101,3040A-3045A-3053A-9999A-9999E,13,1012511806,300990157,1,"",
WA007,310724,WA002,101,3040A-3045A-3053A-9999A-9999E,13,1012511806,300990158,1,"",
WA007,310724,WA002,101,3040A-3045A-3053A-9999A-9999E,13,1012511806,300990186,1,"",
WA007,310724,WA002,101,3040A-3045A-3053A-9999A-9999E,13,1012511806,300990187,1,"",
WA007,310724,WA002,101,3040A-3045A-3053A-9999A-9999E,12,1012511915,300992137,1,"",
WA007,310724,WA002,101,3040A-3045A-3053A-9999A-9999E,12,1012511915,300992138,1,"",
WA007,310724,WA002,101,3040A-3045A-3053A-9999A-9999E,12,1012511915,300992139,1,"",
WA007,310724,WA002,101,3040A-3045A-3053A-9999A-9999E,12,1012511915,300992140,1,"",
WA007,310724,WA002,101,3040A-3045A-3053A-9999A-9999E,12,1012511915,300992211,1,"",
WA007,310724,WA002,101,3040A-3045A-3053A-9999A-9999E,12,1012511915,300992212,1,"",
WA007,310724,WA002,101,3040A-3045A-3053A-9999A-9999E,12,1012511915,300992257,1,"",
WA007,310724,WA002,101,3040A-3045A-3053A-9999A-9999E,12,1012511915,300992258,1,"",
WA007,310724,WA002,101,3040A-3045A-3053A-9999A-9999E,11,1012512013,300993600,1,"",
WA007,310724,WA002,101,3040A-3045A-3053A-9999A-9999E,11,1012512013,300993601,1,"",
WA007,310724,WA002,101,3040A-3045A-3053A-9999A-9999E,11,1012512013,300993602,1,"",
WA007,310724,WA002,101,3040A-3045A-3053A-9999A-9999E,11,1012512013,300993622,1,"",
WA007,310724,WA002,101,3040A-3045A-3053A-9999A-9999E,11,1012512013,300993623,1,"",
WA007,310724,WA002,101,3040A-3045A-3053A-9999A-9999E,11,1012512013,300993624,1,"",
WA007,310724,WA002,101,3040A-3045A-3053A-9999A-9999E,11,1012512013,300993632,1,"",
WA007,310724,WA002,101,3040A-3045A-3053A-9999A-9999E,11,1012512013,300993633,1,"",
WA007,310724,WA002,101,3040A-3045A-9999A,82,1012504909,300893169,1,232707-1-1-101,
WA007,310724,WA002,101,3040A-3045A-9999A,82,1012504909,300893183,1,232707-1-1-101,
WA007,310724,WA002,101,3040A-3045A-9999A,82,1012504909,300893184,1,232707-1-1-101,
WA007,310724,WA002,101,3040A-3045A-9999A,82,1012504909,300893191,1,232707-1-1-101,
WA007,310724,WA002,101,3040A-3045A-9999A,82,1012504909,300893201,1,232707-1-1-101,
WA007,310724,WA002,101,3040A-3045A-9999A,82,1012504909,300893230,1,232707-1-1-101,
WA007,310724,WA002,101,3040A-3045A-9999A,82,1012504909,300893231,1,232707-1-1-101,
WA007,310724,WA002,101,3040A-3045A-9999A,82,1012504909,300893243,1,232707-1-1-101,
WA007,310724,WA002,101,3040A-3045A-9999A,82,1012504910,300893245,1,232707-1-1-101,
WA007,310724,WA002,101,3040A-3045A-9999A,82,1012504910,300893246,1,232707-1-1-101,
WA007,310724,WA002,101,3040A-3045A-9999A,82,1012504910,300893295,1,232707-1-1-101,
WA007,310724,WA002,101,3040A-3045A-9999A,82,1012504910,300893296,1,232707-1-1-101,
WA007,310724,WA002,101,3040A-3045A-9999A,82,1012504910,300893297,1,232707-1-1-101,
WA007,310724,WA002,101,3040A-3045A-9999A,82,1012504910,300893302,1,"",
WA007,310724,WA002,101,3040A-3045A-9999A,82,1012504910,300893303,1,"",
WA007,310724,WA002,101,3040A-3045A-9999A,82,1012504910,300893315,1,"",
WA007,310724,WA002,101,3040A-3045A-9999A,81,1012505009,300894648,1,"",
WA007,310724,WA002,101,3040A-3045A-9999A,81,1012505009,300894649,1,"",
WA007,310724,WA002,101,3040A-3045A-9999A,81,1012505009,300894650,1,"",
WA007,310724,WA002,101,3040A-3045A-9999A,81,1012505009,300894652,1,"",
WA007,310724,WA002,101,3040A-3045A-9999A,81,1012505009,300894654,1,"",
WA007,310724,WA002,101,3040A-3045A-9999A,81,1012505009,300894671,1,"",
WA007,310724,WA002,101,3040A-3045A-9999A,81,1012505009,300894694,1,"",
WA007,310724,WA002,101,3040A-3045A-9999A,81,1012505009,300894695,1,"",
WA007,310724,WA002,101,3040A-3045A-9999A,81,1012505016,300895307,1,"",
WA007,310724,WA002,101,3040A-3045A-9999A,81,1012505016,300895308,1,"",
WA007,310724,WA002,101,3040A-3045A-9999A,81,1012505016,300895309,1,"",
WA007,310724,WA002,101,3040A-3045A-9999A,81,1012505016,300895310,1,"",
WA007,310724,WA002,101,3040A-3045A-9999A,81,1012505016,300895311,1,"",
WA007,310724,WA002,101,3040A-3045A-9999A,81,1012505016,300895312,1,"",
WA007,310724,WA002,101,3040A-3045A-9999A,81,1012505016,300895320,1,"",
WA007,310724,WA002,101,3040A-3045A-9999A,81,1012505016,300895321,1,"",
WA007,310724,WA002,101,3040A-3045A-9999A,52,1012507901,300937213,1,"",
WA007,310724,WA002,101,3040A-3045A-9999A,52,1012507901,300937237,1,"",
WA007,310724,WA002,101,3040A-3045A-9999A,52,1012507901,300937246,1,"",
WA007,310724,WA002,101,3040A-3045A-9999A,52,1012507901,300937247,1,"",
WA007,310724,WA002,101,3040A-3045A-9999A,52,1012507901,300937248,1,"",
WA007,310724,WA002,101,3040A-3045A-9999A,52,1012507901,300937254,1,"",
WA007,310724,WA002,101,3040A-3045A-9999A,52,1012507901,300937282,1,"",
WA007,310724,WA002,101,3040A-3045A-9999A,52,1012507901,300937283,1,"",
WA007,310724,WA002,101,3040A-3045A-9999A,52,1012507902,300937303,1,"",
WA007,310724,WA002,101,3040A-3045A-9999A,52,1012507902,300937304,1,"",
WA007,310724,WA002,101,3040A-3045A-9999A,52,1012507902,300937305,1,"",
WA007,310724,WA002,101,3040A-3045A-9999A,52,1012507902,300937306,1,"",
WA007,310724,WA002,101,3040A-3045A-9999A,52,1012507902,300937321,1,"",
WA007,310724,WA002,101,3040A-3045A-9999A,52,1012507902,300937322,1,"",
WA007,310724,WA002,101,3040A-3045A-9999A,52,1012507902,300937323,1,"",
WA007,310724,WA002,101,3040A-3045A-9999A,52,1012507902,300937324,1,"",
WA007,310724,WA002,101,3040A-3045A-9999A,51,1012508001,300937659,1,"",
WA007,310724,WA002,101,3040A-3045A-9999A,51,1012508001,300937673,1,"",
WA007,310724,WA002,101,3040A-3045A-9999A,51,1012508001,300937674,1,"",
WA007,310724,WA002,101,3040A-3045A-9999A,51,1012508001,300937675,1,"",
WA007,310724,WA002,101,3040A-3045A-9999A,51,1012508001,300937676,1,"",
WA007,310724,WA002,101,3040A-3045A-9999A,51,1012508001,300937677,1,"",
WA007,310724,WA002,101,3040A-3045A-9999A,51,1012508001,300937678,1,"",
WA007,310724,WA002,101,3040A-3045A-9999A,51,1012508001,300937679,1,"",
WA007,310724,WA002,101,3040A-3045A-9999A,51,1012508002,300937714,1,"",
WA007,310724,WA002,101,3040A-3045A-9999A,51,1012508002,300937715,1,"",
WA007,310724,WA002,101,3040A-3045A-9999A,51,1012508002,300937716,1,"",
WA007,310724,WA002,101,3040A-3045A-9999A,51,1012508002,300937717,1,"",
WA007,310724,WA002,101,3040A-3045A-9999A,51,1012508002,300937736,1,"",
WA007,310724,WA002,101,3040A-3045A-9999A,51,1012508002,300937737,1,"",
WA007,310724,WA002,101,3040A-3045A-9999A,51,1012508002,300937743,1,"",
WA007,310724,WA002,101,3040A-3045A-9999A,51,1012508002,300937744,1,"",
WA007,310724,WA002,101,3040A-3045A-9999A,50,1012508117,300939767,1,"",
WA007,310724,WA002,101,3040A-3045A-9999A,50,1012508117,300939768,1,"",
WA007,310724,WA002,101,3040A-3045A-9999A,50,1012508117,300939780,1,"",
WA007,310724,WA002,101,3040A-3045A-9999A,50,1012508117,300939785,1,"",
WA007,310724,WA002,101,3040A-3045A-9999A,50,1012508117,300939799,1,"",
WA007,310724,WA002,101,3040A-3045A-9999A,50,1012508117,300939811,1,"",
WA007,310724,WA002,101,3040A-3045A-9999A,50,1012508117,300939813,1,"",
WA007,310724,WA002,101,3040A-3045A-9999A,50,1012508117,300939827,1,"",
WA007,310724,WA002,101,3040A-3045A-9999A,50,1012508118,300939849,1,"",
WA007,310724,WA002,101,3040A-3045A-9999A,50,1012508118,300939852,1,"",
WA007,310724,WA002,101,3040A-3045A-9999A,50,1012508118,300939869,1,"",
WA007,310724,WA002,101,3040A-3045A-9999A,50,1012508118,300939885,1,"",
WA007,310724,WA002,101,3040A-3045A-9999A,50,1012508118,300939888,1,"",
WA007,310724,WA002,101,3040A-3045A-9999A,50,1012508118,300939894,1,"",
WA007,310724,WA002,101,3040A-3045A-9999A,50,1012508118,300939912,1,"",
WA007,310724,WA002,101,3040A-3045A-9999A,50,1012508118,300939913,1,"",
WA007,310724,WA002,101,3040A-3045A-9999A,50,1012508119,300939920,1,"",
WA007,310724,WA002,101,3040A-3045A-9999A,50,1012508119,300939921,1,"",
WA007,310724,WA002,101,3040A-3045A-9999A,50,1012508119,300939931,1,"",
WA007,310724,WA002,101,3040A-3045A-9999A,50,1012508119,300939932,1,"",
WA007,310724,WA002,101,3040A-3045A-9999A,50,1012508119,300939955,1,"",
WA007,310724,WA002,101,3040A-3045A-9999A,50,1012508119,300939956,1,"",
WA007,310724,WA002,101,3040A-3045A-9999A,50,1012508119,300939957,1,"",
WA007,310724,WA002,101,3040A-3045A-9999A,50,1012508119,300939958,1,"",
WA007,310724,WA002,101,3040A-3045A-9999A,49,1012508204,300940425,1,"",
WA007,310724,WA002,101,3040A-3045A-9999A,49,1012508205,300940427,1,"",
WA007,310724,WA002,101,3040A-3045A-9999A,49,1012508205,300940428,1,"",
WA007,310724,WA002,101,3040A-3045A-9999A,49,1012508205,300940433,1,"",
WA007,310724,WA002,101,3040A-3045A-9999A,49,1012508205,300940434,1,"",
WA007,310724,WA002,101,3040A-3045A-9999A,49,1012508205,300940435,1,"",
WA007,310724,WA002,101,3040A-3045A-9999A,49,1012508205,300940448,1,"",
WA007,310724,WA002,101,3040A-3045A-9999A,49,1012508205,300940449,1,"",
WA007,310724,WA002,101,3040A-3045A-9999A,49,1012508205,300940450,1,"",
WA007,310724,WA002,101,3040A-3045A-9999A,49,1012508206,300940474,1,"",
WA007,310724,WA002,101,3040A-3045A-9999A,49,1012508206,300940475,1,"",
WA007,310724,WA002,101,3040A-3045A-9999A,49,1012508206,300940476,1,"",
WA007,310724,WA002,101,3040A-3045A-9999A,49,1012508206,300940514,1,"",
WA007,310724,WA002,101,3040A-3045A-9999A,49,1012508206,300940515,1,"",
WA007,310724,WA002,101,3040A-3045A-9999A,49,1012508206,300940516,1,"",
WA007,310724,WA002,101,3040A-3045A-9999A,49,1012508206,300940527,1,"",
WA007,310724,WA002,101,3040A-3045A-9999A,49,1012508206,300940528,1,"",
WA007,310724,WA002,101,3040A-3045A-9999A,48,1012508309,300942288,1,"",
WA007,310724,WA002,101,3040A-3045A-9999A,48,1012508309,300942303,1,"",
WA007,310724,WA002,101,3040A-3045A-9999A,48,1012508309,300942350,1,"",
WA007,310724,WA002,101,3040A-3045A-9999A,48,1012508309,300942352,1,"",
WA007,310724,WA002,101,3040A-3045A-9999A,48,1012508309,300942357,1,"",
WA007,310724,WA002,101,3040A-3045A-9999A,48,1012508309,300942358,1,"",
WA007,310724,WA002,101,3040A-3045A-9999A,48,1012508309,300942359,1,"",
WA007,310724,WA002,101,3040A-3045A-9999A,48,1012508309,300942364,1,"",
WA007,310724,WA002,101,3040A-3045A-9999A,48,1012508310,300942365,1,"",
WA007,310724,WA002,101,3040A-3045A-9999A,48,1012508310,300942388,1,"",
WA007,310724,WA002,101,3040A-3045A-9999A,48,1012508310,300942409,1,"",
WA007,310724,WA002,101,3040A-3045A-9999A,48,1012508310,300942410,1,"",
WA007,310724,WA002,101,3040A-3045A-9999A,48,1012508310,300942411,1,"",
WA007,310724,WA002,101,3040A-3045A-9999A,48,1012508310,300942423,1,"",
WA007,310724,WA002,101,3040A-3045A-9999A,48,1012508310,300942424,1,"",
WA007,310724,WA002,101,3040A-3045A-9999A,48,1012508310,300942426,1,"",
WA007,310724,WA002,101,3040A-3045A-9999A,47,1012508406,300943328,1,"",
WA007,310724,WA002,101,3040A-3045A-9999A,47,1012508406,300943329,1,"",
WA007,310724,WA002,101,3040A-3045A-9999A,47,1012508406,300943330,1,"",
WA007,310724,WA002,101,3040A-3045A-9999A,47,1012508406,300943331,1,"",
WA007,310724,WA002,101,3040A-3045A-9999A,47,1012508406,300943350,1,"",
WA007,310724,WA002,101,3040A-3045A-9999A,47,1012508406,300943352,1,"",
WA007,310724,WA002,101,3040A-3045A-9999A,47,1012508406,300943376,1,"",
WA007,310724,WA002,101,3040A-3045A-9999A,47,1012508406,300943377,1,"",
WA007,310724,WA002,101,3040A-3045A-9999A-9999C,82,1012504906,300892935,1,232707-1-1-101,
WA007,310724,WA002,101,3040A-3045A-9999A-9999C,82,1012504906,300892936,1,232707-1-1-101,
WA007,310724,WA002,101,3040A-3045A-9999A-9999C,82,1012504906,300892937,1,232707-1-1-101,
WA007,310724,WA002,101,3040A-3045A-9999A-9999C,81,1012505010,300894707,1,"",
WA007,310724,WA002,101,3040A-3045A-9999A-9999C,81,1012505010,300894708,1,"",
WA007,310724,WA002,101,3040A-3045A-9999A-9999C,81,1012505010,300894710,1,"",
WA007,310724,WA002,101,3040A-3045A-9999A-9999C,81,1012505010,300894720,1,"",
WA007,310724,WA002,101,3040A-3045A-9999A-9999C,81,1012505010,300894728,1,"",
WA007,310724,WA002,101,3040A-3045A-9999A-9999C,81,1012505010,300894751,1,"",
WA007,310724,WA002,101,3040A-3045A-9999A-9999C,81,1012505010,300894752,1,"",
WA007,310724,WA002,101,3040A-3045A-9999A-9999C,81,1012505010,300894753,1,"",
WA007,310724,WA002,101,3040A-3045A-9999A-9999C,81,1012505013,300895041,1,"",
WA007,310724,WA002,101,3040A-3045A-9999A-9999C,81,1012505013,300895042,1,"",
WA007,310724,WA002,101,3040A-3045A-9999A-9999C,81,1012505013,300895043,1,"",
WA007,310724,WA002,101,3040A-3045A-9999A-9999C,81,1012505013,300895044,1,"",
WA007,310724,WA002,101,3040A-3045A-9999A-9999C,81,1012505013,300895061,1,"",
WA007,310724,WA002,101,3040A-3045A-9999A-9999C,81,1012505013,300895062,1,"",
WA007,310724,WA002,101,3040A-3045A-9999A-9999C,81,1012505013,300895067,1,"",
WA007,310724,WA002,101,3040A-3045A-9999A-9999C,81,1012505013,300895068,1,"",
WA007,310724,WA002,101,3040A-3045A-9999A-9999C,81,1012505014,300895070,1,"",
WA007,310724,WA002,101,3040A-3045A-9999A-9999C,81,1012505014,300895071,1,"",
WA007,310724,WA002,101,3040A-3045A-9999A-9999C,81,1012505014,300895072,1,"",
WA007,310724,WA002,101,3040A-3045A-9999A-9999C,81,1012505014,300895073,1,"",
WA007,310724,WA002,101,3040A-3045A-9999A-9999C,81,1012505014,300895075,1,"",
WA007,310724,WA002,101,3040A-3045A-9999A-9999C,81,1012505014,300895076,1,"",
WA007,310724,WA002,101,3040A-3045A-9999A-9999C,81,1012505014,300895180,1,"",
WA007,310724,WA002,101,3040A-3045A-9999A-9999C,81,1012505014,300895181,1,"",
WA007,310724,WA002,101,3040A-3045A-9999A-9999C,81,1012505015,300895185,1,"",
WA007,310724,WA002,101,3040A-3045A-9999A-9999C,81,1012505015,300895186,1,"",
WA007,310724,WA002,101,3040A-3045A-9999A-9999C,81,1012505015,300895215,1,"",
WA007,310724,WA002,101,3040A-3045A-9999A-9999C,81,1012505015,300895216,1,"",
WA007,310724,WA002,101,3040A-3045A-9999A-9999C,81,1012505015,300895222,1,"",
WA007,310724,WA002,101,3040A-3045A-9999A-9999C,81,1012505015,300895255,1,"",
WA007,310724,WA002,101,3040A-3045A-9999A-9999C,81,1012505015,300895256,1,"",
WA007,310724,WA002,101,3040A-3045A-9999A-9999C,81,1012505015,300895257,1,"",
WA007,310724,WA002,101,3040A-3045A-9999A-9999C,51,1012508007,300938176,1,"",
WA007,310724,WA002,101,3040A-3045A-9999A-9999C,51,1012508007,300938229,1,"",
WA007,310724,WA002,101,3040A-3045A-9999A-9999C,51,1012508007,300938230,1,"",
WA007,310724,WA002,101,3040A-3045A-9999A-9999C,51,1012508007,300938231,1,"",
WA007,310724,WA002,101,3040A-3045A-9999A-9999C,51,1012508007,300938244,1,"",
WA007,310724,WA002,101,3040A-3045A-9999A-9999C,51,1012508007,300938245,1,"",
WA007,310724,WA002,101,3040A-3045A-9999A-9999C,51,1012508007,300938304,1,"",
WA007,310724,WA002,101,3040A-3045A-9999A-9999C,51,1012508007,300938309,1,"",
WA007,310724,WA002,101,3040A-3045A-9999A-9999C,50,1012508120,300939968,1,"",
WA007,310724,WA002,101,3040A-3045A-9999A-9999C,50,1012508120,300939969,1,"",
WA007,310724,WA002,101,3040A-3045A-9999A-9999C,50,1012508120,300939970,1,"",
WA007,310724,WA002,101,3040A-3045A-9999A-9999C,50,1012508120,300939971,1,"",
WA007,310724,WA002,101,3040A-3045A-9999A-9999C,50,1012508120,300939983,1,"",
WA007,310724,WA002,101,3040A-3045A-9999A-9999C,50,1012508120,300939991,1,"",
WA007,310724,WA002,101,3040A-3045A-9999A-9999C,50,1012508120,300940022,1,"",
WA007,310724,WA002,101,3040A-3045A-9999A-9999C,50,1012508120,300940023,1,"",
WA007,310724,WA002,101,3040A-3045A-9999A-9999C,49,1012508215,300940986,1,"",
WA007,310724,WA002,101,3040A-3045A-9999A-9999C,49,1012508215,300940987,1,"",
WA007,310724,WA002,101,3040A-3045A-9999A-9999C,49,1012508215,300940990,1,"",
WA007,310724,WA002,101,3040A-3045A-9999A-9999C,49,1012508215,300940992,1,"",
WA007,310724,WA002,101,3040A-3045A-9999A-9999C,49,1012508215,300940997,1,"",
WA007,310724,WA002,101,3040A-3045A-9999A-9999C,49,1012508215,300941009,1,"",
WA007,310724,WA002,101,3040A-3045A-9999A-9999C,49,1012508215,300941057,1,"",
WA007,310724,WA002,101,3040A-3045A-9999A-9999C,49,1012508215,300941058,1,"",
WA007,310724,WA002,101,3040A-3045A-9999A-9999C,49,1012508216,300941059,1,"",
WA007,310724,WA002,101,3040A-3045A-9999A-9999C,49,1012508216,300941060,1,"",
WA007,310724,WA002,101,3040A-3045A-9999A-9999C,49,1012508216,300941103,1,"",
WA007,310724,WA002,101,3040A-3045A-9999A-9999C,49,1012508216,300941104,1,"",
WA007,310724,WA002,101,3040A-3045A-9999A-9999C,49,1012508216,300941105,1,"",
WA007,310724,WA002,101,3040A-3045A-9999A-9999C,49,1012508216,300941106,1,"",
WA007,310724,WA002,101,3040A-3045A-9999A-9999C,49,1012508216,300941107,1,"",
WA007,310724,WA002,101,3040A-3045A-9999A-9999C,49,1012508216,300941108,1,"",
WA007,310724,WA002,101,3040A-3045A-9999A-9999C,49,1012508217,300941127,1,"",
WA007,310724,WA002,101,3040A-3045A-9999A-9999C,49,1012508217,300941135,1,"",
WA007,310724,WA002,101,3040A-3045A-9999A-9999C,49,1012508217,300941136,1,"",
WA007,310724,WA002,101,3040A-3045A-9999A-9999C,49,1012508217,300941137,1,"",
WA007,310724,WA002,101,3040A-3045A-9999A-9999C,49,1012508217,300941170,1,"",
WA007,310724,WA002,101,3040A-3045A-9999A-9999C,49,1012508217,300941171,1,"",
WA007,310724,WA002,101,3040A-3045A-9999A-9999C,49,1012508217,300941173,1,"",
WA007,310724,WA002,101,3040A-3045A-9999A-9999C,49,1012508217,300941174,1,"",
WA007,310724,WA002,101,3040A-3045A-9999A-9999C,49,1012508218,300941239,1,"",
WA007,310724,WA002,101,3040A-3045A-9999A-9999C,49,1012508218,300941240,1,"",
WA007,310724,WA002,101,3040A-3045A-9999A-9999C,49,1012508218,300941241,1,"",
WA007,310724,WA002,101,3040A-3045A-9999A-9999C,49,1012508218,300941242,1,"",
WA007,310724,WA002,101,3040A-3045A-9999A-9999C,49,1012508218,300941243,1,"",
WA007,310724,WA002,101,3040A-3045A-9999A-9999C,49,1012508218,300941244,1,"",
WA007,310724,WA002,101,3040A-3045A-9999A-9999C,49,1012508218,300941298,1,"",
WA007,310724,WA002,101,3040A-3045A-9999A-9999C,49,1012508218,300941299,1,"",
WA007,310724,WA002,101,3040A-3045A-9999A-9999C,47,1012508405,300943285,1,"",
WA007,310724,WA002,101,3040A-3045A-9999A-9999C,47,1012508405,300943286,1,"",
WA007,310724,WA002,101,3040A-3045A-9999A-9999C,47,1012508405,300943292,1,"",
WA007,310724,WA002,101,3040A-3045A-9999A-9999C,47,1012508405,300943300,1,"",
WA007,310724,WA002,101,3040A-3045A-9999A-9999C,47,1012508405,300943305,1,"",
WA007,310724,WA002,101,3040A-3045A-9999A-9999C,47,1012508405,300943306,1,"",
WA007,310724,WA002,101,3040A-3045A-9999A-9999C,47,1012508405,300943326,1,"",
WA007,310724,WA002,101,3040A-3045A-9999A-9999C,47,1012508405,300943327,1,"",
WA007,310724,WA002,101,3040A-3053A-9999A-9999E,19,1012511202,300981203,1,233232-1-1-103,
WA007,310724,WA002,101,3040A-3053A-9999A-9999E,19,1012511202,300981204,1,233232-1-1-103,
WA007,310724,WA002,101,3040A-3053A-9999A-9999E,19,1012511202,300981205,1,233232-1-1-103,
WA007,310724,WA002,101,3040A-3053A-9999A-9999E,19,1012511202,300981207,1,233232-1-1-103,
WA007,310724,WA002,101,3040A-3053A-9999A-9999E,19,1012511202,300981209,1,233232-1-1-103,
WA007,310724,WA002,101,3040A-3053A-9999A-9999E,19,1012511202,300981329,1,233232-1-1-103,
WA007,310724,WA002,101,3040A-3053A-9999A-9999E,19,1012511202,300981330,1,233232-1-1-103,
WA007,310724,WA002,101,3040A-3053A-9999A-9999E,19,1012511202,300981331,1,233232-1-1-103,
WA007,310724,WA002,101,3040A-9999A,19,1012511205,300981623,1,"",
WA007,310724,WA002,101,3040A-9999A,19,1012511205,300981624,1,"",
WA007,310724,WA002,101,3040A-9999A,19,1012511205,300981625,1,"",
WA007,310724,WA002,101,3040A-9999A,19,1012511205,300981626,1,"",
WA007,310724,WA002,101,3040A-9999A,19,1012511205,300981627,1,"",
WA007,310724,WA002,101,3040A-9999A,19,1012511205,300982222,1,"",
WA007,310724,WA002,101,3040A-9999A,19,1012511205,300982223,1,"",
WA007,310724,WA002,101,3040A-9999A,19,1012511205,300982225,1,"",
WA007,310726,WA002,101,3035A-9999A-9999E,85,1012504612,300889674,0,233064-1-1-101,
WA007,310726,WA002,101,3035A-9999A-9999E,85,1012504614,300889778,1,233397-1-1-110,2025-05-28 00:00:00
WA007,310726,WA002,101,3035A-9999A-9999E,85,1012504614,300889779,1,233397-1-1-110,2025-05-28 00:00:00
WA007,310726,WA002,101,3035A-9999A-9999E,85,1012504614,300889780,1,233397-1-1-110,2025-05-28 00:00:00
WA007,310726,WA002,101,3035A-9999A-9999E,85,1012504614,300889797,1,233397-1-1-110,2025-05-28 00:00:00
WA007,310726,WA002,101,3035A-9999A-9999E,85,1012504614,300889798,1,233397-1-1-110,2025-05-28 00:00:00
WA007,310726,WA002,101,3035A-9999A-9999E,85,1012504614,300889799,1,233397-1-1-110,2025-05-28 00:00:00
WA007,310726,WA002,101,3035A-9999A-9999E,85,1012504614,300889800,1,233397-1-1-110,2025-05-28 00:00:00
WA007,310726,WA002,101,9999A-9999C,96,1012503504,300873879,0,232970-1-3-103,
WA007,310726,WA002,101,9999A-9999C,88,1012504301,300885534,1,233397-1-1-101,2025-05-28 00:00:00
WA007,310726,WA002,101,9999A-9999C,88,1012504301,300885543,1,233397-1-1-101,2025-05-28 00:00:00
WA007,310726,WA002,101,9999A-9999C,88,1012504301,300885556,1,233397-1-1-101,2025-05-28 00:00:00
WA007,310726,WA002,101,9999A-9999C,88,1012504301,300885563,1,233397-1-1-101,2025-05-28 00:00:00
WA007,310726,WA002,101,9999A-9999C,88,1012504302,300885565,1,233397-1-1-101,2025-05-28 00:00:00
WA007,310726,WA002,101,9999A-9999C,88,1012504302,300885566,1,233397-1-1-101,2025-05-28 00:00:00
WA007,310726,WA002,101,9999A-9999C,88,1012504302,300885567,1,233397-1-1-101,2025-05-28 00:00:00
WA007,310726,WA002,101,9999A-9999C,88,1012504302,300885568,1,233397-1-1-101,2025-05-28 00:00:00
WA007,310726,WA002,101,9999A-9999C,88,1012504302,300885569,1,233397-1-1-102,2025-05-28 00:00:00
WA007,310726,WA002,101,9999A-9999C,88,1012504302,300885617,1,233397-1-1-102,2025-05-28 00:00:00
WA007,310726,WA002,101,9999A-9999C,88,1012504302,300885618,1,233397-1-1-102,2025-05-28 00:00:00
WA007,310726,WA002,101,9999A-9999C,88,1012504302,300885619,1,233397-1-1-102,2025-05-28 00:00:00
WA007,310726,WA002,101,9999A-9999C,88,1012504303,300885631,1,233397-1-1-102,2025-05-28 00:00:00
WA007,310726,WA002,101,9999A-9999C,88,1012504303,300885632,1,233397-1-1-102,2025-05-28 00:00:00
WA007,310726,WA002,101,9999A-9999C,88,1012504303,300885633,1,233397-1-1-102,2025-05-28 00:00:00
WA007,310726,WA002,101,9999A-9999C,88,1012504303,300885634,1,233397-1-1-102,2025-05-28 00:00:00
WA007,310726,WA002,101,9999A-9999C,88,1012504303,300885697,1,233397-1-1-102,2025-05-28 00:00:00
WA007,310726,WA002,101,9999A-9999C,88,1012504303,300885698,1,233397-1-1-102,2025-05-28 00:00:00
WA007,310726,WA002,101,9999A-9999C,88,1012504303,300885704,1,233397-1-1-102,2025-05-28 00:00:00
WA007,310726,WA002,101,9999A-9999C,88,1012504303,300885705,1,233397-1-1-102,2025-05-28 00:00:00
WA007,310726,WA002,101,9999A-9999C,88,1012504304,300885709,1,233397-1-1-102,2025-05-28 00:00:00
WA007,310726,WA002,101,9999A-9999C,88,1012504304,300885710,1,233397-1-1-102,2025-05-28 00:00:00
WA007,310726,WA002,101,9999A-9999C,88,1012504304,300885758,1,233397-1-1-102,2025-05-28 00:00:00
WA007,310726,WA002,101,9999A-9999C,88,1012504304,300885759,1,233397-1-1-102,2025-05-28 00:00:00
WA007,310726,WA002,101,9999A-9999C,88,1012504304,300885760,1,233397-1-1-102,2025-05-28 00:00:00
WA007,310726,WA002,101,9999A-9999C,88,1012504304,300885761,1,233397-1-1-102,2025-05-28 00:00:00
WA007,310726,WA002,101,9999A-9999C,87,1012504403,300885963,1,233397-1-1-102,2025-05-28 00:00:00
WA007,310726,WA002,101,9999A-9999C,87,1012504403,300885964,1,233397-1-1-102,2025-05-28 00:00:00
WA007,310726,WA002,101,9999A-9999C,87,1012504403,300885965,1,233397-1-1-103,2025-05-28 00:00:00
WA007,310726,WA002,101,9999A-9999C,87,1012504403,300886118,1,233397-1-1-103,2025-05-28 00:00:00
WA007,310726,WA002,101,9999A-9999C,87,1012504403,300886138,1,233397-1-1-103,2025-05-28 00:00:00
WA007,310726,WA002,101,9999A-9999C,87,1012504403,300886139,1,233397-1-1-103,2025-05-28 00:00:00
WA007,310726,WA002,101,9999A-9999C,87,1012504403,300886150,1,233397-1-1-103,2025-05-28 00:00:00
WA007,310726,WA002,101,9999A-9999C,87,1012504403,300886153,1,233397-1-1-103,2025-05-28 00:00:00
WA007,310726,WA002,101,9999A-9999C,87,1012504404,300886155,1,233397-1-1-103,2025-05-28 00:00:00
WA007,310726,WA002,101,9999A-9999C,87,1012504404,300886177,1,233397-1-1-103,2025-05-28 00:00:00
WA007,310726,WA002,101,9999A-9999C,86,1012504501,300887245,1,233397-1-1-106,2025-05-28 00:00:00
WA007,310726,WA002,101,9999A-9999C,86,1012504501,300887246,1,233397-1-1-106,2025-05-28 00:00:00
WA007,310726,WA002,101,9999A-9999C,86,1012504501,300887247,1,233397-1-1-106,2025-05-28 00:00:00
WA007,310726,WA002,101,9999A-9999C,86,1012504501,300887299,1,233397-1-1-106,2025-05-28 00:00:00
WA007,310726,WA002,101,9999A-9999C,86,1012504501,300887300,1,233397-1-1-106,2025-05-28 00:00:00
WA007,310726,WA002,101,9999A-9999C,86,1012504501,300887301,1,233397-1-1-106,2025-05-28 00:00:00
WA007,310726,WA002,101,9999A-9999C,86,1012504501,300887302,1,233397-1-1-106,2025-05-28 00:00:00
WA007,310726,WA002,101,9999A-9999C,86,1012504501,300887303,1,233397-1-1-106,2025-05-28 00:00:00
WA007,310726,WA002,101,9999A-9999C,86,1012504502,300887370,1,233397-1-1-106,2025-05-28 00:00:00
WA007,310726,WA002,101,9999A-9999C,86,1012504502,300887371,1,233397-1-1-106,2025-05-28 00:00:00
WA007,310726,WA002,101,9999A-9999C,86,1012504502,300887372,1,233397-1-1-107,2025-05-28 00:00:00
WA007,310726,WA002,101,9999A-9999C,86,1012504502,300887373,1,233397-1-1-107,2025-05-28 00:00:00
WA007,310726,WA002,101,9999A-9999C,86,1012504502,300887374,1,233397-1-1-107,2025-05-28 00:00:00
WA007,310726,WA002,101,9999A-9999C,86,1012504502,300887427,1,233397-1-1-107,2025-05-28 00:00:00
WA007,310726,WA002,101,9999A-9999C,86,1012504502,300887497,1,233397-1-1-107,2025-05-28 00:00:00
WA007,310726,WA002,101,9999A-9999C,86,1012504502,300887500,1,233397-1-1-107,2025-05-28 00:00:00
WA007,310726,WA002,101,9999A-9999C,86,1012504515,300888500,1,233397-1-1-108,2025-05-28 00:00:00
WA007,310726,WA002,101,9999A-9999C,86,1012504515,300888501,1,233397-1-1-108,2025-05-28 00:00:00
WA007,310726,WA002,101,9999A-9999C,86,1012504515,300888502,1,233397-1-1-108,2025-05-28 00:00:00
WA007,310726,WA002,101,9999A-9999C,86,1012504515,300888503,1,233397-1-1-108,2025-05-28 00:00:00
WA007,310726,WA002,101,9999A-9999C,86,1012504515,300888505,1,233397-1-1-108,2025-05-28 00:00:00
WA007,310726,WA002,101,9999A-9999C,86,1012504515,300888506,1,233397-1-1-108,2025-05-28 00:00:00
WA007,310726,WA002,101,9999A-9999C,86,1012504515,300888507,1,233397-1-1-108,2025-05-28 00:00:00
WA007,310726,WA002,101,9999A-9999C,86,1012504515,300888508,1,233397-1-1-108,2025-05-28 00:00:00
WA007,310726,WA002,101,9999A-9999C,85,1012504601,300888710,1,233397-1-1-108,2025-05-28 00:00:00
WA007,310726,WA002,101,9999A-9999C,85,1012504601,300888711,1,233397-1-1-108,2025-05-28 00:00:00
WA007,310726,WA002,101,9999A-9999C,85,1012504601,300888712,1,233397-1-1-109,2025-05-28 00:00:00
WA007,310726,WA002,101,9999A-9999C,85,1012504601,300888811,1,233397-1-1-109,2025-05-28 00:00:00
WA007,310726,WA002,101,9999A-9999C,85,1012504601,300888812,1,233397-1-1-109,2025-05-28 00:00:00
WA007,310726,WA002,101,9999A-9999C,85,1012504601,300888813,1,233397-1-1-109,2025-05-28 00:00:00
WA007,310726,WA002,101,9999A-9999C,85,1012504601,300888814,1,233397-1-1-109,2025-05-28 00:00:00
WA007,310726,WA002,101,9999A-9999C,85,1012504601,300888815,1,233397-1-1-109,2025-05-28 00:00:00
WA007,310726,WA002,101,9999A-9999C,85,1012504602,300888824,1,233397-1-1-109,2025-05-28 00:00:00
WA007,310726,WA002,101,9999A-9999C,85,1012504602,300888825,1,233397-1-1-109,2025-05-28 00:00:00
WA007,310726,WA002,101,9999A-9999C,85,1012504602,300888826,1,233397-1-1-109,2025-05-28 00:00:00
WA007,310726,WA002,101,9999A-9999C,85,1012504602,300888827,1,233397-1-1-109,2025-05-28 00:00:00
WA007,310726,WA002,101,9999A-9999C,85,1012504602,300888828,1,233397-1-1-109,2025-05-28 00:00:00
WA007,310726,WA002,101,9999A-9999C,85,1012504602,300888829,1,233397-1-1-109,2025-05-28 00:00:00
WA007,310726,WA002,101,9999A-9999C,85,1012504602,300888830,1,233397-1-1-109,2025-05-28 00:00:00
WA007,310726,WA002,101,9999A-9999C,85,1012504602,300888831,1,233397-1-1-109,2025-05-28 00:00:00
WA007,310726,WA002,101,9999A-9999C,84,1012504702,300889973,1,"",
WA007,310726,WA002,101,9999A-9999C,84,1012504702,300889974,1,"",
WA007,310726,WA002,101,9999A-9999C,84,1012504702,300889993,1,"",
WA007,310726,WA002,101,9999A-9999C,84,1012504702,300890020,1,"",
WA007,310726,WA002,101,9999A-9999C,84,1012504702,300890021,1,"",
WA007,310726,WA002,101,9999A-9999C,84,1012504702,300890022,1,"",
WA007,310726,WA002,101,9999A-9999C,84,1012504702,300890026,1,"",
WA007,310726,WA002,101,9999A-9999C,84,1012504702,300890035,1,"",
WA007,310726,WA002,101,9999A-9999C-9999CS,85,1012504603,300888984,1,233397-1-1-109,2025-05-28 00:00:00
WA007,310726,WA002,101,9999A-9999C-9999CS,85,1012504603,300888985,1,233397-1-1-109,2025-05-28 00:00:00
WA007,310726,WA002,101,9999A-9999C-9999CS,85,1012504603,300888992,1,233397-1-1-109,2025-05-28 00:00:00
WA007,310726,WA002,101,9999A-9999C-9999CS,85,1012504603,300888993,1,233397-1-1-109,2025-05-28 00:00:00
WA007,310726,WA002,101,9999A-9999C-9999CS,85,1012504603,300888994,1,233397-1-1-109,2025-05-28 00:00:00
WA007,310726,WA002,101,9999A-9999C-9999CS,85,1012504603,300888995,1,233397-1-1-109,2025-05-28 00:00:00
WA007,310726,WA002,101,9999A-9999C-9999CS,85,1012504603,300888996,1,233397-1-1-110,2025-05-28 00:00:00
WA007,310726,WA002,101,9999A-9999C-9999CS,85,1012504603,300888997,1,233397-1-1-110,2025-05-28 00:00:00
WA007,310726,WA002,101,9999A-9999C-9999CS,85,1012504604,300889019,1,233397-1-1-110,2025-05-28 00:00:00
WA007,310726,WA002,101,9999A-9999C-9999CS,85,1012504604,300889037,1,233397-1-1-110,2025-05-28 00:00:00
WA007,310726,WA002,101,9999A-9999C-9999CS,85,1012504604,300889038,1,233397-1-1-110,2025-05-28 00:00:00
WA007,310726,WA002,101,9999A-9999C-9999CS,85,1012504604,300889039,1,233397-1-1-110,2025-05-28 00:00:00
WA007,310726,WA002,101,9999A-9999C-9999CS,85,1012504604,300889041,1,233397-1-1-110,2025-05-28 00:00:00
WA007,310726,WA002,101,9999A-9999C-9999CS,85,1012504604,300889042,1,233397-1-1-110,2025-05-28 00:00:00
WA007,310726,WA002,101,9999A-9999C-9999CS,85,1012504604,300889074,1,233397-1-1-110,2025-05-28 00:00:00
WA007,310726,WA002,101,9999A-9999C-9999CS,85,1012504604,300889075,1,233397-1-1-110,2025-05-28 00:00:00
WA007,310726,WA002,101,9999A-9999C-9999E,84,1012504703,300890045,1,"",
WA007,310726,WA002,101,9999A-9999C-9999E,84,1012504703,300890054,1,"",
WA007,310726,WA002,101,9999A-9999E,85,1012504610,300889498,0,233064-1-1-101,
WA007,310726,WA002,101,9999A-9999E,85,1012504615,300889801,1,233397-1-1-110,2025-05-28 00:00:00
WA007,310726,WA002,101,9999A-9999E,85,1012504615,300889802,1,233397-1-1-110,2025-05-28 00:00:00
WA007,310726,WA002,101,9999A-9999E,85,1012504615,300889803,1,233397-1-1-110,2025-05-28 00:00:00
WA007,310726,WA002,101,9999A-9999E,85,1012504615,300889856,1,"",
WA007,310726,WA002,101,9999A-9999E,85,1012504615,300889857,1,"",
WA007,310726,WA002,101,9999A-9999E,85,1012504615,300889858,1,"",
WA007,310726,WA002,101,9999A-9999E,85,1012504615,300889867,1,"",
WA007,310726,WA002,101,9999A-9999E,85,1012504615,300889868,1,"",
WA007,310726,WA002,102,9999A,96,1012503505,300873965,1,233397-1-1-101,2025-05-28 00:00:00
WA007,310726,WA002,102,9999A,96,1012503505,300873966,1,233397-1-1-101,2025-05-28 00:00:00
WA007,310726,WA002,102,9999A,96,1012503505,300873967,1,233397-1-1-101,2025-05-28 00:00:00
WA007,310726,WA002,102,9999A,96,1012503505,300873969,1,233397-1-1-101,2025-05-28 00:00:00
WA007,310726,WA002,102,9999A,96,1012503506,300873977,1,233397-1-1-101,2025-05-28 00:00:00
WA007,310726,WA002,102,9999A,96,1012503506,300873984,1,233397-1-1-101,2025-05-28 00:00:00
WA007,310726,WA002,102,9999A,96,1012503506,300873993,1,233397-1-1-101,2025-05-28 00:00:00
WA007,310726,WA002,102,9999A,96,1012503506,300874001,1,233397-1-1-101,2025-05-28 00:00:00
WA007,310726,WA002,102,9999A,96,1012503506,300874018,1,233397-1-1-101,2025-05-28 00:00:00
WA007,310726,WA002,102,9999A,96,1012503506,300874048,1,233397-1-1-101,2025-05-28 00:00:00
WA007,310726,WA002,102,9999A,96,1012503506,300874049,1,233397-1-1-101,2025-05-28 00:00:00
WA007,310726,WA002,102,9999A,96,1012503506,300874050,1,233397-1-1-101,2025-05-28 00:00:00
WA007,310726,WA002,102,9999A,87,1012504405,300886201,1,233397-1-1-103,2025-05-28 00:00:00
WA007,310726,WA002,102,9999A,87,1012504405,300886202,1,233397-1-1-103,2025-05-28 00:00:00
WA007,310726,WA002,102,9999A,87,1012504405,300886204,1,233397-1-1-103,2025-05-28 00:00:00
WA007,310726,WA002,102,9999A,87,1012504405,300886242,1,233397-1-1-103,2025-05-28 00:00:00
WA007,310726,WA002,102,9999A,87,1012504405,300886243,1,233397-1-1-103,2025-05-28 00:00:00
WA007,310726,WA002,102,9999A,87,1012504405,300886244,1,233397-1-1-103,2025-05-28 00:00:00
WA007,310726,WA002,102,9999A,87,1012504405,300886246,1,233397-1-1-103,2025-05-28 00:00:00
WA007,310726,WA002,102,9999A,87,1012504405,300886247,1,233397-1-1-103,2025-05-28 00:00:00
WA007,310726,WA002,102,9999A,87,1012504406,300886257,1,233397-1-1-103,2025-05-28 00:00:00
WA007,310726,WA002,102,9999A,87,1012504406,300886258,1,233397-1-1-103,2025-05-28 00:00:00
WA007,310726,WA002,102,9999A,87,1012504406,300886259,1,233397-1-1-103,2025-05-28 00:00:00
WA007,310726,WA002,102,9999A,87,1012504406,300886308,1,233397-1-1-103,2025-05-28 00:00:00
WA007,310726,WA002,102,9999A,87,1012504406,300886309,1,233397-1-1-104,2025-05-28 00:00:00
WA007,310726,WA002,102,9999A,87,1012504406,300886310,1,233397-1-1-104,2025-05-28 00:00:00
WA007,310726,WA002,102,9999A,87,1012504406,300886311,1,233397-1-1-104,2025-05-28 00:00:00
WA007,310726,WA002,102,9999A,87,1012504406,300886312,1,233397-1-1-104,2025-05-28 00:00:00
WA007,310726,WA002,102,9999A,87,1012504407,300886313,1,233397-1-1-104,2025-05-28 00:00:00
WA007,310726,WA002,102,9999A,87,1012504407,300886393,1,233397-1-1-104,2025-05-28 00:00:00
WA007,310726,WA002,102,9999A,87,1012504407,300886394,1,233397-1-1-104,2025-05-28 00:00:00
WA007,310726,WA002,102,9999A,87,1012504407,300886395,1,233397-1-1-104,2025-05-28 00:00:00
WA007,310726,WA002,102,9999A,87,1012504407,300886403,1,233397-1-1-104,2025-05-28 00:00:00
WA007,310726,WA002,102,9999A,87,1012504407,300886404,1,233397-1-1-104,2025-05-28 00:00:00
WA007,310726,WA002,102,9999A,87,1012504407,300886405,1,233397-1-1-104,2025-05-28 00:00:00
WA007,310726,WA002,102,9999A,87,1012504407,300886455,1,233397-1-1-104,2025-05-28 00:00:00
WA007,310726,WA002,102,9999A,87,1012504408,300886456,1,233397-1-1-104,2025-05-28 00:00:00
WA007,310726,WA002,102,9999A,87,1012504408,300886458,1,233397-1-1-104,2025-05-28 00:00:00
WA007,310726,WA002,102,9999A,87,1012504408,300886459,1,233397-1-1-104,2025-05-28 00:00:00
WA007,310726,WA002,102,9999A,87,1012504408,300886460,1,233397-1-1-104,2025-05-28 00:00:00
WA007,310726,WA002,102,9999A,87,1012504408,300886461,1,233397-1-1-104,2025-05-28 00:00:00
WA007,310726,WA002,102,9999A,87,1012504408,300886484,1,233397-1-1-104,2025-05-28 00:00:00
WA007,310726,WA002,102,9999A,87,1012504408,300886485,1,233397-1-1-104,2025-05-28 00:00:00
WA007,310726,WA002,102,9999A,87,1012504408,300886486,1,233397-1-1-104,2025-05-28 00:00:00
WA007,310726,WA002,102,9999A,87,1012504409,300886555,1,233397-1-1-105,2025-05-28 00:00:00
WA007,310726,WA002,102,9999A,87,1012504409,300886556,1,233397-1-1-105,2025-05-28 00:00:00
WA007,310726,WA002,102,9999A,87,1012504409,300886557,1,233397-1-1-105,2025-05-28 00:00:00
WA007,310726,WA002,102,9999A,87,1012504409,300886579,1,233397-1-1-105,2025-05-28 00:00:00
WA007,310726,WA002,102,9999A,87,1012504409,300886580,1,233397-1-1-105,2025-05-28 00:00:00
WA007,310726,WA002,102,9999A,87,1012504409,300886581,1,233397-1-1-105,2025-05-28 00:00:00
WA007,310726,WA002,102,9999A,87,1012504409,300886582,1,233397-1-1-105,2025-05-28 00:00:00
WA007,310726,WA002,102,9999A,87,1012504409,300886583,1,233397-1-1-105,2025-05-28 00:00:00
WA007,310726,WA002,102,9999A,87,1012504410,300886584,1,233397-1-1-105,2025-05-28 00:00:00
WA007,310726,WA002,102,9999A,87,1012504410,300886602,1,233397-1-1-105,2025-05-28 00:00:00
WA007,310726,WA002,102,9999A,87,1012504410,300886603,1,233397-1-1-105,2025-05-28 00:00:00
WA007,310726,WA002,102,9999A,87,1012504410,300886659,1,233397-1-1-105,2025-05-28 00:00:00
WA007,310726,WA002,102,9999A,87,1012504410,300886663,1,233397-1-1-105,2025-05-28 00:00:00
WA007,310726,WA002,102,9999A,87,1012504410,300886664,1,233397-1-1-105,2025-05-28 00:00:00
WA007,310726,WA002,102,9999A,87,1012504410,300886665,1,233397-1-1-105,2025-05-28 00:00:00
WA007,310726,WA002,102,9999A,87,1012504410,300886690,1,233397-1-1-105,2025-05-28 00:00:00
WA007,310726,WA002,102,9999A,87,1012504415,300887037,1,233397-1-1-105,2025-05-28 00:00:00
WA007,310726,WA002,102,9999A,87,1012504415,300887038,1,233397-1-1-105,2025-05-28 00:00:00
WA007,310726,WA002,102,9999A,87,1012504415,300887039,1,233397-1-1-105,2025-05-28 00:00:00
WA007,310726,WA002,102,9999A,87,1012504415,300887040,1,233397-1-1-105,2025-05-28 00:00:00
WA007,310726,WA002,102,9999A,87,1012504415,300887041,1,233397-1-1-106,2025-05-28 00:00:00
WA007,310726,WA002,102,9999A,87,1012504415,300887042,1,233397-1-1-106,2025-05-28 00:00:00
WA007,310726,WA002,102,9999A,87,1012504415,300887078,1,233397-1-1-106,2025-05-28 00:00:00
WA007,310726,WA002,102,9999A,87,1012504415,300887079,1,233397-1-1-106,2025-05-28 00:00:00
WA007,310726,WA002,102,9999A,87,1012504416,300887080,1,233397-1-1-106,2025-05-28 00:00:00
WA007,310726,WA002,102,9999A,87,1012504416,300887081,1,233397-1-1-106,2025-05-28 00:00:00
WA007,310726,WA002,102,9999A,87,1012504416,300887082,1,233397-1-1-106,2025-05-28 00:00:00
WA007,310726,WA002,102,9999A,87,1012504416,300887176,1,233397-1-1-106,2025-05-28 00:00:00
WA007,310726,WA002,102,9999A,87,1012504416,300887177,1,233397-1-1-106,2025-05-28 00:00:00
WA007,310726,WA002,102,9999A,87,1012504416,300887196,1,233397-1-1-106,2025-05-28 00:00:00
WA007,310726,WA002,102,9999A,86,1012504503,300887501,1,233397-1-1-107,2025-05-28 00:00:00
WA007,310726,WA002,102,9999A,86,1012504503,300887502,1,233397-1-1-107,2025-05-28 00:00:00
WA007,310726,WA002,102,9999A,86,1012504503,300887503,1,233397-1-1-107,2025-05-28 00:00:00
WA007,310726,WA002,102,9999A,86,1012504503,300887504,1,233397-1-1-107,2025-05-28 00:00:00
WA007,310726,WA002,102,9999A,86,1012504503,300887505,1,233397-1-1-107,2025-05-28 00:00:00
WA007,310726,WA002,102,9999A,86,1012504503,300887540,1,233397-1-1-107,2025-05-28 00:00:00
WA007,310726,WA002,102,9999A,86,1012504503,300887569,1,233397-1-1-107,2025-05-28 00:00:00
WA007,310726,WA002,102,9999A,86,1012504503,300887570,1,233397-1-1-107,2025-05-28 00:00:00
WA007,310726,WA002,102,9999A,86,1012504504,300887571,1,233397-1-1-107,2025-05-28 00:00:00
WA007,310726,WA002,102,9999A,86,1012504504,300887580,1,233397-1-1-107,2025-05-28 00:00:00
WA007,310726,WA002,102,9999A,86,1012504504,300887581,1,233397-1-1-107,2025-05-28 00:00:00
WA007,310726,WA002,102,9999A,86,1012504504,300887582,1,233397-1-1-107,2025-05-28 00:00:00
WA007,310726,WA002,102,9999A,86,1012504504,300887583,1,233397-1-1-107,2025-05-28 00:00:00
WA007,310726,WA002,102,9999A,86,1012504504,300887584,1,233397-1-1-107,2025-05-28 00:00:00
WA007,310726,WA002,102,9999A,86,1012504504,300887585,1,233397-1-1-108,2025-05-28 00:00:00
WA007,310726,WA002,102,9999A,86,1012504504,300887586,1,233397-1-1-108,2025-05-28 00:00:00
WA007,310726,WA002,102,9999A,86,1012504516,300888633,1,233397-1-1-108,2025-05-28 00:00:00
WA007,310726,WA002,102,9999A,86,1012504516,300888634,1,233397-1-1-108,2025-05-28 00:00:00
WA007,310726,WA002,102,9999A,86,1012504516,300888635,1,233397-1-1-108,2025-05-28 00:00:00
WA007,310726,WA002,102,9999A,86,1012504516,300888636,1,233397-1-1-108,2025-05-28 00:00:00
WA007,310726,WA002,102,9999A,86,1012504516,300888652,1,233397-1-1-108,2025-05-28 00:00:00
WA007,310726,WA002,102,9999A,86,1012504516,300888678,1,233397-1-1-108,2025-05-28 00:00:00
WA007,310726,WA002,102,9999A,86,1012504516,300888679,1,233397-1-1-108,2025-05-28 00:00:00
WA007,310726,WA002,102,9999A,86,1012504516,300888682,1,233397-1-1-108,2025-05-28 00:00:00
WA007,310726,WA002,102,9999A,84,1012504701,300889920,1,"",
WA007,310726,WA002,102,9999A,84,1012504701,300889921,1,"",
WA007,310726,WA002,102,9999A,84,1012504701,300889922,1,"",
WA007,310726,WA002,102,9999A,84,1012504701,300889947,1,"",
WA007,310726,WA002,102,9999A,84,1012504701,300889948,1,"",
WA007,310726,WA002,102,9999A,84,1012504701,300889959,1,"",
WA007,310726,WA002,102,9999A,84,1012504701,300889970,1,"",
WA007,310726,WA002,102,9999A,84,1012504701,300889971,1,"",
WA007,310726,WA003,101,3002A-3005WGUM-3005WGUM-3007DRYGUM-3007FO-3007S-3015A-3025S-3033A-3035A-9999A-9999C-9999CS-9999E,27,1022510452,300971307,1,232128-1-6-125,
WA007,310726,WA003,101,3002A-3005WGUM-3005WGUM-3007DRYGUM-3007FO-3007S-3015A-3025S-3033A-3035A-9999A-9999C-9999CS-9999E,27,1022510452,300971308,1,232128-1-6-125,
WA007,310726,WA003,101,3002A-3005WGUM-3005WGUM-3007DRYGUM-3007FO-3007S-3015A-3025S-3033A-3035A-9999A-9999C-9999CS-9999E,27,1022510452,300971309,1,232128-1-6-125,
WA007,310726,WA003,101,3002A-3005WGUM-3005WGUM-3007DRYGUM-3007FO-3007S-3015A-3025S-3033A-3035A-9999A-9999C-9999CS-9999E,27,1022510452,300971310,1,232128-1-6-125,
WA007,310726,WA003,101,3002A-3005WGUM-3005WGUM-3007DRYGUM-3007FO-3007S-3015A-3025S-3033A-3035A-9999A-9999C-9999CS-9999E,27,1022510452,300971378,1,"",
WA007,310726,WA003,101,3002A-3005WGUM-3005WGUM-3007DRYGUM-3007FO-3007S-3015A-3025S-3033A-3035A-9999A-9999C-9999CS-9999E,27,1022510452,300971379,1,"",
WA007,310726,WA003,101,3002A-3005WGUM-3005WGUM-3007DRYGUM-3007FO-3007S-3015A-3025S-3033A-3035A-9999A-9999C-9999CS-9999E,27,1022510452,300971380,1,"",
WA007,310726,WA003,101,3002A-3005WGUM-3005WGUM-3007DRYGUM-3007FO-3007S-3015A-3025S-3033A-3035A-9999A-9999C-9999CS-9999E,27,1022510452,300971381,1,"",
WA007,310726,WA003,101,3002A-3005WGUM-3005WGUM-3007DRYGUM-3007FO-3007S-3015A-3025S-3033A-3035A-9999A-9999C-9999CS-9999E,27,1022510453,300971385,1,"",
WA007,310726,WA003,101,3002A-3005WGUM-3005WGUM-3007DRYGUM-3007FO-3007S-3015A-3025S-3033A-3035A-9999A-9999C-9999CS-9999E,27,1022510453,300971386,1,"",
WA007,310726,WA003,101,3002A-3005WGUM-3005WGUM-3007DRYGUM-3007FO-3007S-3015A-3025S-3033A-3035A-9999A-9999C-9999CS-9999E,27,1022510453,300971387,1,"",
WA007,310726,WA003,101,3002A-3005WGUM-3005WGUM-3007DRYGUM-3007FO-3007S-3015A-3025S-3033A-3035A-9999A-9999C-9999CS-9999E,27,1022510453,300971403,1,"",
WA007,310726,WA003,101,3002A-3005WGUM-3005WGUM-3007DRYGUM-3007FO-3007S-3015A-3025S-3033A-3035A-9999A-9999C-9999CS-9999E,27,1022510453,300971503,1,"",
WA007,310726,WA003,101,3002A-3005WGUM-3005WGUM-3007DRYGUM-3007FO-3007S-3015A-3025S-3033A-3035A-9999A-9999C-9999CS-9999E,27,1022510453,300971504,1,"",
WA007,310726,WA003,101,3002A-3005WGUM-3005WGUM-3007DRYGUM-3007FO-3007S-3015A-3025S-3033A-3035A-9999A-9999C-9999CS-9999E,27,1022510453,300971505,1,"",
WA007,310726,WA003,101,3002A-3005WGUM-3005WGUM-3007DRYGUM-3007FO-3007S-3015A-3025S-3033A-3035A-9999A-9999C-9999CS-9999E,27,1022510453,300971506,1,"",
WA007,310726,WA003,101,3002A-3005WGUM-3005WGUM-3007DRYGUM-3007FO-3007S-3015A-3025S-3033A-3035A-9999A-9999C-9999CS-9999E,27,1022510454,300971514,1,"",
WA007,310726,WA003,101,3002A-3005WGUM-3005WGUM-3007DRYGUM-3007FO-3007S-3015A-3025S-3033A-3035A-9999A-9999C-9999CS-9999E,27,1022510454,300971515,1,"",
WA007,310726,WA003,101,3002A-3005WGUM-3005WGUM-3007DRYGUM-3007FO-3007S-3015A-3025S-3033A-3035A-9999A-9999C-9999CS-9999E,27,1022510454,300971516,1,"",
WA007,310726,WA003,101,3002A-3005WGUM-3005WGUM-3007DRYGUM-3007FO-3007S-3015A-3025S-3033A-3035A-9999A-9999C-9999CS-9999E,27,1022510454,300971517,1,"",
WA007,310726,WA003,101,3002A-3005WGUM-3005WGUM-3007DRYGUM-3007FO-3007S-3015A-3025S-3033A-3035A-9999A-9999C-9999CS-9999E,27,1022510454,300971518,1,"",
WA007,310726,WA003,101,3002A-3005WGUM-3005WGUM-3007DRYGUM-3007FO-3007S-3015A-3025S-3033A-3035A-9999A-9999C-9999CS-9999E,27,1022510454,300971519,1,"",
WA007,310726,WA003,101,3002A-3005WGUM-3005WGUM-3007DRYGUM-3007FO-3007S-3015A-3025S-3033A-3035A-9999A-9999C-9999CS-9999E,27,1022510454,300971609,1,"",
WA007,310726,WA003,101,3002A-3005WGUM-3005WGUM-3007DRYGUM-3007FO-3007S-3015A-3025S-3033A-3035A-9999A-9999C-9999CS-9999E,27,1022510454,300971610,1,"",
WA007,310726,WA003,101,3002A-3005WGUM-3005WGUM-3007DRYGUM-3007FO-3007S-3015A-3025S-3033A-3035A-9999A-9999C-9999CS-9999E,27,1022510455,300971611,1,"",
WA007,310726,WA003,101,3002A-3005WGUM-3005WGUM-3007DRYGUM-3007FO-3007S-3015A-3025S-3033A-3035A-9999A-9999C-9999CS-9999E,27,1022510455,300971612,1,"",
WA007,310726,WA003,101,3002A-3005WGUM-3005WGUM-3007DRYGUM-3007FO-3007S-3015A-3025S-3033A-3035A-9999A-9999C-9999CS-9999E,27,1022510455,300971613,1,"",
WA007,310726,WA003,101,3002A-3005WGUM-3005WGUM-3007DRYGUM-3007FO-3007S-3015A-3025S-3033A-3035A-9999A-9999C-9999CS-9999E,27,1022510455,300971614,1,"",
WA007,310726,WA003,101,3002A-3005WGUM-3005WGUM-3007DRYGUM-3007FO-3007S-3015A-3025S-3033A-3035A-9999A-9999C-9999CS-9999E,27,1022510455,300971615,1,"",
WA007,310726,WA003,101,3002A-3005WGUM-3005WGUM-3007DRYGUM-3007FO-3007S-3015A-3025S-3033A-3035A-9999A-9999C-9999CS-9999E,27,1022510455,300971616,1,"",
WA007,310726,WA003,101,3002A-3005WGUM-3005WGUM-3007DRYGUM-3007FO-3007S-3015A-3025S-3033A-3035A-9999A-9999C-9999CS-9999E,27,1022510455,300971617,1,"",
WA007,310726,WA003,101,3002A-3005WGUM-3005WGUM-3007DRYGUM-3007FO-3007S-3015A-3025S-3033A-3035A-9999A-9999C-9999CS-9999E,27,1022510455,300971618,1,"",
WA007,310726,WA003,101,3002A-3005WGUM-3005WGUM-3007DRYGUM-3007FO-3007S-3015A-3025S-3033A-3035A-9999A-9999C-9999CS-9999E,27,1022510456,300971678,1,"",
WA007,310726,WA003,101,3002A-3005WGUM-3005WGUM-3007DRYGUM-3007FO-3007S-3015A-3025S-3033A-3035A-9999A-9999C-9999CS-9999E,27,1022510456,300971679,1,"",
WA007,310726,WA003,101,3002A-3005WGUM-3005WGUM-3007DRYGUM-3007FO-3007S-3015A-3025S-3033A-3035A-9999A-9999C-9999CS-9999E,27,1022510456,300971680,1,"",
WA007,310726,WA003,101,3002A-3005WGUM-3005WGUM-3007DRYGUM-3007FO-3007S-3015A-3025S-3033A-3035A-9999A-9999C-9999CS-9999E,27,1022510456,300971681,1,"",
WA007,310726,WA003,101,3002A-3005WGUM-3005WGUM-3007DRYGUM-3007FO-3007S-3015A-3025S-3033A-3035A-9999A-9999C-9999CS-9999E,27,1022510456,300971682,1,"",
WA007,310726,WA003,101,3002A-3005WGUM-3005WGUM-3007DRYGUM-3007FO-3007S-3015A-3025S-3033A-3035A-9999A-9999C-9999CS-9999E,27,1022510456,300971683,1,"",
WA007,310726,WA003,101,3002A-3005WGUM-3005WGUM-3007DRYGUM-3007FO-3007S-3015A-3025S-3033A-3035A-9999A-9999C-9999CS-9999E,27,1022510456,300971684,1,"",
WA007,310726,WA003,101,3002A-3005WGUM-3005WGUM-3007DRYGUM-3007FO-3007S-3015A-3025S-3033A-3035A-9999A-9999C-9999CS-9999E,27,1022510456,300971685,1,"",
WA007,310726,WA003,101,3002A-3005WGUM-3005WGUM-3007DRYGUM-3007FO-3007S-3015A-3025S-3033A-3035A-9999A-9999C-9999CS-9999E,27,1022510457,300971712,1,"",
WA007,310726,WA003,101,3002A-3005WGUM-3005WGUM-3007DRYGUM-3007FO-3007S-3015A-3025S-3033A-3035A-9999A-9999C-9999CS-9999E,27,1022510457,300971713,1,"",
WA007,310726,WA003,101,3002A-3005WGUM-3005WGUM-3007DRYGUM-3007FO-3007S-3015A-3025S-3033A-3035A-9999A-9999C-9999CS-9999E,27,1022510457,300971714,1,"",
WA007,310726,WA003,101,3002A-3005WGUM-3005WGUM-3007DRYGUM-3007FO-3007S-3015A-3025S-3033A-3035A-9999A-9999C-9999CS-9999E,27,1022510457,300971715,1,"",
WA007,310726,WA003,101,3002A-3005WGUM-3005WGUM-3007DRYGUM-3007FO-3007S-3015A-3025S-3033A-3035A-9999A-9999C-9999CS-9999E,27,1022510457,300971716,1,"",
WA007,310726,WA003,101,3002A-3005WGUM-3005WGUM-3007DRYGUM-3007FO-3007S-3015A-3025S-3033A-3035A-9999A-9999C-9999CS-9999E,27,1022510457,300971783,1,"",
WA007,310726,WA003,101,3002A-3005WGUM-3005WGUM-3007DRYGUM-3007FO-3007S-3015A-3025S-3033A-3035A-9999A-9999C-9999CS-9999E,27,1022510457,300971784,1,"",
WA007,310726,WA003,101,3002A-3005WGUM-3005WGUM-3007DRYGUM-3007FO-3007S-3015A-3025S-3033A-3035A-9999A-9999C-9999CS-9999E,27,1022510457,300971788,1,"",
WA007,310726,WA003,101,3002A-3005WGUM-3005WGUM-3007DRYGUM-3007FO-3007S-3015A-3025S-3033A-3035A-9999A-9999C-9999CS-9999E,25,1022510652,300973942,1,"",
WA007,310726,WA003,101,3002A-3005WGUM-3005WGUM-3007DRYGUM-3007FO-3007S-3015A-3025S-3033A-3035A-9999A-9999C-9999CS-9999E,25,1022510652,300973943,1,"",
WA007,310726,WA003,101,3002A-3005WGUM-3005WGUM-3007DRYGUM-3007FO-3007S-3015A-3025S-3033A-3035A-9999A-9999C-9999CS-9999E,25,1022510652,300973944,1,"",
WA007,310726,WA003,101,3002A-3005WGUM-3005WGUM-3007DRYGUM-3007FO-3007S-3015A-3025S-3033A-3035A-9999A-9999C-9999CS-9999E,25,1022510652,300973945,1,"",
WA007,310726,WA003,101,3002A-3005WGUM-3005WGUM-3007DRYGUM-3007FO-3007S-3015A-3025S-3033A-3035A-9999A-9999C-9999CS-9999E,25,1022510652,300973947,1,"",
WA007,310726,WA003,101,3002A-3005WGUM-3005WGUM-3007DRYGUM-3007FO-3007S-3015A-3025S-3033A-3035A-9999A-9999C-9999CS-9999E,25,1022510652,300973948,1,"",
WA007,310726,WA003,101,3002A-3005WGUM-3005WGUM-3007DRYGUM-3007FO-3007S-3015A-3025S-3033A-3035A-9999A-9999C-9999CS-9999E,25,1022510652,300973949,1,"",
WA007,310726,WA003,101,3002A-3005WGUM-3005WGUM-3007DRYGUM-3007FO-3007S-3015A-3025S-3033A-3035A-9999A-9999C-9999CS-9999E,25,1022510652,300973952,1,"",
WA007,310726,WA003,101,3002A-3005WGUM-3005WGUM-3007DRYGUM-3007FO-3007S-3015A-3025S-3033A-3035A-9999A-9999C-9999CS-9999E,25,1022510653,300974023,1,"",
WA007,310726,WA003,101,3002A-3005WGUM-3005WGUM-3007DRYGUM-3007FO-3007S-3015A-3025S-3033A-3035A-9999A-9999C-9999CS-9999E,25,1022510653,300974024,1,"",
WA007,310726,WA003,101,3002A-3005WGUM-3005WGUM-3007DRYGUM-3007FO-3007S-3015A-3025S-3033A-3035A-9999A-9999C-9999CS-9999E,25,1022510653,300974025,1,"",
WA007,310726,WA003,101,3002A-3005WGUM-3005WGUM-3007DRYGUM-3007FO-3007S-3015A-3025S-3033A-3035A-9999A-9999C-9999CS-9999E,25,1022510653,300974026,1,"",
WA007,310726,WA003,101,3002A-3005WGUM-3005WGUM-3007DRYGUM-3007FO-3007S-3015A-3025S-3033A-3035A-9999A-9999C-9999CS-9999E,25,1022510653,300974070,1,"",
WA007,310726,WA003,101,3002A-3005WGUM-3005WGUM-3007DRYGUM-3007FO-3007S-3015A-3025S-3033A-3035A-9999A-9999C-9999CS-9999E,25,1022510653,300974071,1,"",
WA007,310726,WA003,101,3002A-3005WGUM-3005WGUM-3007DRYGUM-3007FO-3007S-3015A-3025S-3033A-3035A-9999A-9999C-9999CS-9999E,25,1022510653,300974072,1,"",
WA007,310726,WA003,101,3002A-3005WGUM-3005WGUM-3007DRYGUM-3007FO-3007S-3015A-3025S-3033A-3035A-9999A-9999C-9999CS-9999E,25,1022510653,300974073,1,"",
WA007,310726,WA003,101,3002A-3005WGUM-3005WGUM-3007DRYGUM-3007FO-3007S-3015A-3025S-3033A-3035A-9999A-9999C-9999CS-9999E,25,1022510654,300974229,1,"",
WA007,310726,WA003,101,3002A-3005WGUM-3005WGUM-3007DRYGUM-3007FO-3007S-3015A-3025S-3033A-3035A-9999A-9999C-9999CS-9999E,25,1022510654,300974230,1,"",
WA007,310726,WA003,101,3002A-3005WGUM-3005WGUM-3007DRYGUM-3007FO-3007S-3015A-3025S-3033A-3035A-9999A-9999C-9999CS-9999E,25,1022510654,300974232,1,"",
WA007,310726,WA003,101,3002A-3005WGUM-3005WGUM-3007DRYGUM-3007FO-3007S-3015A-3025S-3033A-3035A-9999A-9999C-9999CS-9999E,25,1022510654,300974233,1,"",
WA007,310726,WA003,101,3002A-3005WGUM-3005WGUM-3007DRYGUM-3007FO-3007S-3015A-3025S-3033A-3035A-9999A-9999C-9999CS-9999E,25,1022510654,300974248,1,"",
WA007,310726,WA003,101,3002A-3005WGUM-3005WGUM-3007DRYGUM-3007FO-3007S-3015A-3025S-3033A-3035A-9999A-9999C-9999CS-9999E,25,1022510654,300974249,1,"",
WA007,310726,WA003,101,3002A-3005WGUM-3005WGUM-3007DRYGUM-3007FO-3007S-3015A-3025S-3033A-3035A-9999A-9999C-9999CS-9999E,25,1022510654,300974259,1,"",
WA007,310726,WA003,101,3002A-3005WGUM-3005WGUM-3007DRYGUM-3007FO-3007S-3015A-3025S-3033A-3035A-9999A-9999C-9999CS-9999E,25,1022510654,300974260,1,"",
WA007,310726,WA003,101,3002A-3005WGUM-3005WGUM-3007DRYGUM-3007FO-3007S-3015A-3025S-3033A-3035A-9999A-9999C-9999CS-9999E,25,1022510655,300974303,1,"",
WA007,310726,WA003,101,3002A-3005WGUM-3005WGUM-3007DRYGUM-3007FO-3007S-3015A-3025S-3033A-3035A-9999A-9999C-9999CS-9999E,25,1022510655,300974304,1,"",
WA007,310726,WA003,101,3002A-3005WGUM-3005WGUM-3007DRYGUM-3007FO-3007S-3015A-3025S-3033A-3035A-9999A-9999C-9999CS-9999E,25,1022510655,300974306,1,"",
WA007,310726,WA003,101,3002A-3005WGUM-3005WGUM-3007DRYGUM-3007FO-3007S-3015A-3025S-3033A-3035A-9999A-9999C-9999CS-9999E,25,1022510655,300974307,1,"",
WA007,310726,WA003,101,3002A-3005WGUM-3005WGUM-3007DRYGUM-3007FO-3007S-3015A-3025S-3033A-3035A-9999A-9999C-9999CS-9999E,25,1022510655,300974318,1,"",
WA007,310726,WA003,101,3002A-3005WGUM-3005WGUM-3007DRYGUM-3007FO-3007S-3015A-3025S-3033A-3035A-9999A-9999C-9999CS-9999E,25,1022510655,300974319,1,"",
WA007,310726,WA003,101,3002A-3005WGUM-3005WGUM-3007DRYGUM-3007FO-3007S-3015A-3025S-3033A-3035A-9999A-9999C-9999CS-9999E,25,1022510655,300974320,1,"",
WA007,310726,WA003,101,3002A-3005WGUM-3005WGUM-3007DRYGUM-3007FO-3007S-3015A-3025S-3033A-3035A-9999A-9999C-9999CS-9999E,25,1022510655,300974321,1,"",
WA007,310726,WA003,101,3002A-3005WGUM-3005WGUM-3007DRYGUM-3007FO-3007S-3015A-3025S-3033A-3035A-9999A-9999C-9999CS-9999E,25,1022510656,300974333,1,"",
WA007,310726,WA003,101,3002A-3005WGUM-3005WGUM-3007DRYGUM-3007FO-3007S-3015A-3025S-3033A-3035A-9999A-9999C-9999CS-9999E,25,1022510656,300974334,1,"",
WA007,310726,WA003,101,3002A-3005WGUM-3005WGUM-3007DRYGUM-3007FO-3007S-3015A-3025S-3033A-3035A-9999A-9999C-9999CS-9999E,25,1022510656,300974347,1,"",
WA007,310726,WA003,101,3002A-3005WGUM-3005WGUM-3007DRYGUM-3007FO-3007S-3015A-3025S-3033A-3035A-9999A-9999C-9999CS-9999E,25,1022510656,300974366,1,"",
WA007,310726,WA003,101,3002A-3005WGUM-3005WGUM-3007DRYGUM-3007FO-3007S-3015A-3025S-3033A-3035A-9999A-9999C-9999CS-9999E,25,1022510656,300974367,1,"",
WA007,310726,WA003,101,3002A-3005WGUM-3005WGUM-3007DRYGUM-3007FO-3007S-3015A-3025S-3033A-3035A-9999A-9999C-9999CS-9999E,25,1022510656,300974368,1,"",
WA007,310726,WA003,101,3002A-3005WGUM-3005WGUM-3007DRYGUM-3007FO-3007S-3015A-3025S-3033A-3035A-9999A-9999C-9999CS-9999E,25,1022510656,300974413,1,"",
WA007,310726,WA003,101,3002A-3005WGUM-3005WGUM-3007DRYGUM-3007FO-3007S-3015A-3025S-3033A-3035A-9999A-9999C-9999CS-9999E,25,1022510656,300974414,1,"",
WA007,310726,WA003,101,3002A-3005WGUM-3005WGUM-3007DRYGUM-3007FO-3007S-3015A-3025S-3033A-3035A-9999A-9999C-9999CS-9999E,25,1022510657,300974418,1,"",
WA007,310726,WA003,101,3002A-3005WGUM-3005WGUM-3007DRYGUM-3007FO-3007S-3015A-3025S-3033A-3035A-9999A-9999C-9999CS-9999E,25,1022510657,300974433,1,"",
WA007,310726,WA003,101,3002A-3005WGUM-3005WGUM-3007DRYGUM-3007FO-3007S-3015A-3025S-3033A-3035A-9999A-9999C-9999CS-9999E,25,1022510657,300974439,1,"",
WA007,310726,WA003,101,3002A-3005WGUM-3005WGUM-3007DRYGUM-3007FO-3007S-3015A-3025S-3033A-3035A-9999A-9999C-9999CS-9999E,25,1022510657,300974445,1,"",
WA007,310726,WA003,101,3002A-3005WGUM-3005WGUM-3007DRYGUM-3007FO-3007S-3015A-3025S-3033A-3035A-9999A-9999C-9999CS-9999E,25,1022510657,300974473,1,"",
WA007,310726,WA003,101,3002A-3005WGUM-3005WGUM-3007DRYGUM-3007FO-3007S-3015A-3025S-3033A-3035A-9999A-9999C-9999CS-9999E,25,1022510657,300974474,1,"",
WA007,310726,WA003,101,3002A-3005WGUM-3005WGUM-3007DRYGUM-3007FO-3007S-3015A-3025S-3033A-3035A-9999A-9999C-9999CS-9999E,25,1022510657,300974475,1,"",
WA007,310726,WA003,101,3002A-3005WGUM-3005WGUM-3007DRYGUM-3007FO-3007S-3015A-3025S-3033A-3035A-9999A-9999C-9999CS-9999E,25,1022510657,300974476,1,"",
WA007,310726,WA003,101,3002A-3005WGUM-3005WGUM-3007DRYGUM-3007FO-3007S-3015A-3025S-3033A-3035A-9999A-9999C-9999CS-9999E,24,1022510752,300975125,1,"",
WA007,310726,WA003,101,3002A-3005WGUM-3005WGUM-3007DRYGUM-3007FO-3007S-3015A-3025S-3033A-3035A-9999A-9999C-9999CS-9999E,24,1022510752,300975126,1,"",
WA007,310726,WA003,101,3002A-3005WGUM-3005WGUM-3007DRYGUM-3007FO-3007S-3015A-3025S-3033A-3035A-9999A-9999C-9999CS-9999E,24,1022510752,300975127,1,"",
WA007,310726,WA003,101,3002A-3005WGUM-3005WGUM-3007DRYGUM-3007FO-3007S-3015A-3025S-3033A-3035A-9999A-9999C-9999CS-9999E,24,1022510752,300975128,1,"",
WA007,310726,WA003,101,3002A-3005WGUM-3005WGUM-3007DRYGUM-3007FO-3007S-3015A-3025S-3033A-3035A-9999A-9999C-9999CS-9999E,24,1022510752,300975129,1,"",
WA007,310726,WA003,101,3002A-3005WGUM-3005WGUM-3007DRYGUM-3007FO-3007S-3015A-3025S-3033A-3035A-9999A-9999C-9999CS-9999E,24,1022510752,300975130,1,"",
WA007,310726,WA003,101,3002A-3005WGUM-3005WGUM-3007DRYGUM-3007FO-3007S-3015A-3025S-3033A-3035A-9999A-9999C-9999CS-9999E,24,1022510752,300975131,1,"",
WA007,310726,WA003,101,3002A-3005WGUM-3005WGUM-3007DRYGUM-3007FO-3007S-3015A-3025S-3033A-3035A-9999A-9999C-9999CS-9999E,24,1022510752,300975205,1,"",
WA007,310726,WA003,101,3002A-3005WGUM-3005WGUM-3007DRYGUM-3007FO-3007S-3015A-3025S-3033A-3035A-9999A-9999C-9999CS-9999E,24,1022510753,300975210,1,"",
WA007,310726,WA003,101,3002A-3005WGUM-3005WGUM-3007DRYGUM-3007FO-3007S-3015A-3025S-3033A-3035A-9999A-9999C-9999CS-9999E,24,1022510753,300975276,1,"",
WA007,310726,WA003,101,3002A-3005WGUM-3005WGUM-3007DRYGUM-3007FO-3007S-3015A-3025S-3033A-3035A-9999A-9999C-9999CS-9999E,24,1022510753,300975277,1,"",
WA007,310726,WA003,101,3002A-3005WGUM-3005WGUM-3007DRYGUM-3007FO-3007S-3015A-3025S-3033A-3035A-9999A-9999C-9999CS-9999E,24,1022510753,300975324,1,"",
WA007,310726,WA003,101,3002A-3005WGUM-3005WGUM-3007DRYGUM-3007FO-3007S-3015A-3025S-3033A-3035A-9999A-9999C-9999CS-9999E,24,1022510753,300975325,1,"",
WA007,310726,WA003,101,3002A-3005WGUM-3005WGUM-3007DRYGUM-3007FO-3007S-3015A-3025S-3033A-3035A-9999A-9999C-9999CS-9999E,24,1022510753,300975326,1,"",
WA007,310726,WA003,101,3002A-3005WGUM-3005WGUM-3007DRYGUM-3007FO-3007S-3015A-3025S-3033A-3035A-9999A-9999C-9999CS-9999E,24,1022510753,300975327,1,"",
WA007,310726,WA003,101,3002A-3005WGUM-3005WGUM-3007DRYGUM-3007FO-3007S-3015A-3025S-3033A-3035A-9999A-9999C-9999CS-9999E,24,1022510753,300975329,1,"",
WA007,310726,WA003,101,3002A-3005WGUM-3005WGUM-3007DRYGUM-3007FO-3007S-3015A-3025S-3033A-3035A-9999A-9999C-9999CS-9999E,24,1022510754,300975346,1,"",
WA007,310726,WA003,101,3002A-3005WGUM-3005WGUM-3007DRYGUM-3007FO-3007S-3015A-3025S-3033A-3035A-9999A-9999C-9999CS-9999E,24,1022510754,300975347,1,"",
WA007,310726,WA003,101,3002A-3005WGUM-3005WGUM-3007DRYGUM-3007FO-3007S-3015A-3025S-3033A-3035A-9999A-9999C-9999CS-9999E,24,1022510754,300975348,1,"",
WA007,310726,WA003,101,3002A-3005WGUM-3005WGUM-3007DRYGUM-3007FO-3007S-3015A-3025S-3033A-3035A-9999A-9999C-9999CS-9999E,24,1022510754,300975349,1,"",
WA007,310726,WA003,101,3002A-3005WGUM-3005WGUM-3007DRYGUM-3007FO-3007S-3015A-3025S-3033A-3035A-9999A-9999C-9999CS-9999E,24,1022510754,300975429,1,"",
WA007,310726,WA003,101,3002A-3005WGUM-3005WGUM-3007DRYGUM-3007FO-3007S-3015A-3025S-3033A-3035A-9999A-9999C-9999CS-9999E,24,1022510754,300975430,1,"",
WA007,310726,WA003,101,3002A-3005WGUM-3005WGUM-3007DRYGUM-3007FO-3007S-3015A-3025S-3033A-3035A-9999A-9999C-9999CS-9999E,24,1022510754,300975431,1,"",
WA007,310726,WA003,101,3002A-3005WGUM-3005WGUM-3007DRYGUM-3007FO-3007S-3015A-3025S-3033A-3035A-9999A-9999C-9999CS-9999E,24,1022510754,300975432,1,"",
WA007,310726,WA003,101,3002A-3005WGUM-3005WGUM-3007DRYGUM-3007FO-3007S-3015A-3025S-3033A-3035A-9999A-9999C-9999CS-9999E,24,1022510755,300975444,1,"",
WA007,310726,WA003,101,3002A-3005WGUM-3005WGUM-3007DRYGUM-3007FO-3007S-3015A-3025S-3033A-3035A-9999A-9999C-9999CS-9999E,24,1022510755,300975445,1,"",
WA007,310726,WA003,101,3002A-3005WGUM-3005WGUM-3007DRYGUM-3007FO-3007S-3015A-3025S-3033A-3035A-9999A-9999C-9999CS-9999E,24,1022510755,300975447,1,"",
WA007,310726,WA003,101,3002A-3005WGUM-3005WGUM-3007DRYGUM-3007FO-3007S-3015A-3025S-3033A-3035A-9999A-9999C-9999CS-9999E,24,1022510755,300975455,1,"",
WA007,310726,WA003,101,3002A-3005WGUM-3005WGUM-3007DRYGUM-3007FO-3007S-3015A-3025S-3033A-3035A-9999A-9999C-9999CS-9999E,24,1022510755,300975524,1,"",
WA007,310726,WA003,101,3002A-3005WGUM-3005WGUM-3007DRYGUM-3007FO-3007S-3015A-3025S-3033A-3035A-9999A-9999C-9999CS-9999E,24,1022510755,300975525,1,"",
WA007,310726,WA003,101,3002A-3005WGUM-3005WGUM-3007DRYGUM-3007FO-3007S-3015A-3025S-3033A-3035A-9999A-9999C-9999CS-9999E,24,1022510755,300975552,1,"",
WA007,310726,WA003,101,3002A-3005WGUM-3005WGUM-3007DRYGUM-3007FO-3007S-3015A-3025S-3033A-3035A-9999A-9999C-9999CS-9999E,24,1022510755,300975553,1,"",
WA007,310726,WA003,101,3002A-3005WGUM-3005WGUM-3007DRYGUM-3007FO-3007S-3015A-3025S-3033A-3035A-9999A-9999C-9999CS-9999E,24,1022510757,300975720,1,"",
WA007,310726,WA003,101,3002A-3005WGUM-3005WGUM-3007DRYGUM-3007FO-3007S-3015A-3025S-3033A-3035A-9999A-9999C-9999CS-9999E,24,1022510757,300975722,1,"",
WA007,310726,WA003,101,3002A-3005WGUM-3005WGUM-3007DRYGUM-3007FO-3007S-3015A-3025S-3033A-3035A-9999A-9999C-9999CS-9999E,24,1022510757,300975723,1,"",
WA007,310726,WA003,101,3002A-3005WGUM-3005WGUM-3007DRYGUM-3007FO-3007S-3015A-3025S-3033A-3035A-9999A-9999C-9999CS-9999E,24,1022510757,300975774,1,"",
WA007,310726,WA003,101,3002A-3005WGUM-3005WGUM-3007DRYGUM-3007FO-3007S-3015A-3025S-3033A-3035A-9999A-9999C-9999CS-9999E,24,1022510757,300975775,1,"",
WA007,310726,WA003,101,3002A-3005WGUM-3005WGUM-3007DRYGUM-3007FO-3007S-3015A-3025S-3033A-3035A-9999A-9999C-9999CS-9999E,24,1022510757,300975776,1,"",
WA007,310726,WA003,101,3002A-3005WGUM-3005WGUM-3007DRYGUM-3007FO-3007S-3015A-3025S-3033A-3035A-9999A-9999C-9999CS-9999E,24,1022510757,300975778,1,"",
WA007,310726,WA003,101,3002A-3005WGUM-3005WGUM-3007DRYGUM-3007FO-3007S-3015A-3025S-3033A-3035A-9999A-9999C-9999CS-9999E,24,1022510757,300975779,1,"",
WA007,310726,WA003,101,3002A-3005WGUM-3005WGUM-3007DRYGUM-3007FO-3007S-3015A-3025S-3033A-3035A-9999A-9999C-9999CS-9999E,22,1022510952,300978147,1,"",
WA007,310726,WA003,101,3002A-3005WGUM-3005WGUM-3007DRYGUM-3007FO-3007S-3015A-3025S-3033A-3035A-9999A-9999C-9999CS-9999E,22,1022510952,300978149,1,"",
WA007,310726,WA003,101,3002A-3005WGUM-3005WGUM-3007DRYGUM-3007FO-3007S-3015A-3025S-3033A-3035A-9999A-9999C-9999CS-9999E,22,1022510952,300978150,1,"",
WA007,310726,WA003,101,3002A-3005WGUM-3005WGUM-3007DRYGUM-3007FO-3007S-3015A-3025S-3033A-3035A-9999A-9999C-9999CS-9999E,22,1022510952,300978151,1,"",
WA007,310726,WA003,101,3002A-3005WGUM-3005WGUM-3007DRYGUM-3007FO-3007S-3015A-3025S-3033A-3035A-9999A-9999C-9999CS-9999E,22,1022510952,300978857,1,"",
WA007,310726,WA003,101,3002A-3005WGUM-3005WGUM-3007DRYGUM-3007FO-3007S-3015A-3025S-3033A-3035A-9999A-9999C-9999CS-9999E,22,1022510952,300978858,1,"",
WA007,310726,WA003,101,3002A-3005WGUM-3005WGUM-3007DRYGUM-3007FO-3007S-3015A-3025S-3033A-3035A-9999A-9999C-9999CS-9999E,22,1022510952,300978859,1,"",
WA007,310726,WA003,101,3002A-3005WGUM-3005WGUM-3007DRYGUM-3007FO-3007S-3015A-3025S-3033A-3035A-9999A-9999C-9999CS-9999E,22,1022510952,300978860,1,"",
WA007,310726,WA003,101,3002A-3005WGUM-3005WGUM-3007DRYGUM-3007FO-3007S-3015A-3025S-3033A-3035A-9999A-9999C-9999CS-9999E,22,1022510953,300978862,1,"",
WA007,310726,WA003,101,3002A-3005WGUM-3005WGUM-3007DRYGUM-3007FO-3007S-3015A-3025S-3033A-3035A-9999A-9999C-9999CS-9999E,22,1022510953,300978863,1,"",
WA007,310726,WA003,101,3002A-3005WGUM-3005WGUM-3007DRYGUM-3007FO-3007S-3015A-3025S-3033A-3035A-9999A-9999C-9999CS-9999E,22,1022510953,300978864,1,"",
WA007,310726,WA003,101,3002A-3005WGUM-3005WGUM-3007DRYGUM-3007FO-3007S-3015A-3025S-3033A-3035A-9999A-9999C-9999CS-9999E,22,1022510953,300978865,1,"",
WA007,310726,WA003,101,3002A-3005WGUM-3005WGUM-3007DRYGUM-3007FO-3007S-3015A-3025S-3033A-3035A-9999A-9999C-9999CS-9999E,22,1022510953,300978866,1,"",
WA007,310726,WA003,101,3002A-3005WGUM-3005WGUM-3007DRYGUM-3007FO-3007S-3015A-3025S-3033A-3035A-9999A-9999C-9999CS-9999E,22,1022510953,300978867,1,"",
WA007,310726,WA003,101,3002A-3005WGUM-3005WGUM-3007DRYGUM-3007FO-3007S-3015A-3025S-3033A-3035A-9999A-9999C-9999CS-9999E,22,1022510953,300978868,1,"",
WA007,310726,WA003,101,3002A-3005WGUM-3005WGUM-3007DRYGUM-3007FO-3007S-3015A-3025S-3033A-3035A-9999A-9999C-9999CS-9999E,22,1022510953,300978869,1,"",
WA007,310726,WA003,101,3002A-3005WGUM-3005WGUM-3007DRYGUM-3007FO-3007S-3015A-3025S-3033A-3035A-9999A-9999C-9999CS-9999E,22,1022510955,300978879,1,"",
WA007,310726,WA003,101,3002A-3005WGUM-3005WGUM-3007DRYGUM-3007FO-3007S-3015A-3025S-3033A-3035A-9999A-9999C-9999CS-9999E,22,1022510955,300978880,1,"",
WA007,310726,WA003,101,3002A-3005WGUM-3005WGUM-3007DRYGUM-3007FO-3007S-3015A-3025S-3033A-3035A-9999A-9999C-9999CS-9999E,22,1022510955,300978881,1,"",
WA007,310726,WA003,101,3002A-3005WGUM-3005WGUM-3007DRYGUM-3007FO-3007S-3015A-3025S-3033A-3035A-9999A-9999C-9999CS-9999E,22,1022510955,300978882,1,"",
WA007,310726,WA003,101,3002A-3005WGUM-3005WGUM-3007DRYGUM-3007FO-3007S-3015A-3025S-3033A-3035A-9999A-9999C-9999CS-9999E,22,1022510955,300978883,1,"",
WA007,310726,WA003,101,3002A-3005WGUM-3005WGUM-3007DRYGUM-3007FO-3007S-3015A-3025S-3033A-3035A-9999A-9999C-9999CS-9999E,22,1022510955,300978884,1,"",
WA007,310726,WA003,101,3002A-3005WGUM-3005WGUM-3007DRYGUM-3007FO-3007S-3015A-3025S-3033A-3035A-9999A-9999C-9999CS-9999E,22,1022510955,300978885,1,"",
WA007,310726,WA003,101,3002A-3005WGUM-3005WGUM-3007DRYGUM-3007FO-3007S-3015A-3025S-3033A-3035A-9999A-9999C-9999CS-9999E,22,1022510955,300978886,1,"",
WA007,310726,WA003,101,3002A-3005WGUM-3005WGUM-3007DRYGUM-3007FO-3007S-3015A-3025S-3033A-3035A-9999A-9999C-9999CS-9999E,22,1022510956,300978893,1,"",
WA007,310726,WA003,101,3002A-3005WGUM-3005WGUM-3007DRYGUM-3007FO-3007S-3015A-3025S-3033A-3035A-9999A-9999C-9999CS-9999E,22,1022510956,300978894,1,"",
WA007,310726,WA003,101,3002A-3005WGUM-3005WGUM-3007DRYGUM-3007FO-3007S-3015A-3025S-3033A-3035A-9999A-9999C-9999CS-9999E,22,1022510956,300978897,1,"",
WA007,310726,WA003,101,3002A-3005WGUM-3005WGUM-3007DRYGUM-3007FO-3007S-3015A-3025S-3033A-3035A-9999A-9999C-9999CS-9999E,22,1022510956,300978901,1,"",
WA007,310726,WA003,101,3002A-3005WGUM-3005WGUM-3007DRYGUM-3007FO-3007S-3015A-3025S-3033A-3035A-9999A-9999C-9999CS-9999E,22,1022510956,300978902,1,"",
WA007,310726,WA003,101,3002A-3005WGUM-3005WGUM-3007DRYGUM-3007FO-3007S-3015A-3025S-3033A-3035A-9999A-9999C-9999CS-9999E,22,1022510956,300978903,1,"",
WA007,310726,WA003,101,3002A-3005WGUM-3005WGUM-3007DRYGUM-3007FO-3007S-3015A-3025S-3033A-3035A-9999A-9999C-9999CS-9999E,22,1022510956,300978904,1,"",
WA007,310726,WA003,101,3002A-3005WGUM-3005WGUM-3007DRYGUM-3007FO-3007S-3015A-3025S-3033A-3035A-9999A-9999C-9999CS-9999E,22,1022510956,300978905,1,"",
WA007,310726,WA003,101,3002A-3005WGUM-3005WGUM-3007DRYGUM-3007FO-3007S-3015A-3025S-3033A-3035A-9999A-9999C-9999CS-9999E,22,1022510957,300978911,1,"",
WA007,310726,WA003,101,3002A-3005WGUM-3005WGUM-3007DRYGUM-3007FO-3007S-3015A-3025S-3033A-3035A-9999A-9999C-9999CS-9999E,22,1022510957,300978912,1,"",
WA007,310726,WA003,101,3002A-3005WGUM-3005WGUM-3007DRYGUM-3007FO-3007S-3015A-3025S-3033A-3035A-9999A-9999C-9999CS-9999E,22,1022510957,300978914,1,"",
WA007,310726,WA003,101,3002A-3005WGUM-3005WGUM-3007DRYGUM-3007FO-3007S-3015A-3025S-3033A-3035A-9999A-9999C-9999CS-9999E,22,1022510957,300978915,1,"",
WA007,310726,WA003,101,3002A-3005WGUM-3005WGUM-3007DRYGUM-3007FO-3007S-3015A-3025S-3033A-3035A-9999A-9999C-9999CS-9999E,22,1022510957,300978916,1,"",
WA007,310726,WA003,101,3002A-3005WGUM-3005WGUM-3007DRYGUM-3007FO-3007S-3015A-3025S-3033A-3035A-9999A-9999C-9999CS-9999E,22,1022510957,300978917,1,"",
WA007,310726,WA003,101,3002A-3005WGUM-3005WGUM-3007DRYGUM-3007FO-3007S-3015A-3025S-3033A-3035A-9999A-9999C-9999CS-9999E,22,1022510957,300978918,1,"",
WA007,310726,WA003,101,3002A-3005WGUM-3005WGUM-3007DRYGUM-3007FO-3007S-3015A-3025S-3033A-3035A-9999A-9999C-9999CS-9999E,22,1022510957,300978920,1,"",
WA007,310726,WA003,101,3002A-3005WGUM-3005WGUM-3007DRYGUM-3007FO-3007S-3015A-3025S-3033A-3035A-9999A-9999C-9999CS-9999E,22,1022510958,300978935,1,"",
WA007,310726,WA003,101,3002A-3005WGUM-3005WGUM-3007DRYGUM-3007FO-3007S-3015A-3025S-3033A-3035A-9999A-9999C-9999CS-9999E,22,1022510958,300978936,1,"",
WA007,310726,WA003,101,3002A-3005WGUM-3005WGUM-3007DRYGUM-3007FO-3007S-3015A-3025S-3033A-3035A-9999A-9999C-9999CS-9999E,22,1022510958,300978937,1,"",
WA007,310726,WA003,101,3002A-3005WGUM-3005WGUM-3007DRYGUM-3007FO-3007S-3015A-3025S-3033A-3035A-9999A-9999C-9999CS-9999E,22,1022510958,300978938,1,"",
WA007,310726,WA003,101,3002A-3005WGUM-3005WGUM-3007DRYGUM-3007FO-3007S-3015A-3025S-3033A-3035A-9999A-9999C-9999CS-9999E,22,1022510958,300978939,1,"",
WA007,310726,WA003,101,3002A-3005WGUM-3005WGUM-3007DRYGUM-3007FO-3007S-3015A-3025S-3033A-3035A-9999A-9999C-9999CS-9999E,22,1022510958,300978940,1,"",
WA007,310726,WA003,101,3002A-3005WGUM-3005WGUM-3007DRYGUM-3007FO-3007S-3015A-3025S-3033A-3035A-9999A-9999C-9999CS-9999E,22,1022510958,300978941,1,"",
WA007,310726,WA003,101,3002A-3005WGUM-3005WGUM-3007DRYGUM-3007FO-3007S-3015A-3025S-3033A-3035A-9999A-9999C-9999CS-9999E,22,1022510958,300978942,1,"",
WA007,310726,WA003,101,3002A-3005WGUM-3005WGUM-3007DRYGUM-3007FO-3007S-3015A-3025S-3033A-3035A-9999A-9999C-9999CS-9999E,21,1022511057,300980019,1,"",
WA007,310726,WA003,101,3002A-3005WGUM-3005WGUM-3007DRYGUM-3007FO-3007S-3015A-3025S-3033A-3035A-9999A-9999C-9999CS-9999E,21,1022511057,300980021,1,"",
WA007,310726,WA003,101,3002A-3005WGUM-3005WGUM-3007DRYGUM-3007FO-3007S-3015A-3025S-3033A-3035A-9999A-9999C-9999CS-9999E,21,1022511057,300980028,1,"",
WA007,310726,WA003,101,3002A-3005WGUM-3005WGUM-3007DRYGUM-3007FO-3007S-3015A-3025S-3033A-3035A-9999A-9999C-9999CS-9999E,21,1022511057,300980056,1,"",
WA007,310726,WA003,101,3002A-3005WGUM-3005WGUM-3007DRYGUM-3007FO-3007S-3015A-3025S-3033A-3035A-9999A-9999C-9999CS-9999E,21,1022511057,300980057,1,"",
WA007,310726,WA003,101,3002A-3005WGUM-3005WGUM-3007DRYGUM-3007FO-3007S-3015A-3025S-3033A-3035A-9999A-9999C-9999CS-9999E,21,1022511057,300980223,1,"",
WA007,310726,WA003,101,3002A-3005WGUM-3005WGUM-3007DRYGUM-3007FO-3007S-3015A-3025S-3033A-3035A-9999A-9999C-9999CS-9999E,21,1022511057,300980224,1,"",
WA007,310726,WA003,101,3002A-3005WGUM-3005WGUM-3007DRYGUM-3007FO-3007S-3015A-3025S-3033A-3035A-9999A-9999C-9999CS-9999E,21,1022511057,300980225,1,"",
WA007,310726,WA003,101,3002A-3005WGUM-3005WGUM-3007DRYGUM-3007FO-3007S-3015A-3025S-3033A-3035A-9999A-9999C-9999CS-9999E,21,1022511058,300980227,1,"",
WA007,310726,WA003,101,3002A-3005WGUM-3005WGUM-3007DRYGUM-3007FO-3007S-3015A-3025S-3033A-3035A-9999A-9999C-9999CS-9999E,21,1022511058,300980228,1,"",
WA007,310726,WA003,101,3002A-3005WGUM-3005WGUM-3007DRYGUM-3007FO-3007S-3015A-3025S-3033A-3035A-9999A-9999C-9999CS-9999E,21,1022511058,300980229,1,"",
WA007,310726,WA003,101,3002A-3005WGUM-3005WGUM-3007DRYGUM-3007FO-3007S-3015A-3025S-3033A-3035A-9999A-9999C-9999CS-9999E,21,1022511058,300980230,1,"",
WA007,310726,WA003,101,3002A-3005WGUM-3005WGUM-3007DRYGUM-3007FO-3007S-3015A-3025S-3033A-3035A-9999A-9999C-9999CS-9999E,21,1022511058,300980258,1,"",
WA007,310726,WA003,101,3002A-3005WGUM-3005WGUM-3007DRYGUM-3007FO-3007S-3015A-3025S-3033A-3035A-9999A-9999C-9999CS-9999E,21,1022511058,300980259,1,"",
WA007,310726,WA003,101,3002A-3005WGUM-3005WGUM-3007DRYGUM-3007FO-3007S-3015A-3025S-3033A-3035A-9999A-9999C-9999CS-9999E,21,1022511058,300980260,1,"",
WA007,310726,WA003,101,3002A-3005WGUM-3005WGUM-3007DRYGUM-3007FO-3007S-3015A-3025S-3033A-3035A-9999A-9999C-9999CS-9999E,21,1022511058,300980261,1,"",
WA007,310726,WA003,101,3002A-3005WGUM-3005WGUM-3007DRYGUM-3007FO-3007S-3015A-3025S-3033A-3035A-9999A-9999C-9999CS-9999E,21,1022511059,300980337,1,"",
WA007,310726,WA003,101,3002A-3005WGUM-3005WGUM-3007DRYGUM-3007FO-3007S-3015A-3025S-3033A-3035A-9999A-9999C-9999CS-9999E,21,1022511059,300980338,1,"",
WA007,310726,WA003,101,3002A-3005WGUM-3005WGUM-3007DRYGUM-3007FO-3007S-3015A-3025S-3033A-3035A-9999A-9999C-9999CS-9999E,21,1022511059,300980339,1,"",
WA007,310726,WA003,101,3002A-3005WGUM-3005WGUM-3007DRYGUM-3007FO-3007S-3015A-3025S-3033A-3035A-9999A-9999C-9999CS-9999E,21,1022511059,300980340,1,"",
WA007,310726,WA003,101,3002A-3005WGUM-3005WGUM-3007DRYGUM-3007FO-3007S-3015A-3025S-3033A-3035A-9999A-9999C-9999CS-9999E,21,1022511059,300980343,1,"",
WA007,310726,WA003,101,3002A-3005WGUM-3005WGUM-3007DRYGUM-3007FO-3007S-3015A-3025S-3033A-3035A-9999A-9999C-9999CS-9999E,21,1022511059,300980344,1,"",
WA007,310726,WA003,101,3002A-3005WGUM-3005WGUM-3007DRYGUM-3007FO-3007S-3015A-3025S-3033A-3035A-9999A-9999C-9999CS-9999E,21,1022511059,300980345,1,"",
WA007,310726,WA003,101,3002A-3005WGUM-3005WGUM-3007DRYGUM-3007FO-3007S-3015A-3025S-3033A-3035A-9999A-9999C-9999CS-9999E,21,1022511059,300980346,1,"",
WA007,310726,WA003,101,3002A-3005WGUM-3005WGUM-3007DRYGUM-3007FO-3007S-3015A-3025S-3033A-3035A-9999A-9999C-9999CS-9999E,19,1022511260,300983473,1,"",
WA007,310726,WA003,101,3002A-3005WGUM-3005WGUM-3007DRYGUM-3007FO-3007S-3015A-3025S-3033A-3035A-9999A-9999C-9999CS-9999E,19,1022511260,300983474,1,"",
WA007,310726,WA003,101,3002A-3005WGUM-3005WGUM-3007DRYGUM-3007FO-3007S-3015A-3025S-3033A-3035A-9999A-9999C-9999CS-9999E,19,1022511260,300983475,1,"",
WA007,310726,WA003,101,3002A-3005WGUM-3005WGUM-3007DRYGUM-3007FO-3007S-3015A-3025S-3033A-3035A-9999A-9999C-9999CS-9999E,19,1022511260,300983476,1,"",
WA007,310726,WA003,101,3002A-3005WGUM-3005WGUM-3007DRYGUM-3007FO-3007S-3015A-3025S-3033A-3035A-9999A-9999C-9999CS-9999E,19,1022511260,300983481,1,"",
WA007,310726,WA003,101,3002A-3005WGUM-3005WGUM-3007DRYGUM-3007FO-3007S-3015A-3025S-3033A-3035A-9999A-9999C-9999CS-9999E,19,1022511260,300983482,1,"",
WA007,310726,WA003,101,3002A-3005WGUM-3005WGUM-3007DRYGUM-3007FO-3007S-3015A-3025S-3033A-3035A-9999A-9999C-9999CS-9999E,19,1022511260,300983483,1,"",
WA007,310726,WA003,101,3002A-3005WGUM-3005WGUM-3007DRYGUM-3007FO-3007S-3015A-3025S-3033A-3035A-9999A-9999C-9999CS-9999E,19,1022511260,300983487,1,"",
WA007,310726,WA003,101,3002A-3005WGUM-3005WGUM-3007DRYGUM-3007FO-3007S-3015A-3025S-3033A-3035A-9999A-9999C-9999CS-9999E,16,1022511552,300986538,1,"",
WA007,310726,WA003,101,3002A-3005WGUM-3005WGUM-3007DRYGUM-3007FO-3007S-3015A-3025S-3033A-3035A-9999A-9999C-9999CS-9999E,16,1022511552,300986539,1,"",
WA007,310726,WA003,101,3002A-3005WGUM-3005WGUM-3007DRYGUM-3007FO-3007S-3015A-3025S-3033A-3035A-9999A-9999C-9999CS-9999E,16,1022511552,300986540,1,"",
WA007,310726,WA003,101,3002A-3005WGUM-3005WGUM-3007DRYGUM-3007FO-3007S-3015A-3025S-3033A-3035A-9999A-9999C-9999CS-9999E,16,1022511552,300986564,1,"",
WA007,310726,WA003,101,3002A-3005WGUM-3005WGUM-3007DRYGUM-3007FO-3007S-3015A-3025S-3033A-3035A-9999A-9999C-9999CS-9999E,16,1022511552,300986565,1,"",
WA007,310726,WA003,101,3002A-3005WGUM-3005WGUM-3007DRYGUM-3007FO-3007S-3015A-3025S-3033A-3035A-9999A-9999C-9999CS-9999E,16,1022511552,300986566,1,"",
WA007,310726,WA003,101,3002A-3005WGUM-3005WGUM-3007DRYGUM-3007FO-3007S-3015A-3025S-3033A-3035A-9999A-9999C-9999CS-9999E,16,1022511552,300986621,1,"",
WA007,310726,WA003,101,3002A-3005WGUM-3005WGUM-3007DRYGUM-3007FO-3007S-3015A-3025S-3033A-3035A-9999A-9999C-9999CS-9999E,16,1022511552,300986622,1,"",
WA007,310726,WA003,101,3002A-3005WGUM-3005WGUM-3007DRYGUM-3007FO-3007S-3015A-3025S-3033A-3035A-9999A-9999C-9999CS-9999E,16,1022511553,300986623,1,"",
WA007,310726,WA003,101,3002A-3005WGUM-3005WGUM-3007DRYGUM-3007FO-3007S-3015A-3025S-3033A-3035A-9999A-9999C-9999CS-9999E,16,1022511553,300986627,1,"",
WA007,310726,WA003,101,3002A-3005WGUM-3005WGUM-3007DRYGUM-3007FO-3007S-3015A-3025S-3033A-3035A-9999A-9999C-9999CS-9999E,16,1022511553,300986628,1,"",
WA007,310726,WA003,101,3002A-3005WGUM-3005WGUM-3007DRYGUM-3007FO-3007S-3015A-3025S-3033A-3035A-9999A-9999C-9999CS-9999E,16,1022511553,300986629,1,"",
WA007,310726,WA003,101,3002A-3005WGUM-3005WGUM-3007DRYGUM-3007FO-3007S-3015A-3025S-3033A-3035A-9999A-9999C-9999CS-9999E,16,1022511553,300986671,1,"",
WA007,310726,WA003,101,3002A-3005WGUM-3005WGUM-3007DRYGUM-3007FO-3007S-3015A-3025S-3033A-3035A-9999A-9999C-9999CS-9999E,16,1022511553,300986672,1,"",
WA007,310726,WA003,101,3002A-3005WGUM-3005WGUM-3007DRYGUM-3007FO-3007S-3015A-3025S-3033A-3035A-9999A-9999C-9999CS-9999E,16,1022511553,300986673,1,"",
WA007,310726,WA003,101,3002A-3005WGUM-3005WGUM-3007DRYGUM-3007FO-3007S-3015A-3025S-3033A-3035A-9999A-9999C-9999CS-9999E,16,1022511553,300986674,1,"",
WA007,310726,WA003,101,3002A-3005WGUM-3005WGUM-3007DRYGUM-3007FO-3007S-3015A-3025S-3033A-3035A-9999A-9999C-9999CS-9999E,16,1022511554,300986686,1,"",
WA007,310726,WA003,101,3002A-3005WGUM-3005WGUM-3007DRYGUM-3007FO-3007S-3015A-3025S-3033A-3035A-9999A-9999C-9999CS-9999E,16,1022511554,300986687,1,"",
WA007,310726,WA003,101,3002A-3005WGUM-3005WGUM-3007DRYGUM-3007FO-3007S-3015A-3025S-3033A-3035A-9999A-9999C-9999CS-9999E,16,1022511554,300986689,1,"",
WA007,310726,WA003,101,3002A-3005WGUM-3005WGUM-3007DRYGUM-3007FO-3007S-3015A-3025S-3033A-3035A-9999A-9999C-9999CS-9999E,16,1022511554,300986690,1,"",
WA007,310726,WA003,101,3002A-3005WGUM-3005WGUM-3007DRYGUM-3007FO-3007S-3015A-3025S-3033A-3035A-9999A-9999C-9999CS-9999E,16,1022511554,300986746,1,"",
WA007,310726,WA003,101,3002A-3005WGUM-3005WGUM-3007DRYGUM-3007FO-3007S-3015A-3025S-3033A-3035A-9999A-9999C-9999CS-9999E,16,1022511554,300986747,1,"",
WA007,310726,WA003,101,3002A-3005WGUM-3005WGUM-3007DRYGUM-3007FO-3007S-3015A-3025S-3033A-3035A-9999A-9999C-9999CS-9999E,16,1022511554,300986748,1,"",
WA007,310726,WA003,101,3002A-3005WGUM-3005WGUM-3007DRYGUM-3007FO-3007S-3015A-3025S-3033A-3035A-9999A-9999C-9999CS-9999E,16,1022511554,300986749,1,"",
WA007,310726,WA003,101,3002A-3005WGUM-3005WGUM-3007DRYGUM-3007FO-3007S-3015A-3025S-3033A-3035A-9999A-9999C-9999CS-9999E,16,1022511555,300986815,1,"",
WA007,310726,WA003,101,3002A-3005WGUM-3005WGUM-3007DRYGUM-3007FO-3007S-3015A-3025S-3033A-3035A-9999A-9999C-9999CS-9999E,16,1022511555,300986816,1,"",
WA007,310726,WA003,101,3002A-3005WGUM-3005WGUM-3007DRYGUM-3007FO-3007S-3015A-3025S-3033A-3035A-9999A-9999C-9999CS-9999E,16,1022511555,300986817,1,"",
WA007,310726,WA003,101,3002A-3005WGUM-3005WGUM-3007DRYGUM-3007FO-3007S-3015A-3025S-3033A-3035A-9999A-9999C-9999CS-9999E,16,1022511555,300986818,1,"",
WA007,310726,WA003,101,3002A-3005WGUM-3005WGUM-3007DRYGUM-3007FO-3007S-3015A-3025S-3033A-3035A-9999A-9999C-9999CS-9999E,16,1022511555,300986820,1,"",
WA007,310726,WA003,101,3002A-3005WGUM-3005WGUM-3007DRYGUM-3007FO-3007S-3015A-3025S-3033A-3035A-9999A-9999C-9999CS-9999E,16,1022511555,300986821,1,"",
WA007,310726,WA003,101,3002A-3005WGUM-3005WGUM-3007DRYGUM-3007FO-3007S-3015A-3025S-3033A-3035A-9999A-9999C-9999CS-9999E,16,1022511555,300986822,1,"",
WA007,310726,WA003,101,3002A-3005WGUM-3005WGUM-3007DRYGUM-3007FO-3007S-3015A-3025S-3033A-3035A-9999A-9999C-9999CS-9999E,16,1022511555,300986824,1,"",
WA007,310726,WA003,101,3002A-3005WGUM-3005WGUM-3007DRYGUM-3007FO-3007S-3015A-3025S-3033A-3035A-9999A-9999C-9999CS-9999E,16,1022511556,300986954,1,"",
WA007,310726,WA003,101,3002A-3005WGUM-3005WGUM-3007DRYGUM-3007FO-3007S-3015A-3025S-3033A-3035A-9999A-9999C-9999CS-9999E,16,1022511556,300986956,1,"",
WA007,310726,WA003,101,3002A-3005WGUM-3005WGUM-3007DRYGUM-3007FO-3007S-3015A-3025S-3033A-3035A-9999A-9999C-9999CS-9999E,16,1022511556,300986957,1,"",
WA007,310726,WA003,101,3002A-3005WGUM-3005WGUM-3007DRYGUM-3007FO-3007S-3015A-3025S-3033A-3035A-9999A-9999C-9999CS-9999E,16,1022511556,300986958,1,"",
WA007,310726,WA003,101,3002A-3005WGUM-3005WGUM-3007DRYGUM-3007FO-3007S-3015A-3025S-3033A-3035A-9999A-9999C-9999CS-9999E,16,1022511556,300986959,1,"",
WA007,310726,WA003,101,3002A-3005WGUM-3005WGUM-3007DRYGUM-3007FO-3007S-3015A-3025S-3033A-3035A-9999A-9999C-9999CS-9999E,16,1022511556,300986997,1,"",
WA007,310726,WA003,101,3002A-3005WGUM-3005WGUM-3007DRYGUM-3007FO-3007S-3015A-3025S-3033A-3035A-9999A-9999C-9999CS-9999E,16,1022511556,300986998,1,"",
WA007,310726,WA003,101,3002A-3005WGUM-3005WGUM-3007DRYGUM-3007FO-3007S-3015A-3025S-3033A-3035A-9999A-9999C-9999CS-9999E,16,1022511556,300986999,1,"",
WA007,310726,WA003,101,3002A-3005WGUM-3005WGUM-3007DRYGUM-3007FO-3007S-3015A-3025S-3033A-3035A-9999A-9999C-9999CS-9999E,16,1022511557,300987002,1,"",
WA007,310726,WA003,101,3002A-3005WGUM-3005WGUM-3007DRYGUM-3007FO-3007S-3015A-3025S-3033A-3035A-9999A-9999C-9999CS-9999E,16,1022511557,300987003,1,"",
WA007,310726,WA003,101,3002A-3005WGUM-3005WGUM-3007DRYGUM-3007FO-3007S-3015A-3025S-3033A-3035A-9999A-9999C-9999CS-9999E,16,1022511557,300987006,1,"",
WA007,310726,WA003,101,3002A-3005WGUM-3005WGUM-3007DRYGUM-3007FO-3007S-3015A-3025S-3033A-3035A-9999A-9999C-9999CS-9999E,16,1022511557,300987081,1,"",
WA007,310726,WA003,101,3002A-3005WGUM-3005WGUM-3007DRYGUM-3007FO-3007S-3015A-3025S-3033A-3035A-9999A-9999C-9999CS-9999E,16,1022511557,300987082,1,"",
WA007,310726,WA003,101,3002A-3005WGUM-3005WGUM-3007DRYGUM-3007FO-3007S-3015A-3025S-3033A-3035A-9999A-9999C-9999CS-9999E,16,1022511557,300987083,1,"",
WA007,310726,WA003,101,3002A-3005WGUM-3005WGUM-3007DRYGUM-3007FO-3007S-3015A-3025S-3033A-3035A-9999A-9999C-9999CS-9999E,16,1022511557,300987085,1,"",
WA007,310726,WA003,101,3002A-3005WGUM-3005WGUM-3007DRYGUM-3007FO-3007S-3015A-3025S-3033A-3035A-9999A-9999C-9999CS-9999E,16,1022511557,300987107,1,"",
WA007,310726,WA003,101,3002A-3005WGUM-3005WGUM-3007DRYGUM-3007FO-3007S-3015A-3025S-3033A-3035A-9999A-9999C-9999CS-9999E,16,1022511558,300987108,1,"",
WA007,310726,WA003,101,3002A-3005WGUM-3005WGUM-3007DRYGUM-3007FO-3007S-3015A-3025S-3033A-3035A-9999A-9999C-9999CS-9999E,16,1022511558,300987109,1,"",
WA007,310726,WA003,101,3002A-3005WGUM-3005WGUM-3007DRYGUM-3007FO-3007S-3015A-3025S-3033A-3035A-9999A-9999C-9999CS-9999E,16,1022511558,300987111,1,"",
WA007,310726,WA003,101,3002A-3005WGUM-3005WGUM-3007DRYGUM-3007FO-3007S-3015A-3025S-3033A-3035A-9999A-9999C-9999CS-9999E,16,1022511558,300987112,1,"",
WA007,310726,WA003,101,3002A-3005WGUM-3005WGUM-3007DRYGUM-3007FO-3007S-3015A-3025S-3033A-3035A-9999A-9999C-9999CS-9999E,16,1022511558,300987116,1,"",
WA007,310726,WA003,101,3002A-3005WGUM-3005WGUM-3007DRYGUM-3007FO-3007S-3015A-3025S-3033A-3035A-9999A-9999C-9999CS-9999E,16,1022511558,300987140,1,"",
WA007,310726,WA003,101,3002A-3005WGUM-3005WGUM-3007DRYGUM-3007FO-3007S-3015A-3025S-3033A-3035A-9999A-9999C-9999CS-9999E,16,1022511558,300987141,1,"",
WA007,310726,WA003,101,3002A-3005WGUM-3005WGUM-3007DRYGUM-3007FO-3007S-3015A-3025S-3033A-3035A-9999A-9999C-9999CS-9999E,16,1022511558,300987142,1,"",
WA007,310726,WA003,101,3002A-3005WGUM-3005WGUM-3007DRYGUM-3007FO-3007S-3015A-3025S-3033A-3035A-9999A-9999C-9999CS-9999E,16,1022511559,300987170,1,"",
WA007,310726,WA003,101,3002A-3005WGUM-3005WGUM-3007DRYGUM-3007FO-3007S-3015A-3025S-3033A-3035A-9999A-9999C-9999CS-9999E,16,1022511559,300987171,1,"",
WA007,310726,WA003,101,3002A-3005WGUM-3005WGUM-3007DRYGUM-3007FO-3007S-3015A-3025S-3033A-3035A-9999A-9999C-9999CS-9999E,16,1022511559,300987230,1,"",
WA007,310726,WA003,101,3002A-3005WGUM-3005WGUM-3007DRYGUM-3007FO-3007S-3015A-3025S-3033A-3035A-9999A-9999C-9999CS-9999E,16,1022511559,300987231,1,"",
WA007,310726,WA003,101,3002A-3005WGUM-3005WGUM-3007DRYGUM-3007FO-3007S-3015A-3025S-3033A-3035A-9999A-9999C-9999CS-9999E,16,1022511559,300987290,1,"",
WA007,310726,WA003,101,3002A-3005WGUM-3005WGUM-3007DRYGUM-3007FO-3007S-3015A-3025S-3033A-3035A-9999A-9999C-9999CS-9999E,16,1022511559,300987292,1,"",
WA007,310726,WA003,101,3002A-3005WGUM-3005WGUM-3007DRYGUM-3007FO-3007S-3015A-3025S-3033A-3035A-9999A-9999C-9999CS-9999E,16,1022511559,300987293,1,"",
WA007,310726,WA003,101,3002A-3005WGUM-3005WGUM-3007DRYGUM-3007FO-3007S-3015A-3025S-3033A-3035A-9999A-9999C-9999CS-9999E,16,1022511559,300987294,1,"",
WA007,310726,WA003,101,3002A-3005WGUM-3005WGUM-3007DRYGUM-3007FO-3007S-3015A-3025S-3033A-3035A-9999A-9999C-9999CS-9999E,14,1022511752,300989542,1,"",
WA007,310726,WA003,101,3002A-3005WGUM-3005WGUM-3007DRYGUM-3007FO-3007S-3015A-3025S-3033A-3035A-9999A-9999C-9999CS-9999E,14,1022511752,300989543,1,"",
WA007,310726,WA003,101,3002A-3005WGUM-3005WGUM-3007DRYGUM-3007FO-3007S-3015A-3025S-3033A-3035A-9999A-9999C-9999CS-9999E,14,1022511752,300989544,1,"",
WA007,310726,WA003,101,3002A-3005WGUM-3005WGUM-3007DRYGUM-3007FO-3007S-3015A-3025S-3033A-3035A-9999A-9999C-9999CS-9999E,14,1022511752,300989545,1,"",
WA007,310726,WA003,101,3002A-3005WGUM-3005WGUM-3007DRYGUM-3007FO-3007S-3015A-3025S-3033A-3035A-9999A-9999C-9999CS-9999E,14,1022511752,300989606,1,"",
WA007,310726,WA003,101,3002A-3005WGUM-3005WGUM-3007DRYGUM-3007FO-3007S-3015A-3025S-3033A-3035A-9999A-9999C-9999CS-9999E,14,1022511752,300989607,1,"",
WA007,310726,WA003,101,3002A-3005WGUM-3005WGUM-3007DRYGUM-3007FO-3007S-3015A-3025S-3033A-3035A-9999A-9999C-9999CS-9999E,14,1022511752,300989608,1,"",
WA007,310726,WA003,101,3002A-3005WGUM-3005WGUM-3007DRYGUM-3007FO-3007S-3015A-3025S-3033A-3035A-9999A-9999C-9999CS-9999E,14,1022511752,300989610,1,"",
WA007,310726,WA003,101,3002A-3005WGUM-3005WGUM-3007DRYGUM-3007FO-3007S-3015A-3025S-3033A-3035A-9999A-9999C-9999CS-9999E,14,1022511755,300989756,1,"",
WA007,310726,WA003,101,3002A-3005WGUM-3005WGUM-3007DRYGUM-3007FO-3007S-3015A-3025S-3033A-3035A-9999A-9999C-9999CS-9999E,14,1022511755,300989757,1,"",
WA007,310726,WA003,101,3002A-3005WGUM-3005WGUM-3007DRYGUM-3007FO-3007S-3015A-3025S-3033A-3035A-9999A-9999C-9999CS-9999E,14,1022511755,300989758,1,"",
WA007,310726,WA003,101,3002A-3005WGUM-3005WGUM-3007DRYGUM-3007FO-3007S-3015A-3025S-3033A-3035A-9999A-9999C-9999CS-9999E,14,1022511755,300989759,1,"",
WA007,310726,WA003,101,3002A-3005WGUM-3005WGUM-3007DRYGUM-3007FO-3007S-3015A-3025S-3033A-3035A-9999A-9999C-9999CS-9999E,14,1022511755,300989761,1,"",
WA007,310726,WA003,101,3002A-3005WGUM-3005WGUM-3007DRYGUM-3007FO-3007S-3015A-3025S-3033A-3035A-9999A-9999C-9999CS-9999E,14,1022511755,300989762,1,"",
WA007,310726,WA003,101,3002A-3005WGUM-3005WGUM-3007DRYGUM-3007FO-3007S-3015A-3025S-3033A-3035A-9999A-9999C-9999CS-9999E,14,1022511755,300989767,1,"",
WA007,310726,WA003,101,3002A-3005WGUM-3005WGUM-3007DRYGUM-3007FO-3007S-3015A-3025S-3033A-3035A-9999A-9999C-9999CS-9999E,14,1022511755,300989768,1,"",
WA007,310726,WA003,101,3002A-3005WGUM-3005WGUM-3007DRYGUM-3007FO-3007S-3015A-3025S-3033A-3035A-9999A-9999C-9999CS-9999E,14,1022511756,300989771,1,"",
WA007,310726,WA003,101,3002A-3005WGUM-3005WGUM-3007DRYGUM-3007FO-3007S-3015A-3025S-3033A-3035A-9999A-9999C-9999CS-9999E,14,1022511756,300989773,1,"",
WA007,310726,WA003,101,3002A-3005WGUM-3005WGUM-3007DRYGUM-3007FO-3007S-3015A-3025S-3033A-3035A-9999A-9999C-9999CS-9999E,14,1022511756,300989782,1,"",
WA007,310726,WA003,101,3002A-3005WGUM-3005WGUM-3007DRYGUM-3007FO-3007S-3015A-3025S-3033A-3035A-9999A-9999C-9999CS-9999E,14,1022511756,300989944,1,"",
WA007,310726,WA003,101,3002A-3005WGUM-3005WGUM-3007DRYGUM-3007FO-3007S-3015A-3025S-3033A-3035A-9999A-9999C-9999CS-9999E,14,1022511756,300989945,1,"",
WA007,310726,WA003,101,3002A-3005WGUM-3005WGUM-3007DRYGUM-3007FO-3007S-3015A-3025S-3033A-3035A-9999A-9999C-9999CS-9999E,14,1022511756,300989950,1,"",
WA007,310726,WA003,101,3002A-3005WGUM-3005WGUM-3007DRYGUM-3007FO-3007S-3015A-3025S-3033A-3035A-9999A-9999C-9999CS-9999E,14,1022511756,300989960,1,"",
WA007,310726,WA003,101,3002A-3005WGUM-3005WGUM-3007DRYGUM-3007FO-3007S-3015A-3025S-3033A-3035A-9999A-9999C-9999CS-9999E,14,1022511756,300989961,1,"",
WA007,310726,WA003,101,3002A-3005WGUM-3005WGUM-3007DRYGUM-3007FO-3007S-3015A-3025S-3033A-3035A-9999A-9999C-9999CS-9999E,12,1022511957,300992817,1,"",
WA007,310726,WA003,101,3002A-3005WGUM-3005WGUM-3007DRYGUM-3007FO-3007S-3015A-3025S-3033A-3035A-9999A-9999C-9999CS-9999E,12,1022511957,300992818,1,"",
WA007,310726,WA003,101,3002A-3005WGUM-3005WGUM-3007DRYGUM-3007FO-3007S-3015A-3025S-3033A-3035A-9999A-9999C-9999CS-9999E,12,1022511957,300992819,1,"",
WA007,310726,WA003,101,3002A-3005WGUM-3005WGUM-3007DRYGUM-3007FO-3007S-3015A-3025S-3033A-3035A-9999A-9999C-9999CS-9999E,12,1022511957,300992820,1,"",
WA007,310726,WA003,101,3002A-3005WGUM-3005WGUM-3007DRYGUM-3007FO-3007S-3015A-3025S-3033A-3035A-9999A-9999C-9999CS-9999E,12,1022511957,300992821,1,"",
WA007,310726,WA003,101,3002A-3005WGUM-3005WGUM-3007DRYGUM-3007FO-3007S-3015A-3025S-3033A-3035A-9999A-9999C-9999CS-9999E,12,1022511957,300992822,1,"",
WA007,310726,WA003,101,3002A-3005WGUM-3005WGUM-3007DRYGUM-3007FO-3007S-3015A-3025S-3033A-3035A-9999A-9999C-9999CS-9999E,12,1022511957,300992823,1,"",
WA007,310726,WA003,101,3002A-3005WGUM-3005WGUM-3007DRYGUM-3007FO-3007S-3015A-3025S-3033A-3035A-9999A-9999C-9999CS-9999E,12,1022511957,300992825,1,"",
WA007,310726,WA003,101,3002A-3005WGUM-3005WGUM-3007DRYGUM-3007FO-3007S-3015A-3025S-3033A-3035A-9999A-9999C-9999CS-9999E,12,1022511958,300992885,1,"",
WA007,310726,WA003,101,3002A-3005WGUM-3005WGUM-3007DRYGUM-3007FO-3007S-3015A-3025S-3033A-3035A-9999A-9999C-9999CS-9999E,12,1022511958,300992886,1,"",
WA007,310726,WA003,101,3002A-3005WGUM-3005WGUM-3007DRYGUM-3007FO-3007S-3015A-3025S-3033A-3035A-9999A-9999C-9999CS-9999E,12,1022511958,300992887,1,"",
WA007,310726,WA003,101,3002A-3005WGUM-3005WGUM-3007DRYGUM-3007FO-3007S-3015A-3025S-3033A-3035A-9999A-9999C-9999CS-9999E,12,1022511958,300992888,1,"",
WA007,310726,WA003,101,3002A-3005WGUM-3005WGUM-3007DRYGUM-3007FO-3007S-3015A-3025S-3033A-3035A-9999A-9999C-9999CS-9999E,12,1022511958,300992889,1,"",
WA007,310726,WA003,101,3002A-3005WGUM-3005WGUM-3007DRYGUM-3007FO-3007S-3015A-3025S-3033A-3035A-9999A-9999C-9999CS-9999E,12,1022511958,300992890,1,"",
WA007,310726,WA003,101,3002A-3005WGUM-3005WGUM-3007DRYGUM-3007FO-3007S-3015A-3025S-3033A-3035A-9999A-9999C-9999CS-9999E,12,1022511958,300992891,1,"",
WA007,310726,WA003,101,3002A-3005WGUM-3005WGUM-3007DRYGUM-3007FO-3007S-3015A-3025S-3033A-3035A-9999A-9999C-9999CS-9999E,12,1022511958,300992893,1,"",
WA007,310726,WA003,101,3002A-3005WGUM-3005WGUM-3007DRYGUM-3007FO-3007S-3015A-3025S-3033A-3035A-9999A-9999C-9999CS-9999E,12,1022511959,300993135,1,"",
WA007,310726,WA003,101,3002A-3005WGUM-3005WGUM-3007DRYGUM-3007FO-3007S-3015A-3025S-3033A-3035A-9999A-9999C-9999CS-9999E,12,1022511959,300993136,1,"",
WA007,310726,WA003,101,3002A-3005WGUM-3005WGUM-3007DRYGUM-3007FO-3007S-3015A-3025S-3033A-3035A-9999A-9999C-9999CS-9999E,12,1022511959,300993137,1,"",
WA007,310726,WA003,101,3002A-3005WGUM-3005WGUM-3007DRYGUM-3007FO-3007S-3015A-3025S-3033A-3035A-9999A-9999C-9999CS-9999E,12,1022511959,300993138,1,"",
WA007,310726,WA003,101,3002A-3005WGUM-3005WGUM-3007DRYGUM-3007FO-3007S-3015A-3025S-3033A-3035A-9999A-9999C-9999CS-9999E,12,1022511959,300993264,1,"",
WA007,310726,WA003,101,3002A-3005WGUM-3005WGUM-3007DRYGUM-3007FO-3007S-3015A-3025S-3033A-3035A-9999A-9999C-9999CS-9999E,12,1022511959,300993265,1,"",
WA007,310726,WA003,101,3002A-3005WGUM-3005WGUM-3007DRYGUM-3007FO-3007S-3015A-3025S-3033A-3035A-9999A-9999C-9999CS-9999E,12,1022511959,300993266,1,"",
WA007,310726,WA003,101,3002A-3005WGUM-3005WGUM-3007DRYGUM-3007FO-3007S-3015A-3025S-3033A-3035A-9999A-9999C-9999CS-9999E,12,1022511959,300993267,1,"",
WA007,310726,WA003,101,3002A-3005WGUM-3005WGUM-3007DRYGUM-3007FO-3007S-3015A-3025S-3033A-3035A-9999A-9999C-9999CS-9999E,12,1022511960,300993278,1,"",
WA007,310726,WA003,101,3002A-3005WGUM-3005WGUM-3007DRYGUM-3007FO-3007S-3015A-3025S-3033A-3035A-9999A-9999C-9999CS-9999E,12,1022511960,300993279,1,"",
WA007,310726,WA003,101,3002A-3005WGUM-3005WGUM-3007DRYGUM-3007FO-3007S-3015A-3025S-3033A-3035A-9999A-9999C-9999CS-9999E,12,1022511960,300993280,1,"",
WA007,310726,WA003,101,3002A-3005WGUM-3005WGUM-3007DRYGUM-3007FO-3007S-3015A-3025S-3033A-3035A-9999A-9999C-9999CS-9999E,12,1022511960,300993281,1,"",
WA007,310726,WA003,101,3002A-3005WGUM-3005WGUM-3007DRYGUM-3007FO-3007S-3015A-3025S-3033A-3035A-9999A-9999C-9999CS-9999E,12,1022511960,300993310,1,"",
WA007,310726,WA003,101,3002A-3005WGUM-3005WGUM-3007DRYGUM-3007FO-3007S-3015A-3025S-3033A-3035A-9999A-9999C-9999CS-9999E,12,1022511960,300993311,1,"",
WA007,310726,WA003,101,3002A-3005WGUM-3005WGUM-3007DRYGUM-3007FO-3007S-3015A-3025S-3033A-3035A-9999A-9999C-9999CS-9999E,12,1022511960,300993312,1,"",
WA007,310726,WA003,101,3002A-3005WGUM-3005WGUM-3007DRYGUM-3007FO-3007S-3015A-3025S-3033A-3035A-9999A-9999C-9999CS-9999E,12,1022511960,300993313,1,"",
WA007,310726,WA003,101,3002A-3005WGUM-3005WGUM-3007DRYGUM-3007FO-3007S-3015A-3025S-3033A-3035A-9999A-9999C-9999CS-9999E,12,1022511961,300993338,1,"",
WA007,310726,WA003,101,3002A-3005WGUM-3005WGUM-3007DRYGUM-3007FO-3007S-3015A-3025S-3033A-3035A-9999A-9999C-9999CS-9999E,12,1022511961,300993469,1,"",
WA007,310726,WA003,101,3002A-3005WGUM-3005WGUM-3007DRYGUM-3007FO-3007S-3015A-3025S-3033A-3035A-9999A-9999C-9999CS-9999E,12,1022511961,300993470,1,"",
WA007,310726,WA003,101,3002A-3005WGUM-3005WGUM-3007DRYGUM-3007FO-3007S-3015A-3025S-3033A-3035A-9999A-9999C-9999CS-9999E,12,1022511961,300993471,1,"",
WA007,310726,WA003,101,3002A-3005WGUM-3005WGUM-3007DRYGUM-3007FO-3007S-3015A-3025S-3033A-3035A-9999A-9999C-9999CS-9999E,12,1022511961,300993479,1,"",
WA007,310726,WA003,101,3002A-3005WGUM-3005WGUM-3007DRYGUM-3007FO-3007S-3015A-3025S-3033A-3035A-9999A-9999C-9999CS-9999E,12,1022511961,300993480,1,"",
WA007,310726,WA003,101,3002A-3005WGUM-3005WGUM-3007DRYGUM-3007FO-3007S-3015A-3025S-3033A-3035A-9999A-9999C-9999CS-9999E,12,1022511961,300993481,1,"",
WA007,310726,WA003,101,3002A-3005WGUM-3005WGUM-3007DRYGUM-3007FO-3007S-3015A-3025S-3033A-3035A-9999A-9999C-9999CS-9999E,12,1022511961,300993485,1,"",
WA007,310726,WA003,101,3002A-3005WGUM-3005WGUM-3007DRYGUM-3007FO-3007S-3015A-3025S-3033A-3035A-9999A-9999C-9999CS-9999E,11,1022512052,300993718,1,"",
WA007,310726,WA003,101,3002A-3005WGUM-3005WGUM-3007DRYGUM-3007FO-3007S-3015A-3025S-3033A-3035A-9999A-9999C-9999CS-9999E,11,1022512052,300993720,1,"",
WA007,310726,WA003,101,3002A-3005WGUM-3005WGUM-3007DRYGUM-3007FO-3007S-3015A-3025S-3033A-3035A-9999A-9999C-9999CS-9999E,11,1022512052,300993721,1,"",
WA007,310726,WA003,101,3002A-3005WGUM-3005WGUM-3007DRYGUM-3007FO-3007S-3015A-3025S-3033A-3035A-9999A-9999C-9999CS-9999E,11,1022512052,300993722,1,"",
WA007,310726,WA003,101,3002A-3005WGUM-3005WGUM-3007DRYGUM-3007FO-3007S-3015A-3025S-3033A-3035A-9999A-9999C-9999CS-9999E,11,1022512052,300993725,1,"",
WA007,310726,WA003,101,3002A-3005WGUM-3005WGUM-3007DRYGUM-3007FO-3007S-3015A-3025S-3033A-3035A-9999A-9999C-9999CS-9999E,11,1022512052,300993726,1,"",
WA007,310726,WA003,101,3002A-3005WGUM-3005WGUM-3007DRYGUM-3007FO-3007S-3015A-3025S-3033A-3035A-9999A-9999C-9999CS-9999E,11,1022512052,300993748,1,"",
WA007,310726,WA003,101,3002A-3005WGUM-3005WGUM-3007DRYGUM-3007FO-3007S-3015A-3025S-3033A-3035A-9999A-9999C-9999CS-9999E,11,1022512052,300993749,1,"",
WA007,310726,WA003,101,3002A-3005WGUM-3005WGUM-3007DRYGUM-3007FO-3007S-3015A-3025S-3033A-3035A-9999A-9999C-9999CS-9999E,11,1022512053,300993750,1,"",
WA007,310726,WA003,101,3002A-3005WGUM-3005WGUM-3007DRYGUM-3007FO-3007S-3015A-3025S-3033A-3035A-9999A-9999C-9999CS-9999E,11,1022512053,300993829,1,"",
WA007,310726,WA003,101,3002A-3005WGUM-3005WGUM-3007DRYGUM-3007FO-3007S-3015A-3025S-3033A-3035A-9999A-9999C-9999CS-9999E,11,1022512053,300993830,1,"",
WA007,310726,WA003,101,3002A-3005WGUM-3005WGUM-3007DRYGUM-3007FO-3007S-3015A-3025S-3033A-3035A-9999A-9999C-9999CS-9999E,11,1022512053,300993841,1,"",
WA007,310726,WA003,101,3002A-3005WGUM-3005WGUM-3007DRYGUM-3007FO-3007S-3015A-3025S-3033A-3035A-9999A-9999C-9999CS-9999E,11,1022512053,300993842,1,"",
WA007,310726,WA003,101,3002A-3005WGUM-3005WGUM-3007DRYGUM-3007FO-3007S-3015A-3025S-3033A-3035A-9999A-9999C-9999CS-9999E,11,1022512053,300993867,1,"",
WA007,310726,WA003,101,3002A-3005WGUM-3005WGUM-3007DRYGUM-3007FO-3007S-3015A-3025S-3033A-3035A-9999A-9999C-9999CS-9999E,11,1022512053,300993901,1,"",
WA007,310726,WA003,101,3002A-3005WGUM-3005WGUM-3007DRYGUM-3007FO-3007S-3015A-3025S-3033A-3035A-9999A-9999C-9999CS-9999E,11,1022512053,300993902,1,"",
WA007,310726,WA003,101,3002A-3005WGUM-3005WGUM-3007DRYGUM-3007FO-3007S-3015A-3025S-3033A-3035A-9999A-9999C-9999CS-9999E,11,1022512055,300993982,1,"",
WA007,310726,WA003,101,3002A-3005WGUM-3005WGUM-3007DRYGUM-3007FO-3007S-3015A-3025S-3033A-3035A-9999A-9999C-9999CS-9999E,11,1022512055,300993983,1,"",
WA007,310726,WA003,101,3002A-3005WGUM-3005WGUM-3007DRYGUM-3007FO-3007S-3015A-3025S-3033A-3035A-9999A-9999C-9999CS-9999E,11,1022512055,300993985,1,"",
WA007,310726,WA003,101,3002A-3005WGUM-3005WGUM-3007DRYGUM-3007FO-3007S-3015A-3025S-3033A-3035A-9999A-9999C-9999CS-9999E,11,1022512055,300993986,1,"",
WA007,310726,WA003,101,3002A-3005WGUM-3005WGUM-3007DRYGUM-3007FO-3007S-3015A-3025S-3033A-3035A-9999A-9999C-9999CS-9999E,11,1022512055,300993987,1,"",
WA007,310726,WA003,101,3002A-3005WGUM-3005WGUM-3007DRYGUM-3007FO-3007S-3015A-3025S-3033A-3035A-9999A-9999C-9999CS-9999E,11,1022512055,300994158,1,"",
WA007,310726,WA003,101,3002A-3005WGUM-3005WGUM-3007DRYGUM-3007FO-3007S-3015A-3025S-3033A-3035A-9999A-9999C-9999CS-9999E,11,1022512055,300994159,1,"",
WA007,310726,WA003,101,3002A-3005WGUM-3005WGUM-3007DRYGUM-3007FO-3007S-3015A-3025S-3033A-3035A-9999A-9999C-9999CS-9999E,11,1022512055,300994161,1,"",
WA007,310726,WA003,101,3002A-3005WGUM-3005WGUM-3007DRYGUM-3007FO-3007S-3015A-3025S-3033A-3035A-9999A-9999C-9999CS-9999E,11,1022512056,300994165,1,"",
WA007,310726,WA003,101,3002A-3005WGUM-3005WGUM-3007DRYGUM-3007FO-3007S-3015A-3025S-3033A-3035A-9999A-9999C-9999CS-9999E,11,1022512056,300994166,1,"",
WA007,310726,WA003,101,3002A-3005WGUM-3005WGUM-3007DRYGUM-3007FO-3007S-3015A-3025S-3033A-3035A-9999A-9999C-9999CS-9999E,11,1022512056,300994167,1,"",
WA007,310726,WA003,101,3002A-3005WGUM-3005WGUM-3007DRYGUM-3007FO-3007S-3015A-3025S-3033A-3035A-9999A-9999C-9999CS-9999E,11,1022512056,300994168,1,"",
WA007,310726,WA003,101,3002A-3005WGUM-3005WGUM-3007DRYGUM-3007FO-3007S-3015A-3025S-3033A-3035A-9999A-9999C-9999CS-9999E,11,1022512056,300994193,1,"",
WA007,310726,WA003,101,3002A-3005WGUM-3005WGUM-3007DRYGUM-3007FO-3007S-3015A-3025S-3033A-3035A-9999A-9999C-9999CS-9999E,11,1022512056,300994194,1,"",
WA007,310726,WA003,101,3002A-3005WGUM-3005WGUM-3007DRYGUM-3007FO-3007S-3015A-3025S-3033A-3035A-9999A-9999C-9999CS-9999E,11,1022512056,300994195,1,"",
WA007,310726,WA003,101,3002A-3005WGUM-3005WGUM-3007DRYGUM-3007FO-3007S-3015A-3025S-3033A-3035A-9999A-9999C-9999CS-9999E,11,1022512056,300994196,1,"",
WA007,310726,WA003,101,3002A-3005WGUM-3005WGUM-3007DRYGUM-3007FO-3007S-3015A-3025S-3033A-3035A-9999A-9999C-9999CS-9999E,11,1022512057,300994220,1,"",
WA007,310726,WA003,101,3002A-3005WGUM-3005WGUM-3007DRYGUM-3007FO-3007S-3015A-3025S-3033A-3035A-9999A-9999C-9999CS-9999E,11,1022512057,300994221,1,"",
WA007,310726,WA003,101,3002A-3005WGUM-3005WGUM-3007DRYGUM-3007FO-3007S-3015A-3025S-3033A-3035A-9999A-9999C-9999CS-9999E,11,1022512057,300994222,1,"",
WA007,310726,WA003,101,3002A-3005WGUM-3005WGUM-3007DRYGUM-3007FO-3007S-3015A-3025S-3033A-3035A-9999A-9999C-9999CS-9999E,11,1022512057,300994223,1,"",
WA007,310726,WA003,101,3002A-3005WGUM-3005WGUM-3007DRYGUM-3007FO-3007S-3015A-3025S-3033A-3035A-9999A-9999C-9999CS-9999E,11,1022512057,300994224,1,"",
WA007,310726,WA003,101,3002A-3005WGUM-3005WGUM-3007DRYGUM-3007FO-3007S-3015A-3025S-3033A-3035A-9999A-9999C-9999CS-9999E,11,1022512057,300994225,1,"",
WA007,310726,WA003,101,3002A-3005WGUM-3005WGUM-3007DRYGUM-3007FO-3007S-3015A-3025S-3033A-3035A-9999A-9999C-9999CS-9999E,11,1022512057,300994234,1,"",
WA007,310726,WA003,101,3002A-3005WGUM-3005WGUM-3007DRYGUM-3007FO-3007S-3015A-3025S-3033A-3035A-9999A-9999C-9999CS-9999E,11,1022512057,300994235,1,"",
WA007,310726,WA003,101,3002A-3005WGUM-3005WGUM-3007DRYGUM-3007FO-3007S-3015A-3025S-3033A-3035A-9999A-9999C-9999CS-9999E,11,1022512058,300994296,1,"",
WA007,310726,WA003,101,3002A-3005WGUM-3005WGUM-3007DRYGUM-3007FO-3007S-3015A-3025S-3033A-3035A-9999A-9999C-9999CS-9999E,11,1022512058,300994297,1,"",
WA007,310726,WA003,101,3002A-3005WGUM-3005WGUM-3007DRYGUM-3007FO-3007S-3015A-3025S-3033A-3035A-9999A-9999C-9999CS-9999E,11,1022512058,300994298,1,"",
WA007,310726,WA003,101,3002A-3005WGUM-3005WGUM-3007DRYGUM-3007FO-3007S-3015A-3025S-3033A-3035A-9999A-9999C-9999CS-9999E,11,1022512058,300994299,1,"",
WA007,310726,WA003,101,3002A-3005WGUM-3005WGUM-3007DRYGUM-3007FO-3007S-3015A-3025S-3033A-3035A-9999A-9999C-9999CS-9999E,11,1022512058,300994300,1,"",
WA007,310726,WA003,101,3002A-3005WGUM-3005WGUM-3007DRYGUM-3007FO-3007S-3015A-3025S-3033A-3035A-9999A-9999C-9999CS-9999E,11,1022512058,300994369,1,"",
WA007,310726,WA003,101,3002A-3005WGUM-3005WGUM-3007DRYGUM-3007FO-3007S-3015A-3025S-3033A-3035A-9999A-9999C-9999CS-9999E,11,1022512058,300994370,1,"",
WA007,310726,WA003,101,3002A-3005WGUM-3005WGUM-3007DRYGUM-3007FO-3007S-3015A-3025S-3033A-3035A-9999A-9999C-9999CS-9999E,11,1022512058,300994371,1,"",
WA007,310726,WA003,101,3002A-3005WGUM-3005WGUM-3007DRYGUM-3007FO-3007S-3015A-3025S-3033A-3035A-9999A-9999C-9999CS-9999E,11,1022512059,300994400,1,"",
WA007,310726,WA003,101,3002A-3005WGUM-3005WGUM-3007DRYGUM-3007FO-3007S-3015A-3025S-3033A-3035A-9999A-9999C-9999CS-9999E,11,1022512059,300994401,1,"",
WA007,310726,WA003,101,3002A-3005WGUM-3005WGUM-3007DRYGUM-3007FO-3007S-3015A-3025S-3033A-3035A-9999A-9999C-9999CS-9999E,11,1022512059,300994402,1,"",
WA007,310726,WA003,101,3002A-3005WGUM-3005WGUM-3007DRYGUM-3007FO-3007S-3015A-3025S-3033A-3035A-9999A-9999C-9999CS-9999E,11,1022512059,300994447,1,"",
WA007,310726,WA003,101,3002A-3005WGUM-3005WGUM-3007DRYGUM-3007FO-3007S-3015A-3025S-3033A-3035A-9999A-9999C-9999CS-9999E,11,1022512059,300994448,1,"",
WA007,310726,WA003,101,3002A-3005WGUM-3005WGUM-3007DRYGUM-3007FO-3007S-3015A-3025S-3033A-3035A-9999A-9999C-9999CS-9999E,11,1022512059,300994449,1,"",
WA007,310726,WA003,101,3002A-3005WGUM-3005WGUM-3007DRYGUM-3007FO-3007S-3015A-3025S-3033A-3035A-9999A-9999C-9999CS-9999E,11,1022512059,300994450,1,"",
WA007,310726,WA003,101,3002A-3005WGUM-3005WGUM-3007DRYGUM-3007FO-3007S-3015A-3025S-3033A-3035A-9999A-9999C-9999CS-9999E,11,1022512059,300994451,1,"",
WA007,310726,WA003,101,3002A-3005WGUM-3005WGUM-3007DRYGUM-3007FO-3007S-3015A-3025S-3033A-3035A-9999A-9999C-9999CS-9999E,11,1022512060,300994486,1,"",
WA007,310726,WA003,101,3002A-3005WGUM-3005WGUM-3007DRYGUM-3007FO-3007S-3015A-3025S-3033A-3035A-9999A-9999C-9999CS-9999E,11,1022512060,300994487,1,"",
WA007,310726,WA003,101,3002A-3005WGUM-3005WGUM-3007DRYGUM-3007FO-3007S-3015A-3025S-3033A-3035A-9999A-9999C-9999CS-9999E,11,1022512060,300994488,1,"",
WA007,310726,WA003,101,3002A-3005WGUM-3005WGUM-3007DRYGUM-3007FO-3007S-3015A-3025S-3033A-3035A-9999A-9999C-9999CS-9999E,11,1022512060,300994489,1,"",
WA007,310726,WA003,101,3002A-3005WGUM-3005WGUM-3007DRYGUM-3007FO-3007S-3015A-3025S-3033A-3035A-9999A-9999C-9999CS-9999E,11,1022512060,300994491,1,"",
WA007,310726,WA003,101,3002A-3005WGUM-3005WGUM-3007DRYGUM-3007FO-3007S-3015A-3025S-3033A-3035A-9999A-9999C-9999CS-9999E,11,1022512060,300994492,1,"",
WA007,310726,WA003,101,3002A-3005WGUM-3005WGUM-3007DRYGUM-3007FO-3007S-3015A-3025S-3033A-3035A-9999A-9999C-9999CS-9999E,11,1022512060,300994494,1,"",
WA007,310726,WA003,101,3002A-3005WGUM-3005WGUM-3007DRYGUM-3007FO-3007S-3015A-3025S-3033A-3035A-9999A-9999C-9999CS-9999E,11,1022512060,300994495,1,"",
WA007,310726,WA003,101,3002A-3005WGUM-3005WGUM-3007DRYGUM-3007FO-3007S-3015A-3025S-3033A-3035A-9999A-9999C-9999CS-9999E,11,1022512061,300994611,1,"",
WA007,310726,WA003,101,3002A-3005WGUM-3005WGUM-3007DRYGUM-3007FO-3007S-3015A-3025S-3033A-3035A-9999A-9999C-9999CS-9999E,11,1022512061,300994612,1,"",
WA007,310726,WA003,101,3002A-3005WGUM-3005WGUM-3007DRYGUM-3007FO-3007S-3015A-3025S-3033A-3035A-9999A-9999C-9999CS-9999E,11,1022512061,300994617,1,"",
WA007,310726,WA003,101,3002A-3005WGUM-3005WGUM-3007DRYGUM-3007FO-3007S-3015A-3025S-3033A-3035A-9999A-9999C-9999CS-9999E,11,1022512061,300994618,1,"",
WA007,310726,WA003,101,3002A-3005WGUM-3005WGUM-3007DRYGUM-3007FO-3007S-3015A-3025S-3033A-3035A-9999A-9999C-9999CS-9999E,11,1022512061,300994619,1,"",
WA007,310726,WA003,101,3002A-3005WGUM-3005WGUM-3007DRYGUM-3007FO-3007S-3015A-3025S-3033A-3035A-9999A-9999C-9999CS-9999E,11,1022512061,300994620,1,"",
WA007,310726,WA003,101,3002A-3005WGUM-3005WGUM-3007DRYGUM-3007FO-3007S-3015A-3025S-3033A-3035A-9999A-9999C-9999CS-9999E,11,1022512061,300994725,1,"",
WA007,310726,WA003,101,3002A-3005WGUM-3005WGUM-3007DRYGUM-3007FO-3007S-3015A-3025S-3033A-3035A-9999A-9999C-9999CS-9999E,11,1022512061,300994727,1,"",
WA007,310726,WA003,101,3002A-3005WGUM-3005WGUM-3007DRYGUM-3007FO-3007S-3015A-3025S-3035A-9999A-9999C-9999CS-9999E,24,1022510756,300975600,1,"",
WA007,310726,WA003,101,3002A-3005WGUM-3005WGUM-3007DRYGUM-3007FO-3007S-3015A-3025S-3035A-9999A-9999C-9999CS-9999E,24,1022510756,300975601,1,"",
WA007,310726,WA003,101,3002A-3005WGUM-3005WGUM-3007DRYGUM-3007FO-3007S-3015A-3025S-3035A-9999A-9999C-9999CS-9999E,24,1022510756,300975602,1,"",
WA007,310726,WA003,101,3002A-3005WGUM-3005WGUM-3007DRYGUM-3007FO-3007S-3015A-3025S-3035A-9999A-9999C-9999CS-9999E,24,1022510756,300975613,1,"",
WA007,310726,WA003,101,3002A-3005WGUM-3005WGUM-3007DRYGUM-3007FO-3007S-3015A-3025S-3035A-9999A-9999C-9999CS-9999E,24,1022510756,300975614,1,"",
WA007,310726,WA003,101,3002A-3005WGUM-3005WGUM-3007DRYGUM-3007FO-3007S-3015A-3025S-3035A-9999A-9999C-9999CS-9999E,24,1022510756,300975715,1,"",
WA007,310726,WA003,101,3002A-3005WGUM-3005WGUM-3007DRYGUM-3007FO-3007S-3015A-3025S-3035A-9999A-9999C-9999CS-9999E,24,1022510756,300975717,1,"",
WA007,310726,WA003,101,3002A-3005WGUM-3005WGUM-3007DRYGUM-3007FO-3007S-3015A-3025S-3035A-9999A-9999C-9999CS-9999E,24,1022510756,300975718,1,"",
WA007,310726,WA003,101,3002A-3005WGUM-3005WGUM-3007DRYGUM-3007FO-3007S-3015A-3025S-3035A-9999A-9999C-9999CS-9999E,22,1022510954,300978871,1,"",
WA007,310726,WA003,101,3002A-3005WGUM-3005WGUM-3007DRYGUM-3007FO-3007S-3015A-3025S-3035A-9999A-9999C-9999CS-9999E,22,1022510954,300978872,1,"",
WA007,310726,WA003,101,3002A-3005WGUM-3005WGUM-3007DRYGUM-3007FO-3007S-3015A-3025S-3035A-9999A-9999C-9999CS-9999E,22,1022510954,300978873,1,"",
WA007,310726,WA003,101,3002A-3005WGUM-3005WGUM-3007DRYGUM-3007FO-3007S-3015A-3025S-3035A-9999A-9999C-9999CS-9999E,22,1022510954,300978874,1,"",
WA007,310726,WA003,101,3002A-3005WGUM-3005WGUM-3007DRYGUM-3007FO-3007S-3015A-3025S-3035A-9999A-9999C-9999CS-9999E,22,1022510954,300978875,1,"",
WA007,310726,WA003,101,3002A-3005WGUM-3005WGUM-3007DRYGUM-3007FO-3007S-3015A-3025S-3035A-9999A-9999C-9999CS-9999E,22,1022510954,300978876,1,"",
WA007,310726,WA003,101,3002A-3005WGUM-3005WGUM-3007DRYGUM-3007FO-3007S-3015A-3025S-3035A-9999A-9999C-9999CS-9999E,22,1022510954,300978877,1,"",
WA007,310726,WA003,101,3002A-3005WGUM-3005WGUM-3007DRYGUM-3007FO-3007S-3015A-3025S-3035A-9999A-9999C-9999CS-9999E,22,1022510954,300978878,1,"",
WA007,310726,WA003,101,3002A-3005WGUM-3005WGUM-3007DRYGUM-3007FO-3007S-3015A-3025S-3035A-9999A-9999C-9999CS-9999E,19,1022511258,300983367,1,"",
WA007,310726,WA003,101,3002A-3005WGUM-3005WGUM-3007DRYGUM-3007FO-3007S-3015A-3025S-3035A-9999A-9999C-9999CS-9999E,19,1022511258,300983368,1,"",
WA007,310726,WA003,101,3002A-3005WGUM-3005WGUM-3007DRYGUM-3007FO-3007S-3015A-3025S-3035A-9999A-9999C-9999CS-9999E,19,1022511258,300983369,1,"",
WA007,310726,WA003,101,3002A-3005WGUM-3005WGUM-3007DRYGUM-3007FO-3007S-3015A-3025S-3035A-9999A-9999C-9999CS-9999E,19,1022511258,300983370,1,"",
WA007,310726,WA003,101,3002A-3005WGUM-3005WGUM-3007DRYGUM-3007FO-3007S-3015A-3025S-3035A-9999A-9999C-9999CS-9999E,19,1022511258,300983409,1,"",
WA007,310726,WA003,101,3002A-3005WGUM-3005WGUM-3007DRYGUM-3007FO-3007S-3015A-3025S-3035A-9999A-9999C-9999CS-9999E,19,1022511258,300983410,1,"",
WA007,310726,WA003,101,3002A-3005WGUM-3005WGUM-3007DRYGUM-3007FO-3007S-3015A-3025S-3035A-9999A-9999C-9999CS-9999E,19,1022511258,300983411,1,"",
WA007,310726,WA003,101,3002A-3005WGUM-3005WGUM-3007DRYGUM-3007FO-3007S-3015A-3025S-3035A-9999A-9999C-9999CS-9999E,19,1022511258,300983412,1,"",
WA007,310726,WA003,101,3002A-3005WGUM-3005WGUM-3007DRYGUM-3007FO-3007S-3015A-3025S-3035A-9999A-9999C-9999CS-9999E,19,1022511259,300983413,1,"",
WA007,310726,WA003,101,3002A-3005WGUM-3005WGUM-3007DRYGUM-3007FO-3007S-3015A-3025S-3035A-9999A-9999C-9999CS-9999E,19,1022511259,300983414,1,"",
WA007,310726,WA003,101,3002A-3005WGUM-3005WGUM-3007DRYGUM-3007FO-3007S-3015A-3025S-3035A-9999A-9999C-9999CS-9999E,19,1022511259,300983416,1,"",
WA007,310726,WA003,101,3002A-3005WGUM-3005WGUM-3007DRYGUM-3007FO-3007S-3015A-3025S-3035A-9999A-9999C-9999CS-9999E,19,1022511259,300983417,1,"",
WA007,310726,WA003,101,3002A-3005WGUM-3005WGUM-3007DRYGUM-3007FO-3007S-3015A-3025S-3035A-9999A-9999C-9999CS-9999E,19,1022511259,300983437,1,"",
WA007,310726,WA003,101,3002A-3005WGUM-3005WGUM-3007DRYGUM-3007FO-3007S-3015A-3025S-3035A-9999A-9999C-9999CS-9999E,19,1022511259,300983438,1,"",
WA007,310726,WA003,101,3002A-3005WGUM-3005WGUM-3007DRYGUM-3007FO-3007S-3015A-3025S-3035A-9999A-9999C-9999CS-9999E,19,1022511259,300983439,1,"",
WA007,310726,WA003,101,3002A-3005WGUM-3005WGUM-3007DRYGUM-3007FO-3007S-3015A-3025S-3035A-9999A-9999C-9999CS-9999E,19,1022511259,300983440,1,"",
WA007,310726,WA003,101,3002A-3005WGUM-3005WGUM-3007DRYGUM-3007FO-3007S-3015A-3025S-3035A-9999A-9999C-9999CS-9999E,17,1022511455,300985545,1,"",
WA007,310726,WA003,101,3002A-3005WGUM-3005WGUM-3007DRYGUM-3007FO-3007S-3015A-3025S-3035A-9999A-9999C-9999CS-9999E,17,1022511455,300985546,1,"",
WA007,310726,WA003,101,3002A-3005WGUM-3005WGUM-3007DRYGUM-3007FO-3007S-3015A-3025S-3035A-9999A-9999C-9999CS-9999E,17,1022511455,300985547,1,"",
WA007,310726,WA003,101,3002A-3005WGUM-3005WGUM-3007DRYGUM-3007FO-3007S-3015A-3025S-3035A-9999A-9999C-9999CS-9999E,17,1022511455,300985548,1,"",
WA007,310726,WA003,101,3002A-3005WGUM-3005WGUM-3007DRYGUM-3007FO-3007S-3015A-3025S-3035A-9999A-9999C-9999CS-9999E,17,1022511455,300985586,1,"",
WA007,310726,WA003,101,3002A-3005WGUM-3005WGUM-3007DRYGUM-3007FO-3007S-3015A-3025S-3035A-9999A-9999C-9999CS-9999E,17,1022511455,300985587,1,"",
WA007,310726,WA003,101,3002A-3005WGUM-3005WGUM-3007DRYGUM-3007FO-3007S-3015A-3025S-3035A-9999A-9999C-9999CS-9999E,17,1022511455,300985588,1,"",
WA007,310726,WA003,101,3002A-3005WGUM-3005WGUM-3007DRYGUM-3007FO-3007S-3015A-3025S-3035A-9999A-9999C-9999CS-9999E,17,1022511455,300985589,1,"",
WA007,310726,WA003,101,3002A-3005WGUM-3005WGUM-3007DRYGUM-3007FO-3007S-3015A-3025S-3035A-9999A-9999C-9999CS-9999E,17,1022511456,300985632,1,"",
WA007,310726,WA003,101,3002A-3005WGUM-3005WGUM-3007DRYGUM-3007FO-3007S-3015A-3025S-3035A-9999A-9999C-9999CS-9999E,17,1022511456,300985633,1,"",
WA007,310726,WA003,101,3002A-3005WGUM-3005WGUM-3007DRYGUM-3007FO-3007S-3015A-3025S-3035A-9999A-9999C-9999CS-9999E,17,1022511456,300985634,1,"",
WA007,310726,WA003,101,3002A-3005WGUM-3005WGUM-3007DRYGUM-3007FO-3007S-3015A-3025S-3035A-9999A-9999C-9999CS-9999E,17,1022511456,300985635,1,"",
WA007,310726,WA003,101,3002A-3005WGUM-3005WGUM-3007DRYGUM-3007FO-3007S-3015A-3025S-3035A-9999A-9999C-9999CS-9999E,17,1022511456,300985636,1,"",
WA007,310726,WA003,101,3002A-3005WGUM-3005WGUM-3007DRYGUM-3007FO-3007S-3015A-3025S-3035A-9999A-9999C-9999CS-9999E,17,1022511456,300985637,1,"",
WA007,310726,WA003,101,3002A-3005WGUM-3005WGUM-3007DRYGUM-3007FO-3007S-3015A-3025S-3035A-9999A-9999C-9999CS-9999E,17,1022511456,300985715,1,"",
WA007,310726,WA003,101,3002A-3005WGUM-3005WGUM-3007DRYGUM-3007FO-3007S-3015A-3025S-3035A-9999A-9999C-9999CS-9999E,17,1022511456,300985716,1,"",
WA007,310726,WA003,101,3002A-3005WGUM-3005WGUM-3007DRYGUM-3007FO-3007S-3015A-3025S-3035A-9999A-9999C-9999CS-9999E,16,1022511560,300987332,1,"",
WA007,310726,WA003,101,3002A-3005WGUM-3005WGUM-3007DRYGUM-3007FO-3007S-3015A-3025S-3035A-9999A-9999C-9999CS-9999E,16,1022511560,300987333,1,"",
WA007,310726,WA003,101,3002A-3005WGUM-3005WGUM-3007DRYGUM-3007FO-3007S-3015A-3025S-3035A-9999A-9999C-9999CS-9999E,16,1022511560,300987334,1,"",
WA007,310726,WA003,101,3002A-3005WGUM-3005WGUM-3007DRYGUM-3007FO-3007S-3015A-3025S-3035A-9999A-9999C-9999CS-9999E,16,1022511560,300987335,1,"",
WA007,310726,WA003,101,3002A-3005WGUM-3005WGUM-3007DRYGUM-3007FO-3007S-3015A-3025S-3035A-9999A-9999C-9999CS-9999E,16,1022511560,300987336,1,"",
WA007,310726,WA003,101,3002A-3005WGUM-3005WGUM-3007DRYGUM-3007FO-3007S-3015A-3025S-3035A-9999A-9999C-9999CS-9999E,16,1022511560,300987561,1,"",
WA007,310726,WA003,101,3002A-3005WGUM-3005WGUM-3007DRYGUM-3007FO-3007S-3015A-3025S-3035A-9999A-9999C-9999CS-9999E,16,1022511560,300987562,1,"",
WA007,310726,WA003,101,3002A-3005WGUM-3005WGUM-3007DRYGUM-3007FO-3007S-3015A-3025S-3035A-9999A-9999C-9999CS-9999E,16,1022511560,300987563,1,"",
WA007,310726,WA003,101,3002A-3005WGUM-3005WGUM-3007DRYGUM-3007FO-3007S-3015A-3025S-3035A-9999A-9999C-9999CS-9999E,16,1022511561,300987584,1,"",
WA007,310726,WA003,101,3002A-3005WGUM-3005WGUM-3007DRYGUM-3007FO-3007S-3015A-3025S-3035A-9999A-9999C-9999CS-9999E,16,1022511561,300987585,1,"",
WA007,310726,WA003,101,3002A-3005WGUM-3005WGUM-3007DRYGUM-3007FO-3007S-3015A-3025S-3035A-9999A-9999C-9999CS-9999E,16,1022511561,300987586,1,"",
WA007,310726,WA003,101,3002A-3005WGUM-3005WGUM-3007DRYGUM-3007FO-3007S-3015A-3025S-3035A-9999A-9999C-9999CS-9999E,16,1022511561,300987587,1,"",
WA007,310726,WA003,101,3002A-3005WGUM-3005WGUM-3007DRYGUM-3007FO-3007S-3015A-3025S-3035A-9999A-9999C-9999CS-9999E,16,1022511561,300987588,1,"",
WA007,310726,WA003,101,3002A-3005WGUM-3005WGUM-3007DRYGUM-3007FO-3007S-3015A-3025S-3035A-9999A-9999C-9999CS-9999E,16,1022511561,300987589,1,"",
WA007,310726,WA003,101,3002A-3005WGUM-3005WGUM-3007DRYGUM-3007FO-3007S-3015A-3025S-3035A-9999A-9999C-9999CS-9999E,16,1022511561,300987590,1,"",
WA007,310726,WA003,101,3002A-3005WGUM-3005WGUM-3007DRYGUM-3007FO-3007S-3015A-3025S-3035A-9999A-9999C-9999CS-9999E,16,1022511561,300987591,1,"",
WA007,310726,WA003,101,3002A-3005WGUM-3005WGUM-3007DRYGUM-3007FO-3007S-3015A-3025S-3035A-9999A-9999C-9999CS-9999E,16,1022511562,300987758,1,"",
WA007,310726,WA003,101,3002A-3005WGUM-3005WGUM-3007DRYGUM-3007FO-3007S-3015A-3025S-3035A-9999A-9999C-9999CS-9999E,16,1022511562,300987759,1,"",
WA007,310726,WA003,101,3002A-3005WGUM-3005WGUM-3007DRYGUM-3007FO-3007S-3015A-3025S-3035A-9999A-9999C-9999CS-9999E,16,1022511562,300987760,1,"",
WA007,310726,WA003,101,3002A-3005WGUM-3005WGUM-3007DRYGUM-3007FO-3007S-3015A-3025S-3035A-9999A-9999C-9999CS-9999E,16,1022511562,300987761,1,"",
WA007,310726,WA003,101,3002A-3005WGUM-3005WGUM-3007DRYGUM-3007FO-3007S-3015A-3025S-3035A-9999A-9999C-9999CS-9999E,16,1022511562,300987762,1,"",
WA007,310726,WA003,101,3002A-3005WGUM-3005WGUM-3007DRYGUM-3007FO-3007S-3015A-3025S-3035A-9999A-9999C-9999CS-9999E,16,1022511562,300987763,1,"",
WA007,310726,WA003,101,3002A-3005WGUM-3005WGUM-3007DRYGUM-3007FO-3007S-3015A-3025S-3035A-9999A-9999C-9999CS-9999E,16,1022511562,300987764,1,"",
WA007,310726,WA003,101,3002A-3005WGUM-3005WGUM-3007DRYGUM-3007FO-3007S-3015A-3025S-3035A-9999A-9999C-9999CS-9999E,16,1022511562,300987765,1,"",
WA007,310726,WA003,101,3002A-3005WGUM-3005WGUM-3007DRYGUM-3007FO-3007S-3015A-3025S-3035A-9999A-9999C-9999CS-9999E,15,1022511659,300988791,1,"",
WA007,310726,WA003,101,3002A-3005WGUM-3005WGUM-3007DRYGUM-3007FO-3007S-3015A-3025S-3035A-9999A-9999C-9999CS-9999E,15,1022511659,300988792,1,"",
WA007,310726,WA003,101,3002A-3005WGUM-3005WGUM-3007DRYGUM-3007FO-3007S-3015A-3025S-3035A-9999A-9999C-9999CS-9999E,15,1022511659,300988793,1,"",
WA007,310726,WA003,101,3002A-3005WGUM-3005WGUM-3007DRYGUM-3007FO-3007S-3015A-3025S-3035A-9999A-9999C-9999CS-9999E,15,1022511659,300988794,1,"",
WA007,310726,WA003,101,3002A-3005WGUM-3005WGUM-3007DRYGUM-3007FO-3007S-3015A-3025S-3035A-9999A-9999C-9999CS-9999E,15,1022511659,300988795,1,"",
WA007,310726,WA003,101,3002A-3005WGUM-3005WGUM-3007DRYGUM-3007FO-3007S-3015A-3025S-3035A-9999A-9999C-9999CS-9999E,15,1022511659,300988796,1,"",
WA007,310726,WA003,101,3002A-3005WGUM-3005WGUM-3007DRYGUM-3007FO-3007S-3015A-3025S-3035A-9999A-9999C-9999CS-9999E,15,1022511659,300988797,1,"",
WA007,310726,WA003,101,3002A-3005WGUM-3005WGUM-3007DRYGUM-3007FO-3007S-3015A-3025S-3035A-9999A-9999C-9999CS-9999E,15,1022511659,300988798,1,"",
WA007,310726,WA003,101,3002A-3005WGUM-3005WGUM-3007DRYGUM-3007FO-3007S-3015A-3025S-3035A-9999A-9999C-9999CS-9999E,15,1022511661,300989074,1,"",
WA007,310726,WA003,101,3002A-3005WGUM-3005WGUM-3007DRYGUM-3007FO-3007S-3015A-3025S-3035A-9999A-9999C-9999CS-9999E,15,1022511661,300989075,1,"",
WA007,310726,WA003,101,3002A-3005WGUM-3005WGUM-3007DRYGUM-3007FO-3007S-3015A-3025S-3035A-9999A-9999C-9999CS-9999E,15,1022511661,300989076,1,"",
WA007,310726,WA003,101,3002A-3005WGUM-3005WGUM-3007DRYGUM-3007FO-3007S-3015A-3025S-3035A-9999A-9999C-9999CS-9999E,15,1022511661,300989077,1,"",
WA007,310726,WA003,101,3002A-3005WGUM-3005WGUM-3007DRYGUM-3007FO-3007S-3015A-3025S-3035A-9999A-9999C-9999CS-9999E,15,1022511661,300989147,1,"",
WA007,310726,WA003,101,3002A-3005WGUM-3005WGUM-3007DRYGUM-3007FO-3007S-3015A-3025S-3035A-9999A-9999C-9999CS-9999E,15,1022511661,300989148,1,"",
WA007,310726,WA003,101,3002A-3005WGUM-3005WGUM-3007DRYGUM-3007FO-3007S-3015A-3025S-3035A-9999A-9999C-9999CS-9999E,15,1022511661,300989266,1,"",
WA007,310726,WA003,101,3002A-3005WGUM-3005WGUM-3007DRYGUM-3007FO-3007S-3015A-3025S-3035A-9999A-9999C-9999CS-9999E,15,1022511661,300989267,1,"",
WA007,310726,WA003,101,3002A-3005WGUM-3005WGUM-3007DRYGUM-3007FO-3007S-3015A-3025S-3035A-9999A-9999C-9999CS-9999E,15,1022511662,300989268,1,"",
WA007,310726,WA003,101,3002A-3005WGUM-3005WGUM-3007DRYGUM-3007FO-3007S-3015A-3025S-3035A-9999A-9999C-9999CS-9999E,15,1022511662,300989269,1,"",
WA007,310726,WA003,101,3002A-3005WGUM-3005WGUM-3007DRYGUM-3007FO-3007S-3015A-3025S-3035A-9999A-9999C-9999CS-9999E,15,1022511662,300989270,1,"",
WA007,310726,WA003,101,3002A-3005WGUM-3005WGUM-3007DRYGUM-3007FO-3007S-3015A-3025S-3035A-9999A-9999C-9999CS-9999E,15,1022511662,300989277,1,"",
WA007,310726,WA003,101,3002A-3005WGUM-3005WGUM-3007DRYGUM-3007FO-3007S-3015A-3025S-3035A-9999A-9999C-9999CS-9999E,15,1022511662,300989278,1,"",
WA007,310726,WA003,101,3002A-3005WGUM-3005WGUM-3007DRYGUM-3007FO-3007S-3015A-3025S-3035A-9999A-9999C-9999CS-9999E,15,1022511662,300989279,1,"",
WA007,310726,WA003,101,3002A-3005WGUM-3005WGUM-3007DRYGUM-3007FO-3007S-3015A-3025S-3035A-9999A-9999C-9999CS-9999E,15,1022511662,300989280,1,"",
WA007,310726,WA003,101,3002A-3005WGUM-3005WGUM-3007DRYGUM-3007FO-3007S-3015A-3025S-3035A-9999A-9999C-9999CS-9999E,15,1022511662,300989281,1,"",
WA007,310726,WA003,101,3002A-3005WGUM-3005WGUM-3007DRYGUM-3007FO-3007S-3015A-3025S-3035A-9999A-9999C-9999CS-9999E,15,1022511663,300989297,1,"",
WA007,310726,WA003,101,3002A-3005WGUM-3005WGUM-3007DRYGUM-3007FO-3007S-3015A-3025S-3035A-9999A-9999C-9999CS-9999E,15,1022511663,300989298,1,"",
WA007,310726,WA003,101,3002A-3005WGUM-3005WGUM-3007DRYGUM-3007FO-3007S-3015A-3025S-3035A-9999A-9999C-9999CS-9999E,15,1022511663,300989299,1,"",
WA007,310726,WA003,101,3002A-3005WGUM-3005WGUM-3007DRYGUM-3007FO-3007S-3015A-3025S-3035A-9999A-9999C-9999CS-9999E,15,1022511663,300989305,1,"",
WA007,310726,WA003,101,3002A-3005WGUM-3005WGUM-3007DRYGUM-3007FO-3007S-3015A-3025S-3035A-9999A-9999C-9999CS-9999E,15,1022511663,300989332,1,"",
WA007,310726,WA003,101,3002A-3005WGUM-3005WGUM-3007DRYGUM-3007FO-3007S-3015A-3025S-3035A-9999A-9999C-9999CS-9999E,15,1022511663,300989352,1,"",
WA007,310726,WA003,101,3002A-3005WGUM-3005WGUM-3007DRYGUM-3007FO-3007S-3015A-3025S-3035A-9999A-9999C-9999CS-9999E,15,1022511663,300989353,1,"",
WA007,310726,WA003,101,3002A-3005WGUM-3005WGUM-3007DRYGUM-3007FO-3007S-3015A-3025S-3035A-9999A-9999C-9999CS-9999E,15,1022511663,300989354,1,"",
WA007,310726,WA003,101,3002A-3005WGUM-3005WGUM-3007DRYGUM-3007FO-3007S-3015A-3025S-3035A-9999A-9999C-9999CS-9999E,13,1022511853,300990904,1,"",
WA007,310726,WA003,101,3002A-3005WGUM-3005WGUM-3007DRYGUM-3007FO-3007S-3015A-3025S-3035A-9999A-9999C-9999CS-9999E,13,1022511853,300990905,1,"",
WA007,310726,WA003,101,3002A-3005WGUM-3005WGUM-3007DRYGUM-3007FO-3007S-3015A-3025S-3035A-9999A-9999C-9999CS-9999E,13,1022511853,300990906,1,"",
WA007,310726,WA003,101,3002A-3005WGUM-3005WGUM-3007DRYGUM-3007FO-3007S-3015A-3025S-3035A-9999A-9999C-9999CS-9999E,13,1022511853,300990941,1,"",
WA007,310726,WA003,101,3002A-3005WGUM-3005WGUM-3007DRYGUM-3007FO-3007S-3015A-3025S-3035A-9999A-9999C-9999CS-9999E,13,1022511853,300990943,1,"",
WA007,310726,WA003,101,3002A-3005WGUM-3005WGUM-3007DRYGUM-3007FO-3007S-3015A-3025S-3035A-9999A-9999C-9999CS-9999E,13,1022511853,300990944,1,"",
WA007,310726,WA003,101,3002A-3005WGUM-3005WGUM-3007DRYGUM-3007FO-3007S-3015A-3025S-3035A-9999A-9999C-9999CS-9999E,13,1022511853,300990947,1,"",
WA007,310726,WA003,101,3002A-3005WGUM-3005WGUM-3007DRYGUM-3007FO-3007S-3015A-3025S-3035A-9999A-9999C-9999CS-9999E,13,1022511853,300990948,1,"",
WA007,310726,WA003,101,3002A-3005WGUM-3005WGUM-3007DRYGUM-3007FO-3007S-3015A-3025S-3035A-9999A-9999C-9999CS-9999E,13,1022511854,300990952,1,"",
WA007,310726,WA003,101,3002A-3005WGUM-3005WGUM-3007DRYGUM-3007FO-3007S-3015A-3025S-3035A-9999A-9999C-9999CS-9999E,13,1022511854,300991017,1,"",
WA007,310726,WA003,101,3002A-3005WGUM-3005WGUM-3007DRYGUM-3007FO-3007S-3015A-3025S-3035A-9999A-9999C-9999CS-9999E,13,1022511854,300991018,1,"",
WA007,310726,WA003,101,3002A-3005WGUM-3005WGUM-3007DRYGUM-3007FO-3007S-3015A-3025S-3035A-9999A-9999C-9999CS-9999E,13,1022511854,300991019,1,"",
WA007,310726,WA003,101,3002A-3005WGUM-3005WGUM-3007DRYGUM-3007FO-3007S-3015A-3025S-3035A-9999A-9999C-9999CS-9999E,13,1022511854,300991036,1,"",
WA007,310726,WA003,101,3002A-3005WGUM-3005WGUM-3007DRYGUM-3007FO-3007S-3015A-3025S-3035A-9999A-9999C-9999CS-9999E,13,1022511854,300991040,1,"",
WA007,310726,WA003,101,3002A-3005WGUM-3005WGUM-3007DRYGUM-3007FO-3007S-3015A-3025S-3035A-9999A-9999C-9999CS-9999E,13,1022511854,300991054,1,"",
WA007,310726,WA003,101,3002A-3005WGUM-3005WGUM-3007DRYGUM-3007FO-3007S-3015A-3025S-3035A-9999A-9999C-9999CS-9999E,13,1022511854,300991055,1,"",
WA007,310726,WA003,101,3002A-3005WGUM-3005WGUM-3007DRYGUM-3007FO-3007S-3015A-3025S-3035A-9999A-9999C-9999CS-9999E,13,1022511855,300991078,1,"",
WA007,310726,WA003,101,3002A-3005WGUM-3005WGUM-3007DRYGUM-3007FO-3007S-3015A-3025S-3035A-9999A-9999C-9999CS-9999E,13,1022511855,300991079,1,"",
WA007,310726,WA003,101,3002A-3005WGUM-3005WGUM-3007DRYGUM-3007FO-3007S-3015A-3025S-3035A-9999A-9999C-9999CS-9999E,13,1022511855,300991080,1,"",
WA007,310726,WA003,101,3002A-3005WGUM-3005WGUM-3007DRYGUM-3007FO-3007S-3015A-3025S-3035A-9999A-9999C-9999CS-9999E,13,1022511855,300991115,1,"",
WA007,310726,WA003,101,3002A-3005WGUM-3005WGUM-3007DRYGUM-3007FO-3007S-3015A-3025S-3035A-9999A-9999C-9999CS-9999E,13,1022511855,300991116,1,"",
WA007,310726,WA003,101,3002A-3005WGUM-3005WGUM-3007DRYGUM-3007FO-3007S-3015A-3025S-3035A-9999A-9999C-9999CS-9999E,13,1022511855,300991117,1,"",
WA007,310726,WA003,101,3002A-3005WGUM-3005WGUM-3007DRYGUM-3007FO-3007S-3015A-3025S-3035A-9999A-9999C-9999CS-9999E,13,1022511855,300991118,1,"",
WA007,310726,WA003,101,3002A-3005WGUM-3005WGUM-3007DRYGUM-3007FO-3007S-3015A-3025S-3035A-9999A-9999C-9999CS-9999E,13,1022511855,300993056,1,"",
WA007,310726,WA003,101,3002A-3005WGUM-3005WGUM-3007DRYGUM-3007FO-3007S-3015A-3025S-3035A-9999A-9999C-9999CS-9999E,13,1022511856,300991158,1,"",
WA007,310726,WA003,101,3002A-3005WGUM-3005WGUM-3007DRYGUM-3007FO-3007S-3015A-3025S-3035A-9999A-9999C-9999CS-9999E,13,1022511856,300991159,1,"",
WA007,310726,WA003,101,3002A-3005WGUM-3005WGUM-3007DRYGUM-3007FO-3007S-3015A-3025S-3035A-9999A-9999C-9999CS-9999E,13,1022511856,300991160,1,"",
WA007,310726,WA003,101,3002A-3005WGUM-3005WGUM-3007DRYGUM-3007FO-3007S-3015A-3025S-3035A-9999A-9999C-9999CS-9999E,13,1022511856,300991161,1,"",
WA007,310726,WA003,101,3002A-3005WGUM-3005WGUM-3007DRYGUM-3007FO-3007S-3015A-3025S-3035A-9999A-9999C-9999CS-9999E,13,1022511856,300991162,1,"",
WA007,310726,WA003,101,3002A-3005WGUM-3005WGUM-3007DRYGUM-3007FO-3007S-3015A-3025S-3035A-9999A-9999C-9999CS-9999E,13,1022511856,300991163,1,"",
WA007,310726,WA003,101,3002A-3005WGUM-3005WGUM-3007DRYGUM-3007FO-3007S-3015A-3025S-3035A-9999A-9999C-9999CS-9999E,13,1022511856,300991297,1,"",
WA007,310726,WA003,101,3002A-3005WGUM-3005WGUM-3007DRYGUM-3007FO-3007S-3015A-3025S-3035A-9999A-9999C-9999CS-9999E,13,1022511856,300991298,1,"",
WA007,310726,WA003,101,3002A-3005WGUM-3005WGUM-3007DRYGUM-3007FO-3007S-3015A-3025S-3035A-9999A-9999C-9999CS-9999E,13,1022511857,300991320,1,"",
WA007,310726,WA003,101,3002A-3005WGUM-3005WGUM-3007DRYGUM-3007FO-3007S-3015A-3025S-3035A-9999A-9999C-9999CS-9999E,13,1022511857,300991321,1,"",
WA007,310726,WA003,101,3002A-3005WGUM-3005WGUM-3007DRYGUM-3007FO-3007S-3015A-3025S-3035A-9999A-9999C-9999CS-9999E,13,1022511857,300991322,1,"",
WA007,310726,WA003,101,3002A-3005WGUM-3005WGUM-3007DRYGUM-3007FO-3007S-3015A-3025S-3035A-9999A-9999C-9999CS-9999E,13,1022511857,300991323,1,"",
WA007,310726,WA003,101,3002A-3005WGUM-3005WGUM-3007DRYGUM-3007FO-3007S-3015A-3025S-3035A-9999A-9999C-9999CS-9999E,13,1022511857,300991344,1,"",
WA007,310726,WA003,101,3002A-3005WGUM-3005WGUM-3007DRYGUM-3007FO-3007S-3015A-3025S-3035A-9999A-9999C-9999CS-9999E,13,1022511857,300991345,1,"",
WA007,310726,WA003,101,3002A-3005WGUM-3005WGUM-3007DRYGUM-3007FO-3007S-3015A-3025S-3035A-9999A-9999C-9999CS-9999E,13,1022511857,300991346,1,"",
WA007,310726,WA003,101,3002A-3005WGUM-3005WGUM-3007DRYGUM-3007FO-3007S-3015A-3025S-3035A-9999A-9999C-9999CS-9999E,13,1022511857,300991347,1,"",
WA007,310726,WA003,101,3002A-3005WGUM-3005WGUM-3007DRYGUM-3007FO-3007S-3015A-3025S-3035A-9999A-9999C-9999CS-9999E,13,1022511858,300991381,1,"",
WA007,310726,WA003,101,3002A-3005WGUM-3005WGUM-3007DRYGUM-3007FO-3007S-3015A-3025S-3035A-9999A-9999C-9999CS-9999E,13,1022511858,300991382,1,"",
WA007,310726,WA003,101,3002A-3005WGUM-3005WGUM-3007DRYGUM-3007FO-3007S-3015A-3025S-3035A-9999A-9999C-9999CS-9999E,13,1022511858,300991383,1,"",
WA007,310726,WA003,101,3002A-3005WGUM-3005WGUM-3007DRYGUM-3007FO-3007S-3015A-3025S-3035A-9999A-9999C-9999CS-9999E,13,1022511858,300991384,1,"",
WA007,310726,WA003,101,3002A-3005WGUM-3005WGUM-3007DRYGUM-3007FO-3007S-3015A-3025S-3035A-9999A-9999C-9999CS-9999E,13,1022511858,300991412,1,"",
WA007,310726,WA003,101,3002A-3005WGUM-3005WGUM-3007DRYGUM-3007FO-3007S-3015A-3025S-3035A-9999A-9999C-9999CS-9999E,13,1022511858,300991413,1,"",
WA007,310726,WA003,101,3002A-3005WGUM-3005WGUM-3007DRYGUM-3007FO-3007S-3015A-3025S-3035A-9999A-9999C-9999CS-9999E,13,1022511858,300991414,1,"",
WA007,310726,WA003,101,3002A-3005WGUM-3005WGUM-3007DRYGUM-3007FO-3007S-3015A-3025S-3035A-9999A-9999C-9999CS-9999E,13,1022511858,300991415,1,"",
WA007,310726,WA003,101,3002A-3005WGUM-3005WGUM-3007DRYGUM-3007FO-3007S-3015A-3025S-3035A-9999A-9999C-9999CS-9999E,13,1022511859,300991519,1,"",
WA007,310726,WA003,101,3002A-3005WGUM-3005WGUM-3007DRYGUM-3007FO-3007S-3015A-3025S-3035A-9999A-9999C-9999CS-9999E,13,1022511859,300991520,1,"",
WA007,310726,WA003,101,3002A-3005WGUM-3005WGUM-3007DRYGUM-3007FO-3007S-3015A-3025S-3035A-9999A-9999C-9999CS-9999E,13,1022511859,300991522,1,"",
WA007,310726,WA003,101,3002A-3005WGUM-3005WGUM-3007DRYGUM-3007FO-3007S-3015A-3025S-3035A-9999A-9999C-9999CS-9999E,13,1022511859,300991523,1,"",
WA007,310726,WA003,101,3002A-3005WGUM-3005WGUM-3007DRYGUM-3007FO-3007S-3015A-3025S-3035A-9999A-9999C-9999CS-9999E,13,1022511859,300991524,1,"",
WA007,310726,WA003,101,3002A-3005WGUM-3005WGUM-3007DRYGUM-3007FO-3007S-3015A-3025S-3035A-9999A-9999C-9999CS-9999E,13,1022511859,300991525,1,"",
WA007,310726,WA003,101,3002A-3005WGUM-3005WGUM-3007DRYGUM-3007FO-3007S-3015A-3025S-3035A-9999A-9999C-9999CS-9999E,13,1022511859,300991526,1,"",
WA007,310726,WA003,101,3002A-3005WGUM-3005WGUM-3007DRYGUM-3007FO-3007S-3015A-3025S-3035A-9999A-9999C-9999CS-9999E,13,1022511859,300991527,1,"",
WA007,310726,WA003,101,3002A-3005WGUM-3005WGUM-3007DRYGUM-3007FO-3007S-3015A-3025S-3035A-9999A-9999C-9999CS-9999E,13,1022511860,300991580,1,"",
WA007,310726,WA003,101,3002A-3005WGUM-3005WGUM-3007DRYGUM-3007FO-3007S-3015A-3025S-3035A-9999A-9999C-9999CS-9999E,13,1022511860,300991581,1,"",
WA007,310726,WA003,101,3002A-3005WGUM-3005WGUM-3007DRYGUM-3007FO-3007S-3015A-3025S-3035A-9999A-9999C-9999CS-9999E,13,1022511860,300991582,1,"",
WA007,310726,WA003,101,3002A-3005WGUM-3005WGUM-3007DRYGUM-3007FO-3007S-3015A-3025S-3035A-9999A-9999C-9999CS-9999E,13,1022511860,300991583,1,"",
WA007,310726,WA003,101,3002A-3005WGUM-3005WGUM-3007DRYGUM-3007FO-3007S-3015A-3025S-3035A-9999A-9999C-9999CS-9999E,13,1022511860,300991584,1,"",
WA007,310726,WA003,101,3002A-3005WGUM-3005WGUM-3007DRYGUM-3007FO-3007S-3015A-3025S-3035A-9999A-9999C-9999CS-9999E,13,1022511860,300991585,1,"",
WA007,310726,WA003,101,3002A-3005WGUM-3005WGUM-3007DRYGUM-3007FO-3007S-3015A-3025S-3035A-9999A-9999C-9999CS-9999E,13,1022511860,300991592,0,"",
WA007,310726,WA003,101,3002A-3005WGUM-3005WGUM-3007DRYGUM-3007FO-3007S-3015A-3025S-9999A-9999C-9999CS-9999E,19,1022511257,300983246,1,"",
WA007,310726,WA003,101,3002A-3005WGUM-3005WGUM-3007DRYGUM-3007FO-3007S-3015A-3025S-9999A-9999C-9999CS-9999E,19,1022511257,300983251,1,"",
WA007,310726,WA003,101,3002A-3005WGUM-3005WGUM-3007DRYGUM-3007FO-3007S-3015A-3025S-9999A-9999C-9999CS-9999E,19,1022511257,300983252,1,"",
WA007,310726,WA003,101,3002A-3005WGUM-3005WGUM-3007DRYGUM-3007FO-3007S-3015A-3025S-9999A-9999C-9999CS-9999E,19,1022511257,300983253,1,"",
WA007,310726,WA003,101,3002A-3005WGUM-3005WGUM-3007DRYGUM-3007FO-3007S-3015A-3025S-9999A-9999C-9999CS-9999E,19,1022511257,300983295,1,"",
WA007,310726,WA003,101,3002A-3005WGUM-3005WGUM-3007DRYGUM-3007FO-3007S-3015A-3025S-9999A-9999C-9999CS-9999E,19,1022511257,300983296,1,"",
WA007,310726,WA003,101,3002A-3005WGUM-3005WGUM-3007DRYGUM-3007FO-3007S-3015A-3025S-9999A-9999C-9999CS-9999E,19,1022511257,300983297,1,"",
WA007,310726,WA003,101,3002A-3005WGUM-3005WGUM-3007DRYGUM-3007FO-3007S-3015A-3025S-9999A-9999C-9999CS-9999E,19,1022511257,300983298,1,"",
WA007,310726,WA003,101,3002A-3005WGUM-3005WGUM-3007DRYGUM-3007FO-3007S-3015A-3025S-9999A-9999C-9999CS-9999E,15,1022511658,300988707,1,"",
WA007,310726,WA003,101,3002A-3005WGUM-3005WGUM-3007DRYGUM-3007FO-3007S-3015A-3025S-9999A-9999C-9999CS-9999E,15,1022511658,300988708,1,"",
WA007,310726,WA003,101,3002A-3005WGUM-3005WGUM-3007DRYGUM-3007FO-3007S-3015A-3025S-9999A-9999C-9999CS-9999E,15,1022511658,300988709,1,"",
WA007,310726,WA003,101,3002A-3005WGUM-3005WGUM-3007DRYGUM-3007FO-3007S-3015A-3025S-9999A-9999C-9999CS-9999E,15,1022511658,300988716,1,"",
WA007,310726,WA003,101,3002A-3005WGUM-3005WGUM-3007DRYGUM-3007FO-3007S-3015A-3025S-9999A-9999C-9999CS-9999E,15,1022511658,300988717,1,"",
WA007,310726,WA003,101,3002A-3005WGUM-3005WGUM-3007DRYGUM-3007FO-3007S-3015A-3025S-9999A-9999C-9999CS-9999E,15,1022511658,300988718,1,"",
WA007,310726,WA003,101,3002A-3005WGUM-3005WGUM-3007DRYGUM-3007FO-3007S-3015A-3025S-9999A-9999C-9999CS-9999E,15,1022511658,300988719,1,"",
WA007,310726,WA003,101,3002A-3005WGUM-3005WGUM-3007DRYGUM-3007FO-3007S-3015A-3025S-9999A-9999C-9999CS-9999E,15,1022511658,300988720,1,"",
WA007,310726,WA003,101,3002A-3005WGUM-3005WGUM-3007DRYGUM-3007FO-3007S-3015A-3025S-9999A-9999C-9999CS-9999E,15,1022511660,300988920,1,"",
WA007,310726,WA003,101,3002A-3005WGUM-3005WGUM-3007DRYGUM-3007FO-3007S-3015A-3025S-9999A-9999C-9999CS-9999E,15,1022511660,300988921,1,"",
WA007,310726,WA003,101,3002A-3005WGUM-3005WGUM-3007DRYGUM-3007FO-3007S-3015A-3025S-9999A-9999C-9999CS-9999E,15,1022511660,300988923,1,"",
WA007,310726,WA003,101,3002A-3005WGUM-3005WGUM-3007DRYGUM-3007FO-3007S-3015A-3025S-9999A-9999C-9999CS-9999E,15,1022511660,300988924,1,"",
WA007,310726,WA003,101,3002A-3005WGUM-3005WGUM-3007DRYGUM-3007FO-3007S-3015A-3025S-9999A-9999C-9999CS-9999E,15,1022511660,300988925,1,"",
WA007,310726,WA003,101,3002A-3005WGUM-3005WGUM-3007DRYGUM-3007FO-3007S-3015A-3025S-9999A-9999C-9999CS-9999E,15,1022511660,300988926,1,"",
WA007,310726,WA003,101,3002A-3005WGUM-3005WGUM-3007DRYGUM-3007FO-3007S-3015A-3025S-9999A-9999C-9999CS-9999E,15,1022511660,300988972,1,"",
WA007,310726,WA003,101,3002A-3005WGUM-3005WGUM-3007DRYGUM-3007FO-3007S-3015A-3025S-9999A-9999C-9999CS-9999E,15,1022511660,300988973,1,"",
WA007,310726,WA003,101,3002A-3005WGUM-3005WGUM-3007DRYGUM-3007FO-3007S-3015A-3033A-3035A-9999A-9999C-9999CS-9999E,15,1022511652,300988143,1,"",
WA007,310726,WA003,101,3002A-3005WGUM-3005WGUM-3007DRYGUM-3007FO-3007S-3015A-3033A-3035A-9999A-9999C-9999CS-9999E,15,1022511652,300988144,1,"",
WA007,310726,WA003,101,3002A-3005WGUM-3005WGUM-3007DRYGUM-3007FO-3007S-3015A-3033A-3035A-9999A-9999C-9999CS-9999E,15,1022511652,300988145,1,"",
WA007,310726,WA003,101,3002A-3005WGUM-3005WGUM-3007DRYGUM-3007FO-3007S-3015A-3033A-3035A-9999A-9999C-9999CS-9999E,15,1022511652,300988216,1,"",
WA007,310726,WA003,101,3002A-3005WGUM-3005WGUM-3007DRYGUM-3007FO-3007S-3015A-3033A-3035A-9999A-9999C-9999CS-9999E,15,1022511652,300988217,1,"",
WA007,310726,WA003,101,3002A-3005WGUM-3005WGUM-3007DRYGUM-3007FO-3007S-3015A-3033A-3035A-9999A-9999C-9999CS-9999E,15,1022511652,300988218,1,"",
WA007,310726,WA003,101,3002A-3005WGUM-3005WGUM-3007DRYGUM-3007FO-3007S-3015A-3033A-3035A-9999A-9999C-9999CS-9999E,15,1022511652,300988219,1,"",
WA007,310726,WA003,101,3002A-3005WGUM-3005WGUM-3007DRYGUM-3007FO-3007S-3015A-3033A-3035A-9999A-9999C-9999CS-9999E,15,1022511652,300988220,1,"",
WA007,310726,WA003,101,3002A-3005WGUM-3005WGUM-3007DRYGUM-3007FO-3007S-3015A-3033A-3035A-9999A-9999C-9999CS-9999E,15,1022511653,300988247,1,"",
WA007,310726,WA003,101,3002A-3005WGUM-3005WGUM-3007DRYGUM-3007FO-3007S-3015A-3033A-3035A-9999A-9999C-9999CS-9999E,15,1022511653,300988248,1,"",
WA007,310726,WA003,101,3002A-3005WGUM-3005WGUM-3007DRYGUM-3007FO-3007S-3015A-3033A-3035A-9999A-9999C-9999CS-9999E,15,1022511653,300988249,1,"",
WA007,310726,WA003,101,3002A-3005WGUM-3005WGUM-3007DRYGUM-3007FO-3007S-3015A-3033A-3035A-9999A-9999C-9999CS-9999E,15,1022511653,300988250,1,"",
WA007,310726,WA003,101,3002A-3005WGUM-3005WGUM-3007DRYGUM-3007FO-3007S-3015A-3033A-3035A-9999A-9999C-9999CS-9999E,15,1022511653,300988306,1,"",
WA007,310726,WA003,101,3002A-3005WGUM-3005WGUM-3007DRYGUM-3007FO-3007S-3015A-3033A-3035A-9999A-9999C-9999CS-9999E,15,1022511653,300988308,1,"",
WA007,310726,WA003,101,3002A-3005WGUM-3005WGUM-3007DRYGUM-3007FO-3007S-3015A-3033A-3035A-9999A-9999C-9999CS-9999E,15,1022511653,300988322,1,"",
WA007,310726,WA003,101,3002A-3005WGUM-3005WGUM-3007DRYGUM-3007FO-3007S-3015A-3033A-3035A-9999A-9999C-9999CS-9999E,15,1022511653,300988324,1,"",
WA007,310726,WA003,101,3002A-3005WGUM-3005WGUM-3007DRYGUM-3007FO-3007S-3015A-3035A-9999A-9999C-9999CS-9999E,15,1022511654,300988346,1,"",
WA007,310726,WA003,101,3002A-3005WGUM-3005WGUM-3007DRYGUM-3007FO-3007S-3015A-3035A-9999A-9999C-9999CS-9999E,15,1022511654,300988347,1,"",
WA007,310726,WA003,101,3002A-3005WGUM-3005WGUM-3007DRYGUM-3007FO-3007S-3015A-3035A-9999A-9999C-9999CS-9999E,15,1022511654,300988370,1,"",
WA007,310726,WA003,101,3002A-3005WGUM-3005WGUM-3007DRYGUM-3007FO-3007S-3015A-3035A-9999A-9999C-9999CS-9999E,15,1022511654,300988371,1,"",
WA007,310726,WA003,101,3002A-3005WGUM-3005WGUM-3007DRYGUM-3007FO-3007S-3015A-3035A-9999A-9999C-9999CS-9999E,15,1022511654,300988372,1,"",
WA007,310726,WA003,101,3002A-3005WGUM-3005WGUM-3007DRYGUM-3007FO-3007S-3015A-3035A-9999A-9999C-9999CS-9999E,15,1022511654,300988373,1,"",
WA007,310726,WA003,101,3002A-3005WGUM-3005WGUM-3007DRYGUM-3007FO-3007S-3015A-3035A-9999A-9999C-9999CS-9999E,15,1022511654,300988374,1,"",
WA007,310726,WA003,101,3002A-3005WGUM-3005WGUM-3007DRYGUM-3007FO-3007S-3015A-3035A-9999A-9999C-9999CS-9999E,15,1022511654,300988375,1,"",
WA007,310726,WA003,101,3002A-3005WGUM-3005WGUM-3007DRYGUM-3007FO-3007S-3015A-3035A-9999A-9999C-9999CS-9999E,15,1022511655,300988378,1,"",
WA007,310726,WA003,101,3002A-3005WGUM-3005WGUM-3007DRYGUM-3007FO-3007S-3015A-3035A-9999A-9999C-9999CS-9999E,15,1022511655,300988379,1,"",
WA007,310726,WA003,101,3002A-3005WGUM-3005WGUM-3007DRYGUM-3007FO-3007S-3015A-3035A-9999A-9999C-9999CS-9999E,15,1022511655,300988380,1,"",
WA007,310726,WA003,101,3002A-3005WGUM-3005WGUM-3007DRYGUM-3007FO-3007S-3015A-3035A-9999A-9999C-9999CS-9999E,15,1022511655,300988410,1,"",
WA007,310726,WA003,101,3002A-3005WGUM-3005WGUM-3007DRYGUM-3007FO-3007S-3015A-3035A-9999A-9999C-9999CS-9999E,15,1022511655,300988411,1,"",
WA007,310726,WA003,101,3002A-3005WGUM-3005WGUM-3007DRYGUM-3007FO-3007S-3015A-3035A-9999A-9999C-9999CS-9999E,15,1022511655,300988412,1,"",
WA007,310726,WA003,101,3002A-3005WGUM-3005WGUM-3007DRYGUM-3007FO-3007S-3015A-3035A-9999A-9999C-9999CS-9999E,15,1022511655,300988413,1,"",
WA007,310726,WA003,101,3002A-3005WGUM-3005WGUM-3007DRYGUM-3007FO-3007S-3015A-3035A-9999A-9999C-9999CS-9999E,15,1022511655,300988414,1,"",
WA007,310726,WA003,101,3002A-3005WGUM-3005WGUM-3007DRYGUM-3007FO-3007S-3015A-3035A-9999A-9999C-9999CS-9999E,15,1022511656,300988469,1,"",
WA007,310726,WA003,101,3002A-3005WGUM-3005WGUM-3007DRYGUM-3007FO-3007S-3015A-3035A-9999A-9999C-9999CS-9999E,15,1022511656,300988470,1,"",
WA007,310726,WA003,101,3002A-3005WGUM-3005WGUM-3007DRYGUM-3007FO-3007S-3015A-3035A-9999A-9999C-9999CS-9999E,15,1022511656,300988497,1,"",
WA007,310726,WA003,101,3002A-3005WGUM-3005WGUM-3007DRYGUM-3007FO-3007S-3015A-3035A-9999A-9999C-9999CS-9999E,15,1022511656,300988498,1,"",
WA007,310726,WA003,101,3002A-3005WGUM-3005WGUM-3007DRYGUM-3007FO-3007S-3015A-3035A-9999A-9999C-9999CS-9999E,15,1022511656,300988499,1,"",
WA007,310726,WA003,101,3002A-3005WGUM-3005WGUM-3007DRYGUM-3007FO-3007S-3015A-3035A-9999A-9999C-9999CS-9999E,15,1022511656,300988516,1,"",
WA007,310726,WA003,101,3002A-3005WGUM-3005WGUM-3007DRYGUM-3007FO-3007S-3015A-3035A-9999A-9999C-9999CS-9999E,15,1022511656,300988517,1,"",
WA007,310726,WA003,101,3002A-3005WGUM-3005WGUM-3007DRYGUM-3007FO-3007S-3015A-3035A-9999A-9999C-9999CS-9999E,15,1022511656,300988518,1,"",
WA007,310726,WA003,101,3002A-3005WGUM-3005WGUM-3007DRYGUM-3007FO-3007S-3015A-3035A-9999A-9999C-9999CS-9999E,15,1022511657,300988554,1,"",
WA007,310726,WA003,101,3002A-3005WGUM-3005WGUM-3007DRYGUM-3007FO-3007S-3015A-3035A-9999A-9999C-9999CS-9999E,15,1022511657,300988555,1,"",
WA007,310726,WA003,101,3002A-3005WGUM-3005WGUM-3007DRYGUM-3007FO-3007S-3015A-3035A-9999A-9999C-9999CS-9999E,15,1022511657,300988556,1,"",
WA007,310726,WA003,101,3002A-3005WGUM-3005WGUM-3007DRYGUM-3007FO-3007S-3015A-3035A-9999A-9999C-9999CS-9999E,15,1022511657,300988557,1,"",
WA007,310726,WA003,101,3002A-3005WGUM-3005WGUM-3007DRYGUM-3007FO-3007S-3015A-3035A-9999A-9999C-9999CS-9999E,15,1022511657,300988588,1,"",
WA007,310726,WA003,101,3002A-3005WGUM-3005WGUM-3007DRYGUM-3007FO-3007S-3015A-3035A-9999A-9999C-9999CS-9999E,15,1022511657,300988589,1,"",
WA007,310726,WA003,101,3002A-3005WGUM-3005WGUM-3007DRYGUM-3007FO-3007S-3015A-3035A-9999A-9999C-9999CS-9999E,15,1022511657,300988590,1,"",
WA007,310726,WA003,101,3002A-3005WGUM-3005WGUM-3007DRYGUM-3007FO-3007S-3015A-3035A-9999A-9999C-9999CS-9999E,15,1022511657,300988591,1,"",
WA007,310726,WA003,101,3002A-3005WGUM-3005WGUM-3007DRYGUM-3007S-3015A-3025S-3033A-3035A-9999A-9999C-9999CS-9999E,11,1022512054,300993903,1,"",
WA007,310726,WA003,101,3002A-3005WGUM-3005WGUM-3007DRYGUM-3007S-3015A-3025S-3033A-3035A-9999A-9999C-9999CS-9999E,11,1022512054,300993904,1,"",
WA007,310726,WA003,101,3002A-3005WGUM-3005WGUM-3007DRYGUM-3007S-3015A-3025S-3033A-3035A-9999A-9999C-9999CS-9999E,11,1022512054,300993905,1,"",
WA007,310726,WA003,101,3002A-3005WGUM-3005WGUM-3007DRYGUM-3007S-3015A-3025S-3033A-3035A-9999A-9999C-9999CS-9999E,11,1022512054,300993933,1,"",
WA007,310726,WA003,101,3002A-3005WGUM-3005WGUM-3007DRYGUM-3007S-3015A-3025S-3033A-3035A-9999A-9999C-9999CS-9999E,11,1022512054,300993934,1,"",
WA007,310726,WA003,101,3002A-3005WGUM-3005WGUM-3007DRYGUM-3007S-3015A-3025S-3033A-3035A-9999A-9999C-9999CS-9999E,11,1022512054,300993935,1,"",
WA007,310726,WA003,101,3002A-3005WGUM-3005WGUM-3007DRYGUM-3007S-3015A-3025S-3033A-3035A-9999A-9999C-9999CS-9999E,11,1022512054,300993980,1,"",
WA007,310726,WA003,101,3002A-3005WGUM-3005WGUM-3007DRYGUM-3007S-3015A-3025S-3033A-3035A-9999A-9999C-9999CS-9999E,11,1022512054,300993981,1,"",
WA007,310726,WA003,101,3002A-3007S-3015A-3025S-3033A-3035A-9999A-9999C-9999CS-9999E,57,1022507452,300930488,1,233170-1-1-101,
WA007,310726,WA003,101,3002A-3007S-3015A-3025S-3033A-3035A-9999A-9999C-9999CS-9999E,57,1022507452,300930489,1,233170-1-1-101,
WA007,310726,WA003,101,3002A-3007S-3015A-3025S-3033A-3035A-9999A-9999C-9999CS-9999E,57,1022507452,300930490,1,233170-1-1-101,
WA007,310726,WA003,101,3002A-3007S-3015A-3025S-3033A-3035A-9999A-9999C-9999CS-9999E,57,1022507452,300930491,1,233170-1-1-101,
WA007,310726,WA003,101,3002A-3007S-3015A-3025S-3033A-3035A-9999A-9999C-9999CS-9999E,57,1022507452,300930492,1,233170-1-1-101,
WA007,310726,WA003,101,3002A-3007S-3015A-3025S-3033A-3035A-9999A-9999C-9999CS-9999E,57,1022507452,300930493,1,233170-1-1-101,
WA007,310726,WA003,101,3002A-3007S-3015A-3025S-3033A-3035A-9999A-9999C-9999CS-9999E,57,1022507452,300930494,1,233170-1-1-101,
WA007,310726,WA003,101,3002A-3007S-3015A-3025S-3033A-3035A-9999A-9999C-9999CS-9999E,57,1022507452,300930495,1,233170-1-1-101,
WA007,310726,WA003,101,3002A-3007S-3015A-3025S-3033A-3035A-9999A-9999C-9999CS-9999E,57,1022507453,300930534,1,233170-1-1-101,
WA007,310726,WA003,101,3002A-3007S-3015A-3025S-3033A-3035A-9999A-9999C-9999CS-9999E,57,1022507453,300930535,1,233170-1-1-101,
WA007,310726,WA003,101,3002A-3007S-3015A-3025S-3033A-3035A-9999A-9999C-9999CS-9999E,57,1022507453,300930536,1,233170-1-1-101,
WA007,310726,WA003,101,3002A-3007S-3015A-3025S-3033A-3035A-9999A-9999C-9999CS-9999E,57,1022507453,300930537,1,233170-1-1-101,
WA007,310726,WA003,101,3002A-3007S-3015A-3025S-3033A-3035A-9999A-9999C-9999CS-9999E,57,1022507453,300930563,1,233170-1-1-101,
WA007,310726,WA003,101,3002A-3007S-3015A-3025S-3033A-3035A-9999A-9999C-9999CS-9999E,57,1022507453,300930674,1,233170-1-1-101,
WA007,310726,WA003,101,3002A-3007S-3015A-3025S-3033A-3035A-9999A-9999C-9999CS-9999E,57,1022507453,300930688,1,233170-1-1-101,
WA007,310726,WA003,101,3002A-3007S-3015A-3025S-3033A-3035A-9999A-9999C-9999CS-9999E,57,1022507453,300930690,1,233170-1-1-101,
WA007,310726,WA003,101,3002A-3007S-3015A-3025S-3033A-3035A-9999A-9999C-9999CS-9999E,57,1022507454,300930751,1,233170-1-1-101,
WA007,310726,WA003,101,3002A-3007S-3015A-3025S-3033A-3035A-9999A-9999C-9999CS-9999E,57,1022507454,300930752,1,233170-1-1-101,
WA007,310726,WA003,101,3002A-3007S-3015A-3025S-3033A-3035A-9999A-9999C-9999CS-9999E,57,1022507454,300930753,1,233170-1-1-101,
WA007,310726,WA003,101,3002A-3007S-3015A-3025S-3033A-3035A-9999A-9999C-9999CS-9999E,57,1022507454,300930754,1,233170-1-1-101,
WA007,310726,WA003,101,3002A-3007S-3015A-3025S-3033A-3035A-9999A-9999C-9999CS-9999E,57,1022507454,300930755,1,233170-1-1-101,
WA007,310726,WA003,101,3002A-3007S-3015A-3025S-3033A-3035A-9999A-9999C-9999CS-9999E,57,1022507454,300930756,1,233170-1-1-101,
WA007,310726,WA003,101,3002A-3007S-3015A-3025S-3033A-3035A-9999A-9999C-9999CS-9999E,57,1022507454,300930766,1,233170-1-1-101,
WA007,310726,WA003,101,3002A-3007S-3015A-3025S-3033A-3035A-9999A-9999C-9999CS-9999E,57,1022507454,300930767,1,233170-1-1-101,
WA007,310726,WA003,101,3002A-3007S-3015A-3025S-3033A-3035A-9999A-9999C-9999CS-9999E,57,1022507455,300930809,1,233170-1-1-101,
WA007,310726,WA003,101,3002A-3007S-3015A-3025S-3033A-3035A-9999A-9999C-9999CS-9999E,57,1022507455,300930810,1,233170-1-1-101,
WA007,310726,WA003,101,3002A-3007S-3015A-3025S-3033A-3035A-9999A-9999C-9999CS-9999E,57,1022507455,300930811,1,233170-1-1-101,
WA007,310726,WA003,101,3002A-3007S-3015A-3025S-3033A-3035A-9999A-9999C-9999CS-9999E,57,1022507455,300930812,1,233170-1-1-101,
WA007,310726,WA003,101,3002A-3007S-3015A-3025S-3033A-3035A-9999A-9999C-9999CS-9999E,57,1022507455,300930814,1,233170-1-1-101,
WA007,310726,WA003,101,3002A-3007S-3015A-3025S-3033A-3035A-9999A-9999C-9999CS-9999E,57,1022507455,300930815,1,233170-1-1-101,
WA007,310726,WA003,101,3002A-3007S-3015A-3025S-3033A-3035A-9999A-9999C-9999CS-9999E,57,1022507455,300930853,1,233170-1-1-101,
WA007,310726,WA003,101,3002A-3007S-3015A-3025S-3033A-3035A-9999A-9999C-9999CS-9999E,57,1022507455,300930878,1,233170-1-1-101,
WA007,310726,WA003,101,3002A-3007S-3015A-3025S-3033A-3035A-9999A-9999C-9999CS-9999E,57,1022507456,300930879,1,233170-1-1-101,
WA007,310726,WA003,101,3002A-3007S-3015A-3025S-3033A-3035A-9999A-9999C-9999CS-9999E,57,1022507456,300930880,1,233170-1-1-101,
WA007,310726,WA003,101,3002A-3007S-3015A-3025S-3033A-3035A-9999A-9999C-9999CS-9999E,57,1022507456,300930898,1,233170-1-1-101,
WA007,310726,WA003,101,3002A-3007S-3015A-3025S-3033A-3035A-9999A-9999C-9999CS-9999E,57,1022507456,300930901,1,233170-1-1-101,
WA007,310726,WA003,101,3002A-3007S-3015A-3025S-3033A-3035A-9999A-9999C-9999CS-9999E,57,1022507456,300930910,1,233170-1-1-101,
WA007,310726,WA003,101,3002A-3007S-3015A-3025S-3033A-3035A-9999A-9999C-9999CS-9999E,57,1022507456,300930956,1,233170-1-1-101,
WA007,310726,WA003,101,3002A-3007S-3015A-3025S-3033A-3035A-9999A-9999C-9999CS-9999E,57,1022507456,300930957,1,233170-1-1-101,
WA007,310726,WA003,101,3002A-3007S-3015A-3025S-3033A-3035A-9999A-9999C-9999CS-9999E,57,1022507456,300930958,1,233170-1-1-101,
WA007,310726,WA003,101,3002A-3007S-3015A-3025S-3033A-3035A-9999A-9999C-9999CS-9999E,57,1022507458,300931041,1,233170-1-1-101,
WA007,310726,WA003,101,3002A-3007S-3015A-3025S-3033A-3035A-9999A-9999C-9999CS-9999E,57,1022507458,300931042,1,233170-1-1-101,
WA007,310726,WA003,101,3002A-3007S-3015A-3025S-3033A-3035A-9999A-9999C-9999CS-9999E,57,1022507458,300931112,1,233170-1-1-101,
WA007,310726,WA003,101,3002A-3007S-3015A-3025S-3033A-3035A-9999A-9999C-9999CS-9999E,57,1022507458,300931113,1,233170-1-1-101,
WA007,310726,WA003,101,3002A-3007S-3015A-3025S-3033A-3035A-9999A-9999C-9999CS-9999E,57,1022507458,300931114,1,233170-1-1-101,
WA007,310726,WA003,101,3002A-3007S-3015A-3025S-3033A-3035A-9999A-9999C-9999CS-9999E,57,1022507458,300931115,1,233170-1-1-101,
WA007,310726,WA003,101,3002A-3007S-3015A-3025S-3033A-3035A-9999A-9999C-9999CS-9999E,57,1022507458,300931118,1,233170-1-1-101,
WA007,310726,WA003,101,3002A-3007S-3015A-3025S-3033A-3035A-9999A-9999C-9999CS-9999E,57,1022507458,300931119,1,233170-1-1-101,
WA007,310726,WA003,101,3002A-3007S-3015A-3025S-3033A-3035A-9999A-9999C-9999CS-9999E,32,1022509952,300965024,1,233227-1-1-102,
WA007,310726,WA003,101,3002A-3007S-3015A-3025S-3033A-3035A-9999A-9999C-9999CS-9999E,32,1022509952,300965035,1,233227-1-1-102,
WA007,310726,WA003,101,3002A-3007S-3015A-3025S-3033A-3035A-9999A-9999C-9999CS-9999E,32,1022509952,300965036,1,233227-1-1-102,
WA007,310726,WA003,101,3002A-3007S-3015A-3025S-3033A-3035A-9999A-9999C-9999CS-9999E,32,1022509952,300965264,1,233227-1-1-102,
WA007,310726,WA003,101,3002A-3007S-3015A-3025S-3033A-3035A-9999A-9999C-9999CS-9999E,32,1022509952,300965265,1,233227-1-1-102,
WA007,310726,WA003,101,3002A-3007S-3015A-3025S-3033A-3035A-9999A-9999C-9999CS-9999E,32,1022509952,300965266,1,233227-1-1-102,
WA007,310726,WA003,101,3002A-3007S-3015A-3025S-3033A-3035A-9999A-9999C-9999CS-9999E,32,1022509952,300965267,1,233227-1-1-102,
WA007,310726,WA003,101,3002A-3007S-3015A-3025S-3033A-3035A-9999A-9999C-9999CS-9999E,32,1022509952,300965272,1,233227-1-1-102,
WA007,310726,WA003,101,3002A-3007S-3015A-3025S-3033A-3035A-9999A-9999C-9999CS-9999E,32,1022509953,300965332,1,233227-1-1-102,
WA007,310726,WA003,101,3002A-3007S-3015A-3025S-3033A-3035A-9999A-9999C-9999CS-9999E,32,1022509953,300965333,1,233227-1-1-102,
WA007,310726,WA003,101,3002A-3007S-3015A-3025S-3033A-3035A-9999A-9999C-9999CS-9999E,32,1022509953,300965334,1,233227-1-1-102,
WA007,310726,WA003,101,3002A-3007S-3015A-3025S-3033A-3035A-9999A-9999C-9999CS-9999E,32,1022509953,300965335,1,233227-1-1-102,
WA007,310726,WA003,101,3002A-3007S-3015A-3025S-3033A-3035A-9999A-9999C-9999CS-9999E,32,1022509953,300965336,1,233227-1-1-102,
WA007,310726,WA003,101,3002A-3007S-3015A-3025S-3033A-3035A-9999A-9999C-9999CS-9999E,32,1022509953,300965338,1,233227-1-1-102,
WA007,310726,WA003,101,3002A-3007S-3015A-3025S-3033A-3035A-9999A-9999C-9999CS-9999E,32,1022509953,300965339,1,233227-1-1-102,
WA007,310726,WA003,101,3002A-3007S-3015A-3025S-3033A-3035A-9999A-9999C-9999CS-9999E,32,1022509953,300965411,1,233227-1-1-102,
WA007,310726,WA003,101,3002A-3007S-3015A-3025S-3033A-3035A-9999A-9999C-9999CS-9999E,32,1022509954,300965412,1,233227-1-1-102,
WA007,310726,WA003,101,3002A-3007S-3015A-3025S-3033A-3035A-9999A-9999C-9999CS-9999E,32,1022509954,300965413,1,233227-1-1-102,
WA007,310726,WA003,101,3002A-3007S-3015A-3025S-3033A-3035A-9999A-9999C-9999CS-9999E,32,1022509954,300965414,1,233227-1-1-102,
WA007,310726,WA003,101,3002A-3007S-3015A-3025S-3033A-3035A-9999A-9999C-9999CS-9999E,32,1022509954,300965415,1,233227-1-1-102,
WA007,310726,WA003,101,3002A-3007S-3015A-3025S-3033A-3035A-9999A-9999C-9999CS-9999E,32,1022509954,300965452,1,233227-1-1-102,
WA007,310726,WA003,101,3002A-3007S-3015A-3025S-3033A-3035A-9999A-9999C-9999CS-9999E,32,1022509954,300965453,1,233227-1-1-102,
WA007,310726,WA003,101,3002A-3007S-3015A-3025S-3033A-3035A-9999A-9999C-9999CS-9999E,32,1022509954,300965454,1,233227-1-1-102,
WA007,310726,WA003,101,3002A-3007S-3015A-3025S-3033A-3035A-9999A-9999C-9999CS-9999E,32,1022509954,300965455,1,233227-1-1-102,
WA007,310726,WA003,101,3002A-3007S-3015A-3025S-3033A-3035A-9999A-9999C-9999CS-9999E,32,1022509959,300965822,1,233227-1-1-102,
WA007,310726,WA003,101,3002A-3007S-3015A-3025S-3033A-3035A-9999A-9999C-9999CS-9999E,32,1022509959,300965823,1,233227-1-1-102,
WA007,310726,WA003,101,3002A-3007S-3015A-3025S-3033A-3035A-9999A-9999C-9999CS-9999E,32,1022509959,300965826,1,233227-1-1-102,
WA007,310726,WA003,101,3002A-3007S-3015A-3025S-3033A-3035A-9999A-9999C-9999CS-9999E,32,1022509959,300965924,1,233227-1-1-102,
WA007,310726,WA003,101,3002A-3007S-3015A-3025S-3033A-3035A-9999A-9999C-9999CS-9999E,32,1022509959,300965925,1,233227-1-1-102,
WA007,310726,WA003,101,3002A-3007S-3015A-3025S-3033A-3035A-9999A-9999C-9999CS-9999E,32,1022509959,300965926,1,233227-1-1-102,
WA007,310726,WA003,101,3002A-3007S-3015A-3025S-3033A-3035A-9999A-9999C-9999CS-9999E,32,1022509959,300965928,1,233227-1-1-102,
WA007,310726,WA003,101,3002A-3007S-3015A-3025S-3033A-3035A-9999A-9999C-9999CS-9999E,32,1022509959,300965929,1,233227-1-1-102,
WA007,310726,WA003,101,3002A-3007S-3015A-3025S-3033A-3035A-9999A-9999C-9999CS-9999E,32,1022509960,300965947,1,233227-1-1-102,
WA007,310726,WA003,101,3002A-3007S-3015A-3025S-3033A-3035A-9999A-9999C-9999CS-9999E,32,1022509960,300965948,1,233227-1-1-102,
WA007,310726,WA003,101,3002A-3007S-3015A-3025S-3033A-3035A-9999A-9999C-9999CS-9999E,32,1022509960,300965949,1,233227-1-1-102,
WA007,310726,WA003,101,3002A-3007S-3015A-3025S-3033A-3035A-9999A-9999C-9999CS-9999E,32,1022509960,300965966,1,233227-1-1-102,
WA007,310726,WA003,101,3002A-3007S-3015A-3025S-3033A-3035A-9999A-9999C-9999CS-9999E,32,1022509960,300965967,1,233227-1-1-102,
WA007,310726,WA003,101,3002A-3007S-3015A-3025S-3033A-3035A-9999A-9999C-9999CS-9999E,32,1022509960,300965968,1,233227-1-1-102,
WA007,310726,WA003,101,3002A-3007S-3015A-3025S-3033A-3035A-9999A-9999C-9999CS-9999E,32,1022509960,300965969,1,233227-1-1-102,
WA007,310726,WA003,101,3002A-3007S-3015A-3025S-3033A-3035A-9999A-9999C-9999CS-9999E,32,1022509960,300965973,1,233227-1-1-102,
WA007,310726,WA003,101,3002A-3007S-3015A-3025S-3033A-3035A-9999A-9999C-9999CS-9999E,32,1022509961,300966002,1,233227-1-1-102,
WA007,310726,WA003,101,3002A-3007S-3015A-3025S-3033A-3035A-9999A-9999C-9999CS-9999E,32,1022509961,300966004,1,233227-1-1-102,
WA007,310726,WA003,101,3002A-3007S-3015A-3025S-3033A-3035A-9999A-9999C-9999CS-9999E,32,1022509961,300966005,1,233227-1-1-102,
WA007,310726,WA003,101,3002A-3007S-3015A-3025S-3033A-3035A-9999A-9999C-9999CS-9999E,32,1022509961,300966006,1,233227-1-1-102,
WA007,310726,WA003,101,3002A-3007S-3015A-3025S-3033A-3035A-9999A-9999C-9999CS-9999E,32,1022509961,300966033,1,233227-1-1-102,
WA007,310726,WA003,101,3002A-3007S-3015A-3025S-3033A-3035A-9999A-9999C-9999CS-9999E,32,1022509961,300966051,1,233227-1-1-102,
WA007,310726,WA003,101,3002A-3007S-3015A-3025S-3033A-3035A-9999A-9999C-9999CS-9999E,32,1022509961,300966052,1,233227-1-1-102,
WA007,310726,WA003,101,3002A-3007S-3015A-3025S-3033A-3035A-9999A-9999C-9999CS-9999E,32,1022509961,300966053,1,233227-1-1-102,
WA007,310726,WA003,101,3002A-3007S-3015A-3025S-3033A-3035A-9999A-9999C-9999CS-9999E,32,1022509963,300966142,1,233227-1-1-102,
WA007,310726,WA003,101,3002A-3007S-3015A-3025S-3033A-3035A-9999A-9999C-9999CS-9999E,32,1022509963,300966143,1,233227-1-1-102,
WA007,310726,WA003,101,3002A-3007S-3015A-3025S-3033A-3035A-9999A-9999C-9999CS-9999E,32,1022509963,300966144,1,233227-1-1-102,
WA007,310726,WA003,101,3002A-3007S-3015A-3025S-3033A-3035A-9999A-9999C-9999CS-9999E,32,1022509963,300966145,1,233227-1-1-102,
WA007,310726,WA003,101,3002A-3007S-3015A-3025S-3033A-3035A-9999A-9999C-9999CS-9999E,32,1022509963,300966149,1,233227-1-1-102,
WA007,310726,WA003,101,3002A-3007S-3015A-3025S-3033A-3035A-9999A-9999C-9999CS-9999E,32,1022509963,300966150,1,233227-1-1-102,
WA007,310726,WA003,101,3002A-3007S-3015A-3025S-3033A-3035A-9999A-9999C-9999CS-9999E,32,1022509963,300966164,1,233227-1-1-102,
WA007,310726,WA003,101,3002A-3007S-3015A-3025S-3033A-3035A-9999A-9999C-9999CS-9999E,32,1022509963,300966165,1,233227-1-1-102,
WA007,310726,WA003,101,3002A-3007S-3015A-3025S-3033A-3035A-9999A-9999C-9999CS-9999E,21,1022511055,300979910,1,233244-1-1-102,
WA007,310726,WA003,101,3002A-3007S-3015A-3025S-3033A-3035A-9999A-9999C-9999CS-9999E,21,1022511055,300979911,1,233244-1-1-102,
WA007,310726,WA003,101,3002A-3007S-3015A-3025S-3033A-3035A-9999A-9999C-9999CS-9999E,21,1022511055,300979912,1,233244-1-1-102,
WA007,310726,WA003,101,3002A-3007S-3015A-3025S-3033A-3035A-9999A-9999C-9999CS-9999E,21,1022511055,300979951,1,233244-1-1-102,
WA007,310726,WA003,101,3002A-3007S-3015A-3025S-3033A-3035A-9999A-9999C-9999CS-9999E,21,1022511055,300979953,1,233244-1-1-102,
WA007,310726,WA003,101,3002A-3007S-3015A-3025S-3033A-3035A-9999A-9999C-9999CS-9999E,21,1022511055,300979954,1,233244-1-1-102,
WA007,310726,WA003,101,3002A-3007S-3015A-3025S-3033A-3035A-9999A-9999C-9999CS-9999E,21,1022511055,300979956,1,233244-1-1-102,
WA007,310726,WA003,101,3002A-3007S-3015A-3025S-3033A-3035A-9999A-9999C-9999CS-9999E,21,1022511055,300979957,1,233244-1-1-102,
WA007,310726,WA003,101,3002A-3007S-3015A-3025S-3033A-3035A-9999A-9999C-9999CS-9999E,21,1022511056,300979986,1,233244-1-1-102,
WA007,310726,WA003,101,3002A-3007S-3015A-3025S-3033A-3035A-9999A-9999C-9999CS-9999E,21,1022511056,300979987,1,233244-1-1-102,
WA007,310726,WA003,101,3002A-3007S-3015A-3025S-3033A-3035A-9999A-9999C-9999CS-9999E,21,1022511056,300979988,1,233244-1-1-102,
WA007,310726,WA003,101,3002A-3007S-3015A-3025S-3033A-3035A-9999A-9999C-9999CS-9999E,21,1022511056,300979989,1,233244-1-1-102,
WA007,310726,WA003,101,3002A-3007S-3015A-3025S-3033A-3035A-9999A-9999C-9999CS-9999E,21,1022511056,300979996,1,233244-1-1-102,
WA007,310726,WA003,101,3002A-3007S-3015A-3025S-3033A-3035A-9999A-9999C-9999CS-9999E,21,1022511056,300979997,1,233244-1-1-102,
WA007,310726,WA003,101,3002A-3007S-3015A-3025S-3033A-3035A-9999A-9999C-9999CS-9999E,21,1022511056,300979998,1,233244-1-1-102,
WA007,310726,WA003,101,3002A-3007S-3015A-3025S-3033A-3035A-9999A-9999C-9999CS-9999E,21,1022511056,300980017,1,233244-1-1-102,
WA007,310726,WA003,101,3002A-3007S-3015A-3025S-3033A-3035A-9999A-9999C-9999CS-9999E,17,1022511453,300985334,1,"",
WA007,310726,WA003,101,3002A-3007S-3015A-3025S-3033A-3035A-9999A-9999C-9999CS-9999E,17,1022511453,300985335,1,"",
WA007,310726,WA003,101,3002A-3007S-3015A-3025S-3033A-3035A-9999A-9999C-9999CS-9999E,17,1022511453,300985352,1,"",
WA007,310726,WA003,101,3002A-3007S-3015A-3025S-3033A-3035A-9999A-9999C-9999CS-9999E,17,1022511453,300985360,1,"",
WA007,310726,WA003,101,3002A-3007S-3015A-3025S-3033A-3035A-9999A-9999C-9999CS-9999E,17,1022511453,300985361,1,"",
WA007,310726,WA003,101,3002A-3007S-3015A-3025S-3033A-3035A-9999A-9999C-9999CS-9999E,17,1022511453,300985362,1,"",
WA007,310726,WA003,101,3002A-3007S-3015A-3025S-3033A-3035A-9999A-9999C-9999CS-9999E,17,1022511453,300985381,1,"",
WA007,310726,WA003,101,3002A-3007S-3015A-3025S-3033A-3035A-9999A-9999C-9999CS-9999E,17,1022511453,300985382,1,"",
WA007,310726,WA003,101,3002A-3007S-3015A-3025S-3033A-3035A-9999A-9999C-9999CS-9999E,17,1022511454,300985383,1,"",
WA007,310726,WA003,101,3002A-3007S-3015A-3025S-3033A-3035A-9999A-9999C-9999CS-9999E,17,1022511454,300985385,1,"",
WA007,310726,WA003,101,3002A-3007S-3015A-3025S-3033A-3035A-9999A-9999C-9999CS-9999E,17,1022511454,300985389,1,"",
WA007,310726,WA003,101,3002A-3007S-3015A-3025S-3033A-3035A-9999A-9999C-9999CS-9999E,17,1022511454,300985426,1,"",
WA007,310726,WA003,101,3002A-3007S-3015A-3025S-3033A-3035A-9999A-9999C-9999CS-9999E,17,1022511454,300985427,1,"",
WA007,310726,WA003,101,3002A-3007S-3015A-3025S-3033A-3035A-9999A-9999C-9999CS-9999E,17,1022511454,300985428,1,"",
WA007,310726,WA003,101,3002A-3007S-3015A-3025S-3033A-3035A-9999A-9999C-9999CS-9999E,17,1022511454,300985543,1,"",
WA007,310726,WA003,101,3002A-3007S-3015A-3025S-3033A-3035A-9999A-9999C-9999CS-9999E,17,1022511454,300985544,1,"",
WA007,310726,WA003,101,3002A-3007S-3015A-3025S-3033A-3035A-9999A-9999C-9999CS-9999E,14,1022511757,300989999,1,"",
WA007,310726,WA003,101,3002A-3007S-3015A-3025S-3033A-3035A-9999A-9999C-9999CS-9999E,14,1022511757,300990000,1,"",
WA007,310726,WA003,101,3002A-3007S-3015A-3025S-3033A-3035A-9999A-9999C-9999CS-9999E,14,1022511757,300990003,1,"",
WA007,310726,WA003,101,3002A-3007S-3015A-3025S-3033A-3035A-9999A-9999C-9999CS-9999E,14,1022511757,300990004,1,"",
WA007,310726,WA003,101,3002A-3007S-3015A-3025S-3033A-3035A-9999A-9999C-9999CS-9999E,14,1022511757,300990043,1,"",
WA007,310726,WA003,101,3002A-3007S-3015A-3025S-3033A-3035A-9999A-9999C-9999CS-9999E,14,1022511757,300990044,1,"",
WA007,310726,WA003,101,3002A-3007S-3015A-3025S-3033A-3035A-9999A-9999C-9999CS-9999E,14,1022511757,300990045,1,"",
WA007,310726,WA003,101,3002A-3007S-3015A-3025S-3033A-3035A-9999A-9999C-9999CS-9999E,14,1022511757,300990046,1,"",
WA007,310726,WA003,101,3002A-3007S-3015A-3025S-3033A-3035A-9999A-9999C-9999CS-9999E,9,1022512261,300997186,1,"",
WA007,310726,WA003,101,3002A-3007S-3015A-3025S-3033A-3035A-9999A-9999C-9999CS-9999E,9,1022512261,300997187,1,"",
WA007,310726,WA003,101,3002A-3007S-3015A-3025S-3033A-3035A-9999A-9999C-9999CS-9999E,9,1022512261,300997198,1,"",
WA007,310726,WA003,101,3002A-3007S-3015A-3025S-3033A-3035A-9999A-9999C-9999CS-9999E,9,1022512261,300997199,1,"",
WA007,310726,WA003,101,3002A-3007S-3015A-3025S-3033A-3035A-9999A-9999C-9999CS-9999E,9,1022512261,300997214,1,"",
WA007,310726,WA003,101,3002A-3007S-3015A-3025S-3033A-3035A-9999A-9999C-9999CS-9999E,9,1022512261,300997215,1,"",
WA007,310726,WA003,101,3002A-3007S-3015A-3025S-3033A-3035A-9999A-9999C-9999CS-9999E,9,1022512261,300997221,1,"",
WA007,310726,WA003,101,3002A-3007S-3015A-3025S-3033A-3035A-9999A-9999C-9999CS-9999E,9,1022512261,300997226,1,"",
WA007,310726,WA003,101,3002A-3007S-3015A-3025S-3033A-3035A-9999A-9999E,32,1022509951,300964968,1,233227-1-1-102,
WA007,310726,WA003,101,3002A-3007S-3015A-3025S-3033A-3035A-9999A-9999E,32,1022509951,300964980,1,233227-1-1-102,
WA007,310726,WA003,101,3002A-3007S-3015A-3025S-3033A-3035A-9999A-9999E,32,1022509951,300964981,1,233227-1-1-102,
WA007,310726,WA003,101,3002A-3007S-3015A-3025S-3033A-3035A-9999A-9999E,32,1022509951,300964982,1,233227-1-1-102,
WA007,310726,WA003,101,3002A-3007S-3015A-3025S-3033A-3035A-9999A-9999E,32,1022509951,300964994,1,233227-1-1-102,
WA007,310726,WA003,101,3002A-3007S-3015A-3025S-3033A-3035A-9999A-9999E,32,1022509951,300964995,1,233227-1-1-102,
WA007,310726,WA003,101,3002A-3007S-3015A-3025S-3033A-3035A-9999A-9999E,32,1022509951,300965022,1,233227-1-1-102,
WA007,310726,WA003,101,3002A-3007S-3015A-3025S-3033A-3035A-9999A-9999E,32,1022509951,300965023,1,233227-1-1-102,
WA007,310726,WA003,101,3002A-3007S-3015A-3025S-3033A-3035A-9999A-9999E,27,1022510451,300971172,1,233227-1-1-102,
WA007,310726,WA003,101,3002A-3007S-3015A-3025S-3033A-3035A-9999A-9999E,27,1022510451,300971173,1,233227-1-1-102,
WA007,310726,WA003,101,3002A-3007S-3015A-3025S-3033A-3035A-9999A-9999E,27,1022510451,300971210,1,233227-1-1-102,
WA007,310726,WA003,101,3002A-3007S-3015A-3025S-3033A-3035A-9999A-9999E,27,1022510451,300971211,1,233227-1-1-102,
WA007,310726,WA003,101,3002A-3007S-3015A-3025S-3033A-3035A-9999A-9999E,27,1022510451,300971239,1,233227-1-1-102,
WA007,310726,WA003,101,3002A-3007S-3015A-3025S-3033A-3035A-9999A-9999E,27,1022510451,300971241,1,233227-1-1-102,
WA007,310726,WA003,101,3002A-3007S-3015A-3025S-3033A-3035A-9999A-9999E,27,1022510451,300971243,1,233227-1-1-102,
WA007,310726,WA003,101,3002A-3007S-3015A-3025S-3033A-3035A-9999A-9999E,27,1022510451,300971245,1,233227-1-1-102,
WA007,310726,WA003,101,3002A-3007S-3015A-3025S-3033A-3035A-9999A-9999E,24,1022510751,300975108,1,233227-1-1-102,
WA007,310726,WA003,101,3002A-3007S-3015A-3025S-3033A-3035A-9999A-9999E,24,1022510751,300975109,1,233227-1-1-102,
WA007,310726,WA003,101,3002A-3007S-3015A-3025S-3033A-3035A-9999A-9999E,24,1022510751,300975111,1,233227-1-1-102,
WA007,310726,WA003,101,3002A-3007S-3015A-3025S-3033A-3035A-9999A-9999E,24,1022510751,300975112,1,233227-1-1-102,
WA007,310726,WA003,101,3002A-3007S-3015A-3025S-3033A-3035A-9999A-9999E,24,1022510751,300975113,1,233227-1-1-102,
WA007,310726,WA003,101,3002A-3007S-3015A-3025S-3033A-3035A-9999A-9999E,24,1022510751,300975114,1,233227-1-1-102,
WA007,310726,WA003,101,3002A-3007S-3015A-3025S-3033A-3035A-9999A-9999E,24,1022510751,300975115,1,233227-1-1-102,
WA007,310726,WA003,101,3002A-3007S-3015A-3025S-3033A-3035A-9999A-9999E,24,1022510751,300975116,1,233227-1-1-102,
WA007,310726,WA003,101,3002A-3007S-3015A-3025S-3033A-3035A-9999A-9999E,22,1022510951,300978071,1,233244-1-1-102,
WA007,310726,WA003,101,3002A-3007S-3015A-3025S-3033A-3035A-9999A-9999E,22,1022510951,300978072,1,233244-1-1-102,
WA007,310726,WA003,101,3002A-3007S-3015A-3025S-3033A-3035A-9999A-9999E,22,1022510951,300978073,1,233244-1-1-102,
WA007,310726,WA003,101,3002A-3007S-3015A-3025S-3033A-3035A-9999A-9999E,22,1022510951,300978074,1,233244-1-1-102,
WA007,310726,WA003,101,3002A-3007S-3015A-3025S-3033A-3035A-9999A-9999E,22,1022510951,300978142,1,233244-1-1-102,
WA007,310726,WA003,101,3002A-3007S-3015A-3025S-3033A-3035A-9999A-9999E,22,1022510951,300978143,1,233244-1-1-102,
WA007,310726,WA003,101,3002A-3007S-3015A-3025S-3033A-3035A-9999A-9999E,22,1022510951,300978145,1,233244-1-1-102,
WA007,310726,WA003,101,3002A-3007S-3015A-3025S-3033A-3035A-9999A-9999E,22,1022510951,300978146,1,233244-1-1-102,
WA007,310726,WA003,101,3002A-3007S-3015A-3025S-3033A-3035A-9999A-9999E,21,1022511051,300979523,1,233244-1-1-102,
WA007,310726,WA003,101,3002A-3007S-3015A-3025S-3033A-3035A-9999A-9999E,21,1022511051,300979524,1,233244-1-1-102,
WA007,310726,WA003,101,3002A-3007S-3015A-3025S-3033A-3035A-9999A-9999E,21,1022511051,300979534,1,233244-1-1-102,
WA007,310726,WA003,101,3002A-3007S-3015A-3025S-3033A-3035A-9999A-9999E,21,1022511051,300979535,1,233244-1-1-102,
WA007,310726,WA003,101,3002A-3007S-3015A-3025S-3033A-3035A-9999A-9999E,21,1022511051,300979575,1,233244-1-1-102,
WA007,310726,WA003,101,3002A-3007S-3015A-3025S-3033A-3035A-9999A-9999E,21,1022511051,300979576,1,233244-1-1-102,
WA007,310726,WA003,101,3002A-3007S-3015A-3025S-3033A-3035A-9999A-9999E,21,1022511051,300979577,1,233244-1-1-102,
WA007,310726,WA003,101,3002A-3007S-3015A-3025S-3033A-3035A-9999A-9999E,21,1022511051,300979578,1,233244-1-1-102,
WA007,310726,WA003,101,3002A-3007S-3015A-3025S-3033A-3035A-9999A-9999E,21,1022511060,300980375,1,233244-1-1-102,
WA007,310726,WA003,101,3002A-3007S-3015A-3025S-3033A-3035A-9999A-9999E,21,1022511060,300980376,1,233244-1-1-102,
WA007,310726,WA003,101,3002A-3007S-3015A-3025S-3033A-3035A-9999A-9999E,21,1022511060,300980383,1,233244-1-1-102,
WA007,310726,WA003,101,3002A-3007S-3015A-3025S-3033A-3035A-9999A-9999E,21,1022511060,300980384,1,233244-1-1-102,
WA007,310726,WA003,101,3002A-3007S-3015A-3025S-3033A-3035A-9999A-9999E,21,1022511060,300980432,1,233244-1-1-102,
WA007,310726,WA003,101,3002A-3007S-3015A-3025S-3033A-3035A-9999A-9999E,18,1022511352,300983911,1,233244-1-1-102,
WA007,310726,WA003,101,3002A-3007S-3015A-3025S-3033A-3035A-9999A-9999E,18,1022511352,300983946,1,233244-1-1-102,
WA007,310726,WA003,101,3002A-3007S-3015A-3025S-3033A-3035A-9999A-9999E,18,1022511352,300983947,1,233244-1-1-102,
WA007,310726,WA003,101,3002A-3007S-3015A-3025S-3033A-3035A-9999A-9999E,18,1022511352,300983948,1,233244-1-1-102,
WA007,310726,WA003,101,3002A-3007S-3015A-3025S-3033A-3035A-9999A-9999E,18,1022511352,300984032,1,233244-1-1-102,
WA007,310726,WA003,101,3002A-3007S-3015A-3025S-3033A-3035A-9999A-9999E,18,1022511352,300984036,1,233244-1-1-102,
WA007,310726,WA003,101,3002A-3007S-3015A-3025S-3033A-3035A-9999A-9999E,18,1022511352,300984055,1,233244-1-1-102,
WA007,310726,WA003,101,3002A-3007S-3015A-3025S-3033A-3035A-9999A-9999E,18,1022511352,300984056,1,233244-1-1-102,
WA007,310726,WA003,101,3002A-3007S-3015A-3025S-3033A-3035A-9999A-9999E,18,1022511353,300984064,1,233244-1-1-102,
WA007,310726,WA003,101,3002A-3007S-3015A-3025S-3033A-3035A-9999A-9999E,18,1022511353,300984067,1,233244-1-1-102,
WA007,310726,WA003,101,3002A-3007S-3015A-3025S-3033A-3035A-9999A-9999E,18,1022511353,300984077,1,233244-1-1-102,
WA007,310726,WA003,101,3002A-3007S-3015A-3025S-3033A-3035A-9999A-9999E,18,1022511353,300984078,1,233244-1-1-102,
WA007,310726,WA003,101,3002A-3007S-3015A-3025S-3033A-3035A-9999A-9999E,18,1022511353,300984079,1,233244-1-1-102,
WA007,310726,WA003,101,3002A-3007S-3015A-3025S-3033A-3035A-9999A-9999E,18,1022511353,300984086,1,233244-1-1-102,
WA007,310726,WA003,101,3002A-3007S-3015A-3025S-3033A-3035A-9999A-9999E,18,1022511353,300984102,1,233244-1-1-102,
WA007,310726,WA003,101,3002A-3007S-3015A-3025S-3033A-3035A-9999A-9999E,18,1022511353,300984103,1,233244-1-1-102,
WA007,310726,WA003,101,3002A-3007S-3015A-3025S-3033A-3035A-9999A-9999E,18,1022511354,300984110,1,233244-1-1-102,
WA007,310726,WA003,101,3002A-3007S-3015A-3025S-3033A-3035A-9999A-9999E,18,1022511354,300984131,1,233244-1-1-102,
WA007,310726,WA003,101,3002A-3007S-3015A-3025S-3033A-3035A-9999A-9999E,18,1022511354,300984140,1,233244-1-1-102,
WA007,310726,WA003,101,3002A-3007S-3015A-3025S-3033A-3035A-9999A-9999E,18,1022511354,300984141,1,233244-1-1-102,
WA007,310726,WA003,101,3002A-3007S-3015A-3025S-3033A-3035A-9999A-9999E,18,1022511354,300984153,1,233244-1-1-102,
WA007,310726,WA003,101,3002A-3007S-3015A-3025S-3033A-3035A-9999A-9999E,18,1022511354,300984154,1,"",
WA007,310726,WA003,101,3002A-3007S-3015A-3025S-3033A-3035A-9999A-9999E,18,1022511354,300984274,1,"",
WA007,310726,WA003,101,3002A-3007S-3015A-3025S-3033A-3035A-9999A-9999E,18,1022511354,300984275,1,"",
WA007,310726,WA003,101,3002A-3007S-3015A-3025S-3033A-3035A-9999A-9999E,18,1022511358,300984555,1,"",
WA007,310726,WA003,101,3002A-3007S-3015A-3025S-3033A-3035A-9999A-9999E,18,1022511358,300984556,1,"",
WA007,310726,WA003,101,3002A-3007S-3015A-3025S-3033A-3035A-9999A-9999E,18,1022511358,300984557,1,"",
WA007,310726,WA003,101,3002A-3007S-3015A-3025S-3033A-3035A-9999A-9999E,18,1022511358,300984574,1,"",
WA007,310726,WA003,101,3002A-3007S-3015A-3025S-3033A-3035A-9999A-9999E,18,1022511358,300984575,1,"",
WA007,310726,WA003,101,3002A-3007S-3015A-3025S-3033A-3035A-9999A-9999E,18,1022511358,300984617,1,"",
WA007,310726,WA003,101,3002A-3007S-3015A-3025S-3033A-3035A-9999A-9999E,18,1022511358,300984618,1,"",
WA007,310726,WA003,101,3002A-3007S-3015A-3025S-3033A-3035A-9999A-9999E,18,1022511358,300984632,1,"",
WA007,310726,WA003,101,3002A-3007S-3015A-3025S-3033A-3035A-9999A-9999E,18,1022511360,300984691,1,"",
WA007,310726,WA003,101,3002A-3007S-3015A-3025S-3033A-3035A-9999A-9999E,18,1022511360,300984692,1,"",
WA007,310726,WA003,101,3002A-3007S-3015A-3025S-3033A-3035A-9999A-9999E,18,1022511360,300984693,1,"",
WA007,310726,WA003,101,3002A-3007S-3015A-3025S-3033A-3035A-9999A-9999E,18,1022511360,300984760,1,"",
WA007,310726,WA003,101,3002A-3007S-3015A-3025S-3033A-3035A-9999A-9999E,18,1022511360,300984761,1,"",
WA007,310726,WA003,101,3002A-3007S-3015A-3025S-3033A-3035A-9999A-9999E,18,1022511360,300984762,1,"",
WA007,310726,WA003,101,3002A-3007S-3015A-3025S-3033A-3035A-9999A-9999E,18,1022511360,300984763,1,"",
WA007,310726,WA003,101,3002A-3007S-3015A-3025S-3033A-3035A-9999A-9999E,18,1022511360,300984768,1,"",
WA007,310726,WA003,101,3002A-3007S-3015A-3025S-3033A-3035A-9999A-9999E,17,1022511451,300985006,1,"",
WA007,310726,WA003,101,3002A-3007S-3015A-3025S-3033A-3035A-9999A-9999E,17,1022511451,300985007,1,"",
WA007,310726,WA003,101,3002A-3007S-3015A-3025S-3033A-3035A-9999A-9999E,17,1022511451,300985017,1,"",
WA007,310726,WA003,101,3002A-3007S-3015A-3025S-3033A-3035A-9999A-9999E,17,1022511451,300985018,1,"",
WA007,310726,WA003,101,3002A-3007S-3015A-3025S-3033A-3035A-9999A-9999E,17,1022511451,300985089,1,"",
WA007,310726,WA003,101,3002A-3007S-3015A-3025S-3033A-3035A-9999A-9999E,17,1022511451,300985090,1,"",
WA007,310726,WA003,101,3002A-3007S-3015A-3025S-3033A-3035A-9999A-9999E,17,1022511451,300985185,1,"",
WA007,310726,WA003,101,3002A-3007S-3015A-3025S-3033A-3035A-9999A-9999E,16,1022511551,300986448,1,"",
WA007,310726,WA003,101,3002A-3007S-3015A-3025S-3033A-3035A-9999A-9999E,16,1022511551,300986449,1,"",
WA007,310726,WA003,101,3002A-3007S-3015A-3025S-3033A-3035A-9999A-9999E,16,1022511551,300986474,1,"",
WA007,310726,WA003,101,3002A-3007S-3015A-3025S-3033A-3035A-9999A-9999E,16,1022511551,300986475,1,"",
WA007,310726,WA003,101,3002A-3007S-3015A-3025S-3033A-3035A-9999A-9999E,16,1022511551,300986499,1,"",
WA007,310726,WA003,101,3002A-3007S-3015A-3025S-3033A-3035A-9999A-9999E,16,1022511551,300986500,1,"",
WA007,310726,WA003,101,3002A-3007S-3015A-3025S-3033A-3035A-9999A-9999E,16,1022511551,300986501,1,"",
WA007,310726,WA003,101,3002A-3007S-3015A-3025S-3033A-3035A-9999A-9999E,16,1022511551,300986502,1,"",
WA007,310726,WA003,101,3002A-3007S-3015A-3025S-3033A-3035A-9999A-9999E,14,1022511751,300989462,1,"",
WA007,310726,WA003,101,3002A-3007S-3015A-3025S-3033A-3035A-9999A-9999E,14,1022511751,300989463,1,"",
WA007,310726,WA003,101,3002A-3007S-3015A-3025S-3033A-3035A-9999A-9999E,14,1022511751,300989464,1,"",
WA007,310726,WA003,101,3002A-3007S-3015A-3025S-3033A-3035A-9999A-9999E,14,1022511751,300989465,1,"",
WA007,310726,WA003,101,3002A-3007S-3015A-3025S-3033A-3035A-9999A-9999E,14,1022511751,300989539,1,"",
WA007,310726,WA003,101,3002A-3007S-3015A-3025S-3033A-3035A-9999A-9999E,14,1022511751,300989540,1,"",
WA007,310726,WA003,101,3002A-3007S-3015A-3025S-3033A-3035A-9999A-9999E,13,1022511861,300991624,1,"",
WA007,310726,WA003,101,3002A-3007S-3015A-3025S-3033A-3035A-9999A-9999E,13,1022511861,300991625,1,"",
WA007,310726,WA003,101,3002A-3007S-3015A-3025S-3033A-3035A-9999A-9999E,13,1022511861,300991626,0,"",
WA007,310726,WA003,101,3002A-3007S-3015A-3025S-3033A-3035A-9999A-9999E,12,1022511962,300993493,1,"",
WA007,310726,WA003,101,3002A-3007S-3015A-3025S-3033A-3035A-9999A-9999E,12,1022511962,300993494,1,"",
WA007,310726,WA003,101,3002A-3007S-3015A-3025S-3033A-3035A-9999A-9999E,12,1022511962,300993495,1,"",
WA007,310726,WA003,101,3002A-3007S-3015A-3025S-3033A-3035A-9999A-9999E,12,1022511962,300993536,1,"",
WA007,310726,WA003,101,3002A-3007S-3015A-3025S-3033A-3035A-9999A-9999E,11,1022512051,300993614,1,"",
WA007,310726,WA003,101,3002A-3007S-3015A-3025S-3033A-3035A-9999A-9999E,11,1022512051,300993616,1,"",
WA007,310726,WA003,101,3002A-3007S-3015A-3025S-3033A-3035A-9999A-9999E,11,1022512051,300993639,1,"",
WA007,310726,WA003,101,3002A-3007S-3015A-3025S-3033A-3035A-9999A-9999E,11,1022512051,300993640,1,"",
WA007,310726,WA003,101,3002A-3007S-3015A-3025S-3033A-3035A-9999A-9999E,11,1022512051,300993641,1,"",
WA007,310726,WA003,101,3002A-3007S-3015A-3025S-3033A-3035A-9999A-9999E,11,1022512051,300993643,1,"",
WA007,310726,WA003,101,3002A-3007S-3015A-3025S-3033A-3035A-9999A-9999E,11,1022512051,300993644,1,"",
WA007,310726,WA003,101,3002A-3007S-3015A-3025S-3033A-3035A-9999A-9999E,11,1022512051,300993655,1,"",
WA007,310726,WA003,101,3002A-3007S-3015A-3025S-3033A-3035A-9999A-9999E,11,1022512064,300995001,1,"",
WA007,310726,WA003,101,3002A-3007S-3015A-3025S-3033A-3035A-9999A-9999E,11,1022512064,300995036,1,"",
WA007,310726,WA003,101,3002A-3007S-3015A-3025S-3035A-9999A-9999C-9999CS-9999E,21,1022511052,300979658,1,233244-1-1-102,
WA007,310726,WA003,101,3002A-3007S-3015A-3025S-3035A-9999A-9999C-9999CS-9999E,21,1022511052,300979659,1,233244-1-1-102,
WA007,310726,WA003,101,3002A-3007S-3015A-3025S-3035A-9999A-9999C-9999CS-9999E,21,1022511052,300979662,1,233244-1-1-102,
WA007,310726,WA003,101,3002A-3007S-3015A-3025S-3035A-9999A-9999C-9999CS-9999E,21,1022511052,300979664,1,233244-1-1-102,
WA007,310726,WA003,101,3002A-3007S-3015A-3025S-3035A-9999A-9999C-9999CS-9999E,21,1022511052,300979667,1,233244-1-1-102,
WA007,310726,WA003,101,3002A-3007S-3015A-3025S-3035A-9999A-9999C-9999CS-9999E,21,1022511052,300979732,1,233244-1-1-102,
WA007,310726,WA003,101,3002A-3007S-3015A-3025S-3035A-9999A-9999C-9999CS-9999E,21,1022511052,300979733,1,233244-1-1-102,
WA007,310726,WA003,101,3002A-3007S-3015A-3025S-3035A-9999A-9999C-9999CS-9999E,21,1022511052,300979734,1,233244-1-1-102,
WA007,310726,WA003,101,3002A-3007S-3015A-3025S-3035A-9999A-9999C-9999CS-9999E,21,1022511053,300979759,1,233244-1-1-102,
WA007,310726,WA003,101,3002A-3007S-3015A-3025S-3035A-9999A-9999C-9999CS-9999E,21,1022511053,300979760,1,233244-1-1-102,
WA007,310726,WA003,101,3002A-3007S-3015A-3025S-3035A-9999A-9999C-9999CS-9999E,21,1022511053,300979761,1,233244-1-1-102,
WA007,310726,WA003,101,3002A-3007S-3015A-3025S-3035A-9999A-9999C-9999CS-9999E,21,1022511053,300979762,1,233244-1-1-102,
WA007,310726,WA003,101,3002A-3007S-3015A-3025S-3035A-9999A-9999C-9999CS-9999E,21,1022511053,300979786,1,233244-1-1-102,
WA007,310726,WA003,101,3002A-3007S-3015A-3025S-3035A-9999A-9999C-9999CS-9999E,21,1022511053,300979787,1,233244-1-1-102,
WA007,310726,WA003,101,3002A-3007S-3015A-3025S-3035A-9999A-9999C-9999CS-9999E,21,1022511053,300979788,1,233244-1-1-102,
WA007,310726,WA003,101,3002A-3007S-3015A-3025S-3035A-9999A-9999C-9999CS-9999E,21,1022511053,300979789,1,233244-1-1-102,
WA007,310726,WA003,101,3002A-3007S-3015A-3025S-3035A-9999A-9999E,19,1022511261,300983504,1,233244-1-1-102,
WA007,310726,WA003,101,3002A-3007S-3015A-3025S-3035A-9999A-9999E,19,1022511261,300983505,1,233244-1-1-102,
WA007,310726,WA003,101,3002A-3007S-3015A-3025S-3035A-9999A-9999E,19,1022511261,300983506,1,233244-1-1-102,
WA007,310726,WA003,101,3002A-3007S-3015A-3025S-3035A-9999A-9999E,18,1022511355,300984276,1,"",
WA007,310726,WA003,101,3002A-3007S-3015A-3025S-3035A-9999A-9999E,18,1022511355,300984278,1,"",
WA007,310726,WA003,101,3002A-3007S-3015A-3025S-3035A-9999A-9999E,18,1022511355,300984279,1,"",
WA007,310726,WA003,101,3002A-3007S-3015A-3025S-3035A-9999A-9999E,18,1022511355,300984280,1,"",
WA007,310726,WA003,101,3002A-3007S-3015A-3025S-3035A-9999A-9999E,18,1022511355,300984336,1,"",
WA007,310726,WA003,101,3002A-3007S-3015A-3025S-3035A-9999A-9999E,18,1022511355,300984337,1,"",
WA007,310726,WA003,101,3002A-3007S-3015A-3025S-3035A-9999A-9999E,18,1022511355,300984338,1,"",
WA007,310726,WA003,101,3002A-3007S-3015A-3025S-3035A-9999A-9999E,18,1022511355,300984339,1,"",
WA007,310726,WA003,101,3002A-3007S-3015A-3025S-3035A-9999A-9999E,18,1022511356,300984409,1,"",
WA007,310726,WA003,101,3002A-3007S-3015A-3025S-3035A-9999A-9999E,18,1022511356,300984411,1,"",
WA007,310726,WA003,101,3002A-3007S-3015A-3025S-3035A-9999A-9999E,18,1022511356,300984412,1,"",
WA007,310726,WA003,101,3002A-3007S-3015A-3025S-3035A-9999A-9999E,18,1022511356,300984414,1,"",
WA007,310726,WA003,101,3002A-3007S-3015A-3025S-3035A-9999A-9999E,18,1022511356,300984415,1,"",
WA007,310726,WA003,101,3002A-3007S-3015A-3025S-3035A-9999A-9999E,18,1022511356,300984470,1,"",
WA007,310726,WA003,101,3002A-3007S-3015A-3025S-3035A-9999A-9999E,18,1022511356,300984471,1,"",
WA007,310726,WA003,101,3002A-3007S-3015A-3025S-3035A-9999A-9999E,18,1022511356,300984472,1,"",
WA007,310726,WA003,101,3002A-3007S-3015A-3025S-3035A-9999A-9999E,18,1022511357,300984511,1,"",
WA007,310726,WA003,101,3002A-3007S-3015A-3025S-3035A-9999A-9999E,18,1022511357,300984512,1,"",
WA007,310726,WA003,101,3002A-3007S-3015A-3025S-3035A-9999A-9999E,18,1022511357,300984513,1,"",
WA007,310726,WA003,101,3002A-3007S-3015A-3025S-3035A-9999A-9999E,18,1022511357,300984514,1,"",
WA007,310726,WA003,101,3002A-3007S-3015A-3025S-3035A-9999A-9999E,18,1022511357,300984515,1,"",
WA007,310726,WA003,101,3002A-3007S-3015A-3025S-3035A-9999A-9999E,18,1022511357,300984516,1,"",
WA007,310726,WA003,101,3002A-3007S-3015A-3025S-3035A-9999A-9999E,18,1022511357,300984517,1,"",
WA007,310726,WA003,101,3002A-3007S-3015A-3025S-3035A-9999A-9999E,18,1022511357,300984518,1,"",
WA007,310726,WA003,101,3002A-3007S-3015A-3025S-3035A-9999A-9999E,17,1022511457,300985717,1,"",
WA007,310726,WA003,101,3002A-3007S-3015A-3025S-3035A-9999A-9999E,17,1022511457,300985752,1,"",
WA007,310726,WA003,101,3002A-3007S-3015A-3025S-3035A-9999A-9999E,17,1022511457,300985754,1,"",
WA007,310726,WA003,101,3002A-3007S-3015A-3025S-3035A-9999A-9999E,17,1022511457,300985755,1,"",
WA007,310726,WA003,101,3002A-3007S-3015A-3025S-3035A-9999A-9999E,17,1022511457,300985756,1,"",
WA007,310726,WA003,101,3002A-3007S-3015A-3025S-3035A-9999A-9999E,17,1022511457,300985771,1,233244-1-1-102,
WA007,310726,WA003,101,3002A-3007S-3015A-3025S-3035A-9999A-9999E,17,1022511457,300985773,1,233244-1-1-102,
WA007,310726,WA003,101,3002A-3007S-3015A-3025S-3035A-9999A-9999E,16,1022511563,300987814,1,"",
WA007,310726,WA003,101,3002A-3007S-3015A-3025S-3035A-9999A-9999E,16,1022511563,300987815,1,"",
WA007,310726,WA003,101,3002A-3007S-3015A-3025S-3035A-9999A-9999E,16,1022511563,300987816,1,"",
WA007,310726,WA003,101,3002A-3007S-3015A-3025S-3035A-9999A-9999E,16,1022511563,300987819,1,"",
WA007,310726,WA003,101,3002A-3007S-3015A-3025S-3035A-9999A-9999E,15,1022511664,300989361,1,"",
WA007,310726,WA003,101,3002A-3007S-3015A-3025S-3035A-9999A-9999E,15,1022511664,300989362,1,"",
WA007,310726,WA003,101,3002A-3007S-3015A-3025S-3035A-9999A-9999E,15,1022511664,300989363,1,"",
WA007,310726,WA003,101,3002A-3007S-3015A-3025S-3035A-9999A-9999E,15,1022511664,300989364,1,"",
WA007,310726,WA003,101,3002A-3007S-3015A-3025S-3035A-9999A-9999E,15,1022511664,300989365,1,"",
WA007,310726,WA003,101,3002A-3007S-3015A-3025S-3035A-9999A-9999E,15,1022511664,300989366,1,"",
WA007,310726,WA003,101,3002A-3007S-3015A-3025S-3035A-9999A-9999E,15,1022511664,300989409,1,"",
WA007,310726,WA003,101,3002A-3007S-3015A-3025S-3035A-9999A-9999E,15,1022511664,300989410,1,"",
WA007,310726,WA003,101,3002A-3007S-3015A-3025S-9999A-9999E,15,1022511665,300989414,1,"",
WA007,310726,WA003,101,3002A-3007S-3015A-3025S-9999A-9999E,15,1022511665,300989415,0,"",
WA007,310726,WA003,101,3002A-3007S-3015A-3033A-3035A-9999A-9999E,15,1022511651,300988027,1,"",
WA007,310726,WA003,101,3002A-3007S-3015A-3033A-3035A-9999A-9999E,15,1022511651,300988028,1,"",
WA007,310726,WA003,101,3002A-3007S-3015A-3033A-3035A-9999A-9999E,15,1022511651,300988029,1,"",
WA007,310726,WA003,101,3002A-3007S-3015A-3033A-3035A-9999A-9999E,15,1022511651,300988030,1,"",
WA007,310726,WA003,101,3002A-3007S-3015A-3033A-3035A-9999A-9999E,15,1022511651,300988066,1,"",
WA007,310726,WA003,101,3002A-3007S-3015A-3033A-3035A-9999A-9999E,15,1022511651,300988067,1,"",
WA007,310726,WA003,101,3002A-3007S-3015A-3033A-3035A-9999A-9999E,15,1022511651,300988068,1,"",
WA007,310726,WA003,101,3002A-3007S-3015A-3033A-3035A-9999A-9999E,15,1022511651,300988141,1,"",
WA007,310726,WA003,101,3002A-3007S-3025S-3033A-3035A-9999A-9999C-9999CS-9999E,57,1022507457,300930961,1,233170-1-1-101,
WA007,310726,WA003,101,3002A-3007S-3025S-3033A-3035A-9999A-9999C-9999CS-9999E,57,1022507457,300930963,1,233170-1-1-101,
WA007,310726,WA003,101,3002A-3007S-3025S-3033A-3035A-9999A-9999C-9999CS-9999E,57,1022507457,300930964,1,233170-1-1-101,
WA007,310726,WA003,101,3002A-3007S-3025S-3033A-3035A-9999A-9999C-9999CS-9999E,57,1022507457,300930967,1,233170-1-1-101,
WA007,310726,WA003,101,3002A-3007S-3025S-3033A-3035A-9999A-9999C-9999CS-9999E,57,1022507457,300930980,1,233170-1-1-101,
WA007,310726,WA003,101,3002A-3007S-3025S-3033A-3035A-9999A-9999C-9999CS-9999E,57,1022507457,300930991,1,233170-1-1-101,
WA007,310726,WA003,101,3002A-3007S-3025S-3033A-3035A-9999A-9999C-9999CS-9999E,57,1022507457,300930992,1,233170-1-1-101,
WA007,310726,WA003,101,3002A-3007S-3025S-3033A-3035A-9999A-9999C-9999CS-9999E,57,1022507457,300931039,1,233170-1-1-101,
WA007,310726,WA003,101,3002A-3007S-3025S-3033A-3035A-9999A-9999E,25,1022510651,300973805,1,233227-1-1-102,
WA007,310726,WA003,101,3002A-3007S-3025S-3033A-3035A-9999A-9999E,25,1022510651,300973883,1,233227-1-1-102,
WA007,310726,WA003,101,3002A-3007S-3025S-3033A-3035A-9999A-9999E,25,1022510651,300973885,1,233227-1-1-102,
WA007,310726,WA003,101,3002A-3007S-3025S-3033A-3035A-9999A-9999E,25,1022510651,300973911,1,233227-1-1-102,
WA007,310726,WA003,101,3002A-3007S-3025S-3033A-3035A-9999A-9999E,25,1022510651,300973912,1,233227-1-1-102,
WA007,310726,WA003,101,3002A-3007S-3025S-3033A-3035A-9999A-9999E,25,1022510651,300973913,1,233227-1-1-102,
WA007,310726,WA003,101,3002A-3007S-3025S-3033A-3035A-9999A-9999E,25,1022510651,300973914,1,233227-1-1-102,
WA007,310726,WA003,101,3002A-3007S-3025S-3033A-3035A-9999A-9999E,25,1022510651,300973915,1,233227-1-1-102,
WA007,310726,WA003,101,3002A-3007S-3025S-3033A-3035A-9999A-9999E,18,1022511351,300983901,1,233244-1-1-102,
WA007,310726,WA003,101,3002A-3007S-3025S-3033A-3035A-9999A-9999E,18,1022511351,300983902,1,233244-1-1-102,
WA007,310726,WA003,101,3002A-3007S-3025S-3033A-3035A-9999A-9999E,18,1022511351,300983903,1,233244-1-1-102,
WA007,310726,WA003,101,3002A-3007S-3025S-3033A-3035A-9999A-9999E,18,1022511351,300983904,1,233244-1-1-102,
WA007,310726,WA003,101,3002A-3007S-3025S-3033A-3035A-9999A-9999E,18,1022511351,300983905,1,233244-1-1-102,
WA007,310726,WA003,101,3002A-3007S-3025S-3033A-3035A-9999A-9999E,18,1022511351,300983906,1,233244-1-1-102,
WA007,310726,WA003,101,3002A-3007S-3025S-3033A-3035A-9999A-9999E,18,1022511351,300983907,1,233244-1-1-102,
WA007,310726,WA003,101,3002A-3007S-3025S-3033A-3035A-9999A-9999E,18,1022511351,300983910,1,233244-1-1-102,
WA007,310726,WA003,101,3002A-3025S-3033A-9999A-9999C-9999CS-9999E,21,1022511054,300979807,1,233244-1-1-102,
WA007,310726,WA003,101,3002A-3025S-3033A-9999A-9999C-9999CS-9999E,21,1022511054,300979808,1,233244-1-1-102,
WA007,310726,WA003,101,3002A-3025S-3033A-9999A-9999C-9999CS-9999E,21,1022511054,300979809,1,233244-1-1-102,
WA007,310726,WA003,101,3002A-3025S-3033A-9999A-9999C-9999CS-9999E,21,1022511054,300979868,1,233244-1-1-102,
WA007,310726,WA003,101,3002A-3025S-3033A-9999A-9999C-9999CS-9999E,21,1022511054,300979869,1,233244-1-1-102,
WA007,310726,WA003,101,3002A-3025S-3033A-9999A-9999C-9999CS-9999E,21,1022511054,300979870,1,233244-1-1-102,
WA007,310726,WA003,101,3002A-3025S-3033A-9999A-9999C-9999CS-9999E,21,1022511054,300979908,1,233244-1-1-102,
WA007,310726,WA003,101,3002A-3025S-3033A-9999A-9999C-9999CS-9999E,21,1022511054,300979909,1,233244-1-1-102,
WA007,310726,WA003,101,3002A-3025S-3033A-9999A-9999C-9999CS-9999E,17,1022511452,300985252,1,"",
WA007,310726,WA003,101,3002A-3025S-3033A-9999A-9999C-9999CS-9999E,17,1022511452,300985253,1,"",
WA007,310726,WA003,101,3002A-3025S-3033A-9999A-9999C-9999CS-9999E,17,1022511452,300985254,1,"",
WA007,310726,WA003,101,3002A-3025S-3033A-9999A-9999C-9999CS-9999E,17,1022511452,300985255,1,"",
WA007,310726,WA003,101,3002A-3025S-3033A-9999A-9999C-9999CS-9999E,17,1022511452,300985256,1,"",
WA007,310726,WA003,101,3002A-3025S-3033A-9999A-9999C-9999CS-9999E,17,1022511452,300985331,1,"",
WA007,310726,WA003,101,3002A-3025S-3033A-9999A-9999C-9999CS-9999E,17,1022511452,300985332,1,"",
WA007,310726,WA003,101,3002A-3025S-3033A-9999A-9999C-9999CS-9999E,17,1022511452,300985333,1,"",
WA007,310726,WA003,101,3002A-3025S-3033A-9999A-9999E,48,1022508359,300943283,1,233198-1-1-110,
WA007,310726,WA003,101,3002A-3025S-3033A-9999A-9999E,48,1022508359,300943284,1,233198-1-1-110,
WA007,310726,WA003,101,3002A-3025S-3033A-9999A-9999E,48,1022508359,300943293,1,233198-1-1-110,
WA007,310726,WA003,101,3002A-3025S-3033A-9999A-9999E,48,1022508359,300943301,1,233198-1-1-110,
WA007,310726,WA003,101,3002A-3025S-3033A-9999A-9999E,48,1022508359,300943303,1,233198-1-1-110,
WA007,310726,WA003,101,3002A-3025S-3033A-9999A-9999E,48,1022508359,300943307,1,233198-1-1-110,
WA007,310726,WA003,101,3002A-3025S-3033A-9999A-9999E,48,1022508359,300943374,1,233198-1-1-110,
WA007,310726,WA003,101,3002A-3025S-3033A-9999A-9999E,48,1022508359,300943375,1,233198-1-1-110,
WA007,310726,WA003,101,3002A-3025S-3033A-9999A-9999E,48,1022508360,300943381,1,233198-1-1-110,
WA007,310726,WA003,101,3002A-3025S-3033A-9999A-9999E,48,1022508360,300943387,1,233198-1-1-110,
WA007,310726,WA003,101,3002A-3025S-3033A-9999A-9999E,48,1022508360,300943411,1,233198-1-1-110,
WA007,310726,WA003,101,3002A-3025S-3033A-9999A-9999E,48,1022508360,300943412,1,233198-1-1-110,
WA007,310726,WA003,101,3002A-3025S-3033A-9999A-9999E,48,1022508360,300943418,1,233198-1-1-110,
WA007,310726,WA003,101,3002A-3025S-3033A-9999A-9999E,48,1022508360,300943422,1,233198-1-1-110,
WA007,310726,WA003,101,3002A-3025S-3033A-9999A-9999E,48,1022508360,300943435,1,233198-1-1-110,
WA007,310726,WA003,101,3002A-3025S-3033A-9999A-9999E,48,1022508360,300943436,1,233198-1-1-110,
WA007,310726,WA003,101,3002A-3025S-3033A-9999A-9999E,48,1022508361,300943437,1,233198-1-1-110,
WA007,310726,WA003,101,3002A-3025S-3033A-9999A-9999E,48,1022508361,300943438,1,233198-1-1-110,
WA007,310726,WA003,101,3002A-3025S-3033A-9999A-9999E,48,1022508361,300943443,1,233198-1-1-110,
WA007,310726,WA003,101,3002A-3025S-3033A-9999A-9999E,48,1022508361,300943450,1,233198-1-1-110,
WA007,310726,WA003,101,3002A-3025S-3033A-9999A-9999E,48,1022508361,300943467,0,"",
WA007,310726,WA003,101,3005WGUM-3005WGUM-3007DRYGUM-3007FO-3007S-3025S-3033A-3035A-9999A-9999C-9999CS-9999E,28,1022510353,300969891,1,232128-1-6-125,
WA007,310726,WA003,101,3005WGUM-3005WGUM-3007DRYGUM-3007FO-3007S-3025S-3033A-3035A-9999A-9999C-9999CS-9999E,28,1022510353,300969892,1,232128-1-6-125,
WA007,310726,WA003,101,3005WGUM-3005WGUM-3007DRYGUM-3007FO-3007S-3025S-3033A-3035A-9999A-9999C-9999CS-9999E,28,1022510353,300969893,1,232128-1-6-125,
WA007,310726,WA003,101,3005WGUM-3005WGUM-3007DRYGUM-3007FO-3007S-3025S-3033A-3035A-9999A-9999C-9999CS-9999E,28,1022510353,300969894,1,232128-1-6-125,
WA007,310726,WA003,101,3005WGUM-3005WGUM-3007DRYGUM-3007FO-3007S-3025S-3033A-3035A-9999A-9999C-9999CS-9999E,28,1022510353,300969895,1,232128-1-6-125,
WA007,310726,WA003,101,3005WGUM-3005WGUM-3007DRYGUM-3007FO-3007S-3025S-3033A-3035A-9999A-9999C-9999CS-9999E,28,1022510353,300969896,1,232128-1-6-125,
WA007,310726,WA003,101,3005WGUM-3005WGUM-3007DRYGUM-3007FO-3007S-3025S-3033A-3035A-9999A-9999C-9999CS-9999E,28,1022510353,300969897,1,232128-1-6-125,
WA007,310726,WA003,101,3005WGUM-3005WGUM-3007DRYGUM-3007FO-3007S-3025S-3033A-3035A-9999A-9999C-9999CS-9999E,28,1022510353,300969898,1,232128-1-6-125,
WA007,310726,WA003,101,3005WGUM-3005WGUM-3007DRYGUM-3007FO-3007S-3025S-3033A-3035A-9999A-9999C-9999CS-9999E,28,1022510354,300970009,1,232128-1-6-125,
WA007,310726,WA003,101,3005WGUM-3005WGUM-3007DRYGUM-3007FO-3007S-3025S-3033A-3035A-9999A-9999C-9999CS-9999E,28,1022510354,300970010,1,232128-1-6-125,
WA007,310726,WA003,101,3005WGUM-3005WGUM-3007DRYGUM-3007FO-3007S-3025S-3033A-3035A-9999A-9999C-9999CS-9999E,28,1022510354,300970011,1,232128-1-6-125,
WA007,310726,WA003,101,3005WGUM-3005WGUM-3007DRYGUM-3007FO-3007S-3025S-3033A-3035A-9999A-9999C-9999CS-9999E,28,1022510354,300970012,1,232128-1-6-125,
WA007,310726,WA003,101,3005WGUM-3005WGUM-3007DRYGUM-3007FO-3007S-3025S-3033A-3035A-9999A-9999C-9999CS-9999E,28,1022510354,300970066,1,232128-1-6-125,
WA007,310726,WA003,101,3005WGUM-3005WGUM-3007DRYGUM-3007FO-3007S-3025S-3033A-3035A-9999A-9999C-9999CS-9999E,28,1022510354,300970067,1,232128-1-6-125,
WA007,310726,WA003,101,3005WGUM-3005WGUM-3007DRYGUM-3007FO-3007S-3025S-3033A-3035A-9999A-9999C-9999CS-9999E,28,1022510354,300970068,1,232128-1-6-125,
WA007,310726,WA003,101,3005WGUM-3005WGUM-3007DRYGUM-3007FO-3007S-3025S-3033A-3035A-9999A-9999C-9999CS-9999E,28,1022510354,300970069,1,232128-1-6-125,
WA007,310726,WA003,101,3005WGUM-3005WGUM-3007DRYGUM-3007FO-3007S-3025S-3033A-3035A-9999A-9999C-9999CS-9999E,28,1022510355,300970100,1,232128-1-6-125,
WA007,310726,WA003,101,3005WGUM-3005WGUM-3007DRYGUM-3007FO-3007S-3025S-3033A-3035A-9999A-9999C-9999CS-9999E,28,1022510355,300970101,1,232128-1-6-125,
WA007,310726,WA003,101,3005WGUM-3005WGUM-3007DRYGUM-3007FO-3007S-3025S-3033A-3035A-9999A-9999C-9999CS-9999E,28,1022510355,300970102,1,232128-1-6-125,
WA007,310726,WA003,101,3005WGUM-3005WGUM-3007DRYGUM-3007FO-3007S-3025S-3033A-3035A-9999A-9999C-9999CS-9999E,28,1022510355,300970104,1,232128-1-6-125,
WA007,310726,WA003,101,3005WGUM-3005WGUM-3007DRYGUM-3007FO-3007S-3025S-3033A-3035A-9999A-9999C-9999CS-9999E,28,1022510355,300970124,1,232128-1-6-125,
WA007,310726,WA003,101,3005WGUM-3005WGUM-3007DRYGUM-3007FO-3007S-3025S-3033A-3035A-9999A-9999C-9999CS-9999E,28,1022510355,300970125,1,232128-1-6-125,
WA007,310726,WA003,101,3005WGUM-3005WGUM-3007DRYGUM-3007FO-3007S-3025S-3033A-3035A-9999A-9999C-9999CS-9999E,28,1022510355,300970147,1,232128-1-6-125,
WA007,310726,WA003,101,3005WGUM-3005WGUM-3007DRYGUM-3007FO-3007S-3025S-3033A-3035A-9999A-9999C-9999CS-9999E,28,1022510355,300970148,1,232128-1-6-125,
WA007,310726,WA003,101,3005WGUM-3005WGUM-3007DRYGUM-3007FO-3007S-3025S-3033A-3035A-9999A-9999C-9999CS-9999E,28,1022510356,300970249,1,232128-1-6-125,
WA007,310726,WA003,101,3005WGUM-3005WGUM-3007DRYGUM-3007FO-3007S-3025S-3033A-3035A-9999A-9999C-9999CS-9999E,28,1022510356,300970250,1,232128-1-6-125,
WA007,310726,WA003,101,3005WGUM-3005WGUM-3007DRYGUM-3007FO-3007S-3025S-3033A-3035A-9999A-9999C-9999CS-9999E,28,1022510356,300970251,1,232128-1-6-125,
WA007,310726,WA003,101,3005WGUM-3005WGUM-3007DRYGUM-3007FO-3007S-3025S-3033A-3035A-9999A-9999C-9999CS-9999E,28,1022510356,300970252,1,232128-1-6-125,
WA007,310726,WA003,101,3005WGUM-3005WGUM-3007DRYGUM-3007FO-3007S-3025S-3033A-3035A-9999A-9999C-9999CS-9999E,28,1022510356,300970274,1,232128-1-6-125,
WA007,310726,WA003,101,3005WGUM-3005WGUM-3007DRYGUM-3007FO-3007S-3025S-3033A-3035A-9999A-9999C-9999CS-9999E,28,1022510356,300970275,1,232128-1-6-125,
WA007,310726,WA003,101,3005WGUM-3005WGUM-3007DRYGUM-3007FO-3007S-3025S-3033A-3035A-9999A-9999C-9999CS-9999E,28,1022510356,300970276,1,232128-1-6-125,
WA007,310726,WA003,101,3005WGUM-3005WGUM-3007DRYGUM-3007FO-3007S-3025S-3033A-3035A-9999A-9999C-9999CS-9999E,28,1022510356,300970277,1,232128-1-6-125,
WA007,310726,WA003,101,3005WGUM-3005WGUM-3007DRYGUM-3007FO-3007S-3025S-3033A-3035A-9999A-9999C-9999CS-9999E,28,1022510357,300970320,1,232128-1-6-125,
WA007,310726,WA003,101,3005WGUM-3005WGUM-3007DRYGUM-3007FO-3007S-3025S-3033A-3035A-9999A-9999C-9999CS-9999E,28,1022510357,300970321,1,232128-1-6-125,
WA007,310726,WA003,101,3005WGUM-3005WGUM-3007DRYGUM-3007FO-3007S-3025S-3033A-3035A-9999A-9999C-9999CS-9999E,28,1022510357,300970322,1,232128-1-6-125,
WA007,310726,WA003,101,3005WGUM-3005WGUM-3007DRYGUM-3007FO-3007S-3025S-3033A-3035A-9999A-9999C-9999CS-9999E,28,1022510357,300970323,1,232128-1-6-125,
WA007,310726,WA003,101,3005WGUM-3005WGUM-3007DRYGUM-3007FO-3007S-3025S-3033A-3035A-9999A-9999C-9999CS-9999E,28,1022510357,300970326,1,232128-1-6-125,
WA007,310726,WA003,101,3005WGUM-3005WGUM-3007DRYGUM-3007FO-3007S-3025S-3033A-3035A-9999A-9999C-9999CS-9999E,28,1022510357,300970341,1,232128-1-6-125,
WA007,310726,WA003,101,3005WGUM-3005WGUM-3007DRYGUM-3007FO-3007S-3025S-3033A-3035A-9999A-9999C-9999CS-9999E,28,1022510357,300970342,1,232128-1-6-125,
WA007,310726,WA003,101,3005WGUM-3005WGUM-3007DRYGUM-3007FO-3007S-3025S-3033A-3035A-9999A-9999C-9999CS-9999E,28,1022510357,300970343,1,232128-1-6-125,
WA007,310726,WA003,101,3005WGUM-3005WGUM-3007DRYGUM-3007FO-3007S-3025S-3033A-3035A-9999A-9999C-9999CS-9999E,27,1022510458,300971802,1,"",
WA007,310726,WA003,101,3005WGUM-3005WGUM-3007DRYGUM-3007FO-3007S-3025S-3033A-3035A-9999A-9999C-9999CS-9999E,27,1022510458,300971803,1,"",
WA007,310726,WA003,101,3005WGUM-3005WGUM-3007DRYGUM-3007FO-3007S-3025S-3033A-3035A-9999A-9999C-9999CS-9999E,27,1022510458,300971804,1,"",
WA007,310726,WA003,101,3005WGUM-3005WGUM-3007DRYGUM-3007FO-3007S-3025S-3033A-3035A-9999A-9999C-9999CS-9999E,27,1022510458,300971836,1,"",
WA007,310726,WA003,101,3005WGUM-3005WGUM-3007DRYGUM-3007FO-3007S-3025S-3033A-3035A-9999A-9999C-9999CS-9999E,27,1022510458,300971838,1,"",
WA007,310726,WA003,101,3005WGUM-3005WGUM-3007DRYGUM-3007FO-3007S-3025S-3033A-3035A-9999A-9999C-9999CS-9999E,27,1022510458,300971839,1,"",
WA007,310726,WA003,101,3005WGUM-3005WGUM-3007DRYGUM-3007FO-3007S-3025S-3033A-3035A-9999A-9999C-9999CS-9999E,27,1022510458,300971843,1,"",
WA007,310726,WA003,101,3005WGUM-3005WGUM-3007DRYGUM-3007FO-3007S-3025S-3033A-3035A-9999A-9999C-9999CS-9999E,27,1022510458,300971861,1,"",
WA007,310726,WA003,101,3005WGUM-3005WGUM-3007DRYGUM-3007FO-3007S-3025S-3033A-3035A-9999A-9999C-9999CS-9999E,27,1022510459,300971867,1,"",
WA007,310726,WA003,101,3005WGUM-3005WGUM-3007DRYGUM-3007FO-3007S-3025S-3033A-3035A-9999A-9999C-9999CS-9999E,27,1022510459,300971868,1,"",
WA007,310726,WA003,101,3005WGUM-3005WGUM-3007DRYGUM-3007FO-3007S-3025S-3033A-3035A-9999A-9999C-9999CS-9999E,27,1022510459,300971882,1,"",
WA007,310726,WA003,101,3005WGUM-3005WGUM-3007DRYGUM-3007FO-3007S-3025S-3033A-3035A-9999A-9999C-9999CS-9999E,27,1022510459,300971883,1,"",
WA007,310726,WA003,101,3005WGUM-3005WGUM-3007DRYGUM-3007FO-3007S-3025S-3033A-3035A-9999A-9999C-9999CS-9999E,27,1022510459,300971894,1,"",
WA007,310726,WA003,101,3005WGUM-3005WGUM-3007DRYGUM-3007FO-3007S-3025S-3033A-3035A-9999A-9999C-9999CS-9999E,27,1022510459,300971895,1,"",
WA007,310726,WA003,101,3005WGUM-3005WGUM-3007DRYGUM-3007FO-3007S-3025S-3033A-3035A-9999A-9999C-9999CS-9999E,27,1022510459,300971926,1,"",
WA007,310726,WA003,101,3005WGUM-3005WGUM-3007DRYGUM-3007FO-3007S-3025S-3033A-3035A-9999A-9999C-9999CS-9999E,27,1022510459,300971927,1,"",
WA007,310726,WA003,101,3005WGUM-3005WGUM-3007DRYGUM-3007FO-3007S-3025S-3033A-3035A-9999A-9999C-9999CS-9999E,27,1022510460,300971928,1,"",
WA007,310726,WA003,101,3005WGUM-3005WGUM-3007DRYGUM-3007FO-3007S-3025S-3033A-3035A-9999A-9999C-9999CS-9999E,27,1022510460,300971973,1,"",
WA007,310726,WA003,101,3005WGUM-3005WGUM-3007DRYGUM-3007FO-3007S-3025S-3033A-3035A-9999A-9999C-9999CS-9999E,27,1022510460,300971974,1,"",
WA007,310726,WA003,101,3005WGUM-3005WGUM-3007DRYGUM-3007FO-3007S-3025S-3033A-3035A-9999A-9999C-9999CS-9999E,27,1022510460,300971975,1,"",
WA007,310726,WA003,101,3005WGUM-3005WGUM-3007DRYGUM-3007FO-3007S-3025S-3033A-3035A-9999A-9999C-9999CS-9999E,27,1022510460,300971976,1,"",
WA007,310726,WA003,101,3005WGUM-3005WGUM-3007DRYGUM-3007FO-3007S-3025S-3033A-3035A-9999A-9999C-9999CS-9999E,27,1022510460,300971979,1,"",
WA007,310726,WA003,101,3005WGUM-3005WGUM-3007DRYGUM-3007FO-3007S-3025S-3033A-3035A-9999A-9999C-9999CS-9999E,27,1022510460,300971981,1,"",
WA007,310726,WA003,101,3005WGUM-3005WGUM-3007DRYGUM-3007FO-3007S-3025S-3033A-3035A-9999A-9999C-9999CS-9999E,27,1022510460,300971982,1,"",
WA007,310726,WA003,101,3005WGUM-3005WGUM-3007DRYGUM-3007FO-3007S-3025S-3033A-3035A-9999A-9999C-9999CS-9999E,26,1022510553,300972647,1,"",
WA007,310726,WA003,101,3005WGUM-3005WGUM-3007DRYGUM-3007FO-3007S-3025S-3033A-3035A-9999A-9999C-9999CS-9999E,26,1022510553,300972648,1,"",
WA007,310726,WA003,101,3005WGUM-3005WGUM-3007DRYGUM-3007FO-3007S-3025S-3033A-3035A-9999A-9999C-9999CS-9999E,26,1022510553,300972649,1,"",
WA007,310726,WA003,101,3005WGUM-3005WGUM-3007DRYGUM-3007FO-3007S-3025S-3033A-3035A-9999A-9999C-9999CS-9999E,26,1022510553,300972650,1,"",
WA007,310726,WA003,101,3005WGUM-3005WGUM-3007DRYGUM-3007FO-3007S-3025S-3033A-3035A-9999A-9999C-9999CS-9999E,26,1022510553,300972688,1,"",
WA007,310726,WA003,101,3005WGUM-3005WGUM-3007DRYGUM-3007FO-3007S-3025S-3033A-3035A-9999A-9999C-9999CS-9999E,26,1022510553,300972689,1,"",
WA007,310726,WA003,101,3005WGUM-3005WGUM-3007DRYGUM-3007FO-3007S-3025S-3033A-3035A-9999A-9999C-9999CS-9999E,26,1022510553,300972690,1,"",
WA007,310726,WA003,101,3005WGUM-3005WGUM-3007DRYGUM-3007FO-3007S-3025S-3033A-3035A-9999A-9999C-9999CS-9999E,26,1022510553,300972691,1,"",
WA007,310726,WA003,101,3005WGUM-3005WGUM-3007DRYGUM-3007FO-3007S-3025S-3033A-3035A-9999A-9999C-9999CS-9999E,26,1022510554,300972713,1,"",
WA007,310726,WA003,101,3005WGUM-3005WGUM-3007DRYGUM-3007FO-3007S-3025S-3033A-3035A-9999A-9999C-9999CS-9999E,26,1022510554,300972714,1,"",
WA007,310726,WA003,101,3005WGUM-3005WGUM-3007DRYGUM-3007FO-3007S-3025S-3033A-3035A-9999A-9999C-9999CS-9999E,26,1022510554,300972715,1,"",
WA007,310726,WA003,101,3005WGUM-3005WGUM-3007DRYGUM-3007FO-3007S-3025S-3033A-3035A-9999A-9999C-9999CS-9999E,26,1022510554,300972744,1,"",
WA007,310726,WA003,101,3005WGUM-3005WGUM-3007DRYGUM-3007FO-3007S-3025S-3033A-3035A-9999A-9999C-9999CS-9999E,26,1022510554,300972745,1,"",
WA007,310726,WA003,101,3005WGUM-3005WGUM-3007DRYGUM-3007FO-3007S-3025S-3033A-3035A-9999A-9999C-9999CS-9999E,26,1022510554,300972746,1,"",
WA007,310726,WA003,101,3005WGUM-3005WGUM-3007DRYGUM-3007FO-3007S-3025S-3033A-3035A-9999A-9999C-9999CS-9999E,26,1022510554,300972747,1,"",
WA007,310726,WA003,101,3005WGUM-3005WGUM-3007DRYGUM-3007FO-3007S-3025S-3033A-3035A-9999A-9999C-9999CS-9999E,26,1022510554,300972748,1,"",
WA007,310726,WA003,101,3005WGUM-3005WGUM-3007DRYGUM-3007FO-3007S-3025S-3033A-3035A-9999A-9999C-9999CS-9999E,26,1022510555,300972820,1,"",
WA007,310726,WA003,101,3005WGUM-3005WGUM-3007DRYGUM-3007FO-3007S-3025S-3033A-3035A-9999A-9999C-9999CS-9999E,26,1022510555,300972821,1,"",
WA007,310726,WA003,101,3005WGUM-3005WGUM-3007DRYGUM-3007FO-3007S-3025S-3033A-3035A-9999A-9999C-9999CS-9999E,26,1022510555,300972822,1,"",
WA007,310726,WA003,101,3005WGUM-3005WGUM-3007DRYGUM-3007FO-3007S-3025S-3033A-3035A-9999A-9999C-9999CS-9999E,26,1022510555,300972823,1,"",
WA007,310726,WA003,101,3005WGUM-3005WGUM-3007DRYGUM-3007FO-3007S-3025S-3033A-3035A-9999A-9999C-9999CS-9999E,26,1022510555,300972824,1,"",
WA007,310726,WA003,101,3005WGUM-3005WGUM-3007DRYGUM-3007FO-3007S-3025S-3033A-3035A-9999A-9999C-9999CS-9999E,26,1022510555,300972825,1,"",
WA007,310726,WA003,101,3005WGUM-3005WGUM-3007DRYGUM-3007FO-3007S-3025S-3033A-3035A-9999A-9999C-9999CS-9999E,26,1022510555,300972828,1,"",
WA007,310726,WA003,101,3005WGUM-3005WGUM-3007DRYGUM-3007FO-3007S-3025S-3033A-3035A-9999A-9999C-9999CS-9999E,26,1022510555,300972829,1,"",
WA007,310726,WA003,101,3005WGUM-3005WGUM-3007DRYGUM-3007FO-3007S-3025S-3033A-3035A-9999A-9999C-9999CS-9999E,26,1022510556,300972830,1,"",
WA007,310726,WA003,101,3005WGUM-3005WGUM-3007DRYGUM-3007FO-3007S-3025S-3033A-3035A-9999A-9999C-9999CS-9999E,26,1022510556,300972836,1,"",
WA007,310726,WA003,101,3005WGUM-3005WGUM-3007DRYGUM-3007FO-3007S-3025S-3033A-3035A-9999A-9999C-9999CS-9999E,26,1022510556,300972857,1,"",
WA007,310726,WA003,101,3005WGUM-3005WGUM-3007DRYGUM-3007FO-3007S-3025S-3033A-3035A-9999A-9999C-9999CS-9999E,26,1022510556,300972858,1,"",
WA007,310726,WA003,101,3005WGUM-3005WGUM-3007DRYGUM-3007FO-3007S-3025S-3033A-3035A-9999A-9999C-9999CS-9999E,26,1022510556,300972860,1,"",
WA007,310726,WA003,101,3005WGUM-3005WGUM-3007DRYGUM-3007FO-3007S-3025S-3033A-3035A-9999A-9999C-9999CS-9999E,26,1022510556,300972878,1,"",
WA007,310726,WA003,101,3005WGUM-3005WGUM-3007DRYGUM-3007FO-3007S-3025S-3033A-3035A-9999A-9999C-9999CS-9999E,26,1022510556,300972879,1,"",
WA007,310726,WA003,101,3005WGUM-3005WGUM-3007DRYGUM-3007FO-3007S-3025S-3033A-3035A-9999A-9999C-9999CS-9999E,26,1022510556,300972895,1,"",
WA007,310726,WA003,101,3005WGUM-3005WGUM-3007DRYGUM-3007FO-3007S-3025S-3033A-3035A-9999A-9999C-9999CS-9999E,26,1022510557,300972896,1,"",
WA007,310726,WA003,101,3005WGUM-3005WGUM-3007DRYGUM-3007FO-3007S-3025S-3033A-3035A-9999A-9999C-9999CS-9999E,26,1022510557,300972925,1,"",
WA007,310726,WA003,101,3005WGUM-3005WGUM-3007DRYGUM-3007FO-3007S-3025S-3033A-3035A-9999A-9999C-9999CS-9999E,26,1022510557,300972926,1,"",
WA007,310726,WA003,101,3005WGUM-3005WGUM-3007DRYGUM-3007FO-3007S-3025S-3033A-3035A-9999A-9999C-9999CS-9999E,26,1022510557,300972927,1,"",
WA007,310726,WA003,101,3005WGUM-3005WGUM-3007DRYGUM-3007FO-3007S-3025S-3033A-3035A-9999A-9999C-9999CS-9999E,26,1022510557,300972928,1,"",
WA007,310726,WA003,101,3005WGUM-3005WGUM-3007DRYGUM-3007FO-3007S-3025S-3033A-3035A-9999A-9999C-9999CS-9999E,26,1022510557,300972944,1,"",
WA007,310726,WA003,101,3005WGUM-3005WGUM-3007DRYGUM-3007FO-3007S-3025S-3033A-3035A-9999A-9999C-9999CS-9999E,26,1022510557,300972950,1,"",
WA007,310726,WA003,101,3005WGUM-3005WGUM-3007DRYGUM-3007FO-3007S-3025S-3033A-3035A-9999A-9999C-9999CS-9999E,26,1022510557,300972951,1,"",
WA007,310726,WA003,101,3005WGUM-3005WGUM-3007DRYGUM-3007FO-3007S-3025S-3033A-3035A-9999A-9999C-9999CS-9999E,26,1022510558,300972972,1,"",
WA007,310726,WA003,101,3005WGUM-3005WGUM-3007DRYGUM-3007FO-3007S-3025S-3033A-3035A-9999A-9999C-9999CS-9999E,26,1022510558,300972973,1,"",
WA007,310726,WA003,101,3005WGUM-3005WGUM-3007DRYGUM-3007FO-3007S-3025S-3033A-3035A-9999A-9999C-9999CS-9999E,26,1022510558,300973009,1,"",
WA007,310726,WA003,101,3005WGUM-3005WGUM-3007DRYGUM-3007FO-3007S-3025S-3033A-3035A-9999A-9999C-9999CS-9999E,26,1022510558,300973010,1,"",
WA007,310726,WA003,101,3005WGUM-3005WGUM-3007DRYGUM-3007FO-3007S-3025S-3033A-3035A-9999A-9999C-9999CS-9999E,26,1022510558,300973011,1,"",
WA007,310726,WA003,101,3005WGUM-3005WGUM-3007DRYGUM-3007FO-3007S-3025S-3033A-3035A-9999A-9999C-9999CS-9999E,26,1022510558,300973012,1,"",
WA007,310726,WA003,101,3005WGUM-3005WGUM-3007DRYGUM-3007FO-3007S-3025S-3033A-3035A-9999A-9999C-9999CS-9999E,26,1022510558,300973013,1,"",
WA007,310726,WA003,101,3005WGUM-3005WGUM-3007DRYGUM-3007FO-3007S-3025S-3033A-3035A-9999A-9999C-9999CS-9999E,26,1022510558,300973023,1,"",
WA007,310726,WA003,101,3005WGUM-3005WGUM-3007DRYGUM-3007FO-3007S-3025S-3033A-3035A-9999A-9999C-9999CS-9999E,26,1022510559,300973055,1,"",
WA007,310726,WA003,101,3005WGUM-3005WGUM-3007DRYGUM-3007FO-3007S-3025S-3033A-3035A-9999A-9999C-9999CS-9999E,26,1022510559,300973056,1,"",
WA007,310726,WA003,101,3005WGUM-3005WGUM-3007DRYGUM-3007FO-3007S-3025S-3033A-3035A-9999A-9999C-9999CS-9999E,26,1022510559,300973057,1,"",
WA007,310726,WA003,101,3005WGUM-3005WGUM-3007DRYGUM-3007FO-3007S-3025S-3033A-3035A-9999A-9999C-9999CS-9999E,26,1022510559,300973058,1,"",
WA007,310726,WA003,101,3005WGUM-3005WGUM-3007DRYGUM-3007FO-3007S-3025S-3033A-3035A-9999A-9999C-9999CS-9999E,26,1022510559,300973073,1,"",
WA007,310726,WA003,101,3005WGUM-3005WGUM-3007DRYGUM-3007FO-3007S-3025S-3033A-3035A-9999A-9999C-9999CS-9999E,26,1022510559,300973074,1,"",
WA007,310726,WA003,101,3005WGUM-3005WGUM-3007DRYGUM-3007FO-3007S-3025S-3033A-3035A-9999A-9999C-9999CS-9999E,26,1022510559,300973075,1,"",
WA007,310726,WA003,101,3005WGUM-3005WGUM-3007DRYGUM-3007FO-3007S-3025S-3033A-3035A-9999A-9999C-9999CS-9999E,26,1022510559,300973076,1,"",
WA007,310726,WA003,101,3005WGUM-3005WGUM-3007DRYGUM-3007FO-3007S-3025S-3033A-3035A-9999A-9999C-9999CS-9999E,26,1022510560,300973081,1,"",
WA007,310726,WA003,101,3005WGUM-3005WGUM-3007DRYGUM-3007FO-3007S-3025S-3033A-3035A-9999A-9999C-9999CS-9999E,26,1022510560,300973082,1,"",
WA007,310726,WA003,101,3005WGUM-3005WGUM-3007DRYGUM-3007FO-3007S-3025S-3033A-3035A-9999A-9999C-9999CS-9999E,26,1022510560,300973083,1,"",
WA007,310726,WA003,101,3005WGUM-3005WGUM-3007DRYGUM-3007FO-3007S-3025S-3033A-3035A-9999A-9999C-9999CS-9999E,26,1022510560,300973121,1,"",
WA007,310726,WA003,101,3005WGUM-3005WGUM-3007DRYGUM-3007FO-3007S-3025S-3033A-3035A-9999A-9999C-9999CS-9999E,26,1022510560,300973122,1,"",
WA007,310726,WA003,101,3005WGUM-3005WGUM-3007DRYGUM-3007FO-3007S-3025S-3033A-3035A-9999A-9999C-9999CS-9999E,26,1022510560,300973123,1,"",
WA007,310726,WA003,101,3005WGUM-3005WGUM-3007DRYGUM-3007FO-3007S-3025S-3033A-3035A-9999A-9999C-9999CS-9999E,26,1022510560,300973164,1,"",
WA007,310726,WA003,101,3005WGUM-3005WGUM-3007DRYGUM-3007FO-3007S-3025S-3033A-3035A-9999A-9999C-9999CS-9999E,26,1022510560,300973165,1,"",
WA007,310726,WA003,101,3005WGUM-3005WGUM-3007DRYGUM-3007FO-3007S-3025S-3033A-3035A-9999A-9999C-9999CS-9999E,25,1022510659,300974579,1,"",
WA007,310726,WA003,101,3005WGUM-3005WGUM-3007DRYGUM-3007FO-3007S-3025S-3033A-3035A-9999A-9999C-9999CS-9999E,25,1022510659,300974580,1,"",
WA007,310726,WA003,101,3005WGUM-3005WGUM-3007DRYGUM-3007FO-3007S-3025S-3033A-3035A-9999A-9999C-9999CS-9999E,25,1022510659,300974582,1,"",
WA007,310726,WA003,101,3005WGUM-3005WGUM-3007DRYGUM-3007FO-3007S-3025S-3033A-3035A-9999A-9999C-9999CS-9999E,25,1022510659,300974594,1,"",
WA007,310726,WA003,101,3005WGUM-3005WGUM-3007DRYGUM-3007FO-3007S-3025S-3033A-3035A-9999A-9999C-9999CS-9999E,25,1022510659,300974595,1,"",
WA007,310726,WA003,101,3005WGUM-3005WGUM-3007DRYGUM-3007FO-3007S-3025S-3033A-3035A-9999A-9999C-9999CS-9999E,25,1022510659,300974626,1,"",
WA007,310726,WA003,101,3005WGUM-3005WGUM-3007DRYGUM-3007FO-3007S-3025S-3033A-3035A-9999A-9999C-9999CS-9999E,25,1022510659,300974627,1,"",
WA007,310726,WA003,101,3005WGUM-3005WGUM-3007DRYGUM-3007FO-3007S-3025S-3033A-3035A-9999A-9999C-9999CS-9999E,25,1022510659,300974628,1,"",
WA007,310726,WA003,101,3005WGUM-3005WGUM-3007DRYGUM-3007FO-3007S-3025S-3033A-3035A-9999A-9999C-9999CS-9999E,25,1022510661,300974689,1,"",
WA007,310726,WA003,101,3005WGUM-3005WGUM-3007DRYGUM-3007FO-3007S-3025S-3033A-3035A-9999A-9999C-9999CS-9999E,25,1022510661,300974692,1,"",
WA007,310726,WA003,101,3005WGUM-3005WGUM-3007DRYGUM-3007FO-3007S-3025S-3033A-3035A-9999A-9999C-9999CS-9999E,25,1022510661,300974693,1,"",
WA007,310726,WA003,101,3005WGUM-3005WGUM-3007DRYGUM-3007FO-3007S-3025S-3033A-3035A-9999A-9999C-9999CS-9999E,25,1022510661,300974756,1,"",
WA007,310726,WA003,101,3005WGUM-3005WGUM-3007DRYGUM-3007FO-3007S-3025S-3033A-3035A-9999A-9999C-9999CS-9999E,25,1022510661,300974757,1,"",
WA007,310726,WA003,101,3005WGUM-3005WGUM-3007DRYGUM-3007FO-3007S-3025S-3033A-3035A-9999A-9999C-9999CS-9999E,25,1022510661,300974758,1,"",
WA007,310726,WA003,101,3005WGUM-3005WGUM-3007DRYGUM-3007FO-3007S-3025S-3033A-3035A-9999A-9999C-9999CS-9999E,25,1022510661,300974782,1,"",
WA007,310726,WA003,101,3005WGUM-3005WGUM-3007DRYGUM-3007FO-3007S-3025S-3033A-3035A-9999A-9999C-9999CS-9999E,25,1022510661,300974783,1,"",
WA007,310726,WA003,101,3005WGUM-3005WGUM-3007DRYGUM-3007FO-3007S-3025S-3033A-3035A-9999A-9999C-9999CS-9999E,24,1022510758,300975781,1,"",
WA007,310726,WA003,101,3005WGUM-3005WGUM-3007DRYGUM-3007FO-3007S-3025S-3033A-3035A-9999A-9999C-9999CS-9999E,24,1022510758,300975788,1,"",
WA007,310726,WA003,101,3005WGUM-3005WGUM-3007DRYGUM-3007FO-3007S-3025S-3033A-3035A-9999A-9999C-9999CS-9999E,24,1022510758,300975789,1,"",
WA007,310726,WA003,101,3005WGUM-3005WGUM-3007DRYGUM-3007FO-3007S-3025S-3033A-3035A-9999A-9999C-9999CS-9999E,24,1022510758,300975801,1,"",
WA007,310726,WA003,101,3005WGUM-3005WGUM-3007DRYGUM-3007FO-3007S-3025S-3033A-3035A-9999A-9999C-9999CS-9999E,24,1022510758,300975802,1,"",
WA007,310726,WA003,101,3005WGUM-3005WGUM-3007DRYGUM-3007FO-3007S-3025S-3033A-3035A-9999A-9999C-9999CS-9999E,24,1022510758,300975803,1,"",
WA007,310726,WA003,101,3005WGUM-3005WGUM-3007DRYGUM-3007FO-3007S-3025S-3033A-3035A-9999A-9999C-9999CS-9999E,24,1022510758,300975804,1,"",
WA007,310726,WA003,101,3005WGUM-3005WGUM-3007DRYGUM-3007FO-3007S-3025S-3033A-3035A-9999A-9999C-9999CS-9999E,24,1022510758,300975805,1,"",
WA007,310726,WA003,101,3005WGUM-3005WGUM-3007DRYGUM-3007FO-3007S-3025S-3033A-3035A-9999A-9999C-9999CS-9999E,24,1022510759,300975859,1,"",
WA007,310726,WA003,101,3005WGUM-3005WGUM-3007DRYGUM-3007FO-3007S-3025S-3033A-3035A-9999A-9999C-9999CS-9999E,24,1022510759,300975860,1,"",
WA007,310726,WA003,101,3005WGUM-3005WGUM-3007DRYGUM-3007FO-3007S-3025S-3033A-3035A-9999A-9999C-9999CS-9999E,24,1022510759,300975861,1,"",
WA007,310726,WA003,101,3005WGUM-3005WGUM-3007DRYGUM-3007FO-3007S-3025S-3033A-3035A-9999A-9999C-9999CS-9999E,24,1022510759,300975862,1,"",
WA007,310726,WA003,101,3005WGUM-3005WGUM-3007DRYGUM-3007FO-3007S-3025S-3033A-3035A-9999A-9999C-9999CS-9999E,24,1022510759,300975879,1,"",
WA007,310726,WA003,101,3005WGUM-3005WGUM-3007DRYGUM-3007FO-3007S-3025S-3033A-3035A-9999A-9999C-9999CS-9999E,24,1022510759,300975880,1,"",
WA007,310726,WA003,101,3005WGUM-3005WGUM-3007DRYGUM-3007FO-3007S-3025S-3033A-3035A-9999A-9999C-9999CS-9999E,24,1022510759,300975881,1,"",
WA007,310726,WA003,101,3005WGUM-3005WGUM-3007DRYGUM-3007FO-3007S-3025S-3033A-3035A-9999A-9999C-9999CS-9999E,24,1022510759,300975882,1,"",
WA007,310726,WA003,101,3005WGUM-3005WGUM-3007DRYGUM-3007FO-3007S-3025S-3033A-3035A-9999A-9999C-9999CS-9999E,22,1022510959,300978948,1,"",
WA007,310726,WA003,101,3005WGUM-3005WGUM-3007DRYGUM-3007FO-3007S-3025S-3033A-3035A-9999A-9999C-9999CS-9999E,22,1022510959,300978949,1,"",
WA007,310726,WA003,101,3005WGUM-3005WGUM-3007DRYGUM-3007FO-3007S-3025S-3033A-3035A-9999A-9999C-9999CS-9999E,22,1022510959,300978950,1,"",
WA007,310726,WA003,101,3005WGUM-3005WGUM-3007DRYGUM-3007FO-3007S-3025S-3033A-3035A-9999A-9999C-9999CS-9999E,22,1022510959,300978951,1,"",
WA007,310726,WA003,101,3005WGUM-3005WGUM-3007DRYGUM-3007FO-3007S-3025S-3033A-3035A-9999A-9999C-9999CS-9999E,22,1022510959,300978952,1,"",
WA007,310726,WA003,101,3005WGUM-3005WGUM-3007DRYGUM-3007FO-3007S-3025S-3033A-3035A-9999A-9999C-9999CS-9999E,22,1022510959,300978953,1,"",
WA007,310726,WA003,101,3005WGUM-3005WGUM-3007DRYGUM-3007FO-3007S-3025S-3033A-3035A-9999A-9999C-9999CS-9999E,22,1022510959,300978955,1,"",
WA007,310726,WA003,101,3005WGUM-3005WGUM-3007DRYGUM-3007FO-3007S-3025S-3033A-3035A-9999A-9999C-9999CS-9999E,22,1022510959,300978956,1,"",
WA007,310726,WA003,101,3005WGUM-3005WGUM-3007DRYGUM-3007FO-3007S-3025S-3033A-3035A-9999A-9999C-9999CS-9999E,22,1022510960,300978960,1,"",
WA007,310726,WA003,101,3005WGUM-3005WGUM-3007DRYGUM-3007FO-3007S-3025S-3033A-3035A-9999A-9999C-9999CS-9999E,22,1022510960,300978961,1,"",
WA007,310726,WA003,101,3005WGUM-3005WGUM-3007DRYGUM-3007FO-3007S-3025S-3033A-3035A-9999A-9999C-9999CS-9999E,22,1022510960,300978962,1,"",
WA007,310726,WA003,101,3005WGUM-3005WGUM-3007DRYGUM-3007FO-3007S-3025S-3033A-3035A-9999A-9999C-9999CS-9999E,22,1022510960,300978987,1,"",
WA007,310726,WA003,101,3005WGUM-3005WGUM-3007DRYGUM-3007FO-3007S-3025S-3033A-3035A-9999A-9999C-9999CS-9999E,22,1022510960,300978992,1,"",
WA007,310726,WA003,101,3005WGUM-3005WGUM-3007DRYGUM-3007FO-3007S-3025S-3033A-3035A-9999A-9999C-9999CS-9999E,22,1022510960,300979005,1,"",
WA007,310726,WA003,101,3005WGUM-3005WGUM-3007DRYGUM-3007FO-3007S-3025S-3033A-3035A-9999A-9999C-9999CS-9999E,22,1022510960,300979006,1,"",
WA007,310726,WA003,101,3005WGUM-3005WGUM-3007DRYGUM-3007FO-3007S-3025S-3033A-3035A-9999A-9999C-9999CS-9999E,22,1022510960,300979007,1,"",
WA007,310726,WA003,101,3005WGUM-3005WGUM-3007DRYGUM-3007FO-3007S-3025S-3033A-3035A-9999A-9999C-9999CS-9999E,20,1022511152,300980920,1,"",
WA007,310726,WA003,101,3005WGUM-3005WGUM-3007DRYGUM-3007FO-3007S-3025S-3033A-3035A-9999A-9999C-9999CS-9999E,20,1022511152,300980921,1,"",
WA007,310726,WA003,101,3005WGUM-3005WGUM-3007DRYGUM-3007FO-3007S-3025S-3033A-3035A-9999A-9999C-9999CS-9999E,20,1022511152,300980996,1,"",
WA007,310726,WA003,101,3005WGUM-3005WGUM-3007DRYGUM-3007FO-3007S-3025S-3033A-3035A-9999A-9999C-9999CS-9999E,20,1022511152,300980997,1,"",
WA007,310726,WA003,101,3005WGUM-3005WGUM-3007DRYGUM-3007FO-3007S-3025S-3033A-3035A-9999A-9999C-9999CS-9999E,20,1022511152,300980998,1,"",
WA007,310726,WA003,101,3005WGUM-3005WGUM-3007DRYGUM-3007FO-3007S-3025S-3033A-3035A-9999A-9999C-9999CS-9999E,20,1022511152,300980999,1,"",
WA007,310726,WA003,101,3005WGUM-3005WGUM-3007DRYGUM-3007FO-3007S-3025S-3033A-3035A-9999A-9999C-9999CS-9999E,20,1022511152,300981000,1,"",
WA007,310726,WA003,101,3005WGUM-3005WGUM-3007DRYGUM-3007FO-3007S-3025S-3033A-3035A-9999A-9999C-9999CS-9999E,20,1022511152,300981001,1,"",
WA007,310726,WA003,101,3005WGUM-3005WGUM-3007DRYGUM-3007FO-3007S-3025S-3033A-3035A-9999A-9999C-9999CS-9999E,20,1022511153,300981034,1,"",
WA007,310726,WA003,101,3005WGUM-3005WGUM-3007DRYGUM-3007FO-3007S-3025S-3033A-3035A-9999A-9999C-9999CS-9999E,20,1022511153,300981035,1,"",
WA007,310726,WA003,101,3005WGUM-3005WGUM-3007DRYGUM-3007FO-3007S-3025S-3033A-3035A-9999A-9999C-9999CS-9999E,20,1022511153,300981036,1,"",
WA007,310726,WA003,101,3005WGUM-3005WGUM-3007DRYGUM-3007FO-3007S-3025S-3033A-3035A-9999A-9999C-9999CS-9999E,20,1022511153,300981037,1,"",
WA007,310726,WA003,101,3005WGUM-3005WGUM-3007DRYGUM-3007FO-3007S-3025S-3033A-3035A-9999A-9999C-9999CS-9999E,20,1022511153,300981058,1,"",
WA007,310726,WA003,101,3005WGUM-3005WGUM-3007DRYGUM-3007FO-3007S-3025S-3033A-3035A-9999A-9999C-9999CS-9999E,20,1022511153,300981059,1,"",
WA007,310726,WA003,101,3005WGUM-3005WGUM-3007DRYGUM-3007FO-3007S-3025S-3033A-3035A-9999A-9999C-9999CS-9999E,20,1022511153,300981061,1,"",
WA007,310726,WA003,101,3005WGUM-3005WGUM-3007DRYGUM-3007FO-3007S-3025S-3033A-3035A-9999A-9999C-9999CS-9999E,20,1022511153,300981062,1,"",
WA007,310726,WA003,101,3005WGUM-3005WGUM-3007DRYGUM-3007FO-3007S-3025S-3033A-3035A-9999A-9999C-9999CS-9999E,20,1022511154,300981100,1,"",
WA007,310726,WA003,101,3005WGUM-3005WGUM-3007DRYGUM-3007FO-3007S-3025S-3033A-3035A-9999A-9999C-9999CS-9999E,20,1022511154,300981101,1,"",
WA007,310726,WA003,101,3005WGUM-3005WGUM-3007DRYGUM-3007FO-3007S-3025S-3033A-3035A-9999A-9999C-9999CS-9999E,20,1022511154,300981102,1,"",
WA007,310726,WA003,101,3005WGUM-3005WGUM-3007DRYGUM-3007FO-3007S-3025S-3033A-3035A-9999A-9999C-9999CS-9999E,20,1022511154,300981103,1,"",
WA007,310726,WA003,101,3005WGUM-3005WGUM-3007DRYGUM-3007FO-3007S-3025S-3033A-3035A-9999A-9999C-9999CS-9999E,20,1022511154,300981127,1,"",
WA007,310726,WA003,101,3005WGUM-3005WGUM-3007DRYGUM-3007FO-3007S-3025S-3033A-3035A-9999A-9999C-9999CS-9999E,20,1022511154,300981128,1,"",
WA007,310726,WA003,101,3005WGUM-3005WGUM-3007DRYGUM-3007FO-3007S-3025S-3033A-3035A-9999A-9999C-9999CS-9999E,20,1022511154,300981170,1,"",
WA007,310726,WA003,101,3005WGUM-3005WGUM-3007DRYGUM-3007FO-3007S-3025S-3033A-3035A-9999A-9999C-9999CS-9999E,20,1022511154,300981171,1,"",
WA007,310726,WA003,101,3005WGUM-3005WGUM-3007DRYGUM-3007FO-3007S-3025S-3033A-3035A-9999A-9999C-9999CS-9999E,20,1022511155,300981172,1,"",
WA007,310726,WA003,101,3005WGUM-3005WGUM-3007DRYGUM-3007FO-3007S-3025S-3033A-3035A-9999A-9999C-9999CS-9999E,20,1022511155,300981173,1,"",
WA007,310726,WA003,101,3005WGUM-3005WGUM-3007DRYGUM-3007FO-3007S-3025S-3033A-3035A-9999A-9999C-9999CS-9999E,20,1022511155,300981174,1,"",
WA007,310726,WA003,101,3005WGUM-3005WGUM-3007DRYGUM-3007FO-3007S-3025S-3033A-3035A-9999A-9999C-9999CS-9999E,20,1022511155,300981175,1,"",
WA007,310726,WA003,101,3005WGUM-3005WGUM-3007DRYGUM-3007FO-3007S-3025S-3033A-3035A-9999A-9999C-9999CS-9999E,20,1022511155,300981297,1,"",
WA007,310726,WA003,101,3005WGUM-3005WGUM-3007DRYGUM-3007FO-3007S-3025S-3033A-3035A-9999A-9999C-9999CS-9999E,20,1022511155,300981298,1,"",
WA007,310726,WA003,101,3005WGUM-3005WGUM-3007DRYGUM-3007FO-3007S-3025S-3033A-3035A-9999A-9999C-9999CS-9999E,20,1022511155,300981299,1,"",
WA007,310726,WA003,101,3005WGUM-3005WGUM-3007DRYGUM-3007FO-3007S-3025S-3033A-3035A-9999A-9999C-9999CS-9999E,20,1022511155,300981300,1,"",
WA007,310726,WA003,101,3005WGUM-3005WGUM-3007DRYGUM-3007FO-3007S-3025S-3033A-3035A-9999A-9999C-9999CS-9999E,20,1022511156,300981376,1,"",
WA007,310726,WA003,101,3005WGUM-3005WGUM-3007DRYGUM-3007FO-3007S-3025S-3033A-3035A-9999A-9999C-9999CS-9999E,20,1022511156,300981377,1,"",
WA007,310726,WA003,101,3005WGUM-3005WGUM-3007DRYGUM-3007FO-3007S-3025S-3033A-3035A-9999A-9999C-9999CS-9999E,20,1022511156,300981378,1,"",
WA007,310726,WA003,101,3005WGUM-3005WGUM-3007DRYGUM-3007FO-3007S-3025S-3033A-3035A-9999A-9999C-9999CS-9999E,20,1022511156,300981379,1,"",
WA007,310726,WA003,101,3005WGUM-3005WGUM-3007DRYGUM-3007FO-3007S-3025S-3033A-3035A-9999A-9999C-9999CS-9999E,20,1022511156,300981418,1,"",
WA007,310726,WA003,101,3005WGUM-3005WGUM-3007DRYGUM-3007FO-3007S-3025S-3033A-3035A-9999A-9999C-9999CS-9999E,20,1022511156,300981429,1,"",
WA007,310726,WA003,101,3005WGUM-3005WGUM-3007DRYGUM-3007FO-3007S-3025S-3033A-3035A-9999A-9999C-9999CS-9999E,20,1022511156,300981439,1,"",
WA007,310726,WA003,101,3005WGUM-3005WGUM-3007DRYGUM-3007FO-3007S-3025S-3033A-3035A-9999A-9999C-9999CS-9999E,20,1022511156,300981440,1,"",
WA007,310726,WA003,101,3005WGUM-3005WGUM-3007DRYGUM-3007FO-3007S-3025S-3033A-3035A-9999A-9999C-9999CS-9999E,20,1022511157,300981562,1,"",
WA007,310726,WA003,101,3005WGUM-3005WGUM-3007DRYGUM-3007FO-3007S-3025S-3033A-3035A-9999A-9999C-9999CS-9999E,20,1022511157,300981563,1,"",
WA007,310726,WA003,101,3005WGUM-3005WGUM-3007DRYGUM-3007FO-3007S-3025S-3033A-3035A-9999A-9999C-9999CS-9999E,20,1022511157,300981564,1,"",
WA007,310726,WA003,101,3005WGUM-3005WGUM-3007DRYGUM-3007FO-3007S-3025S-3033A-3035A-9999A-9999C-9999CS-9999E,20,1022511157,300981565,1,"",
WA007,310726,WA003,101,3005WGUM-3005WGUM-3007DRYGUM-3007FO-3007S-3025S-3033A-3035A-9999A-9999C-9999CS-9999E,20,1022511157,300981567,1,"",
WA007,310726,WA003,101,3005WGUM-3005WGUM-3007DRYGUM-3007FO-3007S-3025S-3033A-3035A-9999A-9999C-9999CS-9999E,20,1022511157,300981568,1,"",
WA007,310726,WA003,101,3005WGUM-3005WGUM-3007DRYGUM-3007FO-3007S-3025S-3033A-3035A-9999A-9999C-9999CS-9999E,20,1022511157,300981569,1,"",
WA007,310726,WA003,101,3005WGUM-3005WGUM-3007DRYGUM-3007FO-3007S-3025S-3033A-3035A-9999A-9999C-9999CS-9999E,20,1022511157,300981570,1,"",
WA007,310726,WA003,101,3005WGUM-3005WGUM-3007DRYGUM-3007FO-3007S-3025S-3033A-3035A-9999A-9999C-9999CS-9999E,20,1022511158,300981656,1,"",
WA007,310726,WA003,101,3005WGUM-3005WGUM-3007DRYGUM-3007FO-3007S-3025S-3033A-3035A-9999A-9999C-9999CS-9999E,20,1022511158,300981657,1,"",
WA007,310726,WA003,101,3005WGUM-3005WGUM-3007DRYGUM-3007FO-3007S-3025S-3033A-3035A-9999A-9999C-9999CS-9999E,20,1022511158,300981658,1,"",
WA007,310726,WA003,101,3005WGUM-3005WGUM-3007DRYGUM-3007FO-3007S-3025S-3033A-3035A-9999A-9999C-9999CS-9999E,20,1022511158,300981659,1,"",
WA007,310726,WA003,101,3005WGUM-3005WGUM-3007DRYGUM-3007FO-3007S-3025S-3033A-3035A-9999A-9999C-9999CS-9999E,20,1022511158,300981668,1,"",
WA007,310726,WA003,101,3005WGUM-3005WGUM-3007DRYGUM-3007FO-3007S-3025S-3033A-3035A-9999A-9999C-9999CS-9999E,20,1022511158,300981669,1,"",
WA007,310726,WA003,101,3005WGUM-3005WGUM-3007DRYGUM-3007FO-3007S-3025S-3033A-3035A-9999A-9999C-9999CS-9999E,20,1022511158,300981670,1,"",
WA007,310726,WA003,101,3005WGUM-3005WGUM-3007DRYGUM-3007FO-3007S-3025S-3033A-3035A-9999A-9999C-9999CS-9999E,20,1022511158,300981671,1,"",
WA007,310726,WA003,101,3005WGUM-3005WGUM-3007DRYGUM-3007FO-3007S-3025S-3033A-3035A-9999A-9999C-9999CS-9999E,19,1022511252,300982460,1,"",
WA007,310726,WA003,101,3005WGUM-3005WGUM-3007DRYGUM-3007FO-3007S-3025S-3033A-3035A-9999A-9999C-9999CS-9999E,19,1022511252,300982461,1,"",
WA007,310726,WA003,101,3005WGUM-3005WGUM-3007DRYGUM-3007FO-3007S-3025S-3033A-3035A-9999A-9999C-9999CS-9999E,19,1022511252,300982462,1,"",
WA007,310726,WA003,101,3005WGUM-3005WGUM-3007DRYGUM-3007FO-3007S-3025S-3033A-3035A-9999A-9999C-9999CS-9999E,19,1022511252,300982472,1,"",
WA007,310726,WA003,101,3005WGUM-3005WGUM-3007DRYGUM-3007FO-3007S-3025S-3033A-3035A-9999A-9999C-9999CS-9999E,19,1022511252,300982473,1,"",
WA007,310726,WA003,101,3005WGUM-3005WGUM-3007DRYGUM-3007FO-3007S-3025S-3033A-3035A-9999A-9999C-9999CS-9999E,19,1022511252,300982474,1,"",
WA007,310726,WA003,101,3005WGUM-3005WGUM-3007DRYGUM-3007FO-3007S-3025S-3033A-3035A-9999A-9999C-9999CS-9999E,19,1022511252,300982553,1,"",
WA007,310726,WA003,101,3005WGUM-3005WGUM-3007DRYGUM-3007FO-3007S-3025S-3033A-3035A-9999A-9999C-9999CS-9999E,19,1022511252,300982554,1,"",
WA007,310726,WA003,101,3005WGUM-3005WGUM-3007DRYGUM-3007FO-3007S-3025S-3033A-3035A-9999A-9999C-9999CS-9999E,19,1022511253,300982556,1,"",
WA007,310726,WA003,101,3005WGUM-3005WGUM-3007DRYGUM-3007FO-3007S-3025S-3033A-3035A-9999A-9999C-9999CS-9999E,19,1022511253,300982557,1,"",
WA007,310726,WA003,101,3005WGUM-3005WGUM-3007DRYGUM-3007FO-3007S-3025S-3033A-3035A-9999A-9999C-9999CS-9999E,19,1022511253,300982558,1,"",
WA007,310726,WA003,101,3005WGUM-3005WGUM-3007DRYGUM-3007FO-3007S-3025S-3033A-3035A-9999A-9999C-9999CS-9999E,19,1022511253,300982559,1,"",
WA007,310726,WA003,101,3005WGUM-3005WGUM-3007DRYGUM-3007FO-3007S-3025S-3033A-3035A-9999A-9999C-9999CS-9999E,19,1022511253,300982611,1,"",
WA007,310726,WA003,101,3005WGUM-3005WGUM-3007DRYGUM-3007FO-3007S-3025S-3033A-3035A-9999A-9999C-9999CS-9999E,19,1022511253,300982612,1,"",
WA007,310726,WA003,101,3005WGUM-3005WGUM-3007DRYGUM-3007FO-3007S-3025S-3033A-3035A-9999A-9999C-9999CS-9999E,19,1022511253,300982613,1,"",
WA007,310726,WA003,101,3005WGUM-3005WGUM-3007DRYGUM-3007FO-3007S-3025S-3033A-3035A-9999A-9999C-9999CS-9999E,19,1022511253,300982614,1,"",
WA007,310726,WA003,101,3005WGUM-3005WGUM-3007DRYGUM-3007FO-3007S-3025S-3033A-3035A-9999A-9999C-9999CS-9999E,19,1022511254,300982624,1,"",
WA007,310726,WA003,101,3005WGUM-3005WGUM-3007DRYGUM-3007FO-3007S-3025S-3033A-3035A-9999A-9999C-9999CS-9999E,19,1022511254,300982625,1,"",
WA007,310726,WA003,101,3005WGUM-3005WGUM-3007DRYGUM-3007FO-3007S-3025S-3033A-3035A-9999A-9999C-9999CS-9999E,19,1022511254,300982626,1,"",
WA007,310726,WA003,101,3005WGUM-3005WGUM-3007DRYGUM-3007FO-3007S-3025S-3033A-3035A-9999A-9999C-9999CS-9999E,19,1022511254,300982637,1,"",
WA007,310726,WA003,101,3005WGUM-3005WGUM-3007DRYGUM-3007FO-3007S-3025S-3033A-3035A-9999A-9999C-9999CS-9999E,19,1022511254,300982638,1,"",
WA007,310726,WA003,101,3005WGUM-3005WGUM-3007DRYGUM-3007FO-3007S-3025S-3033A-3035A-9999A-9999C-9999CS-9999E,19,1022511254,300982672,1,"",
WA007,310726,WA003,101,3005WGUM-3005WGUM-3007DRYGUM-3007FO-3007S-3025S-3033A-3035A-9999A-9999C-9999CS-9999E,19,1022511254,300982673,1,"",
WA007,310726,WA003,101,3005WGUM-3005WGUM-3007DRYGUM-3007FO-3007S-3025S-3033A-3035A-9999A-9999C-9999CS-9999E,19,1022511254,300982674,1,"",
WA007,310726,WA003,101,3005WGUM-3005WGUM-3007DRYGUM-3007FO-3007S-3025S-3033A-3035A-9999A-9999C-9999CS-9999E,19,1022511255,300982842,1,"",
WA007,310726,WA003,101,3005WGUM-3005WGUM-3007DRYGUM-3007FO-3007S-3025S-3033A-3035A-9999A-9999C-9999CS-9999E,19,1022511255,300982843,1,"",
WA007,310726,WA003,101,3005WGUM-3005WGUM-3007DRYGUM-3007FO-3007S-3025S-3033A-3035A-9999A-9999C-9999CS-9999E,19,1022511255,300982930,1,"",
WA007,310726,WA003,101,3005WGUM-3005WGUM-3007DRYGUM-3007FO-3007S-3025S-3033A-3035A-9999A-9999C-9999CS-9999E,19,1022511255,300983069,1,"",
WA007,310726,WA003,101,3005WGUM-3005WGUM-3007DRYGUM-3007FO-3007S-3025S-3033A-3035A-9999A-9999C-9999CS-9999E,19,1022511255,300983070,1,"",
WA007,310726,WA003,101,3005WGUM-3005WGUM-3007DRYGUM-3007FO-3007S-3025S-3033A-3035A-9999A-9999C-9999CS-9999E,19,1022511255,300983079,1,"",
WA007,310726,WA003,101,3005WGUM-3005WGUM-3007DRYGUM-3007FO-3007S-3025S-3033A-3035A-9999A-9999C-9999CS-9999E,19,1022511255,300983162,1,"",
WA007,310726,WA003,101,3005WGUM-3005WGUM-3007DRYGUM-3007FO-3007S-3025S-3033A-3035A-9999A-9999C-9999CS-9999E,19,1022511255,300983163,1,"",
WA007,310726,WA003,101,3005WGUM-3005WGUM-3007DRYGUM-3007FO-3007S-3025S-3033A-3035A-9999A-9999C-9999CS-9999E,14,1022511762,300990479,1,"",
WA007,310726,WA003,101,3005WGUM-3005WGUM-3007DRYGUM-3007FO-3007S-3025S-3033A-3035A-9999A-9999C-9999CS-9999E,14,1022511762,300990480,1,"",
WA007,310726,WA003,101,3005WGUM-3005WGUM-3007DRYGUM-3007FO-3007S-3025S-3033A-3035A-9999A-9999C-9999CS-9999E,14,1022511762,300990481,1,"",
WA007,310726,WA003,101,3005WGUM-3005WGUM-3007DRYGUM-3007FO-3007S-3025S-3033A-3035A-9999A-9999C-9999CS-9999E,14,1022511762,300990482,1,"",
WA007,310726,WA003,101,3005WGUM-3005WGUM-3007DRYGUM-3007FO-3007S-3025S-3033A-3035A-9999A-9999C-9999CS-9999E,14,1022511762,300990541,1,"",
WA007,310726,WA003,101,3005WGUM-3005WGUM-3007DRYGUM-3007FO-3007S-3025S-3033A-3035A-9999A-9999C-9999CS-9999E,14,1022511762,300990542,1,"",
WA007,310726,WA003,101,3005WGUM-3005WGUM-3007DRYGUM-3007FO-3007S-3025S-3033A-3035A-9999A-9999C-9999CS-9999E,14,1022511762,300990543,1,"",
WA007,310726,WA003,101,3005WGUM-3005WGUM-3007DRYGUM-3007FO-3007S-3025S-3033A-3035A-9999A-9999C-9999CS-9999E,14,1022511762,300990668,1,"",
WA007,310726,WA003,101,3005WGUM-3005WGUM-3007DRYGUM-3007FO-3007S-3025S-3033A-3035A-9999A-9999C-9999CS-9999E,12,1022511954,300992309,1,"",
WA007,310726,WA003,101,3005WGUM-3005WGUM-3007DRYGUM-3007FO-3007S-3025S-3033A-3035A-9999A-9999C-9999CS-9999E,12,1022511954,300992310,1,"",
WA007,310726,WA003,101,3005WGUM-3005WGUM-3007DRYGUM-3007FO-3007S-3025S-3033A-3035A-9999A-9999C-9999CS-9999E,12,1022511954,300992311,1,"",
WA007,310726,WA003,101,3005WGUM-3005WGUM-3007DRYGUM-3007FO-3007S-3025S-3033A-3035A-9999A-9999C-9999CS-9999E,12,1022511954,300992312,1,"",
WA007,310726,WA003,101,3005WGUM-3005WGUM-3007DRYGUM-3007FO-3007S-3025S-3033A-3035A-9999A-9999C-9999CS-9999E,12,1022511954,300992313,1,"",
WA007,310726,WA003,101,3005WGUM-3005WGUM-3007DRYGUM-3007FO-3007S-3025S-3033A-3035A-9999A-9999C-9999CS-9999E,12,1022511954,300992319,1,"",
WA007,310726,WA003,101,3005WGUM-3005WGUM-3007DRYGUM-3007FO-3007S-3025S-3033A-3035A-9999A-9999C-9999CS-9999E,12,1022511954,300992400,1,"",
WA007,310726,WA003,101,3005WGUM-3005WGUM-3007DRYGUM-3007FO-3007S-3025S-3033A-3035A-9999A-9999C-9999CS-9999E,12,1022511954,300992401,1,"",
WA007,310726,WA003,101,3005WGUM-3005WGUM-3007DRYGUM-3007FO-3007S-3025S-3033A-3035A-9999A-9999C-9999CS-9999E,12,1022511955,300992402,1,"",
WA007,310726,WA003,101,3005WGUM-3005WGUM-3007DRYGUM-3007FO-3007S-3025S-3033A-3035A-9999A-9999C-9999CS-9999E,12,1022511955,300992403,1,"",
WA007,310726,WA003,101,3005WGUM-3005WGUM-3007DRYGUM-3007FO-3007S-3025S-3033A-3035A-9999A-9999C-9999CS-9999E,12,1022511955,300992404,1,"",
WA007,310726,WA003,101,3005WGUM-3005WGUM-3007DRYGUM-3007FO-3007S-3025S-3033A-3035A-9999A-9999C-9999CS-9999E,12,1022511955,300992407,1,"",
WA007,310726,WA003,101,3005WGUM-3005WGUM-3007DRYGUM-3007FO-3007S-3025S-3033A-3035A-9999A-9999C-9999CS-9999E,12,1022511955,300992483,1,"",
WA007,310726,WA003,101,3005WGUM-3005WGUM-3007DRYGUM-3007FO-3007S-3025S-3033A-3035A-9999A-9999C-9999CS-9999E,12,1022511955,300992486,1,"",
WA007,310726,WA003,101,3005WGUM-3005WGUM-3007DRYGUM-3007FO-3007S-3025S-3033A-3035A-9999A-9999C-9999CS-9999E,12,1022511955,300992497,1,"",
WA007,310726,WA003,101,3005WGUM-3005WGUM-3007DRYGUM-3007FO-3007S-3025S-3033A-3035A-9999A-9999C-9999CS-9999E,12,1022511955,300992498,1,"",
WA007,310726,WA003,101,3005WGUM-3005WGUM-3007DRYGUM-3007FO-3007S-3025S-3033A-3035A-9999A-9999C-9999CS-9999E,10,1022512152,300995244,1,"",
WA007,310726,WA003,101,3005WGUM-3005WGUM-3007DRYGUM-3007FO-3007S-3025S-3033A-3035A-9999A-9999C-9999CS-9999E,10,1022512152,300995245,1,"",
WA007,310726,WA003,101,3005WGUM-3005WGUM-3007DRYGUM-3007FO-3007S-3025S-3033A-3035A-9999A-9999C-9999CS-9999E,10,1022512152,300995246,1,"",
WA007,310726,WA003,101,3005WGUM-3005WGUM-3007DRYGUM-3007FO-3007S-3025S-3033A-3035A-9999A-9999C-9999CS-9999E,10,1022512152,300995263,1,"",
WA007,310726,WA003,101,3005WGUM-3005WGUM-3007DRYGUM-3007FO-3007S-3025S-3033A-3035A-9999A-9999C-9999CS-9999E,10,1022512152,300995392,1,"",
WA007,310726,WA003,101,3005WGUM-3005WGUM-3007DRYGUM-3007FO-3007S-3025S-3033A-3035A-9999A-9999C-9999CS-9999E,10,1022512152,300995394,1,"",
WA007,310726,WA003,101,3005WGUM-3005WGUM-3007DRYGUM-3007FO-3007S-3025S-3033A-3035A-9999A-9999C-9999CS-9999E,10,1022512152,300995395,1,"",
WA007,310726,WA003,101,3005WGUM-3005WGUM-3007DRYGUM-3007FO-3007S-3025S-3033A-3035A-9999A-9999C-9999CS-9999E,10,1022512152,300995396,1,"",
WA007,310726,WA003,101,3005WGUM-3005WGUM-3007DRYGUM-3007FO-3007S-3025S-3033A-3035A-9999A-9999C-9999CS-9999E,10,1022512154,300995584,1,"",
WA007,310726,WA003,101,3005WGUM-3005WGUM-3007DRYGUM-3007FO-3007S-3025S-3033A-3035A-9999A-9999C-9999CS-9999E,10,1022512154,300995585,1,"",
WA007,310726,WA003,101,3005WGUM-3005WGUM-3007DRYGUM-3007FO-3007S-3025S-3035A-9999A-9999C-9999CS-9999E,29,1022510253,300968200,1,232128-1-6-125,
WA007,310726,WA003,101,3005WGUM-3005WGUM-3007DRYGUM-3007FO-3007S-3025S-3035A-9999A-9999C-9999CS-9999E,29,1022510253,300968201,1,232128-1-6-125,
WA007,310726,WA003,101,3005WGUM-3005WGUM-3007DRYGUM-3007FO-3007S-3025S-3035A-9999A-9999C-9999CS-9999E,29,1022510253,300968202,1,232128-1-6-125,
WA007,310726,WA003,101,3005WGUM-3005WGUM-3007DRYGUM-3007FO-3007S-3025S-3035A-9999A-9999C-9999CS-9999E,29,1022510253,300968203,1,232128-1-6-125,
WA007,310726,WA003,101,3005WGUM-3005WGUM-3007DRYGUM-3007FO-3007S-3025S-3035A-9999A-9999C-9999CS-9999E,29,1022510253,300968204,1,232128-1-6-125,
WA007,310726,WA003,101,3005WGUM-3005WGUM-3007DRYGUM-3007FO-3007S-3025S-3035A-9999A-9999C-9999CS-9999E,29,1022510253,300968205,1,232128-1-6-125,
WA007,310726,WA003,101,3005WGUM-3005WGUM-3007DRYGUM-3007FO-3007S-3025S-3035A-9999A-9999C-9999CS-9999E,29,1022510253,300968206,1,232128-1-6-125,
WA007,310726,WA003,101,3005WGUM-3005WGUM-3007DRYGUM-3007FO-3007S-3025S-3035A-9999A-9999C-9999CS-9999E,29,1022510253,300968274,1,232128-1-6-125,
WA007,310726,WA003,101,3005WGUM-3005WGUM-3007DRYGUM-3007FO-3007S-3025S-3035A-9999A-9999C-9999CS-9999E,29,1022510254,300968275,1,232128-1-6-125,
WA007,310726,WA003,101,3005WGUM-3005WGUM-3007DRYGUM-3007FO-3007S-3025S-3035A-9999A-9999C-9999CS-9999E,29,1022510254,300968276,1,232128-1-6-125,
WA007,310726,WA003,101,3005WGUM-3005WGUM-3007DRYGUM-3007FO-3007S-3025S-3035A-9999A-9999C-9999CS-9999E,29,1022510254,300968277,1,232128-1-6-125,
WA007,310726,WA003,101,3005WGUM-3005WGUM-3007DRYGUM-3007FO-3007S-3025S-3035A-9999A-9999C-9999CS-9999E,29,1022510254,300968394,1,232128-1-6-125,
WA007,310726,WA003,101,3005WGUM-3005WGUM-3007DRYGUM-3007FO-3007S-3025S-3035A-9999A-9999C-9999CS-9999E,29,1022510254,300968395,1,232128-1-6-125,
WA007,310726,WA003,101,3005WGUM-3005WGUM-3007DRYGUM-3007FO-3007S-3025S-3035A-9999A-9999C-9999CS-9999E,29,1022510254,300968396,1,232128-1-6-125,
WA007,310726,WA003,101,3005WGUM-3005WGUM-3007DRYGUM-3007FO-3007S-3025S-3035A-9999A-9999C-9999CS-9999E,29,1022510254,300968397,1,232128-1-6-125,
WA007,310726,WA003,101,3005WGUM-3005WGUM-3007DRYGUM-3007FO-3007S-3025S-3035A-9999A-9999C-9999CS-9999E,29,1022510254,300968398,1,232128-1-6-125,
WA007,310726,WA003,101,3005WGUM-3005WGUM-3007DRYGUM-3007FO-3007S-3025S-3035A-9999A-9999C-9999CS-9999E,29,1022510255,300968426,1,232128-1-6-125,
WA007,310726,WA003,101,3005WGUM-3005WGUM-3007DRYGUM-3007FO-3007S-3025S-3035A-9999A-9999C-9999CS-9999E,29,1022510255,300968427,1,232128-1-6-125,
WA007,310726,WA003,101,3005WGUM-3005WGUM-3007DRYGUM-3007FO-3007S-3025S-3035A-9999A-9999C-9999CS-9999E,29,1022510255,300968428,1,232128-1-6-125,
WA007,310726,WA003,101,3005WGUM-3005WGUM-3007DRYGUM-3007FO-3007S-3025S-3035A-9999A-9999C-9999CS-9999E,29,1022510255,300968429,1,232128-1-6-125,
WA007,310726,WA003,101,3005WGUM-3005WGUM-3007DRYGUM-3007FO-3007S-3025S-3035A-9999A-9999C-9999CS-9999E,29,1022510255,300968431,1,232128-1-6-125,
WA007,310726,WA003,101,3005WGUM-3005WGUM-3007DRYGUM-3007FO-3007S-3025S-3035A-9999A-9999C-9999CS-9999E,29,1022510255,300968432,1,232128-1-6-125,
WA007,310726,WA003,101,3005WGUM-3005WGUM-3007DRYGUM-3007FO-3007S-3025S-3035A-9999A-9999C-9999CS-9999E,29,1022510255,300968433,1,232128-1-6-125,
WA007,310726,WA003,101,3005WGUM-3005WGUM-3007DRYGUM-3007FO-3007S-3025S-3035A-9999A-9999C-9999CS-9999E,29,1022510255,300968434,1,232128-1-6-125,
WA007,310726,WA003,101,3005WGUM-3005WGUM-3007DRYGUM-3007FO-3007S-3025S-3035A-9999A-9999C-9999CS-9999E,29,1022510256,300968484,1,232128-1-6-125,
WA007,310726,WA003,101,3005WGUM-3005WGUM-3007DRYGUM-3007FO-3007S-3025S-3035A-9999A-9999C-9999CS-9999E,29,1022510256,300968485,1,232128-1-6-125,
WA007,310726,WA003,101,3005WGUM-3005WGUM-3007DRYGUM-3007FO-3007S-3025S-3035A-9999A-9999C-9999CS-9999E,29,1022510256,300968486,1,232128-1-6-125,
WA007,310726,WA003,101,3005WGUM-3005WGUM-3007DRYGUM-3007FO-3007S-3025S-3035A-9999A-9999C-9999CS-9999E,29,1022510256,300968529,1,232128-1-6-125,
WA007,310726,WA003,101,3005WGUM-3005WGUM-3007DRYGUM-3007FO-3007S-3025S-3035A-9999A-9999C-9999CS-9999E,29,1022510256,300968530,1,232128-1-6-125,
WA007,310726,WA003,101,3005WGUM-3005WGUM-3007DRYGUM-3007FO-3007S-3025S-3035A-9999A-9999C-9999CS-9999E,29,1022510256,300968552,1,232128-1-6-125,
WA007,310726,WA003,101,3005WGUM-3005WGUM-3007DRYGUM-3007FO-3007S-3025S-3035A-9999A-9999C-9999CS-9999E,29,1022510256,300968553,1,232128-1-6-125,
WA007,310726,WA003,101,3005WGUM-3005WGUM-3007DRYGUM-3007FO-3007S-3025S-3035A-9999A-9999C-9999CS-9999E,29,1022510256,300968554,1,232128-1-6-125,
WA007,310726,WA003,101,3005WGUM-3005WGUM-3007DRYGUM-3007FO-3007S-3025S-3035A-9999A-9999C-9999CS-9999E,29,1022510257,300968628,1,232128-1-6-125,
WA007,310726,WA003,101,3005WGUM-3005WGUM-3007DRYGUM-3007FO-3007S-3025S-3035A-9999A-9999C-9999CS-9999E,29,1022510257,300968629,1,232128-1-6-125,
WA007,310726,WA003,101,3005WGUM-3005WGUM-3007DRYGUM-3007FO-3007S-3025S-3035A-9999A-9999C-9999CS-9999E,29,1022510257,300968662,1,232128-1-6-125,
WA007,310726,WA003,101,3005WGUM-3005WGUM-3007DRYGUM-3007FO-3007S-3025S-3035A-9999A-9999C-9999CS-9999E,29,1022510257,300968663,1,232128-1-6-125,
WA007,310726,WA003,101,3005WGUM-3005WGUM-3007DRYGUM-3007FO-3007S-3025S-3035A-9999A-9999C-9999CS-9999E,29,1022510257,300968664,1,232128-1-6-125,
WA007,310726,WA003,101,3005WGUM-3005WGUM-3007DRYGUM-3007FO-3007S-3025S-3035A-9999A-9999C-9999CS-9999E,29,1022510257,300968669,1,232128-1-6-125,
WA007,310726,WA003,101,3005WGUM-3005WGUM-3007DRYGUM-3007FO-3007S-3025S-3035A-9999A-9999C-9999CS-9999E,29,1022510257,300968670,1,232128-1-6-125,
WA007,310726,WA003,101,3005WGUM-3005WGUM-3007DRYGUM-3007FO-3007S-3025S-3035A-9999A-9999C-9999CS-9999E,29,1022510257,300968721,1,232128-1-6-125,
WA007,310726,WA003,101,3005WGUM-3005WGUM-3007DRYGUM-3007FO-3007S-3025S-3035A-9999A-9999C-9999CS-9999E,29,1022510258,300968723,1,232128-1-6-125,
WA007,310726,WA003,101,3005WGUM-3005WGUM-3007DRYGUM-3007FO-3007S-3025S-3035A-9999A-9999C-9999CS-9999E,29,1022510258,300968724,1,232128-1-6-125,
WA007,310726,WA003,101,3005WGUM-3005WGUM-3007DRYGUM-3007FO-3007S-3025S-3035A-9999A-9999C-9999CS-9999E,29,1022510258,300968725,1,232128-1-6-125,
WA007,310726,WA003,101,3005WGUM-3005WGUM-3007DRYGUM-3007FO-3007S-3025S-3035A-9999A-9999C-9999CS-9999E,29,1022510258,300968726,1,232128-1-6-125,
WA007,310726,WA003,101,3005WGUM-3005WGUM-3007DRYGUM-3007FO-3007S-3025S-3035A-9999A-9999C-9999CS-9999E,29,1022510258,300968727,1,232128-1-6-125,
WA007,310726,WA003,101,3005WGUM-3005WGUM-3007DRYGUM-3007FO-3007S-3025S-3035A-9999A-9999C-9999CS-9999E,29,1022510258,300968728,1,232128-1-6-125,
WA007,310726,WA003,101,3005WGUM-3005WGUM-3007DRYGUM-3007FO-3007S-3025S-3035A-9999A-9999C-9999CS-9999E,29,1022510258,300968744,1,232128-1-6-125,
WA007,310726,WA003,101,3005WGUM-3005WGUM-3007DRYGUM-3007FO-3007S-3025S-3035A-9999A-9999C-9999CS-9999E,29,1022510258,300968797,1,232128-1-6-125,
WA007,310726,WA003,101,3005WGUM-3005WGUM-3007DRYGUM-3007FO-3007S-3025S-3035A-9999A-9999C-9999CS-9999E,29,1022510259,300968799,1,232128-1-6-125,
WA007,310726,WA003,101,3005WGUM-3005WGUM-3007DRYGUM-3007FO-3007S-3025S-3035A-9999A-9999C-9999CS-9999E,29,1022510259,300968800,1,232128-1-6-125,
WA007,310726,WA003,101,3005WGUM-3005WGUM-3007DRYGUM-3007FO-3007S-3025S-3035A-9999A-9999C-9999CS-9999E,29,1022510259,300968801,1,232128-1-6-125,
WA007,310726,WA003,101,3005WGUM-3005WGUM-3007DRYGUM-3007FO-3007S-3025S-3035A-9999A-9999C-9999CS-9999E,29,1022510259,300968919,1,232128-1-6-125,
WA007,310726,WA003,101,3005WGUM-3005WGUM-3007DRYGUM-3007FO-3007S-3025S-3035A-9999A-9999C-9999CS-9999E,29,1022510259,300968920,1,232128-1-6-125,
WA007,310726,WA003,101,3005WGUM-3005WGUM-3007DRYGUM-3007FO-3007S-3025S-3035A-9999A-9999C-9999CS-9999E,29,1022510259,300968921,1,232128-1-6-125,
WA007,310726,WA003,101,3005WGUM-3005WGUM-3007DRYGUM-3007FO-3007S-3025S-3035A-9999A-9999C-9999CS-9999E,29,1022510259,300968922,1,232128-1-6-125,
WA007,310726,WA003,101,3005WGUM-3005WGUM-3007DRYGUM-3007FO-3007S-3025S-3035A-9999A-9999C-9999CS-9999E,29,1022510259,300968924,1,232128-1-6-125,
WA007,310726,WA003,101,3005WGUM-3005WGUM-3007DRYGUM-3007FO-3007S-3025S-3035A-9999A-9999C-9999CS-9999E,26,1022510552,300972594,1,"",
WA007,310726,WA003,101,3005WGUM-3005WGUM-3007DRYGUM-3007FO-3007S-3025S-3035A-9999A-9999C-9999CS-9999E,26,1022510552,300972595,1,"",
WA007,310726,WA003,101,3005WGUM-3005WGUM-3007DRYGUM-3007FO-3007S-3025S-3035A-9999A-9999C-9999CS-9999E,26,1022510552,300972596,1,"",
WA007,310726,WA003,101,3005WGUM-3005WGUM-3007DRYGUM-3007FO-3007S-3025S-3035A-9999A-9999C-9999CS-9999E,26,1022510552,300972597,1,"",
WA007,310726,WA003,101,3005WGUM-3005WGUM-3007DRYGUM-3007FO-3007S-3025S-3035A-9999A-9999C-9999CS-9999E,26,1022510552,300972598,1,"",
WA007,310726,WA003,101,3005WGUM-3005WGUM-3007DRYGUM-3007FO-3007S-3025S-3035A-9999A-9999C-9999CS-9999E,26,1022510552,300972644,1,"",
WA007,310726,WA003,101,3005WGUM-3005WGUM-3007DRYGUM-3007FO-3007S-3025S-3035A-9999A-9999C-9999CS-9999E,26,1022510552,300972645,1,"",
WA007,310726,WA003,101,3005WGUM-3005WGUM-3007DRYGUM-3007FO-3007S-3025S-3035A-9999A-9999C-9999CS-9999E,26,1022510552,300972646,1,"",
WA007,310726,WA003,101,3005WGUM-3005WGUM-3007DRYGUM-3007FO-3007S-3025S-3035A-9999A-9999C-9999CS-9999E,20,1022511159,300981751,1,"",
WA007,310726,WA003,101,3005WGUM-3005WGUM-3007DRYGUM-3007FO-3007S-3025S-3035A-9999A-9999C-9999CS-9999E,20,1022511159,300981752,1,"",
WA007,310726,WA003,101,3005WGUM-3005WGUM-3007DRYGUM-3007FO-3007S-3025S-3035A-9999A-9999C-9999CS-9999E,20,1022511159,300981753,1,"",
WA007,310726,WA003,101,3005WGUM-3005WGUM-3007DRYGUM-3007FO-3007S-3025S-3035A-9999A-9999C-9999CS-9999E,20,1022511159,300981754,1,"",
WA007,310726,WA003,101,3005WGUM-3005WGUM-3007DRYGUM-3007FO-3007S-3025S-3035A-9999A-9999C-9999CS-9999E,20,1022511159,300981756,1,"",
WA007,310726,WA003,101,3005WGUM-3005WGUM-3007DRYGUM-3007FO-3007S-3025S-3035A-9999A-9999C-9999CS-9999E,20,1022511159,300981849,1,"",
WA007,310726,WA003,101,3005WGUM-3005WGUM-3007DRYGUM-3007FO-3007S-3025S-3035A-9999A-9999C-9999CS-9999E,20,1022511159,300981850,1,"",
WA007,310726,WA003,101,3005WGUM-3005WGUM-3007DRYGUM-3007FO-3007S-3025S-3035A-9999A-9999C-9999CS-9999E,20,1022511159,300981851,1,"",
WA007,310726,WA003,101,3005WGUM-3005WGUM-3007DRYGUM-3007FO-3007S-3025S-3035A-9999A-9999C-9999CS-9999E,19,1022511256,300983164,1,"",
WA007,310726,WA003,101,3005WGUM-3005WGUM-3007DRYGUM-3007FO-3007S-3025S-3035A-9999A-9999C-9999CS-9999E,19,1022511256,300983165,1,"",
WA007,310726,WA003,101,3005WGUM-3005WGUM-3007DRYGUM-3007FO-3007S-3025S-3035A-9999A-9999C-9999CS-9999E,19,1022511256,300983166,1,"",
WA007,310726,WA003,101,3005WGUM-3005WGUM-3007DRYGUM-3007FO-3007S-3025S-3035A-9999A-9999C-9999CS-9999E,19,1022511256,300983168,1,"",
WA007,310726,WA003,101,3005WGUM-3005WGUM-3007DRYGUM-3007FO-3007S-3025S-3035A-9999A-9999C-9999CS-9999E,19,1022511256,300983176,1,"",
WA007,310726,WA003,101,3005WGUM-3005WGUM-3007DRYGUM-3007FO-3007S-3025S-3035A-9999A-9999C-9999CS-9999E,19,1022511256,300983238,1,"",
WA007,310726,WA003,101,3005WGUM-3005WGUM-3007DRYGUM-3007FO-3007S-3025S-3035A-9999A-9999C-9999CS-9999E,19,1022511256,300983239,1,"",
WA007,310726,WA003,101,3005WGUM-3005WGUM-3007DRYGUM-3007FO-3007S-3025S-3035A-9999A-9999C-9999CS-9999E,19,1022511256,300983240,1,"",
WA007,310726,WA003,101,3005WGUM-3005WGUM-3007DRYGUM-3007FO-3007S-3025S-3035A-9999A-9999C-9999CS-9999E,14,1022511763,300990680,1,"",
WA007,310726,WA003,101,3005WGUM-3005WGUM-3007DRYGUM-3007FO-3007S-3025S-3035A-9999A-9999C-9999CS-9999E,14,1022511763,300990681,1,"",
WA007,310726,WA003,101,3005WGUM-3005WGUM-3007DRYGUM-3007FO-3007S-3025S-3035A-9999A-9999C-9999CS-9999E,14,1022511763,300990692,1,"",
WA007,310726,WA003,101,3005WGUM-3005WGUM-3007DRYGUM-3007FO-3007S-3025S-3035A-9999A-9999C-9999CS-9999E,14,1022511763,300990705,1,"",
WA007,310726,WA003,101,3005WGUM-3005WGUM-3007DRYGUM-3007FO-3007S-3025S-3035A-9999A-9999C-9999CS-9999E,14,1022511763,300990715,1,"",
WA007,310726,WA003,101,3005WGUM-3005WGUM-3007DRYGUM-3007FO-3007S-3025S-3035A-9999A-9999C-9999CS-9999E,14,1022511763,300990716,1,"",
WA007,310726,WA003,101,3005WGUM-3005WGUM-3007DRYGUM-3007FO-3007S-3025S-3035A-9999A-9999C-9999CS-9999E,14,1022511763,300990717,1,"",
WA007,310726,WA003,101,3005WGUM-3005WGUM-3007DRYGUM-3007FO-3007S-3025S-3035A-9999A-9999C-9999CS-9999E,14,1022511763,300990718,1,"",
WA007,310726,WA003,101,3005WGUM-3005WGUM-3007DRYGUM-3007FO-3007S-3025S-3035A-9999A-9999C-9999CS-9999E,12,1022511956,300992541,1,"",
WA007,310726,WA003,101,3005WGUM-3005WGUM-3007DRYGUM-3007FO-3007S-3025S-3035A-9999A-9999C-9999CS-9999E,12,1022511956,300992542,1,"",
WA007,310726,WA003,101,3005WGUM-3005WGUM-3007DRYGUM-3007FO-3007S-3025S-3035A-9999A-9999C-9999CS-9999E,12,1022511956,300992543,1,"",
WA007,310726,WA003,101,3005WGUM-3005WGUM-3007DRYGUM-3007FO-3007S-3025S-3035A-9999A-9999C-9999CS-9999E,12,1022511956,300992544,1,"",
WA007,310726,WA003,101,3005WGUM-3005WGUM-3007DRYGUM-3007FO-3007S-3025S-3035A-9999A-9999C-9999CS-9999E,12,1022511956,300992546,1,"",
WA007,310726,WA003,101,3005WGUM-3005WGUM-3007DRYGUM-3007FO-3007S-3025S-3035A-9999A-9999C-9999CS-9999E,12,1022511956,300992766,1,"",
WA007,310726,WA003,101,3005WGUM-3005WGUM-3007DRYGUM-3007FO-3007S-3025S-3035A-9999A-9999C-9999CS-9999E,12,1022511956,300992769,1,"",
WA007,310726,WA003,101,3005WGUM-3005WGUM-3007DRYGUM-3007FO-3007S-3025S-3035A-9999A-9999C-9999CS-9999E,12,1022511956,300992770,1,"",
WA007,310726,WA003,101,3005WGUM-3005WGUM-3007DRYGUM-3007FO-3007S-3025S-9999A-9999C-9999CS-9999E,30,1022510152,300966579,1,233198-1-1-110,
WA007,310726,WA003,101,3005WGUM-3005WGUM-3007DRYGUM-3007FO-3007S-3025S-9999A-9999C-9999CS-9999E,30,1022510152,300966697,1,233198-1-1-110,
WA007,310726,WA003,101,3005WGUM-3005WGUM-3007DRYGUM-3007FO-3007S-3025S-9999A-9999C-9999CS-9999E,30,1022510152,300966698,1,233198-1-1-110,
WA007,310726,WA003,101,3005WGUM-3005WGUM-3007DRYGUM-3007FO-3007S-3025S-9999A-9999C-9999CS-9999E,30,1022510152,300966699,1,233198-1-1-110,
WA007,310726,WA003,101,3005WGUM-3005WGUM-3007DRYGUM-3007FO-3007S-3025S-9999A-9999C-9999CS-9999E,30,1022510152,300966701,1,233198-1-1-110,
WA007,310726,WA003,101,3005WGUM-3005WGUM-3007DRYGUM-3007FO-3007S-3025S-9999A-9999C-9999CS-9999E,30,1022510152,300966702,1,233198-1-1-110,
WA007,310726,WA003,101,3005WGUM-3005WGUM-3007DRYGUM-3007FO-3007S-3025S-9999A-9999C-9999CS-9999E,30,1022510152,300966703,1,233198-1-1-110,
WA007,310726,WA003,101,3005WGUM-3005WGUM-3007DRYGUM-3007FO-3007S-3025S-9999A-9999C-9999CS-9999E,30,1022510152,300966742,1,233198-1-1-110,
WA007,310726,WA003,101,3005WGUM-3005WGUM-3007DRYGUM-3007FO-3007S-3025S-9999A-9999C-9999CS-9999E,30,1022510153,300966745,1,233198-1-1-110,
WA007,310726,WA003,101,3005WGUM-3005WGUM-3007DRYGUM-3007FO-3007S-3025S-9999A-9999C-9999CS-9999E,30,1022510153,300966746,1,233198-1-1-110,
WA007,310726,WA003,101,3005WGUM-3005WGUM-3007DRYGUM-3007FO-3007S-3025S-9999A-9999C-9999CS-9999E,30,1022510153,300966747,1,233198-1-1-110,
WA007,310726,WA003,101,3005WGUM-3005WGUM-3007DRYGUM-3007FO-3007S-3025S-9999A-9999C-9999CS-9999E,30,1022510153,300966748,1,233198-1-1-110,
WA007,310726,WA003,101,3005WGUM-3005WGUM-3007DRYGUM-3007FO-3007S-3025S-9999A-9999C-9999CS-9999E,30,1022510153,300966749,1,233198-1-1-110,
WA007,310726,WA003,101,3005WGUM-3005WGUM-3007DRYGUM-3007FO-3007S-3025S-9999A-9999C-9999CS-9999E,30,1022510153,300966751,1,233198-1-1-110,
WA007,310726,WA003,101,3005WGUM-3005WGUM-3007DRYGUM-3007FO-3007S-3025S-9999A-9999C-9999CS-9999E,30,1022510153,300966752,1,233198-1-1-110,
WA007,310726,WA003,101,3005WGUM-3005WGUM-3007DRYGUM-3007FO-3007S-3025S-9999A-9999C-9999CS-9999E,30,1022510153,300966753,1,233198-1-1-110,
WA007,310726,WA003,101,3005WGUM-3005WGUM-3007DRYGUM-3007FO-3007S-3025S-9999A-9999C-9999CS-9999E,30,1022510159,300967166,1,233198-1-1-110,
WA007,310726,WA003,101,3005WGUM-3005WGUM-3007DRYGUM-3007FO-3007S-3025S-9999A-9999C-9999CS-9999E,30,1022510159,300967167,1,233198-1-1-110,
WA007,310726,WA003,101,3005WGUM-3005WGUM-3007DRYGUM-3007FO-3007S-3025S-9999A-9999C-9999CS-9999E,30,1022510159,300967168,1,233198-1-1-110,
WA007,310726,WA003,101,3005WGUM-3005WGUM-3007DRYGUM-3007FO-3007S-3025S-9999A-9999C-9999CS-9999E,30,1022510159,300967169,1,233198-1-1-110,
WA007,310726,WA003,101,3005WGUM-3005WGUM-3007DRYGUM-3007FO-3007S-3025S-9999A-9999C-9999CS-9999E,30,1022510159,300967179,1,232128-1-6-125,
WA007,310726,WA003,101,3005WGUM-3005WGUM-3007DRYGUM-3007FO-3007S-3025S-9999A-9999C-9999CS-9999E,30,1022510159,300967180,1,232128-1-6-125,
WA007,310726,WA003,101,3005WGUM-3005WGUM-3007DRYGUM-3007FO-3007S-3025S-9999A-9999C-9999CS-9999E,30,1022510159,300967181,1,232128-1-6-125,
WA007,310726,WA003,101,3005WGUM-3005WGUM-3007DRYGUM-3007FO-3007S-3025S-9999A-9999C-9999CS-9999E,30,1022510159,300967182,1,232128-1-6-125,
WA007,310726,WA003,101,3005WGUM-3005WGUM-3007DRYGUM-3007FO-3007S-3025S-9999A-9999C-9999CS-9999E,29,1022510252,300968112,1,232128-1-6-125,
WA007,310726,WA003,101,3005WGUM-3005WGUM-3007DRYGUM-3007FO-3007S-3025S-9999A-9999C-9999CS-9999E,29,1022510252,300968113,1,232128-1-6-125,
WA007,310726,WA003,101,3005WGUM-3005WGUM-3007DRYGUM-3007FO-3007S-3025S-9999A-9999C-9999CS-9999E,29,1022510252,300968114,1,232128-1-6-125,
WA007,310726,WA003,101,3005WGUM-3005WGUM-3007DRYGUM-3007FO-3007S-3025S-9999A-9999C-9999CS-9999E,29,1022510252,300968115,1,232128-1-6-125,
WA007,310726,WA003,101,3005WGUM-3005WGUM-3007DRYGUM-3007FO-3007S-3025S-9999A-9999C-9999CS-9999E,29,1022510252,300968116,1,232128-1-6-125,
WA007,310726,WA003,101,3005WGUM-3005WGUM-3007DRYGUM-3007FO-3007S-3025S-9999A-9999C-9999CS-9999E,29,1022510252,300968128,1,232128-1-6-125,
WA007,310726,WA003,101,3005WGUM-3005WGUM-3007DRYGUM-3007FO-3007S-3025S-9999A-9999C-9999CS-9999E,29,1022510252,300968129,1,232128-1-6-125,
WA007,310726,WA003,101,3005WGUM-3005WGUM-3007DRYGUM-3007FO-3007S-3025S-9999A-9999C-9999CS-9999E,29,1022510252,300968199,1,232128-1-6-125,
WA007,310726,WA003,101,3005WGUM-3005WGUM-3007DRYGUM-3007S-3025S-3033A-3035A-9999A-9999C-9999CS-9999E,25,1022510658,300974485,1,"",
WA007,310726,WA003,101,3005WGUM-3005WGUM-3007DRYGUM-3007S-3025S-3033A-3035A-9999A-9999C-9999CS-9999E,25,1022510658,300974486,1,"",
WA007,310726,WA003,101,3005WGUM-3005WGUM-3007DRYGUM-3007S-3025S-3033A-3035A-9999A-9999C-9999CS-9999E,25,1022510658,300974496,1,"",
WA007,310726,WA003,101,3005WGUM-3005WGUM-3007DRYGUM-3007S-3025S-3033A-3035A-9999A-9999C-9999CS-9999E,25,1022510658,300974497,1,"",
WA007,310726,WA003,101,3005WGUM-3005WGUM-3007DRYGUM-3007S-3025S-3033A-3035A-9999A-9999C-9999CS-9999E,25,1022510658,300974575,1,"",
WA007,310726,WA003,101,3005WGUM-3005WGUM-3007DRYGUM-3007S-3025S-3033A-3035A-9999A-9999C-9999CS-9999E,25,1022510658,300974576,1,"",
WA007,310726,WA003,101,3005WGUM-3005WGUM-3007DRYGUM-3007S-3025S-3033A-3035A-9999A-9999C-9999CS-9999E,25,1022510658,300974577,1,"",
WA007,310726,WA003,101,3005WGUM-3005WGUM-3007DRYGUM-3007S-3025S-3033A-3035A-9999A-9999C-9999CS-9999E,25,1022510658,300974578,1,"",
WA007,310726,WA003,101,3005WGUM-3005WGUM-3007DRYGUM-3007S-3025S-3033A-3035A-9999A-9999C-9999CS-9999E,25,1022510660,300974638,1,"",
WA007,310726,WA003,101,3005WGUM-3005WGUM-3007DRYGUM-3007S-3025S-3033A-3035A-9999A-9999C-9999CS-9999E,25,1022510660,300974639,1,"",
WA007,310726,WA003,101,3005WGUM-3005WGUM-3007DRYGUM-3007S-3025S-3033A-3035A-9999A-9999C-9999CS-9999E,25,1022510660,300974640,1,"",
WA007,310726,WA003,101,3005WGUM-3005WGUM-3007DRYGUM-3007S-3025S-3033A-3035A-9999A-9999C-9999CS-9999E,25,1022510660,300974652,1,"",
WA007,310726,WA003,101,3005WGUM-3005WGUM-3007DRYGUM-3007S-3025S-3033A-3035A-9999A-9999C-9999CS-9999E,25,1022510660,300974653,1,"",
WA007,310726,WA003,101,3005WGUM-3005WGUM-3007DRYGUM-3007S-3025S-3033A-3035A-9999A-9999C-9999CS-9999E,25,1022510660,300974654,1,"",
WA007,310726,WA003,101,3005WGUM-3005WGUM-3007DRYGUM-3007S-3025S-3033A-3035A-9999A-9999C-9999CS-9999E,25,1022510660,300974655,1,"",
WA007,310726,WA003,101,3005WGUM-3005WGUM-3007DRYGUM-3007S-3025S-3033A-3035A-9999A-9999C-9999CS-9999E,25,1022510660,300974656,1,"",
WA007,310726,WA003,101,3005WGUM-3005WGUM-3007DRYGUM-3007S-3025S-3033A-3035A-9999A-9999C-9999CS-9999E,24,1022510760,300975887,1,"",
WA007,310726,WA003,101,3005WGUM-3005WGUM-3007DRYGUM-3007S-3025S-3033A-3035A-9999A-9999C-9999CS-9999E,24,1022510760,300975888,1,"",
WA007,310726,WA003,101,3005WGUM-3005WGUM-3007DRYGUM-3007S-3025S-3033A-3035A-9999A-9999C-9999CS-9999E,24,1022510760,300975889,1,"",
WA007,310726,WA003,101,3005WGUM-3005WGUM-3007DRYGUM-3007S-3025S-3033A-3035A-9999A-9999C-9999CS-9999E,24,1022510760,300975903,1,"",
WA007,310726,WA003,101,3005WGUM-3005WGUM-3007DRYGUM-3007S-3025S-3033A-3035A-9999A-9999C-9999CS-9999E,24,1022510760,300975904,1,"",
WA007,310726,WA003,101,3005WGUM-3005WGUM-3007DRYGUM-3007S-3025S-3033A-3035A-9999A-9999C-9999CS-9999E,24,1022510760,300975905,1,"",
WA007,310726,WA003,101,3005WGUM-3005WGUM-3007DRYGUM-3007S-3025S-3033A-3035A-9999A-9999C-9999CS-9999E,24,1022510760,300976002,1,"",
WA007,310726,WA003,101,3005WGUM-3005WGUM-3007DRYGUM-3007S-3025S-3033A-3035A-9999A-9999C-9999CS-9999E,24,1022510760,300976003,1,"",
WA007,310726,WA003,101,3005WGUM-3005WGUM-3007DRYGUM-3007S-3025S-3033A-3035A-9999A-9999C-9999CS-9999E,22,1022510961,300979045,1,"",
WA007,310726,WA003,101,3005WGUM-3005WGUM-3007DRYGUM-3007S-3025S-3033A-3035A-9999A-9999C-9999CS-9999E,22,1022510961,300979046,1,"",
WA007,310726,WA003,101,3005WGUM-3005WGUM-3007DRYGUM-3007S-3025S-3033A-3035A-9999A-9999C-9999CS-9999E,22,1022510961,300979047,1,"",
WA007,310726,WA003,101,3005WGUM-3005WGUM-3007DRYGUM-3007S-3025S-3033A-3035A-9999A-9999C-9999CS-9999E,22,1022510961,300979074,1,"",
WA007,310726,WA003,101,3005WGUM-3005WGUM-3007DRYGUM-3007S-3025S-3033A-3035A-9999A-9999C-9999CS-9999E,22,1022510961,300979075,1,"",
WA007,310726,WA003,101,3005WGUM-3005WGUM-3007DRYGUM-3007S-3025S-3033A-3035A-9999A-9999C-9999CS-9999E,22,1022510961,300979077,1,"",
WA007,310726,WA003,101,3005WGUM-3005WGUM-3007DRYGUM-3007S-3025S-3033A-3035A-9999A-9999C-9999CS-9999E,22,1022510961,300979105,1,"",
WA007,310726,WA003,101,3005WGUM-3005WGUM-3007DRYGUM-3007S-3025S-3033A-3035A-9999A-9999C-9999CS-9999E,22,1022510961,300979106,1,"",
WA007,310726,WA003,101,3005WGUM-3005WGUM-3025S-3033A-3035A-9999A-9999C-9999CS-9999E,27,1022510461,300972022,1,233262-1-1-101,
WA007,310726,WA003,101,3005WGUM-3005WGUM-3025S-3033A-3035A-9999A-9999C-9999CS-9999E,27,1022510461,300972023,1,233262-1-1-101,
WA007,310726,WA003,101,3005WGUM-3005WGUM-3025S-3033A-3035A-9999A-9999C-9999CS-9999E,27,1022510461,300972030,1,233262-1-1-101,
WA007,310726,WA003,101,3005WGUM-3005WGUM-3025S-3033A-3035A-9999A-9999C-9999CS-9999E,27,1022510461,300972040,1,233262-1-1-101,
WA007,310726,WA003,101,3005WGUM-3005WGUM-3025S-3033A-3035A-9999A-9999C-9999CS-9999E,27,1022510461,300972049,1,233262-1-1-101,
WA007,310726,WA003,101,3005WGUM-3005WGUM-3025S-3033A-3035A-9999A-9999C-9999CS-9999E,27,1022510461,300972072,1,233262-1-1-101,
WA007,310726,WA003,101,3005WGUM-3005WGUM-3025S-3033A-3035A-9999A-9999C-9999CS-9999E,27,1022510461,300972073,1,233262-1-1-101,
WA007,310726,WA003,101,3005WGUM-3005WGUM-3025S-3033A-3035A-9999A-9999C-9999CS-9999E,27,1022510461,300972074,1,233262-1-1-101,
WA007,310726,WA003,101,3005WGUM-3005WGUM-3025S-3033A-3035A-9999A-9999C-9999CS-9999E,22,1022510962,300979124,1,233244-1-1-102,
WA007,310726,WA003,101,3005WGUM-3005WGUM-3025S-3033A-3035A-9999A-9999C-9999CS-9999E,22,1022510962,300979125,1,233244-1-1-102,
WA007,310726,WA003,101,3005WGUM-3005WGUM-3025S-3033A-3035A-9999A-9999C-9999CS-9999E,22,1022510962,300979186,1,233244-1-1-102,
WA007,310726,WA003,101,3005WGUM-3005WGUM-3025S-3033A-3035A-9999A-9999C-9999CS-9999E,22,1022510962,300979187,1,233244-1-1-102,
WA007,310726,WA003,101,3005WGUM-3005WGUM-3025S-3033A-3035A-9999A-9999C-9999CS-9999E,22,1022510962,300979188,1,233244-1-1-102,
WA007,310726,WA003,101,3005WGUM-3005WGUM-3025S-3033A-3035A-9999A-9999C-9999CS-9999E,22,1022510962,300979189,1,233244-1-1-102,
WA007,310726,WA003,101,3005WGUM-3005WGUM-3025S-3033A-3035A-9999A-9999C-9999CS-9999E,22,1022510962,300979190,1,233244-1-1-102,
WA007,310726,WA003,101,3005WGUM-3005WGUM-3025S-3033A-3035A-9999A-9999C-9999CS-9999E,22,1022510962,300979191,1,233244-1-1-102,
WA007,310726,WA003,101,3007DRYGUM-3007FO-3007S-3025S-3033A-3035A-9999A-9999C-9999CS-9999E,58,1022507354,300929205,1,233227-1-1-102,
WA007,310726,WA003,101,3007DRYGUM-3007FO-3007S-3025S-3033A-3035A-9999A-9999C-9999CS-9999E,58,1022507354,300929206,1,233227-1-1-102,
WA007,310726,WA003,101,3007DRYGUM-3007FO-3007S-3025S-3033A-3035A-9999A-9999C-9999CS-9999E,58,1022507354,300929220,1,233227-1-1-102,
WA007,310726,WA003,101,3007DRYGUM-3007FO-3007S-3025S-3033A-3035A-9999A-9999C-9999CS-9999E,58,1022507354,300929240,1,233227-1-1-102,
WA007,310726,WA003,101,3007DRYGUM-3007FO-3007S-3025S-3033A-3035A-9999A-9999C-9999CS-9999E,58,1022507354,300929241,1,233227-1-1-102,
WA007,310726,WA003,101,3007DRYGUM-3007FO-3007S-3025S-3033A-3035A-9999A-9999C-9999CS-9999E,58,1022507354,300929242,1,233227-1-1-102,
WA007,310726,WA003,101,3007DRYGUM-3007FO-3007S-3025S-3033A-3035A-9999A-9999C-9999CS-9999E,58,1022507354,300929250,1,233227-1-1-102,
WA007,310726,WA003,101,3007DRYGUM-3007FO-3007S-3025S-3033A-3035A-9999A-9999C-9999CS-9999E,58,1022507354,300929251,1,233227-1-1-102,
WA007,310726,WA003,101,3007DRYGUM-3007FO-3007S-3025S-3033A-3035A-9999A-9999C-9999CS-9999E,58,1022507355,300929263,1,233227-1-1-102,
WA007,310726,WA003,101,3007DRYGUM-3007FO-3007S-3025S-3033A-3035A-9999A-9999C-9999CS-9999E,58,1022507355,300929304,1,233227-1-1-102,
WA007,310726,WA003,101,3007DRYGUM-3007FO-3007S-3025S-3033A-3035A-9999A-9999C-9999CS-9999E,58,1022507355,300929305,1,233227-1-1-102,
WA007,310726,WA003,101,3007DRYGUM-3007FO-3007S-3025S-3033A-3035A-9999A-9999C-9999CS-9999E,58,1022507355,300929306,1,233227-1-1-102,
WA007,310726,WA003,101,3007DRYGUM-3007FO-3007S-3025S-3033A-3035A-9999A-9999C-9999CS-9999E,58,1022507355,300929307,1,233227-1-1-102,
WA007,310726,WA003,101,3007DRYGUM-3007FO-3007S-3025S-3033A-3035A-9999A-9999C-9999CS-9999E,58,1022507355,300929308,1,233227-1-1-102,
WA007,310726,WA003,101,3007DRYGUM-3007FO-3007S-3025S-3033A-3035A-9999A-9999C-9999CS-9999E,58,1022507355,300929398,1,233227-1-1-102,
WA007,310726,WA003,101,3007DRYGUM-3007FO-3007S-3025S-3033A-3035A-9999A-9999C-9999CS-9999E,58,1022507355,300929399,1,233227-1-1-102,
WA007,310726,WA003,101,3007DRYGUM-3007FO-3007S-3025S-3033A-3035A-9999A-9999C-9999CS-9999E,58,1022507356,300929400,1,233227-1-1-102,
WA007,310726,WA003,101,3007DRYGUM-3007FO-3007S-3025S-3033A-3035A-9999A-9999C-9999CS-9999E,58,1022507356,300929401,1,233227-1-1-102,
WA007,310726,WA003,101,3007DRYGUM-3007FO-3007S-3025S-3033A-3035A-9999A-9999C-9999CS-9999E,58,1022507356,300929407,1,233227-1-1-102,
WA007,310726,WA003,101,3007DRYGUM-3007FO-3007S-3025S-3033A-3035A-9999A-9999C-9999CS-9999E,58,1022507356,300929425,1,233227-1-1-102,
WA007,310726,WA003,101,3007DRYGUM-3007FO-3007S-3025S-3033A-3035A-9999A-9999C-9999CS-9999E,58,1022507356,300929426,1,233227-1-1-102,
WA007,310726,WA003,101,3007DRYGUM-3007FO-3007S-3025S-3033A-3035A-9999A-9999C-9999CS-9999E,58,1022507356,300929427,1,233227-1-1-102,
WA007,310726,WA003,101,3007DRYGUM-3007FO-3007S-3025S-3033A-3035A-9999A-9999C-9999CS-9999E,58,1022507356,300929428,1,233227-1-1-102,
WA007,310726,WA003,101,3007DRYGUM-3007FO-3007S-3025S-3033A-3035A-9999A-9999C-9999CS-9999E,58,1022507356,300929429,1,233227-1-1-102,
WA007,310726,WA003,101,3007DRYGUM-3007FO-3007S-3025S-3033A-3035A-9999A-9999C-9999CS-9999E,58,1022507357,300929441,1,233227-1-1-102,
WA007,310726,WA003,101,3007DRYGUM-3007FO-3007S-3025S-3033A-3035A-9999A-9999C-9999CS-9999E,58,1022507357,300929442,1,233227-1-1-102,
WA007,310726,WA003,101,3007DRYGUM-3007FO-3007S-3025S-3033A-3035A-9999A-9999C-9999CS-9999E,58,1022507357,300929443,1,233227-1-1-102,
WA007,310726,WA003,101,3007DRYGUM-3007FO-3007S-3025S-3033A-3035A-9999A-9999C-9999CS-9999E,58,1022507357,300929516,1,233227-1-1-102,
WA007,310726,WA003,101,3007DRYGUM-3007FO-3007S-3025S-3033A-3035A-9999A-9999C-9999CS-9999E,58,1022507357,300929517,1,233227-1-1-102,
WA007,310726,WA003,101,3007DRYGUM-3007FO-3007S-3025S-3033A-3035A-9999A-9999C-9999CS-9999E,58,1022507357,300929519,1,233227-1-1-102,
WA007,310726,WA003,101,3007DRYGUM-3007FO-3007S-3025S-3033A-3035A-9999A-9999C-9999CS-9999E,58,1022507357,300929530,1,233227-1-1-102,
WA007,310726,WA003,101,3007DRYGUM-3007FO-3007S-3025S-3033A-3035A-9999A-9999C-9999CS-9999E,58,1022507357,300929531,1,233227-1-1-102,
WA007,310726,WA003,101,3007DRYGUM-3007FO-3007S-3025S-3033A-3035A-9999A-9999C-9999CS-9999E,58,1022507358,300929532,1,233227-1-1-102,
WA007,310726,WA003,101,3007DRYGUM-3007FO-3007S-3025S-3033A-3035A-9999A-9999C-9999CS-9999E,58,1022507358,300929533,1,233227-1-1-102,
WA007,310726,WA003,101,3007DRYGUM-3007FO-3007S-3025S-3033A-3035A-9999A-9999C-9999CS-9999E,58,1022507358,300929556,1,233227-1-1-102,
WA007,310726,WA003,101,3007DRYGUM-3007FO-3007S-3025S-3033A-3035A-9999A-9999C-9999CS-9999E,58,1022507358,300929557,1,233227-1-1-102,
WA007,310726,WA003,101,3007DRYGUM-3007FO-3007S-3025S-3033A-3035A-9999A-9999C-9999CS-9999E,58,1022507358,300929559,1,233227-1-1-102,
WA007,310726,WA003,101,3007DRYGUM-3007FO-3007S-3025S-3033A-3035A-9999A-9999C-9999CS-9999E,58,1022507358,300929580,1,233227-1-1-102,
WA007,310726,WA003,101,3007DRYGUM-3007FO-3007S-3025S-3033A-3035A-9999A-9999C-9999CS-9999E,58,1022507358,300929581,1,233227-1-1-102,
WA007,310726,WA003,101,3007DRYGUM-3007FO-3007S-3025S-3033A-3035A-9999A-9999C-9999CS-9999E,58,1022507358,300929582,1,233227-1-1-102,
WA007,310726,WA003,101,3007DRYGUM-3007FO-3007S-3025S-3033A-3035A-9999A-9999C-9999CS-9999E,58,1022507359,300929603,1,233227-1-1-102,
WA007,310726,WA003,101,3007DRYGUM-3007FO-3007S-3025S-3033A-3035A-9999A-9999C-9999CS-9999E,58,1022507359,300929604,1,233227-1-1-102,
WA007,310726,WA003,101,3007DRYGUM-3007FO-3007S-3025S-3033A-3035A-9999A-9999C-9999CS-9999E,58,1022507359,300929605,1,233227-1-1-102,
WA007,310726,WA003,101,3007DRYGUM-3007FO-3007S-3025S-3033A-3035A-9999A-9999C-9999CS-9999E,58,1022507359,300929701,1,233227-1-1-102,
WA007,310726,WA003,101,3007DRYGUM-3007FO-3007S-3025S-3033A-3035A-9999A-9999C-9999CS-9999E,58,1022507359,300929702,1,233227-1-1-102,
WA007,310726,WA003,101,3007DRYGUM-3007FO-3007S-3025S-3033A-3035A-9999A-9999C-9999CS-9999E,58,1022507359,300929703,1,233227-1-1-102,
WA007,310726,WA003,101,3007DRYGUM-3007FO-3007S-3025S-3033A-3035A-9999A-9999C-9999CS-9999E,58,1022507359,300929732,1,233227-1-1-102,
WA007,310726,WA003,101,3007DRYGUM-3007FO-3007S-3025S-3033A-3035A-9999A-9999C-9999CS-9999E,58,1022507359,300929733,1,233227-1-1-102,
WA007,310726,WA003,101,3007DRYGUM-3007FO-3007S-3025S-3033A-3035A-9999A-9999C-9999CS-9999E,58,1022507360,300929734,1,233227-1-1-102,
WA007,310726,WA003,101,3007DRYGUM-3007FO-3007S-3025S-3033A-3035A-9999A-9999C-9999CS-9999E,58,1022507360,300929735,1,233227-1-1-102,
WA007,310726,WA003,101,3007DRYGUM-3007FO-3007S-3025S-3033A-3035A-9999A-9999C-9999CS-9999E,58,1022507360,300929805,1,233227-1-1-102,
WA007,310726,WA003,101,3007DRYGUM-3007FO-3007S-3025S-3033A-3035A-9999A-9999C-9999CS-9999E,58,1022507360,300929806,1,233227-1-1-102,
WA007,310726,WA003,101,3007DRYGUM-3007FO-3007S-3025S-3033A-3035A-9999A-9999C-9999CS-9999E,58,1022507360,300929807,1,233227-1-1-102,
WA007,310726,WA003,101,3007DRYGUM-3007FO-3007S-3025S-3033A-3035A-9999A-9999C-9999CS-9999E,58,1022507360,300929808,1,233227-1-1-102,
WA007,310726,WA003,101,3007DRYGUM-3007FO-3007S-3025S-3033A-3035A-9999A-9999C-9999CS-9999E,58,1022507360,300929809,1,233227-1-1-102,
WA007,310726,WA003,101,3007DRYGUM-3007FO-3007S-3025S-3033A-3035A-9999A-9999C-9999CS-9999E,58,1022507360,300930103,1,233227-1-1-102,
WA007,310726,WA003,101,3007DRYGUM-3007FO-3007S-3025S-3033A-3035A-9999A-9999C-9999CS-9999E,58,1022507361,300930104,1,233227-1-1-102,
WA007,310726,WA003,101,3007DRYGUM-3007FO-3007S-3025S-3033A-3035A-9999A-9999C-9999CS-9999E,58,1022507361,300930105,1,233227-1-1-102,
WA007,310726,WA003,101,3007DRYGUM-3007FO-3007S-3025S-3033A-3035A-9999A-9999C-9999CS-9999E,58,1022507361,300930118,1,233227-1-1-102,
WA007,310726,WA003,101,3007DRYGUM-3007FO-3007S-3025S-3033A-3035A-9999A-9999C-9999CS-9999E,58,1022507361,300930119,1,233227-1-1-102,
WA007,310726,WA003,101,3007DRYGUM-3007FO-3007S-3025S-3033A-3035A-9999A-9999C-9999CS-9999E,58,1022507361,300930138,1,233227-1-1-102,
WA007,310726,WA003,101,3007DRYGUM-3007FO-3007S-3025S-3033A-3035A-9999A-9999C-9999CS-9999E,58,1022507361,300930139,1,233227-1-1-102,
WA007,310726,WA003,101,3007DRYGUM-3007FO-3007S-3025S-3033A-3035A-9999A-9999C-9999CS-9999E,58,1022507361,300930140,1,233227-1-1-102,
WA007,310726,WA003,101,3007DRYGUM-3007FO-3007S-3025S-3033A-3035A-9999A-9999C-9999CS-9999E,58,1022507361,300930141,1,233227-1-1-102,
WA007,310726,WA003,101,3007DRYGUM-3007FO-3007S-3025S-3033A-3035A-9999A-9999C-9999CS-9999E,28,1022510352,300969823,1,232128-1-6-125,
WA007,310726,WA003,101,3007DRYGUM-3007FO-3007S-3025S-3033A-3035A-9999A-9999C-9999CS-9999E,28,1022510352,300969824,1,232128-1-6-125,
WA007,310726,WA003,101,3007DRYGUM-3007FO-3007S-3025S-3033A-3035A-9999A-9999C-9999CS-9999E,28,1022510352,300969825,1,232128-1-6-125,
WA007,310726,WA003,101,3007DRYGUM-3007FO-3007S-3025S-3033A-3035A-9999A-9999C-9999CS-9999E,28,1022510352,300969826,1,232128-1-6-125,
WA007,310726,WA003,101,3007DRYGUM-3007FO-3007S-3025S-3033A-3035A-9999A-9999C-9999CS-9999E,28,1022510352,300969827,1,232128-1-6-125,
WA007,310726,WA003,101,3007DRYGUM-3007FO-3007S-3025S-3033A-3035A-9999A-9999C-9999CS-9999E,28,1022510352,300969882,1,232128-1-6-125,
WA007,310726,WA003,101,3007DRYGUM-3007FO-3007S-3025S-3033A-3035A-9999A-9999C-9999CS-9999E,28,1022510352,300969883,1,232128-1-6-125,
WA007,310726,WA003,101,3007DRYGUM-3007FO-3007S-3025S-3033A-3035A-9999A-9999C-9999CS-9999E,28,1022510352,300969884,1,232128-1-6-125,
WA007,310726,WA003,101,3007S-3015A-3025S-3033A-3035A-9999A-9999C-9999CS-9999E,9,1022512262,300997276,1,"",
WA007,310726,WA003,101,3007S-3015A-3025S-3033A-3035A-9999A-9999C-9999CS-9999E,9,1022512262,300997277,1,"",
WA007,310726,WA003,101,3007S-3015A-3025S-3033A-3035A-9999A-9999C-9999CS-9999E,9,1022512262,300997280,1,"",
WA007,310726,WA003,101,3007S-3015A-3025S-3033A-3035A-9999A-9999C-9999CS-9999E,9,1022512262,300997281,1,"",
WA007,310726,WA003,101,3007S-3015A-3025S-3033A-3035A-9999A-9999C-9999CS-9999E,9,1022512262,300997282,1,"",
WA007,310726,WA003,101,3007S-3015A-3025S-3033A-3035A-9999A-9999C-9999CS-9999E,9,1022512262,300997283,1,"",
WA007,310726,WA003,101,3007S-3015A-3025S-3033A-3035A-9999A-9999C-9999CS-9999E,9,1022512262,300997284,1,"",
WA007,310726,WA003,101,3007S-3015A-3025S-3033A-3035A-9999A-9999C-9999CS-9999E,9,1022512262,300997285,1,"",
WA007,310726,WA003,101,3007S-3015A-3025S-3033A-3035A-9999A-9999C-9999CS-9999E,9,1022512263,300997444,1,"",
WA007,310726,WA003,101,3007S-3015A-3025S-3033A-3035A-9999A-9999C-9999CS-9999E,9,1022512263,300997445,1,"",
WA007,310726,WA003,101,3007S-3015A-3025S-3033A-3035A-9999A-9999C-9999CS-9999E,9,1022512263,300997446,1,"",
WA007,310726,WA003,101,3007S-3015A-3025S-3033A-3035A-9999A-9999C-9999CS-9999E,9,1022512263,300997447,1,"",
WA007,310726,WA003,101,3007S-3015A-3025S-3033A-3035A-9999A-9999C-9999CS-9999E,9,1022512263,300997448,1,"",
WA007,310726,WA003,101,3007S-3015A-3025S-3033A-3035A-9999A-9999C-9999CS-9999E,9,1022512263,300997449,1,"",
WA007,310726,WA003,101,3007S-3015A-3025S-3033A-3035A-9999A-9999C-9999CS-9999E,9,1022512263,300997450,1,"",
WA007,310726,WA003,101,3007S-3015A-3025S-3033A-3035A-9999A-9999C-9999CS-9999E,9,1022512263,300997451,1,"",
WA007,310726,WA003,101,3007S-3025S-3033A-3035A-9999A-9999C-9999CS,60,1022507158,300926472,1,"",
WA007,310726,WA003,101,3007S-3025S-3033A-3035A-9999A-9999C-9999CS,60,1022507158,300926473,1,"",
WA007,310726,WA003,101,3007S-3025S-3033A-3035A-9999A-9999C-9999CS,60,1022507158,300926474,1,"",
WA007,310726,WA003,101,3007S-3025S-3033A-3035A-9999A-9999C-9999CS,60,1022507158,300926475,1,"",
WA007,310726,WA003,101,3007S-3025S-3033A-3035A-9999A-9999C-9999CS,60,1022507158,300926501,1,"",
WA007,310726,WA003,101,3007S-3025S-3033A-3035A-9999A-9999C-9999CS,60,1022507158,300926502,1,"",
WA007,310726,WA003,101,3007S-3025S-3033A-3035A-9999A-9999C-9999CS,60,1022507158,300926503,1,"",
WA007,310726,WA003,101,3007S-3025S-3033A-3035A-9999A-9999C-9999CS,60,1022507158,300926504,1,"",
WA007,310726,WA003,101,3007S-3025S-3033A-3035A-9999A-9999C-9999CS,60,1022507159,300926516,1,"",
WA007,310726,WA003,101,3007S-3025S-3033A-3035A-9999A-9999C-9999CS,60,1022507159,300926517,1,"",
WA007,310726,WA003,101,3007S-3025S-3033A-3035A-9999A-9999C-9999CS,60,1022507159,300926518,1,"",
WA007,310726,WA003,101,3007S-3025S-3033A-3035A-9999A-9999C-9999CS,60,1022507159,300926519,1,"",
WA007,310726,WA003,101,3007S-3025S-3033A-3035A-9999A-9999C-9999CS,60,1022507159,300926625,1,"",
WA007,310726,WA003,101,3007S-3025S-3033A-3035A-9999A-9999C-9999CS,60,1022507159,300926626,1,"",
WA007,310726,WA003,101,3007S-3025S-3033A-3035A-9999A-9999C-9999CS,60,1022507159,300926627,1,"",
WA007,310726,WA003,101,3007S-3025S-3033A-3035A-9999A-9999C-9999CS,60,1022507159,300926628,1,"",
WA007,310726,WA003,101,3007S-3025S-3033A-3035A-9999A-9999C-9999CS-9999E,63,1022506852,300921010,1,232128-1-6-124,
WA007,310726,WA003,101,3007S-3025S-3033A-3035A-9999A-9999C-9999CS-9999E,63,1022506853,300921058,1,232128-1-6-124,
WA007,310726,WA003,101,3007S-3025S-3033A-3035A-9999A-9999C-9999CS-9999E,63,1022506853,300921059,1,232128-1-6-124,
WA007,310726,WA003,101,3007S-3025S-3033A-3035A-9999A-9999C-9999CS-9999E,63,1022506853,300921060,1,232128-1-6-124,
WA007,310726,WA003,101,3007S-3025S-3033A-3035A-9999A-9999C-9999CS-9999E,63,1022506853,300921062,1,232128-1-6-124,
WA007,310726,WA003,101,3007S-3025S-3033A-3035A-9999A-9999C-9999CS-9999E,63,1022506853,300921063,1,232128-1-6-124,
WA007,310726,WA003,101,3007S-3025S-3033A-3035A-9999A-9999C-9999CS-9999E,63,1022506853,300921076,1,232128-1-6-124,
WA007,310726,WA003,101,3007S-3025S-3033A-3035A-9999A-9999C-9999CS-9999E,63,1022506853,300921077,1,232128-1-6-124,
WA007,310726,WA003,101,3007S-3025S-3033A-3035A-9999A-9999C-9999CS-9999E,63,1022506853,300921078,1,232128-1-6-124,
WA007,310726,WA003,101,3007S-3025S-3033A-3035A-9999A-9999C-9999CS-9999E,63,1022506854,300921079,1,232128-1-6-124,
WA007,310726,WA003,101,3007S-3025S-3033A-3035A-9999A-9999C-9999CS-9999E,63,1022506854,300921080,1,232128-1-6-124,
WA007,310726,WA003,101,3007S-3025S-3033A-3035A-9999A-9999C-9999CS-9999E,63,1022506854,300921081,1,232128-1-6-124,
WA007,310726,WA003,101,3007S-3025S-3033A-3035A-9999A-9999C-9999CS-9999E,63,1022506854,300921082,1,232128-1-6-124,
WA007,310726,WA003,101,3007S-3025S-3033A-3035A-9999A-9999C-9999CS-9999E,63,1022506854,300921083,1,232128-1-6-124,
WA007,310726,WA003,101,3007S-3025S-3033A-3035A-9999A-9999C-9999CS-9999E,63,1022506854,300921103,1,232128-1-6-124,
WA007,310726,WA003,101,3007S-3025S-3033A-3035A-9999A-9999C-9999CS-9999E,63,1022506854,300921104,1,232128-1-6-124,
WA007,310726,WA003,101,3007S-3025S-3033A-3035A-9999A-9999C-9999CS-9999E,63,1022506854,300921105,1,232128-1-6-124,
WA007,310726,WA003,101,3007S-3025S-3033A-3035A-9999A-9999C-9999CS-9999E,63,1022506855,300921106,1,232128-1-6-124,
WA007,310726,WA003,101,3007S-3025S-3033A-3035A-9999A-9999C-9999CS-9999E,63,1022506855,300921107,1,232128-1-6-124,
WA007,310726,WA003,101,3007S-3025S-3033A-3035A-9999A-9999C-9999CS-9999E,63,1022506855,300921108,1,232128-1-6-124,
WA007,310726,WA003,101,3007S-3025S-3033A-3035A-9999A-9999C-9999CS-9999E,63,1022506855,300921109,1,232128-1-6-124,
WA007,310726,WA003,101,3007S-3025S-3033A-3035A-9999A-9999C-9999CS-9999E,63,1022506855,300921187,1,232128-1-6-124,
WA007,310726,WA003,101,3007S-3025S-3033A-3035A-9999A-9999C-9999CS-9999E,63,1022506855,300921188,1,232128-1-6-124,
WA007,310726,WA003,101,3007S-3025S-3033A-3035A-9999A-9999C-9999CS-9999E,63,1022506855,300921189,1,232128-1-6-124,
WA007,310726,WA003,101,3007S-3025S-3033A-3035A-9999A-9999C-9999CS-9999E,63,1022506855,300921190,1,232128-1-6-124,
WA007,310726,WA003,101,3007S-3025S-3033A-3035A-9999A-9999C-9999CS-9999E,63,1022506856,300921229,1,232128-1-6-124,
WA007,310726,WA003,101,3007S-3025S-3033A-3035A-9999A-9999C-9999CS-9999E,63,1022506856,300921230,1,232128-1-6-124,
WA007,310726,WA003,101,3007S-3025S-3033A-3035A-9999A-9999C-9999CS-9999E,63,1022506856,300921231,1,232128-1-6-124,
WA007,310726,WA003,101,3007S-3025S-3033A-3035A-9999A-9999C-9999CS-9999E,63,1022506856,300921375,1,232128-1-6-124,
WA007,310726,WA003,101,3007S-3025S-3033A-3035A-9999A-9999C-9999CS-9999E,63,1022506856,300921376,1,232128-1-6-124,
WA007,310726,WA003,101,3007S-3025S-3033A-3035A-9999A-9999C-9999CS-9999E,63,1022506856,300921377,1,232128-1-6-124,
WA007,310726,WA003,101,3007S-3025S-3033A-3035A-9999A-9999C-9999CS-9999E,63,1022506856,300921378,1,232128-1-6-124,
WA007,310726,WA003,101,3007S-3025S-3033A-3035A-9999A-9999C-9999CS-9999E,63,1022506856,300921425,1,232128-1-6-124,
WA007,310726,WA003,101,3007S-3025S-3033A-3035A-9999A-9999C-9999CS-9999E,63,1022506857,300921426,1,232128-1-6-124,
WA007,310726,WA003,101,3007S-3025S-3033A-3035A-9999A-9999C-9999CS-9999E,63,1022506857,300921427,1,232128-1-6-124,
WA007,310726,WA003,101,3007S-3025S-3033A-3035A-9999A-9999C-9999CS-9999E,63,1022506857,300921428,1,232128-1-6-124,
WA007,310726,WA003,101,3007S-3025S-3033A-3035A-9999A-9999C-9999CS-9999E,63,1022506857,300921430,1,232128-1-6-124,
WA007,310726,WA003,101,3007S-3025S-3033A-3035A-9999A-9999C-9999CS-9999E,63,1022506857,300921431,1,232128-1-6-124,
WA007,310726,WA003,101,3007S-3025S-3033A-3035A-9999A-9999C-9999CS-9999E,63,1022506857,300921432,1,232128-1-6-124,
WA007,310726,WA003,101,3007S-3025S-3033A-3035A-9999A-9999C-9999CS-9999E,63,1022506857,300921481,1,232128-1-6-124,
WA007,310726,WA003,101,3007S-3025S-3033A-3035A-9999A-9999C-9999CS-9999E,63,1022506857,300921482,1,232128-1-6-124,
WA007,310726,WA003,101,3007S-3025S-3033A-3035A-9999A-9999C-9999CS-9999E,63,1022506858,300921528,1,232128-1-6-124,
WA007,310726,WA003,101,3007S-3025S-3033A-3035A-9999A-9999C-9999CS-9999E,63,1022506858,300921529,1,232128-1-6-124,
WA007,310726,WA003,101,3007S-3025S-3033A-3035A-9999A-9999C-9999CS-9999E,63,1022506858,300921530,1,232128-1-6-124,
WA007,310726,WA003,101,3007S-3025S-3033A-3035A-9999A-9999C-9999CS-9999E,63,1022506858,300921531,1,232128-1-6-124,
WA007,310726,WA003,101,3007S-3025S-3033A-3035A-9999A-9999C-9999CS-9999E,63,1022506858,300921640,1,232128-1-6-124,
WA007,310726,WA003,101,3007S-3025S-3033A-3035A-9999A-9999C-9999CS-9999E,63,1022506858,300921664,1,232128-1-6-124,
WA007,310726,WA003,101,3007S-3025S-3033A-3035A-9999A-9999C-9999CS-9999E,63,1022506858,300921665,1,232128-1-6-124,
WA007,310726,WA003,101,3007S-3025S-3033A-3035A-9999A-9999C-9999CS-9999E,63,1022506858,300921666,1,232128-1-6-124,
WA007,310726,WA003,101,3007S-3025S-3033A-3035A-9999A-9999C-9999CS-9999E,63,1022506859,300921678,1,232128-1-6-124,
WA007,310726,WA003,101,3007S-3025S-3033A-3035A-9999A-9999C-9999CS-9999E,63,1022506859,300921679,1,232128-1-6-124,
WA007,310726,WA003,101,3007S-3025S-3033A-3035A-9999A-9999C-9999CS-9999E,63,1022506859,300921680,1,232128-1-6-124,
WA007,310726,WA003,101,3007S-3025S-3033A-3035A-9999A-9999C-9999CS-9999E,63,1022506859,300921681,1,232128-1-6-124,
WA007,310726,WA003,101,3007S-3025S-3033A-3035A-9999A-9999C-9999CS-9999E,63,1022506859,300921689,1,232128-1-6-124,
WA007,310726,WA003,101,3007S-3025S-3033A-3035A-9999A-9999C-9999CS-9999E,63,1022506859,300921690,1,232128-1-6-124,
WA007,310726,WA003,101,3007S-3025S-3033A-3035A-9999A-9999C-9999CS-9999E,63,1022506859,300921732,1,232128-1-6-124,
WA007,310726,WA003,101,3007S-3025S-3033A-3035A-9999A-9999C-9999CS-9999E,63,1022506859,300921733,1,232128-1-6-124,
WA007,310726,WA003,101,3007S-3025S-3033A-3035A-9999A-9999C-9999CS-9999E,63,1022506860,300921758,1,232128-1-6-124,
WA007,310726,WA003,101,3007S-3025S-3033A-3035A-9999A-9999C-9999CS-9999E,63,1022506860,300921759,1,232128-1-6-124,
WA007,310726,WA003,101,3007S-3025S-3033A-3035A-9999A-9999C-9999CS-9999E,63,1022506860,300921760,1,232128-1-6-124,
WA007,310726,WA003,101,3007S-3025S-3033A-3035A-9999A-9999C-9999CS-9999E,63,1022506860,300921761,1,232128-1-6-124,
WA007,310726,WA003,101,3007S-3025S-3033A-3035A-9999A-9999C-9999CS-9999E,63,1022506860,300921775,1,232128-1-6-124,
WA007,310726,WA003,101,3007S-3025S-3033A-3035A-9999A-9999C-9999CS-9999E,63,1022506860,300921776,1,232128-1-6-124,
WA007,310726,WA003,101,3007S-3025S-3033A-3035A-9999A-9999C-9999CS-9999E,63,1022506860,300921783,1,232128-1-6-124,
WA007,310726,WA003,101,3007S-3025S-3033A-3035A-9999A-9999C-9999CS-9999E,63,1022506860,300921796,1,232128-1-6-124,
WA007,310726,WA003,101,3007S-3025S-3033A-3035A-9999A-9999C-9999CS-9999E,62,1022506952,300922563,1,232128-1-6-124,
WA007,310726,WA003,101,3007S-3025S-3033A-3035A-9999A-9999C-9999CS-9999E,62,1022506952,300922566,1,232128-1-6-124,
WA007,310726,WA003,101,3007S-3025S-3033A-3035A-9999A-9999C-9999CS-9999E,62,1022506952,300922569,1,232128-1-6-124,
WA007,310726,WA003,101,3007S-3025S-3033A-3035A-9999A-9999C-9999CS-9999E,62,1022506952,300922570,1,232128-1-6-124,
WA007,310726,WA003,101,3007S-3025S-3033A-3035A-9999A-9999C-9999CS-9999E,62,1022506952,300922586,1,232128-1-6-124,
WA007,310726,WA003,101,3007S-3025S-3033A-3035A-9999A-9999C-9999CS-9999E,62,1022506952,300922587,1,232128-1-6-124,
WA007,310726,WA003,101,3007S-3025S-3033A-3035A-9999A-9999C-9999CS-9999E,62,1022506952,300922588,1,232128-1-6-124,
WA007,310726,WA003,101,3007S-3025S-3033A-3035A-9999A-9999C-9999CS-9999E,62,1022506952,300922589,1,232128-1-6-124,
WA007,310726,WA003,101,3007S-3025S-3033A-3035A-9999A-9999C-9999CS-9999E,62,1022506953,300922614,1,232128-1-6-124,
WA007,310726,WA003,101,3007S-3025S-3033A-3035A-9999A-9999C-9999CS-9999E,62,1022506953,300922615,1,232128-1-6-124,
WA007,310726,WA003,101,3007S-3025S-3033A-3035A-9999A-9999C-9999CS-9999E,62,1022506953,300922616,1,232128-1-6-124,
WA007,310726,WA003,101,3007S-3025S-3033A-3035A-9999A-9999C-9999CS-9999E,62,1022506953,300922617,1,232128-1-6-124,
WA007,310726,WA003,101,3007S-3025S-3033A-3035A-9999A-9999C-9999CS-9999E,62,1022506953,300922690,1,232128-1-6-124,
WA007,310726,WA003,101,3007S-3025S-3033A-3035A-9999A-9999C-9999CS-9999E,62,1022506953,300922691,1,232128-1-6-124,
WA007,310726,WA003,101,3007S-3025S-3033A-3035A-9999A-9999C-9999CS-9999E,62,1022506953,300922692,1,232128-1-6-124,
WA007,310726,WA003,101,3007S-3025S-3033A-3035A-9999A-9999C-9999CS-9999E,62,1022506953,300922693,1,232128-1-6-124,
WA007,310726,WA003,101,3007S-3025S-3033A-3035A-9999A-9999C-9999CS-9999E,62,1022506954,300922703,1,232128-1-6-124,
WA007,310726,WA003,101,3007S-3025S-3033A-3035A-9999A-9999C-9999CS-9999E,62,1022506954,300922704,1,232128-1-6-124,
WA007,310726,WA003,101,3007S-3025S-3033A-3035A-9999A-9999C-9999CS-9999E,62,1022506954,300922705,1,232128-1-6-124,
WA007,310726,WA003,101,3007S-3025S-3033A-3035A-9999A-9999C-9999CS-9999E,62,1022506954,300922706,1,232128-1-6-124,
WA007,310726,WA003,101,3007S-3025S-3033A-3035A-9999A-9999C-9999CS-9999E,62,1022506954,300922737,1,232128-1-6-124,
WA007,310726,WA003,101,3007S-3025S-3033A-3035A-9999A-9999C-9999CS-9999E,62,1022506954,300922738,1,232128-1-6-124,
WA007,310726,WA003,101,3007S-3025S-3033A-3035A-9999A-9999C-9999CS-9999E,62,1022506954,300922739,1,232128-1-6-124,
WA007,310726,WA003,101,3007S-3025S-3033A-3035A-9999A-9999C-9999CS-9999E,62,1022506954,300922740,1,232128-1-6-124,
WA007,310726,WA003,101,3007S-3025S-3033A-3035A-9999A-9999C-9999CS-9999E,62,1022506955,300922870,1,232128-1-6-124,
WA007,310726,WA003,101,3007S-3025S-3033A-3035A-9999A-9999C-9999CS-9999E,62,1022506955,300922871,1,232128-1-6-124,
WA007,310726,WA003,101,3007S-3025S-3033A-3035A-9999A-9999C-9999CS-9999E,62,1022506955,300922872,1,232128-1-6-124,
WA007,310726,WA003,101,3007S-3025S-3033A-3035A-9999A-9999C-9999CS-9999E,62,1022506955,300922873,1,232128-1-6-124,
WA007,310726,WA003,101,3007S-3025S-3033A-3035A-9999A-9999C-9999CS-9999E,62,1022506955,300922913,1,232128-1-6-124,
WA007,310726,WA003,101,3007S-3025S-3033A-3035A-9999A-9999C-9999CS-9999E,62,1022506955,300922914,1,232128-1-6-124,
WA007,310726,WA003,101,3007S-3025S-3033A-3035A-9999A-9999C-9999CS-9999E,62,1022506955,300922915,1,232128-1-6-124,
WA007,310726,WA003,101,3007S-3025S-3033A-3035A-9999A-9999C-9999CS-9999E,62,1022506955,300922916,1,232128-1-6-124,
WA007,310726,WA003,101,3007S-3025S-3033A-3035A-9999A-9999C-9999CS-9999E,62,1022506956,300922919,1,232128-1-6-124,
WA007,310726,WA003,101,3007S-3025S-3033A-3035A-9999A-9999C-9999CS-9999E,62,1022506956,300922920,1,232128-1-6-124,
WA007,310726,WA003,101,3007S-3025S-3033A-3035A-9999A-9999C-9999CS-9999E,62,1022506956,300922921,1,232128-1-6-124,
WA007,310726,WA003,101,3007S-3025S-3033A-3035A-9999A-9999C-9999CS-9999E,62,1022506956,300923031,1,232128-1-6-124,
WA007,310726,WA003,101,3007S-3025S-3033A-3035A-9999A-9999C-9999CS-9999E,62,1022506956,300923032,1,232128-1-6-124,
WA007,310726,WA003,101,3007S-3025S-3033A-3035A-9999A-9999C-9999CS-9999E,62,1022506956,300923033,1,232128-1-6-124,
WA007,310726,WA003,101,3007S-3025S-3033A-3035A-9999A-9999C-9999CS-9999E,62,1022506956,300923034,1,232128-1-6-124,
WA007,310726,WA003,101,3007S-3025S-3033A-3035A-9999A-9999C-9999CS-9999E,62,1022506956,300923036,1,232128-1-6-124,
WA007,310726,WA003,101,3007S-3025S-3033A-3035A-9999A-9999C-9999CS-9999E,62,1022506957,300923041,1,232128-1-6-124,
WA007,310726,WA003,101,3007S-3025S-3033A-3035A-9999A-9999C-9999CS-9999E,62,1022506957,300923042,1,232128-1-6-124,
WA007,310726,WA003,101,3007S-3025S-3033A-3035A-9999A-9999C-9999CS-9999E,62,1022506957,300923069,1,232128-1-6-124,
WA007,310726,WA003,101,3007S-3025S-3033A-3035A-9999A-9999C-9999CS-9999E,62,1022506957,300923070,1,232128-1-6-124,
WA007,310726,WA003,101,3007S-3025S-3033A-3035A-9999A-9999C-9999CS-9999E,62,1022506957,300923184,1,232128-1-6-124,
WA007,310726,WA003,101,3007S-3025S-3033A-3035A-9999A-9999C-9999CS-9999E,62,1022506957,300923186,1,232128-1-6-124,
WA007,310726,WA003,101,3007S-3025S-3033A-3035A-9999A-9999C-9999CS-9999E,62,1022506957,300923187,1,232128-1-6-124,
WA007,310726,WA003,101,3007S-3025S-3033A-3035A-9999A-9999C-9999CS-9999E,62,1022506957,300923188,1,232128-1-6-124,
WA007,310726,WA003,101,3007S-3025S-3033A-3035A-9999A-9999C-9999CS-9999E,62,1022506958,300923209,1,232128-1-6-124,
WA007,310726,WA003,101,3007S-3025S-3033A-3035A-9999A-9999C-9999CS-9999E,62,1022506958,300923210,1,232128-1-6-124,
WA007,310726,WA003,101,3007S-3025S-3033A-3035A-9999A-9999C-9999CS-9999E,62,1022506958,300923211,1,232128-1-6-124,
WA007,310726,WA003,101,3007S-3025S-3033A-3035A-9999A-9999C-9999CS-9999E,62,1022506958,300923212,1,232128-1-6-124,
WA007,310726,WA003,101,3007S-3025S-3033A-3035A-9999A-9999C-9999CS-9999E,62,1022506958,300923236,1,232128-1-6-124,
WA007,310726,WA003,101,3007S-3025S-3033A-3035A-9999A-9999C-9999CS-9999E,62,1022506958,300923237,1,232128-1-6-124,
WA007,310726,WA003,101,3007S-3025S-3033A-3035A-9999A-9999C-9999CS-9999E,62,1022506958,300923239,1,232128-1-6-124,
WA007,310726,WA003,101,3007S-3025S-3033A-3035A-9999A-9999C-9999CS-9999E,62,1022506958,300923267,1,232128-1-6-124,
WA007,310726,WA003,101,3007S-3025S-3033A-3035A-9999A-9999C-9999CS-9999E,62,1022506959,300923280,1,233170-1-1-101,
WA007,310726,WA003,101,3007S-3025S-3033A-3035A-9999A-9999C-9999CS-9999E,62,1022506959,300923281,1,233170-1-1-101,
WA007,310726,WA003,101,3007S-3025S-3033A-3035A-9999A-9999C-9999CS-9999E,62,1022506959,300923282,1,233170-1-1-101,
WA007,310726,WA003,101,3007S-3025S-3033A-3035A-9999A-9999C-9999CS-9999E,62,1022506959,300923283,1,233170-1-1-101,
WA007,310726,WA003,101,3007S-3025S-3033A-3035A-9999A-9999C-9999CS-9999E,62,1022506959,300923297,1,233170-1-1-101,
WA007,310726,WA003,101,3007S-3025S-3033A-3035A-9999A-9999C-9999CS-9999E,62,1022506959,300923298,1,233170-1-1-101,
WA007,310726,WA003,101,3007S-3025S-3033A-3035A-9999A-9999C-9999CS-9999E,62,1022506959,300923299,1,233170-1-1-101,
WA007,310726,WA003,101,3007S-3025S-3033A-3035A-9999A-9999C-9999CS-9999E,62,1022506959,300923313,1,233170-1-1-101,
WA007,310726,WA003,101,3007S-3025S-3033A-3035A-9999A-9999C-9999CS-9999E,62,1022506960,300923314,1,233170-1-1-101,
WA007,310726,WA003,101,3007S-3025S-3033A-3035A-9999A-9999C-9999CS-9999E,62,1022506960,300923315,1,233170-1-1-101,
WA007,310726,WA003,101,3007S-3025S-3033A-3035A-9999A-9999C-9999CS-9999E,62,1022506960,300923357,1,233170-1-1-101,
WA007,310726,WA003,101,3007S-3025S-3033A-3035A-9999A-9999C-9999CS-9999E,62,1022506960,300923358,1,233170-1-1-101,
WA007,310726,WA003,101,3007S-3025S-3033A-3035A-9999A-9999C-9999CS-9999E,62,1022506960,300923376,1,233170-1-1-101,
WA007,310726,WA003,101,3007S-3025S-3033A-3035A-9999A-9999C-9999CS-9999E,62,1022506960,300923377,1,233170-1-1-101,
WA007,310726,WA003,101,3007S-3025S-3033A-3035A-9999A-9999C-9999CS-9999E,62,1022506960,300923380,1,233170-1-1-101,
WA007,310726,WA003,101,3007S-3025S-3033A-3035A-9999A-9999C-9999CS-9999E,62,1022506960,300923382,1,233170-1-1-101,
WA007,310726,WA003,101,3007S-3025S-3033A-3035A-9999A-9999C-9999CS-9999E,62,1022506964,300923671,1,"",
WA007,310726,WA003,101,3007S-3025S-3033A-3035A-9999A-9999C-9999CS-9999E,62,1022506964,300923676,1,"",
WA007,310726,WA003,101,3007S-3025S-3033A-3035A-9999A-9999C-9999CS-9999E,62,1022506964,300923678,1,"",
WA007,310726,WA003,101,3007S-3025S-3033A-3035A-9999A-9999C-9999CS-9999E,62,1022506964,300923693,1,"",
WA007,310726,WA003,101,3007S-3025S-3033A-3035A-9999A-9999C-9999CS-9999E,62,1022506964,300923694,0,"",
WA007,310726,WA003,101,3007S-3025S-3033A-3035A-9999A-9999C-9999CS-9999E,62,1022506964,300923819,1,"",
WA007,310726,WA003,101,3007S-3025S-3033A-3035A-9999A-9999C-9999CS-9999E,62,1022506964,300923821,1,"",
WA007,310726,WA003,101,3007S-3025S-3033A-3035A-9999A-9999C-9999CS-9999E,62,1022506964,300923822,1,"",
WA007,310726,WA003,101,3007S-3025S-3033A-3035A-9999A-9999C-9999CS-9999E,61,1022507052,300924186,1,233170-1-1-101,
WA007,310726,WA003,101,3007S-3025S-3033A-3035A-9999A-9999C-9999CS-9999E,61,1022507052,300924187,1,233170-1-1-101,
WA007,310726,WA003,101,3007S-3025S-3033A-3035A-9999A-9999C-9999CS-9999E,61,1022507052,300924188,1,233170-1-1-101,
WA007,310726,WA003,101,3007S-3025S-3033A-3035A-9999A-9999C-9999CS-9999E,61,1022507052,300924300,1,233170-1-1-101,
WA007,310726,WA003,101,3007S-3025S-3033A-3035A-9999A-9999C-9999CS-9999E,61,1022507052,300924301,1,233170-1-1-101,
WA007,310726,WA003,101,3007S-3025S-3033A-3035A-9999A-9999C-9999CS-9999E,61,1022507052,300924302,1,233170-1-1-101,
WA007,310726,WA003,101,3007S-3025S-3033A-3035A-9999A-9999C-9999CS-9999E,61,1022507052,300924303,1,233170-1-1-101,
WA007,310726,WA003,101,3007S-3025S-3033A-3035A-9999A-9999C-9999CS-9999E,61,1022507052,300924325,1,233170-1-1-101,
WA007,310726,WA003,101,3007S-3025S-3033A-3035A-9999A-9999C-9999CS-9999E,61,1022507053,300924326,1,233170-1-1-101,
WA007,310726,WA003,101,3007S-3025S-3033A-3035A-9999A-9999C-9999CS-9999E,61,1022507053,300924327,1,233170-1-1-101,
WA007,310726,WA003,101,3007S-3025S-3033A-3035A-9999A-9999C-9999CS-9999E,61,1022507053,300924328,1,233170-1-1-101,
WA007,310726,WA003,101,3007S-3025S-3033A-3035A-9999A-9999C-9999CS-9999E,61,1022507053,300924331,1,233170-1-1-101,
WA007,310726,WA003,101,3007S-3025S-3033A-3035A-9999A-9999C-9999CS-9999E,61,1022507053,300924332,1,233170-1-1-101,
WA007,310726,WA003,101,3007S-3025S-3033A-3035A-9999A-9999C-9999CS-9999E,61,1022507053,300924333,1,233170-1-1-101,
WA007,310726,WA003,101,3007S-3025S-3033A-3035A-9999A-9999C-9999CS-9999E,61,1022507053,300924334,1,233170-1-1-101,
WA007,310726,WA003,101,3007S-3025S-3033A-3035A-9999A-9999C-9999CS-9999E,61,1022507053,300924335,1,233170-1-1-101,
WA007,310726,WA003,101,3007S-3025S-3033A-3035A-9999A-9999C-9999CS-9999E,61,1022507054,300924432,1,233170-1-1-101,
WA007,310726,WA003,101,3007S-3025S-3033A-3035A-9999A-9999C-9999CS-9999E,61,1022507054,300924433,1,233170-1-1-101,
WA007,310726,WA003,101,3007S-3025S-3033A-3035A-9999A-9999C-9999CS-9999E,61,1022507054,300924434,1,233170-1-1-101,
WA007,310726,WA003,101,3007S-3025S-3033A-3035A-9999A-9999C-9999CS-9999E,61,1022507054,300924442,1,233170-1-1-101,
WA007,310726,WA003,101,3007S-3025S-3033A-3035A-9999A-9999C-9999CS-9999E,61,1022507054,300924605,1,233170-1-1-101,
WA007,310726,WA003,101,3007S-3025S-3033A-3035A-9999A-9999C-9999CS-9999E,61,1022507054,300924606,1,233170-1-1-101,
WA007,310726,WA003,101,3007S-3025S-3033A-3035A-9999A-9999C-9999CS-9999E,61,1022507054,300924607,1,233170-1-1-101,
WA007,310726,WA003,101,3007S-3025S-3033A-3035A-9999A-9999C-9999CS-9999E,61,1022507054,300924608,1,233170-1-1-101,
WA007,310726,WA003,101,3007S-3025S-3033A-3035A-9999A-9999C-9999CS-9999E,61,1022507055,300924655,1,233170-1-1-101,
WA007,310726,WA003,101,3007S-3025S-3033A-3035A-9999A-9999C-9999CS-9999E,61,1022507055,300924715,1,233170-1-1-101,
WA007,310726,WA003,101,3007S-3025S-3033A-3035A-9999A-9999C-9999CS-9999E,61,1022507055,300924716,1,233170-1-1-101,
WA007,310726,WA003,101,3007S-3025S-3033A-3035A-9999A-9999C-9999CS-9999E,61,1022507055,300924717,1,233170-1-1-101,
WA007,310726,WA003,101,3007S-3025S-3033A-3035A-9999A-9999C-9999CS-9999E,61,1022507055,300924719,1,233170-1-1-101,
WA007,310726,WA003,101,3007S-3025S-3033A-3035A-9999A-9999C-9999CS-9999E,61,1022507055,300924721,1,233170-1-1-101,
WA007,310726,WA003,101,3007S-3025S-3033A-3035A-9999A-9999C-9999CS-9999E,61,1022507055,300924722,1,233170-1-1-101,
WA007,310726,WA003,101,3007S-3025S-3033A-3035A-9999A-9999C-9999CS-9999E,61,1022507055,300924723,1,233170-1-1-101,
WA007,310726,WA003,101,3007S-3025S-3033A-3035A-9999A-9999C-9999CS-9999E,61,1022507056,300924802,1,233170-1-1-101,
WA007,310726,WA003,101,3007S-3025S-3033A-3035A-9999A-9999C-9999CS-9999E,61,1022507056,300924803,1,233170-1-1-101,
WA007,310726,WA003,101,3007S-3025S-3033A-3035A-9999A-9999C-9999CS-9999E,61,1022507056,300924804,1,233170-1-1-101,
WA007,310726,WA003,101,3007S-3025S-3033A-3035A-9999A-9999C-9999CS-9999E,61,1022507056,300924805,1,233170-1-1-101,
WA007,310726,WA003,101,3007S-3025S-3033A-3035A-9999A-9999C-9999CS-9999E,61,1022507056,300924855,1,233170-1-1-101,
WA007,310726,WA003,101,3007S-3025S-3033A-3035A-9999A-9999C-9999CS-9999E,61,1022507056,300924856,1,233170-1-1-101,
WA007,310726,WA003,101,3007S-3025S-3033A-3035A-9999A-9999C-9999CS-9999E,61,1022507056,300924857,1,233170-1-1-101,
WA007,310726,WA003,101,3007S-3025S-3033A-3035A-9999A-9999C-9999CS-9999E,61,1022507056,300924858,1,233170-1-1-101,
WA007,310726,WA003,101,3007S-3025S-3033A-3035A-9999A-9999C-9999CS-9999E,61,1022507057,300924863,1,233170-1-1-101,
WA007,310726,WA003,101,3007S-3025S-3033A-3035A-9999A-9999C-9999CS-9999E,61,1022507057,300924864,1,233170-1-1-101,
WA007,310726,WA003,101,3007S-3025S-3033A-3035A-9999A-9999C-9999CS-9999E,61,1022507057,300924894,1,233170-1-1-101,
WA007,310726,WA003,101,3007S-3025S-3033A-3035A-9999A-9999C-9999CS-9999E,61,1022507057,300924895,1,233170-1-1-101,
WA007,310726,WA003,101,3007S-3025S-3033A-3035A-9999A-9999C-9999CS-9999E,61,1022507057,300924896,1,233170-1-1-101,
WA007,310726,WA003,101,3007S-3025S-3033A-3035A-9999A-9999C-9999CS-9999E,61,1022507057,300924897,1,233170-1-1-101,
WA007,310726,WA003,101,3007S-3025S-3033A-3035A-9999A-9999C-9999CS-9999E,61,1022507057,300924898,1,233170-1-1-101,
WA007,310726,WA003,101,3007S-3025S-3033A-3035A-9999A-9999C-9999CS-9999E,61,1022507057,300924905,1,233170-1-1-101,
WA007,310726,WA003,101,3007S-3025S-3033A-3035A-9999A-9999C-9999CS-9999E,61,1022507058,300924934,1,233170-1-1-101,
WA007,310726,WA003,101,3007S-3025S-3033A-3035A-9999A-9999C-9999CS-9999E,61,1022507058,300924935,1,233170-1-1-101,
WA007,310726,WA003,101,3007S-3025S-3033A-3035A-9999A-9999C-9999CS-9999E,61,1022507058,300924936,1,233170-1-1-101,
WA007,310726,WA003,101,3007S-3025S-3033A-3035A-9999A-9999C-9999CS-9999E,61,1022507058,300925009,1,233170-1-1-101,
WA007,310726,WA003,101,3007S-3025S-3033A-3035A-9999A-9999C-9999CS-9999E,61,1022507058,300925010,1,233170-1-1-101,
WA007,310726,WA003,101,3007S-3025S-3033A-3035A-9999A-9999C-9999CS-9999E,61,1022507058,300925011,1,233170-1-1-101,
WA007,310726,WA003,101,3007S-3025S-3033A-3035A-9999A-9999C-9999CS-9999E,61,1022507058,300925012,1,233170-1-1-101,
WA007,310726,WA003,101,3007S-3025S-3033A-3035A-9999A-9999C-9999CS-9999E,61,1022507058,300925060,1,233170-1-1-101,
WA007,310726,WA003,101,3007S-3025S-3033A-3035A-9999A-9999C-9999CS-9999E,61,1022507059,300925061,1,233170-1-1-101,
WA007,310726,WA003,101,3007S-3025S-3033A-3035A-9999A-9999C-9999CS-9999E,61,1022507059,300925062,1,233170-1-1-101,
WA007,310726,WA003,101,3007S-3025S-3033A-3035A-9999A-9999C-9999CS-9999E,61,1022507059,300925063,1,233170-1-1-101,
WA007,310726,WA003,101,3007S-3025S-3033A-3035A-9999A-9999C-9999CS-9999E,61,1022507059,300925064,1,233170-1-1-101,
WA007,310726,WA003,101,3007S-3025S-3033A-3035A-9999A-9999C-9999CS-9999E,61,1022507059,300925096,1,233170-1-1-101,
WA007,310726,WA003,101,3007S-3025S-3033A-3035A-9999A-9999C-9999CS-9999E,61,1022507059,300925097,1,233170-1-1-101,
WA007,310726,WA003,101,3007S-3025S-3033A-3035A-9999A-9999C-9999CS-9999E,61,1022507059,300925098,1,233170-1-1-101,
WA007,310726,WA003,101,3007S-3025S-3033A-3035A-9999A-9999C-9999CS-9999E,61,1022507059,300925099,1,233170-1-1-101,
WA007,310726,WA003,101,3007S-3025S-3033A-3035A-9999A-9999C-9999CS-9999E,61,1022507060,300925160,1,233170-1-1-101,
WA007,310726,WA003,101,3007S-3025S-3033A-3035A-9999A-9999C-9999CS-9999E,61,1022507060,300925161,1,233170-1-1-101,
WA007,310726,WA003,101,3007S-3025S-3033A-3035A-9999A-9999C-9999CS-9999E,61,1022507060,300925162,1,233170-1-1-101,
WA007,310726,WA003,101,3007S-3025S-3033A-3035A-9999A-9999C-9999CS-9999E,61,1022507060,300925163,1,233170-1-1-101,
WA007,310726,WA003,101,3007S-3025S-3033A-3035A-9999A-9999C-9999CS-9999E,61,1022507060,300925164,1,233170-1-1-101,
WA007,310726,WA003,101,3007S-3025S-3033A-3035A-9999A-9999C-9999CS-9999E,61,1022507060,300925165,1,233170-1-1-101,
WA007,310726,WA003,101,3007S-3025S-3033A-3035A-9999A-9999C-9999CS-9999E,61,1022507060,300925167,1,233170-1-1-101,
WA007,310726,WA003,101,3007S-3025S-3033A-3035A-9999A-9999C-9999CS-9999E,61,1022507060,300925168,1,233170-1-1-101,
WA007,310726,WA003,101,3007S-3025S-3033A-3035A-9999A-9999C-9999CS-9999E,61,1022507061,300925189,1,233170-1-1-101,
WA007,310726,WA003,101,3007S-3025S-3033A-3035A-9999A-9999C-9999CS-9999E,61,1022507061,300925190,1,233170-1-1-101,
WA007,310726,WA003,101,3007S-3025S-3033A-3035A-9999A-9999C-9999CS-9999E,61,1022507061,300925305,1,233170-1-1-101,
WA007,310726,WA003,101,3007S-3025S-3033A-3035A-9999A-9999C-9999CS-9999E,61,1022507061,300925306,1,233170-1-1-101,
WA007,310726,WA003,101,3007S-3025S-3033A-3035A-9999A-9999C-9999CS-9999E,61,1022507061,300925307,1,233170-1-1-101,
WA007,310726,WA003,101,3007S-3025S-3033A-3035A-9999A-9999C-9999CS-9999E,61,1022507061,300925308,1,233170-1-1-101,
WA007,310726,WA003,101,3007S-3025S-3033A-3035A-9999A-9999C-9999CS-9999E,61,1022507061,300925310,1,233170-1-1-101,
WA007,310726,WA003,101,3007S-3025S-3033A-3035A-9999A-9999C-9999CS-9999E,61,1022507061,300925311,1,233170-1-1-101,
WA007,310726,WA003,101,3007S-3025S-3033A-3035A-9999A-9999C-9999CS-9999E,60,1022507152,300925865,1,233170-1-1-101,
WA007,310726,WA003,101,3007S-3025S-3033A-3035A-9999A-9999C-9999CS-9999E,60,1022507152,300925866,1,233170-1-1-101,
WA007,310726,WA003,101,3007S-3025S-3033A-3035A-9999A-9999C-9999CS-9999E,60,1022507152,300925867,1,233170-1-1-101,
WA007,310726,WA003,101,3007S-3025S-3033A-3035A-9999A-9999C-9999CS-9999E,60,1022507152,300925868,1,233170-1-1-101,
WA007,310726,WA003,101,3007S-3025S-3033A-3035A-9999A-9999C-9999CS-9999E,60,1022507152,300925870,1,233170-1-1-101,
WA007,310726,WA003,101,3007S-3025S-3033A-3035A-9999A-9999C-9999CS-9999E,60,1022507152,300925871,1,233170-1-1-101,
WA007,310726,WA003,101,3007S-3025S-3033A-3035A-9999A-9999C-9999CS-9999E,60,1022507152,300925872,1,233170-1-1-101,
WA007,310726,WA003,101,3007S-3025S-3033A-3035A-9999A-9999C-9999CS-9999E,60,1022507152,300925873,1,233170-1-1-101,
WA007,310726,WA003,101,3007S-3025S-3033A-3035A-9999A-9999C-9999CS-9999E,60,1022507153,300925914,1,233170-1-1-101,
WA007,310726,WA003,101,3007S-3025S-3033A-3035A-9999A-9999C-9999CS-9999E,60,1022507153,300925915,1,233170-1-1-101,
WA007,310726,WA003,101,3007S-3025S-3033A-3035A-9999A-9999C-9999CS-9999E,60,1022507153,300925916,1,233170-1-1-101,
WA007,310726,WA003,101,3007S-3025S-3033A-3035A-9999A-9999C-9999CS-9999E,60,1022507153,300925917,1,233170-1-1-101,
WA007,310726,WA003,101,3007S-3025S-3033A-3035A-9999A-9999C-9999CS-9999E,60,1022507153,300925918,1,233170-1-1-101,
WA007,310726,WA003,101,3007S-3025S-3033A-3035A-9999A-9999C-9999CS-9999E,60,1022507153,300925919,1,233170-1-1-101,
WA007,310726,WA003,101,3007S-3025S-3033A-3035A-9999A-9999C-9999CS-9999E,60,1022507153,300925920,1,233170-1-1-101,
WA007,310726,WA003,101,3007S-3025S-3033A-3035A-9999A-9999C-9999CS-9999E,60,1022507153,300925921,1,233170-1-1-101,
WA007,310726,WA003,101,3007S-3025S-3033A-3035A-9999A-9999C-9999CS-9999E,60,1022507154,300926044,1,233170-1-1-101,
WA007,310726,WA003,101,3007S-3025S-3033A-3035A-9999A-9999C-9999CS-9999E,60,1022507154,300926045,1,233170-1-1-101,
WA007,310726,WA003,101,3007S-3025S-3033A-3035A-9999A-9999C-9999CS-9999E,60,1022507154,300926046,1,233170-1-1-101,
WA007,310726,WA003,101,3007S-3025S-3033A-3035A-9999A-9999C-9999CS-9999E,60,1022507154,300926047,1,233170-1-1-101,
WA007,310726,WA003,101,3007S-3025S-3033A-3035A-9999A-9999C-9999CS-9999E,60,1022507154,300926048,1,233170-1-1-101,
WA007,310726,WA003,101,3007S-3025S-3033A-3035A-9999A-9999C-9999CS-9999E,60,1022507154,300926049,1,233170-1-1-101,
WA007,310726,WA003,101,3007S-3025S-3033A-3035A-9999A-9999C-9999CS-9999E,60,1022507154,300926050,1,233170-1-1-101,
WA007,310726,WA003,101,3007S-3025S-3033A-3035A-9999A-9999C-9999CS-9999E,60,1022507154,300926051,1,233170-1-1-101,
WA007,310726,WA003,101,3007S-3025S-3033A-3035A-9999A-9999C-9999CS-9999E,60,1022507155,300926081,1,233170-1-1-101,
WA007,310726,WA003,101,3007S-3025S-3033A-3035A-9999A-9999C-9999CS-9999E,60,1022507155,300926082,1,233170-1-1-101,
WA007,310726,WA003,101,3007S-3025S-3033A-3035A-9999A-9999C-9999CS-9999E,60,1022507155,300926083,1,233170-1-1-101,
WA007,310726,WA003,101,3007S-3025S-3033A-3035A-9999A-9999C-9999CS-9999E,60,1022507155,300926084,1,233170-1-1-101,
WA007,310726,WA003,101,3007S-3025S-3033A-3035A-9999A-9999C-9999CS-9999E,60,1022507155,300926085,1,233170-1-1-101,
WA007,310726,WA003,101,3007S-3025S-3033A-3035A-9999A-9999C-9999CS-9999E,60,1022507155,300926086,1,233170-1-1-101,
WA007,310726,WA003,101,3007S-3025S-3033A-3035A-9999A-9999C-9999CS-9999E,60,1022507155,300926087,1,233170-1-1-101,
WA007,310726,WA003,101,3007S-3025S-3033A-3035A-9999A-9999C-9999CS-9999E,60,1022507155,300926088,1,233170-1-1-101,
WA007,310726,WA003,101,3007S-3025S-3033A-3035A-9999A-9999C-9999CS-9999E,60,1022507156,300926149,1,233170-1-1-101,
WA007,310726,WA003,101,3007S-3025S-3033A-3035A-9999A-9999C-9999CS-9999E,60,1022507156,300926153,1,233170-1-1-101,
WA007,310726,WA003,101,3007S-3025S-3033A-3035A-9999A-9999C-9999CS-9999E,60,1022507156,300926357,1,233170-1-1-101,
WA007,310726,WA003,101,3007S-3025S-3033A-3035A-9999A-9999C-9999CS-9999E,60,1022507156,300926358,1,233170-1-1-101,
WA007,310726,WA003,101,3007S-3025S-3033A-3035A-9999A-9999C-9999CS-9999E,60,1022507156,300926359,1,233170-1-1-101,
WA007,310726,WA003,101,3007S-3025S-3033A-3035A-9999A-9999C-9999CS-9999E,60,1022507156,300926360,1,233170-1-1-101,
WA007,310726,WA003,101,3007S-3025S-3033A-3035A-9999A-9999C-9999CS-9999E,60,1022507156,300926361,1,233170-1-1-101,
WA007,310726,WA003,101,3007S-3025S-3033A-3035A-9999A-9999C-9999CS-9999E,60,1022507156,300926362,1,233170-1-1-101,
WA007,310726,WA003,101,3007S-3025S-3033A-3035A-9999A-9999C-9999CS-9999E,60,1022507157,300926373,1,233170-1-1-101,
WA007,310726,WA003,101,3007S-3025S-3033A-3035A-9999A-9999C-9999CS-9999E,60,1022507157,300926375,1,233170-1-1-101,
WA007,310726,WA003,101,3007S-3025S-3033A-3035A-9999A-9999C-9999CS-9999E,60,1022507157,300926410,1,233170-1-1-101,
WA007,310726,WA003,101,3007S-3025S-3033A-3035A-9999A-9999C-9999CS-9999E,60,1022507157,300926411,1,233170-1-1-101,
WA007,310726,WA003,101,3007S-3025S-3033A-3035A-9999A-9999C-9999CS-9999E,60,1022507157,300926412,1,233170-1-1-101,
WA007,310726,WA003,101,3007S-3025S-3033A-3035A-9999A-9999C-9999CS-9999E,60,1022507157,300926413,1,233170-1-1-101,
WA007,310726,WA003,101,3007S-3025S-3033A-3035A-9999A-9999C-9999CS-9999E,60,1022507157,300926470,1,233170-1-1-101,
WA007,310726,WA003,101,3007S-3025S-3033A-3035A-9999A-9999C-9999CS-9999E,60,1022507157,300926471,1,233170-1-1-101,
WA007,310726,WA003,101,3007S-3025S-3033A-3035A-9999A-9999C-9999CS-9999E,57,1022507459,300931142,1,233170-1-1-101,
WA007,310726,WA003,101,3007S-3025S-3033A-3035A-9999A-9999C-9999CS-9999E,57,1022507459,300931143,1,233170-1-1-101,
WA007,310726,WA003,101,3007S-3025S-3033A-3035A-9999A-9999C-9999CS-9999E,57,1022507459,300931144,1,233170-1-1-101,
WA007,310726,WA003,101,3007S-3025S-3033A-3035A-9999A-9999C-9999CS-9999E,57,1022507459,300931145,1,233170-1-1-101,
WA007,310726,WA003,101,3007S-3025S-3033A-3035A-9999A-9999C-9999CS-9999E,57,1022507459,300931226,1,233170-1-1-101,
WA007,310726,WA003,101,3007S-3025S-3033A-3035A-9999A-9999C-9999CS-9999E,57,1022507459,300931227,1,233170-1-1-101,
WA007,310726,WA003,101,3007S-3025S-3033A-3035A-9999A-9999C-9999CS-9999E,57,1022507459,300931228,1,233170-1-1-101,
WA007,310726,WA003,101,3007S-3025S-3033A-3035A-9999A-9999C-9999CS-9999E,57,1022507459,300931229,1,233170-1-1-101,
WA007,310726,WA003,101,3007S-3025S-3033A-3035A-9999A-9999C-9999CS-9999E,57,1022507460,300931259,1,233170-1-1-101,
WA007,310726,WA003,101,3007S-3025S-3033A-3035A-9999A-9999C-9999CS-9999E,57,1022507460,300931260,1,233170-1-1-101,
WA007,310726,WA003,101,3007S-3025S-3033A-3035A-9999A-9999C-9999CS-9999E,57,1022507460,300931262,1,233170-1-1-101,
WA007,310726,WA003,101,3007S-3025S-3033A-3035A-9999A-9999C-9999CS-9999E,57,1022507460,300931263,1,233170-1-1-101,
WA007,310726,WA003,101,3007S-3025S-3033A-3035A-9999A-9999C-9999CS-9999E,57,1022507460,300931264,1,233170-1-1-101,
WA007,310726,WA003,101,3007S-3025S-3033A-3035A-9999A-9999C-9999CS-9999E,57,1022507460,300931265,1,233170-1-1-101,
WA007,310726,WA003,101,3007S-3025S-3033A-3035A-9999A-9999C-9999CS-9999E,57,1022507460,300931266,1,233170-1-1-101,
WA007,310726,WA003,101,3007S-3025S-3033A-3035A-9999A-9999C-9999CS-9999E,57,1022507460,300931267,1,233170-1-1-101,
WA007,310726,WA003,101,3007S-3025S-3033A-3035A-9999A-9999C-9999CS-9999E,57,1022507461,300931294,1,233170-1-1-101,
WA007,310726,WA003,101,3007S-3025S-3033A-3035A-9999A-9999C-9999CS-9999E,57,1022507461,300931295,1,233170-1-1-101,
WA007,310726,WA003,101,3007S-3025S-3033A-3035A-9999A-9999C-9999CS-9999E,57,1022507461,300931296,1,233170-1-1-101,
WA007,310726,WA003,101,3007S-3025S-3033A-3035A-9999A-9999C-9999CS-9999E,57,1022507461,300931297,1,233170-1-1-101,
WA007,310726,WA003,101,3007S-3025S-3033A-3035A-9999A-9999C-9999CS-9999E,57,1022507461,300931385,1,233170-1-1-101,
WA007,310726,WA003,101,3007S-3025S-3033A-3035A-9999A-9999C-9999CS-9999E,57,1022507461,300931386,1,233170-1-1-101,
WA007,310726,WA003,101,3007S-3025S-3033A-3035A-9999A-9999C-9999CS-9999E,57,1022507461,300931387,1,233170-1-1-101,
WA007,310726,WA003,101,3007S-3025S-3033A-3035A-9999A-9999C-9999CS-9999E,57,1022507461,300931389,1,233170-1-1-101,
WA007,310726,WA003,101,3007S-3025S-3033A-3035A-9999A-9999C-9999CS-9999E,57,1022507462,300931416,1,233170-1-1-101,
WA007,310726,WA003,101,3007S-3025S-3033A-3035A-9999A-9999C-9999CS-9999E,57,1022507462,300931417,1,233170-1-1-101,
WA007,310726,WA003,101,3007S-3025S-3033A-3035A-9999A-9999C-9999CS-9999E,57,1022507462,300931418,1,233170-1-1-101,
WA007,310726,WA003,101,3007S-3025S-3033A-3035A-9999A-9999C-9999CS-9999E,57,1022507462,300931419,1,233170-1-1-101,
WA007,310726,WA003,101,3007S-3025S-3033A-3035A-9999A-9999C-9999CS-9999E,57,1022507462,300931420,1,233170-1-1-101,
WA007,310726,WA003,101,3007S-3025S-3033A-3035A-9999A-9999C-9999CS-9999E,57,1022507462,300931421,1,233170-1-1-101,
WA007,310726,WA003,101,3007S-3025S-3033A-3035A-9999A-9999C-9999CS-9999E,57,1022507462,300931422,1,233170-1-1-101,
WA007,310726,WA003,101,3007S-3025S-3033A-3035A-9999A-9999C-9999CS-9999E,57,1022507462,300931423,1,233170-1-1-101,
WA007,310726,WA003,101,3007S-3025S-3033A-3035A-9999A-9999C-9999CS-9999E,50,1022508165,300940759,0,233115-1-1-102,
WA007,310726,WA003,101,3007S-3025S-3033A-3035A-9999A-9999C-9999CS-9999E,43,1022508853,300948291,1,233227-1-1-102,
WA007,310726,WA003,101,3007S-3025S-3033A-3035A-9999A-9999C-9999CS-9999E,43,1022508853,300948294,1,233227-1-1-102,
WA007,310726,WA003,101,3007S-3025S-3033A-3035A-9999A-9999C-9999CS-9999E,43,1022508853,300948302,1,233227-1-1-102,
WA007,310726,WA003,101,3007S-3025S-3033A-3035A-9999A-9999C-9999CS-9999E,43,1022508853,300948310,1,233227-1-1-102,
WA007,310726,WA003,101,3007S-3025S-3033A-3035A-9999A-9999C-9999CS-9999E,43,1022508853,300948311,1,233227-1-1-102,
WA007,310726,WA003,101,3007S-3025S-3033A-3035A-9999A-9999C-9999CS-9999E,43,1022508853,300948316,1,233227-1-1-102,
WA007,310726,WA003,101,3007S-3025S-3033A-3035A-9999A-9999C-9999CS-9999E,43,1022508853,300948317,1,233227-1-1-102,
WA007,310726,WA003,101,3007S-3025S-3033A-3035A-9999A-9999C-9999CS-9999E,43,1022508854,300948379,1,233227-1-1-102,
WA007,310726,WA003,101,3007S-3025S-3033A-3035A-9999A-9999C-9999CS-9999E,43,1022508854,300948380,1,233227-1-1-102,
WA007,310726,WA003,101,3007S-3025S-3033A-3035A-9999A-9999C-9999CS-9999E,43,1022508854,300948381,1,233227-1-1-102,
WA007,310726,WA003,101,3007S-3025S-3033A-3035A-9999A-9999C-9999CS-9999E,43,1022508854,300948386,1,233227-1-1-102,
WA007,310726,WA003,101,3007S-3025S-3033A-3035A-9999A-9999C-9999CS-9999E,43,1022508854,300948418,1,233227-1-1-102,
WA007,310726,WA003,101,3007S-3025S-3033A-3035A-9999A-9999C-9999CS-9999E,43,1022508854,300948419,1,233227-1-1-102,
WA007,310726,WA003,101,3007S-3025S-3033A-3035A-9999A-9999C-9999CS-9999E,43,1022508854,300948420,1,233227-1-1-102,
WA007,310726,WA003,101,3007S-3025S-3033A-3035A-9999A-9999C-9999CS-9999E,43,1022508854,300948427,1,233227-1-1-102,
WA007,310726,WA003,101,3007S-3025S-3033A-3035A-9999A-9999C-9999CS-9999E,43,1022508855,300948428,1,233227-1-1-102,
WA007,310726,WA003,101,3007S-3025S-3033A-3035A-9999A-9999C-9999CS-9999E,43,1022508855,300948516,1,233227-1-1-102,
WA007,310726,WA003,101,3007S-3025S-3033A-3035A-9999A-9999C-9999CS-9999E,43,1022508855,300948517,1,233227-1-1-102,
WA007,310726,WA003,101,3007S-3025S-3033A-3035A-9999A-9999C-9999CS-9999E,43,1022508855,300948518,1,233227-1-1-102,
WA007,310726,WA003,101,3007S-3025S-3033A-3035A-9999A-9999C-9999CS-9999E,43,1022508855,300948519,1,233227-1-1-102,
WA007,310726,WA003,101,3007S-3025S-3033A-3035A-9999A-9999C-9999CS-9999E,43,1022508855,300948520,1,233227-1-1-102,
WA007,310726,WA003,101,3007S-3025S-3033A-3035A-9999A-9999C-9999CS-9999E,43,1022508855,300948541,1,233227-1-1-102,
WA007,310726,WA003,101,3007S-3025S-3033A-3035A-9999A-9999C-9999CS-9999E,43,1022508855,300948557,1,233227-1-1-102,
WA007,310726,WA003,101,3007S-3025S-3033A-3035A-9999A-9999C-9999CS-9999E,43,1022508856,300948558,1,233227-1-1-102,
WA007,310726,WA003,101,3007S-3025S-3033A-3035A-9999A-9999C-9999CS-9999E,43,1022508856,300948585,1,233227-1-1-102,
WA007,310726,WA003,101,3007S-3025S-3033A-3035A-9999A-9999C-9999CS-9999E,43,1022508856,300948586,1,233227-1-1-102,
WA007,310726,WA003,101,3007S-3025S-3033A-3035A-9999A-9999C-9999CS-9999E,43,1022508856,300948588,1,233227-1-1-102,
WA007,310726,WA003,101,3007S-3025S-3033A-3035A-9999A-9999C-9999CS-9999E,43,1022508856,300948593,1,233227-1-1-102,
WA007,310726,WA003,101,3007S-3025S-3033A-3035A-9999A-9999C-9999CS-9999E,43,1022508856,300948594,1,233227-1-1-102,
WA007,310726,WA003,101,3007S-3025S-3033A-3035A-9999A-9999C-9999CS-9999E,43,1022508856,300948611,1,233227-1-1-102,
WA007,310726,WA003,101,3007S-3025S-3033A-3035A-9999A-9999C-9999CS-9999E,43,1022508856,300948618,1,233227-1-1-102,
WA007,310726,WA003,101,3007S-3025S-3033A-3035A-9999A-9999C-9999CS-9999E,42,1022508954,300950161,0,233226-1-1-101,
WA007,310726,WA003,101,3007S-3025S-3033A-3035A-9999A-9999C-9999CS-9999E,42,1022508955,300950329,0,233226-1-1-101,
WA007,310726,WA003,101,3007S-3025S-3033A-3035A-9999A-9999C-9999CS-9999E,42,1022508960,300950792,0,233226-1-1-101,
WA007,310726,WA003,101,3007S-3025S-3033A-3035A-9999A-9999C-9999CS-9999E,42,1022508960,300950793,0,233226-1-1-101,
WA007,310726,WA003,101,3007S-3025S-3033A-3035A-9999A-9999C-9999CS-9999E,41,1022509052,300951763,1,233032-1-1-101,
WA007,310726,WA003,101,3007S-3025S-3033A-3035A-9999A-9999C-9999CS-9999E,41,1022509052,300951780,1,233032-1-1-101,
WA007,310726,WA003,101,3007S-3025S-3033A-3035A-9999A-9999C-9999CS-9999E,41,1022509052,300951784,1,233032-1-1-101,
WA007,310726,WA003,101,3007S-3025S-3033A-3035A-9999A-9999C-9999CS-9999E,41,1022509052,300951785,1,233032-1-1-101,
WA007,310726,WA003,101,3007S-3025S-3033A-3035A-9999A-9999C-9999CS-9999E,38,1022509356,300956330,0,233169-1-1-101,
WA007,310726,WA003,101,3007S-3025S-3033A-3035A-9999A-9999C-9999CS-9999E,35,1022509652,300960542,1,233227-1-1-102,
WA007,310726,WA003,101,3007S-3025S-3033A-3035A-9999A-9999C-9999CS-9999E,35,1022509652,300960567,1,233227-1-1-102,
WA007,310726,WA003,101,3007S-3025S-3033A-3035A-9999A-9999C-9999CS-9999E,35,1022509652,300960568,1,233227-1-1-102,
WA007,310726,WA003,101,3007S-3025S-3033A-3035A-9999A-9999C-9999CS-9999E,35,1022509652,300960569,1,233227-1-1-102,
WA007,310726,WA003,101,3007S-3025S-3033A-3035A-9999A-9999C-9999CS-9999E,35,1022509652,300960570,1,233227-1-1-102,
WA007,310726,WA003,101,3007S-3025S-3033A-3035A-9999A-9999C-9999CS-9999E,35,1022509652,300960571,1,233227-1-1-102,
WA007,310726,WA003,101,3007S-3025S-3033A-3035A-9999A-9999C-9999CS-9999E,35,1022509652,300960572,1,233227-1-1-102,
WA007,310726,WA003,101,3007S-3025S-3033A-3035A-9999A-9999C-9999CS-9999E,35,1022509652,300960591,1,233227-1-1-102,
WA007,310726,WA003,101,3007S-3025S-3033A-3035A-9999A-9999C-9999CS-9999E,35,1022509653,300960603,1,233262-1-1-101,
WA007,310726,WA003,101,3007S-3025S-3033A-3035A-9999A-9999C-9999CS-9999E,35,1022509653,300960606,1,233262-1-1-101,
WA007,310726,WA003,101,3007S-3025S-3033A-3035A-9999A-9999C-9999CS-9999E,35,1022509653,300960615,1,233262-1-1-101,
WA007,310726,WA003,101,3007S-3025S-3033A-3035A-9999A-9999C-9999CS-9999E,35,1022509653,300960716,1,233262-1-1-101,
WA007,310726,WA003,101,3007S-3025S-3033A-3035A-9999A-9999C-9999CS-9999E,35,1022509653,300960717,1,233262-1-1-101,
WA007,310726,WA003,101,3007S-3025S-3033A-3035A-9999A-9999C-9999CS-9999E,35,1022509653,300960718,1,233262-1-1-101,
WA007,310726,WA003,101,3007S-3025S-3033A-3035A-9999A-9999C-9999CS-9999E,35,1022509653,300960721,1,233262-1-1-101,
WA007,310726,WA003,101,3007S-3025S-3033A-3035A-9999A-9999C-9999CS-9999E,35,1022509653,300973705,1,233262-1-1-101,
WA007,310726,WA003,101,3007S-3025S-3033A-3035A-9999A-9999C-9999CS-9999E,35,1022509654,300960725,1,233227-1-1-102,
WA007,310726,WA003,101,3007S-3025S-3033A-3035A-9999A-9999C-9999CS-9999E,35,1022509654,300960753,1,233227-1-1-102,
WA007,310726,WA003,101,3007S-3025S-3033A-3035A-9999A-9999C-9999CS-9999E,35,1022509654,300960754,1,233227-1-1-102,
WA007,310726,WA003,101,3007S-3025S-3033A-3035A-9999A-9999C-9999CS-9999E,35,1022509654,300960755,1,233227-1-1-102,
WA007,310726,WA003,101,3007S-3025S-3033A-3035A-9999A-9999C-9999CS-9999E,35,1022509654,300960756,1,233227-1-1-102,
WA007,310726,WA003,101,3007S-3025S-3033A-3035A-9999A-9999C-9999CS-9999E,35,1022509654,300960767,1,233227-1-1-102,
WA007,310726,WA003,101,3007S-3025S-3033A-3035A-9999A-9999C-9999CS-9999E,35,1022509654,300960791,1,233227-1-1-102,
WA007,310726,WA003,101,3007S-3025S-3033A-3035A-9999A-9999C-9999CS-9999E,35,1022509654,300960792,1,233227-1-1-102,
WA007,310726,WA003,101,3007S-3025S-3033A-3035A-9999A-9999C-9999CS-9999E,35,1022509655,300960820,1,233227-1-1-102,
WA007,310726,WA003,101,3007S-3025S-3033A-3035A-9999A-9999C-9999CS-9999E,35,1022509655,300960821,1,233227-1-1-102,
WA007,310726,WA003,101,3007S-3025S-3033A-3035A-9999A-9999C-9999CS-9999E,35,1022509655,300960822,1,233227-1-1-102,
WA007,310726,WA003,101,3007S-3025S-3033A-3035A-9999A-9999C-9999CS-9999E,35,1022509655,300960823,1,233227-1-1-102,
WA007,310726,WA003,101,3007S-3025S-3033A-3035A-9999A-9999C-9999CS-9999E,35,1022509655,300960922,1,233227-1-1-102,
WA007,310726,WA003,101,3007S-3025S-3033A-3035A-9999A-9999C-9999CS-9999E,35,1022509655,300960923,1,233227-1-1-102,
WA007,310726,WA003,101,3007S-3025S-3033A-3035A-9999A-9999C-9999CS-9999E,35,1022509655,300960924,1,233227-1-1-102,
WA007,310726,WA003,101,3007S-3025S-3033A-3035A-9999A-9999C-9999CS-9999E,35,1022509655,300960926,1,233227-1-1-102,
WA007,310726,WA003,101,3007S-3025S-3033A-3035A-9999A-9999C-9999CS-9999E,35,1022509656,300960942,1,233227-1-1-102,
WA007,310726,WA003,101,3007S-3025S-3033A-3035A-9999A-9999C-9999CS-9999E,35,1022509656,300960961,1,233227-1-1-102,
WA007,310726,WA003,101,3007S-3025S-3033A-3035A-9999A-9999C-9999CS-9999E,35,1022509656,300960963,1,233227-1-1-102,
WA007,310726,WA003,101,3007S-3025S-3033A-3035A-9999A-9999C-9999CS-9999E,35,1022509656,300960965,1,233227-1-1-102,
WA007,310726,WA003,101,3007S-3025S-3033A-3035A-9999A-9999C-9999CS-9999E,35,1022509656,300961001,1,233227-1-1-102,
WA007,310726,WA003,101,3007S-3025S-3033A-3035A-9999A-9999C-9999CS-9999E,35,1022509656,300961121,1,233227-1-1-102,
WA007,310726,WA003,101,3007S-3025S-3033A-3035A-9999A-9999C-9999CS-9999E,35,1022509656,300961122,1,233227-1-1-102,
WA007,310726,WA003,101,3007S-3025S-3033A-3035A-9999A-9999C-9999CS-9999E,35,1022509656,300961123,1,233227-1-1-102,
WA007,310726,WA003,101,3007S-3025S-3033A-3035A-9999A-9999C-9999CS-9999E,35,1022509658,300961271,1,233227-1-1-102,
WA007,310726,WA003,101,3007S-3025S-3033A-3035A-9999A-9999C-9999CS-9999E,35,1022509658,300961272,1,233227-1-1-102,
WA007,310726,WA003,101,3007S-3025S-3033A-3035A-9999A-9999C-9999CS-9999E,35,1022509658,300961273,1,233227-1-1-102,
WA007,310726,WA003,101,3007S-3025S-3033A-3035A-9999A-9999C-9999CS-9999E,35,1022509658,300961274,1,233227-1-1-102,
WA007,310726,WA003,101,3007S-3025S-3033A-3035A-9999A-9999C-9999CS-9999E,35,1022509658,300961276,1,233227-1-1-102,
WA007,310726,WA003,101,3007S-3025S-3033A-3035A-9999A-9999C-9999CS-9999E,35,1022509658,300961277,1,233227-1-1-102,
WA007,310726,WA003,101,3007S-3025S-3033A-3035A-9999A-9999C-9999CS-9999E,35,1022509658,300961278,1,233227-1-1-102,
WA007,310726,WA003,101,3007S-3025S-3033A-3035A-9999A-9999C-9999CS-9999E,35,1022509658,300961279,1,233227-1-1-102,
WA007,310726,WA003,101,3007S-3025S-3033A-3035A-9999A-9999C-9999CS-9999E,35,1022509659,300961325,1,233227-1-1-102,
WA007,310726,WA003,101,3007S-3025S-3033A-3035A-9999A-9999C-9999CS-9999E,35,1022509659,300961327,1,233227-1-1-102,
WA007,310726,WA003,101,3007S-3025S-3033A-3035A-9999A-9999C-9999CS-9999E,35,1022509659,300961328,1,233227-1-1-102,
WA007,310726,WA003,101,3007S-3025S-3033A-3035A-9999A-9999C-9999CS-9999E,35,1022509659,300961329,1,233227-1-1-102,
WA007,310726,WA003,101,3007S-3025S-3033A-3035A-9999A-9999C-9999CS-9999E,35,1022509659,300961376,1,233227-1-1-102,
WA007,310726,WA003,101,3007S-3025S-3033A-3035A-9999A-9999C-9999CS-9999E,35,1022509659,300961377,1,233227-1-1-102,
WA007,310726,WA003,101,3007S-3025S-3033A-3035A-9999A-9999C-9999CS-9999E,35,1022509659,300961378,1,233227-1-1-102,
WA007,310726,WA003,101,3007S-3025S-3033A-3035A-9999A-9999C-9999CS-9999E,35,1022509659,300961379,1,233227-1-1-102,
WA007,310726,WA003,101,3007S-3025S-3033A-3035A-9999A-9999C-9999CS-9999E,35,1022509660,300961417,1,233227-1-1-102,
WA007,310726,WA003,101,3007S-3025S-3033A-3035A-9999A-9999C-9999CS-9999E,35,1022509660,300961418,1,233227-1-1-102,
WA007,310726,WA003,101,3007S-3025S-3033A-3035A-9999A-9999C-9999CS-9999E,35,1022509660,300961419,1,233227-1-1-102,
WA007,310726,WA003,101,3007S-3025S-3033A-3035A-9999A-9999C-9999CS-9999E,35,1022509660,300961420,1,233227-1-1-102,
WA007,310726,WA003,101,3007S-3025S-3033A-3035A-9999A-9999C-9999CS-9999E,35,1022509660,300961428,1,233227-1-1-102,
WA007,310726,WA003,101,3007S-3025S-3033A-3035A-9999A-9999C-9999CS-9999E,35,1022509660,300961429,1,233227-1-1-102,
WA007,310726,WA003,101,3007S-3025S-3033A-3035A-9999A-9999C-9999CS-9999E,35,1022509660,300961430,1,233227-1-1-102,
WA007,310726,WA003,101,3007S-3025S-3033A-3035A-9999A-9999C-9999CS-9999E,35,1022509660,300961431,1,233227-1-1-102,
WA007,310726,WA003,101,3007S-3025S-3033A-3035A-9999A-9999C-9999CS-9999E,35,1022509662,300961614,1,233227-1-1-102,
WA007,310726,WA003,101,3007S-3025S-3033A-3035A-9999A-9999C-9999CS-9999E,35,1022509662,300961615,1,233227-1-1-102,
WA007,310726,WA003,101,3007S-3025S-3033A-3035A-9999A-9999C-9999CS-9999E,35,1022509662,300961616,1,233227-1-1-102,
WA007,310726,WA003,101,3007S-3025S-3033A-3035A-9999A-9999C-9999CS-9999E,35,1022509662,300961617,1,233227-1-1-102,
WA007,310726,WA003,101,3007S-3025S-3033A-3035A-9999A-9999C-9999CS-9999E,35,1022509662,300961634,1,233227-1-1-102,
WA007,310726,WA003,101,3007S-3025S-3033A-3035A-9999A-9999C-9999CS-9999E,35,1022509662,300961635,1,233227-1-1-102,
WA007,310726,WA003,101,3007S-3025S-3033A-3035A-9999A-9999C-9999CS-9999E,35,1022509662,300961663,1,233227-1-1-102,
WA007,310726,WA003,101,3007S-3025S-3033A-3035A-9999A-9999C-9999CS-9999E,35,1022509662,300961664,1,233227-1-1-102,
WA007,310726,WA003,101,3007S-3025S-3033A-3035A-9999A-9999C-9999CS-9999E,35,1022509663,300961665,1,233227-1-1-102,
WA007,310726,WA003,101,3007S-3025S-3033A-3035A-9999A-9999C-9999CS-9999E,35,1022509663,300961666,1,233227-1-1-102,
WA007,310726,WA003,101,3007S-3025S-3033A-3035A-9999A-9999C-9999CS-9999E,35,1022509663,300961706,1,233227-1-1-102,
WA007,310726,WA003,101,3007S-3025S-3033A-3035A-9999A-9999C-9999CS-9999E,35,1022509663,300961707,1,233227-1-1-102,
WA007,310726,WA003,101,3007S-3025S-3033A-3035A-9999A-9999C-9999CS-9999E,35,1022509663,300961708,1,233227-1-1-102,
WA007,310726,WA003,101,3007S-3025S-3033A-3035A-9999A-9999C-9999CS-9999E,35,1022509663,300961709,1,233227-1-1-102,
WA007,310726,WA003,101,3007S-3025S-3033A-3035A-9999A-9999C-9999CS-9999E,35,1022509663,300961711,1,233227-1-1-102,
WA007,310726,WA003,101,3007S-3025S-3033A-3035A-9999A-9999C-9999CS-9999E,35,1022509663,300961712,1,233227-1-1-102,
WA007,310726,WA003,101,3007S-3025S-3033A-3035A-9999A-9999C-9999CS-9999E,34,1022509755,300962421,1,233227-1-1-102,
WA007,310726,WA003,101,3007S-3025S-3033A-3035A-9999A-9999C-9999CS-9999E,34,1022509755,300962422,1,233227-1-1-102,
WA007,310726,WA003,101,3007S-3025S-3033A-3035A-9999A-9999C-9999CS-9999E,34,1022509755,300962423,1,233227-1-1-102,
WA007,310726,WA003,101,3007S-3025S-3033A-3035A-9999A-9999C-9999CS-9999E,34,1022509755,300962424,1,233227-1-1-102,
WA007,310726,WA003,101,3007S-3025S-3033A-3035A-9999A-9999C-9999CS-9999E,34,1022509755,300962532,1,233227-1-1-102,
WA007,310726,WA003,101,3007S-3025S-3033A-3035A-9999A-9999C-9999CS-9999E,34,1022509755,300962533,1,233227-1-1-102,
WA007,310726,WA003,101,3007S-3025S-3033A-3035A-9999A-9999C-9999CS-9999E,34,1022509755,300962534,1,233227-1-1-102,
WA007,310726,WA003,101,3007S-3025S-3033A-3035A-9999A-9999C-9999CS-9999E,34,1022509755,300962535,1,233227-1-1-102,
WA007,310726,WA003,101,3007S-3025S-3033A-3035A-9999A-9999C-9999CS-9999E,23,1022510856,300977512,1,233227-1-1-102,
WA007,310726,WA003,101,3007S-3025S-3033A-3035A-9999A-9999C-9999CS-9999E,23,1022510856,300977513,1,233227-1-1-102,
WA007,310726,WA003,101,3007S-3025S-3033A-3035A-9999A-9999C-9999CS-9999E,23,1022510856,300977514,1,233227-1-1-102,
WA007,310726,WA003,101,3007S-3025S-3033A-3035A-9999A-9999C-9999CS-9999E,23,1022510856,300977515,1,233227-1-1-102,
WA007,310726,WA003,101,3007S-3025S-3033A-3035A-9999A-9999C-9999CS-9999E,23,1022510856,300977516,1,233227-1-1-102,
WA007,310726,WA003,101,3007S-3025S-3033A-3035A-9999A-9999C-9999CS-9999E,23,1022510856,300977517,1,233227-1-1-102,
WA007,310726,WA003,101,3007S-3025S-3033A-3035A-9999A-9999C-9999CS-9999E,23,1022510856,300977534,1,233227-1-1-102,
WA007,310726,WA003,101,3007S-3025S-3033A-3035A-9999A-9999C-9999CS-9999E,23,1022510856,300977535,1,233227-1-1-102,
WA007,310726,WA003,101,3007S-3025S-3033A-3035A-9999A-9999C-9999CS-9999E,23,1022510857,300977578,1,233244-1-1-102,
WA007,310726,WA003,101,3007S-3025S-3033A-3035A-9999A-9999C-9999CS-9999E,23,1022510857,300977579,1,233244-1-1-102,
WA007,310726,WA003,101,3007S-3025S-3033A-3035A-9999A-9999C-9999CS-9999E,23,1022510857,300977580,1,233244-1-1-102,
WA007,310726,WA003,101,3007S-3025S-3033A-3035A-9999A-9999C-9999CS-9999E,23,1022510857,300977581,1,233244-1-1-102,
WA007,310726,WA003,101,3007S-3025S-3033A-3035A-9999A-9999C-9999CS-9999E,23,1022510857,300977641,1,233244-1-1-102,
WA007,310726,WA003,101,3007S-3025S-3033A-3035A-9999A-9999C-9999CS-9999E,23,1022510857,300977642,1,233244-1-1-102,
WA007,310726,WA003,101,3007S-3025S-3033A-3035A-9999A-9999C-9999CS-9999E,23,1022510857,300977643,1,233244-1-1-102,
WA007,310726,WA003,101,3007S-3025S-3033A-3035A-9999A-9999C-9999CS-9999E,23,1022510857,300977644,1,233244-1-1-102,
WA007,310726,WA003,101,3007S-3025S-3033A-3035A-9999A-9999C-9999CS-9999E,23,1022510858,300977672,1,233244-1-1-102,
WA007,310726,WA003,101,3007S-3025S-3033A-3035A-9999A-9999C-9999CS-9999E,23,1022510858,300977673,1,233244-1-1-102,
WA007,310726,WA003,101,3007S-3025S-3033A-3035A-9999A-9999C-9999CS-9999E,23,1022510858,300977675,1,233244-1-1-102,
WA007,310726,WA003,101,3007S-3025S-3033A-3035A-9999A-9999C-9999CS-9999E,23,1022510858,300977676,1,233244-1-1-102,
WA007,310726,WA003,101,3007S-3025S-3033A-3035A-9999A-9999C-9999CS-9999E,23,1022510858,300977730,1,233244-1-1-102,
WA007,310726,WA003,101,3007S-3025S-3033A-3035A-9999A-9999C-9999CS-9999E,23,1022510858,300977731,1,233244-1-1-102,
WA007,310726,WA003,101,3007S-3025S-3033A-3035A-9999A-9999C-9999CS-9999E,23,1022510858,300977732,1,233244-1-1-102,
WA007,310726,WA003,101,3007S-3025S-3033A-3035A-9999A-9999C-9999CS-9999E,23,1022510858,300977733,1,233244-1-1-102,
WA007,310726,WA003,101,3007S-3025S-3033A-3035A-9999A-9999C-9999CS-9999E,14,1022511758,300990062,1,"",
WA007,310726,WA003,101,3007S-3025S-3033A-3035A-9999A-9999C-9999CS-9999E,14,1022511758,300990063,1,"",
WA007,310726,WA003,101,3007S-3025S-3033A-3035A-9999A-9999C-9999CS-9999E,14,1022511758,300990064,1,"",
WA007,310726,WA003,101,3007S-3025S-3033A-3035A-9999A-9999C-9999CS-9999E,14,1022511758,300990065,1,"",
WA007,310726,WA003,101,3007S-3025S-3033A-3035A-9999A-9999C-9999CS-9999E,14,1022511758,300990190,1,"",
WA007,310726,WA003,101,3007S-3025S-3033A-3035A-9999A-9999C-9999CS-9999E,14,1022511758,300990191,1,"",
WA007,310726,WA003,101,3007S-3025S-3033A-3035A-9999A-9999C-9999CS-9999E,14,1022511758,300990192,1,"",
WA007,310726,WA003,101,3007S-3025S-3033A-3035A-9999A-9999C-9999CS-9999E,14,1022511758,300990193,1,"",
WA007,310726,WA003,101,3007S-3025S-3033A-3035A-9999A-9999C-9999CS-9999E,14,1022511760,300990347,1,"",
WA007,310726,WA003,101,3007S-3025S-3033A-3035A-9999A-9999C-9999CS-9999E,14,1022511760,300990348,1,"",
WA007,310726,WA003,101,3007S-3025S-3033A-3035A-9999A-9999C-9999CS-9999E,14,1022511760,300990349,1,"",
WA007,310726,WA003,101,3007S-3025S-3033A-3035A-9999A-9999C-9999CS-9999E,14,1022511760,300990351,1,"",
WA007,310726,WA003,101,3007S-3025S-3033A-3035A-9999A-9999C-9999CS-9999E,14,1022511760,300990421,1,"",
WA007,310726,WA003,101,3007S-3025S-3033A-3035A-9999A-9999C-9999CS-9999E,14,1022511760,300990422,1,"",
WA007,310726,WA003,101,3007S-3025S-3033A-3035A-9999A-9999C-9999CS-9999E,14,1022511760,300990423,1,"",
WA007,310726,WA003,101,3007S-3025S-3033A-3035A-9999A-9999C-9999CS-9999E,14,1022511760,300990424,1,"",
WA007,310726,WA003,101,3007S-3025S-3033A-3035A-9999A-9999C-9999CS-9999E,14,1022511761,300990425,1,"",
WA007,310726,WA003,101,3007S-3025S-3033A-3035A-9999A-9999C-9999CS-9999E,14,1022511761,300990426,1,"",
WA007,310726,WA003,101,3007S-3025S-3033A-3035A-9999A-9999C-9999CS-9999E,14,1022511761,300990427,1,"",
WA007,310726,WA003,101,3007S-3025S-3033A-3035A-9999A-9999C-9999CS-9999E,14,1022511761,300990428,1,"",
WA007,310726,WA003,101,3007S-3025S-3033A-3035A-9999A-9999C-9999CS-9999E,14,1022511761,300990439,1,"",
WA007,310726,WA003,101,3007S-3025S-3033A-3035A-9999A-9999C-9999CS-9999E,14,1022511761,300990440,1,"",
WA007,310726,WA003,101,3007S-3025S-3033A-3035A-9999A-9999C-9999CS-9999E,14,1022511761,300990441,1,"",
WA007,310726,WA003,101,3007S-3025S-3033A-3035A-9999A-9999C-9999CS-9999E,14,1022511761,300990444,1,"",
WA007,310726,WA003,101,3007S-3025S-3033A-3035A-9999A-9999C-9999CS-9999E,12,1022511952,300992200,1,"",
WA007,310726,WA003,101,3007S-3025S-3033A-3035A-9999A-9999C-9999CS-9999E,12,1022511952,300992201,1,"",
WA007,310726,WA003,101,3007S-3025S-3033A-3035A-9999A-9999C-9999CS-9999E,12,1022511952,300992202,1,"",
WA007,310726,WA003,101,3007S-3025S-3033A-3035A-9999A-9999C-9999CS-9999E,12,1022511952,300992210,1,"",
WA007,310726,WA003,101,3007S-3025S-3033A-3035A-9999A-9999C-9999CS-9999E,12,1022511952,300992244,1,"",
WA007,310726,WA003,101,3007S-3025S-3033A-3035A-9999A-9999C-9999CS-9999E,12,1022511952,300992245,1,"",
WA007,310726,WA003,101,3007S-3025S-3033A-3035A-9999A-9999C-9999CS-9999E,12,1022511952,300992246,1,"",
WA007,310726,WA003,101,3007S-3025S-3033A-3035A-9999A-9999C-9999CS-9999E,12,1022511952,300992247,1,"",
WA007,310726,WA003,101,3007S-3025S-3033A-3035A-9999A-9999C-9999CS-9999E,12,1022511953,300992249,1,"",
WA007,310726,WA003,101,3007S-3025S-3033A-3035A-9999A-9999C-9999CS-9999E,12,1022511953,300992250,1,"",
WA007,310726,WA003,101,3007S-3025S-3033A-3035A-9999A-9999C-9999CS-9999E,12,1022511953,300992266,1,"",
WA007,310726,WA003,101,3007S-3025S-3033A-3035A-9999A-9999C-9999CS-9999E,12,1022511953,300992267,1,"",
WA007,310726,WA003,101,3007S-3025S-3033A-3035A-9999A-9999C-9999CS-9999E,12,1022511953,300992280,1,"",
WA007,310726,WA003,101,3007S-3025S-3033A-3035A-9999A-9999C-9999CS-9999E,12,1022511953,300992281,1,"",
WA007,310726,WA003,101,3007S-3025S-3033A-3035A-9999A-9999C-9999CS-9999E,12,1022511953,300992284,1,"",
WA007,310726,WA003,101,3007S-3025S-3033A-3035A-9999A-9999C-9999CS-9999E,12,1022511953,300992289,1,"",
WA007,310726,WA003,101,3007S-3025S-3033A-3035A-9999A-9999E,41,1022509051,300951715,1,233032-1-1-101,
WA007,310726,WA003,101,3007S-3025S-3033A-3035A-9999A-9999E,41,1022509051,300951719,1,233032-1-1-101,
WA007,310726,WA003,101,3007S-3025S-3033A-3035A-9999A-9999E,41,1022509051,300951742,1,233032-1-1-101,
WA007,310726,WA003,101,3007S-3025S-3033A-3035A-9999A-9999E,41,1022509051,300951743,1,233032-1-1-101,
WA007,310726,WA003,101,3007S-3025S-3033A-3035A-9999A-9999E,41,1022509051,300951744,1,233032-1-1-101,
WA007,310726,WA003,101,3007S-3025S-3033A-3035A-9999A-9999E,41,1022509051,300951746,1,233032-1-1-101,
WA007,310726,WA003,101,3007S-3025S-3033A-3035A-9999A-9999E,41,1022509051,300951753,1,233032-1-1-101,
WA007,310726,WA003,101,3007S-3025S-3033A-3035A-9999A-9999E,41,1022509051,300951754,1,233032-1-1-101,
WA007,310726,WA003,101,3007S-3025S-3033A-3035A-9999A-9999E,35,1022509651,300960393,1,233227-1-1-102,
WA007,310726,WA003,101,3007S-3025S-3033A-3035A-9999A-9999E,35,1022509651,300960398,1,233227-1-1-102,
WA007,310726,WA003,101,3007S-3025S-3033A-3035A-9999A-9999E,35,1022509651,300960429,1,233227-1-1-102,
WA007,310726,WA003,101,3007S-3025S-3033A-3035A-9999A-9999E,35,1022509651,300960430,1,233227-1-1-102,
WA007,310726,WA003,101,3007S-3025S-3033A-3035A-9999A-9999E,35,1022509651,300960498,1,233227-1-1-102,
WA007,310726,WA003,101,3007S-3025S-3033A-3035A-9999A-9999E,35,1022509651,300960499,1,233227-1-1-102,
WA007,310726,WA003,101,3007S-3025S-3033A-3035A-9999A-9999E,35,1022509651,300960523,1,233227-1-1-102,
WA007,310726,WA003,101,3007S-3025S-3033A-3035A-9999A-9999E,35,1022509651,300960524,1,233227-1-1-102,
WA007,310726,WA003,101,3007S-3025S-3033A-3035A-9999A-9999E,34,1022509751,300962069,1,233227-1-1-102,
WA007,310726,WA003,101,3007S-3025S-3033A-3035A-9999A-9999E,34,1022509751,300962070,1,233227-1-1-102,
WA007,310726,WA003,101,3007S-3025S-3033A-3035A-9999A-9999E,34,1022509751,300962071,1,233227-1-1-102,
WA007,310726,WA003,101,3007S-3025S-3033A-3035A-9999A-9999E,34,1022509751,300962072,1,233227-1-1-102,
WA007,310726,WA003,101,3007S-3025S-3033A-3035A-9999A-9999E,34,1022509751,300962100,1,233227-1-1-102,
WA007,310726,WA003,101,3007S-3025S-3033A-3035A-9999A-9999E,34,1022509751,300962101,1,233227-1-1-102,
WA007,310726,WA003,101,3007S-3025S-3033A-3035A-9999A-9999E,34,1022509751,300962102,1,233227-1-1-102,
WA007,310726,WA003,101,3007S-3025S-3033A-3035A-9999A-9999E,34,1022509751,300962103,1,233227-1-1-102,
WA007,310726,WA003,101,3007S-3025S-3033A-3035A-9999A-9999E,34,1022509756,300962540,1,233227-1-1-102,
WA007,310726,WA003,101,3007S-3025S-3033A-3035A-9999A-9999E,34,1022509756,300962541,1,233227-1-1-102,
WA007,310726,WA003,101,3007S-3025S-3033A-3035A-9999A-9999E,34,1022509756,300962542,1,233227-1-1-102,
WA007,310726,WA003,101,3007S-3025S-3033A-3035A-9999A-9999E,34,1022509756,300962543,1,233227-1-1-102,
WA007,310726,WA003,101,3007S-3025S-3033A-3035A-9999A-9999E,34,1022509756,300962545,1,233227-1-1-102,
WA007,310726,WA003,101,3007S-3025S-3033A-3035A-9999A-9999E,34,1022509756,300970911,1,233227-1-1-102,
WA007,310726,WA003,101,3007S-3025S-3033A-3035A-9999A-9999E,29,1022510251,300967974,1,233227-1-1-102,
WA007,310726,WA003,101,3007S-3025S-3033A-3035A-9999A-9999E,29,1022510251,300967975,1,233227-1-1-102,
WA007,310726,WA003,101,3007S-3025S-3033A-3035A-9999A-9999E,29,1022510251,300967976,1,233227-1-1-102,
WA007,310726,WA003,101,3007S-3025S-3033A-3035A-9999A-9999E,29,1022510251,300967977,1,233227-1-1-102,
WA007,310726,WA003,101,3007S-3025S-3033A-3035A-9999A-9999E,29,1022510251,300967980,1,233227-1-1-102,
WA007,310726,WA003,101,3007S-3025S-3033A-3035A-9999A-9999E,29,1022510251,300967983,1,233227-1-1-102,
WA007,310726,WA003,101,3007S-3025S-3033A-3035A-9999A-9999E,29,1022510251,300967987,1,233227-1-1-102,
WA007,310726,WA003,101,3007S-3025S-3033A-3035A-9999A-9999E,29,1022510251,300967989,1,233227-1-1-102,
WA007,310726,WA003,101,3007S-3025S-3033A-3035A-9999A-9999E,26,1022510551,300972525,1,233227-1-1-102,
WA007,310726,WA003,101,3007S-3025S-3033A-3035A-9999A-9999E,26,1022510551,300972536,1,233227-1-1-102,
WA007,310726,WA003,101,3007S-3025S-3033A-3035A-9999A-9999E,26,1022510551,300972537,1,233227-1-1-102,
WA007,310726,WA003,101,3007S-3025S-3033A-3035A-9999A-9999E,26,1022510551,300972544,1,233227-1-1-102,
WA007,310726,WA003,101,3007S-3025S-3033A-3035A-9999A-9999E,26,1022510551,300972545,1,233227-1-1-102,
WA007,310726,WA003,101,3007S-3025S-3033A-3035A-9999A-9999E,26,1022510551,300972546,1,233227-1-1-102,
WA007,310726,WA003,101,3007S-3025S-3033A-3035A-9999A-9999E,26,1022510551,300972559,1,233227-1-1-102,
WA007,310726,WA003,101,3007S-3025S-3033A-3035A-9999A-9999E,26,1022510551,300972560,1,233227-1-1-102,
WA007,310726,WA003,101,3007S-3025S-3033A-3035A-9999A-9999E,20,1022511151,300980834,1,233244-1-1-102,
WA007,310726,WA003,101,3007S-3025S-3033A-3035A-9999A-9999E,20,1022511151,300980883,1,233244-1-1-102,
WA007,310726,WA003,101,3007S-3025S-3033A-3035A-9999A-9999E,20,1022511151,300980884,1,233244-1-1-102,
WA007,310726,WA003,101,3007S-3025S-3033A-3035A-9999A-9999E,20,1022511151,300980885,1,233244-1-1-102,
WA007,310726,WA003,101,3007S-3025S-3033A-3035A-9999A-9999E,20,1022511151,300980886,1,233244-1-1-102,
WA007,310726,WA003,101,3007S-3025S-3033A-3035A-9999A-9999E,20,1022511151,300980887,1,233244-1-1-102,
WA007,310726,WA003,101,3007S-3025S-3033A-3035A-9999A-9999E,20,1022511151,300980918,1,233244-1-1-102,
WA007,310726,WA003,101,3007S-3025S-3033A-3035A-9999A-9999E,20,1022511151,300980919,1,233244-1-1-102,
WA007,310726,WA003,101,3007S-3025S-3033A-3035A-9999A-9999E,19,1022511251,300982375,1,233244-1-1-102,
WA007,310726,WA003,101,3007S-3025S-3033A-3035A-9999A-9999E,19,1022511251,300982399,1,233244-1-1-102,
WA007,310726,WA003,101,3007S-3025S-3033A-3035A-9999A-9999E,19,1022511251,300982400,1,233244-1-1-102,
WA007,310726,WA003,101,3007S-3025S-3033A-3035A-9999A-9999E,19,1022511251,300982401,1,233244-1-1-102,
WA007,310726,WA003,101,3007S-3025S-3033A-3035A-9999A-9999E,19,1022511251,300982456,1,233244-1-1-102,
WA007,310726,WA003,101,3007S-3025S-3033A-3035A-9999A-9999E,19,1022511251,300982457,1,233244-1-1-102,
WA007,310726,WA003,101,3007S-3025S-3033A-3035A-9999A-9999E,19,1022511251,300982458,1,233244-1-1-102,
WA007,310726,WA003,101,3007S-3025S-3033A-3035A-9999A-9999E,19,1022511251,300982459,1,233244-1-1-102,
WA007,310726,WA003,101,3007S-3025S-3033A-3035A-9999A-9999E,10,1022512151,300995189,1,"",
WA007,310726,WA003,101,3007S-3025S-3033A-3035A-9999A-9999E,10,1022512151,300995190,1,"",
WA007,310726,WA003,101,3007S-3025S-3033A-3035A-9999A-9999E,10,1022512151,300995191,1,"",
WA007,310726,WA003,101,3007S-3025S-3033A-3035A-9999A-9999E,10,1022512151,300995192,1,"",
WA007,310726,WA003,101,3007S-3025S-3033A-3035A-9999A-9999E,10,1022512151,300995196,1,"",
WA007,310726,WA003,101,3007S-3025S-3033A-3035A-9999A-9999E,10,1022512151,300995197,1,"",
WA007,310726,WA003,101,3007S-3025S-3033A-3035A-9999A-9999E,10,1022512151,300995198,1,"",
WA007,310726,WA003,101,3007S-3025S-3033A-3035A-9999A-9999E,10,1022512151,300995199,1,"",
WA007,310726,WA003,101,3007S-3025S-3035A-9999A-9999C-9999CS-9999E,35,1022509657,300961164,1,233227-1-1-102,
WA007,310726,WA003,101,3007S-3025S-3035A-9999A-9999C-9999CS-9999E,35,1022509657,300961168,1,233227-1-1-102,
WA007,310726,WA003,101,3007S-3025S-3035A-9999A-9999C-9999CS-9999E,35,1022509657,300961169,1,233227-1-1-102,
WA007,310726,WA003,101,3007S-3025S-3035A-9999A-9999C-9999CS-9999E,35,1022509657,300961170,1,233227-1-1-102,
WA007,310726,WA003,101,3007S-3025S-3035A-9999A-9999C-9999CS-9999E,35,1022509657,300961172,1,233227-1-1-102,
WA007,310726,WA003,101,3007S-3025S-3035A-9999A-9999C-9999CS-9999E,35,1022509657,300961173,1,233227-1-1-102,
WA007,310726,WA003,101,3007S-3025S-3035A-9999A-9999C-9999CS-9999E,35,1022509657,300961174,1,233227-1-1-102,
WA007,310726,WA003,101,3007S-3025S-3035A-9999A-9999C-9999CS-9999E,35,1022509657,300961175,1,233227-1-1-102,
WA007,310726,WA003,101,3007S-3025S-3035A-9999A-9999C-9999CS-9999E,35,1022509661,300961471,1,233227-1-1-102,
WA007,310726,WA003,101,3007S-3025S-3035A-9999A-9999C-9999CS-9999E,35,1022509661,300961472,1,233227-1-1-102,
WA007,310726,WA003,101,3007S-3025S-3035A-9999A-9999C-9999CS-9999E,35,1022509661,300961473,1,233227-1-1-102,
WA007,310726,WA003,101,3007S-3025S-3035A-9999A-9999C-9999CS-9999E,35,1022509661,300961474,1,233227-1-1-102,
WA007,310726,WA003,101,3007S-3025S-3035A-9999A-9999C-9999CS-9999E,35,1022509661,300961569,1,233227-1-1-102,
WA007,310726,WA003,101,3007S-3025S-3035A-9999A-9999C-9999CS-9999E,35,1022509661,300961571,1,233227-1-1-102,
WA007,310726,WA003,101,3007S-3025S-3035A-9999A-9999C-9999CS-9999E,35,1022509661,300961572,1,233227-1-1-102,
WA007,310726,WA003,101,3007S-3025S-3035A-9999A-9999C-9999CS-9999E,35,1022509661,300961573,1,233227-1-1-102,
WA007,310726,WA003,101,3007S-3025S-3035A-9999A-9999E,20,1022511160,300981900,1,233244-1-1-102,
WA007,310726,WA003,101,3007S-3025S-3035A-9999A-9999E,20,1022511160,300981901,1,233244-1-1-102,
WA007,310726,WA003,101,3007S-3025S-3035A-9999A-9999E,20,1022511160,300982023,1,233244-1-1-102,
WA007,310726,WA003,101,3007S-3025S-9999A-9999C-9999CS-9999E,59,1022507252,300927292,1,233170-1-1-101,
WA007,310726,WA003,101,3007S-3025S-9999A-9999C-9999CS-9999E,59,1022507252,300927293,1,233170-1-1-101,
WA007,310726,WA003,101,3007S-3025S-9999A-9999C-9999CS-9999E,59,1022507252,300927294,1,233170-1-1-101,
WA007,310726,WA003,101,3007S-3025S-9999A-9999C-9999CS-9999E,59,1022507252,300927295,1,233170-1-1-101,
WA007,310726,WA003,101,3007S-3025S-9999A-9999C-9999CS-9999E,59,1022507252,300927296,1,233170-1-1-101,
WA007,310726,WA003,101,3007S-3025S-9999A-9999C-9999CS-9999E,59,1022507252,300927297,1,233170-1-1-101,
WA007,310726,WA003,101,3007S-3025S-9999A-9999C-9999CS-9999E,59,1022507252,300927298,1,233170-1-1-101,
WA007,310726,WA003,101,3007S-3025S-9999A-9999C-9999CS-9999E,59,1022507252,300927299,1,233170-1-1-101,
WA007,310726,WA003,101,3007S-3025S-9999A-9999C-9999CS-9999E,59,1022507253,300927360,1,233170-1-1-101,
WA007,310726,WA003,101,3007S-3025S-9999A-9999C-9999CS-9999E,59,1022507253,300927361,1,233170-1-1-101,
WA007,310726,WA003,101,3007S-3025S-9999A-9999C-9999CS-9999E,59,1022507253,300927362,1,233170-1-1-101,
WA007,310726,WA003,101,3007S-3025S-9999A-9999C-9999CS-9999E,59,1022507253,300927363,1,233170-1-1-101,
WA007,310726,WA003,101,3007S-3025S-9999A-9999C-9999CS-9999E,59,1022507253,300927364,1,233170-1-1-101,
WA007,310726,WA003,101,3007S-3025S-9999A-9999C-9999CS-9999E,59,1022507253,300927365,1,233170-1-1-101,
WA007,310726,WA003,101,3007S-3025S-9999A-9999C-9999CS-9999E,59,1022507253,300927366,1,233170-1-1-101,
WA007,310726,WA003,101,3007S-3025S-9999A-9999C-9999CS-9999E,59,1022507253,300927367,1,233170-1-1-101,
WA007,310726,WA003,101,3007S-3025S-9999A-9999C-9999CS-9999E,59,1022507254,300927499,1,233170-1-1-101,
WA007,310726,WA003,101,3007S-3025S-9999A-9999C-9999CS-9999E,59,1022507254,300927500,1,233170-1-1-101,
WA007,310726,WA003,101,3007S-3025S-9999A-9999C-9999CS-9999E,59,1022507254,300927501,1,233170-1-1-101,
WA007,310726,WA003,101,3007S-3025S-9999A-9999C-9999CS-9999E,59,1022507254,300927502,1,233170-1-1-101,
WA007,310726,WA003,101,3007S-3025S-9999A-9999C-9999CS-9999E,59,1022507254,300927503,1,233170-1-1-101,
WA007,310726,WA003,101,3007S-3025S-9999A-9999C-9999CS-9999E,59,1022507254,300927504,1,233170-1-1-101,
WA007,310726,WA003,101,3007S-3025S-9999A-9999C-9999CS-9999E,59,1022507254,300927505,1,233170-1-1-101,
WA007,310726,WA003,101,3007S-3025S-9999A-9999C-9999CS-9999E,59,1022507254,300927506,1,233170-1-1-101,
WA007,310726,WA003,101,3007S-3025S-9999A-9999C-9999CS-9999E,59,1022507255,300927565,1,233170-1-1-101,
WA007,310726,WA003,101,3007S-3025S-9999A-9999C-9999CS-9999E,59,1022507255,300927566,1,233170-1-1-101,
WA007,310726,WA003,101,3007S-3025S-9999A-9999C-9999CS-9999E,59,1022507255,300927567,1,233170-1-1-101,
WA007,310726,WA003,101,3007S-3025S-9999A-9999C-9999CS-9999E,59,1022507255,300927568,1,233170-1-1-101,
WA007,310726,WA003,101,3007S-3025S-9999A-9999C-9999CS-9999E,59,1022507255,300927569,1,233170-1-1-101,
WA007,310726,WA003,101,3007S-3025S-9999A-9999C-9999CS-9999E,59,1022507255,300927570,1,233170-1-1-101,
WA007,310726,WA003,101,3007S-3025S-9999A-9999C-9999CS-9999E,59,1022507255,300927572,1,233170-1-1-101,
WA007,310726,WA003,101,3007S-3025S-9999A-9999C-9999CS-9999E,59,1022507255,300927574,1,233170-1-1-101,
WA007,310726,WA003,101,3007S-3025S-9999A-9999C-9999CS-9999E,59,1022507256,300927668,1,233170-1-1-101,
WA007,310726,WA003,101,3007S-3025S-9999A-9999C-9999CS-9999E,59,1022507256,300927669,1,233170-1-1-101,
WA007,310726,WA003,101,3007S-3025S-9999A-9999C-9999CS-9999E,59,1022507256,300927869,1,233170-1-1-101,
WA007,310726,WA003,101,3007S-3025S-9999A-9999C-9999CS-9999E,59,1022507256,300927870,1,233170-1-1-101,
WA007,310726,WA003,101,3007S-3025S-9999A-9999C-9999CS-9999E,59,1022507256,300927871,1,233170-1-1-101,
WA007,310726,WA003,101,3007S-3025S-9999A-9999C-9999CS-9999E,59,1022507256,300927894,1,233170-1-1-101,
WA007,310726,WA003,101,3007S-3025S-9999A-9999C-9999CS-9999E,59,1022507256,300927895,1,233170-1-1-101,
WA007,310726,WA003,101,3007S-3025S-9999A-9999C-9999CS-9999E,59,1022507256,300927896,1,233170-1-1-101,
WA007,310726,WA003,101,3007S-3025S-9999A-9999C-9999CS-9999E,59,1022507257,300927904,1,233170-1-1-101,
WA007,310726,WA003,101,3007S-3025S-9999A-9999C-9999CS-9999E,59,1022507257,300927905,1,233170-1-1-101,
WA007,310726,WA003,101,3007S-3025S-9999A-9999C-9999CS-9999E,59,1022507257,300927917,1,233170-1-1-101,
WA007,310726,WA003,101,3007S-3025S-9999A-9999C-9999CS-9999E,59,1022507257,300927918,1,233170-1-1-101,
WA007,310726,WA003,101,3007S-3025S-9999A-9999C-9999CS-9999E,59,1022507257,300927948,1,233170-1-1-101,
WA007,310726,WA003,101,3007S-3025S-9999A-9999C-9999CS-9999E,59,1022507257,300927957,1,233170-1-1-101,
WA007,310726,WA003,101,3007S-3025S-9999A-9999C-9999CS-9999E,59,1022507257,300927958,1,233170-1-1-101,
WA007,310726,WA003,101,3007S-3025S-9999A-9999C-9999CS-9999E,59,1022507257,300927959,1,233170-1-1-101,
WA007,310726,WA003,101,3007S-3025S-9999A-9999C-9999CS-9999E,59,1022507258,300927966,1,233170-1-1-101,
WA007,310726,WA003,101,3007S-3025S-9999A-9999C-9999CS-9999E,59,1022507258,300927967,1,233170-1-1-101,
WA007,310726,WA003,101,3007S-3025S-9999A-9999C-9999CS-9999E,59,1022507258,300927968,1,233170-1-1-101,
WA007,310726,WA003,101,3007S-3025S-9999A-9999C-9999CS-9999E,59,1022507258,300928119,1,233170-1-1-101,
WA007,310726,WA003,101,3007S-3025S-9999A-9999C-9999CS-9999E,59,1022507258,300928120,1,233170-1-1-101,
WA007,310726,WA003,101,3007S-3025S-9999A-9999C-9999CS-9999E,59,1022507258,300928121,1,233170-1-1-101,
WA007,310726,WA003,101,3007S-3025S-9999A-9999C-9999CS-9999E,59,1022507258,300928133,1,233170-1-1-101,
WA007,310726,WA003,101,3007S-3025S-9999A-9999C-9999CS-9999E,59,1022507258,300928134,1,233170-1-1-101,
WA007,310726,WA003,101,3007S-3025S-9999A-9999C-9999CS-9999E,59,1022507259,300928154,1,233170-1-1-101,
WA007,310726,WA003,101,3007S-3025S-9999A-9999C-9999CS-9999E,59,1022507259,300928155,1,233170-1-1-101,
WA007,310726,WA003,101,3007S-3025S-9999A-9999C-9999CS-9999E,59,1022507259,300928157,1,233170-1-1-101,
WA007,310726,WA003,101,3007S-3025S-9999A-9999C-9999CS-9999E,59,1022507259,300928178,1,233170-1-1-101,
WA007,310726,WA003,101,3007S-3025S-9999A-9999C-9999CS-9999E,59,1022507259,300928179,1,233170-1-1-101,
WA007,310726,WA003,101,3007S-3025S-9999A-9999C-9999CS-9999E,59,1022507259,300928180,1,233170-1-1-101,
WA007,310726,WA003,101,3007S-3025S-9999A-9999C-9999CS-9999E,59,1022507259,300928181,1,233170-1-1-101,
WA007,310726,WA003,101,3007S-3025S-9999A-9999C-9999CS-9999E,59,1022507259,300928182,1,233170-1-1-101,
WA007,310726,WA003,101,3007S-3025S-9999A-9999C-9999CS-9999E,59,1022507260,300928195,1,233170-1-1-101,
WA007,310726,WA003,101,3007S-3025S-9999A-9999C-9999CS-9999E,59,1022507260,300928233,1,233170-1-1-101,
WA007,310726,WA003,101,3007S-3025S-9999A-9999C-9999CS-9999E,59,1022507260,300928234,1,233170-1-1-101,
WA007,310726,WA003,101,3007S-3025S-9999A-9999C-9999CS-9999E,59,1022507260,300928247,1,233170-1-1-101,
WA007,310726,WA003,101,3007S-3025S-9999A-9999C-9999CS-9999E,59,1022507260,300928248,1,233170-1-1-101,
WA007,310726,WA003,101,3007S-3025S-9999A-9999C-9999CS-9999E,59,1022507260,300928261,1,233170-1-1-101,
WA007,310726,WA003,101,3007S-3025S-9999A-9999C-9999CS-9999E,59,1022507260,300928262,1,233170-1-1-101,
WA007,310726,WA003,101,3007S-3025S-9999A-9999C-9999CS-9999E,59,1022507260,300928263,1,233170-1-1-101,
WA007,310726,WA003,101,3007S-3025S-9999A-9999C-9999CS-9999E,59,1022507261,300928289,1,233170-1-1-101,
WA007,310726,WA003,101,3007S-3025S-9999A-9999C-9999CS-9999E,59,1022507261,300928290,1,233170-1-1-101,
WA007,310726,WA003,101,3007S-3025S-9999A-9999C-9999CS-9999E,59,1022507261,300928291,1,233170-1-1-101,
WA007,310726,WA003,101,3007S-3025S-9999A-9999C-9999CS-9999E,59,1022507261,300928309,1,233170-1-1-101,
WA007,310726,WA003,101,3007S-3025S-9999A-9999C-9999CS-9999E,59,1022507261,300928310,1,233170-1-1-101,
WA007,310726,WA003,101,3007S-3025S-9999A-9999C-9999CS-9999E,59,1022507261,300928329,1,233170-1-1-101,
WA007,310726,WA003,101,3007S-3025S-9999A-9999C-9999CS-9999E,59,1022507261,300928330,1,233170-1-1-101,
WA007,310726,WA003,101,3007S-3025S-9999A-9999C-9999CS-9999E,59,1022507261,300928331,1,233170-1-1-101,
WA007,310726,WA003,101,3007S-3025S-9999A-9999C-9999CS-9999E,59,1022507262,300928359,1,233170-1-1-101,
WA007,310726,WA003,101,3007S-3025S-9999A-9999C-9999CS-9999E,59,1022507262,300928360,1,233170-1-1-101,
WA007,310726,WA003,101,3007S-3025S-9999A-9999C-9999CS-9999E,59,1022507262,300928362,1,233170-1-1-101,
WA007,310726,WA003,101,3007S-3025S-9999A-9999C-9999CS-9999E,59,1022507262,300928366,1,233170-1-1-101,
WA007,310726,WA003,101,3007S-3025S-9999A-9999C-9999CS-9999E,59,1022507262,300928379,1,233170-1-1-101,
WA007,310726,WA003,101,3007S-3025S-9999A-9999C-9999CS-9999E,59,1022507262,300928380,1,233170-1-1-101,
WA007,310726,WA003,101,3007S-3025S-9999A-9999C-9999CS-9999E,59,1022507262,300928392,1,233170-1-1-101,
WA007,310726,WA003,101,3007S-3025S-9999A-9999C-9999CS-9999E,59,1022507262,300928394,1,233170-1-1-101,
WA007,310726,WA003,101,3007S-3025S-9999A-9999C-9999CS-9999E,59,1022507265,300928674,1,233170-1-1-101,
WA007,310726,WA003,101,3007S-3025S-9999A-9999C-9999CS-9999E,59,1022507265,300928675,1,233170-1-1-101,
WA007,310726,WA003,101,3007S-3025S-9999A-9999C-9999CS-9999E,59,1022507265,300928677,1,233170-1-1-101,
WA007,310726,WA003,101,3007S-3025S-9999A-9999C-9999CS-9999E,59,1022507265,300928706,1,233170-1-1-101,
WA007,310726,WA003,101,3007S-3025S-9999A-9999C-9999CS-9999E,59,1022507265,300928707,1,233170-1-1-101,
WA007,310726,WA003,101,3007S-3025S-9999A-9999C-9999CS-9999E,59,1022507265,300928708,1,233170-1-1-101,
WA007,310726,WA003,101,3007S-3025S-9999A-9999C-9999CS-9999E,59,1022507265,300928709,1,233170-1-1-101,
WA007,310726,WA003,101,3007S-3025S-9999A-9999C-9999CS-9999E,59,1022507265,300928739,1,233170-1-1-101,
WA007,310726,WA003,101,3007S-3025S-9999A-9999C-9999CS-9999E,37,1022509454,300957618,1,233227-1-1-102,
WA007,310726,WA003,101,3007S-3025S-9999A-9999C-9999CS-9999E,37,1022509454,300957694,1,233227-1-1-102,
WA007,310726,WA003,101,3007S-3025S-9999A-9999C-9999CS-9999E,37,1022509454,300957695,1,233227-1-1-102,
WA007,310726,WA003,101,3007S-3025S-9999A-9999C-9999CS-9999E,37,1022509455,300957696,1,233227-1-1-102,
WA007,310726,WA003,101,3007S-3025S-9999A-9999C-9999CS-9999E,37,1022509455,300957697,1,233227-1-1-102,
WA007,310726,WA003,101,3007S-3025S-9999A-9999C-9999CS-9999E,37,1022509455,300957698,1,233227-1-1-102,
WA007,310726,WA003,101,3007S-3025S-9999A-9999C-9999CS-9999E,37,1022509455,300957699,1,233227-1-1-102,
WA007,310726,WA003,101,3007S-3025S-9999A-9999C-9999CS-9999E,37,1022509455,300957700,1,233227-1-1-102,
WA007,310726,WA003,101,3007S-3025S-9999A-9999C-9999CS-9999E,37,1022509455,300957701,1,233227-1-1-102,
WA007,310726,WA003,101,3007S-3025S-9999A-9999C-9999CS-9999E,37,1022509455,300957702,1,233227-1-1-102,
WA007,310726,WA003,101,3007S-3025S-9999A-9999C-9999CS-9999E,37,1022509455,300957703,1,233227-1-1-102,
WA007,310726,WA003,101,3007S-3025S-9999A-9999C-9999CS-9999E,37,1022509456,300957792,1,233227-1-1-102,
WA007,310726,WA003,101,3007S-3025S-9999A-9999C-9999CS-9999E,37,1022509456,300957794,1,233227-1-1-102,
WA007,310726,WA003,101,3007S-3025S-9999A-9999C-9999CS-9999E,37,1022509456,300957795,1,233227-1-1-102,
WA007,310726,WA003,101,3007S-3025S-9999A-9999C-9999CS-9999E,37,1022509456,300957796,1,233227-1-1-102,
WA007,310726,WA003,101,3007S-3025S-9999A-9999C-9999CS-9999E,37,1022509456,300957797,1,233227-1-1-102,
WA007,310726,WA003,101,3007S-3025S-9999A-9999C-9999CS-9999E,37,1022509456,300957798,1,233227-1-1-102,
WA007,310726,WA003,101,3007S-3025S-9999A-9999C-9999CS-9999E,37,1022509456,300957799,1,233227-1-1-102,
WA007,310726,WA003,101,3007S-3025S-9999A-9999C-9999CS-9999E,37,1022509456,300957800,1,233227-1-1-102,
WA007,310726,WA003,101,3007S-3025S-9999A-9999C-9999CS-9999E,37,1022509457,300957817,1,233227-1-1-102,
WA007,310726,WA003,101,3007S-3025S-9999A-9999C-9999CS-9999E,37,1022509457,300957818,1,233227-1-1-102,
WA007,310726,WA003,101,3007S-3025S-9999A-9999C-9999CS-9999E,37,1022509457,300957819,1,233227-1-1-102,
WA007,310726,WA003,101,3007S-3025S-9999A-9999C-9999CS-9999E,37,1022509457,300957820,1,233227-1-1-102,
WA007,310726,WA003,101,3007S-3025S-9999A-9999C-9999CS-9999E,37,1022509457,300957821,1,233227-1-1-102,
WA007,310726,WA003,101,3007S-3025S-9999A-9999C-9999CS-9999E,37,1022509457,300957822,1,233227-1-1-102,
WA007,310726,WA003,101,3007S-3025S-9999A-9999C-9999CS-9999E,37,1022509457,300957823,1,233227-1-1-102,
WA007,310726,WA003,101,3007S-3025S-9999A-9999C-9999CS-9999E,37,1022509457,300957824,1,233227-1-1-102,
WA007,310726,WA003,101,3007S-3025S-9999A-9999C-9999CS-9999E,30,1022510154,300966821,1,233227-1-1-102,
WA007,310726,WA003,101,3007S-3025S-9999A-9999C-9999CS-9999E,30,1022510154,300966823,1,233227-1-1-102,
WA007,310726,WA003,101,3007S-3025S-9999A-9999C-9999CS-9999E,30,1022510154,300966825,1,233227-1-1-102,
WA007,310726,WA003,101,3007S-3025S-9999A-9999C-9999CS-9999E,30,1022510154,300966827,1,233227-1-1-102,
WA007,310726,WA003,101,3007S-3025S-9999A-9999C-9999CS-9999E,30,1022510154,300966828,1,233227-1-1-102,
WA007,310726,WA003,101,3007S-3025S-9999A-9999C-9999CS-9999E,30,1022510154,300966829,1,233227-1-1-102,
WA007,310726,WA003,101,3007S-3025S-9999A-9999C-9999CS-9999E,30,1022510154,300966830,1,233227-1-1-102,
WA007,310726,WA003,101,3007S-3025S-9999A-9999C-9999CS-9999E,30,1022510154,300966831,1,233227-1-1-102,
WA007,310726,WA003,101,3007S-3025S-9999A-9999C-9999CS-9999E,30,1022510155,300966895,1,233227-1-1-102,
WA007,310726,WA003,101,3007S-3025S-9999A-9999C-9999CS-9999E,30,1022510155,300966897,1,233227-1-1-102,
WA007,310726,WA003,101,3007S-3025S-9999A-9999C-9999CS-9999E,30,1022510155,300966898,1,233227-1-1-102,
WA007,310726,WA003,101,3007S-3025S-9999A-9999C-9999CS-9999E,30,1022510155,300966899,1,233227-1-1-102,
WA007,310726,WA003,101,3007S-3025S-9999A-9999C-9999CS-9999E,30,1022510155,300966900,1,233227-1-1-102,
WA007,310726,WA003,101,3007S-3025S-9999A-9999C-9999CS-9999E,30,1022510155,300966959,1,233227-1-1-102,
WA007,310726,WA003,101,3007S-3025S-9999A-9999C-9999CS-9999E,30,1022510155,300966960,1,233227-1-1-102,
WA007,310726,WA003,101,3007S-3025S-9999A-9999C-9999CS-9999E,30,1022510155,300966961,1,233227-1-1-102,
WA007,310726,WA003,101,3007S-3025S-9999A-9999C-9999CS-9999E,30,1022510157,300967043,1,233227-1-1-102,
WA007,310726,WA003,101,3007S-3025S-9999A-9999C-9999CS-9999E,30,1022510157,300967044,1,233227-1-1-102,
WA007,310726,WA003,101,3007S-3025S-9999A-9999C-9999CS-9999E,30,1022510157,300967045,1,233227-1-1-102,
WA007,310726,WA003,101,3007S-3025S-9999A-9999C-9999CS-9999E,30,1022510157,300967046,1,233227-1-1-102,
WA007,310726,WA003,101,3007S-3025S-9999A-9999C-9999CS-9999E,30,1022510157,300967047,1,233227-1-1-102,
WA007,310726,WA003,101,3007S-3025S-9999A-9999C-9999CS-9999E,30,1022510157,300967049,1,233227-1-1-102,
WA007,310726,WA003,101,3007S-3025S-9999A-9999C-9999CS-9999E,30,1022510157,300967051,1,233227-1-1-102,
WA007,310726,WA003,101,3007S-3025S-9999A-9999C-9999CS-9999E,30,1022510157,300967052,1,233227-1-1-102,
WA007,310726,WA003,101,3007S-3025S-9999A-9999C-9999CS-9999E,23,1022510853,300977217,1,233227-1-1-102,
WA007,310726,WA003,101,3007S-3025S-9999A-9999C-9999CS-9999E,23,1022510853,300977219,1,233227-1-1-102,
WA007,310726,WA003,101,3007S-3025S-9999A-9999C-9999CS-9999E,23,1022510853,300977220,1,233227-1-1-102,
WA007,310726,WA003,101,3007S-3025S-9999A-9999C-9999CS-9999E,23,1022510853,300977221,1,233227-1-1-102,
WA007,310726,WA003,101,3007S-3025S-9999A-9999C-9999CS-9999E,23,1022510853,300977249,1,233227-1-1-102,
WA007,310726,WA003,101,3007S-3025S-9999A-9999C-9999CS-9999E,23,1022510853,300977250,1,233227-1-1-102,
WA007,310726,WA003,101,3007S-3025S-9999A-9999C-9999CS-9999E,23,1022510853,300977251,1,233227-1-1-102,
WA007,310726,WA003,101,3007S-3025S-9999A-9999C-9999CS-9999E,23,1022510853,300977252,1,233227-1-1-102,
WA007,310726,WA003,101,3007S-3025S-9999A-9999C-9999CS-9999E,23,1022510854,300977278,1,233227-1-1-102,
WA007,310726,WA003,101,3007S-3025S-9999A-9999C-9999CS-9999E,23,1022510854,300977287,1,233227-1-1-102,
WA007,310726,WA003,101,3007S-3025S-9999A-9999C-9999CS-9999E,23,1022510854,300977288,1,233227-1-1-102,
WA007,310726,WA003,101,3007S-3025S-9999A-9999C-9999CS-9999E,23,1022510854,300977289,1,233227-1-1-102,
WA007,310726,WA003,101,3007S-3025S-9999A-9999C-9999CS-9999E,23,1022510854,300977290,1,233227-1-1-102,
WA007,310726,WA003,101,3007S-3025S-9999A-9999C-9999CS-9999E,23,1022510854,300977352,1,233227-1-1-102,
WA007,310726,WA003,101,3007S-3025S-9999A-9999C-9999CS-9999E,23,1022510854,300977353,1,233227-1-1-102,
WA007,310726,WA003,101,3007S-3025S-9999A-9999C-9999CS-9999E,23,1022510854,300977354,1,233227-1-1-102,
WA007,310726,WA003,101,3007S-3025S-9999A-9999E,30,1022510151,300966517,1,233227-1-1-102,
WA007,310726,WA003,101,3007S-3025S-9999A-9999E,30,1022510151,300966520,1,233227-1-1-102,
WA007,310726,WA003,101,3007S-3025S-9999A-9999E,30,1022510151,300966539,1,233227-1-1-102,
WA007,310726,WA003,101,3007S-3025S-9999A-9999E,30,1022510151,300966552,1,233227-1-1-102,
WA007,310726,WA003,101,3007S-3025S-9999A-9999E,30,1022510151,300966553,1,233227-1-1-102,
WA007,310726,WA003,101,3007S-3025S-9999A-9999E,30,1022510151,300966568,1,233227-1-1-102,
WA007,310726,WA003,101,3007S-3025S-9999A-9999E,30,1022510151,300966569,1,233227-1-1-102,
WA007,310726,WA003,101,3007S-3025S-9999A-9999E,30,1022510151,300966570,1,233227-1-1-102,
WA007,310726,WA003,101,3015A-3035A-9999A-9999C-9999CS-9999E,28,1022510361,300970772,1,233170-1-1-101,
WA007,310726,WA003,101,3015A-3035A-9999A-9999C-9999CS-9999E,28,1022510361,300970773,1,233170-1-1-101,
WA007,310726,WA003,101,3015A-3035A-9999A-9999C-9999CS-9999E,28,1022510361,300970774,1,233170-1-1-101,
WA007,310726,WA003,101,3015A-3035A-9999A-9999C-9999CS-9999E,28,1022510361,300970775,1,233170-1-1-101,
WA007,310726,WA003,101,3015A-3035A-9999A-9999C-9999CS-9999E,28,1022510361,300970784,1,233170-1-1-101,
WA007,310726,WA003,101,3015A-3035A-9999A-9999C-9999CS-9999E,28,1022510361,300970785,1,233170-1-1-101,
WA007,310726,WA003,101,3015A-3035A-9999A-9999C-9999CS-9999E,28,1022510361,300970846,1,233170-1-1-101,
WA007,310726,WA003,101,3015A-3035A-9999A-9999C-9999CS-9999E,28,1022510361,300970847,1,233170-1-1-101,
WA007,310726,WA003,101,3015A-3035A-9999A-9999C-9999CS-9999E,28,1022510363,300970888,1,233262-1-1-101,
WA007,310726,WA003,101,3015A-3035A-9999A-9999C-9999CS-9999E,28,1022510363,300970889,1,233262-1-1-101,
WA007,310726,WA003,101,3015A-3035A-9999A-9999C-9999CS-9999E,28,1022510363,300970904,1,233262-1-1-101,
WA007,310726,WA003,101,3015A-3035A-9999A-9999C-9999CS-9999E,28,1022510363,300970908,1,233262-1-1-101,
WA007,310726,WA003,101,3015A-3035A-9999A-9999C-9999CS-9999E,28,1022510363,300970937,1,233262-1-1-101,
WA007,310726,WA003,101,3015A-3035A-9999A-9999C-9999CS-9999E,28,1022510363,300970938,1,233262-1-1-101,
WA007,310726,WA003,101,3015A-3035A-9999A-9999C-9999CS-9999E,28,1022510363,300970939,1,233262-1-1-101,
WA007,310726,WA003,101,3015A-3035A-9999A-9999C-9999CS-9999E,28,1022510363,300970941,1,233262-1-1-101,
WA007,310726,WA003,101,3015A-3035A-9999A-9999E,28,1022510364,300970972,1,233262-1-1-101,
WA007,310726,WA003,101,3015A-3035A-9999A-9999E,28,1022510364,300971016,1,233262-1-1-101,
WA007,310726,WA003,101,3025S-3033A-3035A-9999A-9999C-9999CS-9999E,63,1022506861,300921797,1,233170-1-1-101,
WA007,310726,WA003,101,3025S-3033A-3035A-9999A-9999C-9999CS-9999E,63,1022506861,300921885,1,233170-1-1-101,
WA007,310726,WA003,101,3025S-3033A-3035A-9999A-9999C-9999CS-9999E,63,1022506861,300921898,1,233170-1-1-101,
WA007,310726,WA003,101,3025S-3033A-3035A-9999A-9999C-9999CS-9999E,63,1022506861,300921899,1,233170-1-1-101,
WA007,310726,WA003,101,3025S-3033A-3035A-9999A-9999C-9999CS-9999E,63,1022506861,300921927,1,233170-1-1-101,
WA007,310726,WA003,101,3025S-3033A-3035A-9999A-9999C-9999CS-9999E,63,1022506861,300921928,1,233170-1-1-101,
WA007,310726,WA003,101,3025S-3033A-3035A-9999A-9999C-9999CS-9999E,63,1022506861,300921929,1,233170-1-1-101,
WA007,310726,WA003,101,3025S-3033A-3035A-9999A-9999C-9999CS-9999E,63,1022506861,300921933,1,233170-1-1-101,
WA007,310726,WA003,101,3025S-3033A-3035A-9999A-9999C-9999CS-9999E,63,1022506862,300921947,1,233170-1-1-101,
WA007,310726,WA003,101,3025S-3033A-3035A-9999A-9999C-9999CS-9999E,63,1022506862,300921949,1,233170-1-1-101,
WA007,310726,WA003,101,3025S-3033A-3035A-9999A-9999C-9999CS-9999E,63,1022506862,300921975,1,233170-1-1-101,
WA007,310726,WA003,101,3025S-3033A-3035A-9999A-9999C-9999CS-9999E,63,1022506862,300921976,1,233170-1-1-101,
WA007,310726,WA003,101,3025S-3033A-3035A-9999A-9999C-9999CS-9999E,63,1022506862,300921977,1,233170-1-1-101,
WA007,310726,WA003,101,3025S-3033A-3035A-9999A-9999C-9999CS-9999E,63,1022506862,300922004,1,233170-1-1-101,
WA007,310726,WA003,101,3025S-3033A-3035A-9999A-9999C-9999CS-9999E,63,1022506862,300922005,1,233170-1-1-101,
WA007,310726,WA003,101,3025S-3033A-3035A-9999A-9999C-9999CS-9999E,63,1022506862,300922006,1,233170-1-1-101,
WA007,310726,WA003,101,3025S-3033A-3035A-9999A-9999C-9999CS-9999E,46,1022508563,300946193,0,232800-1-3-109,
WA007,310726,WA003,101,3025S-3033A-3035A-9999A-9999C-9999CS-9999E,42,1022508964,300951120,1,233032-1-1-101,
WA007,310726,WA003,101,3025S-3033A-3035A-9999A-9999C-9999CS-9999E,42,1022508964,300951123,1,233032-1-1-101,
WA007,310726,WA003,101,3025S-3033A-3035A-9999A-9999C-9999CS-9999E,42,1022508964,300951131,1,233032-1-1-101,
WA007,310726,WA003,101,3025S-3033A-3035A-9999A-9999C-9999CS-9999E,42,1022508964,300951141,1,233032-1-1-101,
WA007,310726,WA003,101,3025S-3033A-3035A-9999A-9999C-9999CS-9999E,42,1022508964,300951142,1,233032-1-1-101,
WA007,310726,WA003,101,3025S-3033A-3035A-9999A-9999C-9999CS-9999E,42,1022508964,300951143,1,233032-1-1-101,
WA007,310726,WA003,101,3025S-3033A-3035A-9999A-9999C-9999CS-9999E,42,1022508964,300951146,1,233032-1-1-101,
WA007,310726,WA003,101,3025S-3033A-3035A-9999A-9999C-9999CS-9999E,42,1022508964,300951147,1,233032-1-1-101,
WA007,310726,WA003,101,3025S-3033A-3035A-9999A-9999C-9999CS-9999E,39,1022509252,300954147,1,233032-1-1-101,
WA007,310726,WA003,101,3025S-3033A-3035A-9999A-9999C-9999CS-9999E,39,1022509252,300954185,1,233032-1-1-101,
WA007,310726,WA003,101,3025S-3033A-3035A-9999A-9999C-9999CS-9999E,39,1022509252,300954186,1,233032-1-1-101,
WA007,310726,WA003,101,3025S-3033A-3035A-9999A-9999C-9999CS-9999E,39,1022509252,300954187,1,233032-1-1-101,
WA007,310726,WA003,101,3025S-3033A-3035A-9999A-9999C-9999CS-9999E,39,1022509252,300954505,1,233032-1-1-101,
WA007,310726,WA003,101,3025S-3033A-3035A-9999A-9999C-9999CS-9999E,39,1022509252,300954506,1,233032-1-1-101,
WA007,310726,WA003,101,3025S-3033A-3035A-9999A-9999C-9999CS-9999E,39,1022509252,300954507,1,233032-1-1-101,
WA007,310726,WA003,101,3025S-3033A-3035A-9999A-9999C-9999CS-9999E,39,1022509252,300954657,1,233032-1-1-101,
WA007,310726,WA003,101,3025S-3033A-3035A-9999A-9999C-9999CS-9999E,36,1022509563,300959890,1,233032-1-1-101,
WA007,310726,WA003,101,3025S-3033A-3035A-9999A-9999C-9999CS-9999E,36,1022509563,300959891,1,233032-1-1-101,
WA007,310726,WA003,101,3025S-3033A-3035A-9999A-9999C-9999CS-9999E,36,1022509563,300959892,1,233032-1-1-101,
WA007,310726,WA003,101,3025S-3033A-3035A-9999A-9999C-9999CS-9999E,36,1022509563,300959950,1,233032-1-1-101,
WA007,310726,WA003,101,3025S-3033A-3035A-9999A-9999C-9999CS-9999E,36,1022509563,300959951,1,233032-1-1-101,
WA007,310726,WA003,101,3025S-3033A-3035A-9999A-9999C-9999CS-9999E,36,1022509563,300959952,1,233032-1-1-101,
WA007,310726,WA003,101,3025S-3033A-3035A-9999A-9999C-9999CS-9999E,36,1022509563,300959953,1,233032-1-1-101,
WA007,310726,WA003,101,3025S-3033A-3035A-9999A-9999C-9999CS-9999E,36,1022509563,300959967,1,233032-1-1-101,
WA007,310726,WA003,101,3025S-3033A-3035A-9999A-9999C-9999CS-9999E,36,1022509564,300959968,1,233032-1-1-101,
WA007,310726,WA003,101,3025S-3033A-3035A-9999A-9999C-9999CS-9999E,36,1022509564,300959969,1,233032-1-1-101,
WA007,310726,WA003,101,3025S-3033A-3035A-9999A-9999C-9999CS-9999E,36,1022509564,300959970,1,233032-1-1-101,
WA007,310726,WA003,101,3025S-3033A-3035A-9999A-9999C-9999CS-9999E,36,1022509564,300960031,1,233032-1-1-101,
WA007,310726,WA003,101,3025S-3033A-3035A-9999A-9999C-9999CS-9999E,36,1022509564,300960032,1,233032-1-1-101,
WA007,310726,WA003,101,3025S-3033A-3035A-9999A-9999C-9999CS-9999E,36,1022509564,300960033,1,233032-1-1-101,
WA007,310726,WA003,101,3025S-3033A-3035A-9999A-9999C-9999CS-9999E,36,1022509564,300960034,1,233032-1-1-101,
WA007,310726,WA003,101,3025S-3033A-3035A-9999A-9999C-9999CS-9999E,36,1022509564,300960035,1,233032-1-1-101,
WA007,310726,WA003,101,3025S-3033A-3035A-9999A-9999C-9999CS-9999E,28,1022510358,300970371,1,233170-1-1-101,
WA007,310726,WA003,101,3025S-3033A-3035A-9999A-9999C-9999CS-9999E,28,1022510358,300970373,1,233170-1-1-101,
WA007,310726,WA003,101,3025S-3033A-3035A-9999A-9999C-9999CS-9999E,28,1022510358,300970374,1,233170-1-1-101,
WA007,310726,WA003,101,3025S-3033A-3035A-9999A-9999C-9999CS-9999E,28,1022510358,300970398,1,233170-1-1-101,
WA007,310726,WA003,101,3025S-3033A-3035A-9999A-9999C-9999CS-9999E,28,1022510358,300970399,1,233170-1-1-101,
WA007,310726,WA003,101,3025S-3033A-3035A-9999A-9999C-9999CS-9999E,28,1022510358,300970400,1,233170-1-1-101,
WA007,310726,WA003,101,3025S-3033A-3035A-9999A-9999C-9999CS-9999E,28,1022510358,300970497,1,233170-1-1-101,
WA007,310726,WA003,101,3025S-3033A-3035A-9999A-9999C-9999CS-9999E,28,1022510358,300970498,1,233170-1-1-101,
WA007,310726,WA003,101,3025S-3033A-3035A-9999A-9999C-9999CS-9999E,28,1022510359,300970499,1,233170-1-1-101,
WA007,310726,WA003,101,3025S-3033A-3035A-9999A-9999C-9999CS-9999E,28,1022510359,300970500,1,233170-1-1-101,
WA007,310726,WA003,101,3025S-3033A-3035A-9999A-9999C-9999CS-9999E,28,1022510359,300970501,1,233170-1-1-101,
WA007,310726,WA003,101,3025S-3033A-3035A-9999A-9999C-9999CS-9999E,28,1022510359,300970503,1,233170-1-1-101,
WA007,310726,WA003,101,3025S-3033A-3035A-9999A-9999C-9999CS-9999E,28,1022510359,300970525,1,233170-1-1-101,
WA007,310726,WA003,101,3025S-3033A-3035A-9999A-9999C-9999CS-9999E,28,1022510359,300970526,1,233170-1-1-101,
WA007,310726,WA003,101,3025S-3033A-3035A-9999A-9999C-9999CS-9999E,28,1022510359,300970573,1,233170-1-1-101,
WA007,310726,WA003,101,3025S-3033A-3035A-9999A-9999C-9999CS-9999E,28,1022510359,300970575,1,233170-1-1-101,
WA007,310726,WA003,101,3025S-3033A-3035A-9999A-9999C-9999CS-9999E,26,1022510561,300973166,1,233262-1-1-101,
WA007,310726,WA003,101,3025S-3033A-3035A-9999A-9999C-9999CS-9999E,26,1022510561,300973167,1,233262-1-1-101,
WA007,310726,WA003,101,3025S-3033A-3035A-9999A-9999C-9999CS-9999E,26,1022510561,300973168,1,233262-1-1-101,
WA007,310726,WA003,101,3025S-3033A-3035A-9999A-9999C-9999CS-9999E,26,1022510561,300973172,1,233262-1-1-101,
WA007,310726,WA003,101,3025S-3033A-3035A-9999A-9999C-9999CS-9999E,26,1022510561,300973173,1,233262-1-1-101,
WA007,310726,WA003,101,3025S-3033A-3035A-9999A-9999C-9999CS-9999E,26,1022510561,300973187,1,233262-1-1-101,
WA007,310726,WA003,101,3025S-3033A-3035A-9999A-9999C-9999CS-9999E,26,1022510561,300973188,1,233262-1-1-101,
WA007,310726,WA003,101,3025S-3033A-3035A-9999A-9999C-9999CS-9999E,26,1022510561,300973192,1,233262-1-1-101,
WA007,310726,WA003,101,3025S-3033A-3035A-9999A-9999C-9999CS-9999E,26,1022510562,300973193,1,233262-1-1-101,
WA007,310726,WA003,101,3025S-3033A-3035A-9999A-9999C-9999CS-9999E,26,1022510562,300973199,1,233262-1-1-101,
WA007,310726,WA003,101,3025S-3033A-3035A-9999A-9999C-9999CS-9999E,26,1022510562,300973221,1,233262-1-1-101,
WA007,310726,WA003,101,3025S-3033A-3035A-9999A-9999C-9999CS-9999E,26,1022510562,300973222,1,233262-1-1-101,
WA007,310726,WA003,101,3025S-3033A-3035A-9999A-9999C-9999CS-9999E,26,1022510562,300973223,1,233262-1-1-101,
WA007,310726,WA003,101,3025S-3033A-3035A-9999A-9999C-9999CS-9999E,26,1022510562,300973269,1,233262-1-1-101,
WA007,310726,WA003,101,3025S-3033A-3035A-9999A-9999C-9999CS-9999E,26,1022510562,300973275,1,233262-1-1-101,
WA007,310726,WA003,101,3025S-3033A-3035A-9999A-9999C-9999CS-9999E,26,1022510562,300973276,1,233262-1-1-101,
WA007,310726,WA003,101,3025S-3033A-3035A-9999A-9999C-9999CS-9999E,22,1022510963,300979252,1,233244-1-1-102,
WA007,310726,WA003,101,3025S-3033A-3035A-9999A-9999C-9999CS-9999E,22,1022510963,300979253,1,233244-1-1-102,
WA007,310726,WA003,101,3025S-3033A-3035A-9999A-9999C-9999CS-9999E,22,1022510963,300979254,1,233244-1-1-102,
WA007,310726,WA003,101,3025S-3033A-3035A-9999A-9999C-9999CS-9999E,22,1022510963,300979255,1,233244-1-1-102,
WA007,310726,WA003,101,3025S-3033A-3035A-9999A-9999C-9999CS-9999E,22,1022510963,300979256,1,233244-1-1-102,
WA007,310726,WA003,101,3025S-3033A-3035A-9999A-9999C-9999CS-9999E,22,1022510963,300979257,1,233244-1-1-102,
WA007,310726,WA003,101,3025S-3033A-3035A-9999A-9999C-9999CS-9999E,22,1022510963,300979258,1,233244-1-1-102,
WA007,310726,WA003,101,3025S-3033A-3035A-9999A-9999C-9999CS-9999E,22,1022510963,300979261,1,233244-1-1-102,
WA007,310726,WA003,101,3025S-3033A-3035A-9999A-9999E,25,1022510664,300974888,1,233244-1-1-102,
WA007,310726,WA003,101,3025S-3033A-3035A-9999A-9999E,25,1022510664,300974889,1,233244-1-1-102,
WA007,310726,WA003,101,3025S-3033A-3035A-9999A-9999E,25,1022510664,300974890,1,233244-1-1-102,
WA007,310726,WA003,101,3025S-3033A-3035A-9999A-9999E,25,1022510664,300974903,1,233244-1-1-102,
WA007,310726,WA003,101,3025S-3033A-3035A-9999A-9999E,25,1022510664,300974905,1,233244-1-1-102,
WA007,310726,WA003,101,3025S-3033A-9999A-9999C-9999CS-9999E,56,1022507564,300933266,0,233077-1-1-101,
WA007,310726,WA003,101,3025S-3033A-9999A-9999C-9999CS-9999E,42,1022508952,300949993,0,"",
WA007,310726,WA003,101,3025S-3033A-9999A-9999C-9999CS-9999E,42,1022508952,300949994,1,232948-1-1-102,
WA007,310726,WA003,101,3025S-3033A-9999A-9999C-9999CS-9999E,42,1022508952,300949995,1,232948-1-1-102,
WA007,310726,WA003,101,3025S-3033A-9999A-9999C-9999CS-9999E,42,1022508952,300949996,1,232948-1-1-102,
WA007,310726,WA003,101,3025S-3033A-9999A-9999C-9999CS-9999E,42,1022508952,300949997,1,232948-1-1-102,
WA007,310726,WA003,101,3025S-3033A-9999A-9999C-9999CS-9999E,42,1022508952,300949998,1,232948-1-1-102,
WA007,310726,WA003,101,3025S-3033A-9999A-9999C-9999CS-9999E,42,1022508952,300949999,1,232948-1-1-102,
WA007,310726,WA003,101,3025S-3033A-9999A-9999C-9999CS-9999E,42,1022508952,300950001,1,232948-1-1-102,
WA007,310726,WA003,101,3025S-3033A-9999A-9999C-9999CS-9999E,42,1022508959,300950682,1,233032-1-1-101,
WA007,310726,WA003,101,3025S-3033A-9999A-9999C-9999CS-9999E,42,1022508959,300950683,1,233032-1-1-101,
WA007,310726,WA003,101,3025S-3033A-9999A-9999C-9999CS-9999E,42,1022508959,300950684,1,233032-1-1-101,
WA007,310726,WA003,101,3025S-3033A-9999A-9999C-9999CS-9999E,35,1022509664,300961818,1,232948-1-1-102,
WA007,310726,WA003,101,3025S-3033A-9999A-9999C-9999CS-9999E,35,1022509664,300961829,1,232948-1-1-102,
WA007,310726,WA003,101,3025S-3033A-9999A-9999C-9999CS-9999E,35,1022509664,300961831,1,232948-1-1-102,
WA007,310726,WA003,101,3025S-3033A-9999A-9999C-9999CS-9999E,23,1022510852,300977100,1,233244-1-1-102,
WA007,310726,WA003,101,3025S-3033A-9999A-9999C-9999CS-9999E,23,1022510852,300977101,1,233244-1-1-102,
WA007,310726,WA003,101,3025S-3033A-9999A-9999C-9999CS-9999E,23,1022510852,300977102,1,233244-1-1-102,
WA007,310726,WA003,101,3025S-3033A-9999A-9999C-9999CS-9999E,23,1022510852,300977105,1,233244-1-1-102,
WA007,310726,WA003,101,3025S-3033A-9999A-9999C-9999CS-9999E,23,1022510852,300977116,1,233244-1-1-102,
WA007,310726,WA003,101,3025S-3033A-9999A-9999C-9999CS-9999E,23,1022510852,300977117,1,233244-1-1-102,
WA007,310726,WA003,101,3025S-3033A-9999A-9999C-9999CS-9999E,23,1022510852,300977133,1,233244-1-1-102,
WA007,310726,WA003,101,3025S-3033A-9999A-9999C-9999CS-9999E,23,1022510852,300977152,1,233244-1-1-102,
WA007,310726,WA003,101,3025S-3033A-9999A-9999C-9999CS-9999E,14,1022511759,300990198,1,233211-1-1-101,
WA007,310726,WA003,101,3025S-3033A-9999A-9999C-9999CS-9999E,14,1022511759,300990200,1,233211-1-1-101,
WA007,310726,WA003,101,3025S-3033A-9999A-9999C-9999CS-9999E,14,1022511759,300990202,1,233211-1-1-101,
WA007,310726,WA003,101,3025S-3033A-9999A-9999C-9999CS-9999E,14,1022511759,300990246,1,233211-1-1-101,
WA007,310726,WA003,101,3025S-3033A-9999A-9999C-9999CS-9999E,14,1022511759,300990247,1,233211-1-1-101,
WA007,310726,WA003,101,3025S-3033A-9999A-9999C-9999CS-9999E,14,1022511759,300990248,1,233211-1-1-101,
WA007,310726,WA003,101,3025S-3033A-9999A-9999C-9999CS-9999E,14,1022511759,300990249,1,233211-1-1-101,
WA007,310726,WA003,101,3025S-3033A-9999A-9999C-9999CS-9999E,14,1022511759,300990252,1,233211-1-1-101,
WA007,310726,WA003,101,3025S-3033A-9999A-9999E,42,1022508951,300949887,0,"",
WA007,310726,WA003,101,3025S-3033A-9999A-9999E,39,1022509251,300953944,1,233032-1-1-101,
WA007,310726,WA003,101,3025S-3033A-9999A-9999E,39,1022509251,300953946,1,233032-1-1-101,
WA007,310726,WA003,101,3025S-3033A-9999A-9999E,39,1022509251,300953953,1,233032-1-1-101,
WA007,310726,WA003,101,3025S-3033A-9999A-9999E,39,1022509251,300953954,1,233032-1-1-101,
WA007,310726,WA003,101,3025S-3033A-9999A-9999E,39,1022509251,300953955,1,233032-1-1-101,
WA007,310726,WA003,101,3025S-3033A-9999A-9999E,39,1022509251,300953956,1,233032-1-1-101,
WA007,310726,WA003,101,3025S-3033A-9999A-9999E,39,1022509251,300953996,1,233032-1-1-101,
WA007,310726,WA003,101,3025S-3033A-9999A-9999E,39,1022509251,300953997,1,233032-1-1-101,
WA007,310726,WA003,101,3025S-3033A-9999A-9999E,35,1022509665,300961844,1,232948-1-1-102,
WA007,310726,WA003,101,3025S-3033A-9999A-9999E,35,1022509665,300961887,1,232948-1-1-102,
WA007,310726,WA003,101,3025S-3033A-9999A-9999E,35,1022509665,300961928,1,232948-1-1-102,
WA007,310726,WA003,101,3025S-3033A-9999A-9999E,23,1022510851,300976896,1,233244-1-1-102,
WA007,310726,WA003,101,3025S-3033A-9999A-9999E,23,1022510851,300976897,1,233244-1-1-102,
WA007,310726,WA003,101,3025S-3033A-9999A-9999E,23,1022510851,300976899,1,233244-1-1-102,
WA007,310726,WA003,101,3025S-3033A-9999A-9999E,23,1022510851,300976906,1,233244-1-1-102,
WA007,310726,WA003,101,3025S-3033A-9999A-9999E,23,1022510851,300977061,1,233244-1-1-102,
WA007,310726,WA003,101,3025S-3033A-9999A-9999E,23,1022510851,300977062,1,233244-1-1-102,
WA007,310726,WA003,101,3025S-3033A-9999A-9999E,23,1022510851,300977063,0,233244-1-1-102,
WA007,310726,WA003,101,3025S-3033A-9999A-9999E,12,1022511951,300992166,1,"",
WA007,310726,WA003,101,3025S-3033A-9999A-9999E,12,1022511951,300992167,1,"",
WA007,310726,WA003,101,3025S-3033A-9999A-9999E,12,1022511951,300992172,1,"",
WA007,310726,WA003,101,3025S-3033A-9999A-9999E,12,1022511951,300992173,1,"",
WA007,310726,WA003,101,3025S-3033A-9999A-9999E,12,1022511951,300992175,1,"",
WA007,310726,WA003,101,3025S-3033A-9999A-9999E,12,1022511951,300992192,1,"",
WA007,310726,WA003,101,3025S-3033A-9999A-9999E,12,1022511951,300992193,1,"",
WA007,310726,WA003,101,3025S-3033A-9999A-9999E,12,1022511951,300992194,1,"",
WA007,310726,WA003,101,3025S-3033A-9999A-9999E,9,1022512264,300997469,1,"",
WA007,310726,WA003,101,3025S-3033A-9999A-9999E,9,1022512264,300997475,1,"",
WA007,310726,WA003,101,3025S-3033A-9999A-9999E,9,1022512264,300997476,1,"",
WA007,310726,WA003,101,3025S-3033A-9999A-9999E,9,1022512264,300997504,1,"",
WA007,310726,WA003,101,3025S-3033A-9999A-9999E,9,1022512264,300997539,0,"",
WA007,310726,WA003,101,3025S-3035A-9999A-9999C-9999CS-9999E,45,1022508666,300947785,0,233188-1-1-102,
WA007,310726,WA003,101,3025S-3035A-9999A-9999C-9999CS-9999E,41,1022509062,300952536,1,233032-1-1-101,
WA007,310726,WA003,101,3025S-3035A-9999A-9999C-9999CS-9999E,41,1022509062,300952601,1,233032-1-1-101,
WA007,310726,WA003,101,3025S-3035A-9999A-9999C-9999CS-9999E,41,1022509062,300952607,1,233032-1-1-101,
WA007,310726,WA003,101,3025S-3035A-9999A-9999C-9999CS-9999E,41,1022509062,300952608,1,233032-1-1-101,
WA007,310726,WA003,101,3025S-3035A-9999A-9999C-9999CS-9999E,41,1022509062,300952615,1,233032-1-1-101,
WA007,310726,WA003,101,3025S-3035A-9999A-9999C-9999CS-9999E,41,1022509062,300952616,1,233032-1-1-101,
WA007,310726,WA003,101,3025S-3035A-9999A-9999C-9999CS-9999E,41,1022509062,300952622,1,233032-1-1-101,
WA007,310726,WA003,101,3025S-3035A-9999A-9999C-9999CS-9999E,41,1022509062,300952664,1,233032-1-1-101,
WA007,310726,WA003,101,3025S-3035A-9999A-9999C-9999CS-9999E,41,1022509063,300952665,1,233032-1-1-101,
WA007,310726,WA003,101,3025S-3035A-9999A-9999C-9999CS-9999E,41,1022509063,300952666,1,233032-1-1-101,
WA007,310726,WA003,101,3025S-3035A-9999A-9999C-9999CS-9999E,41,1022509063,300952679,1,233032-1-1-101,
WA007,310726,WA003,101,3025S-3035A-9999A-9999C-9999CS-9999E,41,1022509063,300952680,1,233032-1-1-101,
WA007,310726,WA003,101,3025S-3035A-9999A-9999C-9999CS-9999E,41,1022509063,300952690,1,233032-1-1-101,
WA007,310726,WA003,101,3025S-3035A-9999A-9999C-9999CS-9999E,41,1022509063,300952700,1,233032-1-1-101,
WA007,310726,WA003,101,3025S-3035A-9999A-9999C-9999CS-9999E,41,1022509063,300952702,1,233032-1-1-101,
WA007,310726,WA003,101,3025S-3035A-9999A-9999C-9999CS-9999E,41,1022509063,300952707,1,233032-1-1-101,
WA007,310726,WA003,101,3025S-3035A-9999A-9999C-9999CS-9999E,36,1022509565,300960062,1,233032-1-1-101,
WA007,310726,WA003,101,3025S-3035A-9999A-9999C-9999CS-9999E,36,1022509565,300960063,1,233032-1-1-101,
WA007,310726,WA003,101,3025S-3035A-9999A-9999C-9999CS-9999E,36,1022509565,300960064,1,233032-1-1-101,
WA007,310726,WA003,101,3025S-3035A-9999A-9999C-9999CS-9999E,36,1022509565,300970910,0,233183-1-1-104,
WA007,310726,WA003,101,3025S-3035A-9999A-9999C-9999CS-9999E,29,1022510260,300968949,1,233183-1-1-106,
WA007,310726,WA003,101,3025S-3035A-9999A-9999C-9999CS-9999E,29,1022510260,300968950,1,233183-1-1-106,
WA007,310726,WA003,101,3025S-3035A-9999A-9999C-9999CS-9999E,29,1022510260,300968951,1,233183-1-1-106,
WA007,310726,WA003,101,3025S-3035A-9999A-9999C-9999CS-9999E,29,1022510260,300968952,1,233183-1-1-106,
WA007,310726,WA003,101,3025S-3035A-9999A-9999C-9999CS-9999E,29,1022510260,300968958,1,233183-1-1-106,
WA007,310726,WA003,101,3025S-3035A-9999A-9999C-9999CS-9999E,29,1022510260,300968959,1,233183-1-1-106,
WA007,310726,WA003,101,3025S-3035A-9999A-9999C-9999CS-9999E,29,1022510260,300968972,1,233183-1-1-106,
WA007,310726,WA003,101,3025S-3035A-9999A-9999C-9999CS-9999E,29,1022510260,300968973,1,233183-1-1-106,
WA007,310726,WA003,101,3025S-3035A-9999A-9999C-9999CS-9999E,29,1022510261,300969007,1,233183-1-1-106,
WA007,310726,WA003,101,3025S-3035A-9999A-9999C-9999CS-9999E,29,1022510261,300969008,1,233183-1-1-106,
WA007,310726,WA003,101,3025S-3035A-9999A-9999C-9999CS-9999E,29,1022510261,300969009,1,233183-1-1-106,
WA007,310726,WA003,101,3025S-3035A-9999A-9999C-9999CS-9999E,29,1022510261,300969010,1,233183-1-1-106,
WA007,310726,WA003,101,3025S-3035A-9999A-9999C-9999CS-9999E,29,1022510261,300969011,1,233183-1-1-106,
WA007,310726,WA003,101,3025S-3035A-9999A-9999C-9999CS-9999E,29,1022510261,300969076,1,233183-1-1-106,
WA007,310726,WA003,101,3025S-3035A-9999A-9999C-9999CS-9999E,29,1022510261,300969078,1,233183-1-1-106,
WA007,310726,WA003,101,3025S-3035A-9999A-9999C-9999CS-9999E,29,1022510261,300969079,1,233183-1-1-106,
WA007,310726,WA003,101,3025S-3035A-9999A-9999C-9999CS-9999E,29,1022510263,300969279,1,233170-1-1-101,
WA007,310726,WA003,101,3025S-3035A-9999A-9999C-9999CS-9999E,29,1022510263,300969281,1,233170-1-1-101,
WA007,310726,WA003,101,3025S-3035A-9999A-9999C-9999CS-9999E,29,1022510263,300969282,1,233170-1-1-101,
WA007,310726,WA003,101,3025S-3035A-9999A-9999C-9999CS-9999E,29,1022510263,300969283,1,233170-1-1-101,
WA007,310726,WA003,101,3025S-3035A-9999A-9999C-9999CS-9999E,29,1022510263,300969284,1,233170-1-1-101,
WA007,310726,WA003,101,3025S-3035A-9999A-9999C-9999CS-9999E,29,1022510263,300969296,1,233170-1-1-101,
WA007,310726,WA003,101,3025S-3035A-9999A-9999C-9999CS-9999E,29,1022510263,300969297,1,233170-1-1-101,
WA007,310726,WA003,101,3025S-3035A-9999A-9999C-9999CS-9999E,29,1022510263,300969323,1,233170-1-1-101,
WA007,310726,WA003,101,3025S-3035A-9999A-9999C-9999CS-9999E,28,1022510360,300970576,1,233170-1-1-101,
WA007,310726,WA003,101,3025S-3035A-9999A-9999C-9999CS-9999E,28,1022510360,300970577,1,233170-1-1-101,
WA007,310726,WA003,101,3025S-3035A-9999A-9999C-9999CS-9999E,28,1022510360,300970578,1,233170-1-1-101,
WA007,310726,WA003,101,3025S-3035A-9999A-9999C-9999CS-9999E,28,1022510360,300970699,1,233170-1-1-101,
WA007,310726,WA003,101,3025S-3035A-9999A-9999C-9999CS-9999E,28,1022510360,300970700,1,233170-1-1-101,
WA007,310726,WA003,101,3025S-3035A-9999A-9999C-9999CS-9999E,28,1022510360,300970701,1,233170-1-1-101,
WA007,310726,WA003,101,3025S-3035A-9999A-9999C-9999CS-9999E,28,1022510360,300970707,1,233170-1-1-101,
WA007,310726,WA003,101,3025S-3035A-9999A-9999C-9999CS-9999E,28,1022510360,300970708,1,233170-1-1-101,
WA007,310726,WA003,101,3025S-3035A-9999A-9999C-9999CS-9999E,27,1022510462,300972076,1,233262-1-1-101,
WA007,310726,WA003,101,3025S-3035A-9999A-9999C-9999CS-9999E,27,1022510462,300972078,1,233262-1-1-101,
WA007,310726,WA003,101,3025S-3035A-9999A-9999C-9999CS-9999E,27,1022510462,300972082,1,233262-1-1-101,
WA007,310726,WA003,101,3025S-3035A-9999A-9999C-9999CS-9999E,27,1022510462,300972120,1,233262-1-1-101,
WA007,310726,WA003,101,3025S-3035A-9999A-9999C-9999CS-9999E,27,1022510462,300972121,1,233262-1-1-101,
WA007,310726,WA003,101,3025S-3035A-9999A-9999C-9999CS-9999E,27,1022510462,300972122,1,233262-1-1-101,
WA007,310726,WA003,101,3025S-3035A-9999A-9999C-9999CS-9999E,27,1022510462,300972123,1,233262-1-1-101,
WA007,310726,WA003,101,3025S-3035A-9999A-9999C-9999CS-9999E,27,1022510462,300972133,1,233262-1-1-101,
WA007,310726,WA003,101,3025S-3035A-9999A-9999C-9999CS-9999E,26,1022510563,300973278,1,233262-1-1-101,
WA007,310726,WA003,101,3025S-3035A-9999A-9999C-9999CS-9999E,26,1022510563,300973279,1,233262-1-1-101,
WA007,310726,WA003,101,3025S-3035A-9999A-9999C-9999CS-9999E,26,1022510563,300973288,1,233262-1-1-101,
WA007,310726,WA003,101,3025S-3035A-9999A-9999C-9999CS-9999E,26,1022510563,300973289,1,233262-1-1-101,
WA007,310726,WA003,101,3025S-3035A-9999A-9999C-9999CS-9999E,26,1022510563,300973299,1,233262-1-1-101,
WA007,310726,WA003,101,3025S-3035A-9999A-9999C-9999CS-9999E,26,1022510563,300973300,1,233262-1-1-101,
WA007,310726,WA003,101,3025S-3035A-9999A-9999C-9999CS-9999E,26,1022510563,300973301,1,233262-1-1-101,
WA007,310726,WA003,101,3025S-3035A-9999A-9999C-9999CS-9999E,26,1022510563,300973309,1,233262-1-1-101,
WA007,310726,WA003,101,3025S-3035A-9999A-9999C-9999CS-9999E,25,1022510662,300974784,1,233244-1-1-102,
WA007,310726,WA003,101,3025S-3035A-9999A-9999C-9999CS-9999E,25,1022510662,300974785,1,233244-1-1-102,
WA007,310726,WA003,101,3025S-3035A-9999A-9999C-9999CS-9999E,25,1022510662,300974786,1,233244-1-1-102,
WA007,310726,WA003,101,3025S-3035A-9999A-9999C-9999CS-9999E,25,1022510662,300974787,1,233244-1-1-102,
WA007,310726,WA003,101,3025S-3035A-9999A-9999C-9999CS-9999E,25,1022510662,300974788,1,233244-1-1-102,
WA007,310726,WA003,101,3025S-3035A-9999A-9999C-9999CS-9999E,25,1022510662,300974789,1,233244-1-1-102,
WA007,310726,WA003,101,3025S-3035A-9999A-9999C-9999CS-9999E,25,1022510662,300974819,1,233244-1-1-102,
WA007,310726,WA003,101,3025S-3035A-9999A-9999C-9999CS-9999E,25,1022510662,300974820,1,233244-1-1-102,
WA007,310726,WA003,101,3025S-3035A-9999A-9999C-9999CS-9999E,25,1022510663,300974852,1,233244-1-1-102,
WA007,310726,WA003,101,3025S-3035A-9999A-9999C-9999CS-9999E,25,1022510663,300974854,1,233244-1-1-102,
WA007,310726,WA003,101,3025S-3035A-9999A-9999C-9999CS-9999E,25,1022510663,300974856,1,233244-1-1-102,
WA007,310726,WA003,101,3025S-3035A-9999A-9999C-9999CS-9999E,25,1022510663,300974858,1,233244-1-1-102,
WA007,310726,WA003,101,3025S-3035A-9999A-9999C-9999CS-9999E,25,1022510663,300974860,1,233244-1-1-102,
WA007,310726,WA003,101,3025S-3035A-9999A-9999C-9999CS-9999E,25,1022510663,300974875,1,233244-1-1-102,
WA007,310726,WA003,101,3025S-3035A-9999A-9999C-9999CS-9999E,25,1022510663,300974876,1,233244-1-1-102,
WA007,310726,WA003,101,3025S-3035A-9999A-9999C-9999CS-9999E,25,1022510663,300974882,1,233244-1-1-102,
WA007,310726,WA003,101,3025S-3035A-9999A-9999C-9999CS-9999E,22,1022510964,300979364,1,233244-1-1-102,
WA007,310726,WA003,101,3025S-3035A-9999A-9999C-9999CS-9999E,22,1022510964,300979365,1,233244-1-1-102,
WA007,310726,WA003,101,3025S-3035A-9999A-9999C-9999CS-9999E,22,1022510964,300979369,1,233244-1-1-102,
WA007,310726,WA003,101,3025S-3035A-9999A-9999C-9999CS-9999E,22,1022510964,300979370,1,233244-1-1-102,
WA007,310726,WA003,101,3025S-3035A-9999A-9999C-9999CS-9999E,22,1022510964,300979371,1,233244-1-1-102,
WA007,310726,WA003,101,3025S-3035A-9999A-9999C-9999CS-9999E,22,1022510964,300979372,1,233244-1-1-102,
WA007,310726,WA003,101,3025S-3035A-9999A-9999C-9999CS-9999E,22,1022510964,300979373,1,233244-1-1-102,
WA007,310726,WA003,101,3025S-3035A-9999A-9999C-9999CS-9999E,22,1022510964,300979374,1,233244-1-1-102,
WA007,310726,WA003,101,3025S-3035A-9999A-9999E,28,1022510351,300969713,1,233170-1-1-101,
WA007,310726,WA003,101,3025S-3035A-9999A-9999E,28,1022510351,300969714,1,233170-1-1-101,
WA007,310726,WA003,101,3025S-3035A-9999A-9999E,28,1022510351,300969716,1,233170-1-1-101,
WA007,310726,WA003,101,3025S-3035A-9999A-9999E,28,1022510351,300969717,1,233170-1-1-101,
WA007,310726,WA003,101,3025S-3035A-9999A-9999E,28,1022510351,300969718,1,233170-1-1-101,
WA007,310726,WA003,101,3025S-3035A-9999A-9999E,28,1022510351,300969719,1,233170-1-1-101,
WA007,310726,WA003,101,3025S-3035A-9999A-9999E,28,1022510351,300969720,1,233170-1-1-101,
WA007,310726,WA003,101,3025S-3035A-9999A-9999E,28,1022510351,300969721,1,233170-1-1-101,
WA007,310726,WA003,101,3025S-3035A-9999A-9999E,23,1022510860,300977830,1,233244-1-1-102,
WA007,310726,WA003,101,3025S-3035A-9999A-9999E,23,1022510860,300977831,0,233244-1-1-102,
WA007,310726,WA003,101,3025S-3035A-9999A-9999E,22,1022510965,300979392,1,233244-1-1-102,
WA007,310726,WA003,101,3025S-3035A-9999A-9999E,22,1022510965,300979393,1,233244-1-1-102,
WA007,310726,WA003,101,3025S-3035A-9999A-9999E,22,1022510965,300979407,1,233244-1-1-102,
WA007,310726,WA003,101,3025S-3035A-9999A-9999E,22,1022510965,300979408,1,233244-1-1-102,
WA007,310726,WA003,101,3025S-3035A-9999A-9999E,22,1022510965,300979430,1,233244-1-1-102,
WA007,310726,WA003,101,3025S-3035A-9999A-9999E,22,1022510965,300979431,1,233244-1-1-102,
WA007,310726,WA003,101,3025S-3035A-9999A-9999E,22,1022510965,300979432,1,233244-1-1-102,
WA007,310726,WA003,101,3025S-9999A-9999C-9999CS-9999E,39,1022509260,300955227,1,233032-1-1-101,
WA007,310726,WA003,101,3025S-9999A-9999C-9999CS-9999E,39,1022509260,300955228,1,233032-1-1-101,
WA007,310726,WA003,101,3025S-9999A-9999C-9999CS-9999E,39,1022509260,300955241,1,233032-1-1-101,
WA007,310726,WA003,101,3025S-9999A-9999C-9999CS-9999E,39,1022509260,300955242,1,233032-1-1-101,
WA007,310726,WA003,101,3025S-9999A-9999C-9999CS-9999E,39,1022509260,300955297,1,233032-1-1-101,
WA007,310726,WA003,101,3025S-9999A-9999C-9999CS-9999E,39,1022509260,300955298,1,233032-1-1-101,
WA007,310726,WA003,101,3025S-9999A-9999C-9999CS-9999E,39,1022509260,300955299,1,233032-1-1-101,
WA007,310726,WA003,101,3025S-9999A-9999C-9999CS-9999E,39,1022509260,300955300,1,233032-1-1-101,
WA007,310726,WA003,101,3025S-9999A-9999C-9999CS-9999E,38,1022509364,300957070,1,233032-1-1-101,
WA007,310726,WA003,101,3025S-9999A-9999C-9999CS-9999E,38,1022509364,300957084,1,233032-1-1-101,
WA007,310726,WA003,101,3025S-9999A-9999C-9999CS-9999E,38,1022509364,300957085,1,233032-1-1-101,
WA007,310726,WA003,101,3025S-9999A-9999C-9999CS-9999E,38,1022509364,300957103,1,233032-1-1-101,
WA007,310726,WA003,101,3025S-9999A-9999C-9999CS-9999E,38,1022509364,300957104,1,233032-1-1-101,
WA007,310726,WA003,101,3025S-9999A-9999C-9999CS-9999E,38,1022509364,300957105,0,233032-1-1-101,
WA007,310726,WA003,101,3025S-9999A-9999C-9999CS-9999E,37,1022509462,300958237,1,233032-1-1-101,
WA007,310726,WA003,101,3025S-9999A-9999C-9999CS-9999E,37,1022509462,300958238,1,233032-1-1-101,
WA007,310726,WA003,101,3025S-9999A-9999C-9999CS-9999E,37,1022509462,300958239,1,233032-1-1-101,
WA007,310726,WA003,101,3025S-9999A-9999C-9999CS-9999E,37,1022509462,300958240,1,233032-1-1-101,
WA007,310726,WA003,101,3025S-9999A-9999C-9999CS-9999E,37,1022509462,300958255,1,233032-1-1-101,
WA007,310726,WA003,101,3025S-9999A-9999C-9999CS-9999E,37,1022509462,300958256,1,233032-1-1-101,
WA007,310726,WA003,101,3025S-9999A-9999C-9999CS-9999E,37,1022509462,300958328,1,233032-1-1-101,
WA007,310726,WA003,101,3025S-9999A-9999C-9999CS-9999E,37,1022509462,300958331,1,233032-1-1-101,
WA007,310726,WA003,101,3025S-9999A-9999C-9999CS-9999E,37,1022509463,300958335,1,233032-1-1-101,
WA007,310726,WA003,101,3025S-9999A-9999C-9999CS-9999E,37,1022509463,300958355,1,233032-1-1-101,
WA007,310726,WA003,101,3025S-9999A-9999C-9999CS-9999E,37,1022509463,300958356,1,233032-1-1-101,
WA007,310726,WA003,101,3025S-9999A-9999C-9999CS-9999E,37,1022509463,300958357,1,233032-1-1-101,
WA007,310726,WA003,101,3025S-9999A-9999C-9999CS-9999E,37,1022509463,300958369,1,233032-1-1-101,
WA007,310726,WA003,101,3025S-9999A-9999C-9999CS-9999E,37,1022509463,300958370,1,233032-1-1-101,
WA007,310726,WA003,101,3025S-9999A-9999C-9999CS-9999E,37,1022509463,300958388,1,233032-1-1-101,
WA007,310726,WA003,101,3025S-9999A-9999C-9999CS-9999E,37,1022509463,300958390,1,233032-1-1-101,
WA007,310726,WA003,101,3025S-9999A-9999C-9999CS-9999E,37,1022509464,300958393,1,233032-1-1-101,
WA007,310726,WA003,101,3025S-9999A-9999C-9999CS-9999E,37,1022509464,300958394,1,233032-1-1-101,
WA007,310726,WA003,101,3025S-9999A-9999C-9999CS-9999E,37,1022509464,300958395,1,233032-1-1-101,
WA007,310726,WA003,101,3025S-9999A-9999C-9999CS-9999E,37,1022509464,300958412,1,233032-1-1-101,
WA007,310726,WA003,101,3025S-9999A-9999C-9999CS-9999E,37,1022509464,300958413,1,233032-1-1-101,
WA007,310726,WA003,101,3025S-9999A-9999C-9999CS-9999E,37,1022509464,300958421,1,233032-1-1-101,
WA007,310726,WA003,101,3025S-9999A-9999C-9999CS-9999E,37,1022509464,300958436,1,233032-1-1-101,
WA007,310726,WA003,101,3025S-9999A-9999C-9999CS-9999E,37,1022509464,300958437,1,233032-1-1-101,
WA007,310726,WA003,101,3025S-9999A-9999C-9999CS-9999E,30,1022510158,300967059,1,232948-1-1-102,
WA007,310726,WA003,101,3025S-9999A-9999C-9999CS-9999E,30,1022510158,300967060,1,232948-1-1-102,
WA007,310726,WA003,101,3025S-9999A-9999C-9999CS-9999E,30,1022510158,300967061,1,232948-1-1-102,
WA007,310726,WA003,101,3025S-9999A-9999C-9999CS-9999E,30,1022510158,300967062,1,232948-1-1-102,
WA007,310726,WA003,101,3025S-9999A-9999C-9999CS-9999E,30,1022510158,300967063,1,232948-1-1-102,
WA007,310726,WA003,101,3025S-9999A-9999C-9999CS-9999E,30,1022510158,300967163,1,232948-1-1-102,
WA007,310726,WA003,101,3025S-9999A-9999C-9999CS-9999E,30,1022510158,300967164,1,232948-1-1-102,
WA007,310726,WA003,101,3025S-9999A-9999C-9999CS-9999E,23,1022510855,300977355,1,233244-1-1-102,
WA007,310726,WA003,101,3025S-9999A-9999C-9999CS-9999E,23,1022510855,300977356,1,233244-1-1-102,
WA007,310726,WA003,101,3025S-9999A-9999C-9999CS-9999E,23,1022510855,300977374,1,233244-1-1-102,
WA007,310726,WA003,101,3025S-9999A-9999C-9999CS-9999E,23,1022510855,300977376,1,233244-1-1-102,
WA007,310726,WA003,101,3025S-9999A-9999C-9999CS-9999E,23,1022510855,300977377,1,233244-1-1-102,
WA007,310726,WA003,101,3025S-9999A-9999C-9999CS-9999E,23,1022510855,300977378,1,233244-1-1-102,
WA007,310726,WA003,101,3025S-9999A-9999C-9999CS-9999E,23,1022510855,300977401,1,233244-1-1-102,
WA007,310726,WA003,101,3025S-9999A-9999C-9999CS-9999E,23,1022510855,300977402,1,233244-1-1-102,
WA007,310726,WA003,101,3025S-9999A-9999C-9999CS-9999E,23,1022510859,300977734,1,233244-1-1-102,
WA007,310726,WA003,101,3025S-9999A-9999C-9999CS-9999E,23,1022510859,300977735,1,233244-1-1-102,
WA007,310726,WA003,101,3025S-9999A-9999C-9999CS-9999E,23,1022510859,300977736,1,233244-1-1-102,
WA007,310726,WA003,101,3025S-9999A-9999C-9999CS-9999E,23,1022510859,300977737,1,233244-1-1-102,
WA007,310726,WA003,101,3025S-9999A-9999C-9999CS-9999E,23,1022510859,300977826,1,233244-1-1-102,
WA007,310726,WA003,101,3025S-9999A-9999C-9999CS-9999E,23,1022510859,300977827,1,233244-1-1-102,
WA007,310726,WA003,101,3025S-9999A-9999C-9999CS-9999E,23,1022510859,300977828,1,233244-1-1-102,
WA007,310726,WA003,101,3025S-9999A-9999C-9999CS-9999E,23,1022510859,300977829,1,233244-1-1-102,
WA007,310726,WA003,101,3025S-9999A-9999E,39,1022509261,300955322,1,233032-1-1-101,
WA007,310726,WA003,101,3025S-9999A-9999E,39,1022509261,300955323,1,233032-1-1-101,
WA007,310726,WA003,101,3025S-9999A-9999E,39,1022509261,300955324,1,233032-1-1-101,
WA007,310726,WA003,101,3025S-9999A-9999E,37,1022509466,300958602,1,233032-1-1-101,
WA007,310726,WA003,101,3025S-9999A-9999E,37,1022509466,300958603,1,233032-1-1-101,
WA007,310726,WA003,101,3025S-9999A-9999E,37,1022509466,300958611,1,233032-1-1-101,
WA007,310726,WA003,101,3025S-9999A-9999E,37,1022509466,300958612,1,233032-1-1-101,
WA007,310726,WA003,101,3025S-9999A-9999E,37,1022509466,300958613,1,233032-1-1-101,
WA007,310726,WA003,101,3025S-9999A-9999E,37,1022509466,300958816,0,233032-1-1-101,
WA007,310726,WA003,101,3025S-9999A-9999E,30,1022510165,300967629,1,233183-1-1-106,
WA007,310726,WA003,101,3025S-9999A-9999E,30,1022510165,300967630,1,233183-1-1-106,
WA007,310726,WA003,101,3025S-9999A-9999E,30,1022510165,300967644,1,233183-1-1-106,
WA007,310726,WA003,101,3025S-9999A-9999E,30,1022510165,300967646,1,233183-1-1-106,
WA007,310726,WA003,101,3025S-9999A-9999E,30,1022510165,300967687,0,233183-1-1-106,
WA007,310726,WA003,101,3025S-9999A-9999E,24,1022510761,300976004,1,233244-1-1-102,
WA007,310726,WA003,101,3025S-9999A-9999E,24,1022510761,300976005,1,233244-1-1-102,
WA007,310726,WA003,101,3025S-9999A-9999E,24,1022510761,300976006,1,233244-1-1-102,
WA007,310726,WA003,101,3025S-9999A-9999E,24,1022510761,300976007,1,233244-1-1-102,
WA007,310726,WA003,101,3025S-9999A-9999E,24,1022510761,300976012,1,233244-1-1-102,
WA007,310726,WA003,101,3025S-9999A-9999E,24,1022510761,300976071,1,233244-1-1-102,
WA007,310726,WA003,101,3025S-9999A-9999E,24,1022510761,300976073,1,233244-1-1-102,
WA007,310726,WA003,101,3025S-9999A-9999E,24,1022510761,300976075,1,233244-1-1-102,
WA007,310726,WA003,101,3025S-9999A-9999E,24,1022510762,300976077,1,233244-1-1-102,
WA007,310726,WA003,101,3025S-9999A-9999E,24,1022510762,300976078,1,233244-1-1-102,
WA007,310726,WA003,101,3025S-9999A-9999E,24,1022510762,300976080,1,233244-1-1-102,
WA007,310726,WA003,101,3025S-9999A-9999E,24,1022510762,300976092,1,233244-1-1-102,
WA007,310726,WA003,101,3025S-9999A-9999E,24,1022510762,300976121,1,233244-1-1-102,
WA007,310726,WA003,101,3025S-9999A-9999E,24,1022510762,300976122,1,233244-1-1-102,
WA007,310726,WA003,101,3025S-9999A-9999E,24,1022510762,300976123,1,233244-1-1-102,
WA007,310726,WA003,101,3025S-9999A-9999E,24,1022510762,300976124,1,233244-1-1-102,
WA007,310726,WA003,101,3035A-9999A-9999C-9999CS-9999E,29,1022510262,300969080,1,233183-1-1-106,
WA007,310726,WA003,101,3035A-9999A-9999C-9999CS-9999E,29,1022510262,300969081,1,233183-1-1-106,
WA007,310726,WA003,101,3035A-9999A-9999C-9999CS-9999E,29,1022510262,300969082,1,233183-1-1-106,
WA007,310726,WA003,101,3035A-9999A-9999C-9999CS-9999E,29,1022510262,300969153,1,233183-1-1-106,
WA007,310726,WA003,101,3035A-9999A-9999C-9999CS-9999E,29,1022510262,300969248,1,233183-1-1-106,
WA007,310726,WA003,101,3035A-9999A-9999C-9999CS-9999E,29,1022510262,300969250,1,233183-1-1-106,
WA007,310726,WA003,101,3035A-9999A-9999C-9999CS-9999E,29,1022510262,300969251,1,233183-1-1-106,
WA007,310726,WA003,101,3035A-9999A-9999C-9999CS-9999E,29,1022510262,300969252,1,233183-1-1-106,
WA007,310726,WA003,101,3035A-9999A-9999C-9999CS-9999E,27,1022510463,300972135,1,233262-1-1-101,
WA007,310726,WA003,101,3035A-9999A-9999C-9999CS-9999E,27,1022510463,300972136,1,233262-1-1-101,
WA007,310726,WA003,101,3035A-9999A-9999C-9999CS-9999E,27,1022510463,300972168,1,233262-1-1-101,
WA007,310726,WA003,101,3035A-9999A-9999C-9999CS-9999E,27,1022510463,300972169,1,233262-1-1-101,
WA007,310726,WA003,101,3035A-9999A-9999C-9999CS-9999E,27,1022510463,300972170,1,233262-1-1-101,
WA007,310726,WA003,101,3035A-9999A-9999C-9999CS-9999E,27,1022510463,300972171,1,233262-1-1-101,
WA007,310726,WA003,101,3035A-9999A-9999C-9999CS-9999E,27,1022510463,300972172,1,233262-1-1-101,
WA007,310726,WA003,101,3035A-9999A-9999C-9999CS-9999E,27,1022510463,300972175,1,233262-1-1-101,
WA007,310726,WA003,101,3035A-9999A-9999C-9999CS-9999E,27,1022510464,300972176,1,233262-1-1-101,
WA007,310726,WA003,101,3035A-9999A-9999C-9999CS-9999E,27,1022510464,300972177,1,233262-1-1-101,
WA007,310726,WA003,101,3035A-9999A-9999C-9999CS-9999E,27,1022510464,300972192,1,233262-1-1-101,
WA007,310726,WA003,101,3035A-9999A-9999C-9999CS-9999E,27,1022510464,300972193,1,233262-1-1-101,
WA007,310726,WA003,101,3035A-9999A-9999C-9999CS-9999E,27,1022510464,300972210,1,233262-1-1-101,
WA007,310726,WA003,101,3035A-9999A-9999C-9999CS-9999E,27,1022510464,300972211,1,233262-1-1-101,
WA007,310726,WA003,101,3035A-9999A-9999C-9999CS-9999E,27,1022510464,300972212,1,233262-1-1-101,
WA007,310726,WA003,101,3035A-9999A-9999C-9999CS-9999E,27,1022510464,300972218,1,233262-1-1-101,
WA007,310726,WA003,101,3035A-9999A-9999C-9999CS-9999E,26,1022510564,300973418,1,233262-1-1-101,
WA007,310726,WA003,101,3035A-9999A-9999C-9999CS-9999E,26,1022510564,300973419,1,233244-1-1-102,
WA007,310726,WA003,101,3035A-9999A-9999C-9999CS-9999E,26,1022510564,300973420,1,233244-1-1-102,
WA007,310726,WA003,101,3035A-9999A-9999C-9999CS-9999E,26,1022510564,300973421,1,233244-1-1-102,
WA007,310726,WA003,101,3035A-9999A-9999C-9999CS-9999E,26,1022510564,300973449,1,233244-1-1-102,
WA007,310726,WA003,101,3035A-9999A-9999C-9999CS-9999E,26,1022510564,300973452,1,233244-1-1-102,
WA007,310726,WA003,101,3035A-9999A-9999C-9999CS-9999E,26,1022510564,300973454,1,233244-1-1-102,
WA007,310726,WA003,101,3035A-9999A-9999C-9999CS-9999E,26,1022510564,300973456,1,233244-1-1-102,
WA007,310726,WA003,101,3035A-9999A-9999E,29,1022510264,300969325,1,233170-1-1-101,
WA007,310726,WA003,101,3035A-9999A-9999E,29,1022510264,300969326,1,233170-1-1-101,
WA007,310726,WA003,101,3035A-9999A-9999E,29,1022510264,300969329,1,233170-1-1-101,
WA007,310726,WA003,101,3035A-9999A-9999E,29,1022510264,300969338,1,233170-1-1-101,
WA007,310726,WA003,101,3035A-9999A-9999E,29,1022510264,300969340,1,233170-1-1-101,
WA007,310726,WA003,101,3035A-9999A-9999E,27,1022510465,300972297,1,233183-1-1-106,
WA007,310726,WA003,101,3035A-9999A-9999E,27,1022510465,300972298,1,233183-1-1-106,
WA007,310726,WA003,101,3035A-9999A-9999E,27,1022510465,300972299,1,233183-1-1-106,
WA007,310726,WA003,101,3035A-9999A-9999E,27,1022510465,300972300,1,233183-1-1-106,
WA007,310726,WA003,101,3035A-9999A-9999E,26,1022510565,300973508,1,233244-1-1-102,
WA007,310726,WA003,101,3035A-9999A-9999E,26,1022510565,300973525,1,233244-1-1-102,
WA007,310726,WA003,101,3035A-9999A-9999E,26,1022510565,300973526,1,233244-1-1-102,
WA007,310726,WA003,101,3035A-9999A-9999E,26,1022510565,300973559,1,233244-1-1-102,
WA007,310726,WA003,101,9999A-9999C-9999E,30,1022510164,300967533,1,233183-1-1-106,
WA007,310726,WA003,101,9999A-9999C-9999E,30,1022510164,300967534,1,233183-1-1-106,
WA007,310726,WA003,101,9999A-9999C-9999E,30,1022510164,300967535,1,233183-1-1-106,
WA007,310726,WA003,101,9999A-9999C-9999E,30,1022510164,300967537,1,233183-1-1-106,
WA007,310726,WA003,101,9999A-9999C-9999E,30,1022510164,300967538,1,233183-1-1-106,
WA007,310726,WA003,101,9999A-9999C-9999E,30,1022510164,300967598,1,233183-1-1-106,
WA007,310726,WA003,101,9999A-9999C-9999E,30,1022510164,300967617,1,233183-1-1-106,
WA007,310726,WA003,101,9999A-9999C-9999E,30,1022510164,300967618,1,233183-1-1-106,
WA007,310726,WA003,101,9999A-9999C-9999E,28,1022510362,300970849,1,233170-1-1-101,
WA007,310726,WA003,101,9999A-9999C-9999E,28,1022510362,300970850,1,233170-1-1-101,
WA007,310726,WA003,101,9999A-9999C-9999E,28,1022510362,300970851,1,233170-1-1-101,
WA007,310726,WA003,101,9999A-9999C-9999E,28,1022510362,300970853,1,233262-1-1-101,
WA007,310726,WA003,101,9999A-9999C-9999E,28,1022510362,300970858,1,233262-1-1-101,
WA007,310726,WA003,101,9999A-9999C-9999E,28,1022510362,300970859,1,233262-1-1-101,
WA007,310726,WA003,101,9999A-9999C-9999E,28,1022510362,300970860,1,233262-1-1-101,
WA007,310726,WA003,101,9999A-9999C-9999E,28,1022510362,300970861,1,233262-1-1-101,
WA007,310726,WA003,101,9999A-9999E,18,1022511359,300984634,1,"",
WA007,310726,WA003,101,9999A-9999E,18,1022511359,300984635,1,"",
WA007,310726,WA003,101,9999A-9999E,18,1022511359,300984636,1,"",
WA007,310726,WA003,101,9999A-9999E,18,1022511359,300984682,1,"",
WA007,310726,WA003,101,9999A-9999E,18,1022511359,300984683,1,"",
WA007,310726,WA003,101,9999A-9999E,18,1022511359,300984684,1,"",
WA007,310726,WA003,101,9999A-9999E,18,1022511359,300984685,1,"",
WA007,310726,WA003,101,9999A-9999E,18,1022511359,300984686,1,"",
WA007,310726,WA003,102,9999A,47,1022508459,300944436,1,"",
WA007,310726,WA003,102,9999A,47,1022508459,300944437,1,"",
WA007,310726,WA003,102,9999A,47,1022508459,300944442,1,"",
WA007,310726,WA003,102,9999A,47,1022508459,300944443,1,"",
WA007,310726,WA003,102,9999A,47,1022508459,300944444,1,"",
WA007,310726,WA003,102,9999A,47,1022508459,300944622,1,"",
WA007,310726,WA003,102,9999A,30,1022510156,300966966,1,"",
WA007,310726,WA003,102,9999A,30,1022510156,300966970,1,"",
WA007,310726,WA003,102,9999A,30,1022510156,300966977,1,"",
WA007,310726,WA003,102,9999A,30,1022510156,300966978,1,"",
WA007,310726,WA003,102,9999A,30,1022510156,300966979,1,"",
WA007,310726,WA003,102,9999A,30,1022510156,300967040,1,"",
WA007,310726,WA003,102,9999A,30,1022510156,300967041,1,"",
WA007,310726,WA003,102,9999A,30,1022510156,300967042,1,"",
WA010,310015,WA002,101,3117A-3117S-3123A-3132A-9999A-9999E,119,1012501203,300841123,1,10015775,
WA010,310015,WA002,101,3117A-3117S-3123A-3132A-9999A-9999E,119,1012501203,300841185,1,10015775,
WA010,310015,WA002,101,3117A-3117S-3123A-3132A-9999A-9999E,119,1012501203,300841188,1,"",
WA010,310015,WA002,101,3117A-3123A-3132A-9999A-9999E,119,1012501204,300841208,1,10015775,
WA010,310015,WA002,101,3117A-3123A-3132A-9999A-9999E,119,1012501204,300841209,1,10015775,
WA010,310015,WA002,101,3117A-3123A-3132A-9999A-9999E,119,1012501204,300841210,1,10015775,
WA010,310015,WA002,101,3117A-3123A-3132A-9999A-9999E,119,1012501204,300841211,1,10015775,
WA010,310015,WA002,101,3117A-3123A-3132A-9999A-9999E,119,1012501204,300841213,1,10015775,
WA010,310015,WA002,101,3117A-3123A-3132A-9999A-9999E,119,1012501204,300841239,1,10015775,
WA010,310015,WA003,101,3117S-3123A-9999A-9999E,66,1022506560,300918365,1,10015775,
WA010,310015,WA003,101,3117S-3123A-9999A-9999E,66,1022506560,300918374,1,10015775,
WA010,310015,WA003,101,3117S-3123A-9999A-9999E,66,1022506560,300918375,1,10015775,
WA010,310015,WA003,101,3117S-3123A-9999A-9999E,66,1022506560,300918376,1,10015775,
WA010,310015,WA003,101,3117S-3123A-9999A-9999E,66,1022506560,300918377,1,10015775,
WA010,310015,WA003,101,3117S-3123A-9999A-9999E,66,1022506560,300918446,0,"",
WA010,310015,WA003,101,3117S-3123A-9999A-9999E,66,1022506561,300918447,1,10015775,
WA010,310015,WA003,101,3117S-3123A-9999A-9999E,66,1022506561,300918448,1,10015775,
WA010,310015,WA003,101,3117S-3123A-9999A-9999E,66,1022506561,300918451,1,"",
WA010,310726,WA003,101,3002A-3007S-3015A-3025S-3033A-3035A-9999A-9999E,77,1022505456,300901336,1,233118-1-1-101,
WA010,310726,WA003,101,3002A-3007S-3015A-3025S-3033A-3035A-9999A-9999E,77,1022505456,300901337,1,233118-1-1-101,
WA010,310726,WA003,101,3002A-3007S-3015A-3025S-3033A-3035A-9999A-9999E,77,1022505456,300901338,1,233118-1-1-101,
WA010,310726,WA003,101,3002A-3007S-3015A-3025S-3033A-3035A-9999A-9999E,77,1022505456,300901339,1,233118-1-1-101,
WA010,310726,WA003,101,3002A-3007S-3015A-3025S-3033A-3035A-9999A-9999E,77,1022505456,300901340,1,233118-1-1-101,
WA010,310726,WA003,101,3002A-3007S-3015A-3025S-3033A-3035A-9999A-9999E,77,1022505456,300901341,1,233118-1-1-101,
WA010,310726,WA003,101,3002A-3007S-3015A-3025S-3033A-3035A-9999A-9999E,77,1022505456,300901342,1,233118-1-1-101,
WA010,310726,WA003,101,3002A-3007S-3015A-3025S-3033A-3035A-9999A-9999E,77,1022505456,300901343,1,233118-1-1-101,
WA010,310726,WA003,101,3002A-3007S-3015A-3025S-3033A-3035A-9999A-9999E,77,1022505457,300901421,1,233118-1-1-101,
WA010,310726,WA003,101,3002A-3007S-3015A-3025S-3033A-3035A-9999A-9999E,77,1022505457,300901422,1,233118-1-1-101,
WA010,310726,WA003,101,3002A-3007S-3015A-3025S-3033A-3035A-9999A-9999E,77,1022505457,300901423,1,233118-1-1-101,
WA010,310726,WA003,101,3002A-3007S-3015A-3025S-3033A-3035A-9999A-9999E,77,1022505457,300901424,1,233118-1-1-101,
WA010,310726,WA003,101,3002A-3007S-3015A-3025S-3033A-3035A-9999A-9999E,77,1022505457,300901425,1,233118-1-1-101,
WA010,310726,WA003,101,3002A-3007S-3015A-3025S-3033A-3035A-9999A-9999E,77,1022505457,300901427,1,233118-1-1-101,
WA010,310726,WA003,101,3002A-3007S-3015A-3025S-3033A-3035A-9999A-9999E,77,1022505457,300901428,1,233118-1-1-101,
WA010,310726,WA003,101,3002A-3007S-3015A-3025S-3033A-3035A-9999A-9999E,77,1022505457,300901429,1,233118-1-1-101,
WA010,310726,WA003,101,3002A-3007S-3025S-3033A-3035A-9999A-9999E,77,1022505455,300901218,1,233118-1-1-101,
WA010,310726,WA003,101,3002A-3007S-3025S-3033A-3035A-9999A-9999E,77,1022505455,300901219,1,233118-1-1-101,
WA010,310726,WA003,101,3002A-3007S-3025S-3033A-3035A-9999A-9999E,77,1022505455,300901221,1,233118-1-1-101,
WA010,310726,WA003,101,3002A-3007S-3025S-3033A-3035A-9999A-9999E,77,1022505455,300901222,1,233118-1-1-101,
WA010,310726,WA003,101,3002A-3007S-3025S-3033A-3035A-9999A-9999E,77,1022505455,300901223,1,233118-1-1-101,
WA010,310726,WA003,101,3002A-3007S-3025S-3033A-3035A-9999A-9999E,77,1022505455,300901224,1,233118-1-1-101,
WA010,310726,WA003,101,3002A-3007S-3025S-3033A-3035A-9999A-9999E,77,1022505455,300901225,1,233118-1-1-101,
WA010,310726,WA003,101,3002A-3007S-3025S-3033A-3035A-9999A-9999E,77,1022505455,300901226,1,233118-1-1-101,
WA010,310726,WA003,101,3005WGUM-3005WGUM-3007DRYGUM-3007FO,70,1022506157,300911964,0,232381-1-2-102,
WA010,310726,WA003,101,3007S-3025S-3033A-3035A-9999A-9999C-9999CS-9999E,73,1022505858,300907409,0,233118-1-1-101,
WA010,310726,WA003,101,3007S-3025S-3033A-3035A-9999A-9999C-9999CS-9999E,70,1022506158,300912294,0,232381-1-2-102,
WA010,310726,WA003,101,3007S-3025S-3033A-3035A-9999A-9999C-9999CS-9999E,70,1022506158,300912334,0,232381-1-2-102,
WA010,310726,WA003,101,3007S-3025S-3033A-3035A-9999A-9999E,77,1022505458,300901519,1,233118-1-1-101,
WA010,310726,WA003,101,3007S-3025S-3033A-3035A-9999A-9999E,77,1022505458,300901520,1,233118-1-1-101,
WA010,310726,WA003,101,3007S-3025S-3033A-3035A-9999A-9999E,77,1022505458,300901521,1,233118-1-1-101,
WA010,310726,WA003,101,3007S-3025S-3033A-3035A-9999A-9999E,77,1022505458,300901522,1,233118-1-1-101,
WA010,310726,WA003,101,3007S-3025S-3033A-3035A-9999A-9999E,77,1022505458,300901535,1,233118-1-1-101,
WA010,310726,WA003,101,3007S-3025S-3033A-3035A-9999A-9999E,77,1022505458,300901536,1,233118-1-1-101,
WA010,310726,WA003,101,3007S-3025S-3033A-3035A-9999A-9999E,77,1022505458,300901537,1,233118-1-1-101,
WA010,310726,WA003,101,3007S-3025S-3033A-3035A-9999A-9999E,77,1022505458,300901702,1,233118-1-1-101,
WA010,310726,WA003,101,3007S-3025S-3033A-3035A-9999A-9999E,77,1022505459,300901715,1,233118-1-1-101,
WA010,310726,WA003,101,3007S-3025S-3033A-3035A-9999A-9999E,77,1022505459,300901771,1,233118-1-1-101,
WA010,310726,WA003,101,3007S-3025S-3033A-3035A-9999A-9999E,77,1022505459,300901772,1,233118-1-1-101,
WA010,310726,WA003,101,3007S-3025S-3033A-3035A-9999A-9999E,77,1022505459,300901804,1,233118-1-1-101,
WA010,310726,WA003,101,3007S-3025S-3033A-3035A-9999A-9999E,77,1022505459,300901805,1,233118-1-1-101,
WA010,310726,WA003,101,3007S-3025S-3033A-3035A-9999A-9999E,77,1022505459,300901833,1,233118-1-1-101,
WA010,310726,WA003,101,3007S-3025S-3033A-3035A-9999A-9999E,77,1022505459,300901834,1,233118-1-1-101,
WA010,310726,WA003,101,3007S-3025S-3033A-3035A-9999A-9999E,77,1022505459,300901835,1,233118-1-1-101,
WA010,310726,WA003,101,3007S-3025S-3033A-3035A-9999A-9999E,72,1022505963,300909361,1,233118-1-1-101,
WA010,310726,WA003,101,3007S-3025S-3033A-3035A-9999A-9999E,72,1022505963,300909373,1,233118-1-1-101,
WA010,310726,WA003,101,3007S-3025S-3033A-3035A-9999A-9999E,72,1022505963,300909375,1,233118-1-1-101,
WA010,310726,WA003,101,3025S-3033A-3035A-9999A-9999C-9999CS-9999E,71,1022506051,300909662,1,233118-1-1-101,
WA010,310726,WA003,101,3025S-3033A-3035A-9999A-9999C-9999CS-9999E,71,1022506051,300909701,1,233118-1-1-101,
WA010,310726,WA003,101,3025S-3033A-3035A-9999A-9999C-9999CS-9999E,71,1022506051,300909702,1,233118-1-1-101,
WA010,310726,WA003,101,3025S-3033A-3035A-9999A-9999C-9999CS-9999E,71,1022506051,300909728,1,233118-1-1-101,
WA010,310726,WA003,101,3025S-3033A-3035A-9999A-9999C-9999CS-9999E,71,1022506051,300909729,1,233118-1-1-101,
WA010,310726,WA003,101,3025S-3033A-3035A-9999A-9999C-9999CS-9999E,71,1022506051,300909884,1,233118-1-1-101,
WA010,310726,WA003,101,3025S-3033A-3035A-9999A-9999C-9999CS-9999E,71,1022506051,300909885,1,233118-1-1-101,
WA010,310726,WA003,101,3025S-3033A-3035A-9999A-9999C-9999CS-9999E,71,1022506051,300909886,1,233118-1-1-101,
WA010,310726,WA003,101,3025S-3033A-9999A-9999C-9999CS,70,1022506161,300912556,0,232381-1-2-102,
WA010,310726,WA003,101,3025S-3035A-9999A-9999C-9999CS-9999E,71,1022506061,300910968,1,233118-1-1-101,
WA010,310726,WA003,101,3025S-3035A-9999A-9999C-9999CS-9999E,71,1022506061,300910992,1,233118-1-1-101,
WA010,310726,WA003,101,3025S-3035A-9999A-9999C-9999CS-9999E,71,1022506061,300910993,1,233118-1-1-101,
WA010,310726,WA003,101,3025S-3035A-9999A-9999C-9999CS-9999E,71,1022506061,300910994,1,233118-1-1-101,
WA010,310726,WA003,101,3025S-3035A-9999A-9999C-9999CS-9999E,71,1022506061,300910995,1,233118-1-1-101,
WA010,310726,WA003,101,3025S-3035A-9999A-9999C-9999CS-9999E,71,1022506061,300911008,1,233118-1-1-101,
WA010,310726,WA003,101,3025S-3035A-9999A-9999C-9999CS-9999E,71,1022506061,300911009,1,233118-1-1-101,
WA010,310726,WA003,101,3025S-3035A-9999A-9999C-9999CS-9999E,71,1022506061,300911010,1,233118-1-1-101,
WA017,310015,WA002,101,3117A-3123A-3132A-9999A-9999E,38,1012509301,300955190,1,233336-1-1-112,
WA017,310015,WA002,101,3117A-3123A-3132A-9999A-9999E,38,1012509301,300955193,1,233336-1-1-112,
WA017,310015,WA002,101,3117A-3123A-3132A-9999A-9999E,38,1012509301,300955195,1,233336-1-1-112,
WA017,310015,WA002,101,3117A-3123A-3132A-9999A-9999E,38,1012509301,300955198,1,233336-1-1-112,
WA017,310015,WA002,101,3117A-3123A-3132A-9999A-9999E,38,1012509301,300955200,1,233336-1-1-112,
WA017,310015,WA002,101,3117A-3123A-3132A-9999A-9999E,38,1012509304,300955520,1,233336-1-1-112,
WA017,310015,WA002,101,3117A-3123A-3132A-9999A-9999E,37,1012509415,300957756,1,10015709,
WA017,310015,WA002,101,3117A-3123A-3132A-9999A-9999E,37,1012509415,300957801,1,10015709,
WA017,310015,WA002,101,3117A-3123A-3132A-9999A-9999E,37,1012509415,300957802,1,10015709,
WA017,310015,WA002,101,3117A-3123A-3132A-9999A-9999E,37,1012509415,300957803,1,10015709,
WA017,310015,WA002,101,3117A-3123A-3132A-9999A-9999E,37,1012509415,300957813,1,10015709,
WA017,310015,WA002,101,3117A-3123A-3132A-9999A-9999E,37,1012509415,300957814,1,10015709,
WA017,310015,WA002,101,3117A-3123A-3132A-9999A-9999E,37,1012509415,300957815,1,10015709,
WA017,310015,WA002,101,3117A-3123A-3132A-9999A-9999E,37,1012509415,300957838,1,10015709,
WA017,310015,WA002,101,3117A-3123A-9999A-9999E,38,1012509302,300955208,1,233336-1-1-112,
WA017,310015,WA002,101,3117A-3123A-9999A-9999E,38,1012509302,300955209,1,233336-1-1-112,
WA017,310015,WA002,101,3117A-3123A-9999A-9999E,38,1012509302,300955210,1,233336-1-1-112,
WA017,310015,WA002,101,3117A-3123A-9999A-9999E,38,1012509302,300955211,1,233336-1-1-112,
WA017,310015,WA002,101,3117A-3123A-9999A-9999E,38,1012509302,300955286,1,233336-1-1-112,
WA017,310015,WA002,101,3117A-3123A-9999A-9999E,38,1012509302,300955287,1,233336-1-1-112,
WA017,310015,WA002,101,3117A-3123A-9999A-9999E,38,1012509302,300955288,1,233336-1-1-112,
WA017,310015,WA002,101,3117A-3123A-9999A-9999E,38,1012509302,300955289,1,233336-1-1-112,
WA017,310015,WA002,101,3117A-3123A-9999A-9999E,38,1012509303,300955314,1,233336-1-1-112,
WA017,310015,WA002,101,3117A-3123A-9999A-9999E,38,1012509305,300955556,1,233336-1-1-111,
WA017,310015,WA002,101,3117A-3123A-9999A-9999E,38,1012509305,300955557,1,233336-1-1-111,
WA017,310015,WA002,101,3117A-3123A-9999A-9999E,38,1012509305,300955565,1,233336-1-1-111,
WA017,310015,WA002,101,3117A-3123A-9999A-9999E,38,1012509305,300955575,1,233336-1-1-111,
WA017,310015,WA002,101,3117A-3123A-9999A-9999E,38,1012509305,300955624,1,233336-1-1-111,
WA017,310015,WA002,101,3117A-3123A-9999A-9999E,38,1012509305,300955625,1,233336-1-1-111,
WA017,310015,WA002,101,3117A-3123A-9999A-9999E,38,1012509305,300955626,1,233336-1-1-111,
WA017,310015,WA002,101,3117A-3123A-9999A-9999E,38,1012509305,300955630,1,233336-1-1-111,
WA017,310015,WA002,101,3117A-3123A-9999A-9999E,38,1012509306,300955631,1,233336-1-1-111,
WA017,310015,WA002,101,3117A-3123A-9999A-9999E,38,1012509306,300955632,1,233336-1-1-111,
WA017,310015,WA002,101,3117A-3123A-9999A-9999E,38,1012509306,300955671,1,233336-1-1-111,
WA017,310015,WA002,101,3117A-3123A-9999A-9999E,38,1012509306,300955672,1,233336-1-1-111,
WA017,310015,WA002,101,3117A-3123A-9999A-9999E,38,1012509306,300955673,1,233336-1-1-111,
WA017,310015,WA002,101,3117A-3123A-9999A-9999E,38,1012509306,300955674,1,233336-1-1-111,
WA017,310015,WA002,101,3117A-3123A-9999A-9999E,38,1012509306,300955675,1,233336-1-1-111,
WA017,310015,WA002,101,3117A-3123A-9999A-9999E,38,1012509306,300955679,1,233336-1-1-113,
WA017,310015,WA002,101,3117A-3123A-9999A-9999E,38,1012509307,300955682,1,233336-1-1-113,
WA017,310015,WA002,101,3117A-3123A-9999A-9999E,38,1012509307,300955690,1,233336-1-1-113,
WA017,310015,WA002,101,3117A-3123A-9999A-9999E,38,1012509307,300955695,1,233336-1-1-113,
WA017,310015,WA002,101,3117A-3123A-9999A-9999E,38,1012509307,300955725,1,233336-1-1-113,
WA017,310015,WA002,101,3117A-3123A-9999A-9999E,38,1012509307,300955726,1,233336-1-1-113,
WA017,310015,WA002,101,3117A-3123A-9999A-9999E,38,1012509307,300955727,1,233336-1-1-113,
WA017,310015,WA002,101,3117A-3123A-9999A-9999E,38,1012509307,300955734,1,233336-1-1-113,
WA017,310015,WA002,101,3117A-3123A-9999A-9999E,38,1012509307,300955735,1,233336-1-1-113,
WA017,310015,WA002,101,3117A-3123A-9999A-9999E,38,1012509308,300955736,1,233336-1-1-113,
WA017,310015,WA002,101,3117A-3123A-9999A-9999E,38,1012509308,300955791,1,233336-1-1-113,
WA017,310015,WA002,101,3117A-3123A-9999A-9999E,38,1012509308,300955792,1,233336-1-1-113,
WA017,310015,WA002,101,3117A-3123A-9999A-9999E,38,1012509308,300955793,1,233336-1-1-113,
WA017,310015,WA002,101,3117A-3123A-9999A-9999E,38,1012509308,300955794,1,233336-1-1-113,
WA017,310015,WA002,101,3117A-3123A-9999A-9999E,38,1012509308,300955795,1,233336-1-1-113,
WA017,310015,WA002,101,3117A-3123A-9999A-9999E,38,1012509308,300955800,1,233336-1-1-114,
WA017,310015,WA002,101,3117A-3123A-9999A-9999E,38,1012509308,300955870,1,233336-1-1-114,
WA017,310015,WA002,101,3117A-3123A-9999A-9999E,38,1012509309,300955872,1,233336-1-1-114,
WA017,310015,WA002,101,3117A-3123A-9999A-9999E,38,1012509309,300955873,1,233336-1-1-114,
WA017,310015,WA002,101,3117A-3123A-9999A-9999E,38,1012509309,300955874,1,233336-1-1-114,
WA017,310015,WA002,101,3117A-3123A-9999A-9999E,38,1012509309,300955876,1,233336-1-1-114,
WA017,310015,WA002,101,3117A-3123A-9999A-9999E,38,1012509309,300955877,1,233336-1-1-114,
WA017,310015,WA002,101,3117A-3123A-9999A-9999E,38,1012509309,300955924,1,233336-1-1-114,
WA017,310015,WA002,101,3117A-3123A-9999A-9999E,38,1012509309,300955925,1,233336-1-1-114,
WA017,310015,WA002,101,3117A-3123A-9999A-9999E,38,1012509309,300955926,1,233336-1-1-114,
WA017,310015,WA002,101,3117A-3123A-9999A-9999E,38,1012509310,300955933,1,233336-1-1-114,
WA017,310015,WA002,101,3117A-3123A-9999A-9999E,38,1012509310,300955934,1,233336-1-1-114,
WA017,310015,WA002,101,3117A-3123A-9999A-9999E,38,1012509310,300955939,1,233336-1-1-114,
WA017,310015,WA002,101,3117A-3123A-9999A-9999E,38,1012509310,300955948,1,233336-1-1-114,
WA017,310015,WA002,101,3117A-3123A-9999A-9999E,38,1012509314,300956490,1,233336-1-1-114,
WA017,310015,WA002,101,3117A-3123A-9999A-9999E,38,1012509315,300956499,1,233336-1-1-115,
WA017,310015,WA002,101,3117A-3123A-9999A-9999E,38,1012509315,300956500,1,233336-1-1-115,
WA017,310015,WA002,101,3117A-3123A-9999A-9999E,38,1012509315,300956501,1,233336-1-1-115,
WA017,310015,WA002,101,3117A-3123A-9999A-9999E,38,1012509315,300956502,1,233336-1-1-115,
WA017,310015,WA002,101,3117A-3123A-9999A-9999E,38,1012509315,300956503,1,233336-1-1-115,
WA017,310015,WA002,101,3117A-3123A-9999A-9999E,38,1012509315,300956504,1,233336-1-1-115,
WA017,310015,WA002,101,3117A-3123A-9999A-9999E,38,1012509315,300956506,1,233336-1-1-115,
WA017,310015,WA002,101,3117A-3123A-9999A-9999E,38,1012509315,300956507,1,233336-1-1-115,
WA017,310015,WA002,101,3117A-3123A-9999A-9999E,38,1012509316,300956605,1,233336-1-1-115,
WA017,310015,WA002,101,3117A-3123A-9999A-9999E,38,1012509316,300956606,1,233336-1-1-115,
WA017,310015,WA002,101,3117A-3123A-9999A-9999E,38,1012509316,300956607,1,233336-1-1-115,
WA017,310015,WA002,101,3117A-3123A-9999A-9999E,38,1012509316,300956627,1,233336-1-1-115,
WA017,310015,WA002,101,3117A-3123A-9999A-9999E,38,1012509316,300956628,1,233336-1-1-115,
WA017,310015,WA002,101,3117A-3123A-9999A-9999E,38,1012509316,300956630,1,233336-1-1-115,
WA017,310015,WA002,101,3117A-3123A-9999A-9999E,38,1012509316,300956658,1,233336-1-1-115,
WA017,310015,WA002,101,3117A-3123A-9999A-9999E,38,1012509316,300956659,1,233336-1-1-116,
WA017,310015,WA002,101,3117A-3123A-9999A-9999E,37,1012509402,300956760,1,233336-1-1-116,
WA017,310015,WA002,101,3117A-3123A-9999A-9999E,37,1012509402,300956761,1,233336-1-1-116,
WA017,310015,WA002,101,3117A-3123A-9999A-9999E,37,1012509402,300956762,1,233336-1-1-116,
WA017,310015,WA002,101,3117A-3123A-9999A-9999E,37,1012509402,300956764,1,233336-1-1-116,
WA017,310015,WA002,101,3117A-3123A-9999A-9999E,37,1012509402,300956766,1,233336-1-1-118,
WA017,310015,WA002,101,3117A-3123A-9999A-9999E,37,1012509402,300956767,1,233336-1-1-118,
WA017,310015,WA002,101,3117A-3123A-9999A-9999E,37,1012509402,300956770,1,233336-1-1-118,
WA017,310015,WA002,101,3117A-3123A-9999A-9999E,37,1012509402,300956833,1,233336-1-1-118,
WA017,310015,WA002,101,3117A-3123A-9999A-9999E,37,1012509403,300956851,1,233336-1-1-118,
WA017,310015,WA002,101,3117A-3123A-9999A-9999E,37,1012509403,300956852,1,233336-1-1-118,
WA017,310015,WA002,101,3117A-3123A-9999A-9999E,37,1012509403,300956853,1,233336-1-1-118,
WA017,310015,WA002,101,3117A-3123A-9999A-9999E,37,1012509403,300956907,1,233336-1-1-118,
WA017,310015,WA002,101,3117A-3123A-9999A-9999E,37,1012509403,300956909,1,233336-1-1-118,
WA017,310015,WA002,101,3117A-3123A-9999A-9999E,37,1012509403,300956910,1,233336-1-1-118,
WA017,310015,WA002,101,3117A-3123A-9999A-9999E,37,1012509403,300956911,1,233336-1-1-118,
WA017,310015,WA002,101,3117A-3123A-9999A-9999E,37,1012509403,300956912,1,233336-1-1-118,
WA017,310015,WA002,101,3117A-3123A-9999A-9999E,37,1012509404,300957031,1,233336-1-1-118,
WA017,310015,WA002,101,3117A-3123A-9999A-9999E,37,1012509404,300957032,1,233336-1-1-118,
WA017,310015,WA002,101,3117A-3123A-9999A-9999E,37,1012509404,300957038,1,233336-1-1-118,
WA017,310015,WA002,101,3117A-3123A-9999A-9999E,37,1012509404,300957039,1,233336-1-1-119,
WA017,310015,WA002,101,3117A-3123A-9999A-9999E,37,1012509404,300957040,1,233336-1-1-119,
WA017,310015,WA002,101,3117A-3123A-9999A-9999E,37,1012509404,300957073,1,233336-1-1-119,
WA017,310015,WA002,101,3117A-3123A-9999A-9999E,37,1012509404,300957075,1,233336-1-1-119,
WA017,310015,WA002,101,3117A-3123A-9999A-9999E,37,1012509404,300957102,1,233336-1-1-119,
WA017,310015,WA002,101,3117A-3123A-9999A-9999E,37,1012509405,300957127,1,233336-1-1-116,
WA017,310015,WA002,101,3117A-3123A-9999A-9999E,37,1012509405,300957130,1,233336-1-1-116,
WA017,310015,WA002,101,3117A-3123A-9999A-9999E,37,1012509405,300957131,1,233336-1-1-116,
WA017,310015,WA002,101,3117A-3123A-9999A-9999E,37,1012509405,300957132,1,233336-1-1-116,
WA017,310015,WA002,101,3117A-3123A-9999A-9999E,37,1012509405,300957143,1,233336-1-1-116,
WA017,310015,WA002,101,3117A-3123A-9999A-9999E,37,1012509405,300957145,1,233336-1-1-116,
WA017,310015,WA002,101,3117A-3123A-9999A-9999E,37,1012509405,300957146,1,233336-1-1-116,
WA017,310015,WA002,101,3117A-3123A-9999A-9999E,37,1012509405,300957147,1,233336-1-1-116,
WA017,310015,WA002,101,3117A-3123A-9999A-9999E,37,1012509406,300957148,1,233336-1-1-116,
WA017,310015,WA002,101,3117A-3123A-9999A-9999E,37,1012509406,300957149,1,233336-1-1-116,
WA017,310015,WA002,101,3117A-3123A-9999A-9999E,37,1012509406,300957183,1,233336-1-1-117,
WA017,310015,WA002,101,3117A-3123A-9999A-9999E,37,1012509406,300957184,1,233336-1-1-117,
WA017,310015,WA002,101,3117A-3123A-9999A-9999E,37,1012509406,300957185,1,233336-1-1-117,
WA017,310015,WA002,101,3117A-3123A-9999A-9999E,37,1012509406,300957216,1,233336-1-1-117,
WA017,310015,WA002,101,3117A-3123A-9999A-9999E,37,1012509406,300957219,1,233336-1-1-117,
WA017,310015,WA002,101,3117A-3123A-9999A-9999E,37,1012509406,300957220,1,233336-1-1-117,
WA017,310015,WA002,101,3117A-3123A-9999A-9999E,37,1012509407,300957222,1,233336-1-1-117,
WA017,310015,WA002,101,3117A-3123A-9999A-9999E,37,1012509407,300957223,1,233336-1-1-117,
WA017,310015,WA002,101,3117A-3123A-9999A-9999E,37,1012509407,300957224,1,233336-1-1-117,
WA017,310015,WA002,101,3117A-3123A-9999A-9999E,37,1012509407,300957233,1,233336-1-1-117,
WA017,310015,WA002,101,3117A-3123A-9999A-9999E,37,1012509407,300957234,1,233336-1-1-117,
WA017,310015,WA002,101,3117A-3123A-9999A-9999E,37,1012509407,300957275,1,233336-1-1-117,
WA017,310015,WA002,101,3117A-3123A-9999A-9999E,37,1012509407,300957276,1,233336-1-1-117,
WA017,310015,WA002,101,3117A-3123A-9999A-9999E,37,1012509407,300957277,1,233336-1-1-117,
WA017,310015,WA002,101,3117A-3123A-9999A-9999E,37,1012509408,300957278,1,233336-1-1-117,
WA017,310015,WA002,101,3117A-3123A-9999A-9999E,37,1012509408,300957279,1,233336-1-1-119,
WA017,310015,WA002,101,3117A-3123A-9999A-9999E,37,1012509408,300957280,1,233336-1-1-119,
WA017,310015,WA002,101,3117A-3123A-9999A-9999E,37,1012509408,300957281,1,233336-1-1-119,
WA017,310015,WA002,101,3117A-3123A-9999A-9999E,37,1012509408,300957330,1,233336-1-1-119,
WA017,310015,WA002,101,3117A-3123A-9999A-9999E,37,1012509408,300957331,1,233336-1-1-119,
WA017,310015,WA002,101,3117A-3123A-9999A-9999E,37,1012509408,300957334,1,233336-1-1-119,
WA017,310015,WA002,101,3117A-3123A-9999A-9999E,37,1012509408,300957335,1,233336-1-1-119,
WA017,310015,WA002,101,3117A-3123A-9999A-9999E,37,1012509409,300957336,1,233336-1-1-119,
WA017,310015,WA002,101,3117A-3123A-9999A-9999E,37,1012509409,300957378,1,233336-1-1-119,
WA017,310015,WA002,101,3117A-3123A-9999A-9999E,37,1012509409,300957379,1,233336-1-1-119,
WA017,310015,WA002,101,3117A-3123A-9999A-9999E,37,1012509409,300957380,1,233336-1-1-120,
WA017,310015,WA002,101,3117A-3123A-9999A-9999E,37,1012509409,300957381,1,233336-1-1-120,
WA017,310015,WA002,101,3117A-3123A-9999A-9999E,37,1012509409,300957382,1,233336-1-1-120,
WA017,310015,WA002,101,3117A-3123A-9999A-9999E,37,1012509409,300957383,1,233336-1-1-120,
WA017,310015,WA002,101,3117A-3123A-9999A-9999E,37,1012509409,300957384,1,233336-1-1-120,
WA017,310015,WA002,101,3117A-3123A-9999A-9999E,37,1012509410,300957428,1,233336-1-1-120,
WA017,310015,WA002,101,3117A-3123A-9999A-9999E,37,1012509410,300957430,1,233336-1-1-120,
WA017,310015,WA002,101,3117A-3123A-9999A-9999E,37,1012509410,300957431,1,233336-1-1-120,
WA017,310015,WA002,101,3117A-3123A-9999A-9999E,37,1012509410,300957446,1,233336-1-1-120,
WA017,310015,WA002,101,3117A-3123A-9999A-9999E,37,1012509410,300957447,1,233336-1-1-120,
WA017,310015,WA002,101,3117A-3123A-9999A-9999E,37,1012509410,300957448,1,233336-1-1-120,
WA017,310015,WA002,101,3117A-3123A-9999A-9999E,37,1012509410,300957487,1,233336-1-1-120,
WA017,310015,WA002,101,3117A-3123A-9999A-9999E,37,1012509410,300957488,1,233336-1-1-120,
WA017,310015,WA002,101,3117A-3123A-9999A-9999E,37,1012509411,300957489,1,233336-1-1-120,
WA017,310015,WA002,101,3117A-3123A-9999A-9999E,37,1012509411,300957490,1,233336-1-1-120,
WA017,310015,WA002,101,3117A-3123A-9999A-9999E,37,1012509411,300957561,1,10015689,
WA017,310015,WA002,101,3117A-3123A-9999A-9999E,37,1012509411,300957569,1,10015689,
WA017,310015,WA002,101,3117A-3123A-9999A-9999E,37,1012509411,300957570,1,10015689,
WA017,310015,WA002,101,3117A-3123A-9999A-9999E,37,1012509411,300957571,1,10015689,
WA017,310015,WA002,101,3117A-3123A-9999A-9999E,37,1012509411,300957599,1,10015689,
WA017,310015,WA002,101,3117A-3123A-9999A-9999E,37,1012509411,300957601,1,10015689,
WA017,310015,WA002,101,3117A-3123A-9999A-9999E,37,1012509412,300957602,1,10015689,
WA017,310015,WA002,101,3117A-3123A-9999A-9999E,37,1012509412,300957603,1,10015689,
WA017,310015,WA002,101,3117A-3123A-9999A-9999E,37,1012509412,300957614,1,10015689,
WA017,310015,WA002,101,3117A-3123A-9999A-9999E,37,1012509412,300957617,1,10015689,
WA017,310015,WA002,101,3117A-3123A-9999A-9999E,37,1012509412,300957638,1,10015689,
WA017,310015,WA002,101,3117A-3123A-9999A-9999E,37,1012509412,300957639,1,10015689,
WA017,310015,WA002,101,3117A-3123A-9999A-9999E,37,1012509412,300957640,1,10015689,
WA017,310015,WA002,101,3117A-3123A-9999A-9999E,37,1012509412,300957666,1,10015689,
WA017,310015,WA002,101,3117A-3123A-9999A-9999E,37,1012509413,300957667,1,10015689,
WA017,310015,WA002,101,3117A-3123A-9999A-9999E,37,1012509413,300957669,1,10015690,
WA017,310015,WA002,101,3117A-3123A-9999A-9999E,37,1012509413,300957674,1,10015690,
WA017,310015,WA002,101,3117A-3123A-9999A-9999E,37,1012509413,300957675,1,10015690,
WA017,310015,WA002,101,3117A-3123A-9999A-9999E,37,1012509413,300957676,1,10015690,
WA017,310015,WA002,101,3117A-3123A-9999A-9999E,37,1012509413,300957680,1,10015690,
WA017,310015,WA002,101,3117A-3123A-9999A-9999E,37,1012509413,300957682,1,10015690,
WA017,310015,WA002,101,3117A-3123A-9999A-9999E,37,1012509413,300957685,1,10015690,
WA017,310015,WA002,101,3117A-3123A-9999A-9999E,37,1012509414,300957688,1,10015690,
WA017,310015,WA002,101,3117A-3123A-9999A-9999E,37,1012509414,300957689,1,10015690,
WA017,310015,WA002,101,3117A-3123A-9999A-9999E,37,1012509414,300957690,1,10015690,
WA017,310015,WA002,101,3117A-3123A-9999A-9999E,37,1012509414,300957736,1,10015690,
WA017,310015,WA002,101,3117A-3123A-9999A-9999E,37,1012509414,300957737,1,10015690,
WA017,310015,WA002,101,3117A-3123A-9999A-9999E,37,1012509414,300957738,1,10015690,
WA017,310015,WA002,101,3117A-3123A-9999A-9999E,37,1012509414,300957753,1,10015690,
WA017,310015,WA002,101,3117A-3123A-9999A-9999E,37,1012509414,300957755,1,10015690,
WA017,310015,WA002,101,3117A-3123A-9999A-9999E,37,1012509416,300957839,1,10015709,
WA017,310015,WA002,101,3117A-3123A-9999A-9999E,37,1012509416,300957840,1,10015709,
WA017,310015,WA002,101,3117A-3123A-9999A-9999E,37,1012509416,300957922,1,10015709,
WA017,310015,WA002,101,3117A-3123A-9999A-9999E,37,1012509416,300957923,1,10015709,
WA017,310015,WA002,101,3117A-3123A-9999A-9999E,37,1012509416,300957924,1,10015709,
WA017,310015,WA002,101,3117A-3123A-9999A-9999E,37,1012509416,300957925,1,10015709,
WA017,310015,WA002,101,3117A-3123A-9999A-9999E,37,1012509416,300957926,1,10015709,
WA017,310015,WA002,101,3117A-3123A-9999A-9999E,37,1012509416,300957927,1,10015710,
WA017,310015,WA002,101,3117A-3123A-9999A-9999E,36,1012509501,300958034,1,10015710,
WA017,310015,WA002,101,3117A-3123A-9999A-9999E,36,1012509501,300958116,1,10015710,
WA017,310015,WA002,101,3117A-3123A-9999A-9999E,36,1012509501,300958117,1,10015710,
WA017,310015,WA002,101,3117A-3123A-9999A-9999E,36,1012509501,300958118,1,10015710,
WA017,310015,WA002,101,3117A-3123A-9999A-9999E,36,1012509501,300958119,1,10015710,
WA017,310015,WA002,101,3117A-3123A-9999A-9999E,36,1012509501,300958120,1,10015710,
WA017,310015,WA002,101,3117A-3123A-9999A-9999E,36,1012509501,300958147,1,10015710,
WA017,310015,WA002,101,3117A-3123A-9999A-9999E,36,1012509501,300958148,1,10015710,
WA017,310015,WA002,101,3117A-3123A-9999A-9999E,36,1012509502,300958149,1,10015710,
WA017,310015,WA002,101,3117A-3123A-9999A-9999E,36,1012509502,300958226,1,10015710,
WA017,310015,WA002,101,3117A-3123A-9999A-9999E,36,1012509502,300958227,1,10015710,
WA017,310015,WA002,101,3117A-3123A-9999A-9999E,36,1012509502,300958228,1,10015710,
WA017,310015,WA002,101,3117A-3123A-9999A-9999E,36,1012509502,300958231,1,10015710,
WA017,310015,WA002,101,3117A-3123A-9999A-9999E,36,1012509502,300958232,1,10015710,
WA017,310015,WA002,101,3117A-3123A-9999A-9999E,36,1012509502,300958234,1,"",
WA018,310015,WA002,101,3117A-3123A-9999A-9999E,69,1012506206,300912309,1,"",
WA018,310015,WA002,101,3117A-3123A-9999A-9999E,69,1012506206,300912310,1,"",
WA018,310015,WA002,101,3117A-3123A-9999A-9999E,69,1012506206,300912371,1,"",
WA018,310015,WA002,101,3117A-3123A-9999A-9999E,69,1012506206,300912372,1,"",
WA018,310015,WA002,101,3117A-3123A-9999A-9999E,69,1012506206,300912373,1,"",
WA018,310015,WA002,101,3117A-3123A-9999A-9999E,69,1012506206,300912398,1,"",
WA018,310015,WA002,101,3117A-3123A-9999A-9999E,69,1012506206,300912399,0,"",
WA018,310015,WA002,101,3117A-3123A-9999A-9999E,69,1012506207,300912435,1,"",
WA018,310015,WA002,101,3117A-3123A-9999A-9999E,69,1012506207,300912436,1,"",
WA018,310015,WA002,101,3117A-3123A-9999A-9999E,69,1012506207,300912447,1,"",
WA018,310015,WA002,101,3117A-3123A-9999A-9999E,69,1012506207,300912485,1,"",
WA018,310015,WA002,101,3117A-3123A-9999A-9999E,69,1012506207,300912486,1,"",
WA018,310015,WA002,101,3117A-3123A-9999A-9999E,69,1012506207,300912511,1,"",
WA018,310015,WA002,101,3117A-3123A-9999A-9999E,69,1012506207,300912512,1,"",
WA018,310015,WA002,101,3117A-3123A-9999A-9999E,69,1012506208,300912513,1,"",
WA018,310015,WA002,101,3117A-3123A-9999A-9999E,69,1012506208,300912525,1,"",
WA018,310018,WA001,102,9999A,118,1002501303,300843709,1,"",
WA018,310018,WA001,102,9999A,118,1002501303,300843712,0,"",
